accessionNumber,filingDate,reportDate,acceptanceDateTime,act,form,fileNumber,filmNumber,items,core_type,size,isXBRL,isInlineXBRL,isXBRLNumeric,primaryDocument,primaryDocDescription
0000898080-94-000004,1994-01-13,,1994-01-13T05:00:00.000Z,,POS AMC,070-08062,94501249,,POS AMC,45151,0,0,,,POST-EFFECTIVE AMENDMENT NO. 3
0000898080-94-000007,1994-01-20,,1994-01-20T05:00:00.000Z,,POS AMC,070-08062,94501978,,POS AMC,42078,0,0,,,POST-EFFECTIVE AMENDMENT NO. 4
0000898080-94-000008,1994-01-21,,1994-01-21T05:00:00.000Z,,POS AMC,070-08062,94502275,,POS AMC,40726,0,0,,,POST-EFFECTIVE AMENDMENT NO. 5
0000898080-94-000009,1994-01-24,,1994-01-24T05:00:00.000Z,,POS AMC,070-08062,94502291,,POS AMC,40726,0,0,,,POST-EFFECTIVE AMENDMENT NO. 5
0000898080-94-000010,1994-01-24,,1994-01-24T05:00:00.000Z,,POS AMC,070-08062,94502362,,POS AMC,41222,0,0,,,POST-EFFECTIVE AMENDMENT NO. 6
0000898080-94-000013,1994-02-01,,1994-02-01T05:00:00.000Z,,U-12-IB,012-00001,94503967,,U-12-IB,5163,0,0,,,FORM U-12-IB
0000064782-94-000088,1994-02-10,,1994-02-10T05:00:00.000Z,,SC 13G/A,005-42665,94505656,,SC 13G/A,14720,0,0,,,NORTHEAST UTILITIES SCHEDULE 13G
0000072741-94-000003,1994-02-18,,1994-02-18T05:00:00.000Z,,35-CERT,070-07111,94510637,,35-CERT,61566,0,0,,,COVER MEMO AND TEXT
0000072741-94-000007,1994-02-25,,1994-02-25T05:00:00.000Z,,35-CERT,070-08062,94512891,,35-CERT,13841,0,0,,,NU/COE COMBINED COVER AND TEXT
0000898080-94-000014,1994-03-07,,1994-03-07T05:00:00.000Z,,POS AMC,070-08062,94514816,,POS AMC,20915,0,0,,,POST EFFECTIVE AMENDMENT NO. 7
0000072741-94-000027,1994-03-25,1993-12-31,1994-03-25T05:00:00.000Z,,10-K,001-05324,94517971,,10-K,4477029,0,0,,,"1993 10-K FOR NU, CL&P, PSNH, WMECO AND NAEC"
0000950109-94-000583,1994-03-30,1994-05-24,1994-03-30T05:00:00.000Z,,DEF 14A,001-05324,94519301,,DEF 14A,67152,0,0,,,NOTICE AND PROXY
0000072741-94-000029,1994-03-31,1993-12-31,1994-03-31T05:00:00.000Z,,10-K/A,001-05324,94519899,,10-K/A,684354,0,0,,,"1993 10-K/A NO.1 FOR NU, CL&P, PSNH, WMECO AND NAEC"
0000072741-94-000031,1994-04-27,,1994-04-27T04:00:00.000Z,,POS AMC,070-07701,94524720,,U-1/A,17353,0,0,,,NU POST-EFF AMEND #1 (AMEND #3) DOCUMENT
0000072741-94-000033,1994-04-29,1993-12-31,1994-04-29T04:00:00.000Z,,U5S,001-05324,94525213,,U5S,639769,0,0,,,
0000072741-94-000035,1994-05-02,,1994-05-02T04:00:00.000Z,,35-CERT,070-07111,94525670,,35-CERT,64430,0,0,,,CERTIFICATES OF PARTIAL CONSUMMATIONS
0000072741-94-000037,1994-05-10,1994-03-31,1994-05-10T04:00:00.000Z,,10-Q,001-05324,94526995,,10-Q,57264,0,0,,,
0000072741-94-000039,1994-05-13,,1994-05-13T04:00:00.000Z,,35-CERT,070-08076,94528217,,35-CERT,10949,0,0,,,"HEC, INC. QTRYLY RPT FILING UNDER RULE 24 OF 35 ACT"
0000072741-94-000041,1994-05-27,,1994-05-27T04:00:00.000Z,,35-CERT,070-08062,94531103,,35-CERT,13875,0,0,,,"COE, INC. QTRYLY RPT FILING UNDER RULE 24 OF 35 ACT"
0000072741-94-000044,1994-06-28,1993-12-31,1994-06-28T04:00:00.000Z,,11-K,001-05324,94536221,,11-K,5234,0,0,,,11-K FOR NUSCO SUPP. RETIRE. & SAVINGS PLAN
0000898080-94-000045,1994-07-01,,1994-07-01T04:00:00.000Z,,POS AMC,070-08062,94537624,,POS AMC,11282,0,0,,,POST EFFECTIVE AMENDMENT NO. 8
0000072741-94-000046,1994-07-15,,1994-07-15T04:00:00.000Z,,POS AMC,070-07701,94539102,,POS AMC,103351,0,0,,,NU POST-EFFECTIVE AMENDMENT #2
0000072741-94-000049,1994-07-27,,1994-07-27T04:00:00.000Z,,POS AMC,070-07701,94540262,,POS AMC,5835,0,0,,,NU POST-EFFECTIVE AMENDMENT #3
0000072741-94-000051,1994-07-28,,1994-07-28T04:00:00.000Z,,POS AMC,070-07701,94540594,,POS AMC,6215,0,0,,,NU POST-EFFECTIVE AMENDMENT #4
0000072741-94-000052,1994-07-28,,1994-07-28T04:00:00.000Z,,35-CERT,070-07111,94540602,,35-CERT,63713,0,0,,,CERTIFICATES OF PARTIAL CONSUMMATIONS
0000906602-94-000045,1994-07-29,,1994-07-29T04:00:00.000Z,,POS AMC,070-08048,94540915,,POS AMC,59083,0,0,,,POST-EFFECTIVE AMENDMENT NO. 3
0000072741-94-000057,1994-08-04,,1994-08-04T04:00:00.000Z,,S-3DPOS,033-34622,94541733,,S-3DPOS,76077,0,0,,,S-3 POST-EFFECTIVE AMENDMENT 1
0000072741-94-000058,1994-08-08,,1994-08-08T04:00:00.000Z,,35-CERT,070-08076,94542214,,35-CERT,11251,0,0,,,"HEC, INC. QTRYLY RPT FILING UNDER RULE 24 OF 35 ACT"
0000072741-94-000060,1994-08-12,1994-06-30,1994-08-12T04:00:00.000Z,,10-Q,001-05324,94543241,,10-Q,70165,0,0,,,
0000072741-94-000062,1994-08-17,,1994-08-17T04:00:00.000Z,,35-CERT,070-08062,94544761,,35-CERT,13026,0,0,,,"COE, INC. QTRYLY RPT FILING UNDER RULE 24 OF 35 ACT"
0000898080-94-000061,1994-08-31,,1994-08-31T04:00:00.000Z,,POS AMC,070-08062,94547342,,POS AMC,11299,0,0,,,POST EFFECTIVE AMENDMENT NO. 9
0000898080-94-000062,1994-08-31,,1994-08-31T04:00:00.000Z,,POS AMC,070-08062,94547436,,POS AMC,34418,0,0,,,POST EFFECTIVE AMENDMENT NO. 10
0000898080-94-000068,1994-09-27,,1994-09-27T04:00:00.000Z,,POS AMC,070-08062,94550412,,POS AMC,33900,0,0,,,
0000906602-94-000050,1994-10-03,,1994-10-03T04:00:00.000Z,,U-1,070-08479,94551219,,U-1,589655,0,0,,,U-1 FILING
0000906602-94-000051,1994-10-03,,1994-10-03T04:00:00.000Z,,U-1,070-08481,94551220,,U-1,3283,0,0,,,COVER LETTER FOR U-1 FILING
0000906602-94-000055,1994-10-05,,1994-10-05T04:00:00.000Z,,U-1/A,070-08479,94551750,,U-1/A,9143,0,0,,,AMENDMENT COVER LETTER
0000898080-94-000076,1994-10-27,,1994-10-27T04:00:00.000Z,,U-1,070-08507,94555374,,U-1,132398,0,0,,,APPLICATION ON FORM U-1
0000072741-94-000071,1994-11-09,,1994-11-09T05:00:00.000Z,,35-CERT,070-07111,94558300,,35-CERT,61307,0,0,,,CERTIFICATES OF PARTIAL CONSUMMATIONS
0000072741-94-000073,1994-11-10,1994-09-30,1994-11-10T05:00:00.000Z,,10-Q,001-05324,94558797,,10-Q,67238,0,0,,,
0000072741-94-000075,1994-11-14,,1994-11-14T05:00:00.000Z,,35-CERT,070-08076,94560112,,35-CERT,11367,0,0,,,"HEC, INC. QTRYLY RPT FILING UNDER RULE 24 OF 35 ACT"
0000072741-94-000079,1994-11-22,,1994-11-22T05:00:00.000Z,,35-CERT,070-08062,94561540,,35-CERT,12625,0,0,,,"COE, INC. QTRYLY RPT FILING UNDER RULE 24 OF 35 ACT"
0000906602-94-000062,1994-12-08,,1994-12-08T05:00:00.000Z,,U-1/A,070-08479,94563896,,U-1/A,104894,0,0,,,AMENDMENT NO. 2 TO FORM U-1
0000898080-94-000083,1994-12-27,,1994-12-27T05:00:00.000Z,,U-1/A,070-08507,94566234,,U-1/A,79155,0,0,,,PRE-EFFECTIVE AMENDMENT NO. 1
0000898080-94-000085,1994-12-28,,1994-12-28T05:00:00.000Z,,U-1/A,070-08507,94566486,,U-1/A,71560,0,0,,,PRE-EFFECTIVE AMENDMENT NO. 2
0000072741-95-000005,1995-01-11,1994-12-31,1995-01-11T05:00:00.000Z,,8-K,001-05324,95500930,5,8-K,6449,0,0,,,FORM 8-K FOR NORTHEAST UTILITIES
0000064782-95-000089,1995-02-02,,1995-02-02T05:00:00.000Z,,SC 13G/A,005-42665,95504698,,SC 13G/A,14761,0,0,,,NORTHEAST UTILITIES 13G/A
0000072741-95-000010,1995-02-09,,1995-02-09T05:00:00.000Z,,35-CERT,070-07353,95507298,,35-CERT,3318,0,0,,,
0000072741-95-000011,1995-02-09,,1995-02-09T05:00:00.000Z,,35-CERT,070-07353,95507302,,35-CERT,61446,0,0,,,
0000009749-95-000043,1995-02-16,,1995-02-16T05:00:00.000Z,,SC 13G,005-42665,95511817,,SC 13G,11089,0,0,,,NORTHEAST UTILITIES INC.
0000898080-95-000006,1995-02-22,,1995-02-22T05:00:00.000Z,,U-12-IB,012-00001,95514179,,U-12-IB,5275,0,0,,,
0000072741-95-000013,1995-02-28,,1995-02-28T05:00:00.000Z,,35-CERT,070-08062,95517119,,35-CERT,13321,0,0,,,"COE, INC. QTRYLY RPT FILING UNDER RULE 24 OF 35 ACT"
0000072741-95-000015,1995-03-13,,1995-03-13T05:00:00.000Z,,POS AMC,070-07701,95520365,,POS AMC,13696,0,0,,,"COVER LETTER, DOCUMENT AND EXHIBIT G.1"
0000072741-95-000017,1995-03-27,1994-12-31,1995-03-27T05:00:00.000Z,,10-K,001-05324,95523253,,10-K,1548756,0,0,,,MAIN 10-K DOCUMENT
0000072741-95-000018,1995-03-29,,1995-03-29T05:00:00.000Z,,POS AMC,070-08076,95524153,,POS AMC,27523,0,0,,,HEC U-1/A AMENDMENT #9 - DOCUMENT
0000950109-95-001014,1995-03-30,1995-05-23,1995-03-30T05:00:00.000Z,,DEF 14A,001-05324,95525293,,DEF 14A,69846,0,0,,,NOTICE AND PROXY STATMENT
0000009749-95-000082,1995-04-13,,1995-04-13T04:00:00.000Z,,SC 13G/A,005-42665,95528638,,SC 13G/A,8999,0,0,,,
0000072741-95-000020,1995-04-20,,1995-04-20T04:00:00.000Z,,POS AMC,070-07701,95529924,,POS AMC,7157,0,0,,,NU POST-EFFECTIVE AMENDMENT #5
0000072741-95-000022,1995-04-28,1994-12-31,1995-04-28T04:00:00.000Z,,U5S,001-05324,95532875,,U5S,568777,0,0,,,
0000072741-95-000024,1995-05-01,1995-03-31,1995-05-01T04:00:00.000Z,,10-Q,001-05324,95533439,,10-Q,49493,0,0,,,
0000072741-95-000027,1995-05-12,,1995-05-12T04:00:00.000Z,,35-CERT,070-07111,95537212,,35-CERT,58991,0,0,,,CERTIFICATES OF PARTIAL CONSUMMATIONS
0000072741-95-000028,1995-05-12,,1995-05-12T04:00:00.000Z,,35-CERT,070-08076,95537218,,35-CERT,11156,0,0,,,"HEC, INC. QTRYLY RPT FILING UNDER RULE 24 OF 35 ACT"
0000072741-95-000030,1995-05-26,,1995-05-26T04:00:00.000Z,,35-CERT,070-08507,95542721,,35-CERT,16424,0,0,,,"COE, INC. QTRYLY RPT FILING UNDER RULE 24 OF 35 ACT"
0000898080-95-000028,1995-06-06,,1995-06-06T04:00:00.000Z,,POS AMC,070-08507,95545290,,POS AMC,111038,0,0,,,POST EFFECTIVE AMENDMENT
0000072741-95-000032,1995-06-29,1994-12-31,1995-06-29T04:00:00.000Z,,11-K,001-05324,95550486,,11-K,5269,0,0,,,11-K FOR NUSCO SUPP. RETIRE. & SAVINGS PLAN
0000072741-95-000034,1995-07-13,,1995-07-13T04:00:00.000Z,,POS AMC,070-08080,95553713,,POS AMC,16398,0,0,,,NU POST-EFFECTIVE AMENDMENT #1
0000072741-95-000036,1995-07-17,,1995-07-17T04:00:00.000Z,,POS AMC,070-08076,95554325,,POS AMC,70576,0,0,,,HEC POST-EFFECTIVE AMENDMENT #2
0000072741-95-000039,1995-08-11,,1995-08-11T04:00:00.000Z,,35-CERT,070-08076,95561604,,35-CERT,11151,0,0,,,HEC INC. QTRYLY RPT FILING UNDER RULE 24 OF 35 ACT
0000072741-95-000043,1995-08-14,1995-06-30,1995-08-14T04:00:00.000Z,,10-Q,001-05324,95562496,,10-Q,62618,0,0,,,
0000072741-95-000045,1995-08-17,,1995-08-17T04:00:00.000Z,,35-CERT,070-07111,95564846,,35-CERT,58710,0,0,,,RULE 24 CERT
0000072741-95-000047,1995-08-28,,1995-08-28T04:00:00.000Z,,35-CERT,070-08507,95567496,,35-CERT,16610,0,0,,,"COE, INC. QTRYLY RPT FILING UNDER RULE 24 OF 35 ACT"
0000072741-95-000049,1995-09-26,,1995-09-26T04:00:00.000Z,,POS AMC,070-08052,95576159,,POS AMC,13448,0,0,,,POST-EFFECTIVE AMENDMENT #1
0000072741-95-000053,1995-09-28,,1995-09-28T04:00:00.000Z,,S-8,033-63023,95576932,,S-8,11111,0,0,,,S-8 - NORTHEAST UTILITIES
0000072741-95-000055,1995-10-20,,1995-10-20T04:00:00.000Z,,POS AMC,070-08052,95582880,,POS AMC,8541,0,0,,,POST-EFFECTIVE AMENDMENT #2
0000072741-95-000057,1995-11-09,,1995-11-09T05:00:00.000Z,,POS AMC,070-07883,95589079,,POS AMC,43507,0,0,,,POST-EFFECTIVE AMENDMENT #1
0000072741-95-000059,1995-11-14,,1995-11-14T05:00:00.000Z,,35-CERT,070-08076,95591388,,35-CERT,8461,0,0,,,HEC INC. QTRYLY RPT FILING UNDER RULE 24 OF 35 ACT
0000072741-95-000062,1995-11-14,1995-09-30,1995-11-14T05:00:00.000Z,,10-Q,001-05324,95592044,,10-Q,60433,0,0,,,
0000072741-95-000064,1995-11-14,,1995-11-14T05:00:00.000Z,,35-CERT,070-07111,95592363,,35-CERT,57331,0,0,,,CERTIFICATES OF PARTIAL CONSUMMATIONS
0000072741-95-000069,1995-11-29,,1995-11-29T05:00:00.000Z,,35-CERT,070-08507,95597512,,35-CERT,20128,0,0,,,"COE, INC. QTRYLY RPT FILING UNDER RULE 24 OF 35 ACT"
0000898080-95-000080,1995-12-05,,1995-12-05T05:00:00.000Z,,U-57,073-00002,95599229,,U-57,5690,0,0,,,FORM U-57
0000072741-95-000071,1995-12-20,,1995-12-20T05:00:00.000Z,,POS AMC,070-07883,95602831,,POS AMC,9355,0,0,,,POST-EFFECTIVE AMENDMENT #2
0000950128-96-000060,1996-01-25,,1996-01-25T05:00:00.000Z,,SC 13G/A,005-42665,96506860,,SC 13G/A,14782,0,0,,,NORTHEAST UTILITIES (MELLON)
0000898080-96-000002,1996-01-26,,1996-01-26T05:00:00.000Z,,U-57,073-00002,96507498,,U-57,5893,0,0,,,
0000072741-96-000029,1996-01-31,1996-01-31,1996-01-31T05:00:00.000Z,,8-K,001-05324,96509190,5,8-K,7105,0,0,,,FORM 8-K FOR NORTHEAST UTILITIES
0000766524-96-000161,1996-02-07,,1996-02-07T05:00:00.000Z,,SC 13G,005-42665,96512243,,SC 13G,19265,0,0,,,5% MONTHLY HOLDINGS REPORT
0000009749-96-000088,1996-02-14,,1996-02-14T22:07:42.000Z,,SC 13G/A,005-42665,96520281,,SC 13G,11132,0,0,,,
0000072741-96-000031,1996-02-15,,1996-02-15T05:00:00.000Z,,35-CERT,070-07111,96522082,,35-CERT,54787,0,0,,,CERTIFICATES OF PARTIAL CONSUMMATIONS
0000072741-96-000032,1996-02-16,,1996-02-16T05:00:00.000Z,,35-CERT,070-08076,96522904,,35-CERT,3209,0,0,,,FILING UNDER RULE 24
0000072741-96-000034,1996-03-01,,1996-03-01T05:00:00.000Z,,35-CERT,070-08507,96530067,,35-CERT,20684,0,0,,,"COE, INC. QTRYLY RPT FILING UNDER RULE 24 OF 35 ACT"
0000072741-96-000049,1996-03-14,1995-12-31,1996-03-14T05:00:00.000Z,,10-K,001-05324,96534650,,10-K,1560277,0,0,,,NORTHEAST UTILITIES AND SUBS - FORM 10-K
0000072741-96-000050,1996-03-14,1995-12-31,1996-03-14T05:00:00.000Z,,10-K/A,001-05324,96534892,,10-K/A,10993,0,0,,,1995 10-K COVER PREVIOUSLY IN COVER LETTER
0000072741-96-000052,1996-03-27,,1996-03-27T05:00:00.000Z,,U-1,070-08825,96539326,,U-1,50982,0,0,,,FORM U-1 RELATING TO DIVERSIFICATION
0000950109-96-001821,1996-03-28,1996-05-21,1996-03-28T05:00:00.000Z,,DEF 14A,001-05324,96540266,,DEF 14A,61673,0,0,,,NOTICE & PROXY STATEMENT
0000072741-96-000054,1996-04-05,,1996-04-05T05:00:00.000Z,,U-1/A,070-08825,96544663,,U-1/A,107324,0,0,,,PRE-EFFECTIVE AMEND. NO. 1 TO FORM U-1
0000072741-96-000056,1996-04-05,1996-03-30,1996-04-05T05:00:00.000Z,,8-K,001-05324,96544756,5,8-K,10442,0,0,,,FORM 8-K FOR NORTHEAST UTILITIES
0000072741-96-000060,1996-04-15,1996-04-05,1996-04-15T04:00:00.000Z,,8-K,001-05324,96547298,5,8-K,11077,0,0,,,FORM 8-K FOR NORTHEAST UTILITIES
0000072741-96-000088,1996-05-06,1996-03-31,1996-05-06T04:00:00.000Z,,10-Q,001-05324,96556910,,10-Q,86744,0,0,,,
0000072741-96-000091,1996-05-07,,1996-05-07T04:00:00.000Z,,35-CERT,070-08076,96557042,,35-CERT,8455,0,0,,,HEC INC. QTRYLY RPT FILING UNDER RULE 24 OF 35 ACT
0000072741-96-000093,1996-05-07,1995-12-31,1996-05-07T04:00:00.000Z,,U5S,001-05324,96557067,,U5S,606857,0,0,,,
0000072741-96-000096,1996-05-16,,1996-05-16T04:00:00.000Z,,35-CERT,070-07111,96568702,,35-CERT,54369,0,0,,,CERTIFICATES OF PARTIAL CONSUMMATIONS
0000072741-96-000098,1996-05-17,1995-12-31,1996-05-17T04:00:00.000Z,,U5S/A,001-05324,96569195,,U5S/A,13491,0,0,,,
0000072741-96-000100,1996-05-31,,1996-05-31T04:00:00.000Z,,35-CERT,070-08507,96575543,,35-CERT,21632,0,0,,,"COE, INC. QTRYLY RPT FILING UNDER RULE 24 OF 35 ACT"
0000072741-96-000102,1996-06-14,1996-06-03,1996-06-14T04:00:00.000Z,,8-K,001-05324,96581511,5,8-K,12674,0,0,,,FORM 8-K FOR NORTHEAST UTILITIES
0000906602-96-000080,1996-06-19,,1996-06-19T04:00:00.000Z,,U-1,070-08875,96583075,,U-1,1306035,0,0,,,U-1 FILING
0000072741-96-000104,1996-06-20,1996-06-18,1996-06-20T04:00:00.000Z,,8-K,001-05324,96583556,5,8-K,8937,0,0,,,FORM 8-K FOR NORTHEAST UTILITIES
0000072741-96-000106,1996-07-02,,1996-07-02T04:00:00.000Z,,U-1/A,070-08825,96590300,,U-1/A,47082,0,0,,,PRE-EFFECTIVE AMEND. NO. 2 TO FORM U-1
0000072741-96-000108,1996-07-03,1996-06-28,1996-07-03T04:00:00.000Z,,8-K,001-05324,96590955,5,8-K,9837,0,0,,,FORM 8-K FOR NORTHEAST UTILITIES
0000072741-96-000110,1996-07-11,,1996-07-11T04:00:00.000Z,,U-1/A,070-08825,96593602,,U-1/A,5640,0,0,,,PRE-EFFECTIVE AMEND. NO. 3 TO FORM U-1
0000072741-96-000111,1996-07-25,1996-07-22,1996-07-25T04:00:00.000Z,,8-K,001-05324,96599083,5,8-K,10869,0,0,,,FORM 8-K FOR NORTHEAST UTILITIES
0000072741-96-000113,1996-08-06,,1996-08-06T04:00:00.000Z,,U-1,070-08895,96604259,,U-1,82548,0,0,,,FORM U-1
0000072741-96-000121,1996-08-14,,1996-08-14T04:00:00.000Z,,35-CERT,070-07111,96612587,,35-CERT,52949,0,0,,,CERTIFICATES OF PARTIAL CONSUMMATIONS
0000072741-96-000122,1996-08-14,,1996-08-14T04:00:00.000Z,,35-CERT,070-08076,96612594,,35-CERT,8514,0,0,,,HEC INC. QTRYLY RPT FILING UNDER RULE 24 OF 35 ACT
0000072741-96-000126,1996-08-14,1996-06-30,1996-08-14T04:00:00.000Z,,10-Q,001-05324,96613815,,10-Q,78012,0,0,,,
0000072741-96-000132,1996-08-27,,1996-08-27T04:00:00.000Z,,U-1/A,070-08895,96621122,,U-1/A,71489,0,0,,,AMENDMENT NO. 1 TO FORM U-1
0000072741-96-000134,1996-08-29,,1996-08-29T04:00:00.000Z,,35-CERT,070-08507,96623213,,35-CERT,21584,0,0,,,"COE, INC. QTRYLY RPT FILING UNDER RULE 24 OF 35 ACT"
0000898080-96-000131,1996-09-18,,1996-09-18T04:00:00.000Z,,POS AMC,070-08507,96631888,,POS AMC,113522,0,0,,,POST EFFECTIVE AMENDMENT
0000072741-96-000136,1996-09-27,1996-08-19,1996-09-27T04:00:00.000Z,,8-K,001-05324,96636263,5,8-K,16927,0,0,,,FORM 8-K FOR NORTHEAST UTILITIES
0000072741-96-000138,1996-10-04,,1996-10-04T04:00:00.000Z,,POS AMC,070-08825,96639613,,POS AMC,9912,0,0,,,POST-EFFECTIVE AMEND. NO. 1 TO FORM U-1
0000898080-96-000146,1996-10-08,,1996-10-08T04:00:00.000Z,,POS AMC,070-08507,96640796,,POS AMC,9381,0,0,,,POST EFFECTIVE AMENDMENT
0000072741-96-000140,1996-10-09,,1996-10-09T04:00:00.000Z,,POS AMC,070-08825,96641347,,POS AMC,9318,0,0,,,POST-EFFECTIVE AMEND. NO. 2 TO FORM U-1
0000072741-96-000141,1996-10-10,,1996-10-10T04:00:00.000Z,,POS AMC,070-08825,96641958,,POS AMC,9337,0,0,,,POST-EFFECTIVE AMEND. NO. 3 TO FORM U-1
0000906602-96-000141,1996-10-30,,1996-10-30T05:00:00.000Z,,U-1/A,070-08875,96650633,,U-1/A,338209,0,0,,,
0000072741-96-000143,1996-11-08,,1996-11-08T05:00:00.000Z,,U-1/A,070-08895,96657568,,U-1/A,71504,0,0,,,AMENDMENT NO. 2 TO FORM U-1
0000950128-96-000585,1996-11-08,,1996-11-08T05:00:00.000Z,,SC 13G/A,005-42665,96657306,,SC 13G/A,12871,0,0,,,NORTHEAST UTILITIES   (MELLON)
0000898080-96-000184,1996-11-12,,1996-11-12T05:00:00.000Z,,POS AMC,070-08507,96659969,,POS AMC,12226,0,0,,,POST EFFECTIVE AMENDMENT NO.4
0000906602-96-000143,1996-11-12,,1996-11-12T05:00:00.000Z,,U-1,070-08959,96659812,,U-1,32884,0,0,,,U-1 FILING
0000072741-96-000147,1996-11-13,1996-09-30,1996-11-13T05:00:00.000Z,,10-Q,001-05324,96660495,,10-Q,100314,0,0,,,
0000072741-96-000156,1996-11-15,,1996-11-15T05:00:00.000Z,,35-CERT,070-08076,96667809,,35-CERT,8560,0,0,,,HEC INC. QTRYLY RPT FILING UNDER RULE 24 OF 35 ACT
0000072741-96-000157,1996-11-15,,1996-11-15T05:00:00.000Z,,35-CERT,070-07111,96667813,,35-CERT,53149,0,0,,,CERTIFICATES OF PARTIAL CONSUMMATIONS
0000906602-96-000151,1996-11-19,,1996-11-19T05:00:00.000Z,,U-1/A,070-08875,96669343,,U-1/A,351081,0,0,,,
0000072741-96-000158,1996-11-27,,1996-11-27T05:00:00.000Z,,35-CERT,070-08507,96673768,,35-CERT,19541,0,0,,,"COE, INC. QTRYLY RPT FILING UNDER RULE 24 OF 35 ACT"
0000906602-96-000153,1996-11-27,,1996-11-27T05:00:00.000Z,,35-CERT,070-08875,96674186,,35-CERT,7357,0,0,,,
0000898080-96-000198,1996-12-02,,1996-12-02T05:00:00.000Z,,POS AMC,070-08507,96674794,,POS AMC,8874,0,0,,,POST EFFECTIVE AMENDMENT NO. 5
0000906602-96-000156,1996-12-05,,1996-12-05T05:00:00.000Z,,U-1/A,070-08959,96676474,,U-1/A,62182,0,0,,,
0000072741-96-000160,1996-12-19,1996-11-25,1996-12-19T05:00:00.000Z,,8-K,001-05324,96683231,5,8-K,13779,0,0,,,FORM 8-K FOR NORTHEAST UTILITIES
0000898080-97-000010,1997-01-16,,1997-01-16T05:00:00.000Z,,U-57/A,073-00002,97506889,,U-57/A,6434,0,0,,,
0000072741-97-000002,1997-01-17,1997-01-17,1997-01-17T05:00:00.000Z,,8-K,001-05324,97507614,5,8-K,9155,0,0,,,FORM 8-K FOR NORTHEAST UTILITIES
0000072741-97-000004,1997-01-21,1997-01-20,1997-01-21T05:00:00.000Z,,8-K,001-05324,97507782,5,8-K,8114,0,0,,,FORM 8-K FOR NORTHEAST UTILITIES
0000898080-97-000027,1997-01-27,,1997-01-27T05:00:00.000Z,,POS AMC,070-08507,97511102,,POS AMC,12292,0,0,,,POST EFFECTIVE AMENDMENT NO. 6
0000072741-97-000007,1997-01-28,,1997-01-28T05:00:00.000Z,,POS AMC,070-08875,97512417,,POS AMC,5941,0,0,,,POST-EFFECTIVE AMEND #3 TO FORM U-1
0000766524-97-000187,1997-01-30,,1997-01-30T05:00:00.000Z,,SC 13G/A,005-42665,97514164,,SC 13G/A,20495,0,0,,,5% MONTHLY HOLDINGS
0000898080-97-000038,1997-02-03,,1997-02-03T05:00:00.000Z,,POS AMC,070-08507,97516537,,POS AMC,12030,0,0,,,POST EFFECTIVE AMENDMENT NO. 7
0000072741-97-000026,1997-02-07,,1997-02-07T05:00:00.000Z,,3,001-05324,97520886,,3,3833,0,0,,,FORM 3 FILING
0000315066-97-000846,1997-02-12,,1997-02-12T05:00:00.000Z,,SC 13G,005-42665,97526369,,SC 13G,9632,0,0,,,SCHEDULE 13G -02-14-97 - NORTHEAST UTILITIES
0000896415-97-000040,1997-02-13,,1997-02-13T05:00:00.000Z,,SC 13G,005-42665,97530390,,SC 13G,9405,0,0,,,SCHEDULE 13G
0000906602-97-000024,1997-02-21,,1997-02-21T05:00:00.000Z,,U-1/A,070-08959,97541158,,U-1/A,67163,0,0,,,
0000072741-97-000028,1997-02-24,,1997-02-24T05:00:00.000Z,,35-CERT,070-07111,97542067,,35-CERT,55259,0,0,,,CERTIFICATES OF PARTIAL CONSUMMATIONS
0000072741-97-000030,1997-02-25,1997-02-20,1997-02-25T05:00:00.000Z,,8-K,001-05324,97542790,5,8-K,4296,0,0,,,FORM 8-K FOR NORTHEAST UTILITIES
0000072741-97-000032,1997-03-03,1997-02-28,1997-03-03T05:00:00.000Z,,8-K,001-05324,97549744,5,8-K,6900,0,0,,,FORM 8-K FOR NORTHEAST UTILITIES
0000315066-97-001352,1997-03-10,,1997-03-10T05:00:00.000Z,,SC 13G/A,005-42665,97553458,,SC 13G/A,10317,0,0,,,SCHEDULE 13G -3-10-97 - NORTHEAST UTILITIES SYSTEM
0000072741-97-000034,1997-03-18,,1997-03-18T05:00:00.000Z,,35-CERT,070-08507,97558722,,35-CERT,25545,0,0,,,"COE, INC. QTRYLY RPT FILING UNDER RULE 24 OF 35 ACT"
0000072741-97-000054,1997-03-25,1996-12-31,1997-03-25T05:00:00.000Z,,10-K,001-05324,97562382,,10-K,4499990,0,0,,,
0000072741-97-000055,1997-03-27,1997-03-19,1997-03-27T05:00:00.000Z,,8-K,001-05324,97565803,5,8-K,6783,0,0,,,FORM 8-K FOR NORTHEAST UTILITIES
0000072741-97-000057,1997-03-31,,1997-03-31T05:00:00.000Z,,35-CERT,070-08825,97571158,,35-CERT,33504,0,0,,,NU QTRYLY RPT FILING UNDER RULE 24 OF 35 ACT
0000072741-97-000059,1997-04-21,1997-04-11,1997-04-21T04:00:00.000Z,,8-K,001-05324,97584257,5,8-K,7569,0,0,,,FORM 8-K FOR NORTHEAST UTILITIES
0000906602-97-000075,1997-04-24,,1997-04-24T04:00:00.000Z,,U-1/A,070-08875,97586541,,U-1/A,142298,0,0,,,U-1 AMENDMENT FILING
0000906602-97-000079,1997-04-24,,1997-04-24T04:00:00.000Z,,U-1/A,070-08959,97586703,,U-1/A,132153,0,0,,,
0000906602-97-000086,1997-04-25,,1997-04-25T04:00:00.000Z,,U-1,070-09045,97587840,,U-1,38387,0,0,,,U-1  FILING
0000950109-97-003323,1997-04-29,1997-06-17,1997-04-29T04:00:00.000Z,,DEF 14A,001-05324,97589862,,DEF 14A,78297,0,0,,,N & P STATEMENT
0000072741-97-000073,1997-05-01,1996-12-31,1997-05-01T04:00:00.000Z,,U5S,001-05324,97593062,,U5S,903861,0,0,,,
0000072741-97-000074,1997-05-01,,1997-05-01T04:00:00.000Z,,U-1/A,070-08895,97593423,,U-1/A,70852,0,0,,,AMENDMENT NO. 3 TO FORM U-1
0000072741-97-000079,1997-05-14,1997-03-31,1997-05-14T04:00:00.000Z,,10-Q,001-05324,97603674,,10-Q,73606,0,0,,,
0000072741-97-000085,1997-05-16,,1997-05-16T04:00:00.000Z,,POS AMC,070-08875,97610830,,POS AMC,273540,0,0,,,POST-EFF. AMENDMENT NO. 3 TO FORM U-1
0000072741-97-000086,1997-05-21,,1997-05-21T04:00:00.000Z,,35-CERT,070-08076,97612408,,35-CERT,8527,0,0,,,HEC INC. QTRYLY RPT FILING UNDER RULE 24 OF 35 ACT
0000072741-97-000087,1997-05-21,,1997-05-21T04:00:00.000Z,,35-CERT,070-07111,97612423,,35-CERT,57161,0,0,,,CERTIFICATES OF PARTIAL CONSUMMATIONS
0000906602-97-000096,1997-05-27,,1997-05-27T04:00:00.000Z,,U-1/A,070-08875,97614569,,U-1/A,77816,0,0,,,U-1 AMENDMENT FILING
0000906602-97-000098,1997-05-28,,1997-05-28T04:00:00.000Z,,U-1/A,070-08875,97615404,,U-1/A,24175,0,0,,,U-1 AMENDMENT FILING
0000072741-97-000088,1997-05-30,,1997-05-30T04:00:00.000Z,,35-CERT,070-08825,97617290,,35-CERT,10779,0,0,,,NU QTRYLY RPT FILING UNDER RULE 24 OF 35 ACT
0000906602-97-000100,1997-05-30,,1997-05-30T04:00:00.000Z,,U-1/A,070-08875,97617384,,U-1/A,464612,0,0,,,U-1 AMENDMENT FILING
0000072741-97-000089,1997-06-02,,1997-06-02T04:00:00.000Z,,35-CERT,070-08507,97617920,,35-CERT,29699,0,0,,,"COE, INC. QTRYLY RPT FILING UNDER RULE 24 OF 35 ACT"
0000072741-97-000091,1997-06-09,,1997-06-09T04:00:00.000Z,,U-1/A,070-08895,97621119,,U-1/A,7260,0,0,,,AMENDMENT NO. 4 TO FORM U-1
0000906602-97-000104,1997-06-09,,1997-06-09T04:00:00.000Z,,35-CERT,070-08875,97620981,,35-CERT,7567,0,0,,,RULE 24 CERTIFICATE
0000106170-97-000009,1997-07-02,1997-06-26,1997-07-02T04:00:00.000Z,,8-K,001-05324,97635752,5,8-K,9744,0,0,,,FORM 8-K FOR NORTHEAST UTILITIES
0000072741-97-000093,1997-07-03,,1997-07-03T04:00:00.000Z,,35-CERT,070-08959,97636062,,35-CERT,331670,0,0,,,WMECO CERT. UNDER RULE 24 OF 35 ACT
0000072741-97-000095,1997-07-24,1997-07-22,1997-07-24T04:00:00.000Z,,8-K,001-05324,97645017,5,8-K,10743,0,0,,,FORM 8-K FOR NORTHEAST UTILITIES
0000072741-97-000098,1997-08-13,1997-06-30,1997-08-13T04:00:00.000Z,,10-Q,001-05324,97659589,,10-Q,89317,0,0,,,
0000072741-97-000108,1997-08-18,,1997-08-18T04:00:00.000Z,,35-CERT,070-08076,97665863,,35-CERT,8536,0,0,,,HEC INC. QTRYLY RPT FILING UNDER RULE 24 OF 35 ACT
0000072741-97-000109,1997-08-19,,1997-08-19T04:00:00.000Z,,35-CERT,070-07111,97666547,,35-CERT,58830,0,0,,,CERTIFICATES OF PARTIAL CONSUMMATIONS
0000072741-97-000110,1997-08-21,1997-08-19,1997-08-21T04:00:00.000Z,,8-K,001-05324,97667714,5,8-K,4419,0,0,,,FORM 8-K FOR NORTHEAST UTILITIES
0000906602-97-000132,1997-08-27,,1997-08-27T04:00:00.000Z,,U-1/A,070-09045,97670977,,U-1/A,129714,0,0,,,U-1 AMENDMENT FILING
0000072741-97-000112,1997-08-29,1997-06-30,1997-08-29T04:00:00.000Z,,U-9C-3,074-00011,97672514,,U-9C-3,94102,0,0,,,
0000072741-97-000114,1997-08-29,,1997-08-29T04:00:00.000Z,,U-1,070-09101,97673451,,U-1,17423,0,0,,,FORM U-1
0000072741-97-000115,1997-09-08,,1997-09-08T04:00:00.000Z,,35-CERT,070-08507,97676860,,35-CERT,29469,0,0,,,"COE, INC. QTRYLY RPT FILING UNDER RULE 24 OF 35 ACT"
0000906602-97-000137,1997-09-12,,1997-09-12T04:00:00.000Z,,U-1/A,070-09045,97679715,,U-1/A,40201,0,0,,,U-1 AMENDMENT FILING
0000072741-97-000116,1997-09-16,1997-09-02,1997-09-16T04:00:00.000Z,,8-K,001-05324,97680979,5,8-K,6682,0,0,,,FORM 8-K FOR NORTHEAST UTILITIES
0000906602-97-000154,1997-09-29,,1997-09-29T04:00:00.000Z,,U-1/A,070-09045,97687330,,U-1/A,5852,0,0,,,U-1 AMENDMENT FILING
0000898080-97-000212,1997-10-15,,1997-10-15T04:00:00.000Z,,POS AMC,070-08507,97695807,,POS AMC,125436,0,0,,,POST EFFECTIVE AMENDMENT NO. 8
0000072741-97-000118,1997-10-31,1997-10-13,1997-10-31T05:00:00.000Z,,8-K,001-05324,97706002,5,8-K,8576,0,0,,,FORM 8-K FOR NORTHEAST UTILITIES
0000898080-97-000226,1997-11-03,,1997-11-03T05:00:00.000Z,,U-57/A,073-00002,97706781,,U-57/A,3609,0,0,,,FORM U-57/A
0000906602-97-000176,1997-11-06,,1997-11-06T05:00:00.000Z,,35-CERT,070-09045,97709329,,35-CERT,7120,0,0,,,
0000072741-97-000127,1997-11-12,1997-09-30,1997-11-12T05:00:00.000Z,,10-Q,001-05324,97714164,,10-Q,80343,0,0,,,
0000898080-97-000229,1997-11-12,,1997-11-12T05:00:00.000Z,,POS AMC,070-08507,97713493,,POS AMC,5843,0,0,,,POST EFFECTIVE AMENDMENT NO. 9
0000072741-97-000132,1997-11-18,,1997-11-18T05:00:00.000Z,,35-CERT,070-08076,97723420,,35-CERT,8554,0,0,,,HEC INC. QTRYLY RPT FILING UNDER RULE 24 OF 35 ACT
0000072741-97-000133,1997-11-18,,1997-11-18T05:00:00.000Z,,35-CERT,070-07111,97723607,,35-CERT,58344,0,0,,,CERTIFICATES OF PARTIAL CONSUMMATIONS
0000072741-97-000135,1997-11-21,1997-09-30,1997-11-21T05:00:00.000Z,,U-9C-3,074-00011,97725624,,U-9C-3,34906,0,0,,,
0000072741-97-000137,1997-11-21,,1997-11-21T05:00:00.000Z,,POS AMC,070-08875,97726412,,POS AMC,21943,0,0,,,POST-EFF. AMENDMENT NO. 7 TO FORM U-1
0000072741-97-000138,1997-11-26,1997-11-24,1997-11-26T05:00:00.000Z,,8-K,001-05324,97729314,5,8-K,7309,0,0,,,FORM 8-K FOR NORTHEAST UTILITIES
0000072741-97-000139,1997-11-28,,1997-11-28T05:00:00.000Z,,35-CERT,070-08507,97730273,,35-CERT,27966,0,0,,,"COE, INC. QTRYLY RPT FILING UNDER RULE 24 OF 35 ACT"
0000898080-97-000246,1997-12-11,,1997-12-11T05:00:00.000Z,,POS AMC,070-08507,97736521,,POS AMC,12817,0,0,,,POST EFFECTIVE AMENDMENT NO. 10
0000898080-97-000256,1997-12-22,,1997-12-22T05:00:00.000Z,,POS AMC,070-08507,97742165,,POS AMC,8409,0,0,,,POST EFFECTIVE AMENDMENT NO. 11
0000072741-97-000141,1997-12-23,1997-11-25,1997-12-23T05:00:00.000Z,,8-K,001-05324,97743552,"5,9",8-K,15798,0,0,,,FORM 8-K FOR NORTHEAST UTILITIES
0000072741-97-000144,1997-12-31,,1997-12-31T05:00:00.000Z,,POS AMC,070-08875,97747628,,POS AMC,59234,0,0,,,POST-EFF. AMENDMENT NO. 8 TO FORM U-1
0000898080-98-000003,1998-01-07,,1998-01-07T05:00:00.000Z,,U-57/A,073-00002,98502318,,U-57/A,3594,0,0,,,FORM U-57/A
0000072741-98-000001,1998-01-14,,1998-01-14T05:00:00.000Z,,POS AMC,070-08875,98506528,,POS AMC,8793,0,0,,,POST-EFF. AMENDMENT NO. 9 TO FORM U-1
0000072741-98-000003,1998-01-15,,1998-01-15T05:00:00.000Z,,U-1/A,070-09101,98507724,,U-1/A,14115,0,0,,,AMENDMENT NO. 1 TO FORM U-1
0000766524-98-000268,1998-01-26,,1998-01-26T05:00:00.000Z,,SC 13G/A,005-42665,98512766,,SC 13G/A,20320,0,0,,,MONTHLY 5% HOLDINGS REPORT
0000072741-98-000004,1998-01-27,1997-12-31,1998-01-27T05:00:00.000Z,,8-K,001-05324,98514488,5,8-K,14002,0,0,,,FORM 8-K FOR NORTHEAST UTILITIES
0000072741-98-000033,1998-01-30,,1998-01-30T05:00:00.000Z,,U-12-IB,,,,U-12-IB,5224,0,0,,,
0000072741-98-000034,1998-01-30,,1998-01-30T05:00:00.000Z,,U-12-IB,,,,U-12-IB,5275,0,0,,,
0000072741-98-000035,1998-01-30,,1998-01-30T05:00:00.000Z,,U-12-IB,,,,U-12-IB,5210,0,0,,,
0000072741-98-000036,1998-01-30,,1998-01-30T05:00:00.000Z,,U-12-IB,,,,U-12-IB,5237,0,0,,,
0000072741-98-000037,1998-01-30,,1998-01-30T05:00:00.000Z,,U-12-IB,,,,U-12-IB,5256,0,0,,,
0000072741-98-000038,1998-01-30,,1998-01-30T05:00:00.000Z,,U-12-IB,,,,U-12-IB,5812,0,0,,,
0000072741-98-000039,1998-01-30,,1998-01-30T05:00:00.000Z,,U-12-IB,,,,U-12-IB,5209,0,0,,,
0000072741-98-000040,1998-01-30,,1998-01-30T05:00:00.000Z,,U-12-IB,,,,U-12-IB,5218,0,0,,,
0000072741-98-000041,1998-01-30,,1998-01-30T05:00:00.000Z,,U-12-IB,,,,U-12-IB,5266,0,0,,,
0000072741-98-000042,1998-01-30,,1998-01-30T05:00:00.000Z,,U-12-IB,,,,U-12-IB,5267,0,0,,,
0000072741-98-000043,1998-01-30,,1998-01-30T05:00:00.000Z,,U-12-IB,,,,U-12-IB,5183,0,0,,,
0000072741-98-000044,1998-01-30,,1998-01-30T05:00:00.000Z,,U-12-IB,,,,U-12-IB,5230,0,0,,,
0000072741-98-000045,1998-01-30,,1998-01-30T05:00:00.000Z,,U-12-IB,,,,U-12-IB,5433,0,0,,,
0000072741-98-000046,1998-01-30,,1998-01-30T05:00:00.000Z,,U-12-IB,,,,U-12-IB,5362,0,0,,,
0000072741-98-000047,1998-01-30,,1998-01-30T05:00:00.000Z,,U-12-IB,,,,U-12-IB,5072,0,0,,,
0000072741-98-000048,1998-01-30,,1998-01-30T05:00:00.000Z,,U-12-IB,,,,U-12-IB,5034,0,0,,,
0000072741-98-000049,1998-01-30,,1998-01-30T05:00:00.000Z,,U-12-IB,,,,U-12-IB,5090,0,0,,,
0000072741-98-000050,1998-01-30,,1998-01-30T05:00:00.000Z,,U-12-IB,,,,U-12-IB,5035,0,0,,,
0000072741-98-000051,1998-01-30,,1998-01-30T05:00:00.000Z,,U-12-IB,,,,U-12-IB,5419,0,0,,,
0000072741-98-000052,1998-01-30,,1998-01-30T05:00:00.000Z,,U-12-IB,,,,U-12-IB,5354,0,0,,,
0000072741-98-000053,1998-01-30,,1998-01-30T05:00:00.000Z,,U-12-IB,,,,U-12-IB,5392,0,0,,,
0000072741-98-000054,1998-01-30,,1998-01-30T05:00:00.000Z,,U-12-IB,,,,U-12-IB,5371,0,0,,,
0000898080-98-000009,1998-02-05,,1998-02-05T05:00:00.000Z,,POS AMC,070-08507,98522270,,POS AMC,8793,0,0,,,POST EFFECTIVE AMENDMENT NO. 12
0000896415-98-000039,1998-02-12,,1998-02-12T05:00:00.000Z,,SC 13G/A,005-42665,98533989,,SC 13G/A,9480,0,0,,,SCHEDULE 13G AMENDMENT NO. 1
0000072741-98-000055,1998-02-25,,1998-02-25T05:00:00.000Z,,35-CERT,070-07111,98548639,,35-CERT,55711,0,0,,,CERTIFICATES OF PARTIAL CONSUMMATIONS
0000072741-98-000056,1998-03-03,,1998-03-03T05:00:00.000Z,,35-CERT,070-08507,98556246,,35-CERT,29476,0,0,,,"COE, INC. QTRYLY RPT FILING UNDER RULE 24 OF 35 ACT"
0000072741-98-000058,1998-03-05,,1998-03-05T05:00:00.000Z,,U-1,070-09185,98557697,,U-1,206929,0,0,,,FORM U-1
0000072741-98-000060,1998-03-10,,1998-03-10T05:00:00.000Z,,35-CERT,070-08875,98560615,,35-CERT,184316,0,0,,,CERT. UNDER RULE 24 OF 35 ACT
0000072741-98-000072,1998-03-17,,1998-03-17T05:00:00.000Z,,U-1/A,070-09101,98567527,,U-1/A,3905,0,0,,,AMENDMENT NO. 2 TO FORM U-1
0000072741-98-000076,1998-03-19,1997-12-31,1998-03-19T05:00:00.000Z,,10-K,001-05324,98569115,,10-K,2353254,0,0,,,
0000072741-98-000078,1998-03-25,1997-12-31,1998-03-25T05:00:00.000Z,,U-9C-3,074-00011,98572609,,U-9C-3,26339,0,0,,,
0000072741-98-000080,1998-03-27,,1998-03-27T05:00:00.000Z,,U-1/A,070-09185,98575464,,U-1/A,14986,0,0,,,AMENDMENT NO. 1 TO FORM U-1
0000914039-98-000112,1998-03-27,1998-05-12,1998-03-27T05:00:00.000Z,,DEF 14A,001-05324,98575089,,DEF 14A,215128,0,0,,,DEF 14A
0000072741-98-000083,1998-04-06,1998-03-09,1998-04-06T04:00:00.000Z,,8-K,001-05324,98588361,5,8-K,15210,0,0,,,FORM 8-K FOR NORTHEAST UTILITIES
0000072741-98-000085,1998-04-09,1998-04-08,1998-04-09T04:00:00.000Z,,8-K,001-05324,98590688,5,8-K,4929,0,0,,,FORM 8-K FOR NORTHEAST UTILITIES
0000072741-98-000092,1998-04-22,1998-04-15,1998-04-22T04:00:00.000Z,,8-K,001-05324,98598959,"5,9",8-K,12847,0,0,,,FORM 8-K FOR NORTHEAST UTILITIES
0000072741-98-000098,1998-04-28,,1998-04-28T04:00:00.000Z,,U-1/A,070-09185,98602147,,U-1/A,8816,0,0,,,AMENDMENT NO. 2 TO FORM U-1
0000072741-98-000103,1998-05-01,1996-12-31,1998-05-01T04:00:00.000Z,,U5S,001-05324,98607926,,U5S,895622,0,0,,,
0000072741-98-000104,1998-05-11,,1998-05-11T04:00:00.000Z,,U-6B-2,040-00443,98615579,,U-6B-2,6553,0,0,,,U-6B-2
0000072741-98-000105,1998-05-11,,1998-05-11T04:00:00.000Z,,U-6B-2,040-00443,98616005,,U-6B-2,6121,0,0,,,U-6B-2
0000072741-98-000108,1998-05-12,,1998-05-12T04:00:00.000Z,,S-8,333-52413,98616453,,S-8,15843,0,0,,,S-8 - NORTHEAST UTILITIES INCENTIVE PLAN
0000072741-98-000109,1998-05-12,,1998-05-12T04:00:00.000Z,,S-8,333-52415,98616481,,S-8,15830,0,0,,,S-8 - NORTHEAST UTILITIES EMP. SHARE PURC. PLAN
0000072741-98-000111,1998-05-15,1998-03-31,1998-05-15T04:00:00.000Z,,10-Q,001-05324,98625474,,10-Q,244307,0,0,,,
0000072741-98-000112,1998-05-15,,1998-05-15T04:00:00.000Z,,35-CERT,070-08076,98625755,,35-CERT,8526,0,0,,,HEC INC. QTRYLY RPT FILING UNDER RULE 24 OF 35 ACT
0000072741-98-000113,1998-05-15,,1998-05-15T04:00:00.000Z,,35-CERT,070-07111,98625757,,35-CERT,52950,0,0,,,CERTIFICATES OF PARTIAL CONSUMMATIONS
0000898080-98-000102,1998-05-27,,1998-05-27T04:00:00.000Z,,U-57/A,073-00002,98632121,,U-57/A,3561,0,0,,,FORM U-57/A
0000072741-98-000115,1998-05-28,1998-03-31,1998-05-28T04:00:00.000Z,,U-9C-3,074-00011,98633066,,U-9C-3,33564,0,0,,,
0000072741-98-000116,1998-06-01,,1998-06-01T04:00:00.000Z,,35-CERT,070-08507,98640089,,35-CERT,26297,0,0,,,"COE, INC. QTRYLY RPT FILING UNDER RULE 24 OF 35 ACT"
0000072741-98-000130,1998-06-12,1997-12-31,1998-06-12T04:00:00.000Z,,10-K/A,001-05324,98647034,,10-K/A,795990,0,0,,,
0000072741-98-000132,1998-06-12,1996-12-31,1998-06-12T04:00:00.000Z,,10-K/A,001-05324,98647073,,10-K/A,19673,0,0,,,
0000072741-98-000133,1998-06-12,1996-12-31,1998-06-12T04:00:00.000Z,,U5S/A,001-05324,98647077,,U5S/A,4726,0,0,,,
0000072741-98-000135,1998-06-12,1997-12-31,1998-06-12T04:00:00.000Z,,U5S/A,001-05324,98647519,,U5S/A,15333,0,0,,,
0000072741-98-000140,1998-08-07,,1998-08-07T04:00:00.000Z,,U-1,070-09343,98679384,,U-1,91161,0,0,,,FORM U-1
0000072741-98-000143,1998-08-14,1998-06-30,1998-08-14T04:00:00.000Z,,10-Q,001-05324,98689530,,10-Q,225979,0,0,,,
0000072741-98-000144,1998-08-18,,1998-08-18T04:00:00.000Z,,35-CERT,070-08076,98693571,,35-CERT,8341,0,0,,,HEC INC. QTRYLY RPT FILING UNDER RULE 24 OF 35 ACT
0000072741-98-000145,1998-08-18,,1998-08-18T04:00:00.000Z,,35-CERT,070-07111,98693821,,35-CERT,53835,0,0,,,CERTIFICATES OF PARTIAL CONSUMMATIONS
0000072741-98-000147,1998-08-26,1998-06-30,1998-08-26T04:00:00.000Z,,U-9C-3,074-00011,98697799,,U-9C-3,42970,0,0,,,
0000072741-98-000148,1998-09-01,,1998-09-01T04:00:00.000Z,,35-CERT,070-08507,98702301,,35-CERT,24057,0,0,,,"COE, INC. QTRYLY RPT FILING UNDER RULE 24 OF 35 ACT"
0000072741-98-000151,1998-09-22,1998-09-10,1998-09-22T04:00:00.000Z,,8-K,001-05324,98713032,5,8-K,8405,0,0,,,FORM 8-K FOR NORTHEAST UTILITIES
0000072741-98-000152,1998-09-29,,1998-09-29T04:00:00.000Z,,35-CERT,070-08875,98717651,,35-CERT,13220,0,0,,,CERT. UNDER RULE 24 OF 35 ACT
0000072741-98-000154,1998-10-09,,1998-10-09T04:00:00.000Z,,U-1/A,070-09343,98723642,,U-1/A,47560,0,0,,,AMENDMENT NO. 1 TO FORM U-1
0000072741-98-000156,1998-11-05,,1998-11-05T05:00:00.000Z,,U-1/A,070-09343,98738625,,U-1/A,12979,0,0,,,AMENDMENT NO. 2 TO FORM U-1
0000072741-98-000158,1998-11-13,1998-09-30,1998-11-13T05:00:00.000Z,,10-Q,001-05324,98746521,,10-Q,204302,0,0,,,
0000072741-98-000159,1998-11-13,,1998-11-13T05:00:00.000Z,,35-CERT,070-08076,98749257,,35-CERT,8360,0,0,,,HEC INC. QTRYLY RPT FILING UNDER RULE 24 OF 35 ACT
0000072741-98-000161,1998-11-24,1998-09-30,1998-11-24T05:00:00.000Z,,U-9C-3,074-00011,98758203,,U-9C-3,36060,0,0,,,
0000072741-98-000162,1998-11-27,,1998-11-27T05:00:00.000Z,,35-CERT,070-08507,98760625,,35-CERT,25517,0,0,,,"COE, INC. QTRYLY RPT FILING UNDER RULE 24 OF 35 ACT"
0000072741-98-000163,1998-12-01,,1998-12-01T05:00:00.000Z,,35-CERT,070-07111,98761703,,35-CERT,55486,0,0,,,CERTIFICATES OF PARTIAL CONSUMMATIONS
0000072741-98-000165,1998-12-03,1997-12-31,1998-12-03T05:00:00.000Z,,U5S/A,001-05324,98763462,,U5S/A,22818,0,0,,,
0000072741-98-000166,1998-12-11,,1998-12-11T05:00:00.000Z,,35-CERT,070-09343,98767811,,35-CERT,85952,0,0,,,CERT. UNDER RULE 24 OF 35 ACT
0000072741-99-000001,1999-01-14,,1999-01-14T05:00:00.000Z,,35-CERT,070-09343,99506672,,35-CERT,61663,0,0,,,CERT. UNDER RULE 24 OF 35 ACT
0000072741-99-000026,1999-01-29,,1999-01-29T05:00:00.000Z,,U-12-IB,,,,U-12-IB,5410,0,0,,,
0000072741-99-000027,1999-01-29,,1999-01-29T05:00:00.000Z,,U-12-IB,,,,U-12-IB,5391,0,0,,,
0000072741-99-000029,1999-01-29,,1999-01-29T05:00:00.000Z,,U-12-IA,,,,U-12-IA,4521,0,0,,,
0000072741-99-000030,1999-01-29,,1999-01-29T05:00:00.000Z,,U-12-IB,,,,U-12-IB,5624,0,0,,,
0000072741-99-000031,1999-01-29,,1999-01-29T05:00:00.000Z,,U-12-IB,,,,U-12-IB,5397,0,0,,,
0000072741-99-000032,1999-01-29,,1999-01-29T05:00:00.000Z,,U-12-IB,,,,U-12-IB,5476,0,0,,,
0000072741-99-000033,1999-01-29,1999-01-28,1999-01-29T05:00:00.000Z,,8-K,001-05324,99517216,5,8-K,7362,0,0,,,FORM 8-K FOR NORTHEAST UTILITIES
0000072741-99-000034,1999-01-29,,1999-01-29T05:00:00.000Z,,U-12-IB,,,,U-12-IB,5446,0,0,,,
0000072741-99-000035,1999-01-29,,1999-01-29T05:00:00.000Z,,U-12-IB,,,,U-12-IB,5461,0,0,,,
0000072741-99-000036,1999-01-29,,1999-01-29T05:00:00.000Z,,U-12-IB,,,,U-12-IB,5402,0,0,,,
0000072741-99-000037,1999-01-29,,1999-01-29T05:00:00.000Z,,U-12-IB,,,,U-12-IB,5585,0,0,,,
0000072741-99-000038,1999-01-29,,1999-01-29T05:00:00.000Z,,U-12-IB,,,,U-12-IB,5395,0,0,,,
0000072741-99-000039,1999-01-29,,1999-01-29T05:00:00.000Z,,U-12-IA,,,,U-12-IA,4506,0,0,,,
0000072741-99-000040,1999-01-29,,1999-01-29T05:00:00.000Z,,U-12-IB,,,,U-12-IB,5422,0,0,,,
0000072741-99-000041,1999-01-29,,1999-01-29T05:00:00.000Z,,U-12-IA,,,,U-12-IA,4508,0,0,,,
0000072741-99-000042,1999-01-29,,1999-01-29T05:00:00.000Z,,U-12-IB,,,,U-12-IB,5412,0,0,,,
0000072741-99-000044,1999-02-01,,1999-02-01T05:00:00.000Z,,U-12-IB,,,,U-12-IB,5412,0,0,,,
0000072741-99-000050,1999-02-01,,1999-02-01T05:00:00.000Z,,U-12-IB,012-00041,99518051,,U-12-IB,5607,0,0,,,
0000072741-99-000051,1999-02-01,,1999-02-01T05:00:00.000Z,,U-12-IB,012-00041,99518053,,U-12-IB,5617,0,0,,,
0000072741-99-000052,1999-02-01,,1999-02-01T05:00:00.000Z,,U-12-IB,012-00041,99518054,,U-12-IB,5539,0,0,,,
0000766524-99-000495,1999-02-09,,1999-02-09T05:00:00.000Z,,SC 13G/A,005-42665,99526050,,SC 13G/A,20226,0,0,,,5% MONTHLY HOLDINGS REPORT
0000927016-99-000474,1999-02-10,,1999-02-10T05:00:00.000Z,,SC 13G/A,005-42665,99527656,,SC 13G/A,9736,0,0,,,SCHEDULE 13G/A
0000927016-99-000475,1999-02-10,,1999-02-10T05:00:00.000Z,,SC 13G/A,005-42665,99527659,,SC 13G/A,9751,0,0,,,SCHEDULE 13G/A
0000072741-99-000054,1999-02-11,,1999-02-11T05:00:00.000Z,,35-CERT,070-08875,99532115,,35-CERT,6935,0,0,,,FILING UNDER RULE 24 OF 35 ACT
0000072741-99-000056,1999-02-12,,1999-02-12T05:00:00.000Z,,SC 13G,,,,SC 13G,7954,0,0,,,SCHEDULE 13G
0000072741-99-000057,1999-02-25,1999-02-23,1999-02-25T05:00:00.000Z,,8-K,001-05324,99549387,5,8-K,8429,0,0,,,FORM 8-K FOR NORTHEAST UTILITIES
0000072741-99-000058,1999-03-03,,1999-03-03T05:00:00.000Z,,35-CERT,070-07111,99556387,,35-CERT,59330,0,0,,,CERTIFICATES OF PARTIAL CONSUMMATIONS
0000072741-99-000059,1999-03-04,,1999-03-04T05:00:00.000Z,,POS AMC,070-09343,99556667,,POS AMC,10699,0,0,,,POST-EFF. AMENDMENT TO FORM U-1
0000072741-99-000060,1999-03-04,,1999-03-04T05:00:00.000Z,,POS AMC,070-08875,99556684,,POS AMC,25770,0,0,,,POST-EFF. AMENDMENT TO FORM U-1
0000072741-99-000062,1999-03-04,,1999-03-04T05:00:00.000Z,,U-1,070-09463,99556997,,U-1,168972,0,0,,,FORM U-1
0000072741-99-000063,1999-03-09,,1999-03-09T05:00:00.000Z,,SC 13G/A,,,,SC 13G/A,9324,0,0,,,SCHEDULE 13G
0000072741-99-000064,1999-03-10,,1999-03-10T05:00:00.000Z,,35-CERT,070-08507,99561219,,35-CERT,23419,0,0,,,"COE, INC. QTRYLY RPT FILING UNDER RULE 24 OF 35 ACT"
0000072741-99-000081,1999-03-22,,1999-03-22T05:00:00.000Z,,35-CERT,070-08875,99569901,,35-CERT,27794,0,0,,,CERT. UNDER RULE 24 OF 35 ACT
0000072741-99-000082,1999-03-22,,1999-03-22T05:00:00.000Z,,35-CERT,070-09343,99569903,,35-CERT,12618,0,0,,,CERT. UNDER RULE 24 OF 35 ACT
0000072741-99-000089,1999-03-23,1998-12-31,1999-03-23T05:00:00.000Z,,10-K,001-05324,99570524,,10-K,3349885,0,0,,,
0000072741-99-000091,1999-03-24,,1999-03-24T05:00:00.000Z,,U-12-IB,012-00041,99571492,,U-12-IB,5586,0,0,,,
0000914039-99-000121,1999-03-26,1999-05-11,1999-03-26T05:00:00.000Z,,DEF 14A,001-05324,99573887,,DEF 14A,73971,0,0,,,DEF 14A
0000072741-99-000095,1999-03-29,1998-12-31,1999-03-29T05:00:00.000Z,,U-9C-3,074-00011,99576121,,U-9C-3,31996,0,0,,,
0000072741-99-000096,1999-04-01,,1999-04-01T05:00:00.000Z,,U-1/A,070-09463,99584966,,U-1/A,4939,0,0,,,AMENDMENT NO. 1 TO FORM U-1
0000072741-99-000097,1999-04-01,,1999-04-01T05:00:00.000Z,,POS AMC,070-09343,99585998,,POS AMC,5928,0,0,,,AMENDMENT TO FORM U-1
0000072741-99-000100,1999-04-12,,1999-04-12T04:00:00.000Z,,8-A12B,001-05324,99592146,,8-A12B,150181,0,0,,,FORM 8-A
0000072741-99-000114,1999-04-29,1998-12-31,1999-04-29T04:00:00.000Z,,U5S,001-05324,99604842,,U5S,592377,0,0,,,
0000072741-99-000115,1999-04-29,1999-04-27,1999-04-29T04:00:00.000Z,,8-K,001-05324,99605082,5,8-K,5838,0,0,,,FORM 8-K FOR NORTHEAST UTILITIES
0000072741-99-000117,1999-05-11,,1999-05-11T04:00:00.000Z,,35-CERT,070-07111,99616801,,35-CERT,35898,0,0,,,CERTIFICATES OF PARTIAL CONSUMMATIONS
0000072741-99-000119,1999-05-11,,1999-05-11T04:00:00.000Z,,35-CERT,070-08076,99616935,,35-CERT,8485,0,0,,,HEC INC. QTRYLY RPT FILING UNDER RULE 24 OF 35 ACT
0000072741-99-000122,1999-05-12,1999-05-07,1999-05-12T04:00:00.000Z,,8-K,001-05324,99617679,"5,7",8-K,4255,0,0,,,FORM 8-K FOR NORTHEAST UTILITIES
0000072741-99-000124,1999-05-12,,1999-05-12T04:00:00.000Z,,35-CERT,070-09463,99617762,,35-CERT,7357,0,0,,,CERTIFICATE PURSUANT TO RULE 24
0000072741-99-000126,1999-05-17,1999-03-31,1999-05-17T04:00:00.000Z,,10-Q,001-05324,99625185,,10-Q,196756,0,0,,,
0000072741-99-000129,1999-05-28,1999-03-31,1999-05-28T04:00:00.000Z,,U-9C-3,074-00011,99636510,,U-9C-3,91058,0,0,,,
0000072741-99-000132,1999-06-16,1999-06-14,1999-06-16T04:00:00.000Z,,8-K,001-05324,99647615,"5,7",8-K,81371,0,0,,,FORM 8-K FOR NORTHEAST UTILITIES
0000072741-99-000134,1999-06-17,1999-06-14,1999-06-17T04:00:00.000Z,,8-K/A,001-05324,99648117,7,8-K/A,49563,0,0,,,FORM 8-K/A
0000072741-99-000136,1999-06-23,1999-06-14,1999-06-23T04:00:00.000Z,,8-K/A,001-05324,99650552,7,8-K/A,168551,0,0,,,FORM 8-K/A
0000072741-99-000138,1999-07-09,1999-07-06,1999-07-09T04:00:00.000Z,,8-K,001-05324,99662128,5,8-K,7106,0,0,,,FORM 8-K FOR NORTHEAST UTILITIES
0000072741-99-000140,1999-08-04,,1999-08-04T04:00:00.000Z,,U-1,070-09535,99677911,,U-1,150791,0,0,,,FORM U-1
0000072741-99-000146,1999-08-13,1999-06-30,1999-08-13T04:00:00.000Z,,10-Q,001-05324,99687692,,10-Q,663324,0,0,,,
0001047469-99-033178,1999-08-20,,1999-08-20T04:00:00.000Z,,S-4,333-85613,99696535,,S-4,537756,0,0,,,FORM S-4
0000072741-99-000148,1999-08-23,,1999-08-23T04:00:00.000Z,,POS AMC,070-09343,99698018,,POS AMC,11598,0,0,,,POST-EFFECTIVE AMENDMENT TO FORM U-1
0000906602-99-000211,1999-08-26,,1999-08-26T04:00:00.000Z,,U-1,070-09541,99700298,,U-1,63589,0,0,,,U-1  FILING
0000072741-99-000150,1999-08-27,1999-06-30,1999-08-27T04:00:00.000Z,,U-9C-3,074-00011,99700494,,U-9C-3,55770,0,0,,,
0000072741-99-000152,1999-08-27,,1999-08-27T04:00:00.000Z,,U-1,070-09543,99701231,,U-1,70465,0,0,,,FORM U-1
0000072741-99-000156,1999-09-07,,1999-09-07T04:00:00.000Z,,POS AMC,070-08875,99706958,,POS AMC,33340,0,0,,,POST-EFF. AMENDMENT NO. 11 TO FORM U-1
0000072741-99-000157,1999-09-08,,1999-09-08T04:00:00.000Z,,POS AMC,070-08875,99707230,,POS AMC,40628,0,0,,,POST-EFF. AMENDMENT NO. 11 TO FORM U-1
0000072741-99-000164,1999-09-17,,1999-09-17T04:00:00.000Z,,U-1/A,070-09543,99712917,,U-1/A,20090,0,0,,,AMENDMENT NO. 1 TO FORM U-1
0000072741-99-000166,1999-09-17,,1999-09-17T04:00:00.000Z,,U-1/A,070-09541,99713016,,U-1/A,141189,0,0,,,AMENDMENT NO. 1 TO FORM U-1
0000072741-99-000169,1999-09-17,,1999-09-17T04:00:00.000Z,,U-1/A,070-09535,99713294,,U-1/A,99947,0,0,,,AMENDMENT NO. 1 TO FORM U-1
0000072741-99-000171,1999-09-20,,1999-09-20T04:00:00.000Z,,35-CERT,070-07111,99713992,,35-CERT,63673,0,0,,,CERTIFICATES OF PARTIAL CONSUMMATIONS
0000072741-99-000173,1999-09-24,1999-09-14,1999-09-24T04:00:00.000Z,,8-K,001-05324,99716142,5,8-K,8141,0,0,,,FORM 8-K FOR NORTHEAST UTILITIES
0000072741-99-000176,1999-10-08,,1999-10-08T04:00:00.000Z,,U-1/A,070-09541,99725740,,U-1/A,56938,0,0,,,AMENDMENT NO. 2 TO FORM U-1
0000072741-99-000178,1999-10-13,,1999-10-13T04:00:00.000Z,,U-1/A,070-09543,99727839,,U-1/A,72814,0,0,,,AMENDMENT NO. 2 TO FORM U-1
0000072741-99-000180,1999-10-19,1999-10-13,1999-10-19T04:00:00.000Z,,8-K,001-05324,99730484,"5,7",8-K,394563,0,0,,,FORM 8-K FOR NORTHEAST UTILITIES
0000072741-99-000182,1999-10-19,,1999-10-19T04:00:00.000Z,,U-1,070-09563,99730561,,U-1,16935,0,0,,,FORM U-1
0000072741-99-000184,1999-10-26,,1999-10-26T04:00:00.000Z,,POS AMC,070-08875,99734004,,POS AMC,13062,0,0,,,POST-EFF. AMENDMENT NO. 12 TO FORM U-1
0000072741-99-000186,1999-10-29,1999-10-27,1999-10-29T04:00:00.000Z,,8-K,001-05324,99737940,5,8-K,4791,0,0,,,FORM 8-K FOR NORTHEAST UTILITIES
0000072741-99-000187,1999-11-02,,1999-11-02T05:00:00.000Z,,35-CERT,070-09463,99739225,,35-CERT,3010,0,0,,,CERTIFICATE PURSUANT TO RULE 24
0000072741-99-000191,1999-11-15,1999-09-30,1999-11-15T05:00:00.000Z,,10-Q,001-05324,99753163,,10-Q,223639,0,0,,,
0000072741-99-000201,1999-11-17,,1999-11-17T05:00:00.000Z,,U-1/A,070-09535,99759272,,U-1/A,164546,0,0,,,AMENDMENT NO. 3 TO FORM U-1
0000072741-99-000203,1999-11-17,,1999-11-17T05:00:00.000Z,,POS AMC,070-08875,99759357,,POS AMC,31283,0,0,,,POST-EFF. AMENDMENT NO. 13 TO FORM U-1
0000072741-99-000204,1999-11-17,,1999-11-17T05:00:00.000Z,,POS AMC,070-08875,99759364,,POS AMC,31332,0,0,,,POST-EFF. AMENDMENT NO. 13 TO FORM U-1
0000072741-99-000205,1999-11-17,,1999-11-17T05:00:00.000Z,,U-1/A,070-09543,99759380,,U-1/A,108458,0,0,,,AMENDMENT NO. 3 TO FORM U-1
0000906602-99-000264,1999-11-18,,1999-11-18T05:00:00.000Z,,U-1/A,070-09541,99760451,,U-1/A,47139,0,0,,,U-1 AMENDMENT FILING
0000906602-99-000265,1999-11-18,,1999-11-18T05:00:00.000Z,,U-1/A,070-09543,99760452,,U-1/A,7288,0,0,,,U-1 AMENDMENT FILING
0000072741-99-000208,1999-11-24,1999-09-30,1999-11-24T05:00:00.000Z,,U-9C-3,074-00011,99764096,,U-9C-3,55336,0,0,,,
0000072741-99-000210,1999-11-29,,1999-11-29T05:00:00.000Z,,35-CERT,070-08875,99765606,,35-CERT,7694,0,0,,,CERTIFICATE PURSUANT TO RULE 24
0000072741-99-000213,1999-12-10,,1999-12-10T05:00:00.000Z,,35-CERT/A,070-08875,99772092,,35-CERT/A,468368,0,0,,,AMENDMENT TO CERTIFICATE PURSUANT TO RULE 24
0000072741-00-000002,2000-01-03,,2000-01-03T05:00:00.000Z,,U-1/A,070-09563,500703,,U-1/A,8218,0,0,,,AMENDMENT TO FORM U-1
0000072741-00-000006,2000-01-12,,2000-01-12T05:00:00.000Z,,U-1/A,070-09535,505745,,U-1/A,237991,0,0,,,AMENDMENT NO. 4 TO FORM U-1
0000072741-00-000008,2000-01-12,,2000-01-12T05:00:00.000Z,,35-CERT,070-07111,506099,,35-CERT,86955,0,0,,,CERTIFICATES OF PARTIAL CONSUMMATIONS
0000072741-00-000009,2000-01-12,,2000-01-12T05:00:00.000Z,,U-1/A,070-09535,506365,,U-1/A,3874,0,0,,,AMENDMENT NO. 5 TO FORM U-1
0000072741-00-000014,2000-01-18,,2000-01-18T05:00:00.000Z,,8-A12B/A,001-05324,508807,,8-A12B/A,13731,0,0,,,AMENDMENT TO FORM 8-A FOR NORTHEAST UTILITIES
0000072741-00-000016,2000-01-21,1999-12-02,2000-01-21T05:00:00.000Z,,8-K,001-05324,510956,"5,7",8-K,370074,0,0,,,FORM 8-K FOR NORTHEAST UTILITIES
0000072741-00-000019,2000-01-24,,2000-01-24T05:00:00.000Z,,U-1,070-09615,511749,,U-1,176872,0,0,,,U-1 APPLICATION FOR NORTHEAST UTILITIES
0000072741-00-000022,2000-01-28,,2000-01-28T05:00:00.000Z,,U-12-IB,012-00041,515959,,U-12-IB,5269,0,0,,,
0000072741-00-000025,2000-02-04,,2000-02-04T05:00:00.000Z,,U-1/A,070-09543,524091,,U-1/A,94514,0,0,,,AMENDMENT NO. 5 TO FORM U-1
0000072741-00-000027,2000-02-08,,2000-02-08T05:00:00.000Z,,U-1/A,070-09563,526703,,U-1/A,7901,0,0,,,AMENDMENT NO. 2 TO FORM U-1
0000072741-00-000028,2000-02-08,,2000-02-08T05:00:00.000Z,,RW,070-09615,526766,,RW,2017,0,0,,,WITHDRAWAL OF U-1 APPLICATION (FILE NO. 070-09615)
0000927016-00-000361,2000-02-09,,2000-02-09T05:00:00.000Z,,SC 13G/A,005-42665,527951,,SC 13G/A,9915,0,0,,,SCHEDULE 13G/A
0000072741-00-000030,2000-02-10,,2000-02-10T05:00:00.000Z,,U-1/A,070-09543,531968,,U-1/A,8458,0,0,,,AMENDMENT NO. 6 TO FORM U-1
0000017283-00-000185,2000-02-11,,2000-02-11T05:00:00.000Z,,SC 13G,005-42665,533752,,SC 13G,8661,0,0,,,
0000072741-00-000033,2000-02-17,,2000-02-17T05:00:00.000Z,,U-1/A,070-09541,548663,,U-1/A,69546,0,0,,,AMENDMENT NO. 4 TO FORM U-1
0000072741-00-000035,2000-02-17,,2000-02-17T05:00:00.000Z,,35-CERT,070-08875,548787,,35-CERT,86478,0,0,,,CERTIFICATES OF PARTIAL CONSUMMATIONS
0000072741-00-000037,2000-02-22,,2000-02-22T05:00:00.000Z,,U-1/A,070-09543,550144,,U-1/A,46879,0,0,,,AMENDMENT NO. 7 TO FORM U-1
0000072741-00-000041,2000-02-29,2000-02-29,2000-02-29T05:00:00.000Z,,8-K,001-05324,556712,7,8-K,174290,0,0,,,
0000912057-00-009363,2000-03-02,,2000-03-02T05:00:00.000Z,,DEFM14A,001-05324,559294,,DEFM14A,884381,0,0,,,DEFM14A
0000072741-00-000044,2000-03-06,,2000-03-06T05:00:00.000Z,,U-1/A,070-09543,562024,,U-1/A,47933,0,0,,,AMENDMENT NO. 8 TO FORM U-1
0000072741-00-000045,2000-03-06,,2000-03-06T05:00:00.000Z,,U-1/A,070-09541,562046,,U-1/A,42490,0,0,,,AMENDMENT NO. 5 TO FORM U-1
0000072741-00-000047,2000-03-08,,2000-03-08T05:00:00.000Z,,DEFA14A,001-05324,563073,,DEFA14A,74680,0,0,,,ADDITIONAL MATERIALS
0000072741-00-000049,2000-03-10,,2000-03-10T05:00:00.000Z,,35-CERT,070-09535,565051,,35-CERT,189358,0,0,,,CERTIFICATE PURSUANT TO RULE 24
0000072741-00-000051,2000-03-15,2000-03-01,2000-03-15T05:00:00.000Z,,8-K,001-05324,570253,"2,7",8-K,99842,0,0,,,FORM 8-K FOR NORTHEAST UTILITIES
0000072741-00-000053,2000-03-16,,2000-03-16T05:00:00.000Z,,DEFA14A,001-05324,571257,,DEFA14A,10725,0,0,,,ADDITIONAL MATERIALS
0000072741-00-000054,2000-03-21,,2000-03-21T05:00:00.000Z,,RW,001-05324,574233,,RW,1959,0,0,,,WITHDRAWAL OF AMENDMENT # 2 TO DEFM14A
0000072741-00-000055,2000-03-21,,2000-03-21T05:00:00.000Z,,DEFA14A,001-05324,574246,,DEFA14A,7190,0,0,,,ADDITIONAL MATERIALS
0000072741-00-000057,2000-03-23,,2000-03-23T05:00:00.000Z,,DEFA14A,001-05324,576759,,DEFA14A,8690,0,0,,,ADDITIONAL MATERIALS
0000072741-00-000060,2000-03-24,,2000-03-24T05:00:00.000Z,,DEFA14A,001-05324,577901,,DEFA14A,26045,0,0,,,ADDITIONAL MATERIALS
0000072741-00-000064,2000-03-24,,2000-03-24T05:00:00.000Z,,35-CERT,070-09541,578041,,35-CERT,8748,0,0,,,CERTIFICATE PURSUANT TO RULE 24
0000072741-00-000065,2000-03-24,,2000-03-24T05:00:00.000Z,,35-CERT,070-09543,578055,,35-CERT,8111,0,0,,,CERTIFICATE PURSUANT TO RULE 24
0000072741-00-000075,2000-03-27,1999-12-31,2000-03-27T05:00:00.000Z,,10-K,001-05324,578780,,10-K,2977221,0,0,,,
0001103782-00-000006,2000-03-27,,2000-03-27T05:00:00.000Z,,425,001-05324,579421,,425,7660,0,0,,,RULE 425 COMMUNICATION
0001103782-00-000007,2000-03-27,,2000-03-27T05:00:00.000Z,,425,001-05324,579677,,425,20906,0,0,,,RULE 425 COMMUNICATION
0001103782-00-000008,2000-03-27,,2000-03-27T05:00:00.000Z,,425,001-05324,579690,,425,6860,0,0,,,RULE 425 COMMUNICATION
0000072741-00-000077,2000-03-28,1999-12-31,2000-03-28T05:00:00.000Z,,U-9C-3,074-00011,580525,,U-9C-3,46310,0,0,,,
0000072741-00-000079,2000-03-28,2000-03-14,2000-03-28T05:00:00.000Z,,8-K,001-05324,580988,"5,7",8-K,9331,0,0,,,FORM 8-K FOR NORTHEAST UTILITIES
0000072741-00-000080,2000-03-28,,2000-03-28T05:00:00.000Z,,DEFA14A,001-05324,581127,,DEFA14A,24488,0,0,,,ADDITIONAL MATERIALS
0000072741-00-000081,2000-03-29,,2000-03-29T05:00:00.000Z,,RW,001-05324,581918,,RW,1959,0,0,,,WITHDRAWAL OF AMENDMENT # 2 TO DEFM14A
0000072741-00-000082,2000-03-31,,2000-03-31T05:00:00.000Z,,DEFA14A,001-05324,590949,,DEFA14A,6078,0,0,,,ADDITIONAL MATERIALS
0000914039-00-000172,2000-03-31,2000-05-09,2000-03-31T05:00:00.000Z,,DEF 14A,001-05324,590384,,DEF 14A,79339,0,0,,,DEF 14A
0001103782-00-000009,2000-03-31,,2000-03-31T05:00:00.000Z,,425,001-05324,591402,,425,3565,0,0,,,RULE 425 COMMUNICATION
0001103782-00-000010,2000-03-31,,2000-03-31T05:00:00.000Z,,425,001-05324,591417,,425,3441,0,0,,,RULE 425 COMMUNICATION
0000072741-00-000083,2000-04-06,2000-03-29,2000-04-06T04:00:00.000Z,,8-K,001-05324,594414,"5,7",8-K,14239,0,0,,,FORM 8-K FOR NORTHEAST UTILITIES
0000072741-00-000085,2000-04-07,,2000-04-07T04:00:00.000Z,,U-1,070-09657,595912,,U-1,27679,0,0,,,FORM U-1
0000072741-00-000086,2000-04-07,,2000-04-07T04:00:00.000Z,,DEFA14A,001-05324,596085,,DEFA14A,31866,0,0,,,ADDITIONAL MATERIALS
0000072741-00-000095,2000-04-27,,2000-04-27T04:00:00.000Z,,POS AMC,070-08875,610561,,POS AMC,46949,0,0,,,POST-EFF. AMENDMENT NO. 14 TO FORM U-1
0000072741-00-000141,2000-04-28,1999-12-31,2000-04-28T04:00:00.000Z,,U5S,001-05324,612993,,U5S,775728,0,0,,,
0000072741-00-000143,2000-05-12,2000-03-31,2000-05-12T04:00:00.000Z,,10-Q,001-05324,628295,,10-Q,196342,0,0,,,
0000072741-00-000145,2000-05-15,,2000-05-15T04:00:00.000Z,,35-CERT,070-08875,635628,,35-CERT,85939,0,0,,,CERTIFICATES OF PARTIAL CONSUMMATIONS
0000072741-00-000148,2000-05-19,,2000-05-19T04:00:00.000Z,,35-CERT,070-09541,640260,,35-CERT,9036,0,0,,,NUSCO QTRYLY RPT FILING UNDER RULE 24 OF 35 ACT
0000072741-00-000149,2000-05-19,,2000-05-19T04:00:00.000Z,,35-CERT,070-09543,640276,,35-CERT,5189,0,0,,,NUSCO QTRYLY RPT FILING UNDER RULE 24 OF 35 ACT
0000072741-00-000153,2000-05-26,2000-03-31,2000-05-26T04:00:00.000Z,,U-9C-3,074-00011,644197,,U-9C-3,92318,0,0,,,
0000072741-00-000163,2000-06-15,,2000-06-15T04:00:00.000Z,,U-1,070-09697,655829,,U-1,602035,0,0,,0001.txt,FORM U-1
0000072741-00-000171,2000-06-23,,2000-06-23T04:00:00.000Z,,U-1/A,070-09541,659867,,U-1/A,114931,0,0,,0001.txt,AMENDMENT NO. 1 TO FORM U-1
0000072741-00-000173,2000-06-23,,2000-06-23T04:00:00.000Z,,POS AMC,070-09543,660023,,POS AMC,13608,0,0,,0001.txt,AMENDMENT NO. 9 TO FORM U-1
0000072741-00-000175,2000-06-28,1999-12-31,2000-06-28T04:00:00.000Z,,11-K,001-05324,663798,,11-K,33002,0,0,,0001.txt,11-K FOR YES SUPP. RETIRE. & SAVINGS PLAN
0000072741-00-000177,2000-06-29,,2000-06-29T04:00:00.000Z,,U-1/A,070-09657,664032,,U-1/A,46876,0,0,,0001.txt,AMENDMENT NO. 1 TO FORM U-1
0000072741-00-000179,2000-07-07,,2000-07-07T04:00:00.000Z,,POS AMC,070-08875,669190,,POS AMC,6705,0,0,,0001.txt,POST-EFF. AMENDMENT NO. 15 TO FORM U-1
0000072741-00-000184,2000-07-18,,2000-07-18T04:00:00.000Z,,U-1/A,070-09697,674524,,U-1/A,114931,0,0,,0001.txt,AMENDMENT NO. 1 TO FORM U-1
0000072741-00-000185,2000-07-18,,2000-07-18T04:00:00.000Z,,AW,070-09541,674547,,AW,2287,0,0,,0001.txt,AMENDMENT WITHDRAWAL TO U-1 APPLICATION
0000072741-00-000189,2000-08-11,2000-06-30,2000-08-11T04:00:00.000Z,,10-Q,001-05324,692929,,10-Q,632199,0,0,,0001.txt,
0000072741-00-000192,2000-08-17,,2000-08-17T04:00:00.000Z,,35-CERT,070-08875,704611,,35-CERT,87185,0,0,,0001.txt,CERTIFICATES OF PARTIAL CONSUMMATIONS
0000072741-00-000195,2000-08-25,2000-06-30,2000-08-25T04:00:00.000Z,,U-9C-3,074-00011,709742,,U-9C-3,96504,0,0,,0001.txt,
0000072741-00-000198,2000-08-25,,2000-08-25T04:00:00.000Z,,35-CERT,070-09543,710011,,35-CERT,6066,0,0,,0001.txt,NUSCO QTRYLY RPT FILING UNDER RULE 24 OF 35 ACT
0000072741-00-000200,2000-08-25,,2000-08-25T04:00:00.000Z,,35-CERT,070-09541,710087,,35-CERT,8464,0,0,,0001.txt,NUSCO QTRYLY RPT FILING UNDER RULE 24 OF 35 ACT
0000072741-00-000201,2000-08-25,,2000-08-25T04:00:00.000Z,,U-1/A,070-09697,710151,,U-1/A,440613,0,0,,0001.txt,FORM U-1/A
0000072741-00-000203,2000-09-15,,2000-09-15T04:00:00.000Z,,POS AMC,070-08875,723535,,POS AMC,8457,0,0,,0001.txt,POST-EFF. AMENDMENT NO. 16 TO FORM U-1
0000072741-00-000205,2000-09-22,,2000-09-22T04:00:00.000Z,,U-1,070-09755,727502,,U-1,33613,0,0,,0001.txt,FORM U-1
0000072741-00-000210,2000-09-26,,2000-09-26T04:00:00.000Z,,SC 13D,,,,SC 13D,49082,0,0,,0001.txt,SCHEDULE 13D
0000072741-00-000212,2000-09-29,2000-09-27,2000-09-29T04:00:00.000Z,,8-K,001-05324,732804,5,8-K,5310,0,0,,0001.txt,FORM 8-K FOR NORTHEAST UTILITIES
0000072741-00-000214,2000-10-13,,2000-10-13T04:00:00.000Z,,U-1/A,070-09657,740009,,U-1/A,28661,0,0,,0001.txt,
0000072741-00-000216,2000-10-20,,2000-10-20T04:00:00.000Z,,U-1/A,070-09697,743504,,U-1/A,272571,0,0,,0001.txt,AMENDMENT NO. 3 TO FORM U-1
0000072741-00-000218,2000-10-23,,2000-10-23T04:00:00.000Z,,POS AMC,070-08875,744295,,POS AMC,39602,0,0,,0001.txt,POST-EFF. AMENDMENT NO. 17 TO FORM U-1
0000072741-00-000220,2000-10-24,2000-10-23,2000-10-24T04:00:00.000Z,,8-K,001-05324,744730,5,8-K,4864,0,0,,0001.txt,FORM 8-K FOR NORTHEAST UTILITIES
0000072741-00-000222,2000-10-25,2000-10-24,2000-10-25T04:00:00.000Z,,8-K,001-05324,745556,5,8-K,9414,0,0,,0001.txt,FORM 8-K FOR NORTHEAST UTILITIES
0000072741-00-000224,2000-10-27,,2000-10-27T04:00:00.000Z,,POS AMC,070-08875,747862,,POS AMC,30392,0,0,,0001.txt,POST-EFF. AMENDMENT NO. 18 TO FORM U-1
0000072741-00-000226,2000-10-30,2000-10-31,2000-10-30T05:00:00.000Z,,8-K,001-05324,749184,"7,9",8-K,12765,0,0,,0001.txt,FORM 8-K FOR NORTHEAST UTILITIES
0000072741-00-000229,2000-11-09,,2000-11-09T05:00:00.000Z,,SC 13D/A,,,,SC 13D/A,50127,0,0,,0001.txt,AMENDMENT TO SCHEDULE 13D
0000072741-00-000232,2000-11-13,2000-09-30,2000-11-13T05:00:00.000Z,,10-Q,001-05324,758426,,10-Q,244041,0,0,,0001.txt,
0000072741-00-000234,2000-11-13,,2000-11-13T05:00:00.000Z,,U-1/A,070-09697,759525,,U-1/A,95590,0,0,,0001.txt,AMENDMENT NO. 4 TO FORM U-1
0000072741-00-000236,2000-11-13,,2000-11-13T05:00:00.000Z,,POS AMC,070-08875,761252,,POS AMC,31833,0,0,,0001.txt,POST-EFF. AMENDMENT NO. 19 TO FORM U-1
0000072741-00-000238,2000-11-22,,2000-11-22T05:00:00.000Z,,U-1/A,070-09755,775636,,U-1/A,210499,0,0,,0001.txt,AMENDMENT TO FORM U-1
0000072741-00-000242,2000-11-27,,2000-11-27T05:00:00.000Z,,35-CERT,070-08875,777260,,35-CERT,500314,0,0,,0001.txt,CERTIFICATE PURSUANT TO RULE 24
0000072741-00-000243,2000-11-27,,2000-11-27T05:00:00.000Z,,35-CERT/A,070-08875,777268,,35-CERT/A,16216,0,0,,0001.txt,CERTIFICATE PURSUANT TO RULE 24
0000072741-00-000245,2000-11-28,,2000-11-28T05:00:00.000Z,,35-CERT,070-09541,777687,,35-CERT,10821,0,0,,0001.txt,NUSCO QTRYLY RPT FILING UNDER RULE 24 OF 35 ACT
0000072741-00-000247,2000-11-28,,2000-11-28T05:00:00.000Z,,35-CERT,070-09543,777701,,35-CERT,5616,0,0,,0001.txt,NUSCO QTRYLY RPT FILING UNDER RULE 24 OF 35 ACT
0000072741-00-000249,2000-11-28,2000-09-30,2000-11-28T05:00:00.000Z,,U-9C-3,074-00011,777748,,U-9C-3,99012,0,0,,0001.txt,
0000072741-00-000251,2000-11-29,,2000-11-29T05:00:00.000Z,,U-1/A,070-09755,779954,,U-1/A,40198,0,0,,0001.txt,AMENDMENT TO FORM U-1
0000072741-00-000255,2000-12-21,,2000-12-21T05:00:00.000Z,,U-1/A,070-09697,792920,,U-1/A,59605,0,0,,0001.txt,
0000072741-00-000257,2000-12-21,,2000-12-21T05:00:00.000Z,,35-CERT,070-08875,793391,,35-CERT,88391,0,0,,0001.txt,CERTIFICATES OF PARTIAL CONSUMMATIONS
0000072741-00-000259,2000-12-22,,2000-12-22T05:00:00.000Z,,U-1/A,070-09697,794105,,U-1/A,102551,0,0,,0001.txt,AMENDMENT NO. 6 TO FORM U-1
0000072741-00-000262,2000-12-27,,2000-12-27T05:00:00.000Z,,U-1/A,070-09697,795861,,U-1/A,5519,0,0,,0001.txt,
0000072741-00-000264,2000-12-27,,2000-12-27T05:00:00.000Z,,U-1/A,070-09755,796359,,U-1/A,11124,0,0,,0001.txt,AMENDMENT 3 TO FORM U-1
0000072741-01-000003,2001-01-10,,2001-01-10T05:00:00.000Z,,U-1,070-09825,1505980,,U-1,393853,0,0,,0001.txt,FORM U-1
0000072741-01-000005,2001-01-24,,2001-01-24T05:00:00.000Z,,U-1,070-09839,1514051,,U-1,42943,0,0,,0001.txt,FORM U-1
0000072741-01-000007,2001-01-25,2001-01-23,2001-01-25T05:00:00.000Z,,8-K,001-05324,1514673,5,8-K,20513,0,0,,0001.txt,FORM 8-K FOR NORTHEAST UTILITIES
0000072741-01-000017,2001-01-31,,2001-01-31T05:00:00.000Z,,POS AMC,070-09697,1519809,,POS AMC,10843,0,0,,0001.txt,POST-EFFECTIVE AMENDMENT TO FORM U-1
0000914039-01-000019,2001-02-07,,2001-02-07T05:00:00.000Z,,S-3,333-55142,1527281,,S-3,468150,0,0,,y45127s-3.txt,FORM S-3
0000072741-01-000028,2001-02-08,,2001-02-08T05:00:00.000Z,,POS AMC,070-09697,1528441,,POS AMC,196529,0,0,,0001.txt,POST-EFFECTIVE AMENDMENT TO FORM U-1
0000017283-01-000230,2001-02-12,,2001-02-12T05:00:00.000Z,,SC 13G/A,005-42665,1532173,,SC 13G/A,9587,0,0,,0001.txt,
0000930661-01-000323,2001-02-12,,2001-02-12T05:00:00.000Z,,SC 13G,005-42665,1532047,,SC 13G,9865,0,0,,0001.txt,SCHEDULE 13G
0000072741-01-000030,2001-02-16,,2001-02-16T05:00:00.000Z,,U-1/A,070-09839,1549412,,U-1/A,15109,0,0,,0001.txt,AMENDMENT NO. 1 TO FORM U-1
0000072741-01-000032,2001-02-20,,2001-02-20T05:00:00.000Z,,U-1,070-09853,1550395,,U-1,25179,0,0,,0001.txt,FORM U-1
0000914039-01-000038,2001-02-20,,2001-02-20T05:00:00.000Z,,424B5,333-55142,1550204,,424B5,105746,0,0,,y45478e424b5.txt,424B5
0000072741-01-000035,2001-02-21,,2001-02-21T05:00:00.000Z,,35-CERT,070-08875,1551368,,35-CERT,89439,0,0,,0001.txt,CERTIFICATES OF PARTIAL CONSUMMATIONS
0000072741-01-000039,2001-02-27,,2001-02-27T05:00:00.000Z,,35-CERT,070-09541,1555552,,35-CERT,10019,0,0,,0001.txt,NUSCO QTRYLY RPT FILING UNDER RULE 24 OF 35 ACT
0000072741-01-000040,2001-02-27,,2001-02-27T05:00:00.000Z,,35-CERT,070-09543,1555593,,35-CERT,6030,0,0,,0001.txt,NUSCO QTRYLY RPT FILING UNDER RULE 24 OF 35 ACT
0000072741-01-000042,2001-02-28,2001-02-28,2001-02-28T05:00:00.000Z,,8-K,001-05324,1556668,5,8-K,11402,0,0,,0001.txt,FORM 8-K FOR NORTHEAST UTILITIES
0000072741-01-000044,2001-02-28,,2001-02-28T05:00:00.000Z,,U-1/A,070-09839,1557580,,U-1/A,59248,0,0,,0001.txt,AMENDMENT NO. 2 TO FORM U-1
0000914039-01-000049,2001-02-28,,2001-02-28T05:00:00.000Z,,424B5,333-55142,1556458,,424B5,104199,0,0,,y45478fe424b5.txt,424B5
0000914039-01-000055,2001-02-28,,2001-02-28T05:00:00.000Z,,424B5,333-55142,1557540,,424B5,2374,0,0,,y45478ce424b5.txt,424B5
0000072741-01-000046,2001-03-06,2001-03-05,2001-03-06T05:00:00.000Z,,8-K,001-05324,1561889,5,8-K,9070,0,0,,0001.txt,FORM 8-K FOR NORTHEAST UTILITIES
0000072741-01-000052,2001-03-12,,2001-03-12T05:00:00.000Z,,35-CERT,070-09535,1565782,,35-CERT,301922,0,0,,0001.txt,CERTIFICATE PURSUANT TO RULE 24
0000072741-01-000054,2001-03-13,2001-03-12,2001-03-13T05:00:00.000Z,,8-K,001-05324,1567075,"5,7,9",8-K,19377,0,0,,0001.txt,FORM 8-K FOR NORTHEAST UTILITIES
0000072741-01-000056,2001-03-20,,2001-03-20T05:00:00.000Z,,POS AMC,070-09697,1572557,,POS AMC,10739,0,0,,0001.txt,POST-EFFECTIVE AMENDMENT TO FORM U-1
0000072741-01-000059,2001-03-20,,2001-03-20T05:00:00.000Z,,U-1/A,070-09839,1572848,,U-1/A,113460,0,0,,0001.txt,AMENDMENT NO.2 TO FORM U-1
0000072741-01-000061,2001-03-22,2001-03-22,2001-03-22T05:00:00.000Z,,8-K,001-05324,1575502,5,8-K,26932,0,0,,0001.txt,FORM 8-K FOR NORTHEAST UTILITIES
0000072741-01-000075,2001-03-28,2000-12-31,2001-03-28T05:00:00.000Z,,10-K,001-05324,1581348,,10-K,3233662,0,0,,0001.txt,
0000072741-01-000079,2001-03-28,2000-12-31,2001-03-28T05:00:00.000Z,,U-9C-3,074-00011,1582460,,U-9C-3,86577,0,0,,0001.txt,
0000072741-01-000080,2001-04-09,2001-03-30,2001-04-09T04:00:00.000Z,,8-K,001-05324,1597781,5,8-K,6749,0,0,,0001.txt,FORM 8-K FOR NORTHEAST UTILITIES
0000072741-01-000081,2001-04-09,,2001-04-09T04:00:00.000Z,,35-CERT,070-09697,1597837,,35-CERT,11960,0,0,,0001.txt,CERTIFICATE PURSUANT TO RULE 24
0000072741-01-000085,2001-04-12,2001-04-11,2001-04-12T04:00:00.000Z,,8-K,001-05324,1601008,9,8-K,8248,0,0,,0001.txt,FORM 8-K FOR NORTHEAST UTILITIES
0000072741-01-000087,2001-04-16,,2001-04-16T04:00:00.000Z,,U-1/A,070-09839,1602895,,U-1/A,10973,0,0,,0001.txt,AMENDMENT NO.4 TO FORM U-1
0000072741-01-000091,2001-04-19,,2001-04-19T04:00:00.000Z,,U-1/A,070-09825,1606325,,U-1/A,88764,0,0,,0001.txt,AMENDMENT NO.1 TO FORM U-1
0000072741-01-500011,2001-04-24,,2001-04-24T04:00:00.000Z,,U-1,070-09883,1609604,,U-1,62576,0,0,,u-1espp.txt,COVER TO U-1
0000072741-01-500018,2001-04-25,2001-04-24,2001-04-25T04:00:00.000Z,,8-K,001-05324,1610586,9,8-K,28325,0,0,,sec8k042401e.txt,NEWS RELEASE
0000072741-01-500024,2001-04-30,2000-12-31,2001-04-30T04:00:00.000Z,,U5S,001-05324,1614838,,U5S,1918889,0,0,,u5s2000.txt,
0000072741-01-500027,2001-04-30,,2001-04-30T04:00:00.000Z,,U-1/A,070-09825,1615291,,U-1/A,8131,0,0,,u-1crraamende2.txt,70-9825 U1A NO.2
0000072741-01-500031,2001-05-02,,2001-05-02T04:00:00.000Z,,U-1/A,070-09839,1619496,,U-1/A,4168,0,0,,u1a70-9839amend5.txt,U1A NORTHEAST UTILITIES  FILE NO. 70-9839
0000072741-01-500033,2001-05-03,,2001-05-03T04:00:00.000Z,,U-1/A,070-09883,1620868,,U-1/A,14056,0,0,,u1a70-9883amend1.txt,U-1A FOR NORTHEAST UTILITIES 5/3/01
0000072741-01-500035,2001-05-07,,2001-05-07T04:00:00.000Z,,U-1/A,070-09853,1624094,,U-1/A,21016,0,0,,u-1050701.txt,U-A HWP
0000072741-01-500037,2001-05-07,2001-04-25,2001-05-07T04:00:00.000Z,,8-K,001-05324,1624317,5,8-K,4121,0,0,,psnh8krrbnufinal.txt,NU 8-K
0000072741-01-500039,2001-05-07,,2001-05-07T04:00:00.000Z,,35-CERT,070-09697,1624423,,35-CERT,10488,0,0,,psnhrrbfileno70-9697.txt,35-CERT PSNH RRB
0000072741-01-500041,2001-05-11,,2001-05-11T04:00:00.000Z,,35-CERT,070-09825,1629448,,35-CERT,7002,0,0,,rule24-051101.txt,35-CERT FILING 70-9825 HCAR NO. 27388
0000072741-01-500048,2001-05-11,2001-03-31,2001-05-11T04:00:00.000Z,,10-Q,001-05324,1630928,,10-Q,174605,0,0,,quarterlyreport.txt,
0000914039-01-500049,2001-05-11,2001-06-28,2001-05-11T04:00:00.000Z,,DEF 14A,001-05324,1629960,,DEF 14A,340960,0,0,,y48663def14a.txt,DEF 14A
0000072741-01-500058,2001-05-21,,2001-05-21T04:00:00.000Z,,35-CERT,070-09755,1644098,,35-CERT,92890,0,0,,newsecqt32001.txt,
0000072741-01-500061,2001-05-24,,2001-05-24T04:00:00.000Z,,35-CERT,070-09697,1647356,,35-CERT,11831,0,0,,wmecorrb-1935act.txt,
0000106170-01-500007,2001-05-24,2001-05-24,2001-05-24T04:00:00.000Z,,8-K,001-05324,1647271,5,8-K,3998,0,0,,nu8-k.txt,
0000072741-01-500064,2001-05-25,,2001-05-25T04:00:00.000Z,,U-1/A,070-09853,1648507,,U-1/A,4522,0,0,,u-1_012505.txt,
0000072741-01-500067,2001-05-29,,2001-05-29T04:00:00.000Z,,35-CERT,070-09541,1649328,,35-CERT,10035,0,0,,file709541.txt,
0000072741-01-500071,2001-05-29,,2001-05-29T04:00:00.000Z,,35-CERT,070-09543,1649373,,35-CERT,5307,0,0,,file709543.txt,
0000072741-01-500073,2001-05-30,2001-03-31,2001-05-30T04:00:00.000Z,,U-9C-3,074-00011,1650479,,U-9C-3,120173,0,0,,formu9c3march01.txt,
0000072741-01-500077,2001-06-12,,2001-06-12T04:00:00.000Z,,35-CERT,070-09853,1659410,,35-CERT,6794,0,0,,rule24yankee.txt,
0000072741-01-500084,2001-06-15,,2001-06-15T04:00:00.000Z,,S-8,333-63144,1661747,,S-8,24939,0,0,,s8espp2.txt,
0000072741-01-500089,2001-06-29,2001-06-29,2001-06-29T04:00:00.000Z,,8-K,001-05324,1671983,9,8-K,7381,0,0,,eightk012806.txt,
0000072741-01-500091,2001-07-02,,2001-07-02T04:00:00.000Z,,35-CERT,070-09755,1673562,,35-CERT,11669,0,0,,rule24moneypool.txt,
0000072741-01-500097,2001-07-10,2001-07-10,2001-07-10T04:00:00.000Z,,8-K,001-05324,1678262,9,8-K,5986,0,0,,ek011007.txt,
0000072741-01-500099,2001-07-20,,2001-07-20T04:00:00.000Z,,35-CERT,070-09755,1685179,,35-CERT,90382,0,0,,newsecqt.txt,
0000072741-01-500102,2001-07-25,2001-07-24,2001-07-25T04:00:00.000Z,,8-K,001-05324,1688979,9,8-K,41204,0,0,,eightk012407.txt,
0000072741-01-500106,2001-08-10,2001-06-30,2001-08-10T04:00:00.000Z,,10-Q,001-05324,1704529,,10-Q,190438,0,0,,june2001.txt,
0000072741-01-500110,2001-08-24,,2001-08-24T04:00:00.000Z,,35-CERT,070-09541,1722375,,35-CERT,9714,0,0,,file709541.txt,
0000072741-01-500111,2001-08-24,,2001-08-24T04:00:00.000Z,,35-CERT,070-09543,1722379,,35-CERT,5342,0,0,,fileno7709543.txt,
0000072741-01-500114,2001-08-27,2001-06-30,2001-08-27T04:00:00.000Z,,U-9C-3,074-00011,1723485,,U-9C-3,107052,0,0,,formu9c3june01.txt,
0000072741-01-500116,2001-08-29,,2001-08-29T04:00:00.000Z,,POS AMC,070-09697,1726468,,POS AMC,15370,0,0,,aug28e.txt,POST-EFFECTIVE AMENDMENT NO. 4
0000072741-01-500119,2001-10-11,2001-10-11,2001-10-11T04:00:00.000Z,,8-K,001-05324,1756648,9,8-K,7400,0,0,,final101101.txt,REGULATION FD DISCLOSURE - 2002 OPERATING EARNINGS
0000072741-01-500122,2001-10-12,2001-10-11,2001-10-12T04:00:00.000Z,,8-K,001-05324,1757966,9,8-K,49582,0,0,,slidescover1012018kf.txt,"OCTOBER 11, 2001 ANALYST PRESENTATION, GREENWICH, CT"
0000072741-01-500133,2001-10-24,2001-10-23,2001-10-24T04:00:00.000Z,,8-K,001-05324,1764974,7,8-K,43771,0,0,,coverpage8k102301.txt,8K COVER PAGE 102301
0000072741-01-500136,2001-10-24,,2001-10-24T04:00:00.000Z,,SC 13D,,,,SC 13D,21146,0,0,,neon13d102301.txt,NEON SCHEDULE 13D
0000072741-01-500138,2001-10-29,2001-10-29,2001-10-29T05:00:00.000Z,,8-K,001-05324,1769192,7,8-K,3704,0,0,,coverpage8knu102901.txt,8K 102901
0000072741-01-500141,2001-11-09,2001-09-30,2001-11-09T05:00:00.000Z,,10-Q,001-05324,1780210,,10-Q,398090,0,0,,september2001form10q.txt,
0000072741-01-500144,2001-11-14,,2001-11-14T05:00:00.000Z,,35-CERT,070-09541,1788939,,35-CERT,9812,0,0,,fileno709541.txt,
0000072741-01-500145,2001-11-14,,2001-11-14T05:00:00.000Z,,35-CERT,070-09543,1789022,,35-CERT,5602,0,0,,secondfiling.txt,
0000072741-01-500147,2001-11-21,,2001-11-21T05:00:00.000Z,,35-CERT,070-09755,1797285,,35-CERT,170992,0,0,,naecfiling111901.txt,95 CERT FOR NAEC
0000072741-01-500150,2001-11-21,2001-11-19,2001-11-21T05:00:00.000Z,,8-K,001-05324,1798281,7,8-K,7414,0,0,,nu8kcov112101.txt,NU CLP 8K 112101
0000072741-01-500152,2001-11-28,2001-09-30,2001-11-28T05:00:00.000Z,,U-9C-3,074-00011,1800695,,U-9C-3,115131,0,0,,u9c3.txt,
0000072741-01-500155,2001-11-28,,2001-11-28T05:00:00.000Z,,35-CERT,070-09755,1801033,,35-CERT,441818,0,0,,revolrule24112601.txt,REVOLVER COVER PAGE
0000072741-01-500161,2001-12-04,,2001-12-04T05:00:00.000Z,,35-CERT,070-09755,1805646,,35-CERT,101245,0,0,,q3rpt093001.txt,FINANCIALS 93001
0000072741-01-500169,2001-12-21,,2001-12-21T05:00:00.000Z,,U-1/A,070-09839,1820805,,U-1/A,33009,0,0,,clp122101useofprocu1a.txt,CL&P DPUC CAPITAL STRUCTURE
0000072741-02-000005,2002-01-04,,2002-01-04T05:00:00.000Z,,U-1/A,070-09839,2501858,,U-1/A,134632,0,0,,psnhu1a010302.txt,PSNH010302AMEND5
0000950135-02-000140,2002-01-11,,2002-01-11T05:00:00.000Z,,U-1,070-10033,2507760,,U-1,661651,0,0,,b41624neu-1.txt,NORTHEAST UTILITIES SYSTEM
0000072741-02-000008,2002-01-14,,2002-01-14T05:00:00.000Z,,35-CERT,070-09535,2508475,,35-CERT,17650,0,0,,nurule24011402.txt,NU RULE 24 CERT FORW. RATE AGMT.
0000072741-02-000011,2002-01-18,,2002-01-18T05:00:00.000Z,,U-1/A,070-09839,2512244,,U-1/A,15987,0,0,,clpamend7u1011702.txt,CL&P U-1-A AMEND 7
0000072741-02-000014,2002-01-23,2001-12-31,2002-01-23T05:00:00.000Z,,8-K,001-05324,,7,8-K,33546,0,0,,cover8k012202.txt,NU 8K 012302
0000072741-02-000017,2002-01-25,,2002-01-25T05:00:00.000Z,,U-1,070-10045,02517741,,U-1,31330,0,0,,selectu1012502.txt,SELECT U-1 COVER
0000072741-02-000020,2002-01-31,,2002-01-31T05:00:00.000Z,,U-1/A,070-09839,02523376,,U-1/A,41232,0,0,,nuclpu1a013002.txt,NU WMECO CLP U1A
0000072741-02-000023,2002-02-01,,2002-02-01T05:00:00.000Z,,35-CERT/A,070-09463,02525229,,35-CERT/A,13307,0,0,,nurule24012202.txt,RULE 24 CERT 020102
0000072741-02-000024,2002-02-01,,2002-02-01T05:00:00.000Z,,8-A12B/A,001-05324,02525232,,8-A12B/A,16091,0,0,,form8artsagmta2.txt,NU FORM 8-A-A 12 G SUBMISSION
0000914039-02-000028,2002-02-07,2002-01-30,2002-02-07T05:00:00.000Z,,8-K,001-05324,02529538,"5,7",8-K,5681,0,0,,y57072e8-k.txt,FORM 8-K
0000072741-02-000027,2002-02-08,,2002-02-08T05:00:00.000Z,,35-CERT,070-09697,02530859,,35-CERT,10613,0,0,,psnhrule24020702.txt,PSNH RRB 35 CERT 020702
0000072741-02-000030,2002-02-08,,2002-02-08T05:00:00.000Z,,U-1,070-10051,02532311,,U-1,63684,0,0,,nuu1020702.txt,NU PARENT U1020802
0000930661-02-000323,2002-02-08,,2002-02-08T05:00:00.000Z,,SC 13G,005-43814,02530434,,SC 13G,9836,0,0,,dsc13g.txt,SCHEDULE 13G
0000017283-02-000473,2002-02-11,,2002-02-11T05:00:00.000Z,,SC 13G/A,005-43814,02533413,,SC 13G/A,9296,0,0,,edgnu.txt,SC 13G/A
0000072741-02-000032,2002-02-13,,2002-02-13T05:00:00.000Z,,RW,070-09563,02540019,,RW,2191,0,0,,nuu1with021202.txt,NU U1 APPL. DECL. WITHDRAWAL 020702
0000072741-02-000034,2002-02-13,,2002-02-13T05:00:00.000Z,,U-1/A,070-10045,02540225,,U-1/A,11424,0,0,,selectrule58u1a021202.txt,NU NUE SELECT SENY U1A IN 70-10045
0000072741-02-000036,2002-02-13,,2002-02-13T05:00:00.000Z,,35-CERT,070-09755,02540696,,35-CERT,101954,0,0,,q4rpt011702.txt,Q4 NU CERT. & FINANCIALS IN FILE NO. 70-9755 123101
0000315066-02-000869,2002-02-14,,2002-02-14T05:00:00.000Z,,SC 13G,005-43814,02543941,,SC 13G,13870,0,0,,filing.txt,DOC ONE
0000072741-02-000038,2002-02-15,,2002-02-15T05:00:00.000Z,,U-1/A,070-09839,02551306,,U-1/A,42067,0,0,,nuclpu1a021502.txt,NU CLP U1A NO. 9 MILL. USE OF PROCEEDS
0000072741-02-000040,2002-02-27,,2002-02-27T05:00:00.000Z,,35-CERT,070-09541,02560251,,35-CERT,8587,0,0,,fileno709541text.txt,
0000072741-02-000042,2002-02-27,,2002-02-27T05:00:00.000Z,,35-CERT,070-09543,02560371,,35-CERT,5619,0,0,,fileno709543text.txt,
0000072741-02-000046,2002-03-22,2002-03-15,2002-03-22T05:00:00.000Z,,8-K,001-05324,02582084,4,8-K,10243,0,0,,cover8k032202.txt,NU8KCOVER032202
0000072741-02-000051,2002-03-22,2001-12-31,2002-03-22T05:00:00.000Z,,10-K,001-05324,02582925,,10-K,3370528,0,0,,form10k2001.txt,FORM 10-K
0000927016-02-001618,2002-03-25,2002-05-14,2002-03-25T05:00:00.000Z,,DEF 14A,001-05324,02584893,,DEF 14A,75968,0,0,,ddef14a.txt,NOTICE AND PROXY
0000072741-02-000053,2002-03-27,2001-12-31,2002-03-27T05:00:00.000Z,,U-9C-3,074-00011,02587810,,U-9C-3,95105,0,0,,december2001u9c3.txt,
0001019056-02-000213,2002-04-02,,2002-04-02T05:00:00.000Z,,424B5,333-55142,02598850,,424B5,93722,0,0,,prospetus.txt,PROSPECTUS
0001019056-02-000222,2002-04-02,,2002-04-02T05:00:00.000Z,,424B5,333-55142,02600367,,424B5,93845,0,0,,prospetus.txt,PROSPECTUS
0000072741-02-000055,2002-04-03,2002-03-15,2002-04-03T05:00:00.000Z,,8-K/A,001-05324,02600484,4,8-K/A,6253,0,0,,nu8ka040202.txt,NU 8KA 040202
0000072741-02-000057,2002-04-09,,2002-04-09T04:00:00.000Z,,35-CERT,070-09535,02605576,,35-CERT,8147,0,0,,rule24cov040902.txt,NU 24 CERT
0000072741-02-000059,2002-04-16,,2002-04-16T04:00:00.000Z,,35-CERT/A,070-09535,02611847,,35-CERT/A,319466,0,0,,rule24acover041602.txt,NU NOTE 24 AMEND 041602
0000072741-02-000063,2002-04-23,2002-04-23,2002-04-23T04:00:00.000Z,,8-K,001-05324,02618087,7,8-K,35517,0,0,,nu8k042302.txt,NU 8K Q1 AND SEABROOK
0000072741-02-000067,2002-04-26,,2002-04-26T04:00:00.000Z,,U-1/A,070-09839,02622117,,U-1/A,5940,0,0,,u1a1042602.txt,NU CLP WMECO U1A NO. 10 042502
0000914039-02-000182,2002-04-26,2001-12-31,2002-04-26T04:00:00.000Z,,U5S,030-00246,02622202,,U5S,997155,0,0,,y59744u5s.txt,U5S
0000072741-02-000069,2002-05-07,,2002-05-07T15:05:50.000Z,,U-1/A,070-09839,02636000,,U-1/A,41210,0,0,,u1a11050702.txt,NU U1A 050702
0000072741-02-000071,2002-05-13,2002-03-31,2002-05-13T19:27:58.000Z,,10-Q,001-05324,02643677,,10-Q,605809,0,0,,march.txt,
0000072741-02-000073,2002-05-16,,2002-05-16T15:35:19.000Z,,U-1/A,070-09839,02654422,,U-1/A,4086,0,0,,u1a051602.txt,NU USE OF PROCEEDS AMEND 12 051602
0000072741-02-000076,2002-05-21,,2002-05-21T17:18:05.000Z,,35-CERT,070-09543,02658723,,35-CERT,6213,0,0,,cert709543.txt,
0000072741-02-000077,2002-05-21,,2002-05-21T17:31:35.000Z,,35-CERT,070-09541,02658730,,35-CERT,10589,0,0,,cert709541.txt,
0000072741-02-000079,2002-05-22,,2002-05-22T14:44:21.000Z,,35-CERT,070-09755,02659428,,35-CERT,93619,0,0,,q12002rpt022002.txt,NU 35 Q1 2002 FINANCIALS
0000072741-02-000082,2002-05-29,2002-03-31,2002-05-29T13:43:24.000Z,,U-9C-3,074-00011,02664211,,U-9C-3,110806,0,0,,march2002u9c3.txt,
0000315066-02-001865,2002-06-10,,2002-06-10T14:01:15.000Z,,SC 13G/A,005-43814,02674461,,SC 13G/A,14359,0,0,,filing.txt,DOC ONE
0000072741-02-000084,2002-06-17,2002-06-17,2002-06-17T21:29:38.000Z,,8-K,001-05324,02680921,5,8-K,8121,0,0,,nu8ka061702.txt,NU 8K 061702
0000950135-02-003108,2002-06-25,,2002-06-25T18:21:22.000Z,,U-1/A,070-10033,02686377,,U-1/A,250195,0,0,,b43377nuuv1za.txt,NORTHEAST UTILITIES SYSTEM
9999999997-02-038586,2002-06-27,2001-12-31,2002-07-11T12:27:07.000Z,,11-K,001-05324,02040423,,11-K,1654,0,0,,9999999997-02-038586.paper,AUTO-GENERATED PAPER DOCUMENT
0000072741-02-000088,2002-07-08,,2002-07-08T20:43:24.000Z,,35-CERT,070-09839,02698032,,35-CERT,8762,0,0,,nurule24070802.txt,NU RULE 24 CERT FILE NO. 70-9839 070802
0000950135-02-003380,2002-07-19,,2002-07-19T20:28:34.000Z,,U-1/A,070-10033,02706787,,U-1/A,522922,0,0,,b43787n2uv1za.txt,NORTHEAST UTILITIES
0000072741-02-000092,2002-07-23,2002-07-23,2002-07-23T19:24:46.000Z,,8-K,001-05324,02708556,7,8-K,46399,0,0,,nu8k072302.txt,NU 8-L Q2 2002 COVER 072302
0000950135-02-003447,2002-07-29,,2002-07-29T14:58:28.000Z,,U-1/A,070-10033,02712778,,U-1/A,5556,0,0,,b43787a3uv1za.txt,NORTHEAST UTILITIES
0000072741-02-000094,2002-08-02,2002-08-02,2002-08-02T17:35:04.000Z,,8-K,001-05324,02718177,"5,7",8-K,9629,0,0,,nu8k080202.txt,NU 8-K COVER 080202
0000950135-02-003560,2002-08-07,,2002-08-07T14:51:20.000Z,,35-CERT,070-10033,02721285,,35-CERT,10157,0,0,,b43884nue35vcert.txt,NORTHEAST UTILITIES
0000072741-02-000097,2002-08-09,2002-06-30,2002-08-09T16:50:32.000Z,,10-Q,001-05324,02724240,,10-Q,301127,0,0,,june200210.txt,
0000072741-02-000106,2002-08-12,,2002-08-12T13:36:47.000Z,,35-CERT,070-09755,02725844,,35-CERT,94012,0,0,,nu2002q2rpt0802.txt,NU Q@ 2002 RPT 080902
0000072741-02-000109,2002-08-13,,2002-08-13T20:02:12.000Z,,U-1/A,070-10051,02729767,,U-1/A,25352,0,0,,nuu1a081202.txt,NU U-1-A 081302
0000072741-02-000111,2002-08-21,2002-08-02,2002-08-21T16:22:47.000Z,,8-K,001-05324,02744498,"5,7",8-K,9509,0,0,,nu8k081402.txt,NU 8K 081402
0000072741-02-000113,2002-08-27,2002-06-30,2002-08-27T17:31:33.000Z,,U-9C-3,074-00011,02749350,,U-9C-3,109938,0,0,,juneu9c.txt,
0000072741-02-000119,2002-08-27,,2002-08-27T19:14:50.000Z,,35-CERT,070-09541,02749524,,35-CERT,10235,0,0,,no709541.txt,
0000072741-02-000120,2002-08-27,,2002-08-27T19:19:47.000Z,,35-CERT,070-09839,02749538,,35-CERT,8340,0,0,,no709839.txt,
0000072741-02-000121,2002-08-27,,2002-08-27T19:24:26.000Z,,35-CERT,070-09543,02749552,,35-CERT,6086,0,0,,no709543.txt,
0000205716-02-000051,2002-10-02,2002-10-01,2002-10-02T20:45:42.000Z,,4,001-05324,02779999,,4,33948,0,0,,clo0210014.htm,CLOUD FORM 4 10-02-02
0000205716-02-000052,2002-10-02,2002-10-01,2002-10-02T20:45:57.000Z,,4,001-05324,02780002,,4,33740,0,0,,dep0210014.htm,DE PLANQUE FORM 4 10-02-02
0000205716-02-000053,2002-10-02,2002-10-01,2002-10-02T20:46:11.000Z,,4,001-05324,02780004,,4,33615,0,0,,pat0210014.htm,PATRICELLI FORM 4 10-02-02
0000072741-02-000124,2002-10-09,2002-10-08,2002-10-08T21:34:11.000Z,,8-K,001-05324,02784474,9,8-K,7391,0,0,,covernu8k100802.txt,NU 8-K COVER 10-08-02
0000072741-02-000132,2002-10-21,2002-10-21,2002-10-21T18:17:04.000Z,,8-K,001-05324,02793687,9,8-K,44172,0,0,,cover8k102102.txt,NU 8K COVER 10-21-02
0000072741-02-000133,2002-10-21,2002-10-21,2002-10-21T18:17:23.000Z,,8-K,001-05324,02793689,9,8-K,24010,0,0,,cover8kslides102102.txt,NU 8K COVER 10-21-02
0000205716-02-000061,2002-11-04,2002-11-01,2002-11-04T20:41:46.000Z,,4,001-05324,02808313,,4,32952,0,0,,mor0211014.htm,MORRIS FORM 4 11-04-02
0000072741-02-000135,2002-11-08,2002-09-30,2002-11-08T19:22:21.000Z,,10-Q,001-05324,02813931,,10-Q,385550,0,0,,cover.txt,
0000072741-02-000137,2002-11-13,,2002-11-13T21:35:12.000Z,,U-1,070-10105,02820422,,U-1,7058,0,0,,nuu1seabrook111302.txt,NU SEABROOK U-1 111302
0000072741-02-000141,2002-11-14,,2002-11-14T17:50:13.000Z,,U-1/A,070-09343,02823375,,U-1/A,11024,0,0,,nuu1a111402.txt,NU U-1-A AMEND. NO. 6 POST EFF. AMEND NO. 4
0000072741-02-000146,2002-11-15,,2002-11-15T13:20:47.000Z,,35-CERT,070-09755,02828221,,35-CERT,94316,0,0,,nuq302rpt111402.txt,NU Q3 2002 RPT 111502
0000072741-02-000148,2002-11-15,,2002-11-15T21:55:57.000Z,,U-1/A,070-09343,02830338,,U-1/A,11198,0,0,,nuu1a111502.txt,NU U-1-A PA5 111502
0000072741-02-000151,2002-11-18,,2002-11-18T20:14:01.000Z,,U-1/A,070-10051,02831302,,U-1/A,28276,0,0,,nuu1a2111802.txt,NU U-1-A NO. 2 FILE NO. 70-10051 111802
0000072741-02-000154,2002-11-21,,2002-11-21T19:17:10.000Z,,35-CERT,070-09755,02835929,,35-CERT,433316,0,0,,revolverrule24112102.txt,NU RULE 24 CERT. REVOLVER 112102
0000072741-02-000159,2002-11-25,2002-09-30,2002-11-25T13:59:10.000Z,,U-9C-3,074-00011,02838694,,U-9C-3,120576,0,0,,u9c3september2002.txt,
0000072741-02-000162,2002-11-26,,2002-11-26T19:27:13.000Z,,35-CERT,070-09543,02840812,,35-CERT,6335,0,0,,sept709543.txt,
0000072741-02-000165,2002-11-26,,2002-11-26T19:47:16.000Z,,35-CERT,070-09541,02840899,,35-CERT,9902,0,0,,sept709541.txt,
0000072741-02-000167,2002-11-26,,2002-11-26T19:56:27.000Z,,35-CERT,070-09839,02840935,,35-CERT,8313,0,0,,sept709839.txt,
0000072741-02-000169,2002-11-26,2002-11-26,2002-11-26T22:17:36.000Z,,8-K,001-05324,02841510,5,8-K,8377,0,0,,nu8k112602.txt,"NU, CL&P, PSNH, WMECO 8-K 11/26/02"
0000072741-02-000171,2002-11-27,2002-11-26,2002-11-27T19:18:57.000Z,,8-K/A,001-05324,02843200,5,8-K/A,8800,0,0,,amended8k.txt,
0000072741-02-000175,2002-12-17,,2002-12-17T21:32:22.000Z,,U-1/A,070-09343,02860426,,U-1/A,17366,0,0,,u1a121702ascii.txt,
0000205716-03-000010,2003-01-06,2003-01-02,2003-01-06T18:00:18.000Z,,4,001-05324,03504360,,4,33792,0,0,,boo0301064.htm,BOOTH FORM 4 010603
0000205716-03-000011,2003-01-06,2003-01-02,2003-01-06T18:00:36.000Z,,4,001-05324,03504362,,4,33837,0,0,,cle0301064.htm,CLEVELAND FORM 4 010603
0000205716-03-000012,2003-01-06,2003-01-02,2003-01-06T18:01:01.000Z,,4,001-05324,03504365,,4,33825,0,0,,clo0301064.htm,CLOUD FORM 4 010603
0000205716-03-000013,2003-01-06,2003-01-02,2003-01-06T18:01:28.000Z,,4,001-05324,03504366,,4,33744,0,0,,cor0301064.htm,CORDES FORM 4 010603
0000205716-03-000014,2003-01-06,2003-01-02,2003-01-06T18:01:47.000Z,,4,001-05324,03504367,,4,33658,0,0,,dep0301064.htm,DEPLANQUE FORM 4 010603
0000205716-03-000015,2003-01-06,2003-01-02,2003-01-06T18:02:15.000Z,,4,001-05324,03504369,,4,33799,0,0,,ken0301064.htm,KENNAN FORM 4 010603
0000205716-03-000016,2003-01-06,2003-01-02,2003-01-06T18:02:34.000Z,,4,001-05324,03504372,,4,33530,0,0,,pat0301064.htm,PATRICELLI FORM 4 010603
0000205716-03-000017,2003-01-06,2003-01-02,2003-01-06T18:03:33.000Z,,4,001-05324,03504376,,4,33703,0,0,,swo0301064.htm,SWOPE FORM 4 010603
0000205716-03-000019,2003-01-07,2003-01-06,2003-01-07T21:48:07.000Z,,4,001-05324,03506777,,4,30315,0,0,,sta030106.htm,STACK FORM 4 010703
0000072741-03-000002,2003-01-15,,2003-01-15T19:23:15.000Z,,U-1,070-10112,03514764,,U-1,37924,0,0,,nnecou1011503.txt,NNECO FORM U-1 011503
0000072741-03-000005,2003-01-28,2002-12-31,2003-01-28T17:43:43.000Z,,8-K,001-05324,03527340,"5,7",8-K,36884,0,0,,nu8kyearend012803.txt,NU 8-K 2002 YEAR END RESULTS 012803
0001089355-03-000148,2003-01-31,,2003-01-31T21:12:50.000Z,,SC 13G,005-43814,03534809,,SC 13G,7523,0,0,,file001.txt,SCHEDULE 13G
0000205716-03-000058,2003-02-04,2002-11-01,2003-02-04T17:45:14.000Z,,4,001-05324,03537911,,4,34914,0,0,,mor0301314.htm,MORRIS FORM 4 013103
0000205716-03-000059,2003-02-04,2003-01-31,2003-02-04T17:45:37.000Z,,4,001-05324,03537913,,4,34606,0,0,,shi0301314.htm,SHIVERY FORM 4 013103
0000205716-03-000060,2003-02-04,2003-01-31,2003-02-04T17:45:57.000Z,,4,001-05324,03537914,,4,35972,0,0,,gri0301314.htm,GRISE FORM 4 013103
0000930661-03-000585,2003-02-12,,2003-02-12T19:05:04.000Z,,SC 13G,005-43814,03553699,,SC 13G,9859,0,0,,dsc13g.txt,SCHEDULE 13G
0000072741-03-000021,2003-02-12,,2003-02-12T20:41:23.000Z,,35-CERT,070-09755,03554478,,35-CERT,92772,0,0,,nuq42002quartrpt021403.txt,NU Q4 2002 REPORT FILE NO. 70-9755
0000205716-03-000084,2003-02-13,2002-12-31,2003-02-13T20:01:21.000Z,,5,001-05324,03558985,,5,35725,0,0,,butform5030213.htm,FORM 5 021302
0000205716-03-000085,2003-02-13,2002-12-31,2003-02-13T20:01:43.000Z,,5,001-05324,03558994,,5,34943,0,0,,forsform5030213.htm,FORM 5
0000205716-03-000086,2003-02-13,2002-12-10,2003-02-13T20:01:56.000Z,,5,001-05324,03558998,,5,35607,0,0,,goldenform5030213.htm,FORM 5
0000205716-03-000087,2003-02-13,2002-12-31,2003-02-13T20:02:13.000Z,,5,001-05324,03559006,,5,36338,0,0,,kenyonform5030213.htm,FORM 5
0000205716-03-000088,2003-02-13,2002-12-31,2003-02-13T20:02:30.000Z,,5,001-05324,03559010,,5,35960,0,0,,thibdaueform5030213.htm,FORM 5
0000315066-03-001812,2003-02-14,,2003-02-13T22:41:59.000Z,,SC 13G/A,005-43814,03561287,,SC 13G/A,13894,0,0,,filing.txt,DOC ONE
0000205716-03-000095,2003-02-27,2003-02-25,2003-02-27T17:31:44.000Z,,4,001-05324,03582614,,4,31985,0,0,,butform4030227.htm,BUTLER FORM 4 022703
0000205716-03-000096,2003-02-27,2003-02-25,2003-02-27T17:32:08.000Z,,4,001-05324,03582616,,4,32460,0,0,,shivform4030227.htm,SHIVERY FORM 4 022703
0000205716-03-000097,2003-02-27,2003-02-25,2003-02-27T17:32:31.000Z,,4,001-05324,03582617,,4,30283,0,0,,stackform4030227.htm,STACK FORM 4 022703
0000205716-03-000098,2003-02-27,2003-02-25,2003-02-27T19:01:44.000Z,,4,001-05324,03582901,,4,32428,0,0,,forsform4030227.htm,FORSGREN FORM 4
0000205716-03-000099,2003-02-27,2003-02-25,2003-02-27T19:02:06.000Z,,4,001-05324,03582902,,4,35555,0,0,,griseform4030227.htm,GRISE FORM 4 022703
0000205716-03-000100,2003-02-27,2003-02-25,2003-02-27T19:02:29.000Z,,4,001-05324,03582904,,4,32637,0,0,,morrisform4030227.htm,MORRIS FORM 4 022703
0000072741-03-000024,2003-02-28,,2003-02-28T19:32:07.000Z,,35-CERT,070-09839,03586107,,35-CERT,8190,0,0,,file709839.txt,
0000072741-03-000026,2003-02-28,,2003-02-28T19:43:46.000Z,,35-CERT,070-09541,03586215,,35-CERT,11356,0,0,,file709541.txt,
0000072741-03-000028,2003-02-28,,2003-02-28T19:53:45.000Z,,35-CERT,070-09543,03586297,,35-CERT,6265,0,0,,file709543.txt,
0000205716-03-000112,2003-03-11,2003-03-07,2003-03-11T16:52:33.000Z,,4,001-05324,03598960,,4,33887,0,0,,boo030307.htm,BOOTH FORM 4 030307
0000205716-03-000113,2003-03-11,2003-03-07,2003-03-11T16:53:17.000Z,,4,001-05324,03598963,,4,33765,0,0,,cle030307.htm,CLEVE FORM 4 030307
0000205716-03-000114,2003-03-11,2003-03-07,2003-03-11T16:53:41.000Z,,4,001-05324,03598966,,4,33839,0,0,,clo0303074.htm,CLOUD FORM 4 030307
0000205716-03-000115,2003-03-11,2003-03-07,2003-03-11T16:54:00.000Z,,4,001-05324,03598967,,4,33879,0,0,,cor0303074.htm,CORDES FORM 4 030307
0000205716-03-000116,2003-03-11,2003-03-07,2003-03-11T16:54:25.000Z,,4,001-05324,03598969,,4,33654,0,0,,dep0303074.htm,DEPLAN FORM 4 030307
0000205716-03-000117,2003-03-11,2003-03-07,2003-03-11T16:54:47.000Z,,4,001-05324,03598970,,4,32320,0,0,,for0303074.htm,FORS. FORM4 030307
0000205716-03-000118,2003-03-11,2003-03-07,2003-03-11T16:55:12.000Z,,4,001-05324,03598971,,4,35466,0,0,,gri0303074.htm,GRISE FORM 4 030307
0000205716-03-000119,2003-03-11,2003-03-07,2003-03-11T16:55:31.000Z,,4,001-05324,03598972,,4,33894,0,0,,ken0303074.htm,KENNAN FORM 4 030307
0000205716-03-000120,2003-03-11,2003-03-07,2003-03-11T16:55:50.000Z,,4,001-05324,03598974,,4,32521,0,0,,mor0303074.htm,MORRIS FORM 4 030307
0000205716-03-000121,2003-03-11,2003-03-07,2003-03-11T16:56:10.000Z,,4,001-05324,03598975,,4,33533,0,0,,pat0303074.htm,PATRIC FORM 4 030307
0000205716-03-000122,2003-03-11,2003-03-07,2003-03-11T16:56:30.000Z,,4,001-05324,03598979,,4,33872,0,0,,swo0303074.htm,SWOPE FORM 4030307
0000072741-03-000032,2003-03-17,2003-03-15,2003-03-17T18:51:19.000Z,,8-K,001-05324,03605547,9,8-K,5845,0,0,,nu8kcover031703.txt,NU 8-K CONED 031503
0000072741-03-000035,2003-03-18,,2003-03-18T19:14:27.000Z,,U-1/A,070-10051,03607494,,U-1/A,28505,0,0,,nu1amand3031803.txt,NU U-1-A NO. 3 70-10051 031803
0000072741-03-000040,2003-03-21,2002-12-31,2003-03-21T20:04:21.000Z,,10-K,001-05324,03612233,,10-K,1597133,0,0,,form10k2002.txt,2002 FORM 10-K
0000072741-03-000042,2003-03-26,2002-12-31,2003-03-26T18:15:20.000Z,,U-9C-3,074-00011,03617700,,U-9C-3,111049,0,0,,december2002u9c3.txt,
0000205716-03-000124,2003-03-31,2003-03-27,2003-03-31T18:02:32.000Z,,4,001-05324,03628717,,4,32218,0,0,,forsgform4030327.htm,FORSGREN FORM 4 032703
0000205716-03-000129,2003-04-01,2003-04-01,2003-04-01T18:23:12.000Z,,4,001-05324,03633552,,4,33765,0,0,,cloform4040103.htm,CLOUD FORM 4 040103
0000205716-03-000130,2003-04-01,2003-04-01,2003-04-01T18:24:00.000Z,,4,001-05324,03633554,,4,33584,0,0,,depform4040103.htm,DEPLANQUE FORM 4 040103
0000072741-03-000046,2003-04-04,,2003-04-04T17:32:47.000Z,,U-1/A,070-10112,03639743,,U-1/A,33301,0,0,,nnecu1a040103a.txt,NU NNEC U1A AMEND. NO. 1 040403
0000205716-03-000137,2003-04-07,2003-03-31,2003-04-07T15:45:37.000Z,,3,001-05324,03640973,,3,12232,0,0,,graform30303313.htm,GRAHAM FORM 3 030331
0000205716-03-000139,2003-04-07,2003-03-07,2003-04-07T16:46:52.000Z,,4,001-05324,03641051,,4,33960,0,0,,grahamform4030404.htm,GRAHAM FORM 4 040403
0000927016-03-001675,2003-04-07,2003-05-13,2003-04-07T17:13:32.000Z,,DEF 14A,001-05324,03641092,,DEF 14A,838344,0,0,,ddef14a.htm,DEFINITIVE NOTICE AND PROXY STATEMENT
0000072741-03-000049,2003-04-08,,2003-04-08T18:24:21.000Z,,35-CERT,070-10051,03642527,,35-CERT,4247,0,0,,nurule24isda040703.txt,NU RULE 24 CERT. ISDA 040803
0000205716-03-000142,2003-04-11,2003-04-09,2003-04-11T20:41:27.000Z,,4,001-05324,03647397,,4,33961,0,0,,gra0304094.htm,GRAHAM FORM 4 040903
0000072741-03-000071,2003-04-16,,2003-04-16T19:36:21.000Z,,U-1/A,070-09755,03652593,,U-1/A,73730,0,0,,u1a709755.txt,AMENDMENT
0000205716-03-000144,2003-04-21,2003-04-17,2003-04-21T20:12:19.000Z,,4,001-05324,03657011,,4,33935,0,0,,gra0304174.htm,GRAHAM FORM 4 04172003
0000072741-03-000073,2003-04-22,2003-04-22,2003-04-22T21:28:17.000Z,,8-K,001-05324,03658860,"7,9",8-K,26558,0,0,,nu8kq12003042203.txt,NU 8-K Q1 2003
0000205716-03-000147,2003-04-24,2003-04-23,2003-04-24T18:29:52.000Z,,4,001-05324,03661971,,4,33928,0,0,,gra0304234.htm,GRAHAM FORM 4 042403
0000949377-03-000287,2003-04-25,2002-12-31,2003-04-25T15:05:30.000Z,,U5S,030-00246,03663779,,U5S,802669,0,0,,nu_60828-u5s.txt,ANNUAL REPORT
0000072741-03-000076,2003-05-02,,2003-05-02T13:08:58.000Z,,35-CERT,070-10051,03678131,,35-CERT,3383,0,0,,nurule24042803.txt,NU RULE 24 050103
0000072741-03-000078,2003-05-02,2003-05-02,2003-05-02T20:20:39.000Z,,8-K,001-05324,03680022,"7,9",8-K,8488,0,0,,nu8kcover050203.txt,NU 8-K 050203
0000072741-03-000085,2003-05-08,,2003-05-08T15:45:44.000Z,,U-1/A,070-09755,03687478,,U-1/A,189464,0,0,,nuu1a050603.txt,NU U-1-A COVER 70-9755
0000072741-03-000088,2003-05-09,2003-03-31,2003-05-09T16:39:54.000Z,,10-Q,001-05324,03689617,,10-Q,378117,0,0,,march2003v5.txt,FORM 10-Q
0000072741-03-000091,2003-05-15,2003-05-14,2003-05-14T23:16:50.000Z,,8-K,001-05324,03700674,5,8-K,5769,0,0,,nu8k051403final.txt,NU 8K
0000927016-03-002744,2003-05-15,,2003-05-15T19:01:43.000Z,,S-3,333-105273,03704210,,S-3,257548,0,0,,ds3.htm,FORM S-3
0000072741-03-000093,2003-05-21,,2003-05-21T15:19:40.000Z,,35-CERT,070-09755,03713895,,35-CERT,91079,0,0,,nuq103rept051403.txt,NU Q1 2003 REPORT FILE NO. 70-9755
0000072741-03-000094,2003-05-21,,2003-05-21T15:26:57.000Z,,35-CERT,070-09755,03713922,,35-CERT,91079,0,0,,nuq103rept051403.txt,NU Q1 2003 REPORT FILE NO. 70-9755
0000927016-03-002859,2003-05-27,,2003-05-27T20:23:17.000Z,,S-3/A,333-105273,03720061,,S-3/A,542276,0,0,,ds3a.htm,FORM S-3/A AMENDMENT #1
0000072741-03-000097,2003-05-28,2003-03-31,2003-05-28T14:01:32.000Z,,U-9C-3,074-00011,03720764,,U-9C-3,129853,0,0,,march03u9c3.txt,
0000072741-03-000099,2003-05-29,,2003-05-29T17:56:39.000Z,,35-CERT,070-09541,03723120,,35-CERT,9103,0,0,,cert9541.txt,
0000072741-03-000101,2003-05-29,,2003-05-29T18:09:24.000Z,,35-CERT,070-09543,03723148,,35-CERT,6259,0,0,,cert9543.txt,
0000072741-03-000103,2003-05-29,,2003-05-29T18:21:22.000Z,,35-CERT,070-09839,03723189,,35-CERT,8460,0,0,,cert9839.txt,
0000927016-03-002864,2003-05-30,,2003-05-29T23:39:37.000Z,,424B5,333-105273,03724294,,424B5,275026,0,0,,d424b5.htm,FORM 424(B)(5) PROSPECTUS SUPPLEMENT
0000072741-03-000105,2003-05-30,2003-05-30,2003-05-30T18:59:25.000Z,,8-K,001-05324,03725637,"7,9",8-K,4243,0,0,,nu8kcover053003.txt,NU 8-K 053003
0000072741-03-000108,2003-06-04,,2003-06-04T18:38:33.000Z,,U-1/A,070-09755,03732302,,U-1/A,67351,0,0,,nuu1aamend3060303.txt,NU U-1-A POS. EFF.3 AMEND 6 060403
0000072741-03-000110,2003-06-06,,2003-06-06T14:42:46.000Z,,35-CERT,070-10051,03735175,,35-CERT,43691,0,0,,nurule24060503.txt,NU RULE 24 CERT. 060603
0000072741-03-000113,2003-06-11,,2003-06-11T17:12:19.000Z,,S-8,333-106008,03740200,,S-8,94540,0,0,,nus82003.txt,NU S-8 061003
0000205716-03-000150,2003-06-11,2003-06-09,2003-06-11T17:37:41.000Z,,4,,,,4,6607,0,0,,xslF345X01/primary_doc.xml,PRIMARY DOCUMENT
0000072741-03-000116,2003-06-16,2003-06-13,2003-06-13T22:05:32.000Z,,8-K,001-05324,03744403,"7,9",8-K,7484,0,0,,nuclpngs8k061303.txt,NU & CL&P NGS 8K 061303
0000072741-03-000117,2003-06-16,2003-06-13,2003-06-13T22:05:53.000Z,,8-K,001-05324,03744407,"7,9",8-K,9683,0,0,,nuetal8k061303.txt,"NU, CL&P, PSNH & WMECO 8-K 061303"
0000205716-03-000151,2003-06-18,2003-06-16,2003-06-18T20:39:33.000Z,,4,,,,4,18550,0,0,,xslF345X01/primary_doc.xml,PRIMARY DOCUMENT
0000072741-03-000119,2003-06-30,,2003-06-30T21:01:21.000Z,,U-1/A,070-09755,03765152,,U-1/A,20350,0,0,,nuu1a4063003.txt,NU U-1-A NO. 7 063003
9999999997-03-028523,2003-06-30,2002-12-31,2003-07-08T17:27:41.000Z,,11-K,001-05324,03025183,,11-K,1654,0,0,,9999999997-03-028523.paper,AUTO-GENERATED PAPER DOCUMENT
0000205716-03-000152,2003-07-02,2003-07-01,2003-07-02T19:33:54.000Z,,4,,,,4,4819,0,0,,xslF345X01/primary_doc.xml,PRIMARY DOCUMENT
0000205716-03-000153,2003-07-02,2003-07-01,2003-07-02T19:48:32.000Z,,4,,,,4,4662,0,0,,xslF345X01/primary_doc.xml,PRIMARY DOCUMENT
0000205716-03-000154,2003-07-02,2003-07-01,2003-07-02T19:57:38.000Z,,4,,,,4,4875,0,0,,xslF345X01/primary_doc.xml,PRIMARY DOCUMENT
0000205716-03-000155,2003-07-16,2003-07-14,2003-07-16T18:57:19.000Z,,4,,,,4,6562,0,0,,xslF345X01/primary_doc.xml,PRIMARY DOCUMENT
0000205716-03-000156,2003-07-22,2003-07-21,2003-07-22T14:47:01.000Z,,4,,,,4,4871,0,0,,xslF345X01/primary_doc.xml,PRIMARY DOCUMENT
0000072741-03-000124,2003-07-22,2003-07-22,2003-07-22T17:52:52.000Z,,8-K,001-05324,03796141,9,8-K,32496,0,0,,nu8kq22003072203.txt,NU 8-K Q2 2003 072203
0000072741-03-000126,2003-07-23,,2003-07-23T13:00:04.000Z,,U-1/A,070-09343,03797417,,U-1/A,25052,0,0,,nuu1a072303.txt,NU U-1-A 70-9343
0000205716-03-000157,2003-08-08,2003-08-08,2003-08-08T15:19:58.000Z,,4,,,,4,5253,0,0,,xslF345X02/primary_doc.xml,PRIMARY DOCUMENT
0000072741-03-000128,2003-08-08,2003-06-30,2003-08-08T17:50:31.000Z,,10-Q,001-05324,03831137,,10-Q,326113,0,0,,june2003edgar.txt,FORM 10-Q
0000072741-03-000132,2003-08-14,,2003-08-14T18:55:36.000Z,,U-1/A,070-09343,03846674,,U-1/A,4168,0,0,,nuu1a081403.txt,NU NUEI U-1-A FILE NO. 70-9343
0000072741-03-000134,2003-08-18,,2003-08-18T20:19:50.000Z,,35-CERT,070-09755,03853362,,35-CERT,94671,0,0,,nuq203rpt081403.txt,NU Q 2003 REPORT FILE NO. 70-9755
0000072741-03-000143,2003-08-26,,2003-08-26T18:52:18.000Z,,35-CERT,070-09541,03866364,,35-CERT,10553,0,0,,file709541.txt,
0000072741-03-000146,2003-08-26,,2003-08-26T19:04:03.000Z,,35-CERT,070-09543,03866410,,35-CERT,6197,0,0,,file709543.txt,
0000072741-03-000148,2003-08-26,,2003-08-26T19:12:07.000Z,,35-CERT,070-09839,03866445,,35-CERT,8464,0,0,,file9839.txt,
0000072741-03-000150,2003-08-27,2003-06-30,2003-08-27T14:23:00.000Z,,U-9C-3,074-00011,03867667,,U-9C-3,129974,0,0,,june2003u9c3.txt,
0000205716-03-000158,2003-08-27,2003-08-25,2003-08-27T17:24:53.000Z,,4,,,,4,5258,0,0,,xslF345X02/primary_doc.xml,PRIMARY DOCUMENT
0000205716-03-000159,2003-09-11,2003-09-10,2003-09-11T13:10:09.000Z,,4,,,,4,5258,0,0,,xslF345X02/primary_doc.xml,PRIMARY DOCUMENT
0000072741-03-000154,2003-09-29,,2003-09-29T20:12:02.000Z,,U-1/A,070-09343,03915064,,U-1/A,4314,0,0,,nuu1a092903.txt,NU U-1-A 092903
0000205716-03-000160,2003-10-02,2003-10-01,2003-10-02T14:51:01.000Z,,4,,,,4,5199,0,0,,xslF345X02/primary_doc.xml,PRIMARY DOCUMENT
0000205716-03-000161,2003-10-02,2003-10-01,2003-10-02T15:24:24.000Z,,4,,,,4,5036,0,0,,xslF345X02/primary_doc.xml,PRIMARY DOCUMENT
0000205716-03-000162,2003-10-02,2003-10-02,2003-10-02T15:37:11.000Z,,4,,,,4,5303,0,0,,xslF345X02/primary_doc.xml,PRIMARY DOCUMENT
0000072741-03-000160,2003-10-10,,2003-10-10T13:52:50.000Z,,U-1/A,070-10112,03936206,,U-1/A,23353,0,0,,nnecou1a100903.txt,NNECO U-1-A (AMEND. 2) 100903
0000072741-03-000167,2003-10-14,,2003-10-14T19:38:30.000Z,,U-1,070-10177,03939475,,U-1,121417,0,0,,selectrule58u1101403.txt,NU SELECT
0000205716-03-000163,2003-10-15,2003-10-15,2003-10-15T15:16:47.000Z,,4,,,,4,5303,0,0,,xslF345X02/primary_doc.xml,PRIMARY DOCUMENT
0000205716-03-000164,2003-10-24,2003-10-24,2003-10-24T19:59:15.000Z,,4,,,,4,5301,0,0,,xslF345X02/primary_doc.xml,PRIMARY DOCUMENT
0000072741-03-000171,2003-10-27,2003-10-27,2003-10-27T15:16:00.000Z,,8-K,001-05324,03957616,9,8-K,32015,0,0,,cover8kqeeislides102703.txt,NU 8-K EEI PRESENTATION 102703
0000072741-03-000174,2003-10-27,2003-10-27,2003-10-27T18:40:04.000Z,,8-K,001-05324,03958104,"12,9",8-K,37693,0,0,,cover8kq3results102703.txt,NU 8K Q3 2003 102703
0000205716-03-000165,2003-10-30,2003-10-29,2003-10-30T22:12:20.000Z,,4,,,,4,18849,0,0,,xslF345X02/primary_doc.xml,PRIMARY DOCUMENT
0000205716-03-000166,2003-10-31,2003-10-29,2003-10-31T15:57:09.000Z,,4/A,,,,4/A,19021,0,0,,xslF345X02/primary_doc.xml,PRIMARY DOCUMENT
0000205716-03-000167,2003-10-31,2003-10-29,2003-10-31T19:16:22.000Z,,4,,,,4,67378,0,0,,xslF345X02/primary_doc.xml,PRIMARY DOCUMENT
0000205716-03-000168,2003-11-06,2003-11-04,2003-11-06T15:43:13.000Z,,4,,,,4,14792,0,0,,xslF345X02/primary_doc.xml,PRIMARY DOCUMENT
0000072741-03-000178,2003-11-07,2003-09-30,2003-11-07T20:33:25.000Z,,10-Q,001-05324,03985053,,10-Q,386303,0,0,,sept10q.txt,FORM 10-Q
0000205716-03-000169,2003-11-07,2003-11-06,2003-11-07T20:55:14.000Z,,4,,,,4,5303,0,0,,xslF345X02/primary_doc.xml,PRIMARY DOCUMENT
0000072741-03-000181,2003-11-13,,2003-11-13T19:44:21.000Z,,35-CERT,070-09755,03997487,,35-CERT,107465,0,0,,nuq303rptcompl110503.txt,"NU Q3 2003 REPORT & FINANCIALS 111303, FILE 70-9755"
0000072741-03-000185,2003-11-17,,2003-11-17T20:02:48.000Z,,35-CERT,070-09755,031007803,,35-CERT,448234,0,0,,revolverrule24117203.txt,NU RULE 24 CERT. 111403
0000072741-03-000187,2003-11-25,2003-09-30,2003-11-25T14:53:11.000Z,,U-9C-3,074-00011,031022076,,U-9C-3,135784,0,0,,september03u9c3.txt,
0000072741-03-000189,2003-11-25,2003-11-25,2003-11-25T20:35:16.000Z,,8-K,001-05324,031023166,5,8-K,9914,0,0,,nu8k112403.txt,"NU, CL&P, PSNH, WMECO 8-K 112503"
0000072741-03-000194,2003-11-26,,2003-11-26T13:18:03.000Z,,35-CERT,070-09541,031024510,,35-CERT,10417,0,0,,cert9541.txt,
0000072741-03-000196,2003-11-26,,2003-11-26T13:26:01.000Z,,35-CERT,070-09543,031024514,,35-CERT,6216,0,0,,cert709543.txt,
0000072741-03-000199,2003-11-26,,2003-11-26T13:33:51.000Z,,35-CERT,070-09839,031024520,,35-CERT,8558,0,0,,cert9839.txt,
0000072741-03-000204,2003-12-08,,2003-12-08T21:19:56.000Z,,U-1,070-10184,031042754,,U-1,61074,0,0,,nuetalu1120803.txt,NU U-1-A 120803
0000315066-03-003163,2003-12-10,,2003-12-10T15:56:46.000Z,,SC 13G/A,005-43814,031046283,,SC 13G/A,9592,0,0,,filing.txt,DOC ONE
0000205716-03-000170,2003-12-10,2003-12-10,2003-12-10T19:28:37.000Z,,4,,,,4,5303,0,0,,xslF345X02/primary_doc.xml,PRIMARY DOCUMENT
0000072741-03-000206,2003-12-17,2003-12-16,2003-12-16T23:38:55.000Z,,8-K,001-05324,031058380,5,8-K,7972,0,0,,nu8kmorris121603.txt,NU 8K MORRIS 121603
0000205716-03-000171,2003-12-17,2003-12-17,2003-12-17T19:41:41.000Z,,4,,,,4,5302,0,0,,xslF345X02/primary_doc.xml,PRIMARY DOCUMENT
0000072741-03-000209,2003-12-22,2003-12-17,2003-12-22T18:26:46.000Z,,8-K,001-05324,031067159,5,8-K,6750,0,0,,nuclp8k121903.txt,NU & CL&P 8-K 122203
0000072741-03-000212,2003-12-23,,2003-12-23T20:02:00.000Z,,35-CERT,070-09755,031070780,,35-CERT,18042,0,0,,revolverrule24122303.txt,NU RULE 24 CERT. 122303
0000072741-03-000215,2003-12-31,2003-12-31,2003-12-31T16:25:47.000Z,,8-K,001-05324,031079549,5,8-K,5099,0,0,,nuclp8ksmd123103.txt,NU & CL&P 8-K 123103
0000205716-04-000001,2004-01-05,2004-01-02,2004-01-05T20:47:32.000Z,,4,,,,4,5382,0,0,,xslF345X02/primary_doc.xml,PRIMARY DOCUMENT
0000072741-04-000002,2004-01-09,,2004-01-09T16:43:48.000Z,,35-CERT,070-10112,04517012,,35-CERT,7354,0,0,,nnecorule24010804.txt,NNECO RULE 24 010904
0000205716-04-000003,2004-01-14,2004-01-13,2004-01-14T20:28:57.000Z,,4,,,,4,5405,0,0,,xslF345X02/primary_doc.xml,PRIMARY DOCUMENT
0000205716-04-000004,2004-01-14,2004-01-13,2004-01-14T21:01:41.000Z,,4,,,,4,5486,0,0,,xslF345X02/primary_doc.xml,PRIMARY DOCUMENT
0000205716-04-000005,2004-01-14,2004-01-13,2004-01-14T21:30:41.000Z,,4,,,,4,5462,0,0,,xslF345X02/primary_doc.xml,PRIMARY DOCUMENT
0000205716-04-000006,2004-01-14,2004-01-13,2004-01-14T21:56:47.000Z,,4,,,,4,5409,0,0,,xslF345X02/primary_doc.xml,PRIMARY DOCUMENT
0000205716-04-000007,2004-01-14,2004-01-13,2004-01-14T22:20:18.000Z,,4,,,,4,5357,0,0,,xslF345X02/primary_doc.xml,PRIMARY DOCUMENT
0000205716-04-000008,2004-01-14,2004-01-13,2004-01-14T22:33:09.000Z,,4,,,,4,5477,0,0,,xslF345X02/primary_doc.xml,PRIMARY DOCUMENT
0000205716-04-000009,2004-01-15,2004-01-13,2004-01-15T15:44:33.000Z,,4,,,,4,5404,0,0,,xslF345X02/primary_doc.xml,PRIMARY DOCUMENT
0000205716-04-000010,2004-01-15,2004-01-13,2004-01-15T16:36:57.000Z,,4,,,,4,5129,0,0,,xslF345X02/primary_doc.xml,PRIMARY DOCUMENT
0000205716-04-000011,2004-01-15,2004-01-13,2004-01-15T17:35:56.000Z,,4,,,,4,5391,0,0,,xslF345X02/primary_doc.xml,PRIMARY DOCUMENT
0000072741-04-000005,2004-01-22,2004-01-22,2004-01-22T21:41:27.000Z,,8-K,001-05324,04537835,5,8-K,5403,0,0,,nuclp8ksmd012204.txt,NU & CL&P 8-K 012204
0000205716-04-000013,2004-01-23,2004-01-19,2004-01-23T18:53:23.000Z,,3,,,,3,8208,0,0,,xslF345X02/primary_doc.xml,PRIMARY DOCUMENT
0000072741-04-000007,2004-01-27,2003-12-31,2004-01-27T15:50:39.000Z,,8-K,001-05324,04545091,"12,9",8-K,33386,0,0,,cover8k012704.txt,NU 8-K FOR PER. 12/31/03
0000205716-04-000014,2004-02-03,2004-01-30,2004-02-03T16:02:59.000Z,,4,,,,4,6151,0,0,,xslF345X02/primary_doc.xml,PRIMARY DOCUMENT
0000205716-04-000015,2004-02-03,2004-01-30,2004-02-03T16:49:55.000Z,,4,,,,4,5899,0,0,,xslF345X02/primary_doc.xml,PRIMARY DOCUMENT
0001047469-04-003150,2004-02-04,,2004-02-04T18:56:16.000Z,,SC 13G/A,005-42665,04566050,,SC 13G/A,6239,0,0,,a2127771zsc13ga.txt,13G/A
0000072741-04-000011,2004-02-09,,2004-02-09T20:51:18.000Z,,35-CERT,070-09755,04578020,,35-CERT,109192,0,0,,nuq403rpt020904.txt,NU Q4 2003 REPORT 123103
0000888002-04-000551,2004-02-10,,2004-02-10T15:33:24.000Z,,SC 13G,005-42665,04580032,,SC 13G,20726,0,0,,nu1231_g.txt,
0001193125-04-019329,2004-02-11,,2004-02-11T17:29:24.000Z,,SC 13G/A,005-42665,04584913,,SC 13G/A,9555,0,0,,dsc13ga.txt,SCHEDULE 13G/A
0000072741-04-000014,2004-02-13,,2004-02-13T21:41:49.000Z,,U-1/A,070-10177,04599755,,U-1/A,111352,0,0,,selectrule58u1a1021304.txt,"SELECT U-1-A, 70-10177"
0000205716-04-000016,2004-02-25,2004-02-24,2004-02-25T21:24:26.000Z,,4,,,,4,8151,0,0,,xslF345X02/primary_doc.xml,PRIMARY DOCUMENT
0000205716-04-000017,2004-02-25,2004-02-24,2004-02-25T21:56:08.000Z,,4,,,,4,8351,0,0,,xslF345X02/primary_doc.xml,PRIMARY DOCUMENT
0000205716-04-000018,2004-02-26,2004-02-24,2004-02-26T15:35:03.000Z,,4,,,,4,10056,0,0,,xslF345X02/primary_doc.xml,PRIMARY DOCUMENT
0000205716-04-000019,2004-02-26,2004-02-24,2004-02-26T16:30:18.000Z,,4,,,,4,8266,0,0,,xslF345X02/primary_doc.xml,PRIMARY DOCUMENT
0000205716-04-000020,2004-02-26,2004-02-24,2004-02-26T19:07:32.000Z,,4,,,,4,9486,0,0,,xslF345X02/primary_doc.xml,PRIMARY DOCUMENT
0000205716-04-000021,2004-02-26,2004-02-24,2004-02-26T22:58:40.000Z,,4,,,,4,9222,0,0,,xslF345X02/primary_doc.xml,PRIMARY DOCUMENT
0000072741-04-000018,2004-02-27,,2004-02-27T14:52:36.000Z,,35-CERT,070-09541,04632752,,35-CERT,11710,0,0,,cert9541.txt,
0000072741-04-000019,2004-02-27,,2004-02-27T14:54:10.000Z,,35-CERT,070-09543,04632754,,35-CERT,6191,0,0,,cert9543.txt,
0000072741-04-000020,2004-02-27,,2004-02-27T14:56:42.000Z,,35-CERT,070-09839,04632761,,35-CERT,8519,0,0,,cert9839.txt,
0000072741-04-000023,2004-03-03,2004-03-03,2004-03-03T17:32:51.000Z,,8-K,001-05324,04645239,"12,9",8-K,32762,0,0,,nuclp8ksmd030204.txt,NU & CL&P 8-K 030304
0000072741-04-000025,2004-03-12,2003-12-31,2004-03-12T16:19:07.000Z,,10-K,001-05324,04664584,,10-K,1533214,0,0,,form10kedgar.txt,2003 FORM 10-K
0000072741-04-000027,2004-03-19,,2004-03-19T21:16:07.000Z,,U-1,070-10216,04680281,,U-1,55141,0,0,,march19cover.txt,NORTHEAST UTILITIES U-1 70-10184
0000072741-04-000031,2004-03-22,,2004-03-22T17:55:53.000Z,,U-1/A,070-10184,04681743,,U-1/A,55039,0,0,,nuu1a031904.txt,NU U-1-A 031904
0000072741-04-000035,2004-03-25,2003-12-31,2004-03-25T15:00:46.000Z,,U-9C-3,074-00011,04688518,,U-9C-3,121077,0,0,,decu9c3.txt,
0000072741-04-000038,2004-03-30,2004-03-30,2004-03-30T15:02:03.000Z,,8-K,001-05324,04698339,"5,7",8-K,8725,0,0,,nu8k033004prsrls.txt,NU 8-K 033004
0000205716-04-000046,2004-04-01,2004-03-31,2004-04-01T20:40:50.000Z,,4,,,,4,7457,0,0,,xslF345X02/primary_doc.xml,PRIMARY DOCUMENT
0000205716-04-000047,2004-04-02,2004-03-31,2004-04-02T16:16:37.000Z,,4,,,,4,6116,0,0,,xslF345X02/primary_doc.xml,PRIMARY DOCUMENT
0000072741-04-000040,2004-04-02,,2004-04-02T20:52:56.000Z,,U-1/A,070-09755,04713920,,U-1/A,80853,0,0,,nuu1a040404709755.txt,NU U-1-A 040204
0000950123-04-004341,2004-04-07,2004-05-11,2004-04-07T13:01:23.000Z,,DEF 14A,001-05324,04721423,,DEF 14A,564916,0,0,,y95333def14a.htm,DEFINITIVE PROXY STATEMENT
0000205716-04-000048,2004-04-16,2004-04-13,2004-04-16T18:54:56.000Z,,3,,,,3,8352,0,0,,xslF345X02/primary_doc.xml,PRIMARY DOCUMENT
0000072741-04-000043,2004-04-27,,2004-04-27T13:58:06.000Z,,35-CERT,070-09755,04755751,,35-CERT,15463,0,0,,nurevolv24amend042604.txt,RULE 24 CERT 042604
0000949377-04-000251,2004-04-29,2003-12-31,2004-04-29T14:26:00.000Z,,U5S,030-00246,04762831,,U5S,863971,0,0,,nu_66673-u5s.txt,FORM U5S ANNUAL REPORT
0000072741-04-000046,2004-04-30,2004-04-29,2004-04-30T13:00:09.000Z,,8-K,001-05324,04767436,"12,9",8-K,35720,0,0,,cover8kq12004results042904.txt,NU 8-K 043004
0000072741-04-000048,2004-05-07,2004-03-31,2004-05-07T20:47:05.000Z,,10-Q,001-05324,04789724,,10-Q,377693,0,0,,march2004.txt,
0000072741-04-000052,2004-05-12,,2004-05-12T19:08:23.000Z,,35-CERT,070-09755,04799095,,35-CERT,108538,0,0,,nuq104rept051004.txt,NU Q1 2004 MONEY POOL RPT. 70-9755
0000072741-04-000055,2004-05-19,2004-05-19,2004-05-19T18:59:21.000Z,,8-K,001-05324,04818479,5,8-K,8608,0,0,,nu8kcover051804.txt,NU 8K 051904
0000072741-04-000057,2004-05-27,2004-03-31,2004-05-27T13:44:56.000Z,,U-9C-3,074-00011,04833727,,U-9C-3,139442,0,0,,march04u9c3.txt,
0000072741-04-000059,2004-05-27,,2004-05-27T14:20:50.000Z,,35-CERT,070-09543,04833838,,35-CERT,6161,0,0,,cert709543.txt,
0000072741-04-000061,2004-05-27,,2004-05-27T14:28:39.000Z,,35-CERT,070-09839,04833862,,35-CERT,8471,0,0,,cert709839.txt,
0000072741-04-000063,2004-05-27,,2004-05-27T14:41:50.000Z,,35-CERT,070-09541,04833916,,35-CERT,10429,0,0,,cert709541.txt,
0000072741-04-000066,2004-06-02,,2004-06-02T20:51:45.000Z,,U-1/A,070-09755,04844973,,U-1/A,72964,0,0,,nuu1a060204.txt,"NU U-1-A, FILE NO. 70-9755"
0000072741-04-000072,2004-06-15,2004-06-14,2004-06-15T16:47:58.000Z,,8-K,001-05324,04863543,5,8-K,9202,0,0,,nu8k061504.txt,NU 8-K 061504
0000072741-04-000075,2004-06-17,,2004-06-17T13:24:36.000Z,,RW,070-10216,04867498,,RW,2254,0,0,,rw032204.txt,NU RW U-1-A 70-10216
0000072741-04-000076,2004-06-17,,2004-06-17T13:25:16.000Z,,RW,070-10045,04867499,,RW,2223,0,0,,rw1014037010045.txt,"NU RW U-1, FILE NO. 70-10045 101403"
0000072741-04-000078,2004-06-21,,2004-06-21T19:37:45.000Z,,35-CERT,070-09657,04872620,,35-CERT,8131,0,0,,yankeerule24062104.txt,"NU/YANKEE RULE 24 CERT., FILE NO. 70-9657"
0000072741-04-000081,2004-06-28,2004-06-24,2004-06-28T20:28:10.000Z,,8-K,001-05324,04885251,5,8-K,7271,0,0,,nuclp8k062804.txt,NU & CL&P 8K 062804
9999999997-04-032695,2004-06-28,2003-12-31,2004-08-09T17:43:59.000Z,,11-K,001-05324,04039757,,11-K,1654,0,0,,9999999997-04-032695.paper,AUTO-GENERATED PAPER DOCUMENT
0000072741-04-000086,2004-06-30,,2004-06-30T17:32:29.000Z,,U-1/A,070-09755,04890833,,U-1/A,85446,0,0,,nuu1062904.txt,"NU U-1-A, FILE 70-9755 063004"
0000072741-04-000088,2004-06-30,,2004-06-30T20:52:15.000Z,,U-1/A,070-10177,04891877,,U-1/A,80154,0,0,,nuu1arule58062904.txt,"NU, NUEI & SELECT RULE 58, FILE NO. 70-10177"
0000072741-04-000090,2004-07-07,,2004-07-07T19:02:05.000Z,,U-1,070-10234,04904208,,U-1,30011,0,0,,nuu1070704.txt,NU U-1 070704
0000888002-04-000686,2004-07-09,,2004-07-09T13:07:09.000Z,,SC 13G/A,005-42665,04907088,,SC 13G/A,20962,0,0,,nu0630_g.txt,
0000072741-04-000093,2004-07-15,2004-07-14,2004-07-15T13:35:25.000Z,,8-K,001-05324,04914925,5,8-K,5923,0,0,,nupsnhl8k071404.txt,NU & PSNH 8-K 071404
0000072741-04-000095,2004-07-28,2004-07-28,2004-07-28T14:45:27.000Z,,8-K,001-05324,04934803,"12,9",8-K,47264,0,0,,cover8kq22004results072804.txt,NU 8K  072804
0000072741-04-000097,2004-08-06,2004-06-30,2004-08-06T20:02:46.000Z,,10-Q,001-05324,04958192,,10-Q,384064,0,0,,june0410q.txt,JUNE 2004 FORM 10Q
0000205716-04-000052,2004-08-11,2004-08-10,2004-08-11T18:04:15.000Z,,4,,,,4,9245,0,0,,xslF345X02/primary_doc.xml,PRIMARY DOCUMENT
0000072741-04-000100,2004-08-12,,2004-08-12T13:26:26.000Z,,35-CERT,070-09755,04968609,,35-CERT,119501,0,0,,nuq22004rpt080604.txt,"NU Q2 2004 REPORT, FILE NO. 70-9755"
0000072741-04-000103,2004-08-16,,2004-08-13T22:16:48.000Z,,U-1/A,070-10234,04975720,,U-1/A,21286,0,0,,rrru1a081304.txt,RRR U-1-A 081304
0000072741-04-000107,2004-08-20,2004-08-19,2004-08-20T13:30:49.000Z,,8-K,001-05324,04987637,5,8-K,6503,0,0,,nuclp8k082004.txt,NU & CL&P 8-K 082004
0000072741-04-000109,2004-08-25,,2004-08-25T13:55:42.000Z,,35-CERT,070-09541,04995452,,35-CERT,10447,0,0,,cert709541.txt,CERTIFICATE
0000072741-04-000112,2004-08-25,,2004-08-25T14:12:50.000Z,,35-CERT,070-09839,04995509,,35-CERT,8451,0,0,,cert9839.txt,CERTIFICATE
0000072741-04-000114,2004-08-25,,2004-08-25T14:24:37.000Z,,35-CERT,070-10177,04995533,,35-CERT,10403,0,0,,cert10177.txt,CERTIFICATE
0000072741-04-000116,2004-08-25,2004-06-30,2004-08-25T15:38:28.000Z,,U-9C-3,074-00011,04995779,,U-9C-3,129696,0,0,,june04u9c3.txt,
0000072741-04-000118,2004-08-30,,2004-08-30T18:34:38.000Z,,35-CERT,070-09543,041005031,,35-CERT,3076,0,0,,nungsrule24083004.txt,NU NGSC RULE 24 CERT. 083004
0000072741-04-000121,2004-09-15,2004-09-15,2004-09-15T19:08:27.000Z,,8-K,001-05324,041031516,"8.01,9.01",8-K,9771,0,0,,nu8k091504.txt,NU 8-K 091504
0000072741-04-000123,2004-09-23,,2004-09-23T18:07:58.000Z,,U-1/A,070-09541,041042590,,U-1/A,27232,0,0,,nuetalu1a092204.txt,"NU, ET AL. U-1-A, FILE NO.70-9541"
0000072741-04-000125,2004-09-29,,2004-09-29T17:19:51.000Z,,U-1/A,070-10234,041052055,,U-1/A,23033,0,0,,rrru1a092904.txt,"NU U-1-A, AMEND. NO. 2 092904"
0000072741-04-000128,2004-09-29,2004-09-29,2004-09-29T21:27:58.000Z,,8-K,001-05324,041053599,"7.01,9.01",8-K,12289,0,0,,nu8k092904.txt,NU 8-K 092904
0000072741-04-000130,2004-09-30,,2004-09-30T17:41:27.000Z,,35-CERT,070-09343,041054841,,35-CERT,6479,0,0,,nurule24093004.txt,NU RULE 24 CERT. 093004
0000072741-04-000134,2004-10-06,,2004-10-06T19:02:53.000Z,,35-CERT,070-07792,041068127,,35-CERT,6099,0,0,,rule24cert707792.txt,NU RULE 24 CERT. 100604
0000072741-04-000135,2004-10-06,,2004-10-06T19:03:10.000Z,,35-CERT,070-08080,041068128,,35-CERT,6333,0,0,,rule24cert708080.txt,NU RULE 24 CERT. 70-8080
0000072741-04-000138,2004-10-12,,2004-10-12T16:59:48.000Z,35,35-CERT,070-09185,041074203,,35-CERT,4531,0,0,,rule24cert709185.txt,NU RULE 24 CERT. 70-9185
0000072741-04-000140,2004-10-15,,2004-10-15T19:25:32.000Z,35,U-1,070-10256,041081025,,U-1,17038,0,0,,u1101504.txt,"NORTHEAST UTILITIES U-1 OCT. 15, 2004"
0000072741-04-000142,2004-10-19,,2004-10-19T18:42:44.000Z,35,U-1/A,070-10234,041085053,,U-1/A,23544,0,0,,rrru1a101904.txt,NU U-1-A AMEND.3 RRR 70-10234
0000072741-04-000144,2004-10-20,,2004-10-20T15:41:24.000Z,35,U-1/A,070-10184,041086737,,U-1/A,70317,0,0,,nuu1atxalloc2101904.txt,NU U-1-A (#2)102004
0000072741-04-000147,2004-10-21,2004-10-14,2004-10-21T20:47:56.000Z,34,8-K,001-05324,041090040,"7.01,9.01",8-K,9590,0,0,,nu8k102004.txt,NU 8-K 102104
0000072741-04-000151,2004-10-25,2004-10-25,2004-10-25T13:46:20.000Z,34,8-K,001-05324,041093050,"2.02,9.01",8-K,50957,0,0,,nu8kq32004results102504.txt,NU 8-K Q3 2004102504
0000072741-04-000153,2004-10-25,2004-10-25,2004-10-25T19:13:50.000Z,34,8-K,001-05324,041093889,"7.01,9.01",8-K,40296,0,0,,nueei8k102504.txt,"NU, CL&P, PSNH & WMECO 8-K 102504 EEI"
0000205716-04-000055,2004-11-04,2004-10-25,2004-11-04T15:30:13.000Z,,3,,,,3,4341,0,0,,xslF345X02/primary_doc.xml,PRIMARY DOCUMENT
0000072741-04-000155,2004-11-05,2004-09-30,2004-11-05T21:16:45.000Z,34,10-Q,001-05324,041123025,,10-Q,10179133,0,0,,september10q.htm,"SEPTEMBER 30, 2004 FORM 10-Q"
0000205716-04-000056,2004-11-10,2004-11-08,2004-11-10T16:32:22.000Z,,4,,,,4,22361,0,0,,xslF345X02/primary_doc.xml,PRIMARY DOCUMENT
0000072741-04-000157,2004-11-10,2004-11-08,2004-11-10T20:52:42.000Z,34,8-K,001-05324,041133167,2.03,8-K,7942,0,0,,nuandopco8k111004.txt,NU & OPCO 8-K 111004
0000072741-04-000160,2004-11-15,,2004-11-15T19:14:41.000Z,35,35-CERT,070-09755,041143929,,35-CERT,125028,0,0,,nuq304report110804.txt,Q3 2004 REPORT 70-9755
0000072741-04-000164,2004-11-15,2004-11-15,2004-11-15T21:20:23.000Z,34,8-K,001-05324,041145526,"7.01,8.01,9.01",8-K,22384,0,0,,nu8k111504.txt,NU 8-K 111504
0000072741-04-000166,2004-11-17,,2004-11-17T19:48:19.000Z,35,35-CERT,070-09755,041151939,,35-CERT,454518,0,0,,revolverrule24111004.txt,NU RULE 24 111704
0000072741-04-000168,2004-11-18,2004-11-17,2004-11-18T20:03:42.000Z,34,8-K,001-05324,041154749,"7.01,9.01",8-K,10682,0,0,,nuwmeco8k111804.txt,NU & WMECO 8-K 081804
0000072741-04-000175,2004-11-23,,2004-11-23T20:27:12.000Z,35,35-CERT,070-09839,041163711,,35-CERT,302800,0,0,,cert709839.htm,CERTIFICATE
0000072741-04-000177,2004-11-23,,2004-11-23T20:42:41.000Z,35,35-CERT,070-10177,041163787,,35-CERT,128249,0,0,,certificate7010177.htm,CERTIFICATE
0000072741-04-000179,2004-11-23,,2004-11-23T21:00:26.000Z,35,35-CERT,070-09541,041163878,,35-CERT,150363,0,0,,fileno709541newreport.htm,CERTIFICATE
0000072741-04-000181,2004-11-23,2004-09-30,2004-11-23T21:19:57.000Z,35,U-9C-3,074-00011,041164001,,U-9C-3,2483102,0,0,,filingdoc.htm,SEPTEMBER U9C3
0000072741-04-000183,2004-11-30,,2004-11-30T17:48:31.000Z,35,U-1/A,070-09755,041173870,,U-1/A,35893,0,0,,nuu1a8113004.txt,NU U-1A 113004 FILE NO. 70-9755
0000072741-04-000186,2004-12-17,,2004-12-17T15:29:58.000Z,33,S-8,333-121364,041210103,,S-8,12150,0,0,,s8401kplan121504.txt,NU S-8 121704
0000072741-04-000190,2004-12-27,,2004-12-27T18:43:43.000Z,35,U-1/A,070-10256,041226118,,U-1/A,15482,0,0,,nuu1teecomp122304.txt,NU U-1-A 70-10256
0000072741-04-000192,2004-12-27,,2004-12-27T20:37:01.000Z,35,U-1/A,070-09541,041226438,,U-1/A,68992,0,0,,nuu1a122304.txt,COVER
0000072741-04-000194,2004-12-28,2004-12-28,2004-12-28T22:21:59.000Z,34,8-K,001-05324,041229143,8.01,8-K,9810,0,0,,nu8k122204.txt,COVER
0000023426-05-000002,2005-01-03,2004-12-29,2005-01-03T22:30:28.000Z,34,8-K/A,001-05324,05503416,"8.01,9.01",8-K/A,10011,0,0,,nu8ka010305.txt,NU 8-K/A 010305
0000205716-05-000001,2005-01-04,2005-01-03,2005-01-04T21:59:07.000Z,,4,,,,4,5663,0,0,,xslF345X02/primary_doc.xml,PRIMARY DOCUMENT
0000205716-05-000002,2005-01-04,2005-01-03,2005-01-04T22:17:18.000Z,,4,,,,4,5612,0,0,,xslF345X02/primary_doc.xml,PRIMARY DOCUMENT
0000205716-05-000003,2005-01-04,2005-01-03,2005-01-04T22:29:13.000Z,,4,,,,4,5503,0,0,,xslF345X02/primary_doc.xml,PRIMARY DOCUMENT
0000205716-05-000004,2005-01-04,2005-01-03,2005-01-04T22:40:46.000Z,,4,,,,4,5540,0,0,,xslF345X02/primary_doc.xml,PRIMARY DOCUMENT
0000205716-05-000005,2005-01-04,2005-01-03,2005-01-04T22:49:16.000Z,,4,,,,4,5430,0,0,,xslF345X02/primary_doc.xml,PRIMARY DOCUMENT
0000205716-05-000006,2005-01-04,2005-01-03,2005-01-04T23:01:45.000Z,,4,,,,4,7081,0,0,,xslF345X02/primary_doc.xml,PRIMARY DOCUMENT
0000205716-05-000007,2005-01-04,2005-01-03,2005-01-04T23:11:21.000Z,,4,,,,4,5540,0,0,,xslF345X02/primary_doc.xml,PRIMARY DOCUMENT
0000205716-05-000008,2005-01-04,2005-01-03,2005-01-04T23:25:23.000Z,,4,,,,4,6785,0,0,,xslF345X02/primary_doc.xml,PRIMARY DOCUMENT
0000205716-05-000009,2005-01-04,2005-01-03,2005-01-04T23:34:59.000Z,,4,,,,4,5521,0,0,,xslF345X02/primary_doc.xml,PRIMARY DOCUMENT
0000072741-05-000003,2005-01-05,2004-12-31,2005-01-05T20:35:34.000Z,34,8-K,001-05324,05512490,5.02,8-K,6059,0,0,,nu8koffcge010405.txt,NU 8-K 010505
0000072741-05-000005,2005-01-11,2005-01-10,2005-01-11T17:58:44.000Z,34,8-K,001-05324,05522849,"7.01,9.01",8-K,10138,0,0,,nuclp8k011005.txt,NU & CL&P 8-K 011105
0000072741-05-000006,2005-01-11,2005-01-01,2005-01-11T20:00:16.000Z,,3,,,,3,6875,0,0,,xslF345X02/primary_doc.xml,PRIMARY DOCUMENT
0000072741-05-000010,2005-01-24,,2005-01-24T21:17:22.000Z,35,35-CERT,070-09755,05544666,,35-CERT,12639,0,0,,nurule24012405.txt,NU RULE 24 FILE NO. 70-9755 012405
0000205716-05-000020,2005-01-25,2005-01-17,2005-01-25T19:33:37.000Z,,3,,,,3,6468,0,0,,xslF345X02/primary_doc.xml,PRIMARY DOCUMENT
0000072741-05-000013,2005-01-26,2005-01-24,2005-01-26T13:43:20.000Z,34,8-K,001-05324,05548458,"2.02,4.02,9.01",8-K,15158,0,0,,nu8kpr012505.txt,NU 8-K 012605
0000072741-05-000017,2005-02-04,2005-02-04,2005-02-04T17:04:04.000Z,34,8-K,001-05324,05575835,"2.02,9.01",8-K,46941,0,0,,nu8kq42004results020305.txt,NU 8-K 020405
0000072741-05-000019,2005-02-04,2005-02-01,2005-02-04T21:38:11.000Z,34,8-K,001-05324,05577628,1.01,8-K,5312,0,0,,nu8kserp020405.txt,NU 8-K SERP 020405
0000205716-05-000022,2005-02-11,2004-12-31,2005-02-11T20:59:17.000Z,,5,,,,5,3544,0,0,,xslF345X02/primary_doc.xml,PRIMARY DOCUMENT
0000888002-05-000553,2005-02-14,,2005-02-14T14:08:39.000Z,34,SC 13G/A,005-42665,05602722,,SC 13G/A,22427,0,0,,nu1231_g.txt,
0001047469-05-003487,2005-02-14,,2005-02-14T14:12:01.000Z,34,SC 13G/A,005-42665,05602861,,SC 13G/A,8278,0,0,,a2151707zsc13ga.txt,SC 13G/A
0000205716-05-000023,2005-02-14,2004-12-31,2005-02-14T15:46:27.000Z,,5,,,,5,9415,0,0,,xslF345X02/primary_doc.xml,PRIMARY DOCUMENT
0000205716-05-000024,2005-02-14,2004-12-31,2005-02-14T18:31:01.000Z,,5,,,,5,10512,0,0,,xslF345X02/primary_doc.xml,PRIMARY DOCUMENT
0000205716-05-000025,2005-02-14,2004-12-31,2005-02-14T18:47:43.000Z,,5,,,,5,3547,0,0,,xslF345X02/primary_doc.xml,PRIMARY DOCUMENT
0000205716-05-000026,2005-02-14,2004-12-31,2005-02-14T18:53:40.000Z,,5,,,,5,3547,0,0,,xslF345X02/primary_doc.xml,PRIMARY DOCUMENT
0000017283-05-000238,2005-02-14,,2005-02-14T19:12:08.000Z,34,SC 13G/A,005-42665,05607359,,SC 13G/A,9288,0,0,,edgnu.txt,SC 13G/A
0000205716-05-000027,2005-02-14,2004-12-31,2005-02-14T19:49:03.000Z,,5,,,,5,5470,0,0,,xslF345X02/primary_doc.xml,PRIMARY DOCUMENT
0000205716-05-000028,2005-02-14,2004-12-31,2005-02-14T20:09:01.000Z,,5,,,,5,7090,0,0,,xslF345X02/primary_doc.xml,PRIMARY DOCUMENT
0000205716-05-000029,2005-02-14,2004-12-31,2005-02-14T20:20:32.000Z,,5,,,,5,5180,0,0,,xslF345X02/primary_doc.xml,PRIMARY DOCUMENT
0000205716-05-000030,2005-02-14,2004-12-31,2005-02-14T21:37:18.000Z,,5,,,,5,9789,0,0,,xslF345X02/primary_doc.xml,PRIMARY DOCUMENT
0000072741-05-000021,2005-02-15,,2005-02-15T19:24:09.000Z,35,35-CERT,070-09755,05616441,,35-CERT,9890,0,0,,nurule2q4rpt021405.txt,NU RULE 24 Q4 2004 REPORT
0000072741-05-000030,2005-02-28,,2005-02-28T18:55:22.000Z,35,35-CERT,070-10177,05644511,,35-CERT,167381,0,0,,fileno7010177newreport.htm,CERTIFICATE
0000072741-05-000031,2005-02-28,,2005-02-28T18:57:23.000Z,35,35-CERT,070-09541,05644521,,35-CERT,188398,0,0,,fileno709541newreport.htm,CERTIFICATE
0000072741-05-000032,2005-02-28,,2005-02-28T19:01:19.000Z,35,35-CERT,070-09839,05644546,,35-CERT,160498,0,0,,fileno709839newreport.htm,CERTIFICATE
0000205716-05-000031,2005-03-01,2005-02-25,2005-03-01T15:20:49.000Z,,4,,,,4,7409,0,0,,xslF345X02/primary_doc.xml,PRIMARY DOCUMENT
0000205716-05-000032,2005-03-01,2005-02-25,2005-03-01T15:41:48.000Z,,4,,,,4,8198,0,0,,xslF345X02/primary_doc.xml,PRIMARY DOCUMENT
0000205716-05-000033,2005-03-01,2005-02-25,2005-03-01T16:20:53.000Z,,4,,,,4,8631,0,0,,xslF345X02/primary_doc.xml,PRIMARY DOCUMENT
0000205716-05-000034,2005-03-01,2005-02-25,2005-03-01T20:20:17.000Z,,4,,,,4,8166,0,0,,xslF345X02/primary_doc.xml,PRIMARY DOCUMENT
0000205716-05-000035,2005-03-01,2005-02-25,2005-03-01T21:00:08.000Z,,4,,,,4,6390,0,0,,xslF345X02/primary_doc.xml,PRIMARY DOCUMENT
0000205716-05-000036,2005-03-01,2005-02-25,2005-03-01T21:11:34.000Z,,4,,,,4,7424,0,0,,xslF345X02/primary_doc.xml,PRIMARY DOCUMENT
0000205716-05-000037,2005-03-02,2005-03-01,2005-03-02T19:57:11.000Z,,4,,,,4,7472,0,0,,xslF345X02/primary_doc.xml,PRIMARY DOCUMENT
0000205716-05-000038,2005-03-02,2005-03-01,2005-03-02T20:39:07.000Z,,4,,,,4,7546,0,0,,xslF345X02/primary_doc.xml,PRIMARY DOCUMENT
0000205716-05-000039,2005-03-02,2005-03-01,2005-03-02T21:23:50.000Z,,4,,,,4,8255,0,0,,xslF345X02/primary_doc.xml,PRIMARY DOCUMENT
0000205716-05-000040,2005-03-02,2005-03-01,2005-03-02T21:32:07.000Z,,4,,,,4,6389,0,0,,xslF345X02/primary_doc.xml,PRIMARY DOCUMENT
0000205716-05-000041,2005-03-03,2005-03-01,2005-03-03T15:37:59.000Z,,4,,,,4,5147,0,0,,xslF345X02/primary_doc.xml,PRIMARY DOCUMENT
0000205716-05-000042,2005-03-03,2005-03-01,2005-03-03T15:53:04.000Z,,4,,,,4,6442,0,0,,xslF345X02/primary_doc.xml,PRIMARY DOCUMENT
0000205716-05-000043,2005-03-03,2005-03-01,2005-03-03T19:57:20.000Z,,4,,,,4,7498,0,0,,xslF345X02/primary_doc.xml,PRIMARY DOCUMENT
0000072741-05-000038,2005-03-07,2005-03-01,2005-03-07T22:03:15.000Z,34,8-K,001-05324,05664607,1.01,8-K,8295,0,0,,nu8kexeccomp030705.txt,NU 8-K 030705
0000072741-05-000040,2005-03-09,2005-03-09,2005-03-09T22:27:39.000Z,34,8-K,001-05324,05670225,"2.05,9.01",8-K,14347,0,0,,nu8k020905.txt,NU 8-K 030905
0000949377-05-000176,2005-03-15,2004-06-30,2005-03-15T21:57:44.000Z,34,10-Q/A,001-05324,05682314,,10-Q/A,313749,0,0,,nu_71153-10qa.txt,AMENDMENT TO QUARTERLY
0000949377-05-000177,2005-03-15,2004-09-30,2005-03-15T22:01:09.000Z,34,10-Q/A,001-05324,05682362,,10-Q/A,1081763,0,0,,e71153.htm,
0000072741-05-000042,2005-03-17,2004-12-31,2005-03-16T23:04:45.000Z,34,10-K,001-05324,05686860,,10-K,5433167,0,0,,f2004form10khtmlv4edgar.htm,2004 FORM 10-K
0000949377-05-000183,2005-03-17,2004-06-30,2005-03-17T20:27:42.000Z,34,10-Q/A,001-05324,05688701,,10-Q/A,313829,0,0,,nu_71153-10qa.txt,AMENDMENT TO QUARTERLY
0000949377-05-000185,2005-03-17,2004-09-30,2005-03-17T20:35:39.000Z,34,10-Q/A,001-05324,05688765,,10-Q/A,1081902,0,0,,e71153.htm,
0001193125-05-056802,2005-03-21,2005-05-10,2005-03-21T22:26:34.000Z,34,PRE 14A,001-05324,05694980,,PRE 14A,633504,0,0,,dpre14a.htm,PRELIMINARY PROXY STATEMENT
0000072741-05-000045,2005-03-30,2004-12-31,2005-03-30T19:16:40.000Z,35,U-9C-3,074-00011,05713357,,U-9C-3,672217,0,0,,december2004u9c3html.htm,2004 U-9C-3
0001193125-05-068966,2005-04-04,2005-05-10,2005-04-04T14:08:53.000Z,34,DEF 14A,001-05324,05727808,,DEF 14A,634642,0,0,,ddef14a.htm,DEFINITIVE PROXY STATEMENT
0000205716-05-000044,2005-04-05,2005-04-01,2005-04-05T16:11:39.000Z,,4,,,,4,5187,0,0,,xslF345X02/primary_doc.xml,PRIMARY DOCUMENT
0000205716-05-000045,2005-04-05,2005-04-01,2005-04-05T16:12:10.000Z,,4,,,,4,5176,0,0,,xslF345X02/primary_doc.xml,PRIMARY DOCUMENT
0000072741-05-000050,2005-04-06,2005-03-31,2005-04-06T19:06:36.000Z,34,8-K/A,001-05324,05736775,"1.01,5.02",8-K/A,9323,0,0,,nu8kamchale040605.txt,NU 8-K/A MCHALE 040605
0000072741-05-000051,2005-04-06,2005-03-31,2005-04-06T19:06:55.000Z,34,8-K,001-05324,05736777,1.01,8-K,8764,0,0,,nu8kshivemp040605.txt,NU 8-K SHIVERY 040605
0000072741-05-000053,2005-04-08,2005-04-07,2005-04-08T19:51:01.000Z,34,8-K,001-05324,05741533,"7.01,9.01",8-K,8202,0,0,,nu8k040705csc.txt,NU 8-K CSC 040805
0000072741-05-000061,2005-04-29,2005-04-28,2005-04-28T21:45:27.000Z,34,8-K,001-05324,05781951,"2.02,2.05,9.01",8-K,162778,0,0,,nu8kq12005results042805.htm,NU 8-K 042805
0000949377-05-000415,2005-04-29,2004-12-31,2005-04-29T15:15:44.000Z,35,U5S,030-00246,05783355,,U5S,6470946,0,0,,e71636.htm,
0000072741-05-000064,2005-04-29,2004-12-31,2005-04-29T17:26:23.000Z,35,U-13-60,049-00094,05784252,,U-13-60,1565605,0,0,,nuscou1360.htm,NUSCO 2004 FORM U-13-60
0000072741-05-000068,2005-05-09,2005-03-31,2005-05-09T21:10:16.000Z,34,10-Q,001-05324,05812662,,10-Q,1400706,0,0,,march2005edgar.htm,NU FORM 10-Q
0000072741-05-000071,2005-05-10,2005-05-10,2005-05-10T19:05:54.000Z,34,8-K,001-05324,05816049,"7.01,9.01",8-K,30187,0,0,,nu8k051005.htm,NU 8-K 051005
0000072741-05-000074,2005-05-13,,2005-05-13T18:26:41.000Z,35,35-CERT,070-09755,05828370,,35-CERT,66162,0,0,,nurule24q12005052005.htm,NU Q1 2005 RULE 24 CERT. 051305
9999999997-05-024621,2005-05-19,2004-12-31,2005-05-20T19:00:17.000Z,34,ARS,001-05324,05055710,,ARS,1824,0,0,,9999999997-05-024621.paper,AUTO-GENERATED PAPER DOCUMENT
0000072741-05-000076,2005-05-25,2005-03-31,2005-05-25T19:20:18.000Z,35,U-9C-3,074-00011,05856754,,U-9C-3,629718,0,0,,march2005u9c3html.htm,MARCH 2005 FORM U-9C-3
0000072741-05-000078,2005-05-26,,2005-05-26T13:39:20.000Z,35,35-CERT,070-09541,05858328,,35-CERT,185099,0,0,,fileno709541newreport.htm,CERTIFICATE
0000072741-05-000080,2005-05-26,,2005-05-26T14:23:43.000Z,35,35-CERT,070-10177,05858451,,35-CERT,163802,0,0,,fileno7010177newreport.htm,CERTIFICATE
0000072741-05-000085,2005-06-15,2005-06-15,2005-06-15T13:53:03.000Z,34,8-K,001-05324,05896472,"7.01,9.01",8-K,107593,0,0,,cover8kslides061505.htm,"NU, CL&P. PSNH & WMECO 8-K 061505"
0000072741-05-000087,2005-06-23,,2005-06-23T20:15:15.000Z,35,U-1,070-10315,05912681,,U-1,207892,0,0,,nuu1062305.htm,NU U-1 062305
0000072741-05-000091,2005-06-29,2004-12-31,2005-06-29T21:29:51.000Z,34,11-K,001-05324,05926028,,11-K,105678,0,0,,f11ksample2004.htm,NU 11-K 2004
0000205716-05-000046,2005-07-06,2005-07-01,2005-07-06T15:22:45.000Z,,4,,,,4,5187,0,0,,xslF345X02/primary_doc.xml,PRIMARY DOCUMENT
0000205716-05-000047,2005-07-06,2005-07-01,2005-07-06T15:23:05.000Z,,4,,,,4,5177,0,0,,xslF345X02/primary_doc.xml,PRIMARY DOCUMENT
0000072741-05-000097,2005-07-27,2005-07-26,2005-07-27T00:16:37.000Z,34,8-K,001-05324,05975393,"2.02,9.01",8-K,209035,0,0,,nuopcos8kq22005results072605.htm,NU & OPCO 8-K 072605
0000072741-05-000099,2005-07-27,,2005-07-27T19:48:09.000Z,35,U-1/A,070-10184,05977242,,U-1/A,94396,0,0,,nuetalu1a072705.htm,"NU, ET AL. U-1-A 072705"
0000072741-05-000103,2005-08-08,2005-06-30,2005-08-08T13:46:29.000Z,34,10-Q,001-05324,051004586,,10-Q,1820071,0,0,,june2005form10qfinal.htm,FORM 10-Q
0000072741-05-000105,2005-08-08,,2005-08-08T17:57:24.000Z,35,35-CERT,070-09755,051005392,,35-CERT,53875,0,0,,nuq22005rpt080805.htm,NU Q2 2005 MONEYPOOL REPORT 080805
0000072741-05-000107,2005-08-22,,2005-08-22T19:54:41.000Z,35,U-1/A,070-09755,051041053,,U-1/A,71628,0,0,,nuu1a082205.htm,NU ET AL. U-1-A 70-9755 082205
0000072741-05-000111,2005-08-23,,2005-08-23T14:09:30.000Z,35,U-1/A,070-10315,051042608,,U-1/A,79120,0,0,,nu1a10315082305.htm,NU U-1-A 082305 70-10315
0000072741-05-000115,2005-08-25,,2005-08-25T17:05:57.000Z,35,35-CERT,070-10177,051048170,,35-CERT,159622,0,0,,fileno7010177newreport.htm,
0000072741-05-000116,2005-08-25,,2005-08-25T17:07:49.000Z,35,35-CERT,070-09541,051048177,,35-CERT,196424,0,0,,fileno709541newreport.htm,
0000072741-05-000118,2005-08-29,2005-06-30,2005-08-29T15:05:45.000Z,35,U-9C-3,074-00011,051053763,,U-9C-3,627004,0,0,,june2005u9c3.htm,
0000072741-05-000121,2005-09-07,2005-09-07,2005-09-07T20:11:33.000Z,34,8-K,001-05324,051072959,"7.01,9.01",8-K,106965,0,0,,cover8kslides090805.htm,NU 8-K 090705
0000072741-05-000123,2005-09-13,,2005-09-13T19:39:00.000Z,NE,RW,070-09543,051082213,,RW,5439,0,0,,nureqwith091305.htm,"NU RW 091305, FILE NO. 780-9543"
0000072741-05-000125,2005-09-20,,2005-09-20T19:05:53.000Z,35,U-1/A,070-10315,051093460,,U-1/A,78788,0,0,,nnu1a092005.htm,"NU U-1-A, AMEND. NO. 2 70-10315"
0000072741-05-000128,2005-09-30,2004-12-31,2005-09-30T11:52:04.000Z,35,U5S/A,030-00246,051112635,,U5S/A,51412,0,0,,u5sa093005txalloc.htm,NU U5S/A 093005
0000072741-05-000131,2005-09-30,,2005-09-30T15:52:46.000Z,35,U-1/A,070-09755,051113177,,U-1/A,72018,0,0,,nuu1a093005.htm,NU U-1-A 093005
0000205716-05-000048,2005-10-04,2005-10-03,2005-10-04T18:09:47.000Z,,4,,,,4,5178,0,0,,xslF345X02/primary_doc.xml,PRIMARY DOCUMENT
0000205716-05-000049,2005-10-04,2005-10-03,2005-10-04T18:24:20.000Z,,4,,,,4,5188,0,0,,xslF345X02/primary_doc.xml,PRIMARY DOCUMENT
0001240146-05-000016,2005-10-04,,2005-10-04T20:07:34.000Z,33,S-3,333-128811,051121813,,S-3,608136,0,0,,body.htm,NORTHEAST UTILITIES S-3 (10-03-2005)
0000072741-05-000133,2005-10-11,,2005-10-11T20:36:40.000Z,35,35-CERT,070-10184,051133074,,35-CERT,17826,0,0,,nurule24101105.htm,NU ET AL. RULE 24 CERT. 101105
0000072741-05-000136,2005-10-13,2005-10-12,2005-10-12T22:49:55.000Z,34,8-K,001-05324,051135832,8.01,8-K,14330,0,0,,nu8k101205.htm,NU 8-K 101205
0000072741-05-000138,2005-10-20,,2005-10-20T20:30:45.000Z,35,U-1/A,070-10315,051147674,,U-1/A,78241,0,0,,u1a102005.htm,NU U-1-A 102005
0001240146-05-000019,2005-11-03,,2005-11-03T01:12:10.000Z,33,S-3/A,333-128811,051174697,,S-3/A,405139,0,0,,body.htm,NORTHEAST UTILITIES AMENDMENT NO. 1 TO FORM S-3
0000949377-05-000847,2005-11-07,2005-09-30,2005-11-07T11:09:42.000Z,34,10-Q,001-05324,051182037,,10-Q,1832330,0,0,,nu_74508-10q.htm,NU 10-Q
0000072741-05-000142,2005-11-07,2005-11-07,2005-11-07T11:41:45.000Z,34,8-K,001-05324,051182075,"2.02,7.01,9.01",8-K,447853,0,0,,nuopco8kearncvr11705.htm,"NU, CL&P, PSNH WMECO 8-K 110705"
0000072741-05-000144,2005-11-10,,2005-11-10T16:22:51.000Z,35,35-CERT,070-10315,051192466,,35-CERT,411303,0,0,,nurule24revolver111005.htm,NU RULE 24 CERT. 111005
0000072741-05-000146,2005-11-15,,2005-11-15T12:44:33.000Z,35,35-CERT,070-09755,051204502,,35-CERT,62046,0,0,,nuq32005rpt111405.htm,NU Q3 2005 REPORT 111405
0000072741-05-000152,2005-11-18,,2005-11-18T20:08:22.000Z,35,35-CERT,070-10177,051215097,,35-CERT,168077,0,0,,fileno709541newreport.htm,
0000072741-05-000153,2005-11-18,,2005-11-18T20:10:11.000Z,35,35-CERT,070-09541,051215105,,35-CERT,185039,0,0,,fileno709541newreport.htm,
0000072741-05-000154,2005-11-18,2005-11-09,2005-11-18T20:54:23.000Z,34,8-K,001-05324,051215300,8.01,8-K,17921,0,0,,nupsnh8k111805.htm,NU & PSNH 8-K 111805
0000072741-05-000158,2005-11-22,2005-11-22,2005-11-22T16:30:07.000Z,34,8-K,001-05324,051220282,"2.02,9.01",8-K,3032360,0,0,,nu8k112205.htm,NU 8-K 11/2/05
0000072741-05-000161,2005-11-23,2005-11-22,2005-11-23T20:40:28.000Z,34,8-K,001-05324,051224856,8.01,8-K,25278,0,0,,nuopco8kbechtel112305.htm,NU & OPCO 8-K 112305
0000072741-05-000163,2005-11-28,2005-09-30,2005-11-28T18:47:41.000Z,35,U-9C-3,074-00011,051227969,,U-9C-3,648851,0,0,,september2005u9c3.htm,
0000072741-05-000165,2005-11-28,2004-09-30,2005-11-28T19:11:19.000Z,35,U-9C-3/A,074-00011,051228045,,U-9C-3/A,307641,0,0,,u9c3aseptember04.htm,
0000072741-05-000167,2005-11-28,2004-06-30,2005-11-28T22:01:46.000Z,35,U-9C-3/A,074-00011,051228471,,U-9C-3/A,280902,0,0,,updatedamendedjune2004.htm,
0001047469-05-027499,2005-11-29,,2005-11-29T21:14:56.000Z,33,424B3,333-128811,051232162,,424B3,284462,0,0,,a2165433z424b3.htm,424B3
0001047469-05-027503,2005-11-29,2005-11-29,2005-11-29T21:28:21.000Z,34,8-K,001-05324,051232300,"8.01,9.01",8-K,174092,0,0,,a2165534z8-k.htm,8-K
0000072741-05-000169,2005-12-05,2005-11-30,2005-12-05T18:47:03.000Z,34,8-K,001-05324,051243571,8.01,8-K,16259,0,0,,nu8k120505.htm,NU 8-K 120505
0000072741-05-000171,2005-12-07,2005-12-06,2005-12-07T16:57:34.000Z,34,8-K,001-05324,051248881,"8.01,9.01",8-K,22051,0,0,,nu8k120705.htm,NU 8-K 120705
0001047469-05-027926,2005-12-07,,2005-12-07T21:09:49.000Z,33,424B5,333-128811,051249705,,424B5,284159,0,0,,a2165823z424b5.htm,424B5
0000072741-05-000174,2005-12-12,,2005-12-12T17:48:44.000Z,35,35-CERT/A,070-10177,051257530,,35-CERT/A,165351,0,0,,fileno7010177newreport.htm,
0000072741-05-000175,2005-12-12,,2005-12-12T17:52:32.000Z,35,35-CERT/A,070-10177,051257541,,35-CERT/A,165351,0,0,,fileno7010177newreport.htm,
0000072741-05-000179,2005-12-12,2005-12-12,2005-12-12T20:30:34.000Z,34,8-K,001-05324,051258048,"8.01,9.01",8-K,169655,0,0,,nu8k121205.htm,NU 8-K 121205
0000072741-05-000183,2005-12-15,2005-12-09,2005-12-15T19:20:39.000Z,34,8-K,001-05324,051266185,"2.03,9.01",8-K,702062,0,0,,nuandopcorevol8k121505.htm,NU ET AL. 8-K 121505
0000072741-05-000186,2005-12-19,,2005-12-19T21:29:02.000Z,35,35-CERT,070-10315,051272823,,35-CERT,14778,0,0,,nucommonstockrrule24121505.htm,NU COMMON STOCK RULE 24 CERT.
0000072741-05-000187,2005-12-19,,2005-12-19T21:29:47.000Z,35,35-CERT,070-09755,051272830,,35-CERT,17902,0,0,,nuopcorule24revolver121505.htm,NU & OPCO RULE 24 CERT 121905
0000205716-06-000005,2006-01-05,2006-01-03,2006-01-05T20:13:03.000Z,,4,,,,4,6889,0,0,,xslF345X02/primary_doc.xml,PRIMARY DOCUMENT
0000072741-06-000001,2006-01-05,2006-01-03,2006-01-05T20:15:01.000Z,,4,,,,4,5527,0,0,,xslF345X02/primary_doc.xml,PRIMARY DOCUMENT
0000072741-06-000002,2006-01-05,2006-01-03,2006-01-05T21:13:10.000Z,,4,,,,4,5663,0,0,,xslF345X02/primary_doc.xml,PRIMARY DOCUMENT
0000205716-06-000006,2006-01-05,2006-01-03,2006-01-05T21:17:04.000Z,,4,,,,4,5528,0,0,,xslF345X02/primary_doc.xml,PRIMARY DOCUMENT
0000072741-06-000003,2006-01-05,2006-01-03,2006-01-05T21:42:33.000Z,,4,,,,4,5506,0,0,,xslF345X02/primary_doc.xml,PRIMARY DOCUMENT
0000072741-06-000004,2006-01-05,2006-01-03,2006-01-05T21:57:58.000Z,,4,,,,4,5611,0,0,,xslF345X02/primary_doc.xml,PRIMARY DOCUMENT
0000072741-06-000005,2006-01-05,2006-01-03,2006-01-05T22:06:07.000Z,,4,,,,4,5434,0,0,,xslF345X02/primary_doc.xml,PRIMARY DOCUMENT
0000072741-06-000006,2006-01-05,2006-01-03,2006-01-05T22:22:01.000Z,,4,,,,4,5547,0,0,,xslF345X02/primary_doc.xml,PRIMARY DOCUMENT
0000072741-06-000007,2006-01-05,2006-01-03,2006-01-05T22:29:37.000Z,,4,,,,4,7134,0,0,,xslF345X02/primary_doc.xml,PRIMARY DOCUMENT
0000072741-06-000009,2006-01-10,,2006-01-10T21:35:32.000Z,35,35-CERT,070-10184,06522719,,35-CERT,16799,0,0,,nurule2cert011006.htm,NU RULE 24 011006
0000072741-06-000011,2006-01-17,,2006-01-17T20:00:39.000Z,35,35-CERT,070-09755,06532761,,35-CERT,27365,0,0,,nurule24011706.htm,NU MONEYPOOL RULE 24 CERT. 011706
0000072741-06-000014,2006-02-02,2006-01-31,2006-02-02T14:36:31.000Z,,4,,,,4,7986,0,0,,xslF345X02/primary_doc.xml,PRIMARY DOCUMENT
0000205716-06-000017,2006-02-02,2006-01-31,2006-02-02T15:49:59.000Z,,4,,,,4,7615,0,0,,xslF345X02/primary_doc.xml,PRIMARY DOCUMENT
0000072741-06-000015,2006-02-02,2006-01-31,2006-02-02T16:38:41.000Z,,4,,,,4,7256,0,0,,xslF345X02/primary_doc.xml,PRIMARY DOCUMENT
0000072741-06-000017,2006-02-03,,2006-02-03T21:17:19.000Z,,SC 13G,,,,SC 13G,54617,0,0,,globix136020306.htm,GLOBIX 13G 020306
0000017283-06-000288,2006-02-10,,2006-02-10T19:16:41.000Z,34,SC 13G/A,005-42665,06597537,,SC 13G/A,9589,0,0,,edgnu.txt,SC 13G/A
0000888002-06-000626,2006-02-14,,2006-02-14T13:25:36.000Z,34,SC 13G/A,005-42665,06607088,,SC 13G/A,20894,0,0,,nu1231_g.txt,
0001104659-06-009287,2006-02-14,,2006-02-14T18:30:41.000Z,34,SC 13G/A,005-42665,06611706,,SC 13G/A,63412,0,0,,a06-4980_94sc13ga.htm,AMENDMENT
0000072741-06-000024,2006-02-16,2006-02-15,2006-02-16T00:10:45.000Z,34,8-K,001-05324,06623337,"2.02,9.01",8-K,266517,0,0,,nuopcos8k021506.htm,NU & OPCO 8-K 021506
0000205716-06-000018,2006-02-16,2006-02-14,2006-02-16T16:57:54.000Z,,4,,,,4,7546,0,0,,xslF345X02/primary_doc.xml,PRIMARY DOCUMENT
0000072741-06-000025,2006-02-16,2006-02-14,2006-02-16T17:02:13.000Z,,4,,,,4,7530,0,0,,xslF345X02/primary_doc.xml,PRIMARY DOCUMENT
0000205716-06-000019,2006-02-16,2006-02-14,2006-02-16T18:03:21.000Z,,4,,,,4,8217,0,0,,xslF345X02/primary_doc.xml,PRIMARY DOCUMENT
0000205716-06-000020,2006-02-16,2006-02-14,2006-02-16T18:37:05.000Z,,4,,,,4,6493,0,0,,xslF345X02/primary_doc.xml,PRIMARY DOCUMENT
0000205716-06-000021,2006-02-16,2006-02-14,2006-02-16T18:57:13.000Z,,4,,,,4,7521,0,0,,xslF345X02/primary_doc.xml,PRIMARY DOCUMENT
0000205716-06-000022,2006-02-16,2006-02-14,2006-02-16T19:47:06.000Z,,4,,,,4,6131,0,0,,xslF345X02/primary_doc.xml,PRIMARY DOCUMENT
0000072741-06-000026,2006-02-16,2006-02-14,2006-02-16T19:47:30.000Z,,4,,,,4,6441,0,0,,xslF345X02/primary_doc.xml,PRIMARY DOCUMENT
0000072741-06-000029,2006-02-21,2006-02-14,2006-02-21T15:39:34.000Z,34,8-K,001-05324,06631626,1.01,8-K,14078,0,0,,nu8k022106.htm,NU 8-K 022106
0000205716-06-000023,2006-02-28,2006-02-27,2006-02-28T20:11:39.000Z,,4,,,,4,7468,0,0,,xslF345X02/primary_doc.xml,PRIMARY DOCUMENT
0000205716-06-000024,2006-03-01,2006-02-27,2006-03-01T14:25:41.000Z,,4,,,,4,6439,0,0,,xslF345X02/primary_doc.xml,PRIMARY DOCUMENT
0000072741-06-000030,2006-03-01,2006-02-27,2006-03-01T17:21:29.000Z,,4,,,,4,8163,0,0,,xslF345X02/primary_doc.xml,PRIMARY DOCUMENT
0000205716-06-000025,2006-03-01,2006-02-27,2006-03-01T19:02:22.000Z,,4,,,,4,7569,0,0,,xslF345X02/primary_doc.xml,PRIMARY DOCUMENT
0000072741-06-000031,2006-03-01,2006-02-27,2006-03-01T20:10:53.000Z,,4,,,,4,6061,0,0,,xslF345X02/primary_doc.xml,PRIMARY DOCUMENT
0000205716-06-000026,2006-03-01,2006-02-27,2006-03-01T20:32:47.000Z,,4,,,,4,6375,0,0,,xslF345X02/primary_doc.xml,PRIMARY DOCUMENT
0000072741-06-000032,2006-03-01,2006-02-27,2006-03-01T20:57:27.000Z,,4,,,,4,7508,0,0,,xslF345X02/primary_doc.xml,PRIMARY DOCUMENT
0000072741-06-000036,2006-03-10,2005-12-31,2006-03-10T21:49:24.000Z,34,10-K,001-05324,06679919,,10-K,4931796,0,0,,f2005nuform10kdraft6final.htm,
0001193125-06-072610,2006-04-04,2006-05-09,2006-04-04T15:39:41.000Z,34,DEF 14A,001-05324,06736263,,DEF 14A,711741,0,0,,ddef14a.htm,DEFINITIVE PROXY STATEMENT
0000205716-06-000027,2006-04-04,2006-04-03,2006-04-04T20:20:26.000Z,,4,,,,4,5186,0,0,,xslF345X02/primary_doc.xml,PRIMARY DOCUMENT
0000205716-06-000028,2006-04-04,2006-04-03,2006-04-04T20:33:11.000Z,,4,,,,4,5238,0,0,,xslF345X02/primary_doc.xml,PRIMARY DOCUMENT
0000072741-06-000039,2006-05-04,2006-05-02,2006-05-04T19:50:59.000Z,34,8-K,001-05324,06808243,"2.02,2.05,9.01",8-K,174017,0,0,,nuopco8kearncvr050406.htm,"NU, CL&P, PSNH & WMECO 8-K 050406"
0000072741-06-000042,2006-05-08,2006-03-31,2006-05-08T11:14:45.000Z,34,10-Q,001-05324,06814725,,10-Q,1678157,0,0,,march2006form10qdraft5edgar.htm,
0000205716-06-000029,2006-05-11,2006-05-09,2006-05-11T14:06:30.000Z,,4,,,,4,15445,0,0,,xslF345X02/primary_doc.xml,PRIMARY DOCUMENT
0000205716-06-000030,2006-05-30,2006-05-24,2006-05-30T20:48:59.000Z,,4,,,,4,5343,0,0,,xslF345X02/primary_doc.xml,PRIMARY DOCUMENT
0000072741-06-000045,2006-05-30,2006-05-30,2006-05-30T20:57:17.000Z,34,8-K,001-05324,06874596,5.02,8-K,10641,0,0,,nu8kstack053006.htm,NU 8-K 053006
0000072741-06-000049,2006-05-31,2006-05-25,2006-05-31T18:45:28.000Z,34,8-K,001-05324,06876646,1.01,8-K,18965,0,0,,nuopcos8k053106.htm,"NU, CL&P, WMECO & PSNH 8-K 053106"
0000072741-06-000053,2006-06-09,2006-06-07,2006-06-09T20:28:17.000Z,34,8-K,001-05324,06897328,2.02,8-K,1478625,0,0,,form8kdraft3edgar.htm,8-K
0000072741-06-000058,2006-06-16,2006-06-15,2006-06-16T20:50:42.000Z,34,8-K,001-05324,06910832,8.01,8-K,15042,0,0,,nupsnh8krates061606.htm,NU &  PSNH 8-K 061606
0000072741-06-000061,2006-06-29,2005-12-31,2006-06-29T18:57:58.000Z,34,11-K,001-05324,06933340,,11-K,161516,0,0,,nu11k2005062906.htm,NU 2005 11-L 062906
0000072741-06-000065,2006-06-29,2005-12-31,2006-06-29T20:16:59.000Z,34,11-K/A,001-05324,06933986,,11-K/A,167992,0,0,,nu11ka062906.htm,NU QQK AMENDMENT 062906
0000205716-06-000031,2006-07-05,2006-07-03,2006-07-05T18:05:36.000Z,,4,,,,4,5187,0,0,,xslF345X02/primary_doc.xml,PRIMARY DOCUMENT
0000205716-06-000032,2006-07-05,2006-07-03,2006-07-05T18:57:38.000Z,,4,,,,4,5271,0,0,,xslF345X02/primary_doc.xml,PRIMARY DOCUMENT
0000072741-06-000068,2006-07-05,2006-06-29,2006-07-05T19:33:25.000Z,34,8-K,001-05324,06943834,1.02,8-K,12867,0,0,,nu8k070506.htm,NU 8-K 070506
0000205716-06-000033,2006-07-19,2006-07-18,2006-07-19T19:04:06.000Z,,4,,,,4,5331,0,0,,xslF345X02/primary_doc.xml,PRIMARY DOCUMENT
0000072741-06-000073,2006-07-26,2006-07-24,2006-07-26T13:57:38.000Z,34,8-K,001-05324,06980555,"1.01,9.01",8-K,22143,0,0,,nu8k072706.htm,NU 8-K 072606
0000072741-06-000075,2006-08-04,2006-08-03,2006-08-04T12:46:37.000Z,34,8-K,001-05324,061003878,"2.02,9.01",8-K,190894,0,0,,nuopco8kearncvr080206.htm,"NU, CL&P, PSNH & WMECO 8-K 080306"
0000072741-06-000078,2006-08-07,2006-06-30,2006-08-07T18:08:53.000Z,34,10-Q,001-05324,061008378,,10-Q,3182480,0,0,,june200610qedgar.htm,
0000205716-06-000034,2006-10-03,2006-10-02,2006-10-03T18:54:50.000Z,,4,,,,4,5328,0,0,,xslF345X02/primary_doc.xml,PRIMARY DOCUMENT
0000205716-06-000035,2006-10-03,2006-10-02,2006-10-03T18:55:33.000Z,,4,,,,4,5145,0,0,,xslF345X02/primary_doc.xml,PRIMARY DOCUMENT
0000072741-06-000083,2006-10-13,2006-10-10,2006-10-13T19:35:48.000Z,34,8-K,001-05324,061144223,"5.02,9.01",8-K,18164,0,0,,nu8ktrust101306.htm,NU 8-K 101006
0000072741-06-000084,2006-10-13,2006-10-04,2006-10-13T19:36:07.000Z,34,8-K,001-05324,061144224,8.01,8-K,21191,0,0,,nuopco8kyankee101306.htm,"NU, CL&P, PSNH & WMECO 8-K CY 101306"
0000072741-06-000090,2006-10-24,2006-10-19,2006-10-24T17:17:34.000Z,34,8-K,001-05324,061159645,"1.01,9.01",8-K,93858,0,0,,wmeco8k102406.htm,NU &  WMECO 8-K 102406
0000072741-06-000093,2006-10-25,2006-10-25,2006-10-25T20:41:58.000Z,34,8-K,001-05324,061163263,"7.01,9.01",8-K,26369,0,0,,nuclp8k102506.htm,NU & CL&P 8-K 102506
0000072741-06-000096,2006-11-01,2006-11-01,2006-11-01T21:02:07.000Z,34,8-K,001-05324,061178903,"2.01,9.01",8-K,19436,0,0,,nu8k110106ecp.htm,NU 8-K 110106
0000205716-06-000036,2006-11-02,2006-11-01,2006-11-02T15:22:14.000Z,,3,,,,3,6913,0,0,,xslF345X02/primary_doc.xml,PRIMARY DOCUMENT
0000205716-06-000037,2006-11-02,2006-11-01,2006-11-02T17:31:40.000Z,,4,,,,4,5194,0,0,,xslF345X02/primary_doc.xml,PRIMARY DOCUMENT
0001193125-06-224469,2006-11-06,2006-11-06,2006-11-06T13:16:58.000Z,34,8-K,001-05324,061188705,"2.02,7.01,9.01",8-K,3306203,0,0,,d8k.htm,FORM 8-K
0000072741-06-000102,2006-11-08,2006-09-30,2006-11-08T21:46:04.000Z,34,10-Q,001-05324,061198061,,10-Q,1988570,0,0,,septemberform10q.htm,
0000205716-06-000038,2006-11-22,2006-11-21,2006-11-22T15:51:28.000Z,,4,,,,4,12828,0,0,,xslF345X02/primary_doc.xml,PRIMARY DOCUMENT
0000205716-06-000039,2006-12-06,2006-12-04,2006-12-06T20:01:44.000Z,,4,,,,4,21684,0,0,,xslF345X02/primary_doc.xml,PRIMARY DOCUMENT
0000072741-06-000105,2006-12-19,2006-12-14,2006-12-19T18:51:17.000Z,34,8-K,001-05324,061285959,8.01,8-K,12907,0,0,,nuwmeco8k121906.htm,NU & WMECO 8-K 121906
0000205716-07-000001,2007-01-04,2007-01-03,2007-01-04T17:41:38.000Z,,4,,,,4,5577,0,0,,xslF345X02/primary_doc.xml,PRIMARY DOCUMENT
0000072741-07-000003,2007-01-04,2006-12-30,2007-01-04T19:40:04.000Z,34,8-K,001-05324,07508633,5.02,8-K,11569,0,0,,nu8kdesimone010407.htm,NU 8-K 010407
0000205716-07-000002,2007-01-04,2007-01-03,2007-01-04T20:27:59.000Z,,4,,,,4,5438,0,0,,xslF345X02/primary_doc.xml,PRIMARY DOCUMENT
0000072741-07-000004,2007-01-04,2007-01-03,2007-01-04T20:43:29.000Z,,4,,,,4,5453,0,0,,xslF345X02/primary_doc.xml,PRIMARY DOCUMENT
0000072741-07-000005,2007-01-04,2007-01-03,2007-01-04T22:11:11.000Z,,4,,,,4,6931,0,0,,xslF345X02/primary_doc.xml,PRIMARY DOCUMENT
0000072741-07-000006,2007-01-04,2007-01-03,2007-01-04T22:29:22.000Z,,4,,,,4,6830,0,0,,xslF345X02/primary_doc.xml,PRIMARY DOCUMENT
0000072741-07-000007,2007-01-04,2007-01-03,2007-01-04T22:29:32.000Z,,4,,,,4,5591,0,0,,xslF345X02/primary_doc.xml,PRIMARY DOCUMENT
0000205716-07-000003,2007-01-05,2007-01-03,2007-01-05T17:10:59.000Z,,4,,,,4,5261,0,0,,xslF345X02/primary_doc.xml,PRIMARY DOCUMENT
0000072741-07-000008,2007-01-05,2007-01-03,2007-01-05T17:39:24.000Z,,4,,,,4,5391,0,0,,xslF345X02/primary_doc.xml,PRIMARY DOCUMENT
0000072741-07-000009,2007-01-05,2007-01-03,2007-01-05T17:43:41.000Z,,4,,,,4,5441,0,0,,xslF345X02/primary_doc.xml,PRIMARY DOCUMENT
0000072741-07-000010,2007-01-05,2007-01-03,2007-01-05T20:21:15.000Z,,4,,,,4,5573,0,0,,xslF345X02/primary_doc.xml,PRIMARY DOCUMENT
0000072741-07-000013,2007-01-10,2007-01-08,2007-01-10T20:07:49.000Z,34,8-K,001-05324,07523085,"5.02,7.01",8-K,12386,0,0,,nu8kmgmt011007.htm,NU 8-K 011007
0000072741-07-000015,2007-01-12,2007-01-12,2007-01-12T19:36:55.000Z,34,8-K,001-05324,07528413,7.01,8-K,11501,0,0,,nu8kmgmtpayne011207.htm,NU 8-K 011207 OFFICER
0000205716-07-000004,2007-02-02,2007-01-31,2007-02-02T20:28:34.000Z,,4,,,,4,7986,0,0,,xslF345X02/primary_doc.xml,PRIMARY DOCUMENT
0000072741-07-000016,2007-02-02,2007-01-31,2007-02-02T21:37:17.000Z,,4,,,,4,7288,0,0,,xslF345X02/primary_doc.xml,PRIMARY DOCUMENT
0000205716-07-000005,2007-02-02,2007-01-31,2007-02-02T21:55:13.000Z,,4,,,,4,7643,0,0,,xslF345X02/primary_doc.xml,PRIMARY DOCUMENT
0000888002-07-000455,2007-02-13,,2007-02-13T20:16:06.000Z,34,SC 13G,005-42665,07609341,,SC 13G,21156,0,0,,nu1231_g.txt,
0000072741-07-000017,2007-02-13,2007-02-13,2007-02-13T22:21:42.000Z,,4,,,,4,7542,0,0,,xslF345X02/primary_doc.xml,PRIMARY DOCUMENT
0000205716-07-000006,2007-02-13,2007-02-13,2007-02-13T22:27:02.000Z,,4,,,,4,7303,0,0,,xslF345X02/primary_doc.xml,PRIMARY DOCUMENT
0000072741-07-000018,2007-02-14,2007-02-13,2007-02-14T17:06:38.000Z,,4,,,,4,6392,0,0,,xslF345X02/primary_doc.xml,PRIMARY DOCUMENT
0000205716-07-000007,2007-02-14,2007-02-13,2007-02-14T17:41:14.000Z,,4,,,,4,7100,0,0,,xslF345X02/primary_doc.xml,PRIMARY DOCUMENT
0001104659-07-011012,2007-02-14,,2007-02-14T17:54:13.000Z,34,SC 13G/A,005-42665,07617020,,SC 13G/A,63529,0,0,,a07-3008_133sc13ga.htm,SC 13G/A
0000072741-07-000020,2007-02-14,2007-02-13,2007-02-14T18:17:49.000Z,,3,,,,3,3492,0,0,,xslF345X02/primary_doc.xml,PRIMARY DOCUMENT
0000072741-07-000022,2007-02-14,2007-02-13,2007-02-14T19:02:08.000Z,34,8-K,001-05324,07617955,5.02,8-K,12451,0,0,,nu8kpayne021407.htm,NU 8-K 021407
0000072741-07-000023,2007-02-14,2007-02-13,2007-02-14T19:41:33.000Z,,4,,,,4,5244,0,0,,xslF345X02/primary_doc.xml,PRIMARY DOCUMENT
0000072741-07-000026,2007-02-20,2007-02-19,2007-02-20T20:45:57.000Z,34,8-K,001-05324,07635512,"2.02,9.01",8-K,251035,0,0,,nuopco8kearncvr021906.htm,"NU, CL&P. PSNH & WMECO 8-K 021907"
0000888002-07-000532,2007-02-23,,2007-02-23T16:26:38.000Z,34,SC 13G/A,005-42665,07644376,,SC 13G/A,21210,0,0,,nu1231_g.txt,
0001193125-07-041918,2007-02-28,2007-02-28,2007-02-28T14:04:54.000Z,34,8-K,001-05324,07655293,"7.01,9.01",8-K,1671252,0,0,,d8k.htm,FORM 8-K
0000072741-07-000030,2007-02-28,2007-02-26,2007-02-28T18:13:08.000Z,,4,,,,4,7462,0,0,,xslF345X02/primary_doc.xml,PRIMARY DOCUMENT
0000205716-07-000008,2007-02-28,2007-02-26,2007-02-28T18:15:08.000Z,,4,,,,4,7482,0,0,,xslF345X02/primary_doc.xml,PRIMARY DOCUMENT
0000072741-07-000031,2007-02-28,2007-02-26,2007-02-28T20:29:34.000Z,,4,,,,4,8218,0,0,,xslF345X02/primary_doc.xml,PRIMARY DOCUMENT
0000205716-07-000009,2007-02-28,2007-02-26,2007-02-28T20:31:28.000Z,,4,,,,4,7504,0,0,,xslF345X02/primary_doc.xml,PRIMARY DOCUMENT
0000072741-07-000032,2007-02-28,2007-02-26,2007-02-28T21:49:57.000Z,,4,,,,4,6479,0,0,,xslF345X02/primary_doc.xml,PRIMARY DOCUMENT
0000072741-07-000034,2007-03-01,2006-12-31,2007-02-28T22:55:42.000Z,34,10-K,001-05324,07659625,,10-K,7348442,0,0,,f2006nuform10k.htm,
0000072741-07-000035,2007-03-06,2007-03-05,2007-03-06T20:28:54.000Z,,4,,,,4,20687,0,0,,xslF345X02/primary_doc.xml,PRIMARY DOCUMENT
0000072741-07-000036,2007-03-08,2007-03-06,2007-03-08T19:23:15.000Z,,4,,,,4,10112,0,0,,xslF345X02/primary_doc.xml,PRIMARY DOCUMENT
0000072741-07-000039,2007-03-14,2007-03-12,2007-03-14T18:09:12.000Z,34,8-K,001-05324,07693185,"8.01,9.01",8-K,24816,0,0,,nuopco8k031307.htm,"NU, ET AL. 8-K 031307"
0000861177-07-000069,2007-03-14,,2007-03-14T20:07:20.000Z,34,SC 13G,005-42665,07693771,,SC 13G/A,10483,0,0,,northeast.txt,
0000072741-07-000040,2007-03-15,2007-03-13,2007-03-15T16:54:27.000Z,,4,,,,4,13092,0,0,,xslF345X02/primary_doc.xml,PRIMARY DOCUMENT
0001047469-07-001938,2007-03-20,,2007-03-19T22:38:35.000Z,33,S-3ASR,333-141425,07704697,,S-3ASR,1922526,0,0,,a2176733zs-3asr.htm,S3ASR
0001193125-07-064155,2007-03-26,2007-05-08,2007-03-26T19:56:38.000Z,34,DEF 14A,001-05324,07718140,,DEF 14A,1145589,0,0,,ddef14a.htm,DEFINITIVE PROXY STATEMENT
0000072741-07-000041,2007-03-27,2007-03-26,2007-03-27T20:04:54.000Z,,4,,,,4,24902,0,0,,xslF345X02/primary_doc.xml,PRIMARY DOCUMENT
0000072741-07-000042,2007-04-04,2007-04-02,2007-04-04T16:41:03.000Z,,4,,,,4,5304,0,0,,xslF345X02/primary_doc.xml,PRIMARY DOCUMENT
0000205716-07-000010,2007-04-04,2007-04-02,2007-04-04T16:41:10.000Z,,4,,,,4,5186,0,0,,xslF345X02/primary_doc.xml,PRIMARY DOCUMENT
0000072741-07-000045,2007-04-26,2007-04-26,2007-04-26T19:27:23.000Z,34,8-K,001-05324,07791110,"2.02,9.01",8-K,162911,0,0,,nuopco8kearncvr042607.htm,"NU, CL&P, PSNH & WMECO 8-K 04"
0001193125-07-093630,2007-04-27,2007-04-27,2007-04-27T20:18:50.000Z,34,8-K,001-05324,07796085,"7.01,9.01",8-K,1427114,0,0,,d8k.htm,FORM 8-K
0000072741-07-000048,2007-05-08,,2007-05-08T20:32:19.000Z,33,S-8,333-142724,07828617,,S-8,165893,0,0,,nus8050807.htm,NU S-8 050807
0000072741-07-000050,2007-05-09,2007-03-31,2007-05-09T16:29:24.000Z,34,10-Q,001-05324,07831289,,10-Q,1380083,0,0,,nu1stquarterform10q.htm,MARCH 2007 FORM 10-Q
0000072741-07-000054,2007-05-11,2007-05-08,2007-05-11T15:59:31.000Z,34,8-K,001-05324,07840900,"5.02,9.01",8-K,127191,0,0,,nu8k051006.htm,NU 8K 051107
0000205716-07-000011,2007-05-14,2007-05-10,2007-05-14T19:32:21.000Z,,4,,,,4,22773,0,0,,xslF345X02/primary_doc.xml,PRIMARY DOCUMENT
0000205716-07-000012,2007-05-15,2007-05-11,2007-05-15T16:09:51.000Z,,4,,,,4,22735,0,0,,xslF345X02/primary_doc.xml,PRIMARY DOCUMENT
0001181431-07-032500,2007-05-15,2007-05-11,2007-05-15T19:21:18.000Z,,4,,,,4,15995,0,0,,xslF345X02/rrd158595.xml,FORM 4
0000072741-07-000056,2007-05-18,2007-05-16,2007-05-18T16:18:07.000Z,34,8-K,001-05324,07863731,8.01,8-K,13445,0,0,,nu8kygrates051807.htm,YG RATE SETTLEMENT
0000000000-07-027858,2007-06-06,,2007-06-06T13:29:12.000Z,,UPLOAD,,,,LETTER,70798,0,0,,nuletter06k.pdf,06 10K - FIRST LETTER
0000072741-07-000058,2007-06-07,2007-06-04,2007-06-07T20:08:26.000Z,34,8-K,001-05324,07907044,8.01,8-K,15394,0,0,,nuclp8k060707.htm,NU & CL&P 8-K 060707
0000072741-07-000060,2007-06-19,,2007-06-19T17:44:44.000Z,,CORRESP,,,,CORRESP,49174,0,0,,filename1.htm,
0000072741-07-000064,2007-06-28,2005-12-31,2007-06-28T20:27:10.000Z,34,11-K,001-05324,07947184,,11-K,189474,0,0,,nusco112006062807.htm,NUSCO 2006 11K
0000072741-07-000067,2007-06-29,2005-12-31,2007-06-28T21:50:29.000Z,34,11-K,001-05324,07948037,,11-K,167961,0,0,,nu11k062906.htm,NU 11-K 062906
0000072741-07-000068,2007-06-29,2005-12-31,2007-06-28T21:52:33.000Z,34,11-K,001-05324,07948041,,11-K,167961,0,0,,nu11k062906.htm,NU 11-K 062906
0000072741-07-000070,2007-06-29,2005-12-31,2007-06-28T21:58:10.000Z,34,11-K/A,001-05324,07948067,,11-K/A,167967,0,0,,nu11k062906.htm,NU 11-K 062906
0000072741-07-000078,2007-06-29,2006-12-31,2007-06-29T19:11:04.000Z,34,11-K/A,001-05324,07950475,,11-K/A,190236,0,0,,nusco11kalav2006062907.htm,
0001193125-07-149279,2007-07-03,2007-06-29,2007-07-03T20:17:34.000Z,34,8-K,001-05324,07961081,"7.01,9.01",8-K,39761,0,0,,d8k.htm,FORM 8-K
0000072741-07-000084,2007-07-03,2007-07-02,2007-07-03T21:06:40.000Z,,4,,,,4,5457,0,0,,xslF345X02/main4.xml,PRIMARY DOCUMENT
0000072741-07-000085,2007-07-03,2007-07-02,2007-07-03T21:07:54.000Z,,4,,,,4,5575,0,0,,xslF345X02/main4.xml,PRIMARY DOCUMENT
0000000000-07-032819,2007-07-06,,2007-07-06T14:37:58.000Z,,UPLOAD,,,,LETTER,57878,0,0,,nocommentnu06.pdf,NFC LETTER 06 10K
0000072741-07-000108,2007-08-03,2007-08-02,2007-08-02T23:19:27.000Z,34,8-K,001-05324,071021882,"2.02,9.01",8-K,228289,0,0,,f8k080207shell.htm,"NU, CL&P, PSNH & WMECO 8K - AUGUST 2, 2007"
0000072741-07-000113,2007-08-07,2007-06-30,2007-08-06T22:49:12.000Z,34,10-Q,001-05324,071029173,,10-Q,1952057,0,0,,june2007form10qedgar.htm,
0000000000-07-041870,2007-08-27,,2007-08-27T18:15:37.000Z,,UPLOAD,,,,LETTER,81212,0,0,,filename1.pdf,
0000072741-07-000125,2007-09-12,2007-09-04,2007-09-12T18:30:23.000Z,,3,,,,3,4276,0,0,,xslF345X02/main3.xml,PRIMARY DOCUMENT
0000072741-07-000126,2007-09-12,2007-09-11,2007-09-12T18:36:39.000Z,,4,,,,4,5434,0,0,,xslF345X02/main4.xml,PRIMARY DOCUMENT
0000072741-07-000128,2007-09-13,,2007-09-13T21:16:34.000Z,,CORRESP,,,,CORRESP,6082,0,0,,filename1.htm,
0000930413-07-007666,2007-09-24,2007-09-24,2007-09-24T20:30:50.000Z,34,8-K,001-05324,071131785,"7.01,9.01",8-K,593519,0,0,,c50434_8k.htm,
0000072741-07-000134,2007-10-03,2007-10-01,2007-10-03T19:30:11.000Z,,4,,,,4,5598,0,0,,xslF345X02/main4.xml,PRIMARY DOCUMENT
0000072741-07-000135,2007-10-03,2007-10-01,2007-10-03T19:38:31.000Z,,4,,,,4,5469,0,0,,xslF345X02/main4.xml,PRIMARY DOCUMENT
0000072741-07-000138,2007-10-16,,2007-10-16T20:28:17.000Z,,CORRESP,,,,CORRESP,53554,0,0,,filename1.htm,
0000072741-07-000140,2007-10-19,2007-10-10,2007-10-19T20:09:25.000Z,,3,,,,3,6553,0,0,,xslF345X02/main3.xml,PRIMARY DOCUMENT
0001193125-07-232540,2007-11-01,2007-10-31,2007-11-01T20:25:13.000Z,34,8-K,001-05324,071207258,"7.01,9.01",8-K,47909,0,0,,d8k.htm,FORM 8-K
0001193125-07-234385,2007-11-05,2007-11-05,2007-11-05T11:40:47.000Z,34,8-K,001-05324,071212309,"2.02,7.01,9.01",8-K,3433448,0,0,,d8k.htm,FORM 8-K
0000072741-07-000143,2007-11-08,2007-09-30,2007-11-08T14:35:46.000Z,34,10-Q,001-05324,071223681,,10-Q,1758486,0,0,,september2007form10qedgar1.htm,
0000072741-07-000170,2007-11-14,2007-11-09,2007-11-14T22:24:21.000Z,,4,,,,4,6452,0,0,,xslF345X02/main4.xml,PRIMARY DOCUMENT
0000072741-07-000172,2007-11-19,2007-11-16,2007-11-19T22:19:09.000Z,34,8-K,001-05324,071257412,8.01,8-K,13954,0,0,,f8k111907.htm,CL&P RATE CASE PROCEEDING REQUEST
0001181431-07-072335,2007-11-30,2007-11-29,2007-11-30T19:56:11.000Z,,4,,,,4,5082,0,0,,xslF345X02/rrd180314.xml,FORM 4
0000000000-07-059916,2007-12-11,,2007-12-11T18:07:10.000Z,,UPLOAD,,,,LETTER,39962,0,0,,filename1.pdf,
0000072741-07-000179,2007-12-17,2007-12-11,2007-12-17T22:05:25.000Z,34,8-K,001-05324,071310661,"5.02,8.01",8-K,13783,0,0,,nu8k121707.htm,ITEM 5.02:  AMENDMENTS TO NU LTIPS
0000072741-08-000008,2008-01-03,2008-01-02,2008-01-03T22:05:48.000Z,,4,,,,4,5582,0,0,,xslF345X02/main4.xml,PRIMARY DOCUMENT
0000072741-08-000009,2008-01-03,2008-01-02,2008-01-03T22:06:46.000Z,,4,,,,4,5714,0,0,,xslF345X02/main4.xml,PRIMARY DOCUMENT
0000072741-08-000010,2008-01-03,2008-01-02,2008-01-03T22:07:50.000Z,,4,,,,4,5529,0,0,,xslF345X02/main4.xml,PRIMARY DOCUMENT
0000072741-08-000011,2008-01-03,2008-01-02,2008-01-03T22:09:26.000Z,,4,,,,4,5745,0,0,,xslF345X02/main4.xml,PRIMARY DOCUMENT
0000072741-08-000015,2008-01-04,2008-01-02,2008-01-04T17:21:19.000Z,,4/A,,,,4/A,5856,0,0,,xslF345X02/main4.xml,PRIMARY DOCUMENT
0000072741-08-000018,2008-01-04,2008-01-02,2008-01-04T20:39:52.000Z,,4,,,,4,7324,0,0,,xslF345X02/main4.xml,PRIMARY DOCUMENT
0000072741-08-000019,2008-01-04,2008-01-02,2008-01-04T20:45:24.000Z,,4,,,,4,7417,0,0,,xslF345X02/main4.xml,PRIMARY DOCUMENT
0000072741-08-000025,2008-01-04,2008-01-02,2008-01-04T21:45:29.000Z,,4,,,,4,5823,0,0,,xslF345X02/main4.xml,PRIMARY DOCUMENT
0000072741-08-000026,2008-01-04,2008-01-02,2008-01-04T21:48:41.000Z,,4,,,,4,5890,0,0,,xslF345X02/main4.xml,PRIMARY DOCUMENT
0000072741-08-000027,2008-01-04,2008-01-02,2008-01-04T22:03:13.000Z,,4,,,,4,5884,0,0,,xslF345X02/main4.xml,PRIMARY DOCUMENT
0000072741-08-000029,2008-01-04,2008-01-02,2008-01-04T22:32:39.000Z,,4,,,,4,5652,0,0,,xslF345X02/main4.xml,PRIMARY DOCUMENT
0000072741-08-000031,2008-01-08,2008-01-01,2008-01-08T21:25:25.000Z,,3,,,,3,5358,0,0,,xslF345X02/main3.xml,PRIMARY DOCUMENT
0000072741-08-000036,2008-01-23,2008-01-18,2008-01-22T23:32:13.000Z,34,8-K,001-05324,08543002,8.01,8-K,17494,0,0,,nuclp8k080123.htm,DPUC DRAFT DECISION
0000072741-08-000039,2008-01-23,,2008-01-23T21:24:37.000Z,,CORRESP,,,,CORRESP,43677,0,0,,filename1.htm,
0000000000-08-004057,2008-01-24,,2008-01-24T15:18:03.000Z,,UPLOAD,,,,LETTER,35414,0,0,,filename1.pdf,
0000072741-08-000042,2008-02-01,2008-01-28,2008-02-01T22:16:24.000Z,34,8-K,001-05324,08569546,8.01,8-K,17760,0,0,,nuclp8k020108.htm,DPUC FINAL DECISION
0001193125-08-018263,2008-02-04,2008-01-28,2008-02-02T02:50:28.000Z,34,8-K/A,001-05324,08570238,8.01,8-K/A,17345,0,0,,d8ka.htm,FORM 8-K AMENDMENT
0000072741-08-000049,2008-02-04,2008-01-31,2008-02-04T17:59:48.000Z,,4,,,,4,7844,0,0,,xslF345X02/main4.xml,PRIMARY DOCUMENT
0000072741-08-000050,2008-02-04,2008-01-31,2008-02-04T18:01:15.000Z,,4,,,,4,6432,0,0,,xslF345X02/main4.xml,PRIMARY DOCUMENT
0000072741-08-000055,2008-02-04,2008-01-08,2008-02-04T19:42:55.000Z,,4,,,,4,9378,0,0,,xslF345X02/main4.xml,PRIMARY DOCUMENT
0000072741-08-000056,2008-02-04,2008-01-31,2008-02-04T19:43:34.000Z,,4,,,,4,7452,0,0,,xslF345X02/main4.xml,PRIMARY DOCUMENT
0000072741-08-000057,2008-02-04,2008-01-31,2008-02-04T19:44:47.000Z,,4,,,,4,7419,0,0,,xslF345X02/main4.xml,PRIMARY DOCUMENT
0000072741-08-000058,2008-02-04,2008-01-31,2008-02-04T21:08:34.000Z,,4,,,,4,7461,0,0,,xslF345X02/main4.xml,PRIMARY DOCUMENT
0000861177-08-000053,2008-02-12,,2008-02-12T21:59:16.000Z,34,SC 13G/A,005-42665,08599203,,SC 13G/A,10530,0,0,,northeast_exit.txt,
0000072741-08-000061,2008-02-13,2008-02-12,2008-02-13T21:41:43.000Z,,4,,,,4,8149,0,0,,xslF345X02/main4.xml,PRIMARY DOCUMENT
0000072741-08-000063,2008-02-13,2008-02-12,2008-02-13T21:57:58.000Z,,4,,,,4,8117,0,0,,xslF345X02/main4.xml,PRIMARY DOCUMENT
0001104659-08-010110,2008-02-14,,2008-02-13T23:13:18.000Z,34,SC 13G/A,005-42665,08606815,,SC 13G/A,64367,0,0,,a08-1791_27sc13ga.htm,SC 13G/A
0000888002-08-000504,2008-02-14,,2008-02-14T12:26:06.000Z,34,SC 13G/A,005-42665,08608228,,SC 13G/A,21198,0,0,,nu1231_g.txt,
0000072741-08-000071,2008-02-14,2008-02-12,2008-02-14T17:29:24.000Z,,4,,,,4,8096,0,0,,xslF345X02/main4.xml,PRIMARY DOCUMENT
0000072741-08-000072,2008-02-14,2008-02-12,2008-02-14T19:43:39.000Z,,4,,,,4,8352,0,0,,xslF345X02/main4.xml,PRIMARY DOCUMENT
0000072741-08-000073,2008-02-14,2008-02-12,2008-02-14T19:47:36.000Z,,4,,,,4,8039,0,0,,xslF345X02/main4.xml,PRIMARY DOCUMENT
0000072741-08-000074,2008-02-14,2008-02-12,2008-02-14T20:05:15.000Z,,4,,,,4,7107,0,0,,xslF345X02/main4.xml,PRIMARY DOCUMENT
0000072741-08-000077,2008-02-14,2008-02-12,2008-02-14T22:11:23.000Z,,4,,,,4,6617,0,0,,xslF345X02/main4.xml,PRIMARY DOCUMENT
0000072741-08-000078,2008-02-14,2008-02-12,2008-02-14T22:24:20.000Z,,4,,,,4,6591,0,0,,xslF345X02/main4.xml,PRIMARY DOCUMENT
0000072741-08-000082,2008-02-19,2008-02-12,2008-02-19T22:27:36.000Z,34,8-K,001-05324,08627531,5.02,8-K,15650,0,0,,f8k021908.htm,2008 INCENTIVE PROGRAMS
0000072741-08-000086,2008-02-21,2008-02-20,2008-02-21T17:51:03.000Z,34,8-K,001-05324,08632164,"2.02,9.01",8-K,307588,0,0,,f8k022008.htm,EARNINGS RELEASE
0000072741-08-000093,2008-02-26,2008-02-25,2008-02-26T16:45:07.000Z,,4,,,,4,8561,0,0,,xslF345X02/main4.xml,PRIMARY DOCUMENT
0000072741-08-000095,2008-02-26,2008-02-25,2008-02-26T16:59:54.000Z,,4,,,,4,8604,0,0,,xslF345X02/main4.xml,PRIMARY DOCUMENT
0000072741-08-000098,2008-02-26,2008-02-25,2008-02-26T20:52:45.000Z,,4,,,,4,8569,0,0,,xslF345X02/main4.xml,PRIMARY DOCUMENT
0000072741-08-000101,2008-02-27,2008-02-25,2008-02-27T17:08:38.000Z,,4,,,,4,8482,0,0,,xslF345X02/main4.xml,PRIMARY DOCUMENT
0000072741-08-000102,2008-02-27,2008-02-25,2008-02-27T19:07:55.000Z,,4,,,,4,6485,0,0,,xslF345X02/main4.xml,PRIMARY DOCUMENT
0000072741-08-000103,2008-02-27,2008-02-25,2008-02-27T19:16:21.000Z,,4,,,,4,8739,0,0,,xslF345X02/main4.xml,PRIMARY DOCUMENT
0000072741-08-000104,2008-02-27,2008-02-25,2008-02-27T19:30:35.000Z,,4,,,,4,6463,0,0,,xslF345X02/main4.xml,PRIMARY DOCUMENT
0000072741-08-000107,2008-02-29,2007-12-31,2008-02-29T14:03:16.000Z,34,10-K,001-05324,08652966,,10-K,5854484,0,0,,nu2007form10kedgar.htm,
9999999997-08-009308,2008-03-03,2008-01-08,2008-03-06T18:46:18.000Z,34,NO ACT,001-05324,08041688,,NO ACT,1833,0,0,,9999999997-08-009308.paper,AUTO-GENERATED PAPER DOCUMENT
0000072741-08-000112,2008-03-19,2008-03-13,2008-03-19T20:25:17.000Z,34,8-K,001-05324,08699574,8.01,8-K,13786,0,0,,nu8k031908.htm,NOTIFICATION OF SETTLEMENT AGREEMENT WITH CONSOLIDATED EDISON
0000072741-08-000116,2008-03-25,,2008-03-25T16:01:02.000Z,33,S-4 POS,333-85613,08708724,,S-4 POS,17804,0,0,,nufs485613.htm,NUS4POS61303-25-08
0000072741-08-000117,2008-03-25,,2008-03-25T16:05:59.000Z,33,S-8 POS,333-52415,08708732,,S-8 POS,18492,0,0,,nufs852415.htm,NUS8POS41503-2508
0000072741-08-000118,2008-03-25,,2008-03-25T16:45:59.000Z,33,S-8 POS,333-52413,08708822,,S-8 POS,20881,0,0,,nufs852413.htm,NUS8POS413
0000072741-08-000121,2008-03-26,,2008-03-26T15:25:26.000Z,33,POS AM,333-55142,08711072,,POS AM,17664,0,0,,nufs355142.htm,NUS3POSAM14203-26-08
0000072741-08-000122,2008-03-26,,2008-03-26T15:27:29.000Z,33,POS AM,333-128811,08711078,,POS AM,18003,0,0,,nuf3128811.htm,NUS3POSAM81103-26-08
0001193125-08-071383,2008-03-31,2008-05-13,2008-03-31T21:25:52.000Z,34,DEF 14A,001-05324,08726377,,DEF 14A,1124932,0,0,,ddef14a.htm,DEFINITIVE PROXY STATEMENT
0001193125-08-071388,2008-03-31,,2008-03-31T21:27:05.000Z,34,DEFA14A,001-05324,08726400,,DEFA14A,30484,0,0,,ddefa14a.htm,DEFINITIVE ADDITIONAL MATERIALS
9999999995-08-000912,2008-03-31,,2008-04-01T04:15:42.000Z,33,EFFECT,333-128811,08727177,"POS AM,0000072741-08-000122,2008-03-31",EFFECT,2200,0,0,,xslEFFECTX01/primary_doc.xml,
9999999995-08-000941,2008-03-31,,2008-04-01T04:16:17.000Z,33,EFFECT,333-55142,08727221,"POS AM,0000072741-08-000121,2008-03-31",EFFECT,2198,0,0,,xslEFFECTX01/primary_doc.xml,
0000072741-08-000124,2008-04-01,,2008-04-01T15:18:13.000Z,33,POS AM,333-85613,08727842,,POS AM,17771,0,0,,nufs485613.htm,NUS4POS61303-25-08
0000072741-08-000126,2008-04-02,2008-03-24,2008-04-02T21:12:19.000Z,34,8-K,001-05324,08734491,8.01,8-K,27690,0,0,,nuclppsnhwmeco8k040208.htm,FERC ORDER REGARDING REHEARING
9999999997-08-017843,2008-04-02,2007-12-31,2008-04-07T16:35:43.000Z,34,ARS,001-05324,08043010,,ARS,1824,0,0,,9999999997-08-017843.paper,AUTO-GENERATED PAPER DOCUMENT
0000072741-08-000131,2008-04-03,2008-04-01,2008-04-03T16:29:23.000Z,,4,,,,4,5489,0,0,,xslF345X02/main4.xml,PRIMARY DOCUMENT
0000072741-08-000132,2008-04-03,2008-04-01,2008-04-03T16:32:18.000Z,,4,,,,4,5597,0,0,,xslF345X02/main4.xml,PRIMARY DOCUMENT
9999999995-08-001012,2008-04-04,,2008-04-08T04:15:16.000Z,33,EFFECT,333-85613,08744168,"POS AM,0000072741-08-000124,2008-04-04",EFFECT,2198,0,0,,xslEFFECTX01/primary_doc.xml,
0000072741-08-000139,2008-04-07,2008-04-03,2008-04-07T20:28:45.000Z,,4,,,,4,9705,0,0,,xslF345X02/main4.xml,PRIMARY DOCUMENT
0000072741-08-000142,2008-04-09,2008-04-07,2008-04-09T18:58:37.000Z,,4,,,,4,9799,0,0,,xslF345X02/main4.xml,PRIMARY DOCUMENT
0000072741-08-000146,2008-04-11,2008-04-10,2008-04-11T21:08:32.000Z,,4,,,,4,8047,0,0,,xslF345X02/main4.xml,PRIMARY DOCUMENT
0000000000-08-022415,2008-05-01,,2008-05-01T13:52:26.000Z,,UPLOAD,,,,LETTER,44692,0,0,,filename1.pdf,
0000072741-08-000153,2008-05-01,2008-05-01,2008-05-01T19:35:33.000Z,34,8-K,001-05324,08794464,"2.02,9.01",8-K,224024,0,0,,nuclppsnhwmeco8k080501.htm,8K
0000072741-08-000157,2008-05-06,,2008-05-06T21:24:15.000Z,,CORRESP,,,,CORRESP,30817,0,0,,filename1.htm,
0000072741-08-000160,2008-05-09,2008-03-31,2008-05-09T21:16:13.000Z,34,10-Q,001-05324,08819672,,10-Q,1296452,0,0,,march2008form10qedgar.htm,
0000072741-08-000163,2008-05-14,2008-05-13,2008-05-13T23:01:48.000Z,34,8-K,001-05324,08829069,8.01,8-K,20880,0,0,,form8k13may08fin.htm,NUCLPWMECONEEWS
0000072741-08-000167,2008-05-16,2008-05-13,2008-05-16T20:04:11.000Z,,3,,,,3,10647,0,0,,xslF345X02/main3.xml,PRIMARY DOCUMENT
0000072741-08-000170,2008-05-19,2008-05-13,2008-05-19T19:51:49.000Z,34,8-K,001-05324,08845245,5.02,8-K,12359,0,0,,nu8k080519.htm,ELECTION OF COO
0000072741-08-000174,2008-05-27,2008-05-22,2008-05-27T18:50:20.000Z,,4,,,,4,7040,0,0,,xslF345X02/main4.xml,PRIMARY DOCUMENT
0000950136-08-002883,2008-06-02,,2008-06-02T14:11:53.000Z,33,424B3,333-141425,08872532,,424B3,786066,0,0,,file1.htm,FORM 424B3
0000072741-08-000176,2008-06-02,2008-06-02,2008-06-02T20:27:43.000Z,,4,,,,4,5600,0,0,,xslF345X02/main4.xml,PRIMARY DOCUMENT
0000950136-08-002893,2008-06-02,,2008-06-02T20:49:33.000Z,34,FWP,333-141425,08874555,,FWP,16604,0,0,,file1.htm,FWP
0000950136-08-002898,2008-06-03,,2008-06-03T15:32:36.000Z,33,424B5,333-141425,08876368,,424B5,785625,0,0,,file1.htm,FORM 424B5
0000072741-08-000181,2008-06-10,2008-06-05,2008-06-10T21:27:10.000Z,34,8-K,001-05324,08891534,2.03,8-K,240285,0,0,,nu8k0806.htm,NU SENIOR NOTE DISCLOSURE
0000072741-08-000183,2008-06-16,2008-06-10,2008-06-16T16:12:17.000Z,34,8-K/A,001-05324,08899902,5.02,8-K/A,12612,0,0,,f8ka061608final.htm,"AMENDMENT NO. 1 TO MAY 13, 2008 FORM 8-K"
0000072741-08-000188,2008-06-25,,2008-06-25T20:35:08.000Z,33,POS AM,033-34622,08916955,,POS AM,20215,0,0,,pos080625.htm,"POST-EFFECTIVE AMENDMENT NO. 2, 33-34622"
0000072741-08-000190,2008-06-25,,2008-06-25T21:07:28.000Z,,CORRESP,,,,CORRESP,27752,0,0,,filename1.htm,
0000072741-08-000194,2008-06-30,2007-12-31,2008-06-27T21:35:05.000Z,34,11-K,001-05324,08923640,,11-K,172169,0,0,,nu11k080627.htm,NUSCO 401 K
0000072741-08-000197,2008-07-03,2008-07-01,2008-07-03T18:58:22.000Z,,4,,,,4,5597,0,0,,xslF345X03/main4.xml,PRIMARY DOCUMENT
0000072741-08-000198,2008-07-03,2008-07-01,2008-07-03T19:00:53.000Z,,4,,,,4,5488,0,0,,xslF345X03/main4.xml,PRIMARY DOCUMENT
0000072741-08-000202,2008-07-17,,2008-07-17T18:01:04.000Z,33,POS AM,033-34622,08956690,,POS AM,20850,0,0,,nuposam080717.htm,NU POS AM
0000072741-08-000204,2008-07-21,,2008-07-21T18:21:26.000Z,,CORRESP,,,,CORRESP,34654,0,0,,filename1.htm,
9999999995-08-002243,2008-07-21,,2008-07-22T04:15:15.000Z,33,EFFECT,033-34622,08962332,"POS AM,0000072741-08-000202,2008-07-21",EFFECT,2198,0,0,,xslEFFECTX01/primary_doc.xml,
0000072741-08-000207,2008-07-23,2008-07-17,2008-07-23T18:07:05.000Z,34,8-K,001-05324,08965475,7.01,8-K,16984,0,0,,f8k072308.htm,FERC ROE 8K
0000000000-08-037932,2008-07-30,,2008-07-30T14:04:05.000Z,,UPLOAD,,,,LETTER,25045,0,0,,filename1.pdf,
0000072741-08-000212,2008-08-01,2008-06-30,2008-08-01T21:19:47.000Z,34,8-K,001-05324,08986008,"2.02,7.01,9.01",8-K,1154396,0,0,,earning8kq22008.htm,FORM 8-K
0000072741-08-000215,2008-08-07,2008-06-30,2008-08-06T22:59:08.000Z,34,10-Q,001-05324,08996172,,10-Q,1964268,0,0,,june2008form10qfinal.htm,FORM 10-Q
0000072741-08-000218,2008-08-12,,2008-08-12T21:50:15.000Z,,CORRESP,,,,CORRESP,116979,0,0,,filename1.htm,
0000000000-08-042189,2008-08-21,,2008-08-21T14:40:32.000Z,,UPLOAD,,,,LETTER,19493,0,0,,filename1.pdf,
0000072741-08-000221,2008-09-08,2008-09-04,2008-09-08T18:48:42.000Z,,4,,,,4,8486,0,0,,xslF345X03/main4.xml,PRIMARY DOCUMENT
0000072741-08-000223,2008-09-11,2008-09-09,2008-09-11T19:39:03.000Z,34,8-K,001-05324,081067275,5.02,8-K,15827,0,0,,f8kexcomp91008.htm,AMENDMENTS TO NORTHEAST UTILITIES??? EXECUTIVE COMPENSATION PLANS
0000072741-08-000226,2008-10-02,2008-10-01,2008-10-02T19:19:21.000Z,,4,,,,4,5481,0,0,,xslF345X03/main4.xml,PRIMARY DOCUMENT
0000072741-08-000227,2008-10-02,2008-10-01,2008-10-02T19:20:22.000Z,,4,,,,4,5613,0,0,,xslF345X03/main4.xml,PRIMARY DOCUMENT
0000072741-08-000230,2008-11-05,2008-11-04,2008-11-05T21:22:51.000Z,34,8-K,001-05324,081164028,"7.01,9.01",8-K,59809,0,0,,november5form8k.htm,FORM 8-K
0000072741-08-000232,2008-11-10,2008-09-30,2008-11-07T23:38:46.000Z,34,10-Q,001-05324,081172985,,10-Q,2797378,0,0,,september2008form10q.htm,FORM 10-Q
0001193125-08-230748,2008-11-10,2008-11-10,2008-11-10T12:19:55.000Z,34,8-K,001-05324,081173398,"2.02,7.01,9.01",8-K,3998815,0,0,,d8k.htm,FORM 8-K
0000072741-08-000235,2008-11-20,2008-11-17,2008-11-20T20:53:39.000Z,34,8-K,001-05324,081203936,8.01,8-K,18002,0,0,,f8k112008.htm,"FERC'S NOVEMBER 17, 2008 NEEWS ORDER"
0000072741-08-000240,2008-11-25,2008-11-24,2008-11-25T21:21:50.000Z,,4,,,,4,9775,0,0,,xslF345X03/main4.xml,PRIMARY DOCUMENT
0000072741-08-000241,2008-11-25,2008-11-24,2008-11-25T21:23:23.000Z,,4,,,,4,8017,0,0,,xslF345X03/main4.xml,PRIMARY DOCUMENT
0000072741-08-000244,2008-11-25,2008-11-24,2008-11-25T21:44:27.000Z,,4,,,,4,9776,0,0,,xslF345X03/main4.xml,PRIMARY DOCUMENT
0000072741-08-000248,2008-12-15,2008-12-09,2008-12-15T22:17:17.000Z,34,8-K,001-05324,081250468,5.02,8-K,12277,0,0,,f8k12152008.htm,AMENDMENTS TO NORTHEAST UTILITIES EXECUTIVE EMPLOYMENT AGREEMENTS
0000072741-08-000252,2008-12-18,2008-12-17,2008-12-17T23:45:14.000Z,34,8-K,001-05324,081256050,8.01,8-K,152245,0,0,,f1217088kferc.htm,NU AND NSTAR JOINT PETITION TO FERC DATED DECEMBER 12 2008
0000072741-09-000005,2009-01-05,2009-01-02,2009-01-05T22:10:05.000Z,,4,,,,4,7495,0,0,,xslF345X03/main4.xml,PRIMARY DOCUMENT
0000072741-09-000006,2009-01-05,2009-01-02,2009-01-05T22:12:56.000Z,,4,,,,4,7477,0,0,,xslF345X03/main4.xml,PRIMARY DOCUMENT
0000072741-09-000008,2009-01-05,2009-01-02,2009-01-05T22:27:44.000Z,,4,,,,4,5750,0,0,,xslF345X03/main4.xml,PRIMARY DOCUMENT
0000072741-09-000019,2009-01-06,2009-01-02,2009-01-06T16:30:21.000Z,,4,,,,4,5945,0,0,,xslF345X03/main4.xml,PRIMARY DOCUMENT
0000072741-09-000020,2009-01-06,2009-01-02,2009-01-06T16:35:26.000Z,,4,,,,4,7417,0,0,,xslF345X03/main4.xml,PRIMARY DOCUMENT
0000072741-09-000021,2009-01-06,2009-01-02,2009-01-06T17:02:32.000Z,,4,,,,4,5875,0,0,,xslF345X03/main4.xml,PRIMARY DOCUMENT
0000072741-09-000022,2009-01-06,2009-01-02,2009-01-06T17:43:11.000Z,,4,,,,4,5596,0,0,,xslF345X03/main4.xml,PRIMARY DOCUMENT
0000072741-09-000023,2009-01-06,2009-01-02,2009-01-06T17:49:23.000Z,,4,,,,4,5766,0,0,,xslF345X03/main4.xml,PRIMARY DOCUMENT
0000072741-09-000024,2009-01-06,2009-01-02,2009-01-06T17:55:12.000Z,,4,,,,4,5727,0,0,,xslF345X03/main4.xml,PRIMARY DOCUMENT
0000072741-09-000025,2009-01-06,2009-01-02,2009-01-06T18:00:38.000Z,,4,,,,4,5927,0,0,,xslF345X03/main4.xml,PRIMARY DOCUMENT
0000072741-09-000028,2009-01-06,2009-01-02,2009-01-06T19:35:06.000Z,,4,,,,4,5712,0,0,,xslF345X03/main4.xml,PRIMARY DOCUMENT
0000072741-09-000034,2009-01-12,2009-01-08,2009-01-12T21:51:09.000Z,,4,,,,4,8209,0,0,,xslF345X03/main4.xml,PRIMARY DOCUMENT
0000072741-09-000053,2009-02-03,2009-01-30,2009-02-03T21:09:30.000Z,,4,,,,4,8984,0,0,,xslF345X03/main4.xml,PRIMARY DOCUMENT
0000072741-09-000054,2009-02-03,2009-01-30,2009-02-03T21:11:33.000Z,,4,,,,4,8536,0,0,,xslF345X03/main4.xml,PRIMARY DOCUMENT
0000072741-09-000055,2009-02-03,2009-01-30,2009-02-03T21:13:33.000Z,,4,,,,4,8475,0,0,,xslF345X03/main4.xml,PRIMARY DOCUMENT
0000072741-09-000056,2009-02-03,2009-01-30,2009-02-03T21:15:21.000Z,,4,,,,4,8544,0,0,,xslF345X03/main4.xml,PRIMARY DOCUMENT
0000072741-09-000057,2009-02-03,2009-01-30,2009-02-03T21:17:20.000Z,,4,,,,4,8461,0,0,,xslF345X03/main4.xml,PRIMARY DOCUMENT
0000950123-09-002203,2009-02-09,2009-02-09,2009-02-09T17:15:43.000Z,34,8-K,001-05324,09579714,8.01,8-K,12373,0,0,,y01084ke8vk.htm,FORM 8-K
0000072741-09-000062,2009-02-10,2009-02-10,2009-02-10T22:25:59.000Z,34,8-K,001-05324,09586734,8.01,8-K,55729,0,0,,f8k021020091.htm,NU APPROVES INCREASE IN QUARTERLY DIVIDEND
0000072741-09-000076,2009-02-11,2009-02-10,2009-02-11T21:44:52.000Z,,4,,,,4,6630,0,0,,xslF345X03/main4.xml,PRIMARY DOCUMENT
0000072741-09-000077,2009-02-11,2009-02-10,2009-02-11T21:50:09.000Z,,4,,,,4,9120,0,0,,xslF345X03/main4.xml,PRIMARY DOCUMENT
0000072741-09-000078,2009-02-11,2009-02-10,2009-02-11T21:53:32.000Z,,4,,,,4,8623,0,0,,xslF345X03/main4.xml,PRIMARY DOCUMENT
0000072741-09-000079,2009-02-11,2009-02-10,2009-02-11T21:57:17.000Z,,4,,,,4,8656,0,0,,xslF345X03/main4.xml,PRIMARY DOCUMENT
0000072741-09-000093,2009-02-12,2009-02-10,2009-02-12T20:48:28.000Z,,4,,,,4,8543,0,0,,xslF345X03/main4.xml,PRIMARY DOCUMENT
0000072741-09-000094,2009-02-12,2009-02-10,2009-02-12T21:01:04.000Z,,4,,,,4,8544,0,0,,xslF345X03/main4.xml,PRIMARY DOCUMENT
0000072741-09-000096,2009-02-12,2007-02-26,2009-02-12T21:19:51.000Z,,4,,,,4,8599,0,0,,xslF345X03/main4.xml,PRIMARY DOCUMENT
0001104659-09-009304,2009-02-13,,2009-02-13T17:50:46.000Z,34,SC 13G/A,005-42665,09600728,,SC 13G/A,64024,0,0,,a09-3637_29sc13ga.htm,SC 13G/A
0000072741-09-000098,2009-02-13,2009-02-13,2009-02-13T21:20:13.000Z,34,8-K,001-05324,09603806,5.02,8-K,17458,0,0,,f021320098kclean.htm,2009 INCENTIVE PROGRAMS
0000902219-09-000853,2009-02-17,,2009-02-17T20:15:37.000Z,34,SC 13G,005-42665,09612046,,SC 13G,20093,0,0,,sec_filing.htm,SEC FILING
0000072741-09-000100,2009-02-17,2009-02-17,2009-02-17T22:29:27.000Z,34,8-K,001-05324,09615964,"2.02,9.01",8-K,278664,0,0,,f8kearningse.htm,ANNOUNCEMENT OF EARNINGS FOR PERIOD ENDING 12/31/2008
0000072741-09-000103,2009-02-19,2009-02-17,2009-02-19T21:20:36.000Z,34,8-K,001-05324,09621930,5.02,8-K,11429,0,0,,f8k02182009pme.htm,DEPARTURE AND APPOINTMENT OF CERTAIN OFFICERS
0000072741-09-000127,2009-02-27,2008-12-31,2009-02-27T19:11:18.000Z,34,10-K,001-05324,09641636,,10-K,5350158,0,0,,nu2008form10k.htm,
0000072741-09-000129,2009-02-27,2009-02-25,2009-02-27T22:11:18.000Z,,4,,,,4,6516,0,0,,xslF345X03/main4.xml,PRIMARY DOCUMENT
0000072741-09-000130,2009-02-27,2009-02-25,2009-02-27T22:11:38.000Z,,4,,,,4,8571,0,0,,xslF345X03/main4.xml,PRIMARY DOCUMENT
0000072741-09-000131,2009-02-27,2009-02-25,2009-02-27T22:12:49.000Z,,4,,,,4,8506,0,0,,xslF345X03/main4.xml,PRIMARY DOCUMENT
0000072741-09-000133,2009-02-27,2009-02-25,2009-02-27T22:14:05.000Z,,4,,,,4,8579,0,0,,xslF345X03/main4.xml,PRIMARY DOCUMENT
0000072741-09-000134,2009-02-27,2009-02-25,2009-02-27T22:14:33.000Z,,4,,,,4,8718,0,0,,xslF345X03/main4.xml,PRIMARY DOCUMENT
0000072741-09-000135,2009-02-27,2009-02-25,2009-02-27T22:15:15.000Z,,4,,,,4,8497,0,0,,xslF345X03/main4.xml,PRIMARY DOCUMENT
0000072741-09-000137,2009-02-27,2009-02-10,2009-02-27T22:18:46.000Z,,4/A,,,,4/A,15794,0,0,,xslF345X03/main4.xml,PRIMARY DOCUMENT
0000072741-09-000138,2009-02-27,2009-02-25,2009-02-27T22:22:15.000Z,,4,,,,4,8611,0,0,,xslF345X03/main4.xml,PRIMARY DOCUMENT
0000876661-09-000139,2009-03-04,,2009-03-04T18:26:05.000Z,34,25-NSE,001-05324,09654663,,25-NSE,3961,0,0,,xslF25X02/primary_doc.xml,
0001047469-09-002711,2009-03-16,,2009-03-16T16:15:19.000Z,33,424B3,333-141425,09683160,,424B3,420296,0,0,,a2191632z424b3.htm,424B3
0000072741-09-000140,2009-03-16,2009-03-16,2009-03-16T18:12:44.000Z,34,8-K,001-05324,09683645,"8.01,9.01",8-K,59000,0,0,,f8k03162009nuoffering.htm,ANNOUNCEMENT OF NU PUBLIC OFFERING
0000072741-09-000143,2009-03-17,2009-03-16,2009-03-17T19:10:34.000Z,34,8-K,001-05324,09687836,"8.01,9.01",8-K,56222,0,0,,f8k03172009.htm,PRICING OF COMMON SHARES PUBLIC OFFERING
0001047469-09-002813,2009-03-17,,2009-03-17T20:39:20.000Z,33,424B2,333-141425,09688428,,424B2,420791,0,0,,a2191697z424b2.htm,424B2
0000072741-09-000145,2009-03-23,2009-03-20,2009-03-20T21:45:53.000Z,34,8-K,001-05324,09697215,"8.01,9.01",8-K,244561,0,0,,f032020098k.htm,NU CLOSING OF PUBLIC OFFERING
0000949377-09-000072,2009-03-30,2009-05-12,2009-03-30T21:04:43.000Z,34,DEF 14A,001-05324,09714877,,DEF 14A,1505610,0,0,,e89297.htm,
0000949377-09-000073,2009-03-30,,2009-03-30T21:05:25.000Z,34,DEFA14A,001-05324,09714887,,DEFA14A,75205,0,0,,e89297a.htm,
9999999997-09-017527,2009-04-02,2008-12-31,2009-04-21T15:44:57.000Z,34,ARS,001-05324,09010337,,ARS,1824,0,0,,9999999997-09-017527.paper,AUTO-GENERATED PAPER DOCUMENT
0000072741-09-000154,2009-04-03,2009-04-01,2009-04-03T19:01:04.000Z,,4,,,,4,5524,0,0,,xslF345X03/main4.xml,PRIMARY DOCUMENT
0000072741-09-000155,2009-04-03,2009-04-01,2009-04-03T19:04:16.000Z,,4,,,,4,5551,0,0,,xslF345X03/main4.xml,PRIMARY DOCUMENT
0000072741-09-000156,2009-04-03,2009-04-01,2009-04-03T19:09:14.000Z,,4,,,,4,5488,0,0,,xslF345X03/main4.xml,PRIMARY DOCUMENT
0000072741-09-000161,2009-04-30,2009-04-29,2009-04-29T22:31:28.000Z,34,8-K,001-05324,09780507,"2.02,9.01",8-K,193867,0,0,,f8k042920091stquarterearning.htm,"FIRST QUARTER EARNINGS FOR NORTHEAST UTILITIES, ET AL"
0000072741-09-000164,2009-05-08,2009-03-31,2009-05-08T18:19:06.000Z,34,10-Q,001-05324,09809553,,10-Q,1444027,0,0,,march2009form10qedgar.htm,FORM 10-Q
0000072741-09-000166,2009-05-21,2009-05-20,2009-05-21T18:37:59.000Z,,4,,,,4,5536,0,0,,xslF345X03/main4.xml,PRIMARY DOCUMENT
0000072741-09-000169,2009-05-22,2009-05-21,2009-05-22T20:42:24.000Z,34,8-K,001-05324,09849714,"8.01,9.01",8-K,152377,0,0,,f8knunstarpressreleasehqproj.htm,FERC NEWS RELEASE
0000072741-09-000172,2009-06-10,2009-06-09,2009-06-10T20:38:12.000Z,,3,,,,3,10683,0,0,,xslF345X02/main3.xml,PRIMARY DOCUMENT
0000072741-09-000174,2009-06-11,2009-06-09,2009-06-11T19:50:36.000Z,34,8-K,001-05324,09887046,5.02,8-K,13042,0,0,,f061020098kbuth.htm,ELECTION OF BUTH AS VP-ACCOUNTING AND CONTROLLER
0000072741-09-000177,2009-06-26,2008-12-31,2009-06-26T19:59:58.000Z,34,11-K,001-05324,09913004,,11-K,153519,0,0,,nu11k.htm,FORM 11-K
0000072741-09-000184,2009-07-02,2009-07-01,2009-07-02T20:04:20.000Z,,4,,,,4,5550,0,0,,xslF345X03/main4.xml,PRIMARY DOCUMENT
0000072741-09-000185,2009-07-02,2009-07-01,2009-07-02T20:09:10.000Z,,4,,,,4,5543,0,0,,xslF345X03/main4.xml,PRIMARY DOCUMENT
0000072741-09-000186,2009-07-02,2009-07-01,2009-07-02T20:10:40.000Z,,4,,,,4,5523,0,0,,xslF345X03/main4.xml,PRIMARY DOCUMENT
0000072741-09-000188,2009-07-02,2009-07-02,2009-07-02T20:42:02.000Z,34,8-K,001-05324,09928036,"7.01,9.01",8-K,189474,0,0,,f8kwmecodpupetition.htm,SUBMISSION OF PETITION TO MASSACHUSETTS DPU
0000072741-09-000190,2009-07-08,2009-07-08,2009-07-08T21:20:31.000Z,34,8-K,001-05324,09935615,8.01,8-K,14264,0,0,,july820098kfinal.htm,PSNH SETTLEMENT REGARDING TEMPORARY RATES
0000072741-09-000192,2009-08-03,2009-07-31,2009-08-03T21:27:53.000Z,34,8-K,001-05324,09981095,8.01,8-K,13510,0,0,,f8k080309.htm,PSNH TEMPORARY RATES APPROVAL
0000072741-09-000197,2009-08-05,2009-07-31,2009-08-04T22:46:55.000Z,34,8-K,001-05324,09985207,8.01,8-K,237690,0,0,,f8k042920092ndquarterearning.htm,SECOND QUARTER EARNINGS FOR NU ET AL
0000072741-09-000201,2009-08-07,2009-06-30,2009-08-07T17:35:15.000Z,34,10-Q,001-05324,09994638,,10-Q,1977027,0,0,,juneform10qedgar.htm,FORM 10-Q
0000072741-09-000202,2009-08-07,2009-08-05,2009-08-07T18:13:32.000Z,,4,,,,4,12694,0,0,,xslF345X03/main4.xml,PRIMARY DOCUMENT
0000072741-09-000206,2009-08-27,2009-08-25,2009-08-27T17:38:00.000Z,,4,,,,4,12744,0,0,,xslF345X03/main4.xml,PRIMARY DOCUMENT
0000072741-09-000208,2009-09-01,2009-08-27,2009-09-01T20:56:13.000Z,,4,,,,4,7815,0,0,,xslF345X03/primary_doc.xml,PRIMARY DOCUMENT
0000072741-09-000209,2009-09-01,2009-08-27,2009-09-01T21:47:12.000Z,,4/A,,,,4/A,5135,0,0,,xslF345X03/primary_doc.xml,PRIMARY DOCUMENT
0000072741-09-000212,2009-09-08,2009-09-04,2009-09-08T21:18:08.000Z,,4,,,,4,8449,0,0,,xslF345X03/main4.xml,PRIMARY DOCUMENT
0000072741-09-000216,2009-10-02,2009-10-01,2009-10-02T20:41:24.000Z,,4,,,,4,5223,0,0,,xslF345X03/main4.xml,PRIMARY DOCUMENT
0000072741-09-000217,2009-10-02,2009-10-01,2009-10-02T20:41:26.000Z,,4,,,,4,5223,0,0,,xslF345X03/main4.xml,PRIMARY DOCUMENT
0000072741-09-000218,2009-10-02,2009-10-01,2009-10-02T20:56:00.000Z,,4,,,,4,5576,0,0,,xslF345X03/main4.xml,PRIMARY DOCUMENT
0000072741-09-000219,2009-10-02,2009-10-01,2009-10-02T20:57:27.000Z,,4,,,,4,5548,0,0,,xslF345X03/main4.xml,PRIMARY DOCUMENT
0000072741-09-000224,2009-11-02,2009-10-30,2009-10-30T23:35:55.000Z,34,8-K,001-05324,091149424,"2.02,7.01,9.01",8-K,6627044,0,0,,f110220098k.htm,ANNOUNCING 3Q EARNINGS
0000072741-09-000230,2009-11-06,2009-09-30,2009-11-06T21:52:22.000Z,34,10-Q,001-05324,091165372,,10-Q,1968436,0,0,,september2009form10qedgar.htm,FORM 10-Q
0000072741-09-000240,2009-11-16,2009-11-12,2009-11-16T20:48:21.000Z,,4,,,,4,9879,0,0,,xslF345X03/main4.xml,PRIMARY DOCUMENT
0000072741-09-000241,2009-11-16,2009-11-13,2009-11-16T20:55:15.000Z,,4,,,,4,9799,0,0,,xslF345X03/main4.xml,PRIMARY DOCUMENT
0000072741-09-000246,2009-11-20,2009-11-19,2009-11-20T22:13:01.000Z,,4,,,,4,9997,0,0,,xslF345X03/main4.xml,PRIMARY DOCUMENT
0000072741-09-000252,2009-11-30,2009-11-25,2009-11-30T21:24:57.000Z,,4,,,,4,9855,0,0,,xslF345X03/main4.xml,PRIMARY DOCUMENT
0000072741-09-000254,2009-12-10,2009-12-09,2009-12-09T23:04:35.000Z,34,8-K,001-05324,091231908,7.01,8-K,13777,0,0,,f8k12092009clpratecase8kc.htm,LETTER OF INTENT WITH CONNECTICUT DPUC
0000072741-09-000261,2009-12-18,2009-12-16,2009-12-18T22:01:02.000Z,,4,,,,4,24375,0,0,,xslF345X03/main4.xml,PRIMARY DOCUMENT
0000072741-10-000004,2010-01-04,2010-01-04,2010-01-04T21:30:46.000Z,,4,,,,4,5565,0,0,,xslF345X03/main4.xml,PRIMARY DOCUMENT
0000072741-10-000005,2010-01-04,2010-01-04,2010-01-04T21:42:59.000Z,,4,,,,4,7362,0,0,,xslF345X03/main4.xml,PRIMARY DOCUMENT
0000072741-10-000006,2010-01-04,2010-01-04,2010-01-04T22:08:44.000Z,,4,,,,4,5574,0,0,,xslF345X03/main4.xml,PRIMARY DOCUMENT
0000072741-10-000012,2010-01-06,2010-01-04,2010-01-06T18:19:23.000Z,,4,,,,4,7483,0,0,,xslF345X03/main4.xml,PRIMARY DOCUMENT
0000072741-10-000013,2010-01-06,2010-01-04,2010-01-06T18:28:05.000Z,,4,,,,4,5846,0,0,,xslF345X03/main4.xml,PRIMARY DOCUMENT
0000072741-10-000015,2010-01-06,2010-01-04,2010-01-06T19:39:22.000Z,,4,,,,4,5683,0,0,,xslF345X03/main4.xml,PRIMARY DOCUMENT
0000072741-10-000021,2010-01-06,2010-01-04,2010-01-06T21:10:26.000Z,,4,,,,4,7447,0,0,,xslF345X03/main4.xml,PRIMARY DOCUMENT
0000072741-10-000023,2010-01-06,2010-01-04,2010-01-06T21:24:12.000Z,,4,,,,4,5744,0,0,,xslF345X03/main4.xml,PRIMARY DOCUMENT
0000072741-10-000024,2010-01-06,2010-01-04,2010-01-06T21:33:09.000Z,,4,,,,4,5903,0,0,,xslF345X03/main4.xml,PRIMARY DOCUMENT
0000072741-10-000025,2010-01-06,2010-01-04,2010-01-06T21:50:56.000Z,,4,,,,4,5698,0,0,,xslF345X03/main4.xml,PRIMARY DOCUMENT
0000072741-10-000028,2010-01-06,2010-01-04,2010-01-06T22:23:18.000Z,,4,,,,4,5828,0,0,,xslF345X03/main4.xml,PRIMARY DOCUMENT
0000072741-10-000031,2010-01-12,2010-01-08,2010-01-12T18:46:38.000Z,,4,,,,4,8227,0,0,,xslF345X03/main4.xml,PRIMARY DOCUMENT
0000072741-10-000034,2010-01-21,2010-01-19,2010-01-21T20:47:24.000Z,34,8-K,001-05324,10538902,5.02,8-K,9773,0,0,,f8k01212010cordesretirement.htm,CORDES RETIREMENT ANNOUNCEMENT
0001086364-10-008459,2010-01-29,,2010-01-29T21:17:53.000Z,34,SC 13G,005-42665,10559835,,SC 13G,15403,0,0,,northeastuti123109.txt,
0000072741-10-000048,2010-02-02,2010-01-29,2010-02-02T20:13:44.000Z,,4,,,,4,8495,0,0,,xslF345X03/main4.xml,PRIMARY DOCUMENT
0000072741-10-000050,2010-02-02,2010-01-29,2010-02-02T20:22:40.000Z,,4,,,,4,8436,0,0,,xslF345X03/main4.xml,PRIMARY DOCUMENT
0000072741-10-000051,2010-02-02,2010-01-29,2010-02-02T20:25:19.000Z,,4,,,,4,8424,0,0,,xslF345X03/main4.xml,PRIMARY DOCUMENT
0000072741-10-000052,2010-02-02,2010-01-29,2010-02-02T20:30:32.000Z,,4,,,,4,8432,0,0,,xslF345X03/main4.xml,PRIMARY DOCUMENT
0000072741-10-000053,2010-02-02,2010-01-29,2010-02-02T20:36:41.000Z,,4,,,,4,8968,0,0,,xslF345X03/main4.xml,PRIMARY DOCUMENT
0000072741-10-000065,2010-02-10,2010-02-09,2010-02-10T15:12:59.000Z,,4,,,,4,8857,0,0,,xslF345X03/main4.xml,PRIMARY DOCUMENT
0000072741-10-000066,2010-02-10,2010-02-09,2010-02-10T15:14:05.000Z,,4,,,,4,8508,0,0,,xslF345X03/main4.xml,PRIMARY DOCUMENT
0000072741-10-000067,2010-02-10,2010-02-09,2010-02-10T15:15:04.000Z,,4,,,,4,8541,0,0,,xslF345X03/main4.xml,PRIMARY DOCUMENT
0000072741-10-000068,2010-02-10,2010-02-09,2010-02-10T15:15:53.000Z,,4,,,,4,6583,0,0,,xslF345X03/main4.xml,PRIMARY DOCUMENT
0000072741-10-000069,2010-02-10,2010-02-09,2010-02-10T15:17:04.000Z,,4,,,,4,8623,0,0,,xslF345X03/main4.xml,PRIMARY DOCUMENT
0000072741-10-000070,2010-02-10,2010-02-09,2010-02-10T17:05:08.000Z,,4,,,,4,8505,0,0,,xslF345X03/main4.xml,PRIMARY DOCUMENT
0000072741-10-000073,2010-02-11,2010-02-09,2010-02-11T18:59:43.000Z,,4,,,,4,8617,0,0,,xslF345X03/main4.xml,PRIMARY DOCUMENT
0000902219-10-000753,2010-02-12,,2010-02-12T15:57:26.000Z,34,SC 13G/A,005-42665,10595702,,SC 13G/A,20308,0,0,,sec_filing.htm,SEC FILING
0000072741-10-000075,2010-02-16,2010-02-09,2010-02-12T22:56:52.000Z,34,8-K,001-05324,10601551,"5.02,9.01",8-K,465840,0,0,,f02122010form8k.htm,FORM 8 K
0000072741-10-000078,2010-02-23,2010-02-23,2010-02-23T22:24:59.000Z,34,8-K,001-05324,10627472,"2.02,9.01",8-K,423697,0,0,,f8k3qearningsc.htm,FORM 8K
0000072741-10-000081,2010-02-26,2009-12-31,2010-02-26T15:06:48.000Z,34,10-K,001-05324,10636491,,10-K,4585461,0,0,,f2009form10k.htm,FORM 10-K
0000072741-10-000090,2010-03-01,2010-02-25,2010-03-01T20:01:55.000Z,,4,,,,4,8521,0,0,,xslF345X03/main4.xml,PRIMARY DOCUMENT
0000072741-10-000091,2010-03-01,2010-02-25,2010-03-01T20:04:02.000Z,,4,,,,4,8408,0,0,,xslF345X03/main4.xml,PRIMARY DOCUMENT
0000072741-10-000092,2010-03-01,2010-02-25,2010-03-01T20:05:38.000Z,,4,,,,4,6466,0,0,,xslF345X03/main4.xml,PRIMARY DOCUMENT
0000072741-10-000093,2010-03-01,2010-02-25,2010-03-01T20:07:01.000Z,,4,,,,4,8422,0,0,,xslF345X03/main4.xml,PRIMARY DOCUMENT
0000072741-10-000094,2010-03-01,2010-02-25,2010-03-01T20:08:39.000Z,,4,,,,4,8452,0,0,,xslF345X03/main4.xml,PRIMARY DOCUMENT
0000072741-10-000095,2010-03-01,2010-02-25,2010-03-01T20:10:07.000Z,,4,,,,4,8728,0,0,,xslF345X03/main4.xml,PRIMARY DOCUMENT
0000072741-10-000097,2010-03-01,2010-03-01,2010-03-01T20:54:20.000Z,,3,,,,3,11420,0,0,,xslF345X02/main3.xml,PRIMARY DOCUMENT
0000072741-10-000102,2010-03-05,2010-03-03,2010-03-05T21:09:29.000Z,,4,,,,4,5853,0,0,,xslF345X03/main4.xml,PRIMARY DOCUMENT
0001047469-10-002483,2010-03-19,,2010-03-19T20:18:14.000Z,33,S-3ASR,333-165579,10694442,,S-3ASR,1902096,0,0,,a2197420zs-3asr.htm,S-3ASR
0001193125-10-070083,2010-03-29,2010-03-23,2010-03-29T20:47:42.000Z,34,8-K,001-05324,10711115,5.02,8-K,16767,0,0,,d8k.htm,FORM 8-K
0001193125-10-075093,2010-04-01,2010-05-11,2010-04-01T20:30:33.000Z,34,DEF 14A,001-05324,10724435,,DEF 14A,1183525,0,0,,ddef14a.htm,DEFINITIVE PROXY STATEMENT
0001193125-10-075099,2010-04-01,,2010-04-01T20:31:55.000Z,34,DEFA14A,001-05324,10724459,,DEFA14A,39943,0,0,,ddefa14a.htm,DEFINITIVE ADDITIONAL MATERIALS
0000072741-10-000107,2010-04-05,2010-04-01,2010-04-05T20:24:12.000Z,,4,,,,4,5547,0,0,,xslF345X03/main4.xml,PRIMARY DOCUMENT
0000072741-10-000108,2010-04-05,2010-04-01,2010-04-05T20:29:11.000Z,,4,,,,4,5579,0,0,,xslF345X03/main4.xml,PRIMARY DOCUMENT
0000072741-10-000111,2010-04-05,2010-04-01,2010-04-05T20:59:55.000Z,,4,,,,4,5558,0,0,,xslF345X03/main4.xml,PRIMARY DOCUMENT
0000072741-10-000112,2010-04-05,2010-04-01,2010-04-05T21:03:46.000Z,,4,,,,4,5574,0,0,,xslF345X03/main4.xml,PRIMARY DOCUMENT
9999999997-10-008775,2010-04-06,2009-12-31,2010-04-09T14:22:48.000Z,34,ARS,001-05324,10011663,,ARS,1824,0,0,,9999999997-10-008775.paper,AUTO-GENERATED PAPER DOCUMENT
0000072741-10-000114,2010-04-30,2010-04-30,2010-04-30T20:54:02.000Z,34,8-K,001-05324,10788349,8.01,8-K,16972,0,0,,form_8k10apr30v4.htm,PSNH SETTLEMENT ON PERMANENT DISTRIBUTION RATES
0000072741-10-000118,2010-05-06,2010-05-05,2010-05-05T21:53:33.000Z,34,8-K,001-05324,10803210,"2.02,9.01",8-K,248167,0,0,,f8k050520101stquarterearning.htm,FORM 8-K - 1ST QUARTER EARNINGS
0000072741-10-000121,2010-05-07,2010-03-31,2010-05-07T16:08:42.000Z,34,10-Q,001-05324,10811028,,10-Q,3326297,0,0,,march2010form10qedgar.htm,
0000072741-10-000124,2010-05-14,2010-05-11,2010-05-14T20:45:36.000Z,34,8-K,001-05324,10834321,5.07,8-K,18773,0,0,,f2010ann_mtgform8k.htm,SUBMISSION OF MATTERS TO A VOTE OF SECURITY HOLDERS
0001127602-10-014506,2010-05-17,2010-05-17,2010-05-17T20:19:58.000Z,,4,,,,4,4728,0,0,,xslF345X03/form4.xml,PRIMARY DOCUMENT
0000072741-10-000128,2010-05-27,2010-05-25,2010-05-27T20:40:02.000Z,,4,,,,4,8335,0,0,,xslF345X03/main4.xml,PRIMARY DOCUMENT
0000072741-10-000131,2010-06-18,2010-06-14,2010-06-18T19:33:42.000Z,34,8-K,001-05324,10905811,8.01,8-K,20207,0,0,,f8kdpucprelimdecisionc.htm,PRELIMINARY DECISION ISSUED BY CT DPUC
0000072741-10-000133,2010-06-28,2009-12-31,2010-06-28T18:18:37.000Z,34,11-K,001-05324,10919661,,11-K,179604,0,0,,nusco11k2009financials.htm,FORM 11-K
0001127602-10-018751,2010-07-06,2010-07-01,2010-07-06T18:15:12.000Z,,4,,,,4,4879,0,0,,xslF345X03/form4.xml,PRIMARY DOCUMENT
0001127602-10-018754,2010-07-06,2010-07-01,2010-07-06T18:30:06.000Z,,4,,,,4,5057,0,0,,xslF345X03/form4.xml,PRIMARY DOCUMENT
0001127602-10-018757,2010-07-06,2010-07-01,2010-07-06T18:38:56.000Z,,4,,,,4,5041,0,0,,xslF345X03/form4.xml,PRIMARY DOCUMENT
0000000000-10-039092,2010-07-13,,2010-07-13T13:46:23.000Z,,UPLOAD,,,,LETTER,71123,0,0,,filename1.pdf,
0000072741-10-000139,2010-07-15,2010-07-14,2010-07-15T18:16:32.000Z,34,8-K,001-05324,10954011,8.01,8-K,299237,0,0,,f8kclpuijointapp.htm,JOINT APPLICATION BY CL&P AND UI
0000072741-10-000141,2010-07-27,,2010-07-27T16:03:42.000Z,,CORRESP,,,,CORRESP,216502,0,0,,filename1.htm,
0000072741-10-000143,2010-07-29,2010-07-28,2010-07-29T15:15:55.000Z,34,8-K,001-05324,10976654,8.01,8-K,18649,0,0,,f8k072910dpucreconsideration.htm,CT DPUC REQUEST TO RECONSIDER
0000072741-10-000146,2010-08-03,2010-08-03,2010-08-03T21:19:04.000Z,34,8-K,001-05324,10988511,"2.02,9.01",8-K,343705,0,0,,f8k080320102ndqearnings.htm,NU 2ND QUARTER EARNINGS - YEAR 2010
0000072741-10-000160,2010-08-06,2010-06-30,2010-08-06T16:38:13.000Z,34,10-Q,001-05324,10997205,,10-Q,18050321,1,0,,june2010form10qedgar.htm,JUNE 2010 FORM 10-Q
0000000000-10-045337,2010-08-10,,2010-08-10T12:20:38.000Z,,UPLOAD,,,,LETTER,50469,0,0,,filename1.pdf,
0001127602-10-022752,2010-09-09,2010-09-07,2010-09-09T17:34:44.000Z,,4,,,,4,7885,0,0,,xslF345X03/form4.xml,PRIMARY DOCUMENT
0000072741-10-000163,2010-09-27,2010-09-24,2010-09-27T20:13:00.000Z,34,8-K,001-05324,101091083,"1.01,1.02,2.03",8-K,29272,0,0,,f8knucreditagreementv2edg.htm,NU REVOLVING CREDIT AGREEMENT
0000072741-10-000165,2010-09-29,2010-09-28,2010-09-29T21:15:34.000Z,34,8-K,001-05324,101097217,8.01,8-K,22882,0,0,,f8kgsrpefsbconformed.htm,EFSB FINAL DECISION
0001127602-10-024623,2010-10-04,2010-10-01,2010-10-04T20:59:51.000Z,,4,,,,4,4884,0,0,,xslF345X03/form4.xml,PRIMARY DOCUMENT
0001193125-10-223436,2010-10-05,2010-10-04,2010-10-05T12:00:55.000Z,34,8-K,001-05324,101107715,1.01,8-K,18659,0,0,,d8k.htm,FORM 8-K
0001127602-10-024829,2010-10-05,2010-10-01,2010-10-05T18:30:13.000Z,,4,,,,4,7913,0,0,,xslF345X03/form4.xml,PRIMARY DOCUMENT
0001127602-10-024833,2010-10-05,2010-10-01,2010-10-05T18:31:55.000Z,,4,,,,4,5104,0,0,,xslF345X03/form4.xml,PRIMARY DOCUMENT
0001127602-10-024834,2010-10-05,2010-10-01,2010-10-05T18:33:56.000Z,,4,,,,4,5081,0,0,,xslF345X03/form4.xml,PRIMARY DOCUMENT
0001193125-10-230587,2010-10-18,,2010-10-18T10:45:44.000Z,,425,,,,425,1824433,0,0,,d8k.htm,FORM 8-K
0001193125-10-230586,2010-10-18,2010-10-16,2010-10-18T10:47:38.000Z,34,8-K,001-05324,101126987,"1.01,7.01,9.01",8-K,1823956,0,0,,d8k.htm,FORM 8-K
0001193125-10-230999,2010-10-18,,2010-10-18T20:34:34.000Z,,425,,,,425,152472,0,0,,d425.htm,425
0001193125-10-231005,2010-10-18,,2010-10-18T20:41:32.000Z,,425,,,,425,121527,0,0,,d425.htm,425
0001193125-10-231009,2010-10-18,,2010-10-18T20:43:33.000Z,,425,,,,425,523079,0,0,,d425.htm,425
0001193125-10-231012,2010-10-18,,2010-10-18T20:45:32.000Z,,425,,,,425,93079,0,0,,d425.htm,425
0001193125-10-231018,2010-10-18,,2010-10-18T20:47:32.000Z,,425,,,,425,90338,0,0,,d425.htm,425
0001193125-10-231021,2010-10-18,,2010-10-18T20:49:31.000Z,,425,,,,425,13745,0,0,,d425.htm,425
0001193125-10-231402,2010-10-19,,2010-10-19T12:38:10.000Z,,425,,,,425,303265,0,0,,d425.htm,425
0001193125-10-232900,2010-10-21,,2010-10-21T00:18:21.000Z,,425,,,,425,195284,0,0,,d425.htm,425
0000072741-10-000168,2010-11-01,2010-10-29,2010-10-29T21:42:09.000Z,34,8-K,001-05324,101152914,"2.02,7.01,9.01",8-K,7022028,0,0,,conformed8k3qearningsandslid.htm,3Q EARNINGS AND SLIDE PRESENTATION
0000072741-10-000171,2010-11-01,,2010-11-01T20:39:48.000Z,,425,,,,425,6524402,0,0,,form425eeislides.htm,FORM 425 - EEI SLIDE PRESENTATION
0001193125-10-244645,2010-11-03,,2010-11-02T22:23:54.000Z,,425,,,,425,150940,0,0,,d425.htm,425
0000072741-10-000178,2010-11-08,2010-09-30,2010-11-05T21:33:38.000Z,34,10-Q,001-05324,101169910,,10-Q,17407607,1,0,,september2010form10qedgar.htm,SEPTEMBER 2010 FORM 10-Q
0001193125-10-264151,2010-11-18,,2010-11-18T21:24:41.000Z,,425,,,,425,28891,0,0,,d425.htm,FORM 425
0001127602-10-028382,2010-11-18,2010-11-16,2010-11-18T22:08:56.000Z,,4,,,,4,8564,0,0,,xslF345X03/form4.xml,PRIMARY DOCUMENT
0001127602-10-028389,2010-11-18,2010-11-16,2010-11-18T22:18:07.000Z,,4,,,,4,8354,0,0,,xslF345X03/form4.xml,PRIMARY DOCUMENT
0001127602-10-028391,2010-11-18,2010-11-16,2010-11-18T22:20:15.000Z,,4,,,,4,6474,0,0,,xslF345X03/form4.xml,PRIMARY DOCUMENT
0001127602-10-028393,2010-11-18,2010-11-16,2010-11-18T22:26:25.000Z,,4,,,,4,11346,0,0,,xslF345X03/form4.xml,PRIMARY DOCUMENT
0001193125-10-266124,2010-11-22,,2010-11-22T18:32:34.000Z,33,S-4,333-170754,101208071,,S-4,2927243,0,0,,ds4.htm,FORM S-4
0001127602-10-029022,2010-11-29,2010-11-24,2010-11-29T21:01:08.000Z,,4,,,,4,7832,0,0,,xslF345X03/form4.xml,PRIMARY DOCUMENT
0001127602-10-029749,2010-12-06,2010-12-02,2010-12-06T18:16:49.000Z,,4,,,,4,15434,0,0,,xslF345X03/form4.xml,PRIMARY DOCUMENT
0001127602-10-029753,2010-12-06,2010-12-02,2010-12-06T18:27:53.000Z,,4,,,,4,7500,0,0,,xslF345X03/form4.xml,PRIMARY DOCUMENT
0001193125-10-274874,2010-12-07,,2010-12-07T01:56:43.000Z,,425,,,,425,1383726,0,0,,d425.htm,FORM 425
0001193125-10-282636,2010-12-17,,2010-12-17T00:27:58.000Z,33,S-4/A,333-170754,101258102,,S-4/A,2679517,0,0,,ds4a.htm,S-4 AMENDMENT NO. 1
0001193125-10-284026,2010-12-20,,2010-12-20T15:57:10.000Z,33,S-4/A,333-170754,101261882,,S-4/A,85742,0,0,,ds4a.htm,AMENDMENT NO.2 TO FORM S-4
9999999995-10-003639,2010-12-20,,2010-12-21T05:15:11.000Z,33,EFFECT,333-170754,101264187,"S-4,,2010-12-20 16:30:00",EFFECT,2188,0,0,,xslEFFECTX01/primary_doc.xml,
0001193125-10-286287,2010-12-22,,2010-12-22T17:01:22.000Z,,425,,,,425,122327,0,0,,d425.htm,425
0001193125-11-000420,2011-01-03,,2011-01-03T22:03:19.000Z,,425,,,,425,30561,0,0,,d425.htm,RULE 425
0001127602-11-000489,2011-01-04,2011-01-03,2011-01-04T18:46:54.000Z,,4,,,,4,6806,0,0,,xslF345X03/form4.xml,PRIMARY DOCUMENT
0001127602-11-000493,2011-01-04,2011-01-03,2011-01-04T18:51:49.000Z,,4,,,,4,5405,0,0,,xslF345X03/form4.xml,PRIMARY DOCUMENT
0001127602-11-000496,2011-01-04,2011-01-03,2011-01-04T18:55:46.000Z,,4,,,,4,5446,0,0,,xslF345X03/form4.xml,PRIMARY DOCUMENT
0001127602-11-000517,2011-01-04,2011-01-03,2011-01-04T19:49:55.000Z,,4,,,,4,6823,0,0,,xslF345X03/form4.xml,PRIMARY DOCUMENT
0001127602-11-000519,2011-01-04,2011-01-03,2011-01-04T19:53:14.000Z,,4,,,,4,5317,0,0,,xslF345X03/form4.xml,PRIMARY DOCUMENT
0001193125-11-001132,2011-01-04,,2011-01-04T20:55:56.000Z,,425,,,,425,32826,0,0,,d425.htm,RULE 425
0001127602-11-000612,2011-01-04,2011-01-03,2011-01-04T21:11:13.000Z,,4,,,,4,5354,0,0,,xslF345X03/form4.xml,PRIMARY DOCUMENT
0001127602-11-000980,2011-01-05,2011-01-03,2011-01-05T20:03:37.000Z,,4,,,,4,7004,0,0,,xslF345X03/form4.xml,PRIMARY DOCUMENT
0001127602-11-000982,2011-01-05,2011-01-03,2011-01-05T20:06:26.000Z,,4,,,,4,5564,0,0,,xslF345X03/form4.xml,PRIMARY DOCUMENT
0001127602-11-000986,2011-01-05,2011-01-03,2011-01-05T20:15:13.000Z,,4,,,,4,10979,0,0,,xslF345X03/form4.xml,PRIMARY DOCUMENT
0001193125-11-002013,2011-01-05,,2011-01-05T20:22:31.000Z,33,424B3,333-170754,11510553,,424B3,2669630,0,0,,d424b3.htm,FORM 424 (B) (3)
0001127602-11-000999,2011-01-05,2011-01-03,2011-01-05T20:28:04.000Z,,4,,,,4,5392,0,0,,xslF345X03/form4.xml,PRIMARY DOCUMENT
0001127602-11-001249,2011-01-07,2011-01-06,2011-01-07T20:54:43.000Z,,4,,,,4,7833,0,0,,xslF345X03/form4.xml,PRIMARY DOCUMENT
0001193125-11-003792,2011-01-07,,2011-01-07T22:02:26.000Z,,425,,,,425,45575,0,0,,d425.htm,425
0001193125-11-011182,2011-01-20,,2011-01-20T22:16:28.000Z,,425,,,,425,61191,0,0,,d425.htm,RULE 425
0001193125-11-012874,2011-01-24,,2011-01-24T21:07:14.000Z,,425,,,,425,10228,0,0,,d425.htm,425
0001127602-11-003268,2011-02-01,2011-01-31,2011-02-01T22:14:02.000Z,,4,,,,4,8340,0,0,,xslF345X03/form4.xml,PRIMARY DOCUMENT
0001127602-11-003269,2011-02-01,2011-01-31,2011-02-01T22:17:43.000Z,,4,,,,4,8001,0,0,,xslF345X03/form4.xml,PRIMARY DOCUMENT
0001193125-11-021047,2011-02-02,,2011-02-02T13:22:43.000Z,,425,,,,425,188765,0,0,,d425.htm,425
0001086364-11-002220,2011-02-02,,2011-02-02T20:03:31.000Z,34,SC 13G/A,005-42665,11566250,,SC 13G/A,13975,0,0,,northeastutilitiesinc123110.txt,
0001127602-11-003467,2011-02-02,2011-01-31,2011-02-02T20:19:30.000Z,,4,,,,4,7969,0,0,,xslF345X03/form4.xml,PRIMARY DOCUMENT
0001127602-11-003468,2011-02-02,2011-01-31,2011-02-02T20:23:26.000Z,,4,,,,4,8037,0,0,,xslF345X03/form4.xml,PRIMARY DOCUMENT
0001127602-11-003469,2011-02-02,2011-01-31,2011-02-02T20:25:01.000Z,,4,,,,4,7878,0,0,,xslF345X03/form4.xml,PRIMARY DOCUMENT
0000072741-11-000003,2011-02-03,2011-01-31,2011-02-03T21:18:22.000Z,34,8-K,001-05324,11570602,8.01,8-K,15526,0,0,,madpucdecision.htm,MA DPUC DECISION
0001193125-11-025496,2011-02-07,,2011-02-07T16:53:26.000Z,,425,,,,425,255798,0,0,,d425.htm,RULE 425
0001193125-11-025530,2011-02-07,,2011-02-07T17:30:07.000Z,,425,,,,425,1494670,0,0,,d425.htm,RULE 425
0000932471-11-001447,2011-02-10,,2011-02-10T16:22:42.000Z,34,SC 13G,005-42665,11590345,,SC 13G,40256,0,0,,northeastutilities.htm,
0001127602-11-004790,2011-02-10,2011-02-08,2011-02-10T20:03:28.000Z,,4,,,,4,10310,0,0,,xslF345X03/form4.xml,PRIMARY DOCUMENT
0001127602-11-004793,2011-02-10,2011-02-08,2011-02-10T20:05:32.000Z,,4,,,,4,8006,0,0,,xslF345X03/form4.xml,PRIMARY DOCUMENT
0001127602-11-004794,2011-02-10,2011-02-08,2011-02-10T20:07:00.000Z,,4,,,,4,7971,0,0,,xslF345X03/form4.xml,PRIMARY DOCUMENT
0001127602-11-004796,2011-02-10,2011-02-08,2011-02-10T20:12:05.000Z,,4,,,,4,8035,0,0,,xslF345X03/form4.xml,PRIMARY DOCUMENT
0001127602-11-004797,2011-02-10,2011-02-08,2011-02-10T20:13:55.000Z,,4,,,,4,8026,0,0,,xslF345X03/form4.xml,PRIMARY DOCUMENT
0001127602-11-004798,2011-02-10,2011-02-08,2011-02-10T20:15:13.000Z,,4,,,,4,8046,0,0,,xslF345X03/form4.xml,PRIMARY DOCUMENT
0001127602-11-004819,2011-02-10,2011-02-08,2011-02-10T21:11:59.000Z,,4,,,,4,7982,0,0,,xslF345X03/form4.xml,PRIMARY DOCUMENT
0000072741-11-000007,2011-02-11,,2011-02-11T22:00:29.000Z,,425,,,,425,245696,0,0,,form8kincentiveproge.htm,8K APPROVAL OF INCENTIVE PROGRAM
0000072741-11-000006,2011-02-11,2011-02-08,2011-02-11T22:02:23.000Z,34,8-K,001-05324,11600220,"5.02,8.01,9.01",8-K,245310,0,0,,form8kincentiveproge.htm,8K APPROVAL OF INCENTIVE PROGRAM
0001193125-11-033846,2011-02-14,,2011-02-14T12:00:25.000Z,,425,,,,425,42700,0,0,,d425.htm,RULE 425
0000902219-11-000757,2011-02-14,,2011-02-14T18:51:23.000Z,34,SC 13G/A,005-42665,11605229,,SC 13G/A,20345,0,0,,sec_filing.htm,SEC FILING
0000072741-11-000011,2011-02-15,2011-02-11,2011-02-15T21:18:04.000Z,34,8-K,001-05324,11614454,8.01,8-K,13693,0,0,,final8knutsa6.htm,"FERC ACCEPTANCE OF TSA FILED ON DECEMBER 15, 2010"
0001193125-11-039376,2011-02-18,,2011-02-18T00:08:33.000Z,,425,,,,425,43552,0,0,,d425.htm,RULE 425
0000072741-11-000018,2011-02-24,2011-02-24,2011-02-24T21:09:16.000Z,34,8-K,001-05324,11636347,"2.02,9.01",8-K,579064,0,0,,f8k4qearnings2011e.htm,FOURTH QUARTER EARNINGS RELEASE
0000072741-11-000025,2011-02-25,2010-12-31,2011-02-25T21:58:16.000Z,34,10-K,001-05324,11641858,,10-K,53818745,1,0,,f2010form10kcombined.htm,FORM 10-K
0001127602-11-007877,2011-02-28,2011-02-25,2011-02-28T21:21:22.000Z,,4,,,,4,7945,0,0,,xslF345X03/form4.xml,PRIMARY DOCUMENT
0001127602-11-007878,2011-02-28,2011-02-25,2011-02-28T21:23:51.000Z,,4,,,,4,7976,0,0,,xslF345X03/form4.xml,PRIMARY DOCUMENT
0001127602-11-007879,2011-02-28,2011-02-25,2011-02-28T21:26:06.000Z,,4,,,,4,7853,0,0,,xslF345X03/form4.xml,PRIMARY DOCUMENT
0001127602-11-007880,2011-02-28,2011-02-25,2011-02-28T21:28:18.000Z,,4,,,,4,7884,0,0,,xslF345X03/form4.xml,PRIMARY DOCUMENT
0001193125-11-050006,2011-02-28,,2011-02-28T21:32:41.000Z,,425,,,,425,176084,0,0,,d425.htm,RULE 425
0001127602-11-008035,2011-03-01,2011-02-25,2011-03-01T20:47:38.000Z,,4,,,,4,7891,0,0,,xslF345X03/form4.xml,PRIMARY DOCUMENT
0001127602-11-008036,2011-03-01,2011-02-25,2011-03-01T20:52:05.000Z,,4,,,,4,8425,0,0,,xslF345X03/form4.xml,PRIMARY DOCUMENT
0001127602-11-008038,2011-03-01,2011-02-25,2011-03-01T20:53:44.000Z,,4,,,,4,7885,0,0,,xslF345X03/form4.xml,PRIMARY DOCUMENT
0000072741-11-000030,2011-03-04,,2011-03-04T18:45:26.000Z,,425,,,,425,249380,0,0,,conformedform8kv2e.htm,SHAREHOLDER SPECIAL MEETING
0000072741-11-000029,2011-03-04,2011-03-04,2011-03-04T18:47:19.000Z,34,8-K,001-05324,11663649,"5.07,8.01,9.01",8-K,248900,0,0,,conformedform8kv2e.htm,SHAREHOLDER SPECIAL MEETING
0001193125-11-056226,2011-03-04,,2011-03-04T21:03:49.000Z,,425,,,,425,28150,0,0,,d425.htm,425
0001193125-11-062445,2011-03-10,,2011-03-10T22:06:10.000Z,,425,,,,425,3247516,0,0,,d425.htm,425
0001127602-11-009959,2011-03-11,2011-03-09,2011-03-11T16:24:18.000Z,,4,,,,4,8568,0,0,,xslF345X03/form4.xml,PRIMARY DOCUMENT
0000072741-11-000038,2011-03-11,,2011-03-11T22:08:56.000Z,,425,,,,425,12709,0,0,,form8kmadpu.htm,MA DPU ORDER
0000072741-11-000037,2011-03-11,2011-03-10,2011-03-11T22:10:43.000Z,34,8-K,001-05324,11683003,8.01,8-K,12105,0,0,,form8kmadpu.htm,MA DPU ORDER
0001193125-11-071256,2011-03-18,,2011-03-18T20:27:54.000Z,,425,,,,425,77769,0,0,,d425.htm,425
0001193125-11-082414,2011-03-30,2011-05-10,2011-03-30T15:50:58.000Z,34,DEF 14A,001-05324,11721003,,DEF 14A,1439395,0,0,,ddef14a.htm,DEFINITIVE PROXY STATEMENT
0001193125-11-082419,2011-03-30,,2011-03-30T15:54:55.000Z,34,DEFA14A,001-05324,11721032,,DEFA14A,45350,0,0,,ddefa14a.htm,DEFINITIVE ADDITIONAL MATERIALS
0001193125-11-086815,2011-04-01,,2011-04-01T20:18:06.000Z,,425,,,,425,77475,0,0,,d425.htm,RULE 425
9999999997-11-008030,2011-04-01,2010-12-31,2011-04-07T18:26:04.000Z,34,ARS,001-05324,11006605,,ARS,1412,0,0,,9999999997-11-008030.paper,AUTO-GENERATED PAPER DOCUMENT
0001127602-11-012005,2011-04-04,2011-04-01,2011-04-04T20:11:22.000Z,,4,,,,4,4467,0,0,,xslF345X03/form4.xml,PRIMARY DOCUMENT
0001127602-11-012013,2011-04-04,2011-04-01,2011-04-04T20:13:26.000Z,,4,,,,4,4485,0,0,,xslF345X03/form4.xml,PRIMARY DOCUMENT
0001193125-11-089284,2011-04-05,,2011-04-05T21:12:09.000Z,,425,,,,425,21206,0,0,,d425.htm,RULE 425
0001127602-11-012473,2011-04-05,2011-04-01,2011-04-05T21:13:16.000Z,,4,,,,4,4729,0,0,,xslF345X03/form4.xml,PRIMARY DOCUMENT
0001193125-11-089289,2011-04-05,,2011-04-05T21:13:41.000Z,34,DEFA14A,001-05324,11740960,,DEFA14A,32579,0,0,,ddefa14a.htm,DEFINITIVE ADDITIONAL MATERIALS
0001127602-11-012474,2011-04-05,2011-04-01,2011-04-05T21:15:15.000Z,,4,,,,4,4739,0,0,,xslF345X03/form4.xml,PRIMARY DOCUMENT
0001193125-11-091954,2011-04-08,,2011-04-08T13:01:19.000Z,,425,,,,425,41606,0,0,,d425.htm,RULE 425
0000072741-11-000042,2011-04-08,,2011-04-08T16:00:24.000Z,,425,,,,425,269362,0,0,,f8kmadpufilinge.htm,MA DPU FILING
0000072741-11-000041,2011-04-08,2011-04-08,2011-04-08T16:02:19.000Z,34,8-K,001-05324,11748544,"8.01,9.01",8-K,268811,0,0,,f8kmadpufilinge.htm,MA DPU FILING
0001193125-11-093703,2011-04-11,,2011-04-11T19:04:29.000Z,,425,,,,425,40867,0,0,,d425.htm,RULE 425
0001193125-11-093707,2011-04-11,,2011-04-11T19:07:01.000Z,34,DEFA14A,001-05324,11752535,,DEFA14A,52240,0,0,,ddefa14a.htm,DEFINITIVE ADDITIONAL MATERIALS
0001193125-11-097810,2011-04-14,,2011-04-14T19:09:36.000Z,,425,,,,425,28609,0,0,,d425.htm,RULE 425
0000072741-11-000047,2011-05-05,2011-05-05,2011-05-05T20:31:59.000Z,34,8-K,001-05324,11815097,"2.02,9.01",8-K,179143,0,0,,f051220118k1qearnings.htm,1Q 2011 PRESS RELEASE
0000072741-11-000053,2011-05-06,2011-05-06,2011-05-06T13:45:33.000Z,34,8-K,001-05324,11816973,"8.01,9.01",8-K,117162,0,0,,f8k1qearnings2e.htm,FINANCIAL REPORT (BALANCE SHEET)
0000072741-11-000056,2011-05-06,2011-03-31,2011-05-06T19:30:21.000Z,34,10-Q,001-05324,11819154,,10-Q,15989490,1,0,,march2011form10qedgar.htm,MARCH 2011 FORM 10-Q
0001193125-11-130712,2011-05-06,,2011-05-06T20:14:46.000Z,,425,,,,425,59547,0,0,,d425.htm,RULE 425
0001193125-11-132595,2011-05-09,,2011-05-09T21:22:31.000Z,,425,,,,425,101784,0,0,,d425.htm,RULE 425
0001193125-11-135740,2011-05-11,,2011-05-11T19:00:15.000Z,,425,,,,425,8782453,0,0,,d425.htm,RULE 425
0001127602-11-016190,2011-05-13,2011-05-11,2011-05-13T17:25:30.000Z,,4,,,,4,7300,0,0,,xslF345X03/form4.xml,PRIMARY DOCUMENT
0000072741-11-000059,2011-05-13,2011-05-10,2011-05-13T17:31:02.000Z,34,8-K,001-05324,11839552,5.07,8-K,25906,0,0,,form8k_annmtgv5e.htm,SHAREHOLDERS' ANNUAL MEETING
0001104659-11-029293,2011-05-16,,2011-05-16T19:32:00.000Z,33,POSASR,333-165579,11846335,,POSASR,286571,0,0,,a11-12439_1posasr.htm,POSASR
0000072741-11-000064,2011-06-08,2011-06-02,2011-06-07T22:02:40.000Z,34,8-K,001-05324,11899500,"7.01,8.01,9.01",8-K,2585147,0,0,,f06072011dpucdecisione.htm,SLIDES AND DPUC DECISION
0001193125-11-170597,2011-06-22,,2011-06-22T17:03:24.000Z,,425,,,,425,99869,0,0,,d425.htm,FORM 425
0000072741-11-000067,2011-06-24,2010-12-31,2011-06-24T20:22:59.000Z,34,11-K,001-05324,11930910,,11-K,184414,0,0,,nusco11k2010c.htm,FORM 11-K
0001127602-11-020402,2011-07-05,2011-07-01,2011-07-05T14:54:20.000Z,,4,,,,4,4468,0,0,,xslF345X03/form4.xml,PRIMARY DOCUMENT
0001127602-11-020403,2011-07-05,2011-07-01,2011-07-05T14:55:56.000Z,,4,,,,4,4486,0,0,,xslF345X03/form4.xml,PRIMARY DOCUMENT
0001127602-11-020703,2011-07-05,2011-07-01,2011-07-05T20:58:58.000Z,,4,,,,4,4719,0,0,,xslF345X03/form4.xml,PRIMARY DOCUMENT
0001127602-11-020708,2011-07-05,2011-07-01,2011-07-05T21:00:20.000Z,,4,,,,4,4718,0,0,,xslF345X03/form4.xml,PRIMARY DOCUMENT
0000072741-11-000075,2011-07-07,,2011-07-07T21:12:59.000Z,,425,,,,425,13801,0,0,,f201107078ke.htm,MERGER APPROVAL BY FERC
0000072741-11-000074,2011-07-07,2011-07-06,2011-07-07T21:14:58.000Z,34,8-K,001-05324,11956988,8.01,8-K,13197,0,0,,f201107078ke.htm,MERGER APPROVAL BY FERC
0001193125-11-191257,2011-07-19,,2011-07-19T19:21:25.000Z,,425,,,,425,64443,0,0,,d425.htm,RULE 425
0000072741-11-000082,2011-07-25,,2011-07-25T17:18:58.000Z,,425,,,,425,44780,0,0,,july2011financialandregulato.htm,FINANCIAL AND REGULATORY UPDATE
0001193125-11-206211,2011-08-02,,2011-08-02T19:10:33.000Z,,425,,,,425,59573,0,0,,d425.htm,RULE 425
0000072741-11-000084,2011-08-02,2011-08-02,2011-08-02T21:09:30.000Z,34,8-K,001-05324,111004369,"2.02,9.01",8-K,315760,0,0,,f8k080220112qearningsce.htm,2Q 2011 EARNINGS
0000072741-11-000087,2011-08-05,2011-06-30,2011-08-05T13:08:39.000Z,34,10-Q,001-05324,111012303,,10-Q,21223797,1,0,,june302011form10qedgar.htm,FORM 10-Q
0001193125-11-212446,2011-08-05,,2011-08-05T20:46:27.000Z,,425,,,,425,263124,0,0,,d425.htm,RULE 425
0001193125-11-218279,2011-08-10,,2011-08-10T21:17:00.000Z,,425,,,,425,2271318,0,0,,d425.htm,425
0001127602-11-023370,2011-08-11,2011-08-10,2011-08-11T19:20:36.000Z,,4,,,,4,8468,0,0,,xslF345X03/form4.xml,PRIMARY DOCUMENT
0001127602-11-023576,2011-08-15,2011-08-12,2011-08-15T18:48:48.000Z,,4,,,,4,11848,0,0,,xslF345X03/form4.xml,PRIMARY DOCUMENT
0001127602-11-024817,2011-09-06,2011-09-02,2011-09-06T20:51:34.000Z,,4,,,,4,4513,0,0,,xslF345X03/form4.xml,PRIMARY DOCUMENT
0001193125-11-243494,2011-09-08,,2011-09-08T20:38:20.000Z,,425,,,,425,1916094,0,0,,d425.htm,RULE 425
0000072741-11-000091,2011-09-23,2011-09-22,2011-09-23T21:12:27.000Z,34,8-K,001-05324,111105785,"8.01,9.01",8-K,59211,0,0,,psnhform8k11sep22.htm,ANNOUNCEMENT REGARDING THE CLEAN AIR PROJECT
0001127602-11-026648,2011-10-04,2011-10-03,2011-10-04T19:26:52.000Z,,4,,,,4,4491,0,0,,xslF345X03/form4.xml,PRIMARY DOCUMENT
0001127602-11-026654,2011-10-04,2011-10-03,2011-10-04T19:36:24.000Z,,4,,,,4,4486,0,0,,xslF345X03/form4.xml,PRIMARY DOCUMENT
0001127602-11-026986,2011-10-05,2011-10-03,2011-10-05T20:39:10.000Z,,4,,,,4,4553,0,0,,xslF345X03/form4.xml,PRIMARY DOCUMENT
0001127602-11-027000,2011-10-05,2011-10-03,2011-10-05T21:04:39.000Z,,4,,,,4,4719,0,0,,xslF345X03/form4.xml,PRIMARY DOCUMENT
0001193125-11-265534,2011-10-06,,2011-10-06T17:15:24.000Z,,425,,,,425,64293,0,0,,d240973d425.htm,RULE 425
0000072741-11-000095,2011-10-14,,2011-10-14T20:53:58.000Z,,425,,,,425,11476,0,0,,form8k_oct14extendv2edgar.htm,EXTENSION OF THE TERMINATION DATE OF THE MERGER AGREEMENT
0000072741-11-000094,2011-10-14,2011-10-14,2011-10-14T20:55:53.000Z,34,8-K,001-05324,111142309,8.01,8-K,10872,0,0,,form8k_oct14extendv2edgar.htm,EXTENSION OF THE TERMINATION DATE OF THE MERGER AGREEMENT
0000072741-11-000101,2011-11-07,2011-09-30,2011-11-04T22:13:35.000Z,34,10-Q,001-05324,111182359,,10-Q,21149841,1,0,,september302011edgarform10qf.htm,FORM 10-Q
0000072741-11-000104,2011-11-07,2011-11-04,2011-11-05T00:58:05.000Z,34,8-K,001-05324,111182582,"2.02,7.01,9.01",8-K,8131562,0,0,,f8k110420113qcombinededg.htm,"ANNOUNCING PARTICIPATION IN EEI FINANCIAL CONFERENCE ON NOVEMBER 7, 2011"
0000072741-11-000106,2011-11-07,,2011-11-07T17:22:56.000Z,,425,,,,425,7776741,0,0,,f2011eeifinal.htm,SLIDE PRESENTATION
0001193125-11-303733,2011-11-09,,2011-11-09T16:08:23.000Z,,425,,,,425,167361,0,0,,d252683d425.htm,RULE 425
0001127602-11-029547,2011-11-15,2011-11-10,2011-11-15T16:27:29.000Z,,4,,,,4,8882,0,0,,xslF345X03/form4.xml,PRIMARY DOCUMENT
0001127602-11-029567,2011-11-15,2011-11-10,2011-11-15T19:35:12.000Z,,4,,,,4,8502,0,0,,xslF345X03/form4.xml,PRIMARY DOCUMENT
0001127602-11-029582,2011-11-15,2011-11-11,2011-11-15T20:10:47.000Z,,4,,,,4,8432,0,0,,xslF345X03/form4.xml,PRIMARY DOCUMENT
0001193125-11-320958,2011-11-23,,2011-11-23T19:02:24.000Z,,425,,,,425,62934,0,0,,d261075d425.htm,RULE 425
0001193125-11-332448,2011-12-07,,2011-12-07T01:48:39.000Z,,425,,,,425,45012,0,0,,d266525d8k.htm,FORM 8-K
0001193125-11-332446,2011-12-07,2011-11-29,2011-12-07T01:50:34.000Z,34,8-K,001-05324,111246974,8.01,8-K,46278,0,0,,d266525d8k.htm,FORM 8-K
0001127602-11-032911,2011-12-20,2011-12-15,2011-12-20T20:20:41.000Z,,4,,,,4,7302,0,0,,xslF345X03/form4.xml,PRIMARY DOCUMENT
0000072741-11-000114,2011-12-29,,2011-12-29T20:18:33.000Z,,425,,,,425,11763,0,0,,form8k_nrcconsentedgar.htm,"NRC ORDERS DATED DECEMBER 20, 2011"
0000072741-11-000113,2011-12-29,2011-12-20,2011-12-29T20:20:28.000Z,34,8-K,001-05324,111286484,8.01,8-K,11159,0,0,,form8k_nrcconsentedgar.htm,"NRC ORDERS DATED DECEMBER 20, 2011"
0000072741-11-000116,2011-12-30,,2011-12-30T17:51:54.000Z,,425,,,,425,127879,0,0,,shiveryletteredgar.htm,LETTER TO NU SHAREHOLDERS
0001127602-12-001085,2012-01-05,2012-01-03,2012-01-05T20:34:04.000Z,,4,,,,4,6657,0,0,,xslF345X03/form4.xml,PRIMARY DOCUMENT
0001127602-12-001086,2012-01-05,2012-01-03,2012-01-05T20:35:29.000Z,,4,,,,4,5055,0,0,,xslF345X03/form4.xml,PRIMARY DOCUMENT
0001127602-12-001087,2012-01-05,2012-01-03,2012-01-05T20:36:58.000Z,,4,,,,4,6341,0,0,,xslF345X03/form4.xml,PRIMARY DOCUMENT
0001127602-12-001088,2012-01-05,2012-01-03,2012-01-05T20:38:29.000Z,,4,,,,4,4861,0,0,,xslF345X03/form4.xml,PRIMARY DOCUMENT
0001127602-12-001089,2012-01-05,2012-01-03,2012-01-05T20:40:20.000Z,,4,,,,4,4984,0,0,,xslF345X03/form4.xml,PRIMARY DOCUMENT
0001127602-12-001091,2012-01-05,2012-01-03,2012-01-05T20:41:44.000Z,,4,,,,4,4961,0,0,,xslF345X03/form4.xml,PRIMARY DOCUMENT
0001127602-12-001092,2012-01-05,2012-01-03,2012-01-05T20:44:11.000Z,,4,,,,4,4956,0,0,,xslF345X03/form4.xml,PRIMARY DOCUMENT
0001127602-12-001094,2012-01-05,2012-01-03,2012-01-05T20:47:01.000Z,,4,,,,4,6336,0,0,,xslF345X03/form4.xml,PRIMARY DOCUMENT
0001127602-12-001098,2012-01-05,2012-01-03,2012-01-05T20:48:46.000Z,,4,,,,4,4953,0,0,,xslF345X03/form4.xml,PRIMARY DOCUMENT
0001127602-12-001103,2012-01-05,2012-01-03,2012-01-05T20:51:05.000Z,,4,,,,4,4867,0,0,,xslF345X03/form4.xml,PRIMARY DOCUMENT
0001193125-12-003652,2012-01-05,,2012-01-05T21:48:04.000Z,,425,,,,425,17132,0,0,,d277742d8k.htm,FORM 8-K
0001193125-12-003651,2012-01-05,2012-01-04,2012-01-05T21:49:58.000Z,34,8-K,001-05324,12511819,8.01,8-K,16528,0,0,,d277742d8k.htm,FORM 8-K
0001193125-12-007188,2012-01-10,2012-01-08,2012-01-10T11:07:05.000Z,34,8-K,001-05324,12518684,8.01,8-K,15501,0,0,,d280280d8k.htm,FORM 8-K
0001193125-12-008047,2012-01-10,,2012-01-10T22:18:23.000Z,,425,,,,425,61105,0,0,,d278906d425.htm,RULE 425
0001193125-12-015662,2012-01-18,,2012-01-18T22:08:44.000Z,,425,,,,425,38651,0,0,,d285155d425.htm,RULE 425
0000072741-12-000008,2012-01-19,,2012-01-19T21:59:32.000Z,,425,,,,425,11938,0,0,,form8k_purafindecfiling.htm,CT PURA FINAL DECISION
0000072741-12-000007,2012-01-19,2012-01-18,2012-01-19T22:01:27.000Z,34,8-K,001-05324,12535228,8.01,8-K,11334,0,0,,form8k_purafindecfiling.htm,CT PURA FINAL DECISION
0000072741-12-000010,2012-01-20,,2012-01-20T18:48:48.000Z,,425,,,,425,231885,0,0,,pressrelease01192012.htm,PRESS RELEASE DATED 01 19 2012
0000932471-12-001980,2012-02-08,,2012-02-08T14:23:46.000Z,34,SC 13G/A,005-42665,12579987,,SC 13G/A,39492,0,0,,northeastutilities.htm,
0001519058-12-000051,2012-02-09,,2012-02-09T19:48:51.000Z,34,SC 13G,005-42665,12586513,,SC 13G,9125,0,0,,nu.txt,NORTHEAST UTILITIES ANNUAL
0001086364-12-000825,2012-02-10,,2012-02-10T13:16:02.000Z,34,SC 13G/A,005-42665,12589496,,SC 13G/A,13496,0,0,,northeast.utilities.inc..txt,
0000902219-12-000323,2012-02-14,,2012-02-14T16:38:10.000Z,34,SC 13G/A,005-42665,12604763,,SC 13G/A,19719,0,0,,sec_filing.htm,DISCLOSURE DOCUMENT
0001193125-12-063521,2012-02-15,,2012-02-15T21:53:27.000Z,,425,,,,425,33188,0,0,,d302354d425.htm,RULE 425
0001193125-12-063640,2012-02-15,,2012-02-15T22:29:33.000Z,,425,,,,425,170632,0,0,,d302452d8k.htm,FORM 8-K
0001193125-12-063638,2012-02-15,2012-02-15,2012-02-15T22:31:32.000Z,34,8-K,001-05324,12616955,"1.01,9.01",8-K,170746,0,0,,d302452d8k.htm,FORM 8-K
0001127602-12-006609,2012-02-17,2012-01-31,2012-02-17T18:36:07.000Z,,4,,,,4,10116,0,0,,xslF345X03/form4.xml,PRIMARY DOCUMENT
0000072741-12-000013,2012-02-21,2012-02-14,2012-02-21T21:20:40.000Z,34,8-K,001-05324,12627128,"5.02,8.01,9.01",8-K,126642,0,0,,f20120221form8k.htm,FORM 8-K
0001127602-12-007141,2012-02-21,2012-02-16,2012-02-21T21:26:32.000Z,,4,,,,4,7180,0,0,,xslF345X03/form4.xml,PRIMARY DOCUMENT
0001127602-12-007146,2012-02-21,2012-02-16,2012-02-21T21:40:39.000Z,,4,,,,4,8917,0,0,,xslF345X03/form4.xml,PRIMARY DOCUMENT
0001127602-12-007148,2012-02-21,2012-01-31,2012-02-21T21:42:56.000Z,,4,,,,4,9800,0,0,,xslF345X03/form4.xml,PRIMARY DOCUMENT
0001127602-12-007149,2012-02-21,2012-01-31,2012-02-21T21:44:52.000Z,,4,,,,4,9794,0,0,,xslF345X03/form4.xml,PRIMARY DOCUMENT
0001127602-12-007150,2012-02-21,2012-01-31,2012-02-21T21:47:10.000Z,,4,,,,4,9804,0,0,,xslF345X03/form4.xml,PRIMARY DOCUMENT
0001127602-12-007153,2012-02-21,2012-01-31,2012-02-21T21:49:18.000Z,,4,,,,4,9789,0,0,,xslF345X03/form4.xml,PRIMARY DOCUMENT
0001193125-12-075413,2012-02-23,,2012-02-23T21:35:59.000Z,,425,,,,425,133767,0,0,,d306098d425.htm,RULE 425
0000072741-12-000015,2012-02-23,2012-02-23,2012-02-23T22:26:53.000Z,34,8-K,001-05324,12634939,"2.02,9.01",8-K,623301,0,0,,f8k4q2011earnings.htm,FORM 8K
0000072741-12-000020,2012-02-24,2011-12-31,2012-02-24T21:32:18.000Z,34,10-K,001-05324,12638638,,10-K,41959482,1,0,,f2011form10kedgar.htm,FORM 10-K
0000072741-12-000022,2012-02-28,,2012-02-28T18:24:44.000Z,,425,,,,425,6729947,0,0,,investormeetingsfebruarymarc.htm,SLIDE PRESENTATION
0001193125-12-085792,2012-02-28,,2012-02-28T22:18:24.000Z,,425,,,,425,336150,0,0,,d308337d425.htm,RULE 425
0001127602-12-008583,2012-02-29,2012-02-27,2012-02-29T18:34:31.000Z,,4,,,,4,7433,0,0,,xslF345X03/form4.xml,PRIMARY DOCUMENT
0001127602-12-008585,2012-02-29,2012-02-27,2012-02-29T18:36:01.000Z,,4,,,,4,7448,0,0,,xslF345X03/form4.xml,PRIMARY DOCUMENT
0001127602-12-008586,2012-02-29,2012-02-27,2012-02-29T18:40:23.000Z,,4,,,,4,7330,0,0,,xslF345X03/form4.xml,PRIMARY DOCUMENT
0001127602-12-008588,2012-02-29,2012-02-27,2012-02-29T18:43:28.000Z,,4,,,,4,7361,0,0,,xslF345X03/form4.xml,PRIMARY DOCUMENT
0001127602-12-008590,2012-02-29,2012-02-27,2012-02-29T18:46:57.000Z,,4,,,,4,7383,0,0,,xslF345X03/form4.xml,PRIMARY DOCUMENT
0001127602-12-008597,2012-02-29,2012-02-27,2012-02-29T18:50:31.000Z,,4,,,,4,7366,0,0,,xslF345X03/form4.xml,PRIMARY DOCUMENT
0001127602-12-008601,2012-02-29,2012-02-27,2012-02-29T18:53:42.000Z,,4,,,,4,7957,0,0,,xslF345X03/form4.xml,PRIMARY DOCUMENT
0001193125-12-112400,2012-03-13,,2012-03-13T21:25:31.000Z,,425,,,,425,97755,0,0,,d315179d8k.htm,FORM 8-K
0001193125-12-112399,2012-03-13,2012-03-13,2012-03-13T21:27:24.000Z,34,8-K,001-05324,12688065,"1.01,9.01",8-K,97833,0,0,,d315179d8k.htm,FORM 8-K
0001193125-12-114497,2012-03-14,,2012-03-14T18:13:24.000Z,,425,,,,425,40357,0,0,,d316485d425.htm,RULE 425
0001193125-12-121344,2012-03-19,,2012-03-19T18:30:22.000Z,33,424B3,333-165579,12700209,,424B3,442168,0,0,,d317741d424b3.htm,PRELIMINARY PROSPECTUS SUPPPLEMENT
0001193125-12-121826,2012-03-19,,2012-03-19T21:25:24.000Z,34,FWP,333-165579,12701532,,FWP,10516,0,0,,d318608dfwp.htm,FREE WRITING PROSPECTUS
0001127602-12-011302,2012-03-19,2012-03-15,2012-03-20T00:17:30.000Z,,4,,,,4,7794,0,0,,xslF345X03/form4.xml,PRIMARY DOCUMENT
0001127602-12-011303,2012-03-19,2012-03-15,2012-03-20T00:19:41.000Z,,4,,,,4,10454,0,0,,xslF345X03/form4.xml,PRIMARY DOCUMENT
0001127602-12-011305,2012-03-19,2012-03-15,2012-03-20T00:21:40.000Z,,4,,,,4,7519,0,0,,xslF345X03/form4.xml,PRIMARY DOCUMENT
0001127602-12-011306,2012-03-19,2012-03-15,2012-03-20T00:23:19.000Z,,4,,,,4,7748,0,0,,xslF345X03/form4.xml,PRIMARY DOCUMENT
0001127602-12-011308,2012-03-19,2012-03-15,2012-03-20T00:25:14.000Z,,4,,,,4,11506,0,0,,xslF345X03/form4.xml,PRIMARY DOCUMENT
0001127602-12-011309,2012-03-19,2012-03-15,2012-03-20T00:27:03.000Z,,4,,,,4,13580,0,0,,xslF345X03/form4.xml,PRIMARY DOCUMENT
0001127602-12-011401,2012-03-20,2012-03-19,2012-03-20T20:48:11.000Z,,4,,,,4,7855,0,0,,xslF345X03/form4.xml,PRIMARY DOCUMENT
0001193125-12-123776,2012-03-20,,2012-03-20T21:19:37.000Z,33,424B5,333-165579,12704151,,424B5,440892,0,0,,d317741d424b5.htm,PROSPECTUS SUPPLEMENT
0000000000-12-014943,2012-03-23,,2012-03-23T18:19:33.000Z,,UPLOAD,,,,LETTER,59499,0,0,,filename1.pdf,
0001193125-12-129961,2012-03-23,,2012-03-23T21:16:39.000Z,33,S-3ASR,333-180330,12712640,,S-3ASR,265563,0,0,,d321884ds3asr.htm,FORM S-3ASR
0001193125-12-134616,2012-03-27,,2012-03-27T21:08:57.000Z,,425,,,,425,24772,0,0,,d324135d8k.htm,FORM 8-K
0001193125-12-134613,2012-03-27,2012-03-26,2012-03-27T21:10:52.000Z,34,8-K,001-05324,12717835,8.01,8-K,24767,0,0,,d324135d8k.htm,FORM 8-K
0001193125-12-136723,2012-03-28,2012-03-22,2012-03-28T16:48:27.000Z,34,8-K,001-05324,12719842,"2.03,9.01",8-K,265397,0,0,,d324008d8k.htm,FORM 8-K
0001193125-12-146643,2012-04-03,,2012-04-03T00:34:47.000Z,,425,,,,425,62884,0,0,,d327087d425.htm,RULE 425
0001193125-12-147703,2012-04-03,,2012-04-03T17:37:15.000Z,,425,,,,425,18626,0,0,,d327507d8k.htm,FORM 8-K
0001193125-12-147702,2012-04-03,2012-04-02,2012-04-03T17:39:10.000Z,34,8-K,001-05324,12736585,8.01,8-K,18621,0,0,,d327507d8k.htm,FORM 8-K
0001193125-12-148067,2012-04-03,,2012-04-03T20:14:34.000Z,,425,,,,425,391380,0,0,,d327442d425.htm,RULE 425
0001127602-12-013364,2012-04-04,2012-04-02,2012-04-05T00:36:36.000Z,,4,,,,4,4552,0,0,,xslF345X03/form4.xml,PRIMARY DOCUMENT
0001127602-12-013365,2012-04-04,2012-04-02,2012-04-05T00:37:53.000Z,,4,,,,4,4489,0,0,,xslF345X03/form4.xml,PRIMARY DOCUMENT
0001127602-12-013368,2012-04-04,2012-04-02,2012-04-05T01:04:50.000Z,,4,,,,4,7888,0,0,,xslF345X03/form4.xml,PRIMARY DOCUMENT
0001127602-12-013369,2012-04-04,2012-04-02,2012-04-05T01:06:22.000Z,,4,,,,4,7788,0,0,,xslF345X03/form4.xml,PRIMARY DOCUMENT
0001127602-12-013370,2012-04-04,2012-04-02,2012-04-05T01:08:43.000Z,,4,,,,4,7826,0,0,,xslF345X03/form4.xml,PRIMARY DOCUMENT
0001127602-12-013371,2012-04-04,2012-04-02,2012-04-05T01:10:11.000Z,,4,,,,4,7823,0,0,,xslF345X03/form4.xml,PRIMARY DOCUMENT
0001127602-12-013373,2012-04-04,2012-04-02,2012-04-05T01:24:46.000Z,,4,,,,4,7824,0,0,,xslF345X03/form4.xml,PRIMARY DOCUMENT
0001127602-12-013374,2012-04-04,2012-04-02,2012-04-05T01:27:56.000Z,,4,,,,4,8027,0,0,,xslF345X03/form4.xml,PRIMARY DOCUMENT
0001193125-12-151187,2012-04-05,,2012-04-05T14:38:50.000Z,,425,,,,425,60119,0,0,,d330247d425.htm,RULE 425
0000072741-12-000024,2012-04-05,,2012-04-05T19:10:00.000Z,,CORRESP,,,,CORRESP,67296,0,0,,filename1.htm,
0001193125-12-152369,2012-04-06,,2012-04-05T21:56:41.000Z,,425,,,,425,694451,0,0,,d330783d8k.htm,FORM 8-K
0001193125-12-152367,2012-04-06,2012-04-04,2012-04-05T21:58:36.000Z,34,8-K,001-05324,12746710,"8.01,9.01",8-K,694535,0,0,,d330783d8k.htm,FORM 8-K
0001193125-12-152567,2012-04-06,,2012-04-06T00:53:33.000Z,,425,,,,425,63213,0,0,,d330771d425.htm,RULE 425
0001193125-12-155744,2012-04-10,,2012-04-10T01:48:59.000Z,,425,,,,425,69362,0,0,,d333671d425.htm,RULE 425
0001193125-12-156349,2012-04-10,2012-04-10,2012-04-10T13:35:54.000Z,34,8-K,001-05324,12750898,"2.01,5.02,8.01,9.01",8-K,76977,0,0,,d333632d8k.htm,FORM 8-K
0001181431-12-023291,2012-04-10,2012-04-10,2012-04-10T17:41:04.000Z,,3,,,,3,5797,0,0,,xslF345X02/rrd341628.xml,FORM 3
0001181431-12-023292,2012-04-10,2012-04-10,2012-04-10T17:43:30.000Z,,3,,,,3,6521,0,0,,xslF345X02/rrd341622.xml,FORM 3
0001181431-12-023293,2012-04-10,2012-04-10,2012-04-10T17:45:12.000Z,,3,,,,3,5841,0,0,,xslF345X02/rrd341618.xml,FORM 3
0001181431-12-023294,2012-04-10,2012-04-10,2012-04-10T17:47:17.000Z,,3,,,,3,5793,0,0,,xslF345X02/rrd341629.xml,FORM 3
0001181431-12-023295,2012-04-10,2012-04-10,2012-04-10T17:50:25.000Z,,3,,,,3,5815,0,0,,xslF345X02/rrd341633.xml,FORM 3
0001181431-12-023296,2012-04-10,2012-04-10,2012-04-10T17:52:53.000Z,,3,,,,3,5817,0,0,,xslF345X02/rrd341624.xml,FORM 3
0001181431-12-023306,2012-04-10,2012-04-10,2012-04-10T19:08:17.000Z,,4,,,,4,5231,0,0,,xslF345X03/rrd341794.xml,FORM 4
0001181431-12-023313,2012-04-10,2012-04-10,2012-04-10T19:16:17.000Z,,4,,,,4,6859,0,0,,xslF345X03/rrd341795.xml,FORM 4
0001181431-12-023317,2012-04-10,2012-04-10,2012-04-10T19:25:43.000Z,,4,,,,4,5282,0,0,,xslF345X03/rrd341798.xml,FORM 4
0001181431-12-023321,2012-04-10,2012-04-10,2012-04-10T19:32:41.000Z,,4,,,,4,5297,0,0,,xslF345X03/rrd341799.xml,FORM 4
0001181431-12-023324,2012-04-10,2012-04-10,2012-04-10T19:39:40.000Z,,4,,,,4,5293,0,0,,xslF345X03/rrd341800.xml,FORM 4
0001181431-12-023439,2012-04-10,2012-04-10,2012-04-10T22:13:42.000Z,,3,,,,3,5873,0,0,,xslF345X02/rrd341620.xml,FORM 3
0001181431-12-023440,2012-04-10,2012-04-10,2012-04-10T22:22:41.000Z,,3,,,,3,5837,0,0,,xslF345X02/rrd341626.xml,FORM 3
0001181431-12-023444,2012-04-10,2012-04-10,2012-04-10T22:27:20.000Z,,3,,,,3,5886,0,0,,xslF345X02/rrd341631.xml,FORM 3
0001181431-12-023446,2012-04-10,2012-04-10,2012-04-10T22:31:11.000Z,,3,,,,3,5873,0,0,,xslF345X02/rrd341627.xml,FORM 3
0001181431-12-023449,2012-04-10,2012-04-10,2012-04-10T22:36:47.000Z,,4,,,,4,18788,0,0,,xslF345X03/rrd341840.xml,FORM 4
0001181431-12-023451,2012-04-10,2012-04-10,2012-04-10T22:39:27.000Z,,4,,,,4,18804,0,0,,xslF345X03/rrd341846.xml,FORM 4
0001181431-12-023455,2012-04-10,2012-04-10,2012-04-10T22:44:06.000Z,,4,,,,4,25381,0,0,,xslF345X03/rrd341850.xml,FORM 4
0001181431-12-023456,2012-04-10,2012-04-10,2012-04-10T22:46:58.000Z,,4,,,,4,16625,0,0,,xslF345X03/rrd341860.xml,FORM 4
0000072741-12-000028,2012-04-12,2012-04-09,2012-04-12T17:51:47.000Z,34,8-K,001-05324,12756121,4.01,8-K,20067,0,0,,f041112nstarelectric8kreacco.htm,NSTAR ELECTRIC CHANGE IN ACCOUNTANT
0001127602-12-013687,2012-04-12,2012-04-10,2012-04-12T19:28:35.000Z,,4,,,,4,8052,0,0,,xslF345X03/form4.xml,PRIMARY DOCUMENT
0001127602-12-013689,2012-04-12,2012-04-10,2012-04-12T19:30:08.000Z,,4,,,,4,8092,0,0,,xslF345X03/form4.xml,PRIMARY DOCUMENT
0001127602-12-013690,2012-04-12,2012-04-10,2012-04-12T19:31:28.000Z,,4,,,,4,7999,0,0,,xslF345X03/form4.xml,PRIMARY DOCUMENT
0001127602-12-013691,2012-04-12,2012-04-10,2012-04-12T19:33:42.000Z,,4,,,,4,8002,0,0,,xslF345X03/form4.xml,PRIMARY DOCUMENT
0001127602-12-013692,2012-04-12,2012-04-10,2012-04-12T19:35:55.000Z,,4,,,,4,9902,0,0,,xslF345X03/form4.xml,PRIMARY DOCUMENT
0000000000-12-018893,2012-04-13,,2012-04-13T16:48:07.000Z,,UPLOAD,,,,LETTER,47343,0,0,,filename1.pdf,
0000072741-12-000032,2012-05-03,2012-05-02,2012-05-02T21:57:45.000Z,34,8-K,001-05324,12806717,"2.02,9.01",8-K,291747,0,0,,earningsform8kedg.htm,1Q 2012 PRESS RELEASE
0000072741-12-000041,2012-05-08,,2012-05-08T21:24:14.000Z,33,S-8,333-181258,12822615,,S-8,280211,0,0,,forms8edgarized.htm,REGISTRATION STATEMENT ON FORM S-8
0000072741-12-000044,2012-05-10,2012-03-31,2012-05-09T22:10:43.000Z,34,10-Q,001-05324,12827105,,10-Q,16875317,1,0,,march2012form10qedgar.htm,FORM 10-Q
0001127602-12-016908,2012-05-15,2012-05-11,2012-05-15T20:49:39.000Z,,4,,,,4,7702,0,0,,xslF345X03/form4.xml,PRIMARY DOCUMENT
0001127602-12-016910,2012-05-15,2012-05-11,2012-05-15T20:52:43.000Z,,4,,,,4,7752,0,0,,xslF345X03/form4.xml,PRIMARY DOCUMENT
0001127602-12-016911,2012-05-15,2012-05-11,2012-05-15T20:55:20.000Z,,4,,,,4,7642,0,0,,xslF345X03/form4.xml,PRIMARY DOCUMENT
0001127602-12-016913,2012-05-15,2012-05-11,2012-05-15T20:57:56.000Z,,4,,,,4,7677,0,0,,xslF345X03/form4.xml,PRIMARY DOCUMENT
0001127602-12-016918,2012-05-15,2012-04-10,2012-05-15T21:34:13.000Z,,3/A,,,,3/A,4283,0,0,,xslF345X02/form3a.xml,PRIMARY DOCUMENT
0001127602-12-016921,2012-05-15,2012-04-10,2012-05-15T21:37:17.000Z,,4,,,,4,4563,0,0,,xslF345X03/form4.xml,PRIMARY DOCUMENT
0001127602-12-017110,2012-05-16,2012-05-14,2012-05-16T21:53:37.000Z,,4,,,,4,11328,0,0,,xslF345X03/form4.xml,PRIMARY DOCUMENT
0001127602-12-017203,2012-05-17,2012-05-15,2012-05-17T18:56:25.000Z,,4,,,,4,7351,0,0,,xslF345X03/form4.xml,PRIMARY DOCUMENT
0001127602-12-019271,2012-06-05,2012-06-01,2012-06-05T19:27:09.000Z,,4,,,,4,7520,0,0,,xslF345X03/form4.xml,PRIMARY DOCUMENT
0000072741-12-000046,2012-06-15,2012-06-15,2012-06-15T20:56:50.000Z,34,8-K/A,001-05324,12910672,9.01,8-K/A,1495196,0,0,,form8ka.htm,"AMENDMENT TO FORM 8-K FILED ON APRIL 10, 2012"
0000072741-12-000048,2012-06-26,2011-12-31,2012-06-26T21:26:22.000Z,34,11-K,001-05324,12927950,,11-K,169640,0,0,,nusco401kplan2011fs.htm,NUSCO FORM 11-K
0000072741-12-000050,2012-06-27,2011-12-31,2012-06-26T21:44:23.000Z,34,11-K,001-05324,12928018,,11-K,354725,0,0,,nstar11k.htm,FORM 11-K
0000072741-12-000053,2012-07-17,2012-07-17,2012-07-17T21:07:01.000Z,34,8-K,001-05324,12966325,8.01,8-K,14109,0,0,,f071712nu8kfornewannualmeeti.htm,FORM 8-K
0001127602-12-022600,2012-07-19,2012-07-17,2012-07-19T18:59:19.000Z,,4,,,,4,6809,0,0,,xslF345X03/form4.xml,PRIMARY DOCUMENT
0001127602-12-022602,2012-07-19,2012-07-17,2012-07-19T19:00:41.000Z,,4,,,,4,5036,0,0,,xslF345X03/form4.xml,PRIMARY DOCUMENT
0001127602-12-022603,2012-07-19,2012-07-17,2012-07-19T19:01:52.000Z,,4,,,,4,6853,0,0,,xslF345X03/form4.xml,PRIMARY DOCUMENT
0001127602-12-022604,2012-07-19,2012-07-17,2012-07-19T19:03:15.000Z,,4,,,,4,6808,0,0,,xslF345X03/form4.xml,PRIMARY DOCUMENT
0001127602-12-022606,2012-07-19,2012-07-17,2012-07-19T19:04:28.000Z,,4,,,,4,8094,0,0,,xslF345X03/form4.xml,PRIMARY DOCUMENT
0001127602-12-022607,2012-07-19,2012-07-17,2012-07-19T19:05:45.000Z,,4,,,,4,6822,0,0,,xslF345X03/form4.xml,PRIMARY DOCUMENT
0001127602-12-022608,2012-07-19,2012-07-17,2012-07-19T19:07:09.000Z,,4,,,,4,6822,0,0,,xslF345X03/form4.xml,PRIMARY DOCUMENT
0000072741-12-000057,2012-07-30,2012-07-30,2012-07-30T20:28:21.000Z,34,8-K,001-05324,12993956,"2.02,9.01",8-K,393096,0,0,,f8kq22012earnings.htm,Q2 2012 EARNINGS
0000072741-12-000059,2012-07-30,2012-07-25,2012-07-30T21:06:34.000Z,34,8-K,001-05324,12994368,"1.01,1.02,2.03",8-K,25746,0,0,,form8k_creditfacility.htm,CREDIT FACILITY
0000072741-12-000060,2012-08-02,,2012-08-02T17:57:37.000Z,33,D,021-182140,121002861,06,D,26981,0,0,,xslFormDX01/primary_doc.xml,
0000072741-12-000062,2012-08-07,2012-06-30,2012-08-07T21:16:44.000Z,34,10-Q,001-05324,121014278,,10-Q,4225862,0,0,,f2q12edgar.htm,FORM 10-Q
0000072741-12-000064,2012-08-08,2012-06-30,2012-08-08T21:20:40.000Z,34,10-Q/A,001-05324,121017719,,10-Q/A,17359661,1,0,,f2q1210qamendmentedgardraft1.htm,FORM 10-Q/A
0001127602-12-024357,2012-08-14,2012-08-10,2012-08-14T18:13:16.000Z,,4,,,,4,7325,0,0,,xslF345X03/form4.xml,PRIMARY DOCUMENT
0001193125-12-398587,2012-09-20,2012-10-31,2012-09-20T21:19:57.000Z,34,DEF 14A,001-05324,121102632,,DEF 14A,5579148,0,0,,d411106ddef14a.htm,NOTICE AND PROXY STATEMENT
0001193125-12-398604,2012-09-20,,2012-09-20T21:23:40.000Z,34,DEFA14A,001-05324,121102689,,DEFA14A,299566,0,0,,d411106ddefa14a.htm,DEFINITIVE ADDITIONAL MATERIALS
9999999997-12-014032,2012-10-02,2011-12-31,2012-10-04T21:33:23.000Z,34,ARS,001-05324,12028191,,ARS,1412,0,0,,9999999997-12-014032.paper,AUTO-GENERATED PAPER DOCUMENT
0001193125-12-416095,2012-10-05,2012-10-05,2012-10-05T12:30:51.000Z,34,8-K,001-05324,121130832,"7.01,9.01",8-K,5121495,0,0,,d421225d8k.htm,FORM 8-K
0001193125-12-417844,2012-10-09,2012-10-09,2012-10-09T12:41:41.000Z,34,8-K,001-05324,121133690,"8.01,9.01",8-K,161581,0,0,,d421406d8k.htm,FORM 8-K
0001193125-12-417851,2012-10-09,,2012-10-09T12:46:42.000Z,33,POSASR,333-165579,121133702,,POSASR,460565,0,0,,d421304dposasr.htm,POST EFFECTIVE AMENDMENT N0. 2 TO FORM S-3
0001127602-12-028648,2012-10-12,2012-10-10,2012-10-12T23:00:15.000Z,,4,,,,4,11942,0,0,,xslF345X03/form4.xml,PRIMARY DOCUMENT
0001127602-12-028910,2012-10-19,2012-10-17,2012-10-19T23:06:32.000Z,,4,,,,4,19555,0,0,,xslF345X03/form4.xml,PRIMARY DOCUMENT
0001127602-12-028913,2012-10-19,2012-10-17,2012-10-20T00:47:33.000Z,,4/A,,,,4/A,19866,0,0,,xslF345X03/form4a.xml,PRIMARY DOCUMENT
0001127602-12-028915,2012-10-19,2012-10-17,2012-10-20T00:55:44.000Z,,4,,,,4,25113,0,0,,xslF345X03/form4.xml,PRIMARY DOCUMENT
0000072741-12-000071,2012-11-01,2012-11-01,2012-11-01T20:39:05.000Z,34,8-K,001-05324,121174026,"2.02,9.01",8-K,348415,0,0,,form8k3qearnings.htm,FORM 8-K
0001127602-12-029546,2012-11-02,2012-10-05,2012-11-02T19:02:08.000Z,,4/A,,,,4/A,24878,0,0,,xslF345X03/form4a.xml,PRIMARY DOCUMENT
0000072741-12-000077,2012-11-02,2012-10-31,2012-11-02T20:26:12.000Z,34,8-K,001-05324,121177159,"5.07,5.08,8.01",8-K,30087,0,0,,form8kannualmtg.htm,FORM 8-K - ANNUAL MEETING
0000072741-12-000080,2012-11-07,2012-09-30,2012-11-07T20:45:09.000Z,34,10-Q,001-05324,121186626,,10-Q,22595970,1,0,,september302012form10qedgar.htm,FORM 10-Q
0000072741-12-000084,2012-11-09,2012-11-09,2012-11-09T21:35:14.000Z,34,8-K,001-05324,121194143,"7.01,9.01",8-K,7642765,0,0,,form8k_2012eei.htm,FORM 8-K
0001127602-12-032182,2012-11-28,2012-11-26,2012-11-28T20:37:03.000Z,,4,,,,4,9368,0,0,,xslF345X03/form4.xml,PRIMARY DOCUMENT
0001127602-12-032926,2012-12-05,2012-12-03,2012-12-05T20:27:36.000Z,,4,,,,4,7815,0,0,,xslF345X03/form4.xml,PRIMARY DOCUMENT
0000072741-12-000087,2012-12-13,2012-12-12,2012-12-12T23:14:07.000Z,34,8-K,001-05324,121260171,"7.01,9.01",8-K,2490764,0,0,,form8kgabelliedgarized.htm,FORM 8-K
0001127602-13-001398,2013-01-08,2013-01-04,2013-01-08T20:32:21.000Z,,4,,,,4,9961,0,0,,xslF345X03/form4.xml,PRIMARY DOCUMENT
0001127602-13-001566,2013-01-09,2013-01-08,2013-01-09T22:10:23.000Z,,4,,,,4,5604,0,0,,xslF345X03/form4.xml,PRIMARY DOCUMENT
0001127602-13-002200,2013-01-17,2013-01-15,2013-01-17T23:28:16.000Z,,4,,,,4,4891,0,0,,xslF345X03/form4.xml,PRIMARY DOCUMENT
0001127602-13-002202,2013-01-17,2013-01-15,2013-01-17T23:30:07.000Z,,4,,,,4,4884,0,0,,xslF345X03/form4.xml,PRIMARY DOCUMENT
0001127602-13-002204,2013-01-17,2013-01-15,2013-01-17T23:32:57.000Z,,4,,,,4,4893,0,0,,xslF345X03/form4.xml,PRIMARY DOCUMENT
0001127602-13-002205,2013-01-17,2013-01-15,2013-01-17T23:34:57.000Z,,4,,,,4,4843,0,0,,xslF345X03/form4.xml,PRIMARY DOCUMENT
0001127602-13-002207,2013-01-17,2013-01-15,2013-01-17T23:36:18.000Z,,4,,,,4,4898,0,0,,xslF345X03/form4.xml,PRIMARY DOCUMENT
0001127602-13-002208,2013-01-17,2013-01-15,2013-01-17T23:37:52.000Z,,4,,,,4,6735,0,0,,xslF345X03/form4.xml,PRIMARY DOCUMENT
0001127602-13-002209,2013-01-17,2013-01-15,2013-01-17T23:39:50.000Z,,4,,,,4,4876,0,0,,xslF345X03/form4.xml,PRIMARY DOCUMENT
0001127602-13-002210,2013-01-17,2013-01-15,2013-01-17T23:41:31.000Z,,4,,,,4,5844,0,0,,xslF345X03/form4.xml,PRIMARY DOCUMENT
0001127602-13-002213,2013-01-17,2013-01-15,2013-01-17T23:48:15.000Z,,4,,,,4,6758,0,0,,xslF345X03/form4.xml,PRIMARY DOCUMENT
0001127602-13-002216,2013-01-17,2013-01-15,2013-01-17T23:54:15.000Z,,4,,,,4,6703,0,0,,xslF345X03/form4.xml,PRIMARY DOCUMENT
0001127602-13-002217,2013-01-17,2013-01-15,2013-01-17T23:55:47.000Z,,4,,,,4,4836,0,0,,xslF345X03/form4.xml,PRIMARY DOCUMENT
0001127602-13-002218,2013-01-17,2013-01-15,2013-01-17T23:57:16.000Z,,4,,,,4,6691,0,0,,xslF345X03/form4.xml,PRIMARY DOCUMENT
0001127602-13-002219,2013-01-17,2013-01-15,2013-01-17T23:58:44.000Z,,4,,,,4,6689,0,0,,xslF345X03/form4.xml,PRIMARY DOCUMENT
0001127602-13-002837,2013-01-28,2013-01-24,2013-01-28T19:43:02.000Z,,4,,,,4,5633,0,0,,xslF345X03/form4.xml,PRIMARY DOCUMENT
0001127602-13-002839,2013-01-28,2013-01-24,2013-01-28T19:47:31.000Z,,4,,,,4,7379,0,0,,xslF345X03/form4.xml,PRIMARY DOCUMENT
0001127602-13-002840,2013-01-28,2013-01-24,2013-01-28T19:50:57.000Z,,4,,,,4,7445,0,0,,xslF345X03/form4.xml,PRIMARY DOCUMENT
0001127602-13-002842,2013-01-28,2013-01-24,2013-01-28T19:56:06.000Z,,4,,,,4,7444,0,0,,xslF345X03/form4.xml,PRIMARY DOCUMENT
0001127602-13-002843,2013-01-28,2013-01-24,2013-01-28T20:00:34.000Z,,4,,,,4,5575,0,0,,xslF345X03/form4.xml,PRIMARY DOCUMENT
0001127602-13-003189,2013-01-30,2013-01-28,2013-01-30T21:56:38.000Z,,4,,,,4,7342,0,0,,xslF345X03/form4.xml,PRIMARY DOCUMENT
0001127602-13-003190,2013-01-30,2013-01-28,2013-01-30T21:58:58.000Z,,4,,,,4,7328,0,0,,xslF345X03/form4.xml,PRIMARY DOCUMENT
0001127602-13-003193,2013-01-30,2013-01-28,2013-01-30T22:03:03.000Z,,4,,,,4,7381,0,0,,xslF345X03/form4.xml,PRIMARY DOCUMENT
0001127602-13-003196,2013-01-30,2013-01-28,2013-01-30T22:06:28.000Z,,4,,,,4,7345,0,0,,xslF345X03/form4.xml,PRIMARY DOCUMENT
0001127602-13-003908,2013-02-04,2013-01-31,2013-02-04T21:20:10.000Z,,4,,,,4,8373,0,0,,xslF345X03/form4.xml,PRIMARY DOCUMENT
0001127602-13-003915,2013-02-04,2013-01-31,2013-02-04T21:25:48.000Z,,4,,,,4,8322,0,0,,xslF345X03/form4.xml,PRIMARY DOCUMENT
0001127602-13-003927,2013-02-04,2013-01-31,2013-02-04T21:38:22.000Z,,4,,,,4,13586,0,0,,xslF345X03/form4.xml,PRIMARY DOCUMENT
0000072741-13-000003,2013-02-05,2013-02-05,2013-02-05T22:06:45.000Z,34,8-K,001-05324,13574864,"8.01,9.01",8-K,40492,0,0,,form8k.htm,FORM 8-K
0001127602-13-004767,2013-02-07,2013-02-05,2013-02-07T21:00:30.000Z,,4,,,,4,5922,0,0,,xslF345X03/form4.xml,PRIMARY DOCUMENT
0001127602-13-004772,2013-02-07,2013-02-05,2013-02-07T21:06:23.000Z,,4,,,,4,7751,0,0,,xslF345X03/form4.xml,PRIMARY DOCUMENT
0001127602-13-004774,2013-02-07,2013-02-05,2013-02-07T21:07:59.000Z,,4,,,,4,7582,0,0,,xslF345X03/form4.xml,PRIMARY DOCUMENT
0001127602-13-004776,2013-02-07,2013-02-05,2013-02-07T21:09:39.000Z,,4,,,,4,7568,0,0,,xslF345X03/form4.xml,PRIMARY DOCUMENT
0001127602-13-004777,2013-02-07,2013-02-05,2013-02-07T21:11:49.000Z,,4,,,,4,7620,0,0,,xslF345X03/form4.xml,PRIMARY DOCUMENT
0001127602-13-004781,2013-02-07,2013-02-05,2013-02-07T21:13:52.000Z,,4,,,,4,7734,0,0,,xslF345X03/form4.xml,PRIMARY DOCUMENT
0001127602-13-004787,2013-02-07,2013-02-05,2013-02-07T21:16:03.000Z,,4,,,,4,7584,0,0,,xslF345X03/form4.xml,PRIMARY DOCUMENT
0001127602-13-004790,2013-02-07,2013-02-05,2013-02-07T21:17:44.000Z,,4,,,,4,7733,0,0,,xslF345X03/form4.xml,PRIMARY DOCUMENT
0001086364-13-003383,2013-02-08,,2013-02-07T23:52:25.000Z,34,SC 13G/A,005-42665,13584168,,SC 13G/A,13508,0,0,,northeast.utilities.inc..txt,
0000932471-13-002369,2013-02-11,,2013-02-11T14:26:16.000Z,34,SC 13G/A,005-42665,13589145,,SC 13G/A,52027,0,0,,northeastutilities.htm,
0001519058-13-000091,2013-02-12,,2013-02-12T14:34:56.000Z,34,SC 13G,005-42665,13594685,,SC 13G,9102,0,0,,nu.txt,
0000902219-13-000338,2013-02-14,,2013-02-14T17:50:39.000Z,34,SC 13G/A,005-42665,13609683,,SC 13G/A,19738,0,0,,sec_filing.htm,DISCLOSURE DOCUMENT
0001127602-13-006248,2013-02-14,2012-12-31,2013-02-14T22:11:38.000Z,,5,,,,5,10279,0,0,,xslF345X03/form5.xml,PRIMARY DOCUMENT
0000072741-13-000005,2013-02-19,2013-02-19,2013-02-19T22:08:02.000Z,34,8-K,001-05324,13624209,"2.02,9.01",8-K,341354,0,0,,form8k2012eanings.htm,FORM 8-K
0001127602-13-008418,2013-02-27,2013-02-25,2013-02-28T00:17:37.000Z,,4,,,,4,5674,0,0,,xslF345X03/form4.xml,PRIMARY DOCUMENT
0001127602-13-008419,2013-02-27,2013-02-25,2013-02-28T00:19:35.000Z,,4,,,,4,7495,0,0,,xslF345X03/form4.xml,PRIMARY DOCUMENT
0001127602-13-008420,2013-02-27,2013-02-25,2013-02-28T00:21:45.000Z,,4,,,,4,7481,0,0,,xslF345X03/form4.xml,PRIMARY DOCUMENT
0001127602-13-008421,2013-02-27,2013-02-25,2013-02-28T00:23:45.000Z,,4,,,,4,7481,0,0,,xslF345X03/form4.xml,PRIMARY DOCUMENT
0000072741-13-000015,2013-02-28,2012-12-31,2013-02-27T23:27:33.000Z,34,10-K,001-05324,13648404,,10-K,45079851,1,0,,f2012form10kedgar.htm,FORM 10-K
0000072741-13-000016,2013-03-07,2013-03-05,2013-03-08T00:36:20.000Z,,4,,,,4,11748,0,0,,xslF345X03/primary_doc.xml,PRIMARY DOCUMENT
0001127602-13-010333,2013-03-11,2013-03-07,2013-03-11T22:46:58.000Z,,4,,,,4,14759,0,0,,xslF345X03/form4.xml,PRIMARY DOCUMENT
0001127602-13-010749,2013-03-14,2012-01-06,2013-03-14T18:32:29.000Z,,4,,,,4,9945,0,0,,xslF345X03/form4.xml,PRIMARY DOCUMENT
0001193125-13-117123,2013-03-20,2013-05-01,2013-03-20T19:40:55.000Z,34,DEF 14A,001-05324,13704839,,DEF 14A,1559848,0,0,,d499841ddef14a.htm,DEF 14A
0001193125-13-117131,2013-03-20,,2013-03-20T19:42:39.000Z,34,DEFA14A,001-05324,13704848,,DEFA14A,82556,0,0,,d502419ddefa14a.htm,DEFINITIVE ADDITIONAL MATERIALS
0001127602-13-011765,2013-03-21,2013-03-19,2013-03-22T00:58:09.000Z,,4,,,,4,13224,0,0,,xslF345X03/form4.xml,PRIMARY DOCUMENT
9999999997-13-006980,2013-03-22,2012-12-31,2013-03-27T17:12:54.000Z,34,ARS,001-05324,13000557,,ARS,1412,0,0,,9999999997-13-006980.paper,AUTO-GENERATED PAPER DOCUMENT
0000000000-13-020738,2013-04-17,,2013-04-17T20:10:36.000Z,,UPLOAD,,,,LETTER,171882,0,0,,filename1.pdf,
0000072741-13-000018,2013-04-30,,2013-04-30T21:25:56.000Z,,CORRESP,,,,CORRESP,63531,0,0,,filename1.htm,
0000072741-13-000020,2013-05-01,2013-05-01,2013-05-01T20:20:27.000Z,34,8-K,001-05324,13803456,"2.02,9.01",8-K,292385,0,0,,form8k_q113earnings.htm,FORM 8-K
0000072741-13-000026,2013-05-03,2013-05-01,2013-05-03T20:22:54.000Z,34,8-K,001-05324,13812949,5.07,8-K,24928,0,0,,form8k_annualmtg.htm,FORM 8-K - RESULTS OF ANNUAL MEETING
0001193125-13-199274,2013-05-03,,2013-05-03T20:39:10.000Z,33,S-3ASR,333-188345,13813170,,S-3ASR,1167727,0,0,,d531464ds3asr.htm,S-3ASR
0000072741-13-000030,2013-05-06,2013-03-31,2013-05-03T21:40:17.000Z,34,10-Q,001-05324,13813992,,10-Q,16667736,1,0,,edgarmarch2013form10q.htm,FORM 10-Q
0001193125-13-206304,2013-05-08,,2013-05-08T13:44:12.000Z,33,424B3,333-188345,13822953,,424B3,548433,0,0,,d532495d424b3.htm,424B3
0001193125-13-207912,2013-05-08,,2013-05-08T21:29:27.000Z,34,FWP,333-188345,13825746,,FWP,10578,0,0,,d534707dfwp.htm,FWP
0001193125-13-207913,2013-05-08,,2013-05-08T21:29:34.000Z,34,FWP,333-188345,13825747,,FWP,10576,0,0,,d534731dfwp.htm,FWP
0001193125-13-213993,2013-05-10,,2013-05-10T19:41:54.000Z,33,424B5,333-188345,13833262,,424B5,551008,0,0,,d532495d424b5.htm,424B5
0000072741-13-000032,2013-05-16,2013-05-13,2013-05-16T16:40:13.000Z,34,8-K,001-05324,13850292,"2.03,9.01",8-K,350826,0,0,,form8k_nuseniornotes.htm,CURRENT REPORT ON FORM 8-K - SENIOR NOTES
0000000000-13-027771,2013-05-21,,2013-05-21T14:50:13.000Z,,UPLOAD,,,,LETTER,142080,0,0,,filename1.pdf,
0000072741-13-000037,2013-06-03,,2013-06-03T18:59:09.000Z,,CORRESP,,,,CORRESP,62065,0,0,,filename1.htm,
0001127602-13-019306,2013-06-04,2013-06-03,2013-06-04T19:43:49.000Z,,4,,,,4,8623,0,0,,xslF345X03/form4.xml,PRIMARY DOCUMENT
0000000000-13-030905,2013-06-06,,2013-06-06T15:52:39.000Z,,UPLOAD,,,,LETTER,36270,0,0,,filename1.pdf,
0000072741-13-000039,2013-06-27,2013-06-26,2013-06-26T23:00:20.000Z,34,8-K,001-05324,13935615,"8.01,9.01",8-K,429614,0,0,,form8k_nptannouncement.htm,CURRENT REPORT ON FORM 8-K
0000072741-13-000041,2013-06-27,2013-06-27,2013-06-27T15:30:07.000Z,34,8-K,001-05324,13936417,"8.01,9.01",8-K,439422,0,0,,form8k_nptnewsrelease.htm,CURRENT REPORT ON FORM 8-K
0000072741-13-000043,2013-06-27,2012-12-31,2013-06-27T18:55:54.000Z,34,11-K,001-05324,13937190,,11-K,167092,0,0,,nusco401kplanfinancialstatem.htm,NUSCO FORM 11-K
0000072741-13-000045,2013-06-27,2012-12-31,2013-06-27T19:07:34.000Z,34,11-K,001-05324,13937254,,11-K,139812,0,0,,nstarsavingsplanfinancialsta.htm,NSTAR 11-K
0001127602-13-022031,2013-07-02,2013-07-01,2013-07-02T20:33:24.000Z,,4,,,,4,5675,0,0,,xslF345X03/form4.xml,PRIMARY DOCUMENT
0000072741-13-000047,2013-07-29,2013-07-29,2013-07-29T20:39:46.000Z,34,8-K,001-05324,13992930,"2.02,9.01",8-K,378449,0,0,,form8k.htm,FORM 8-K
0000072741-13-000052,2013-08-02,2013-06-30,2013-08-02T13:03:33.000Z,34,10-Q,001-05324,131004811,,10-Q,29406288,1,0,,june302013form10qedgar.htm,FORM 10-Q
0001127602-13-026286,2013-08-30,2013-08-28,2013-08-30T15:33:41.000Z,,4,,,,4,10083,0,0,,xslF345X03/form4.xml,PRIMARY DOCUMENT
0001127602-13-026795,2013-09-09,2013-09-06,2013-09-09T17:28:50.000Z,,4,,,,4,5507,0,0,,xslF345X03/form4.xml,PRIMARY DOCUMENT
0001127602-13-026797,2013-09-09,2013-09-06,2013-09-09T17:38:00.000Z,,4,,,,4,8636,0,0,,xslF345X03/form4.xml,PRIMARY DOCUMENT
0000072741-13-000055,2013-09-12,2013-09-06,2013-09-12T19:13:25.000Z,34,8-K,001-05324,131094037,"1.01,1.02,2.03,9.01",8-K,209466,0,0,,form8kamendmenttocreditagrmn.htm,CURRENT REPORT ON FORM 8-K
0000072741-13-000056,2013-09-17,,2013-09-17T19:05:44.000Z,33,D/A,021-182140,131101082,06,D/A,27073,0,0,,xslFormDX01/primary_doc.xml,
0001127602-13-029240,2013-10-11,2013-10-10,2013-10-11T20:55:08.000Z,,4,,,,4,8721,0,0,,xslF345X03/form4.xml,PRIMARY DOCUMENT
0000072741-13-000061,2013-10-31,2013-10-31,2013-10-31T20:20:35.000Z,34,8-K,001-05324,131182962,"2.02,9.01",8-K,346644,0,0,,q32013earningsform8k_final.htm,CURRENT REPORT ON FORM 8-K
0000072741-13-000064,2013-11-04,2013-09-30,2013-11-04T22:24:13.000Z,34,10-Q,001-05324,131190130,,10-Q,19566113,1,0,,september302013form10qedgar.htm,"SEPTEMBER 30, 2013 FORM 10-Q"
0001127602-13-031710,2013-11-15,2013-11-13,2013-11-15T16:51:47.000Z,,4,,,,4,12322,0,0,,xslF345X03/form4.xml,PRIMARY DOCUMENT
0001127602-13-033234,2013-12-02,2013-11-27,2013-12-02T19:05:01.000Z,,4,,,,4,12328,0,0,,xslF345X03/form4.xml,PRIMARY DOCUMENT
0001127602-13-033944,2013-12-09,2013-12-05,2013-12-09T16:10:08.000Z,,4,,,,4,8015,0,0,,xslF345X03/form4.xml,PRIMARY DOCUMENT
0000072741-14-000003,2014-01-03,2013-12-31,2014-01-03T20:03:30.000Z,34,8-K,001-05324,14505106,"8.01,9.01",8-K,430003,0,0,,form8knptisoapproval.htm,CURRENT REPORT ON FORM 8-K
0001127602-14-001739,2014-01-10,2014-01-08,2014-01-10T21:22:52.000Z,,4,,,,4,5695,0,0,,xslF345X03/form4.xml,PRIMARY DOCUMENT
0001127602-14-002262,2014-01-17,2014-01-15,2014-01-17T21:50:41.000Z,,4,,,,4,7865,0,0,,xslF345X03/form4.xml,PRIMARY DOCUMENT
0001127602-14-002264,2014-01-17,2014-01-15,2014-01-17T21:52:19.000Z,,4,,,,4,7872,0,0,,xslF345X03/form4.xml,PRIMARY DOCUMENT
0001127602-14-002266,2014-01-17,2014-01-15,2014-01-17T21:54:52.000Z,,4,,,,4,7882,0,0,,xslF345X03/form4.xml,PRIMARY DOCUMENT
0001127602-14-002268,2014-01-17,2014-01-15,2014-01-17T21:59:54.000Z,,4,,,,4,4855,0,0,,xslF345X03/form4.xml,PRIMARY DOCUMENT
0001127602-14-002269,2014-01-17,2014-01-15,2014-01-17T22:01:48.000Z,,4,,,,4,9742,0,0,,xslF345X03/form4.xml,PRIMARY DOCUMENT
0001127602-14-002270,2014-01-17,2014-01-15,2014-01-17T22:03:48.000Z,,4,,,,4,7865,0,0,,xslF345X03/form4.xml,PRIMARY DOCUMENT
0001127602-14-002272,2014-01-17,2014-01-15,2014-01-17T22:05:55.000Z,,4,,,,4,9784,0,0,,xslF345X03/form4.xml,PRIMARY DOCUMENT
0001127602-14-002276,2014-01-17,2014-01-15,2014-01-17T22:08:58.000Z,,4,,,,4,9743,0,0,,xslF345X03/form4.xml,PRIMARY DOCUMENT
0001127602-14-002278,2014-01-17,2014-01-15,2014-01-17T22:11:33.000Z,,4,,,,4,7858,0,0,,xslF345X03/form4.xml,PRIMARY DOCUMENT
0001127602-14-002280,2014-01-17,2014-01-15,2014-01-17T22:13:47.000Z,,4,,,,4,5842,0,0,,xslF345X03/form4.xml,PRIMARY DOCUMENT
0001127602-14-002282,2014-01-17,2014-01-15,2014-01-17T22:15:48.000Z,,4,,,,4,9764,0,0,,xslF345X03/form4.xml,PRIMARY DOCUMENT
0001127602-14-002285,2014-01-17,2014-01-15,2014-01-17T22:18:26.000Z,,4,,,,4,9744,0,0,,xslF345X03/form4.xml,PRIMARY DOCUMENT
0001127602-14-002286,2014-01-17,2014-01-15,2014-01-17T22:24:11.000Z,,4,,,,4,7810,0,0,,xslF345X03/form4.xml,PRIMARY DOCUMENT
0001127602-14-002714,2014-01-23,2014-01-21,2014-01-23T21:59:01.000Z,,4,,,,4,18153,0,0,,xslF345X03/form4.xml,PRIMARY DOCUMENT
0001127602-14-002716,2014-01-23,2014-01-21,2014-01-23T22:00:34.000Z,,4,,,,4,18702,0,0,,xslF345X03/form4.xml,PRIMARY DOCUMENT
0001127602-14-003335,2014-01-29,2014-01-27,2014-01-29T22:13:54.000Z,,4,,,,4,10275,0,0,,xslF345X03/form4.xml,PRIMARY DOCUMENT
0001127602-14-003344,2014-01-29,2014-01-27,2014-01-29T22:22:39.000Z,,4,,,,4,7282,0,0,,xslF345X03/form4.xml,PRIMARY DOCUMENT
0001127602-14-003345,2014-01-29,2014-01-27,2014-01-29T22:24:49.000Z,,4,,,,4,7896,0,0,,xslF345X03/form4.xml,PRIMARY DOCUMENT
0001127602-14-003348,2014-01-29,2014-01-27,2014-01-29T22:28:29.000Z,,4,,,,4,10232,0,0,,xslF345X03/form4.xml,PRIMARY DOCUMENT
0001086364-14-001289,2014-01-30,,2014-01-30T02:50:42.000Z,34,SC 13G/A,005-42665,14558679,,SC 13G/A,13485,0,0,,northeast.utilities.inc..txt,
0000072741-14-000004,2014-02-04,2014-02-04,2014-02-04T21:47:55.000Z,34,8-K,001-05324,14572903,"8.01,9.01",8-K,40366,0,0,,form8k_divincrease.htm,CURRENT REPORT ON FORM 8-K
0001127602-14-004457,2014-02-04,2014-01-31,2014-02-04T23:45:47.000Z,,4,,,,4,8362,0,0,,xslF345X03/form4.xml,PRIMARY DOCUMENT
0001127602-14-004459,2014-02-04,2014-01-31,2014-02-04T23:49:01.000Z,,4,,,,4,8361,0,0,,xslF345X03/form4.xml,PRIMARY DOCUMENT
0001519058-14-000186,2014-02-05,,2014-02-05T16:53:56.000Z,34,SC 13G,005-42665,14575163,,SC 13G,9116,0,0,,nu.txt,NU
0000072741-14-000006,2014-02-06,2014-02-06,2014-02-06T13:21:04.000Z,34,8-K,001-05324,14578085,"2.02,7.01,9.01",8-K,9450607,0,0,,form8k_2013earningsedg.htm,CURRENT REPORT ON FORM 8-K
0001127602-14-004942,2014-02-06,2014-02-04,2014-02-06T23:09:24.000Z,,4,,,,4,5965,0,0,,xslF345X03/form4.xml,PRIMARY DOCUMENT
0001127602-14-004943,2014-02-06,2014-02-04,2014-02-06T23:11:46.000Z,,4,,,,4,10708,0,0,,xslF345X03/form4.xml,PRIMARY DOCUMENT
0001127602-14-004944,2014-02-06,2014-02-04,2014-02-06T23:13:34.000Z,,4,,,,4,7754,0,0,,xslF345X03/form4.xml,PRIMARY DOCUMENT
0001127602-14-004945,2014-02-06,2014-02-04,2014-02-06T23:15:29.000Z,,4,,,,4,7740,0,0,,xslF345X03/form4.xml,PRIMARY DOCUMENT
0001127602-14-004949,2014-02-06,2014-02-04,2014-02-06T23:20:25.000Z,,4,,,,4,7890,0,0,,xslF345X03/form4.xml,PRIMARY DOCUMENT
0001127602-14-004950,2014-02-06,2014-02-04,2014-02-06T23:22:53.000Z,,4,,,,4,7770,0,0,,xslF345X03/form4.xml,PRIMARY DOCUMENT
0001127602-14-004951,2014-02-06,2014-02-04,2014-02-06T23:24:40.000Z,,4,,,,4,7742,0,0,,xslF345X03/form4.xml,PRIMARY DOCUMENT
0001127602-14-004952,2014-02-06,2014-02-04,2014-02-06T23:26:51.000Z,,4,,,,4,7758,0,0,,xslF345X03/form4.xml,PRIMARY DOCUMENT
0000932471-14-003842,2014-02-12,,2014-02-12T14:20:23.000Z,34,SC 13G/A,005-42665,14596944,,SC 13G/A,52025,0,0,,northeastutilities.htm,
0001127602-14-007157,2014-02-19,2014-02-14,2014-02-19T22:36:05.000Z,,4,,,,4,6431,0,0,,xslF345X03/form4.xml,PRIMARY DOCUMENT
0000072741-14-000011,2014-02-25,2013-12-31,2014-02-25T21:45:04.000Z,34,10-K,001-05324,14641263,,10-K,49936836,1,0,,december2013form10kedgar.htm,FORM 10-K
0001127602-14-008449,2014-02-25,2014-02-21,2014-02-25T23:28:36.000Z,,4,,,,4,5677,0,0,,xslF345X03/form4.xml,PRIMARY DOCUMENT
0001127602-14-008455,2014-02-25,2014-02-21,2014-02-25T23:30:33.000Z,,4,,,,4,7474,0,0,,xslF345X03/form4.xml,PRIMARY DOCUMENT
0001127602-14-008464,2014-02-25,2014-02-21,2014-02-25T23:33:34.000Z,,4,,,,4,7447,0,0,,xslF345X03/form4.xml,PRIMARY DOCUMENT
0001127602-14-008470,2014-02-25,2014-02-21,2014-02-25T23:35:13.000Z,,4,,,,4,7433,0,0,,xslF345X03/form4.xml,PRIMARY DOCUMENT
0001127602-14-008473,2014-02-25,2014-02-21,2014-02-25T23:37:41.000Z,,4,,,,4,7583,0,0,,xslF345X03/form4.xml,PRIMARY DOCUMENT
0001127602-14-008477,2014-02-25,2014-02-21,2014-02-25T23:39:27.000Z,,4,,,,4,7482,0,0,,xslF345X03/form4.xml,PRIMARY DOCUMENT
0001127602-14-008479,2014-02-25,2014-02-21,2014-02-25T23:41:39.000Z,,4,,,,4,7449,0,0,,xslF345X03/form4.xml,PRIMARY DOCUMENT
0001127602-14-008480,2014-02-25,2014-02-21,2014-02-25T23:43:40.000Z,,4,,,,4,7231,0,0,,xslF345X03/form4.xml,PRIMARY DOCUMENT
0001127602-14-008752,2014-02-26,2014-02-25,2014-02-26T23:48:41.000Z,,4,,,,4,5678,0,0,,xslF345X03/form4.xml,PRIMARY DOCUMENT
0001127602-14-008753,2014-02-26,2014-02-25,2014-02-26T23:50:30.000Z,,4,,,,4,7475,0,0,,xslF345X03/form4.xml,PRIMARY DOCUMENT
0001127602-14-008754,2014-02-26,2014-02-25,2014-02-26T23:52:27.000Z,,4,,,,4,7471,0,0,,xslF345X03/form4.xml,PRIMARY DOCUMENT
0001127602-14-008755,2014-02-26,2014-02-25,2014-02-26T23:54:49.000Z,,4,,,,4,7469,0,0,,xslF345X03/form4.xml,PRIMARY DOCUMENT
0001127602-14-010772,2014-03-07,2014-03-05,2014-03-07T23:00:08.000Z,,4,,,,4,5496,0,0,,xslF345X03/form4.xml,PRIMARY DOCUMENT
0001127602-14-011775,2014-03-17,2014-03-13,2014-03-17T21:32:05.000Z,,4,,,,4,7753,0,0,,xslF345X03/form4.xml,PRIMARY DOCUMENT
0001206774-14-000957,2014-03-21,2014-05-01,2014-03-21T17:01:02.000Z,34,DEF 14A,001-05324,14709450,,DEF 14A,1263802,0,0,,northeast_def14a.htm,DEFINITIVE PROXY STATEMENT
0001206774-14-000958,2014-03-21,,2014-03-21T17:05:21.000Z,34,DEFA14A,001-05324,14709461,,DEFA14A,81448,0,0,,northeast_defa14a.htm,DEFINITIVE ADDITIONAL PROXY SOLICITING MATERIALS
9999999997-14-006748,2014-03-24,2013-12-31,2014-04-07T22:27:17.000Z,34,ARS,001-05324,14005176,,ARS,1412,0,0,,9999999997-14-006748.paper,AUTO-GENERATED PAPER DOCUMENT
0000072741-14-000018,2014-05-01,2014-05-01,2014-05-01T20:39:40.000Z,34,8-K,001-05324,14805577,"2.02,9.01",8-K,303155,0,0,,form8kq12014earnings.htm,CURRENT REPORT ON FORM 8-K
0001104659-14-034149,2014-05-02,2014-03-31,2014-05-02T21:03:58.000Z,34,10-Q,001-05324,14810289,,10-Q,17991928,1,0,,a14-11491_110q.htm,10-Q
0000072741-14-000020,2014-05-05,2014-05-01,2014-05-05T20:30:36.000Z,34,8-K,001-05324,14813856,5.07,8-K,23947,0,0,,form8kannualmtg.htm,CURRENT REPORT ON FORM 8-K
0000072741-14-000022,2014-05-09,2014-05-09,2014-05-09T16:21:17.000Z,34,8-K,001-05324,14827831,"7.01,9.01",8-K,82991,0,0,,form8knl.htm,CURRENT REPORT ON FORM 8-K
0000000000-14-024337,2014-05-13,,2014-05-13T17:38:07.000Z,,UPLOAD,,,,LETTER,157848,0,0,,filename1.pdf,
0000072741-14-000024,2014-05-20,,2014-05-20T21:21:17.000Z,,CORRESP,,,,CORRESP,62407,0,0,,filename1.htm,
0000000000-14-029191,2014-06-09,,2014-06-09T17:17:32.000Z,,UPLOAD,,,,LETTER,41624,0,0,,filename1.pdf,
0001127602-14-021512,2014-06-23,2014-06-19,2014-06-23T20:52:09.000Z,,4,,,,4,11664,0,0,,xslF345X03/form4.xml,PRIMARY DOCUMENT
0000072741-14-000028,2014-06-25,2013-12-31,2014-06-25T20:26:45.000Z,34,11-K,001-05324,14940223,,11-K,168214,0,0,,nusco11k.htm,FORM 11-K
0000072741-14-000030,2014-06-25,2013-12-31,2014-06-25T20:35:40.000Z,34,11-K,001-05324,14940311,,11-K,100841,0,0,,nstar11k.htm,FORM 11-K
0000072741-14-000032,2014-06-25,2014-06-19,2014-06-25T21:21:55.000Z,34,8-K,001-05324,14940714,8.01,8-K,18986,0,0,,form8k_fercroeorder.htm,CURRENT REPORT ON FORM 8-K
0000072741-14-000037,2014-07-31,2014-07-31,2014-07-31T20:22:49.000Z,34,8-K,001-05324,141006560,"2.02,9.01",8-K,309238,0,0,,form8k.htm,CURRENT REPORT ON FORM 8-K
0000072741-14-000040,2014-08-01,2014-06-30,2014-08-01T20:36:18.000Z,34,10-Q,001-05324,141010539,,10-Q,18515050,1,0,,june2014form10q.htm,"JUNE 30, 2014 FORM 10-Q"
0000072741-14-000045,2014-08-07,2014-08-06,2014-08-07T20:34:45.000Z,34,8-K,001-05324,141024376,5.02,8-K,15871,0,0,,form8kg.htm,CURRENT REPORT ON FORM 8-K
0001127602-14-025152,2014-08-11,2014-08-07,2014-08-11T21:14:24.000Z,,4,,,,4,4395,0,0,,xslF345X03/form4.xml,PRIMARY DOCUMENT
0001127602-14-025154,2014-08-11,2014-08-07,2014-08-11T21:16:36.000Z,,4,,,,4,7774,0,0,,xslF345X03/form4.xml,PRIMARY DOCUMENT
0001127602-14-026635,2014-08-27,2014-08-25,2014-08-27T20:33:37.000Z,,4,,,,4,18485,0,0,,xslF345X03/form4.xml,PRIMARY DOCUMENT
0001127602-14-026909,2014-09-02,2014-08-28,2014-09-02T20:28:53.000Z,,4,,,,4,5463,0,0,,xslF345X03/form4.xml,PRIMARY DOCUMENT
0001127602-14-027076,2014-09-03,2014-09-02,2014-09-03T19:54:44.000Z,,3,,,,3,11290,0,0,,xslF345X02/form3.xml,PRIMARY DOCUMENT
0001127602-14-027173,2014-09-04,2014-09-03,2014-09-04T17:11:19.000Z,,4,,,,4,6040,0,0,,xslF345X03/form4.xml,PRIMARY DOCUMENT
0000072741-14-000048,2014-09-16,2014-09-16,2014-09-16T11:02:35.000Z,34,8-K,001-05324,141104477,"8.01,9.01",8-K,475207,0,0,,currentrptonform8k.htm,CURRENT REPORT ON FORM 8-K
0000072741-14-000061,2014-11-07,2014-11-06,2014-11-06T23:08:07.000Z,34,8-K,001-05324,141202122,"2.02,9.01",8-K,313506,0,0,,form8k.htm,CURRENT REPORT ON FORM 8-K
0000072741-14-000064,2014-11-07,2014-09-30,2014-11-07T22:00:22.000Z,34,10-Q,001-05324,141205651,,10-Q,19394117,1,0,,september302014form10qedgar.htm,"SEPTEMBER 30, 2014 FORM 10-Q"
0001127602-14-032121,2014-11-13,2014-11-12,2014-11-13T19:03:13.000Z,,4,,,,4,9317,0,0,,xslF345X03/form4.xml,PRIMARY DOCUMENT
0001127602-14-033318,2014-11-24,2014-11-20,2014-11-24T21:05:31.000Z,,4,,,,4,10288,0,0,,xslF345X03/form4.xml,PRIMARY DOCUMENT
0001127602-14-033932,2014-12-02,2014-11-28,2014-12-02T22:32:08.000Z,,4,,,,4,14276,0,0,,xslF345X03/form4.xml,PRIMARY DOCUMENT
0001127602-14-033935,2014-12-02,2014-11-28,2014-12-02T22:34:37.000Z,,4,,,,4,9639,0,0,,xslF345X03/form4.xml,PRIMARY DOCUMENT
0001127602-15-001359,2015-01-07,2015-01-05,2015-01-07T22:45:14.000Z,,4,,,,4,9480,0,0,,xslF345X03/form4.xml,PRIMARY DOCUMENT
0001047469-15-000158,2015-01-12,,2015-01-12T13:59:34.000Z,33,424B3,333-188345,15520738,,424B3,523658,0,0,,a2222686z424b3.htm,424B3
0001104659-15-001892,2015-01-12,,2015-01-12T21:57:58.000Z,34,FWP,333-188345,15522508,,FWP,18696,0,0,,a15-1974_3fwp.htm,FWP
0001104659-15-001893,2015-01-12,,2015-01-12T21:58:43.000Z,34,FWP,333-188345,15522512,,FWP,18714,0,0,,a15-1974_4fwp.htm,FWP
0001047469-15-000200,2015-01-13,,2015-01-13T20:43:25.000Z,33,424B5,333-188345,15524733,,424B5,522522,0,0,,a2222720z424b5.htm,424B5
0001127602-15-002274,2015-01-20,2015-01-15,2015-01-20T23:38:37.000Z,,4,,,,4,4773,0,0,,xslF345X03/form4.xml,PRIMARY DOCUMENT
0001127602-15-002275,2015-01-20,2015-01-15,2015-01-20T23:41:38.000Z,,4,,,,4,4785,0,0,,xslF345X03/form4.xml,PRIMARY DOCUMENT
0001127602-15-002276,2015-01-20,2015-01-15,2015-01-20T23:43:56.000Z,,4,,,,4,4779,0,0,,xslF345X03/form4.xml,PRIMARY DOCUMENT
0001127602-15-002277,2015-01-20,2015-01-15,2015-01-20T23:46:37.000Z,,4,,,,4,4740,0,0,,xslF345X03/form4.xml,PRIMARY DOCUMENT
0001127602-15-002278,2015-01-20,2015-01-15,2015-01-20T23:48:49.000Z,,4,,,,4,6718,0,0,,xslF345X03/form4.xml,PRIMARY DOCUMENT
0001127602-15-002279,2015-01-20,2015-01-15,2015-01-20T23:50:07.000Z,,4,,,,4,4782,0,0,,xslF345X03/form4.xml,PRIMARY DOCUMENT
0001127602-15-002280,2015-01-20,2015-01-15,2015-01-20T23:52:05.000Z,,4,,,,4,6686,0,0,,xslF345X03/form4.xml,PRIMARY DOCUMENT
0001127602-15-002281,2015-01-20,2015-01-15,2015-01-20T23:53:33.000Z,,4,,,,4,6605,0,0,,xslF345X03/form4.xml,PRIMARY DOCUMENT
0001127602-15-002282,2015-01-20,2015-01-15,2015-01-20T23:55:03.000Z,,4,,,,4,4774,0,0,,xslF345X03/form4.xml,PRIMARY DOCUMENT
0001127602-15-002283,2015-01-20,2015-01-15,2015-01-20T23:57:25.000Z,,4,,,,4,6655,0,0,,xslF345X03/form4.xml,PRIMARY DOCUMENT
0001127602-15-002284,2015-01-20,2015-01-15,2015-01-20T23:59:12.000Z,,4,,,,4,6693,0,0,,xslF345X03/form4.xml,PRIMARY DOCUMENT
0001127602-15-002285,2015-01-20,2015-01-15,2015-01-21T00:01:23.000Z,,4,,,,4,4774,0,0,,xslF345X03/form4.xml,PRIMARY DOCUMENT
0000072741-15-000002,2015-01-21,2015-01-15,2015-01-21T21:18:46.000Z,34,8-K,001-05324,15538805,"2.03,9.01",8-K,362943,0,0,,form8k.htm,CURRENT REPORT ON FORM 8-K
0001086364-15-000752,2015-01-23,,2015-01-23T20:15:24.000Z,34,SC 13G/A,005-42665,15545339,,SC 13G/A,13450,0,0,,northeast.utilities.txt,
0000072741-15-000005,2015-02-03,2015-02-01,2015-02-03T22:13:05.000Z,34,8-K,001-05324,15572209,"5.02,8.01,9.01",8-K,89422,0,0,,form8kedgar.htm,CURRENT REPORT ON FORM 8-K
0001127602-15-004610,2015-02-05,2015-02-03,2015-02-05T23:17:15.000Z,,4,,,,4,5918,0,0,,xslF345X03/form4.xml,PRIMARY DOCUMENT
0001127602-15-004611,2015-02-05,2015-02-03,2015-02-05T23:18:31.000Z,,4,,,,4,7731,0,0,,xslF345X03/form4.xml,PRIMARY DOCUMENT
0001127602-15-004612,2015-02-05,2015-02-03,2015-02-05T23:19:44.000Z,,4,,,,4,9304,0,0,,xslF345X03/form4.xml,PRIMARY DOCUMENT
0001127602-15-004613,2015-02-05,2015-02-03,2015-02-05T23:21:00.000Z,,4,,,,4,9290,0,0,,xslF345X03/form4.xml,PRIMARY DOCUMENT
0001127602-15-004614,2015-02-05,2015-02-03,2015-02-05T23:22:26.000Z,,4,,,,4,9442,0,0,,xslF345X03/form4.xml,PRIMARY DOCUMENT
0001127602-15-004615,2015-02-05,2015-02-03,2015-02-05T23:23:37.000Z,,4,,,,4,7727,0,0,,xslF345X03/form4.xml,PRIMARY DOCUMENT
0001127602-15-004616,2015-02-05,2015-02-03,2015-02-05T23:25:02.000Z,,4,,,,4,9306,0,0,,xslF345X03/form4.xml,PRIMARY DOCUMENT
0001127602-15-004617,2015-02-05,2015-02-03,2015-02-05T23:26:30.000Z,,4,,,,4,7730,0,0,,xslF345X03/form4.xml,PRIMARY DOCUMENT
0001127602-15-004618,2015-02-05,2015-02-03,2015-02-05T23:27:55.000Z,,4,,,,4,9280,0,0,,xslF345X03/form4.xml,PRIMARY DOCUMENT
0000932471-15-004291,2015-02-10,,2015-02-10T19:06:34.000Z,34,SC 13G/A,005-42665,15592736,,SC 13G/A,39801,0,0,,northeastutilities.htm,
0000072741-15-000008,2015-02-11,2015-02-11,2015-02-11T21:43:28.000Z,34,8-K,001-05324,15600111,"2.02,7.01,9.01",8-K,4958290,0,0,,form8k2014earnings.htm,CURRENT REPORT ON FORM 8-K
0001519058-15-000176,2015-02-12,,2015-02-12T20:50:48.000Z,34,SC 13G,005-42665,15605842,,SC 13G,9092,0,0,,nu.txt,NU
0001127602-15-006323,2015-02-17,2014-12-31,2015-02-17T20:24:55.000Z,,5,,,,5,6279,0,0,,xslF345X03/form5.xml,PRIMARY DOCUMENT
0001127602-15-008031,2015-02-24,2015-02-20,2015-02-24T22:37:56.000Z,,4,,,,4,5594,0,0,,xslF345X03/form4.xml,PRIMARY DOCUMENT
0001127602-15-008036,2015-02-24,2015-02-20,2015-02-24T22:40:25.000Z,,4,,,,4,7407,0,0,,xslF345X03/form4.xml,PRIMARY DOCUMENT
0001127602-15-008038,2015-02-24,2015-02-20,2015-02-24T22:41:59.000Z,,4,,,,4,7363,0,0,,xslF345X03/form4.xml,PRIMARY DOCUMENT
0001127602-15-008040,2015-02-24,2015-02-20,2015-02-24T22:43:40.000Z,,4,,,,4,7348,0,0,,xslF345X03/form4.xml,PRIMARY DOCUMENT
0001127602-15-008042,2015-02-24,2015-02-20,2015-02-24T22:45:03.000Z,,4,,,,4,7499,0,0,,xslF345X03/form4.xml,PRIMARY DOCUMENT
0001127602-15-008043,2015-02-24,2015-02-20,2015-02-24T22:46:13.000Z,,4,,,,4,7403,0,0,,xslF345X03/form4.xml,PRIMARY DOCUMENT
0001127602-15-008044,2015-02-24,2015-02-20,2015-02-24T22:47:57.000Z,,4,,,,4,7365,0,0,,xslF345X03/form4.xml,PRIMARY DOCUMENT
0001127602-15-008045,2015-02-24,2015-02-20,2015-02-24T22:49:17.000Z,,4,,,,4,7402,0,0,,xslF345X03/form4.xml,PRIMARY DOCUMENT
0001127602-15-008046,2015-02-24,2015-02-20,2015-02-24T22:50:34.000Z,,4,,,,4,7380,0,0,,xslF345X03/form4.xml,PRIMARY DOCUMENT
0000072741-15-000013,2015-02-25,2014-12-31,2015-02-25T22:25:50.000Z,34,10-K,001-05324,15649044,,10-K,47960097,1,0,,f2014form10kedgar.htm,2014 FORM 10-K
0001127602-15-008810,2015-02-27,2015-02-25,2015-02-27T21:41:33.000Z,,4,,,,4,5594,0,0,,xslF345X03/form4.xml,PRIMARY DOCUMENT
0001127602-15-008811,2015-02-27,2015-02-25,2015-02-27T21:43:02.000Z,,4,,,,4,7407,0,0,,xslF345X03/form4.xml,PRIMARY DOCUMENT
0001127602-15-008812,2015-02-27,2015-02-25,2015-02-27T21:44:08.000Z,,4,,,,4,7403,0,0,,xslF345X03/form4.xml,PRIMARY DOCUMENT
0001127602-15-008814,2015-02-27,2015-02-25,2015-02-27T21:45:21.000Z,,4,,,,4,7402,0,0,,xslF345X03/form4.xml,PRIMARY DOCUMENT
0001206774-15-000726,2015-03-03,2015-04-29,2015-03-03T22:22:13.000Z,34,PRE 14A,001-05324,15670458,,PRE 14A,1959536,0,0,,eversource_pre14a.htm,PRELIMINARY PROXY STATEMENT
0001127602-15-010024,2015-03-04,2015-03-02,2015-03-04T21:03:38.000Z,,4,,,,4,6744,0,0,,xslF345X03/form4.xml,PRIMARY DOCUMENT
0001127602-15-010026,2015-03-04,2015-03-02,2015-03-04T21:05:14.000Z,,4,,,,4,7792,0,0,,xslF345X03/form4.xml,PRIMARY DOCUMENT
0000072741-15-000015,2015-03-12,2015-03-12,2015-03-12T13:10:40.000Z,34,8-K,001-05324,15694554,"8.01,9.01",8-K,35566,0,0,,psnh2015form_8k.htm,CURRENT REPORT ON FORM 8-K
0001206774-15-000884,2015-03-13,2015-04-29,2015-03-13T16:30:29.000Z,34,DEF 14A,001-05324,15698410,,DEF 14A,1957151,0,0,,eversource_def14a.htm,DEFINITIVE PROXY STATEMENT
0001206774-15-000885,2015-03-13,,2015-03-13T16:35:34.000Z,34,DEFA14A,001-05324,15698428,,DEFA14A,162968,0,0,,eversource_defa14a.htm,DEFINITIVE ADDITIONAL PROXY SOLICITING MATERIALS
9999999997-15-006066,2015-03-16,2014-12-31,2015-03-20T19:42:44.000Z,34,ARS,001-05324,15005739,,ARS,1383,0,0,,9999999997-15-006066.paper,AUTO-GENERATED PAPER DOCUMENT
0001104659-15-024992,2015-04-01,,2015-04-01T19:07:48.000Z,33,S-3ASR,333-203174,15742831,,S-3ASR,341815,0,0,,a15-8151_1s3asr.htm,S-3ASR
0001127602-15-014438,2015-04-14,2015-04-10,2015-04-14T21:07:03.000Z,,4,,,,4,7407,0,0,,xslF345X03/form4.xml,PRIMARY DOCUMENT
0001127602-15-014439,2015-04-14,2015-04-10,2015-04-14T21:08:13.000Z,,4,,,,4,7364,0,0,,xslF345X03/form4.xml,PRIMARY DOCUMENT
0001127602-15-014440,2015-04-14,2015-04-10,2015-04-14T21:10:20.000Z,,4,,,,4,7349,0,0,,xslF345X03/form4.xml,PRIMARY DOCUMENT
0001127602-15-014441,2015-04-14,2015-04-10,2015-04-14T21:11:41.000Z,,4,,,,4,7404,0,0,,xslF345X03/form4.xml,PRIMARY DOCUMENT
0001127602-15-014442,2015-04-14,2015-04-10,2015-04-14T21:12:53.000Z,,4,,,,4,7366,0,0,,xslF345X03/form4.xml,PRIMARY DOCUMENT
0001127602-15-014445,2015-04-14,2015-04-10,2015-04-14T21:15:58.000Z,,4,,,,4,7403,0,0,,xslF345X03/form4.xml,PRIMARY DOCUMENT
0001127602-15-014447,2015-04-14,2015-04-10,2015-04-14T21:17:42.000Z,,4,,,,4,7380,0,0,,xslF345X03/form4.xml,PRIMARY DOCUMENT
0000072741-15-000019,2015-04-29,2015-04-29,2015-04-29T20:20:54.000Z,34,8-K,001-05324,15813030,"2.02,9.01",8-K,460375,0,0,,form8k_q115earnings.htm,CURRENT REPORT ON FORM 8-K
0000072741-15-000024,2015-04-30,2015-04-29,2015-04-30T20:32:53.000Z,34,8-K,001-05324,15819247,"5.03,5.07,9.01",8-K,173738,0,0,,form8kannualmtgdotamend.htm,CURRENT REPORT ON FORM 8-K
0001104659-15-032649,2015-04-30,,2015-04-30T21:01:16.000Z,33,424B3,333-203174,15819921,,424B3,193635,0,0,,a15-10114_1424b3.htm,424B3
0000072741-15-000027,2015-05-06,2015-03-31,2015-05-06T19:30:56.000Z,34,10-Q,001-05324,15836684,,10-Q,15891791,1,0,,march2015form10qedgar.htm,"MARCH 31, 2015 FORM 10-Q"
0001047469-15-004696,2015-05-13,,2015-05-13T12:39:13.000Z,33,424B3,333-188345,15856531,,424B3,244672,0,0,,a2224708z424b3.htm,424B3
0001127602-15-017984,2015-05-20,2015-05-19,2015-05-20T21:06:44.000Z,,4,,,,4,8859,0,0,,xslF345X03/form4.xml,PRIMARY DOCUMENT
0001127602-15-019757,2015-06-03,2015-06-01,2015-06-03T21:28:19.000Z,,4,,,,4,7376,0,0,,xslF345X03/form4.xml,PRIMARY DOCUMENT
0001127602-15-019758,2015-06-03,2015-06-01,2015-06-03T21:30:09.000Z,,4,,,,4,10300,0,0,,xslF345X03/form4.xml,PRIMARY DOCUMENT
0001127602-15-020231,2015-06-09,2015-06-05,2015-06-09T22:39:41.000Z,,4,,,,4,7871,0,0,,xslF345X03/form4.xml,PRIMARY DOCUMENT
0000072741-15-000032,2015-06-11,2015-06-10,2015-06-11T20:47:06.000Z,34,8-K,001-05324,15926503,"1.01,9.01",8-K,306571,0,0,,form_8k.htm,CURRENT REPORT ON FORM 8-K
0000072741-15-000036,2015-06-23,2014-12-31,2015-06-23T20:14:19.000Z,34,11-K,001-05324,15947185,,11-K,157736,0,0,,nusco11k.htm,NORTHEAST UTILITIES SERVICE COMPANY 401K PLAN
0000072741-15-000038,2015-07-23,2015-07-21,2015-07-23T20:38:04.000Z,34,8-K,001-05324,151002662,"7.01,9.01",8-K,18329,0,0,,form8k.htm,CURRENT REPORT ON FORM 8-K
0000072741-15-000040,2015-07-30,2015-07-30,2015-07-30T20:31:40.000Z,34,8-K,001-05324,151016568,"2.02,7.01,9.01",8-K,2082162,0,0,,form8k_q22015earnings.htm,CURRENT REPORT ON FORM 8-K
0000072741-15-000043,2015-08-05,2015-06-30,2015-08-05T19:46:20.000Z,34,10-Q,001-05324,151028822,,10-Q,13605010,1,0,,june302015form10q.htm,FORM 10-Q
0001127602-15-024576,2015-08-10,2015-08-07,2015-08-10T20:22:42.000Z,,4,,,,4,7288,0,0,,xslF345X03/form4.xml,PRIMARY DOCUMENT
0000072741-15-000046,2015-08-17,2015-08-17,2015-08-17T19:58:23.000Z,34,8-K,001-05324,151058988,"8.01,9.01",8-K,36822,0,0,,form8kmediaannouncement.htm,CURRENT REPORT ON FORM 8-K
0000072741-15-000048,2015-08-18,2015-08-18,2015-08-18T14:07:38.000Z,34,8-K,001-05324,151060404,"8.01,9.01",8-K,107132,0,0,,form8knewsrelease.htm,CURRENT REPORT ON FORM 8-K
0001127602-15-025650,2015-08-21,2015-08-19,2015-08-21T23:40:08.000Z,,4,,,,4,13746,0,0,,xslF345X03/form4.xml,PRIMARY DOCUMENT
0001127602-15-029303,2015-10-19,2015-10-16,2015-10-19T21:55:16.000Z,,4,,,,4,8002,0,0,,xslF345X03/form4.xml,PRIMARY DOCUMENT
0000072741-15-000050,2015-10-30,2015-10-26,2015-10-30T18:26:24.000Z,34,8-K,001-05324,151186729,"1.01,2.03",8-K,21227,0,0,,form8kcreditfacility.htm,FORM 8-K
0000072741-15-000052,2015-11-02,2015-11-02,2015-11-02T21:19:10.000Z,34,8-K,001-05324,151190851,"2.02,7.01,9.01",8-K,2809984,0,0,,form8kq3earnings.htm,CURRENT REPORT ON FORM 8-K
0000072741-15-000055,2015-11-06,2015-09-30,2015-11-06T19:37:01.000Z,34,10-Q,001-05324,151204044,,10-Q,13990673,1,0,,september302015form10q.htm,"SEPTEMBER 30, 2015 FORM 10-Q"
0001127602-15-033623,2015-12-09,2015-12-07,2015-12-09T22:54:24.000Z,,4,,,,4,7367,0,0,,xslF345X03/form4.xml,PRIMARY DOCUMENT
0001127602-15-033624,2015-12-09,2015-12-08,2015-12-09T22:56:24.000Z,,4,,,,4,7823,0,0,,xslF345X03/form4.xml,PRIMARY DOCUMENT
0001127602-16-037428,2016-01-20,2016-01-15,2016-01-20T22:48:14.000Z,,4,,,,4,4886,0,0,,xslF345X03/form4.xml,PRIMARY DOCUMENT
0001127602-16-037429,2016-01-20,2016-01-15,2016-01-20T22:49:06.000Z,,4,,,,4,4930,0,0,,xslF345X03/form4.xml,PRIMARY DOCUMENT
0001127602-16-037430,2016-01-20,2016-01-15,2016-01-20T22:50:32.000Z,,4,,,,4,5579,0,0,,xslF345X03/form4.xml,PRIMARY DOCUMENT
0001127602-16-037431,2016-01-20,2016-01-15,2016-01-20T22:51:31.000Z,,4,,,,4,6709,0,0,,xslF345X03/form4.xml,PRIMARY DOCUMENT
0001127602-16-037434,2016-01-20,2016-01-15,2016-01-20T22:52:39.000Z,,4,,,,4,5597,0,0,,xslF345X03/form4.xml,PRIMARY DOCUMENT
0001127602-16-037437,2016-01-20,2016-01-15,2016-01-20T22:54:10.000Z,,4,,,,4,6716,0,0,,xslF345X03/form4.xml,PRIMARY DOCUMENT
0001127602-16-037440,2016-01-20,2016-01-15,2016-01-20T22:55:32.000Z,,4,,,,4,6714,0,0,,xslF345X03/form4.xml,PRIMARY DOCUMENT
0001127602-16-037443,2016-01-20,2016-01-15,2016-01-20T22:56:44.000Z,,4,,,,4,4877,0,0,,xslF345X03/form4.xml,PRIMARY DOCUMENT
0001127602-16-037447,2016-01-20,2016-01-15,2016-01-20T22:58:21.000Z,,4,,,,4,6684,0,0,,xslF345X03/form4.xml,PRIMARY DOCUMENT
0001127602-16-037450,2016-01-20,2016-01-15,2016-01-20T22:59:40.000Z,,4,,,,4,6722,0,0,,xslF345X03/form4.xml,PRIMARY DOCUMENT
0001127602-16-037453,2016-01-20,2016-01-15,2016-01-20T23:00:50.000Z,,4,,,,4,4910,0,0,,xslF345X03/form4.xml,PRIMARY DOCUMENT
0001127602-16-038739,2016-02-01,2016-01-29,2016-02-01T21:34:43.000Z,,4,,,,4,7457,0,0,,xslF345X03/form4.xml,PRIMARY DOCUMENT
0000072741-16-000057,2016-02-03,2016-02-03,2016-02-03T21:08:54.000Z,34,8-K,001-05324,161384966,"8.01,9.01",8-K,194646,0,0,,form8kdividend.htm,CURRENT REPORT ON FORM 8-K
0000072741-16-000059,2016-02-04,2016-02-04,2016-02-04T21:06:43.000Z,34,8-K,001-05324,161388453,"2.02,7.01,9.01",8-K,4272342,0,0,,form8kq42015.htm,CURRENT REPORT ON FORM 8-K
0001127602-16-039889,2016-02-05,2016-02-03,2016-02-05T23:38:53.000Z,,4,,,,4,7677,0,0,,xslF345X03/form4.xml,PRIMARY DOCUMENT
0001127602-16-039890,2016-02-05,2016-02-03,2016-02-05T23:40:33.000Z,,4,,,,4,9479,0,0,,xslF345X03/form4.xml,PRIMARY DOCUMENT
0001127602-16-039891,2016-02-05,2016-02-03,2016-02-05T23:42:11.000Z,,4,,,,4,9431,0,0,,xslF345X03/form4.xml,PRIMARY DOCUMENT
0001127602-16-039892,2016-02-05,2016-02-03,2016-02-05T23:43:34.000Z,,4,,,,4,9422,0,0,,xslF345X03/form4.xml,PRIMARY DOCUMENT
0001127602-16-039893,2016-02-05,2016-02-03,2016-02-05T23:44:49.000Z,,4,,,,4,9573,0,0,,xslF345X03/form4.xml,PRIMARY DOCUMENT
0001127602-16-039894,2016-02-05,2016-02-03,2016-02-05T23:46:01.000Z,,4,,,,4,9478,0,0,,xslF345X03/form4.xml,PRIMARY DOCUMENT
0001127602-16-039895,2016-02-05,2016-02-03,2016-02-05T23:47:28.000Z,,4,,,,4,9437,0,0,,xslF345X03/form4.xml,PRIMARY DOCUMENT
0001127602-16-039896,2016-02-05,2016-02-03,2016-02-05T23:49:01.000Z,,4,,,,4,9477,0,0,,xslF345X03/form4.xml,PRIMARY DOCUMENT
0001127602-16-039897,2016-02-05,2016-02-03,2016-02-05T23:50:23.000Z,,4,,,,4,9488,0,0,,xslF345X03/form4.xml,PRIMARY DOCUMENT
0000932471-16-010786,2016-02-10,,2016-02-10T14:20:58.000Z,34,SC 13G/A,005-42665,161402482,,SC 13G/A,39862,0,0,,eversourceenergy.htm,
0000215457-16-005565,2016-02-10,,2016-02-10T15:16:25.000Z,34,SC 13G/A,005-42665,161402977,,SC 13G/A,13621,0,0,,eversource.energy.2015.txt,
0000093751-16-000534,2016-02-23,,2016-02-22T22:49:57.000Z,34,SC 13G/A,005-42665,161446173,,SC 13G/A,9219,0,0,,es.txt,EVERSOURCE ENERGY
0001127602-16-042952,2016-02-23,2016-02-19,2016-02-23T21:52:21.000Z,,4,,,,4,8798,0,0,,xslF345X03/form4.xml,PRIMARY DOCUMENT
0001127602-16-042953,2016-02-23,2016-02-19,2016-02-23T21:54:18.000Z,,4,,,,4,12092,0,0,,xslF345X03/form4.xml,PRIMARY DOCUMENT
0001127602-16-042954,2016-02-23,2016-02-19,2016-02-23T21:55:32.000Z,,4,,,,4,12002,0,0,,xslF345X03/form4.xml,PRIMARY DOCUMENT
0001127602-16-042956,2016-02-23,2016-02-19,2016-02-23T21:57:02.000Z,,4,,,,4,11997,0,0,,xslF345X03/form4.xml,PRIMARY DOCUMENT
0001127602-16-042957,2016-02-23,2016-02-19,2016-02-23T21:58:18.000Z,,4,,,,4,12148,0,0,,xslF345X03/form4.xml,PRIMARY DOCUMENT
0001127602-16-042958,2016-02-23,2016-02-19,2016-02-23T21:59:18.000Z,,4,,,,4,12052,0,0,,xslF345X03/form4.xml,PRIMARY DOCUMENT
0001127602-16-042960,2016-02-23,2016-02-19,2016-02-23T22:00:33.000Z,,4,,,,4,12008,0,0,,xslF345X03/form4.xml,PRIMARY DOCUMENT
0001127602-16-042961,2016-02-23,2016-02-19,2016-02-23T22:01:42.000Z,,4,,,,4,12051,0,0,,xslF345X03/form4.xml,PRIMARY DOCUMENT
0001127602-16-042986,2016-02-23,2016-02-19,2016-02-23T22:33:33.000Z,,4,,,,4,10536,0,0,,xslF345X03/form4.xml,PRIMARY DOCUMENT
0001127602-16-043339,2016-02-25,2016-02-23,2016-02-25T21:46:23.000Z,,4,,,,4,9056,0,0,,xslF345X03/form4.xml,PRIMARY DOCUMENT
0000072741-16-000063,2016-02-26,2015-12-31,2016-02-26T22:25:51.000Z,34,10-K,001-05324,161463498,,10-K,30916782,1,0,,f2015form10k.htm,2015 FORM 10-K
0001127602-16-044844,2016-03-03,2016-03-01,2016-03-03T21:38:33.000Z,,4,,,,4,7819,0,0,,xslF345X03/form4.xml,PRIMARY DOCUMENT
0001127602-16-044847,2016-03-03,2016-03-01,2016-03-03T21:40:13.000Z,,4,,,,4,7287,0,0,,xslF345X03/form4.xml,PRIMARY DOCUMENT
0001127602-16-044854,2016-03-03,2016-03-01,2016-03-03T21:42:34.000Z,,4,,,,4,7915,0,0,,xslF345X03/form4.xml,PRIMARY DOCUMENT
0001047469-16-010804,2016-03-07,,2016-03-07T13:21:11.000Z,33,424B3,333-188345,161486942,,424B3,468238,0,0,,a2227627z424b3.htm,424B3
0001127602-16-045301,2016-03-07,2016-03-04,2016-03-07T21:51:27.000Z,,4,,,,4,11396,0,0,,xslF345X03/form4.xml,PRIMARY DOCUMENT
0001104659-16-103020,2016-03-07,,2016-03-07T22:12:23.000Z,34,FWP,333-188345,161489353,,FWP,19263,0,0,,a16-5766_3fwp.htm,FWP
0001104659-16-103021,2016-03-07,,2016-03-07T22:12:38.000Z,34,FWP,333-188345,161489355,,FWP,19146,0,0,,a16-5766_4fwp.htm,FWP
0001047469-16-010881,2016-03-08,,2016-03-08T22:05:23.000Z,33,424B5,333-188345,161492259,,424B5,464251,0,0,,a2227682z424b5.htm,424B5
0001127602-16-045943,2016-03-10,2016-03-08,2016-03-10T21:53:43.000Z,,4,,,,4,7532,0,0,,xslF345X03/form4.xml,PRIMARY DOCUMENT
0000072741-16-000065,2016-03-15,2016-03-10,2016-03-15T20:40:07.000Z,34,8-K,001-05324,161507418,"2.03,9.01",8-K,393587,0,0,,form8k_eversourceseniornotes.htm,CURRENT REPORT ON FORM 8-K
0001047469-16-011547,2016-03-24,2016-05-04,2016-03-24T20:06:21.000Z,34,DEF 14A,001-05324,161527113,,DEF 14A,2425016,0,0,,a2227835zdef14a.htm,DEF 14A
0001104659-16-107423,2016-03-24,,2016-03-24T20:09:51.000Z,34,DEFA14A,001-05324,161527167,,DEFA14A,395420,0,0,,a16-5888_3defa14a.htm,DEFA14A
0000072741-16-000067,2016-04-07,2016-04-06,2016-04-07T20:50:25.000Z,34,8-K,001-05324,161560573,"5.02,8.01,9.01",8-K,660666,1,0,,eversource8kceotransition.htm,CURRENT REPORT ON FORM 8-K
0001047469-16-012796,2016-05-02,,2016-05-02T20:09:15.000Z,33,S-3ASR,333-211062,161611735,,S-3ASR,1657742,0,0,,a2228479zs-3asr.htm,S-3ASR
0000072741-16-000069,2016-05-04,2016-05-04,2016-05-04T20:17:41.000Z,34,8-K,001-05324,161619581,"2.02,7.01,9.01",8-K,2192847,1,0,,form8k_q12016earningsrelease.htm,CURRENT REPORT ON FORM 8-K
0000072741-16-000072,2016-05-05,2016-05-04,2016-05-04T23:47:12.000Z,34,8-K,001-05324,161621192,"5.02,5.07,8.01,9.01",8-K,340208,1,0,,form8k_annualmtg2016.htm,CURRENT REPORT ON FORM 8-K
0000072741-16-000075,2016-05-06,2016-03-31,2016-05-06T15:52:20.000Z,34,10-Q,001-05324,161626645,,10-Q,11607400,1,0,,march312016form10q.htm,"MARCH 31, 2016 FORM 10-Q"
0001127602-16-052174,2016-05-13,2016-05-04,2016-05-13T20:29:08.000Z,,3,,,,3,9109,0,0,,xslF345X02/form3.xml,PRIMARY DOCUMENT
0000072741-16-000077,2016-05-20,2016-05-19,2016-05-20T11:27:40.000Z,34,8-K,001-05324,161664745,"7.01,9.01",8-K,130816,1,0,,form8k_nptupdate.htm,CURRENT REPORT ON FORM 8-K
0000072741-16-000085,2016-06-17,2015-12-31,2016-06-17T15:19:02.000Z,34,11-K,001-05324,161719309,,11-K,134619,0,0,,f2015form11kedgar.htm,FORM 11-K
0000072741-16-000090,2016-07-18,2016-07-12,2016-07-18T20:34:35.000Z,34,8-K,001-05324,161771803,5.02,8-K,20582,0,0,,form8k_2016officers.htm,CURRENT REPORT ON FORM 8-K
0001127602-16-058152,2016-07-18,2016-07-15,2016-07-18T21:27:59.000Z,,4,,,,4,7713,0,0,,xslF345X03/form4.xml,PRIMARY DOCUMENT
0000072741-16-000094,2016-07-28,2016-07-28,2016-07-28T20:19:46.000Z,34,8-K,001-05324,161790389,"2.02,7.01,9.01",8-K,2390460,0,0,,form8k_q22016earnings.htm,CURRENT REPORT ON FORM 8-K
0000072741-16-000098,2016-08-05,2016-06-30,2016-08-05T15:46:57.000Z,34,10-Q,001-05324,161809811,,10-Q,13321880,1,0,,june302016form10q.htm,"JUNE 30, 2016 FORM 10-Q"
0001127602-16-060252,2016-08-15,2016-08-11,2016-08-15T21:30:09.000Z,,4,,,,4,5345,0,0,,xslF345X03/form4.xml,PRIMARY DOCUMENT
0000072741-16-000100,2016-08-17,2016-08-17,2016-08-17T18:53:56.000Z,34,8-K,001-05324,161838351,7.01,8-K,11988,0,0,,form8k_sjcdecision.htm,CURRENT REPORT ON FORM 8-K
0001127602-16-062335,2016-09-09,2016-09-08,2016-09-09T21:25:26.000Z,,4,,,,4,7635,0,0,,xslF345X03/form4.xml,PRIMARY DOCUMENT
0001127602-16-062385,2016-09-12,2016-09-09,2016-09-12T20:03:13.000Z,,4,,,,4,5227,0,0,,xslF345X03/form4.xml,PRIMARY DOCUMENT
0001127602-16-064553,2016-10-07,2016-10-05,2016-10-07T21:40:36.000Z,,4,,,,4,11671,0,0,,xslF345X03/form4.xml,PRIMARY DOCUMENT
0000072741-16-000104,2016-11-01,2016-11-01,2016-11-01T20:59:21.000Z,34,8-K,001-05324,161965435,"2.02,7.01,9.01",8-K,2764736,0,0,,form8k_q32016earnings.htm,CURRENT REPORT ON FORM 8-K
0000072741-16-000107,2016-11-04,2016-09-30,2016-11-04T18:23:24.000Z,34,10-Q,001-05324,161974723,,10-Q,15241936,1,0,,q3201610-qxdocument.htm,10-Q
0000072741-16-000109,2016-11-04,2016-11-04,2016-11-04T21:18:37.000Z,34,8-K,001-05324,161976007,"7.01,9.01",8-K,3983598,0,0,,form8k_eeiconference2016v211.htm,CURRENT REPORT ON FORM 8-K
0001127602-16-066696,2016-11-10,2016-11-08,2016-11-10T21:38:20.000Z,,4,,,,4,7831,0,0,,xslF345X03/form4.xml,PRIMARY DOCUMENT
0001127602-16-068707,2016-11-30,2016-11-28,2016-11-30T23:31:44.000Z,,4,,,,4,7833,0,0,,xslF345X03/form4.xml,PRIMARY DOCUMENT
0001127602-17-001297,2017-01-06,2017-01-04,2017-01-06T22:42:34.000Z,,4,,,,4,13505,0,0,,xslF345X03/form4.xml,PRIMARY DOCUMENT
0001127602-17-001452,2017-01-10,2017-01-09,2017-01-10T22:17:56.000Z,,4,,,,4,9158,0,0,,xslF345X03/form4.xml,PRIMARY DOCUMENT
0001127602-17-002098,2017-01-19,2017-01-17,2017-01-19T22:46:36.000Z,,4,,,,4,4884,0,0,,xslF345X03/form4.xml,PRIMARY DOCUMENT
0001127602-17-002099,2017-01-19,2017-01-17,2017-01-19T22:48:03.000Z,,4,,,,4,4897,0,0,,xslF345X03/form4.xml,PRIMARY DOCUMENT
0001127602-17-002100,2017-01-19,2017-01-17,2017-01-19T22:49:55.000Z,,4,,,,4,5544,0,0,,xslF345X03/form4.xml,PRIMARY DOCUMENT
0001127602-17-002101,2017-01-19,2017-01-17,2017-01-19T22:51:29.000Z,,4,,,,4,6717,0,0,,xslF345X03/form4.xml,PRIMARY DOCUMENT
0001127602-17-002102,2017-01-19,2017-01-17,2017-01-19T22:52:44.000Z,,4,,,,4,5595,0,0,,xslF345X03/form4.xml,PRIMARY DOCUMENT
0001127602-17-002103,2017-01-19,2017-01-17,2017-01-19T22:54:13.000Z,,4,,,,4,6724,0,0,,xslF345X03/form4.xml,PRIMARY DOCUMENT
0001127602-17-002106,2017-01-19,2017-01-17,2017-01-19T22:55:36.000Z,,4,,,,4,6723,0,0,,xslF345X03/form4.xml,PRIMARY DOCUMENT
0001127602-17-002108,2017-01-19,2017-01-17,2017-01-19T22:57:07.000Z,,4,,,,4,4875,0,0,,xslF345X03/form4.xml,PRIMARY DOCUMENT
0001127602-17-002109,2017-01-19,2017-01-17,2017-01-19T22:59:50.000Z,,4,,,,4,8391,0,0,,xslF345X03/form4.xml,PRIMARY DOCUMENT
0001127602-17-002110,2017-01-19,2017-01-17,2017-01-19T23:01:06.000Z,,4,,,,4,6692,0,0,,xslF345X03/form4.xml,PRIMARY DOCUMENT
0001127602-17-002111,2017-01-19,2017-01-17,2017-01-19T23:02:33.000Z,,4,,,,4,6730,0,0,,xslF345X03/form4.xml,PRIMARY DOCUMENT
0001127602-17-002112,2017-01-19,2017-01-17,2017-01-19T23:04:05.000Z,,4,,,,4,4875,0,0,,xslF345X03/form4.xml,PRIMARY DOCUMENT
0000353480-17-000634,2017-01-24,,2017-01-23T22:45:24.000Z,34,SC 13G/A,005-42665,17541876,,SC 13G/A,13654,0,0,,eversource.energy.txt,
0000072741-17-000002,2017-02-02,2017-02-02,2017-02-02T21:10:16.000Z,34,8-K,001-05324,17568359,"5.02,8.01,9.01",8-K,195498,0,0,,form8k_items502801feb2017.htm,CURRENT REPORT ON FORM 8-K
0001390777-17-000035,2017-02-03,,2017-02-03T18:46:27.000Z,34,SC 13G,005-42665,17571395,,SC 13G,52570,0,0,,Eversource_13G_Filing.txt,
0000093751-17-000022,2017-02-06,,2017-02-06T19:44:55.000Z,34,SC 13G,005-42665,17575224,,SC 13G,8841,0,0,,EVERSOURCE.txt,EVERSOURCE ENERGY
0001127602-17-004170,2017-02-06,2017-02-02,2017-02-07T00:24:51.000Z,,4,,,,4,6060,0,0,,xslF345X03/form4.xml,PRIMARY DOCUMENT
0001127602-17-004171,2017-02-06,2017-02-02,2017-02-07T00:26:17.000Z,,4,,,,4,7779,0,0,,xslF345X03/form4.xml,PRIMARY DOCUMENT
0001127602-17-004172,2017-02-06,2017-02-02,2017-02-07T00:27:31.000Z,,4,,,,4,7717,0,0,,xslF345X03/form4.xml,PRIMARY DOCUMENT
0001127602-17-004173,2017-02-06,2017-02-02,2017-02-07T00:30:29.000Z,,4,,,,4,9390,0,0,,xslF345X03/form4.xml,PRIMARY DOCUMENT
0001127602-17-004174,2017-02-06,2017-02-02,2017-02-07T00:32:29.000Z,,4,,,,4,8475,0,0,,xslF345X03/form4.xml,PRIMARY DOCUMENT
0001127602-17-004175,2017-02-06,2017-02-03,2017-02-07T00:34:50.000Z,,4,,,,4,11261,0,0,,xslF345X03/form4.xml,PRIMARY DOCUMENT
0001127602-17-004176,2017-02-06,2017-02-02,2017-02-07T00:37:01.000Z,,4,,,,4,7739,0,0,,xslF345X03/form4.xml,PRIMARY DOCUMENT
0001127602-17-004179,2017-02-06,2017-02-02,2017-02-07T00:39:26.000Z,,4,,,,4,7773,0,0,,xslF345X03/form4.xml,PRIMARY DOCUMENT
0001127602-17-004180,2017-02-06,2017-02-02,2017-02-07T00:40:44.000Z,,4,,,,4,7762,0,0,,xslF345X03/form4.xml,PRIMARY DOCUMENT
0000932471-17-000957,2017-02-09,,2017-02-09T20:42:52.000Z,34,SC 13G/A,005-42665,17587400,,SC 13G/A,37361,0,0,,eversourceenergy.htm,
0001127602-17-006125,2017-02-14,2016-12-31,2017-02-14T23:09:33.000Z,,5,,,,5,18168,0,0,,xslF345X03/form5.xml,PRIMARY DOCUMENT
0001127602-17-006126,2017-02-14,2016-12-31,2017-02-14T23:10:52.000Z,,5,,,,5,9057,0,0,,xslF345X03/form5.xml,PRIMARY DOCUMENT
0001127602-17-006127,2017-02-14,2016-12-31,2017-02-14T23:13:01.000Z,,5,,,,5,5581,0,0,,xslF345X03/form5.xml,PRIMARY DOCUMENT
0000072741-17-000004,2017-02-21,2017-02-21,2017-02-21T21:18:16.000Z,34,8-K,001-05324,17625272,"2.02,7.01,9.01",8-K,6048557,0,0,,form8k_q4fye2016.htm,CURRENT REPORT ON FORM 8-K
0001127602-17-007867,2017-02-22,2017-02-17,2017-02-23T01:18:42.000Z,,4,,,,4,7257,0,0,,xslF345X03/form4.xml,PRIMARY DOCUMENT
0001127602-17-007870,2017-02-22,2017-02-17,2017-02-23T01:19:57.000Z,,4,,,,4,10501,0,0,,xslF345X03/form4.xml,PRIMARY DOCUMENT
0001127602-17-007871,2017-02-22,2017-02-17,2017-02-23T01:21:19.000Z,,4,,,,4,10735,0,0,,xslF345X03/form4.xml,PRIMARY DOCUMENT
0001127602-17-007872,2017-02-22,2017-02-17,2017-02-23T01:22:43.000Z,,4,,,,4,10441,0,0,,xslF345X03/form4.xml,PRIMARY DOCUMENT
0001127602-17-007873,2017-02-22,2017-02-17,2017-02-23T01:23:57.000Z,,4,,,,4,11192,0,0,,xslF345X03/form4.xml,PRIMARY DOCUMENT
0001127602-17-007874,2017-02-22,2017-02-17,2017-02-23T01:25:07.000Z,,4,,,,4,10460,0,0,,xslF345X03/form4.xml,PRIMARY DOCUMENT
0001127602-17-007877,2017-02-22,2017-02-17,2017-02-23T01:26:26.000Z,,4,,,,4,10498,0,0,,xslF345X03/form4.xml,PRIMARY DOCUMENT
0001127602-17-007879,2017-02-22,2017-02-17,2017-02-23T01:28:19.000Z,,4,,,,4,10487,0,0,,xslF345X03/form4.xml,PRIMARY DOCUMENT
0000072741-17-000007,2017-02-23,2016-12-31,2017-02-23T00:51:28.000Z,34,10-K,001-05324,17630367,,10-K,40563585,1,0,,a201610kdocument.htm,10-K
0001127602-17-008777,2017-02-27,2017-02-23,2017-02-28T00:42:33.000Z,,4,,,,4,7423,0,0,,xslF345X03/form4.xml,PRIMARY DOCUMENT
0001127602-17-008778,2017-02-27,2017-02-23,2017-02-28T00:44:07.000Z,,4,,,,4,9143,0,0,,xslF345X03/form4.xml,PRIMARY DOCUMENT
0001127602-17-008781,2017-02-27,2017-02-23,2017-02-28T00:45:17.000Z,,4,,,,4,8868,0,0,,xslF345X03/form4.xml,PRIMARY DOCUMENT
0001127602-17-008782,2017-02-27,2017-02-23,2017-02-28T00:47:05.000Z,,4,,,,4,8945,0,0,,xslF345X03/form4.xml,PRIMARY DOCUMENT
0001127602-17-008783,2017-02-27,2017-02-23,2017-02-28T00:48:16.000Z,,4,,,,4,9855,0,0,,xslF345X03/form4.xml,PRIMARY DOCUMENT
0001127602-17-008784,2017-02-27,2017-02-23,2017-02-28T00:49:25.000Z,,4,,,,4,11258,0,0,,xslF345X03/form4.xml,PRIMARY DOCUMENT
0001127602-17-008786,2017-02-27,2017-02-23,2017-02-28T00:50:35.000Z,,4,,,,4,9138,0,0,,xslF345X03/form4.xml,PRIMARY DOCUMENT
0001127602-17-008788,2017-02-27,2017-02-23,2017-02-28T00:52:14.000Z,,4,,,,4,9084,0,0,,xslF345X03/form4.xml,PRIMARY DOCUMENT
0001127602-17-008789,2017-02-27,2017-02-23,2017-02-28T00:53:27.000Z,,4,,,,4,9861,0,0,,xslF345X03/form4.xml,PRIMARY DOCUMENT
0001127602-17-008988,2017-02-28,2017-02-27,2017-02-28T23:42:16.000Z,,4,,,,4,7617,0,0,,xslF345X03/form4.xml,PRIMARY DOCUMENT
0001047469-17-001169,2017-03-02,,2017-03-02T13:58:11.000Z,33,424B3,333-211062,17657076,,424B3,458953,0,0,,a2231111z424b3.htm,424B3
0001104659-17-013546,2017-03-02,,2017-03-02T22:11:41.000Z,34,FWP,333-211062,17660010,,FWP,21317,0,0,,a17-7295_4fwp.htm,FWP
0001127602-17-009865,2017-03-02,2017-02-28,2017-03-02T23:31:49.000Z,,4,,,,4,7774,0,0,,xslF345X03/form4.xml,PRIMARY DOCUMENT
0001047469-17-001241,2017-03-03,,2017-03-03T21:05:15.000Z,33,424B5,333-211062,17663538,,424B5,460079,0,0,,a2231159z424b5.htm,424B5
0001127602-17-010319,2017-03-03,2017-03-01,2017-03-03T23:43:10.000Z,,4,,,,4,13125,0,0,,xslF345X03/form4.xml,PRIMARY DOCUMENT
0001127602-17-010949,2017-03-08,2017-03-06,2017-03-09T00:48:08.000Z,,4,,,,4,6706,0,0,,xslF345X03/form4.xml,PRIMARY DOCUMENT
0000932471-17-003483,2017-03-10,,2017-03-10T18:27:06.000Z,34,SC 13G/A,005-42665,17681296,,SC 13G/A,49171,0,0,,eversourceenergy.htm,
0001047469-17-001553,2017-03-14,2017-05-03,2017-03-14T14:19:47.000Z,34,PRE 14A,001-05324,17687141,,PRE 14A,3011232,0,0,,a2231264zpre14a.htm,PRE 14A
0000072741-17-000011,2017-03-16,2017-03-16,2017-03-16T20:47:26.000Z,34,8-K,001-05324,17695160,"2.03,9.01",8-K,331038,0,0,,form8k_eversourceseniornotes.htm,CURRENT REPORT ON FORM 8-K
0001047469-17-001984,2017-03-24,2017-05-03,2017-03-24T20:34:10.000Z,34,DEF 14A,001-05324,17713146,,DEF 14A,3010854,0,0,,a2231353zdef14a.htm,DEF 14A
0001104659-17-019176,2017-03-24,,2017-03-24T20:35:18.000Z,34,DEFA14A,001-05324,17713156,,DEFA14A,343334,0,0,,a17-2399_3defa14a.htm,DEFA14A
0001127602-17-012916,2017-03-24,2017-03-22,2017-03-24T21:49:13.000Z,,4,,,,4,10883,0,0,,xslF345X03/form4.xml,PRIMARY DOCUMENT
0000072741-17-000014,2017-04-06,,2017-04-06T21:06:14.000Z,34,DEFA14A,001-05324,17746688,,DEFA14A,27822,0,0,,es_additionalsolicitingmater.htm,ADDITIONAL MATERIALS
0000072741-17-000016,2017-05-03,2017-05-03,2017-05-03T20:18:41.000Z,34,8-K,001-05324,17809452,"2.02,9.01",8-K,1610541,0,0,,form8k_q12017earningsrelease.htm,CURRENT REPORT ON FORM 8-K
0000072741-17-000019,2017-05-04,2017-05-03,2017-05-04T20:30:33.000Z,34,8-K,001-05324,17814416,"5.03,5.07,9.01",8-K,195272,0,0,,form8k_annualmtgitem507.htm,CURRENT REPORT ON FORM 8-K
0000072741-17-000021,2017-05-05,2017-03-31,2017-05-05T18:22:42.000Z,34,10-Q,001-05324,17817721,,10-Q,12794245,1,0,,q1201710-qxdocument.htm,FIRST QUARTER 2017 FORM 10-Q
0001127602-17-019297,2017-05-24,2017-05-23,2017-05-24T21:24:18.000Z,,4,,,,4,11586,0,0,,xslF345X03/form4.xml,PRIMARY DOCUMENT
0001127602-17-019993,2017-06-01,2017-05-31,2017-06-01T20:15:47.000Z,,4,,,,4,11070,0,0,,xslF345X03/form4.xml,PRIMARY DOCUMENT
0000072741-17-000023,2017-06-02,2017-06-01,2017-06-02T12:33:06.000Z,34,8-K,001-05324,17886431,"8.01,9.01",8-K,211634,0,0,,form8k_green.htm,CURRENT REPORT ON FORM 8-K
0000072741-17-000026,2017-06-16,2016-12-31,2017-06-16T19:02:33.000Z,34,11-K,001-05324,17915834,,11-K,164083,0,0,,f2016form11k.htm,FORM 11-K
0001390777-17-000089,2017-07-10,,2017-07-10T18:17:21.000Z,34,SC 13G/A,005-42665,17957461,,SC 13G/A,52704,0,0,,Eversource_13G_Filing_A.txt,
0000072741-17-000028,2017-07-27,2017-07-27,2017-07-27T20:43:56.000Z,34,8-K,001-05324,17986802,"2.02,7.01,9.01",8-K,1836488,1,1,,form8k_q22017earningsrelease.htm,CURRENT REPORT ON FORM 8-K
0000072741-17-000030,2017-08-04,2017-06-30,2017-08-04T18:23:30.000Z,34,10-Q,001-05324,171008119,,10-Q,15115746,1,0,,q2201710-qxdocument.htm,SECOND QUARTER 2017 FORM 10-Q
0001127602-17-026090,2017-08-21,2017-08-17,2017-08-21T20:10:35.000Z,,4,,,,4,7532,0,0,,xslF345X03/form4.xml,PRIMARY DOCUMENT
0001127602-17-027148,2017-09-07,2017-09-05,2017-09-07T21:57:54.000Z,,4,,,,4,5542,0,0,,xslF345X03/form4.xml,PRIMARY DOCUMENT
0001047469-17-006152,2017-10-02,,2017-10-02T12:33:19.000Z,33,424B3,333-211062,171113127,,424B3,519251,0,0,,a2233397z424b3.htm,424B3
0001104659-17-060268,2017-10-02,,2017-10-02T21:25:35.000Z,34,FWP,333-211062,171115441,,FWP,24474,0,0,,a17-22505_3fwp.htm,FWP
0001104659-17-060269,2017-10-02,,2017-10-02T21:26:19.000Z,34,FWP,333-211062,171115452,,FWP,21812,0,0,,a17-22505_4fwp.htm,FWP
0001047469-17-006189,2017-10-03,,2017-10-03T21:19:09.000Z,33,424B5,333-211062,171119152,,424B5,517498,0,0,,a2233448z424b5.htm,424B5
0000072741-17-000034,2017-10-12,2017-10-11,2017-10-12T15:57:51.000Z,34,8-K,001-05324,171134090,"1.01,7.01,9.01",8-K,80624,0,0,,psnhdivestform_8kv6.htm,CURRENT REPORT ON FORM 8-K
0000072741-17-000036,2017-10-12,2017-10-05,2017-10-12T21:01:42.000Z,34,8-K,001-05324,171134993,"2.03,9.01",8-K,444161,0,0,,form8k_eversource2022notesan.htm,CURRENT REPORT ON FORM 8-K
0000072741-17-000043,2017-11-01,2017-11-01,2017-11-01T21:23:18.000Z,34,8-K,001-05324,171169984,"2.02,7.01,9.01",8-K,2944444,0,0,,form8k_q32017earningsrelease.htm,CURRENT REPORT ON FORM 8-K
0000072741-17-000045,2017-11-03,2017-09-30,2017-11-03T19:40:47.000Z,34,10-Q,001-05324,171176286,,10-Q,15473287,1,0,,q3201710-qxdocument.htm,THIRD QUARTER 2017 FORM 10-Q
0000072741-17-000047,2017-11-03,2017-11-03,2017-11-03T21:01:15.000Z,34,8-K,001-05324,171177267,"7.01,9.01",8-K,5729091,0,0,,form8k_eeiconference2017.htm,CURRENT REPORT ON FORM 8-K
0001127602-17-031934,2017-11-13,2017-11-09,2017-11-13T21:52:07.000Z,,4,,,,4,7422,0,0,,xslF345X03/form4.xml,PRIMARY DOCUMENT
0000072741-17-000049,2017-11-16,2017-11-16,2017-11-16T22:29:19.000Z,34,8-K,001-05324,171208929,"7.01,9.01",8-K,54810,0,0,,form8k_nptdoeapprovals.htm,CURRENT REPORT ON FORM 8-K
0000072741-17-000051,2017-12-04,2017-12-04,2017-12-04T17:02:08.000Z,34,8-K,001-05324,171236279,"8.01,9.01",8-K,60798,0,0,,form8k_aquarionclosingv3a.htm,CURRENT REPORT ON FORM 8-K
0000072741-17-000054,2017-12-07,2017-12-05,2017-12-07T21:19:46.000Z,34,8-K,001-05324,171244963,"5.02,9.01",8-K,61826,0,0,,form8k_december5ttee.htm,CURRENT REPORT ON FORM 8-K
0001047469-18-000011,2018-01-03,,2018-01-03T14:02:24.000Z,33,424B3,333-211062,18503472,,424B3,509033,0,0,,a2234004z424b3.htm,424B3
0001104659-18-000586,2018-01-03,,2018-01-03T22:19:50.000Z,34,FWP,333-211062,18506779,,FWP,26926,0,0,,a17-28090_3fwp.htm,FWP
0001104659-18-000587,2018-01-03,,2018-01-03T22:19:50.000Z,34,FWP,333-211062,18506780,,FWP,28959,0,0,,a17-28090_4fwp.htm,FWP
0001047469-18-000048,2018-01-05,,2018-01-05T19:43:44.000Z,33,424B5,333-211062,18513086,,424B5,517096,0,0,,a2234181z424b5.htm,424B5
0001127602-18-001404,2018-01-08,2018-01-01,2018-01-08T23:17:30.000Z,,3,,,,3,6394,0,0,,xslF345X02/form3.xml,PRIMARY DOCUMENT
0000072741-18-000009,2018-01-11,2018-01-11,2018-01-11T21:46:08.000Z,34,8-K,001-05324,18524038,7.01,8-K,16338,0,0,,clpsettlement_form8k.htm,
0000072741-18-000011,2018-01-12,2018-01-08,2018-01-12T17:04:11.000Z,34,8-K,001-05324,18525228,"2.03,9.01",8-K,436720,0,0,,form8k_eversource2021notesan.htm,CURRENT REPORT ON FORM 8-K
0000072741-18-000013,2018-01-16,2018-01-10,2018-01-12T23:48:16.000Z,34,8-K,001-05324,18526879,"2.01,7.01,9.01",8-K,280373,0,0,,psnhthermalform_8kedg.htm,CURRENT REPORT ON FORM 8-K
0001127602-18-001973,2018-01-17,2018-01-16,2018-01-17T23:03:02.000Z,,4,,,,4,4966,0,0,,xslF345X03/form4.xml,PRIMARY DOCUMENT
0001127602-18-001974,2018-01-17,2018-01-16,2018-01-17T23:05:25.000Z,,4,,,,4,4979,0,0,,xslF345X03/form4.xml,PRIMARY DOCUMENT
0001127602-18-001975,2018-01-17,2018-01-16,2018-01-17T23:08:04.000Z,,4,,,,4,5626,0,0,,xslF345X03/form4.xml,PRIMARY DOCUMENT
0001127602-18-001977,2018-01-17,2018-01-16,2018-01-17T23:09:34.000Z,,4,,,,4,6799,0,0,,xslF345X03/form4.xml,PRIMARY DOCUMENT
0001127602-18-001979,2018-01-17,2018-01-16,2018-01-17T23:11:10.000Z,,4,,,,4,5677,0,0,,xslF345X03/form4.xml,PRIMARY DOCUMENT
0001127602-18-001982,2018-01-17,2018-01-16,2018-01-17T23:18:05.000Z,,4,,,,4,6806,0,0,,xslF345X03/form4.xml,PRIMARY DOCUMENT
0001127602-18-001984,2018-01-17,2018-01-16,2018-01-17T23:24:04.000Z,,4,,,,4,4754,0,0,,xslF345X03/form4.xml,PRIMARY DOCUMENT
0001127602-18-001985,2018-01-17,2018-01-16,2018-01-17T23:25:49.000Z,,4,,,,4,6805,0,0,,xslF345X03/form4.xml,PRIMARY DOCUMENT
0001127602-18-001986,2018-01-17,2018-01-16,2018-01-17T23:27:41.000Z,,4,,,,4,4957,0,0,,xslF345X03/form4.xml,PRIMARY DOCUMENT
0001127602-18-001987,2018-01-17,2018-01-16,2018-01-17T23:29:42.000Z,,4,,,,4,6774,0,0,,xslF345X03/form4.xml,PRIMARY DOCUMENT
0001127602-18-001988,2018-01-17,2018-01-16,2018-01-17T23:31:08.000Z,,4,,,,4,6812,0,0,,xslF345X03/form4.xml,PRIMARY DOCUMENT
0001127602-18-001989,2018-01-17,2018-01-16,2018-01-17T23:32:48.000Z,,4,,,,4,4957,0,0,,xslF345X03/form4.xml,PRIMARY DOCUMENT
0000072741-18-000015,2018-01-25,2018-01-25,2018-01-25T21:29:08.000Z,34,8-K,001-05324,18548568,"7.01,9.01",8-K,52001,0,0,,form8k_nptselectionv1.htm,CURRENT REPORT ON FORM 8-K
0000072741-18-000020,2018-02-02,2018-02-01,2018-02-02T13:37:15.000Z,34,8-K,001-05324,18568799,7.01,8-K,12676,0,0,,form8k_nptsecdecisionedgar22.htm,CURRENT REPORT ON FORM 8-K
0000072741-18-000022,2018-02-07,2018-02-07,2018-02-07T21:19:16.000Z,34,8-K,001-05324,18581361,"8.01,9.01",8-K,55896,0,0,,form8k_dividend.htm,CURRENT REPORT ON FORM 8-K
0000215457-18-005187,2018-02-08,,2018-02-08T14:47:43.000Z,34,SC 13G/A,005-42665,18583236,,SC 13G/A,13738,0,0,,us30040w1080_012418.txt,
0000932471-18-003719,2018-02-09,,2018-02-09T15:22:53.000Z,34,SC 13G/A,005-42665,18589190,,SC 13G/A,45548,0,0,,eversourceenergy.htm,
0001127602-18-005009,2018-02-09,2018-02-07,2018-02-09T23:15:01.000Z,,4,,,,4,7903,0,0,,xslF345X03/form4.xml,PRIMARY DOCUMENT
0001127602-18-005012,2018-02-09,2018-02-07,2018-02-09T23:16:34.000Z,,4,,,,4,9501,0,0,,xslF345X03/form4.xml,PRIMARY DOCUMENT
0001127602-18-005013,2018-02-09,2018-02-07,2018-02-09T23:18:16.000Z,,4,,,,4,9439,0,0,,xslF345X03/form4.xml,PRIMARY DOCUMENT
0001127602-18-005016,2018-02-09,2018-02-07,2018-02-09T23:19:40.000Z,,4,,,,4,9517,0,0,,xslF345X03/form4.xml,PRIMARY DOCUMENT
0001127602-18-005018,2018-02-09,2018-02-07,2018-02-09T23:21:27.000Z,,4,,,,4,10226,0,0,,xslF345X03/form4.xml,PRIMARY DOCUMENT
0001127602-18-005022,2018-02-09,2018-02-07,2018-02-09T23:23:21.000Z,,4,,,,4,9461,0,0,,xslF345X03/form4.xml,PRIMARY DOCUMENT
0001127602-18-005024,2018-02-09,2018-02-07,2018-02-09T23:25:18.000Z,,4,,,,4,9497,0,0,,xslF345X03/form4.xml,PRIMARY DOCUMENT
0001127602-18-005026,2018-02-09,2018-02-07,2018-02-09T23:27:00.000Z,,4,,,,4,9482,0,0,,xslF345X03/form4.xml,PRIMARY DOCUMENT
0000093751-18-000068,2018-02-13,,2018-02-13T19:26:40.000Z,34,SC 13G/A,005-42665,18602269,,SC 13G/A,8911,0,0,,EVERSOURCE.txt,
0001127602-18-006151,2018-02-14,2017-12-31,2018-02-14T23:06:47.000Z,,5,,,,5,7424,0,0,,xslF345X03/form5.xml,PRIMARY DOCUMENT
0001127602-18-006172,2018-02-14,2017-12-31,2018-02-14T23:32:02.000Z,,5,,,,5,7467,0,0,,xslF345X03/form5.xml,PRIMARY DOCUMENT
0001127602-18-007337,2018-02-20,2018-02-15,2018-02-20T23:17:23.000Z,,4,,,,4,7287,0,0,,xslF345X03/form4.xml,PRIMARY DOCUMENT
0001127602-18-007339,2018-02-20,2018-02-15,2018-02-20T23:18:48.000Z,,4,,,,4,10515,0,0,,xslF345X03/form4.xml,PRIMARY DOCUMENT
0001127602-18-007340,2018-02-20,2018-02-15,2018-02-20T23:20:05.000Z,,4,,,,4,10452,0,0,,xslF345X03/form4.xml,PRIMARY DOCUMENT
0001127602-18-007342,2018-02-20,2018-02-15,2018-02-20T23:21:22.000Z,,4,,,,4,10555,0,0,,xslF345X03/form4.xml,PRIMARY DOCUMENT
0001127602-18-007345,2018-02-20,2018-02-15,2018-02-20T23:22:36.000Z,,4,,,,4,11239,0,0,,xslF345X03/form4.xml,PRIMARY DOCUMENT
0001127602-18-007346,2018-02-20,2018-02-15,2018-02-20T23:23:53.000Z,,4,,,,4,10474,0,0,,xslF345X03/form4.xml,PRIMARY DOCUMENT
0001127602-18-007350,2018-02-20,2018-02-15,2018-02-20T23:27:42.000Z,,4,,,,4,12024,0,0,,xslF345X03/form4.xml,PRIMARY DOCUMENT
0001127602-18-007353,2018-02-20,2018-02-15,2018-02-20T23:32:00.000Z,,4,,,,4,10512,0,0,,xslF345X03/form4.xml,PRIMARY DOCUMENT
0000072741-18-000024,2018-02-22,2018-02-22,2018-02-22T21:35:13.000Z,34,8-K,001-05324,18633048,"2.02,7.01,9.01",8-K,6614964,0,0,,form8-k_q4_fye_2017_earnings.htm,CURRENT REPORT ON FORM 8-K
0001127602-18-008080,2018-02-23,2018-02-21,2018-02-23T22:04:50.000Z,,4,,,,4,7467,0,0,,xslF345X03/form4.xml,PRIMARY DOCUMENT
0001127602-18-008081,2018-02-23,2018-02-21,2018-02-23T22:07:31.000Z,,4,,,,4,7405,0,0,,xslF345X03/form4.xml,PRIMARY DOCUMENT
0001127602-18-008082,2018-02-23,2018-02-21,2018-02-23T22:09:10.000Z,,4,,,,4,7503,0,0,,xslF345X03/form4.xml,PRIMARY DOCUMENT
0001127602-18-008084,2018-02-23,2018-02-21,2018-02-23T22:13:34.000Z,,4,,,,4,8190,0,0,,xslF345X03/form4.xml,PRIMARY DOCUMENT
0001127602-18-008085,2018-02-23,2018-02-21,2018-02-23T22:16:54.000Z,,4,,,,4,7427,0,0,,xslF345X03/form4.xml,PRIMARY DOCUMENT
0001127602-18-008088,2018-02-23,2018-02-21,2018-02-23T22:19:38.000Z,,4,,,,4,7460,0,0,,xslF345X03/form4.xml,PRIMARY DOCUMENT
0001127602-18-008089,2018-02-23,2018-02-21,2018-02-23T22:21:53.000Z,,4,,,,4,8955,0,0,,xslF345X03/form4.xml,PRIMARY DOCUMENT
0000072741-18-000028,2018-02-26,2017-12-31,2018-02-23T22:34:18.000Z,34,10-K,001-05324,18637878,,10-K,45017812,1,0,,a201710kdocument.htm,2017 10-K
0001047469-18-002070,2018-03-23,2018-05-02,2018-03-23T20:02:56.000Z,34,DEF 14A,001-05324,18710113,,DEF 14A,2445039,0,0,,a2234804zdef14a.htm,DEF 14A
0001104659-18-019864,2018-03-23,,2018-03-23T20:05:51.000Z,34,DEFA14A,001-05324,18710145,,DEFA14A,471494,0,0,,a18-2992_3defa14a.htm,DEFA14A
0001047469-18-002484,2018-04-03,,2018-04-03T20:53:42.000Z,33,S-3ASR,333-224122,18734179,,S-3ASR,249042,0,0,,a2235161zs-3asr.htm,S-3ASR
0001104659-18-025285,2018-04-19,2018-04-19,2018-04-19T21:14:43.000Z,34,8-K,001-05324,18764520,"7.01,9.01",8-K,64853,0,0,,a18-11264_18k.htm,8-K
0001104659-18-027836,2018-04-27,,2018-04-27T20:55:12.000Z,,PREC14A,,,,PREC14A,691268,0,0,,a18-12332_1prec14a.htm,PREC 14A
0001104659-18-027860,2018-04-27,,2018-04-27T21:20:12.000Z,,425,,,,425,36043,0,0,,a18-12398_1425.htm,425
0001104659-18-027861,2018-04-27,,2018-04-27T21:20:28.000Z,,425,,,,425,18065,0,0,,a18-12398_3425.htm,425
0001104659-18-027862,2018-04-27,,2018-04-27T21:20:28.000Z,,425,,,,425,261851,0,0,,a18-12398_2425.htm,425
0001104659-18-029665,2018-05-02,,2018-05-02T15:56:06.000Z,33,S-8,333-224605,18798422,,S-8,144567,0,0,,a18-12340_1s8.htm,S-8
0000072741-18-000038,2018-05-02,,2018-05-02T20:58:17.000Z,,425,,,,425,2916880,0,0,,form8kq12018earningsreleasev.htm,CURRENT REPORT ON FORM 8-K
0000072741-18-000037,2018-05-02,2018-05-01,2018-05-02T21:00:12.000Z,34,8-K,001-05324,18800506,"2.02,8.01,9.01",8-K,2918478,0,0,,form8kq12018earningsreleasev.htm,CURRENT REPORT ON FORM 8-K
0000072741-18-000042,2018-05-03,2018-03-31,2018-05-03T20:28:12.000Z,34,10-Q,001-05324,18804214,,10-Q,14032739,1,0,,a2018q110-qxdocument.htm,FIRST QUARTER 2018 FORM 10-Q
0000072741-18-000045,2018-05-03,2018-05-02,2018-05-03T21:18:01.000Z,34,8-K,001-05324,18804966,"5.02,5.07,9.01",8-K,422133,0,0,,form8kannualmtgitems502507.htm,CURRENT REPORT ON FORM 8-K
0001104659-18-030327,2018-05-03,,2018-05-03T21:29:47.000Z,,425,,,,425,96224,0,0,,a18-12398_4425.htm,425
0001104659-18-030657,2018-05-04,,2018-05-04T20:58:26.000Z,,425,,,,425,42106,0,0,,a18-12398_7425.htm,425
0001104659-18-030658,2018-05-04,,2018-05-04T20:58:56.000Z,,425,,,,425,145222,0,0,,a18-12398_8425.htm,425
0001104659-18-030676,2018-05-04,,2018-05-04T21:27:56.000Z,,425,,,,425,1462754,0,0,,a18-12398_5425.htm,425
0001104659-18-030957,2018-05-07,,2018-05-07T21:12:00.000Z,,425,,,,425,86762,0,0,,a18-12398_10425.htm,425
0001127602-18-016648,2018-05-08,2018-05-02,2018-05-08T20:29:08.000Z,,3,,,,3,6437,0,0,,xslF345X02/form3.xml,PRIMARY DOCUMENT
0001127602-18-017530,2018-05-15,2018-05-14,2018-05-15T20:35:17.000Z,,4,,,,4,8628,0,0,,xslF345X03/form4.xml,PRIMARY DOCUMENT
0001104659-18-033513,2018-05-15,,2018-05-15T21:23:04.000Z,,CORRESP,,,,CORRESP,69985,0,0,,filename1.htm,
0001127602-18-018108,2018-05-18,2018-05-16,2018-05-18T19:33:44.000Z,,4,,,,4,5886,0,0,,xslF345X03/form4.xml,PRIMARY DOCUMENT
0001127602-18-018283,2018-05-21,2018-05-17,2018-05-21T20:33:31.000Z,,4,,,,4,7280,0,0,,xslF345X03/form4.xml,PRIMARY DOCUMENT
0001104659-18-036506,2018-05-29,,2018-05-30T01:30:53.000Z,,CORRESP,,,,CORRESP,34242,0,0,,filename1.htm,
0001127602-18-019241,2018-05-30,2018-05-29,2018-05-30T20:23:49.000Z,,4,,,,4,7279,0,0,,xslF345X03/form4.xml,PRIMARY DOCUMENT
0001104659-18-038395,2018-06-06,,2018-06-06T00:20:01.000Z,,425,,,,425,29562,0,0,,a18-14926_1425.htm,425
0001127602-18-020795,2018-06-13,2018-06-11,2018-06-13T20:37:42.000Z,,4,,,,4,4821,0,0,,xslF345X03/form4.xml,PRIMARY DOCUMENT
0001104659-18-039905,2018-06-13,,2018-06-13T21:24:16.000Z,,425,,,,425,27890,0,0,,a18-14926_2425.htm,PROSPECTUSES AND COMMUNICATIONS RE: BUSINESS COMBINATION TRANSACTIONS
0001104659-18-040036,2018-06-14,,2018-06-14T12:45:26.000Z,,PRRN14A,,,,PRRN14A,346174,0,0,,a18-12332_5prrn14a.htm,PRRN14A
0001104659-18-040037,2018-06-14,,2018-06-14T12:46:09.000Z,,CORRESP,,,,CORRESP,27497,0,0,,filename1.htm,
0000072741-18-000047,2018-06-15,2017-12-31,2018-06-15T15:15:54.000Z,34,11-K,001-05324,18901307,,11-K,271631,0,0,,a2017form11-k.htm,2017 FORM 11-K EVERSOURCE
0001104659-18-041075,2018-06-19,,2018-06-19T20:57:56.000Z,,425,,,,425,28689,0,0,,a18-15640_1425.htm,425
0001104659-18-045051,2018-07-13,,2018-07-13T20:32:50.000Z,,425,,,,425,75128,0,0,,a18-12332_9425.htm,425
0001047469-18-005068,2018-07-18,,2018-07-18T13:06:03.000Z,,PRRN14A,,,,PRRN14A,257256,0,0,,a2236086zprrn14a.htm,PRRN14A
0001104659-18-045667,2018-07-18,,2018-07-18T13:07:43.000Z,,CORRESP,,,,CORRESP,71550,0,0,,filename1.htm,
0001104659-18-045770,2018-07-18,,2018-07-18T20:31:30.000Z,,425,,,,425,1595446,0,0,,a18-12332_11425.htm,425
0000072741-18-000049,2018-07-31,2018-07-31,2018-07-31T20:17:29.000Z,34,8-K,001-05324,18981319,"2.02,7.01,9.01",8-K,1910301,0,0,,form8kq22018earningsrelease.htm,CURRENT REPORT ON FORM 8-K
0000072741-18-000053,2018-08-03,2018-06-30,2018-08-03T17:35:40.000Z,34,10-Q,001-05324,18991267,,10-Q,17697349,1,0,,a2018q210-qxdocument.htm,10-Q
0001104659-18-051533,2018-08-13,,2018-08-13T21:06:39.000Z,,425,,,,425,30730,0,0,,a18-12332_13425.htm,425
0001127602-18-025340,2018-08-14,2016-02-19,2018-08-14T22:27:30.000Z,,4/A,,,,4/A,4827,0,0,,xslF345X03/form4a.xml,PRIMARY DOCUMENT
0001127602-18-025341,2018-08-14,2018-08-10,2018-08-14T22:29:03.000Z,,4,,,,4,7615,0,0,,xslF345X03/form4.xml,PRIMARY DOCUMENT
0001127602-18-026494,2018-08-30,2018-08-28,2018-08-30T16:05:20.000Z,,4,,,,4,9846,0,0,,xslF345X03/form4.xml,PRIMARY DOCUMENT
0000072741-18-000056,2018-11-01,2018-11-01,2018-11-01T20:18:01.000Z,34,8-K,001-05324,181153982,"2.02,7.01,9.01",8-K,1561090,0,0,,form8kq32018earningsreleasee.htm,CURRENT REPORT ON FORM 8-K
0000072741-18-000060,2018-11-06,2018-09-30,2018-11-06T17:01:45.000Z,34,10-Q,001-05324,181162158,,10-Q,18094059,1,0,,a2018q310-qxdocument.htm,THIRD QUARTER 2018 FORM 10-Q
0000072741-18-000062,2018-11-09,2018-11-09,2018-11-09T21:05:43.000Z,34,8-K,001-05324,181173114,"7.01,9.01",8-K,7318942,0,0,,form8keeiconference2018edg.htm,CURRENT REPORT ON FORM 8-K
0001047469-18-007535,2018-12-10,,2018-12-10T14:29:42.000Z,33,424B3,333-211062,181225173,,424B3,490913,0,0,,a2237184z424b3.htm,424B3
0001104659-18-072134,2018-12-10,,2018-12-10T22:10:17.000Z,34,FWP,333-211062,181226935,,FWP,20498,0,0,,a18-40571_3fwp.htm,FWP
0001104659-18-072135,2018-12-10,,2018-12-10T22:10:44.000Z,34,FWP,333-211062,181226942,,FWP,24045,0,0,,a18-40571_4fwp.htm,FWP
0001047469-18-007585,2018-12-11,,2018-12-11T18:44:23.000Z,33,424B5,333-211062,181228401,,424B5,490490,0,0,,a2237315z424b5.htm,424B5
0000072741-18-000064,2018-12-18,2018-12-18,2018-12-18T20:29:58.000Z,34,8-K,001-05324,181240350,"2.03,9.01",8-K,386259,0,0,,dec2018form8keversource.htm,CURRENT REPORT ON FORM 8-K
0001127602-19-002176,2019-01-16,2019-01-15,2019-01-16T22:09:58.000Z,,4,,,,4,4893,0,0,,xslF345X03/form4.xml,PRIMARY DOCUMENT
0001127602-19-002179,2019-01-16,2019-01-15,2019-01-16T22:11:31.000Z,,4,,,,4,5632,0,0,,xslF345X03/form4.xml,PRIMARY DOCUMENT
0001127602-19-002180,2019-01-16,2019-01-15,2019-01-16T22:12:55.000Z,,4,,,,4,6713,0,0,,xslF345X03/form4.xml,PRIMARY DOCUMENT
0001127602-19-002183,2019-01-16,2019-01-15,2019-01-16T22:14:00.000Z,,4,,,,4,5591,0,0,,xslF345X03/form4.xml,PRIMARY DOCUMENT
0001127602-19-002184,2019-01-16,2019-01-15,2019-01-16T22:15:17.000Z,,4,,,,4,4819,0,0,,xslF345X03/form4.xml,PRIMARY DOCUMENT
0001127602-19-002185,2019-01-16,2019-01-15,2019-01-16T22:16:30.000Z,,4,,,,4,4813,0,0,,xslF345X03/form4.xml,PRIMARY DOCUMENT
0001127602-19-002188,2019-01-16,2019-01-15,2019-01-16T22:17:46.000Z,,4,,,,4,4871,0,0,,xslF345X03/form4.xml,PRIMARY DOCUMENT
0001127602-19-002189,2019-01-16,2019-01-15,2019-01-16T22:19:07.000Z,,4,,,,4,6780,0,0,,xslF345X03/form4.xml,PRIMARY DOCUMENT
0001127602-19-002190,2019-01-16,2019-01-15,2019-01-16T22:20:26.000Z,,4,,,,4,6818,0,0,,xslF345X03/form4.xml,PRIMARY DOCUMENT
0001127602-19-002192,2019-01-16,2019-01-15,2019-01-16T22:21:28.000Z,,4,,,,4,4871,0,0,,xslF345X03/form4.xml,PRIMARY DOCUMENT
0000215457-19-003933,2019-02-04,,2019-02-04T21:43:10.000Z,34,SC 13G/A,005-42665,19564243,,SC 13G/A,13707,0,0,,us30040w1080_020419.txt,
0000072741-19-000002,2019-02-06,2019-02-06,2019-02-06T21:20:32.000Z,34,8-K,001-05324,19571826,"8.01,9.01",8-K,32483,0,0,,form8k2019dividend.htm,CURRENT REPORT ON FORM 8-K
0000072741-19-000004,2019-02-08,2019-02-08,2019-02-08T12:37:35.000Z,34,8-K,001-05324,19577454,"7.01,9.01",8-K,2450991,0,0,,form8kwind.htm,CURRENT REPORT ON FORM 8-K
0001127602-19-004847,2019-02-08,2019-02-06,2019-02-08T22:48:01.000Z,,4,,,,4,7871,0,0,,xslF345X03/form4.xml,PRIMARY DOCUMENT
0001127602-19-004849,2019-02-08,2019-02-06,2019-02-08T22:48:51.000Z,,4,,,,4,9468,0,0,,xslF345X03/form4.xml,PRIMARY DOCUMENT
0001127602-19-004851,2019-02-08,2019-02-06,2019-02-08T22:49:40.000Z,,4,,,,4,9406,0,0,,xslF345X03/form4.xml,PRIMARY DOCUMENT
0001127602-19-004852,2019-02-08,2019-02-06,2019-02-08T22:50:29.000Z,,4,,,,4,9507,0,0,,xslF345X03/form4.xml,PRIMARY DOCUMENT
0001127602-19-004855,2019-02-08,2019-02-06,2019-02-08T22:51:16.000Z,,4,,,,4,10193,0,0,,xslF345X03/form4.xml,PRIMARY DOCUMENT
0001127602-19-004858,2019-02-08,2019-02-06,2019-02-08T22:52:17.000Z,,4,,,,4,9428,0,0,,xslF345X03/form4.xml,PRIMARY DOCUMENT
0001127602-19-004862,2019-02-08,2019-02-06,2019-02-08T22:53:22.000Z,,4,,,,4,9463,0,0,,xslF345X03/form4.xml,PRIMARY DOCUMENT
0001127602-19-004865,2019-02-08,2019-02-06,2019-02-08T22:54:26.000Z,,4,,,,4,9450,0,0,,xslF345X03/form4.xml,PRIMARY DOCUMENT
0000932471-19-004724,2019-02-11,,2019-02-11T15:46:51.000Z,34,SC 13G/A,005-42665,19582937,,SC 13G/A,34432,0,0,,eversourceenergy.htm,
0000093751-19-000222,2019-02-14,,2019-02-14T12:50:48.000Z,34,SC 13G,005-42665,19600792,,SC 13G,9076,0,0,,EversourceEnergy.txt,EVERSOURCE ENERGY
0001127602-19-006000,2019-02-14,2018-12-31,2019-02-14T21:24:41.000Z,,5,,,,5,11960,0,0,,xslF345X03/form5.xml,PRIMARY DOCUMENT
0000072741-19-000006,2019-02-20,2019-02-20,2019-02-20T21:32:08.000Z,34,8-K,001-05324,19618723,"2.02,7.01,9.01",8-K,5552259,0,0,,form8kq4fye2018earningsrelea.htm,CURRENT REPORT ON FORM 8-K
0001127602-19-007252,2019-02-20,2019-02-15,2019-02-20T22:57:55.000Z,,4,,,,4,8959,0,0,,xslF345X03/form4.xml,PRIMARY DOCUMENT
0001127602-19-007253,2019-02-20,2019-02-15,2019-02-20T22:59:20.000Z,,4,,,,4,10516,0,0,,xslF345X03/form4.xml,PRIMARY DOCUMENT
0001127602-19-007254,2019-02-20,2019-02-15,2019-02-20T23:00:33.000Z,,4,,,,4,10452,0,0,,xslF345X03/form4.xml,PRIMARY DOCUMENT
0001127602-19-007255,2019-02-20,2019-02-15,2019-02-20T23:01:45.000Z,,4,,,,4,10555,0,0,,xslF345X03/form4.xml,PRIMARY DOCUMENT
0001127602-19-007256,2019-02-20,2019-02-15,2019-02-20T23:03:01.000Z,,4,,,,4,11198,0,0,,xslF345X03/form4.xml,PRIMARY DOCUMENT
0001127602-19-007257,2019-02-20,2019-02-15,2019-02-20T23:04:09.000Z,,4,,,,4,10475,0,0,,xslF345X03/form4.xml,PRIMARY DOCUMENT
0001127602-19-007258,2019-02-20,2019-02-15,2019-02-20T23:05:16.000Z,,4,,,,4,10510,0,0,,xslF345X03/form4.xml,PRIMARY DOCUMENT
0001127602-19-007259,2019-02-20,2019-02-15,2019-02-20T23:06:30.000Z,,4,,,,4,10498,0,0,,xslF345X03/form4.xml,PRIMARY DOCUMENT
0000072741-19-000008,2019-02-22,,2019-02-22T14:12:08.000Z,33,144,001-05324,19624100,,144,37237,0,0,,vanfaasen022019.htm,FORM 144
0000072741-19-000010,2019-02-22,,2019-02-22T14:16:27.000Z,33,144,001-05324,19624104,,144,37124,0,0,,nolan022019.htm,FORM 144
0000072741-19-000012,2019-02-22,,2019-02-22T14:20:02.000Z,33,144,001-05324,19624110,,144,37281,0,0,,williamsrevised022019.htm,FORM 144
0001127602-19-007804,2019-02-22,2019-02-21,2019-02-22T23:14:18.000Z,,4,,,,4,5827,0,0,,xslF345X03/form4.xml,PRIMARY DOCUMENT
0001127602-19-007805,2019-02-22,2019-02-21,2019-02-22T23:15:30.000Z,,4,,,,4,7467,0,0,,xslF345X03/form4.xml,PRIMARY DOCUMENT
0001127602-19-007806,2019-02-22,2019-02-21,2019-02-22T23:16:55.000Z,,4,,,,4,7405,0,0,,xslF345X03/form4.xml,PRIMARY DOCUMENT
0001127602-19-007807,2019-02-22,2019-02-21,2019-02-22T23:18:16.000Z,,4,,,,4,7503,0,0,,xslF345X03/form4.xml,PRIMARY DOCUMENT
0001127602-19-007808,2019-02-22,2019-02-21,2019-02-22T23:19:37.000Z,,4,,,,4,8190,0,0,,xslF345X03/form4.xml,PRIMARY DOCUMENT
0001127602-19-007809,2019-02-22,2019-02-21,2019-02-22T23:20:58.000Z,,4,,,,4,7427,0,0,,xslF345X03/form4.xml,PRIMARY DOCUMENT
0001127602-19-007810,2019-02-22,2019-02-21,2019-02-22T23:22:14.000Z,,4,,,,4,7459,0,0,,xslF345X03/form4.xml,PRIMARY DOCUMENT
0001127602-19-007811,2019-02-22,2019-02-21,2019-02-22T23:23:48.000Z,,4,,,,4,7446,0,0,,xslF345X03/form4.xml,PRIMARY DOCUMENT
0001127602-19-008131,2019-02-25,2019-02-22,2019-02-25T23:13:16.000Z,,4,,,,4,7720,0,0,,xslF345X03/form4.xml,PRIMARY DOCUMENT
0001127602-19-008132,2019-02-25,2019-02-22,2019-02-25T23:15:13.000Z,,4,,,,4,7741,0,0,,xslF345X03/form4.xml,PRIMARY DOCUMENT
0001127602-19-008133,2019-02-25,2019-02-22,2019-02-25T23:16:48.000Z,,4,,,,4,6335,0,0,,xslF345X03/form4.xml,PRIMARY DOCUMENT
0001127602-19-008135,2019-02-25,2019-02-22,2019-02-25T23:18:53.000Z,,4,,,,4,6691,0,0,,xslF345X03/form4.xml,PRIMARY DOCUMENT
0000072741-19-000014,2019-02-26,,2019-02-25T22:32:13.000Z,33,144,001-05324,19630703,,144,37840,0,0,,judge022019.htm,FORM 144
0000072741-19-000017,2019-02-26,2018-12-31,2019-02-26T17:46:08.000Z,34,10-K,001-05324,19632597,,10-K,39551103,1,0,,a201810kdocument.htm,2018 FORM 10-K
0001127602-19-008404,2019-02-26,2019-02-25,2019-02-26T21:37:15.000Z,,4,,,,4,6077,0,0,,xslF345X03/form4.xml,PRIMARY DOCUMENT
0001127602-19-008717,2019-02-27,2019-02-25,2019-02-27T21:44:36.000Z,,4,,,,4,8881,0,0,,xslF345X03/form4.xml,PRIMARY DOCUMENT
0001127602-19-009991,2019-03-05,2019-03-04,2019-03-05T22:26:00.000Z,,4,,,,4,5187,0,0,,xslF345X03/form4.xml,PRIMARY DOCUMENT
0001127602-19-010415,2019-03-07,2019-03-05,2019-03-07T20:50:39.000Z,,4,,,,4,7815,0,0,,xslF345X03/form4.xml,PRIMARY DOCUMENT
0001047469-19-001537,2019-03-22,2019-05-01,2019-03-22T20:02:40.000Z,34,DEF 14A,001-05324,19699822,,DEF 14A,2411562,0,0,,a2237967zdef14a.htm,DEF 14A
0001104659-19-016810,2019-03-22,,2019-03-22T20:05:15.000Z,34,DEFA14A,001-05324,19699855,,DEFA14A,452897,0,0,,a19-2594_3defa14a.htm,DEFA14A
0001104659-19-025165,2019-04-30,,2019-04-30T18:14:05.000Z,33,S-8,333-231116,19780539,,S-8,962598,0,0,,a19-8993_1s8.htm,S-8
0001047469-19-002744,2019-04-30,,2019-04-30T18:22:43.000Z,33,S-3ASR,333-231118,19780603,,S-3ASR,1410766,0,0,,a2238661zs-3asr.htm,S-3ASR
0000072741-19-000019,2019-05-01,2019-05-01,2019-05-01T20:16:53.000Z,34,8-K,001-05324,19787783,"2.02,7.01,9.01",8-K,1665014,0,0,,form8kq12019earningsrelease.htm,CURRENT REPORT ON FORM 8-K
0000072741-19-000023,2019-05-03,2019-05-01,2019-05-03T20:00:51.000Z,34,8-K,001-05324,19796025,"5.02,5.07,9.01",8-K,52277,0,0,,form8kannualmtg2019.htm,CURRENT REPORT ON FORM 8-K
0000072741-19-000026,2019-05-07,2019-03-31,2019-05-07T15:41:03.000Z,34,10-Q,001-05324,19801972,,10-Q,17390796,1,0,,a2019q110-qxdocument.htm,FIRST QUARTER 2019 FORM 10-Q
0001127602-19-017854,2019-05-09,2019-05-01,2019-05-09T16:13:35.000Z,,3,,,,3,7208,0,0,,xslF345X02/form3.xml,PRIMARY DOCUMENT
0001127602-19-018552,2019-05-15,2019-05-14,2019-05-15T19:48:39.000Z,,4,,,,4,7827,0,0,,xslF345X03/form4.xml,PRIMARY DOCUMENT
0001047469-19-003380,2019-05-30,,2019-05-30T20:13:02.000Z,33,424B5,333-231118,19866695,,424B5,379694,0,0,,a2238901z424b5.htm,424B5
0001047469-19-003436,2019-06-03,,2019-06-03T21:26:11.000Z,33,424B2,333-231118,19874410,,424B2,396416,0,0,,a2238949z424b2.htm,424B2
0001127602-19-020713,2019-06-04,2019-06-03,2019-06-04T20:18:37.000Z,,4,,,,4,4849,0,0,,xslF345X03/form4.xml,PRIMARY DOCUMENT
0001104659-19-033886,2019-06-05,2019-05-30,2019-06-05T10:01:40.000Z,34,8-K,001-05324,19878478,"1.01,8.01,9.01",8-K,575189,0,0,,a19-11106_18k.htm,8-K
0000072741-19-000029,2019-06-13,2018-12-31,2019-06-13T15:35:37.000Z,34,11-K,001-05324,19895306,,11-K,271840,0,0,,a2018form11-k.htm,2018 FORM 11-K EVERSOURCE
0000072741-19-000031,2019-07-25,2019-07-24,2019-07-25T21:19:07.000Z,34,8-K,001-05324,19975273,2.06,8-K,26623,0,0,,form8-knpt.htm,8-K
0001104659-19-042937,2019-07-31,2019-07-31,2019-07-31T20:22:58.000Z,34,8-K,001-05324,19989067,"2.02,7.01,9.01",8-K,1496793,0,0,,a19-16379_18k.htm,8-K
0001127602-19-026112,2019-08-06,2019-08-02,2019-08-06T14:05:53.000Z,,4,,,,4,7811,0,0,,xslF345X03/form4.xml,PRIMARY DOCUMENT
0000072741-19-000034,2019-08-06,2019-06-30,2019-08-06T18:47:21.000Z,34,10-Q,001-05324,191001638,,XBRL,25087381,1,1,,a2019q210-qxdocument.htm,SECOND QUARTER 2019 FORM 10-Q
0001127602-19-027517,2019-08-28,2019-08-26,2019-08-28T20:05:08.000Z,,4,,,,4,21389,0,0,,xslF345X03/form4.xml,PRIMARY DOCUMENT
0000072741-19-000037,2019-11-04,2019-10-29,2019-11-04T17:19:13.000Z,34,8-K,001-05324,191188867,5.02,XBRL,167929,1,1,,eversourceform8-k.htm,8-K
0001104659-19-060068,2019-11-05,2019-11-05,2019-11-05T21:26:15.000Z,34,8-K,001-05324,191193692,"2.02,7.01,9.01",XBRL,3206362,1,1,,tm1921793-1_8k.htm,FORM 8-K
0000072741-19-000042,2019-11-07,2019-09-30,2019-11-07T17:48:06.000Z,34,10-Q,001-05324,191199328,,XBRL,25690083,1,1,,a2019q310-qxdocument.htm,10-Q
0001104659-19-061771,2019-11-08,2019-11-08,2019-11-08T22:01:22.000Z,34,8-K,001-05324,191204817,"7.01,9.01",XBRL,16352558,1,1,,tm1922257d1_8k.htm,FORM 8-K
0001127602-19-035904,2019-12-30,2019-12-26,2019-12-30T17:25:57.000Z,,4,,,,4,7312,0,0,,xslF345X03/form4.xml,PRIMARY DOCUMENT
0001047469-20-000059,2020-01-07,,2020-01-07T13:46:08.000Z,33,424B3,333-231118,20512178,,424B3,439560,0,0,,a2240386z424b3.htm,424B3
0001104659-20-002026,2020-01-07,,2020-01-07T22:01:07.000Z,34,FWP,333-231118,20513838,,FWP,23435,0,0,,a19-28439_3fwp.htm,FWP
0001047469-20-000113,2020-01-08,,2020-01-08T22:07:58.000Z,33,424B5,333-231118,20516302,,424B5,439425,0,0,,a2240419z424b5.htm,424B5
0000072741-20-000003,2020-01-16,2020-01-10,2020-01-16T19:06:16.000Z,34,8-K,001-05324,20530274,"2.03,9.01",XBRL,613368,1,1,,eversourceform8-kxseri.htm,8-K
0001127602-20-001854,2020-01-16,2020-01-15,2020-01-16T23:04:15.000Z,,4,,,,4,4813,0,0,,xslF345X03/form4.xml,PRIMARY DOCUMENT
0001127602-20-001855,2020-01-16,2020-01-15,2020-01-16T23:07:18.000Z,,4,,,,4,6715,0,0,,xslF345X03/form4.xml,PRIMARY DOCUMENT
0001127602-20-001856,2020-01-16,2020-01-15,2020-01-16T23:09:00.000Z,,4,,,,4,5591,0,0,,xslF345X03/form4.xml,PRIMARY DOCUMENT
0001127602-20-001857,2020-01-16,2020-01-15,2020-01-16T23:11:29.000Z,,4,,,,4,4819,0,0,,xslF345X03/form4.xml,PRIMARY DOCUMENT
0001127602-20-001858,2020-01-16,2020-01-15,2020-01-16T23:15:42.000Z,,4,,,,4,4842,0,0,,xslF345X03/form4.xml,PRIMARY DOCUMENT
0001127602-20-001860,2020-01-16,2020-01-15,2020-01-16T23:20:45.000Z,,4,,,,4,4871,0,0,,xslF345X03/form4.xml,PRIMARY DOCUMENT
0001127602-20-001887,2020-01-17,2020-01-15,2020-01-17T16:54:14.000Z,,4,,,,4,4749,0,0,,xslF345X03/form4.xml,PRIMARY DOCUMENT
0001127602-20-001893,2020-01-17,2020-01-15,2020-01-17T17:59:46.000Z,,4,,,,4,5396,0,0,,xslF345X03/form4.xml,PRIMARY DOCUMENT
0001127602-20-001896,2020-01-17,2020-01-15,2020-01-17T18:25:39.000Z,,4,,,,4,6564,0,0,,xslF345X03/form4.xml,PRIMARY DOCUMENT
0001127602-20-001897,2020-01-17,2020-01-15,2020-01-17T18:26:47.000Z,,4,,,,4,6516,0,0,,xslF345X03/form4.xml,PRIMARY DOCUMENT
0000834237-20-005199,2020-02-05,,2020-02-05T16:45:11.000Z,34,SC 13G/A,005-42665,20577192,,SC 13G/A,13734,0,0,,us30040w1080_020420.txt,
0001127602-20-004284,2020-02-07,2020-02-05,2020-02-07T20:05:36.000Z,,4,,,,4,9429,0,0,,xslF345X03/form4.xml,PRIMARY DOCUMENT
0001127602-20-004285,2020-02-07,2020-02-05,2020-02-07T20:07:01.000Z,,4,,,,4,7965,0,0,,xslF345X03/form4.xml,PRIMARY DOCUMENT
0001127602-20-004288,2020-02-07,2020-02-05,2020-02-07T20:08:37.000Z,,4,,,,4,9469,0,0,,xslF345X03/form4.xml,PRIMARY DOCUMENT
0001127602-20-004289,2020-02-07,2020-02-05,2020-02-07T20:10:12.000Z,,4,,,,4,9407,0,0,,xslF345X03/form4.xml,PRIMARY DOCUMENT
0001127602-20-004292,2020-02-07,2020-02-05,2020-02-07T20:12:09.000Z,,4,,,,4,9540,0,0,,xslF345X03/form4.xml,PRIMARY DOCUMENT
0001127602-20-004293,2020-02-07,2020-02-05,2020-02-07T20:13:34.000Z,,4,,,,4,9063,0,0,,xslF345X03/form4.xml,PRIMARY DOCUMENT
0001127602-20-004364,2020-02-07,2020-02-05,2020-02-07T21:41:34.000Z,,4,,,,4,30672,0,0,,xslF345X03/form4.xml,PRIMARY DOCUMENT
0001127602-20-004365,2020-02-07,2019-12-31,2020-02-07T21:43:06.000Z,,5,,,,5,11005,0,0,,xslF345X03/form5.xml,PRIMARY DOCUMENT
0001104659-20-016245,2020-02-11,2020-02-05,2020-02-11T21:02:21.000Z,34,8-K,001-05324,20596495,"8.01,9.01",XBRL,217505,1,1,,tm207345-1_8k.htm,FORM 8-K
0001104659-20-016668,2020-02-11,,2020-02-11T21:54:43.000Z,34,SC 13G/A,005-42665,20597766,,SC 13G/A,13802,0,0,,tv0354-eversourceenergy.htm,SCHEDULE 13G/A
0000093751-20-000362,2020-02-13,,2020-02-13T15:09:52.000Z,34,SC 13G,005-42665,20607478,,SC 13G,8997,0,0,,EversourceEnergy.txt,
0001104659-20-022825,2020-02-19,2020-02-19,2020-02-19T21:22:33.000Z,34,8-K,001-05324,20630067,"2.02,7.01,9.01",XBRL,12972765,1,1,,tm209303d1_8k.htm,FORM 8-K
0001127602-20-006525,2020-02-19,2020-02-18,2020-02-19T22:41:26.000Z,,4,,,,4,5828,0,0,,xslF345X03/form4.xml,PRIMARY DOCUMENT
0001127602-20-006530,2020-02-19,2020-02-18,2020-02-19T22:44:10.000Z,,4,,,,4,7467,0,0,,xslF345X03/form4.xml,PRIMARY DOCUMENT
0001127602-20-006531,2020-02-19,2020-02-18,2020-02-19T22:45:30.000Z,,4,,,,4,7405,0,0,,xslF345X03/form4.xml,PRIMARY DOCUMENT
0001127602-20-006535,2020-02-19,2020-02-18,2020-02-19T22:47:32.000Z,,4,,,,4,7504,0,0,,xslF345X03/form4.xml,PRIMARY DOCUMENT
0001127602-20-006536,2020-02-19,2020-02-18,2020-02-19T22:48:52.000Z,,4,,,,4,7062,0,0,,xslF345X03/form4.xml,PRIMARY DOCUMENT
0001127602-20-006538,2020-02-19,2020-02-18,2020-02-19T22:50:25.000Z,,4,,,,4,7427,0,0,,xslF345X03/form4.xml,PRIMARY DOCUMENT
0001127602-20-006539,2020-02-19,2020-02-18,2020-02-19T22:53:05.000Z,,4,,,,4,8888,0,0,,xslF345X03/form4.xml,PRIMARY DOCUMENT
0001127602-20-006547,2020-02-19,2020-02-18,2020-02-19T23:15:38.000Z,,4,,,,4,7432,0,0,,xslF345X03/form4.xml,PRIMARY DOCUMENT
0001127602-20-007339,2020-02-24,2020-02-21,2020-02-24T22:14:35.000Z,,4,,,,4,5828,0,0,,xslF345X03/form4.xml,PRIMARY DOCUMENT
0001127602-20-007340,2020-02-24,2020-02-21,2020-02-24T22:16:03.000Z,,4,,,,4,7405,0,0,,xslF345X03/form4.xml,PRIMARY DOCUMENT
0001127602-20-007341,2020-02-24,2020-02-21,2020-02-24T22:17:20.000Z,,4,,,,4,7504,0,0,,xslF345X03/form4.xml,PRIMARY DOCUMENT
0001127602-20-007344,2020-02-24,2020-02-21,2020-02-24T22:18:44.000Z,,4,,,,4,7062,0,0,,xslF345X03/form4.xml,PRIMARY DOCUMENT
0001127602-20-007346,2020-02-24,2020-02-05,2020-02-24T22:20:11.000Z,,4,,,,4,9122,0,0,,xslF345X03/form4.xml,PRIMARY DOCUMENT
0001127602-20-007349,2020-02-24,2020-02-21,2020-02-24T22:22:28.000Z,,4,,,,4,9607,0,0,,xslF345X03/form4.xml,PRIMARY DOCUMENT
0001127602-20-007353,2020-02-24,2020-02-21,2020-02-24T22:26:48.000Z,,4,,,,4,7467,0,0,,xslF345X03/form4.xml,PRIMARY DOCUMENT
0001127602-20-007354,2020-02-24,2020-02-21,2020-02-24T22:27:50.000Z,,4,,,,4,7427,0,0,,xslF345X03/form4.xml,PRIMARY DOCUMENT
0000072741-20-000008,2020-02-27,2019-12-31,2020-02-26T23:43:27.000Z,34,10-K,001-05324,20657753,,XBRL,45251871,1,1,,a201910kdocument.htm,10-K
0001127602-20-008638,2020-03-02,2020-02-28,2020-03-02T22:21:13.000Z,,4,,,,4,6334,0,0,,xslF345X03/form4.xml,PRIMARY DOCUMENT
0001127602-20-008640,2020-03-02,2020-02-28,2020-03-02T22:22:50.000Z,,4,,,,4,6374,0,0,,xslF345X03/form4.xml,PRIMARY DOCUMENT
0001127602-20-008652,2020-03-02,2020-02-28,2020-03-02T22:44:59.000Z,,4,,,,4,5681,0,0,,xslF345X03/form4.xml,PRIMARY DOCUMENT
0001127602-20-008915,2020-03-03,2020-03-02,2020-03-03T20:52:19.000Z,,4,,,,4,6780,0,0,,xslF345X03/form4.xml,PRIMARY DOCUMENT
0001127602-20-009600,2020-03-05,2020-03-04,2020-03-05T20:45:08.000Z,,4,,,,4,9291,0,0,,xslF345X03/form4.xml,PRIMARY DOCUMENT
0001127602-20-010061,2020-03-10,2020-03-09,2020-03-10T18:54:24.000Z,,4,,,,4,5034,0,0,,xslF345X03/form4.xml,PRIMARY DOCUMENT
0001127602-20-010416,2020-03-12,2020-03-11,2020-03-12T19:08:50.000Z,,4,,,,4,5872,0,0,,xslF345X03/form4.xml,PRIMARY DOCUMENT
0001104659-20-037137,2020-03-23,2020-03-23,2020-03-23T13:45:43.000Z,34,8-K,001-05324,20733957,8.01,XBRL,325442,1,1,,tm2013320-1_8k.htm,FORM 8-K
0001047469-20-001813,2020-03-26,2020-05-06,2020-03-26T20:44:02.000Z,34,DEF 14A,001-05324,20746632,,DEF 14A,2636455,0,0,,a2241007zdef14a.htm,DEF 14A
0001104659-20-038860,2020-03-26,,2020-03-26T20:46:19.000Z,34,DEFA14A,001-05324,20746657,,DEFA14A,431197,0,0,,a20-2032_3defa14a.htm,DEFA14A
0000072741-20-000010,2020-03-30,2020-03-23,2020-03-30T18:15:06.000Z,34,8-K,001-05324,20756074,8.01,XBRL,167901,1,1,,eversourceform8-kmarch.htm,8-K
0001104659-20-043681,2020-04-06,,2020-04-06T20:09:16.000Z,34,DEFA14A,001-05324,20777081,,DEFA14A,46020,0,0,,a20-2032_4defa14a.htm,DEFA14A
0001104659-20-057456,2020-05-06,2020-05-06,2020-05-06T20:21:27.000Z,34,8-K,001-05324,20852915,"2.02,7.01,9.01",XBRL,2594682,1,1,,tm2018742-1_8k.htm,FORM 8-K
0000072741-20-000013,2020-05-08,2020-03-31,2020-05-08T19:13:10.000Z,34,10-Q,001-05324,20860184,,XBRL,17131284,1,1,,a2020q110-qxdocument.htm,10-Q
0001104659-20-059417,2020-05-11,2020-05-06,2020-05-11T18:14:20.000Z,34,8-K,001-05324,20864061,"5.02,5.07,9.01",XBRL,239206,1,1,,tm2018742d3_8k.htm,FORM 8-K
0001127602-20-016400,2020-05-13,2020-05-06,2020-05-13T19:53:12.000Z,,3,,,,3,3513,0,0,,xslF345X02/form3.xml,PRIMARY DOCUMENT
0001127602-20-018373,2020-06-02,2020-06-01,2020-06-02T17:58:09.000Z,,4,,,,4,8635,0,0,,xslF345X03/form4.xml,PRIMARY DOCUMENT
0001047469-20-003531,2020-06-11,,2020-06-11T11:52:08.000Z,33,424B5,333-231118,20956209,,424B5,356294,0,0,,a2241806z424b5.htm,424B5
0000072741-20-000016,2020-06-11,2019-12-31,2020-06-11T20:57:53.000Z,34,11-K,001-05324,20957788,,11-K,277036,0,0,,a2019form11-k.htm,2019 FORM 11-K EVERSOURCE
0001047469-20-003565,2020-06-12,,2020-06-12T20:06:50.000Z,33,424B2,333-231118,20960273,,424B2,361081,0,0,,a2241855z424b2.htm,424B2
0001104659-20-073090,2020-06-15,2020-06-11,2020-06-15T10:03:25.000Z,34,8-K,001-05324,20961818,"8.01,9.01",XBRL,495419,1,1,,tm2022590-1_8k.htm,FORM 8-K
0001104659-20-088398,2020-07-30,2020-07-30,2020-07-30T23:03:13.000Z,34,8-K,001-05324,201061757,"2.02,7.01,9.01",XBRL,2976751,1,1,,tm2026105-1_8k.htm,FORM 8-K
0001127602-20-022807,2020-08-05,2020-08-03,2020-08-05T16:27:02.000Z,,4,,,,4,7149,0,0,,xslF345X03/form4.xml,PRIMARY DOCUMENT
0000072741-20-000020,2020-08-07,2020-06-30,2020-08-07T21:54:54.000Z,34,10-Q,001-05324,201085698,,XBRL,22226956,1,1,,a2020q210-qxdocument.htm,10-Q
0001047469-20-004502,2020-08-11,,2020-08-11T13:16:43.000Z,33,424B3,333-231118,201091268,,424B3,486484,0,0,,a2242231z424b3.htm,424B3
0001104659-20-093363,2020-08-11,,2020-08-11T21:20:01.000Z,34,FWP,333-231118,201093395,,FWP,23568,0,0,,a20-27111_3fwp.htm,FWP
0001104659-20-093365,2020-08-11,,2020-08-11T21:20:32.000Z,34,FWP,333-231118,201093403,,FWP,26567,0,0,,a20-27111_4fwp.htm,FWP
0001104659-20-093367,2020-08-11,,2020-08-11T21:21:16.000Z,34,FWP,333-231118,201093410,,FWP,26423,0,0,,a20-27111_5fwp.htm,FWP
0001047469-20-004558,2020-08-12,,2020-08-12T18:30:40.000Z,33,424B5,333-231118,201095140,,424B5,484610,0,0,,a2242252z424b5.htm,424B5
0001104659-20-097299,2020-08-20,2020-08-14,2020-08-20T21:07:55.000Z,34,8-K,001-05324,201120779,"2.03,9.01",XBRL,726399,1,1,,tm2029017-1_8k.htm,FORM 8-K
0001127602-20-024693,2020-09-03,2020-09-02,2020-09-03T18:54:08.000Z,,4,,,,4,6089,0,0,,xslF345X03/form4.xml,PRIMARY DOCUMENT
0001127602-20-024775,2020-09-08,2020-09-04,2020-09-08T15:01:17.000Z,,4,,,,4,7641,0,0,,xslF345X03/form4.xml,PRIMARY DOCUMENT
0001127602-20-026751,2020-10-09,2020-10-08,2020-10-09T20:50:22.000Z,,4,,,,4,7278,0,0,,xslF345X03/form4.xml,PRIMARY DOCUMENT
0001104659-20-120985,2020-11-03,2020-11-03,2020-11-03T21:41:13.000Z,34,8-K,001-05324,201284028,"2.02,7.01,9.01",XBRL,2350190,1,1,,tm2034838d1_8k.htm,FORM 8-K
0000072741-20-000024,2020-11-06,2020-09-30,2020-11-06T20:37:03.000Z,34,10-Q,001-05324,201294181,,XBRL,23855500,1,1,,a2020q310-qxdocument.htm,10-Q
0001104659-20-122603,2020-11-09,2020-11-09,2020-11-06T22:34:28.000Z,34,8-K,001-05324,201295453,"7.01,9.01",XBRL,5650224,1,1,,tm2034838-2_8k.htm,FORM 8-K
0001127602-20-028855,2020-11-12,2020-11-09,2020-11-12T22:34:57.000Z,,4,,,,4,7300,0,0,,xslF345X03/form4.xml,PRIMARY DOCUMENT
0001127602-21-002071,2021-01-20,2021-01-15,2021-01-20T16:26:12.000Z,,4,,,,4,4747,0,0,,xslF345X03/form4.xml,PRIMARY DOCUMENT
0001127602-21-002072,2021-01-20,2021-01-15,2021-01-20T16:28:51.000Z,,4,,,,4,6721,0,0,,xslF345X03/form4.xml,PRIMARY DOCUMENT
0001127602-21-002073,2021-01-20,2021-01-15,2021-01-20T16:30:41.000Z,,4,,,,4,5593,0,0,,xslF345X03/form4.xml,PRIMARY DOCUMENT
0001127602-21-002074,2021-01-20,2021-01-15,2021-01-20T16:32:34.000Z,,4,,,,4,4856,0,0,,xslF345X03/form4.xml,PRIMARY DOCUMENT
0001127602-21-002075,2021-01-20,2021-01-15,2021-01-20T16:34:29.000Z,,4,,,,4,4865,0,0,,xslF345X03/form4.xml,PRIMARY DOCUMENT
0001127602-21-002076,2021-01-20,2021-01-15,2021-01-20T16:38:06.000Z,,4,,,,4,5735,0,0,,xslF345X03/form4.xml,PRIMARY DOCUMENT
0001127602-21-002077,2021-01-20,2021-01-15,2021-01-20T16:40:34.000Z,,4,,,,4,4873,0,0,,xslF345X03/form4.xml,PRIMARY DOCUMENT
0001127602-21-002078,2021-01-20,2021-01-15,2021-01-20T16:42:42.000Z,,4,,,,4,4851,0,0,,xslF345X03/form4.xml,PRIMARY DOCUMENT
0001127602-21-002079,2021-01-20,2021-01-15,2021-01-20T16:44:47.000Z,,4,,,,4,6550,0,0,,xslF345X03/form4.xml,PRIMARY DOCUMENT
0001127602-21-002080,2021-01-20,2021-01-15,2021-01-20T16:47:07.000Z,,4,,,,4,6732,0,0,,xslF345X03/form4.xml,PRIMARY DOCUMENT
0000834237-21-003844,2021-01-29,,2021-01-29T14:56:19.000Z,34,SC 13G/A,005-42665,21568659,,SC 13G/A,13734,0,0,,us30040w1080_012921.txt,
0000093751-21-000142,2021-02-09,,2021-02-09T18:17:34.000Z,34,SC 13G,005-42665,21605254,,SC 13G,8827,0,0,,Eversource_Energy.txt,
0001104659-21-017222,2021-02-10,,2021-02-10T15:02:30.000Z,34,SC 13G/A,005-42665,21609742,,SC 13G/A,13979,0,0,,tv0033-eversourceenergy.htm,SCHEDULE 13G/A
0001127602-21-004928,2021-02-10,2021-02-08,2021-02-10T20:47:22.000Z,,4,,,,4,7959,0,0,,xslF345X03/form4.xml,PRIMARY DOCUMENT
0001127602-21-004929,2021-02-10,2021-02-08,2021-02-10T20:48:46.000Z,,4,,,,4,9473,0,0,,xslF345X03/form4.xml,PRIMARY DOCUMENT
0001127602-21-004930,2021-02-10,2021-02-08,2021-02-10T20:50:17.000Z,,4,,,,4,9413,0,0,,xslF345X03/form4.xml,PRIMARY DOCUMENT
0001127602-21-004931,2021-02-10,2021-02-08,2021-02-10T20:52:57.000Z,,4,,,,4,9513,0,0,,xslF345X03/form4.xml,PRIMARY DOCUMENT
0001127602-21-004932,2021-02-10,2021-02-08,2021-02-10T20:54:47.000Z,,4,,,,4,9057,0,0,,xslF345X03/form4.xml,PRIMARY DOCUMENT
0001127602-21-004933,2021-02-10,2021-02-08,2021-02-10T20:56:23.000Z,,4,,,,4,9435,0,0,,xslF345X03/form4.xml,PRIMARY DOCUMENT
0001127602-21-004934,2021-02-10,2020-12-31,2021-02-10T20:59:07.000Z,,5,,,,5,9575,0,0,,xslF345X03/form5.xml,PRIMARY DOCUMENT
0001127602-21-004935,2021-02-10,2021-02-08,2021-02-10T21:01:24.000Z,,4,,,,4,11614,0,0,,xslF345X03/form4.xml,PRIMARY DOCUMENT
0001085146-21-000597,2021-02-10,,2021-02-10T21:09:20.000Z,34,SC 13G,005-42665,21613854,,SC 13G,27275,0,0,,esus_21021.htm,MAGELLAN ASSET MANAGEMENT LTD
0001104659-21-024048,2021-02-16,2021-02-16,2021-02-16T21:19:18.000Z,34,8-K,001-05324,21638812,"2.02,7.01,9.01",XBRL,13943318,1,1,,tm216619d1_8k.htm,FORM 8-K
0000072741-21-000005,2021-02-17,2020-12-31,2021-02-17T22:30:20.000Z,34,10-K,001-05324,21646372,,XBRL,43036416,1,1,,es-20201231.htm,10-K
0001127602-21-006367,2021-02-17,2021-02-16,2021-02-18T00:06:19.000Z,,4,,,,4,5824,0,0,,xslF345X03/form4.xml,PRIMARY DOCUMENT
0001127602-21-006372,2021-02-17,2021-02-16,2021-02-18T00:08:56.000Z,,4,,,,4,7471,0,0,,xslF345X03/form4.xml,PRIMARY DOCUMENT
0001127602-21-006376,2021-02-17,2021-02-16,2021-02-18T00:11:04.000Z,,4,,,,4,7411,0,0,,xslF345X03/form4.xml,PRIMARY DOCUMENT
0001127602-21-006381,2021-02-17,2021-02-16,2021-02-18T00:12:44.000Z,,4,,,,4,7510,0,0,,xslF345X03/form4.xml,PRIMARY DOCUMENT
0001127602-21-006387,2021-02-17,2021-02-16,2021-02-18T00:14:26.000Z,,4,,,,4,7055,0,0,,xslF345X03/form4.xml,PRIMARY DOCUMENT
0001127602-21-006390,2021-02-17,2021-02-16,2021-02-18T00:15:58.000Z,,4,,,,4,7433,0,0,,xslF345X03/form4.xml,PRIMARY DOCUMENT
0001127602-21-006394,2021-02-17,2021-02-16,2021-02-18T00:18:24.000Z,,4,,,,4,9611,0,0,,xslF345X03/form4.xml,PRIMARY DOCUMENT
0001127602-21-007527,2021-02-24,2021-02-22,2021-02-24T16:19:24.000Z,,4,,,,4,5823,0,0,,xslF345X03/form4.xml,PRIMARY DOCUMENT
0001127602-21-007529,2021-02-24,2021-02-22,2021-02-24T16:22:29.000Z,,4,,,,4,7471,0,0,,xslF345X03/form4.xml,PRIMARY DOCUMENT
0001127602-21-007530,2021-02-24,2021-02-22,2021-02-24T16:25:38.000Z,,4,,,,4,7411,0,0,,xslF345X03/form4.xml,PRIMARY DOCUMENT
0001127602-21-007531,2021-02-24,2021-02-22,2021-02-24T16:27:57.000Z,,4,,,,4,7510,0,0,,xslF345X03/form4.xml,PRIMARY DOCUMENT
0001127602-21-007533,2021-02-24,2021-02-22,2021-02-24T16:30:26.000Z,,4,,,,4,7055,0,0,,xslF345X03/form4.xml,PRIMARY DOCUMENT
0001127602-21-008159,2021-02-26,2021-02-24,2021-02-27T00:00:29.000Z,,4/A,,,,4/A,7784,0,0,,xslF345X03/form4a.xml,PRIMARY DOCUMENT
0001127602-21-008160,2021-02-26,2021-02-24,2021-02-27T00:04:24.000Z,,4/A,,,,4/A,7707,0,0,,xslF345X03/form4a.xml,PRIMARY DOCUMENT
0001127602-21-008161,2021-02-26,2021-02-24,2021-02-27T00:08:12.000Z,,4/A,,,,4/A,7351,0,0,,xslF345X03/form4a.xml,PRIMARY DOCUMENT
0001127602-21-008162,2021-02-26,2021-02-25,2021-02-27T00:10:06.000Z,,4,,,,4,7433,0,0,,xslF345X03/form4.xml,PRIMARY DOCUMENT
0001127602-21-008163,2021-02-26,2021-02-25,2021-02-27T00:11:54.000Z,,4,,,,4,9611,0,0,,xslF345X03/form4.xml,PRIMARY DOCUMENT
0001104659-21-032974,2021-03-08,,2021-03-08T13:31:19.000Z,33,424B3,333-231118,21720712,,424B3,643126,0,0,,tm218767-1_424b3.htm,424B3
0001104659-21-033316,2021-03-08,,2021-03-08T21:37:30.000Z,34,FWP,333-231118,21722441,,FWP,12897,0,0,,tm218767d3_fwp.htm,FWP
0001104659-21-033713,2021-03-09,,2021-03-09T19:18:10.000Z,33,424B5,333-231118,21725224,,424B5,642317,0,0,,tm218767-2_424b5.htm,424B5
0001104659-21-036790,2021-03-16,2021-03-11,2021-03-16T14:20:57.000Z,34,8-K,001-05324,21744239,"2.03,9.01",XBRL,582682,1,1,,tm219784d1_8k.htm,FORM 8-K
0001104659-21-042415,2021-03-26,2021-05-05,2021-03-26T20:02:09.000Z,34,DEF 14A,001-05324,21777246,,DEF 14A,6027060,0,0,,tm212409-1_def14a.htm,DEF 14A
0001104659-21-042425,2021-03-26,,2021-03-26T20:05:35.000Z,34,DEFA14A,001-05324,21777320,,DEFA14A,1700893,0,0,,tm212409d2_defa14a.htm,DEFA14A
0001104659-21-045925,2021-04-02,,2021-04-02T15:13:22.000Z,33,S-3ASR,333-254993,21800928,,S-3ASR,348649,0,0,,tm2111382-1_s3asr.htm,S-3ASR
0001104659-21-047608,2021-04-07,2021-04-07,2021-04-07T20:49:13.000Z,34,8-K,001-05324,21812681,"5.02,8.01,9.01",XBRL,242878,1,1,,tm2112446d1_8k.htm,FORM 8-K
0001104659-21-048119,2021-04-08,,2021-04-08T20:58:51.000Z,34,425,001-05324,21815416,,425,95879,0,0,,tm2112545d1_425.htm,425
0001104659-21-048123,2021-04-08,,2021-04-08T21:00:46.000Z,34,425,001-05324,21815436,,425,16160,0,0,,tm2112545d2_425.htm,425
0001104659-21-063363,2021-05-10,2021-05-05,2021-05-10T10:47:16.000Z,34,8-K,001-05324,21905164,"2.02,5.02,5.07,7.01,9.01",XBRL,3006051,1,1,,tm2115513d1_8k.htm,FORM 8-K
0000072741-21-000010,2021-05-10,2021-03-31,2021-05-10T17:22:02.000Z,34,10-Q,001-05324,21906111,,XBRL,16727877,1,1,,es-20210331.htm,10-Q
0001127602-21-016698,2021-05-14,2021-05-13,2021-05-14T14:21:42.000Z,,4,,,,4,6787,0,0,,xslF345X03/form4.xml,PRIMARY DOCUMENT
0001127602-21-016999,2021-05-17,2021-05-14,2021-05-17T17:46:23.000Z,,4,,,,4,6019,0,0,,xslF345X03/form4.xml,PRIMARY DOCUMENT
0001127602-21-017001,2021-05-17,2021-05-05,2021-05-17T18:05:03.000Z,,3,,,,3,10091,0,0,,xslF345X02/form3.xml,PRIMARY DOCUMENT
0001127602-21-017064,2021-05-17,2021-05-05,2021-05-17T21:04:57.000Z,,3,,,,3,4635,0,0,,xslF345X02/form3.xml,PRIMARY DOCUMENT
0001127602-21-017068,2021-05-17,2021-05-05,2021-05-17T21:29:27.000Z,,3/A,,,,3/A,7774,0,0,,xslF345X02/form3a.xml,PRIMARY DOCUMENT
0001127602-21-017411,2021-05-19,2021-05-18,2021-05-19T20:57:45.000Z,,4,,,,4,7873,0,0,,xslF345X03/form4.xml,PRIMARY DOCUMENT
0001104659-21-076935,2021-06-04,,2021-06-04T19:06:24.000Z,33,S-4,333-256783,21996176,,S-4,2636842,0,0,,tm2117931-1_s4.htm,S-4
0001127602-21-019388,2021-06-07,2021-06-04,2021-06-07T21:32:36.000Z,,4,,,,4,7816,0,0,,xslF345X03/form4.xml,PRIMARY DOCUMENT
0000000000-21-007254,2021-06-11,,2021-06-11T18:30:07.000Z,,UPLOAD,,,,LETTER,40318,0,0,,filename1.pdf,
0000072741-21-000014,2021-06-15,2020-12-31,2021-06-15T19:47:50.000Z,34,11-K,001-05324,211018337,,11-K,193068,0,0,,a2020form11-k.htm,2020 FORM 11-K EVERSOURCE
0001104659-21-082186,2021-06-17,,2021-06-17T01:04:16.000Z,33,S-4/A,333-256783,211023141,,S-4/A,2967219,0,0,,tm2117931-3_s4a.htm,S-4/A
0001104659-21-084544,2021-06-23,,2021-06-23T17:46:00.000Z,,CORRESP,,,,CORRESP,24553,0,0,,filename1.htm,
0001104659-21-085836,2021-06-25,,2021-06-25T21:19:01.000Z,33,424B3,333-256783,211048988,,424B3,2486696,0,0,,tm2117931-5_424b3.htm,424B3
9999999995-21-002536,2021-06-25,,2021-06-28T04:15:44.000Z,33,EFFECT,333-256783,211049828,"S-4,,2021-06-25 16:00:00",EFFECT,1839,0,0,,xslEFFECTX01/primary_doc.xml,
0001104659-21-097588,2021-07-29,2021-07-29,2021-07-29T20:19:50.000Z,34,8-K,001-05324,211127721,"2.02,7.01,9.01",XBRL,2428827,1,1,,tm2123580d1_8k.htm,FORM 8-K
0001127602-21-023139,2021-08-05,2021-08-04,2021-08-05T16:01:49.000Z,,4,,,,4,4502,0,0,,xslF345X03/form4.xml,PRIMARY DOCUMENT
0000072741-21-000019,2021-08-06,2021-06-30,2021-08-06T18:37:31.000Z,34,10-Q,001-05324,211152396,,XBRL,20855338,1,1,,es-20210630.htm,10-Q
0001104659-21-102579,2021-08-10,,2021-08-10T12:56:20.000Z,33,424B3,333-231118,211158590,,424B3,775520,0,0,,tm2124483-1_424b3.htm,424B3
0001127602-21-023440,2021-08-10,2021-08-09,2021-08-10T17:03:59.000Z,,4,,,,4,7368,0,0,,xslF345X03/form4.xml,PRIMARY DOCUMENT
0001104659-21-102929,2021-08-10,,2021-08-10T21:03:02.000Z,34,FWP,333-231118,211160914,,FWP,9685,0,0,,tm2124483d5_fwp.htm,FWP
0001104659-21-102935,2021-08-10,,2021-08-10T21:05:40.000Z,34,FWP,333-231118,211160933,,FWP,14866,0,0,,tm2124483d4_fwp.htm,FWP
0001104659-21-103556,2021-08-11,,2021-08-11T21:08:49.000Z,33,424B5,333-231118,211164488,,424B5,772763,0,0,,tm2124483-6_424b5.htm,424B5
0001104659-21-105083,2021-08-13,2021-08-13,2021-08-13T20:06:35.000Z,34,8-K,001-05324,211172114,"2.03,9.01",XBRL,758113,1,1,,tm2125111d1_8k.htm,FORM 8-K
0001127602-21-023684,2021-08-13,2021-08-12,2021-08-13T21:26:21.000Z,,4,,,,4,10910,0,0,,xslF345X03/form4.xml,PRIMARY DOCUMENT
0001104659-21-122324,2021-10-04,2021-10-01,2021-10-04T12:53:22.000Z,34,8-K,001-05324,211301153,"7.01,9.01",XBRL,274061,1,1,,tm2129149d1_8k.htm,FORM 8-K
0001104659-21-133069,2021-11-02,2021-11-02,2021-11-02T20:40:41.000Z,34,8-K,001-05324,211372030,"2.02,7.01,9.01",XBRL,2810482,1,1,,tm2131538d1_8k.htm,FORM 8-K
0000072741-21-000025,2021-11-05,2021-09-30,2021-11-05T18:16:15.000Z,34,10-Q,001-05324,211383883,,XBRL,22023127,1,1,,es-20210930.htm,10-Q
0001426459-22-000064,2022-01-10,,2022-01-10T17:54:36.000Z,34,SC 13G/A,005-42665,22520611,,SC 13G/A,13755,0,0,,us30040w1080_011022.txt,
0000072741-22-000001,2022-01-19,2022-01-14,2022-01-19T20:41:50.000Z,,4,,,,4,4977,0,0,,xslF345X03/primary_doc.xml,PRIMARY DOCUMENT
0000072741-22-000002,2022-01-19,2022-01-14,2022-01-19T21:06:49.000Z,,4,,,,4,5828,0,0,,xslF345X03/primary_doc.xml,PRIMARY DOCUMENT
0000072741-22-000003,2022-01-19,2022-01-14,2022-01-19T21:14:33.000Z,,4,,,,4,6917,0,0,,xslF345X03/primary_doc.xml,PRIMARY DOCUMENT
0000072741-22-000004,2022-01-19,2022-01-14,2022-01-19T21:21:58.000Z,,4,,,,4,5189,0,0,,xslF345X03/primary_doc.xml,PRIMARY DOCUMENT
0000072741-22-000005,2022-01-19,2022-01-14,2022-01-19T21:26:46.000Z,,4,,,,4,5104,0,0,,xslF345X03/primary_doc.xml,PRIMARY DOCUMENT
0000072741-22-000006,2022-01-19,2022-01-14,2022-01-19T21:34:04.000Z,,4,,,,4,5774,0,0,,xslF345X03/primary_doc.xml,PRIMARY DOCUMENT
0000072741-22-000007,2022-01-19,2022-01-14,2022-01-19T21:39:30.000Z,,4,,,,4,5108,0,0,,xslF345X03/primary_doc.xml,PRIMARY DOCUMENT
0000072741-22-000008,2022-01-19,2022-01-14,2022-01-19T21:44:09.000Z,,4,,,,4,5108,0,0,,xslF345X03/primary_doc.xml,PRIMARY DOCUMENT
0000072741-22-000009,2022-01-19,2022-01-14,2022-01-19T21:56:28.000Z,,4,,,,4,8468,0,0,,xslF345X03/primary_doc.xml,PRIMARY DOCUMENT
0000072741-22-000010,2022-01-19,2022-01-14,2022-01-19T22:05:55.000Z,,4,,,,4,6786,0,0,,xslF345X03/primary_doc.xml,PRIMARY DOCUMENT
0001127602-22-003433,2022-02-04,2021-12-31,2022-02-04T23:18:38.000Z,,5,,,,5,9148,0,0,,xslF345X03/form5.xml,PRIMARY DOCUMENT
0001127602-22-003434,2022-02-04,2021-12-31,2022-02-04T23:20:11.000Z,,5,,,,5,10514,0,0,,xslF345X03/form5.xml,PRIMARY DOCUMENT
0001127602-22-003435,2022-02-04,2022-02-02,2022-02-04T23:21:25.000Z,,4,,,,4,7772,0,0,,xslF345X03/form4.xml,PRIMARY DOCUMENT
0001127602-22-003436,2022-02-04,2022-02-02,2022-02-04T23:22:29.000Z,,4,,,,4,9473,0,0,,xslF345X03/form4.xml,PRIMARY DOCUMENT
0001127602-22-003437,2022-02-04,2022-02-02,2022-02-04T23:23:31.000Z,,4,,,,4,9413,0,0,,xslF345X03/form4.xml,PRIMARY DOCUMENT
0001127602-22-003438,2022-02-04,2022-02-02,2022-02-04T23:24:48.000Z,,4,,,,4,9447,0,0,,xslF345X03/form4.xml,PRIMARY DOCUMENT
0001127602-22-003439,2022-02-04,2022-02-02,2022-02-04T23:26:01.000Z,,4,,,,4,7593,0,0,,xslF345X03/form4.xml,PRIMARY DOCUMENT
0001127602-22-003440,2022-02-04,2022-02-02,2022-02-04T23:27:00.000Z,,4,,,,4,10221,0,0,,xslF345X03/form4.xml,PRIMARY DOCUMENT
0001127602-22-003441,2022-02-04,2022-02-02,2022-02-04T23:28:08.000Z,,4,,,,4,9057,0,0,,xslF345X03/form4.xml,PRIMARY DOCUMENT
0001127602-22-003442,2022-02-04,2022-02-02,2022-02-04T23:29:10.000Z,,4,,,,4,9496,0,0,,xslF345X03/form4.xml,PRIMARY DOCUMENT
0001127602-22-003443,2022-02-04,2022-02-02,2022-02-04T23:30:31.000Z,,4,,,,4,10494,0,0,,xslF345X03/form4.xml,PRIMARY DOCUMENT
0001104659-22-016258,2022-02-09,,2022-02-09T20:15:56.000Z,34,SC 13G/A,005-42665,22606220,,SC 13G/A,13081,0,0,,tv0045-eversourceenergy.htm,SCHEDULE 13G/A
0001085146-22-000814,2022-02-11,,2022-02-11T00:04:39.000Z,34,SC 13G,005-42665,22615977,,SC 13G,27372,0,0,,esus_21022.htm,MAGELLAN ASSET MANAGEMENT LTD
0000093751-22-000204,2022-02-11,,2022-02-11T13:37:27.000Z,34,SC 13G/A,005-42665,22616921,,SC 13G/A,8753,0,0,,EVERSOURCE_ENERGY.txt,
0001104659-22-024270,2022-02-16,2022-02-16,2022-02-16T21:18:34.000Z,34,8-K,001-05324,22643796,"2.02,7.01,9.01",XBRL,6657115,1,1,,tm226658d1_8k.htm,FORM 8-K
0000072741-22-000015,2022-02-17,2021-12-31,2022-02-16T23:37:52.000Z,34,10-K,001-05324,22645087,,XBRL,47025833,1,1,,es-20211231.htm,10-K
0001127602-22-005427,2022-02-17,2022-02-15,2022-02-17T16:05:44.000Z,,4,,,,4,5685,0,0,,xslF345X03/form4.xml,PRIMARY DOCUMENT
0001127602-22-005428,2022-02-17,2022-02-15,2022-02-17T16:07:08.000Z,,4,,,,4,7377,0,0,,xslF345X03/form4.xml,PRIMARY DOCUMENT
0001127602-22-005429,2022-02-17,2022-02-15,2022-02-17T16:08:21.000Z,,4,,,,4,7437,0,0,,xslF345X03/form4.xml,PRIMARY DOCUMENT
0001127602-22-005430,2022-02-17,2022-02-15,2022-02-17T16:09:34.000Z,,4,,,,4,7412,0,0,,xslF345X03/form4.xml,PRIMARY DOCUMENT
0001127602-22-005431,2022-02-17,2022-02-15,2022-02-17T16:10:37.000Z,,4,,,,4,5608,0,0,,xslF345X03/form4.xml,PRIMARY DOCUMENT
0001127602-22-005432,2022-02-17,2022-02-15,2022-02-17T16:11:50.000Z,,4,,,,4,8185,0,0,,xslF345X03/form4.xml,PRIMARY DOCUMENT
0001127602-22-005433,2022-02-17,2022-02-15,2022-02-17T16:13:07.000Z,,4,,,,4,7055,0,0,,xslF345X03/form4.xml,PRIMARY DOCUMENT
0001127602-22-005434,2022-02-17,2022-02-15,2022-02-17T16:14:16.000Z,,4,,,,4,7459,0,0,,xslF345X03/form4.xml,PRIMARY DOCUMENT
0001127602-22-005435,2022-02-17,2022-02-15,2022-02-17T16:15:31.000Z,,4,,,,4,8491,0,0,,xslF345X03/form4.xml,PRIMARY DOCUMENT
0001104659-22-025422,2022-02-22,,2022-02-22T14:21:02.000Z,33,424B3,333-231118,22655490,,424B3,690815,0,0,,tm227039-1_424b3.htm,424B3
0001104659-22-025700,2022-02-22,,2022-02-22T21:59:39.000Z,34,FWP,333-231118,22659115,,FWP,18984,0,0,,tm227039d2_fwp.htm,FWP
0001104659-22-025707,2022-02-22,,2022-02-22T22:01:03.000Z,34,FWP,333-231118,22659147,,FWP,19519,0,0,,tm227039d3_fwp.htm,FWP
0001127602-22-006149,2022-02-23,2022-02-22,2022-02-23T15:40:50.000Z,,4,,,,4,5537,0,0,,xslF345X03/form4.xml,PRIMARY DOCUMENT
0001104659-22-026115,2022-02-23,,2022-02-23T21:28:34.000Z,33,424B5,333-231118,22664190,,424B5,736023,0,0,,tm227039-4_424b5.htm,424B5
0001104659-22-027341,2022-02-25,2022-02-25,2022-02-25T21:31:14.000Z,34,8-K,001-05324,22680639,"2.03,9.01",XBRL,824258,1,1,,tm227552d1_8k.htm,FORM 8-K
0001127602-22-006855,2022-02-25,2022-02-24,2022-02-25T22:32:53.000Z,,4,,,,4,4522,0,0,,xslF345X03/form4.xml,PRIMARY DOCUMENT
0001127602-22-007035,2022-02-28,2022-02-24,2022-02-28T21:36:22.000Z,,4,,,,4,7829,0,0,,xslF345X03/form4.xml,PRIMARY DOCUMENT
0001127602-22-007037,2022-02-28,2022-02-24,2022-02-28T21:37:56.000Z,,4,,,,4,9496,0,0,,xslF345X03/form4.xml,PRIMARY DOCUMENT
0001127602-22-007044,2022-02-28,2022-02-24,2022-02-28T21:41:44.000Z,,4,,,,4,9436,0,0,,xslF345X03/form4.xml,PRIMARY DOCUMENT
0001127602-22-007047,2022-02-28,2022-02-24,2022-02-28T21:42:48.000Z,,4,,,,4,9471,0,0,,xslF345X03/form4.xml,PRIMARY DOCUMENT
0001127602-22-007049,2022-02-28,2022-02-24,2022-02-28T21:44:30.000Z,,4,,,,4,7666,0,0,,xslF345X03/form4.xml,PRIMARY DOCUMENT
0001127602-22-007053,2022-02-28,2022-02-24,2022-02-28T21:46:18.000Z,,4,,,,4,10245,0,0,,xslF345X03/form4.xml,PRIMARY DOCUMENT
0001127602-22-007057,2022-02-28,2022-02-24,2022-02-28T21:47:47.000Z,,4,,,,4,9114,0,0,,xslF345X03/form4.xml,PRIMARY DOCUMENT
0001127602-22-007059,2022-02-28,2022-02-24,2022-02-28T21:49:15.000Z,,4,,,,4,9518,0,0,,xslF345X03/form4.xml,PRIMARY DOCUMENT
0001127602-22-007063,2022-02-28,2022-02-24,2022-02-28T21:51:08.000Z,,4,,,,4,10551,0,0,,xslF345X03/form4.xml,PRIMARY DOCUMENT
0001127602-22-008223,2022-03-04,2022-03-03,2022-03-04T19:49:27.000Z,,4,,,,4,7530,0,0,,xslF345X03/form4.xml,PRIMARY DOCUMENT
0001127602-22-008382,2022-03-07,2022-03-04,2022-03-07T19:56:46.000Z,,4,,,,4,4538,0,0,,xslF345X03/form4.xml,PRIMARY DOCUMENT
0001104659-22-031516,2022-03-08,,2022-03-08T21:12:55.000Z,34,425,001-05324,22721868,,425,37394,0,0,,tm228722d2_425.htm,425
0001104659-22-031521,2022-03-08,,2022-03-08T21:14:04.000Z,34,425,001-05324,22721889,,425,16834,0,0,,tm228722d1_425.htm,425
0001104659-22-038092,2022-03-25,2022-05-04,2022-03-25T20:15:27.000Z,34,DEF 14A,001-05324,22771542,,DEF 14A,6937699,0,0,,tm223436-1_def14a.htm,DEF 14A
0001104659-22-038099,2022-03-25,,2022-03-25T20:17:30.000Z,34,DEFA14A,001-05324,22771651,,DEFA14A,520724,0,0,,tm223436d3_defa14a.htm,DEFA14A
0001127602-22-011661,2022-04-06,2022-04-05,2022-04-06T17:24:05.000Z,,4,,,,4,5652,0,0,,xslF345X03/form4.xml,PRIMARY DOCUMENT
0001104659-22-045537,2022-04-13,,2022-04-13T21:00:56.000Z,33,S-3ASR,333-264278,22825251,,S-3ASR,1566815,0,0,,tm2212368-1_s3asr.htm,S-3ASR
0001104659-22-045552,2022-04-13,,2022-04-13T21:11:16.000Z,33,S-4,333-264281,22825345,,S-4,2896930,0,0,,tm2212433-1_s4.htm,S-4
0000000000-22-004255,2022-04-20,,2022-04-20T20:30:05.000Z,,UPLOAD,,,,LETTER,40373,0,0,,filename1.pdf,
0001104659-22-055901,2022-05-04,2022-05-04,2022-05-04T21:06:35.000Z,34,8-K,001-05324,22892489,"2.02,5.02,5.07,7.01,9.01",XBRL,3537166,1,1,,tm2214420d1_8k.htm,FORM 8-K
0000072741-22-000019,2022-05-06,2022-03-31,2022-05-06T18:34:30.000Z,34,10-Q,001-05324,22900452,,XBRL,18138631,1,1,,es-20220331.htm,10-Q
0001104659-22-056957,2022-05-06,,2022-05-06T19:38:41.000Z,33,S-4/A,333-264281,22900788,,S-4/A,3357056,0,0,,tm2212433-3_s4a.htm,S-4/A
0001127602-22-013945,2022-05-10,2022-05-04,2022-05-10T20:01:17.000Z,,3,,,,3,8346,0,0,,xslF345X02/form3.xml,PRIMARY DOCUMENT
0001127602-22-013984,2022-05-10,2022-05-09,2022-05-10T20:30:18.000Z,,4,,,,4,6836,0,0,,xslF345X03/form4.xml,PRIMARY DOCUMENT
0001104659-22-058837,2022-05-11,,2022-05-11T20:45:44.000Z,33,424B2,333-264278,22914431,,424B2,495454,0,0,,tm2215026-1_424b2.htm,424B2
0001104659-22-058840,2022-05-11,2022-05-11,2022-05-11T20:49:15.000Z,34,8-K,001-05324,22914461,"8.01,9.01",XBRL,580282,1,1,,tm2215026d2_8k.htm,FORM 8-K
0001127602-22-014271,2022-05-12,2022-05-10,2022-05-12T20:28:14.000Z,,4,,,,4,7264,0,0,,xslF345X03/form4.xml,PRIMARY DOCUMENT
0001127602-22-014276,2022-05-12,2022-05-11,2022-05-12T20:42:56.000Z,,4,,,,4,7721,0,0,,xslF345X03/form4.xml,PRIMARY DOCUMENT
0001104659-22-059548,2022-05-12,,2022-05-12T21:11:27.000Z,33,S-4/A,333-264281,22918926,,S-4/A,3849517,0,0,,tm2212433-7_s4a.htm,S-4/A
0001104659-22-060076,2022-05-13,,2022-05-13T16:12:23.000Z,,CORRESP,,,,CORRESP,13930,0,0,,filename1.htm,
0001104659-22-061823,2022-05-17,,2022-05-17T15:09:11.000Z,33,424B3,333-264281,22932943,,424B3,2683025,0,0,,tm2212433-9_424b3.htm,424B3
9999999995-22-001509,2022-05-17,,2022-05-18T04:15:28.000Z,33,EFFECT,333-264281,22936935,"S-4,,2022-05-17 09:00:00",EFFECT,1838,0,0,,xslEFFECTX01/primary_doc.xml,
0001127602-22-015717,2022-05-26,2022-05-24,2022-05-26T14:21:11.000Z,,4,,,,4,7755,0,0,,xslF345X03/form4.xml,PRIMARY DOCUMENT
0001127602-22-016257,2022-06-02,2022-06-01,2022-06-02T13:01:23.000Z,,4,,,,4,5728,0,0,,xslF345X03/form4.xml,PRIMARY DOCUMENT
0000072741-22-000022,2022-06-16,2021-12-31,2022-06-16T18:58:07.000Z,34,11-K,001-05324,221020297,,11-K,230696,0,0,,a2021form11-k.htm,2021 FORM 11-K EVERSOURCE
0001104659-22-073297,2022-06-22,,2022-06-22T13:18:44.000Z,33,424B3,333-264278,221030310,,424B3,690783,0,0,,tm2218819-1_424b3.htm,424B3
0001104659-22-073553,2022-06-22,,2022-06-22T20:49:22.000Z,34,FWP,333-264278,221032612,,FWP,13515,0,0,,tm2218819d2_fwp.htm,FWP
0001104659-22-073555,2022-06-22,,2022-06-22T20:49:58.000Z,34,FWP,333-264278,221032615,,FWP,13542,0,0,,tm2218819d3_fwp.htm,FWP
0001104659-22-073904,2022-06-23,,2022-06-23T20:16:32.000Z,33,424B5,333-264278,221035706,,424B5,722309,0,0,,tm2218819-4_424b5.htm,424B5
0001104659-22-074756,2022-06-27,2022-06-27,2022-06-27T20:15:36.000Z,34,8-K,001-05324,221044732,"2.03,9.01",XBRL,663821,1,1,,tm2219446d1_8k.htm,FORM 8-K
0001127602-22-018193,2022-06-28,2022-06-01,2022-06-28T18:03:41.000Z,,4,,,,4,10178,0,0,,xslF345X03/form4.xml,PRIMARY DOCUMENT
0001104659-22-083669,2022-07-28,2022-07-28,2022-07-28T20:25:09.000Z,34,8-K,001-05324,221115540,"2.02,7.01,9.01",XBRL,4681388,1,1,,tm2221991d1_8k.htm,FORM 8-K
0000072741-22-000026,2022-08-04,2022-06-30,2022-08-04T18:36:53.000Z,34,10-Q,001-05324,221136078,,XBRL,22409619,1,1,,es-20220630.htm,10-Q
0001127602-22-021762,2022-08-30,2022-08-29,2022-08-30T20:03:39.000Z,,4,,,,4,7783,0,0,,xslF345X03/form4.xml,PRIMARY DOCUMENT
0001104659-22-100867,2022-09-16,2022-09-16,2022-09-16T20:42:30.000Z,34,8-K,001-05324,221248548,"5.02,8.01,9.01",XBRL,217627,1,1,,tm2226022d1_8k.htm,FORM 8-K
0001104659-22-113970,2022-11-02,2022-11-02,2022-11-02T20:18:12.000Z,34,8-K,001-05324,221354349,"2.02,7.01,9.01",XBRL,4385875,1,1,,tm2229470d1_8k.htm,FORM 8-K
0000072741-22-000030,2022-11-04,2022-09-30,2022-11-04T18:09:46.000Z,34,10-Q,001-05324,221361703,,XBRL,26702902,1,1,,es-20220930.htm,10-Q
0001104659-22-125455,2022-12-08,2022-12-06,2022-12-08T20:05:17.000Z,34,8-K,001-05324,221452256,"5.02,9.01",XBRL,230889,1,1,,tm2232057d1_8k.htm,FORM 8-K
0001127602-23-001062,2023-01-06,2023-01-01,2023-01-06T21:03:54.000Z,,3,,,,3,3498,0,0,,xslF345X02/form3.xml,PRIMARY DOCUMENT
0001127602-23-001099,2023-01-06,2023-01-01,2023-01-06T23:13:34.000Z,,3/A,,,,3/A,7694,0,0,,xslF345X02/form3a.xml,PRIMARY DOCUMENT
0001127602-23-001781,2023-01-19,2023-01-17,2023-01-19T21:21:31.000Z,,4,,,,4,4747,0,0,,xslF345X03/form4.xml,PRIMARY DOCUMENT
0001127602-23-001784,2023-01-19,2023-01-17,2023-01-19T21:26:03.000Z,,4,,,,4,6683,0,0,,xslF345X03/form4.xml,PRIMARY DOCUMENT
0001127602-23-001785,2023-01-19,2023-01-17,2023-01-19T21:27:47.000Z,,4,,,,4,5594,0,0,,xslF345X03/form4.xml,PRIMARY DOCUMENT
0001127602-23-001786,2023-01-19,2023-01-17,2023-01-19T21:29:33.000Z,,4,,,,4,4955,0,0,,xslF345X03/form4.xml,PRIMARY DOCUMENT
0001127602-23-001787,2023-01-19,2023-01-17,2023-01-19T21:31:28.000Z,,4,,,,4,4870,0,0,,xslF345X03/form4.xml,PRIMARY DOCUMENT
0001127602-23-001788,2023-01-19,2023-01-17,2023-01-19T21:32:50.000Z,,4,,,,4,4783,0,0,,xslF345X03/form4.xml,PRIMARY DOCUMENT
0001127602-23-001791,2023-01-19,2023-01-17,2023-01-19T21:34:04.000Z,,4,,,,4,5540,0,0,,xslF345X03/form4.xml,PRIMARY DOCUMENT
0001127602-23-001792,2023-01-19,2023-01-17,2023-01-19T21:35:24.000Z,,4,,,,4,4874,0,0,,xslF345X03/form4.xml,PRIMARY DOCUMENT
0001127602-23-001793,2023-01-19,2023-01-17,2023-01-19T21:36:31.000Z,,4,,,,4,4873,0,0,,xslF345X03/form4.xml,PRIMARY DOCUMENT
0001127602-23-001797,2023-01-19,2023-01-17,2023-01-19T21:37:45.000Z,,4,,,,4,6516,0,0,,xslF345X03/form4.xml,PRIMARY DOCUMENT
0001127602-23-001798,2023-01-19,2023-01-17,2023-01-19T21:39:07.000Z,,4,,,,4,6552,0,0,,xslF345X03/form4.xml,PRIMARY DOCUMENT
0001127602-23-001885,2023-01-20,2023-01-19,2023-01-20T16:06:02.000Z,,4,,,,4,6497,0,0,,xslF345X03/form4.xml,PRIMARY DOCUMENT
0001306550-23-001148,2023-01-20,,2023-01-20T20:00:22.000Z,34,SC 13G,005-42665,23540685,,SC 13G,13717,0,0,,us30040w1080_012023.txt,
0001306550-23-004460,2023-01-26,,2023-01-26T13:52:23.000Z,34,SC 13G/A,005-42665,23554696,,SC 13G/A,13754,0,0,,us30040w1080_012623.txt,
0001127602-23-003361,2023-02-03,2023-02-01,2023-02-03T21:46:32.000Z,,4,,,,4,7863,0,0,,xslF345X03/form4.xml,PRIMARY DOCUMENT
0001127602-23-003363,2023-02-03,2023-02-01,2023-02-03T21:49:25.000Z,,4,,,,4,9438,0,0,,xslF345X03/form4.xml,PRIMARY DOCUMENT
0001127602-23-003365,2023-02-03,2023-02-01,2023-02-03T21:51:10.000Z,,4,,,,4,9378,0,0,,xslF345X03/form4.xml,PRIMARY DOCUMENT
0001127602-23-003367,2023-02-03,2023-02-01,2023-02-03T21:52:31.000Z,,4,,,,4,9412,0,0,,xslF345X03/form4.xml,PRIMARY DOCUMENT
0001127602-23-003370,2023-02-03,2023-02-01,2023-02-03T21:53:58.000Z,,4,,,,4,7682,0,0,,xslF345X03/form4.xml,PRIMARY DOCUMENT
0001127602-23-003371,2023-02-03,2023-02-01,2023-02-03T21:55:03.000Z,,4,,,,4,7582,0,0,,xslF345X03/form4.xml,PRIMARY DOCUMENT
0001127602-23-003373,2023-02-03,2023-02-01,2023-02-03T21:56:09.000Z,,4,,,,4,9478,0,0,,xslF345X03/form4.xml,PRIMARY DOCUMENT
0001127602-23-003374,2023-02-03,2023-02-01,2023-02-03T21:58:04.000Z,,4,,,,4,10495,0,0,,xslF345X03/form4.xml,PRIMARY DOCUMENT
0000093751-23-000250,2023-02-06,,2023-02-06T19:07:03.000Z,34,SC 13G/A,005-42665,23589799,,SC 13G/A,8833,0,0,,Eversource_Energy.txt,
0001104659-23-015095,2023-02-09,,2023-02-09T15:54:46.000Z,34,SC 13G/A,005-42665,23602052,,SC 13G/A,13086,0,0,,tv0057-eversourceenergy.htm,SCHEDULE 13G/A
0001104659-23-019714,2023-02-13,2023-02-13,2023-02-13T21:17:24.000Z,34,8-K,001-05324,23618729,"2.02,7.01,9.01",XBRL,10919560,1,1,,tm236481d1_8k.htm,FORM 8-K
0000072741-23-000004,2023-02-15,2022-12-31,2023-02-15T22:31:58.000Z,34,10-K,001-05324,23636503,,XBRL,45154407,1,1,,es-20221231.htm,10-K
0001127602-23-005796,2023-02-17,2023-02-15,2023-02-17T20:50:42.000Z,,4,,,,4,5686,0,0,,xslF345X03/form4.xml,PRIMARY DOCUMENT
0001127602-23-005797,2023-02-17,2023-02-15,2023-02-17T20:52:10.000Z,,4,,,,4,7437,0,0,,xslF345X03/form4.xml,PRIMARY DOCUMENT
0001127602-23-005798,2023-02-17,2023-02-15,2023-02-17T20:53:57.000Z,,4,,,,4,7377,0,0,,xslF345X03/form4.xml,PRIMARY DOCUMENT
0001127602-23-005799,2023-02-17,2023-02-15,2023-02-17T20:55:19.000Z,,4,,,,4,7411,0,0,,xslF345X03/form4.xml,PRIMARY DOCUMENT
0001127602-23-005800,2023-02-17,2023-02-15,2023-02-17T20:56:39.000Z,,4,,,,4,5580,0,0,,xslF345X03/form4.xml,PRIMARY DOCUMENT
0001127602-23-005802,2023-02-17,2023-02-15,2023-02-17T20:57:37.000Z,,4,,,,4,7476,0,0,,xslF345X03/form4.xml,PRIMARY DOCUMENT
0001127602-23-005803,2023-02-17,2023-02-15,2023-02-17T20:58:44.000Z,,4,,,,4,8492,0,0,,xslF345X03/form4.xml,PRIMARY DOCUMENT
0001127602-23-005804,2023-02-17,2023-02-16,2023-02-17T21:00:00.000Z,,4,,,,4,6343,0,0,,xslF345X03/form4.xml,PRIMARY DOCUMENT
0001127602-23-007004,2023-02-24,2023-02-22,2023-02-24T20:27:56.000Z,,4,,,,4,5686,0,0,,xslF345X03/form4.xml,PRIMARY DOCUMENT
0001127602-23-007005,2023-02-24,2023-02-22,2023-02-24T20:30:23.000Z,,4,,,,4,7437,0,0,,xslF345X03/form4.xml,PRIMARY DOCUMENT
0001127602-23-007006,2023-02-24,2023-02-22,2023-02-24T20:31:34.000Z,,4,,,,4,7377,0,0,,xslF345X03/form4.xml,PRIMARY DOCUMENT
0001127602-23-007007,2023-02-24,2023-02-22,2023-02-24T20:32:37.000Z,,4,,,,4,7411,0,0,,xslF345X03/form4.xml,PRIMARY DOCUMENT
0001127602-23-007008,2023-02-24,2023-02-22,2023-02-24T20:33:56.000Z,,4,,,,4,7476,0,0,,xslF345X03/form4.xml,PRIMARY DOCUMENT
0001127602-23-007009,2023-02-24,2023-02-22,2023-02-24T20:35:10.000Z,,4,,,,4,5580,0,0,,xslF345X03/form4.xml,PRIMARY DOCUMENT
0001127602-23-007011,2023-02-24,2023-02-22,2023-02-24T20:37:08.000Z,,4,,,,4,8492,0,0,,xslF345X03/form4.xml,PRIMARY DOCUMENT
0001104659-23-027035,2023-03-01,,2023-03-01T13:44:26.000Z,33,424B3,333-264278,23689941,,424B3,695028,0,0,,tm237874-1_424b3.htm,424B3
0001104659-23-027362,2023-03-01,,2023-03-01T21:40:14.000Z,34,FWP,333-264278,23694293,,FWP,10765,0,0,,tm237874d2_fwp.htm,FWP
0001104659-23-027914,2023-03-02,,2023-03-02T21:06:17.000Z,33,424B5,333-264278,23698878,,424B5,718676,0,0,,tm237874-3_424b5.htm,424B5
0001959173-23-000126,2023-03-03,,2023-03-03T21:31:18.000Z,33,144,001-05324,23704633,,144,4342,0,0,,xsl144X01/primary_doc.xml,
0001104659-23-028995,2023-03-06,2023-03-06,2023-03-06T21:05:31.000Z,34,8-K,001-05324,23708917,"2.03,9.01",XBRL,599381,1,1,,tm238564d1_8k.htm,FORM 8-K
0001127602-23-009108,2023-03-06,2023-03-03,2023-03-06T22:12:01.000Z,,4,,,,4,5015,0,0,,xslF345X03/form4.xml,PRIMARY DOCUMENT
0001104659-23-031154,2023-03-10,,2023-03-10T21:02:01.000Z,34,PRE 14A,001-05324,23723543,,XBRL,15992093,1,1,,tm231858-1_pre14a.htm,PRE 14A
0001104659-23-032351,2023-03-14,2023-03-14,2023-03-14T21:13:35.000Z,34,8-K,001-05324,23731980,"5.02,9.01",XBRL,220516,1,1,,tm239425d1_8k.htm,FORM 8-K
0001104659-23-036597,2023-03-24,,2023-03-24T20:01:40.000Z,34,DEF 14A,001-05324,23759831,,XBRL,15875040,1,1,,tm231858d4_def14a.htm,FORM DEF 14A
0001104659-23-036605,2023-03-24,,2023-03-24T20:04:24.000Z,34,DEFA14A,001-05324,23759862,,DEFA14A,1413027,0,0,,tm231858d5_defa14a.htm,DEFA14A
0001104659-23-036619,2023-03-24,2022-12-31,2023-03-24T20:11:37.000Z,34,ARS,001-05324,23759981,,ARS,3205565,0,0,,tm231858d6_ars.pdf,ARS
0001104659-23-040817,2023-04-03,,2023-04-03T20:01:34.000Z,34,DEFR14A,001-05324,23792549,,DEFR14A,29314,0,0,,tm231858d7_defr14a.htm,DEFR14A
0001104659-23-055512,2023-05-03,2023-05-03,2023-05-03T20:19:38.000Z,34,8-K,001-05324,23884290,"2.02,5.02,5.07,7.01,9.01",XBRL,6875618,1,1,,tm2314460d1_8k.htm,FORM 8-K
0000072741-23-000008,2023-05-05,2023-03-31,2023-05-05T18:05:19.000Z,34,10-Q,001-05324,23892914,,XBRL,18017806,1,1,,es-20230331.htm,10-Q
0001104659-23-056897,2023-05-08,,2023-05-08T12:43:47.000Z,33,424B3,333-264278,23895990,,424B3,776975,0,0,,tm2314646-1_424b5.htm,424B5
0001104659-23-057312,2023-05-09,,2023-05-08T22:47:16.000Z,34,FWP,333-264278,23899451,,FWP,16197,0,0,,tm2314646d2_fwp.htm,FWP
0001104659-23-057313,2023-05-09,,2023-05-08T22:50:23.000Z,34,FWP,333-264278,23899457,,FWP,22407,0,0,,tm2314646d3_fwp.htm,FWP
0001104659-23-057314,2023-05-09,,2023-05-08T22:52:32.000Z,34,FWP,333-264278,23899464,,FWP,13811,0,0,,tm2314646d4_fwp.htm,FWP
0001104659-23-057733,2023-05-09,,2023-05-09T20:13:06.000Z,33,424B5,333-264278,23902148,,424B5,844949,0,0,,tm2314646-5_424b5.htm,424B5
0001104659-23-059108,2023-05-11,2023-05-11,2023-05-11T20:05:05.000Z,34,8-K,001-05324,23910881,"2.03,9.01",8-K,783762,0,0,,tm2314646d7_8k.htm,FORM 8-K
0001104659-23-064664,2023-05-25,2023-05-25,2023-05-25T20:33:41.000Z,34,8-K,001-05324,23961296,"2.06,7.01,8.01,9.01",XBRL,280184,1,1,,tm2316963d1_8k.htm,FORM 8-K
0001104659-23-065510,2023-05-26,2023-05-26,2023-05-26T20:36:13.000Z,34,8-K,001-05324,23969640,"5.02,9.01",XBRL,246204,1,1,,tm2317096d1_8k.htm,FORM 8-K
0001127602-23-018430,2023-06-09,2023-06-01,2023-06-09T20:20:24.000Z,,3,,,,3,7131,0,0,,xslF345X02/form3.xml,PRIMARY DOCUMENT
0000072741-23-000012,2023-06-20,2022-12-31,2023-06-20T20:25:02.000Z,34,11-K,001-05324,231025429,,11-K,198608,0,0,,a2022form11-k.htm,2022 FORM 11-K EVERSOURCE
0001127602-23-020450,2023-07-07,2023-07-05,2023-07-07T18:33:53.000Z,,4,,,,4,4881,0,0,,xslF345X04/form4.xml,PRIMARY DOCUMENT
0001104659-23-085829,2023-07-31,2023-07-31,2023-07-31T20:16:37.000Z,34,8-K,001-05324,231127609,"2.02,7.01,9.01",XBRL,4839665,1,1,,tm2322421d1_8k.htm,FORM 8-K
0000072741-23-000016,2023-08-04,2023-06-30,2023-08-04T17:52:03.000Z,34,10-Q,001-05324,231143308,,XBRL,19910441,1,1,,es-20230630.htm,10-Q
0001959173-23-003288,2023-08-16,,2023-08-16T16:27:59.000Z,33,144,001-05324,231177331,,144,5417,0,0,,xsl144X01/primary_doc.xml,
0001127602-23-022905,2023-08-18,2023-08-16,2023-08-18T14:34:54.000Z,,4,,,,4,7817,0,0,,xslF345X05/form4.xml,PRIMARY DOCUMENT
0001104659-23-098977,2023-09-07,2023-09-07,2023-09-07T20:51:21.000Z,34,8-K,001-05324,231242856,"7.01,8.01,9.01",XBRL,262135,1,1,,tm2325665d1_8k.htm,FORM 8-K
0001104659-23-101645,2023-09-18,2023-09-14,2023-09-18T20:56:40.000Z,34,8-K,001-05324,231261730,"5.02,9.01",XBRL,233537,1,1,,tm2326210d1_8k.htm,FORM 8-K
0001959173-23-004004,2023-09-19,,2023-09-19T15:53:22.000Z,33,144,001-05324,231262945,,144,13452,0,0,,xsl144X01/primary_doc.xml,
0001104659-23-108569,2023-10-11,,2023-10-11T20:21:12.000Z,33,S-8,333-274943,231320905,,S-8,74563,0,0,,tm2328069d1_s8.htm,FORM S-8
0001104659-23-114448,2023-11-06,2023-11-06,2023-11-06T11:12:53.000Z,34,8-K,001-05324,231378020,"2.02,7.01,9.01",XBRL,3702911,1,1,,tm2329915d1_8k.htm,FORM 8-K
0000072741-23-000020,2023-11-07,2023-09-30,2023-11-07T18:11:59.000Z,34,10-Q,001-05324,231382750,,XBRL,20367678,1,1,,es-20230930.htm,Q3 2023 FORM 10-Q
0001104659-23-115536,2023-11-08,,2023-11-08T13:36:48.000Z,33,424B3,333-264278,231386136,,424B3,683363,0,0,,tm2330054-1_424b3.htm,424B3
0001104659-23-115711,2023-11-08,,2023-11-08T21:00:07.000Z,34,FWP,333-264278,231387638,,FWP,16237,0,0,,tm2330054d2_fwp.htm,FWP
0001104659-23-116270,2023-11-09,,2023-11-09T21:06:52.000Z,33,424B5,333-264278,231392361,,424B5,721650,0,0,,tm2330054-3_424b5.htm,424B5
0001104659-23-116519,2023-11-13,2023-11-10,2023-11-13T11:07:31.000Z,34,8-K,001-05324,231394680,"2.03,9.01",XBRL,593879,1,1,,tm2330414d1_8k.htm,FORM 8-K
0001127602-23-027759,2023-11-17,2023-11-13,2023-11-17T18:38:06.000Z,,3,,,,3,7410,0,0,,xslF345X02/form3.xml,PRIMARY DOCUMENT
0001127602-23-028153,2023-11-21,2023-11-17,2023-11-21T22:21:34.000Z,,4,,,,4,7449,0,0,,xslF345X05/form4.xml,PRIMARY DOCUMENT
0001127602-23-028154,2023-11-21,2023-11-17,2023-11-21T22:23:07.000Z,,4,,,,4,4937,0,0,,xslF345X05/form4.xml,PRIMARY DOCUMENT
0001104659-23-124692,2023-12-08,2023-12-04,2023-12-08T21:15:31.000Z,34,8-K,001-05324,231475569,5.02,XBRL,203752,1,1,,tm2332504d1_8k.htm,FORM 8-K
0001104659-23-125011,2023-12-11,2023-12-05,2023-12-11T21:24:41.000Z,34,8-K,001-05324,231478462,"5.02,9.01",XBRL,222965,1,1,,tm2332635d1_8k.htm,FORM 8-K
0001104659-24-002248,2024-01-08,2024-01-08,2024-01-08T21:17:36.000Z,34,8-K,001-05324,24520365,"2.02,7.01,8.01,9.01",XBRL,272750,1,1,,tm242419d1_8k.htm,FORM 8-K
0001104659-24-003912,2024-01-16,,2024-01-16T13:43:04.000Z,33,424B3,333-264278,24533786,,424B3,710312,0,0,,tm2333828-1_424b3.htm,424B3
0001104659-24-004120,2024-01-16,,2024-01-16T21:29:06.000Z,34,FWP,333-264278,24535525,,FWP,11257,0,0,,tm243250d1_fwp.htm,FWP
0001104659-24-004129,2024-01-16,,2024-01-16T21:34:01.000Z,34,FWP,333-264278,24535600,,FWP,12824,0,0,,tm243250d2_fwp.htm,FWP
0001104659-24-004475,2024-01-17,,2024-01-17T21:15:50.000Z,33,424B5,333-264278,24538588,,424B5,746064,0,0,,tm2333828-2_424b5.htm,424B5
0001959173-24-000345,2024-01-18,,2024-01-18T15:10:05.000Z,33,144,001-05324,24540388,,144,4510,0,0,,xsl144X01/primary_doc.xml,
0001127602-24-001587,2024-01-18,2024-01-08,2024-01-18T21:27:56.000Z,,3,,,,3,7432,0,0,,xslF345X02/form3.xml,PRIMARY DOCUMENT
0001127602-24-001588,2024-01-18,2024-01-16,2024-01-18T21:31:32.000Z,,4,,,,4,5058,0,0,,xslF345X05/form4.xml,PRIMARY DOCUMENT
0001127602-24-001589,2024-01-18,2024-01-16,2024-01-18T21:32:53.000Z,,4,,,,4,4871,0,0,,xslF345X05/form4.xml,PRIMARY DOCUMENT
0001127602-24-001590,2024-01-18,2024-01-16,2024-01-18T21:34:19.000Z,,4,,,,4,4995,0,0,,xslF345X05/form4.xml,PRIMARY DOCUMENT
0001127602-24-001591,2024-01-18,2024-01-16,2024-01-18T21:35:30.000Z,,4,,,,4,4907,0,0,,xslF345X05/form4.xml,PRIMARY DOCUMENT
0001127602-24-001592,2024-01-18,2024-01-16,2024-01-18T21:36:55.000Z,,4,,,,4,5664,0,0,,xslF345X05/form4.xml,PRIMARY DOCUMENT
0001127602-24-001593,2024-01-18,2024-01-16,2024-01-18T21:39:13.000Z,,4,,,,4,4998,0,0,,xslF345X05/form4.xml,PRIMARY DOCUMENT
0001127602-24-001594,2024-01-18,2024-01-16,2024-01-18T21:44:17.000Z,,4,,,,4,4998,0,0,,xslF345X05/form4.xml,PRIMARY DOCUMENT
0001127602-24-001595,2024-01-18,2024-01-16,2024-01-18T21:45:46.000Z,,4,,,,4,4828,0,0,,xslF345X05/form4.xml,PRIMARY DOCUMENT
0001127602-24-001607,2024-01-18,2024-01-16,2024-01-18T21:57:40.000Z,,4,,,,4,6696,0,0,,xslF345X05/form4.xml,PRIMARY DOCUMENT
0001127602-24-001613,2024-01-18,2024-01-16,2024-01-18T22:42:11.000Z,,4,,,,4,6660,0,0,,xslF345X05/form4.xml,PRIMARY DOCUMENT
0001127602-24-001720,2024-01-19,2024-01-18,2024-01-19T19:56:45.000Z,,4,,,,4,6641,0,0,,xslF345X05/form4.xml,PRIMARY DOCUMENT
0001127602-24-001721,2024-01-19,2024-01-16,2024-01-19T20:00:01.000Z,,4,,,,4,5718,0,0,,xslF345X05/form4.xml,PRIMARY DOCUMENT
0001104659-24-005207,2024-01-19,2024-01-19,2024-01-19T21:08:50.000Z,34,8-K,001-05324,24545664,"2.03,9.01",XBRL,662702,1,1,,tm243665d1_8k.htm,FORM 8-K
0001086364-24-002075,2024-01-24,,2024-01-24T14:46:44.000Z,34,SC 13G/A,005-42665,24554661,,SC 13G/A,13967,0,0,,us30040w1080_012324.txt,
0001104659-24-006305,2024-01-24,2024-01-24,2024-01-24T22:23:35.000Z,34,8-K,001-05324,24557731,"2.02,7.01,8.01,9.01",XBRL,242893,1,1,,tm244047d1_8k.htm,FORM 8-K
0001104659-24-006744,2024-01-25,2024-01-25,2024-01-25T22:16:02.000Z,34,8-K,001-05324,24563189,"8.01,9.01",XBRL,241125,1,1,,tm244157d1_8k.htm,FORM 8-K
0000093751-24-000331,2024-01-29,,2024-01-29T16:24:56.000Z,34,SC 13G/A,005-42665,24571683,,SC 13G/A,8835,0,0,,Eversource_Energy.txt,
0001127602-24-003215,2024-02-02,2024-01-31,2024-02-02T23:30:56.000Z,,4,,,,4,7896,0,0,,xslF345X05/form4.xml,PRIMARY DOCUMENT
0001127602-24-003222,2024-02-02,2024-01-31,2024-02-02T23:35:15.000Z,,4,,,,4,9674,0,0,,xslF345X05/form4.xml,PRIMARY DOCUMENT
0001127602-24-003230,2024-02-02,2024-01-31,2024-02-02T23:38:30.000Z,,4,,,,4,5069,0,0,,xslF345X05/form4.xml,PRIMARY DOCUMENT
0001127602-24-003241,2024-02-02,2024-01-31,2024-02-02T23:44:35.000Z,,4,,,,4,9650,0,0,,xslF345X05/form4.xml,PRIMARY DOCUMENT
0001127602-24-003248,2024-02-02,2024-01-31,2024-02-02T23:47:06.000Z,,4,,,,4,7806,0,0,,xslF345X05/form4.xml,PRIMARY DOCUMENT
0001127602-24-003253,2024-02-02,2024-01-31,2024-02-02T23:49:40.000Z,,4,,,,4,7779,0,0,,xslF345X05/form4.xml,PRIMARY DOCUMENT
0001127602-24-003260,2024-02-02,2024-01-31,2024-02-02T23:52:45.000Z,,4,,,,4,9715,0,0,,xslF345X05/form4.xml,PRIMARY DOCUMENT
0001127602-24-003264,2024-02-02,2024-01-31,2024-02-02T23:55:29.000Z,,4,,,,4,5002,0,0,,xslF345X05/form4.xml,PRIMARY DOCUMENT
0001104659-24-020053,2024-02-13,,2024-02-13T21:55:49.000Z,34,SC 13G/A,005-42665,24627069,,SC 13G/A,13179,0,0,,tv0061-eversourceenergy.htm,SCHEDULE 13G/A
0001104659-24-022555,2024-02-14,2024-02-13,2024-02-14T02:22:02.000Z,34,8-K,001-05324,24631579,"1.01,7.01,9.01",XBRL,1175527,1,1,,tm246024d1_8k.htm,FORM 8-K
0001104659-24-022557,2024-02-14,2024-02-13,2024-02-14T02:24:23.000Z,34,8-K,001-05324,24631584,"2.02,7.01,9.01",XBRL,18916886,1,1,,tm245877d1_8k.htm,FORM 8-K
0000072741-24-000005,2024-02-14,2023-12-31,2024-02-14T22:17:22.000Z,34,10-K,001-05324,24640591,,XBRL,39012794,1,1,,es-20231231.htm,EVERSOURCE 10-K
0001127602-24-005797,2024-02-20,2024-02-15,2024-02-20T22:04:13.000Z,,4,,,,4,5810,0,0,,xslF345X05/form4.xml,PRIMARY DOCUMENT
0001127602-24-005800,2024-02-20,2024-02-15,2024-02-20T22:05:45.000Z,,4,,,,4,7561,0,0,,xslF345X05/form4.xml,PRIMARY DOCUMENT
0001127602-24-005803,2024-02-20,2024-02-15,2024-02-20T22:08:30.000Z,,4,,,,4,5715,0,0,,xslF345X05/form4.xml,PRIMARY DOCUMENT
0001127602-24-005804,2024-02-20,2024-02-15,2024-02-20T22:09:43.000Z,,4,,,,4,5704,0,0,,xslF345X05/form4.xml,PRIMARY DOCUMENT
0001127602-24-005807,2024-02-20,2024-02-15,2024-02-20T22:11:06.000Z,,4,,,,4,7601,0,0,,xslF345X05/form4.xml,PRIMARY DOCUMENT
0001127602-24-005814,2024-02-20,2024-02-15,2024-02-20T22:17:21.000Z,,4,,,,4,7536,0,0,,xslF345X05/form4.xml,PRIMARY DOCUMENT
0001127602-24-006512,2024-02-23,2024-02-21,2024-02-23T19:39:26.000Z,,4,,,,4,5793,0,0,,xslF345X05/form4.xml,PRIMARY DOCUMENT
0001127602-24-006515,2024-02-23,2024-02-21,2024-02-23T19:41:17.000Z,,4,,,,4,7561,0,0,,xslF345X05/form4.xml,PRIMARY DOCUMENT
0001127602-24-006517,2024-02-23,2024-02-21,2024-02-23T19:42:55.000Z,,4,,,,4,7536,0,0,,xslF345X05/form4.xml,PRIMARY DOCUMENT
0001127602-24-006520,2024-02-23,2024-02-21,2024-02-23T19:44:25.000Z,,4,,,,4,5704,0,0,,xslF345X05/form4.xml,PRIMARY DOCUMENT
0001127602-24-006523,2024-02-23,2024-02-21,2024-02-23T19:46:00.000Z,,4,,,,4,7601,0,0,,xslF345X05/form4.xml,PRIMARY DOCUMENT
0001959173-24-001386,2024-02-26,,2024-02-26T20:23:57.000Z,33,144,001-05324,24677936,,144,4442,0,0,,xsl144X01/primary_doc.xml,
0001127602-24-007488,2024-02-28,2024-02-26,2024-02-28T22:32:00.000Z,,4,,,,4,6961,0,0,,xslF345X05/form4.xml,PRIMARY DOCUMENT
0001104659-24-029234,2024-02-29,2024-02-29,2024-02-29T17:01:39.000Z,34,8-K,001-05324,24700843,"8.01,9.01",XBRL,228147,1,1,,tm247576d1_8k.htm,FORM 8-K
0001959173-24-001731,2024-03-01,,2024-03-01T23:39:25.000Z,33,144,001-05324,24712217,,144,4430,0,0,,xsl144X01/primary_doc.xml,
0001127602-24-008504,2024-03-05,2024-03-01,2024-03-05T21:06:49.000Z,,4,,,,4,4646,0,0,,xslF345X05/form4.xml,PRIMARY DOCUMENT
0001104659-24-037859,2024-03-22,,2024-03-22T20:05:56.000Z,34,DEFA14A,001-05324,24775216,,DEFA14A,821188,0,0,,tm242691d3_defa14a.htm,DEFA14A
0001104659-24-037863,2024-03-22,2024-05-01,2024-03-22T20:07:26.000Z,34,DEF 14A,001-05324,24775250,,XBRL,8017867,1,1,,tm242691-d2_def14a.htm,FORM DEF 14A
0001104659-24-037866,2024-03-22,2023-12-31,2024-03-22T20:09:02.000Z,34,ARS,001-05324,24775277,,ARS,24669860,0,0,,tm249554d1_ars.pdf,ARS
0001104659-24-041772,2024-04-01,,2024-04-01T19:17:23.000Z,33,S-3ASR,333-278423,24808597,,S-3ASR,353424,0,0,,tm2410160-1_s3a.htm,S-3ASR
0001104659-24-047040,2024-04-15,,2024-04-15T13:07:45.000Z,33,424B3,333-264278,24843269,,424B3,702657,0,0,,tm2411591-1_424b3.htm,424B3
0001104659-24-047320,2024-04-15,,2024-04-15T20:52:18.000Z,34,FWP,333-264278,24845240,,FWP,12165,0,0,,tm2411591d2_fwp.htm,FWP
0001104659-24-047326,2024-04-15,,2024-04-15T20:55:47.000Z,34,FWP,333-264278,24845264,,FWP,12212,0,0,,tm2411591d3_fwp.htm,FWP
0001104659-24-047863,2024-04-16,,2024-04-16T21:06:24.000Z,33,424B5,333-264278,24848613,,424B5,744549,0,0,,tm2411591-4_424b5.htm,424B5
0001104659-24-048834,2024-04-18,2024-04-18,2024-04-18T20:06:11.000Z,34,8-K,001-05324,24854348,"2.03,9.01",XBRL,680483,1,1,,tm2412048d1_8k.htm,FORM 8-K
0001104659-24-055831,2024-05-01,2024-05-01,2024-05-01T21:13:10.000Z,34,8-K,001-05324,24904066,"2.02,5.07,7.01,8.01,9.01",XBRL,5588529,1,1,,tm2413187d1_8k.htm,FORM 8-K
0000072741-24-000010,2024-05-03,2024-03-31,2024-05-03T18:09:30.000Z,34,10-Q,001-05324,24912283,,XBRL,16198581,1,1,,es-20240331.htm,10-Q
0001959173-24-003953,2024-05-29,,2024-05-29T16:20:54.000Z,33,144,001-05324,24996179,,144,4971,0,0,,xsl144X01/primary_doc.xml,
0001127602-24-017080,2024-05-31,2024-05-29,2024-05-31T15:19:40.000Z,,4,,,,4,7907,0,0,,xslF345X05/form4.xml,PRIMARY DOCUMENT
0001959173-24-004033,2024-05-31,,2024-05-31T20:29:37.000Z,33,144,001-05324,241010189,,144,4937,0,0,,xsl144X01/primary_doc.xml,
0001127602-24-017545,2024-06-04,2024-05-31,2024-06-04T16:34:09.000Z,,4,,,,4,7882,0,0,,xslF345X05/form4.xml,PRIMARY DOCUMENT
0000072741-24-000013,2024-06-13,2023-12-31,2024-06-13T19:38:03.000Z,34,11-K,001-05324,241041059,,11-K,199272,0,0,,a2023form11-k.htm,EVERSOURCE 11-K
0001104659-24-084368,2024-07-31,2024-07-31,2024-07-31T20:22:21.000Z,34,8-K,001-05324,241162320,"2.02,7.01,9.01",XBRL,5023944,1,1,,tm2420517d1_8k.htm,FORM 8-K
0000072741-24-000018,2024-08-02,2024-06-30,2024-08-02T18:09:12.000Z,34,10-Q,001-05324,241170118,,XBRL,19529271,1,1,,es-20240630.htm,EVERSOURCE 10-Q
0001127602-24-021573,2024-08-05,2024-08-02,2024-08-05T18:43:23.000Z,,4,,,,4,7626,0,0,,xslF345X05/form4.xml,PRIMARY DOCUMENT
0001959173-24-005503,2024-08-09,,2024-08-09T21:29:01.000Z,33,144,001-05324,241194150,,144,4983,0,0,,xsl144X01/primary_doc.xml,
0001127602-24-022052,2024-08-13,2024-08-09,2024-08-13T17:35:05.000Z,,4,,,,4,7880,0,0,,xslF345X05/form4.xml,PRIMARY DOCUMENT
0001959173-24-005565,2024-08-13,,2024-08-13T19:24:24.000Z,33,144,001-05324,241200949,,144,6107,0,0,,xsl144X01/primary_doc.xml,
0001127602-24-022180,2024-08-14,2024-08-13,2024-08-14T19:12:53.000Z,,4,,,,4,7388,0,0,,xslF345X05/form4.xml,PRIMARY DOCUMENT
0001959173-24-006094,2024-08-30,,2024-08-30T18:48:04.000Z,33,144,001-05324,241269211,,144,7216,0,0,,xsl144X01/primary_doc.xml,
0001127602-24-023286,2024-09-03,2024-08-30,2024-09-03T19:51:48.000Z,,4,,,,4,7389,0,0,,xslF345X05/form4.xml,PRIMARY DOCUMENT
0001127602-24-023655,2024-09-09,2023-07-18,2024-09-09T20:22:06.000Z,,4,,,,4,39144,0,0,,xslF345X05/form4.xml,PRIMARY DOCUMENT
0001959173-24-006705,2024-09-26,,2024-09-26T21:16:29.000Z,33,144,001-05324,241329802,,144,9236,0,0,,xsl144X01/primary_doc.xml,
0001104659-24-104387,2024-09-30,2024-09-30,2024-09-30T21:17:31.000Z,34,8-K,001-05324,241340432,"2.02,7.01,8.01,9.01",XBRL,299740,1,1,,tm2425236d1_8k.htm,FORM 8-K
0001104659-24-113912,2024-11-04,2024-11-04,2024-11-04T21:21:44.000Z,34,8-K,001-05324,241423888,"2.02,7.01,9.01",XBRL,5087055,1,1,,tm2427357d1_8k.htm,FORM 8-K
0000072741-24-000023,2024-11-06,2024-09-30,2024-11-06T19:28:35.000Z,34,10-Q,001-05324,241430270,,XBRL,23128790,1,1,,es-20240930.htm,10-Q
0001104659-24-115973,2024-11-08,2024-11-08,2024-11-08T22:20:30.000Z,34,8-K,001-05324,241441898,"7.01,9.01",XBRL,6921226,1,1,,tm2427972d1_8k.htm,FORM 8-K
0001127602-24-027342,2024-11-15,2024-11-13,2024-11-15T15:50:42.000Z,,4,,,,4,5671,0,0,,xslF345X05/form4.xml,PRIMARY DOCUMENT
0001104659-24-126307,2024-12-06,2024-12-03,2024-12-06T21:15:15.000Z,34,8-K,001-05324,241532462,"5.02,9.01",XBRL,571486,1,1,,tm2430336d1_8k.htm,FORM 8-K
0001127602-25-001395,2025-01-17,2025-01-15,2025-01-17T19:44:42.000Z,,4,,,,4,4854,0,0,,xslF345X05/form4.xml,PRIMARY DOCUMENT
0001127602-25-001403,2025-01-17,2025-01-15,2025-01-17T19:47:49.000Z,,4,,,,4,4856,0,0,,xslF345X05/form4.xml,PRIMARY DOCUMENT
0001127602-25-001405,2025-01-17,2025-01-15,2025-01-17T19:48:52.000Z,,4,,,,4,4995,0,0,,xslF345X05/form4.xml,PRIMARY DOCUMENT
0001127602-25-001408,2025-01-17,2025-01-15,2025-01-17T19:50:10.000Z,,4,,,,4,4940,0,0,,xslF345X05/form4.xml,PRIMARY DOCUMENT
0001127602-25-001410,2025-01-17,2025-01-15,2025-01-17T19:51:13.000Z,,4,,,,4,5664,0,0,,xslF345X05/form4.xml,PRIMARY DOCUMENT
0001127602-25-001412,2025-01-17,2025-01-15,2025-01-17T19:52:13.000Z,,4,,,,4,4998,0,0,,xslF345X05/form4.xml,PRIMARY DOCUMENT
0001127602-25-001416,2025-01-17,2025-01-15,2025-01-17T19:54:14.000Z,,4,,,,4,7106,0,0,,xslF345X05/form4.xml,PRIMARY DOCUMENT
0001127602-25-001419,2025-01-17,2025-01-15,2025-01-17T19:55:35.000Z,,4,,,,4,6676,0,0,,xslF345X05/form4.xml,PRIMARY DOCUMENT
0001104659-25-006447,2025-01-28,2025-01-27,2025-01-28T02:21:03.000Z,34,8-K,001-05324,25560694,"7.01,8.01,9.01",XBRL,266491,1,1,,tm254636d1_8k.htm,FORM 8-K
0001127602-25-002629,2025-01-31,2025-01-29,2025-01-31T23:07:08.000Z,,4,,,,4,7896,0,0,,xslF345X05/form4.xml,PRIMARY DOCUMENT
0001127602-25-002630,2025-01-31,2025-01-29,2025-01-31T23:09:29.000Z,,4,,,,4,9539,0,0,,xslF345X05/form4.xml,PRIMARY DOCUMENT
0001127602-25-002633,2025-01-31,2025-01-29,2025-01-31T23:11:12.000Z,,4,,,,4,9563,0,0,,xslF345X05/form4.xml,PRIMARY DOCUMENT
0001127602-25-002635,2025-01-31,2025-01-29,2025-01-31T23:14:04.000Z,,4,,,,4,7759,0,0,,xslF345X05/form4.xml,PRIMARY DOCUMENT
0001127602-25-002636,2025-01-31,2025-01-29,2025-01-31T23:15:41.000Z,,4,,,,4,7806,0,0,,xslF345X05/form4.xml,PRIMARY DOCUMENT
0001127602-25-002637,2025-01-31,2025-01-29,2025-01-31T23:17:32.000Z,,4,,,,4,7708,0,0,,xslF345X05/form4.xml,PRIMARY DOCUMENT
0001127602-25-002638,2025-01-31,2025-01-29,2025-01-31T23:22:36.000Z,,4,,,,4,9606,0,0,,xslF345X05/form4.xml,PRIMARY DOCUMENT
0001127602-25-002639,2025-01-31,2025-01-29,2025-01-31T23:24:01.000Z,,4,,,,4,5836,0,0,,xslF345X05/form4.xml,PRIMARY DOCUMENT
0001104659-25-011521,2025-02-11,2025-02-11,2025-02-11T21:31:37.000Z,34,8-K,001-05324,25610306,"2.02,7.01,9.01",XBRL,21201150,1,1,,tm254636d2_8k.htm,FORM 8-K
0000072741-25-000007,2025-02-14,2024-12-31,2025-02-14T19:26:39.000Z,34,10-K,001-05324,25626805,,XBRL,40312124,1,1,,es-20241231.htm,10-K
0001959173-25-001071,2025-02-18,,2025-02-18T21:03:14.000Z,33,144,001-05324,25634781,,144,4432,0,0,,xsl144X01/primary_doc.xml,
0001959173-25-001112,2025-02-19,,2025-02-19T17:47:47.000Z,33,144,001-05324,25638337,,144,4440,0,0,,xsl144X01/primary_doc.xml,
0001959173-25-001182,2025-02-20,,2025-02-20T19:23:08.000Z,33,144,001-05324,25644670,,144,5021,0,0,,xsl144X01/primary_doc.xml,
0001127602-25-006058,2025-02-20,2025-02-18,2025-02-20T23:00:20.000Z,,4,,,,4,4647,0,0,,xslF345X05/form4.xml,PRIMARY DOCUMENT
0001127602-25-006059,2025-02-20,2025-02-19,2025-02-20T23:03:47.000Z,,4,,,,4,6467,0,0,,xslF345X05/form4.xml,PRIMARY DOCUMENT
0001127602-25-006060,2025-02-20,2025-02-19,2025-02-20T23:05:52.000Z,,4,,,,4,5793,0,0,,xslF345X05/form4.xml,PRIMARY DOCUMENT
0001127602-25-006062,2025-02-20,2025-02-18,2025-02-20T23:10:04.000Z,,4,,,,4,7561,0,0,,xslF345X05/form4.xml,PRIMARY DOCUMENT
0001127602-25-006063,2025-02-20,2025-02-18,2025-02-20T23:11:19.000Z,,4,,,,4,5679,0,0,,xslF345X05/form4.xml,PRIMARY DOCUMENT
0001127602-25-006064,2025-02-20,2025-02-18,2025-02-20T23:15:02.000Z,,4,,,,4,7537,0,0,,xslF345X05/form4.xml,PRIMARY DOCUMENT
0001127602-25-006065,2025-02-20,2025-02-18,2025-02-20T23:16:24.000Z,,4,,,,4,5716,0,0,,xslF345X05/form4.xml,PRIMARY DOCUMENT
0001127602-25-006066,2025-02-20,2025-02-18,2025-02-20T23:17:27.000Z,,4,,,,4,5705,0,0,,xslF345X05/form4.xml,PRIMARY DOCUMENT
0001127602-25-006067,2025-02-20,2025-02-18,2025-02-20T23:20:13.000Z,,4,,,,4,7602,0,0,,xslF345X05/form4.xml,PRIMARY DOCUMENT
0001127602-25-006068,2025-02-20,2025-02-18,2025-02-20T23:21:18.000Z,,4,,,,4,5533,0,0,,xslF345X05/form4.xml,PRIMARY DOCUMENT
0001959173-25-001239,2025-02-21,,2025-02-21T17:49:10.000Z,33,144,001-05324,25650111,,144,5558,0,0,,xsl144X01/primary_doc.xml,
0001127602-25-006242,2025-02-21,2025-02-20,2025-02-21T21:24:06.000Z,,4,,,,4,4647,0,0,,xslF345X05/form4.xml,PRIMARY DOCUMENT
0001127602-25-006244,2025-02-21,2025-02-20,2025-02-21T21:25:21.000Z,,4,,,,4,7626,0,0,,xslF345X05/form4.xml,PRIMARY DOCUMENT
0001127602-25-006428,2025-02-24,2025-02-21,2025-02-24T23:22:34.000Z,,4,,,,4,6515,0,0,,xslF345X05/form4.xml,PRIMARY DOCUMENT
0001127602-25-006429,2025-02-24,2025-02-21,2025-02-24T23:23:53.000Z,,4,,,,4,5715,0,0,,xslF345X05/form4.xml,PRIMARY DOCUMENT
0001959173-25-001387,2025-02-26,,2025-02-26T20:28:25.000Z,33,144,001-05324,25669568,,144,13906,0,0,,xsl144X01/primary_doc.xml,
0001959173-25-001389,2025-02-26,,2025-02-26T21:14:45.000Z,33,144,001-05324,25670213,,144,4400,0,0,,xsl144X01/primary_doc.xml,
0001127602-25-007253,2025-02-28,2025-02-26,2025-02-28T21:22:06.000Z,,4,,,,4,7389,0,0,,xslF345X05/form4.xml,PRIMARY DOCUMENT
0001127602-25-007264,2025-02-28,2025-02-26,2025-02-28T21:25:06.000Z,,4,,,,4,4662,0,0,,xslF345X05/form4.xml,PRIMARY DOCUMENT
0001959173-25-001475,2025-02-28,,2025-02-28T22:19:13.000Z,33,144,001-05324,25692247,,144,6041,0,0,,xsl144X01/primary_doc.xml,
0001127602-25-007462,2025-03-03,2025-02-28,2025-03-03T20:32:06.000Z,,4,,,,4,7906,0,0,,xslF345X05/form4.xml,PRIMARY DOCUMENT
0001104659-25-021743,2025-03-07,2025-05-01,2025-03-07T21:15:29.000Z,34,PRE 14A,001-05324,25720267,,XBRL,8259413,1,1,,tm252357d2_pre14a.htm,FORM PRE 14A
0001104659-25-026671,2025-03-21,2025-05-01,2025-03-21T20:21:02.000Z,34,DEF 14A,001-05324,25760788,,XBRL,8275047,1,1,,tm252357-3_def14a.htm,DEF 14A
0001104659-25-026700,2025-03-21,2024-12-31,2025-03-21T20:47:03.000Z,34,ARS,001-05324,25761259,,ARS,23793070,0,0,,tm253884-1_ars.pdf,ARS
0001104659-25-026719,2025-03-21,,2025-03-21T21:24:13.000Z,34,DEFA14A,001-05324,25761626,,DEFA14A,482704,0,0,,tm252357d5_defa14a.htm,DEFA14A
0001959173-25-002366,2025-03-31,,2025-03-31T20:44:40.000Z,33,144,001-05324,25794183,,144,4426,0,0,,xsl144X01/primary_doc.xml,
0001104659-25-031685,2025-04-03,,2025-04-03T20:16:21.000Z,33,S-3ASR,333-286362,25809700,,S-3ASR,1245835,1,1,,tm2511144-1_s3asr.htm,S-3ASR
0001104659-25-031740,2025-04-03,,2025-04-03T20:58:12.000Z,34,DEFR14A,001-05324,25810465,,DEFR14A,37759,0,0,,tm2511464d1_defr14a.htm,DEFR14A
0001104659-25-043530,2025-05-01,2025-05-01,2025-05-01T20:18:59.000Z,34,8-K,001-05324,25903394,"2.02,5.03,5.07,7.01,9.01",XBRL,5398772,1,1,,tm2513789d1_8k.htm,FORM 8-K
0000072741-25-000011,2025-05-05,2025-03-31,2025-05-05T18:06:19.000Z,34,10-Q,001-05324,25912244,,XBRL,16787081,1,1,,es-20250331.htm,10-Q
0001959173-25-003353,2025-05-20,,2025-05-20T15:28:21.000Z,33,144,001-05324,25967068,,144,6053,0,0,,xsl144X01/primary_doc.xml,
0001127602-25-015286,2025-05-22,2025-05-20,2025-05-22T18:30:20.000Z,,4,,,,4,7382,0,0,,xslF345X05/form4.xml,PRIMARY DOCUMENT
0001104659-25-054890,2025-05-30,,2025-05-30T20:13:21.000Z,33,424B2,333-286362,251011062,,424B2,590411,1,1,,tm2516456-1_424b2.htm,424B2
0001104659-25-054900,2025-05-30,2025-05-30,2025-05-30T20:21:17.000Z,34,8-K,001-05324,251011284,"8.01,9.01",XBRL,522641,1,1,,tm2516456d2_8k.htm,FORM 8-K
0000072741-25-000018,2025-06-12,2024-12-31,2025-06-12T21:02:40.000Z,34,11-K,001-05324,251043755,,11-K,299690,0,0,,a2024form11-k.htm,2024 FORM 11-K EVERSOURCE
0001104659-25-072711,2025-07-31,2025-07-31,2025-07-31T20:20:58.000Z,34,8-K,001-05324,251171964,"2.02,7.01,9.01",XBRL,6877951,1,1,,tm2522153d1_8k.htm,FORM 8-K
0001628280-25-037369,2025-08-04,2025-06-30,2025-08-04T18:07:49.000Z,34,10-Q,001-05324,251179339,,XBRL,19781535,1,1,,es-20250630.htm,10-Q
0000072741-25-000048,2025-08-26,2025-08-22,2025-08-26T18:09:40.000Z,,4,,,,4,4581,0,0,,xslF345X05/form4.xml,PRIMARY DOCUMENT
0001959173-25-005610,2025-08-28,,2025-08-28T20:40:42.000Z,33,144,001-05324,251274178,,144,4391,0,0,,xsl144X01/primary_doc.xml,
0001959173-25-005616,2025-08-29,,2025-08-29T14:20:27.000Z,33,144,001-05324,251277202,,144,4989,0,0,,xsl144X01/primary_doc.xml,
0000072741-25-000051,2025-09-02,2025-08-28,2025-09-02T20:32:47.000Z,,4,,,,4,8865,0,0,,xslF345X05/form4.xml,PRIMARY DOCUMENT
0001104659-25-098981,2025-10-14,2025-10-14,2025-10-14T10:48:19.000Z,34,8-K,001-05324,251389530,"2.02,8.01,9.01",XBRL,293618,1,1,,tm2528570d1_8k.htm,FORM 8-K
0001104659-25-099551,2025-10-15,,2025-10-15T12:43:55.000Z,33,424B3,333-286362,251393512,,424B3,700174,0,0,,tm2528507-1_424b3.htm,424B3
0001104659-25-099737,2025-10-15,,2025-10-15T20:15:22.000Z,34,FWP,333-286362,251394985,,FWP,14171,0,0,,tm2528507d2_fwp.htm,FWP
0001104659-25-100078,2025-10-16,,2025-10-16T20:05:41.000Z,33,424B5,333-286362,251397685,,424B5,843310,1,1,,tm2528507-3_424b5.htm,424B5
0001104659-25-100405,2025-10-17,2025-10-17,2025-10-17T20:15:28.000Z,34,8-K,001-05324,251401018,"2.03,9.01",XBRL,602207,1,1,,tm2528952d1_8k.htm,FORM 8-K
0001104659-25-106306,2025-11-04,2025-11-04,2025-11-04T21:20:51.000Z,34,8-K,001-05324,251449429,"2.02,7.01,9.01",XBRL,7099510,1,1,,tm2530139d1_8k.htm,FORM 8-K
0001628280-25-050033,2025-11-06,2025-09-30,2025-11-06T18:47:30.000Z,34,10-Q,001-05324,251457371,,XBRL,20683300,1,1,,es-20250930.htm,10-Q
0001959173-25-006811,2025-11-07,,2025-11-07T20:46:09.000Z,33,144,001-05324,251462384,,144,6530,0,0,,xsl144X01/primary_doc.xml,
0000072741-25-000057,2025-11-10,2025-11-06,2025-11-10T21:46:43.000Z,,4,,,,4,13304,0,0,,xslF345X05/form4.xml,PRIMARY DOCUMENT
0000072741-25-000058,2025-11-10,2025-11-07,2025-11-10T21:50:20.000Z,,4,,,,4,12030,0,0,,xslF345X05/form4.xml,PRIMARY DOCUMENT
0001959173-25-006939,2025-11-12,,2025-11-12T17:30:24.000Z,33,144,001-05324,251471093,,144,4426,0,0,,xsl144X01/primary_doc.xml,
0000072741-25-000060,2025-11-12,2025-11-10,2025-11-12T20:35:19.000Z,,4,,,,4,7619,0,0,,xslF345X05/form4.xml,PRIMARY DOCUMENT
0000072741-25-000062,2025-11-13,2025-11-12,2025-11-13T21:05:39.000Z,,4,,,,4,11749,0,0,,xslF345X05/form4.xml,PRIMARY DOCUMENT
0000072741-25-000065,2025-11-17,2025-11-13,2025-11-17T21:13:52.000Z,,4,,,,4,5673,0,0,,xslF345X05/form4.xml,PRIMARY DOCUMENT
0001104659-25-115105,2025-11-24,2025-11-21,2025-11-24T11:01:05.000Z,34,8-K,001-05324,251509477,"8.01,9.01",XBRL,218710,1,1,,tm2532032d1_8k.htm,FORM 8-K
0001104659-25-118895,2025-12-05,2025-12-03,2025-12-05T21:15:39.000Z,34,8-K,001-05324,251553156,"5.02,9.01",XBRL,230784,1,1,,tm2532806d1_8k.htm,FORM 8-K
0000072741-26-000004,2026-01-14,2026-01-01,2026-01-14T21:33:43.000Z,,3,,,,3,9055,0,0,,xslF345X02/form3.xml,PRIMARY DOCUMENT
0000072741-26-000023,2026-01-20,2026-01-16,2026-01-20T21:50:39.000Z,,4,,,,4,9090,0,0,,xslF345X05/form4.xml,PRIMARY DOCUMENT
0000072741-26-000024,2026-01-20,2026-01-16,2026-01-20T21:53:34.000Z,,4,,,,4,9088,0,0,,xslF345X05/form4.xml,PRIMARY DOCUMENT
0000072741-26-000025,2026-01-20,2026-01-16,2026-01-20T21:56:27.000Z,,4,,,,4,9220,0,0,,xslF345X05/form4.xml,PRIMARY DOCUMENT
0000072741-26-000026,2026-01-20,2026-01-16,2026-01-20T21:59:00.000Z,,4,,,,4,10037,0,0,,xslF345X05/form4.xml,PRIMARY DOCUMENT
0000072741-26-000027,2026-01-20,2026-01-16,2026-01-20T22:01:30.000Z,,4,,,,4,9878,0,0,,xslF345X05/form4.xml,PRIMARY DOCUMENT
0000072741-26-000028,2026-01-20,2026-01-16,2026-01-20T22:03:54.000Z,,4,,,,4,9217,0,0,,xslF345X05/form4.xml,PRIMARY DOCUMENT
0000072741-26-000029,2026-01-20,2026-01-16,2026-01-20T22:06:59.000Z,,4,,,,4,7038,0,0,,xslF345X05/form4.xml,PRIMARY DOCUMENT
0000072741-26-000030,2026-01-20,2026-01-16,2026-01-20T22:09:13.000Z,,4,,,,4,11331,0,0,,xslF345X05/form4.xml,PRIMARY DOCUMENT
0000072741-26-000031,2026-01-20,2026-01-16,2026-01-20T22:11:55.000Z,,4,,,,4,10915,0,0,,xslF345X05/form4.xml,PRIMARY DOCUMENT
0000072741-26-000040,2026-01-29,2026-01-27,2026-01-30T02:38:56.000Z,,4,,,,4,12152,0,0,,xslF345X05/form4.xml,PRIMARY DOCUMENT
0000072741-26-000041,2026-01-29,2026-01-27,2026-01-30T02:41:14.000Z,,4,,,,4,9556,0,0,,xslF345X05/form4.xml,PRIMARY DOCUMENT
0000072741-26-000042,2026-01-29,2026-01-27,2026-01-30T02:43:24.000Z,,4,,,,4,11964,0,0,,xslF345X05/form4.xml,PRIMARY DOCUMENT
0000072741-26-000043,2026-01-29,2026-01-27,2026-01-30T02:45:51.000Z,,4,,,,4,13841,0,0,,xslF345X05/form4.xml,PRIMARY DOCUMENT
0000072741-26-000044,2026-01-29,2026-01-27,2026-01-30T02:47:29.000Z,,4,,,,4,7711,0,0,,xslF345X05/form4.xml,PRIMARY DOCUMENT
0000072741-26-000045,2026-01-29,2026-01-27,2026-01-30T02:49:48.000Z,,4,,,,4,12001,0,0,,xslF345X05/form4.xml,PRIMARY DOCUMENT
0000072741-26-000046,2026-01-29,2026-01-27,2026-01-30T02:51:45.000Z,,4,,,,4,9599,0,0,,xslF345X05/form4.xml,PRIMARY DOCUMENT
0000072741-26-000047,2026-01-29,2026-01-27,2026-01-30T02:54:07.000Z,,4,,,,4,10136,0,0,,xslF345X05/form4.xml,PRIMARY DOCUMENT
0001104659-26-008649,2026-01-30,2026-01-27,2026-01-30T21:15:30.000Z,34,8-K,001-05324,26583588,"5.05,9.01",XBRL,310317,1,1,,tm264502d1_8k.htm,FORM 8-K
0001104659-26-014302,2026-02-12,2026-02-12,2026-02-12T21:21:21.000Z,34,8-K,001-05324,26626537,"2.02,7.01,9.01",XBRL,5303118,1,1,,tm266120d1_8k.htm,FORM 8-K
0001628280-26-008461,2026-02-17,2025-12-31,2026-02-17T19:10:23.000Z,34,10-K,001-05324,26639557,,XBRL,40202457,1,1,,es-20251231.htm,EVERSOURCE 10-K
0001959173-26-001051,2026-02-17,,2026-02-17T19:47:13.000Z,33,144,001-05324,26639893,,144,4444,0,0,,xsl144X01/primary_doc.xml,
0000072741-26-000055,2026-02-17,2026-02-12,2026-02-17T21:02:30.000Z,,4,,,,4,7944,0,0,,xslF345X05/form4.xml,PRIMARY DOCUMENT
0000072741-26-000056,2026-02-17,2026-02-12,2026-02-17T21:05:18.000Z,,4,,,,4,9441,0,0,,xslF345X05/form4.xml,PRIMARY DOCUMENT
0000072741-26-000057,2026-02-17,2026-02-12,2026-02-17T21:07:40.000Z,,4,,,,4,7730,0,0,,xslF345X05/form4.xml,PRIMARY DOCUMENT
0000072741-26-000058,2026-02-17,2026-02-12,2026-02-17T21:10:22.000Z,,4,,,,4,9589,0,0,,xslF345X05/form4.xml,PRIMARY DOCUMENT
0000072741-26-000060,2026-02-17,2026-02-12,2026-02-17T21:13:59.000Z,,4,,,,4,7767,0,0,,xslF345X05/form4.xml,PRIMARY DOCUMENT
0000072741-26-000061,2026-02-17,2026-02-12,2026-02-17T21:15:32.000Z,,4,,,,4,7756,0,0,,xslF345X05/form4.xml,PRIMARY DOCUMENT
0000072741-26-000062,2026-02-17,2026-02-12,2026-02-17T21:17:57.000Z,,4,,,,4,9613,0,0,,xslF345X05/form4.xml,PRIMARY DOCUMENT
0000072741-26-000063,2026-02-17,2026-02-12,2026-02-17T21:19:52.000Z,,4,,,,4,5526,0,0,,xslF345X05/form4.xml,PRIMARY DOCUMENT
0001959173-26-001124,2026-02-18,,2026-02-18T18:59:01.000Z,33,144,001-05324,26647128,,144,4435,0,0,,xsl144X01/primary_doc.xml,
0001959173-26-001220,2026-02-19,,2026-02-19T19:54:59.000Z,33,144,001-05324,26653753,,144,6538,0,0,,xsl144X01/primary_doc.xml,
0000072741-26-000066,2026-02-19,2026-02-17,2026-02-19T21:12:14.000Z,,4,,,,4,6460,0,0,,xslF345X05/form4.xml,PRIMARY DOCUMENT
0000072741-26-000067,2026-02-19,2026-02-18,2026-02-19T21:14:39.000Z,,4,,,,4,6123,0,0,,xslF345X05/form4.xml,PRIMARY DOCUMENT
0001969223-26-000207,2026-02-19,,2026-02-19T21:54:09.000Z,33,144,001-05324,26655389,,144,20477,0,0,,xsl144X01/primary_doc.xml,
0001104659-26-017877,2026-02-20,,2026-02-20T13:12:03.000Z,33,POSASR,333-286362,26656740,,POSASR,1461275,1,1,,tm266711-1_posasr.htm,POSASR
0000072741-26-000071,2026-02-20,2026-02-19,2026-02-20T21:47:34.000Z,,4,,,,4,7829,0,0,,xslF345X05/form4.xml,PRIMARY DOCUMENT
0000072741-26-000072,2026-02-20,2026-02-19,2026-02-20T21:50:36.000Z,,4,,,,4,5550,0,0,,xslF345X05/form4.xml,PRIMARY DOCUMENT
0001104659-26-018369,2026-02-23,,2026-02-23T13:29:23.000Z,33,424B3,333-286362,26662172,,424B3,878657,0,0,,tm266711-3_424b3.htm,424B3
0001104659-26-018638,2026-02-23,,2026-02-23T21:56:18.000Z,34,FWP,333-286362,26666109,,FWP,15424,0,0,,tm266711d5_fwp.htm,FWP
0001104659-26-018646,2026-02-23,,2026-02-23T22:00:52.000Z,34,FWP,333-286362,26666177,,FWP,14364,0,0,,tm266711d6_fwp.htm,FWP
0001959173-26-001403,2026-02-24,,2026-02-24T18:19:53.000Z,33,144,001-05324,26670069,,144,4426,0,0,,xsl144X01/primary_doc.xml,
0001104659-26-019147,2026-02-24,,2026-02-24T21:25:05.000Z,33,424B5,333-286362,26671989,,424B5,1016456,1,1,,tm266711-7_424b5.htm,424B5
0000072741-26-000074,2026-02-24,2026-02-20,2026-02-24T21:26:11.000Z,,4,,,,4,7855,0,0,,xslF345X05/form4.xml,PRIMARY DOCUMENT
0000072741-26-000076,2026-02-25,2026-02-24,2026-02-25T21:35:23.000Z,,4,,,,4,4655,0,0,,xslF345X05/form4.xml,PRIMARY DOCUMENT
0001104659-26-020565,2026-02-26,2026-02-26,2026-02-26T21:41:50.000Z,34,8-K,001-05324,26689685,"2.03,9.01",XBRL,1436429,1,1,,tm267394d1_8k.htm,FORM 8-K
0001959173-26-001890,2026-03-04,,2026-03-04T17:32:37.000Z,33,144,001-05324,26719876,,144,4925,0,0,,xsl144X01/primary_doc.xml,
0000072741-26-000080,2026-03-06,2026-03-04,2026-03-06T21:12:22.000Z,,4,,,,4,7383,0,0,,xslF345X05/form4.xml,PRIMARY DOCUMENT
0000072741-26-000083,2026-03-06,2026-03-06,2026-03-06T21:24:04.000Z,,4,,,,4,8066,0,0,,xslF345X05/form4.xml,PRIMARY DOCUMENT
0000102909-26-001261,2026-03-26,,2026-03-26T22:22:57.000Z,34,SCHEDULE 13G/A,005-42665,26800113,,SCHEDULE 13G/A,7256,0,0,,xslSCHEDULE_13G_X02/primary_doc.xml,
0001104659-26-036077,2026-03-27,2026-05-06,2026-03-27T20:01:15.000Z,34,DEF 14A,001-05324,26807103,,XBRL,7867430,1,1,,tm261423-1_def14a.htm,DEF 14A
0001104659-26-036085,2026-03-27,,2026-03-27T20:02:53.000Z,34,DEFA14A,001-05324,26807169,,DEFA14A,678756,0,0,,tm261423d3_defa14a.htm,DEFA14A
0001104659-26-036087,2026-03-27,2025-12-31,2026-03-27T20:04:56.000Z,34,ARS,001-05324,26807223,,ARS,23083755,0,0,,tm262451d1_ars.pdf,ARS
0001104659-26-037912,2026-03-31,2026-03-19,2026-03-31T21:20:44.000Z,34,8-K,001-05324,26823522,"7.01,8.01,9.01",XBRL,324307,1,1,,tm2610782d1_8k.htm,FORM 8-K
0002100121-26-000284,2026-04-29,,2026-04-29T16:50:50.000Z,34,SCHEDULE 13G,005-42665,26913098,,SCHEDULE 13G,7438,0,0,0.0,xslSCHEDULE_13G_X02/primary_doc.xml,
0002100119-26-000573,2026-04-29,,2026-04-29T22:53:40.000Z,34,SCHEDULE 13G,005-42665,26919011,,SCHEDULE 13G,7496,0,0,0.0,xslSCHEDULE_13G_X02/primary_doc.xml,
0001104659-26-056267,2026-05-06,2026-05-06,2026-05-06T20:20:58.000Z,34,8-K,001-05324,26948791,"2.02,5.07,7.01,9.01",XBRL,9374065,1,1,0.0,tm2613673d1_8k.htm,FORM 8-K
0001628280-26-032278,2026-05-07,2026-03-31,2026-05-07T20:56:54.000Z,34,10-Q,001-05324,26954593,,XBRL,16305483,1,1,1.0,es-20260331.htm,10-Q
0000072741-26-000086,2026-05-11,2026-05-08,2026-05-11T20:00:51.000Z,,4,,,,4,6819,0,0,0.0,xslF345X06/form4.xml,PRIMARY DOCUMENT
0000072741-26-000088,2026-05-18,2026-05-14,2026-05-18T20:12:32.000Z,,4,,,,4,5794,0,0,0.0,xslF345X06/form4.xml,PRIMARY DOCUMENT
0001959173-26-004348,2026-06-04,,2026-06-04T19:10:17.000Z,33,144,001-05324,261064575,,144,5488,0,0,0.0,xsl144X01/primary_doc.xml,
0000072741-26-000091,2026-06-05,2026-06-04,2026-06-05T20:52:56.000Z,,4,,,,4,7544,0,0,0.0,xslF345X06/form4.xml,PRIMARY DOCUMENT
0001628280-26-042799,2026-06-12,2025-12-31,2026-06-12T19:09:15.000Z,34,11-K,001-05324,261086199,,XBRL,2914731,1,1,1.0,es-20260612.htm,2025 FORM 11-K EVERSOURCE
0001104659-26-079426,2026-07-01,2026-06-30,2026-06-30T21:40:46.000Z,34,8-K,001-05324,261141850,"2.02,8.01,9.01",XBRL,231576,1,1,0.0,tm2619364d1_8k.htm,FORM 8-K
0001104659-26-088698,2026-07-30,2026-07-30,2026-07-30T20:18:59.000Z,34,8-K,001-05324,261223569,"2.02,7.01,9.01",XBRL,6127671,1,1,0.0,tm2621633d1_8k.htm,FORM 8-K
0001628280-26-051906,2026-08-03,2026-06-30,2026-08-03T20:34:30.000Z,34,10-Q,001-05324,261233560,,XBRL,20632626,1,1,1.0,es-20260630.htm,10-Q
0001959173-26-006411,2026-08-24,,2026-08-24T21:07:04.000Z,33,144,001-05324,261311496,,144,4395,0,0,0.0,xsl144X01/primary_doc.xml,
0001959173-26-006421,2026-08-25,,2026-08-25T14:32:51.000Z,33,144,001-05324,261313198,,144,4978,0,0,0.0,xsl144X01/primary_doc.xml,
0000072741-26-000093,2026-08-26,2026-08-24,2026-08-26T19:05:51.000Z,,4,,,,4,9002,0,0,0.0,xslF345X06/form4.xml,PRIMARY DOCUMENT
