accessionNumber,filingDate,reportDate,acceptanceDateTime,act,form,fileNumber,filmNumber,items,core_type,size,isXBRL,isInlineXBRL,isXBRLNumeric,primaryDocument,primaryDocDescription
0000037076-94-000067,1994-02-16,,1994-02-16T05:00:00.000Z,,SC 13G,005-40997,94509908,,SC 13G,8634,0,0,,,FIRSTAR CORPORATION /DOLLAR
0000894194-94-000045,1994-02-16,,1994-02-16T05:00:00.000Z,,SC 13G,005-40997,94509954,,SC 13G,9739,0,0,,,FIRSTAR INVESTMENT RESEARCH & MANAGEMENT COMPANY
0000029534-94-000004,1994-03-14,,1994-03-14T05:00:00.000Z,,SC 13G/A,005-40997,94515763,,SC 13G,7451,0,0,,,JAMES STEPHEN TURNER SCHEDULE 13G
0000029534-94-000005,1994-03-14,,1994-03-14T05:00:00.000Z,,SC 13G/A,005-40997,94515764,,SC 13G,7433,0,0,,,"HURLEY CALISTER TURNER, JR. SCHEDULE 13G"
0000029534-94-000006,1994-03-14,,1994-03-14T05:00:00.000Z,,SC 13G/A,005-40997,94515765,,SC 13G,7368,0,0,,,"CTS, INC. SCHEDULE 13G"
0000029534-94-000010,1994-04-27,1994-01-31,1994-04-27T04:00:00.000Z,,10-K/A,000-04769,94524647,,10-K,94760,0,0,,,"FORM 10-K YEAR ENDING JAN. 31, 1994"
0000029534-94-000013,1994-05-05,,1994-05-05T04:00:00.000Z,,DEFA14A,000-04769,94526166,,DEF 14A,66312,0,0,,,1994 PROXY
0000029534-94-000018,1994-06-03,,1994-06-03T04:00:00.000Z,,SC 13G/A,005-40997,94532821,,SC 13G/A,7698,0,0,,,"HURLEY CALISTER TURNER, JR. SCHEDULE 13GA"
0000029534-94-000019,1994-06-03,,1994-06-03T04:00:00.000Z,,SC 13G/A,005-40997,94532822,,SC 13G/A,7761,0,0,,,JAMES STEPHEN TURNER SCHEDULE 13GA
0000029534-94-000021,1994-06-14,1994-04-30,1994-06-14T04:00:00.000Z,,10-Q,000-04769,94534090,,10-Q,25750,0,0,,,FIRST QUARTER 10-Q
0000950144-94-001559,1994-08-23,1994-08-22,1994-08-23T04:00:00.000Z,,10-C,000-04769,94545686,,10-C,3898,0,0,,,DOLLAR GENERAL CORPORATION 10-C
0000950144-94-001560,1994-08-23,1994-08-22,1994-08-23T04:00:00.000Z,,8-K,000-04769,94545699,"5,7",8-K,114799,0,0,,,"DOLLAR GENERAL CORPORATION 8-K AUGUST 22, 1994"
0000029534-94-000025,1994-09-14,1994-07-31,1994-09-14T04:00:00.000Z,,10-Q,000-04769,94548946,,10-Q,30024,0,0,,,2ND QTR. 10-Q
0000029534-94-000029,1994-12-14,1994-10-31,1994-12-14T05:00:00.000Z,,10-Q,000-04769,94564668,,10-Q,30737,0,0,,,3RD QTR. 10-Q
0000029534-95-000003,1995-01-12,,1995-01-12T05:00:00.000Z,,8-A12B,001-11421,95501154,,8-A12B,4272,0,0,,,
0000037076-95-000016,1995-02-13,,1995-02-13T05:00:00.000Z,,SC 13G/A,005-40997,95509656,,SC 13G/A,7444,0,0,,,
0000037076-95-000061,1995-02-14,,1995-02-14T05:00:00.000Z,,SC 13G/A,005-40997,95510670,,SC 13G/A,9863,0,0,,,FIRSTAR INVESTMENT RESEARCH & MANAGEMENT COMPANY
0000105982-95-000034,1995-02-14,,1995-02-14T05:00:00.000Z,,SC 13G,005-40997,95510743,,SC 13G,10112,0,0,,,FORM 13G
0000029534-95-000008,1995-04-03,,1995-04-03T04:00:00.000Z,,SC 13G,005-40997,95526474,,SC 13G,7097,0,0,,,
0000029534-95-000009,1995-04-03,,1995-04-03T04:00:00.000Z,,SC 13G,005-40997,95526475,,SC 13G,8747,0,0,,,
0000029534-95-000010,1995-04-03,,1995-04-03T04:00:00.000Z,,SC 13G,005-40997,95526476,,SC 13G,8838,0,0,,,
0000029534-95-000011,1995-04-03,,1995-04-03T04:00:00.000Z,,SC 13G,005-40997,95526477,,SC 13G,8353,0,0,,,
0000029534-95-000014,1995-04-27,1995-01-31,1995-04-27T04:00:00.000Z,,DEF 14A,001-11421,95531956,,DEF 14A,170610,0,0,,,
0000029534-95-000015,1995-05-01,1995-01-31,1995-05-01T04:00:00.000Z,,10-K,001-11421,95533578,,10-K,118281,0,0,,,
0000029534-95-000018,1995-05-04,1995-01-31,1995-05-04T04:00:00.000Z,,10-K/A,001-11421,95534433,,10-K/A,10133,0,0,,,
0000029534-95-000022,1995-06-14,1995-04-30,1995-06-14T04:00:00.000Z,,10-Q,001-11421,95546865,,10-Q,25886,0,0,,,1ST QTR. 10-Q
0000029534-95-000024,1995-07-12,1995-04-30,1995-07-12T04:00:00.000Z,,10-Q/A,001-11421,95553345,,10-Q/A,9159,0,0,,,
0000029534-95-000027,1995-09-14,1995-07-31,1995-09-14T04:00:00.000Z,,10-Q,001-11421,95573641,,10-Q,210121,0,0,,,2ND QTR. 10-Q
0000029534-95-000030,1995-12-14,1995-10-31,1995-12-14T05:00:00.000Z,,10-Q,001-11421,95601511,,10-Q,29022,0,0,,,3ND QTR. 10-Q
0000029534-96-000002,1996-01-10,,1996-01-10T05:00:00.000Z,,S-8,333-00141,96502613,,S-8,19312,0,0,,,
0000029534-96-000012,1996-02-13,,1996-02-13T05:00:00.000Z,,SC 13G,005-40997,96516777,,SC 13G,8586,0,0,,,
0000029534-96-000013,1996-02-13,,1996-02-13T05:00:00.000Z,,SC 13G,005-40997,96516779,,SC 13G,9113,0,0,,,
0000029534-96-000014,1996-02-13,,1996-02-13T05:00:00.000Z,,SC 13G,005-40997,96516780,,SC 13G,8973,0,0,,,
0000037076-96-000051,1996-02-13,,1996-02-13T05:00:00.000Z,,SC 13G,005-40997,96517324,,SC 13G,8287,0,0,,,
0000037076-96-000061,1996-02-13,,1996-02-13T05:00:00.000Z,,SC 13G,005-40997,96517397,,SC 13G,7936,0,0,,,
0000729057-96-000177,1996-02-14,,1996-02-14T05:00:00.000Z,,SC 13G,005-40997,96518580,,SC 13G,8285,0,0,,,
0000105982-96-000020,1996-02-16,,1996-02-16T05:00:00.000Z,,SC 13G,005-40997,96522148,,SC 13G,12624,0,0,,,FORM 13G
0000029534-96-000016,1996-02-21,,1996-02-21T05:00:00.000Z,,SC 13G/A,005-40997,96523683,,SC 13G/A,9255,0,0,,,"HURLEY CALISTER TURNER, JR. SCHEDULE 13GA"
0000029534-96-000021,1996-04-29,1996-01-31,1996-04-29T04:00:00.000Z,,10-K,001-11421,96552208,,10-K,103338,0,0,,,
0000029534-96-000022,1996-04-29,1996-01-31,1996-04-29T04:00:00.000Z,,DEF 14A,001-11421,96552213,,DEF 14A,81432,0,0,,,
0000029534-96-000024,1996-06-13,1996-05-03,1996-06-13T04:00:00.000Z,,10-Q,001-11421,96580303,,10-Q,25281,0,0,,,1ST QTR. 10-Q
0000029534-96-000026,1996-09-13,1996-08-02,1996-09-13T04:00:00.000Z,,10-Q,001-11421,96629593,,10-Q,31190,0,0,,,2ND QTR. 10-Q
0000029534-96-000029,1996-12-13,1996-11-01,1996-12-13T05:00:00.000Z,,10-Q,001-11421,96680194,,10-Q,30028,0,0,,,3RD QTR. 10-Q
0000729057-97-000200,1997-02-10,,1997-02-10T05:00:00.000Z,,SC 13G/A,005-40997,97521453,,SC 13G/A,7093,0,0,,,
0000037076-97-000041,1997-02-14,,1997-02-14T05:00:00.000Z,,SC 13G/A,005-40997,97533014,,SC 13G/A,7498,0,0,,,
0000037076-97-000045,1997-02-14,,1997-02-14T05:00:00.000Z,,SC 13G/A,005-40997,97533029,,SC 13G/A,8874,0,0,,,
0000029534-97-000004,1997-02-19,,1997-02-19T05:00:00.000Z,,SC 13G,005-40997,97538023,,SC 13G,7913,0,0,,,
0000029534-97-000005,1997-02-19,,1997-02-19T05:00:00.000Z,,SC 13G,005-40997,97538024,,SC 13G,8374,0,0,,,
0000029534-97-000006,1997-02-19,,1997-02-19T05:00:00.000Z,,SC 13G,005-40997,97538025,,SC 13G,8547,0,0,,,
0000912057-97-006042,1997-02-19,,1997-02-19T05:00:00.000Z,,SC 13G/A,005-40997,97537905,,SC 13G/A,10325,0,0,,,SCHEDULE 13G/A
0000029534-97-000009,1997-04-28,1997-01-31,1997-04-28T04:00:00.000Z,,DEF 14A,001-11421,97588184,,DEF 14A,64650,0,0,,,
0000029534-97-000011,1997-04-28,1997-01-31,1997-04-28T04:00:00.000Z,,10-K,001-11421,97588215,,10-K,96623,0,0,,,
0000029534-97-000013,1997-05-02,1997-05-01,1997-05-02T04:00:00.000Z,,8-K,001-11421,97594759,4,8-K,5183,0,0,,,
0000029534-97-000017,1997-06-13,1997-05-02,1997-06-13T04:00:00.000Z,,10-Q,001-11421,97623782,,10-Q,28021,0,0,,,1ST QTR. 10-Q
0000029534-97-000019,1997-06-20,1995-04-30,1997-06-20T04:00:00.000Z,,10-Q/A,001-11421,97627221,,10-Q/A,25776,0,0,,,
0000080835-97-000054,1997-07-10,,1997-07-10T04:00:00.000Z,,SC 13G,005-40997,97638907,,SC 13G,14098,0,0,,,
0000029534-97-000021,1997-09-11,1997-08-01,1997-09-11T04:00:00.000Z,,10-Q,001-11421,97679016,,10-Q,33353,0,0,,,1ST QTR. 10-Q
0000950144-97-013317,1997-12-12,1997-10-31,1997-12-12T05:00:00.000Z,,10-Q,001-11421,97737756,,10-Q,539442,0,0,,,DOLLAR GENERAL CORPORATION  FORM 10-Q  10-31-97
0000080835-98-000049,1998-02-10,,1998-02-10T05:00:00.000Z,,SC 13G/A,005-40997,98528694,,SC 13G/A,14074,0,0,,,
0000930413-98-000337,1998-03-23,,1998-03-23T05:00:00.000Z,,SC 13G,005-40997,98571054,,SC 13G,9835,0,0,,,SCHEDULE 13G
0000950144-98-004835,1998-04-20,1998-01-30,1998-04-20T04:00:00.000Z,,10-K,001-11421,98596939,,10-K,119966,0,0,,,DOLLAR GENERAL FORM 10-K
0000950144-98-004836,1998-04-20,,1998-04-20T04:00:00.000Z,,S-3,333-50451,98596945,,S-3,121841,0,0,,,DOLLAR GENERAL CORP FORM S-3
0001059807-98-000001,1998-04-30,1998-01-31,1998-04-30T04:00:00.000Z,,DEF 14A,001-11421,98604772,,DEF 14A,317775,0,0,,,DOLLAR GENERAL CORPORATION DEFINITIVE PROXY STMT
0000950144-98-005844,1998-05-12,,1998-05-12T04:00:00.000Z,,S-3/A,333-50451,98616145,,S-3/A,148045,0,0,,,DOLLAR GENERAL CORP. AMEND # 1 TO FORM S-3
0001061466-98-000010,1998-05-12,1998-04-30,1998-05-12T04:00:00.000Z,,4,001-11421,98615935,,4,41414,0,0,,,
0001061466-98-000011,1998-05-12,1998-04-30,1998-05-12T04:00:00.000Z,,4,001-11421,98615936,,4,41468,0,0,,,
0001061466-98-000012,1998-05-12,1998-04-30,1998-05-12T04:00:00.000Z,,4,001-11421,98615939,,4,40806,0,0,,,
0001061466-98-000013,1998-05-12,1998-04-30,1998-05-12T04:00:00.000Z,,4,001-11421,98615941,,4,40805,0,0,,,
0000950144-98-006701,1998-05-20,,1998-05-20T04:00:00.000Z,,S-3/A,333-50451,98628737,,S-3/A,93783,0,0,,,DOLLAR GENERAL CORPORATION AMEND # 2 TO FORM S-3
0000029534-98-000001,1998-06-08,1998-06-01,1998-06-08T04:00:00.000Z,,8-K,001-11421,98643804,5,8-K,5263,0,0,,,8K SUBMISSION
0000029534-98-000002,1998-06-10,1998-05-31,1998-06-10T04:00:00.000Z,,4,001-11421,98645766,,4,40714,0,0,,,
0000029534-98-000003,1998-06-10,1998-05-31,1998-06-10T04:00:00.000Z,,4,001-11421,98645769,,4,21510,0,0,,,
0000029534-98-000006,1998-06-10,1998-06-10,1998-06-10T04:00:00.000Z,,4,001-11421,98645871,,4,21401,0,0,,,
0000029534-98-000007,1998-06-10,1998-05-31,1998-06-10T04:00:00.000Z,,4,001-11421,98646123,,4,40836,0,0,,,
0001062406-98-000002,1998-06-10,1998-05-31,1998-06-10T04:00:00.000Z,,4,001-11421,98646333,,4,21567,0,0,,,
0000029534-98-000009,1998-06-11,1998-06-11,1998-06-11T04:00:00.000Z,,8-K/A,001-11421,98646599,"5,7",8-K/A,6432,0,0,,,
0000029534-98-000010,1998-06-16,1998-05-02,1998-06-16T04:00:00.000Z,,10-Q,001-11421,98649405,,10-Q,104592,0,0,,,
0000029534-98-000011,1998-07-10,1998-06-30,1998-07-10T04:00:00.000Z,,4,001-11421,98664505,,4,40666,0,0,,,
0000029534-98-000013,1998-07-10,1998-06-30,1998-07-10T04:00:00.000Z,,4,001-11421,98664521,,4,21401,0,0,,,
0001062396-98-000001,1998-07-10,1998-06-30,1998-07-10T04:00:00.000Z,,4,001-11421,98664619,,4,40667,0,0,,,
0000029534-98-000019,1998-08-10,1998-07-31,1998-08-10T04:00:00.000Z,,4,001-11421,98681352,,4,40820,0,0,,,
0000029534-98-000021,1998-08-10,1998-07-31,1998-08-10T04:00:00.000Z,,4,001-11421,98681366,,4,21403,0,0,,,
0000029534-98-000022,1998-08-10,1998-07-31,1998-08-10T04:00:00.000Z,,4,001-11421,98681377,,4,40667,0,0,,,
0000029534-98-000023,1998-08-10,1998-07-31,1998-08-10T04:00:00.000Z,,4,001-11421,98681390,,4,21451,0,0,,,
0000029534-98-000024,1998-08-10,1998-07-31,1998-08-10T04:00:00.000Z,,4,001-11421,98681400,,4,21381,0,0,,,
0000029534-98-000025,1998-08-10,1998-07-31,1998-08-10T04:00:00.000Z,,4,001-11421,98681424,,4,40667,0,0,,,
0000029534-98-000026,1998-08-11,1998-07-31,1998-08-11T04:00:00.000Z,,4,001-11421,98681624,,4,21421,0,0,,,
0000029534-98-000027,1998-09-14,1998-07-31,1998-09-14T04:00:00.000Z,,10-Q,001-11421,98708799,,10-Q,38004,0,0,,,
0000029534-98-000028,1998-09-25,1998-06-01,1998-09-25T04:00:00.000Z,,S-8,333-09448,98714745,369,8-K,97157,0,0,,,
0000029534-98-000029,1998-10-09,1998-09-30,1998-10-09T04:00:00.000Z,,4,001-11421,98723462,,4,21399,0,0,,,
0000029534-98-000030,1998-10-09,1998-09-30,1998-10-09T04:00:00.000Z,,4,001-11421,98723469,,4,40667,0,0,,,
0000029534-98-000031,1998-10-16,,1998-10-16T04:00:00.000Z,,S-8,333-65789,98726590,,S-8,343771,0,0,,,
0000029534-98-000033,1998-11-23,1998-11-12,1998-11-23T05:00:00.000Z,,3,001-11421,98757602,,3,52263,0,0,,,
0000029534-98-000035,1998-12-10,1998-11-30,1998-12-10T05:00:00.000Z,,4,001-11421,98767839,,4,21426,0,0,,,
0000930413-98-001017,1998-12-10,,1998-12-10T05:00:00.000Z,,SC 13G,005-40997,98767012,,SC 13G,12309,0,0,,,SCHEDULE 13G
0000029534-98-000036,1998-12-14,1998-10-30,1998-12-14T05:00:00.000Z,,10-Q,001-11421,98768648,,10-Q,37454,0,0,,,
0000029534-99-000001,1999-01-11,1998-12-31,1999-01-11T05:00:00.000Z,,4,001-11421,99504487,,4,21389,0,0,,,
0000080835-99-000002,1999-01-28,,1999-01-28T05:00:00.000Z,,SC 13G/A,005-40997,99514438,,SC 13G/A,14042,0,0,,,
0000930413-99-000087,1999-02-08,,1999-02-08T05:00:00.000Z,,SC 13G,005-40997,99523526,,SC 13G,13071,0,0,,,SCHEDULE 13G
0000029534-99-000002,1999-03-10,1999-02-28,1999-03-10T05:00:00.000Z,,4,001-11421,99561705,,4,40654,0,0,,,
0000029534-99-000004,1999-03-10,1999-02-28,1999-03-10T05:00:00.000Z,,4,001-11421,99561896,,4,59897,0,0,,,
0001081797-99-000001,1999-03-12,1999-03-03,1999-03-12T05:00:00.000Z,,3,001-11421,99563857,,3,18885,0,0,,,
0000029534-99-000005,1999-03-15,1999-01-31,1999-03-15T05:00:00.000Z,,5,001-11421,99564889,,5,21795,0,0,,,
0000029534-99-000006,1999-03-15,1999-01-31,1999-03-15T05:00:00.000Z,,5,001-11421,99564929,,5,41343,0,0,,,
0000029534-99-000007,1999-03-15,1999-01-31,1999-03-15T05:00:00.000Z,,5,001-11421,99564934,,5,21710,0,0,,,
0000029534-99-000009,1999-03-15,1999-01-31,1999-03-15T05:00:00.000Z,,5,001-11421,99564936,,5,21707,0,0,,,
0000029534-99-000010,1999-03-15,1999-01-31,1999-03-15T05:00:00.000Z,,5,001-11421,99564938,,5,21758,0,0,,,
0000029534-99-000011,1999-03-15,1999-01-31,1999-03-15T05:00:00.000Z,,5,001-11421,99565015,,5,20241,0,0,,,
0000029534-99-000012,1999-03-15,1999-01-31,1999-03-15T05:00:00.000Z,,5,001-11421,99565017,,5,21706,0,0,,,
0000029534-99-000014,1999-03-15,1999-01-31,1999-03-15T05:00:00.000Z,,5,001-11421,99565026,,5,21707,0,0,,,
0000029534-99-000015,1999-03-15,1999-01-31,1999-03-15T05:00:00.000Z,,5,001-11421,99565030,,5,21709,0,0,,,
0000029534-99-000016,1999-03-15,1999-01-31,1999-03-15T05:00:00.000Z,,5,001-11421,99565036,,5,21708,0,0,,,
0000029534-99-000018,1999-03-15,1999-01-31,1999-03-15T05:00:00.000Z,,5,001-11421,99565042,,5,21706,0,0,,,
0000029534-99-000019,1999-03-15,1999-01-31,1999-03-15T05:00:00.000Z,,5,001-11421,99565046,,5,21757,0,0,,,
0000029534-99-000020,1999-03-15,1999-01-31,1999-03-15T05:00:00.000Z,,5,001-11421,99565048,,5,21704,0,0,,,
0000029534-99-000021,1999-03-15,1999-01-31,1999-03-15T05:00:00.000Z,,5,001-11421,99565053,,5,41279,0,0,,,
0000029534-99-000022,1999-03-15,1999-01-31,1999-03-15T05:00:00.000Z,,5,001-11421,99565059,,5,41232,0,0,,,
0000029534-99-000023,1999-03-15,1999-01-31,1999-03-15T05:00:00.000Z,,5,001-11421,99565064,,5,21756,0,0,,,
0000029534-99-000026,1999-03-15,1999-01-31,1999-03-15T05:00:00.000Z,,5,001-11421,99565111,,5,21680,0,0,,,
0000029534-99-000027,1999-03-15,1999-01-31,1999-03-15T05:00:00.000Z,,5,001-11421,99565115,,5,21711,0,0,,,
0000029534-99-000030,1999-04-12,1999-03-31,1999-04-12T04:00:00.000Z,,4,001-11421,99591465,,4,13269,0,0,,,FORM 4 - MARCH 1999
0000029534-99-000033,1999-04-12,1999-03-05,1999-04-12T04:00:00.000Z,,4,001-11421,99591547,,4,11596,0,0,,,FORM 4 - MARCH 1999
0000029534-99-000034,1999-04-12,1999-03-05,1999-04-12T04:00:00.000Z,,4,001-11421,99591680,,4,14313,0,0,,,FORM 4 - MARCH 1999
0000029534-99-000035,1999-04-12,1999-03-31,1999-04-12T04:00:00.000Z,,4,001-11421,99591869,,4,9841,0,0,,,FORM 4 - MARCH 1999
0000029534-99-000036,1999-04-12,1999-03-31,1999-04-12T04:00:00.000Z,,4,001-11421,99591872,,4,17395,0,0,,,FORM 4 - MARCH 1999
0000029534-99-000037,1999-04-12,1999-03-31,1999-04-12T04:00:00.000Z,,4,001-11421,99591874,,4,11595,0,0,,,FORM 4 - MARCH 1999
0000914317-99-000239,1999-04-26,1999-01-29,1999-04-26T04:00:00.000Z,,10-K,001-11421,99600398,,10-K,150496,0,0,,,
0000914317-99-000258,1999-04-30,1999-06-07,1999-04-30T04:00:00.000Z,,DEF 14A,001-11421,99607759,,DEF 14A,93966,0,0,,,
0000029534-99-000039,1999-05-10,1999-04-30,1999-05-10T04:00:00.000Z,,4,001-11421,99615926,,4,14204,0,0,,,FORM 4 - APRIL 1999
0001061466-99-000001,1999-05-10,1999-04-30,1999-05-10T04:00:00.000Z,,4,001-11421,99616335,,4,12310,0,0,,,FORM 4 - APRIL 1999
0001061473-99-000001,1999-05-10,1999-04-30,1999-05-10T04:00:00.000Z,,4,001-11421,99616337,,4,12044,0,0,,,FORM 4 - APRIL 1999
0001062392-99-000001,1999-05-10,1999-04-30,1999-05-10T04:00:00.000Z,,4,001-11421,99616334,,4,15467,0,0,,,FORM 4 - APRIL 1999
0000029534-99-000043,1999-06-10,1999-04-30,1999-06-10T04:00:00.000Z,,4,001-11421,99644142,,4,11691,0,0,,,FORM 4 - MAY 1999
0000029534-99-000045,1999-06-10,1999-05-31,1999-06-10T04:00:00.000Z,,4,001-11421,99644288,,4,11582,0,0,,,FORM 4 - MAY 1999
0000029534-99-000047,1999-06-10,1999-05-31,1999-06-10T04:00:00.000Z,,4,001-11421,99644433,,4,24640,0,0,,,FORM 4 - MAY 1999
0000029534-99-000048,1999-06-10,1999-05-31,1999-06-10T04:00:00.000Z,,4,001-11421,99644434,,4,24712,0,0,,,FORM 4 - MAY 1999
0000914317-99-000368,1999-06-14,1999-04-30,1999-06-14T04:00:00.000Z,,10-Q,001-11421,99645625,,10-Q,49767,0,0,,,
0000914317-99-000371,1999-06-15,,1999-06-15T04:00:00.000Z,,S-3,333-80655,99646258,,S-3,56909,0,0,,,
0000029534-99-000049,1999-06-17,1999-06-07,1999-06-17T04:00:00.000Z,,3,001-11421,99647869,,3,7490,0,0,,,FORM 3 - 6/7/1999
0000914317-99-000387,1999-06-29,1998-12-31,1999-06-29T04:00:00.000Z,,11-K,001-11421,99655665,,11-K,45729,0,0,,,
0000029534-99-000050,1999-07-12,1999-06-04,1999-07-12T04:00:00.000Z,,4,001-11421,99662797,,4,13502,0,0,,,FORM 4 - JUNE 1999
0000029534-99-000051,1999-07-12,1999-06-07,1999-07-12T04:00:00.000Z,,4,001-11421,99662924,,4,11693,0,0,,,FORM 4 - JULY 1999
0000029534-99-000052,1999-07-12,1999-06-30,1999-07-12T04:00:00.000Z,,4,001-11421,99663129,,4,8815,0,0,,,FORM 4 - JUNE 1999
0000029534-99-000053,1999-07-12,1999-06-30,1999-07-12T04:00:00.000Z,,4,001-11421,99663128,,4,12591,0,0,,,FORM 4 - JUNE 1999
0000029534-99-000054,1999-08-10,1999-07-31,1999-08-10T04:00:00.000Z,,4,001-11421,99682910,,4,10362,0,0,,,FORM 4 - JULY 1999
0000029534-99-000055,1999-09-10,1999-08-31,1999-09-10T04:00:00.000Z,,4,001-11421,99709512,,4,9564,0,0,,,FORM 4 - AUGUST 1999
0000029534-99-000058,1999-09-10,1999-08-31,1999-09-10T04:00:00.000Z,,4,001-11421,99709752,,4,7691,0,0,,,FORM 4 - AUGUST 1999
0000029534-99-000059,1999-09-10,1999-08-31,1999-09-10T04:00:00.000Z,,4,001-11421,99709973,,4,9945,0,0,,,FORM 4 - AUGUST 1999
0000029534-99-000061,1999-09-10,1999-08-31,1999-09-10T04:00:00.000Z,,4,001-11421,99709984,,4,13783,0,0,,,FORM 4 - AUGUST 1999
0000029534-99-000062,1999-09-13,1999-07-30,1999-09-13T04:00:00.000Z,,10-Q,001-11421,99710559,,10-Q,58745,0,0,,,
0000029534-99-000063,1999-10-12,1999-09-30,1999-10-12T04:00:00.000Z,,4,001-11421,99726416,,4,9065,0,0,,,FORM 4 - 09/99
0000029534-99-000064,1999-10-12,1999-09-30,1999-10-12T04:00:00.000Z,,4,001-11421,99726466,,4,8235,0,0,,,FORM 4 - 09/99
0000029534-99-000065,1999-10-12,1999-09-30,1999-10-12T04:00:00.000Z,,4,001-11421,99726467,,4,10354,0,0,,,FORM 4 - 09/99
0000029534-99-000067,1999-10-12,1999-09-30,1999-10-12T04:00:00.000Z,,4,001-11421,99726916,,4,9161,0,0,,,FORM 4 - 09/99
0000029534-99-000068,1999-10-12,1999-09-23,1999-10-12T04:00:00.000Z,,4,001-11421,99726931,,4,14318,0,0,,,FORM 4 - 9-99
0000029534-99-000070,1999-10-12,1999-09-30,1999-10-12T04:00:00.000Z,,4,001-11421,99727070,,4,13955,0,0,,,FORM 4 - 9/99
0000029534-99-000072,1999-10-12,1999-09-30,1999-10-12T04:00:00.000Z,,4,001-11421,99727103,,4,15651,0,0,,,FORM 4 - 09/1999
0000029534-99-000073,1999-11-10,1999-10-29,1999-11-10T05:00:00.000Z,,4,001-11421,99745868,,4,12497,0,0,,,FORM 4 - OCTOBER 1999
0000029534-99-000074,1999-11-10,1999-10-31,1999-11-10T05:00:00.000Z,,4,001-11421,99745974,,4,24777,0,0,,,FORM 4 - OCTOBER 1999
0000029534-99-000075,1999-11-10,1999-10-29,1999-11-10T05:00:00.000Z,,4,001-11421,99746067,,4,15657,0,0,,,FORM 4 - OCTOBER 1999
0000914317-99-000730,1999-12-13,1999-10-29,1999-12-13T05:00:00.000Z,,10-Q,001-11421,99773600,,10-Q,57521,0,0,,,
0000914317-99-000744,1999-12-21,,1999-12-21T05:00:00.000Z,,S-8,333-93309,99778546,,S-8,76147,0,0,,,
0000029534-00-000001,2000-01-10,1999-12-08,2000-01-10T05:00:00.000Z,,4,001-11421,504548,,4,10366,0,0,,,FORM 4 - DECEMBER 2000
0000029534-00-000002,2000-01-10,1999-12-23,2000-01-10T05:00:00.000Z,,4,001-11421,504555,,4,11803,0,0,,,FORM 4 - DECEMBER 1999
0000029534-00-000003,2000-01-10,1999-12-14,2000-01-10T05:00:00.000Z,,4,001-11421,504568,,4,9846,0,0,,,FORM 4 - DECEMBER 1999
0000029534-00-000004,2000-01-10,1999-12-31,2000-01-10T05:00:00.000Z,,4,001-11421,504973,,4,15399,0,0,,,FORM 4 - DECEMBER 1999
0000930413-00-000098,2000-02-04,,2000-02-04T05:00:00.000Z,,SC 13G,005-40997,524089,,SC 13G,11439,0,0,,,SCHEDULE 13G
0000029534-00-000005,2000-02-10,1999-12-31,2000-02-10T05:00:00.000Z,,4,001-11421,531493,,4,9425,0,0,,,FORM 4 - JANUARY 2000
0000029534-00-000006,2000-02-14,,2000-02-14T05:00:00.000Z,,SC 13G,005-40997,542237,,SC 13G,8509,0,0,,,
0000029534-00-000007,2000-02-14,,2000-02-14T05:00:00.000Z,,SC 13G,005-40997,542267,,SC 13G,8518,0,0,,,
0000029534-00-000008,2000-02-14,,2000-02-14T05:00:00.000Z,,SC 13G,005-40997,542334,,SC 13G,8510,0,0,,,
0000914317-00-000139,2000-02-29,2000-02-29,2000-02-29T05:00:00.000Z,,8-K,001-11421,557848,"5,7",8-K,219445,0,0,,,
0000914317-00-000140,2000-02-29,,2000-02-29T05:00:00.000Z,,8-A12B,001-11421,557864,,8-A12B,19182,0,0,,,
0000029534-00-000010,2000-03-02,2000-02-21,2000-03-02T05:00:00.000Z,,3,001-11421,559547,,3,12350,0,0,,,FORM 3 - 2/21/2000
0000029534-00-000011,2000-03-06,2000-02-29,2000-03-06T05:00:00.000Z,,4,001-11421,561685,,4,9529,0,0,,,FORM 4 - 02/2000
0000029534-00-000013,2000-03-06,2000-02-29,2000-03-06T05:00:00.000Z,,4,001-11421,561836,,4,8661,0,0,,,FORM 4 - 02/2000
0000029534-00-000014,2000-03-08,2000-02-28,2000-03-08T05:00:00.000Z,,4,001-11421,563787,,4,7147,0,0,,,FORM 4 - 02/28/2000
0000029534-00-000015,2000-03-08,2000-02-28,2000-03-08T05:00:00.000Z,,4,001-11421,563810,,4,7065,0,0,,,FORM 4 - 02/28/00
0000029534-00-000016,2000-03-13,2000-01-28,2000-03-13T05:00:00.000Z,,5,001-11421,567630,,5,6839,0,0,,,FORM 5 - 1/28/00
0000029534-00-000017,2000-03-13,2000-01-28,2000-03-13T05:00:00.000Z,,5,001-11421,567654,,5,7401,0,0,,,FORM 5 - 1/28/00
0000029534-00-000018,2000-03-13,2000-01-28,2000-03-13T05:00:00.000Z,,5,001-11421,567670,,5,7661,0,0,,,FORM 5 - 1/28/00
0000029534-00-000019,2000-03-13,2000-01-28,2000-03-13T05:00:00.000Z,,5,001-11421,567672,,5,7207,0,0,,,FORM 5 - 1/28/00
0000029534-00-000020,2000-03-13,2000-01-28,2000-03-13T05:00:00.000Z,,5,001-11421,567678,,5,7727,0,0,,,FORM 5 - 1/28/00
0000029534-00-000021,2000-03-13,2000-01-28,2000-03-13T05:00:00.000Z,,5,001-11421,567679,,5,7957,0,0,,,FORM 5 - 1/28/00
0000029534-00-000022,2000-03-13,2000-01-28,2000-03-13T05:00:00.000Z,,5,001-11421,567680,,5,8418,0,0,,,FORM 5 - 1/28/00
0000029534-00-000023,2000-03-13,1999-04-30,2000-03-13T05:00:00.000Z,,4,001-11421,567683,,4,12132,0,0,,,FORM 4 - 4/30/99
0000029534-00-000024,2000-03-13,2000-01-28,2000-03-13T05:00:00.000Z,,5,001-11421,567685,,5,8928,0,0,,,FORM 5 - 1/28/00
0000029534-00-000026,2000-03-13,2000-01-28,2000-03-13T05:00:00.000Z,,5,001-11421,567689,,5,7342,0,0,,,FORM 5 - 1/28/00
0000029534-00-000027,2000-03-13,2000-01-28,2000-03-13T05:00:00.000Z,,5,001-11421,567693,,5,8608,0,0,,,FORM 5 - 1/28/00
0000029534-00-000028,2000-03-13,2000-01-28,2000-03-13T05:00:00.000Z,,5,001-11421,567697,,5,7342,0,0,,,FORM 5 - 1/28/00
0000029534-00-000030,2000-03-13,2000-01-28,2000-03-13T05:00:00.000Z,,5,001-11421,567707,,5,7343,0,0,,,FORM 5 - 1/28/00
0000029534-00-000031,2000-03-13,2000-01-28,2000-03-13T05:00:00.000Z,,5,001-11421,567717,,5,7349,0,0,,,FORM 5 - 1/28/00
0000029534-00-000032,2000-03-13,2000-01-28,2000-03-13T05:00:00.000Z,,5,001-11421,567721,,5,8692,0,0,,,FORM 5 - 1/28/00
0000029534-00-000033,2000-03-13,2000-01-28,2000-03-13T05:00:00.000Z,,5,001-11421,567727,,5,7781,0,0,,,FORM 5 - 1/28/00
0000029534-00-000034,2000-03-13,2000-01-28,2000-03-13T05:00:00.000Z,,5,001-11421,567730,,5,7781,0,0,,,FORM 5 - 1/28/00
0000029534-00-000035,2000-03-13,2000-01-28,2000-03-13T05:00:00.000Z,,5,001-11421,567736,,5,8409,0,0,,,FORM 5 - 1/28/00
0000029534-00-000036,2000-03-13,2000-01-28,2000-03-13T05:00:00.000Z,,5,001-11421,567896,,5,7344,0,0,,,FORM 5 - 1/28/00
0000029534-00-000038,2000-03-13,2000-01-28,2000-03-13T05:00:00.000Z,,5,001-11421,567925,,5,6936,0,0,,,FORM 5 - 1/28/00
0000029534-00-000039,2000-03-13,2000-01-28,2000-03-13T05:00:00.000Z,,5,001-11421,568017,,5,7429,0,0,,,FORM 5 - 1/28/00
0000029534-00-000040,2000-03-13,2000-01-28,2000-03-13T05:00:00.000Z,,5,001-11421,568049,,5,8010,0,0,,,FORM 5 - 1/28/00
0000029534-00-000041,2000-03-13,2000-01-28,2000-03-13T05:00:00.000Z,,5,001-11421,568069,,5,8428,0,0,,,FORM 5 - 1/28/00
0000029534-00-000042,2000-03-13,2000-01-28,2000-03-13T05:00:00.000Z,,5,001-11421,568092,,5,9407,0,0,,,FORM 5 - 1/28/00
0001062403-00-000001,2000-03-13,2000-01-28,2000-03-13T05:00:00.000Z,,5,001-11421,567940,,5,8001,0,0,,,FORM 5 - 1/28/00
0001062406-00-000001,2000-03-13,2000-01-28,2000-03-13T05:00:00.000Z,,5,001-11421,567910,,5,7334,0,0,,,FORM 5 - 1/28/00
0000029534-00-000043,2000-04-10,2000-03-31,2000-04-10T04:00:00.000Z,,4,001-11421,597505,,4,10955,0,0,,,FORM 4 - 03/31/2000
0000029534-00-000044,2000-04-10,2000-03-31,2000-04-10T04:00:00.000Z,,4,001-11421,597694,,4,21568,0,0,,,FORM 4 - 03/31/2000
0000029534-00-000045,2000-04-10,2000-03-31,2000-04-10T04:00:00.000Z,,4,001-11421,597729,,4,7186,0,0,,,FORM 4 - 03/31/2000
0000914317-00-000305,2000-04-25,1999-07-30,2000-04-25T04:00:00.000Z,,10-Q/A,001-11421,608160,,10-Q/A,449893,0,0,,,
0000914317-00-000307,2000-04-27,2000-01-28,2000-04-27T04:00:00.000Z,,10-K,001-11421,611102,,10-K,133551,0,0,,,
0000914317-00-000308,2000-04-28,2000-06-05,2000-04-28T04:00:00.000Z,,DEF 14A,001-11421,611306,,DEF 14A,168844,0,0,,,
0000029534-00-000046,2000-05-10,2000-04-30,2000-05-10T04:00:00.000Z,,4,001-11421,624847,,4,9909,0,0,,,FORM 4 - 04/30/2000
0000029534-00-000047,2000-05-10,2000-04-30,2000-05-10T04:00:00.000Z,,4,001-11421,624980,,4,8368,0,0,,,FORM 4 - 04/30/2000
0000029534-00-000048,2000-05-10,2000-04-30,2000-05-10T04:00:00.000Z,,4,001-11421,624997,,4,9630,0,0,,,FORM 4 - 04/30/2000
0000029534-00-000049,2000-05-10,2000-04-30,2000-05-10T04:00:00.000Z,,4,001-11421,625002,,4,9630,0,0,,,FORM 4 - 04/30/2000
0000029534-00-000050,2000-05-10,2000-04-30,2000-05-10T04:00:00.000Z,,4,001-11421,625019,,4,7059,0,0,,,FORM 4 - 04/30/2000
0000914317-00-000436,2000-06-07,2000-04-28,2000-06-07T04:00:00.000Z,,10-Q,001-11421,650971,,10-Q,45419,0,0,,0001.txt,
0000914317-00-000438,2000-06-08,2000-06-08,2000-06-08T04:00:00.000Z,,8-K,001-11421,651415,"5,7",8-K,6398,0,0,,0001.txt,FORM 8-K
0000029534-00-000051,2000-06-12,2000-05-31,2000-06-12T04:00:00.000Z,,4,001-11421,653326,,4,7705,0,0,,0001.txt,FORM 4 - 05/31/2000
0000914317-00-000456,2000-06-22,2000-06-21,2000-06-22T04:00:00.000Z,,8-K,001-11421,659007,"5,7",8-K,6554,0,0,,0001.txt,FORM 8-K
0000914317-00-000465,2000-06-27,1999-12-31,2000-06-27T04:00:00.000Z,,11-K,001-11421,661596,,11-K,32022,0,0,,0001.txt,401(K) SAVINGS AND RETIREMENT PLAN
0000914317-00-000511,2000-07-31,2000-01-28,2000-07-31T04:00:00.000Z,,10-K/A,001-11421,682003,,10-K/A,72047,0,0,,0001.txt,AMENDMENT #1 TO FORM 10-K
0000950144-00-009246,2000-08-01,,2000-08-01T04:00:00.000Z,,S-4,333-42704,683050,,S-4,771044,0,0,,s-4.txt,DOLLAR GENERAL CORPORATION
0000950144-00-009591,2000-08-08,2000-08-08,2000-08-08T04:00:00.000Z,,8-K,001-11421,688601,"5,7",8-K,22486,0,0,,e8-k.txt,DOLLAR GENERAL CORPORATION
0000950144-00-009643,2000-08-09,,2000-08-09T04:00:00.000Z,,424B1,333-42704,689144,,424B1,187340,0,0,,e424b1.txt,DOLLAR GENERAL CORPORATION
0000029534-00-000053,2000-08-10,2000-07-31,2000-08-10T04:00:00.000Z,,4,001-11421,691556,,4,11903,0,0,,0001.txt,FORM 4 - 07/31/2000
0000029534-00-000054,2000-08-10,2000-07-31,2000-08-10T04:00:00.000Z,,4,001-11421,691643,,4,11602,0,0,,0001.txt,FORM 4 - 07/31/2000
0000029534-00-000055,2000-08-10,2000-07-31,2000-08-10T04:00:00.000Z,,4,001-11421,691710,,4,8950,0,0,,0001.txt,FORM 4 - 07/31/2000
0000914317-00-000622,2000-09-11,2000-07-28,2000-09-11T04:00:00.000Z,,10-Q,001-11421,720562,,10-Q,86146,0,0,,0001.txt,FORM 10-Q
0000029534-00-000056,2000-10-10,2000-09-30,2000-10-10T04:00:00.000Z,,4,001-11421,737549,,4,14461,0,0,,0001.txt,FORM 4 - 09/30/2000
0000029534-00-000057,2000-10-10,2000-09-30,2000-10-10T04:00:00.000Z,,4,001-11421,737719,,4,19241,0,0,,0001.txt,FORM 4 - 09/30/2000
0000029534-00-000058,2000-10-10,2000-09-30,2000-10-10T04:00:00.000Z,,4,001-11421,737794,,4,11816,0,0,,0001.txt,FORM 4 - 09/30/2000
0000029534-00-000059,2000-10-10,2000-09-30,2000-10-10T04:00:00.000Z,,4,001-11421,737836,,4,7602,0,0,,0001.txt,FORM 4 - 09/30/2000
0000029534-00-000060,2000-10-10,2000-09-30,2000-10-10T04:00:00.000Z,,4,001-11421,737904,,4,10033,0,0,,0001.txt,FORM 4 - 09/30/2000
0000029534-00-000061,2000-10-10,2000-09-30,2000-10-10T04:00:00.000Z,,4,001-11421,737936,,4,8329,0,0,,0001.txt,FORM 4 - 09/30/2000
0000029534-00-000062,2000-10-10,2000-09-30,2000-10-10T04:00:00.000Z,,4,001-11421,737968,,4,9192,0,0,,0001.txt,FORM 4 - 09/30/2000
0000029534-00-000063,2000-10-11,2000-09-30,2000-10-11T04:00:00.000Z,,4,001-11421,737997,,4,10910,0,0,,0001.txt,FORM 4 - 09/30/2000
0000914317-00-000698,2000-10-16,2000-10-13,2000-10-16T04:00:00.000Z,,8-K,001-11421,740899,9,8-K,7210,0,0,,0001.txt,FORM 8-K
0000914317-00-000720,2000-11-02,2000-11-02,2000-11-02T05:00:00.000Z,,8-K,001-11421,752024,9,8-K,8245,0,0,,0001.txt,FORM 8-K
0000914317-00-000733,2000-11-09,2000-11-06,2000-11-09T05:00:00.000Z,,8-K,001-11421,756286,9,8-K,48207,0,0,,0001.txt,FORM 8-K
0000914317-00-000761,2000-11-13,2000-10-10,2000-11-13T05:00:00.000Z,,4,001-11421,760940,,4,9195,0,0,,0001.txt,FORM 4 - 10/10/2000
0000914317-00-000762,2000-11-13,2000-10-31,2000-11-13T05:00:00.000Z,,4,001-11421,761008,,4,15551,0,0,,0001.txt,FORM 4 - 10/31/2000
0000029534-00-000064,2000-11-17,2000-11-07,2000-11-17T05:00:00.000Z,,3,001-11421,772312,,3,6526,0,0,,0001.txt,FORM 3 - 11/7/2000
0000914317-00-000806,2000-12-01,2000-11-30,2000-12-01T05:00:00.000Z,,8-K,001-11421,782295,9,8-K,8287,0,0,,0001.txt,FORM 8-K
0000914317-00-000824,2000-12-11,2000-10-27,2000-12-11T05:00:00.000Z,,10-Q,001-11421,787043,,10-Q,52033,0,0,,0001.txt,FORM 10-Q
0000914317-01-000005,2001-01-04,2001-01-04,2001-01-04T05:00:00.000Z,,8-K,001-11421,1501900,9,8-K,9009,0,0,,0001.txt,FORM 8-K
0000914317-01-000022,2001-01-10,2001-01-10,2001-01-10T05:00:00.000Z,,4,001-11421,1506228,,4,11975,0,0,,0001.txt,FORM 4 FOR CAL TURNER JR.
0000914317-01-000023,2001-01-10,2001-01-10,2001-01-10T05:00:00.000Z,,4,001-11421,1506249,,4,11676,0,0,,0001.txt,FORM 4 FOR CAL TURNER FAMILY FOUNDATION
0000914317-01-000024,2001-01-10,2001-01-10,2001-01-10T05:00:00.000Z,,4,001-11421,1506258,,4,11645,0,0,,0001.txt,FORM 4 SUSAN MILANA
0000914317-01-000031,2001-01-10,2001-01-10,2001-01-10T05:00:00.000Z,,4,001-11421,1506412,,4,11597,0,0,,0001.txt,FORM 4 FOR BRUCE ASH
0000914317-01-000032,2001-01-10,2001-01-10,2001-01-10T05:00:00.000Z,,4,001-11421,1506421,,4,11719,0,0,,0001.txt,FORM 4 FOR TROY A. FELLERS
0000914317-01-000041,2001-01-19,2000-12-31,2001-01-19T05:00:00.000Z,,4/A,001-11421,1511764,,4/A,12031,0,0,,0001.txt,FORM 4 FOR CAL TURNER JR.
0000914317-01-000047,2001-01-23,2001-01-23,2001-01-23T05:00:00.000Z,,8-K,001-11421,1513467,9,8-K,16586,0,0,,0001.txt,
0000914317-01-000053,2001-01-25,2001-01-15,2001-01-25T05:00:00.000Z,,3,001-11421,1514997,,3,9262,0,0,,0001.txt,FORM 3 FOR GREGG TREADWAY
0000914317-01-000077,2001-02-09,2001-01-31,2001-02-09T05:00:00.000Z,,4,001-11421,1530367,,4,13984,0,0,,0001.txt,FORM 4 FOR JOHN B. HOLLAND
0000914317-01-000078,2001-02-09,2001-01-31,2001-02-09T05:00:00.000Z,,4,001-11421,1530393,,4,11710,0,0,,0001.txt,FORM 4 FOR JAMES L. CLAYTON
0000914317-01-000079,2001-02-09,2001-01-31,2001-02-09T05:00:00.000Z,,4,001-11421,1530410,,4,12377,0,0,,0001.txt,FORM 4 FOR DAVID WILDS
0000914317-01-000080,2001-02-09,2001-02-08,2001-02-09T05:00:00.000Z,,8-K,001-11421,1530920,9,8-K,8278,0,0,,0001.txt,
0000017283-01-000107,2001-02-12,,2001-02-12T05:00:00.000Z,,SC 13G,005-40997,1532020,,SC 13G,9759,0,0,,0001.txt,
0000902219-01-000195,2001-02-13,,2001-02-13T05:00:00.000Z,,SC 13G,005-40997,1535043,,SC 13G,11519,0,0,,0001.txt,
0000914317-01-000120,2001-02-14,,2001-02-14T05:00:00.000Z,,SC 13G,005-40997,1545713,,SC 13G,10149,0,0,,0001.txt,SC 13G FOR  JAMES STEPHEN TURNER
0000914317-01-000122,2001-02-14,,2001-02-14T05:00:00.000Z,,SC 13G,005-40997,1545732,,SC 13G,10065,0,0,,0001.txt,SC 13G FOR  TURNER CHILDRENS TRUST
0000914317-01-000123,2001-02-14,,2001-02-14T05:00:00.000Z,,SC 13G,005-40997,1545768,,SC 13G,10044,0,0,,0001.txt,SC 13G FOR CAL TURNER JR.
0000914317-01-000137,2001-02-28,2001-02-28,2001-02-28T05:00:00.000Z,,8-K,001-11421,1557892,9,8-K,47507,0,0,,0001.txt,
0000950110-01-000209,2001-03-02,,2001-03-02T05:00:00.000Z,,SC 13G,005-40997,1560428,,SC 13G,11794,0,0,,0001.txt,SCHEDULE 13G
0000914317-01-000155,2001-03-07,2001-02-28,2001-03-07T05:00:00.000Z,,3,001-11421,1562797,,3,9347,0,0,,0001.txt,FORM 3 FOR ROBERT C. LAYNE
0000914317-01-000159,2001-03-08,2001-03-08,2001-03-08T05:00:00.000Z,,8-K,001-11421,1563800,9,8-K,7826,0,0,,0001.txt,
0000950144-01-003419,2001-03-09,,2001-03-09T05:00:00.000Z,,S-3,333-56810,1565419,,S-3,68340,0,0,,g67516s-3.txt,DOLLAR GENERAL CORPORATION
0000914317-01-000164,2001-03-12,2001-03-12,2001-03-12T05:00:00.000Z,,4,001-11421,1566451,,4,11386,0,0,,0001.txt,FORM 4 FOR BARBARA L. BOWLES
0000914317-01-000165,2001-03-12,2001-03-12,2001-03-12T05:00:00.000Z,,4,001-11421,1566524,,4,11398,0,0,,0001.txt,FORM 4 FOR EARL WEISSERT
0000914317-01-000176,2001-03-19,2001-03-19,2001-03-19T05:00:00.000Z,,5,001-11421,1571618,,5,11443,0,0,,0001.txt,FORM 5 FOR DENNY BOTTORFF
0000914317-01-000177,2001-03-19,2001-03-19,2001-03-19T05:00:00.000Z,,5,001-11421,1571649,,5,11524,0,0,,0001.txt,FORM 5 FOR BOB CARPENTER
0000914317-01-000178,2001-03-19,2001-03-19,2001-03-19T05:00:00.000Z,,5,001-11421,1571652,,5,11437,0,0,,0001.txt,FORM 5 FOR JAMES CLAYTON
0000914317-01-000179,2001-03-19,2001-03-19,2001-03-19T05:00:00.000Z,,5,001-11421,1571677,,5,11440,0,0,,0001.txt,FORM 5 FOR REGINALD DICKSON
0000914317-01-000180,2001-03-19,2001-03-19,2001-03-19T05:00:00.000Z,,5,001-11421,1571717,,5,11296,0,0,,0001.txt,FORM 5 FOR JOHN B. HOLLAND
0000914317-01-000182,2001-03-19,2001-03-19,2001-03-19T05:00:00.000Z,,5,001-11421,1571743,,5,11631,0,0,,0001.txt,FORM 5 FOR BARBARA M. KNUCKLES
0000914317-01-000184,2001-03-19,2001-03-19,2001-03-19T05:00:00.000Z,,5,001-11421,1571804,,5,11343,0,0,,0001.txt,FORM 5 FOR RANDY SANDERSON
0000914317-01-000185,2001-03-19,2001-03-19,2001-03-19T05:00:00.000Z,,5,001-11421,1571860,,5,12548,0,0,,0001.txt,FORM 5 FOR TOM HARTSHORN
0000914317-01-000186,2001-03-19,2001-03-19,2001-03-19T05:00:00.000Z,,5,001-11421,1571884,,5,16532,0,0,,0001.txt,FORM 5 FOR CAL H. TURNER JR.
0000914317-01-000187,2001-03-19,2001-03-19,2001-03-19T05:00:00.000Z,,5,001-11421,1571901,,5,11295,0,0,,0001.txt,FORM 5 FOR CAL TURNER SR.
0000914317-01-000188,2001-03-19,2001-03-19,2001-03-19T05:00:00.000Z,,5,001-11421,1571907,,5,14063,0,0,,0001.txt,FORM 5 FOR JAMES S. TURNER
0000914317-01-000189,2001-03-19,2001-03-19,2001-03-19T05:00:00.000Z,,5,001-11421,1571913,,5,11300,0,0,,0001.txt,FORM 5 FOR TURNERS CHILDRENS TRUST
0000914317-01-000190,2001-03-19,2001-03-19,2001-03-19T05:00:00.000Z,,5,001-11421,1571916,,5,12768,0,0,,0001.txt,FORM 5 FOR BOB WARNER
0000914317-01-000191,2001-03-19,2001-03-19,2001-03-19T05:00:00.000Z,,5,001-11421,1571923,,5,11739,0,0,,0001.txt,FORM 5 FOR EARL WEISSERT
0000914317-01-000192,2001-03-19,2001-03-19,2001-03-19T05:00:00.000Z,,5,001-11421,1571931,,5,11567,0,0,,0001.txt,FORM 5 FOR DAVID M. WILDS
0000914317-01-000193,2001-03-19,2001-03-19,2001-03-19T05:00:00.000Z,,5,001-11421,1571945,,5,11439,0,0,,0001.txt,FORM 5 FOR WILLIAM S. WIRE
0000914317-01-000204,2001-03-22,2001-02-28,2001-03-22T05:00:00.000Z,,3,001-11421,1576220,,3,10769,0,0,,0001.txt,FORM 3 FOR JAMES HAGAN
0000914317-01-500005,2001-04-16,2001-04-16,2001-04-16T04:00:00.000Z,,8-K,001-11421,1603007,9,8-K,9118,0,0,,form8k_4-16.txt,
0000914317-01-500006,2001-04-16,2001-04-16,2001-04-16T04:00:00.000Z,,8-K,001-11421,1603232,9,8-K,9118,0,0,,form8k_4-16.txt,
0000914317-01-500039,2001-04-30,2001-04-30,2001-04-30T04:00:00.000Z,,8-K,001-11421,1617014,5,8-K,10808,0,0,,dollar-8k.txt,
0000950144-01-501395,2001-05-01,2001-02-02,2001-05-01T04:00:00.000Z,,NT 10-K,001-11421,1618743,,NT 10-K,8473,0,0,,g68921ntnt10-k.txt,DOLLAR GENERAL CORPORATION
0000914317-01-500074,2001-05-11,2001-05-10,2001-05-11T04:00:00.000Z,,8-K,001-11421,1630579,9,8-K,10203,0,0,,form8k_39039.txt,
0000914317-01-500136,2001-05-24,2001-05-24,2001-05-24T04:00:00.000Z,,3,001-11421,1647339,,3,10667,0,0,,form3-ds_39267.txt,
0000914317-01-500161,2001-06-08,2001-06-08,2001-06-08T04:00:00.000Z,,8-K,001-11421,1656835,9,8-K,11545,0,0,,form8k-39446.txt,
0000914317-01-500165,2001-06-11,2001-06-11,2001-06-11T04:00:00.000Z,,4,001-11421,1658667,,4,12363,0,0,,form4_37479-dw.txt,
0000914317-01-500166,2001-06-11,2001-06-11,2001-06-11T04:00:00.000Z,,4,001-11421,1658682,,4,18495,0,0,,form4-39479_ctjr.txt,
0000914317-01-500167,2001-06-11,2001-06-11,2001-06-11T04:00:00.000Z,,4,001-11421,1658686,,4,16288,0,0,,form4-39479_jst.txt,
0000914317-01-500168,2001-06-11,2001-06-11,2001-06-11T04:00:00.000Z,,4,001-11421,1658688,,4,11488,0,0,,form4-39479_rs.txt,
0000914317-01-500169,2001-06-11,2001-05-31,2001-06-11T04:00:00.000Z,,4,001-11421,1658691,,4,14022,0,0,,form4-39479_tct.txt,
0000914317-01-500180,2001-06-18,2001-05-04,2001-06-18T04:00:00.000Z,,NT 10-Q,001-11421,1662704,,NT 10-Q,8384,0,0,,nt10q39567_6-18.txt,
0000914317-01-500192,2001-07-02,2000-12-31,2001-07-02T04:00:00.000Z,,NT 11-K,001-11421,1673620,,NT 11-K,8630,0,0,,nt11k39672_7-2.txt,
0000914317-01-500210,2001-07-13,2001-07-13,2001-07-13T04:00:00.000Z,,8-K,001-11421,1680491,9,8-K,11443,0,0,,form8k_7122001.txt,
0000914317-01-500274,2001-08-10,2001-08-10,2001-08-10T04:00:00.000Z,,8-K,001-11421,1703898,9,8-K,12959,0,0,,form8k40296-810.txt,DOLLAR GENERAL CORPORATION
0000914317-01-500334,2001-09-07,2001-09-07,2001-09-07T04:00:00.000Z,,8-K,001-11421,1733007,9,8-K,11241,0,0,,form8k40637_9-7.txt,
0000914317-01-500346,2001-09-21,2001-09-21,2001-09-21T04:00:00.000Z,,8-K,001-11421,1742522,"4,7",8-K,15286,0,0,,form8k-40812.txt,
0000914317-01-500381,2001-10-09,2001-10-09,2001-10-09T04:00:00.000Z,,8-K/A,001-11421,1754251,"4,7",8-K/A,28631,0,0,,form8ka-41041_10801.txt,
0000914317-01-500398,2001-10-12,2001-09-07,2001-10-12T04:00:00.000Z,,8-K,001-11421,1757987,9,8-K,11239,0,0,,form8k-41094_1012.txt,
0000914317-01-500441,2001-11-09,2001-11-09,2001-11-09T05:00:00.000Z,,8-K,001-11421,1780540,9,8-K,11505,0,0,,form8k-41540_11901.txt,
0000914317-01-500505,2001-12-07,2001-12-07,2001-12-07T05:00:00.000Z,,8-K,001-11421,1808655,9,8-K,11686,0,0,,form8k-41419.txt,
0000914317-01-500549,2001-12-28,2000-12-31,2001-12-28T05:00:00.000Z,,11-K,001-11421,1825674,,11-K,33985,0,0,,form11k42070_122101.txt,
0000914317-02-000016,2002-01-11,2002-01-11,2002-01-11T05:00:00.000Z,,8-K,001-11421,2507406,9,8-K,12763,0,0,,form8k-42392.txt,
0000914317-02-000020,2002-01-14,2001-02-02,2002-01-14T05:00:00.000Z,,10-K,001-11421,2508883,,10-K,1389811,0,0,,form10k-42295_11002.txt,
0000914317-02-000021,2002-01-14,2001-05-04,2002-01-14T05:00:00.000Z,,10-Q,001-11421,2508895,,10-Q,81156,0,0,,form10q-42292.txt,
0000914317-02-000022,2002-01-14,2001-08-03,2002-01-14T05:00:00.000Z,,10-Q,001-11421,2508902,,10-Q,87919,0,0,,form10q_42293-011202.txt,
0000914317-02-000023,2002-01-14,2001-11-02,2002-01-14T05:00:00.000Z,,10-Q,001-11421,2508911,,10-Q,90295,0,0,,form10q-42294_011202.txt,
0000914317-02-000024,2002-01-14,2002-02-20,2002-01-14T05:00:00.000Z,,DEF 14A,001-11421,2508918,,DEF 14A,139739,0,0,,formdef14a_42296-011102.txt,
0000914317-02-000025,2002-01-14,2001-11-12,2002-01-14T05:00:00.000Z,,3,001-11421,2508962,,3,10906,0,0,,form3-ral_42421.txt,
0000914317-02-000028,2002-01-17,2002-01-14,2002-01-17T05:00:00.000Z,,8-K,001-11421,2511640,9,8-K,39088,0,0,,form8k-42503_11702.txt,
0000914317-02-000036,2002-01-25,,2002-01-25T05:00:00.000Z,,DEFR14A,001-11421,02517720,,DEFR14A,7100,0,0,,defr14a-42655_12502.txt,
9999999997-02-008266,2002-01-29,2001-02-02,2002-01-29T05:00:00.000Z,,ARS,001-11421,02012268,,ARS,1795,0,0,,9999999997-02-008266.paper,AUTO-GENERATED PAPER DOCUMENT
0000914317-02-000056,2002-02-08,2002-02-08,2002-02-08T05:00:00.000Z,,8-K,001-11421,02530794,9,8-K,11517,0,0,,form8k-43003_2702.txt,
0000017283-02-000368,2002-02-11,,2002-02-11T05:00:00.000Z,,SC 13G/A,005-40997,02533303,,SC 13G/A,9957,0,0,,edgdg.txt,SC 13G/A
0000902219-02-000759,2002-02-12,,2002-02-12T05:00:00.000Z,,SC 13G/A,005-40997,02535415,,SC 13G/A,11521,0,0,,dg1.txt,
0000914317-02-000103,2002-02-14,,2002-02-14T05:00:00.000Z,,SC 13G/A,005-40997,02549777,,SC 13G/A,8965,0,0,,sc13ga-43161_ctjr.txt,
0000914317-02-000105,2002-02-14,,2002-02-14T05:00:00.000Z,,SC 13G/A,005-40997,02549908,,SC 13G/A,8746,0,0,,sc13ga-43161_tct.txt,
0000914317-02-000106,2002-02-14,,2002-02-14T05:00:00.000Z,,SC 13G/A,005-40997,02550007,,SC 13G/A,8765,0,0,,sc13g-43161_jst.txt,
0000914317-02-000185,2002-03-14,,2002-03-14T05:00:00.000Z,,SC 13G/A,005-40997,02574949,,SC 13G/A,8536,0,0,,sc13ga_43523-22602.txt,
0000914317-02-000196,2002-03-19,2002-03-18,2002-03-19T05:00:00.000Z,,5,001-11421,02578817,,5,11359,0,0,,form5ajb43951_31802.txt,
0000914317-02-000197,2002-03-19,2002-03-18,2002-03-19T05:00:00.000Z,,5,001-11421,02578822,,5,11236,0,0,,form5bmj43951_31802.txt,
0000914317-02-000198,2002-03-19,2002-03-16,2002-03-19T05:00:00.000Z,,5,001-11421,02578828,,5,11683,0,0,,form5bdc43951_31802.txt,
0000914317-02-000199,2002-03-19,2002-03-16,2002-03-19T05:00:00.000Z,,5,001-11421,02578831,,5,11559,0,0,,form5cbr-43951_31802.txt,
0000914317-02-000200,2002-03-19,2002-03-15,2002-03-19T05:00:00.000Z,,5,001-11421,02578854,,5,11588,0,0,,form5cjl-43951_31802.txt,
0000914317-02-000201,2002-03-19,2002-03-15,2002-03-19T05:00:00.000Z,,5,001-11421,02578860,,5,11527,0,0,,form5drd-43951_31802.txt,
0000914317-02-000202,2002-03-19,2002-03-18,2002-03-19T05:00:00.000Z,,5,001-11421,02578892,,5,13036,0,0,,form5htj-43951_31802.txt,
0000914317-02-000203,2002-03-19,2002-03-15,2002-03-19T05:00:00.000Z,,5,001-11421,02578922,,5,11676,0,0,,form5kbm-43951_31802.txt,
0000914317-02-000204,2002-03-19,2002-03-18,2002-03-19T05:00:00.000Z,,5,001-11421,02578923,,5,10937,0,0,,form5lrc43951_31802.txt,
0000914317-02-000205,2002-03-19,2002-03-18,2002-03-19T05:00:00.000Z,,5,001-11421,02578942,,5,12787,0,0,,form5ral43951_31802.txt,
0000914317-02-000206,2002-03-19,2002-03-18,2002-03-19T05:00:00.000Z,,5,001-11421,02578966,,5,11252,0,0,,form5obs-43951_31802.txt,
0000914317-02-000207,2002-03-19,2002-03-18,2002-03-19T05:00:00.000Z,,5,001-11421,02578979,,5,11287,0,0,,form5sr43951_31802.txt,
0000914317-02-000208,2002-03-19,2002-03-15,2002-03-19T05:00:00.000Z,,5,001-11421,02578991,,5,12195,0,0,,form5sds43951_31802.txt,
0000914317-02-000209,2002-03-19,2002-03-15,2002-03-19T05:00:00.000Z,,5,001-11421,02579003,,5,11772,0,0,,form5sfr-43951_31802.txt,
0000914317-02-000210,2002-03-19,2002-03-15,2002-03-19T05:00:00.000Z,,5,001-11421,02579012,,5,11235,0,0,,form5tct-43951_31802.txt,
0000914317-02-000211,2002-03-19,2002-03-15,2002-03-19T05:00:00.000Z,,5,001-11421,02579020,,5,15084,0,0,,form5tcjr-43951_31802.txt,
0000914317-02-000212,2002-03-19,2002-03-15,2002-03-19T05:00:00.000Z,,5,001-11421,02579028,,5,13478,0,0,,form5tjs-43951_31802.txt,
0000914317-02-000213,2002-03-19,2002-03-15,2002-03-19T05:00:00.000Z,,5,001-11421,02579087,,5,11884,0,0,,form5wrl-43951_31802.txt,
0000914317-02-000214,2002-03-19,2002-03-15,2002-03-19T05:00:00.000Z,,5,001-11421,02579099,,5,11269,0,0,,form5wdm-43951_31802.txt,
0000914317-02-000215,2002-03-19,2002-03-16,2002-03-19T05:00:00.000Z,,5,001-11421,02579155,,5,11526,0,0,,form5wllws-43951_31802.txt,
0000914317-02-000219,2002-03-20,2002-03-19,2002-03-20T05:00:00.000Z,,5,001-11421,02579802,,5,11527,0,0,,form5jbh-43951_32002.txt,
0000914317-02-000221,2002-03-20,2002-03-18,2002-03-20T05:00:00.000Z,,5,001-11421,02579818,,5,11433,0,0,,form5blb43951_31802.txt,
0000914317-02-000227,2002-03-20,2002-03-20,2002-03-20T05:00:00.000Z,,8-K,001-11421,02580008,9,8-K,19618,0,0,,form8k-43996_32002.txt,
0000914317-02-000230,2002-03-20,2002-03-20,2002-03-20T05:00:00.000Z,,5,001-11421,02580039,,5,12704,0,0,,form5jh-43951_31802.txt,
0000914317-02-000258,2002-03-22,2002-03-15,2002-03-22T05:00:00.000Z,,5,001-11421,02582913,,5,10829,0,0,,form5geg43951_31802.txt,
0000914317-02-000263,2002-03-26,2002-03-26,2002-03-26T05:00:00.000Z,,8-K,001-11421,02585253,9,8-K,88574,0,0,,form8k-44100_32502.txt,
0000914317-02-000353,2002-04-02,2001-12-31,2002-04-02T05:00:00.000Z,,10-K,001-11421,02599962,,10-K,263671,0,0,,form10k-44259_328.txt,
0000914317-02-000374,2002-04-04,2002-04-04,2002-04-04T05:00:00.000Z,,8-K,001-11421,02602074,9,8-K,6212,0,0,,form8k-44451_4402.txt,
0000914317-02-000379,2002-04-08,2002-04-02,2002-04-08T04:00:00.000Z,,3,001-11421,02604839,,3,10768,0,0,,form3-44483_robins.txt,
0000914317-02-000415,2002-04-18,2002-04-16,2002-04-18T04:00:00.000Z,,3,001-11421,02614142,,3,9882,0,0,,form3geg44685_41702.txt,
0000914317-02-000417,2002-04-18,2002-04-11,2002-04-18T04:00:00.000Z,,8-K,001-11421,02614417,5,8-K,8475,0,0,,form8k-44574.txt,
0000914317-02-000418,2002-04-18,2002-04-18,2002-04-18T04:00:00.000Z,,8-K,001-11421,02614430,5,8-K,9178,0,0,,form8k-44684_41802.txt,
0000914317-02-000457,2002-04-26,2002-04-24,2002-04-26T04:00:00.000Z,,4,001-11421,02623305,,4,12214,0,0,,form4_robbins.txt,
0000914317-02-000494,2002-05-02,2002-04-26,2002-05-02T14:21:03.000Z,,5,001-11421,02630964,,5,12590,0,0,,form5bdc44326.txt,
0000914317-02-000500,2002-05-02,2002-06-03,2002-05-02T21:02:58.000Z,,DEF 14A,001-11421,02632200,,DEF 14A,117829,0,0,,def14a-44903_426.txt,
0000914317-02-000508,2002-05-03,2002-04-21,2002-05-03T19:22:14.000Z,,5,001-11421,02633511,,5,13139,0,0,,form5-45007_gst.txt,
0000914317-02-000511,2002-05-07,2002-05-03,2002-05-07T19:03:21.000Z,,4,001-11421,02636615,,4,11651,0,0,,form4-44957_bk.txt,
0000914317-02-000517,2002-05-08,2002-05-07,2002-05-08T18:38:31.000Z,,5,001-11421,02638034,,5,10825,0,0,,form5geg45020_5602.txt,
0000914317-02-000519,2002-05-08,2002-05-06,2002-05-08T18:41:16.000Z,,5,001-11421,02638039,,5,12059,0,0,,form5-45020mjb_5602.txt,
9999999997-02-028721,2002-05-08,2002-02-01,2002-05-15T17:02:59.000Z,,ARS,001-11421,02033455,,ARS,1831,0,0,,9999999997-02-028721.paper,AUTO-GENERATED PAPER DOCUMENT
0000914317-02-000528,2002-05-09,2002-05-09,2002-05-09T20:20:09.000Z,,8-K,001-11421,02639927,5,8-K,9415,0,0,,form8k-45137_0502.txt,
0000914317-02-000610,2002-05-28,2002-05-24,2002-05-28T13:57:22.000Z,,8-K,001-11421,02663099,9,8-K,4206,0,0,,form8k-45375.txt,
0000914317-02-000613,2002-05-28,2002-05-24,2002-05-28T17:26:05.000Z,,4,001-11421,02663304,,4,17413,0,0,,form4-45377_ct.txt,
0000914317-02-000624,2002-06-04,2002-06-03,2002-06-04T17:45:53.000Z,,8-K,001-11421,02669848,9,8-K,6531,0,0,,form8k-45462.txt,
0000914317-02-000626,2002-06-05,2002-06-04,2002-06-05T14:33:28.000Z,,8-K,001-11421,02670478,9,8-K,27869,0,0,,form8k-45476.txt,
0000914317-02-000629,2002-06-10,2002-06-06,2002-06-10T12:56:17.000Z,,8-K,001-11421,02674391,9,8-K,9636,0,0,,form8k-45527.txt,
0000914317-02-000638,2002-06-11,2002-05-03,2002-06-10T21:34:17.000Z,,10-Q,001-11421,02675881,,10-Q,145350,0,0,,form10q-45389.txt,
0000914317-02-000643,2002-06-12,2002-06-07,2002-06-12T18:34:14.000Z,,3,001-11421,02677228,,3,9639,0,0,,form3-45543_dlb.txt,
0000914317-02-000677,2002-06-27,2002-06-24,2002-06-27T17:48:37.000Z,,8-K,001-11421,02688790,9,8-K,9094,0,0,,form8k-45703.txt,
0000914317-02-000682,2002-07-02,2001-12-31,2002-07-02T19:09:07.000Z,,NT 11-K,001-11421,02695012,,NT 11-K,6067,0,0,,form11k-45912_7202.txt,
0000914317-02-000689,2002-07-03,2001-12-31,2002-07-03T20:10:39.000Z,,11-K,001-11421,02696494,,11-K,39146,0,0,,form11k-45817_62802.txt,
0000914317-02-000694,2002-07-10,2002-06-30,2002-07-10T12:46:58.000Z,,4,001-11421,02699255,,4,15359,0,0,,form4-45972_ct.txt,
0000914317-02-000696,2002-07-10,2002-06-30,2002-07-10T12:49:12.000Z,,4,001-11421,02699256,,4,11601,0,0,,form4-45972_tct.txt,
0000914317-02-000697,2002-07-10,2002-06-30,2002-07-10T17:40:47.000Z,,4,001-11421,02699680,,4,11731,0,0,,form4-45972_dlb.txt,
0000914317-02-000701,2002-07-10,2002-06-30,2002-07-10T21:17:49.000Z,,4,001-11421,02700426,,4,14327,0,0,,form4-46008_jt.txt,
0000914317-02-000703,2002-07-10,2002-06-30,2002-07-10T21:21:20.000Z,,4/A,001-11421,02700450,,4/A,11704,0,0,,form4-45972_tct.txt,
0000914317-02-000707,2002-07-11,2002-07-11,2002-07-11T20:12:07.000Z,,8-K,001-11421,02701168,9,8-K,9232,0,0,,form8k_46017-0702.txt,
0000914317-02-000727,2002-07-24,2002-07-15,2002-07-24T17:35:40.000Z,,3,001-11421,02709650,,3,9963,0,0,,form3-46160_ssl.txt,
0000914317-02-000791,2002-08-09,2002-08-08,2002-08-09T15:53:53.000Z,,8-K,001-11421,02724097,9,8-K,10129,0,0,,form8k-46390_8802.txt,
0000914317-02-000891,2002-08-20,,2002-08-20T20:17:14.000Z,,POS AM,333-80655,02743910,,POS AM,10812,0,0,,posam-46489_82002.txt,
0000914317-02-000918,2002-08-28,2002-06-30,2002-08-28T20:48:48.000Z,,10-Q,001-11421,02751444,,10-Q,1230434,0,0,,form10q-46549_82702.txt,
0000914317-02-000919,2002-08-28,2002-08-28,2002-08-28T20:56:08.000Z,,8-K,001-11421,02751481,9,8-K,12453,0,0,,form8k-46613_82702.txt,
0000914317-02-000921,2002-08-29,2002-08-29,2002-08-29T16:59:36.000Z,,8-K,001-11421,02752314,9,8-K,31679,0,0,,form8k-46638_82902.txt,
0000914317-02-000957,2002-09-06,2002-09-05,2002-09-06T16:26:49.000Z,,8-K,001-11421,02758186,9,8-K,8877,0,0,,form8k-46714_9502.txt,
0000914317-02-000961,2002-09-09,2002-09-06,2002-09-09T14:46:16.000Z,,8-K,001-11421,02759205,9,8-K,71187,0,0,,form8k-46740_9602.txt,
0000914317-02-000999,2002-09-17,2002-09-17,2002-09-17T18:13:38.000Z,,8-K,001-11421,02765760,9,8-K,7349,0,0,,form8k-46910_91702.txt,
0000914317-02-001127,2002-10-10,2002-10-10,2002-10-10T18:44:38.000Z,,8-K,001-11421,02786250,"7,9",8-K,9673,0,0,,form8k-47289_101002.txt,
0000914317-02-001172,2002-10-18,2002-10-16,2002-10-18T12:59:46.000Z,,4,001-11421,02792072,,4,16541,0,0,,form4-47343_ct.txt,
0000914317-02-001174,2002-10-18,2002-10-16,2002-10-18T13:02:40.000Z,,4,001-11421,02792074,,4,15859,0,0,,form4-47343_jt.txt,
0000914317-02-001321,2002-11-07,2002-11-07,2002-11-07T16:19:18.000Z,,8-K,001-11421,02812034,"7,9",8-K,10138,0,0,,form8k-47786_1102.txt,
0000914317-02-001335,2002-11-12,2002-11-11,2002-11-12T16:30:15.000Z,,8-K,001-11421,02815992,"5,7",8-K,7681,0,0,,form8k-47819_1102.txt,
0000914317-02-001466,2002-11-27,2002-11-26,2002-11-27T00:40:49.000Z,,8-K,001-11421,02841694,"7,9",8-K,57283,0,0,,form8k-48046_1102.txt,
0000914317-02-001474,2002-11-27,2002-09-30,2002-11-27T19:04:53.000Z,,10-Q,001-11421,02843139,,10-Q,198417,0,0,,form10q-48002.txt,
0000914317-02-001476,2002-11-27,2002-11-27,2002-11-27T19:11:48.000Z,,8-K,001-11421,02843161,"7,9",8-K,7169,0,0,,form8k-48047_1102.txt,
0000914317-02-001521,2002-12-05,2002-12-05,2002-12-05T19:58:02.000Z,,8-K,001-11421,02849713,"7,9",8-K,9635,0,0,,form8k-48182_120402.txt,
0000914317-03-000123,2003-01-09,2003-01-09,2003-01-09T15:42:35.000Z,,8-K,001-11421,03508625,"7,9",8-K,11165,0,0,,form8k-48670_1803.txt,
0000914317-03-000180,2003-01-22,,2003-01-22T21:17:05.000Z,,S-8,333-102653,03521040,,S-8,343495,0,0,,forms8-dollar48686.txt,
0000029534-03-000004,2003-02-06,2003-02-06,2003-02-06T15:40:08.000Z,,8-K,001-11421,03541815,"7,9",8-K,30458,0,0,,f8k2603salesrelease.htm,DOLLAR GENERAL FORM 8-K
0000902219-03-000676,2003-02-12,,2003-02-12T13:41:29.000Z,,SC 13G/A,005-40997,03551920,,SC 13G/A,11557,0,0,,dg2.txt,
0000017283-03-000084,2003-02-13,,2003-02-12T23:58:46.000Z,,SC 13G/A,005-40997,03556151,,SC 13G/A,9358,0,0,,edgdg.txt,SC 13G/A
0000914317-03-000451,2003-02-13,,2003-02-13T19:29:19.000Z,,SC 13G/A,005-40997,03558618,,SC 13G/A,8819,0,0,,form13g-49450_jturner.txt,
0000914317-03-000453,2003-02-13,,2003-02-13T19:30:18.000Z,,SC 13G/A,005-40997,03558625,,SC 13G/A,8927,0,0,,form13g-49450_trust.txt,
0000914317-03-000456,2003-02-13,,2003-02-13T19:32:48.000Z,,SC 13G/A,005-40997,03558648,,SC 13G/A,8831,0,0,,form13ga-49450_cturner.txt,
0000950134-03-002472,2003-02-14,,2003-02-14T01:57:54.000Z,,SC 13G,005-40997,03562293,,SC 13G,21279,0,0,,d02935osc13g.txt,SCHEDULE 13G
0001017062-03-000229,2003-02-14,,2003-02-14T02:23:24.000Z,,SC 13G,005-40997,03562323,,SC 13G,59797,0,0,,dsc13g.htm,SCHEDULE 13G
0000914317-03-000634,2003-03-04,,2003-03-04T13:50:30.000Z,,SC 13G/A,005-40997,03590359,,SC 13G/A,8831,0,0,,form13ga-49976_cturner.txt,
0000029534-03-000008,2003-03-06,2003-03-06,2003-03-06T14:54:42.000Z,,8-K,001-11421,03593944,9,8-K,30186,0,0,,f8k3603salesrelease.htm,
0000029534-03-000010,2003-03-14,2003-03-13,2003-03-14T00:36:57.000Z,,8-K,001-11421,03603047,"7,9",8-K,26599,0,0,,f8k31303dividendandrepurchas.htm,
0000029534-03-000026,2003-03-14,2003-01-31,2003-03-14T19:34:51.000Z,,5,001-11421,03603935,,5,30049,0,0,,form5bash.htm,
0000029534-03-000027,2003-03-14,2003-01-31,2003-03-14T19:38:32.000Z,,5,001-11421,03603948,,5,34915,0,0,,form5mbuffington.htm,
0000029534-03-000028,2003-03-14,2003-01-31,2003-03-14T19:41:39.000Z,,5,001-11421,03603965,,5,34826,0,0,,form5jhagan.htm,
0000029534-03-000029,2003-03-14,2003-01-31,2003-03-14T19:43:11.000Z,,5,001-11421,03603972,,5,34908,0,0,,form5thartshorn.htm,
0000029534-03-000030,2003-03-14,2003-01-31,2003-03-14T20:02:50.000Z,,5,001-11421,03604041,,5,30120,0,0,,form5slanigan.htm,
0000029534-03-000031,2003-03-14,2003-01-31,2003-03-14T20:03:49.000Z,,5,001-11421,03604049,,5,34818,0,0,,form5blewis.htm,
0000029534-03-000032,2003-03-14,2003-01-31,2003-03-14T20:06:21.000Z,,5,001-11421,03604063,,5,35245,0,0,,form5sobriant.htm,
0000029534-03-000033,2003-03-14,2003-01-31,2003-03-14T20:08:28.000Z,,5,001-11421,03604072,,5,34752,0,0,,form5dshaffer.htm,
0000029534-03-000034,2003-03-14,2003-01-31,2003-03-14T20:10:21.000Z,,5,001-11421,03604078,,5,33160,0,0,,form5jsims.htm,
0000029534-03-000035,2003-03-14,2003-01-31,2003-03-14T20:11:48.000Z,,5,001-11421,03604080,,5,28327,0,0,,form5bwarner.htm,
0000029534-03-000037,2003-03-17,2003-01-31,2003-03-15T00:36:10.000Z,,5,001-11421,03604944,,5,32793,0,0,,form5bbowles.htm,
0000029534-03-000039,2003-03-17,2003-01-31,2003-03-15T00:48:34.000Z,,5,001-11421,03604950,,5,32844,0,0,,form5bknuckles.htm,
0000029534-03-000040,2003-03-17,2003-01-31,2003-03-15T00:56:09.000Z,,5,001-11421,03604956,,5,32803,0,0,,form5bwire.htm,
0000029534-03-000041,2003-03-17,2003-01-31,2003-03-15T01:03:03.000Z,,5,001-11421,03604958,,5,34017,0,0,,form5cturner.htm,
0000029534-03-000042,2003-03-17,2003-01-31,2003-03-15T01:10:48.000Z,,5,001-11421,03604960,,5,32634,0,0,,form5dbere.htm,
0000029534-03-000043,2003-03-17,2003-01-31,2003-03-15T01:16:55.000Z,,5,001-11421,03604962,,5,32837,0,0,,form5dbottorff.htm,
0000029534-03-000045,2003-03-17,2003-01-31,2003-03-15T01:35:09.000Z,,5,001-11421,03604966,,5,32614,0,0,,form5ggee.htm,
0000029534-03-000048,2003-03-17,2003-01-31,2003-03-15T01:48:03.000Z,,5,001-11421,03604968,,5,32847,0,0,,form5jclayton.htm,
0000029534-03-000049,2003-03-17,2003-01-31,2003-03-15T01:52:42.000Z,,5,001-11421,03604970,,5,32780,0,0,,form5jholland.htm,
0000029534-03-000050,2003-03-17,2003-01-31,2003-03-15T01:59:56.000Z,,5,001-11421,03604971,,5,32497,0,0,,form5jrobbins.htm,
0000029534-03-000051,2003-03-17,2003-01-31,2003-03-15T02:07:17.000Z,,5,001-11421,03604975,,5,32792,0,0,,form5rdickson.htm,
0000029534-03-000056,2003-03-17,2003-03-17,2003-03-17T14:04:35.000Z,,8-K,001-11421,03605068,"7,9",8-K,110911,0,0,,f8k31703earningsrelease.htm,
0000029534-03-000058,2003-03-17,2003-01-31,2003-03-17T15:25:00.000Z,,5,001-11421,03605173,,5,32774,0,0,,form5dwilds.htm,
0000029534-03-000086,2003-03-17,2000-04-04,2003-03-17T18:52:31.000Z,,4,001-11421,03605551,,4,29143,0,0,,form42000obriant.htm,
0000029534-03-000083,2003-03-17,2000-02-21,2003-03-17T18:52:33.000Z,,4,001-11421,03605552,,4,27945,0,0,,form42000dickson.htm,
0000029534-03-000082,2003-03-17,2000-02-21,2003-03-17T18:52:35.000Z,,4,001-11421,03605554,,4,27992,0,0,,form42000clayton.htm,
0000029534-03-000085,2003-03-17,2000-02-21,2003-03-17T18:52:35.000Z,,4,001-11421,03605553,,4,27994,0,0,,form42000knuckles.htm,
0000029534-03-000088,2003-03-17,2000-04-04,2003-03-17T18:52:39.000Z,,4,001-11421,03605555,,4,29161,0,0,,form42000warner.htm,
0000029534-03-000081,2003-03-17,2000-02-21,2003-03-17T18:52:43.000Z,,4,001-11421,03605556,,4,27981,0,0,,form42000bottorff.htm,
0000029534-03-000087,2003-03-17,2000-06-05,2003-03-17T18:52:44.000Z,,4,001-11421,03605558,,4,27952,0,0,,form4600obriant.htm,
0000029534-03-000084,2003-03-17,2000-02-21,2003-03-17T18:52:45.000Z,,4,001-11421,03605557,,4,27939,0,0,,form42000holland.htm,
0000029534-03-000089,2003-03-17,2000-06-05,2003-03-17T18:52:48.000Z,,4,001-11421,03605559,,4,27956,0,0,,form4600warner.htm,
0000029534-03-000091,2003-03-17,2000-02-21,2003-03-17T18:52:49.000Z,,4,001-11421,03605560,,4,27938,0,0,,form42000wilds.htm,
0000029534-03-000090,2003-03-17,2000-02-21,2003-03-17T18:52:50.000Z,,4,001-11421,03605561,,4,27938,0,0,,form42000wire.htm,
0000029534-03-000092,2003-03-17,2003-03-13,2003-03-17T18:56:40.000Z,,4,001-11421,03605574,,4,27801,0,0,,form4dbere.htm,
0000029534-03-000093,2003-03-17,2003-03-13,2003-03-17T18:56:47.000Z,,4,001-11421,03605576,,4,28012,0,0,,form4dbottorff.htm,
0000029534-03-000099,2003-03-17,2003-03-13,2003-03-17T18:56:47.000Z,,4,001-11421,03605575,,4,28014,0,0,,form4bknuckles.htm,
0000029534-03-000100,2003-03-17,2003-03-13,2003-03-17T18:56:51.000Z,,4,001-11421,03605578,,4,27675,0,0,,form4jrobbins.htm,
0000029534-03-000094,2003-03-17,2003-03-13,2003-03-17T18:56:53.000Z,,4,001-11421,03605580,,4,27943,0,0,,form4bbowles.htm,
0000029534-03-000095,2003-03-17,2003-03-13,2003-03-17T18:56:53.000Z,,4,001-11421,03605577,,4,28025,0,0,,form4jclayton.htm,
0000029534-03-000096,2003-03-17,2003-03-13,2003-03-17T18:56:54.000Z,,4,001-11421,03605583,,4,27971,0,0,,form4rdickson.htm,
0000029534-03-000097,2003-03-17,2003-03-13,2003-03-17T18:56:54.000Z,,4,001-11421,03605582,,4,27812,0,0,,form4ggee.htm,
0000029534-03-000098,2003-03-17,2003-03-13,2003-03-17T18:56:54.000Z,,4,001-11421,03605581,,4,27983,0,0,,form4jholland.htm,
0000029534-03-000101,2003-03-17,2003-03-13,2003-03-17T18:56:55.000Z,,4,001-11421,03605584,,4,27960,0,0,,form4bwire.htm,
0000029534-03-000102,2003-03-17,2003-03-13,2003-03-17T18:57:00.000Z,,4,001-11421,03605586,,4,27973,0,0,,form4dwilds.htm,
0000029534-03-000106,2003-03-19,2003-01-31,2003-03-19T20:53:18.000Z,,10-K,001-11421,03609221,,10-K,1811801,0,0,,form10k2002foredgar.htm,
0000029534-03-000107,2003-03-19,2003-03-19,2003-03-19T20:56:02.000Z,,8-K,001-11421,03609233,"7,9",8-K,24589,0,0,,f8k31803906certifications.htm,
0000914317-03-001080,2003-04-03,2003-04-03,2003-04-03T14:53:51.000Z,,8-K,001-11421,03637863,"7,9",8-K,10178,0,0,,form8k-51190dollar.txt,
0000029534-03-000110,2003-04-04,2003-04-02,2003-04-04T17:26:37.000Z,,3,001-11421,03639735,,3,32004,0,0,,form3perdue.htm,
0000029534-03-000111,2003-04-04,2003-04-02,2003-04-04T17:26:38.000Z,,4,001-11421,03639736,,4,29631,0,0,,form4apr2003perdue.htm,
0000029534-03-000112,2003-04-07,2003-04-07,2003-04-07T18:26:37.000Z,,8-K,001-11421,03641252,9,8-K,30533,0,0,,f8k4703.htm,
0000029534-03-000114,2003-04-10,2003-04-10,2003-04-10T12:46:16.000Z,,8-K,001-11421,03644716,"7,9",8-K,29940,0,0,,f8k41003salesrelease.htm,
0000029534-03-000116,2003-04-14,2003-04-11,2003-04-14T15:29:05.000Z,,4,001-11421,03648083,,4,27572,0,0,,form4dbottorff41103.htm,
0000029534-03-000118,2003-04-15,2003-04-14,2003-04-15T19:02:05.000Z,,4,001-11421,03650393,,4,27787,0,0,,form4bknucklesapril2003.htm,
0000029534-03-000121,2003-04-17,2003-04-15,2003-04-17T15:01:58.000Z,,4,001-11421,03653614,,4,27528,0,0,,form4jrobbinsapril2003.htm,
0000029534-03-000123,2003-04-17,2003-04-16,2003-04-17T18:51:20.000Z,,4,001-11421,03654124,,4,27695,0,0,,form4jclaytonapril2003.htm,
0000029534-03-000124,2003-04-25,2003-04-23,2003-04-25T18:39:57.000Z,,4,001-11421,03664431,,4,36740,0,0,,form4apri2003turner.htm,
0000029534-03-000127,2003-04-30,2003-06-02,2003-04-30T16:04:44.000Z,,DEF 14A,001-11421,03671516,,DEF 14A,461879,0,0,,proxystatement2003.htm,
9999999997-03-020159,2003-05-01,2003-01-31,2003-05-02T14:40:47.000Z,,ARS,001-11421,03057144,,ARS,1861,0,0,,9999999997-03-020159.paper,AUTO-GENERATED PAPER DOCUMENT
0000029534-03-000129,2003-05-07,2003-05-07,2003-05-07T21:09:56.000Z,,8-K,001-11421,03686733,"7,9",8-K,17766,0,0,,f8k5703shaffer.htm,
0000029534-03-000131,2003-05-08,2003-05-08,2003-05-08T13:48:24.000Z,,8-K,001-11421,03687282,"7,9",8-K,25545,0,0,,f8k5803sales.htm,
0000029534-03-000133,2003-05-29,2003-05-29,2003-05-29T13:13:03.000Z,,8-K,001-11421,03722464,"7,9",8-K,112540,0,0,,f8k529031qearnings.htm,
0000029534-03-000135,2003-05-29,2003-05-02,2003-05-29T20:36:24.000Z,,10-Q,001-11421,03723819,,10-Q,469458,0,0,,f10qversion6.htm,
0000029534-03-000136,2003-06-02,2003-06-02,2003-06-02T20:40:57.000Z,,4,,,,4,4661,0,0,,xslF345X01/primary_doc.xml,PRIMARY DOCUMENT
0000029534-03-000137,2003-06-02,2003-06-02,2003-06-02T20:47:29.000Z,,4,,,,4,4766,0,0,,xslF345X01/primary_doc.xml,PRIMARY DOCUMENT
0000029534-03-000138,2003-06-02,2003-06-02,2003-06-02T21:13:38.000Z,,4,,,,4,4685,0,0,,xslF345X01/primary_doc.xml,PRIMARY DOCUMENT
0000029534-03-000140,2003-06-03,2003-06-02,2003-06-02T21:35:08.000Z,,8-K,001-11421,03728790,"7,9",8-K,16340,0,0,,f8k6203dividend.htm,
0000029534-03-000142,2003-06-05,2003-06-05,2003-06-05T13:29:46.000Z,,8-K,001-11421,03733344,"7,9",8-K,24277,0,0,,f8k6503sales.htm,
0000029534-03-000144,2003-06-06,,2003-06-06T16:24:37.000Z,,S-8,333-105900,03735393,,S-8,167965,0,0,,forms8re98plan.htm,
0000029534-03-000145,2003-06-10,2003-06-06,2003-06-10T18:39:41.000Z,,4,,,,4,8465,0,0,,xslF345X01/primary_doc.xml,PRIMARY DOCUMENT
0000029534-03-000146,2003-06-12,2003-06-12,2003-06-12T20:32:59.000Z,,8-K,001-11421,03742407,"7,9",8-K,19086,0,0,,f8k61203investorconferences.htm,
0000029534-03-000148,2003-06-27,2002-12-31,2003-06-27T20:36:42.000Z,,11-K,001-11421,03761698,,11-K,71393,0,0,,form11k.htm,
0000029534-03-000149,2003-07-01,2003-06-27,2003-07-01T13:59:34.000Z,,4,,,,4,9248,0,0,,xslF345X01/primary_doc.xml,PRIMARY DOCUMENT
0000029534-03-000151,2003-07-10,2003-07-10,2003-07-10T13:41:11.000Z,,8-K,001-11421,03781115,"7,9",8-K,24606,0,0,,f8k71003sales.htm,
0000029534-03-000152,2003-07-18,2003-07-16,2003-07-18T18:32:47.000Z,,4,,,,4,28328,0,0,,xslF345X01/primary_doc.xml,PRIMARY DOCUMENT
0000029534-03-000154,2003-08-07,2003-08-07,2003-08-07T13:51:15.000Z,,8-K,001-11421,03827793,"12,7,9",8-K,25725,0,0,,f8k8703sales.htm,
0000029534-03-000156,2003-08-27,2003-08-26,2003-08-26T21:45:52.000Z,,8-K,001-11421,03867289,"7,9",8-K,15935,0,0,,f8k82603dividend.htm,
0000029534-03-000158,2003-08-28,2003-08-28,2003-08-28T13:06:06.000Z,,8-K,001-11421,03869697,"12,7,9",8-K,150559,0,0,,f8k828032qearningscoo.htm,
0000029534-03-000159,2003-08-28,2003-08-26,2003-08-28T14:26:47.000Z,,4,,,,4,5917,0,0,,xslF345X02/primary_doc.xml,PRIMARY DOCUMENT
0000029534-03-000160,2003-08-28,2003-08-26,2003-08-28T14:33:43.000Z,,4,,,,4,5919,0,0,,xslF345X02/primary_doc.xml,PRIMARY DOCUMENT
0000029534-03-000161,2003-08-28,2003-08-26,2003-08-28T14:40:14.000Z,,4,,,,4,5836,0,0,,xslF345X02/primary_doc.xml,PRIMARY DOCUMENT
0000029534-03-000162,2003-08-28,2003-08-26,2003-08-28T14:48:36.000Z,,4,,,,4,6046,0,0,,xslF345X02/primary_doc.xml,PRIMARY DOCUMENT
0000029534-03-000163,2003-08-28,2003-08-26,2003-08-28T14:54:17.000Z,,4,,,,4,6107,0,0,,xslF345X02/primary_doc.xml,PRIMARY DOCUMENT
0000029534-03-000164,2003-08-28,2003-08-28,2003-08-28T16:35:16.000Z,,8-K/A,001-11421,03870316,"12,7",8-K/A,21567,0,0,,f8ka828032qearningscoo.htm,
0000029534-03-000166,2003-08-29,2003-08-01,2003-08-29T21:15:38.000Z,,10-Q,001-11421,03874797,,10-Q,629771,0,0,,f2q10qfinal.htm,
0000029534-03-000167,2003-09-04,2003-09-04,2003-09-04T13:56:04.000Z,,8-K,001-11421,03880483,"7,9",8-K,24010,0,0,,f8k9403sales.htm,
0000029534-03-000168,2003-09-09,2003-05-30,2003-09-09T15:09:51.000Z,,4,,,,4,10369,0,0,,xslF345X02/primary_doc.xml,PRIMARY DOCUMENT
0000029534-03-000169,2003-09-09,2003-09-05,2003-09-09T15:18:41.000Z,,4,,,,4,11750,0,0,,xslF345X02/primary_doc.xml,PRIMARY DOCUMENT
0000029534-03-000170,2003-09-17,2003-09-15,2003-09-17T16:19:14.000Z,,4,,,,4,14549,0,0,,xslF345X02/primary_doc.xml,PRIMARY DOCUMENT
0000029534-03-000171,2003-09-17,2003-09-17,2003-09-17T19:10:50.000Z,,8-K,001-11421,03899439,11,8-K,14280,0,0,,f8k91703401kblackout.htm,
0000029534-03-000172,2003-09-19,2003-09-19,2003-09-19T12:37:55.000Z,,8-K,001-11421,03901919,"7,9",8-K,17325,0,0,,f8k91903guion.htm,
0000029534-03-000173,2003-09-23,2003-09-19,2003-09-23T20:15:32.000Z,,4,,,,4,14892,0,0,,xslF345X02/primary_doc.xml,PRIMARY DOCUMENT
0000029534-03-000174,2003-09-30,2003-09-22,2003-09-30T15:59:43.000Z,,3,,,,3,8668,0,0,,xslF345X02/primary_doc.xml,PRIMARY DOCUMENT
0000029534-03-000175,2003-09-30,2003-09-30,2003-09-30T18:49:12.000Z,,4,,,,4,12399,0,0,,xslF345X02/primary_doc.xml,PRIMARY DOCUMENT
0000029534-03-000176,2003-10-01,2003-09-30,2003-10-01T16:32:31.000Z,,4,,,,4,7460,0,0,,xslF345X02/primary_doc.xml,PRIMARY DOCUMENT
0000029534-03-000177,2003-10-09,2003-10-09,2003-10-09T13:54:19.000Z,,8-K,001-11421,03934274,"7,9",8-K,24126,0,0,,f8k10903sales.htm,
0000029534-03-000178,2003-10-14,2003-10-13,2003-10-14T20:56:20.000Z,,4,,,,4,16550,0,0,,xslF345X02/primary_doc.xml,PRIMARY DOCUMENT
0000029534-03-000179,2003-10-17,2003-10-15,2003-10-17T20:14:05.000Z,,4,,,,4,15865,0,0,,xslF345X02/primary_doc.xml,PRIMARY DOCUMENT
0000029534-03-000180,2003-10-21,2003-10-17,2003-10-21T18:36:56.000Z,,4,,,,4,5191,0,0,,xslF345X02/primary_doc.xml,PRIMARY DOCUMENT
0000029534-03-000181,2003-10-27,2003-10-20,2003-10-27T21:46:36.000Z,,3,,,,3,9257,0,0,,xslF345X02/primary_doc.xml,PRIMARY DOCUMENT
0000029534-03-000182,2003-11-06,2003-11-06,2003-11-06T14:38:18.000Z,,8-K,001-11421,03981107,"12,7,9",8-K,26693,0,0,,f8k110603sales.htm,
0000029534-03-000184,2003-11-17,2003-11-17,2003-11-17T13:13:28.000Z,,8-K,001-11421,031006658,"7,9",8-K,27953,0,0,,f8k111703analystconference.htm,
0000029534-03-000185,2003-12-03,2003-12-02,2003-12-02T23:46:31.000Z,,8-K,001-11421,031033621,"7,9",8-K,18956,0,0,,f8k12203dividend.htm,
0000029534-03-000189,2003-12-04,2003-12-04,2003-12-04T13:53:36.000Z,,8-K,001-11421,031036456,"12,7,9",8-K,207007,0,0,,f8k1204033qearningsnovsaless.htm,
0000029534-03-000190,2003-12-04,2003-10-31,2003-12-04T15:03:59.000Z,,10-Q,001-11421,031036583,,10-Q,557351,0,0,,f3q10qversion5.htm,
0000029534-03-000191,2003-12-04,2003-12-02,2003-12-04T17:15:40.000Z,,4,,,,4,5706,0,0,,xslF345X02/primary_doc.xml,PRIMARY DOCUMENT
0000029534-03-000192,2003-12-08,2003-12-08,2003-12-08T22:48:00.000Z,,4,,,,4,7156,0,0,,xslF345X02/primary_doc.xml,PRIMARY DOCUMENT
0000029534-03-000193,2003-12-11,2003-12-09,2003-12-11T15:40:39.000Z,,4,,,,4,5235,0,0,,xslF345X02/primary_doc.xml,PRIMARY DOCUMENT
0000029534-03-000194,2003-12-11,2003-12-09,2003-12-11T17:24:18.000Z,,4,,,,4,8134,0,0,,xslF345X02/primary_doc.xml,PRIMARY DOCUMENT
0000029534-03-000195,2003-12-11,2003-12-10,2003-12-11T21:04:59.000Z,,4,,,,4,4972,0,0,,xslF345X02/primary_doc.xml,PRIMARY DOCUMENT
0000029534-03-000196,2003-12-18,2003-12-16,2003-12-18T16:37:03.000Z,,4,,,,4,5190,0,0,,xslF345X02/primary_doc.xml,PRIMARY DOCUMENT
0000029534-03-000197,2003-12-22,2003-11-12,2003-12-22T20:53:19.000Z,,4,,,,4,17014,0,0,,xslF345X02/primary_doc.xml,PRIMARY DOCUMENT
0000029534-04-000001,2004-01-08,2004-01-07,2004-01-07T23:41:47.000Z,,8-K,001-11421,04514043,"7,9",8-K,19505,0,0,,f8k010704prudentialconferenc.htm,
0000029534-04-000002,2004-01-08,2004-01-08,2004-01-08T14:41:25.000Z,,8-K,001-11421,04514483,"7,9",8-K,26111,0,0,,f8k010804decembersales.htm,
0000029534-04-000003,2004-01-09,2004-01-08,2004-01-09T02:30:50.000Z,,8-K,001-11421,04516531,"5,7",8-K,20314,0,0,,f8k010804secinvestigation.htm,
0000029534-04-000004,2004-01-13,2004-01-13,2004-01-13T19:44:17.000Z,,8-K,001-11421,04522549,"5,7",8-K,20823,0,0,,f8k011304alabamalitigation.htm,
0000029534-04-000005,2004-01-13,2004-01-12,2004-01-13T20:57:47.000Z,,4,,,,4,8766,0,0,,xslF345X02/primary_doc.xml,PRIMARY DOCUMENT
0000029534-04-000006,2004-01-14,2004-01-13,2004-01-14T18:07:13.000Z,,4,,,,4,11022,0,0,,xslF345X02/primary_doc.xml,PRIMARY DOCUMENT
0000029534-04-000007,2004-01-14,2004-01-12,2004-01-15T00:28:37.000Z,,4,,,,4,5862,0,0,,xslF345X02/primary_doc.xml,PRIMARY DOCUMENT
0000029534-04-000008,2004-01-15,2004-01-12,2004-01-15T15:25:21.000Z,,4/A,,,,4/A,5640,0,0,,xslF345X02/primary_doc.xml,PRIMARY DOCUMENT
0000029534-04-000009,2004-01-16,2004-01-16,2004-01-16T21:25:03.000Z,,4,,,,4,7356,0,0,,xslF345X02/primary_doc.xml,PRIMARY DOCUMENT
0000029534-04-000010,2004-01-28,2004-01-20,2004-01-28T23:28:38.000Z,,3,,,,3,24993,0,0,,xslF345X02/primary_doc.xml,PRIMARY DOCUMENT
0000029534-04-000011,2004-02-05,2004-02-05,2004-02-05T14:47:54.000Z,,8-K,001-11421,04568700,"12,7,9",8-K,27247,0,0,,f8k020504jansales.htm,
0000029534-04-000012,2004-02-12,2004-02-12,2004-02-12T14:54:07.000Z,,8-K,001-11421,04588509,"7,9",8-K,25773,0,0,,f8k021204scdc.htm,
0000902219-04-000667,2004-02-12,,2004-02-12T20:13:42.000Z,,SC 13G,005-40997,04590634,,SC 13G,13807,0,0,,filing.txt,DOC ONE
0000017283-04-000374,2004-02-13,,2004-02-13T02:12:15.000Z,,SC 13G/A,005-40997,04594178,,SC 13G/A,9305,0,0,,edgdg.txt,SC 13G/A
0001193125-04-023516,2004-02-17,,2004-02-13T23:12:55.000Z,,SC 13G/A,005-40997,04601294,,SC 13G/A,59828,0,0,,dsc13ga.htm,AMENDMENT #1 TO SCHEDULE 13G
0000913414-04-000173,2004-02-17,,2004-02-17T15:23:16.000Z,,SC 13G,005-40997,04604410,,SC 13G,56040,0,0,,sc13g-dollargeneral12312003.txt,
0000914317-04-000801,2004-02-17,,2004-02-17T17:59:35.000Z,,SC 13G,005-40997,04606325,,SC 13G,8631,0,0,,form13g-57371_cturner.txt,
0000914317-04-000802,2004-02-17,,2004-02-17T18:00:01.000Z,,SC 13G,005-40997,04606331,,SC 13G,8638,0,0,,form13g-57371_jturner.txt,
0000950134-04-002161,2004-02-17,,2004-02-17T21:33:45.000Z,,SC 13G/A,005-40997,04609279,,SC 13G/A,47167,0,0,,d12698esc13gza.htm,AMENDMENT TO SCHEDULE 13G
0000029534-04-000014,2004-02-24,2004-01-30,2004-02-24T20:10:22.000Z,,5,,,,5,34945,0,0,,xslF345X02/primary_doc.xml,PRIMARY DOCUMENT
0000029534-04-000015,2004-02-24,2004-01-30,2004-02-24T21:01:39.000Z,,5,,,,5,51846,0,0,,xslF345X02/primary_doc.xml,PRIMARY DOCUMENT
0000029534-04-000016,2004-03-01,2004-02-28,2004-03-01T16:01:45.000Z,,4,,,,4,6215,0,0,,xslF345X02/primary_doc.xml,PRIMARY DOCUMENT
0000029534-04-000017,2004-03-01,2004-02-28,2004-03-01T16:11:11.000Z,,4,,,,4,6613,0,0,,xslF345X02/primary_doc.xml,PRIMARY DOCUMENT
0000029534-04-000018,2004-03-01,2004-02-28,2004-03-01T16:24:53.000Z,,4,,,,4,9615,0,0,,xslF345X02/primary_doc.xml,PRIMARY DOCUMENT
0000029534-04-000019,2004-03-04,2004-03-04,2004-03-04T13:49:36.000Z,,8-K,001-11421,04647574,"7,9",8-K,31972,0,0,,f8k030404febsales.htm,
0000029534-04-000021,2004-03-15,2004-03-12,2004-03-12T22:38:00.000Z,,8-K,001-11421,04667181,"7,9",8-K,21559,0,0,,f8k031204dividend.htm,
0000029534-04-000022,2004-03-15,2004-03-15,2004-03-15T14:12:40.000Z,,8-K,001-11421,04667796,"12,7,9",8-K,364545,0,0,,f8k0315044thqyearendearnings.htm,
0000029534-04-000023,2004-03-15,2004-03-12,2004-03-15T15:16:33.000Z,,4,,,,4,6448,0,0,,xslF345X02/primary_doc.xml,PRIMARY DOCUMENT
0000029534-04-000024,2004-03-15,2004-03-12,2004-03-15T15:23:32.000Z,,4,,,,4,6651,0,0,,xslF345X02/primary_doc.xml,PRIMARY DOCUMENT
0000029534-04-000025,2004-03-15,2004-03-12,2004-03-15T15:29:40.000Z,,4,,,,4,6587,0,0,,xslF345X02/primary_doc.xml,PRIMARY DOCUMENT
0000029534-04-000026,2004-03-15,2004-03-12,2004-03-15T15:38:42.000Z,,4,,,,4,6668,0,0,,xslF345X02/primary_doc.xml,PRIMARY DOCUMENT
0000029534-04-000027,2004-03-15,2004-03-12,2004-03-15T15:51:57.000Z,,4,,,,4,6612,0,0,,xslF345X02/primary_doc.xml,PRIMARY DOCUMENT
0000029534-04-000028,2004-03-15,2004-03-12,2004-03-15T16:01:28.000Z,,4,,,,4,6446,0,0,,xslF345X02/primary_doc.xml,PRIMARY DOCUMENT
0000029534-04-000029,2004-03-15,2004-03-12,2004-03-15T16:11:13.000Z,,4,,,,4,6607,0,0,,xslF345X02/primary_doc.xml,PRIMARY DOCUMENT
0000029534-04-000030,2004-03-15,2004-03-12,2004-03-15T16:16:51.000Z,,4,,,,4,6660,0,0,,xslF345X02/primary_doc.xml,PRIMARY DOCUMENT
0000029534-04-000031,2004-03-15,2004-03-12,2004-03-15T16:28:42.000Z,,4,,,,4,6318,0,0,,xslF345X02/primary_doc.xml,PRIMARY DOCUMENT
0000029534-04-000032,2004-03-15,2004-03-12,2004-03-15T16:35:05.000Z,,4,,,,4,6612,0,0,,xslF345X02/primary_doc.xml,PRIMARY DOCUMENT
0000029534-04-000033,2004-03-15,2004-03-12,2004-03-15T16:41:58.000Z,,4,,,,4,6608,0,0,,xslF345X02/primary_doc.xml,PRIMARY DOCUMENT
0000029534-04-000034,2004-03-16,2004-01-30,2004-03-16T19:37:41.000Z,,10-K,001-11421,04672151,,10-K,1393151,0,0,,form10k2003final.htm,
0000029534-04-000035,2004-03-16,,2004-03-16T19:51:40.000Z,,S-8,333-113645,04672217,,S-8,89906,0,0,,forms8.htm,
0000029534-04-000036,2004-03-18,2004-03-17,2004-03-18T17:31:02.000Z,,4,,,,4,7512,0,0,,xslF345X02/primary_doc.xml,PRIMARY DOCUMENT
0000029534-04-000037,2004-03-18,2004-03-18,2004-03-18T22:01:12.000Z,,8-K,001-11421,04678285,"7,9",8-K,22193,0,0,,f8k031804merrilllynchconfere.htm,
0000029534-04-000038,2004-03-18,2004-03-16,2004-03-18T22:05:57.000Z,,4,,,,4,5185,0,0,,xslF345X02/primary_doc.xml,PRIMARY DOCUMENT
0000029534-04-000039,2004-03-22,2004-03-18,2004-03-22T18:05:59.000Z,,4,,,,4,6293,0,0,,xslF345X02/primary_doc.xml,PRIMARY DOCUMENT
0000029534-04-000040,2004-03-22,2004-03-18,2004-03-22T22:23:26.000Z,,4,,,,4,6653,0,0,,xslF345X02/primary_doc.xml,PRIMARY DOCUMENT
0000029534-04-000041,2004-03-26,2004-03-24,2004-03-26T19:57:00.000Z,,4,,,,4,18783,0,0,,xslF345X02/primary_doc.xml,PRIMARY DOCUMENT
0000029534-04-000042,2004-03-29,2004-03-25,2004-03-29T15:40:40.000Z,,4,,,,4,5900,0,0,,xslF345X02/primary_doc.xml,PRIMARY DOCUMENT
0000029534-04-000043,2004-03-29,2004-03-25,2004-03-29T15:47:22.000Z,,4,,,,4,6349,0,0,,xslF345X02/primary_doc.xml,PRIMARY DOCUMENT
0000029534-04-000044,2004-03-29,2004-03-25,2004-03-29T15:52:30.000Z,,4,,,,4,6289,0,0,,xslF345X02/primary_doc.xml,PRIMARY DOCUMENT
0000029534-04-000045,2004-03-29,2004-03-25,2004-03-29T15:57:14.000Z,,4,,,,4,5923,0,0,,xslF345X02/primary_doc.xml,PRIMARY DOCUMENT
0000029534-04-000046,2004-04-08,2004-04-08,2004-04-08T14:04:38.000Z,,8-K,001-11421,04723685,"7,9",8-K,31803,0,0,,f8k040804marsales.htm,
0001206774-04-000316,2004-04-13,2004-05-25,2004-04-13T14:58:33.000Z,,DEF 14A,001-11421,04729803,,DEF 14A,485660,0,0,,d14318.htm,
9999999997-04-018293,2004-04-14,2004-01-30,2004-04-15T18:35:23.000Z,,ARS,001-11421,04026044,,ARS,1861,0,0,,9999999997-04-018293.paper,AUTO-GENERATED PAPER DOCUMENT
0000029534-04-000047,2004-04-16,2004-04-15,2004-04-15T21:32:46.000Z,,8-K,001-11421,04736717,"7,9",8-K,22329,0,0,,f8k04150410b51plan.htm,
0000029534-04-000048,2004-04-23,2004-04-22,2004-04-23T19:38:01.000Z,,4,,,,4,6293,0,0,,xslF345X02/primary_doc.xml,PRIMARY DOCUMENT
0000029534-04-000049,2004-04-23,2004-04-23,2004-04-23T21:17:54.000Z,,8-K,001-11421,04751925,"7,9",8-K,23744,0,0,,f8k042304analystconferences.htm,
0000029534-04-000050,2004-05-06,2004-05-06,2004-05-06T13:50:23.000Z,,8-K,001-11421,04783395,"12,7,9",8-K,34228,0,0,,f8k050604aprsales.htm,
0000029534-04-000051,2004-05-10,2004-05-10,2004-05-10T13:55:02.000Z,,8-K,001-11421,04791176,"7,9",8-K,23195,0,0,,f8k051004cfo.htm,
0000029534-04-000052,2004-05-19,2004-05-19,2004-05-19T20:58:24.000Z,,4,,,,4,6566,0,0,,xslF345X02/primary_doc.xml,PRIMARY DOCUMENT
0000029534-04-000056,2004-05-20,2004-05-20,2004-05-20T21:22:26.000Z,,8-K,001-11421,04822100,"7,9",8-K,20489,0,0,,f8k05200410b51planexpiration.htm,
0000029534-04-000059,2004-05-25,2004-05-25,2004-05-25T21:13:15.000Z,,8-K,001-11421,04830477,"7,9",8-K,19176,0,0,,f8k052504dividend.htm,
0000029534-04-000060,2004-05-25,2004-05-24,2004-05-25T23:27:26.000Z,,4,,,,4,12353,0,0,,xslF345X02/primary_doc.xml,PRIMARY DOCUMENT
0001157523-04-005251,2004-05-27,2004-05-27,2004-05-27T12:36:09.000Z,,8-K,001-11421,04833629,"12,7,9",8-K,27480,0,0,,a4650214.txt,DOLLAR GENERAL CORPORATION 8-K COMBO
0000029534-04-000062,2004-05-27,2004-04-30,2004-05-27T13:52:55.000Z,,10-Q,001-11421,04833747,,10-Q,560022,0,0,,f200410q1final.htm,
0000029534-04-000063,2004-06-02,2004-05-25,2004-06-02T15:44:37.000Z,,3,,,,3,10375,0,0,,xslF345X02/primary_doc.xml,PRIMARY DOCUMENT
0000029534-04-000064,2004-06-02,2004-06-02,2004-06-02T21:59:44.000Z,,4,,,,4,5355,0,0,,xslF345X02/primary_doc.xml,PRIMARY DOCUMENT
0000029534-04-000066,2004-06-03,2004-06-03,2004-06-03T12:40:57.000Z,,8-K,001-11421,04845819,"7,9",8-K,25677,0,0,,f8k060304maysales.htm,
0000029534-04-000067,2004-06-09,2004-06-07,2004-06-09T20:06:02.000Z,,4,,,,4,13069,0,0,,xslF345X02/primary_doc.xml,PRIMARY DOCUMENT
0000029534-04-000068,2004-06-10,2004-06-04,2004-06-10T16:24:24.000Z,,4,,,,4,10167,0,0,,xslF345X02/primary_doc.xml,PRIMARY DOCUMENT
0000029534-04-000070,2004-06-11,2004-06-10,2004-06-10T22:10:13.000Z,,8-K,001-11421,04859227,"7,9",8-K,22573,0,0,,f8k061004analystconferences.htm,
0000029534-04-000071,2004-06-14,2004-06-07,2004-06-14T19:19:44.000Z,,3,,,,3,9792,0,0,,xslF345X02/primary_doc.xml,PRIMARY DOCUMENT
0000029534-04-000072,2004-06-16,2004-06-15,2004-06-16T15:53:45.000Z,,4,,,,4,4826,0,0,,xslF345X02/primary_doc.xml,PRIMARY DOCUMENT
0000029534-04-000073,2004-06-17,2004-06-15,2004-06-17T16:48:32.000Z,,4,,,,4,5375,0,0,,xslF345X02/primary_doc.xml,PRIMARY DOCUMENT
0000029534-04-000074,2004-06-18,2004-06-15,2004-06-18T20:19:37.000Z,,4/A,,,,4/A,5166,0,0,,xslF345X02/primary_doc.xml,PRIMARY DOCUMENT
0000029534-04-000075,2004-06-24,2004-06-22,2004-06-24T15:28:40.000Z,,4,,,,4,6293,0,0,,xslF345X02/primary_doc.xml,PRIMARY DOCUMENT
0000029534-04-000076,2004-06-25,2004-06-24,2004-06-25T20:38:28.000Z,,4,,,,4,11660,0,0,,xslF345X02/primary_doc.xml,PRIMARY DOCUMENT
0001005794-04-000507,2004-06-28,2003-12-31,2004-06-28T20:26:44.000Z,,11-K,001-11421,04885219,,11-K,29506,0,0,,dg11k062504.txt,FORM 11-K
0000029534-04-000079,2004-07-08,2004-07-08,2004-07-08T12:33:26.000Z,,8-K,001-11421,04905146,"7,9",8-K,26355,0,0,,f8k070704junesales.htm,
0000029534-04-000081,2004-07-12,2004-07-09,2004-07-09T22:23:45.000Z,,8-K,001-11421,04908832,"7,9",8-K,20196,0,0,,f8k070904analystconference.htm,
0000029534-04-000082,2004-07-16,2004-07-15,2004-07-16T21:06:15.000Z,,4,,,,4,9589,0,0,,xslF345X02/primary_doc.xml,PRIMARY DOCUMENT
0000029534-04-000083,2004-07-28,2004-07-26,2004-07-28T15:56:29.000Z,,4,,,,4,6292,0,0,,xslF345X02/primary_doc.xml,PRIMARY DOCUMENT
0000029534-04-000085,2004-08-05,2004-08-05,2004-08-05T12:33:46.000Z,,8-K,001-11421,04953181,"12,7,9",8-K,28031,0,0,,f8k080504julysales.htm,
0000029534-04-000086,2004-08-10,2004-08-09,2004-08-10T21:02:58.000Z,,4,,,,4,7848,0,0,,xslF345X02/primary_doc.xml,PRIMARY DOCUMENT
0000029534-04-000087,2004-08-23,2004-08-19,2004-08-23T15:04:52.000Z,,4,,,,4,6588,0,0,,xslF345X02/primary_doc.xml,PRIMARY DOCUMENT
0000029534-04-000089,2004-08-24,2004-08-24,2004-08-24T19:58:38.000Z,,8-K,001-11421,04994241,"7.01,9.01",8-K,19269,0,0,,f8k082404dividend.htm,
0000029534-04-000090,2004-08-24,2004-08-24,2004-08-24T20:51:30.000Z,,4,,,,4,6343,0,0,,xslF345X02/primary_doc.xml,PRIMARY DOCUMENT
0000029534-04-000091,2004-08-25,2004-08-24,2004-08-25T20:08:31.000Z,,4,,,,4,8722,0,0,,xslF345X02/primary_doc.xml,PRIMARY DOCUMENT
0000029534-04-000092,2004-08-25,2004-08-24,2004-08-25T20:34:48.000Z,,4,,,,4,8696,0,0,,xslF345X02/primary_doc.xml,PRIMARY DOCUMENT
0000029534-04-000093,2004-08-25,2004-08-24,2004-08-25T21:05:34.000Z,,4,,,,4,8705,0,0,,xslF345X02/primary_doc.xml,PRIMARY DOCUMENT
0000029534-04-000094,2004-08-25,2004-08-24,2004-08-25T21:38:46.000Z,,4,,,,4,8915,0,0,,xslF345X02/primary_doc.xml,PRIMARY DOCUMENT
0000029534-04-000095,2004-08-25,2004-08-24,2004-08-25T22:08:58.000Z,,4,,,,4,8919,0,0,,xslF345X02/primary_doc.xml,PRIMARY DOCUMENT
0000029534-04-000096,2004-08-25,2004-08-24,2004-08-25T23:22:35.000Z,,4,,,,4,8724,0,0,,xslF345X02/primary_doc.xml,PRIMARY DOCUMENT
0000029534-04-000097,2004-08-25,2004-08-24,2004-08-25T23:45:51.000Z,,4,,,,4,9117,0,0,,xslF345X02/primary_doc.xml,PRIMARY DOCUMENT
0000029534-04-000098,2004-08-25,2004-08-24,2004-08-26T00:16:15.000Z,,4,,,,4,9056,0,0,,xslF345X02/primary_doc.xml,PRIMARY DOCUMENT
0000029534-04-000100,2004-08-26,2004-08-26,2004-08-26T12:17:17.000Z,,8-K,001-11421,04997492,"7.01,9.01",8-K,22831,0,0,,f8k082604discovercard.htm,
0001157523-04-008128,2004-08-26,2004-08-26,2004-08-26T12:46:17.000Z,,8-K,001-11421,04997506,"2.02,7.01,9.01",8-K,40622,0,0,,a4708801.txt,DOLLAR GENERAL CORP. 8-K
0000029534-04-000102,2004-08-26,2004-07-30,2004-08-26T15:06:11.000Z,,10-Q,001-11421,04997761,,10-Q,1318300,0,0,,f200410q2qfinal.htm,
0000029534-04-000103,2004-09-02,2004-09-02,2004-09-02T13:44:37.000Z,,8-K,001-11421,041012450,"7.01,9.01",8-K,33738,0,0,,f8k090204augustsales.htm,
0000029534-04-000105,2004-09-27,2004-07-30,2004-09-27T16:44:33.000Z,,10-Q/A,001-11421,041046574,,10-Q/A,54339,0,0,,f200410qamendmentedgar.htm,
0000029534-04-000106,2004-10-01,2004-09-30,2004-10-01T20:34:34.000Z,,4,,,,4,4943,0,0,,xslF345X02/primary_doc.xml,PRIMARY DOCUMENT
0000029534-04-000107,2004-10-07,2004-10-07,2004-10-07T13:56:27.000Z,34,8-K,001-11421,041069452,"7.01,9.01",8-K,33962,0,0,,form8k100704septsales.htm,
0000029534-04-000108,2004-10-12,2004-10-08,2004-10-12T14:17:10.000Z,34,8-K,001-11421,041073644,"1.02,5.02,9.01",8-K,36008,0,0,,f8k100804jacksonresignation.htm,
0000913414-04-000605,2004-10-12,,2004-10-12T20:06:18.000Z,34,SC 13G/A,005-40997,041074918,,SC 13G/A,67211,0,0,,dollargeneral093004.txt,
0000029534-04-000109,2004-10-13,2004-10-08,2004-10-13T14:39:16.000Z,,4,,,,4,5294,0,0,,xslF345X02/primary_doc.xml,PRIMARY DOCUMENT
0000029534-04-000111,2004-10-22,2004-10-22,2004-10-22T19:01:15.000Z,34,8-K,001-11421,041091669,"7.01,9.01",8-K,20076,0,0,,f8k101904johnsonriceconf1.htm,
0000029534-04-000112,2004-10-22,2004-10-21,2004-10-22T21:03:57.000Z,,4,,,,4,6303,0,0,,xslF345X02/primary_doc.xml,PRIMARY DOCUMENT
0000029534-04-000113,2004-10-28,2004-08-24,2004-10-28T19:19:05.000Z,34,8-K,001-11421,041102467,"1.01,9.01",8-K,24703,0,0,,f8k082404optionsrsus.htm,
0000029534-04-000114,2004-11-01,,2004-11-01T16:48:41.000Z,33,S-8,333-120126,041108824,,S-8,298522,0,0,,forms8.htm,
0000029534-04-000116,2004-11-04,2004-11-04,2004-11-04T13:40:01.000Z,34,8-K,001-11421,041118039,"2.02,7.01,9.01",8-K,27746,0,0,,f8k110404octsales.htm,
0000029534-04-000117,2004-11-19,2004-11-17,2004-11-19T21:07:10.000Z,,4,,,,4,22366,0,0,,xslF345X02/primary_doc.xml,PRIMARY DOCUMENT
0000029534-04-000118,2004-11-23,2004-11-19,2004-11-23T21:39:58.000Z,,4,,,,4,11811,0,0,,xslF345X02/primary_doc.xml,PRIMARY DOCUMENT
0001157523-04-011126,2004-12-01,2004-12-01,2004-12-01T13:39:21.000Z,34,8-K,001-11421,041175884,"2.02,7.01,9.01",8-K,34113,0,0,,a4775843.txt,DOLLAR GENERAL CORP.
0000029534-04-000119,2004-12-02,2004-12-02,2004-12-02T14:44:35.000Z,34,8-K,001-11421,041178994,"7.01,9.01",8-K,25714,0,0,,f8k120204novsales.htm,
0000029534-04-000120,2004-12-06,2004-10-29,2004-12-06T20:42:40.000Z,34,10-Q,001-11421,041186297,,10-Q,488310,0,0,,f200410q3qfinal.htm,
0000029534-04-000121,2004-12-08,2004-12-07,2004-12-08T17:04:12.000Z,34,8-K,001-11421,041190158,"1.01,9.01",8-K,63880,0,0,,f8k120704executivedisability.htm,
0000029534-04-000122,2004-12-09,2004-12-08,2004-12-09T21:44:52.000Z,,4,,,,4,13768,0,0,,xslF345X02/primary_doc.xml,PRIMARY DOCUMENT
0000029534-04-000123,2004-12-14,2004-12-10,2004-12-14T15:38:06.000Z,,4,,,,4,6103,0,0,,xslF345X02/primary_doc.xml,PRIMARY DOCUMENT
0000029534-04-000124,2004-12-14,2004-12-10,2004-12-14T15:44:28.000Z,,4,,,,4,6110,0,0,,xslF345X02/primary_doc.xml,PRIMARY DOCUMENT
0000029534-04-000125,2004-12-14,2004-12-10,2004-12-14T16:14:24.000Z,,4,,,,4,10932,0,0,,xslF345X02/primary_doc.xml,PRIMARY DOCUMENT
0000029534-04-000126,2004-12-17,2004-12-16,2004-12-17T16:46:56.000Z,,4,,,,4,13060,0,0,,xslF345X02/primary_doc.xml,PRIMARY DOCUMENT
0000029534-04-000127,2004-12-22,2004-12-21,2004-12-22T17:53:42.000Z,,4,,,,4,4856,0,0,,xslF345X02/primary_doc.xml,PRIMARY DOCUMENT
0000029534-04-000128,2004-12-22,2004-12-20,2004-12-22T17:59:18.000Z,,4,,,,4,6462,0,0,,xslF345X02/primary_doc.xml,PRIMARY DOCUMENT
0000029534-05-000001,2005-01-04,2005-01-01,2005-01-04T22:25:54.000Z,,3,,,,3,10561,0,0,,xslF345X02/primary_doc.xml,PRIMARY DOCUMENT
0000029534-05-000002,2005-01-05,2005-01-03,2005-01-05T16:55:54.000Z,,4,,,,4,15205,0,0,,xslF345X02/primary_doc.xml,PRIMARY DOCUMENT
0000029534-05-000003,2005-01-06,2005-01-06,2005-01-06T15:28:42.000Z,34,8-K,001-11421,05514664,"7.01,9.01",8-K,26115,0,0,,f8k010605decsales.htm,
0000029534-05-000004,2005-01-19,2005-01-18,2005-01-19T15:17:47.000Z,,4,,,,4,8153,0,0,,xslF345X02/primary_doc.xml,PRIMARY DOCUMENT
0000029534-05-000005,2005-01-26,2005-01-24,2005-01-26T21:28:59.000Z,,4,,,,4,5871,0,0,,xslF345X02/primary_doc.xml,PRIMARY DOCUMENT
0000029534-05-000006,2005-01-27,2005-01-26,2005-01-27T16:43:53.000Z,,4,,,,4,6460,0,0,,xslF345X02/primary_doc.xml,PRIMARY DOCUMENT
0000029534-05-000007,2005-01-27,2005-01-27,2005-01-27T21:43:29.000Z,34,8-K,001-11421,05554366,"7.01,9.01",8-K,19490,0,0,,f8k012705correctionrelease.htm,
0000029534-05-000008,2005-02-03,2005-02-03,2005-02-03T15:03:50.000Z,34,8-K,001-11421,05571648,"2.02,7.01,9.01",8-K,27117,0,0,,form8k020305jansales.htm,
0000029534-05-000009,2005-02-04,2005-02-02,2005-02-04T19:13:24.000Z,,4,,,,4,11901,0,0,,xslF345X02/primary_doc.xml,PRIMARY DOCUMENT
0000029534-05-000010,2005-02-07,2005-02-04,2005-02-07T21:59:58.000Z,,4,,,,4,10393,0,0,,xslF345X02/primary_doc.xml,PRIMARY DOCUMENT
0000029534-05-000011,2005-02-09,2005-02-07,2005-02-09T21:44:16.000Z,,4,,,,4,43797,0,0,,xslF345X02/primary_doc.xml,PRIMARY DOCUMENT
0000029534-05-000012,2005-02-09,2005-02-07,2005-02-09T22:09:11.000Z,,4,,,,4,43800,0,0,,xslF345X02/primary_doc.xml,PRIMARY DOCUMENT
0000029534-05-000013,2005-02-09,2005-02-07,2005-02-09T22:22:50.000Z,,4,,,,4,15389,0,0,,xslF345X02/primary_doc.xml,PRIMARY DOCUMENT
0000029534-05-000014,2005-02-09,2005-02-08,2005-02-09T22:41:27.000Z,,4,,,,4,34503,0,0,,xslF345X02/primary_doc.xml,PRIMARY DOCUMENT
0000029534-05-000015,2005-02-10,2005-02-09,2005-02-10T22:07:24.000Z,,4,,,,4,43810,0,0,,xslF345X02/primary_doc.xml,PRIMARY DOCUMENT
0000029534-05-000016,2005-02-10,2005-02-09,2005-02-10T22:20:28.000Z,,4,,,,4,22939,0,0,,xslF345X02/primary_doc.xml,PRIMARY DOCUMENT
0000017283-05-000112,2005-02-11,,2005-02-11T21:59:25.000Z,34,SC 13G/A,005-40997,05599748,,SC 13G/A,9353,0,0,,edgdg.txt,SC 13G/A
0000902219-05-000781,2005-02-14,,2005-02-14T16:35:34.000Z,34,SC 13G/A,005-40997,05604873,,SC 13G/A,13843,0,0,,filing.txt,DOC ONE
0000913414-05-000213,2005-02-14,,2005-02-14T19:09:09.000Z,34,SC 13G,005-40997,05607307,,SC 13G,67423,0,0,,dollargeneral123104.txt,
0000029534-05-000017,2005-02-14,2005-01-03,2005-02-14T19:53:18.000Z,,4/A,,,,4/A,18101,0,0,,xslF345X02/primary_doc.xml,PRIMARY DOCUMENT
0001193125-05-029050,2005-02-14,,2005-02-14T20:37:50.000Z,34,SC 13G/A,005-40997,05609455,,SC 13G/A,61622,0,0,,dsc13ga.htm,AMENDMENT #2 TO SCHEDULE 13G
0000029534-05-000018,2005-02-14,2005-02-04,2005-02-14T23:58:24.000Z,,4/A,,,,4/A,34682,0,0,,xslF345X02/primary_doc.xml,PRIMARY DOCUMENT
0000902561-05-000058,2005-02-15,,2005-02-15T21:28:06.000Z,34,SC 13G/A,005-40997,05617499,,SC 13G/A,9954,0,0,,sc13g.txt,
0000902561-05-000059,2005-02-15,,2005-02-15T21:28:39.000Z,34,SC 13G/A,005-40997,05617506,,SC 13G/A,9845,0,0,,sc13gjt.txt,
0000029534-05-000019,2005-02-16,2005-02-14,2005-02-16T20:09:33.000Z,,4,,,,4,6190,0,0,,xslF345X02/primary_doc.xml,PRIMARY DOCUMENT
0000029534-05-000020,2005-02-16,2005-02-14,2005-02-16T21:19:20.000Z,,4,,,,4,6559,0,0,,xslF345X02/primary_doc.xml,PRIMARY DOCUMENT
0001157523-05-001746,2005-02-23,2005-02-23,2005-02-23T13:37:48.000Z,34,8-K,001-11421,05632857,"7.01,9.01",8-K,8069,0,0,,a4828481.txt,DOLLAR GENERAL CORP. 8-K
0000029534-05-000021,2005-03-03,2005-03-03,2005-03-03T16:13:08.000Z,34,8-K,001-11421,05656586,"7.01,9.01",8-K,20786,0,0,,form8k030305febsales.htm,
0000029534-05-000022,2005-03-03,2005-02-28,2005-03-03T22:26:14.000Z,34,8-K,001-11421,05658878,"4.02,7.01,9.01",8-K,29703,0,0,,form8k030305leaseaccounting.htm,
0000029534-05-000023,2005-03-03,2005-03-02,2005-03-04T02:14:34.000Z,,4,,,,4,12790,0,0,,xslF345X02/primary_doc.xml,PRIMARY DOCUMENT
0000029534-05-000024,2005-03-17,2005-03-16,2005-03-16T22:36:36.000Z,34,8-K,001-11421,05686752,"5.05,7.01,9.01",8-K,21452,0,0,,form8k031605codeofethicsdivi.htm,
0001157523-05-002610,2005-03-17,2005-03-17,2005-03-17T13:53:21.000Z,34,8-K,001-11421,05687452,"2.02,7.01,9.01",8-K,45160,0,0,,a4845459.txt,DOLLAR GENERAL 8-K
0000029534-05-000025,2005-03-17,,2005-03-17T14:42:35.000Z,NE,RW,333-56810,05687544,,RW,6317,0,0,,s3withdrawalrequest.htm,
0000029534-05-000026,2005-03-17,2005-03-15,2005-03-17T21:02:49.000Z,,4,,,,4,8325,0,0,,xslF345X02/primary_doc.xml,PRIMARY DOCUMENT
0000029534-05-000027,2005-03-17,2005-03-15,2005-03-17T21:20:45.000Z,,4,,,,4,5925,0,0,,xslF345X02/primary_doc.xml,PRIMARY DOCUMENT
0000029534-05-000029,2005-03-17,2005-03-17,2005-03-17T21:30:09.000Z,34,8-K,001-11421,05689180,"7.01,9.01",8-K,19708,0,0,,form8k031705merrilllynchconf.htm,
0000029534-05-000030,2005-03-17,2005-03-15,2005-03-17T21:41:59.000Z,,4,,,,4,8590,0,0,,xslF345X02/primary_doc.xml,PRIMARY DOCUMENT
0000029534-05-000031,2005-03-17,2005-03-15,2005-03-17T22:35:59.000Z,,4,,,,4,8560,0,0,,xslF345X02/primary_doc.xml,PRIMARY DOCUMENT
0000029534-05-000032,2005-03-17,2005-03-15,2005-03-17T22:56:04.000Z,,4,,,,4,8844,0,0,,xslF345X02/primary_doc.xml,PRIMARY DOCUMENT
0000029534-05-000033,2005-03-17,2005-03-15,2005-03-17T22:56:06.000Z,,4,,,,4,8695,0,0,,xslF345X02/primary_doc.xml,PRIMARY DOCUMENT
0000029534-05-000034,2005-03-17,2005-03-15,2005-03-17T23:17:28.000Z,,4,,,,4,8565,0,0,,xslF345X02/primary_doc.xml,PRIMARY DOCUMENT
0000029534-05-000035,2005-03-17,2005-03-15,2005-03-17T23:32:20.000Z,,4,,,,4,8796,0,0,,xslF345X02/primary_doc.xml,PRIMARY DOCUMENT
0000029534-05-000036,2005-03-17,2005-03-15,2005-03-17T23:32:59.000Z,,4,,,,4,8867,0,0,,xslF345X02/primary_doc.xml,PRIMARY DOCUMENT
0000029534-05-000037,2005-03-18,2005-03-15,2005-03-18T17:16:52.000Z,34,8-K,001-11421,05690917,1.01,8-K,21387,0,0,,form8k031605neosalaries.htm,
0000029534-05-000038,2005-03-22,2005-03-21,2005-03-22T22:38:54.000Z,,4,,,,4,5871,0,0,,xslF345X02/primary_doc.xml,PRIMARY DOCUMENT
0000029534-05-000039,2005-04-05,2005-04-02,2005-04-05T16:38:57.000Z,,4,,,,4,5284,0,0,,xslF345X02/primary_doc.xml,PRIMARY DOCUMENT
0000029534-05-000041,2005-04-05,2005-04-05,2005-04-05T21:27:39.000Z,34,8-K,001-11421,05735043,"7.01,9.01",8-K,19757,0,0,,form8k040505srhconference.htm,
0000029534-05-000042,2005-04-07,2005-04-07,2005-04-07T14:18:05.000Z,34,8-K,001-11421,05738280,"7.01,9.01",8-K,22122,0,0,,form8k040705marchsales.htm,
0000029534-05-000043,2005-04-07,2005-04-07,2005-04-07T16:52:49.000Z,34,8-K,001-11421,05738701,"7.01,9.01",8-K,20988,0,0,,form8k040705secsettlement.htm,
0000029534-05-000046,2005-04-12,2005-01-28,2005-04-12T16:34:27.000Z,34,10-K,001-11421,05745642,,10-K,1797163,0,0,,f0410kfinal.htm,
0000029534-05-000048,2005-04-14,2005-04-14,2005-04-14T21:30:31.000Z,34,8-K,001-11421,05751630,"7.01,9.01",8-K,20387,0,0,,form8k04140510b51plan.htm,
0000029534-05-000049,2005-04-22,2005-04-22,2005-04-22T17:32:09.000Z,34,8-K,001-11421,05766839,"7.01,9.01",8-K,19666,0,0,,form8k042205lehmanconference.htm,
0001206774-05-000692,2005-04-22,2005-05-24,2005-04-22T18:10:58.000Z,34,DEF 14A,001-11421,05766967,,DEF 14A,546946,0,0,,dg911107.htm,
9999999997-05-021123,2005-04-25,2005-01-28,2005-04-27T14:57:19.000Z,34,ARS,001-11421,05052710,,ARS,1890,0,0,,9999999997-05-021123.paper,AUTO-GENERATED PAPER DOCUMENT
0000029534-05-000051,2005-05-05,2005-05-05,2005-05-05T13:57:16.000Z,34,8-K,001-11421,05801613,"2.02,7.01,9.01",8-K,24310,0,0,,form8k050505aprsales.htm,
0000029534-05-000054,2005-05-10,2005-05-10,2005-05-10T17:43:40.000Z,34,8-K,001-11421,05815321,"7.01,9.01",8-K,25919,0,0,,form8k050905iadc.htm,
0000029534-05-000056,2005-05-24,2005-05-24,2005-05-24T12:32:08.000Z,34,8-K,001-11421,05852995,"7.01,9.01",8-K,20174,0,0,,form8k052405dividend.htm,
0000029534-05-000057,2005-05-25,2005-05-24,2005-05-25T19:21:36.000Z,,4,,,,4,6744,0,0,,xslF345X02/primary_doc.xml,PRIMARY DOCUMENT
0000029534-05-000058,2005-05-25,2005-05-24,2005-05-25T19:51:21.000Z,,4,,,,4,7033,0,0,,xslF345X02/primary_doc.xml,PRIMARY DOCUMENT
0000029534-05-000059,2005-05-25,2005-05-24,2005-05-25T20:10:18.000Z,,4,,,,4,6846,0,0,,xslF345X02/primary_doc.xml,PRIMARY DOCUMENT
0000029534-05-000060,2005-05-25,2005-05-24,2005-05-25T20:33:09.000Z,,4,,,,4,6920,0,0,,xslF345X02/primary_doc.xml,PRIMARY DOCUMENT
0000029534-05-000061,2005-05-25,2005-05-24,2005-05-25T20:50:52.000Z,,4,,,,4,6892,0,0,,xslF345X02/primary_doc.xml,PRIMARY DOCUMENT
0000029534-05-000062,2005-05-25,2005-05-24,2005-05-25T21:11:19.000Z,,4,,,,4,6827,0,0,,xslF345X02/primary_doc.xml,PRIMARY DOCUMENT
0000029534-05-000063,2005-05-25,2005-05-24,2005-05-25T21:28:04.000Z,,4,,,,4,6906,0,0,,xslF345X02/primary_doc.xml,PRIMARY DOCUMENT
0000029534-05-000064,2005-05-25,2005-05-24,2005-05-25T21:42:50.000Z,,4,,,,4,6699,0,0,,xslF345X02/primary_doc.xml,PRIMARY DOCUMENT
0000029534-05-000065,2005-05-25,2005-05-24,2005-05-25T21:57:48.000Z,,4,,,,4,7001,0,0,,xslF345X02/primary_doc.xml,PRIMARY DOCUMENT
0000029534-05-000066,2005-05-25,2005-05-24,2005-05-25T22:15:51.000Z,,4,,,,4,6694,0,0,,xslF345X02/primary_doc.xml,PRIMARY DOCUMENT
0001157523-05-005081,2005-05-26,2005-05-24,2005-05-26T12:35:55.000Z,34,8-K,001-11421,05858223,"1.01,2.02,7.01,9.01",8-K,44417,0,0,,a4897506.txt,DOLLAR GENERAL 8-K
0000029534-05-000068,2005-05-26,2005-04-29,2005-05-26T18:55:33.000Z,34,10-Q,001-11421,05859717,,10-Q,506164,0,0,,f200510q1stqtrfinal.htm,
0000029534-05-000069,2005-05-26,2005-02-11,2005-05-26T19:52:32.000Z,,4,,,,4,20636,0,0,,xslF345X02/primary_doc.xml,PRIMARY DOCUMENT
0000029534-05-000070,2005-05-31,2005-05-31,2005-05-31T19:28:07.000Z,,4,,,,4,5566,0,0,,xslF345X02/primary_doc.xml,PRIMARY DOCUMENT
0000029534-05-000071,2005-06-01,2005-05-31,2005-06-01T15:46:48.000Z,,4,,,,4,4853,0,0,,xslF345X02/primary_doc.xml,PRIMARY DOCUMENT
0000029534-05-000073,2005-06-02,2005-06-02,2005-06-02T12:36:48.000Z,34,8-K,001-11421,05872163,"7.01,9.01",8-K,20946,0,0,,form8k060205maysales.htm,
0000029534-05-000074,2005-06-03,2005-06-02,2005-06-03T21:02:19.000Z,,4,,,,4,5145,0,0,,xslF345X02/primary_doc.xml,PRIMARY DOCUMENT
0000029534-05-000075,2005-06-03,2005-06-02,2005-06-03T21:11:00.000Z,,4,,,,4,5047,0,0,,xslF345X02/primary_doc.xml,PRIMARY DOCUMENT
0000029534-05-000076,2005-06-03,2005-06-02,2005-06-03T21:38:26.000Z,,4,,,,4,15273,0,0,,xslF345X02/primary_doc.xml,PRIMARY DOCUMENT
0000029534-05-000077,2005-06-06,2005-06-02,2005-06-06T20:51:39.000Z,,4,,,,4,6147,0,0,,xslF345X02/primary_doc.xml,PRIMARY DOCUMENT
0000029534-05-000078,2005-06-07,2005-03-21,2005-06-07T19:59:06.000Z,,4/A,,,,4/A,6349,0,0,,xslF345X02/primary_doc.xml,PRIMARY DOCUMENT
0000029534-05-000080,2005-06-08,2005-06-08,2005-06-08T16:08:20.000Z,34,8-K,001-11421,05884439,"7.01,9.01",8-K,22993,0,0,,form8k060805csfbandwbconfere.htm,
0000029534-05-000081,2005-06-10,2005-06-08,2005-06-10T18:54:41.000Z,,4,,,,4,5872,0,0,,xslF345X02/primary_doc.xml,PRIMARY DOCUMENT
0000029534-05-000082,2005-06-22,2005-06-20,2005-06-22T20:05:35.000Z,,4,,,,4,10148,0,0,,xslF345X02/primary_doc.xml,PRIMARY DOCUMENT
0000029534-05-000083,2005-06-24,2005-06-22,2005-06-24T18:46:07.000Z,,4,,,,4,10818,0,0,,xslF345X02/primary_doc.xml,PRIMARY DOCUMENT
0000029534-05-000084,2005-06-27,2004-12-31,2005-06-27T19:50:00.000Z,34,11-K,001-11421,05917537,,11-K,85528,0,0,,form11k.htm,
0000029534-05-000085,2005-07-07,2005-07-07,2005-07-07T13:43:19.000Z,34,8-K,001-11421,05942416,"7.01,9.01",8-K,25650,0,0,,form8k070705junesalesandcibc.htm,
0000029534-05-000086,2005-07-13,2005-07-12,2005-07-13T20:55:59.000Z,,4,,,,4,5869,0,0,,xslF345X02/primary_doc.xml,PRIMARY DOCUMENT
0000029534-05-000087,2005-07-26,2005-07-25,2005-07-26T19:25:02.000Z,,4,,,,4,6145,0,0,,xslF345X02/primary_doc.xml,PRIMARY DOCUMENT
0000029534-05-000089,2005-08-04,2005-08-04,2005-08-04T13:55:08.000Z,34,8-K,001-11421,05997874,"2.02,7.01,9.01",8-K,24146,0,0,,form8k080405julsales.htm,
0000029534-05-000090,2005-08-04,2005-08-01,2005-08-04T14:56:05.000Z,,3,,,,3,9931,0,0,,xslF345X02/primary_doc.xml,PRIMARY DOCUMENT
0000029534-05-000091,2005-08-11,2005-08-09,2005-08-11T20:19:58.000Z,,4,,,,4,5338,0,0,,xslF345X02/primary_doc.xml,PRIMARY DOCUMENT
0000029534-05-000092,2005-08-18,2005-08-18,2005-08-18T13:48:36.000Z,34,8-K,001-11421,051034750,"7.01,9.01",8-K,21807,0,0,,form8k081805evphumanresource.htm,
0000029534-05-000093,2005-08-23,2005-08-23,2005-08-23T20:35:50.000Z,34,8-K,001-11421,051043986,"7.01,9.01",8-K,20394,0,0,,form8k082305dividend.htm,
0000029534-05-000094,2005-08-23,2005-08-22,2005-08-23T21:10:11.000Z,,4,,,,4,8237,0,0,,xslF345X02/primary_doc.xml,PRIMARY DOCUMENT
0000029534-05-000095,2005-08-24,,2005-08-24T18:23:56.000Z,33,S-8 POS,033-51591,051045712,,S-8 POS,28594,0,0,,forms8dereg1993plan.htm,
0001157523-05-007739,2005-08-25,2005-08-25,2005-08-25T12:36:34.000Z,34,8-K,001-11421,051047266,"2.02,7.01,9.01",8-K,46120,0,0,,a4959270.txt,DOLLAR GENERAL CORPORATION 8-K
0000029534-05-000096,2005-08-25,2005-07-29,2005-08-25T13:53:01.000Z,34,10-Q,001-11421,051047403,,10-Q,924521,0,0,,f200510q2ndqtrfinal.htm,
0000029534-05-000097,2005-08-26,2005-08-24,2005-08-26T19:02:05.000Z,,4,,,,4,10807,0,0,,xslF345X02/primary_doc.xml,PRIMARY DOCUMENT
0000029534-05-000098,2005-08-26,2005-08-24,2005-08-26T19:22:43.000Z,,4,,,,4,10810,0,0,,xslF345X02/primary_doc.xml,PRIMARY DOCUMENT
0000029534-05-000099,2005-08-26,2005-08-24,2005-08-26T19:40:02.000Z,,4,,,,4,10905,0,0,,xslF345X02/primary_doc.xml,PRIMARY DOCUMENT
0000029534-05-000100,2005-08-26,2005-08-24,2005-08-26T19:58:28.000Z,,4,,,,4,10686,0,0,,xslF345X02/primary_doc.xml,PRIMARY DOCUMENT
0000029534-05-000101,2005-08-26,2005-08-24,2005-08-26T20:25:01.000Z,,4,,,,4,13064,0,0,,xslF345X02/primary_doc.xml,PRIMARY DOCUMENT
0000029534-05-000102,2005-08-26,2005-08-24,2005-08-26T21:01:07.000Z,,4,,,,4,14429,0,0,,xslF345X02/primary_doc.xml,PRIMARY DOCUMENT
0000029534-05-000103,2005-08-26,2005-08-24,2005-08-26T22:36:34.000Z,,4,,,,4,12236,0,0,,xslF345X02/primary_doc.xml,PRIMARY DOCUMENT
0000029534-05-000104,2005-08-31,2005-08-31,2005-08-31T22:45:15.000Z,,4,,,,4,5492,0,0,,xslF345X02/primary_doc.xml,PRIMARY DOCUMENT
0000029534-05-000105,2005-09-01,2005-09-01,2005-09-01T13:55:55.000Z,34,8-K,001-11421,051063309,"7.01,9.01",8-K,22509,0,0,,form8k090105augsales.htm,
0000029534-05-000106,2005-09-01,2005-09-01,2005-09-01T21:10:50.000Z,34,8-K,001-11421,051065366,"7.01,9.01",8-K,20462,0,0,,form8k090105goldmansachsconf.htm,
0000029534-05-000107,2005-09-02,2005-09-02,2005-09-02T14:12:00.000Z,34,8-K,001-11421,051066327,"7.01,9.01",8-K,21480,0,0,,form8k090205katrinaresponse.htm,
0000029534-05-000108,2005-09-02,2005-09-01,2005-09-02T16:56:28.000Z,,3,,,,3,10076,0,0,,xslF345X02/primary_doc.xml,PRIMARY DOCUMENT
0000029534-05-000109,2005-09-02,2005-09-01,2005-09-02T17:10:38.000Z,,4,,,,4,8267,0,0,,xslF345X02/primary_doc.xml,PRIMARY DOCUMENT
0000029534-05-000110,2005-09-08,2005-09-07,2005-09-08T20:02:05.000Z,,4,,,,4,5873,0,0,,xslF345X02/primary_doc.xml,PRIMARY DOCUMENT
0000029534-05-000111,2005-09-30,2005-09-30,2005-09-30T21:29:51.000Z,34,8-K,001-11421,051115191,"7.01,9.01",8-K,20242,0,0,,form8k093005sharerepurchase.htm,
0000029534-05-000112,2005-10-03,2005-09-30,2005-10-03T20:45:39.000Z,,4,,,,4,5871,0,0,,xslF345X02/primary_doc.xml,PRIMARY DOCUMENT
0000029534-05-000113,2005-10-06,2005-10-06,2005-10-06T12:46:50.000Z,34,8-K,001-11421,051126295,"7.01,9.01",8-K,22904,0,0,,form8k100605septsales.htm,
0000029534-05-000114,2005-10-11,2005-10-11,2005-10-11T15:17:43.000Z,34,8-K,001-11421,051131453,"7.01,9.01",8-K,20271,0,0,,form8k101105bearstearnsconfe.htm,
0000029534-05-000115,2005-10-18,2005-10-14,2005-10-18T21:23:30.000Z,34,8-K,001-11421,051143574,"1.01,9.01",8-K,40939,0,0,,form8k101405turnerletter.htm,
0000029534-05-000116,2005-10-20,2005-10-20,2005-10-20T15:41:28.000Z,34,8-K,001-11421,051146648,"7.01,9.01",8-K,21871,0,0,,form8k102005fisherprice.htm,
0000029534-05-000117,2005-10-20,2005-10-20,2005-10-20T21:22:39.000Z,34,8-K,001-11421,051147973,"7.01,9.01",8-K,20428,0,0,,form8k102005johnsonriceprese.htm,
0000029534-05-000118,2005-11-03,2005-11-03,2005-11-03T15:03:38.000Z,34,8-K,001-11421,051175336,"2.02,7.01,9.01",8-K,24491,0,0,,form8k110305octsales.htm,
0000029534-05-000119,2005-11-16,2005-11-14,2005-11-16T20:53:09.000Z,,3,,,,3,9935,0,0,,xslF345X02/primary_doc.xml,PRIMARY DOCUMENT
0000029534-05-000120,2005-11-18,2005-11-17,2005-11-18T21:11:18.000Z,,4,,,,4,8142,0,0,,xslF345X02/primary_doc.xml,PRIMARY DOCUMENT
0000029534-05-000121,2005-11-18,2005-11-18,2005-11-18T22:20:53.000Z,34,8-K,001-11421,051216072,"7.01,9.01",8-K,20642,0,0,,form8k111805dividend.htm,
0001157523-05-010380,2005-11-22,2005-11-22,2005-11-22T13:39:59.000Z,34,8-K,001-11421,051219831,"2.02,7.01,9.01",8-K,43440,0,0,,a5025718.txt,DOLLAR GENERAL CORPORATION 8-K
0000029534-05-000122,2005-11-22,2005-10-28,2005-11-22T14:51:38.000Z,34,10-Q,001-11421,051219941,,10-Q,664908,0,0,,f200510q3rdqtrfinal.htm,
0000029534-05-000123,2005-11-23,2005-11-22,2005-11-23T22:07:21.000Z,,4,,,,4,6151,0,0,,xslF345X02/primary_doc.xml,PRIMARY DOCUMENT
0000029534-05-000124,2005-11-23,2005-11-17,2005-11-23T22:21:10.000Z,34,8-K,001-11421,051225893,"1.01,7.01,9.01",8-K,22607,0,0,,form8k111705neosalaryincreas.htm,
0000029534-05-000125,2005-11-28,2005-11-21,2005-11-28T19:41:48.000Z,34,8-K,001-11421,051228170,"1.01,5.02,9.01",8-K,161641,0,0,,form8k112105principalofficer.htm,
0000029534-05-000126,2005-11-30,2005-11-29,2005-11-30T21:52:33.000Z,,4,,,,4,7241,0,0,,xslF345X02/primary_doc.xml,PRIMARY DOCUMENT
0000029534-05-000127,2005-12-01,2005-12-01,2005-12-01T14:29:14.000Z,34,8-K,001-11421,051235987,"7.01,9.01",8-K,21248,0,0,,form8k120105novsales.htm,
0000029534-05-000128,2005-12-12,2005-12-01,2005-12-12T19:53:39.000Z,,3,,,,3,9931,0,0,,xslF345X02/primary_doc.xml,PRIMARY DOCUMENT
0000029534-06-000001,2006-01-05,2006-01-05,2006-01-05T14:39:30.000Z,34,8-K,001-11421,06510698,"7.01,9.01",8-K,36220,0,0,,form8k010506decsales.htm,
0000029534-06-000002,2006-01-11,2006-01-10,2006-01-10T22:38:30.000Z,34,8-K,001-11421,06523211,"7.01,9.01",8-K,20582,0,0,,form8k011006merrilllynchconf.htm,
0000029534-06-000003,2006-01-13,2006-01-12,2006-01-13T20:16:57.000Z,,4,,,,4,13180,0,0,,xslF345X02/primary_doc.xml,PRIMARY DOCUMENT
0000029534-06-000004,2006-01-25,2006-01-24,2006-01-25T19:56:00.000Z,,4,,,,4,8157,0,0,,xslF345X02/primary_doc.xml,PRIMARY DOCUMENT
0000029534-06-000005,2006-01-25,2006-01-25,2006-01-25T22:26:22.000Z,34,8-K,001-11421,06550510,"1.01,9.01",8-K,99833,0,0,,form8k012506perdueserp.htm,
0000029534-06-000006,2006-01-26,2006-01-25,2006-01-26T19:30:46.000Z,34,8-K,001-11421,06553138,5.05,8-K,14389,0,0,,form8k012506codeofethics.htm,
0000029534-06-000007,2006-01-30,2006-01-24,2006-01-30T18:12:28.000Z,34,8-K,001-11421,06560948,1.01,8-K,41044,0,0,,form8k012406acceleratedvesti.htm,
0000029534-06-000008,2006-02-02,2006-01-31,2006-02-02T21:42:37.000Z,,4,,,,4,6159,0,0,,xslF345X02/primary_doc.xml,PRIMARY DOCUMENT
0000902561-06-000015,2006-02-07,,2006-02-07T19:37:55.000Z,34,SC 13G/A,005-40997,06585147,,SC 13G/A,74523,0,0,,sc13g.htm,
0000312069-06-001089,2006-02-09,,2006-02-09T00:35:54.000Z,34,SC 13G,005-40997,06590614,,SC 13G,48340,0,0,,dollargeneral123105.txt,
0000029534-06-000009,2006-02-09,2006-02-09,2006-02-09T14:40:21.000Z,34,8-K,001-11421,06591063,"2.02,7.01,9.01",8-K,23778,0,0,,form8k020906jansales.htm,
0000029534-06-000010,2006-02-13,2006-02-07,2006-02-13T21:52:15.000Z,34,8-K,001-11421,06604383,"1.01,9.01",8-K,28617,0,0,,form8k020706extensionagrs.htm,
0000902219-06-000812,2006-02-14,,2006-02-14T16:02:56.000Z,34,SC 13G,005-40997,06608485,,SC 13G,19971,0,0,,sec_filing.htm,SEC FILING
0000315066-06-002682,2006-02-14,,2006-02-14T18:12:15.000Z,34,SC 13G,005-40997,06611171,,SC 13G,8767,0,0,,filing.txt,DOC ONE
0000029534-06-000011,2006-03-02,2006-03-02,2006-03-02T15:19:52.000Z,34,8-K,001-11421,06658137,"7.01,9.01",8-K,48431,0,0,,form8k030206febsales.htm,
0000029534-06-000012,2006-03-10,2005-11-21,2006-03-10T14:39:45.000Z,34,8-K/A,001-11421,06677691,"1.02,5.02",8-K/A,17289,0,0,,form8ka112105obriantretireme.htm,
0000029534-06-000013,2006-03-10,2006-03-10,2006-03-10T14:54:40.000Z,34,8-K,001-11421,06677725,"7.01,9.01",8-K,22102,0,0,,form8k031006merchandisingrel.htm,
0000029534-06-000014,2006-03-16,2006-02-03,2006-03-16T15:35:33.000Z,,5,,,,5,6571,0,0,,xslF345X02/primary_doc.xml,PRIMARY DOCUMENT
0000029534-06-000015,2006-03-17,2006-03-15,2006-03-17T18:50:25.000Z,,4,,,,4,10806,0,0,,xslF345X02/primary_doc.xml,PRIMARY DOCUMENT
0000029534-06-000016,2006-03-17,2006-03-15,2006-03-17T19:57:02.000Z,,4,,,,4,10673,0,0,,xslF345X02/primary_doc.xml,PRIMARY DOCUMENT
0000029534-06-000017,2006-03-17,2006-03-15,2006-03-17T20:32:00.000Z,,4,,,,4,14425,0,0,,xslF345X02/primary_doc.xml,PRIMARY DOCUMENT
0000029534-06-000018,2006-03-17,2006-03-15,2006-03-17T20:51:48.000Z,,4,,,,4,10807,0,0,,xslF345X02/primary_doc.xml,PRIMARY DOCUMENT
0000029534-06-000019,2006-03-17,2006-03-17,2006-03-17T21:09:48.000Z,34,8-K,001-11421,06696110,"7.01,9.01",8-K,20496,0,0,,form8k031706dividend.htm,
0000029534-06-000020,2006-03-17,2006-03-16,2006-03-17T22:02:37.000Z,,4,,,,4,10757,0,0,,xslF345X02/primary_doc.xml,PRIMARY DOCUMENT
0000029534-06-000021,2006-03-20,2006-03-16,2006-03-20T23:39:40.000Z,,4,,,,4,8410,0,0,,xslF345X02/primary_doc.xml,PRIMARY DOCUMENT
0000029534-06-000022,2006-03-20,2006-03-16,2006-03-20T23:46:07.000Z,,4,,,,4,8327,0,0,,xslF345X02/primary_doc.xml,PRIMARY DOCUMENT
0000029534-06-000023,2006-03-20,2006-03-16,2006-03-20T23:47:41.000Z,,4,,,,4,8553,0,0,,xslF345X02/primary_doc.xml,PRIMARY DOCUMENT
0000029534-06-000024,2006-03-20,2006-03-16,2006-03-20T23:54:31.000Z,,4,,,,4,8278,0,0,,xslF345X02/primary_doc.xml,PRIMARY DOCUMENT
0000029534-06-000025,2006-03-20,2006-03-16,2006-03-21T00:02:40.000Z,,4,,,,4,8412,0,0,,xslF345X02/primary_doc.xml,PRIMARY DOCUMENT
0000029534-06-000026,2006-03-20,2006-03-16,2006-03-21T00:12:03.000Z,,4,,,,4,8740,0,0,,xslF345X02/primary_doc.xml,PRIMARY DOCUMENT
0000029534-06-000027,2006-03-20,2006-03-16,2006-03-21T00:47:25.000Z,,4,,,,4,8701,0,0,,xslF345X02/primary_doc.xml,PRIMARY DOCUMENT
0000029534-06-000028,2006-03-20,2006-03-16,2006-03-21T01:05:30.000Z,,4,,,,4,8619,0,0,,xslF345X02/primary_doc.xml,PRIMARY DOCUMENT
0001157523-06-002857,2006-03-21,2006-03-21,2006-03-21T13:45:40.000Z,34,8-K,001-11421,06700032,"2.02,7.01,9.01",8-K,43848,0,0,,a5106661.txt,DOLLAR GENERAL CORP. 8-K
0000029534-06-000029,2006-03-21,2006-03-16,2006-03-21T14:54:45.000Z,34,8-K,001-11421,06700141,1.01,8-K,20789,0,0,,form8k031606bonustargets.htm,
0000029534-06-000030,2006-03-21,2006-02-03,2006-03-21T15:21:34.000Z,34,10-K,001-11421,06700201,,10-K,1356579,0,0,,f200510kfinal.htm,
0000029534-06-000031,2006-03-27,2006-03-23,2006-03-27T17:56:02.000Z,,4,,,,4,5872,0,0,,xslF345X02/primary_doc.xml,PRIMARY DOCUMENT
0000029534-06-000032,2006-03-30,2006-03-29,2006-03-30T20:08:28.000Z,,4,,,,4,7851,0,0,,xslF345X02/primary_doc.xml,PRIMARY DOCUMENT
0000029534-06-000033,2006-04-04,2006-04-02,2006-04-04T16:58:15.000Z,,4,,,,4,6743,0,0,,xslF345X02/primary_doc.xml,PRIMARY DOCUMENT
0000029534-06-000034,2006-04-05,2006-03-30,2006-04-05T20:36:40.000Z,34,8-K,001-11421,06742482,"1.01,1.02,9.01",8-K,302312,0,0,,form8k033006newneoemployment.htm,
0000029534-06-000035,2006-04-06,2006-04-06,2006-04-06T15:07:56.000Z,34,8-K,001-11421,06744067,"7.01,9.01",8-K,27538,0,0,,form8k040606marchsales.htm,
0000029534-06-000036,2006-04-12,2006-04-06,2006-04-12T18:58:44.000Z,34,8-K,001-11421,06755796,"1.01,1.02,9.01",8-K,176761,0,0,,form8k040606buleyemploymenta.htm,
0001206774-06-000819,2006-04-19,2006-05-31,2006-04-19T15:16:56.000Z,34,DEF 14A,001-11421,06766295,,DEF 14A,804514,0,0,,dg123898.htm,DEF 14A
0000029534-06-000037,2006-05-04,2006-05-04,2006-05-04T13:49:31.000Z,34,8-K,001-11421,06806285,"7.01,9.01",8-K,25101,0,0,,form8k050406aprilsales.htm,
0000029534-06-000038,2006-05-08,2006-05-08,2006-05-08T14:08:36.000Z,34,8-K,001-11421,06815098,"7.01,9.01",8-K,18481,0,0,,form8k050806thorpe.htm,
0000029534-06-000039,2006-05-26,2006-05-23,2006-05-26T21:02:48.000Z,34,8-K,001-11421,06871362,8.01,8-K,13604,0,0,,form8k052306wilds.htm,
0000029534-06-000040,2006-06-01,2006-05-31,2006-05-31T21:51:02.000Z,34,8-K,001-11421,06877889,"7.01,9.01",8-K,16772,0,0,,form8k053106dividend.htm,
0001157523-06-005722,2006-06-01,2006-06-01,2006-06-01T13:13:25.000Z,34,8-K,001-11421,06878610,"2.02,7.01,9.01",8-K,38800,0,0,,a5160614.txt,DOLLAR GENERAL CORP. 8-K
0000029534-06-000041,2006-06-01,2006-05-05,2006-06-01T13:56:39.000Z,34,10-Q,001-11421,06878690,,10-Q,511520,0,0,,f200610q1stqtrfinal.htm,
0000029534-06-000042,2006-06-01,2006-05-31,2006-06-01T15:31:07.000Z,,4,,,,4,6741,0,0,,xslF345X02/primary_doc.xml,PRIMARY DOCUMENT
0000029534-06-000043,2006-06-01,2006-05-31,2006-06-01T15:44:34.000Z,,4,,,,4,7030,0,0,,xslF345X02/primary_doc.xml,PRIMARY DOCUMENT
0000029534-06-000044,2006-06-01,2006-05-31,2006-06-01T15:54:08.000Z,,4,,,,4,6843,0,0,,xslF345X02/primary_doc.xml,PRIMARY DOCUMENT
0000029534-06-000045,2006-06-01,2006-05-31,2006-06-01T16:01:37.000Z,,4,,,,4,6823,0,0,,xslF345X02/primary_doc.xml,PRIMARY DOCUMENT
0000029534-06-000046,2006-06-01,2006-05-31,2006-06-01T16:13:18.000Z,,4,,,,4,6913,0,0,,xslF345X02/primary_doc.xml,PRIMARY DOCUMENT
0000029534-06-000047,2006-06-01,2006-05-31,2006-06-01T16:13:53.000Z,,4,,,,4,6889,0,0,,xslF345X02/primary_doc.xml,PRIMARY DOCUMENT
0000029534-06-000048,2006-06-01,2006-05-31,2006-06-01T16:25:27.000Z,,4,,,,4,6691,0,0,,xslF345X02/primary_doc.xml,PRIMARY DOCUMENT
0000029534-06-000049,2006-06-01,2006-05-31,2006-06-01T16:31:04.000Z,,4,,,,4,6696,0,0,,xslF345X02/primary_doc.xml,PRIMARY DOCUMENT
0000029534-06-000050,2006-06-01,2006-05-31,2006-06-01T16:38:39.000Z,,4,,,,4,6998,0,0,,xslF345X02/primary_doc.xml,PRIMARY DOCUMENT
0000029534-06-000051,2006-06-02,2006-05-31,2006-06-02T20:23:24.000Z,34,8-K,001-11421,06883569,"1.01,5.02,9.01",8-K,163374,0,0,,form8k0531061998planamendmen.htm,
0000029534-06-000052,2006-06-02,2006-06-01,2006-06-02T20:45:14.000Z,,4,,,,4,6147,0,0,,xslF345X02/primary_doc.xml,PRIMARY DOCUMENT
0000029534-06-000053,2006-06-05,2006-06-02,2006-06-05T21:44:49.000Z,,4,,,,4,6521,0,0,,xslF345X02/primary_doc.xml,PRIMARY DOCUMENT
0000029534-06-000054,2006-06-09,2006-06-09,2006-06-09T21:16:30.000Z,34,8-K,001-11421,06897807,"7.01,9.01",8-K,17012,0,0,,form8k060906csconference.htm,
0000315066-06-003937,2006-06-12,,2006-06-12T17:17:08.000Z,34,SC 13G/A,005-40997,06899159,,SC 13G/A,9709,0,0,,filing.txt,DOC ONE
0000029534-06-000055,2006-06-21,2005-12-31,2006-06-21T19:43:45.000Z,34,11-K,001-11421,06917402,,11-K,71257,0,0,,form11k.htm,
0000029534-06-000056,2006-06-22,2006-06-22,2006-06-22T15:53:31.000Z,34,8-K,001-11421,06918871,"7.01,9.01",8-K,17059,0,0,,form8k062206wbconference.htm,
0000029534-06-000057,2006-07-03,2006-06-28,2006-07-03T19:16:04.000Z,34,8-K,001-11421,06940683,"1.01,2.03,9.01",8-K,807976,0,0,,form8k062806amendedcreditfac.htm,
0000029534-06-000058,2006-07-06,2006-07-06,2006-07-06T14:22:36.000Z,34,8-K,001-11421,06946649,"7.01,9.01",8-K,18484,0,0,,form8k070606junesales.htm,
0000029534-06-000059,2006-07-07,2006-07-07,2006-07-07T14:56:18.000Z,34,8-K,001-11421,06949925,"7.01,9.01",8-K,20094,0,0,,form8k070706merchandisingrel.htm,
0000029534-06-000060,2006-07-25,2006-07-24,2006-07-25T20:28:51.000Z,34,8-K,001-11421,06979360,"5.02,7.01,9.01",8-K,19470,0,0,,form8k072406thornburgh.htm,
0000029534-06-000061,2006-07-26,2006-07-24,2006-07-26T19:27:36.000Z,,3,,,,3,9665,0,0,,xslF345X02/primary_doc.xml,PRIMARY DOCUMENT
0000029534-06-000062,2006-07-26,2006-07-24,2006-07-26T19:54:31.000Z,,4,,,,4,6299,0,0,,xslF345X02/primary_doc.xml,PRIMARY DOCUMENT
0000029534-06-000063,2006-07-26,2006-07-24,2006-07-26T20:13:07.000Z,,4,,,,4,6145,0,0,,xslF345X02/primary_doc.xml,PRIMARY DOCUMENT
0000029534-06-000064,2006-08-03,2006-08-03,2006-08-03T14:00:58.000Z,34,8-K,001-11421,061000336,"7.01,9.01",8-K,20356,0,0,,form8k080306julysales.htm,
0000029534-06-000065,2006-08-07,2006-08-04,2006-08-04T22:22:28.000Z,34,8-K,001-11421,061006984,"7.01,9.01",8-K,17129,0,0,,form8k080406brownrelease.htm,
0000029534-06-000066,2006-08-10,2006-08-09,2006-08-10T20:58:25.000Z,,4,,,,4,6758,0,0,,xslF345X02/primary_doc.xml,PRIMARY DOCUMENT
0000029534-06-000067,2006-08-18,2006-08-18,2006-08-18T21:21:04.000Z,34,8-K,001-11421,061044341,"2.02,7.01,9.01",8-K,21321,0,0,,form8k081806secondquartergui.htm,
0000029534-06-000068,2006-08-24,2006-08-22,2006-08-24T20:47:24.000Z,,4,,,,4,10809,0,0,,xslF345X02/primary_doc.xml,PRIMARY DOCUMENT
0000029534-06-000069,2006-08-28,2006-08-24,2006-08-28T15:42:03.000Z,,4,,,,4,10675,0,0,,xslF345X02/primary_doc.xml,PRIMARY DOCUMENT
0000029534-06-000070,2006-08-28,2006-08-24,2006-08-28T16:05:34.000Z,,4,,,,4,10803,0,0,,xslF345X02/primary_doc.xml,PRIMARY DOCUMENT
0000029534-06-000071,2006-08-28,2006-08-24,2006-08-28T16:26:14.000Z,,4,,,,4,10808,0,0,,xslF345X02/primary_doc.xml,PRIMARY DOCUMENT
0000029534-06-000072,2006-08-29,2006-08-29,2006-08-29T21:22:02.000Z,34,8-K,001-11421,061063360,"7.01,9.01",8-K,16842,0,0,,form8k082906dividend.htm,
0001157523-06-008859,2006-08-31,2006-08-31,2006-08-31T12:35:16.000Z,34,8-K,001-11421,061066708,"2.02,7.01,9.01",8-K,44275,0,0,,a5218844.txt,DOLLAR GENERAL CORP. 8-K
0000029534-06-000073,2006-08-31,2006-08-04,2006-08-31T13:36:37.000Z,34,10-Q,001-11421,061066878,,10-Q,639898,0,0,,f200610q2ndqtrfinal.htm,
0000029534-06-000074,2006-09-01,,2006-08-31T22:05:38.000Z,34,8-A12B/A,001-11421,061069513,,8-A12B/A,51099,0,0,,form8aamendmentno1.htm,
0000029534-06-000075,2006-09-01,2006-08-30,2006-08-31T22:07:36.000Z,34,8-K,001-11421,061069516,"1.01,3.03,9.01",8-K,18408,0,0,,form8k083006rightsplanamendm.htm,
0000029534-06-000076,2006-09-05,2006-09-01,2006-09-05T19:21:00.000Z,,4,,,,4,5873,0,0,,xslF345X02/primary_doc.xml,PRIMARY DOCUMENT
0000029534-06-000077,2006-09-06,2006-09-01,2006-09-06T20:13:02.000Z,,4,,,,4,10848,0,0,,xslF345X02/primary_doc.xml,PRIMARY DOCUMENT
0000029534-06-000078,2006-09-14,2006-09-13,2006-09-14T20:46:35.000Z,,4,,,,4,5870,0,0,,xslF345X02/primary_doc.xml,PRIMARY DOCUMENT
0000029534-06-000079,2006-09-19,2006-09-18,2006-09-19T21:17:30.000Z,34,8-K,001-11421,061098662,"1.01,7.01,9.01",8-K,171295,0,0,,form8k091806perdueemployment.htm,
0000029534-06-000080,2006-09-19,2006-09-18,2006-09-19T22:01:42.000Z,,4,,,,4,6483,0,0,,xslF345X02/primary_doc.xml,PRIMARY DOCUMENT
0000029534-06-000081,2006-09-21,2006-09-21,2006-09-21T13:27:19.000Z,34,8-K,001-11421,061101271,"7.01,9.01",8-K,22281,0,0,,form8k092106visarelease.htm,
0000029534-06-000082,2006-10-05,2006-10-05,2006-10-05T13:54:23.000Z,34,8-K,001-11421,061129948,"7.01,9.01",8-K,19340,0,0,,form8k100506septembersales.htm,
0000029534-06-000083,2006-10-24,2006-10-23,2006-10-24T21:26:30.000Z,,4,,,,4,6149,0,0,,xslF345X02/primary_doc.xml,PRIMARY DOCUMENT
0000029534-06-000084,2006-11-02,2006-11-02,2006-11-02T14:53:20.000Z,34,8-K,001-11421,061180996,"7.01,9.01",8-K,18305,0,0,,form8k110206octobersales.htm,
0000029534-06-000085,2006-11-09,2006-11-08,2006-11-09T21:43:44.000Z,,4,,,,4,5872,0,0,,xslF345X02/primary_doc.xml,PRIMARY DOCUMENT
0000029534-06-000086,2006-11-21,2006-11-17,2006-11-21T22:31:47.000Z,,4,,,,4,10727,0,0,,xslF345X02/primary_doc.xml,PRIMARY DOCUMENT
0001157523-06-011757,2006-11-29,2006-11-28,2006-11-29T13:19:57.000Z,34,8-K,001-11421,061243599,"2.02,2.05,2.06,7.01,9.01",8-K,39890,0,0,,a5283491.txt,DOLLAR GENERAL CORPORATION 8K
0000029534-06-000087,2006-11-29,2006-11-29,2006-11-29T22:02:10.000Z,34,8-K,001-11421,061246004,"7.01,9.01",8-K,18818,0,0,,form8k112906novembersales.htm,
0000029534-06-000088,2006-11-30,,2006-11-30T20:51:56.000Z,33,S-8 POS,033-51742,061248290,,S-8 POS,23970,0,0,,forms8dereg1989planfinal.htm,
0000029534-06-000089,2006-12-01,2006-11-29,2006-12-01T20:52:46.000Z,,4,,,,4,5873,0,0,,xslF345X02/primary_doc.xml,PRIMARY DOCUMENT
0000029534-06-000090,2006-12-04,2006-11-28,2006-12-04T21:37:24.000Z,34,8-K,001-11421,061254650,5.02,8-K,16353,0,0,,form8k112806bereappointment.htm,
0001157523-06-012060,2006-12-12,2006-12-12,2006-12-12T14:03:45.000Z,34,8-K,001-11421,061270264,"2.02,7.01,9.01",8-K,29436,0,0,,a5292238.txt,DOLLAR GENERAL 8-K
0000029534-06-000091,2006-12-12,2006-11-03,2006-12-12T19:37:03.000Z,34,10-Q,001-11421,061271229,,10-Q,698366,0,0,,f200610q3rdqtrfinal.htm,
0000029534-06-000092,2006-12-20,2006-12-19,2006-12-20T17:36:17.000Z,,4,,,,4,5870,0,0,,xslF345X02/primary_doc.xml,PRIMARY DOCUMENT
0000029534-07-000001,2007-01-04,2007-01-04,2007-01-04T15:12:28.000Z,34,8-K,001-11421,07507304,"7.01,9.01",8-K,18754,0,0,,form8k010407decembersales.htm,
0000029534-07-000002,2007-01-10,2007-01-09,2007-01-10T21:39:14.000Z,,4,,,,4,5867,0,0,,xslF345X02/primary_doc.xml,PRIMARY DOCUMENT
0000029534-07-000003,2007-01-26,2007-01-24,2007-01-26T22:18:38.000Z,,4,,,,4,9252,0,0,,xslF345X02/primary_doc.xml,PRIMARY DOCUMENT
0001005794-07-000070,2007-02-05,2007-01-30,2007-02-05T22:16:19.000Z,34,8-K,001-11421,07581295,5.02,8-K,32753,0,0,,dollargeneral8-kfebruary507.htm,"DOLLAR GENERAL CORPORATION FORM 8-K FILED FEBRUARY 5, 2007"
0000029534-07-000004,2007-02-06,2007-02-05,2007-02-06T19:22:14.000Z,,4,,,,4,6150,0,0,,xslF345X02/primary_doc.xml,PRIMARY DOCUMENT
0000029534-07-000005,2007-02-08,2007-02-08,2007-02-08T15:03:29.000Z,34,8-K,001-11421,07590507,"2.02,7.01,9.01",8-K,19139,0,0,,form8k020707januarysales.htm,
0000902219-07-000718,2007-02-14,,2007-02-14T16:08:32.000Z,34,SC 13G/A,005-40997,07615081,,SC 13G/A,19808,0,0,,sec_filing.htm,SEC FILING
0000029534-07-000006,2007-02-14,2007-01-24,2007-02-14T20:18:54.000Z,,4/A,,,,4/A,4469,0,0,,xslF345X02/primary_doc.xml,PRIMARY DOCUMENT
0000315066-07-001709,2007-02-14,,2007-02-14T21:34:41.000Z,34,SC 13G/A,005-40997,07621321,,SC 13G/A,9341,0,0,,filing.txt,DOC ONE
0000029534-07-000007,2007-03-08,2007-03-08,2007-03-08T14:59:25.000Z,34,8-K,001-11421,07679587,"7.01,9.01",8-K,18626,0,0,,form8k030807februarysales.htm,
0000898822-07-000379,2007-03-12,,2007-03-12T12:14:00.000Z,34,DEFA14A,001-11421,07686261,,DEFA14A,350356,0,0,,mar118kshell.htm,
0000898822-07-000378,2007-03-12,2007-03-12,2007-03-12T12:15:52.000Z,34,8-K,001-11421,07686262,"1.01,8.01,9.01",8-K,350498,0,0,,mar118kshell.htm,
0000898822-07-000385,2007-03-12,,2007-03-12T21:10:30.000Z,34,DEFA14A,001-11421,07688434,,DEFA14A,26564,0,0,,mar1114a.htm,
0000898822-07-000391,2007-03-13,,2007-03-13T20:38:36.000Z,34,8-A12B/A,001-11421,07691014,,8-A12B/A,34985,0,0,,mar138a.htm,
0000898822-07-000392,2007-03-13,2007-03-13,2007-03-13T20:40:23.000Z,34,8-K,001-11421,07691032,"1.01,3.03,9.01",8-K,14569,0,0,,mar138k.htm,
0000029534-07-000008,2007-03-16,2007-03-15,2007-03-16T19:21:35.000Z,,4,,,,4,10979,0,0,,xslF345X02/primary_doc.xml,PRIMARY DOCUMENT
0000029534-07-000009,2007-03-16,2007-03-15,2007-03-16T19:38:05.000Z,,4,,,,4,10676,0,0,,xslF345X02/primary_doc.xml,PRIMARY DOCUMENT
0000029534-07-000010,2007-03-16,2007-03-15,2007-03-16T19:59:29.000Z,,4,,,,4,10809,0,0,,xslF345X02/primary_doc.xml,PRIMARY DOCUMENT
0000029534-07-000011,2007-03-16,2007-03-15,2007-03-16T20:54:41.000Z,,4,,,,4,7326,0,0,,xslF345X02/primary_doc.xml,PRIMARY DOCUMENT
0000029534-07-000012,2007-03-16,2007-03-15,2007-03-16T21:08:16.000Z,,4,,,,4,7216,0,0,,xslF345X02/primary_doc.xml,PRIMARY DOCUMENT
0001005794-07-000133,2007-03-20,2007-03-16,2007-03-20T20:30:27.000Z,,4,,,,4,11099,0,0,,xslF345X02/primary_doc.xml,PRIMARY DOCUMENT
0001005794-07-000134,2007-03-20,2007-03-16,2007-03-20T20:31:13.000Z,,4,,,,4,10628,0,0,,xslF345X02/primary_doc.xml,PRIMARY DOCUMENT
0001005794-07-000135,2007-03-20,2007-03-16,2007-03-20T21:03:25.000Z,,4,,,,4,15130,0,0,,xslF345X02/primary_doc.xml,PRIMARY DOCUMENT
0000029534-07-000013,2007-03-20,2007-03-20,2007-03-20T21:17:33.000Z,34,8-K,001-11421,07707207,"7.01,9.01",8-K,17335,0,0,,form8k032007dividend.htm,
0001005794-07-000136,2007-03-20,2007-03-16,2007-03-20T21:18:48.000Z,,4,,,,4,10780,0,0,,xslF345X02/primary_doc.xml,PRIMARY DOCUMENT
0001005794-07-000137,2007-03-20,2007-03-16,2007-03-20T21:20:10.000Z,,4,,,,4,15226,0,0,,xslF345X02/primary_doc.xml,PRIMARY DOCUMENT
0001005794-07-000138,2007-03-20,2007-03-16,2007-03-20T21:42:39.000Z,,4,,,,4,11013,0,0,,xslF345X02/primary_doc.xml,PRIMARY DOCUMENT
0001005794-07-000140,2007-03-20,2007-03-16,2007-03-20T22:06:19.000Z,,4,,,,4,10330,0,0,,xslF345X02/primary_doc.xml,PRIMARY DOCUMENT
0001005794-07-000141,2007-03-20,2007-03-16,2007-03-20T22:16:39.000Z,,4,,,,4,10484,0,0,,xslF345X02/primary_doc.xml,PRIMARY DOCUMENT
0001005794-07-000142,2007-03-21,2007-03-16,2007-03-21T23:05:00.000Z,,4/A,,,,4/A,6099,0,0,,xslF345X02/primary_doc.xml,PRIMARY DOCUMENT
0001005794-07-000143,2007-03-21,2007-03-16,2007-03-21T23:24:51.000Z,,4/A,,,,4/A,5349,0,0,,xslF345X02/primary_doc.xml,PRIMARY DOCUMENT
0000029534-07-000014,2007-03-23,2007-03-19,2007-03-23T15:10:06.000Z,34,8-K,001-11421,07714066,5.02,8-K,15202,0,0,,form8k031907neosalaries.htm,
0001157523-07-002966,2007-03-26,2007-03-26,2007-03-26T13:05:14.000Z,34,8-K,001-11421,07716731,"2.02,7.01,9.01",8-K,31795,0,0,,a5363153.txt,DOLLAR GENERAL CORP. 8-K
0000029534-07-000015,2007-03-27,2007-03-23,2007-03-27T19:47:24.000Z,,4,,,,4,8356,0,0,,xslF345X02/primary_doc.xml,PRIMARY DOCUMENT
0000029534-07-000016,2007-03-27,2007-03-23,2007-03-27T19:59:54.000Z,,4,,,,4,8448,0,0,,xslF345X02/primary_doc.xml,PRIMARY DOCUMENT
0000029534-07-000017,2007-03-27,2007-03-23,2007-03-27T20:08:12.000Z,,4,,,,4,8278,0,0,,xslF345X02/primary_doc.xml,PRIMARY DOCUMENT
0000029534-07-000018,2007-03-27,2007-03-23,2007-03-27T20:16:07.000Z,,4,,,,4,8279,0,0,,xslF345X02/primary_doc.xml,PRIMARY DOCUMENT
0000029534-07-000019,2007-03-27,2007-03-23,2007-03-27T20:23:07.000Z,,4,,,,4,8360,0,0,,xslF345X02/primary_doc.xml,PRIMARY DOCUMENT
0000029534-07-000020,2007-03-27,2007-03-23,2007-03-27T20:30:21.000Z,,4,,,,4,8389,0,0,,xslF345X02/primary_doc.xml,PRIMARY DOCUMENT
0000029534-07-000021,2007-03-27,2007-03-23,2007-03-27T20:39:16.000Z,,4,,,,4,8418,0,0,,xslF345X02/primary_doc.xml,PRIMARY DOCUMENT
0000029534-07-000022,2007-03-27,2007-03-23,2007-03-27T20:46:02.000Z,,4,,,,4,5872,0,0,,xslF345X02/primary_doc.xml,PRIMARY DOCUMENT
0000029534-07-000023,2007-03-29,2007-02-02,2007-03-29T20:50:38.000Z,34,10-K,001-11421,07728163,,10-K,2158856,0,0,,f200610kfinal.htm,
0000029534-07-000024,2007-04-03,2007-04-02,2007-04-03T19:20:27.000Z,,4,,,,4,6718,0,0,,xslF345X02/primary_doc.xml,PRIMARY DOCUMENT
0001047469-07-002624,2007-04-06,,2007-04-06T10:09:46.000Z,34,PREM14A,001-11421,07753516,,PREM14A,791076,0,0,,a2177097zprem14a.htm,PROXY
0000029534-07-000025,2007-04-12,2007-04-12,2007-04-12T14:07:05.000Z,34,8-K,001-11421,07762652,"7.01,9.01",8-K,20599,0,0,,form8k041207marchsales.htm,
0000029534-07-000026,2007-04-13,2007-04-12,2007-04-13T16:34:18.000Z,,4,,,,4,5885,0,0,,xslF345X02/primary_doc.xml,PRIMARY DOCUMENT
0001005794-07-000179,2007-04-16,2007-04-12,2007-04-16T16:20:43.000Z,34,8-K/A,001-11421,07767596,"2.02,7.01,9.01",8-K/A,143446,0,0,,dgform8k-a4132007.htm,"DOLLAR GENERAL CORPORATION FORM 8-K/A FILED APRIL 13, 2007"
0000029534-07-000027,2007-04-20,2007-03-16,2007-04-20T20:36:30.000Z,,4/A,,,,4/A,4577,0,0,,xslF345X02/primary_doc.xml,PRIMARY DOCUMENT
0000029534-07-000028,2007-05-01,2007-04-25,2007-05-01T19:16:12.000Z,34,8-K,001-11421,07805607,5.02,8-K,17868,0,0,,form8k042507bonustargets.htm,
0000000000-07-021945,2007-05-02,,2007-05-02T19:21:19.000Z,,UPLOAD,,,,LETTER,47654,0,0,,filename1.pdf,
0000029534-07-000029,2007-05-07,2007-05-04,2007-05-07T19:29:23.000Z,,4,,,,4,6161,0,0,,xslF345X02/primary_doc.xml,PRIMARY DOCUMENT
0001047469-07-003852,2007-05-08,,2007-05-09T00:43:37.000Z,,CORRESP,,,,CORRESP,17933,0,0,,filename1.htm,
0001047469-07-003851,2007-05-09,,2007-05-09T00:39:27.000Z,34,PRER14A,001-11421,07829898,,PRER14A,791819,0,0,,a2177762zprer14a.htm,PROXY
0000029534-07-000030,2007-05-10,2007-05-10,2007-05-10T14:15:10.000Z,34,8-K,001-11421,07835289,"2.02,7.01,9.01",8-K,17758,0,0,,form8k051007aprilsales.htm,
0000898822-07-000702,2007-05-16,,2007-05-16T21:19:33.000Z,34,DEFA14A,001-11421,07858740,,DEFA14A,16766,0,0,,kbody.htm,
0000898822-07-000701,2007-05-16,2007-05-16,2007-05-16T21:21:23.000Z,34,8-K,001-11421,07858788,8.01,8-K,16793,0,0,,kbody.htm,
0001047469-07-004478,2007-05-21,,2007-05-21T10:11:55.000Z,34,DEFM14A,001-11421,07866368,,DEFM14A,803868,0,0,,a2178068zdefm14a.htm,PROXY
0001005794-07-000278,2007-06-05,,2007-06-04T23:39:49.000Z,34,DEFA14A,001-11421,07899115,,DEFA14A,62609,0,0,,dollargeneraltenderannounce.htm,"DOLLAR GENERAL CORPORATION FORM 8-K FILED JUNE 5, 2007"
0001005794-07-000277,2007-06-05,2007-06-04,2007-06-04T23:41:43.000Z,34,8-K,001-11421,07899117,"8.01,9.01",8-K,62689,0,0,,dollargeneraltenderannounce.htm,"DOLLAR GENERAL CORPORATION FORM 8-K FILED JUNE 5, 2007"
0001005794-07-000283,2007-06-06,2007-06-05,2007-06-06T15:34:34.000Z,,4,,,,4,6823,0,0,,xslF345X02/primary_doc.xml,PRIMARY DOCUMENT
0001005794-07-000284,2007-06-06,2007-06-05,2007-06-06T16:06:14.000Z,,4,,,,4,6938,0,0,,xslF345X02/primary_doc.xml,PRIMARY DOCUMENT
0001005794-07-000285,2007-06-06,2007-06-05,2007-06-06T17:33:52.000Z,,4,,,,4,7007,0,0,,xslF345X02/primary_doc.xml,PRIMARY DOCUMENT
0001005794-07-000286,2007-06-06,2007-06-05,2007-06-06T19:07:38.000Z,,4,,,,4,6866,0,0,,xslF345X02/primary_doc.xml,PRIMARY DOCUMENT
0001005794-07-000287,2007-06-06,2007-06-05,2007-06-06T19:22:40.000Z,,4,,,,4,6891,0,0,,xslF345X02/primary_doc.xml,PRIMARY DOCUMENT
0001005794-07-000288,2007-06-06,2007-06-05,2007-06-06T20:00:20.000Z,,4,,,,4,7053,0,0,,xslF345X02/primary_doc.xml,PRIMARY DOCUMENT
0001005794-07-000289,2007-06-06,2007-06-05,2007-06-06T20:19:40.000Z,,4,,,,4,6691,0,0,,xslF345X02/primary_doc.xml,PRIMARY DOCUMENT
0001005794-07-000290,2007-06-06,2007-06-05,2007-06-06T20:41:32.000Z,,4,,,,4,6759,0,0,,xslF345X02/primary_doc.xml,PRIMARY DOCUMENT
0001005794-07-000291,2007-06-06,2007-06-05,2007-06-06T21:02:48.000Z,,4,,,,4,6696,0,0,,xslF345X02/primary_doc.xml,PRIMARY DOCUMENT
0001157523-07-005944,2007-06-07,2007-06-07,2007-06-07T13:43:10.000Z,34,8-K,001-11421,07905523,"2.02,7.01,9.01",8-K,36535,0,0,,a5421004.txt,DOLLAR GENERAL CORPORATION 8-K
0001005794-07-000295,2007-06-07,2007-05-04,2007-06-07T16:34:35.000Z,34,10-Q,001-11421,07906097,,10-Q,1200316,0,0,,dollargeneral10qjune2007.htm,DOLLAR GENERAL CORPORATION FORM 10-Q
0001133796-07-000172,2007-06-07,,2007-06-07T16:53:40.000Z,34,DEFA14A,001-11421,07906149,,DEFA14A,38220,0,0,,dg71113.htm,FORM DEFA14A
0001005794-07-000300,2007-06-11,2007-06-08,2007-06-11T19:19:12.000Z,,4,,,,4,5888,0,0,,xslF345X02/primary_doc.xml,PRIMARY DOCUMENT
0001005794-07-000304,2007-06-11,,2007-06-11T20:58:18.000Z,34,DEFA14A,001-11421,07913003,,DEFA14A,51555,0,0,,dollargeneral8kjune11.htm,"DOLLAR GENERAL CORPORATION FORM 8-K FILED JUNE 11, 2007"
0001005794-07-000303,2007-06-11,2007-06-11,2007-06-11T21:00:13.000Z,34,8-K,001-11421,07913015,"8.01,9.01",8-K,51635,0,0,,dollargeneral8kjune11.htm,"DOLLAR GENERAL CORPORATION FORM 8-K FILED JUNE 11, 2007"
0001005794-07-000323,2007-06-18,,2007-06-18T12:47:29.000Z,34,DEFA14A,001-11421,07924615,,DEFA14A,557047,0,0,,dg8kjune182007.htm,"DOLLAR GENERAL CORPORATION FORM 8-K FILED JUNE 18, 2007"
0001005794-07-000322,2007-06-18,2007-06-15,2007-06-18T12:49:23.000Z,34,8-K,001-11421,07924626,"7.01,8.01,9.01",8-K,557171,0,0,,dg8kjune182007.htm,"DOLLAR GENERAL CORPORATION FORM 8-K FILED JUNE 18, 2007"
0001313250-07-000057,2007-06-18,,2007-06-18T21:05:03.000Z,34,SC 13D,005-40997,07926405,,SC 13D,705008,0,0,,dollargeneral13d.htm,
0001005794-07-000333,2007-06-20,2006-12-31,2007-06-20T14:47:59.000Z,34,11-K,001-11421,07930392,,11-K,251861,0,0,,dollargeneral11k.htm,"DOLLAR GENERAL CORPORATION FORM 11-K FOR THE FISCAL YEAR ENDED DECEMBER 31, 2006"
0001005794-07-000337,2007-06-21,2007-06-18,2007-06-21T21:23:43.000Z,34,8-K,001-11421,07934640,"7.01,9.01",8-K,79324,0,0,,dollargeneral8kjune212007.htm,"DOLLAR GENERAL CORPORATION FORM 8-K FILED JUNE 21, 2007"
0001005794-07-000343,2007-06-26,2007-06-26,2007-06-26T20:36:46.000Z,34,8-K,001-11421,07941479,"7.01,9.01",8-K,51276,0,0,,dollargeneraljune268-k.htm,"DOLLAR GENERAL CORPORATION FORM 8-K FILED JUNE 26, 2007"
0001005794-07-000350,2007-06-27,2007-06-26,2007-06-27T22:11:26.000Z,,4,,,,4,5886,0,0,,xslF345X02/primary_doc.xml,PRIMARY DOCUMENT
0001005794-07-000367,2007-07-06,2007-07-02,2007-07-06T17:15:13.000Z,34,8-K,001-11421,07966994,"2.01,3.01,3.03,5.01,7.01,9.01",8-K,82683,0,0,,dgform8kjuly62007.htm,"DOLLAR GENERAL CORPORATION FORM 8-K FILED JULY 6, 2007"
0000898822-07-000912,2007-07-06,,2007-07-06T17:23:13.000Z,34,15-12G,000-04769,07967009,,15-12G,10821,0,0,,dollar15.htm,
0001005794-07-000368,2007-07-10,2007-07-06,2007-07-10T17:40:15.000Z,,4,,,,4,10015,0,0,,xslF345X02/primary_doc.xml,PRIMARY DOCUMENT
0001005794-07-000369,2007-07-10,2007-07-06,2007-07-10T17:53:58.000Z,,4,,,,4,6218,0,0,,xslF345X02/primary_doc.xml,PRIMARY DOCUMENT
0001005794-07-000370,2007-07-10,2007-07-06,2007-07-10T18:31:09.000Z,,4,,,,4,15672,0,0,,xslF345X02/primary_doc.xml,PRIMARY DOCUMENT
0001005794-07-000371,2007-07-10,2007-07-06,2007-07-10T19:24:27.000Z,,4,,,,4,23124,0,0,,xslF345X02/primary_doc.xml,PRIMARY DOCUMENT
0001005794-07-000372,2007-07-10,2007-07-06,2007-07-10T19:50:05.000Z,,4,,,,4,15480,0,0,,xslF345X02/primary_doc.xml,PRIMARY DOCUMENT
0001005794-07-000373,2007-07-10,2007-07-06,2007-07-10T20:23:50.000Z,,4,,,,4,16409,0,0,,xslF345X02/primary_doc.xml,PRIMARY DOCUMENT
0001005794-07-000374,2007-07-10,2007-07-06,2007-07-10T20:42:26.000Z,,4,,,,4,22998,0,0,,xslF345X02/primary_doc.xml,PRIMARY DOCUMENT
0001005794-07-000375,2007-07-10,2007-07-06,2007-07-10T20:49:59.000Z,,4,,,,4,14889,0,0,,xslF345X02/primary_doc.xml,PRIMARY DOCUMENT
0001005794-07-000376,2007-07-10,2007-07-06,2007-07-10T21:18:34.000Z,,4,,,,4,12841,0,0,,xslF345X02/primary_doc.xml,PRIMARY DOCUMENT
0001005794-07-000377,2007-07-10,2007-07-06,2007-07-10T21:23:54.000Z,,4,,,,4,19339,0,0,,xslF345X02/primary_doc.xml,PRIMARY DOCUMENT
0001005794-07-000378,2007-07-10,2007-07-06,2007-07-10T22:02:54.000Z,,4,,,,4,18613,0,0,,xslF345X02/primary_doc.xml,PRIMARY DOCUMENT
0001005794-07-000379,2007-07-10,2007-07-06,2007-07-10T22:09:08.000Z,,4,,,,4,24590,0,0,,xslF345X02/primary_doc.xml,PRIMARY DOCUMENT
0001005794-07-000380,2007-07-10,2007-07-06,2007-07-10T22:52:23.000Z,,4,,,,4,23119,0,0,,xslF345X02/primary_doc.xml,PRIMARY DOCUMENT
0001005794-07-000381,2007-07-10,2007-07-06,2007-07-10T23:01:20.000Z,,4,,,,4,15818,0,0,,xslF345X02/primary_doc.xml,PRIMARY DOCUMENT
0001005794-07-000382,2007-07-10,2007-07-06,2007-07-10T23:39:15.000Z,,4,,,,4,15010,0,0,,xslF345X02/primary_doc.xml,PRIMARY DOCUMENT
0001005794-07-000383,2007-07-10,2007-07-06,2007-07-10T23:45:24.000Z,,4,,,,4,19384,0,0,,xslF345X02/primary_doc.xml,PRIMARY DOCUMENT
0001005794-07-000384,2007-07-10,2007-07-06,2007-07-10T23:52:00.000Z,,4,,,,4,24277,0,0,,xslF345X02/primary_doc.xml,PRIMARY DOCUMENT
0001005794-07-000385,2007-07-10,2007-07-06,2007-07-11T00:51:05.000Z,,4,,,,4,14967,0,0,,xslF345X02/primary_doc.xml,PRIMARY DOCUMENT
0000876661-07-000604,2007-07-12,,2007-07-12T15:42:24.000Z,34,25-NSE,001-11421,07975711,,25-NSE,4503,0,0,,xslF25X02/primary_doc.xml,
0001005794-07-000390,2007-07-12,2007-07-06,2007-07-12T21:51:43.000Z,34,8-K,001-11421,07977220,"1.01,1.02,2.03,3.03,5.02,5.03,8.01,9.01",8-K,8361340,0,0,,dollargeneralclosing8-k.htm,"DOLLAR GENERAL CORPORATION FORM 8-K FILED JULY 12, 2007"
0001005794-07-000392,2007-07-12,2007-07-06,2007-07-12T21:51:53.000Z,34,8-K,001-11421,07977225,"1.01,1.02,2.03,3.03,5.02,5.03,8.01,9.01",8-K,8361368,0,0,,dollargeneralclosing8-k.htm,"DOLLAR GENERAL CORPORATION FORM 8-K FILED JULY 12, 2007"
0000029534-07-000031,2007-12-04,,2007-12-07T14:03:05.000Z,33,S-8 POS,333-102653,071291044,,S-8 POS,32522,0,0,,forms8deregistration.htm,
0000029534-07-000039,2007-12-04,,2007-12-07T14:06:31.000Z,33,S-8 POS,033-51589,071291047,,S-8 POS,32521,0,0,,forms8deregistration.htm,
0000029534-07-000038,2007-12-04,,2007-12-07T14:06:39.000Z,33,S-8 POS,333-113645,071291048,,S-8 POS,32522,0,0,,forms8deregistration.htm,
0000029534-07-000037,2007-12-04,,2007-12-07T14:06:47.000Z,33,S-8 POS,333-00141,071291049,,S-8 POS,32521,0,0,,forms8deregistration.htm,
0000029534-07-000036,2007-12-04,,2007-12-07T14:06:55.000Z,33,S-8 POS,333-120126,071291050,,S-8 POS,32522,0,0,,forms8deregistration.htm,
0000029534-07-000035,2007-12-04,,2007-12-07T14:07:05.000Z,33,S-8 POS,333-09448,071291051,,S-8 POS,32521,0,0,,forms8deregistration.htm,
0000029534-07-000034,2007-12-04,,2007-12-07T14:07:13.000Z,33,S-8 POS,333-105900,071291052,,S-8 POS,32522,0,0,,forms8deregistration.htm,
0000029534-07-000033,2007-12-04,,2007-12-07T14:07:23.000Z,33,S-8 POS,333-93309,071291054,,S-8 POS,32521,0,0,,forms8deregistration.htm,
0000029534-07-000032,2007-12-04,,2007-12-07T14:07:30.000Z,33,S-8 POS,333-65789,071291055,,S-8 POS,32521,0,0,,forms8deregistration.htm,
0001047469-07-010270,2007-12-21,,2007-12-26T14:07:44.000Z,33,S-4,333-148320,071325046,,S-4,7947936,0,0,,a2180214zs-4.htm,S-4
0001047469-08-000524,2008-01-25,,2008-01-25T13:09:48.000Z,33,S-4/A,333-148320,08549268,,S-4/A,4403674,0,0,,a2181974zs-4a.htm,S-4/A
0001047469-08-000791,2008-02-01,,2008-02-01T22:11:41.000Z,33,424B3,333-148320,08569493,,424B3,3043204,0,0,,a2182378z424b3.htm,424B3
9999999995-08-000393,2008-02-01,,2008-02-04T05:15:30.000Z,33,EFFECT,333-148320,08570265,"S-4,,2008-02-01 14:00:00",EFFECT,14590,0,0,,xslEFFECTX01/primary_doc.xml,
0000949308-08-000110,2008-02-12,,2008-02-12T17:17:39.000Z,34,SC 13G/A,005-40997,08596671,,SC 13G/A,12529,0,0,,edgdg.txt,SC 13G/A
0001005794-08-000092,2008-03-24,2008-03-18,2008-03-24T22:25:49.000Z,34,8-K,001-11421,08707937,5.02,8-K,35839,0,0,,dollargeneral8k03182008.htm,"DOLLAR GENERAL CORPORATION 8-K MARCH 18, 2008"
0001157523-08-002549,2008-03-28,2008-03-27,2008-03-28T12:00:56.000Z,34,8-K,001-11421,08716774,"2.02,7.01,9.01",8-K,291875,0,0,,a5643631.htm,DOLLAR GENERAL CORP. 8-K
0001005794-08-000099,2008-03-28,2008-02-01,2008-03-28T15:01:35.000Z,34,10-K,001-11421,08717340,,10-K,5130678,0,0,,dollargeneral10k2008.htm,DOLLAR GENERAL 10-K FISCAL 2007
0001047469-08-004150,2008-04-04,,2008-04-04T20:25:00.000Z,33,S-1,333-150096,08740769,,S-1,1495184,0,0,,a2183929zs-1.htm,S-1
0000029534-08-000002,2008-04-10,2008-04-09,2008-04-10T16:42:03.000Z,34,8-K,001-11421,08749416,"5.02,8.01",8-K,44975,0,0,,form8k040908bereltragrbuleyg.htm,FORM 8-K
0001047469-08-004649,2008-04-15,,2008-04-14T22:56:42.000Z,33,S-1/A,333-150096,08755606,,S-1/A,1387462,0,0,,a2184774zs-1a.htm,S-1/A
9999999995-08-001096,2008-04-16,,2008-04-17T04:15:17.000Z,33,EFFECT,333-150096,08760950,"S-1,,2008-04-16 16:00:00",EFFECT,14590,0,0,,xslEFFECTX01/primary_doc.xml,
0001047469-08-004775,2008-04-17,,2008-04-16T23:04:42.000Z,33,424B3,333-150096,08760738,,424B3,1099793,0,0,,a2184797z424b3.htm,424B3
0000029534-08-000005,2008-04-22,2008-04-16,2008-04-22T20:46:50.000Z,34,8-K,001-11421,08769630,"5.02,9.01",8-K,35396,0,0,,form8k041608loweretirement08.htm,
0000029534-08-000006,2008-04-22,,2008-04-22T20:47:55.000Z,33,424B3,333-150096,08769642,,424B3,45862,0,0,,prospectussuppno1.htm,
0000029534-08-000007,2008-05-15,2008-05-09,2008-05-15T18:00:18.000Z,34,8-K,001-11421,08836089,"5.02,9.01",8-K,57107,0,0,,form8kdatecicseverancechange.htm,
0000029534-08-000008,2008-05-15,,2008-05-15T18:40:48.000Z,33,424B3,333-150096,08836483,,424B3,31374,0,0,,prospectussuppno2.htm,
0000029534-08-000009,2008-05-20,,2008-05-20T20:40:06.000Z,33,S-8,333-151047,08849130,,S-8,58589,0,0,,forms82007plan.htm,FORM S-8
0000029534-08-000010,2008-05-20,,2008-05-20T20:48:32.000Z,33,S-8,333-151049,08849225,,S-8,64547,0,0,,forms8v2.htm,FORM S-8
0000029534-08-000011,2008-06-02,2008-05-29,2008-06-02T16:24:58.000Z,34,8-K,001-11421,08873066,"5.02,9.01",8-K,22943,0,0,,form8k0529082007planamendmen.htm,FORM 8-K
0000029534-08-000012,2008-06-02,,2008-06-02T18:39:57.000Z,33,424B3,333-150096,08873459,,424B3,34354,0,0,,prospectussuppno3.htm,PROSPECTUS SUPPLEMENT NO. 3
0000029534-08-000014,2008-06-13,,2008-06-13T20:42:16.000Z,33,S-8,333-151655,08898625,,S-8,36139,0,0,,forms8additionalshares.htm,FORM S-8
0000029534-08-000015,2008-06-13,,2008-06-13T21:24:44.000Z,33,S-8,333-151661,08898994,,S-8,56007,0,0,,forms8re1998plan.htm,
0000029534-08-000017,2008-06-16,2008-05-02,2008-06-16T20:00:46.000Z,34,10-Q,001-11421,08900601,,10-Q,626503,0,0,,f200810q1stqtrv6changesaccep.htm,FORM 10-Q
0001157523-08-005047,2008-06-17,2008-06-16,2008-06-16T22:21:15.000Z,34,8-K,001-11421,08901520,"2.02,7.01,9.01",8-K,231423,0,0,,a5709799.htm,DOLLAR GENERAL CORPORATION 8-K
0000029534-08-000018,2008-07-10,,2008-07-10T18:51:30.000Z,33,424B3,333-150096,08946975,,424B3,599067,0,0,,prospectussuppno4.htm,PROSPECTUS SUPPLEMENT NO. 4
0000029534-08-000020,2008-08-14,2008-08-14,2008-08-14T20:26:01.000Z,34,8-K,001-11421,081019465,5.02,8-K,12575,0,0,,form8k081408loweretirementda.htm,FORM 8-K
0000029534-08-000021,2008-08-14,,2008-08-14T20:41:18.000Z,33,424B3,333-150096,081019805,,424B3,23151,0,0,,prospectussuppno5.htm,PROSPECTUS SUPPLEMENT
0001157523-08-007243,2008-09-03,2008-09-03,2008-09-03T12:38:27.000Z,34,8-K,001-11421,081052700,"2.02,7.01,9.01",8-K,349951,0,0,,a5768583.htm,DOLLAR GENERAL CORPORATION 8-K
0000029534-08-000023,2008-09-03,2008-08-01,2008-09-03T13:29:21.000Z,34,10-Q,001-11421,081052769,,10-Q,826726,0,0,,f200810q2ndqtrfinaldoc.htm,FORM 10-Q
0000029534-08-000024,2008-09-03,,2008-09-03T14:51:46.000Z,33,424B3,333-150096,081052950,,424B3,806214,0,0,,prospectussuppno6.htm,PROSPECTUS SUPP NO. 6
0000029534-08-000025,2008-09-16,2008-09-16,2008-09-16T14:16:01.000Z,34,8-K,001-11421,081073215,7.01,8-K,12225,0,0,,form8k091608lehmanablinvolve.htm,FORM 8-K
0000029534-08-000026,2008-11-12,2008-11-11,2008-11-12T14:23:06.000Z,34,8-K,001-11421,081178462,"7.01,9.01",8-K,19013,0,0,,form8k111108cmorelease.htm,FORM 8-K
0000029534-08-000028,2008-12-03,2008-10-31,2008-12-03T14:48:30.000Z,34,10-Q,001-11421,081226394,,10-Q,851630,0,0,,f20083rdqtr_10q.htm,FORM 10-Q
0001157523-08-009660,2008-12-03,2008-12-03,2008-12-03T14:50:43.000Z,34,8-K,001-11421,081226403,"2.02,7.01,9.01",8-K,368089,0,0,,a5844268.htm,DOLLAR GENERAL CORPORATION 8-K
0000029534-08-000029,2008-12-03,,2008-12-03T17:48:17.000Z,33,424B3,333-150096,081226911,,424B3,842136,0,0,,f20083rdqtr_ps7.htm,PROSPECTUS SUPPLEMENT NO. 7
0000029534-09-000001,2009-02-02,,2009-02-02T22:58:31.000Z,,CORRESP,,,,CORRESP,4757,0,0,,filename1.htm,
0000000000-09-006055,2009-02-05,,2009-02-05T14:37:14.000Z,,UPLOAD,,,,LETTER,132565,0,0,,filename1.pdf,
0000029534-09-000002,2009-02-10,2009-02-10,2009-02-10T15:09:52.000Z,34,8-K,001-11421,09583768,"2.02,7.01,9.01",8-K,49064,0,0,,form8k020909q4sales.htm,FORM 8-K
0000029534-09-000003,2009-02-11,2009-02-10,2009-02-10T22:38:27.000Z,34,8-K/A,001-11421,09586879,"2.02,7.01,9.01",8-K/A,49889,0,0,,form8ka021009q4sales.htm,FORM 8-K
0000029534-09-000004,2009-02-18,,2009-02-18T22:03:28.000Z,,CORRESP,,,,CORRESP,129061,0,0,,filename1.htm,
0000029534-09-000005,2009-02-25,2009-02-25,2009-02-25T15:34:00.000Z,34,8-K,001-11421,09632608,"8.01,9.01",8-K,42766,0,0,,form8k022509trusteeresignati.htm,FORM 8-K
0000029534-09-000006,2009-02-25,,2009-02-25T15:35:23.000Z,33,424B3,333-150096,09632611,,424B3,28625,0,0,,prospectussupplementno802250.htm,PROSPECTUS SUPPLEMENT NO. 8
0000029534-09-000009,2009-03-20,2009-03-16,2009-03-20T19:20:44.000Z,34,8-K,001-11421,09696091,"5.02,7.01,9.01",8-K,20821,0,0,,form8k031609nelsonresignatio.htm,FORM 8-K
0000029534-09-000011,2009-03-20,,2009-03-20T19:36:13.000Z,33,424B3,333-150096,09696168,,424B3,10759,0,0,,prospectussupplementno903200.htm,PROSPECTUS SUPPLEMENT NO. 9
0001157523-09-002280,2009-03-24,2009-03-24,2009-03-24T12:11:08.000Z,34,8-K,001-11421,09700137,"2.02,7.01,9.01",8-K,417639,0,0,,a5923620.htm,DOLLAR GENERAL CORPORATION 8-K
0000029534-09-000014,2009-03-24,2009-01-30,2009-03-24T12:44:54.000Z,34,10-K,001-11421,09700169,,10-K,2534017,0,0,,f200810kfinal.htm,FORM 10-K
0000029534-09-000015,2009-03-24,,2009-03-24T20:34:48.000Z,33,424B3,333-150096,09701708,,424B3,1974874,0,0,,prospectussuppno10.htm,PROSPECTUS NO. 10
0000029534-09-000016,2009-03-24,2009-03-24,2009-03-24T20:48:18.000Z,34,8-K,001-11421,09701819,"8.01,9.01",8-K,16431,0,0,,form8k032409.htm,FORM 8-K
0000029534-09-000025,2009-03-30,,2009-03-30T20:21:01.000Z,33,S-1,333-158281,09714393,,S-1,2025442,0,0,,forms1final.htm,FORM S-1
0000029534-09-000026,2009-04-03,2009-03-30,2009-04-03T19:59:15.000Z,34,8-K,001-11421,09732108,"5.02,9.01",8-K,391322,0,0,,form8k033009neoemploymentagr.htm,
0000029534-09-000027,2009-04-03,,2009-04-03T20:08:27.000Z,33,424B3,333-150096,09732201,,424B3,28450,0,0,,prospectussupplementno110403.htm,PROSPECTUS NO. 11
9999999995-09-000969,2009-04-16,,2009-04-17T04:15:18.000Z,33,EFFECT,333-158281,09754955,"S-1,,2009-04-16 16:00:00",EFFECT,16067,0,0,,xslEFFECTX01/primary_doc.xml,
0000029534-09-000030,2009-04-17,,2009-04-16T21:33:54.000Z,33,424B3,333-158281,09754504,,424B3,1000011,0,0,,finalprospectus.htm,
0000029534-09-000032,2009-04-21,2007-07-06,2009-04-21T20:40:14.000Z,34,8-K/A,001-11421,09761949,9.01,8-K/A,517779,0,0,,form8ka070607.htm,
0000029534-09-000033,2009-04-21,,2009-04-21T20:42:46.000Z,,CORRESP,,,,CORRESP,7844,0,0,,filename1.htm,
0000000000-09-022886,2009-04-30,,2009-04-30T14:24:02.000Z,,UPLOAD,,,,LETTER,21476,0,0,,filename1.pdf,
0000000000-09-022890,2009-04-30,,2009-04-30T14:29:17.000Z,,UPLOAD,,,,LETTER,19088,0,0,,filename1.pdf,
0000029534-09-000035,2009-05-22,2009-05-22,2009-05-22T19:08:43.000Z,34,8-K,001-11421,09848976,"7.01,9.01",8-K,19543,0,0,,form8k052209q1conferencecall.htm,FORM 8-K
0001157523-09-004258,2009-06-02,2009-06-02,2009-06-02T12:42:01.000Z,34,8-K,001-11421,09866800,"2.02,7.01,9.01",8-K,256857,0,0,,a5976520.htm,DOLLAR GENERAL CORPORATION 8-K
0000029534-09-000037,2009-06-02,2009-05-01,2009-06-02T13:54:38.000Z,34,10-Q,001-11421,09866964,,10-Q,563587,0,0,,f2009q1_10q.htm,FORM 10-Q
0000029534-09-000039,2009-06-02,,2009-06-02T16:27:07.000Z,33,424B3,333-158281,09867462,,424B3,556244,0,0,,f2009prospectussuppno1.htm,PROSPECTUS SUPPLEMENT NO. 1
0000029534-09-000040,2009-08-04,2009-07-31,2009-08-04T19:59:55.000Z,34,8-K,001-11421,09983608,"1.01,9.01",8-K,126715,0,0,,form8k073109adminresignation.htm,FORM 8-K
0000029534-09-000043,2009-08-04,,2009-08-04T20:21:18.000Z,33,424B3,333-158281,09983833,,424B3,31113,0,0,,prospectussupplementno208040.htm,
0001047469-09-007911,2009-08-20,,2009-08-20T21:13:31.000Z,33,S-1,333-161464,091027118,,S-1,3762997,0,0,,a2194244zs-1.htm,S-1
0001157523-09-006412,2009-09-10,2009-09-10,2009-09-10T12:31:32.000Z,34,8-K,001-11421,091061668,"2.02,7.01,9.01",8-K,265350,0,0,,a6045752.htm,DOLLAR GENERAL CORPORATION 8-K
0000029534-09-000048,2009-09-10,2009-07-31,2009-09-10T13:30:34.000Z,34,10-Q,001-11421,091061734,,10-Q,739883,0,0,,f200910q2ndqtrfinal.htm,
0000029534-09-000049,2009-09-10,,2009-09-10T14:38:13.000Z,33,424B3,333-158281,091061887,,424B3,721688,0,0,,prospectussuppno32009.htm,PROSPECTUS SUPPLEMENT NO. 3
0000000000-09-052517,2009-09-20,,2009-09-20T21:23:45.000Z,,UPLOAD,,,,LETTER,180401,0,0,,filename1.pdf,
0001047469-09-008533,2009-09-25,,2009-09-24T23:42:58.000Z,33,S-1/A,333-161464,091085995,,S-1/A,4079262,0,0,,a2194563zs-1a.htm,S-1/A
0000000000-09-057158,2009-10-09,,2009-10-09T13:13:43.000Z,,UPLOAD,,,,LETTER,70573,0,0,,filename1.pdf,
0001047469-09-008876,2009-10-13,,2009-10-13T10:07:03.000Z,33,S-1/A,333-161464,091115231,,S-1/A,3962202,0,0,,a2194563zs-1a.htm,S-1/A
0001104659-09-058584,2009-10-13,,2009-10-13T10:13:15.000Z,,CORRESP,,,,CORRESP,204228,0,0,,filename1.htm,
0000000000-09-060676,2009-10-28,,2009-10-28T12:25:06.000Z,,UPLOAD,,,,LETTER,74955,0,0,,filename1.pdf,
0001047469-09-009307,2009-10-29,,2009-10-29T20:05:42.000Z,,CORRESP,,,,CORRESP,68313,0,0,,filename1.htm,
0001047469-09-009380,2009-10-30,,2009-10-30T21:25:25.000Z,33,S-1/A,333-161464,091149062,,S-1/A,6112741,0,0,,a2194563zs-1a.htm,S-1/A
0001104659-09-063223,2009-11-06,,2009-11-06T16:29:02.000Z,34,8-A12B,001-11421,091163371,,8-A12B,31587,0,0,,a09-33057_18a12b.htm,8-A12B
0000000000-09-063276,2009-11-09,,2009-11-09T14:05:50.000Z,,UPLOAD,,,,LETTER,50419,0,0,,filename1.pdf,
0001047469-09-009804,2009-11-09,,2009-11-09T18:59:21.000Z,33,S-1/A,333-161464,091167640,,S-1/A,5145922,0,0,,a2194563zs-1a.htm,S-1/A
0001047469-09-009846,2009-11-09,,2009-11-09T23:50:52.000Z,,CORRESP,,,,CORRESP,22974,0,0,,filename1.htm,
0001104659-09-063978,2009-11-10,,2009-11-10T19:05:33.000Z,,CORRESP,,,,CORRESP,14420,0,0,,filename1.htm,
9999999997-09-026521,2009-11-10,,2009-11-12T14:25:32.000Z,34,CERTNYS,001-11421,09012674,,CERTNYS,1865,0,0,,9999999997-09-026521.paper,AUTO-GENERATED PAPER DOCUMENT
0000029534-09-000077,2009-11-12,2009-11-12,2009-11-12T21:25:06.000Z,,3,,,,3,9603,0,0,,xslF345X02/edgar.xml,PRIMARY DOCUMENT
0000029534-09-000078,2009-11-12,2009-11-12,2009-11-12T21:26:05.000Z,,3,,,,3,9629,0,0,,xslF345X02/edgar.xml,PRIMARY DOCUMENT
0000029534-09-000079,2009-11-12,2009-11-12,2009-11-12T21:27:28.000Z,,3,,,,3,14248,0,0,,xslF345X02/edgar.xml,PRIMARY DOCUMENT
0000029534-09-000080,2009-11-12,2009-11-12,2009-11-12T21:28:13.000Z,,3,,,,3,17572,0,0,,xslF345X02/edgar.xml,PRIMARY DOCUMENT
0000029534-09-000081,2009-11-12,2009-11-12,2009-11-12T21:28:58.000Z,,3,,,,3,18995,0,0,,xslF345X02/edgar.xml,PRIMARY DOCUMENT
0000029534-09-000082,2009-11-12,2009-11-12,2009-11-12T21:29:40.000Z,,3,,,,3,19035,0,0,,xslF345X02/edgar.xml,PRIMARY DOCUMENT
0000029534-09-000083,2009-11-12,2009-11-12,2009-11-12T21:30:32.000Z,,3,,,,3,12876,0,0,,xslF345X02/edgar.xml,PRIMARY DOCUMENT
0000029534-09-000084,2009-11-12,2009-11-12,2009-11-12T21:31:10.000Z,,3,,,,3,19489,0,0,,xslF345X02/edgar.xml,PRIMARY DOCUMENT
0000029534-09-000085,2009-11-12,2009-11-12,2009-11-12T21:31:49.000Z,,3,,,,3,17761,0,0,,xslF345X02/edgar.xml,PRIMARY DOCUMENT
0000029534-09-000086,2009-11-12,2009-11-12,2009-11-12T21:32:44.000Z,,3,,,,3,15883,0,0,,xslF345X02/edgar.xml,PRIMARY DOCUMENT
0000029534-09-000087,2009-11-12,2009-11-12,2009-11-12T21:33:29.000Z,,3,,,,3,15972,0,0,,xslF345X02/edgar.xml,PRIMARY DOCUMENT
0001104659-09-064678,2009-11-12,2009-11-12,2009-11-13T01:24:16.000Z,,3,,,,3,32623,0,0,,xslF345X02/a3.xml,3
0001104659-09-064679,2009-11-12,2009-11-12,2009-11-13T01:24:29.000Z,,3,,,,3,18572,0,0,,xslF345X02/a3.xml,3
0001104659-09-064680,2009-11-12,2009-11-12,2009-11-13T01:24:41.000Z,,3,,,,3,7126,0,0,,xslF345X02/a3.xml,3
0000769993-09-000993,2009-11-12,2009-11-12,2009-11-13T02:23:29.000Z,,3,,,,3,41756,0,0,,xslF345X02/dg320091112gsg_ex.xml,
0000769993-09-000994,2009-11-12,2009-11-12,2009-11-13T02:24:18.000Z,,3,,,,3,24182,0,0,,xslF345X02/dg320091112gsg2_ex.xml,
0000769993-09-000995,2009-11-12,2009-11-12,2009-11-13T02:25:54.000Z,,3,,,,3,15037,0,0,,xslF345X02/dg320091112amj_ex.xml,
9999999995-09-003157,2009-11-12,,2009-11-13T05:15:14.000Z,33,EFFECT,333-161464,091179030,"S-1,,2009-11-12 16:00:00",EFFECT,2254,0,0,,xslEFFECTX01/primary_doc.xml,
0001047469-09-010136,2009-11-13,,2009-11-13T21:22:37.000Z,33,424B4,333-161464,091181903,,424B4,4964649,0,0,,a2195522z424b4.htm,424B4
0001047469-09-010296,2009-11-18,2009-11-18,2009-11-18T19:38:30.000Z,34,8-K,001-11421,091193136,"1.01,1.02,5.02,5.03,9.01",8-K,401412,0,0,,a2195611z8-k.htm,8-K
0000029534-09-000092,2009-11-18,,2009-11-18T21:36:06.000Z,33,424B3,333-158281,091193710,,424B3,44415,0,0,,prospectussupplementno411180.htm,PROSPECTUS SUPPLEMENT NO. 4
0001104659-09-065757,2009-11-18,,2009-11-18T22:07:15.000Z,33,S-8,333-163200,091193966,,S-8,102785,0,0,,a09-33901_1s8.htm,S-8
0000769993-09-001028,2009-11-18,2009-11-13,2009-11-19T01:41:53.000Z,,4,,,,4,11932,0,0,,xslF345X03/dg420091113gsg_ex.xml,
0000769993-09-001030,2009-11-18,2009-11-13,2009-11-19T01:43:32.000Z,,4,,,,4,10162,0,0,,xslF345X03/dg420091113amj_ex.xml,
0000029534-09-000102,2009-11-19,2009-11-18,2009-11-19T20:04:41.000Z,,3,,,,3,9085,0,0,,xslF345X02/edgar.xml,PRIMARY DOCUMENT
0000029534-09-000103,2009-11-19,2009-11-18,2009-11-19T20:06:23.000Z,,3,,,,3,9073,0,0,,xslF345X02/edgar.xml,PRIMARY DOCUMENT
0000029534-09-000105,2009-11-19,2009-11-18,2009-11-19T21:50:56.000Z,,4,,,,4,4954,0,0,,xslF345X03/edgar.xml,PRIMARY DOCUMENT
0001104659-09-066251,2009-11-20,2009-11-18,2009-11-20T21:09:50.000Z,,4,,,,4,8315,0,0,,xslF345X03/a4.xml,4
0001104659-09-066252,2009-11-20,2009-11-18,2009-11-20T21:10:22.000Z,,4,,,,4,23173,0,0,,xslF345X03/a4.xml,4
0001104659-09-066253,2009-11-20,2009-11-18,2009-11-20T21:10:53.000Z,,4,,,,4,27973,0,0,,xslF345X03/a4.xml,4
0000029534-09-000106,2009-11-20,2009-11-18,2009-11-20T22:01:24.000Z,,4,,,,4,8020,0,0,,xslF345X03/edgar.xml,PRIMARY DOCUMENT
0000029534-09-000107,2009-11-20,2009-11-18,2009-11-20T22:02:42.000Z,,4,,,,4,9180,0,0,,xslF345X03/edgar.xml,PRIMARY DOCUMENT
0000029534-09-000108,2009-11-20,2009-11-18,2009-11-20T22:03:40.000Z,,4,,,,4,9708,0,0,,xslF345X03/edgar.xml,PRIMARY DOCUMENT
0000029534-09-000109,2009-11-20,2009-11-18,2009-11-20T22:04:23.000Z,,4,,,,4,9097,0,0,,xslF345X03/edgar.xml,PRIMARY DOCUMENT
0000769993-09-001040,2009-11-20,2009-11-18,2009-11-21T02:22:40.000Z,,4,,,,4,30871,0,0,,xslF345X03/dg420091118gsg_ex.xml,
0000769993-09-001041,2009-11-20,2009-11-18,2009-11-21T02:23:13.000Z,,4,,,,4,22908,0,0,,xslF345X03/dg420091118gsg2_ex.xml,
0000769993-09-001042,2009-11-20,2009-11-18,2009-11-21T02:23:42.000Z,,4,,,,4,12937,0,0,,xslF345X03/dg420091118amj_ex.xml,
0000769993-09-001065,2009-11-24,2009-11-20,2009-11-25T00:25:59.000Z,,4,,,,4,10868,0,0,,xslF345X03/dg420091120gsg_ex.xml,
0000769993-09-001066,2009-11-24,2009-11-20,2009-11-25T00:26:27.000Z,,4,,,,4,9017,0,0,,xslF345X03/dg420091120amj_ex.xml,
0000769993-09-001067,2009-11-24,2009-11-18,2009-11-25T00:26:45.000Z,,4/A,,,,4/A,8037,0,0,,xslF345X03/dg420091120amjamend_ex.xml,
0000769993-09-001068,2009-11-24,2009-11-18,2009-11-25T00:27:03.000Z,,4/A,,,,4/A,25320,0,0,,xslF345X03/dg420091118gsgamend_ex.xml,
0000769993-09-001069,2009-11-24,2009-11-18,2009-11-25T00:27:21.000Z,,4/A,,,,4/A,17383,0,0,,xslF345X03/dg420091118gsg2amend_ex.xml,
0001157523-09-008521,2009-12-10,2009-12-10,2009-12-10T13:35:24.000Z,34,8-K,001-11421,091232249,"2.02,7.01,9.01",8-K,342991,0,0,,a6117390.htm,DOLLAR GENERAL CORPORATION 8-K
0000029534-09-000112,2009-12-10,2009-10-30,2009-12-10T14:14:39.000Z,34,10-Q,001-11421,091232320,,10-Q,773583,0,0,,f200910q3rdqtr.htm,
0000029534-09-000113,2009-12-10,,2009-12-10T14:30:47.000Z,33,424B3,333-158281,091232339,,424B3,747902,0,0,,prospectusno5.htm,
0000029534-10-000002,2010-01-06,2010-01-05,2010-01-06T20:20:38.000Z,,3,,,,3,9684,0,0,,xslF345X02/edgar.xml,PRIMARY DOCUMENT
0000029534-10-000003,2010-01-07,2010-01-06,2010-01-07T19:48:01.000Z,,4,,,,4,7507,0,0,,xslF345X03/edgar.xml,PRIMARY DOCUMENT
0000029534-10-000004,2010-01-07,2010-01-05,2010-01-07T20:07:00.000Z,34,8-K,001-11421,10514668,"5.02,8.01,9.01",8-K,65693,0,0,,form8k010510rickard.htm,
0000029534-10-000005,2010-01-07,,2010-01-07T20:24:03.000Z,33,424B3,333-158281,10514750,,424B3,36811,0,0,,prospectussuppno6.htm,
0000029534-10-000006,2010-01-13,2010-01-11,2010-01-12T23:51:53.000Z,34,8-K,001-11421,10523620,"5.02,9.01",8-K,83335,0,0,,form8k011110bere.htm,
0000029534-10-000007,2010-01-13,,2010-01-12T23:56:30.000Z,33,424B3,333-158281,10523629,,424B3,34413,0,0,,prospectussupplementno701111.htm,
0001104659-10-007270,2010-02-16,,2010-02-16T19:31:46.000Z,34,SC 13G,005-40997,10606460,,SC 13G,358283,0,0,,a10-3714_1sc13g.htm,SC 13G
0001104659-10-007271,2010-02-16,,2010-02-16T19:31:51.000Z,34,SC 13G,005-40997,10606461,,SC 13G,100390,0,0,,a10-3714_2sc13g.htm,SC 13G
0000769993-10-000270,2010-02-16,,2010-02-16T20:52:23.000Z,34,SC 13G,005-40997,10607406,,SC 13G,107060,0,0,,dollargeneral2009bos.txt,
0000029534-10-000008,2010-03-26,2010-03-24,2010-03-26T18:30:24.000Z,,4,,,,4,11803,0,0,,xslF345X03/edgar.xml,PRIMARY DOCUMENT
0000029534-10-000009,2010-03-26,2010-03-24,2010-03-26T18:31:57.000Z,,4,,,,4,11799,0,0,,xslF345X03/edgar.xml,PRIMARY DOCUMENT
0000029534-10-000010,2010-03-29,2010-03-25,2010-03-29T15:17:40.000Z,,4,,,,4,6502,0,0,,xslF345X03/edgar.xml,PRIMARY DOCUMENT
0000029534-10-000011,2010-03-29,2010-03-25,2010-03-29T15:18:50.000Z,,4,,,,4,6458,0,0,,xslF345X03/edgar.xml,PRIMARY DOCUMENT
0000029534-10-000012,2010-03-29,2010-03-25,2010-03-29T15:20:29.000Z,,4,,,,4,6462,0,0,,xslF345X03/edgar.xml,PRIMARY DOCUMENT
0000029534-10-000013,2010-03-29,2010-03-25,2010-03-29T15:21:26.000Z,,4,,,,4,6388,0,0,,xslF345X03/edgar.xml,PRIMARY DOCUMENT
0000029534-10-000014,2010-03-29,2010-03-25,2010-03-29T15:22:21.000Z,,4,,,,4,6549,0,0,,xslF345X03/edgar.xml,PRIMARY DOCUMENT
0000029534-10-000015,2010-03-29,2010-03-25,2010-03-29T15:24:14.000Z,,4,,,,4,6451,0,0,,xslF345X03/edgar.xml,PRIMARY DOCUMENT
0001104659-10-017337,2010-03-30,2010-03-24,2010-03-30T20:23:21.000Z,34,8-K,001-11421,10714154,5.02,8-K,38246,0,0,,a10-7295_18k.htm,8-K
0001157523-10-001816,2010-03-31,2010-03-31,2010-03-31T11:12:17.000Z,34,8-K,001-11421,10715934,"2.02,7.01,9.01",8-K,383754,0,0,,a6233114.htm,DOLLAR GENERAL CORPORATION 8-K
0001047469-10-003012,2010-03-31,2010-01-29,2010-03-31T13:05:34.000Z,34,10-K,001-11421,10716545,,10-K,1968811,0,0,,a2197652z10-k.htm,10-K
0001104659-10-017521,2010-03-31,,2010-03-31T13:13:46.000Z,33,S-3ASR,333-165799,10716587,,S-3ASR,3187786,0,0,,a10-7329_1s3asr.htm,S-3ASR
0001047469-10-003015,2010-03-31,,2010-03-31T13:22:26.000Z,33,S-3ASR,333-165800,10716634,,S-3ASR,1385116,0,0,,a2197747zs-3asr.htm,S-3ASR
0001047469-10-003583,2010-04-09,2010-06-03,2010-04-09T21:13:53.000Z,34,DEF 14A,001-11421,10743256,,DEF 14A,807001,0,0,,a2197920zdef14a.htm,DEF 14A
0001047469-10-003624,2010-04-12,,2010-04-12T20:21:28.000Z,33,424B7,333-165800,10745130,,424B7,593651,0,0,,a2197979z424b7.htm,424B7
0001047469-10-003791,2010-04-16,,2010-04-16T01:57:36.000Z,33,424B7,333-165800,10753383,,424B7,600387,0,0,,a2197979z424b7.htm,424B7
0001104659-10-019981,2010-04-16,,2010-04-16T14:00:48.000Z,34,DEFA14A,001-11421,10753640,,DEFA14A,242874,0,0,,a10-7760_3defa14a.htm,DEFA14A
9999999997-10-009378,2010-04-16,2009-02-01,2010-04-20T20:48:38.000Z,34,ARS,001-11421,10011924,,ARS,1890,0,0,,9999999997-10-009378.paper,AUTO-GENERATED PAPER DOCUMENT
0001104659-10-020693,2010-04-20,2010-04-14,2010-04-20T16:39:25.000Z,34,8-K,001-11421,10758919,"1.01,8.01,9.01",8-K,329440,0,0,,a10-8311_18k.htm,8-K
0001104659-10-021296,2010-04-22,2010-04-20,2010-04-22T21:02:10.000Z,,4,,,,4,13129,0,0,,xslF345X03/a4.xml,4
0001104659-10-021297,2010-04-22,2010-04-20,2010-04-22T21:02:27.000Z,,4,,,,4,28317,0,0,,xslF345X03/a4.xml,4
0001104659-10-021298,2010-04-22,2010-04-20,2010-04-22T21:02:42.000Z,,4,,,,4,32842,0,0,,xslF345X03/a4.xml,4
0000769993-10-000317,2010-04-22,2010-04-20,2010-04-22T22:26:33.000Z,,4,,,,4,28079,0,0,,xslF345X03/dg42010420gsg_ex.xml,
0000769993-10-000318,2010-04-22,2010-04-20,2010-04-22T22:27:02.000Z,,4,,,,4,20298,0,0,,xslF345X03/dg42010420gsg2_ex.xml,
0000769993-10-000319,2010-04-22,2010-04-20,2010-04-22T22:28:07.000Z,,4,,,,4,11057,0,0,,xslF345X03/dg42010420amj_ex.xml,
0001104659-10-022124,2010-04-27,2010-04-23,2010-04-27T20:29:55.000Z,34,8-K,001-11421,10773778,"5.02,9.01",8-K,307128,0,0,,a10-8854_18k.htm,8-K
0000029534-10-000016,2010-04-27,2010-04-23,2010-04-27T20:32:47.000Z,,4,,,,4,5610,0,0,,xslF345X03/edgar.xml,PRIMARY DOCUMENT
0000029534-10-000017,2010-04-29,2009-11-12,2010-04-29T18:32:58.000Z,,3/A,,,,3/A,4458,0,0,,xslF345X02/edgar.xml,PRIMARY DOCUMENT
0000029534-10-000018,2010-04-29,2010-04-23,2010-04-29T18:34:21.000Z,,4,,,,4,4903,0,0,,xslF345X03/edgar.xml,PRIMARY DOCUMENT
0000029534-10-000019,2010-05-26,2010-05-25,2010-05-25T21:37:09.000Z,34,8-K,001-11421,10857863,"7.01,9.01",8-K,23779,0,0,,form8k052510annualmtgwebcast.htm,FORM 8-K
0000029534-10-000020,2010-06-07,2010-06-03,2010-06-04T21:48:16.000Z,34,8-K,001-11421,10879896,5.07,8-K,28936,0,0,,form8k060310annualmtgresults.htm,
0001157523-10-003596,2010-06-08,2010-06-08,2010-06-08T11:06:48.000Z,34,8-K,001-11421,10882936,"2.02,7.01,9.01",8-K,302144,0,0,,a6318290.htm,DOLLAR GENERAL CORPORATION 8-K
0000029534-10-000022,2010-06-08,2010-04-30,2010-06-08T13:31:59.000Z,34,10-Q,001-11421,10883199,,10-Q,947442,0,0,,f201010q1stqtrfinal.htm,
0000029534-10-000023,2010-07-15,2010-07-15,2010-07-15T22:03:54.000Z,,4,,,,4,8926,0,0,,xslF345X03/edgar.xml,PRIMARY DOCUMENT
0001157523-10-005304,2010-08-31,2010-08-31,2010-08-31T11:03:56.000Z,34,8-K,001-11421,101048233,"2.02,7.01,9.01",8-K,405423,0,0,,a6411639.htm,DOLLAR GENERAL CORPORATION 8-K
0000029534-10-000026,2010-08-31,2010-07-30,2010-08-31T13:35:46.000Z,34,10-Q,001-11421,101048487,,10-Q,1163682,0,0,,f201010q2ndqtrfinal.htm,
0000029534-10-000031,2010-08-31,,2010-08-31T17:49:39.000Z,33,POSASR,333-165799,101049504,,POSASR,740023,0,0,,forms3amendmentno1.htm,
0000029534-10-000032,2010-08-31,2010-08-27,2010-08-31T22:12:39.000Z,,4,,,,4,10268,0,0,,xslF345X03/edgar.xml,PRIMARY DOCUMENT
0000029534-10-000033,2010-09-07,2010-09-02,2010-09-07T16:43:54.000Z,,4,,,,4,4913,0,0,,xslF345X03/edgar.xml,PRIMARY DOCUMENT
0000029534-10-000034,2010-09-07,2010-09-02,2010-09-07T16:49:48.000Z,,4,,,,4,7926,0,0,,xslF345X03/edgar.xml,PRIMARY DOCUMENT
0001157523-10-007181,2010-12-06,2010-12-06,2010-12-06T12:10:13.000Z,34,8-K,001-11421,101232998,"2.02,7.01,9.01",8-K,404140,0,0,,a6534247.htm,DOLLAR GENERAL CORPORATION 8-K
0001104659-10-061217,2010-12-06,2010-10-29,2010-12-06T12:22:07.000Z,34,10-Q,001-11421,101233003,,10-Q,1603541,0,0,,a10-22200_110q.htm,10-Q
0001047469-10-010133,2010-12-06,,2010-12-06T12:44:18.000Z,33,424B7,333-165800,101233024,,424B7,670728,0,0,,a2201214z424b7.htm,424B7
0001047469-10-010262,2010-12-09,,2010-12-09T11:09:58.000Z,33,424B7,333-165800,101241133,,424B7,672905,0,0,,a2201214z424b7.htm,424B7
0000029534-10-000035,2010-12-10,2010-12-08,2010-12-10T17:52:42.000Z,,4,,,,4,24063,0,0,,xslF345X03/edgar.xml,PRIMARY DOCUMENT
0000029534-10-000036,2010-12-10,2010-12-08,2010-12-10T17:53:45.000Z,,4,,,,4,24034,0,0,,xslF345X03/edgar.xml,PRIMARY DOCUMENT
0000029534-10-000037,2010-12-10,2010-12-08,2010-12-10T17:56:59.000Z,,4,,,,4,26409,0,0,,xslF345X03/edgar.xml,PRIMARY DOCUMENT
0000029534-10-000038,2010-12-10,2010-12-08,2010-12-10T18:55:39.000Z,,4,,,,4,9433,0,0,,xslF345X03/edgar.xml,PRIMARY DOCUMENT
0001104659-10-062573,2010-12-14,2010-12-08,2010-12-14T17:50:45.000Z,34,8-K,001-11421,101249967,"1.01,8.01,9.01",8-K,303894,0,0,,a10-22805_18k.htm,8-K
0000029534-10-000039,2010-12-14,2010-12-14,2010-12-14T20:18:58.000Z,,4,,,,4,5238,0,0,,xslF345X03/edgar.xml,PRIMARY DOCUMENT
0000029534-10-000040,2010-12-14,2010-12-14,2010-12-14T20:20:50.000Z,,4,,,,4,5239,0,0,,xslF345X03/edgar.xml,PRIMARY DOCUMENT
0000029534-10-000041,2010-12-14,2010-12-14,2010-12-14T20:22:21.000Z,,4,,,,4,5236,0,0,,xslF345X03/edgar.xml,PRIMARY DOCUMENT
0000029534-10-000042,2010-12-14,2010-12-14,2010-12-14T20:23:47.000Z,,4,,,,4,5320,0,0,,xslF345X03/edgar.xml,PRIMARY DOCUMENT
0000029534-10-000043,2010-12-14,2010-12-14,2010-12-14T20:25:06.000Z,,4,,,,4,5245,0,0,,xslF345X03/edgar.xml,PRIMARY DOCUMENT
0000029534-10-000044,2010-12-14,2010-12-14,2010-12-14T20:26:10.000Z,,4,,,,4,5231,0,0,,xslF345X03/edgar.xml,PRIMARY DOCUMENT
0001104659-10-063067,2010-12-16,2010-12-14,2010-12-16T21:04:46.000Z,,4,,,,4,8273,0,0,,xslF345X03/a4.xml,4
0001104659-10-063069,2010-12-16,2010-12-14,2010-12-16T21:05:27.000Z,,4,,,,4,23360,0,0,,xslF345X03/a4.xml,4
0001104659-10-063071,2010-12-16,2010-12-14,2010-12-16T21:06:34.000Z,,4,,,,4,28098,0,0,,xslF345X03/a4.xml,4
0000769993-10-000541,2010-12-16,2010-12-14,2010-12-17T00:28:54.000Z,,4,,,,4,10799,0,0,,xslF345X03/dg420101209amj_ex.xml,
0000769993-10-000542,2010-12-16,2010-12-14,2010-12-17T00:31:13.000Z,,4,,,,4,29246,0,0,,xslF345X03/dg420101209gsg_ex.xml,
0000769993-10-000543,2010-12-16,2010-12-14,2010-12-17T00:35:25.000Z,,4,,,,4,20069,0,0,,xslF345X03/dg420101209gsg2_ex.xml,
0000769993-10-000550,2010-12-20,2010-12-14,2010-12-20T21:52:55.000Z,,4,,,,4,11346,0,0,,xslF345X03/dg420101214gsg_ex.xml,
0000769993-10-000551,2010-12-20,2010-12-14,2010-12-20T21:59:38.000Z,,4,,,,4,9368,0,0,,xslF345X03/dg420101214amj_ex.xml,
0000080255-11-000057,2011-02-09,,2011-02-09T21:48:31.000Z,34,SC 13G,005-40997,11587735,,SC 13G,10372,0,0,,dg13gdec10.txt,DG AS OF 12/31/10
0001193125-11-035509,2011-02-14,,2011-02-14T23:18:05.000Z,34,SC 13G/A,005-40997,11608782,,SC 13G/A,211198,0,0,,dsc13ga.htm,AMENDMENT NO. 1 TO SCHEDULE 13G
0001193125-11-035498,2011-02-14,,2011-02-15T00:05:33.000Z,34,SC 13G/A,005-40997,11610205,,SC 13G/A,63447,0,0,,dsc13ga.htm,AMENDMENT NO. 1 TO SCHEDULE 13G
0000769993-11-000318,2011-02-14,,2011-02-15T00:11:42.000Z,34,SC 13G/A,005-40997,11610415,,SC 13G/A,87773,0,0,,dollargeneralcorp1gsco.txt,
0000029534-11-000001,2011-02-17,2010-12-14,2011-02-17T17:08:41.000Z,,4,,,,4,6493,0,0,,xslF345X03/edgar.xml,PRIMARY DOCUMENT
0001157523-11-001668,2011-03-22,2011-03-22,2011-03-22T11:07:58.000Z,34,8-K,001-11421,11702621,"2.02,7.01,9.01",8-K,343277,0,0,,a6654246.htm,DOLLAR GENERAL CORPORATION 8-K
0000029534-11-000004,2011-03-22,2011-01-28,2011-03-22T13:13:34.000Z,34,10-K,001-11421,11702751,,10-K,3178942,0,0,,f2010form10_kfinal.htm,
0000029534-11-000005,2011-03-22,2011-03-18,2011-03-22T13:58:17.000Z,,4,,,,4,5955,0,0,,xslF345X03/edgar.xml,PRIMARY DOCUMENT
0000029534-11-000006,2011-03-22,2011-03-18,2011-03-22T13:59:22.000Z,,4,,,,4,5914,0,0,,xslF345X03/edgar.xml,PRIMARY DOCUMENT
0000029534-11-000007,2011-03-22,2011-03-18,2011-03-22T14:00:20.000Z,,4,,,,4,5918,0,0,,xslF345X03/edgar.xml,PRIMARY DOCUMENT
0000029534-11-000008,2011-03-22,2011-03-18,2011-03-22T14:02:11.000Z,,4,,,,4,6042,0,0,,xslF345X03/edgar.xml,PRIMARY DOCUMENT
0000029534-11-000009,2011-03-22,2011-03-18,2011-03-22T14:06:46.000Z,,4,,,,4,11826,0,0,,xslF345X03/edgar.xml,PRIMARY DOCUMENT
0000029534-11-000010,2011-03-22,2011-03-18,2011-03-22T14:07:13.000Z,,4,,,,4,6013,0,0,,xslF345X03/edgar.xml,PRIMARY DOCUMENT
0000029534-11-000011,2011-03-22,2011-03-18,2011-03-22T14:08:20.000Z,,4,,,,4,11806,0,0,,xslF345X03/edgar.xml,PRIMARY DOCUMENT
0000029534-11-000012,2011-03-22,2011-03-18,2011-03-22T14:09:24.000Z,,4,,,,4,5907,0,0,,xslF345X03/edgar.xml,PRIMARY DOCUMENT
0001047469-11-003215,2011-04-05,2011-05-25,2011-04-05T14:45:58.000Z,34,DEF 14A,001-11421,11738485,,DEF 14A,860459,0,0,,a2203124zdef14a.htm,DEF 14A
0001104659-11-018651,2011-04-05,,2011-04-05T14:52:27.000Z,34,DEFA14A,001-11421,11738498,,DEFA14A,266467,0,0,,a11-2880_4defa14a.htm,DEFA14A
9999999997-11-008442,2011-04-06,2011-01-28,2011-04-12T20:31:42.000Z,34,ARS,001-11421,11006148,,ARS,1478,0,0,,9999999997-11-008442.paper,AUTO-GENERATED PAPER DOCUMENT
0000769993-11-000426,2011-05-18,2011-05-16,2011-05-18T20:55:38.000Z,,4,,,,4,10926,0,0,,xslF345X03/dg420110517gsg_ex.xml,
0000769993-11-000428,2011-05-18,2011-05-16,2011-05-18T20:58:30.000Z,,4,,,,4,8949,0,0,,xslF345X03/dg420110517amj_ex.xml,
0000769993-11-000438,2011-05-26,2011-05-24,2011-05-26T20:51:56.000Z,,4,,,,4,8948,0,0,,xslF345X03/dg420110524amj_ex.xml,
0000769993-11-000440,2011-05-26,2011-05-24,2011-05-26T20:56:34.000Z,,4,,,,4,10925,0,0,,xslF345X03/dg420110524gsg_ex.xml,
0000029534-11-000013,2011-05-27,2011-05-25,2011-05-27T14:30:42.000Z,,4,,,,4,7468,0,0,,xslF345X03/edgar.xml,PRIMARY DOCUMENT
0000029534-11-000014,2011-05-27,2011-05-25,2011-05-27T14:32:12.000Z,,4,,,,4,7006,0,0,,xslF345X03/edgar.xml,PRIMARY DOCUMENT
0000029534-11-000015,2011-05-27,2011-05-25,2011-05-27T14:33:11.000Z,,4,,,,4,7482,0,0,,xslF345X03/edgar.xml,PRIMARY DOCUMENT
0000029534-11-000016,2011-05-27,2011-05-25,2011-05-27T14:34:29.000Z,,4,,,,4,6923,0,0,,xslF345X03/edgar.xml,PRIMARY DOCUMENT
0000029534-11-000018,2011-05-27,2011-05-25,2011-05-27T14:55:28.000Z,,4,,,,4,7004,0,0,,xslF345X03/edgar.xml,PRIMARY DOCUMENT
0000769993-11-000447,2011-05-27,2011-05-25,2011-05-27T18:43:12.000Z,,4,,,,4,12333,0,0,,xslF345X03/dg420110525amj_ex.xml,
0000769993-11-000448,2011-05-27,2011-05-25,2011-05-27T18:48:16.000Z,,4,,,,4,29145,0,0,,xslF345X03/dg420110525gsg_ex.xml,
0000769993-11-000449,2011-05-27,2011-05-25,2011-05-27T18:50:07.000Z,,4,,,,4,21321,0,0,,xslF345X03/dg420110525gsg2_ex.xml,
0001157523-11-003466,2011-06-01,2011-05-25,2011-06-01T11:06:14.000Z,34,8-K,001-11421,11883618,"2.02,5.07,7.01,9.01",8-K,317559,0,0,,a6742765.htm,DOLLAR GENERAL CORPORATION 8-K
0001104659-11-032523,2011-06-01,2011-04-29,2011-06-01T13:04:47.000Z,34,10-Q,001-11421,11883715,,10-Q,5378304,1,0,,a11-11253_110q.htm,10-Q
0000029534-11-000019,2011-06-09,2011-06-08,2011-06-09T18:25:39.000Z,,4,,,,4,4930,0,0,,xslF345X03/edgar.xml,PRIMARY DOCUMENT
0000029534-11-000021,2011-07-18,2011-07-15,2011-07-18T15:05:57.000Z,34,8-K,001-11421,11972103,"2.03,8.01",8-K,16071,0,0,,form8k071511noteredemptionab.htm,FORM 8-K RE NOTE REDEMPTION AND ABL DRAW
0001157523-11-004176,2011-07-25,2011-07-20,2011-07-25T14:10:38.000Z,34,8-K,001-11421,11983845,"5.02,9.01",8-K,115563,0,0,,a6804160.htm,DOLLAR GENERAL CORPORATION 8-K
0001157523-11-005217,2011-08-30,2011-08-30,2011-08-30T11:08:29.000Z,34,8-K,001-11421,111064230,"2.02,7.01,9.01",8-K,381334,0,0,,a6843268.htm,DOLLAR GENERAL CORPORATION 8-K
0001104659-11-049323,2011-08-30,2011-07-29,2011-08-30T12:35:59.000Z,34,10-Q,001-11421,111064268,,10-Q,11714035,1,0,,a11-19111_110q.htm,10-Q
0001047469-11-007859,2011-09-07,,2011-09-07T20:07:23.000Z,33,424B7,333-165800,111078315,,424B7,651672,0,0,,a2205494z424b7.htm,424B7
0001047469-11-007909,2011-09-09,,2011-09-09T14:29:40.000Z,33,424B7,333-165800,111082402,,424B7,655225,0,0,,a2205552z424b7.htm,424B7
0000029534-11-000030,2011-09-12,2011-09-08,2011-09-12T13:58:26.000Z,,4,,,,4,10498,0,0,,xslF345X03/edgar.xml,PRIMARY DOCUMENT
0000029534-11-000031,2011-09-12,2011-09-08,2011-09-12T14:00:26.000Z,,4,,,,4,17182,0,0,,xslF345X03/edgar.xml,PRIMARY DOCUMENT
0000029534-11-000032,2011-09-12,2011-09-08,2011-09-12T14:01:42.000Z,,4,,,,4,10460,0,0,,xslF345X03/edgar.xml,PRIMARY DOCUMENT
0000029534-11-000033,2011-09-12,2011-09-08,2011-09-12T14:02:58.000Z,,4,,,,4,10524,0,0,,xslF345X03/edgar.xml,PRIMARY DOCUMENT
0000029534-11-000034,2011-09-12,2011-09-08,2011-09-12T14:03:55.000Z,,4,,,,4,10771,0,0,,xslF345X03/edgar.xml,PRIMARY DOCUMENT
0001140361-11-045529,2011-09-12,2011-09-08,2011-09-12T21:30:02.000Z,,4,,,,4,20194,0,0,,xslF345X03/doc1.xml,FORM 4
0000029534-11-000035,2011-09-13,2011-09-08,2011-09-13T20:13:17.000Z,,4/A,,,,4/A,6079,0,0,,xslF345X03/edgar.xml,PRIMARY DOCUMENT
0001104659-11-051667,2011-09-14,2011-09-08,2011-09-14T18:28:42.000Z,34,8-K,001-11421,111090255,"1.01,8.01,9.01",8-K,416237,0,0,,a11-25451_38k.htm,8-K
0001104659-11-052109,2011-09-16,2011-09-14,2011-09-16T20:24:28.000Z,,4,,,,4,7830,0,0,,xslF345X03/a4.xml,4
0001104659-11-052111,2011-09-16,2011-09-14,2011-09-16T20:24:58.000Z,,4,,,,4,22954,0,0,,xslF345X03/a4.xml,4
0001104659-11-052112,2011-09-16,2011-09-14,2011-09-16T20:25:28.000Z,,4,,,,4,27692,0,0,,xslF345X03/a4.xml,4
0000029534-11-000036,2011-09-16,2011-09-14,2011-09-16T21:06:21.000Z,,4,,,,4,4775,0,0,,xslF345X03/edgar.xml,PRIMARY DOCUMENT
0000029534-11-000037,2011-09-16,2011-09-14,2011-09-16T21:06:58.000Z,,4,,,,4,4739,0,0,,xslF345X03/edgar.xml,PRIMARY DOCUMENT
0000029534-11-000038,2011-09-16,2011-09-14,2011-09-16T21:07:45.000Z,,4,,,,4,4740,0,0,,xslF345X03/edgar.xml,PRIMARY DOCUMENT
0000029534-11-000039,2011-09-16,2011-09-14,2011-09-16T21:08:18.000Z,,4,,,,4,4630,0,0,,xslF345X03/edgar.xml,PRIMARY DOCUMENT
0000029534-11-000040,2011-09-16,2011-09-14,2011-09-16T21:08:52.000Z,,4,,,,4,4821,0,0,,xslF345X03/edgar.xml,PRIMARY DOCUMENT
0000029534-11-000041,2011-09-16,2011-09-14,2011-09-16T21:09:29.000Z,,4,,,,4,4737,0,0,,xslF345X03/edgar.xml,PRIMARY DOCUMENT
0000029534-11-000042,2011-09-16,2011-09-14,2011-09-16T21:10:03.000Z,,4,,,,4,4745,0,0,,xslF345X03/edgar.xml,PRIMARY DOCUMENT
0000029534-11-000043,2011-09-16,2011-09-14,2011-09-16T21:10:34.000Z,,4,,,,4,4732,0,0,,xslF345X03/edgar.xml,PRIMARY DOCUMENT
0000769993-11-000600,2011-09-16,2011-09-14,2011-09-16T22:26:14.000Z,,4,,,,4,30219,0,0,,xslF345X03/dg420110906gsg_ex.xml,
0000769993-11-000602,2011-09-16,2011-09-14,2011-09-16T22:29:20.000Z,,4,,,,4,22241,0,0,,xslF345X03/dg420110906gsg2_ex.xml,
0000769993-11-000604,2011-09-16,2011-09-14,2011-09-16T22:35:51.000Z,,4,,,,4,13098,0,0,,xslF345X03/dg420110906amj_ex.xml,
0001157523-11-007050,2011-12-05,2011-12-05,2011-12-05T12:11:14.000Z,34,8-K,001-11421,111241896,"2.02,7.01,9.01",8-K,386428,0,0,,a50094305.htm,DOLLAR GENERAL CORPORATION 8-K
0001104659-11-067510,2011-12-05,2011-10-28,2011-12-05T12:17:49.000Z,34,10-Q,001-11421,111241900,,10-Q,11741779,1,0,,a11-29897_110q.htm,10-Q
0001047469-11-009890,2011-12-05,,2011-12-05T12:28:20.000Z,33,424B7,333-165800,111241905,,424B7,659982,0,0,,a2206578z424b7.htm,424B7
0001047469-11-009962,2011-12-07,,2011-12-07T16:04:23.000Z,33,424B7,333-165800,111247525,,424B7,668110,0,0,,a2206578z424b7.htm,424B7
0000029534-11-000044,2011-12-08,2011-12-06,2011-12-08T16:24:54.000Z,,4,,,,4,10470,0,0,,xslF345X03/edgar.xml,PRIMARY DOCUMENT
0000029534-11-000045,2011-12-08,2011-12-06,2011-12-08T16:26:42.000Z,,4,,,,4,10438,0,0,,xslF345X03/edgar.xml,PRIMARY DOCUMENT
0000029534-11-000046,2011-12-08,2011-12-06,2011-12-08T16:27:52.000Z,,4,,,,4,10435,0,0,,xslF345X03/edgar.xml,PRIMARY DOCUMENT
0000029534-11-000047,2011-12-08,2011-12-06,2011-12-08T16:29:12.000Z,,4,,,,4,10340,0,0,,xslF345X03/edgar.xml,PRIMARY DOCUMENT
0000029534-11-000048,2011-12-08,2011-12-06,2011-12-08T16:29:52.000Z,,4,,,,4,10495,0,0,,xslF345X03/edgar.xml,PRIMARY DOCUMENT
0000029534-11-000049,2011-12-08,2011-12-06,2011-12-08T16:30:32.000Z,,4,,,,4,10441,0,0,,xslF345X03/edgar.xml,PRIMARY DOCUMENT
0000029534-11-000050,2011-12-08,2011-12-06,2011-12-08T16:33:08.000Z,,4,,,,4,10466,0,0,,xslF345X03/edgar.xml,PRIMARY DOCUMENT
0000029534-11-000051,2011-12-08,2011-12-06,2011-12-08T17:09:56.000Z,,4,,,,4,10487,0,0,,xslF345X03/edgar.xml,PRIMARY DOCUMENT
0000769993-11-000670,2011-12-09,2011-12-07,2011-12-09T23:00:17.000Z,,4,,,,4,11577,0,0,,xslF345X03/dg420111207gsg_ex.xml,
0000769993-11-000672,2011-12-09,2011-12-07,2011-12-09T23:02:09.000Z,,4,,,,4,9602,0,0,,xslF345X03/dg420111207amj_ex.xml,
0001104659-11-068962,2011-12-12,2011-12-06,2011-12-12T20:00:46.000Z,34,8-K,001-11421,111255980,"1.01,8.01,9.01",8-K,444499,0,0,,a11-31004_38k.htm,8-K
0000029534-11-000052,2011-12-13,2011-12-12,2011-12-13T21:02:50.000Z,,4,,,,4,4787,0,0,,xslF345X03/edgar.xml,PRIMARY DOCUMENT
0000029534-11-000053,2011-12-13,2011-12-12,2011-12-13T21:03:24.000Z,,4,,,,4,4737,0,0,,xslF345X03/edgar.xml,PRIMARY DOCUMENT
0000029534-11-000054,2011-12-13,2011-12-12,2011-12-13T21:03:58.000Z,,4,,,,4,4755,0,0,,xslF345X03/edgar.xml,PRIMARY DOCUMENT
0000029534-11-000055,2011-12-13,2011-12-12,2011-12-13T21:04:28.000Z,,4,,,,4,4627,0,0,,xslF345X03/edgar.xml,PRIMARY DOCUMENT
0000029534-11-000056,2011-12-13,2011-12-12,2011-12-13T21:05:02.000Z,,4,,,,4,4735,0,0,,xslF345X03/edgar.xml,PRIMARY DOCUMENT
0000029534-11-000057,2011-12-13,2011-12-12,2011-12-13T21:05:34.000Z,,4,,,,4,4819,0,0,,xslF345X03/edgar.xml,PRIMARY DOCUMENT
0000029534-11-000058,2011-12-13,2011-12-12,2011-12-13T21:06:06.000Z,,4,,,,4,4730,0,0,,xslF345X03/edgar.xml,PRIMARY DOCUMENT
0000029534-11-000059,2011-12-13,2011-12-12,2011-12-13T21:14:16.000Z,,4,,,,4,4740,0,0,,xslF345X03/edgar.xml,PRIMARY DOCUMENT
0000769993-11-000676,2011-12-14,2011-12-12,2011-12-14T22:12:14.000Z,,4,,,,4,15478,0,0,,xslF345X03/dg420111212amj_ex.xml,
0000769993-11-000678,2011-12-14,2011-12-12,2011-12-14T22:14:05.000Z,,4,,,,4,24916,0,0,,xslF345X03/dg420111212gsg2_ex.xml,
0000769993-11-000679,2011-12-14,2011-12-12,2011-12-14T22:17:50.000Z,,4,,,,4,32889,0,0,,xslF345X03/dg420111212gsg_ex.xml,
0001104659-11-069489,2011-12-14,2011-12-12,2011-12-15T00:02:29.000Z,,4,,,,4,9591,0,0,,xslF345X03/a4.xml,4
0001104659-11-069490,2011-12-14,2011-12-12,2011-12-15T00:02:44.000Z,,4,,,,4,32869,0,0,,xslF345X03/a4.xml,4
0001104659-11-069491,2011-12-14,2011-12-12,2011-12-15T00:03:00.000Z,,4,,,,4,37605,0,0,,xslF345X03/a4.xml,4
0000080255-12-000019,2012-02-08,,2012-02-08T19:30:52.000Z,34,SC 13G/A,005-40997,12581303,,SC 13G/A,28050,0,0,,dg13gadec11.htm,12/31/2011
0001193125-12-061204,2012-02-14,,2012-02-14T21:55:49.000Z,34,SC 13G/A,005-40997,12611994,,SC 13G/A,210391,0,0,,d296398dsc13ga.htm,AMENDMENT NO. 2 TO SCHEDULE 13G
0001193125-12-061205,2012-02-14,,2012-02-14T21:56:29.000Z,34,SC 13G/A,005-40997,12612013,,SC 13G/A,60689,0,0,,d296476dsc13ga.htm,AMENDMENT NO. 2 TO SCHEDULE 13G
0000769993-12-000261,2012-02-14,,2012-02-14T22:10:16.000Z,34,SC 13G/A,005-40997,12612427,,SC 13G/A,86926,0,0,,dollargeneralcorp2gsco.txt,DOLLAR GENERAL CORPORATION AMENDMENT 2
0001104659-12-019199,2012-03-19,2012-03-15,2012-03-19T20:01:51.000Z,34,8-K,001-11421,12700624,"1.01,2.03,9.01",8-K,2964227,0,0,,a12-7452_18k.htm,8-K
0000029534-12-000001,2012-03-20,2012-03-19,2012-03-20T15:25:59.000Z,,3,,,,3,9493,0,0,,xslF345X02/edgar.xml,PRIMARY DOCUMENT
0001157523-12-001491,2012-03-22,2012-03-22,2012-03-22T11:06:06.000Z,34,8-K,001-11421,12707720,"2.02,7.01,9.01",8-K,336038,0,0,,a50211784.htm,DOLLAR GENERAL CORPORATION 8-K
0001047469-12-003084,2012-03-22,2012-02-03,2012-03-22T13:58:39.000Z,34,10-K,001-11421,12708005,,10-K,14230741,1,0,,a2207856z10-k.htm,10-K
0000029534-12-000002,2012-03-22,2012-03-20,2012-03-22T20:46:34.000Z,,4,,,,4,8241,0,0,,xslF345X03/edgar.xml,PRIMARY DOCUMENT
0000029534-12-000003,2012-03-22,2012-03-20,2012-03-22T20:47:39.000Z,,4,,,,4,8180,0,0,,xslF345X03/edgar.xml,PRIMARY DOCUMENT
0000029534-12-000004,2012-03-22,2012-03-21,2012-03-22T20:48:55.000Z,,4,,,,4,5957,0,0,,xslF345X03/edgar.xml,PRIMARY DOCUMENT
0000029534-12-000005,2012-03-22,2012-03-20,2012-03-22T20:49:44.000Z,,4,,,,4,5324,0,0,,xslF345X03/edgar.xml,PRIMARY DOCUMENT
0000029534-12-000006,2012-03-22,2012-03-20,2012-03-22T20:50:31.000Z,,4,,,,4,8348,0,0,,xslF345X03/edgar.xml,PRIMARY DOCUMENT
0000029534-12-000007,2012-03-22,2012-03-20,2012-03-22T20:51:23.000Z,,4,,,,4,14301,0,0,,xslF345X03/edgar.xml,PRIMARY DOCUMENT
0000029534-12-000008,2012-03-22,2012-03-20,2012-03-22T20:51:59.000Z,,4,,,,4,8355,0,0,,xslF345X03/edgar.xml,PRIMARY DOCUMENT
0000029534-12-000009,2012-03-22,2012-03-20,2012-03-22T20:52:34.000Z,,4,,,,4,14267,0,0,,xslF345X03/edgar.xml,PRIMARY DOCUMENT
0000029534-12-000010,2012-03-22,2012-03-20,2012-03-22T20:53:23.000Z,,4,,,,4,8183,0,0,,xslF345X03/edgar.xml,PRIMARY DOCUMENT
0001104659-12-021011,2012-03-26,2012-03-20,2012-03-26T19:54:15.000Z,34,8-K,001-11421,12714549,"5.02,9.01",8-K,361707,0,0,,a12-7912_18k.htm,8-K
0001104659-12-021077,2012-03-26,2012-03-25,2012-03-26T21:27:18.000Z,34,8-K,001-11421,12715289,"1.01,9.01",8-K,88252,0,0,,a12-7741_18k.htm,8-K
0001047469-12-003313,2012-03-27,,2012-03-27T01:53:14.000Z,33,424B7,333-165800,12715652,,424B7,638323,0,0,,a2208450z424b7.htm,424B7
0001047469-12-003454,2012-03-28,,2012-03-28T17:38:45.000Z,33,424B7,333-165800,12719978,,424B7,642610,0,0,,a2208450z424b7.htm,424B7
0000029534-12-000011,2012-03-29,2012-03-27,2012-03-29T18:47:10.000Z,,4,,,,4,10233,0,0,,xslF345X03/edgar.xml,PRIMARY DOCUMENT
0000029534-12-000012,2012-03-29,2012-03-27,2012-03-29T18:48:17.000Z,,4,,,,4,10222,0,0,,xslF345X03/edgar.xml,PRIMARY DOCUMENT
0000029534-12-000013,2012-03-29,2012-03-27,2012-03-29T18:50:14.000Z,,4,,,,4,10252,0,0,,xslF345X03/edgar.xml,PRIMARY DOCUMENT
0000029534-12-000014,2012-03-29,2012-03-27,2012-03-29T18:53:02.000Z,,4,,,,4,10159,0,0,,xslF345X03/edgar.xml,PRIMARY DOCUMENT
0000029534-12-000015,2012-03-29,2012-03-27,2012-03-29T18:54:33.000Z,,4,,,,4,10186,0,0,,xslF345X03/edgar.xml,PRIMARY DOCUMENT
0000029534-12-000016,2012-03-29,2012-03-27,2012-03-29T18:55:23.000Z,,4,,,,4,10317,0,0,,xslF345X03/edgar.xml,PRIMARY DOCUMENT
0000029534-12-000017,2012-03-29,2012-03-27,2012-03-29T18:56:25.000Z,,4,,,,4,10286,0,0,,xslF345X03/edgar.xml,PRIMARY DOCUMENT
0000029534-12-000018,2012-03-29,2012-03-27,2012-03-29T18:57:20.000Z,,4,,,,4,10205,0,0,,xslF345X03/edgar.xml,PRIMARY DOCUMENT
0001104659-12-023280,2012-04-02,2012-03-27,2012-04-02T21:15:39.000Z,34,8-K,001-11421,12734241,"1.01,2.03,8.01,9.01",8-K,1784724,0,0,,a12-8340_18k.htm,8-K
0000029534-12-000019,2012-04-03,2012-04-02,2012-04-03T18:26:33.000Z,,4,,,,4,4802,0,0,,xslF345X03/edgar.xml,PRIMARY DOCUMENT
0000029534-12-000020,2012-04-03,2012-04-02,2012-04-03T18:27:33.000Z,,4,,,,4,4752,0,0,,xslF345X03/edgar.xml,PRIMARY DOCUMENT
0000029534-12-000021,2012-04-03,2012-04-02,2012-04-03T18:29:13.000Z,,4,,,,4,4771,0,0,,xslF345X03/edgar.xml,PRIMARY DOCUMENT
0000029534-12-000022,2012-04-03,2012-04-02,2012-04-03T18:30:29.000Z,,4,,,,4,4642,0,0,,xslF345X03/edgar.xml,PRIMARY DOCUMENT
0000029534-12-000023,2012-04-03,2012-04-02,2012-04-03T18:31:41.000Z,,4,,,,4,4750,0,0,,xslF345X03/edgar.xml,PRIMARY DOCUMENT
0000029534-12-000024,2012-04-03,2012-04-02,2012-04-03T18:32:32.000Z,,4,,,,4,4834,0,0,,xslF345X03/edgar.xml,PRIMARY DOCUMENT
0000029534-12-000025,2012-04-03,2012-04-02,2012-04-03T18:33:31.000Z,,4,,,,4,4755,0,0,,xslF345X03/edgar.xml,PRIMARY DOCUMENT
0000029534-12-000026,2012-04-03,2012-04-02,2012-04-03T18:36:55.000Z,,4,,,,4,4745,0,0,,xslF345X03/edgar.xml,PRIMARY DOCUMENT
0000769993-12-000300,2012-04-04,2012-04-02,2012-04-04T20:51:16.000Z,,4,,,,4,15430,0,0,,xslF345X03/dg420120327amj_ex.xml,
0000769993-12-000301,2012-04-04,2012-04-02,2012-04-04T20:52:48.000Z,,4,,,,4,32886,0,0,,xslF345X03/dg420120327gsg_ex.xml,
0000769993-12-000302,2012-04-04,2012-04-02,2012-04-04T20:53:56.000Z,,4,,,,4,24883,0,0,,xslF345X03/dg420120327gsg2_ex.xml,
0001104659-12-023886,2012-04-04,2012-04-02,2012-04-04T21:27:54.000Z,,4,,,,4,9595,0,0,,xslF345X03/a4.xml,4
0001104659-12-023887,2012-04-04,2012-04-02,2012-04-04T21:28:08.000Z,,4,,,,4,37037,0,0,,xslF345X03/a4.xml,4
0001104659-12-023888,2012-04-04,2012-04-02,2012-04-04T21:28:22.000Z,,4,,,,4,32878,0,0,,xslF345X03/a4.xml,4
0001047469-12-003941,2012-04-05,2012-06-01,2012-04-05T18:42:04.000Z,34,DEF 14A,001-11421,12745260,,DEF 14A,1010285,0,0,,a2208671zdef14a.htm,DEF 14A
0001104659-12-024053,2012-04-05,,2012-04-05T18:49:30.000Z,34,DEFA14A,001-11421,12745305,,DEFA14A,261915,0,0,,a12-1761_3defa14a.htm,DEFA14A
9999999997-12-008720,2012-04-06,2011-12-31,2012-04-30T20:27:35.000Z,34,ARS,001-11421,12026183,,ARS,1478,0,0,,9999999997-12-008720.paper,AUTO-GENERATED PAPER DOCUMENT
0000029534-12-000027,2012-04-19,2012-04-16,2012-04-19T19:47:38.000Z,34,8-K,001-11421,12768456,"5.02,9.01",8-K,297721,0,0,,form8k041612neoemploy.htm,FORM 8-K
0000029534-12-000029,2012-06-04,2012-06-01,2012-06-04T17:00:19.000Z,,4,,,,4,7468,0,0,,xslF345X03/edgar.xml,PRIMARY DOCUMENT
0000029534-12-000030,2012-06-04,2012-06-01,2012-06-04T17:00:55.000Z,,4,,,,4,7006,0,0,,xslF345X03/edgar.xml,PRIMARY DOCUMENT
0000029534-12-000032,2012-06-04,2012-06-01,2012-06-04T17:02:14.000Z,,4,,,,4,6924,0,0,,xslF345X03/edgar.xml,PRIMARY DOCUMENT
0000029534-12-000033,2012-06-04,2012-06-01,2012-06-04T17:02:43.000Z,,4,,,,4,7004,0,0,,xslF345X03/edgar.xml,PRIMARY DOCUMENT
0000029534-12-000035,2012-06-04,2012-06-01,2012-06-04T18:58:31.000Z,,4,,,,4,7482,0,0,,xslF345X03/edgar.xml,PRIMARY DOCUMENT
0001157523-12-003194,2012-06-04,2012-06-01,2012-06-04T20:09:33.000Z,34,8-K,001-11421,12886073,"2.02,5.02,5.07,7.01,9.01",8-K,661033,0,0,,a50298170.htm,DOLLAR GENERAL CORPORATION 8-K
0001104659-12-041627,2012-06-04,2012-05-04,2012-06-04T20:12:03.000Z,34,10-Q,001-11421,12886179,,10-Q,11543117,1,0,,a12-9271_110q.htm,10-Q
0001047469-12-006441,2012-06-04,,2012-06-04T20:24:59.000Z,33,424B7,333-165800,12886384,,424B7,637581,0,0,,a2209811z424b7.htm,424B7
0000769993-12-000359,2012-06-05,2012-06-01,2012-06-05T20:44:49.000Z,,4,,,,4,14952,0,0,,xslF345X03/dg420120601amj_ex.xml,
0000769993-12-000360,2012-06-05,2012-06-01,2012-06-05T20:46:04.000Z,,4,,,,4,31930,0,0,,xslF345X03/dg420120601gsg_ex.xml,
0000769993-12-000361,2012-06-05,2012-06-01,2012-06-05T20:49:10.000Z,,4,,,,4,23983,0,0,,xslF345X03/dg420120601gsg2_ex.xml,
0001104659-12-041947,2012-06-06,,2012-06-06T01:47:13.000Z,34,FWP,333-165800,12890616,,FWP,13527,0,0,,a12-13535_2fwp.htm,FWP
0001047469-12-006479,2012-06-06,,2012-06-06T16:47:12.000Z,33,424B7,333-165800,12891392,,424B7,647689,0,0,,a2209843z424b7.htm,424B7
0000029534-12-000036,2012-06-06,2012-06-05,2012-06-06T21:31:24.000Z,,4,,,,4,10176,0,0,,xslF345X03/edgar.xml,PRIMARY DOCUMENT
0000029534-12-000037,2012-06-06,2012-06-05,2012-06-06T21:32:09.000Z,,4,,,,4,10193,0,0,,xslF345X03/edgar.xml,PRIMARY DOCUMENT
0000029534-12-000038,2012-06-06,2012-06-05,2012-06-06T21:33:02.000Z,,4,,,,4,10250,0,0,,xslF345X03/edgar.xml,PRIMARY DOCUMENT
0000029534-12-000039,2012-06-06,2012-06-05,2012-06-06T21:34:06.000Z,,4,,,,4,10156,0,0,,xslF345X03/edgar.xml,PRIMARY DOCUMENT
0000029534-12-000040,2012-06-06,2012-06-05,2012-06-06T21:34:56.000Z,,4,,,,4,14382,0,0,,xslF345X03/edgar.xml,PRIMARY DOCUMENT
0000029534-12-000041,2012-06-06,2012-06-05,2012-06-06T21:35:45.000Z,,4,,,,4,10279,0,0,,xslF345X03/edgar.xml,PRIMARY DOCUMENT
0000029534-12-000042,2012-06-06,2012-06-05,2012-06-06T21:36:30.000Z,,4,,,,4,12840,0,0,,xslF345X03/edgar.xml,PRIMARY DOCUMENT
0000029534-12-000043,2012-06-06,2012-06-05,2012-06-06T21:37:07.000Z,,4,,,,4,10182,0,0,,xslF345X03/edgar.xml,PRIMARY DOCUMENT
0000029534-12-000044,2012-06-06,2012-06-06,2012-06-06T21:37:55.000Z,,4,,,,4,4351,0,0,,xslF345X03/edgar.xml,PRIMARY DOCUMENT
0001104659-12-042745,2012-06-11,2012-06-05,2012-06-11T15:52:15.000Z,34,8-K,001-11421,12899777,"1.01,8.01,9.01",8-K,455419,0,0,,a12-14271_18k.htm,8-K
0000029534-12-000045,2012-06-11,2012-06-11,2012-06-11T20:14:54.000Z,,4,,,,4,4745,0,0,,xslF345X03/edgar.xml,PRIMARY DOCUMENT
0000029534-12-000046,2012-06-11,2012-06-11,2012-06-11T20:15:34.000Z,,4,,,,4,4710,0,0,,xslF345X03/edgar.xml,PRIMARY DOCUMENT
0000029534-12-000047,2012-06-11,2012-06-11,2012-06-11T20:16:13.000Z,,4,,,,4,4729,0,0,,xslF345X03/edgar.xml,PRIMARY DOCUMENT
0000029534-12-000048,2012-06-11,2012-06-11,2012-06-11T20:16:48.000Z,,4,,,,4,4708,0,0,,xslF345X03/edgar.xml,PRIMARY DOCUMENT
0000029534-12-000049,2012-06-11,2012-06-11,2012-06-11T20:17:24.000Z,,4,,,,4,4792,0,0,,xslF345X03/edgar.xml,PRIMARY DOCUMENT
0000029534-12-000050,2012-06-11,2012-06-11,2012-06-11T20:17:58.000Z,,4,,,,4,4713,0,0,,xslF345X03/edgar.xml,PRIMARY DOCUMENT
0000029534-12-000051,2012-06-11,2012-06-11,2012-06-11T20:18:28.000Z,,4,,,,4,4703,0,0,,xslF345X03/edgar.xml,PRIMARY DOCUMENT
0000029534-12-000052,2012-06-11,2012-06-11,2012-06-11T20:49:20.000Z,,4,,,,4,7855,0,0,,xslF345X03/edgar.xml,PRIMARY DOCUMENT
0001104659-12-043355,2012-06-13,2012-06-11,2012-06-13T22:05:55.000Z,,4,,,,4,7829,0,0,,xslF345X03/a4.xml,4
0001104659-12-043358,2012-06-13,2012-06-11,2012-06-13T22:12:25.000Z,,4,,,,4,22949,0,0,,xslF345X03/a4.xml,4
0001104659-12-043365,2012-06-13,2012-06-11,2012-06-13T22:42:26.000Z,,4,,,,4,27109,0,0,,xslF345X03/a4.xml,4
0000769993-12-000384,2012-06-13,2012-06-11,2012-06-13T23:47:37.000Z,,4,,,,4,33548,0,0,,xslF345X03/dg420120604gsg_ex.xml,
0000769993-12-000387,2012-06-13,2012-06-11,2012-06-13T23:51:01.000Z,,4,,,,4,25603,0,0,,xslF345X03/dg420120604gsg2_ex.xml,
0000769993-12-000389,2012-06-13,2012-06-11,2012-06-13T23:53:56.000Z,,4,,,,4,15990,0,0,,xslF345X03/dg420120604amj_ex.xml,
0000029534-12-000053,2012-06-15,2012-06-15,2012-06-15T19:23:38.000Z,34,8-K,001-11421,12910059,7.01,8-K,27041,0,0,,form8k061512noticeofredempti.htm,FORM 8-K
0001047469-12-006925,2012-06-27,,2012-06-27T12:46:09.000Z,33,POSASR,333-165800,12928471,,POSASR,1049571,0,0,,a2210060zposasr.htm,POSASR
0001047469-12-006926,2012-06-27,,2012-06-27T12:55:29.000Z,33,424B2,333-165800,12928508,,424B2,826080,0,0,,a2210055z424b2.htm,424B2
0001104659-12-046311,2012-06-27,,2012-06-27T21:20:10.000Z,34,FWP,333-165800,12930360,,FWP,69891,0,0,,a12-15563_1fwp.htm,FWP
0001104659-12-046348,2012-06-28,,2012-06-28T00:43:16.000Z,34,FWP,333-165800,12930705,,FWP,69727,0,0,,a12-15563_1fwp.htm,FWP
0001104659-12-046352,2012-06-28,,2012-06-28T00:48:16.000Z,34,FWP,333-165800,12930706,,FWP,69644,0,0,,a12-15563_1fwp.htm,FWP
0001104659-12-046355,2012-06-28,,2012-06-28T00:53:01.000Z,34,FWP,333-165800,12930709,,FWP,69621,0,0,,a12-15563_1fwp.htm,FWP
0001104659-12-046358,2012-06-28,,2012-06-28T00:57:16.000Z,34,FWP,333-165800,12930711,,FWP,69628,0,0,,a12-15563_1fwp.htm,FWP
0001104659-12-046361,2012-06-28,,2012-06-28T01:02:24.000Z,34,FWP,333-165800,12930712,,FWP,69649,0,0,,a12-15563_1fwp.htm,FWP
0001104659-12-046366,2012-06-28,,2012-06-28T01:09:31.000Z,34,FWP,333-165800,12930718,,FWP,69646,0,0,,a12-15563_1fwp.htm,FWP
0001104659-12-046369,2012-06-28,,2012-06-28T01:14:32.000Z,34,FWP,333-165800,12930720,,FWP,69637,0,0,,a12-15563_1fwp.htm,FWP
0001104659-12-046372,2012-06-28,,2012-06-28T01:18:17.000Z,34,FWP,333-165800,12930726,,FWP,69642,0,0,,a12-15563_1fwp.htm,FWP
0001104659-12-046374,2012-06-28,,2012-06-28T01:22:17.000Z,34,FWP,333-165800,12930727,,FWP,69638,0,0,,a12-15563_1fwp.htm,FWP
0001104659-12-046376,2012-06-28,,2012-06-28T01:25:47.000Z,34,FWP,333-165800,12930729,,FWP,69645,0,0,,a12-15563_1fwp.htm,FWP
0001104659-12-046382,2012-06-28,,2012-06-28T01:31:28.000Z,34,FWP,333-165800,12930733,,FWP,69650,0,0,,a12-15563_1fwp.htm,FWP
0001104659-12-046385,2012-06-28,,2012-06-28T01:34:17.000Z,34,FWP,333-165800,12930735,,FWP,69639,0,0,,a12-15563_1fwp.htm,FWP
0001104659-12-046387,2012-06-28,,2012-06-28T01:38:17.000Z,34,FWP,333-165800,12930737,,FWP,69649,0,0,,a12-15563_1fwp.htm,FWP
0001104659-12-046391,2012-06-28,,2012-06-28T01:41:18.000Z,34,FWP,333-165800,12930738,,FWP,69643,0,0,,a12-15563_1fwp.htm,FWP
0001104659-12-046395,2012-06-28,,2012-06-28T01:46:17.000Z,34,FWP,333-165800,12930741,,FWP,69642,0,0,,a12-15563_1fwp.htm,FWP
0001104659-12-046398,2012-06-28,,2012-06-28T01:49:18.000Z,34,FWP,333-165800,12930745,,FWP,69740,0,0,,a12-15563_1fwp.htm,FWP
0001104659-12-046400,2012-06-28,,2012-06-28T01:52:33.000Z,34,FWP,333-165800,12930748,,FWP,69639,0,0,,a12-15563_1fwp.htm,FWP
0001104659-12-046402,2012-06-28,,2012-06-28T01:54:48.000Z,34,FWP,333-165800,12930752,,FWP,69638,0,0,,a12-15563_1fwp.htm,FWP
0001104659-12-046404,2012-06-28,,2012-06-28T01:57:03.000Z,34,FWP,333-165800,12930754,,FWP,69637,0,0,,a12-15563_1fwp.htm,FWP
0001104659-12-046407,2012-06-28,,2012-06-28T02:00:05.000Z,34,FWP,333-165800,12930755,,FWP,69718,0,0,,a12-15563_1fwp.htm,FWP
0001104659-12-046417,2012-06-28,,2012-06-28T10:03:46.000Z,34,FWP,333-165800,12930779,,FWP,69807,0,0,,a12-15563_1fwp.htm,FWP
0001104659-12-046438,2012-06-28,,2012-06-28T10:18:31.000Z,34,FWP,333-165800,12930799,,FWP,69620,0,0,,a12-15563_1fwp.htm,424A
0001104659-12-046440,2012-06-28,,2012-06-28T10:27:46.000Z,34,FWP,333-165800,12930801,,FWP,69620,0,0,,a12-15563_1fwp.htm,FWP
0001104659-12-046443,2012-06-28,,2012-06-28T10:34:47.000Z,34,FWP,333-165800,12930806,,FWP,69621,0,0,,a12-15563_1fwp.htm,FWP
0001104659-12-046445,2012-06-28,,2012-06-28T10:40:23.000Z,34,FWP,333-165800,12930809,,FWP,69655,0,0,,a12-15563_1fwp.htm,FWP
0001047469-12-006954,2012-06-28,,2012-06-28T17:52:29.000Z,33,424B5,333-165800,12932000,,424B5,841132,0,0,,a2210087z424b5.htm,424B5
0001104659-12-047347,2012-07-03,2012-06-27,2012-07-03T14:16:58.000Z,34,8-K,001-11421,12942358,"1.01,8.01,9.01",8-K,555251,0,0,,a12-15676_18k.htm,8-K
0001047469-12-007227,2012-07-17,2012-07-12,2012-07-17T14:39:42.000Z,34,8-K,001-11421,12964939,"1.01,2.03,8.01,9.01",8-K,538547,0,0,,a2210217z8-k.htm,8-K
0000769993-12-000539,2012-08-23,2012-08-20,2012-08-23T22:05:37.000Z,,4,,,,4,7220,0,0,,xslF345X03/ownershipdoc08202012031018.xml,
0001157523-12-004772,2012-09-05,2012-09-05,2012-09-05T11:03:40.000Z,34,8-K,001-11421,121072229,"2.02,7.01,9.01",8-K,358813,0,0,,a50395982.htm,DOLLAR GENERAL CORPORATION 8-K
0001104659-12-061560,2012-09-05,2012-08-03,2012-09-05T12:19:50.000Z,34,10-Q,001-11421,121072323,,10-Q,13320786,1,0,,a12-15029_110q.htm,10-Q
0000029534-12-000054,2012-09-18,2012-09-14,2012-09-18T21:04:34.000Z,,4,,,,4,10271,0,0,,xslF345X03/edgar.xml,PRIMARY DOCUMENT
0000029534-12-000055,2012-09-18,2012-09-14,2012-09-18T21:05:41.000Z,,4,,,,4,10175,0,0,,xslF345X03/edgar.xml,PRIMARY DOCUMENT
0000029534-12-000056,2012-09-19,2012-09-17,2012-09-19T21:04:17.000Z,,4,,,,4,10208,0,0,,xslF345X03/edgar.xml,PRIMARY DOCUMENT
0001104659-12-065678,2012-09-27,2012-09-25,2012-09-27T10:42:21.000Z,34,8-K,001-11421,121111867,"1.01,9.01",8-K,87286,0,0,,a12-22157_18k.htm,8-K
0001047469-12-009119,2012-09-27,,2012-09-27T11:12:54.000Z,33,424B7,333-165800,121111886,,424B7,666679,0,0,,a2211172z424b7.htm,424B7
0001104659-12-066006,2012-09-28,,2012-09-28T00:45:26.000Z,34,FWP,333-165800,121114393,,FWP,8892,0,0,,a12-22119_2fwp.htm,FWP
0000029534-12-000057,2012-09-28,2012-09-27,2012-09-28T16:03:12.000Z,,4,,,,4,10242,0,0,,xslF345X03/edgar.xml,PRIMARY DOCUMENT
0000029534-12-000058,2012-09-28,2012-09-27,2012-09-28T16:05:25.000Z,,4,,,,4,10137,0,0,,xslF345X03/edgar.xml,PRIMARY DOCUMENT
0000029534-12-000059,2012-09-28,2012-09-27,2012-09-28T16:06:52.000Z,,4,,,,4,14403,0,0,,xslF345X03/edgar.xml,PRIMARY DOCUMENT
0000029534-12-000060,2012-09-28,2012-09-27,2012-09-28T16:08:41.000Z,,4,,,,4,16686,0,0,,xslF345X03/edgar.xml,PRIMARY DOCUMENT
0001047469-12-009173,2012-09-28,,2012-09-28T17:44:55.000Z,33,424B7,333-165800,121115835,,424B7,670273,0,0,,a2211172z424b7.htm,424B7
0001104659-12-067205,2012-10-03,2012-09-27,2012-10-03T14:59:11.000Z,34,8-K,001-11421,121125636,"1.01,8.01,9.01",8-K,452355,0,0,,a12-22423_18k.htm,8-K
0000029534-12-000061,2012-10-05,2012-10-03,2012-10-05T16:04:48.000Z,,4,,,,4,4546,0,0,,xslF345X03/edgar.xml,PRIMARY DOCUMENT
0000029534-12-000062,2012-10-05,2012-10-03,2012-10-05T16:18:13.000Z,,4,,,,4,4496,0,0,,xslF345X03/edgar.xml,PRIMARY DOCUMENT
0000029534-12-000063,2012-10-05,2012-10-03,2012-10-05T16:20:14.000Z,,4,,,,4,4581,0,0,,xslF345X03/edgar.xml,PRIMARY DOCUMENT
0000029534-12-000064,2012-10-05,2012-10-03,2012-10-05T16:23:19.000Z,,4,,,,4,4507,0,0,,xslF345X03/edgar.xml,PRIMARY DOCUMENT
0000029534-12-000065,2012-10-05,2012-10-03,2012-10-05T20:38:57.000Z,,4,,,,4,10817,0,0,,xslF345X03/edgar.xml,PRIMARY DOCUMENT
0000029534-12-000066,2012-10-05,2012-10-03,2012-10-05T20:40:44.000Z,,4,,,,4,10801,0,0,,xslF345X03/edgar.xml,PRIMARY DOCUMENT
0000029534-12-000067,2012-10-05,2012-10-03,2012-10-05T20:43:09.000Z,,4,,,,4,7632,0,0,,xslF345X03/edgar.xml,PRIMARY DOCUMENT
0001104659-12-067879,2012-10-05,2012-10-03,2012-10-05T21:03:48.000Z,,4,,,,4,7828,0,0,,xslF345X03/a4.xml,4
0001104659-12-067880,2012-10-05,2012-10-03,2012-10-05T21:04:03.000Z,,4,,,,4,22946,0,0,,xslF345X03/a4.xml,4
0001104659-12-067881,2012-10-05,2012-10-03,2012-10-05T21:04:20.000Z,,4,,,,4,27109,0,0,,xslF345X03/a4.xml,4
0000769993-12-000556,2012-10-05,2012-10-03,2012-10-05T22:01:27.000Z,,4,,,,4,15330,0,0,,xslF345X03/ownershipdoc09262012095642.xml,
0001546584-12-000014,2012-10-12,2012-10-10,2012-10-12T14:37:56.000Z,,4,,,,4,15588,0,0,,xslF345X03/edgar.xml,PRIMARY DOCUMENT
0001546584-12-000015,2012-10-12,2012-10-10,2012-10-12T14:38:55.000Z,,4,,,,4,15608,0,0,,xslF345X03/edgar.xml,PRIMARY DOCUMENT
0001546584-12-000016,2012-10-12,2012-10-10,2012-10-12T14:39:53.000Z,,4,,,,4,9257,0,0,,xslF345X03/edgar.xml,PRIMARY DOCUMENT
0001104659-12-068953,2012-10-12,2012-10-10,2012-10-12T21:11:29.000Z,,4,,,,4,9665,0,0,,xslF345X03/a4.xml,4
0001104659-12-068954,2012-10-12,2012-10-10,2012-10-12T21:11:43.000Z,,4,,,,4,32936,0,0,,xslF345X03/a4.xml,4
0001104659-12-068955,2012-10-12,2012-10-10,2012-10-12T21:12:29.000Z,,4,,,,4,37099,0,0,,xslF345X03/a4.xml,4
0001104659-12-068963,2012-10-12,2012-10-09,2012-10-12T21:28:44.000Z,34,8-K,001-11421,121142462,"1.01,8.01,9.01",8-K,449311,0,0,,a12-23825_18k.htm,8-K
0000769993-12-000564,2012-10-12,2012-10-10,2012-10-13T00:24:42.000Z,,4,,,,4,22466,0,0,,xslF345X03/ownershipdoc10082012043819.xml,
0000029534-12-000069,2012-10-15,2012-10-12,2012-10-15T19:11:28.000Z,34,8-K,001-11421,121143668,"5.02,9.01",8-K,1581168,0,0,,form8k101212filikrushel.htm,FORM 8-K
0000029534-12-000070,2012-10-17,2012-10-15,2012-10-17T22:18:44.000Z,,3,,,,3,9692,0,0,,xslF345X02/edgar.xml,PRIMARY DOCUMENT
0001546584-12-000020,2012-10-19,2012-10-18,2012-10-19T20:56:55.000Z,,4,,,,4,5261,0,0,,xslF345X03/edgar.xml,PRIMARY DOCUMENT
0000029534-12-000071,2012-10-29,2012-10-24,2012-10-26T21:41:09.000Z,34,8-K,001-11421,121165281,"7.01,9.01",8-K,22355,0,0,,form8k102412litigationupdate.htm,FORM 8-K RE LITIGATION UPDATE
0000769993-12-000631,2012-11-29,2012-11-27,2012-11-30T01:12:58.000Z,,4,,,,4,19774,0,0,,xslF345X03/ownershipdoc11262012100603.xml,
0001104659-12-080954,2012-11-29,2012-11-27,2012-11-30T01:31:48.000Z,,4,,,,4,47690,0,0,,xslF345X03/a4.xml,4
0001104659-12-080955,2012-11-29,2012-11-27,2012-11-30T01:32:40.000Z,,4,,,,4,43527,0,0,,xslF345X03/a4.xml,4
0001104659-12-080956,2012-11-29,2012-11-27,2012-11-30T01:32:57.000Z,,4,,,,4,11976,0,0,,xslF345X03/a4.xml,4
0000029534-12-000072,2012-11-30,2012-11-27,2012-12-01T02:33:20.000Z,,4,,,,4,15459,0,0,,xslF345X03/edgar.xml,PRIMARY DOCUMENT
0000029534-12-000073,2012-11-30,2012-11-27,2012-12-01T02:36:05.000Z,,4,,,,4,27828,0,0,,xslF345X03/edgar.xml,PRIMARY DOCUMENT
0000029534-12-000074,2012-11-30,2012-11-27,2012-12-01T02:38:43.000Z,,4,,,,4,27900,0,0,,xslF345X03/edgar.xml,PRIMARY DOCUMENT
0001104659-12-081547,2012-12-03,2012-11-29,2012-12-03T22:36:30.000Z,,4,,,,4,37716,0,0,,xslF345X03/a4.xml,4
0001104659-12-081548,2012-12-03,2012-11-29,2012-12-03T22:37:01.000Z,,4,,,,4,10151,0,0,,xslF345X03/a4.xml,4
0001104659-12-081549,2012-12-03,2012-11-29,2012-12-03T22:37:28.000Z,,4,,,,4,33553,0,0,,xslF345X03/a4.xml,4
0000769993-12-000635,2012-12-03,2012-11-29,2012-12-03T23:14:16.000Z,,4,,,,4,17532,0,0,,xslF345X03/ownershipdoc12032012095808.xml,
0000029534-12-000076,2012-12-05,2012-12-05,2012-12-05T21:05:06.000Z,34,8-K,001-11421,121243410,"5.02,9.01",8-K,1583229,0,0,,form8k120512cochran.htm,
0000029534-12-000077,2012-12-06,2012-12-04,2012-12-06T16:25:02.000Z,,4,,,,4,7239,0,0,,xslF345X03/edgar.xml,PRIMARY DOCUMENT
0000029534-12-000079,2012-12-06,2012-12-05,2012-12-06T19:17:04.000Z,,3,,,,3,9575,0,0,,xslF345X02/edgar.xml,PRIMARY DOCUMENT
0000029534-12-000080,2012-12-07,2012-12-06,2012-12-07T17:09:40.000Z,,4,,,,4,12441,0,0,,xslF345X03/edgar.xml,PRIMARY DOCUMENT
0001157523-12-006336,2012-12-11,2012-12-11,2012-12-11T12:01:58.000Z,34,8-K,001-11421,121254896,"2.02,7.01,9.01",8-K,355255,0,0,,a50503668.htm,DOLLAR GENERAL CORPORATION 8-K
0001104659-12-083153,2012-12-11,2012-11-02,2012-12-11T13:08:51.000Z,34,10-Q,001-11421,121254941,,10-Q,14207413,1,0,,a12-22085_110q.htm,10-Q
0000029534-13-000001,2013-02-05,2013-02-01,2013-02-05T21:14:37.000Z,34,8-K,001-11421,13574145,"1.01,5.02",8-K,33880,0,0,,form8k020113msawaiver.htm,FORM 8-K
0000080255-13-000356,2013-02-11,,2013-02-11T18:10:13.000Z,34,SC 13G/A,005-40997,13590419,,SC 13G/A,27515,0,0,,dg13gadec12.htm,DG AS OF 12/31/12
0001193125-13-059230,2013-02-14,,2013-02-14T18:41:01.000Z,34,SC 13G/A,005-40997,13610521,,SC 13G/A,209133,0,0,,d469461dsc13ga.htm,AMENDMENT NO. 3 TO SCHEDULE 13G
0001193125-13-059262,2013-02-14,,2013-02-14T18:47:45.000Z,34,SC 13G/A,005-40997,13610620,,SC 13G/A,60561,0,0,,d469459dsc13ga.htm,AMENDMENT NO.3 TO SCHEDULE 13G
0000769993-13-000239,2013-02-14,,2013-02-14T20:14:26.000Z,34,SC 13G/A,005-40997,13612678,,SC 13G/A,87488,0,0,,dollargeneralcorporation3.txt,
0000769993-13-000267,2013-03-05,2013-03-01,2013-03-05T20:26:51.000Z,,4,,,,4,11502,0,0,,xslF345X03/ownershipdoc03042013102600.xml,
0000029534-13-000002,2013-03-19,2013-03-18,2013-03-19T20:56:37.000Z,,4,,,,4,7172,0,0,,xslF345X03/edgar.xml,PRIMARY DOCUMENT
0000029534-13-000003,2013-03-19,2013-03-18,2013-03-19T21:02:46.000Z,,4,,,,4,10995,0,0,,xslF345X03/edgar.xml,PRIMARY DOCUMENT
0000029534-13-000004,2013-03-19,2013-03-18,2013-03-19T21:16:45.000Z,,4,,,,4,10950,0,0,,xslF345X03/edgar.xml,PRIMARY DOCUMENT
0000029534-13-000005,2013-03-19,2013-03-18,2013-03-19T21:20:16.000Z,,4,,,,4,19622,0,0,,xslF345X03/edgar.xml,PRIMARY DOCUMENT
0000029534-13-000006,2013-03-19,2013-03-18,2013-03-19T21:23:21.000Z,,4,,,,4,11035,0,0,,xslF345X03/edgar.xml,PRIMARY DOCUMENT
0000029534-13-000007,2013-03-19,2013-03-18,2013-03-19T21:27:03.000Z,,4,,,,4,19553,0,0,,xslF345X03/edgar.xml,PRIMARY DOCUMENT
0000029534-13-000008,2013-03-19,2013-03-18,2013-03-19T21:30:41.000Z,,4,,,,4,10984,0,0,,xslF345X03/edgar.xml,PRIMARY DOCUMENT
0000029534-13-000009,2013-03-19,2013-03-18,2013-03-19T21:33:14.000Z,,4,,,,4,13710,0,0,,xslF345X03/edgar.xml,PRIMARY DOCUMENT
0000029534-13-000010,2013-03-19,2013-03-18,2013-03-19T21:41:26.000Z,,4,,,,4,10935,0,0,,xslF345X03/edgar.xml,PRIMARY DOCUMENT
0001157523-13-001529,2013-03-25,2013-03-19,2013-03-25T11:05:02.000Z,34,8-K,001-11421,13712689,"2.02,5.02,7.01,9.01",8-K,384655,0,0,,a50596207.htm,DOLLAR GENERAL CORPORATION 8-K
0001047469-13-003283,2013-03-25,2013-02-01,2013-03-25T12:18:17.000Z,34,10-K,001-11421,13712762,,10-K,14100801,1,0,,a2213303z10-k.htm,10-K
0001047469-13-003287,2013-03-25,2013-05-29,2013-03-25T14:05:30.000Z,34,PRE 14A,001-11421,13712991,,PRE 14A,938366,0,0,,a2213903zpre14a.htm,PRE 14A
0001047469-13-003297,2013-03-25,,2013-03-25T15:41:37.000Z,33,S-3ASR,333-187493,13713303,,S-3ASR,1208768,0,0,,a2213884zs-3asr.htm,S-3ASR
0001047469-13-003441,2013-03-27,,2013-03-27T11:10:55.000Z,33,424B7,333-187493,13718247,,424B7,541725,0,0,,a2214058z424b7.htm,424B7
0000029534-13-000011,2013-03-28,2013-03-27,2013-03-28T20:33:23.000Z,,4,,,,4,10223,0,0,,xslF345X03/edgar.xml,PRIMARY DOCUMENT
0000029534-13-000012,2013-03-28,2013-03-27,2013-03-28T20:34:25.000Z,,4,,,,4,10390,0,0,,xslF345X03/edgar.xml,PRIMARY DOCUMENT
0000029534-13-000013,2013-03-28,2013-03-27,2013-03-28T20:35:26.000Z,,4,,,,4,18953,0,0,,xslF345X03/edgar.xml,PRIMARY DOCUMENT
0000029534-13-000014,2013-03-28,2013-03-27,2013-03-28T20:36:14.000Z,,4,,,,4,16634,0,0,,xslF345X03/edgar.xml,PRIMARY DOCUMENT
0001047469-13-003590,2013-03-28,,2013-03-28T21:02:25.000Z,33,424B7,333-187493,13724780,,424B7,546251,0,0,,a2214125z424b7.htm,424B7
0001104659-13-026501,2013-04-02,2013-03-27,2013-04-02T21:02:20.000Z,34,8-K,001-11421,13736312,"1.01,8.01,9.01",8-K,446577,0,0,,a13-9204_18k.htm,8-K
0000029534-13-000015,2013-04-03,2013-04-02,2013-04-03T15:13:31.000Z,,4,,,,4,4598,0,0,,xslF345X03/edgar.xml,PRIMARY DOCUMENT
0000029534-13-000016,2013-04-03,2013-04-03,2013-04-03T20:36:23.000Z,,4,,,,4,4531,0,0,,xslF345X03/edgar.xml,PRIMARY DOCUMENT
0000029534-13-000017,2013-04-03,2013-04-03,2013-04-03T20:37:28.000Z,,4,,,,4,4488,0,0,,xslF345X03/edgar.xml,PRIMARY DOCUMENT
0000029534-13-000018,2013-04-03,2013-04-03,2013-04-03T20:41:31.000Z,,4,,,,4,4492,0,0,,xslF345X03/edgar.xml,PRIMARY DOCUMENT
0000029534-13-000019,2013-04-03,2013-04-03,2013-04-03T20:42:44.000Z,,4,,,,4,10570,0,0,,xslF345X03/edgar.xml,PRIMARY DOCUMENT
0000029534-13-000020,2013-04-03,2013-04-03,2013-04-03T20:44:11.000Z,,4,,,,4,7458,0,0,,xslF345X03/edgar.xml,PRIMARY DOCUMENT
0001104659-13-027417,2013-04-05,2013-04-03,2013-04-05T20:19:40.000Z,,4,,,,4,27095,0,0,,xslF345X03/a4.xml,4
0001104659-13-027418,2013-04-05,2013-04-03,2013-04-05T20:19:54.000Z,,4,,,,4,22935,0,0,,xslF345X03/a4.xml,4
0001104659-13-027419,2013-04-05,2013-04-03,2013-04-05T20:20:25.000Z,,4,,,,4,7824,0,0,,xslF345X03/a4.xml,4
0000769993-13-000301,2013-04-05,2013-04-03,2013-04-05T21:50:43.000Z,,4,,,,4,9456,0,0,,xslF345X03/ownershipdoc04022013095347.xml,
0001047469-13-004064,2013-04-08,,2013-04-08T12:54:27.000Z,33,424B2,333-187493,13747420,,424B2,717276,0,0,,a2214311z424b2.htm,424B2
0001104659-13-027740,2013-04-09,,2013-04-08T21:31:21.000Z,34,FWP,333-187493,13749150,,FWP,52559,0,0,,a13-9599_3fwp.htm,FWP
0001047469-13-004155,2013-04-10,,2013-04-10T00:02:08.000Z,33,424B2,333-187493,13752090,,424B2,727698,0,0,,a2214371z424b2.htm,424B2
0001104659-13-028623,2013-04-11,2013-04-08,2013-04-11T17:13:15.000Z,34,8-K,001-11421,13755581,"1.01,1.02,2.03,8.01,9.01",8-K,2164390,0,0,,a13-9784_18k.htm,8-K
0001047469-13-004232,2013-04-11,2013-05-29,2013-04-11T18:23:51.000Z,34,DEF 14A,001-11421,13755891,,DEF 14A,911610,0,0,,a2214315zdef14a.htm,DEF 14A
0001104659-13-028706,2013-04-11,,2013-04-11T20:26:57.000Z,34,DEFA14A,001-11421,13756495,,DEFA14A,210937,0,0,,a13-1762_3defa14a.htm,DEFA14A
9999999997-13-008270,2013-04-12,2013-02-01,2013-04-17T16:16:45.000Z,34,ARS,001-11421,13001878,,ARS,1478,0,0,,9999999997-13-008270.paper,AUTO-GENERATED PAPER DOCUMENT
0000029534-13-000021,2013-04-22,2013-04-22,2013-04-22T20:23:44.000Z,,4,,,,4,9053,0,0,,xslF345X03/edgar.xml,PRIMARY DOCUMENT
0000029534-13-000022,2013-04-22,2013-04-22,2013-04-22T20:24:54.000Z,,4,,,,4,5951,0,0,,xslF345X03/edgar.xml,PRIMARY DOCUMENT
0000769993-13-000317,2013-04-24,2013-04-22,2013-04-24T21:33:28.000Z,,4,,,,4,9950,0,0,,xslF345X03/ownershipdoc04222013122627.xml,
0000029534-13-000024,2013-05-30,2013-05-29,2013-05-30T18:40:25.000Z,,4,,,,4,12796,0,0,,xslF345X03/edgar.xml,PRIMARY DOCUMENT
0000029534-13-000025,2013-05-30,2013-05-29,2013-05-30T18:41:18.000Z,,4,,,,4,13284,0,0,,xslF345X03/edgar.xml,PRIMARY DOCUMENT
0000029534-13-000026,2013-05-30,2013-05-29,2013-05-30T18:41:56.000Z,,4,,,,4,12982,0,0,,xslF345X03/edgar.xml,PRIMARY DOCUMENT
0000029534-13-000027,2013-05-30,2013-05-29,2013-05-30T18:42:36.000Z,,4,,,,4,13051,0,0,,xslF345X03/edgar.xml,PRIMARY DOCUMENT
0000029534-13-000028,2013-05-30,2013-05-29,2013-05-30T18:43:17.000Z,,4,,,,4,12729,0,0,,xslF345X03/edgar.xml,PRIMARY DOCUMENT
0000029534-13-000029,2013-05-30,2013-05-29,2013-05-30T18:43:47.000Z,,4,,,,4,12798,0,0,,xslF345X03/edgar.xml,PRIMARY DOCUMENT
0000029534-13-000030,2013-05-30,2013-05-29,2013-05-30T19:26:08.000Z,,4,,,,4,13256,0,0,,xslF345X03/edgar.xml,PRIMARY DOCUMENT
0000769993-13-000353,2013-05-31,2013-05-29,2013-05-31T20:21:27.000Z,,4,,,,4,12061,0,0,,xslF345X03/ownershipdoc05302013115535.xml,
0001157523-13-002992,2013-06-04,2013-05-29,2013-06-04T11:05:50.000Z,34,8-K,001-11421,13889701,"2.02,5.07,7.01,9.01",8-K,271631,0,0,,a50645170.htm,DOLLAR GENERAL CORPORATION 8-K
0001104659-13-046606,2013-06-04,2013-05-03,2013-06-04T13:00:53.000Z,34,10-Q,001-11421,13889847,,10-Q,5798184,1,0,,a13-9448_110q.htm,10-Q
0000029534-13-000031,2013-06-05,2013-06-01,2013-06-05T18:31:27.000Z,,3,,,,3,15249,0,0,,xslF345X02/edgar.xml,PRIMARY DOCUMENT
0000769993-13-000355,2013-06-06,2013-06-04,2013-06-06T19:34:52.000Z,,4,,,,4,11658,0,0,,xslF345X03/ownershipdoc06032013013940.xml,
0000769993-13-000364,2013-06-10,2013-06-06,2013-06-10T23:52:06.000Z,,4,,,,4,9830,0,0,,xslF345X03/ownershipdoc06102013093840.xml,
0000769993-13-000366,2013-06-11,2013-06-10,2013-06-11T19:15:12.000Z,,4,,,,4,9827,0,0,,xslF345X03/ownershipdoc06102013093840.xml,
0000029534-13-000032,2013-07-15,2013-07-11,2013-07-15T20:07:23.000Z,,4,,,,4,15001,0,0,,xslF345X03/edgar.xml,PRIMARY DOCUMENT
0000029534-13-000033,2013-07-15,2013-07-11,2013-07-15T20:12:17.000Z,,4,,,,4,11800,0,0,,xslF345X03/edgar.xml,PRIMARY DOCUMENT
0000029534-13-000034,2013-07-15,2013-07-11,2013-07-15T20:16:19.000Z,,4,,,,4,14406,0,0,,xslF345X03/edgar.xml,PRIMARY DOCUMENT
0000769993-13-000403,2013-07-15,2013-07-11,2013-07-15T22:48:08.000Z,,4,,,,4,13640,0,0,,xslF345X03/ownershipdoc07152013103102.xml,
0000919574-13-004162,2013-07-22,,2013-07-22T20:38:01.000Z,34,SC 13G,005-40997,13979529,,SC 13G,260236,0,0,,d1400131_13-g.htm,
0000029534-13-000035,2013-08-01,2013-07-11,2013-08-01T22:24:25.000Z,,4/A,,,,4/A,9015,0,0,,xslF345X03/edgar.xml,PRIMARY DOCUMENT
0000029534-13-000036,2013-08-01,2013-07-11,2013-08-01T22:25:20.000Z,,4/A,,,,4/A,9538,0,0,,xslF345X03/edgar.xml,PRIMARY DOCUMENT
0000029534-13-000037,2013-08-01,2013-07-11,2013-08-01T22:26:33.000Z,,4/A,,,,4/A,6209,0,0,,xslF345X03/edgar.xml,PRIMARY DOCUMENT
0000029534-13-000038,2013-08-21,2013-08-19,2013-08-21T17:09:09.000Z,,4,,,,4,10042,0,0,,xslF345X03/edgar.xml,PRIMARY DOCUMENT
0000902664-13-003072,2013-08-26,,2013-08-26T20:54:40.000Z,34,SC 13G,005-40997,131060738,,SC 13G,67738,0,0,,p13-1640sc13g.htm,DOLLAR GENERAL CORPORATION
0001157523-13-004324,2013-09-04,2013-09-04,2013-09-04T11:06:06.000Z,34,8-K,001-11421,131076545,"2.02,7.01,9.01",8-K,369072,0,0,,a50701784.htm,DOLLAR GENERAL CORPORATION 8-K
0001104659-13-067873,2013-09-04,2013-08-02,2013-09-04T12:54:52.000Z,34,10-Q,001-11421,131076683,,10-Q,7348288,1,0,,a13-14905_110q.htm,10-Q
0000029534-13-000039,2013-09-18,2013-09-17,2013-09-18T17:32:58.000Z,,4,,,,4,4962,0,0,,xslF345X03/edgar.xml,PRIMARY DOCUMENT
0000029534-13-000040,2013-09-20,2013-09-18,2013-09-20T17:01:17.000Z,,4,,,,4,19759,0,0,,xslF345X03/edgar.xml,PRIMARY DOCUMENT
0000769993-13-000479,2013-10-21,2013-10-17,2013-10-21T22:15:13.000Z,,4,,,,4,12539,0,0,,xslF345X03/ownershipdoc10172013115247.xml,
0000769993-13-000484,2013-10-29,2013-10-25,2013-10-29T22:11:46.000Z,,4,,,,4,12545,0,0,,xslF345X03/ownershipdoc10282013104933.xml,
0000029534-13-000041,2013-11-08,2013-11-01,2013-11-08T20:05:08.000Z,,3,,,,3,9458,0,0,,xslF345X02/edgar.xml,PRIMARY DOCUMENT
0000029534-13-000042,2013-11-08,2013-11-04,2013-11-08T20:11:55.000Z,34,8-K,001-11421,131204337,"5.02,8.01",8-K,29862,0,0,,vasos8k.htm,
0000029534-13-000043,2013-11-13,2013-11-11,2013-11-13T21:42:54.000Z,34,8-K,001-11421,131215184,"5.02,9.01",8-K,23956,0,0,,agrawal8k.htm,8-K RE AGRAWAL AND JONES
0000769993-13-000523,2013-11-29,2013-11-26,2013-11-29T20:21:23.000Z,,4,,,,4,11639,0,0,,xslF345X03/ownershipdoc11242013015056.xml,
0000029534-13-000044,2013-12-04,2013-12-03,2013-12-04T16:04:49.000Z,,4,,,,4,5151,0,0,,xslF345X03/edgar.xml,PRIMARY DOCUMENT
0000029534-13-000045,2013-12-04,2013-12-03,2013-12-04T16:08:10.000Z,,4,,,,4,5167,0,0,,xslF345X03/edgar.xml,PRIMARY DOCUMENT
0001157523-13-005697,2013-12-05,2013-12-05,2013-12-05T12:14:31.000Z,34,8-K,001-11421,131258702,"2.02,7.01,9.01",8-K,408937,0,0,,a50762897.htm,DOLLAR GENERAL CORPORATION 8-K
0001104659-13-088513,2013-12-05,2013-11-01,2013-12-05T13:50:35.000Z,34,10-Q,001-11421,131258815,,10-Q,5781720,1,0,,a13-21551_110q.htm,10-Q
0000029534-13-000046,2013-12-06,2013-11-04,2013-12-06T14:44:05.000Z,34,8-K/A,001-11421,131261321,"5.02,9.01",8-K/A,24905,0,0,,vasos8kamendment.htm,
0000029534-13-000047,2013-12-10,2013-12-09,2013-12-10T22:28:20.000Z,,4,,,,4,9512,0,0,,xslF345X03/edgar.xml,PRIMARY DOCUMENT
0000029534-13-000048,2013-12-12,2013-12-11,2013-12-12T21:43:08.000Z,,4,,,,4,8564,0,0,,xslF345X03/edgar.xml,PRIMARY DOCUMENT
0000029534-13-000049,2013-12-12,2013-12-11,2013-12-12T21:44:05.000Z,,4,,,,4,8577,0,0,,xslF345X03/edgar.xml,PRIMARY DOCUMENT
0000029534-13-000050,2013-12-12,2013-12-11,2013-12-12T22:54:55.000Z,,4,,,,4,12276,0,0,,xslF345X03/edgar.xml,PRIMARY DOCUMENT
0000769993-13-000538,2013-12-20,2013-12-11,2013-12-20T18:30:47.000Z,,4,,,,4,7243,0,0,,xslF345X03/ownershipdoc12172013103531.xml,
0000932471-14-004172,2014-02-12,,2014-02-12T16:34:20.000Z,34,SC 13G,005-40997,14597926,,SC 13G,51858,0,0,,dollargeneralinc.htm,
0000315066-14-002071,2014-02-14,,2014-02-14T11:48:41.000Z,34,SC 13G,005-40997,14609710,,SC 13G,12558,0,0,,filing.txt,
0001104659-14-010299,2014-02-14,,2014-02-14T15:58:17.000Z,34,SC 13G/A,005-40997,14612353,,SC 13G/A,263574,0,0,,a14-5439_1sc13ga.htm,SC 13G/A
0001104659-14-010301,2014-02-14,,2014-02-14T15:59:17.000Z,34,SC 13G/A,005-40997,14612362,,SC 13G/A,73974,0,0,,a14-5437_1sc13ga.htm,SC 13G/A
0000919574-14-001536,2014-02-14,,2014-02-14T17:07:16.000Z,34,SC 13G/A,005-40997,14613156,,SC 13G/A,254021,0,0,,d1453643_13g-a.htm,
0000902664-14-001092,2014-02-14,,2014-02-14T18:03:00.000Z,34,SC 13G/A,005-40997,14613754,,SC 13G/A,61106,0,0,,p14-0128sc13ga.htm,DOLLAR GENERAL CORPORATION
9999999997-14-003195,2014-03-07,2014-01-17,2014-03-20T18:44:38.000Z,34,NO ACT,001-11421,14005559,,NO ACT,1487,0,0,,9999999997-14-003195.paper,AUTO-GENERATED PAPER DOCUMENT
0001157523-14-001062,2014-03-13,2014-03-13,2014-03-13T11:08:41.000Z,34,8-K,001-11421,14689594,"2.02,7.01,9.01",8-K,294558,0,0,,a50823597.htm,DOLLAR GENERAL CORPORATION 8-K
0000029534-14-000001,2014-03-13,2014-03-11,2014-03-13T17:48:28.000Z,,4,,,,4,12771,0,0,,xslF345X03/edgar.xml,PRIMARY DOCUMENT
0000029534-14-000002,2014-03-13,2014-03-11,2014-03-13T17:51:42.000Z,,4,,,,4,12713,0,0,,xslF345X03/edgar.xml,PRIMARY DOCUMENT
0000029534-14-000003,2014-03-13,2014-03-11,2014-03-13T17:52:57.000Z,,4,,,,4,9805,0,0,,xslF345X03/edgar.xml,PRIMARY DOCUMENT
0000029534-14-000004,2014-03-13,2014-03-11,2014-03-13T17:54:06.000Z,,4,,,,4,9812,0,0,,xslF345X03/edgar.xml,PRIMARY DOCUMENT
0000029534-14-000005,2014-03-13,2014-03-11,2014-03-13T17:55:25.000Z,,4,,,,4,12767,0,0,,xslF345X03/edgar.xml,PRIMARY DOCUMENT
0000029534-14-000006,2014-03-13,2014-03-11,2014-03-13T17:56:23.000Z,,4,,,,4,6867,0,0,,xslF345X03/edgar.xml,PRIMARY DOCUMENT
0000029534-14-000007,2014-03-13,2014-03-11,2014-03-13T17:57:23.000Z,,4,,,,4,6767,0,0,,xslF345X03/edgar.xml,PRIMARY DOCUMENT
0000029534-14-000008,2014-03-13,2014-03-11,2014-03-13T17:58:46.000Z,,4,,,,4,12721,0,0,,xslF345X03/edgar.xml,PRIMARY DOCUMENT
0000029534-14-000009,2014-03-19,2014-03-18,2014-03-19T20:17:21.000Z,,4,,,,4,10882,0,0,,xslF345X03/edgar.xml,PRIMARY DOCUMENT
0000029534-14-000010,2014-03-19,2014-03-18,2014-03-19T20:18:31.000Z,,4,,,,4,8677,0,0,,xslF345X03/edgar.xml,PRIMARY DOCUMENT
0000029534-14-000011,2014-03-19,2014-03-18,2014-03-19T20:19:34.000Z,,4,,,,4,6960,0,0,,xslF345X03/edgar.xml,PRIMARY DOCUMENT
0000029534-14-000012,2014-03-19,2014-03-18,2014-03-19T20:23:29.000Z,,4,,,,4,8789,0,0,,xslF345X03/edgar.xml,PRIMARY DOCUMENT
0000029534-14-000013,2014-03-19,2014-03-18,2014-03-19T20:24:40.000Z,,4,,,,4,8833,0,0,,xslF345X03/edgar.xml,PRIMARY DOCUMENT
0000029534-14-000014,2014-03-19,2014-03-18,2014-03-19T20:25:47.000Z,,4,,,,4,8798,0,0,,xslF345X03/edgar.xml,PRIMARY DOCUMENT
0000029534-14-000015,2014-03-19,2014-03-18,2014-03-19T20:26:40.000Z,,4,,,,4,8782,0,0,,xslF345X03/edgar.xml,PRIMARY DOCUMENT
0000029534-14-000016,2014-03-19,2014-03-18,2014-03-19T20:27:37.000Z,,4,,,,4,8780,0,0,,xslF345X03/edgar.xml,PRIMARY DOCUMENT
0000029534-14-000017,2014-03-19,2014-03-18,2014-03-19T20:28:35.000Z,,4,,,,4,8792,0,0,,xslF345X03/edgar.xml,PRIMARY DOCUMENT
0001047469-14-002721,2014-03-20,2014-01-31,2014-03-20T20:29:57.000Z,34,10-K,001-11421,14707061,,10-K,11254525,1,0,,a2218572z10-k.htm,10-K
0000029534-14-000018,2014-03-21,2014-03-20,2014-03-21T19:26:01.000Z,,4,,,,4,4811,0,0,,xslF345X03/edgar.xml,PRIMARY DOCUMENT
0000029534-14-000019,2014-03-21,2014-03-20,2014-03-21T19:26:47.000Z,,4,,,,4,4641,0,0,,xslF345X03/edgar.xml,PRIMARY DOCUMENT
0000029534-14-000020,2014-03-21,2014-03-20,2014-03-21T19:27:39.000Z,,4,,,,4,4753,0,0,,xslF345X03/edgar.xml,PRIMARY DOCUMENT
0000029534-14-000021,2014-03-21,2014-03-19,2014-03-21T19:28:32.000Z,,4,,,,4,11616,0,0,,xslF345X03/edgar.xml,PRIMARY DOCUMENT
0000029534-14-000022,2014-03-21,2014-03-20,2014-03-21T19:29:52.000Z,,4,,,,4,4819,0,0,,xslF345X03/edgar.xml,PRIMARY DOCUMENT
0000029534-14-000023,2014-03-21,2014-03-20,2014-03-21T19:30:44.000Z,,4,,,,4,4749,0,0,,xslF345X03/edgar.xml,PRIMARY DOCUMENT
0000029534-14-000024,2014-03-21,2014-03-20,2014-03-21T19:31:57.000Z,,4,,,,4,5000,0,0,,xslF345X03/edgar.xml,PRIMARY DOCUMENT
0000029534-14-000025,2014-03-21,2014-03-20,2014-03-21T19:32:42.000Z,,4,,,,4,4756,0,0,,xslF345X03/edgar.xml,PRIMARY DOCUMENT
0001047469-14-003591,2014-04-09,2014-05-29,2014-04-09T16:21:11.000Z,34,DEF 14A,001-11421,14752979,,DEF 14A,959054,0,0,,a2219447zdef14a.htm,DEF 14A
0001104659-14-026649,2014-04-09,,2014-04-09T17:56:16.000Z,34,DEFA14A,001-11421,14753139,,DEFA14A,216109,0,0,,a14-2454_3defa14a.htm,DEFA14A
9999999997-14-008620,2014-04-10,2014-01-31,2014-04-25T15:06:31.000Z,34,ARS,001-11421,14006422,,ARS,1478,0,0,,9999999997-14-008620.paper,AUTO-GENERATED PAPER DOCUMENT
0000029534-14-000026,2014-05-30,2014-05-29,2014-05-30T21:41:14.000Z,,4,,,,4,7030,0,0,,xslF345X03/primary_doc.xml,PRIMARY DOCUMENT
0000029534-14-000030,2014-05-30,2014-05-29,2014-05-30T22:43:57.000Z,,4,,,,4,7051,0,0,,xslF345X03/edgar.xml,PRIMARY DOCUMENT
0000029534-14-000032,2014-05-30,2014-05-29,2014-05-30T22:52:42.000Z,,4,,,,4,7190,0,0,,xslF345X03/edgar.xml,PRIMARY DOCUMENT
0000029534-14-000034,2014-05-30,2014-05-29,2014-05-30T22:58:48.000Z,,4,,,,4,7247,0,0,,xslF345X03/edgar.xml,PRIMARY DOCUMENT
0000029534-14-000036,2014-05-30,2014-05-29,2014-05-30T23:05:24.000Z,,4,,,,4,6928,0,0,,xslF345X03/edgar.xml,PRIMARY DOCUMENT
0000029534-14-000038,2014-05-30,2014-05-29,2014-05-30T23:35:40.000Z,,4,,,,4,7032,0,0,,xslF345X03/edgar.xml,PRIMARY DOCUMENT
0001157523-14-002444,2014-06-03,2014-05-29,2014-06-03T11:08:39.000Z,34,8-K,001-11421,14885949,"2.02,5.07,7.01,9.01",8-K,216991,0,0,,a50877754.htm,DOLLAR GENERAL CORPORATION 8-K
0001104659-14-043520,2014-06-03,2014-05-02,2014-06-03T12:00:42.000Z,34,10-Q,001-11421,14885982,,10-Q,5661785,1,0,,a14-10184_110q.htm,10-Q
0001157523-14-002670,2014-06-27,2014-06-24,2014-06-27T13:07:47.000Z,34,8-K,001-11421,14944308,"5.02,9.01",8-K,28092,0,0,,a50895668.htm,DOLLAR GENERAL CORPORATION 8-K
0000029534-14-000041,2014-08-13,2014-08-12,2014-08-13T20:32:31.000Z,34,8-K,001-11421,141037902,"5.02,9.01",8-K,25570,0,0,,form8k081214paulapriceelecti.htm,PRICE 8-K
0001104659-14-061575,2014-08-18,2014-08-18,2014-08-18T12:00:37.000Z,34,8-K,001-11421,141047920,"5.02,7.01,8.01,9.01",8-K,1244861,0,0,,a14-19227_18k.htm,8-K
0000029534-14-000042,2014-08-21,2014-08-20,2014-08-21T00:46:50.000Z,34,8-K,001-11421,141056033,"7.01,8.01,9.01",8-K,34489,0,0,,form8k082014fdoletter.htm,
0000029534-14-000043,2014-08-21,2014-08-21,2014-08-21T18:18:41.000Z,34,8-K,001-11421,141057340,"7.01,8.01,9.01",8-K,28625,0,0,,form8k082114fdorejectionofof.htm,
0000029534-14-000044,2014-08-27,2014-08-26,2014-08-27T19:41:10.000Z,,3,,,,3,9485,0,0,,xslF345X02/edgar.xml,PRIMARY DOCUMENT
0000029534-14-000045,2014-08-27,2014-08-26,2014-08-27T19:53:48.000Z,,4,,,,4,7010,0,0,,xslF345X03/edgar.xml,PRIMARY DOCUMENT
0001157523-14-003602,2014-08-28,2014-08-28,2014-08-28T11:06:26.000Z,34,8-K,001-11421,141069633,"2.02,7.01,9.01",8-K,318659,0,0,,a50931933.htm,DOLLAR GENERAL CORPORATION 8-K
0001104659-14-063547,2014-08-28,2014-08-01,2014-08-28T12:40:40.000Z,34,10-Q,001-11421,141069744,,10-Q,5800232,1,0,,a14-16582_110q.htm,10-Q
0000029534-14-000046,2014-09-02,2014-09-02,2014-09-02T10:23:26.000Z,34,8-K,001-11421,141076376,"7.01,8.01,9.01",8-K,56110,0,0,,form8k090214revisedproposal.htm,
0000029534-14-000047,2014-09-05,2014-09-05,2014-09-05T17:03:35.000Z,34,8-K,001-11421,141085264,"7.01,8.01,9.01",8-K,23972,0,0,,form8k090514fdorejectionofre.htm,
0001193125-14-337270,2014-09-10,,2014-09-10T10:12:59.000Z,,SC TO-T,,,,SC TO-T,1076529,0,0,,d785695dsctot.htm,SC TO-T
0001193125-14-337274,2014-09-10,2014-09-10,2014-09-10T10:14:00.000Z,34,8-K,001-11421,141094598,"7.01,8.01,9.01",8-K,20450,0,0,,d785715d8k.htm,8-K
0001193125-14-344561,2014-09-17,,2014-09-17T21:29:53.000Z,,SC TO-T/A,,,,SC TO-T/A,62000,0,0,,d791738dsctota.htm,SC TO-T/A
0001193125-14-344565,2014-09-17,2014-09-17,2014-09-17T21:30:30.000Z,34,8-K,001-11421,141108675,"7.01,8.01,9.01",8-K,57836,0,0,,d791740d8k.htm,FORM 8-K
0001193125-14-346739,2014-09-19,,2014-09-19T17:07:00.000Z,,PREC14A,,,,PREC14A,258350,0,0,,d791745dprec14a.htm,PRELIMINARY PROXY STATEMENT
0001193125-14-347219,2014-09-19,,2014-09-19T21:15:39.000Z,,SC TO-T/A,,,,SC TO-T/A,479011,0,0,,d792431dsctota.htm,SC TO-T/A
0001193125-14-361247,2014-10-01,,2014-10-02T01:01:37.000Z,,CORRESP,,,,CORRESP,75394,0,0,,filename1.htm,
0001193125-14-361245,2014-10-02,,2014-10-02T00:56:07.000Z,,DFAN14A,,,,DFAN14A,50682,0,0,,d796337ddfan14a.htm,DFAN14A
0001193125-14-361252,2014-10-02,,2014-10-02T01:06:37.000Z,,PRRN14A,,,,PRRN14A,264916,0,0,,d791745dprrn14a.htm,PRRN14A
0001193125-14-361261,2014-10-02,,2014-10-02T01:16:37.000Z,,SC TO-T/A,,,,SC TO-T/A,86578,0,0,,d796413dsctota.htm,SC TO-T/A
0001193125-14-369309,2014-10-10,,2014-10-10T21:13:06.000Z,,DFAN14A,,,,DFAN14A,41216,0,0,,d803596d8k.htm,8-K
0001193125-14-369308,2014-10-10,2014-10-10,2014-10-10T21:15:01.000Z,34,8-K,001-11421,141153064,"7.01,8.01,9.01",8-K,40728,0,0,,d803596d8k.htm,8-K
0001193125-14-369320,2014-10-10,,2014-10-10T21:15:37.000Z,,SC TO-T/A,,,,SC TO-T/A,45930,0,0,,d803084dsctota.htm,SC TO-T/A
0001193125-14-373794,2014-10-16,,2014-10-16T19:36:37.000Z,,CORRESP,,,,CORRESP,20165,0,0,,filename1.htm,
0001193125-14-373796,2014-10-16,,2014-10-16T19:38:37.000Z,,PRRN14A,,,,PRRN14A,265327,0,0,,d791745dprrn14a.htm,PRRN14A
0001193125-14-373807,2014-10-16,,2014-10-16T19:41:38.000Z,,SC TO-T/A,,,,SC TO-T/A,24778,0,0,,d805748dsctota.htm,SC TO-T AMENDMENT NO. 5
0001193125-14-390921,2014-10-31,,2014-10-31T12:07:52.000Z,,DFAN14A,,,,DFAN14A,52139,0,0,,d813701ddfan14a.htm,SOLICITING MATERIAL UNDER 240.14A-12
0001193125-14-390926,2014-10-31,,2014-10-31T12:10:37.000Z,,DEFC14A,,,,DEFC14A,264903,0,0,,d812625ddefc14a.htm,DEFC14A
0001193125-14-390932,2014-10-31,,2014-10-31T12:13:34.000Z,,SC TO-T/A,,,,SC TO-T/A,62075,0,0,,d813745dsctota.htm,SCHEDULE TO/A (AMENDMENT NO. 6)
0001193125-14-418584,2014-11-19,2014-11-19,2014-11-19T21:55:06.000Z,34,8-K,001-11421,141236097,"7.01,8.01,9.01",8-K,48660,0,0,,d824557d8k.htm,8-K
0001193125-14-418590,2014-11-19,,2014-11-19T21:56:52.000Z,,DFAN14A,,,,DFAN14A,44433,0,0,,d824549ddfan14a.htm,DFAN14A
0001193125-14-418601,2014-11-19,,2014-11-19T21:58:00.000Z,,SC TO-T/A,,,,SC TO-T/A,49892,0,0,,d824541dsctota.htm,SC TO-T/A
0001157523-14-004725,2014-12-04,2014-12-04,2014-12-04T12:08:47.000Z,34,8-K,001-11421,141265064,"2.02,7.01,9.01",8-K,290419,0,0,,a50995966.htm,DOLLAR GENERAL CORPORATION 8-K
0001104659-14-084786,2014-12-04,2014-10-31,2014-12-04T13:44:02.000Z,34,10-Q,001-11421,141265121,,10-Q,4032284,1,0,,a14-21036_110q.htm,10-Q
0001193125-14-433394,2014-12-04,,2014-12-04T20:36:54.000Z,,DFAN14A,,,,DFAN14A,217587,0,0,,d832255ddfan14a.htm,DFAN14A
0001193125-14-433677,2014-12-04,,2014-12-04T22:27:00.000Z,,DFAN14A,,,,DFAN14A,124753,0,0,,d832257ddfan14a.htm,DFAN14A
0001193125-14-434624,2014-12-05,2014-12-05,2014-12-05T18:58:00.000Z,34,8-K,001-11421,141268866,"7.01,8.01,9.01",8-K,48533,0,0,,d836065d8k.htm,8-K
0001193125-14-434630,2014-12-05,,2014-12-05T19:01:35.000Z,,DFAN14A,,,,DFAN14A,46359,0,0,,d836077ddfan14a.htm,FORM DFAN 14A
0001193125-14-447885,2014-12-19,2014-12-19,2014-12-19T15:08:00.000Z,34,8-K,001-11421,141297831,"7.01,8.01,9.01",8-K,51352,0,0,,d840707d8k.htm,8-K
0001193125-14-447891,2014-12-19,,2014-12-19T15:10:36.000Z,,DFAN14A,,,,DFAN14A,47906,0,0,,d840717ddfan14a.htm,DFAN14A
0001193125-14-452381,2014-12-23,,2014-12-23T18:51:01.000Z,,SC TO-T/A,,,,SC TO-T/A,51703,0,0,,d841967dsctota.htm,SC TO-T/A
0001193125-14-452393,2014-12-23,2014-12-23,2014-12-23T18:58:35.000Z,34,8-K,001-11421,141306102,"7.01,8.01,9.01",8-K,47023,0,0,,d841881d8k.htm,FORM 8-K
0001193125-14-452402,2014-12-23,,2014-12-23T19:03:53.000Z,,DFAN14A,,,,DFAN14A,42829,0,0,,d842070ddfan14a.htm,DFAN14A
0001193125-15-011459,2015-01-15,2015-01-15,2015-01-15T15:04:36.000Z,34,8-K,001-11421,15528597,"7.01,8.01,9.01",8-K,58892,0,0,,d852796d8k.htm,FORM 8-K
0001193125-15-011467,2015-01-15,,2015-01-15T15:08:53.000Z,,DFAN14A,,,,DFAN14A,45787,0,0,,d852798ddfan14a.htm,DFAN14A
0001157523-15-000175,2015-01-22,2015-01-21,2015-01-22T14:34:59.000Z,34,8-K,001-11421,15540320,"5.02,7.01,9.01",8-K,29793,0,0,,a51024276.htm,DOLLAR GENERAL CORPORATION 8-K
0001193125-15-027998,2015-01-30,,2015-01-30T22:14:35.000Z,,SC TO-T/A,,,,SC TO-T/A,22919,0,0,,d861772dsctota.htm,SC TO-T/A
0001086364-15-001691,2015-02-02,,2015-02-02T21:38:42.000Z,34,SC 13G,005-40997,15567407,,SC 13G,13506,0,0,,dollar.general.corp.txt,
0000932471-15-004465,2015-02-10,,2015-02-10T20:02:21.000Z,34,SC 13G/A,005-40997,15593306,,SC 13G/A,39729,0,0,,dollargeneralcorp.htm,
0000315066-15-001894,2015-02-13,,2015-02-13T15:12:13.000Z,34,SC 13G/A,005-40997,15609849,,SC 13G/A,9679,0,0,,filing.txt,
0000919574-15-001578,2015-02-17,,2015-02-13T23:32:57.000Z,34,SC 13G/A,005-40997,15617007,,SC 13G/A,239880,0,0,,d6351677_13g-a.htm,
0000902664-15-001091,2015-02-17,,2015-02-17T21:45:22.000Z,34,SC 13G/A,005-40997,15623646,,SC 13G/A,66670,0,0,,p15-0561sc13ga.htm,DOLLAR GENERAL CORPORATION
0001157523-15-000908,2015-03-12,2015-03-09,2015-03-12T11:14:04.000Z,34,8-K,001-11421,15694398,"2.02,5.02,7.01,9.01",8-K,249713,0,0,,a51057099.htm,DOLLAR GENERAL CORPORATION 8-K
0000029534-15-000001,2015-03-12,2015-03-10,2015-03-12T19:52:19.000Z,,4,,,,4,11576,0,0,,xslF345X03/edgar.xml,PRIMARY DOCUMENT
0000029534-15-000002,2015-03-12,2015-03-10,2015-03-12T19:53:58.000Z,,4,,,,4,9789,0,0,,xslF345X03/edgar.xml,PRIMARY DOCUMENT
0000029534-15-000003,2015-03-12,2015-03-10,2015-03-12T19:55:51.000Z,,4,,,,4,6770,0,0,,xslF345X03/edgar.xml,PRIMARY DOCUMENT
0000029534-15-000004,2015-03-12,2015-03-10,2015-03-12T19:59:49.000Z,,4,,,,4,6786,0,0,,xslF345X03/edgar.xml,PRIMARY DOCUMENT
0000029534-15-000005,2015-03-12,2015-03-10,2015-03-12T20:02:54.000Z,,4,,,,4,9806,0,0,,xslF345X03/edgar.xml,PRIMARY DOCUMENT
0000029534-15-000006,2015-03-12,2015-03-10,2015-03-12T20:04:27.000Z,,4,,,,4,9815,0,0,,xslF345X03/edgar.xml,PRIMARY DOCUMENT
0000029534-15-000007,2015-03-12,2015-03-10,2015-03-12T20:05:52.000Z,,4,,,,4,6927,0,0,,xslF345X03/edgar.xml,PRIMARY DOCUMENT
0000029534-15-000008,2015-03-12,2015-03-10,2015-03-12T20:07:53.000Z,,4,,,,4,6887,0,0,,xslF345X03/edgar.xml,PRIMARY DOCUMENT
0000029534-15-000009,2015-03-12,2015-03-10,2015-03-12T20:09:30.000Z,,4,,,,4,6875,0,0,,xslF345X03/edgar.xml,PRIMARY DOCUMENT
0000029534-15-000010,2015-03-13,2015-03-10,2015-03-13T17:18:10.000Z,34,8-K,001-11421,15698556,"5.02,9.01",8-K,151610,0,0,,form8k031015dreilingretireme.htm,FORM 8-K RE DREILING EMPLOYMENT TRANSITION AGREEMENT
0000029534-15-000011,2015-03-16,2015-01-30,2015-03-16T21:01:02.000Z,,5,,,,5,6108,0,0,,xslF345X03/edgar.xml,PRIMARY DOCUMENT
0001193125-15-095501,2015-03-17,,2015-03-17T20:51:05.000Z,34,SC 13G,005-40997,15707408,,SC 13G,38459,0,0,,d890682dsc13g.htm,SC 13G
0000029534-15-000012,2015-03-18,2015-03-16,2015-03-18T21:23:43.000Z,,4,,,,4,13053,0,0,,xslF345X03/edgar.xml,PRIMARY DOCUMENT
0000029534-15-000013,2015-03-19,2015-03-17,2015-03-19T20:37:27.000Z,34,8-K,001-11421,15713258,"5.02,9.01",8-K,56386,0,0,,form8k031715dreilingrsuagr.htm,FORM 8-K RE DREILING RSU AGREEMENT
0000029534-15-000014,2015-03-19,2015-03-17,2015-03-19T22:42:17.000Z,,4,,,,4,6793,0,0,,xslF345X03/edgar.xml,PRIMARY DOCUMENT
0000029534-15-000015,2015-03-19,2015-03-17,2015-03-19T22:47:33.000Z,,4,,,,4,8833,0,0,,xslF345X03/edgar.xml,PRIMARY DOCUMENT
0000029534-15-000016,2015-03-19,2015-03-17,2015-03-19T22:50:15.000Z,,4,,,,4,8688,0,0,,xslF345X03/edgar.xml,PRIMARY DOCUMENT
0000029534-15-000017,2015-03-19,2015-03-17,2015-03-19T23:17:14.000Z,,4,,,,4,8968,0,0,,xslF345X03/edgar.xml,PRIMARY DOCUMENT
0000029534-15-000018,2015-03-19,2015-03-17,2015-03-19T23:25:19.000Z,,4,,,,4,10990,0,0,,xslF345X03/edgar.xml,PRIMARY DOCUMENT
0000029534-15-000019,2015-03-19,2015-03-17,2015-03-19T23:28:48.000Z,,4,,,,4,9011,0,0,,xslF345X03/edgar.xml,PRIMARY DOCUMENT
0000029534-15-000020,2015-03-19,2015-03-17,2015-03-19T23:31:30.000Z,,4,,,,4,8960,0,0,,xslF345X03/edgar.xml,PRIMARY DOCUMENT
0000029534-15-000021,2015-03-19,2015-03-17,2015-03-19T23:34:26.000Z,,4,,,,4,8948,0,0,,xslF345X03/edgar.xml,PRIMARY DOCUMENT
0000029534-15-000022,2015-03-19,2015-03-17,2015-03-19T23:38:46.000Z,,4,,,,4,8939,0,0,,xslF345X03/edgar.xml,PRIMARY DOCUMENT
0001047469-15-002540,2015-03-20,2015-01-30,2015-03-20T20:31:21.000Z,34,10-K,001-11421,15716617,,10-K,14311077,1,0,,a2223543z10-k.htm,10-K
0000029534-15-000023,2015-03-23,2015-03-19,2015-03-23T21:58:27.000Z,,4,,,,4,34933,0,0,,xslF345X03/edgar.xml,PRIMARY DOCUMENT
0000029534-15-000024,2015-03-23,2015-03-20,2015-03-23T22:03:17.000Z,,4,,,,4,4641,0,0,,xslF345X03/edgar.xml,PRIMARY DOCUMENT
0000029534-15-000025,2015-03-23,2015-03-19,2015-03-23T22:09:59.000Z,,4,,,,4,20193,0,0,,xslF345X03/edgar.xml,PRIMARY DOCUMENT
0000029534-15-000026,2015-03-23,2015-03-19,2015-03-23T22:12:30.000Z,,4,,,,4,6809,0,0,,xslF345X03/edgar.xml,PRIMARY DOCUMENT
0000029534-15-000027,2015-03-23,2015-03-20,2015-03-23T22:15:20.000Z,,4,,,,4,4797,0,0,,xslF345X03/edgar.xml,PRIMARY DOCUMENT
0000029534-15-000028,2015-03-23,2015-03-20,2015-03-23T22:17:56.000Z,,4,,,,4,4748,0,0,,xslF345X03/edgar.xml,PRIMARY DOCUMENT
0000029534-15-000029,2015-03-23,2015-03-20,2015-03-23T22:21:10.000Z,,4,,,,4,4756,0,0,,xslF345X03/edgar.xml,PRIMARY DOCUMENT
0000029534-15-000030,2015-03-23,2015-03-19,2015-03-23T22:26:18.000Z,,4,,,,4,6795,0,0,,xslF345X03/edgar.xml,PRIMARY DOCUMENT
0000029534-15-000031,2015-03-25,2015-03-23,2015-03-25T20:20:35.000Z,,4,,,,4,5109,0,0,,xslF345X03/edgar.xml,PRIMARY DOCUMENT
0000029534-15-000032,2015-03-25,2015-03-23,2015-03-25T20:29:02.000Z,,4,,,,4,5072,0,0,,xslF345X03/edgar.xml,PRIMARY DOCUMENT
0000029534-15-000033,2015-03-25,2015-03-23,2015-03-25T20:35:55.000Z,,4,,,,4,5082,0,0,,xslF345X03/edgar.xml,PRIMARY DOCUMENT
0001047469-15-003114,2015-04-02,2015-05-27,2015-04-02T16:01:45.000Z,34,DEF 14A,001-11421,15746222,,DEF 14A,995880,0,0,,a2223948zdef14a.htm,DEF 14A
0001104659-15-025388,2015-04-02,,2015-04-02T16:29:54.000Z,34,DEFA14A,001-11421,15746309,,DEFA14A,207729,0,0,,a15-1562_3defa14a.htm,DEFA14A
9999999997-15-007858,2015-04-02,2015-01-30,2015-04-10T19:32:25.000Z,34,ARS,001-11421,15006268,,ARS,1478,0,0,,9999999997-15-007858.paper,AUTO-GENERATED PAPER DOCUMENT
0000029534-15-000034,2015-04-16,2015-03-30,2015-04-16T21:12:31.000Z,,4,,,,4,4435,0,0,,xslF345X03/edgar.xml,PRIMARY DOCUMENT
0000029534-15-000035,2015-05-20,2015-03-17,2015-05-20T19:59:30.000Z,,4/A,,,,4/A,7708,0,0,,xslF345X03/edgar.xml,PRIMARY DOCUMENT
0001104659-15-041398,2015-05-28,2015-05-27,2015-05-28T13:10:51.000Z,34,8-K,001-11421,15894056,"5.02,5.07,7.01,9.01",8-K,365259,0,0,,a15-12900_18k.htm,8-K
0000029534-15-000036,2015-05-28,2015-05-27,2015-05-28T16:18:04.000Z,,4,,,,4,4640,0,0,,xslF345X03/edgar.xml,PRIMARY DOCUMENT
0000029534-15-000038,2015-05-28,2015-05-27,2015-05-28T20:55:42.000Z,,4,,,,4,4820,0,0,,xslF345X03/edgar.xml,PRIMARY DOCUMENT
0000029534-15-000039,2015-05-28,2015-05-27,2015-05-28T21:02:10.000Z,,4,,,,4,4884,0,0,,xslF345X03/edgar.xml,PRIMARY DOCUMENT
0000029534-15-000040,2015-05-28,2015-05-27,2015-05-28T21:09:59.000Z,,4,,,,4,4634,0,0,,xslF345X03/edgar.xml,PRIMARY DOCUMENT
0000029534-15-000041,2015-05-28,2015-05-27,2015-05-28T21:16:25.000Z,,4,,,,4,4662,0,0,,xslF345X03/edgar.xml,PRIMARY DOCUMENT
0000029534-15-000042,2015-05-28,2015-05-27,2015-05-28T23:28:04.000Z,,4,,,,4,4682,0,0,,xslF345X03/edgar.xml,PRIMARY DOCUMENT
0000029534-15-000044,2015-05-29,2015-05-27,2015-05-29T22:07:38.000Z,,4,,,,4,5705,0,0,,xslF345X03/edgar.xml,PRIMARY DOCUMENT
0001157523-15-001973,2015-06-02,2015-06-02,2015-06-02T11:13:20.000Z,34,8-K,001-11421,15905354,"2.02,7.01,9.01",8-K,176822,0,0,,a51114734.htm,DOLLAR GENERAL CORPORATION 8-K
0001104659-15-042757,2015-06-02,2015-05-01,2015-06-02T12:21:18.000Z,34,10-Q,001-11421,15905389,,10-Q,2918060,1,0,,a15-8132_110q.htm,10-Q
0000029534-15-000045,2015-06-04,2015-06-03,2015-06-04T16:46:10.000Z,,4,,,,4,5172,0,0,,xslF345X03/edgar.xml,PRIMARY DOCUMENT
0001157523-15-002045,2015-06-10,2015-06-09,2015-06-10T12:16:44.000Z,34,8-K,001-11421,15922297,"5.02,9.01",8-K,24795,0,0,,a51120779.htm,DOLLAR GENERAL CORPORATION 8-K
0000029534-15-000046,2015-06-12,2015-06-11,2015-06-12T20:45:53.000Z,,4,,,,4,16785,0,0,,xslF345X03/edgar.xml,PRIMARY DOCUMENT
0000029534-15-000047,2015-06-18,2015-06-17,2015-06-18T22:50:16.000Z,,4,,,,4,5084,0,0,,xslF345X03/edgar.xml,PRIMARY DOCUMENT
0000029534-15-000048,2015-06-22,2015-06-15,2015-06-22T21:17:57.000Z,,3,,,,3,9586,0,0,,xslF345X02/edgar.xml,PRIMARY DOCUMENT
0001157523-15-002176,2015-06-25,2015-06-25,2015-06-25T12:12:53.000Z,34,8-K,001-11421,15950652,"5.02,9.01",8-K,27233,0,0,,a51130669.htm,DOLLAR GENERAL CORPORATION 8-K
0000029534-15-000049,2015-07-08,2015-07-01,2015-07-08T21:18:21.000Z,,3,,,,3,12331,0,0,,xslF345X02/edgar.xml,PRIMARY DOCUMENT
0001157523-15-002829,2015-08-07,2015-08-06,2015-08-07T12:07:39.000Z,34,8-K,001-11421,151035008,"5.02,9.01",8-K,25245,0,0,,a51158311.htm,DOLLAR GENERAL CORPORATION 8-K
0000029534-15-000050,2015-08-17,2015-08-07,2015-08-17T15:00:03.000Z,,3,,,,3,9549,0,0,,xslF345X02/edgar.xml,PRIMARY DOCUMENT
0001157523-15-003012,2015-08-27,2015-08-27,2015-08-27T11:07:32.000Z,34,8-K,001-11421,151077102,"2.02,7.01,9.01",8-K,229344,0,0,,a51169749.htm,DOLLAR GENERAL CORPORATION 8-K
0001104659-15-062037,2015-08-27,2015-07-31,2015-08-27T12:12:08.000Z,34,10-Q,001-11421,151077144,,10-Q,3151947,1,0,,a15-14307_110q.htm,10-Q
0000029534-15-000051,2015-08-27,2015-08-25,2015-08-27T16:27:35.000Z,,4,,,,4,5284,0,0,,xslF345X03/edgar.xml,PRIMARY DOCUMENT
0000029534-15-000052,2015-08-27,2015-08-25,2015-08-27T16:34:14.000Z,,4,,,,4,5266,0,0,,xslF345X03/edgar.xml,PRIMARY DOCUMENT
0000029534-15-000053,2015-08-27,2015-08-26,2015-08-27T21:48:18.000Z,,4,,,,4,7671,0,0,,xslF345X03/edgar.xml,PRIMARY DOCUMENT
0000029534-15-000054,2015-08-28,2015-08-26,2015-08-28T20:54:31.000Z,,4/A,,,,4/A,8094,0,0,,xslF345X03/edgar.xml,PRIMARY DOCUMENT
0000029534-15-000055,2015-09-01,2015-05-29,2015-09-01T21:24:45.000Z,,4,,,,4,11236,0,0,,xslF345X03/edgar.xml,PRIMARY DOCUMENT
0000029534-15-000056,2015-09-03,2015-06-01,2015-09-03T20:25:39.000Z,,4,,,,4,12005,0,0,,xslF345X03/edgar.xml,PRIMARY DOCUMENT
0000029534-15-000057,2015-09-14,2015-09-10,2015-09-14T16:33:05.000Z,,4,,,,4,4968,0,0,,xslF345X03/edgar.xml,PRIMARY DOCUMENT
0001157523-15-003290,2015-10-13,2015-10-08,2015-10-13T20:41:05.000Z,34,8-K,001-11421,151156450,"2.05,7.01,9.01",8-K,31922,0,0,,a51199630.htm,DOLLAR GENERAL CORP. 8-K
0001047469-15-007870,2015-10-15,,2015-10-15T12:44:05.000Z,33,424B2,333-187493,151159258,,424B2,777244,0,0,,a2226265z424b2.htm,424B2
0001104659-15-070918,2015-10-15,,2015-10-15T21:28:37.000Z,34,FWP,333-187493,151160696,,FWP,35719,0,0,,a15-21123_3fwp.htm,FWP
0001047469-15-007909,2015-10-16,,2015-10-16T21:25:34.000Z,33,424B2,333-187493,151162642,,424B2,783469,0,0,,a2226265z424b2.htm,424B2
0001104659-15-071576,2015-10-20,2015-10-15,2015-10-20T17:19:15.000Z,34,8-K,001-11421,151165993,"1.01,1.02,2.03,8.01,9.01",8-K,1645407,0,0,,a15-21309_18k.htm,CURRENT REPORT OF MATERIAL EVENTS OR CORPORATE CHANGES
0001104659-15-082594,2015-12-03,2015-12-02,2015-12-03T11:57:03.000Z,34,8-K,001-11421,151266217,"2.02,5.02,7.01,9.01",8-K,891407,0,0,,a15-24166_18k.htm,8-K
0001104659-15-082600,2015-12-03,2015-10-30,2015-12-03T12:22:33.000Z,34,10-Q,001-11421,151266231,,10-Q,3821484,1,0,,a15-19202_110q.htm,10-Q
0000029534-15-000058,2015-12-03,2015-12-02,2015-12-03T22:35:42.000Z,,4,,,,4,5264,0,0,,xslF345X03/edgar.xml,PRIMARY DOCUMENT
0000029534-15-000059,2015-12-07,2015-05-29,2015-12-07T20:57:00.000Z,,4,,,,4,11140,0,0,,xslF345X03/edgar.xml,PRIMARY DOCUMENT
9999999997-16-016170,2015-12-21,2015-12-21,2016-01-07T16:16:40.000Z,34,NO ACT,001-11421,15008612,,NO ACT,1487,0,0,,9999999997-16-016170.paper,AUTO-GENERATED PAPER DOCUMENT
0001157523-16-004249,2016-01-21,2016-01-19,2016-01-21T21:23:26.000Z,34,8-K,001-11421,161353725,"5.02,7.01,9.01",8-K,27437,0,0,,a51264196.htm,DOLLAR GENERAL CORPORATION 8-K
0000215457-16-002496,2016-01-26,,2016-01-26T13:19:52.000Z,34,SC 13G/A,005-40997,161360176,,SC 13G/A,13620,0,0,,dollar.general.cor.2015.txt,
0000029534-16-000060,2016-02-02,2015-01-29,2016-02-02T18:30:11.000Z,,4,,,,4,5220,0,0,,xslF345X03/edgar.xml,PRIMARY DOCUMENT
0000029534-16-000061,2016-02-02,2016-02-01,2016-02-02T18:40:39.000Z,,4,,,,4,6803,0,0,,xslF345X03/edgar.xml,PRIMARY DOCUMENT
0001193125-16-447365,2016-02-02,,2016-02-02T18:48:08.000Z,34,SC 13G/A,005-40997,161380227,,SC 13G/A,35384,0,0,,d114598dsc13ga.htm,SC 13G/A
0000932471-16-012163,2016-02-11,,2016-02-11T15:08:27.000Z,34,SC 13G/A,005-40997,161408677,,SC 13G/A,39704,0,0,,dollargeneralcorp.htm,
0000919574-16-010488,2016-02-16,,2016-02-12T23:12:21.000Z,34,SC 13G/A,005-40997,161421639,,SC 13G/A,202741,0,0,,d7039746_13g-a.htm,
0001157523-16-004894,2016-03-10,2016-03-10,2016-03-10T12:02:20.000Z,34,8-K,001-11421,161496127,"2.02,7.01,9.01",8-K,247702,0,0,,a51297218.htm,DOLLAR GENERAL CORPORATION 8-K
0000029534-16-000062,2016-03-10,2016-03-08,2016-03-10T20:35:35.000Z,,4,,,,4,5163,0,0,,xslF345X03/edgar.xml,PRIMARY DOCUMENT
0000029534-16-000063,2016-03-10,2016-03-08,2016-03-10T20:41:09.000Z,,4,,,,4,5269,0,0,,xslF345X03/edgar.xml,PRIMARY DOCUMENT
0000029534-16-000064,2016-03-10,2016-03-08,2016-03-10T20:45:21.000Z,,4,,,,4,5275,0,0,,xslF345X03/edgar.xml,PRIMARY DOCUMENT
0000029534-16-000065,2016-03-10,2016-03-08,2016-03-10T20:50:02.000Z,,4,,,,4,5284,0,0,,xslF345X03/edgar.xml,PRIMARY DOCUMENT
0000029534-16-000066,2016-03-10,2016-03-08,2016-03-10T20:55:14.000Z,,4,,,,4,5272,0,0,,xslF345X03/edgar.xml,PRIMARY DOCUMENT
0000029534-16-000067,2016-03-10,2016-03-08,2016-03-10T21:06:16.000Z,,4,,,,4,5279,0,0,,xslF345X03/edgar.xml,PRIMARY DOCUMENT
0000029534-16-000068,2016-03-14,2016-01-29,2016-03-14T14:59:37.000Z,,5,,,,5,11604,0,0,,xslF345X03/edgar.xml,PRIMARY DOCUMENT
0000029534-16-000069,2016-03-14,2016-01-29,2016-03-14T15:08:44.000Z,,5,,,,5,10152,0,0,,xslF345X03/edgar.xml,PRIMARY DOCUMENT
0000029534-16-000070,2016-03-14,2016-01-29,2016-03-14T15:17:14.000Z,,5,,,,5,5167,0,0,,xslF345X03/edgar.xml,PRIMARY DOCUMENT
0000029534-16-000071,2016-03-14,2016-01-29,2016-03-14T15:26:09.000Z,,5,,,,5,5872,0,0,,xslF345X03/edgar.xml,PRIMARY DOCUMENT
0000029534-16-000072,2016-03-14,2016-01-29,2016-03-14T15:37:56.000Z,,5,,,,5,8230,0,0,,xslF345X03/edgar.xml,PRIMARY DOCUMENT
0000029534-16-000073,2016-03-15,2016-03-11,2016-03-15T19:02:44.000Z,,4,,,,4,13219,0,0,,xslF345X03/edgar.xml,PRIMARY DOCUMENT
0000029534-16-000074,2016-03-15,2016-03-14,2016-03-15T19:14:57.000Z,,4,,,,4,9168,0,0,,xslF345X03/edgar.xml,PRIMARY DOCUMENT
0000029534-16-000075,2016-03-17,2016-03-15,2016-03-17T20:55:37.000Z,,4,,,,4,12077,0,0,,xslF345X03/edgar.xml,PRIMARY DOCUMENT
0000029534-16-000076,2016-03-18,2016-03-16,2016-03-18T20:11:59.000Z,,4,,,,4,5330,0,0,,xslF345X03/edgar.xml,PRIMARY DOCUMENT
0000029534-16-000077,2016-03-18,2016-03-16,2016-03-18T20:17:24.000Z,,4,,,,4,5352,0,0,,xslF345X03/edgar.xml,PRIMARY DOCUMENT
0000029534-16-000078,2016-03-18,2016-03-16,2016-03-18T20:20:18.000Z,,4,,,,4,5348,0,0,,xslF345X03/edgar.xml,PRIMARY DOCUMENT
0000029534-16-000079,2016-03-18,2016-03-16,2016-03-18T20:24:55.000Z,,4,,,,4,5338,0,0,,xslF345X03/edgar.xml,PRIMARY DOCUMENT
0000029534-16-000080,2016-03-18,2016-03-16,2016-03-18T20:28:32.000Z,,4,,,,4,5330,0,0,,xslF345X03/edgar.xml,PRIMARY DOCUMENT
0000029534-16-000081,2016-03-18,2016-03-16,2016-03-18T20:32:35.000Z,,4,,,,4,7199,0,0,,xslF345X03/edgar.xml,PRIMARY DOCUMENT
0000029534-16-000082,2016-03-18,2016-03-16,2016-03-18T21:47:51.000Z,,4,,,,4,7555,0,0,,xslF345X03/edgar.xml,PRIMARY DOCUMENT
0001047469-16-011420,2016-03-22,2016-01-29,2016-03-22T12:40:41.000Z,34,10-K,001-11421,161520010,,10-K,9618683,1,0,,a2227409z10-k.htm,10-K
0000029534-16-000083,2016-03-22,2016-03-18,2016-03-22T20:07:21.000Z,,4,,,,4,4816,0,0,,xslF345X03/edgar.xml,PRIMARY DOCUMENT
0000029534-16-000084,2016-03-22,2016-03-18,2016-03-22T20:15:47.000Z,,4,,,,4,4834,0,0,,xslF345X03/edgar.xml,PRIMARY DOCUMENT
0000029534-16-000085,2016-03-22,2016-03-18,2016-03-22T20:22:06.000Z,,4,,,,4,4946,0,0,,xslF345X03/edgar.xml,PRIMARY DOCUMENT
0000029534-16-000086,2016-03-22,2016-03-18,2016-03-22T20:29:38.000Z,,4,,,,4,4949,0,0,,xslF345X03/edgar.xml,PRIMARY DOCUMENT
0000029534-16-000087,2016-03-22,2016-03-18,2016-03-22T20:35:16.000Z,,4,,,,4,4963,0,0,,xslF345X03/edgar.xml,PRIMARY DOCUMENT
0000029534-16-000088,2016-03-22,2016-03-18,2016-03-22T20:43:04.000Z,,4,,,,4,4977,0,0,,xslF345X03/edgar.xml,PRIMARY DOCUMENT
0001157523-16-004977,2016-03-23,2016-03-23,2016-03-23T20:24:43.000Z,34,8-K,001-11421,161524171,"7.01,9.01",8-K,46216,1,0,,a51306391.htm,DOLLAR GENERAL CORPORATION 8-K
0000029534-16-000089,2016-04-05,2016-04-01,2016-04-05T16:43:46.000Z,,4,,,,4,4750,0,0,,xslF345X03/edgar.xml,PRIMARY DOCUMENT
0000029534-16-000090,2016-04-05,2016-04-01,2016-04-05T16:50:50.000Z,,4,,,,4,4858,0,0,,xslF345X03/edgar.xml,PRIMARY DOCUMENT
0000029534-16-000091,2016-04-05,2016-04-01,2016-04-05T16:56:10.000Z,,4,,,,4,4859,0,0,,xslF345X03/edgar.xml,PRIMARY DOCUMENT
0000029534-16-000092,2016-04-05,2016-04-01,2016-04-05T17:01:17.000Z,,4,,,,4,4864,0,0,,xslF345X03/edgar.xml,PRIMARY DOCUMENT
0000029534-16-000093,2016-04-05,2016-04-01,2016-04-05T17:07:50.000Z,,4,,,,4,6923,0,0,,xslF345X03/edgar.xml,PRIMARY DOCUMENT
0000029534-16-000094,2016-04-05,2016-04-01,2016-04-05T17:12:59.000Z,,4,,,,4,4871,0,0,,xslF345X03/edgar.xml,PRIMARY DOCUMENT
0001047469-16-012036,2016-04-08,2016-05-25,2016-04-08T17:19:50.000Z,34,DEF 14A,001-11421,161562188,,DEF 14A,1332273,0,0,,a2228076zdef14a.htm,DEF 14A
0001104659-16-110563,2016-04-08,,2016-04-08T19:13:11.000Z,34,DEFA14A,001-11421,161562518,,DEFA14A,212883,0,0,,a16-2323_3defa14a.htm,DEFA14A
0000029534-16-000095,2016-04-11,2016-04-07,2016-04-11T17:09:20.000Z,,4,,,,4,4488,0,0,,xslF345X03/edgar.xml,PRIMARY DOCUMENT
0000029534-16-000096,2016-04-12,2016-04-08,2016-04-12T19:10:15.000Z,,4,,,,4,18823,0,0,,xslF345X03/edgar.xml,PRIMARY DOCUMENT
0000029534-16-000097,2016-05-02,2016-04-29,2016-05-02T17:02:19.000Z,,4,,,,4,5170,0,0,,xslF345X03/edgar.xml,PRIMARY DOCUMENT
0000029534-16-000098,2016-05-02,2016-04-30,2016-05-02T19:03:11.000Z,,3,,,,3,20906,0,0,,xslF345X02/edgar.xml,PRIMARY DOCUMENT
0001157523-16-005738,2016-05-26,2016-05-25,2016-05-26T11:01:38.000Z,34,8-K,001-11421,161676196,"2.02,5.07,7.01,9.01",8-K,278605,1,0,,a51349935.htm,DOLLAR GENERAL CORPORATION 8-K
0001104659-16-123482,2016-05-26,2016-04-29,2016-05-26T12:03:03.000Z,34,10-Q,001-11421,161676286,,10-Q,2184141,1,0,,a16-8226_110q.htm,10-Q
0000029534-16-000099,2016-05-26,2016-05-25,2016-05-26T19:15:24.000Z,,4,,,,4,5084,0,0,,xslF345X03/edgar.xml,PRIMARY DOCUMENT
0000029534-16-000100,2016-05-26,2016-05-25,2016-05-26T19:25:10.000Z,,4,,,,4,5025,0,0,,xslF345X03/edgar.xml,PRIMARY DOCUMENT
0000029534-16-000101,2016-05-26,2016-05-25,2016-05-26T19:32:28.000Z,,4,,,,4,5204,0,0,,xslF345X03/edgar.xml,PRIMARY DOCUMENT
0000029534-16-000102,2016-05-26,2016-05-25,2016-05-26T19:39:49.000Z,,4,,,,4,5287,0,0,,xslF345X03/edgar.xml,PRIMARY DOCUMENT
0000029534-16-000103,2016-05-26,2016-05-25,2016-05-26T19:46:49.000Z,,4,,,,4,5018,0,0,,xslF345X03/edgar.xml,PRIMARY DOCUMENT
0000029534-16-000104,2016-05-26,2016-05-25,2016-05-26T19:56:53.000Z,,4,,,,4,5730,0,0,,xslF345X03/edgar.xml,PRIMARY DOCUMENT
0000029534-16-000105,2016-05-26,2016-05-25,2016-05-26T20:03:32.000Z,,4,,,,4,5046,0,0,,xslF345X03/edgar.xml,PRIMARY DOCUMENT
0000029534-16-000106,2016-06-01,2016-05-27,2016-06-01T19:29:11.000Z,,4,,,,4,6157,0,0,,xslF345X03/edgar.xml,PRIMARY DOCUMENT
0000029534-16-000107,2016-06-01,2016-05-27,2016-06-01T19:38:51.000Z,,4,,,,4,6335,0,0,,xslF345X03/edgar.xml,PRIMARY DOCUMENT
0000029534-16-000108,2016-06-01,2016-05-29,2016-06-01T19:45:52.000Z,,4,,,,4,4873,0,0,,xslF345X03/edgar.xml,PRIMARY DOCUMENT
0000029534-16-000109,2016-06-01,2016-05-27,2016-06-01T19:54:22.000Z,,4,,,,4,6857,0,0,,xslF345X03/edgar.xml,PRIMARY DOCUMENT
0000029534-16-000110,2016-06-01,2016-05-27,2016-06-01T20:03:36.000Z,,4,,,,4,4659,0,0,,xslF345X03/edgar.xml,PRIMARY DOCUMENT
0000029534-16-000111,2016-06-06,2016-06-03,2016-06-06T20:23:25.000Z,,4,,,,4,5071,0,0,,xslF345X03/edgar.xml,PRIMARY DOCUMENT
0000029534-16-000112,2016-08-03,2016-08-01,2016-08-02T22:23:14.000Z,34,8-K,001-11421,161801794,2.03,8-K,21098,0,0,,form8k080116cpprogram.htm,
0001157523-16-006599,2016-08-25,2016-08-25,2016-08-25T11:01:25.000Z,34,8-K,001-11421,161850367,"2.02,7.01,9.01",8-K,225546,0,0,,a51407587.htm,DOLLAR GENERAL CORPORATION 8-K
0001104659-16-141285,2016-08-25,2016-07-29,2016-08-25T11:49:56.000Z,34,10-Q,001-11421,161850397,,10-Q,2424798,1,0,,a16-13593_110q.htm,10-Q
0000029534-16-000113,2016-08-29,,2016-08-29T18:39:31.000Z,33,S-8 POS,333-151661,161857384,,S-8 POS,42140,0,0,,poss8for1998plan.htm,POS FOR 1998 PLAN
0000029534-16-000114,2016-08-29,2016-08-26,2016-08-29T19:08:16.000Z,,4,,,,4,4920,0,0,,xslF345X03/edgar.xml,PRIMARY DOCUMENT
0000029534-16-000115,2016-08-29,2016-08-26,2016-08-29T19:18:29.000Z,,4,,,,4,6046,0,0,,xslF345X03/edgar.xml,PRIMARY DOCUMENT
0000029534-16-000116,2016-09-01,2016-08-30,2016-09-01T17:41:00.000Z,,4,,,,4,5401,0,0,,xslF345X03/edgar.xml,PRIMARY DOCUMENT
0001157523-16-007494,2016-12-01,2016-12-01,2016-12-01T11:59:52.000Z,34,8-K,001-11421,162026693,"2.02,7.01,9.01",8-K,252303,0,0,,a51469434.htm,DOLLAR GENERAL CORPORATION 8-K
0001558370-16-010321,2016-12-01,2016-10-28,2016-12-01T12:53:36.000Z,34,10-Q,001-11421,162026806,,10-Q,3478111,1,0,,dg-20161028x10q.htm,10-Q
0000029534-16-000117,2016-12-19,2016-12-16,2016-12-19T17:08:56.000Z,,4,,,,4,5070,0,0,,xslF345X03/edgar.xml,PRIMARY DOCUMENT
0000353480-17-000366,2017-01-23,,2017-01-23T19:18:23.000Z,34,SC 13G/A,005-40997,17540742,,SC 13G/A,13614,0,0,,dollar.general.cor.txt,
0001193125-17-018048,2017-01-25,,2017-01-25T21:21:32.000Z,34,SC 13G/A,005-40997,17546575,,SC 13G/A,37980,0,0,,d332626dsc13ga.htm,SC 13G/A
0000029534-17-000001,2017-02-02,2017-02-01,2017-02-02T17:35:49.000Z,,4,,,,4,5028,0,0,,xslF345X03/edgar.xml,PRIMARY DOCUMENT
0000029534-17-000002,2017-02-06,2017-02-06,2017-02-06T19:31:52.000Z,,4,,,,4,4808,0,0,,xslF345X03/edgar.xml,PRIMARY DOCUMENT
0000080255-17-000947,2017-02-07,,2017-02-07T16:54:28.000Z,34,SC 13G,005-40997,,,SC 13G,7028,0,0,,dg13gdec16.txt,
0000932471-17-000820,2017-02-09,,2017-02-09T18:11:23.000Z,34,SC 13G/A,005-40997,17586639,,SC 13G/A,37204,0,0,,dollargeneralcorp.htm,
0000080255-17-001282,2017-02-10,,2017-02-10T20:38:36.000Z,34,SC 13G/A,005-40997,17592841,,SC 13G/A,24125,0,0,,dg13gajan17.htm,DG AS OF 01/31/2017
0001193125-17-052082,2017-02-22,2017-02-22,2017-02-22T21:15:33.000Z,34,8-K,001-11421,17628554,"1.01,1.02,2.03,9.01",8-K,636801,0,0,,d351997d8k.htm,FORM 8-K
0001157523-17-000814,2017-03-16,2017-03-16,2017-03-16T11:01:48.000Z,34,8-K,001-11421,17692856,"2.02,7.01,9.01",8-K,243288,0,0,,a51526528.htm,DOLLAR GENERAL CORP. 8-K
0000029534-17-000003,2017-03-16,2017-03-14,2017-03-16T15:20:31.000Z,,4,,,,4,5165,0,0,,xslF345X03/edgar.xml,PRIMARY DOCUMENT
0000029534-17-000004,2017-03-16,2017-03-14,2017-03-16T15:28:35.000Z,,4,,,,4,5277,0,0,,xslF345X03/edgar.xml,PRIMARY DOCUMENT
0000029534-17-000005,2017-03-16,2017-03-14,2017-03-16T15:35:31.000Z,,4,,,,4,5293,0,0,,xslF345X03/edgar.xml,PRIMARY DOCUMENT
0000029534-17-000006,2017-03-16,2017-03-14,2017-03-16T15:41:33.000Z,,4,,,,4,5284,0,0,,xslF345X03/edgar.xml,PRIMARY DOCUMENT
0000029534-17-000007,2017-03-16,2017-03-14,2017-03-16T15:47:00.000Z,,4,,,,4,5272,0,0,,xslF345X03/edgar.xml,PRIMARY DOCUMENT
0000029534-17-000008,2017-03-16,2017-03-14,2017-03-16T15:52:10.000Z,,4,,,,4,5280,0,0,,xslF345X03/edgar.xml,PRIMARY DOCUMENT
0000029534-17-000009,2017-03-16,2017-03-14,2017-03-16T15:57:10.000Z,,4,,,,4,5279,0,0,,xslF345X03/edgar.xml,PRIMARY DOCUMENT
0000029534-17-000010,2017-03-16,2017-03-14,2017-03-16T16:02:29.000Z,,4,,,,4,5268,0,0,,xslF345X03/edgar.xml,PRIMARY DOCUMENT
0000029534-17-000011,2017-03-21,2017-03-18,2017-03-21T13:42:04.000Z,,4,,,,4,4761,0,0,,xslF345X03/edgar.xml,PRIMARY DOCUMENT
0000029534-17-000012,2017-03-21,2017-03-18,2017-03-21T13:48:52.000Z,,4,,,,4,4881,0,0,,xslF345X03/edgar.xml,PRIMARY DOCUMENT
0000029534-17-000013,2017-03-21,2017-03-18,2017-03-21T13:54:24.000Z,,4,,,,4,4869,0,0,,xslF345X03/edgar.xml,PRIMARY DOCUMENT
0000029534-17-000014,2017-03-21,2017-03-18,2017-03-21T14:00:36.000Z,,4,,,,4,4882,0,0,,xslF345X03/edgar.xml,PRIMARY DOCUMENT
0000029534-17-000015,2017-03-21,2017-03-18,2017-03-21T14:09:02.000Z,,4,,,,4,4892,0,0,,xslF345X03/edgar.xml,PRIMARY DOCUMENT
0001104659-17-018852,2017-03-23,2017-03-23,2017-03-23T20:22:18.000Z,34,8-K,001-11421,17709978,"5.03,9.01",8-K,226108,0,0,,a17-8466_18k.htm,8-K
0000029534-17-000016,2017-03-23,2017-03-22,2017-03-23T23:36:58.000Z,,4,,,,4,5219,0,0,,xslF345X03/edgar.xml,PRIMARY DOCUMENT
0000029534-17-000017,2017-03-23,2017-03-22,2017-03-23T23:44:27.000Z,,4,,,,4,5331,0,0,,xslF345X03/edgar.xml,PRIMARY DOCUMENT
0000029534-17-000018,2017-03-23,2017-03-22,2017-03-23T23:51:51.000Z,,4,,,,4,5341,0,0,,xslF345X03/edgar.xml,PRIMARY DOCUMENT
0000029534-17-000019,2017-03-23,2017-03-22,2017-03-23T23:57:23.000Z,,4,,,,4,5337,0,0,,xslF345X03/edgar.xml,PRIMARY DOCUMENT
0000029534-17-000020,2017-03-23,2017-03-22,2017-03-24T00:03:35.000Z,,4,,,,4,5325,0,0,,xslF345X03/edgar.xml,PRIMARY DOCUMENT
0000029534-17-000021,2017-03-23,2017-03-22,2017-03-24T00:10:02.000Z,,4,,,,4,5334,0,0,,xslF345X03/edgar.xml,PRIMARY DOCUMENT
0000029534-17-000022,2017-03-23,2017-03-22,2017-03-24T00:16:28.000Z,,4,,,,4,7195,0,0,,xslF345X03/edgar.xml,PRIMARY DOCUMENT
0000029534-17-000023,2017-03-23,2017-03-22,2017-03-24T00:25:22.000Z,,4,,,,4,7184,0,0,,xslF345X03/edgar.xml,PRIMARY DOCUMENT
0001558370-17-002116,2017-03-24,2017-02-03,2017-03-24T20:28:06.000Z,34,10-K,001-11421,17713072,,10-K,11555761,1,0,,dg-20170203x10k.htm,10-K
0001047469-17-001985,2017-03-24,,2017-03-24T20:45:53.000Z,33,S-3ASR,333-216940,17713244,,S-3ASR,1024632,0,0,,a2231515zs-3asr.htm,S-3ASR
0001047469-17-002063,2017-03-28,,2017-03-28T12:30:40.000Z,33,424B2,333-216940,17716875,,424B2,610147,0,0,,a2231518z424b2.htm,424B2
0001104659-17-019716,2017-03-28,,2017-03-28T20:45:42.000Z,34,FWP,333-216940,17719542,,FWP,32569,0,0,,a17-9095_4fwp.htm,FWP
0001104659-17-019779,2017-03-29,2017-03-28,2017-03-29T00:51:26.000Z,34,8-K,001-11421,17720522,"1.01,8.01,9.01",8-K,333289,0,0,,a17-10032_18k.htm,8-K
0001047469-17-002148,2017-03-29,,2017-03-29T21:23:41.000Z,33,424B2,333-216940,17723047,,424B2,621263,0,0,,a2231597z424b2.htm,424B2
0000029534-17-000024,2017-04-04,2017-04-01,2017-04-04T16:00:32.000Z,,4,,,,4,4803,0,0,,xslF345X03/edgar.xml,PRIMARY DOCUMENT
0000029534-17-000025,2017-04-04,2017-04-01,2017-04-04T16:11:30.000Z,,4,,,,4,4914,0,0,,xslF345X03/edgar.xml,PRIMARY DOCUMENT
0000029534-17-000026,2017-04-04,2017-04-01,2017-04-04T16:22:41.000Z,,4,,,,4,4765,0,0,,xslF345X03/edgar.xml,PRIMARY DOCUMENT
0000029534-17-000027,2017-04-04,2017-04-01,2017-04-04T16:28:50.000Z,,4,,,,4,4944,0,0,,xslF345X03/edgar.xml,PRIMARY DOCUMENT
0000029534-17-000028,2017-04-04,2017-04-01,2017-04-04T16:35:20.000Z,,4,,,,4,4910,0,0,,xslF345X03/edgar.xml,PRIMARY DOCUMENT
0000029534-17-000029,2017-04-04,2017-04-01,2017-04-04T16:39:42.000Z,,4,,,,4,4758,0,0,,xslF345X03/edgar.xml,PRIMARY DOCUMENT
0000029534-17-000030,2017-04-04,2017-04-01,2017-04-04T16:44:59.000Z,,4,,,,4,4953,0,0,,xslF345X03/edgar.xml,PRIMARY DOCUMENT
0000029534-17-000031,2017-04-04,2017-04-01,2017-04-04T16:50:38.000Z,,4,,,,4,4940,0,0,,xslF345X03/edgar.xml,PRIMARY DOCUMENT
0001104659-17-022879,2017-04-11,2017-04-11,2017-04-11T20:17:13.000Z,34,8-K,001-11421,17756098,"1.01,2.03,8.01,9.01",8-K,336113,0,0,,a17-11061_18k.htm,8-K
0001047469-17-002554,2017-04-12,2017-05-31,2017-04-12T20:31:37.000Z,34,DEF 14A,001-11421,17758288,,DEF 14A,1896850,0,0,,a2231615zdef14a.htm,DEF 14A
0001104659-17-023112,2017-04-12,,2017-04-12T20:56:42.000Z,34,DEFA14A,001-11421,17758477,,DEFA14A,242116,0,0,,a17-2283_3defa14a.htm,DEFA14A
0000029534-17-000032,2017-05-11,2017-03-30,2017-05-11T21:59:57.000Z,,4,,,,4,4373,0,0,,xslF345X03/edgar.xml,PRIMARY DOCUMENT
0000029534-17-000033,2017-05-26,2017-05-25,2017-05-26T18:04:49.000Z,,4,,,,4,5181,0,0,,xslF345X03/edgar.xml,PRIMARY DOCUMENT
0000029534-17-000034,2017-05-26,2017-05-25,2017-05-26T18:14:07.000Z,,4,,,,4,5238,0,0,,xslF345X03/edgar.xml,PRIMARY DOCUMENT
0000029534-17-000035,2017-05-26,2017-05-25,2017-05-26T18:19:38.000Z,,4,,,,4,5713,0,0,,xslF345X03/edgar.xml,PRIMARY DOCUMENT
0000029534-17-000036,2017-05-26,2017-05-25,2017-05-26T18:25:26.000Z,,4,,,,4,5024,0,0,,xslF345X03/edgar.xml,PRIMARY DOCUMENT
0000029534-17-000037,2017-05-30,2017-05-25,2017-05-30T15:09:25.000Z,,4,,,,4,5002,0,0,,xslF345X03/edgar.xml,PRIMARY DOCUMENT
0000029534-17-000038,2017-05-30,2017-05-29,2017-05-30T15:32:32.000Z,,4,,,,4,4810,0,0,,xslF345X03/edgar.xml,PRIMARY DOCUMENT
0000029534-17-000039,2017-05-30,2017-05-29,2017-05-30T15:38:34.000Z,,4,,,,4,4872,0,0,,xslF345X03/edgar.xml,PRIMARY DOCUMENT
0000029534-17-000040,2017-05-30,2017-05-29,2017-05-30T15:43:30.000Z,,4,,,,4,5357,0,0,,xslF345X03/edgar.xml,PRIMARY DOCUMENT
0001157523-17-001707,2017-06-01,2017-05-31,2017-06-01T11:01:25.000Z,34,8-K,001-11421,17883167,"2.02,5.07,7.01,9.01",8-K,230491,0,0,,a51567541.htm,DOLLAR GENERAL CORP. 8-K
0001558370-17-004622,2017-06-01,2017-05-05,2017-06-01T11:51:50.000Z,34,10-Q,001-11421,17883232,,10-Q,3400327,1,0,,dg-20170505x10q.htm,10-Q
0000029534-17-000041,2017-06-01,2017-05-31,2017-06-01T12:24:01.000Z,,4,,,,4,4708,0,0,,xslF345X03/edgar.xml,PRIMARY DOCUMENT
0000029534-17-000042,2017-06-01,2017-05-31,2017-06-01T12:29:43.000Z,,4,,,,4,5081,0,0,,xslF345X03/edgar.xml,PRIMARY DOCUMENT
0000029534-17-000043,2017-06-01,2017-05-31,2017-06-01T12:36:14.000Z,,4,,,,4,4887,0,0,,xslF345X03/edgar.xml,PRIMARY DOCUMENT
0000029534-17-000044,2017-06-01,2017-05-31,2017-06-01T12:43:00.000Z,,4,,,,4,4956,0,0,,xslF345X03/edgar.xml,PRIMARY DOCUMENT
0000029534-17-000045,2017-06-01,2017-05-31,2017-06-01T12:52:09.000Z,,4,,,,4,5055,0,0,,xslF345X03/edgar.xml,PRIMARY DOCUMENT
0000029534-17-000046,2017-06-01,2017-05-31,2017-06-01T12:57:10.000Z,,4,,,,4,5433,0,0,,xslF345X03/edgar.xml,PRIMARY DOCUMENT
0000029534-17-000047,2017-06-01,2017-05-31,2017-06-01T13:02:11.000Z,,4,,,,4,4733,0,0,,xslF345X03/edgar.xml,PRIMARY DOCUMENT
0000029534-17-000048,2017-06-05,2017-06-02,2017-06-05T19:51:47.000Z,,4,,,,4,12008,0,0,,xslF345X03/edgar.xml,PRIMARY DOCUMENT
0000029534-17-000049,2017-07-13,2017-07-10,2017-07-13T16:42:41.000Z,,3,,,,3,6929,0,0,,xslF345X02/edgar.xml,PRIMARY DOCUMENT
0000029534-17-000050,2017-07-17,2017-07-12,2017-07-17T18:44:32.000Z,,3,,,,3,6962,0,0,,xslF345X02/edgar.xml,PRIMARY DOCUMENT
0000029534-17-000051,2017-08-28,2017-08-26,2017-08-28T14:34:28.000Z,,4,,,,4,4944,0,0,,xslF345X03/edgar.xml,PRIMARY DOCUMENT
0001157523-17-002430,2017-08-31,2017-08-31,2017-08-31T11:00:05.000Z,34,8-K,001-11421,171062030,"2.02,7.01,9.01",8-K,249296,0,0,,a51676365.htm,DOLLAR GENERAL CORPORATION 8-K
0001558370-17-006873,2017-08-31,2017-08-04,2017-08-31T12:03:06.000Z,34,10-Q,001-11421,171062071,,10-Q,4111662,1,0,,dg-20170804x10q.htm,10-Q
0000029534-17-000052,2017-08-31,2017-08-29,2017-08-31T16:44:32.000Z,,4,,,,4,5375,0,0,,xslF345X03/edgar.xml,PRIMARY DOCUMENT
0000029534-17-000053,2017-08-31,2017-08-29,2017-08-31T16:51:30.000Z,,4,,,,4,5341,0,0,,xslF345X03/edgar.xml,PRIMARY DOCUMENT
0000029534-17-000054,2017-09-12,2017-09-12,2017-09-12T22:03:16.000Z,,4,,,,4,4524,0,0,,xslF345X03/edgar.xml,PRIMARY DOCUMENT
0000029534-17-000055,2017-10-13,2017-10-12,2017-10-13T18:53:12.000Z,,4,,,,4,13058,0,0,,xslF345X03/edgar.xml,PRIMARY DOCUMENT
0001157523-17-003202,2017-12-07,2017-12-07,2017-12-07T12:04:13.000Z,34,8-K,001-11421,171243502,"2.02,7.01,9.01",8-K,270178,0,0,,a51726153.htm,DOLLAR GENERAL CORPORATION 8-K
0001558370-17-009219,2017-12-07,2017-11-03,2017-12-07T12:31:03.000Z,34,10-Q,001-11421,171243523,,10-Q,3798379,1,0,,dg-20171103x10q.htm,10-Q
0000029534-17-000056,2017-12-08,2017-12-07,2017-12-08T19:59:57.000Z,,4,,,,4,9825,0,0,,xslF345X03/edgar.xml,PRIMARY DOCUMENT
0000029534-17-000057,2017-12-08,2017-12-07,2017-12-08T20:08:26.000Z,,4,,,,4,10119,0,0,,xslF345X03/edgar.xml,PRIMARY DOCUMENT
0000029534-17-000058,2017-12-13,2017-12-12,2017-12-13T22:08:13.000Z,,4,,,,4,5071,0,0,,xslF345X03/edgar.xml,PRIMARY DOCUMENT
0000029534-17-000059,2017-12-13,2017-12-12,2017-12-13T22:15:30.000Z,,4,,,,4,4491,0,0,,xslF345X03/edgar.xml,PRIMARY DOCUMENT
0000029534-17-000061,2017-12-15,2017-12-14,2017-12-15T22:34:34.000Z,,4,,,,4,5060,0,0,,xslF345X03/edgar.xml,PRIMARY DOCUMENT
0000029534-17-000062,2017-12-20,2017-12-18,2017-12-20T17:11:03.000Z,,4,,,,4,4504,0,0,,xslF345X03/edgar.xml,PRIMARY DOCUMENT
0001193125-18-021628,2018-01-26,,2018-01-26T21:16:04.000Z,34,SC 13G/A,005-40997,18552050,,SC 13G/A,39511,0,0,,d530220dsc13ga.htm,SC 13G/A
0000029534-18-000001,2018-02-05,2018-02-05,2018-02-05T20:05:22.000Z,,4,,,,4,5158,0,0,,xslF345X03/edgar.xml,PRIMARY DOCUMENT
0000215457-18-005005,2018-02-08,,2018-02-08T14:44:38.000Z,34,SC 13G/A,005-40997,18583065,,SC 13G/A,13744,0,0,,us2566771059_012418.txt,
0000932471-18-003277,2018-02-09,,2018-02-09T12:36:14.000Z,34,SC 13G/A,005-40997,18587717,,SC 13G/A,45331,0,0,,dollargeneralcorp.htm,
0001157523-18-000296,2018-02-13,2018-02-12,2018-02-13T12:03:13.000Z,34,8-K,001-11421,18599099,"5.02,9.01",8-K,29253,0,0,,a51757473.htm,DOLLAR GENERAL CORPORATION 8-K
0000313028-18-000061,2018-02-13,,2018-02-13T13:57:46.000Z,34,SC 13G,005-40997,18599295,,SC 13G,65666,0,0,,dg13g02132018.htm,SCHEDULE 13G
0000080255-18-002482,2018-02-14,,2018-02-14T19:05:59.000Z,34,SC 13G/A,005-40997,,,SC 13G/A,6939,0,0,,dg13gadec17.txt,
0000029534-18-000002,2018-02-15,2018-02-12,2018-02-15T22:14:30.000Z,,3,,,,3,6869,0,0,,xslF345X02/edgar.xml,PRIMARY DOCUMENT
0000029534-18-000003,2018-02-20,2018-02-12,2018-02-20T15:45:04.000Z,,3,,,,3,6886,0,0,,xslF345X02/edgar.xml,PRIMARY DOCUMENT
0000029534-18-000004,2018-03-07,2018-03-04,2018-03-06T22:57:50.000Z,34,8-K,001-11421,18671192,5.02,8-K,22579,0,0,,form8k030418rickardretiremen.htm,
0001157523-18-000559,2018-03-15,2018-03-15,2018-03-15T11:08:44.000Z,34,8-K,001-11421,18691028,"2.02,7.01,9.01",8-K,249994,0,0,,a51773509.htm,DOLLAR GENERAL CORPORATION 8-K
0000029534-18-000005,2018-03-15,2018-03-13,2018-03-15T16:14:57.000Z,,4,,,,4,5488,0,0,,xslF345X03/edgar.xml,PRIMARY DOCUMENT
0000029534-18-000006,2018-03-15,2018-03-13,2018-03-15T16:22:04.000Z,,4,,,,4,5602,0,0,,xslF345X03/edgar.xml,PRIMARY DOCUMENT
0000029534-18-000007,2018-03-15,2018-03-13,2018-03-15T16:28:26.000Z,,4,,,,4,5615,0,0,,xslF345X03/edgar.xml,PRIMARY DOCUMENT
0000029534-18-000008,2018-03-15,2018-03-13,2018-03-15T16:35:45.000Z,,4,,,,4,5605,0,0,,xslF345X03/edgar.xml,PRIMARY DOCUMENT
0000029534-18-000009,2018-03-15,2018-03-13,2018-03-15T16:42:11.000Z,,4,,,,4,5593,0,0,,xslF345X03/edgar.xml,PRIMARY DOCUMENT
0000029534-18-000010,2018-03-15,2018-03-13,2018-03-15T16:49:40.000Z,,4,,,,4,5597,0,0,,xslF345X03/edgar.xml,PRIMARY DOCUMENT
0000029534-18-000011,2018-03-15,2018-03-13,2018-03-15T16:55:18.000Z,,4,,,,4,5586,0,0,,xslF345X03/edgar.xml,PRIMARY DOCUMENT
0000029534-18-000012,2018-03-19,2018-03-16,2018-03-19T18:28:17.000Z,,4,,,,4,9880,0,0,,xslF345X03/edgar.xml,PRIMARY DOCUMENT
0000029534-18-000013,2018-03-23,2018-03-21,2018-03-23T14:48:40.000Z,,4,,,,4,5219,0,0,,xslF345X03/edgar.xml,PRIMARY DOCUMENT
0000029534-18-000014,2018-03-23,2018-03-21,2018-03-23T14:56:03.000Z,,4,,,,4,5331,0,0,,xslF345X03/edgar.xml,PRIMARY DOCUMENT
0000029534-18-000015,2018-03-23,2018-03-21,2018-03-23T15:03:59.000Z,,4,,,,4,5347,0,0,,xslF345X03/edgar.xml,PRIMARY DOCUMENT
0000029534-18-000016,2018-03-23,2018-03-21,2018-03-23T15:10:43.000Z,,4,,,,4,5337,0,0,,xslF345X03/edgar.xml,PRIMARY DOCUMENT
0000029534-18-000017,2018-03-23,2018-03-21,2018-03-23T15:16:22.000Z,,4,,,,4,5372,0,0,,xslF345X03/edgar.xml,PRIMARY DOCUMENT
0000029534-18-000018,2018-03-23,2018-03-21,2018-03-23T15:24:15.000Z,,4,,,,4,5325,0,0,,xslF345X03/edgar.xml,PRIMARY DOCUMENT
0000029534-18-000019,2018-03-23,2018-03-21,2018-03-23T15:30:29.000Z,,4,,,,4,5338,0,0,,xslF345X03/edgar.xml,PRIMARY DOCUMENT
0000029534-18-000020,2018-03-23,2018-03-21,2018-03-23T15:40:20.000Z,,4,,,,4,7194,0,0,,xslF345X03/edgar.xml,PRIMARY DOCUMENT
0000029534-18-000021,2018-03-23,2018-03-21,2018-03-23T15:50:50.000Z,,4,,,,4,7185,0,0,,xslF345X03/edgar.xml,PRIMARY DOCUMENT
0001558370-18-002366,2018-03-23,2018-02-02,2018-03-23T21:09:36.000Z,34,10-K,001-11421,18710913,,10-K,11875692,1,0,,dg-20180202x10k.htm,10-K
0001047469-18-002116,2018-03-26,,2018-03-26T13:01:12.000Z,33,424B2,333-216940,18711715,,424B2,694314,0,0,,a2234977z424b2.htm,424B2
0001104659-18-020140,2018-03-26,,2018-03-26T21:29:53.000Z,34,FWP,333-216940,18713621,,FWP,32067,0,0,,a18-8598_3fwp.htm,FWP
0001104659-18-020487,2018-03-27,2018-03-26,2018-03-27T21:19:16.000Z,34,8-K,001-11421,18716279,"1.01,8.01,9.01",8-K,313998,0,0,,a18-8598_48k.htm,8-K
0001047469-18-002200,2018-03-27,,2018-03-27T21:29:08.000Z,33,424B2,333-216940,18716434,,424B2,704284,0,0,,a2235096z424b2.htm,424B2
0000029534-18-000022,2018-03-27,2018-03-26,2018-03-27T22:12:18.000Z,,4,,,,4,5060,0,0,,xslF345X03/edgar.xml,PRIMARY DOCUMENT
0000029534-18-000023,2018-04-03,2018-04-01,2018-04-03T16:20:21.000Z,,4,,,,4,5062,0,0,,xslF345X03/edgar.xml,PRIMARY DOCUMENT
0000029534-18-000024,2018-04-03,2018-04-01,2018-04-03T16:29:16.000Z,,4,,,,4,5171,0,0,,xslF345X03/edgar.xml,PRIMARY DOCUMENT
0000029534-18-000025,2018-04-03,2018-04-01,2018-04-03T17:25:38.000Z,,4,,,,4,5043,0,0,,xslF345X03/edgar.xml,PRIMARY DOCUMENT
0000029534-18-000026,2018-04-03,2018-04-01,2018-04-03T17:32:07.000Z,,4,,,,4,5194,0,0,,xslF345X03/edgar.xml,PRIMARY DOCUMENT
0000029534-18-000027,2018-04-03,2018-04-01,2018-04-03T17:41:08.000Z,,4,,,,4,11931,0,0,,xslF345X03/edgar.xml,PRIMARY DOCUMENT
0000029534-18-000028,2018-04-03,2018-04-01,2018-04-03T17:46:12.000Z,,4,,,,4,5231,0,0,,xslF345X03/edgar.xml,PRIMARY DOCUMENT
0000029534-18-000029,2018-04-03,2018-04-01,2018-04-03T17:52:39.000Z,,4,,,,4,5241,0,0,,xslF345X03/edgar.xml,PRIMARY DOCUMENT
0000029534-18-000030,2018-04-05,2018-04-04,2018-04-05T15:51:29.000Z,,4,,,,4,9820,0,0,,xslF345X03/edgar.xml,PRIMARY DOCUMENT
0001104659-18-023256,2018-04-10,2018-04-10,2018-04-10T20:16:06.000Z,34,8-K,001-11421,18748165,"1.01,2.03,8.01,9.01",8-K,328262,0,0,,a18-9686_18k.htm,8-K
0000029534-18-000031,2018-04-11,2018-04-10,2018-04-11T17:05:20.000Z,,4,,,,4,4501,0,0,,xslF345X03/edgar.xml,PRIMARY DOCUMENT
0001558370-18-002903,2018-04-11,2018-04-05,2018-04-11T20:19:32.000Z,34,8-K,001-11421,18750285,"5.02,9.01",8-K,365658,0,0,,f8-k.htm,8-K
0001047469-18-002753,2018-04-12,2018-05-30,2018-04-12T20:22:42.000Z,34,DEF 14A,001-11421,18752323,,DEF 14A,1478907,0,0,,a2235091zdef14a.htm,DEF 14A
0001104659-18-023730,2018-04-12,,2018-04-12T20:50:07.000Z,34,DEFA14A,001-11421,18752538,,DEFA14A,286425,0,0,,a18-2925_3defa14a.htm,DEFA14A
0000029534-18-000032,2018-04-18,2018-04-17,2018-04-18T18:50:42.000Z,,4,,,,4,5072,0,0,,xslF345X03/edgar.xml,PRIMARY DOCUMENT
0000029534-18-000033,2018-04-19,2018-04-18,2018-04-19T15:26:50.000Z,,4,,,,4,5073,0,0,,xslF345X03/edgar.xml,PRIMARY DOCUMENT
0001104659-18-034486,2018-05-18,2018-05-17,2018-05-18T20:19:19.000Z,34,8-K,001-11421,18846881,5.02,8-K,22725,0,0,,a18-13805_18k.htm,8-K
0001104659-18-034489,2018-05-18,,2018-05-18T20:23:49.000Z,34,DEFA14A,001-11421,18846940,,DEFA14A,49011,0,0,,a18-13805_2defa14a.htm,DEFA14A
0001157523-18-001216,2018-05-31,2018-05-30,2018-05-31T11:05:57.000Z,34,8-K,001-11421,18869997,"2.02,5.07,7.01,9.01",8-K,198155,0,0,,a51814519.htm,DOLLAR GENERAL CORPORATION
0001558370-18-005033,2018-05-31,2018-05-04,2018-05-31T11:26:11.000Z,34,10-Q,001-11421,18870007,,10-Q,3541560,1,0,,dg-20180504x10q.htm,10-Q
0001558370-18-005070,2018-05-31,2018-05-31,2018-05-31T21:10:27.000Z,34,8-K,001-11421,18872486,"5.02,9.01",8-K,327276,0,0,,f8-k.htm,8-K
0000029534-18-000034,2018-05-31,2018-05-30,2018-05-31T22:26:36.000Z,,4,,,,4,6753,0,0,,xslF345X03/edgar.xml,PRIMARY DOCUMENT
0000029534-18-000035,2018-05-31,2018-05-30,2018-05-31T22:32:22.000Z,,4,,,,4,5096,0,0,,xslF345X03/edgar.xml,PRIMARY DOCUMENT
0000029534-18-000036,2018-05-31,2018-05-30,2018-05-31T22:40:30.000Z,,4,,,,4,6931,0,0,,xslF345X03/edgar.xml,PRIMARY DOCUMENT
0000029534-18-000037,2018-05-31,2018-05-30,2018-05-31T22:46:43.000Z,,4,,,,4,6999,0,0,,xslF345X03/edgar.xml,PRIMARY DOCUMENT
0000029534-18-000038,2018-05-31,2018-05-30,2018-05-31T22:52:03.000Z,,4,,,,4,4720,0,0,,xslF345X03/edgar.xml,PRIMARY DOCUMENT
0000029534-18-000039,2018-05-31,2018-05-30,2018-05-31T23:04:23.000Z,,4,,,,4,5148,0,0,,xslF345X03/edgar.xml,PRIMARY DOCUMENT
0000029534-18-000040,2018-05-31,2018-05-30,2018-05-31T23:12:27.000Z,,4,,,,4,7482,0,0,,xslF345X03/edgar.xml,PRIMARY DOCUMENT
0000029534-18-000041,2018-05-31,2018-05-30,2018-05-31T23:20:02.000Z,,4,,,,4,5191,0,0,,xslF345X03/edgar.xml,PRIMARY DOCUMENT
0000029534-18-000042,2018-05-31,2018-05-30,2018-05-31T23:25:26.000Z,,4,,,,4,4727,0,0,,xslF345X03/edgar.xml,PRIMARY DOCUMENT
0000029534-18-000043,2018-06-04,2018-06-01,2018-06-04T19:18:11.000Z,,4,,,,4,5022,0,0,,xslF345X03/edgar.xml,PRIMARY DOCUMENT
0000029534-18-000045,2018-06-25,2018-06-22,2018-06-25T21:47:08.000Z,,4,,,,4,8886,0,0,,xslF345X03/edgar.xml,PRIMARY DOCUMENT
0001157523-18-001892,2018-08-30,2018-08-30,2018-08-30T11:04:05.000Z,34,8-K,001-11421,181045506,"2.02,7.01,9.01",8-K,221431,0,0,,a51859060.htm,DOLLAR GENERAL CORPORATION 8-K
0001558370-18-007294,2018-08-30,2018-08-03,2018-08-30T12:11:08.000Z,34,10-Q,001-11421,181045595,,10-Q,3737367,1,0,,dg-20180803x10q.htm,10-Q
0000029534-18-000046,2018-08-30,2018-08-28,2018-08-30T18:43:50.000Z,,4,,,,4,5332,0,0,,xslF345X03/edgar.xml,PRIMARY DOCUMENT
0000029534-18-000047,2018-09-11,2018-09-07,2018-09-11T20:27:30.000Z,,4,,,,4,10388,0,0,,xslF345X03/edgar.xml,PRIMARY DOCUMENT
0000029534-18-000048,2018-10-22,2018-10-18,2018-10-22T21:48:07.000Z,,4,,,,4,10118,0,0,,xslF345X03/edgar.xml,PRIMARY DOCUMENT
0001157523-18-002518,2018-12-04,2018-12-04,2018-12-04T12:04:51.000Z,34,8-K,001-11421,181215372,"2.02,7.01,9.01",8-K,257535,0,0,,a51907634.htm,DOLLAR GENERAL CORPORATION 8-K
0001558370-18-009556,2018-12-04,2018-11-02,2018-12-04T12:26:13.000Z,34,10-Q,001-11421,181215387,,10-Q,3858624,1,0,,dg-20181102x10q.htm,10-Q
0000029534-19-000001,2019-01-09,2019-01-08,2019-01-09T23:59:46.000Z,,4,,,,4,12519,0,0,,xslF345X03/edgar.xml,PRIMARY DOCUMENT
0000029534-19-000002,2019-02-04,2019-02-04,2019-02-04T19:44:52.000Z,,4,,,,4,5157,0,0,,xslF345X03/edgar.xml,PRIMARY DOCUMENT
0000215457-19-004006,2019-02-04,,2019-02-04T21:43:46.000Z,34,SC 13G/A,005-40997,19564325,,SC 13G/A,13713,0,0,,us2566771059_020419.txt,
0000932471-19-004540,2019-02-11,,2019-02-11T14:48:17.000Z,34,SC 13G/A,005-40997,19582541,,SC 13G/A,34271,0,0,,dollargeneralcorp.htm,
0000313028-19-000004,2019-02-11,,2019-02-11T15:28:21.000Z,34,SC 13G,005-40997,19582801,,SC 13G,65643,0,0,,dg13g021119.htm,SCHEDULE 13G
0000080255-19-002583,2019-02-14,,2019-02-14T18:50:03.000Z,34,SC 13G/A,005-40997,,,SC 13G/A,6938,0,0,,dg13gadec18.txt,
0001157523-19-000602,2019-03-14,2019-03-12,2019-03-14T11:07:21.000Z,34,8-K,001-11421,19679716,"2.02,5.02,7.01,9.01",8-K,271695,0,0,,a51953853.htm,DOLLAR GENERAL CORP. 8-K
0000029534-19-000003,2019-03-14,2019-03-12,2019-03-14T16:27:55.000Z,,4,,,,4,5496,0,0,,xslF345X03/edgar.xml,PRIMARY DOCUMENT
0000029534-19-000004,2019-03-14,2019-03-12,2019-03-14T16:34:01.000Z,,4,,,,4,5607,0,0,,xslF345X03/edgar.xml,PRIMARY DOCUMENT
0000029534-19-000005,2019-03-14,2019-03-12,2019-03-14T16:40:55.000Z,,4,,,,4,5594,0,0,,xslF345X03/edgar.xml,PRIMARY DOCUMENT
0000029534-19-000006,2019-03-14,2019-03-12,2019-03-14T16:47:10.000Z,,4,,,,4,5623,0,0,,xslF345X03/edgar.xml,PRIMARY DOCUMENT
0000029534-19-000007,2019-03-14,2019-03-12,2019-03-14T16:53:31.000Z,,4,,,,4,5607,0,0,,xslF345X03/edgar.xml,PRIMARY DOCUMENT
0000029534-19-000008,2019-03-14,2019-03-12,2019-03-14T16:58:45.000Z,,4,,,,4,5353,0,0,,xslF345X03/edgar.xml,PRIMARY DOCUMENT
0000029534-19-000009,2019-03-14,2019-03-12,2019-03-14T17:05:45.000Z,,4,,,,4,5601,0,0,,xslF345X03/edgar.xml,PRIMARY DOCUMENT
0000029534-19-000010,2019-03-14,2019-03-12,2019-03-14T17:11:24.000Z,,4,,,,4,5319,0,0,,xslF345X03/edgar.xml,PRIMARY DOCUMENT
0000029534-19-000011,2019-03-14,2019-03-12,2019-03-14T17:17:30.000Z,,4,,,,4,5605,0,0,,xslF345X03/edgar.xml,PRIMARY DOCUMENT
0000029534-19-000012,2019-03-22,2019-03-20,2019-03-22T15:56:30.000Z,,4,,,,4,5220,0,0,,xslF345X03/edgar.xml,PRIMARY DOCUMENT
0000029534-19-000013,2019-03-22,2019-03-20,2019-03-22T16:01:56.000Z,,4,,,,4,5332,0,0,,xslF345X03/edgar.xml,PRIMARY DOCUMENT
0000029534-19-000014,2019-03-22,2019-03-20,2019-03-22T16:06:50.000Z,,4,,,,4,5329,0,0,,xslF345X03/edgar.xml,PRIMARY DOCUMENT
0000029534-19-000015,2019-03-22,2019-03-20,2019-03-22T16:11:39.000Z,,4,,,,4,5348,0,0,,xslF345X03/edgar.xml,PRIMARY DOCUMENT
0000029534-19-000016,2019-03-22,2019-03-20,2019-03-22T16:17:22.000Z,,4,,,,4,5373,0,0,,xslF345X03/edgar.xml,PRIMARY DOCUMENT
0000029534-19-000017,2019-03-22,2019-03-20,2019-03-22T16:22:56.000Z,,4,,,,4,5349,0,0,,xslF345X03/edgar.xml,PRIMARY DOCUMENT
0000029534-19-000018,2019-03-22,2019-03-20,2019-03-22T16:29:21.000Z,,4,,,,4,5339,0,0,,xslF345X03/edgar.xml,PRIMARY DOCUMENT
0000029534-19-000019,2019-03-22,2019-03-20,2019-03-22T16:36:04.000Z,,4,,,,4,7194,0,0,,xslF345X03/edgar.xml,PRIMARY DOCUMENT
0001558370-19-002383,2019-03-22,2019-02-01,2019-03-22T20:33:57.000Z,34,10-K,001-11421,19700297,,10-K,10799311,1,0,,dg-20190201x10k.htm,10-K
0000029534-19-000020,2019-03-26,2019-03-22,2019-03-26T15:04:14.000Z,,4,,,,4,20829,0,0,,xslF345X03/edgar.xml,PRIMARY DOCUMENT
0000029534-19-000021,2019-03-27,2019-03-26,2019-03-28T00:11:10.000Z,,4,,,,4,17869,0,0,,xslF345X03/edgar.xml,PRIMARY DOCUMENT
0000029534-19-000022,2019-04-03,2019-04-01,2019-04-03T20:01:33.000Z,,4,,,,4,5061,0,0,,xslF345X03/edgar.xml,PRIMARY DOCUMENT
0000029534-19-000023,2019-04-03,2019-04-01,2019-04-03T20:07:52.000Z,,4,,,,4,5353,0,0,,xslF345X03/edgar.xml,PRIMARY DOCUMENT
0000029534-19-000024,2019-04-03,2019-04-01,2019-04-03T20:13:10.000Z,,4,,,,4,5206,0,0,,xslF345X03/edgar.xml,PRIMARY DOCUMENT
0000029534-19-000025,2019-04-03,2019-04-01,2019-04-03T20:18:55.000Z,,4,,,,4,5174,0,0,,xslF345X03/edgar.xml,PRIMARY DOCUMENT
0000029534-19-000026,2019-04-03,2019-04-01,2019-04-03T20:24:24.000Z,,4,,,,4,4911,0,0,,xslF345X03/edgar.xml,PRIMARY DOCUMENT
0000029534-19-000027,2019-04-03,2019-04-01,2019-04-03T20:29:09.000Z,,4,,,,4,5160,0,0,,xslF345X03/edgar.xml,PRIMARY DOCUMENT
0000029534-19-000028,2019-04-03,2019-04-01,2019-04-03T20:37:56.000Z,,4,,,,4,4899,0,0,,xslF345X03/edgar.xml,PRIMARY DOCUMENT
0000029534-19-000029,2019-04-03,2019-04-01,2019-04-03T20:44:06.000Z,,4,,,,4,5340,0,0,,xslF345X03/edgar.xml,PRIMARY DOCUMENT
0000029534-19-000030,2019-04-03,2019-04-01,2019-04-03T21:14:12.000Z,,4,,,,4,5193,0,0,,xslF345X03/edgar.xml,PRIMARY DOCUMENT
0001193125-19-097919,2019-04-04,2019-05-29,2019-04-04T20:23:41.000Z,34,DEF 14A,001-11421,19732524,,DEF 14A,7572190,0,0,,d716260ddef14a.htm,DEF 14A
0001193125-19-097923,2019-04-04,,2019-04-04T20:30:02.000Z,34,DEFA14A,001-11421,19732564,,DEFA14A,60740,0,0,,d716260ddefa14a.htm,DEFA14A
0000029534-19-000031,2019-04-08,2019-04-04,2019-04-08T19:43:40.000Z,,4,,,,4,21862,0,0,,xslF345X03/edgar.xml,PRIMARY DOCUMENT
0000029534-19-000032,2019-04-15,2019-04-12,2019-04-15T21:02:06.000Z,,4,,,,4,4496,0,0,,xslF345X03/edgar.xml,PRIMARY DOCUMENT
0000029534-19-000033,2019-04-18,2019-04-16,2019-04-18T19:32:21.000Z,,4,,,,4,5061,0,0,,xslF345X03/edgar.xml,PRIMARY DOCUMENT
0001157523-19-001321,2019-05-30,2019-05-29,2019-05-30T11:01:00.000Z,34,8-K,001-11421,19864516,"2.02,5.07,7.01,9.01",8-K,211005,0,0,,a51991658.htm,DOLLAR GENERAL CORPORATION 8-K
0001558370-19-005361,2019-05-30,2019-05-03,2019-05-30T11:45:47.000Z,34,10-Q,001-11421,19864614,,10-Q,3626875,1,0,,dg-20190503x10q.htm,10-Q
0000029534-19-000035,2019-05-30,2015-10-22,2019-05-30T18:00:33.000Z,,4,,,,4,23299,0,0,,xslF345X03/edgar.xml,PRIMARY DOCUMENT
0000029534-19-000036,2019-05-30,2019-05-29,2019-05-30T21:51:10.000Z,,4,,,,4,6736,0,0,,xslF345X03/edgar.xml,PRIMARY DOCUMENT
0000029534-19-000037,2019-05-30,2019-05-29,2019-05-30T21:56:32.000Z,,4,,,,4,5095,0,0,,xslF345X03/edgar.xml,PRIMARY DOCUMENT
0000029534-19-000038,2019-05-30,2019-05-29,2019-05-30T22:03:55.000Z,,4,,,,4,6931,0,0,,xslF345X03/edgar.xml,PRIMARY DOCUMENT
0000029534-19-000039,2019-05-30,2019-05-29,2019-05-30T22:11:06.000Z,,4,,,,4,7292,0,0,,xslF345X03/edgar.xml,PRIMARY DOCUMENT
0000029534-19-000040,2019-05-30,2019-05-29,2019-05-30T22:18:02.000Z,,4,,,,4,6763,0,0,,xslF345X03/edgar.xml,PRIMARY DOCUMENT
0000029534-19-000041,2019-05-30,2019-05-29,2019-05-30T22:25:42.000Z,,4,,,,4,7482,0,0,,xslF345X03/edgar.xml,PRIMARY DOCUMENT
0000029534-19-000042,2019-05-30,2019-05-29,2019-05-30T22:30:58.000Z,,4,,,,4,5111,0,0,,xslF345X03/edgar.xml,PRIMARY DOCUMENT
0000029534-19-000043,2019-06-05,2019-06-03,2019-06-05T14:31:20.000Z,,4,,,,4,7546,0,0,,xslF345X03/edgar.xml,PRIMARY DOCUMENT
0000029534-19-000044,2019-06-05,2019-05-28,2019-06-05T14:56:35.000Z,,3,,,,3,14884,0,0,,xslF345X02/edgar.xml,PRIMARY DOCUMENT
0000029534-19-000045,2019-06-10,2019-06-07,2019-06-10T23:19:11.000Z,,4,,,,4,6887,0,0,,xslF345X03/edgar.xml,PRIMARY DOCUMENT
0001157523-19-001922,2019-08-29,2019-08-27,2019-08-29T10:58:16.000Z,34,8-K,001-11421,191063590,"2.02,5.02,7.01,8.01,9.01",8-K,674120,0,0,,a52085266.htm,DOLLAR GENERAL CORPORATION 8-K
0001558370-19-008369,2019-08-29,2019-08-02,2019-08-29T11:39:18.000Z,34,10-Q,001-11421,191063605,,XBRL,5121407,1,1,,dg-20190802x10q.htm,10-Q
0000029534-19-000046,2019-08-29,2019-08-27,2019-08-29T19:04:22.000Z,,4,,,,4,5344,0,0,,xslF345X03/edgar.xml,PRIMARY DOCUMENT
0000029534-19-000047,2019-08-29,2019-08-27,2019-08-29T19:18:50.000Z,,3,,,,3,16243,0,0,,xslF345X02/edgar.xml,PRIMARY DOCUMENT
0000029534-19-000048,2019-08-29,2019-08-27,2019-08-29T19:24:32.000Z,,4,,,,4,5338,0,0,,xslF345X03/edgar.xml,PRIMARY DOCUMENT
0001410578-19-001228,2019-09-13,2019-09-10,2019-09-13T20:21:34.000Z,34,8-K,001-11421,191092791,"1.01,1.02,2.03,9.01",XBRL,1130792,1,1,,tv529298_8k.htm,FORM 8-K
0000080255-19-002966,2019-10-10,,2019-10-10T16:47:55.000Z,34,SC 13G/A,005-40997,,,SC 13G/A,6939,0,0,,dg13gasep19.txt,
0001157523-19-002327,2019-12-05,2019-12-03,2019-12-05T12:06:16.000Z,34,8-K,001-11421,191269443,"2.02,7.01,9.01",XBRL,699194,1,1,,a52140163.htm,DOLLAR GENERAL CORPORATION 8-K
0001558370-19-011341,2019-12-05,2019-11-01,2019-12-05T12:56:23.000Z,34,10-Q,001-11421,191269472,,XBRL,4465096,1,1,,dg-20191101x10qe56abd.htm,10-Q
0000029534-20-000001,2020-02-03,2020-02-03,2020-02-03T15:59:31.000Z,,4,,,,4,5185,0,0,,xslF345X03/edgar.xml,PRIMARY DOCUMENT
0000834237-20-005490,2020-02-05,,2020-02-05T17:00:41.000Z,34,SC 13G/A,005-40997,20577518,,SC 13G/A,13713,0,0,,us2566771059_020420.txt,
0001104659-20-018391,2020-02-12,,2020-02-12T14:27:03.000Z,34,SC 13G/A,005-40997,20600665,,SC 13G/A,13781,0,0,,tv01686-dollargeneralcorp.htm,SCHEDULE 13G/A
0000313028-20-000030,2020-02-12,,2020-02-12T19:57:21.000Z,34,SC 13G,005-40997,20603574,,SC 13G,52202,0,0,,dg13g02122020.htm,SCHEDULE 13G
0000080255-20-001195,2020-02-14,,2020-02-14T18:30:28.000Z,34,SC 13G/A,005-40997,,,SC 13G/A,6938,0,0,,dg13gadec19.txt,
0001157523-20-000337,2020-03-12,2020-03-12,2020-03-12T11:12:04.000Z,34,8-K,001-11421,20707143,"2.02,7.01,9.01",XBRL,587734,1,1,,a52187642.htm,DOLLAR GENERAL CORPORATION 8-K
0000029534-20-000002,2020-03-12,2020-03-10,2020-03-12T17:27:43.000Z,,4,,,,4,5439,0,0,,xslF345X03/edgar.xml,PRIMARY DOCUMENT
0000029534-20-000003,2020-03-12,2020-03-10,2020-03-12T17:34:01.000Z,,4,,,,4,5562,0,0,,xslF345X03/edgar.xml,PRIMARY DOCUMENT
0000029534-20-000004,2020-03-12,2020-03-10,2020-03-12T17:40:27.000Z,,4,,,,4,5550,0,0,,xslF345X03/edgar.xml,PRIMARY DOCUMENT
0000029534-20-000005,2020-03-12,2020-03-10,2020-03-12T17:46:42.000Z,,4,,,,4,5545,0,0,,xslF345X03/edgar.xml,PRIMARY DOCUMENT
0000029534-20-000006,2020-03-12,2020-03-10,2020-03-12T17:51:50.000Z,,4,,,,4,5294,0,0,,xslF345X03/edgar.xml,PRIMARY DOCUMENT
0000029534-20-000007,2020-03-12,2020-03-10,2020-03-12T17:58:07.000Z,,4,,,,4,5510,0,0,,xslF345X03/edgar.xml,PRIMARY DOCUMENT
0000029534-20-000008,2020-03-12,2020-03-10,2020-03-12T18:02:58.000Z,,4,,,,4,5544,0,0,,xslF345X03/edgar.xml,PRIMARY DOCUMENT
0000029534-20-000009,2020-03-12,2020-03-10,2020-03-12T18:10:18.000Z,,4,,,,4,5260,0,0,,xslF345X03/edgar.xml,PRIMARY DOCUMENT
0000029534-20-000010,2020-03-12,2020-03-10,2020-03-12T18:18:48.000Z,,4,,,,4,5548,0,0,,xslF345X03/edgar.xml,PRIMARY DOCUMENT
0000029534-20-000011,2020-03-12,2020-03-10,2020-03-12T18:25:02.000Z,,4,,,,4,5552,0,0,,xslF345X03/edgar.xml,PRIMARY DOCUMENT
0001157523-20-000362,2020-03-17,2020-03-17,2020-03-17T21:20:27.000Z,34,8-K,001-11421,20722060,"5.02,8.01,9.01",XBRL,186308,1,1,,a52190145.htm,DOLLAR GENERAL CORPORATION 8-K
0001104659-20-035433,2020-03-18,2020-05-27,2020-03-18T20:53:25.000Z,34,PRE 14A,001-11421,20725263,,PRE 14A,9860201,0,0,,tm2010836-1_pre14a.htm,PRE 14A
0001558370-20-002915,2020-03-19,2020-01-31,2020-03-19T10:47:17.000Z,34,10-K,001-11421,20726379,,XBRL,10355987,1,1,,dg-20200131x10ka41072.htm,10-K
0000029534-20-000012,2020-03-19,2020-03-17,2020-03-19T14:32:43.000Z,,4,,,,4,5169,0,0,,xslF345X03/edgar.xml,PRIMARY DOCUMENT
0000029534-20-000013,2020-03-19,2020-03-17,2020-03-19T14:37:18.000Z,,4,,,,4,5299,0,0,,xslF345X03/edgar.xml,PRIMARY DOCUMENT
0000029534-20-000014,2020-03-19,2020-03-17,2020-03-19T14:42:59.000Z,,4,,,,4,5281,0,0,,xslF345X03/edgar.xml,PRIMARY DOCUMENT
0000029534-20-000015,2020-03-19,2020-03-17,2020-03-19T14:47:37.000Z,,4,,,,4,5278,0,0,,xslF345X03/edgar.xml,PRIMARY DOCUMENT
0000029534-20-000016,2020-03-19,2020-03-17,2020-03-19T14:52:05.000Z,,4,,,,4,5322,0,0,,xslF345X03/edgar.xml,PRIMARY DOCUMENT
0000029534-20-000017,2020-03-19,2020-03-17,2020-03-19T14:56:23.000Z,,4,,,,4,5287,0,0,,xslF345X03/edgar.xml,PRIMARY DOCUMENT
0000029534-20-000018,2020-03-19,2020-03-17,2020-03-19T15:01:06.000Z,,4,,,,4,5275,0,0,,xslF345X03/edgar.xml,PRIMARY DOCUMENT
0000029534-20-000019,2020-03-19,2020-03-17,2020-03-19T15:05:55.000Z,,4,,,,4,5288,0,0,,xslF345X03/edgar.xml,PRIMARY DOCUMENT
0000029534-20-000020,2020-03-19,2020-03-17,2020-03-19T15:13:18.000Z,,4,,,,4,6984,0,0,,xslF345X03/edgar.xml,PRIMARY DOCUMENT
0000029534-20-000021,2020-03-19,2020-03-17,2020-03-19T15:21:22.000Z,,4,,,,4,6988,0,0,,xslF345X03/edgar.xml,PRIMARY DOCUMENT
0001047469-20-001966,2020-04-01,,2020-04-01T10:23:38.000Z,33,S-3ASR,333-237519,20763673,,S-3ASR,796074,0,0,,a2241218zs-3asr.htm,S-3ASR
0001047469-20-001974,2020-04-01,,2020-04-01T13:31:36.000Z,33,424B2,333-237519,20763982,,424B2,692902,0,0,,a2241226z424b2.htm,424B2
0001104659-20-041976,2020-04-02,,2020-04-01T21:50:39.000Z,34,FWP,333-237519,20766686,,FWP,23812,0,0,,a20-14774_1fwp.htm,FWP
0001104659-20-042520,2020-04-02,2020-05-27,2020-04-02T20:43:04.000Z,34,DEF 14A,001-11421,20769638,,DEF 14A,12967165,0,0,,tm2010836-2_def14a.htm,DEF 14A
0001104659-20-042524,2020-04-02,2020-04-01,2020-04-02T20:45:14.000Z,34,8-K,001-11421,20769672,"1.01,8.01,9.01",XBRL,519730,1,1,,tm2014774-2_8k.htm,FORM 8-K
0001104659-20-042543,2020-04-02,,2020-04-02T21:00:51.000Z,34,DEFA14A,001-11421,20769970,,DEFA14A,392194,0,0,,tm2010836-3_defa14a.htm,DEFA14A
0001047469-20-002020,2020-04-03,,2020-04-03T01:46:34.000Z,33,424B2,333-237519,20771539,,424B2,704806,0,0,,a2241250z424b2.htm,424B2
0000029534-20-000022,2020-04-03,2020-04-01,2020-04-03T20:01:51.000Z,,4,,,,4,5132,0,0,,xslF345X03/edgar.xml,PRIMARY DOCUMENT
0000029534-20-000023,2020-04-03,2020-04-01,2020-04-03T20:09:17.000Z,,4,,,,4,5229,0,0,,xslF345X03/edgar.xml,PRIMARY DOCUMENT
0000029534-20-000024,2020-04-03,2020-04-01,2020-04-03T20:21:10.000Z,,4,,,,4,5211,0,0,,xslF345X03/edgar.xml,PRIMARY DOCUMENT
0000029534-20-000025,2020-04-03,2020-04-01,2020-04-03T20:32:23.000Z,,4,,,,4,5346,0,0,,xslF345X03/edgar.xml,PRIMARY DOCUMENT
0000029534-20-000026,2020-04-03,2020-04-01,2020-04-03T20:38:32.000Z,,4,,,,4,4992,0,0,,xslF345X03/edgar.xml,PRIMARY DOCUMENT
0000029534-20-000027,2020-04-03,2020-04-01,2020-04-03T20:46:15.000Z,,4,,,,4,5380,0,0,,xslF345X03/edgar.xml,PRIMARY DOCUMENT
0000029534-20-000028,2020-04-03,2020-04-01,2020-04-03T20:52:51.000Z,,4,,,,4,5205,0,0,,xslF345X03/edgar.xml,PRIMARY DOCUMENT
0000029534-20-000029,2020-04-03,2020-04-01,2020-04-03T20:57:37.000Z,,4,,,,4,4958,0,0,,xslF345X03/edgar.xml,PRIMARY DOCUMENT
0000029534-20-000030,2020-04-03,2020-04-01,2020-04-03T21:03:34.000Z,,4,,,,4,5382,0,0,,xslF345X03/edgar.xml,PRIMARY DOCUMENT
0000029534-20-000031,2020-04-03,2020-04-01,2020-04-03T21:10:13.000Z,,4,,,,4,5383,0,0,,xslF345X03/edgar.xml,PRIMARY DOCUMENT
0001104659-20-043221,2020-04-03,2020-04-03,2020-04-03T21:13:33.000Z,34,8-K,001-11421,20774546,"1.01,2.03,8.01,9.01",XBRL,728140,1,1,,tm2014231-4_8k.htm,FORM 8-K
0000029534-20-000033,2020-04-03,2020-04-01,2020-04-03T23:03:34.000Z,,3,,,,3,6942,0,0,,xslF345X02/edgar.xml,PRIMARY DOCUMENT
0001104659-20-053526,2020-04-29,2020-04-27,2020-04-29T21:05:54.000Z,34,8-K,001-11421,20831420,5.02,XBRL,197681,1,1,,tm2018024-1_8k.htm,FORM 8-K
0001104659-20-053541,2020-04-29,,2020-04-29T21:10:21.000Z,34,DEFA14A,001-11421,20831545,,DEFA14A,33334,0,0,,tm2018024-2_defa14a.htm,DEFA14A
0000029534-20-000034,2020-04-29,2020-04-27,2020-04-29T21:31:32.000Z,,4,,,,4,5230,0,0,,xslF345X03/edgar.xml,PRIMARY DOCUMENT
0001104659-20-056942,2020-05-05,,2020-05-05T20:44:59.000Z,34,DEFA14A,001-11421,20849620,,DEFA14A,118100,0,0,,tm2018426d1_defa14a.htm,DEFA14A
0001157523-20-000821,2020-05-28,2020-05-27,2020-05-28T11:06:27.000Z,34,8-K,001-11421,20916910,"2.02,5.07,7.01,9.01",XBRL,577579,1,1,,a52226632.htm,DOLLAR GENERAL CORPORATION 8-K
0001558370-20-007046,2020-05-28,2020-05-01,2020-05-28T11:15:53.000Z,34,10-Q,001-11421,20916913,,XBRL,3905377,1,1,,dg-20200528x10q.htm,10-Q
0000029534-20-000036,2020-05-29,2020-05-27,2020-05-29T17:18:25.000Z,,4,,,,4,5094,0,0,,xslF345X03/edgar.xml,PRIMARY DOCUMENT
0000029534-20-000037,2020-05-29,2020-05-27,2020-05-29T17:27:16.000Z,,4,,,,4,5079,0,0,,xslF345X03/edgar.xml,PRIMARY DOCUMENT
0000029534-20-000038,2020-05-29,2020-05-27,2020-05-29T17:33:50.000Z,,4,,,,4,6016,0,0,,xslF345X03/edgar.xml,PRIMARY DOCUMENT
0000029534-20-000039,2020-05-29,2020-05-27,2020-05-29T17:42:51.000Z,,4,,,,4,5106,0,0,,xslF345X03/edgar.xml,PRIMARY DOCUMENT
0000029534-20-000040,2020-05-29,2020-05-27,2020-05-29T17:50:33.000Z,,4,,,,4,5820,0,0,,xslF345X03/edgar.xml,PRIMARY DOCUMENT
0000029534-20-000041,2020-05-29,2020-05-27,2020-05-29T17:56:18.000Z,,4,,,,4,4761,0,0,,xslF345X03/edgar.xml,PRIMARY DOCUMENT
0000029534-20-000042,2020-05-29,2020-05-27,2020-05-29T18:03:07.000Z,,4,,,,4,5121,0,0,,xslF345X03/edgar.xml,PRIMARY DOCUMENT
0000029534-20-000043,2020-06-01,2020-05-29,2020-06-01T15:22:44.000Z,,4,,,,4,4623,0,0,,xslF345X03/edgar.xml,PRIMARY DOCUMENT
0000029534-20-000044,2020-06-01,2020-05-29,2020-06-01T15:31:01.000Z,,4,,,,4,5542,0,0,,xslF345X03/edgar.xml,PRIMARY DOCUMENT
0000029534-20-000045,2020-06-01,2020-05-29,2020-06-01T15:36:37.000Z,,4,,,,4,4630,0,0,,xslF345X03/edgar.xml,PRIMARY DOCUMENT
0000029534-20-000046,2020-06-01,2020-05-29,2020-06-01T15:42:09.000Z,,4,,,,4,5344,0,0,,xslF345X03/edgar.xml,PRIMARY DOCUMENT
0000029534-20-000047,2020-06-02,2020-05-29,2020-06-02T19:51:36.000Z,,4,,,,4,28232,0,0,,xslF345X03/edgar.xml,PRIMARY DOCUMENT
0000029534-20-000048,2020-06-02,2020-05-29,2020-06-02T20:02:25.000Z,,4,,,,4,21476,0,0,,xslF345X03/edgar.xml,PRIMARY DOCUMENT
0000029534-20-000049,2020-06-02,2020-05-29,2020-06-02T20:14:20.000Z,,4,,,,4,26305,0,0,,xslF345X03/edgar.xml,PRIMARY DOCUMENT
0000029534-20-000050,2020-06-02,2020-05-29,2020-06-02T20:23:40.000Z,,4,,,,4,8862,0,0,,xslF345X03/edgar.xml,PRIMARY DOCUMENT
0000029534-20-000051,2020-06-02,2020-05-29,2020-06-02T20:35:11.000Z,,4,,,,4,15392,0,0,,xslF345X03/edgar.xml,PRIMARY DOCUMENT
0000029534-20-000052,2020-06-03,2020-06-02,2020-06-03T15:32:17.000Z,,4,,,,4,4409,0,0,,xslF345X03/edgar.xml,PRIMARY DOCUMENT
0000029534-20-000053,2020-06-04,2020-06-03,2020-06-04T21:13:24.000Z,,4,,,,4,7991,0,0,,xslF345X03/edgar.xml,PRIMARY DOCUMENT
0000029534-20-000054,2020-06-11,2020-06-10,2020-06-11T19:09:24.000Z,,4,,,,4,8727,0,0,,xslF345X03/edgar.xml,PRIMARY DOCUMENT
0000029534-20-000055,2020-06-22,2020-06-19,2020-06-22T20:13:07.000Z,,4,,,,4,11944,0,0,,xslF345X03/edgar.xml,PRIMARY DOCUMENT
0001157523-20-001211,2020-08-27,2020-08-27,2020-08-27T11:03:05.000Z,34,8-K,001-11421,201138997,"2.02,7.01,9.01",XBRL,736126,1,1,,a52273733.htm,DOLLAR GENERAL CORPORATION 8-K
0001558370-20-010856,2020-08-27,2020-07-31,2020-08-27T11:15:54.000Z,34,10-Q,001-11421,201139013,,XBRL,4193993,1,1,,dg-20200731x10q.htm,10-Q
0000029534-20-000056,2020-08-27,2020-08-25,2020-08-27T15:28:28.000Z,,4,,,,4,5290,0,0,,xslF345X03/edgar.xml,PRIMARY DOCUMENT
0000029534-20-000057,2020-08-31,2020-08-28,2020-08-31T18:54:20.000Z,,4,,,,4,10723,0,0,,xslF345X03/edgar.xml,PRIMARY DOCUMENT
0000029534-20-000058,2020-09-03,2020-09-01,2020-09-03T14:46:29.000Z,,4,,,,4,16175,0,0,,xslF345X03/edgar.xml,PRIMARY DOCUMENT
0000029534-20-000059,2020-09-03,2020-09-01,2020-09-03T14:57:45.000Z,,4,,,,4,8823,0,0,,xslF345X03/edgar.xml,PRIMARY DOCUMENT
0000029534-20-000060,2020-09-04,2020-09-03,2020-09-04T21:07:56.000Z,,4,,,,4,8797,0,0,,xslF345X03/edgar.xml,PRIMARY DOCUMENT
0000029534-20-000061,2020-09-10,2020-09-09,2020-09-10T16:16:38.000Z,,4,,,,4,10617,0,0,,xslF345X03/edgar.xml,PRIMARY DOCUMENT
0000029534-20-000062,2020-09-11,2020-09-10,2020-09-11T14:36:42.000Z,,4,,,,4,12352,0,0,,xslF345X03/edgar.xml,PRIMARY DOCUMENT
0000029534-20-000063,2020-09-17,2020-09-16,2020-09-17T17:54:36.000Z,,4,,,,4,8721,0,0,,xslF345X03/edgar.xml,PRIMARY DOCUMENT
0000029534-20-000064,2020-09-30,2020-09-28,2020-09-30T14:31:56.000Z,,4,,,,4,8564,0,0,,xslF345X03/edgar.xml,PRIMARY DOCUMENT
0001104659-20-110470,2020-09-30,2020-09-24,2020-09-30T21:16:11.000Z,34,8-K,001-11421,201213337,"5.02,9.01",XBRL,261966,1,1,,tm2031906-1_8k.htm,FORM 8-K
0000029534-20-000066,2020-10-02,2020-09-25,2020-10-02T14:45:54.000Z,,3,,,,3,14225,0,0,,xslF345X02/edgar.xml,PRIMARY DOCUMENT
0000029534-20-000067,2020-12-02,2020-12-01,2020-12-02T23:45:56.000Z,,4,,,,4,5249,0,0,,xslF345X03/edgar.xml,PRIMARY DOCUMENT
0001157523-20-001560,2020-12-03,2020-12-03,2020-12-03T12:03:54.000Z,34,8-K,001-11421,201365680,"2.02,7.01,9.01",XBRL,659778,1,1,,a52341576.htm,DOLLAR GENERAL CORPORATION 8-K
0001558370-20-014156,2020-12-03,2020-10-30,2020-12-03T12:27:07.000Z,34,10-Q,001-11421,201365689,,XBRL,4373414,1,1,,dg-20201030x10q.htm,10-Q
0000029534-20-000068,2020-12-28,2020-12-22,2020-12-28T16:23:20.000Z,,4,,,,4,10785,0,0,,xslF345X03/edgar.xml,PRIMARY DOCUMENT
0000029534-21-000001,2021-01-26,2021-01-25,2021-01-26T22:14:17.000Z,,4,,,,4,7039,0,0,,xslF345X03/edgar.xml,PRIMARY DOCUMENT
0000834237-21-003730,2021-01-29,,2021-01-29T14:54:40.000Z,34,SC 13G/A,005-40997,21568586,,SC 13G/A,13734,0,0,,us2566771059_012921.txt,
0000029534-21-000002,2021-02-01,2021-02-01,2021-02-01T15:54:57.000Z,,4,,,,4,4808,0,0,,xslF345X03/edgar.xml,PRIMARY DOCUMENT
0001104659-21-017928,2021-02-10,,2021-02-10T15:52:40.000Z,34,SC 13G/A,005-40997,21610613,,SC 13G/A,13961,0,0,,tv0712-dollargeneralcorp.htm,SCHEDULE 13G/A
0000080255-21-001168,2021-02-16,,2021-02-16T17:23:57.000Z,34,SC 13G/A,005-40997,,,SC 13G/A,6948,0,0,,dg13gadec20.txt,
0000029534-21-000003,2021-03-11,2021-03-09,2021-03-11T18:35:32.000Z,,4,,,,4,5435,0,0,,xslF345X03/edgar.xml,PRIMARY DOCUMENT
0000029534-21-000004,2021-03-11,2021-03-09,2021-03-11T18:40:39.000Z,,4,,,,4,5564,0,0,,xslF345X03/edgar.xml,PRIMARY DOCUMENT
0000029534-21-000005,2021-03-11,2021-03-09,2021-03-11T18:45:29.000Z,,4,,,,4,5545,0,0,,xslF345X03/edgar.xml,PRIMARY DOCUMENT
0000029534-21-000006,2021-03-11,2021-03-09,2021-03-11T18:51:34.000Z,,4,,,,4,5537,0,0,,xslF345X03/edgar.xml,PRIMARY DOCUMENT
0000029534-21-000007,2021-03-11,2021-03-09,2021-03-11T18:57:12.000Z,,4,,,,4,5545,0,0,,xslF345X03/edgar.xml,PRIMARY DOCUMENT
0000029534-21-000008,2021-03-11,2021-03-09,2021-03-11T19:02:24.000Z,,4,,,,4,5545,0,0,,xslF345X03/edgar.xml,PRIMARY DOCUMENT
0000029534-21-000009,2021-03-11,2021-03-09,2021-03-11T19:06:52.000Z,,4,,,,4,5506,0,0,,xslF345X03/edgar.xml,PRIMARY DOCUMENT
0000029534-21-000010,2021-03-11,2021-03-09,2021-03-11T19:11:14.000Z,,4,,,,4,5536,0,0,,xslF345X03/edgar.xml,PRIMARY DOCUMENT
0000029534-21-000011,2021-03-11,2021-03-09,2021-03-11T19:15:08.000Z,,4,,,,4,5551,0,0,,xslF345X03/edgar.xml,PRIMARY DOCUMENT
0000029534-21-000012,2021-03-11,2021-03-09,2021-03-11T19:21:04.000Z,,4,,,,4,5544,0,0,,xslF345X03/edgar.xml,PRIMARY DOCUMENT
0001157523-21-000359,2021-03-18,2021-03-18,2021-03-18T11:10:02.000Z,34,8-K,001-11421,21753070,"2.02,7.01,9.01",XBRL,661163,1,1,,a52394621.htm,DOLLAR GENERAL CORPORATION 8-K
0001104659-21-038039,2021-03-18,2021-05-26,2021-03-18T11:13:23.000Z,34,PRE 14A,001-11421,21753073,,PRE 14A,5913465,0,0,,tm212529-2_pre14a.htm,PRE 14A
0000029534-21-000013,2021-03-18,2021-03-16,2021-03-18T16:14:56.000Z,,4,,,,4,5169,0,0,,xslF345X03/edgar.xml,PRIMARY DOCUMENT
0000029534-21-000014,2021-03-18,2021-03-16,2021-03-18T16:20:47.000Z,,4,,,,4,5299,0,0,,xslF345X03/edgar.xml,PRIMARY DOCUMENT
0000029534-21-000015,2021-03-18,2021-03-16,2021-03-18T16:25:32.000Z,,4,,,,4,5281,0,0,,xslF345X03/edgar.xml,PRIMARY DOCUMENT
0000029534-21-000016,2021-03-18,2021-03-16,2021-03-18T16:30:21.000Z,,4,,,,4,5290,0,0,,xslF345X03/edgar.xml,PRIMARY DOCUMENT
0000029534-21-000017,2021-03-18,2021-03-16,2021-03-18T16:35:19.000Z,,4,,,,4,5284,0,0,,xslF345X03/edgar.xml,PRIMARY DOCUMENT
0000029534-21-000018,2021-03-18,2021-03-16,2021-03-18T16:39:13.000Z,,4,,,,4,5248,0,0,,xslF345X03/edgar.xml,PRIMARY DOCUMENT
0000029534-21-000019,2021-03-18,2021-03-16,2021-03-18T16:43:40.000Z,,4,,,,4,5275,0,0,,xslF345X03/edgar.xml,PRIMARY DOCUMENT
0000029534-21-000020,2021-03-18,2021-03-16,2021-03-18T16:48:35.000Z,,4,,,,4,5288,0,0,,xslF345X03/edgar.xml,PRIMARY DOCUMENT
0000029534-21-000021,2021-03-18,2021-03-16,2021-03-18T16:55:35.000Z,,4,,,,4,6987,0,0,,xslF345X03/edgar.xml,PRIMARY DOCUMENT
0001558370-21-003245,2021-03-19,2021-01-29,2021-03-19T12:19:58.000Z,34,10-K,001-11421,21756562,,XBRL,10682607,1,1,,dg-20210129x10k.htm,10-K
0001104659-21-039072,2021-03-19,,2021-03-19T20:16:37.000Z,33,S-8,333-254501,21758377,,S-8,64583,0,0,,tm218392d1_s8.htm,S-8
0000029534-21-000022,2021-03-24,2021-03-23,2021-03-24T20:32:27.000Z,,4,,,,4,14251,0,0,,xslF345X03/edgar.xml,PRIMARY DOCUMENT
0000029534-21-000023,2021-03-29,2021-03-25,2021-03-29T16:12:41.000Z,,4,,,,4,7725,0,0,,xslF345X03/edgar.xml,PRIMARY DOCUMENT
0001104659-21-045587,2021-04-01,2021-05-26,2021-04-01T20:22:59.000Z,34,DEF 14A,001-11421,21798413,,DEF 14A,141985590,0,0,,tm212529-3_def14a.htm,DEF 14A
0001104659-21-045593,2021-04-01,,2021-04-01T20:27:38.000Z,34,DEFA14A,001-11421,21798452,,DEFA14A,504141,0,0,,tm212529d4_defa14a.htm,DEFA14A
0000029534-21-000025,2021-04-05,2021-04-01,2021-04-05T21:35:33.000Z,,4,,,,4,5122,0,0,,xslF345X03/edgar.xml,PRIMARY DOCUMENT
0000029534-21-000026,2021-04-05,2021-04-01,2021-04-05T21:38:27.000Z,,4,,,,4,5245,0,0,,xslF345X03/edgar.xml,PRIMARY DOCUMENT
0000029534-21-000027,2021-04-05,2021-04-01,2021-04-05T21:42:36.000Z,,4,,,,4,5231,0,0,,xslF345X03/edgar.xml,PRIMARY DOCUMENT
0000029534-21-000028,2021-04-05,2021-04-01,2021-04-05T21:46:01.000Z,,4,,,,4,5333,0,0,,xslF345X03/edgar.xml,PRIMARY DOCUMENT
0000029534-21-000029,2021-04-05,2021-04-01,2021-04-05T21:47:34.000Z,,4,,,,4,5399,0,0,,xslF345X03/edgar.xml,PRIMARY DOCUMENT
0000029534-21-000030,2021-04-05,2021-04-01,2021-04-05T21:49:48.000Z,,4,,,,4,5376,0,0,,xslF345X03/edgar.xml,PRIMARY DOCUMENT
0000029534-21-000031,2021-04-05,2021-04-01,2021-04-05T21:51:53.000Z,,4,,,,4,5361,0,0,,xslF345X03/edgar.xml,PRIMARY DOCUMENT
0000029534-21-000032,2021-04-05,2021-04-01,2021-04-05T21:54:08.000Z,,4,,,,4,5222,0,0,,xslF345X03/edgar.xml,PRIMARY DOCUMENT
0000029534-21-000033,2021-04-05,2021-04-01,2021-04-05T21:55:41.000Z,,4,,,,4,5239,0,0,,xslF345X03/edgar.xml,PRIMARY DOCUMENT
0000029534-21-000034,2021-04-05,2021-04-01,2021-04-05T21:58:15.000Z,,4,,,,4,5398,0,0,,xslF345X03/edgar.xml,PRIMARY DOCUMENT
0001104659-21-048088,2021-04-08,2021-04-05,2021-04-08T20:36:05.000Z,34,8-K,001-11421,21815273,"5.02,9.01",XBRL,407997,1,1,,tm2112329d1_8k.htm,FORM 8-K
0000029534-21-000035,2021-04-09,2021-04-01,2021-04-09T21:54:01.000Z,,4/A,,,,4/A,5499,0,0,,xslF345X03/edgar.xml,PRIMARY DOCUMENT
0000029534-21-000036,2021-04-20,2021-04-16,2021-04-20T15:41:11.000Z,,3,,,,3,20245,0,0,,xslF345X02/edgar.xml,PRIMARY DOCUMENT
0001157523-21-000723,2021-05-27,2021-05-27,2021-05-27T11:01:11.000Z,34,8-K,001-11421,21968495,"2.02,7.01,9.01",XBRL,484915,1,1,,a52436201.htm,DOLLAR GENERAL CORPORATION 8-K
0001558370-21-007762,2021-05-27,2021-04-30,2021-05-27T11:05:52.000Z,34,10-Q,001-11421,21968511,,XBRL,3925823,1,1,,dg-20210430x10q.htm,10-Q
0000029534-21-000039,2021-05-27,2021-05-25,2021-05-27T16:26:36.000Z,,4,,,,4,5072,0,0,,xslF345X03/edgar.xml,PRIMARY DOCUMENT
0000029534-21-000040,2021-05-27,2021-05-25,2021-05-27T16:32:01.000Z,,4,,,,4,5080,0,0,,xslF345X03/edgar.xml,PRIMARY DOCUMENT
0000029534-21-000041,2021-05-27,2021-05-25,2021-05-27T16:37:30.000Z,,4,,,,4,6017,0,0,,xslF345X03/edgar.xml,PRIMARY DOCUMENT
0000029534-21-000042,2021-05-27,2021-05-25,2021-05-27T16:42:34.000Z,,4,,,,4,5109,0,0,,xslF345X03/edgar.xml,PRIMARY DOCUMENT
0000029534-21-000043,2021-05-27,2021-05-25,2021-05-27T16:47:25.000Z,,4,,,,4,5752,0,0,,xslF345X03/edgar.xml,PRIMARY DOCUMENT
0000029534-21-000044,2021-05-27,2021-05-25,2021-05-27T16:52:29.000Z,,4,,,,4,5147,0,0,,xslF345X03/edgar.xml,PRIMARY DOCUMENT
0000029534-21-000045,2021-05-27,2021-05-25,2021-05-27T16:55:44.000Z,,4,,,,4,5121,0,0,,xslF345X03/edgar.xml,PRIMARY DOCUMENT
0001104659-21-073282,2021-05-27,,2021-05-27T20:55:13.000Z,33,S-8,333-256562,21973736,,S-8,91187,0,0,,tm2117270d1_s8.htm,FORM S-8
0000029534-21-000046,2021-05-28,2021-05-27,2021-05-28T21:52:44.000Z,,4,,,,4,4608,0,0,,xslF345X03/edgar.xml,PRIMARY DOCUMENT
0000029534-21-000047,2021-05-28,2021-05-27,2021-05-28T22:00:52.000Z,,4,,,,4,5550,0,0,,xslF345X03/edgar.xml,PRIMARY DOCUMENT
0000029534-21-000048,2021-05-28,2021-05-27,2021-05-28T22:06:53.000Z,,4,,,,4,4641,0,0,,xslF345X03/edgar.xml,PRIMARY DOCUMENT
0000029534-21-000049,2021-05-28,2021-05-27,2021-05-28T22:15:32.000Z,,4,,,,4,5338,0,0,,xslF345X03/edgar.xml,PRIMARY DOCUMENT
0000029534-21-000050,2021-05-28,2021-05-27,2021-05-28T22:24:54.000Z,,4,,,,4,4684,0,0,,xslF345X03/edgar.xml,PRIMARY DOCUMENT
0001104659-21-074393,2021-06-01,2021-05-26,2021-05-28T22:12:24.000Z,34,8-K,001-11421,21982042,"5.02,5.03,5.07,9.01",XBRL,795170,1,1,,tm2117296d1_8k.htm,FORM 8-K
0000029534-21-000051,2021-06-02,2021-05-28,2021-06-02T16:31:07.000Z,,4,,,,4,21339,0,0,,xslF345X03/edgar.xml,PRIMARY DOCUMENT
0000029534-21-000052,2021-06-02,2021-05-28,2021-06-02T16:40:05.000Z,,4,,,,4,15654,0,0,,xslF345X03/edgar.xml,PRIMARY DOCUMENT
0000029534-21-000053,2021-06-02,2021-05-28,2021-06-02T16:50:01.000Z,,4,,,,4,21505,0,0,,xslF345X03/edgar.xml,PRIMARY DOCUMENT
0000029534-21-000054,2021-06-11,2021-06-09,2021-06-11T14:36:32.000Z,,4,,,,4,6612,0,0,,xslF345X03/edgar.xml,PRIMARY DOCUMENT
0000029534-21-000055,2021-06-14,2021-06-10,2021-06-14T19:30:22.000Z,,4,,,,4,14294,0,0,,xslF345X03/edgar.xml,PRIMARY DOCUMENT
0000029534-21-000056,2021-06-17,2021-06-16,2021-06-17T16:28:17.000Z,,4,,,,4,4413,0,0,,xslF345X03/edgar.xml,PRIMARY DOCUMENT
0001157523-21-001096,2021-08-26,2021-08-26,2021-08-26T11:04:08.000Z,34,8-K,001-11421,211208799,"2.02,7.01,9.01",XBRL,595767,1,1,,a52481944.htm,DOLLAR GENERAL CORPORATION 8-K
0001558370-21-012076,2021-08-26,2021-07-30,2021-08-26T11:08:10.000Z,34,10-Q,001-11421,211208804,,XBRL,4330822,1,1,,dg-20210730x10q.htm,10-Q
0001157523-21-001470,2021-12-02,2021-12-02,2021-12-02T12:04:28.000Z,34,8-K,001-11421,211464933,"2.02,7.01,9.01",XBRL,569848,1,1,,a52543526.htm,DOLLAR GENERAL CORPORATION 8-K
0001558370-21-016455,2021-12-02,2021-10-29,2021-12-02T12:07:05.000Z,34,10-Q,001-11421,211464939,,XBRL,4301269,1,1,,dg-20211029x10q.htm,10-Q
0001104659-21-146404,2021-12-03,2021-12-02,2021-12-03T22:05:01.000Z,34,8-K,001-11421,211470945,"1.01,1.02,2.03,9.01",XBRL,1053458,1,1,,tm2134517d1_8k.htm,FORM 8-K
0001062993-21-012326,2021-12-07,2021-12-03,2021-12-07T21:37:26.000Z,,4,,,,4,32763,0,0,,xslF345X03/form4.xml,STATEMENT OF CHANGES IN BENEFICIAL OWNERSHIP OF SECURITIES
0001062993-21-012327,2021-12-07,2021-12-03,2021-12-07T21:39:41.000Z,,4,,,,4,18028,0,0,,xslF345X03/form4.xml,STATEMENT OF CHANGES IN BENEFICIAL OWNERSHIP OF SECURITIES
0001062993-21-012428,2021-12-08,2021-12-06,2021-12-08T18:35:38.000Z,,4,,,,4,6972,0,0,,xslF345X03/form4.xml,STATEMENT OF CHANGES IN BENEFICIAL OWNERSHIP OF SECURITIES
0001062993-21-012429,2021-12-08,2021-12-06,2021-12-08T18:37:05.000Z,,4,,,,4,11226,0,0,,xslF345X03/form4.xml,STATEMENT OF CHANGES IN BENEFICIAL OWNERSHIP OF SECURITIES
0001062993-21-012516,2021-12-09,2021-12-07,2021-12-09T17:58:53.000Z,,4,,,,4,9832,0,0,,xslF345X03/form4.xml,STATEMENT OF CHANGES IN BENEFICIAL OWNERSHIP OF SECURITIES
0001062993-21-013139,2021-12-17,2021-12-15,2021-12-17T20:20:00.000Z,,4,,,,4,8705,0,0,,xslF345X03/form4.xml,STATEMENT OF CHANGES IN BENEFICIAL OWNERSHIP OF SECURITIES
0001062993-22-001825,2022-01-31,2022-01-31,2022-01-31T15:38:57.000Z,,4,,,,4,5062,0,0,,xslF345X03/form4.xml,STATEMENT OF CHANGES IN BENEFICIAL OWNERSHIP OF SECURITIES
0000834237-22-004050,2022-02-01,,2022-01-31T22:59:25.000Z,34,SC 13G/A,005-40997,22575795,,SC 13G/A,13753,0,0,,us2566771059_012822.txt,
0001104659-22-016991,2022-02-09,,2022-02-09T20:43:38.000Z,34,SC 13G/A,005-40997,22607009,,SC 13G/A,13089,0,0,,tv0751-dollargeneralcorp.htm,SCHEDULE 13G/A
0001422849-22-000106,2022-02-11,,2022-02-11T19:48:54.000Z,34,SC 13G,005-40997,22619753,,SC 13G,18286,0,0,,SEC13G_Filing.htm,SEC SCHEDULE 13G
0000080255-22-002063,2022-02-14,,2022-02-14T19:34:39.000Z,34,SC 13G/A,005-40997,,,SC 13G/A,6948,0,0,,dg13gadec21.txt,
0001062993-22-007280,2022-03-10,2022-03-08,2022-03-10T19:46:04.000Z,,4,,,,4,5261,0,0,,xslF345X03/form4.xml,STATEMENT OF CHANGES IN BENEFICIAL OWNERSHIP OF SECURITIES
0001062993-22-007283,2022-03-10,2022-03-08,2022-03-10T19:52:36.000Z,,4,,,,4,5391,0,0,,xslF345X03/form4.xml,STATEMENT OF CHANGES IN BENEFICIAL OWNERSHIP OF SECURITIES
0001062993-22-007285,2022-03-10,2022-03-08,2022-03-10T19:57:29.000Z,,4,,,,4,5373,0,0,,xslF345X03/form4.xml,STATEMENT OF CHANGES IN BENEFICIAL OWNERSHIP OF SECURITIES
0001062993-22-007287,2022-03-10,2022-03-08,2022-03-10T20:03:37.000Z,,4,,,,4,5383,0,0,,xslF345X03/form4.xml,STATEMENT OF CHANGES IN BENEFICIAL OWNERSHIP OF SECURITIES
0001062993-22-007289,2022-03-10,2022-03-08,2022-03-10T20:09:24.000Z,,4,,,,4,5378,0,0,,xslF345X03/form4.xml,STATEMENT OF CHANGES IN BENEFICIAL OWNERSHIP OF SECURITIES
0001062993-22-007293,2022-03-10,2022-03-08,2022-03-10T20:15:09.000Z,,4,,,,4,5375,0,0,,xslF345X03/form4.xml,STATEMENT OF CHANGES IN BENEFICIAL OWNERSHIP OF SECURITIES
0001062993-22-007296,2022-03-10,2022-03-08,2022-03-10T20:20:43.000Z,,4,,,,4,5367,0,0,,xslF345X03/form4.xml,STATEMENT OF CHANGES IN BENEFICIAL OWNERSHIP OF SECURITIES
0001062993-22-007300,2022-03-10,2022-03-08,2022-03-10T20:33:32.000Z,,4,,,,4,5358,0,0,,xslF345X03/form4.xml,STATEMENT OF CHANGES IN BENEFICIAL OWNERSHIP OF SECURITIES
0001062993-22-007302,2022-03-10,2022-03-08,2022-03-10T20:39:08.000Z,,4,,,,4,5370,0,0,,xslF345X03/form4.xml,STATEMENT OF CHANGES IN BENEFICIAL OWNERSHIP OF SECURITIES
0001062993-22-007304,2022-03-10,2022-03-08,2022-03-10T20:54:46.000Z,,4,,,,4,5380,0,0,,xslF345X03/form4.xml,STATEMENT OF CHANGES IN BENEFICIAL OWNERSHIP OF SECURITIES
0001157523-22-000340,2022-03-17,2022-03-17,2022-03-17T11:00:38.000Z,34,8-K,001-11421,22746691,"2.02,7.01,9.01",XBRL,552470,1,1,,a52601261.htm,DOLLAR GENERAL CORPORATION 8-K
0001062993-22-007921,2022-03-17,2022-03-15,2022-03-17T16:01:30.000Z,,4,,,,4,5128,0,0,,xslF345X03/form4.xml,STATEMENT OF CHANGES IN BENEFICIAL OWNERSHIP OF SECURITIES
0001062993-22-007923,2022-03-17,2022-03-15,2022-03-17T16:06:27.000Z,,4,,,,4,5255,0,0,,xslF345X03/form4.xml,STATEMENT OF CHANGES IN BENEFICIAL OWNERSHIP OF SECURITIES
0001062993-22-007925,2022-03-17,2022-03-15,2022-03-17T16:10:05.000Z,,4,,,,4,5240,0,0,,xslF345X03/form4.xml,STATEMENT OF CHANGES IN BENEFICIAL OWNERSHIP OF SECURITIES
0001062993-22-007927,2022-03-17,2022-03-15,2022-03-17T16:17:05.000Z,,4,,,,4,5246,0,0,,xslF345X03/form4.xml,STATEMENT OF CHANGES IN BENEFICIAL OWNERSHIP OF SECURITIES
0001062993-22-007929,2022-03-17,2022-03-15,2022-03-17T16:20:41.000Z,,4,,,,4,5246,0,0,,xslF345X03/form4.xml,STATEMENT OF CHANGES IN BENEFICIAL OWNERSHIP OF SECURITIES
0001062993-22-007931,2022-03-17,2022-03-15,2022-03-17T16:24:08.000Z,,4,,,,4,5243,0,0,,xslF345X03/form4.xml,STATEMENT OF CHANGES IN BENEFICIAL OWNERSHIP OF SECURITIES
0001062993-22-007933,2022-03-17,2022-03-15,2022-03-17T16:27:30.000Z,,4,,,,4,5234,0,0,,xslF345X03/form4.xml,STATEMENT OF CHANGES IN BENEFICIAL OWNERSHIP OF SECURITIES
0001062993-22-007938,2022-03-17,2022-03-15,2022-03-17T16:30:43.000Z,,4,,,,4,5247,0,0,,xslF345X03/form4.xml,STATEMENT OF CHANGES IN BENEFICIAL OWNERSHIP OF SECURITIES
0001062993-22-007945,2022-03-17,2022-03-15,2022-03-17T16:35:24.000Z,,4,,,,4,5230,0,0,,xslF345X03/form4.xml,STATEMENT OF CHANGES IN BENEFICIAL OWNERSHIP OF SECURITIES
0001062993-22-007951,2022-03-17,2022-03-15,2022-03-17T16:40:32.000Z,,4,,,,4,6993,0,0,,xslF345X03/form4.xml,STATEMENT OF CHANGES IN BENEFICIAL OWNERSHIP OF SECURITIES
0001558370-22-003921,2022-03-18,2022-01-28,2022-03-18T20:16:38.000Z,34,10-K,001-11421,22752755,,XBRL,9406750,1,1,,dg-20220128x10k.htm,10-K
0001062993-22-008664,2022-03-25,2022-03-24,2022-03-25T21:59:39.000Z,,4,,,,4,8533,0,0,,xslF345X03/form4.xml,STATEMENT OF CHANGES IN BENEFICIAL OWNERSHIP OF SECURITIES
0001104659-22-041763,2022-04-01,2022-05-25,2022-04-01T20:24:37.000Z,34,DEF 14A,001-11421,22798619,,DEF 14A,6310217,0,0,,tm2135878-1_def14a.htm,DEF 14A
0001104659-22-041833,2022-04-01,,2022-04-01T21:15:16.000Z,34,DEFA14A,001-11421,22799363,,DEFA14A,461110,0,0,,tm2135878d3_defa14a.htm,DEFA14A
0001062993-22-009707,2022-04-05,2022-04-01,2022-04-05T19:50:29.000Z,,4,,,,4,5117,0,0,,xslF345X03/form4.xml,STATEMENT OF CHANGES IN BENEFICIAL OWNERSHIP OF SECURITIES
0001062993-22-009710,2022-04-05,2022-04-01,2022-04-05T19:53:38.000Z,,4,,,,4,5211,0,0,,xslF345X03/form4.xml,STATEMENT OF CHANGES IN BENEFICIAL OWNERSHIP OF SECURITIES
0001062993-22-009712,2022-04-05,2022-04-01,2022-04-05T19:58:51.000Z,,4,,,,4,5197,0,0,,xslF345X03/form4.xml,STATEMENT OF CHANGES IN BENEFICIAL OWNERSHIP OF SECURITIES
0001062993-22-009716,2022-04-05,2022-04-01,2022-04-05T20:04:47.000Z,,4,,,,4,5344,0,0,,xslF345X03/form4.xml,STATEMENT OF CHANGES IN BENEFICIAL OWNERSHIP OF SECURITIES
0001062993-22-009719,2022-04-05,2022-04-01,2022-04-05T20:08:14.000Z,,4,,,,4,5311,0,0,,xslF345X03/form4.xml,STATEMENT OF CHANGES IN BENEFICIAL OWNERSHIP OF SECURITIES
0001062993-22-009721,2022-04-05,2022-04-01,2022-04-05T20:12:23.000Z,,4,,,,4,5339,0,0,,xslF345X03/form4.xml,STATEMENT OF CHANGES IN BENEFICIAL OWNERSHIP OF SECURITIES
0001062993-22-009757,2022-04-05,2022-04-01,2022-04-05T20:31:24.000Z,,4,,,,4,5191,0,0,,xslF345X03/form4.xml,STATEMENT OF CHANGES IN BENEFICIAL OWNERSHIP OF SECURITIES
0001062993-22-009759,2022-04-05,2022-04-01,2022-04-05T20:33:13.000Z,,4,,,,4,5201,0,0,,xslF345X03/form4.xml,STATEMENT OF CHANGES IN BENEFICIAL OWNERSHIP OF SECURITIES
0001062993-22-009761,2022-04-05,2022-04-01,2022-04-05T20:34:08.000Z,,4,,,,4,5322,0,0,,xslF345X03/form4.xml,STATEMENT OF CHANGES IN BENEFICIAL OWNERSHIP OF SECURITIES
0001062993-22-009763,2022-04-05,2022-04-01,2022-04-05T20:35:34.000Z,,4,,,,4,5364,0,0,,xslF345X03/form4.xml,STATEMENT OF CHANGES IN BENEFICIAL OWNERSHIP OF SECURITIES
0001062993-22-009948,2022-04-07,2022-04-06,2022-04-07T20:24:51.000Z,,4,,,,4,12141,0,0,,xslF345X03/form4.xml,STATEMENT OF CHANGES IN BENEFICIAL OWNERSHIP OF SECURITIES
0001062993-22-010028,2022-04-11,2022-04-07,2022-04-11T19:28:20.000Z,,4,,,,4,4481,0,0,,xslF345X03/form4.xml,STATEMENT OF CHANGES IN BENEFICIAL OWNERSHIP OF SECURITIES
0001157523-22-000695,2022-05-26,2022-05-26,2022-05-26T11:04:01.000Z,34,8-K,001-11421,22965483,"2.02,7.01,9.01",XBRL,502235,1,1,,a52731159.htm,DOLLAR GENERAL CORPORATION 8-K
0001558370-22-009363,2022-05-26,2022-04-29,2022-05-26T11:20:11.000Z,34,10-Q,001-11421,22965504,,XBRL,3770276,1,1,,dg-20220429x10q.htm,10-Q
0001062993-22-013565,2022-05-26,2022-05-24,2022-05-26T16:51:24.000Z,,4,,,,4,6562,0,0,,xslF345X03/form4.xml,STATEMENT OF CHANGES IN BENEFICIAL OWNERSHIP OF SECURITIES
0001062993-22-013567,2022-05-26,2022-05-24,2022-05-26T16:57:54.000Z,,4,,,,4,5024,0,0,,xslF345X03/form4.xml,STATEMENT OF CHANGES IN BENEFICIAL OWNERSHIP OF SECURITIES
0001062993-22-013569,2022-05-26,2022-05-24,2022-05-26T17:04:41.000Z,,4,,,,4,7444,0,0,,xslF345X03/form4.xml,STATEMENT OF CHANGES IN BENEFICIAL OWNERSHIP OF SECURITIES
0001062993-22-013571,2022-05-26,2022-05-24,2022-05-26T17:10:02.000Z,,4,,,,4,6572,0,0,,xslF345X03/form4.xml,STATEMENT OF CHANGES IN BENEFICIAL OWNERSHIP OF SECURITIES
0001062993-22-013573,2022-05-26,2022-05-24,2022-05-26T17:15:40.000Z,,4,,,,4,7256,0,0,,xslF345X03/form4.xml,STATEMENT OF CHANGES IN BENEFICIAL OWNERSHIP OF SECURITIES
0001062993-22-013575,2022-05-26,2022-05-24,2022-05-26T17:21:37.000Z,,4,,,,4,5121,0,0,,xslF345X03/form4.xml,STATEMENT OF CHANGES IN BENEFICIAL OWNERSHIP OF SECURITIES
0001062993-22-013577,2022-05-26,2022-05-24,2022-05-26T17:27:07.000Z,,4,,,,4,5019,0,0,,xslF345X03/form4.xml,STATEMENT OF CHANGES IN BENEFICIAL OWNERSHIP OF SECURITIES
0001104659-22-066561,2022-05-31,2022-05-25,2022-05-31T20:20:50.000Z,34,8-K,001-11421,22983551,"5.07,9.01",XBRL,214696,1,1,,tm2217086d1_8k.htm,FORM 8-K
0001062993-22-013933,2022-06-01,2022-05-27,2022-06-01T15:28:08.000Z,,4,,,,4,4657,0,0,,xslF345X03/form4.xml,STATEMENT OF CHANGES IN BENEFICIAL OWNERSHIP OF SECURITIES
0001062993-22-013936,2022-06-01,2022-05-27,2022-06-01T15:41:58.000Z,,4,,,,4,8534,0,0,,xslF345X03/form4.xml,STATEMENT OF CHANGES IN BENEFICIAL OWNERSHIP OF SECURITIES
0001062993-22-014036,2022-06-01,2022-05-31,2022-06-01T21:55:28.000Z,,4,,,,4,12953,0,0,,xslF345X03/form4.xml,STATEMENT OF CHANGES IN BENEFICIAL OWNERSHIP OF SECURITIES
0001062993-22-015493,2022-06-27,2022-06-24,2022-06-27T21:57:23.000Z,,4,,,,4,8721,0,0,,xslF345X03/form4.xml,STATEMENT OF CHANGES IN BENEFICIAL OWNERSHIP OF SECURITIES
0001104659-22-078986,2022-07-12,2022-07-06,2022-07-12T10:45:42.000Z,34,8-K,001-11421,221078190,"5.02,7.01,9.01",XBRL,439083,1,1,,tm2220689d1_8k.htm,FORM 8-K
0001104659-22-084295,2022-07-29,2022-07-27,2022-07-29T20:43:18.000Z,34,8-K,001-11421,221121456,"5.02,9.01",XBRL,222118,1,1,,tm2222073d1_8k.htm,FORM 8-K
0001062993-22-017493,2022-08-08,2022-07-30,2022-08-08T21:47:10.000Z,,3,,,,3,6050,0,0,,xslF345X02/form3.xml,INITIAL STATEMENT OF BENEFICIAL OWNERSHIP OF SECURITIES
0001104659-22-094210,2022-08-25,2022-08-23,2022-08-25T10:47:49.000Z,34,8-K,001-11421,221192933,"2.02,5.02,7.01,9.01",XBRL,584926,1,1,,tm2224205d1_8k.htm,FORM 8-K
0001558370-22-013950,2022-08-25,2022-07-29,2022-08-25T11:02:05.000Z,34,10-Q,001-11421,221192951,,XBRL,4368805,1,1,,dg-20220729x10q.htm,10-Q
0001062993-22-018750,2022-08-25,2022-08-23,2022-08-25T16:21:03.000Z,,4,,,,4,4619,0,0,,xslF345X03/form4.xml,STATEMENT OF CHANGES IN BENEFICIAL OWNERSHIP OF SECURITIES
0001062993-22-018877,2022-08-30,2022-08-26,2022-08-30T20:41:17.000Z,,4,,,,4,21434,0,0,,xslF345X03/form4.xml,STATEMENT OF CHANGES IN BENEFICIAL OWNERSHIP OF SECURITIES
0001062993-22-018878,2022-08-30,2022-08-26,2022-08-30T20:46:03.000Z,,4,,,,4,12211,0,0,,xslF345X03/form4.xml,STATEMENT OF CHANGES IN BENEFICIAL OWNERSHIP OF SECURITIES
0001062993-22-018879,2022-08-30,2022-08-26,2022-08-30T20:49:46.000Z,,4,,,,4,19895,0,0,,xslF345X03/form4.xml,STATEMENT OF CHANGES IN BENEFICIAL OWNERSHIP OF SECURITIES
0001062993-22-018974,2022-09-01,2022-08-30,2022-09-01T20:33:52.000Z,,4,,,,4,12079,0,0,,xslF345X03/form4.xml,STATEMENT OF CHANGES IN BENEFICIAL OWNERSHIP OF SECURITIES
0001062993-22-019138,2022-09-02,2022-09-01,2022-09-02T20:52:08.000Z,,4,,,,4,17907,0,0,,xslF345X03/form4.xml,STATEMENT OF CHANGES IN BENEFICIAL OWNERSHIP OF SECURITIES
0001104659-22-097706,2022-09-06,,2022-09-06T12:30:51.000Z,33,424B2,333-237519,221226965,,424B2,981814,0,0,,tm2225048-1_424b2.htm,424B2
0001104659-22-097974,2022-09-07,,2022-09-06T23:38:20.000Z,34,FWP,333-237519,221229590,,FWP,33015,0,0,,tm2225048d3_fwp.htm,FWP
0001104659-22-098279,2022-09-07,2022-09-06,2022-09-07T21:23:46.000Z,34,8-K,001-11421,221231953,"1.01,8.01,9.01",XBRL,555512,1,1,,tm2225048d5_8k.htm,FORM 8-K
0001104659-22-098576,2022-09-08,,2022-09-08T21:13:09.000Z,33,424B2,333-237519,221234471,,424B2,1031057,0,0,,tm2225048-2_424b2.htm,424B2
0001104659-22-101622,2022-09-20,2022-09-20,2022-09-20T21:13:38.000Z,34,8-K,001-11421,221254447,"1.01,2.03,8.01,9.01",XBRL,1192403,1,1,,tm2225937d1_8k.htm,FORM 8-K
0001062993-22-020140,2022-10-03,2022-09-30,2022-10-03T19:31:34.000Z,,4,,,,4,10577,0,0,,xslF345X03/form4.xml,STATEMENT OF CHANGES IN BENEFICIAL OWNERSHIP OF SECURITIES
0001157523-22-001445,2022-10-31,2022-10-26,2022-10-31T21:15:04.000Z,34,8-K,001-11421,221347082,"5.02,9.01",XBRL,173498,1,1,,a52956176.htm,DOLLAR GENERAL CORPORATION 8-K
0001062993-22-021485,2022-11-03,2022-11-01,2022-11-03T18:48:52.000Z,,4,,,,4,5290,0,0,,xslF345X03/form4.xml,STATEMENT OF CHANGES IN BENEFICIAL OWNERSHIP OF SECURITIES
0001157523-22-001697,2022-12-01,2022-12-01,2022-12-01T12:00:35.000Z,34,8-K,001-11421,221437276,"2.02,7.01,9.01",XBRL,578932,1,1,,a52989957.htm,DOLLAR GENERAL CORPORATION 8-K
0001558370-22-018302,2022-12-01,2022-10-28,2022-12-01T12:14:47.000Z,34,10-Q,001-11421,221437299,,XBRL,4821084,1,1,,dg-20221028x10q.htm,10-Q
0001062993-22-023090,2022-12-01,2022-11-29,2022-12-01T21:35:55.000Z,,4,,,,4,5228,0,0,,xslF345X03/form4.xml,STATEMENT OF CHANGES IN BENEFICIAL OWNERSHIP OF SECURITIES
0001062993-22-023879,2022-12-14,2022-12-13,2022-12-14T16:26:04.000Z,,4,,,,4,5528,0,0,,xslF345X03/form4.xml,STATEMENT OF CHANGES IN BENEFICIAL OWNERSHIP OF SECURITIES
0001062993-23-000104,2023-01-04,2023-01-01,2023-01-04T16:41:51.000Z,,4,,,,4,4911,0,0,,xslF345X03/form4.xml,STATEMENT OF CHANGES IN BENEFICIAL OWNERSHIP OF SECURITIES
0001062993-23-000501,2023-01-05,2023-01-04,2023-01-05T21:44:38.000Z,,4,,,,4,12415,0,0,,xslF345X03/form4.xml,STATEMENT OF CHANGES IN BENEFICIAL OWNERSHIP OF SECURITIES
0001157523-23-000118,2023-01-30,2023-01-26,2023-01-30T22:11:49.000Z,34,8-K,001-11421,23569029,"5.02,7.01,9.01",XBRL,174651,1,1,,a53293771.htm,DOLLAR GENERAL CORPORATION 8-K
0001104659-23-009322,2023-02-01,2023-01-31,2023-02-01T22:04:03.000Z,34,8-K,001-11421,23577732,"1.01,9.01",XBRL,1815021,1,1,,tm235012d1_8k.htm,FORM 8-K
0001306550-23-007858,2023-02-03,,2023-02-03T21:27:57.000Z,34,SC 13G/A,005-40997,23586386,,SC 13G/A,13753,0,0,,us2566771059_020323.txt,
0001062993-23-002202,2023-02-06,2023-02-06,2023-02-06T16:03:48.000Z,,4,,,,4,5094,0,0,,xslF345X03/form4.xml,STATEMENT OF CHANGES IN BENEFICIAL OWNERSHIP OF SECURITIES
0001104659-23-015797,2023-02-09,,2023-02-09T16:16:37.000Z,34,SC 13G/A,005-40997,23602948,,SC 13G/A,13094,0,0,,tv0749-dollargeneralcorp.htm,SCHEDULE 13G/A
0001422849-23-000107,2023-02-13,,2023-02-13T19:49:26.000Z,34,SC 13G/A,005-40997,23617348,,SC 13G/A,18341,0,0,,SEC13G_Filing.htm,SEC SCHEDULE 13G
0000080255-23-002598,2023-02-14,,2023-02-14T17:38:04.000Z,34,SC 13G/A,005-40997,,,SC 13G/A,6980,0,0,,dg13gadec22.txt,
0001157523-23-000342,2023-02-23,2023-02-23,2023-02-23T12:05:30.000Z,34,8-K,001-11421,23655891,"2.02,7.01,9.01",XBRL,195249,1,1,,a53339637.htm,DOLLAR GENERAL CORPORATION 8-K
0001157523-23-000445,2023-03-16,2023-03-16,2023-03-16T11:06:53.000Z,34,8-K,001-11421,23737106,"2.02,7.01,9.01",XBRL,533212,1,1,,a53362372.htm,DOLLAR GENERAL CORPORATION 8-K
0001062993-23-007020,2023-03-16,2023-03-14,2023-03-16T20:04:44.000Z,,4,,,,4,5393,0,0,,xslF345X03/form4.xml,STATEMENT OF CHANGES IN BENEFICIAL OWNERSHIP OF SECURITIES
0001062993-23-007029,2023-03-16,2023-03-14,2023-03-16T20:09:54.000Z,,4,,,,4,5250,0,0,,xslF345X03/form4.xml,STATEMENT OF CHANGES IN BENEFICIAL OWNERSHIP OF SECURITIES
0001062993-23-007034,2023-03-16,2023-03-14,2023-03-16T20:15:37.000Z,,4,,,,4,5360,0,0,,xslF345X03/form4.xml,STATEMENT OF CHANGES IN BENEFICIAL OWNERSHIP OF SECURITIES
0001062993-23-007037,2023-03-16,2023-03-14,2023-03-16T20:19:35.000Z,,4,,,,4,5379,0,0,,xslF345X03/form4.xml,STATEMENT OF CHANGES IN BENEFICIAL OWNERSHIP OF SECURITIES
0001062993-23-007042,2023-03-16,2023-03-14,2023-03-16T20:25:19.000Z,,4,,,,4,5379,0,0,,xslF345X03/form4.xml,STATEMENT OF CHANGES IN BENEFICIAL OWNERSHIP OF SECURITIES
0001062993-23-007053,2023-03-16,2023-03-14,2023-03-16T20:36:02.000Z,,4,,,,4,5376,0,0,,xslF345X03/form4.xml,STATEMENT OF CHANGES IN BENEFICIAL OWNERSHIP OF SECURITIES
0001062993-23-007055,2023-03-16,2023-03-14,2023-03-16T20:40:09.000Z,,4,,,,4,5368,0,0,,xslF345X03/form4.xml,STATEMENT OF CHANGES IN BENEFICIAL OWNERSHIP OF SECURITIES
0001062993-23-007057,2023-03-16,2023-03-14,2023-03-16T20:44:21.000Z,,4,,,,4,5381,0,0,,xslF345X03/form4.xml,STATEMENT OF CHANGES IN BENEFICIAL OWNERSHIP OF SECURITIES
0001062993-23-007059,2023-03-16,2023-03-14,2023-03-16T20:49:50.000Z,,4,,,,4,5357,0,0,,xslF345X03/form4.xml,STATEMENT OF CHANGES IN BENEFICIAL OWNERSHIP OF SECURITIES
0001062993-23-007064,2023-03-16,2023-03-14,2023-03-16T20:56:47.000Z,,4,,,,4,5372,0,0,,xslF345X03/form4.xml,STATEMENT OF CHANGES IN BENEFICIAL OWNERSHIP OF SECURITIES
0001062993-23-007245,2023-03-20,2023-02-03,2023-03-20T16:42:32.000Z,,5,,,,5,14877,0,0,,xslF345X04/form5.xml,ANNUAL STATEMENT OF CHANGES IN BENEFICIAL OWNERSHIP
0001558370-23-004574,2023-03-24,2023-02-03,2023-03-24T20:42:42.000Z,34,10-K,001-11421,23760411,,XBRL,9318150,1,1,,dg-20230203x10k.htm,10-K
0001062993-23-007755,2023-03-27,2023-03-24,2023-03-27T20:58:46.000Z,,4,,,,4,10235,0,0,,xslF345X04/form4.xml,STATEMENT OF CHANGES IN BENEFICIAL OWNERSHIP OF SECURITIES
0001062993-23-008073,2023-03-30,2023-03-28,2023-03-30T18:26:15.000Z,,4,,,,4,5284,0,0,,xslF345X04/form4.xml,STATEMENT OF CHANGES IN BENEFICIAL OWNERSHIP OF SECURITIES
0001062993-23-008075,2023-03-30,2023-03-28,2023-03-30T18:31:06.000Z,,4,,,,4,5281,0,0,,xslF345X04/form4.xml,STATEMENT OF CHANGES IN BENEFICIAL OWNERSHIP OF SECURITIES
0001062993-23-008077,2023-03-30,2023-03-28,2023-03-30T18:36:22.000Z,,4,,,,4,5278,0,0,,xslF345X04/form4.xml,STATEMENT OF CHANGES IN BENEFICIAL OWNERSHIP OF SECURITIES
0001062993-23-008079,2023-03-30,2023-03-28,2023-03-30T18:41:42.000Z,,4,,,,4,5275,0,0,,xslF345X04/form4.xml,STATEMENT OF CHANGES IN BENEFICIAL OWNERSHIP OF SECURITIES
0001062993-23-008081,2023-03-30,2023-03-28,2023-03-30T18:45:28.000Z,,4,,,,4,5266,0,0,,xslF345X04/form4.xml,STATEMENT OF CHANGES IN BENEFICIAL OWNERSHIP OF SECURITIES
0001062993-23-008083,2023-03-30,2023-03-28,2023-03-30T18:51:20.000Z,,4,,,,4,5279,0,0,,xslF345X04/form4.xml,STATEMENT OF CHANGES IN BENEFICIAL OWNERSHIP OF SECURITIES
0001062993-23-008087,2023-03-30,2023-03-28,2023-03-30T18:56:26.000Z,,4,,,,4,5262,0,0,,xslF345X04/form4.xml,STATEMENT OF CHANGES IN BENEFICIAL OWNERSHIP OF SECURITIES
0001062993-23-008089,2023-03-30,2023-03-28,2023-03-30T19:03:11.000Z,,4,,,,4,7025,0,0,,xslF345X04/form4.xml,STATEMENT OF CHANGES IN BENEFICIAL OWNERSHIP OF SECURITIES
0001062993-23-008091,2023-03-30,2023-03-29,2023-03-30T19:15:11.000Z,,4,,,,4,10242,0,0,,xslF345X04/form4.xml,STATEMENT OF CHANGES IN BENEFICIAL OWNERSHIP OF SECURITIES
0001062993-23-008432,2023-04-04,2023-04-01,2023-04-04T19:38:54.000Z,,4,,,,4,5249,0,0,,xslF345X04/form4.xml,STATEMENT OF CHANGES IN BENEFICIAL OWNERSHIP OF SECURITIES
0001062993-23-008434,2023-04-04,2023-04-01,2023-04-04T19:45:26.000Z,,4,,,,4,5111,0,0,,xslF345X04/form4.xml,STATEMENT OF CHANGES IN BENEFICIAL OWNERSHIP OF SECURITIES
0001062993-23-008438,2023-04-04,2023-04-01,2023-04-04T19:50:42.000Z,,4,,,,4,5215,0,0,,xslF345X04/form4.xml,STATEMENT OF CHANGES IN BENEFICIAL OWNERSHIP OF SECURITIES
0001062993-23-008441,2023-04-04,2023-04-01,2023-04-04T19:54:13.000Z,,4,,,,4,5343,0,0,,xslF345X04/form4.xml,STATEMENT OF CHANGES IN BENEFICIAL OWNERSHIP OF SECURITIES
0001062993-23-008443,2023-04-04,2023-04-01,2023-04-04T19:57:20.000Z,,4,,,,4,5235,0,0,,xslF345X04/form4.xml,STATEMENT OF CHANGES IN BENEFICIAL OWNERSHIP OF SECURITIES
0001062993-23-008460,2023-04-04,2023-04-01,2023-04-04T20:02:20.000Z,,4,,,,4,5337,0,0,,xslF345X04/form4.xml,STATEMENT OF CHANGES IN BENEFICIAL OWNERSHIP OF SECURITIES
0001062993-23-008470,2023-04-04,2023-04-01,2023-04-04T20:07:12.000Z,,4,,,,4,5220,0,0,,xslF345X04/form4.xml,STATEMENT OF CHANGES IN BENEFICIAL OWNERSHIP OF SECURITIES
0001062993-23-008482,2023-04-04,2023-04-01,2023-04-04T20:11:05.000Z,,4,,,,4,5236,0,0,,xslF345X04/form4.xml,STATEMENT OF CHANGES IN BENEFICIAL OWNERSHIP OF SECURITIES
0001062993-23-008504,2023-04-04,2023-04-01,2023-04-04T20:18:51.000Z,,4,,,,4,5321,0,0,,xslF345X04/form4.xml,STATEMENT OF CHANGES IN BENEFICIAL OWNERSHIP OF SECURITIES
0001062993-23-008511,2023-04-04,2023-04-01,2023-04-04T20:21:53.000Z,,4,,,,4,5395,0,0,,xslF345X04/form4.xml,STATEMENT OF CHANGES IN BENEFICIAL OWNERSHIP OF SECURITIES
0001104659-23-044057,2023-04-11,,2023-04-11T20:30:48.000Z,34,DEF 14A,001-11421,23813713,,XBRL,13985997,1,1,,tm2228297d2_def14a.htm,FORM DEF 14A
0001104659-23-044070,2023-04-11,2023-02-03,2023-04-11T20:39:41.000Z,34,ARS,001-11421,23813788,,ARS,2935463,0,0,,tm234073d2_ars.pdf,ARS
0001104659-23-044074,2023-04-11,,2023-04-11T20:44:32.000Z,34,DEFA14A,001-11421,23813818,,DEFA14A,538870,0,0,,tm2228297d3_defa14a.htm,DEFA14A
0001214659-23-005260,2023-04-12,,2023-04-12T17:01:17.000Z,34,PX14A6G,001-11421,23815219,,PX14A6G,54470,0,0,,j412234px14a6g.htm,
0001104659-23-047407,2023-04-20,2023-04-19,2023-04-20T10:52:28.000Z,34,8-K,001-11421,23831361,"5.02,7.01,9.01",XBRL,255592,1,1,,tm2313249d1_8k.htm,FORM 8-K
0001062993-23-009745,2023-05-01,2023-05-01,2023-05-01T16:16:13.000Z,,3,,,,3,14184,0,0,,xslF345X02/form3.xml,INITIAL STATEMENT OF BENEFICIAL OWNERSHIP OF SECURITIES
0001193125-23-135845,2023-05-04,,2023-05-04T19:29:27.000Z,34,PX14A6G,001-11421,23888277,,PX14A6G,42044,0,0,,d347802dpx14a6g.htm,NOTICE OF EXEMPT SOLICITATION
0001062993-23-012328,2023-05-26,2023-05-24,2023-05-26T20:33:36.000Z,,4,,,,4,4935,0,0,,xslF345X04/form4.xml,STATEMENT OF CHANGES IN BENEFICIAL OWNERSHIP OF SECURITIES
0001062993-23-012330,2023-05-26,2023-05-24,2023-05-26T20:39:10.000Z,,4,,,,4,5881,0,0,,xslF345X04/form4.xml,STATEMENT OF CHANGES IN BENEFICIAL OWNERSHIP OF SECURITIES
0001062993-23-012337,2023-05-26,2023-05-24,2023-05-26T20:42:54.000Z,,4,,,,4,4923,0,0,,xslF345X04/form4.xml,STATEMENT OF CHANGES IN BENEFICIAL OWNERSHIP OF SECURITIES
0001062993-23-012344,2023-05-26,2023-05-24,2023-05-26T20:47:26.000Z,,4,,,,4,5636,0,0,,xslF345X04/form4.xml,STATEMENT OF CHANGES IN BENEFICIAL OWNERSHIP OF SECURITIES
0001062993-23-012367,2023-05-26,2023-05-24,2023-05-26T21:29:55.000Z,,4,,,,4,5006,0,0,,xslF345X04/form4.xml,STATEMENT OF CHANGES IN BENEFICIAL OWNERSHIP OF SECURITIES
0001157523-23-000927,2023-06-01,2023-05-31,2023-06-01T11:00:55.000Z,34,8-K,001-11421,23982979,"2.02,5.07,7.01,9.01",XBRL,551065,1,1,,a53410626.htm,DOLLAR GENERAL CORPORATION 8-K
0001558370-23-010690,2023-06-01,2023-05-05,2023-06-01T11:04:04.000Z,34,10-Q,001-11421,23982987,,XBRL,3954368,1,1,,dg-20230505x10q.htm,10-Q
0001062993-23-012595,2023-06-01,2023-05-30,2023-06-01T19:43:52.000Z,,4,,,,4,4649,0,0,,xslF345X04/form4.xml,STATEMENT OF CHANGES IN BENEFICIAL OWNERSHIP OF SECURITIES
0001062993-23-012597,2023-06-01,2023-05-30,2023-06-01T19:47:11.000Z,,4,,,,4,5056,0,0,,xslF345X04/form4.xml,STATEMENT OF CHANGES IN BENEFICIAL OWNERSHIP OF SECURITIES
0001062993-23-012600,2023-06-01,2023-05-30,2023-06-01T19:53:36.000Z,,4,,,,4,5017,0,0,,xslF345X04/form4.xml,STATEMENT OF CHANGES IN BENEFICIAL OWNERSHIP OF SECURITIES
0001062993-23-012602,2023-06-01,2023-05-30,2023-06-01T19:59:01.000Z,,4,,,,4,5571,0,0,,xslF345X04/form4.xml,STATEMENT OF CHANGES IN BENEFICIAL OWNERSHIP OF SECURITIES
0001062993-23-012606,2023-06-01,2023-05-30,2023-06-01T20:04:43.000Z,,4,,,,4,4659,0,0,,xslF345X04/form4.xml,STATEMENT OF CHANGES IN BENEFICIAL OWNERSHIP OF SECURITIES
0001062993-23-012615,2023-06-01,2023-05-30,2023-06-01T20:10:33.000Z,,4,,,,4,4773,0,0,,xslF345X04/form4.xml,STATEMENT OF CHANGES IN BENEFICIAL OWNERSHIP OF SECURITIES
0001062993-23-012621,2023-06-01,2023-05-30,2023-06-01T20:14:58.000Z,,4,,,,4,5017,0,0,,xslF345X04/form4.xml,STATEMENT OF CHANGES IN BENEFICIAL OWNERSHIP OF SECURITIES
0001062993-23-012625,2023-06-01,2023-05-30,2023-06-01T20:20:17.000Z,,4,,,,4,4863,0,0,,xslF345X04/form4.xml,STATEMENT OF CHANGES IN BENEFICIAL OWNERSHIP OF SECURITIES
0001104659-23-067861,2023-06-05,,2023-06-05T12:21:28.000Z,33,S-3ASR,333-272406,23991298,,S-3ASR,911980,0,0,,tm2317629-1_s3asr.htm,S-3ASR
0001104659-23-067884,2023-06-05,,2023-06-05T12:48:33.000Z,33,424B2,333-272406,23991353,,424B2,937028,0,0,,tm2317629-3_424b2.htm,424B2
0001062993-23-012883,2023-06-05,2023-06-01,2023-06-05T18:53:04.000Z,,4,,,,4,4591,0,0,,xslF345X04/form4.xml,STATEMENT OF CHANGES IN BENEFICIAL OWNERSHIP OF SECURITIES
0001062993-23-012893,2023-06-05,2023-06-01,2023-06-05T19:39:59.000Z,,3,,,,3,15290,0,0,,xslF345X02/form3.xml,INITIAL STATEMENT OF BENEFICIAL OWNERSHIP OF SECURITIES
0001104659-23-068209,2023-06-06,,2023-06-05T23:25:08.000Z,34,FWP,333-272406,23994479,,FWP,21416,0,0,,tm2317629d4_fwp.htm,FWP
0001950047-23-001331,2023-06-06,,2023-06-06T20:20:51.000Z,33,144,001-11421,23996358,,144,4610,0,0,,xsl144X01/primary_doc.xml,
0001104659-23-068542,2023-06-06,,2023-06-06T20:30:42.000Z,33,424B2,333-272406,23996497,,424B2,966175,0,0,,tm2317629-5_424b2.htm,424B2
0001062993-23-013091,2023-06-07,2023-06-05,2023-06-07T20:24:39.000Z,,4,,,,4,4358,0,0,,xslF345X04/form4.xml,STATEMENT OF CHANGES IN BENEFICIAL OWNERSHIP OF SECURITIES
0001062993-23-013094,2023-06-07,2023-06-06,2023-06-07T20:28:16.000Z,,4,,,,4,5019,0,0,,xslF345X04/form4.xml,STATEMENT OF CHANGES IN BENEFICIAL OWNERSHIP OF SECURITIES
0001062993-23-013103,2023-06-07,2023-06-06,2023-06-07T20:36:41.000Z,,4,,,,4,8239,0,0,,xslF345X04/form4.xml,STATEMENT OF CHANGES IN BENEFICIAL OWNERSHIP OF SECURITIES
0001104659-23-068957,2023-06-07,2023-06-05,2023-06-07T21:03:26.000Z,34,8-K,001-11421,23999741,"1.01,2.03,8.01,9.01",XBRL,1047223,1,1,,tm2317629d7_8k.htm,FORM 8-K
0001950047-23-001434,2023-06-08,,2023-06-08T21:25:59.000Z,33,144,001-11421,231003029,,144,4804,0,0,,xsl144X01/primary_doc.xml,
0001062993-23-013342,2023-06-12,2023-06-08,2023-06-12T20:16:00.000Z,,4,,,,4,8856,0,0,,xslF345X04/form4.xml,STATEMENT OF CHANGES IN BENEFICIAL OWNERSHIP OF SECURITIES
0001062993-23-013350,2023-06-12,2023-06-09,2023-06-12T20:21:39.000Z,,4,,,,4,5258,0,0,,xslF345X04/form4.xml,STATEMENT OF CHANGES IN BENEFICIAL OWNERSHIP OF SECURITIES
0001950047-23-001631,2023-06-14,,2023-06-14T20:36:42.000Z,33,144,001-11421,231014619,,144,5501,0,0,,xsl144X01/primary_doc.xml,
0001157523-23-001054,2023-06-29,2023-06-27,2023-06-29T20:39:19.000Z,34,8-K,001-11421,231057964,"5.02,9.01",XBRL,172614,1,1,,a53437250.htm,DOLLAR GENERAL CORPORATION 8-K
0001950047-23-002067,2023-07-03,,2023-07-03T17:55:28.000Z,33,144,001-11421,231064619,,144,4806,0,0,,xsl144X01/primary_doc.xml,
0001062993-23-016020,2023-08-08,2023-08-05,2023-08-08T20:57:38.000Z,,3,,,,3,6684,0,0,,xslF345X02/form3.xml,INITIAL STATEMENT OF BENEFICIAL OWNERSHIP OF SECURITIES
0001157523-23-001382,2023-08-31,2023-08-31,2023-08-31T11:04:49.000Z,34,8-K,001-11421,231226958,"2.02,7.01,9.01",XBRL,562861,1,1,,a53546712.htm,DOLLAR GENERAL CORPORATION 8-K
0001558370-23-015376,2023-08-31,2023-08-04,2023-08-31T11:08:38.000Z,34,10-Q,001-11421,231226962,,XBRL,4586887,1,1,,dg-20230804x10q.htm,10-Q
0001062993-23-017333,2023-08-31,2023-08-29,2023-08-31T16:26:35.000Z,,4,,,,4,4675,0,0,,xslF345X05/form4.xml,STATEMENT OF CHANGES IN BENEFICIAL OWNERSHIP OF SECURITIES
0001062993-23-017481,2023-09-05,2023-09-01,2023-09-05T15:22:35.000Z,,3,,,,3,19766,0,0,,xslF345X02/form3.xml,INITIAL STATEMENT OF BENEFICIAL OWNERSHIP OF SECURITIES
0001062993-23-017656,2023-09-06,2023-09-05,2023-09-06T19:01:03.000Z,,4,,,,4,5300,0,0,,xslF345X05/form4.xml,STATEMENT OF CHANGES IN BENEFICIAL OWNERSHIP OF SECURITIES
0001062993-23-018677,2023-10-02,2023-09-29,2023-10-02T15:56:27.000Z,,4,,,,4,4414,0,0,,xslF345X05/form4.xml,STATEMENT OF CHANGES IN BENEFICIAL OWNERSHIP OF SECURITIES
0001104659-23-108865,2023-10-12,2023-10-12,2023-10-12T21:20:19.000Z,34,8-K,001-11421,231323415,"5.02,7.01,9.01",XBRL,475066,1,1,,tm2328316d1_8k.htm,FORM 8-K
0001062993-23-019538,2023-10-18,2023-10-17,2023-10-18T20:33:50.000Z,,4,,,,4,5123,0,0,,xslF345X05/form4.xml,STATEMENT OF CHANGES IN BENEFICIAL OWNERSHIP OF SECURITIES
0001157523-23-001801,2023-12-07,2023-12-07,2023-12-07T12:03:42.000Z,34,8-K,001-11421,231471058,"2.02,7.01,9.01",XBRL,492651,1,1,,a53867476.htm,DOLLAR GENERAL CORPORATION 8-K
0001558370-23-019576,2023-12-07,2023-11-03,2023-12-07T12:14:26.000Z,34,10-Q,001-11421,231471064,,XBRL,4828504,1,1,,dg-20231103x10q.htm,10-Q
0001104659-23-124708,2023-12-08,,2023-12-08T21:16:31.000Z,34,SC 13G/A,005-40997,231475618,,SC 13G/A,13095,0,0,,tv0011-dollargeneralcorp.htm,SCHEDULE 13G/A
0001062993-23-022510,2023-12-13,2023-12-11,2023-12-13T17:14:33.000Z,,4,,,,4,5263,0,0,,xslF345X05/form4.xml,STATEMENT OF CHANGES IN BENEFICIAL OWNERSHIP OF SECURITIES
0001950047-23-005989,2023-12-13,,2023-12-13T21:43:07.000Z,33,144,001-11421,231484533,,144,4765,0,0,,xsl144X01/primary_doc.xml,
0001950047-23-006085,2023-12-14,,2023-12-14T21:48:55.000Z,33,144,001-11421,231487680,,144,5462,0,0,,xsl144X01/primary_doc.xml,
0001950047-23-006127,2023-12-15,,2023-12-15T21:18:20.000Z,33,144,001-11421,231490588,,144,6159,0,0,,xsl144X01/primary_doc.xml,
0001950047-23-006334,2023-12-19,,2023-12-19T22:16:48.000Z,33,144,001-11421,231498483,,144,6939,0,0,,xsl144X01/primary_doc.xml,
0001950047-23-006385,2023-12-20,,2023-12-20T22:03:01.000Z,33,144,001-11421,231502052,,144,7635,0,0,,xsl144X01/primary_doc.xml,
0001950047-23-006415,2023-12-21,,2023-12-21T22:06:07.000Z,33,144,001-11421,231506088,,144,8334,0,0,,xsl144X01/primary_doc.xml,
0001062993-24-001159,2024-01-22,2024-01-19,2024-01-22T22:57:32.000Z,,4,,,,4,8069,0,0,,xslF345X05/form4.xml,STATEMENT OF CHANGES IN BENEFICIAL OWNERSHIP OF SECURITIES
0001062993-24-002057,2024-02-06,2024-02-05,2024-02-06T20:14:38.000Z,,4,,,,4,5896,0,0,,xslF345X05/form4.xml,STATEMENT OF CHANGES IN BENEFICIAL OWNERSHIP OF SECURITIES
0001422848-24-000156,2024-02-09,,2024-02-09T23:05:54.000Z,34,SC 13G,005-40997,24616643,,SC 13G,18568,0,0,,SEC13G_Filing.htm,SEC SCHEDULE 13G
0001422848-24-000269,2024-02-09,,2024-02-09T23:21:27.000Z,34,SC 13G,005-40997,24616847,,SC 13G,18424,0,0,,SEC13G_Filing.htm,SEC SCHEDULE 13G
0001086364-24-006972,2024-02-12,,2024-02-12T18:39:49.000Z,34,SC 13G/A,005-40997,24618949,,SC 13G/A,13958,0,0,,us2566771059_021224.txt,
0001104659-24-020774,2024-02-13,,2024-02-13T22:02:40.000Z,34,SC 13G/A,005-40997,24627974,,SC 13G/A,13180,0,0,,tv0774-dollargeneralcorp.htm,SCHEDULE 13G/A
0000080255-24-000697,2024-02-14,,2024-02-14T15:03:01.000Z,34,SC 13G/A,005-40997,,,SC 13G/A,6623,0,0,,dg13gadec23.txt,
0001104659-24-023979,2024-02-14,2024-02-13,2024-02-14T22:00:45.000Z,34,8-K,001-11421,24640111,"1.01,9.01",XBRL,264161,1,1,,tm246105d1_8k.htm,FORM 8-K
0001104659-24-034202,2024-03-14,2024-03-14,2024-03-14T11:01:44.000Z,34,8-K,001-11421,24747892,"2.02,7.01,9.01",XBRL,454312,1,1,,tm247873d1_8k.htm,FORM 8-K
0001062993-24-006397,2024-03-14,2024-02-05,2024-03-14T19:19:43.000Z,,4,,,,4,5208,0,0,,xslF345X05/form4.xml,STATEMENT OF CHANGES IN BENEFICIAL OWNERSHIP OF SECURITIES
0001062993-24-006399,2024-03-14,2024-03-12,2024-03-14T19:25:50.000Z,,4,,,,4,4936,0,0,,xslF345X05/form4.xml,STATEMENT OF CHANGES IN BENEFICIAL OWNERSHIP OF SECURITIES
0001062993-24-006401,2024-03-14,2024-03-12,2024-03-14T19:30:01.000Z,,4,,,,4,4958,0,0,,xslF345X05/form4.xml,STATEMENT OF CHANGES IN BENEFICIAL OWNERSHIP OF SECURITIES
0001062993-24-006403,2024-03-14,2024-03-12,2024-03-14T19:33:31.000Z,,4,,,,4,4984,0,0,,xslF345X05/form4.xml,STATEMENT OF CHANGES IN BENEFICIAL OWNERSHIP OF SECURITIES
0001062993-24-006405,2024-03-14,2024-03-12,2024-03-14T19:37:14.000Z,,4,,,,4,4955,0,0,,xslF345X05/form4.xml,STATEMENT OF CHANGES IN BENEFICIAL OWNERSHIP OF SECURITIES
0001062993-24-006407,2024-03-14,2024-03-12,2024-03-14T19:39:54.000Z,,4,,,,4,4946,0,0,,xslF345X05/form4.xml,STATEMENT OF CHANGES IN BENEFICIAL OWNERSHIP OF SECURITIES
0001062993-24-006409,2024-03-14,2024-03-12,2024-03-14T19:44:00.000Z,,4,,,,4,4959,0,0,,xslF345X05/form4.xml,STATEMENT OF CHANGES IN BENEFICIAL OWNERSHIP OF SECURITIES
0001062993-24-006411,2024-03-14,2024-03-12,2024-03-14T19:48:26.000Z,,4,,,,4,4939,0,0,,xslF345X05/form4.xml,STATEMENT OF CHANGES IN BENEFICIAL OWNERSHIP OF SECURITIES
0001062993-24-006413,2024-03-14,2024-03-12,2024-03-14T19:52:38.000Z,,4,,,,4,4958,0,0,,xslF345X05/form4.xml,STATEMENT OF CHANGES IN BENEFICIAL OWNERSHIP OF SECURITIES
0001558370-24-003813,2024-03-25,2024-02-02,2024-03-25T10:45:45.000Z,34,10-K,001-11421,24776849,,XBRL,10352974,1,1,,dg-20240202x10k.htm,10-K
0001062993-24-007064,2024-03-25,2023-12-15,2024-03-25T21:20:26.000Z,,4,,,,4,7104,0,0,,xslF345X05/form4.xml,STATEMENT OF CHANGES IN BENEFICIAL OWNERSHIP OF SECURITIES
0001062993-24-007318,2024-03-28,2024-03-27,2024-03-28T19:51:19.000Z,,4,,,,4,5340,0,0,,xslF345X05/form4.xml,STATEMENT OF CHANGES IN BENEFICIAL OWNERSHIP OF SECURITIES
0001062993-24-007322,2024-03-28,2024-03-27,2024-03-28T19:55:45.000Z,,4,,,,4,5365,0,0,,xslF345X05/form4.xml,STATEMENT OF CHANGES IN BENEFICIAL OWNERSHIP OF SECURITIES
0001062993-24-007326,2024-03-28,2024-03-27,2024-03-28T19:59:58.000Z,,4,,,,4,5366,0,0,,xslF345X05/form4.xml,STATEMENT OF CHANGES IN BENEFICIAL OWNERSHIP OF SECURITIES
0001062993-24-007328,2024-03-28,2024-03-27,2024-03-28T20:04:36.000Z,,4,,,,4,5360,0,0,,xslF345X05/form4.xml,STATEMENT OF CHANGES IN BENEFICIAL OWNERSHIP OF SECURITIES
0001062993-24-007337,2024-03-28,2024-03-27,2024-03-28T20:09:14.000Z,,4,,,,4,5374,0,0,,xslF345X05/form4.xml,STATEMENT OF CHANGES IN BENEFICIAL OWNERSHIP OF SECURITIES
0001062993-24-007345,2024-03-28,2024-03-27,2024-03-28T20:12:42.000Z,,4,,,,4,5364,0,0,,xslF345X05/form4.xml,STATEMENT OF CHANGES IN BENEFICIAL OWNERSHIP OF SECURITIES
0001062993-24-007355,2024-03-28,2024-03-27,2024-03-28T20:16:09.000Z,,4,,,,4,5354,0,0,,xslF345X05/form4.xml,STATEMENT OF CHANGES IN BENEFICIAL OWNERSHIP OF SECURITIES
0001062993-24-007361,2024-03-28,2024-03-27,2024-03-28T20:19:50.000Z,,4,,,,4,7111,0,0,,xslF345X05/form4.xml,STATEMENT OF CHANGES IN BENEFICIAL OWNERSHIP OF SECURITIES
0001950047-24-002770,2024-04-01,,2024-04-01T20:18:28.000Z,33,144,001-11421,24809550,,144,4822,0,0,,xsl144X01/primary_doc.xml,
0001062993-24-007880,2024-04-03,2024-04-01,2024-04-03T19:04:23.000Z,,4,,,,4,5103,0,0,,xslF345X05/form4.xml,STATEMENT OF CHANGES IN BENEFICIAL OWNERSHIP OF SECURITIES
0001062993-24-007886,2024-04-03,2024-04-01,2024-04-03T19:08:28.000Z,,4,,,,4,5324,0,0,,xslF345X05/form4.xml,STATEMENT OF CHANGES IN BENEFICIAL OWNERSHIP OF SECURITIES
0001062993-24-007889,2024-04-03,2024-04-01,2024-04-03T19:12:58.000Z,,4,,,,4,5347,0,0,,xslF345X05/form4.xml,STATEMENT OF CHANGES IN BENEFICIAL OWNERSHIP OF SECURITIES
0001062993-24-007891,2024-04-03,2024-04-01,2024-04-03T19:17:20.000Z,,4,,,,4,5183,0,0,,xslF345X05/form4.xml,STATEMENT OF CHANGES IN BENEFICIAL OWNERSHIP OF SECURITIES
0001062993-24-007895,2024-04-03,2024-04-01,2024-04-03T19:22:03.000Z,,4,,,,4,5171,0,0,,xslF345X05/form4.xml,STATEMENT OF CHANGES IN BENEFICIAL OWNERSHIP OF SECURITIES
0001062993-24-007899,2024-04-03,2024-04-01,2024-04-03T19:27:17.000Z,,4,,,,4,5187,0,0,,xslF345X05/form4.xml,STATEMENT OF CHANGES IN BENEFICIAL OWNERSHIP OF SECURITIES
0001062993-24-007901,2024-04-03,2024-04-01,2024-04-03T19:33:41.000Z,,4,,,,4,5347,0,0,,xslF345X05/form4.xml,STATEMENT OF CHANGES IN BENEFICIAL OWNERSHIP OF SECURITIES
0001950047-24-002930,2024-04-03,,2024-04-03T20:28:43.000Z,33,144,001-11421,24819187,,144,5523,0,0,,xsl144X01/primary_doc.xml,
0001062993-24-007964,2024-04-03,2024-04-01,2024-04-03T21:37:31.000Z,,4,,,,4,5333,0,0,,xslF345X05/form4.xml,STATEMENT OF CHANGES IN BENEFICIAL OWNERSHIP OF SECURITIES
0001062993-24-007966,2024-04-03,2024-04-01,2024-04-03T21:46:29.000Z,,4,,,,4,5189,0,0,,xslF345X05/form4.xml,STATEMENT OF CHANGES IN BENEFICIAL OWNERSHIP OF SECURITIES
0001950047-24-002952,2024-04-04,,2024-04-04T20:22:59.000Z,33,144,001-11421,24823420,,144,4823,0,0,,xsl144X01/primary_doc.xml,
0001104659-24-044304,2024-04-05,2024-05-29,2024-04-05T20:32:24.000Z,34,DEF 14A,001-11421,24826967,,XBRL,8309943,1,1,,tm2332854d3_def14a.htm,DEF 14A
0001104659-24-044317,2024-04-05,2024-02-02,2024-04-05T20:43:40.000Z,34,ARS,001-11421,24827078,,ARS,4438722,0,0,,tm247081d2_ars.pdf,ARS
0001104659-24-044323,2024-04-05,,2024-04-05T20:48:36.000Z,34,DEFA14A,001-11421,24827126,,DEFA14A,484779,0,0,,tm2332854d4_defa14a.htm,DEFA14A
0001062993-24-008119,2024-04-05,2024-04-04,2024-04-05T21:58:06.000Z,,4,,,,4,5082,0,0,,xslF345X05/form4.xml,STATEMENT OF CHANGES IN BENEFICIAL OWNERSHIP OF SECURITIES
0001104659-24-044761,2024-04-08,2024-04-04,2024-04-08T20:31:05.000Z,34,8-K,001-11421,24829985,"5.02,9.01",XBRL,443185,1,1,,tm2410393d1_8k.htm,FORM 8-K
0001950047-24-003040,2024-04-11,,2024-04-11T20:15:40.000Z,33,144,001-11421,24838708,,144,4837,0,0,,xsl144X01/primary_doc.xml,
0001062993-24-008323,2024-04-12,2024-04-11,2024-04-12T19:01:00.000Z,,4,,,,4,5492,0,0,,xslF345X05/form4.xml,STATEMENT OF CHANGES IN BENEFICIAL OWNERSHIP OF SECURITIES
0001377739-24-000002,2024-04-29,,2024-04-26T23:45:27.000Z,34,PX14A6G,001-11421,24886083,,PX14A6G,36007,0,0,,dg24shletter.htm,
0001062993-24-011433,2024-05-29,2024-05-28,2024-05-29T21:34:58.000Z,,4,,,,4,6426,0,0,,xslF345X05/form4.xml,STATEMENT OF CHANGES IN BENEFICIAL OWNERSHIP OF SECURITIES
0001062993-24-011436,2024-05-29,2024-05-28,2024-05-29T21:37:15.000Z,,4,,,,4,7174,0,0,,xslF345X05/form4.xml,STATEMENT OF CHANGES IN BENEFICIAL OWNERSHIP OF SECURITIES
0001062993-24-011437,2024-05-29,2024-05-28,2024-05-29T21:39:29.000Z,,4,,,,4,5130,0,0,,xslF345X05/form4.xml,STATEMENT OF CHANGES IN BENEFICIAL OWNERSHIP OF SECURITIES
0001062993-24-011438,2024-05-29,2024-05-28,2024-05-29T21:41:27.000Z,,4,,,,4,6039,0,0,,xslF345X05/form4.xml,STATEMENT OF CHANGES IN BENEFICIAL OWNERSHIP OF SECURITIES
0001062993-24-011439,2024-05-29,2024-05-28,2024-05-29T21:43:58.000Z,,4,,,,4,5130,0,0,,xslF345X05/form4.xml,STATEMENT OF CHANGES IN BENEFICIAL OWNERSHIP OF SECURITIES
0001062993-24-011441,2024-05-29,2024-05-28,2024-05-29T21:46:00.000Z,,4,,,,4,5126,0,0,,xslF345X05/form4.xml,STATEMENT OF CHANGES IN BENEFICIAL OWNERSHIP OF SECURITIES
0001062993-24-011442,2024-05-29,2024-05-24,2024-05-29T21:48:11.000Z,,4,,,,4,6790,0,0,,xslF345X05/form4.xml,STATEMENT OF CHANGES IN BENEFICIAL OWNERSHIP OF SECURITIES
0001062993-24-011443,2024-05-29,2024-05-28,2024-05-29T21:50:51.000Z,,4,,,,4,5081,0,0,,xslF345X05/form4.xml,STATEMENT OF CHANGES IN BENEFICIAL OWNERSHIP OF SECURITIES
0001104659-24-066413,2024-05-30,2024-05-29,2024-05-30T11:01:05.000Z,34,8-K,001-11421,241000683,"2.02,5.07,7.01,9.01",XBRL,440322,1,1,,tm2415834d1_8k.htm,FORM 8-K
0001558370-24-008742,2024-05-30,2024-05-03,2024-05-30T11:04:55.000Z,34,10-Q,001-11421,241000689,,XBRL,4449370,1,1,,dg-20240503x10q.htm,10-Q
0001062993-24-011575,2024-05-31,2024-05-30,2024-05-31T21:56:53.000Z,,4,,,,4,6003,0,0,,xslF345X05/form4.xml,STATEMENT OF CHANGES IN BENEFICIAL OWNERSHIP OF SECURITIES
0001062993-24-011577,2024-05-31,2024-05-30,2024-05-31T22:04:24.000Z,,4,,,,4,5556,0,0,,xslF345X05/form4.xml,STATEMENT OF CHANGES IN BENEFICIAL OWNERSHIP OF SECURITIES
0001062993-24-011579,2024-05-31,2024-05-30,2024-05-31T22:07:43.000Z,,4,,,,4,4647,0,0,,xslF345X05/form4.xml,STATEMENT OF CHANGES IN BENEFICIAL OWNERSHIP OF SECURITIES
0001062993-24-011581,2024-05-31,2024-05-30,2024-05-31T22:13:03.000Z,,4,,,,4,4653,0,0,,xslF345X05/form4.xml,STATEMENT OF CHANGES IN BENEFICIAL OWNERSHIP OF SECURITIES
0001562230-24-000019,2024-07-09,,2024-07-09T17:49:03.000Z,34,SC 13G/A,005-40997,241107118,,SC 13G/A,18406,0,0,,SEC13G_Filing.htm,SEC SCHEDULE 13G
0000080255-24-000867,2024-08-12,,2024-08-12T15:53:42.000Z,34,SC 13G/A,005-40997,,,SC 13G/A,6610,0,0,,dg13gajul24.txt,
0001104659-24-089706,2024-08-14,2024-08-12,2024-08-14T20:51:41.000Z,34,8-K,001-11421,241209096,"5.02,9.01",XBRL,211733,1,1,,tm2421725d1_8k.htm,FORM 8-K
0001062993-24-015206,2024-08-15,2024-08-12,2024-08-15T22:35:55.000Z,,3,,,,3,6158,0,0,,xslF345X02/form3.xml,INITIAL STATEMENT OF BENEFICIAL OWNERSHIP OF SECURITIES
0001104659-24-094354,2024-08-29,2024-08-27,2024-08-29T10:52:58.000Z,34,8-K,001-11421,241258497,"2.02,5.02,7.01,9.01",XBRL,539168,1,1,,tm2422849d1_8k.htm,EXHIBIT 8-K
0001558370-24-012525,2024-08-29,2024-08-02,2024-08-29T10:59:17.000Z,34,10-Q,001-11421,241258526,,XBRL,4844027,1,1,,dg-20240802x10q.htm,10-Q
0001062993-24-015860,2024-08-29,2024-08-27,2024-08-29T19:00:33.000Z,,4,,,,4,4733,0,0,,xslF345X05/form4.xml,STATEMENT OF CHANGES IN BENEFICIAL OWNERSHIP OF SECURITIES
0001062993-24-015917,2024-08-30,2024-08-28,2024-08-30T18:19:43.000Z,,4,,,,4,5948,0,0,,xslF345X05/form4.xml,STATEMENT OF CHANGES IN BENEFICIAL OWNERSHIP OF SECURITIES
0001104659-24-096418,2024-09-03,2024-09-03,2024-09-03T21:00:32.000Z,34,8-K,001-11421,241274860,"1.01,1.02,2.03,9.01",XBRL,1021120,1,1,,tm2423136d1_8k.htm,FORM 8-K
0001062993-24-016323,2024-09-09,2024-09-05,2024-09-09T22:04:41.000Z,,4,,,,4,6161,0,0,,xslF345X05/form4.xml,STATEMENT OF CHANGES IN BENEFICIAL OWNERSHIP OF SECURITIES
0001062993-24-016505,2024-09-12,2024-09-10,2024-09-12T15:34:23.000Z,,4,,,,4,7150,0,0,,xslF345X05/form4.xml,STATEMENT OF CHANGES IN BENEFICIAL OWNERSHIP OF SECURITIES
0001950047-24-006986,2024-09-12,,2024-09-12T20:15:34.000Z,33,144,001-11421,241295136,,144,4795,0,0,,xsl144X01/primary_doc.xml,
0001062993-24-016567,2024-09-13,2024-09-12,2024-09-13T19:09:05.000Z,,4,,,,4,11991,0,0,,xslF345X05/form4.xml,STATEMENT OF CHANGES IN BENEFICIAL OWNERSHIP OF SECURITIES
0001950047-24-007214,2024-09-18,,2024-09-18T20:13:40.000Z,33,144,001-11421,241307599,,144,10415,0,0,,xsl144X01/primary_doc.xml,
0001062993-24-016770,2024-09-19,2024-09-18,2024-09-19T16:52:34.000Z,,4,,,,4,5081,0,0,,xslF345X05/form4.xml,STATEMENT OF CHANGES IN BENEFICIAL OWNERSHIP OF SECURITIES
0000080255-24-000894,2024-11-07,,2024-11-07T17:36:32.000Z,34,SC 13G/A,005-40997,,,SC 13G/A,6607,0,0,,dg13gasep24.txt,
0000080255-24-000902,2024-11-07,,2024-11-07T17:50:41.000Z,34,SC 13G/A,005-40997,,,SC 13G/A,6799,0,0,,dg13gaoct24.txt,
0001562230-24-000054,2024-11-13,,2024-11-13T15:22:19.000Z,34,SC 13G/A,005-40997,241451776,,SC 13G/A,18412,0,0,,SEC13G_Filing.htm,SEC SCHEDULE 13G
0001422849-24-000092,2024-11-13,,2024-11-13T17:54:34.000Z,34,SC 13G/A,005-40997,241452770,,SC 13G/A,18262,0,0,,SEC13G_Filing.htm,SEC SCHEDULE 13G
0000080255-24-001404,2024-11-14,,2024-11-14T18:22:35.000Z,34,SC 13G/A,005-40997,,,SC 13G/A,6610,0,0,,dg13gasep24.txt,
0001104659-24-125759,2024-12-05,2024-12-05,2024-12-05T11:59:23.000Z,34,8-K,001-11421,241527798,"2.02,7.01,9.01",XBRL,474430,1,1,,tm2429662d1_8k.htm,FORM 8-K
0001558370-24-016024,2024-12-05,2024-11-01,2024-12-05T12:05:32.000Z,34,10-Q,001-11421,241527815,,XBRL,4791340,1,1,,dg-20241101x10q.htm,10-Q
0001950047-24-009619,2024-12-10,,2024-12-10T21:18:24.000Z,33,144,001-11421,241538714,,144,4809,0,0,,xsl144X01/primary_doc.xml,
0001062993-24-020436,2024-12-11,2024-12-10,2024-12-11T21:22:19.000Z,,4,,,,4,8671,0,0,,xslF345X05/form4.xml,STATEMENT OF CHANGES IN BENEFICIAL OWNERSHIP OF SECURITIES
0001950047-24-009780,2024-12-13,,2024-12-13T21:09:19.000Z,33,144,001-11421,241548415,,144,5444,0,0,,xsl144X01/primary_doc.xml,
0001062993-24-020673,2024-12-16,2024-12-13,2024-12-16T22:27:38.000Z,,4,,,,4,5076,0,0,,xslF345X05/form4.xml,STATEMENT OF CHANGES IN BENEFICIAL OWNERSHIP OF SECURITIES
0001949846-24-000841,2024-12-31,,2024-12-31T20:28:11.000Z,33,144,001-11421,241592720,,144,5641,0,0,,xsl144X01/primary_doc.xml,
0001062993-25-000116,2025-01-03,2024-12-31,2025-01-03T20:44:20.000Z,,4,,,,4,14399,0,0,,xslF345X05/form4.xml,STATEMENT OF CHANGES IN BENEFICIAL OWNERSHIP OF SECURITIES
0001027796-25-000009,2025-01-30,,2025-01-30T15:17:35.000Z,34,SCHEDULE 13G,005-40997,25571542,,SCHEDULE 13G,6951,0,0,,xslSCHEDULE_13G_X01/primary_doc.xml,
0001062993-25-001458,2025-02-03,2025-02-03,2025-02-03T17:48:51.000Z,,4,,,,4,5159,0,0,,xslF345X05/form4.xml,STATEMENT OF CHANGES IN BENEFICIAL OWNERSHIP OF SECURITIES
0001062993-25-002012,2025-02-10,2025-02-01,2025-02-11T00:25:33.000Z,,3,,,,3,18316,0,0,,xslF345X02/form3.xml,INITIAL STATEMENT OF BENEFICIAL OWNERSHIP OF SECURITIES
0001562230-25-000056,2025-02-14,,2025-02-14T19:59:32.000Z,34,SCHEDULE 13G/A,005-40997,25627255,,SCHEDULE 13G/A,7664,0,0,,xslSCHEDULE_13G_X01/primary_doc.xml,
0001062993-25-005054,2025-03-10,2025-03-07,2025-03-10T23:39:46.000Z,,4,,,,4,8333,0,0,,xslF345X05/form4.xml,STATEMENT OF CHANGES IN BENEFICIAL OWNERSHIP OF SECURITIES
0001104659-25-023210,2025-03-13,2025-03-11,2025-03-13T10:57:26.000Z,34,8-K,001-11421,25733796,"1.01,2.02,7.01,9.01",XBRL,540785,1,1,,tm258818d1_8k.htm,FORM 8-K
0001558370-25-003413,2025-03-21,2025-01-31,2025-03-21T10:24:14.000Z,34,10-K,001-11421,25758463,,XBRL,11149498,1,1,,dg-20250131x10k.htm,10-K
0001062993-25-006348,2025-03-27,2025-03-25,2025-03-27T15:15:57.000Z,,4,,,,4,4978,0,0,,xslF345X05/form4.xml,STATEMENT OF CHANGES IN BENEFICIAL OWNERSHIP OF SECURITIES
0001062993-25-006350,2025-03-27,2025-03-25,2025-03-27T15:20:29.000Z,,4,,,,4,4860,0,0,,xslF345X05/form4.xml,STATEMENT OF CHANGES IN BENEFICIAL OWNERSHIP OF SECURITIES
0001062993-25-006352,2025-03-27,2025-03-25,2025-03-27T15:24:36.000Z,,4,,,,4,5531,0,0,,xslF345X05/form4.xml,STATEMENT OF CHANGES IN BENEFICIAL OWNERSHIP OF SECURITIES
0001062993-25-006354,2025-03-27,2025-03-25,2025-03-27T15:27:57.000Z,,4,,,,4,4862,0,0,,xslF345X05/form4.xml,STATEMENT OF CHANGES IN BENEFICIAL OWNERSHIP OF SECURITIES
0001062993-25-006356,2025-03-27,2025-03-25,2025-03-27T15:32:43.000Z,,4,,,,4,4856,0,0,,xslF345X05/form4.xml,STATEMENT OF CHANGES IN BENEFICIAL OWNERSHIP OF SECURITIES
0001062993-25-006358,2025-03-27,2025-03-25,2025-03-27T15:36:07.000Z,,4,,,,4,4847,0,0,,xslF345X05/form4.xml,STATEMENT OF CHANGES IN BENEFICIAL OWNERSHIP OF SECURITIES
0001062993-25-006360,2025-03-27,2025-03-25,2025-03-27T15:41:18.000Z,,4,,,,4,4860,0,0,,xslF345X05/form4.xml,STATEMENT OF CHANGES IN BENEFICIAL OWNERSHIP OF SECURITIES
0001062993-25-006362,2025-03-27,2025-03-25,2025-03-27T15:47:02.000Z,,4,,,,4,4842,0,0,,xslF345X05/form4.xml,STATEMENT OF CHANGES IN BENEFICIAL OWNERSHIP OF SECURITIES
0001062993-25-006364,2025-03-27,2025-03-25,2025-03-27T15:51:23.000Z,,4,,,,4,4860,0,0,,xslF345X05/form4.xml,STATEMENT OF CHANGES IN BENEFICIAL OWNERSHIP OF SECURITIES
0001062993-25-006931,2025-04-03,2025-04-01,2025-04-03T16:09:14.000Z,,4,,,,4,5171,0,0,,xslF345X05/form4.xml,STATEMENT OF CHANGES IN BENEFICIAL OWNERSHIP OF SECURITIES
0001062993-25-006937,2025-04-03,2025-04-01,2025-04-03T16:14:52.000Z,,4,,,,4,5047,0,0,,xslF345X05/form4.xml,STATEMENT OF CHANGES IN BENEFICIAL OWNERSHIP OF SECURITIES
0001062993-25-006939,2025-04-03,2025-04-01,2025-04-03T16:22:53.000Z,,4,,,,4,5754,0,0,,xslF345X05/form4.xml,STATEMENT OF CHANGES IN BENEFICIAL OWNERSHIP OF SECURITIES
0001062993-25-006941,2025-04-03,2025-04-01,2025-04-03T16:27:50.000Z,,4,,,,4,4864,0,0,,xslF345X05/form4.xml,STATEMENT OF CHANGES IN BENEFICIAL OWNERSHIP OF SECURITIES
0001062993-25-006943,2025-04-03,2025-04-01,2025-04-03T16:31:56.000Z,,4,,,,4,4858,0,0,,xslF345X05/form4.xml,STATEMENT OF CHANGES IN BENEFICIAL OWNERSHIP OF SECURITIES
0001062993-25-006945,2025-04-03,2025-04-01,2025-04-03T16:37:39.000Z,,4,,,,4,4846,0,0,,xslF345X05/form4.xml,STATEMENT OF CHANGES IN BENEFICIAL OWNERSHIP OF SECURITIES
0001062993-25-006947,2025-04-03,2025-04-01,2025-04-03T16:43:58.000Z,,4,,,,4,4862,0,0,,xslF345X05/form4.xml,STATEMENT OF CHANGES IN BENEFICIAL OWNERSHIP OF SECURITIES
0001062993-25-006949,2025-04-03,2025-04-01,2025-04-03T16:48:27.000Z,,4,,,,4,5038,0,0,,xslF345X05/form4.xml,STATEMENT OF CHANGES IN BENEFICIAL OWNERSHIP OF SECURITIES
0001062993-25-006951,2025-04-03,2025-04-01,2025-04-03T16:53:29.000Z,,4,,,,4,5076,0,0,,xslF345X05/form4.xml,STATEMENT OF CHANGES IN BENEFICIAL OWNERSHIP OF SECURITIES
0001950047-25-002386,2025-04-04,,2025-04-04T21:07:18.000Z,33,144,001-11421,25815700,,144,4838,0,0,,xsl144X01/primary_doc.xml,
0001062993-25-007189,2025-04-08,2025-04-04,2025-04-08T15:26:16.000Z,,4,,,,4,5066,0,0,,xslF345X05/form4.xml,STATEMENT OF CHANGES IN BENEFICIAL OWNERSHIP OF SECURITIES
0001104659-25-033041,2025-04-08,2025-05-29,2025-04-08T20:20:30.000Z,34,DEF 14A,001-11421,25822231,,XBRL,6566130,1,1,,tm2416441-2_def14a.htm,DEF 14A
0001104659-25-033066,2025-04-08,2024-12-31,2025-04-08T20:37:15.000Z,34,ARS,001-11421,25822451,,ARS,3109029,0,0,,tm255785d2_ars.pdf,ARS
0001104659-25-033069,2025-04-08,,2025-04-08T20:42:45.000Z,34,DEFA14A,001-11421,25822501,,DEFA14A,494867,0,0,,tm2416441d3_defa14a.htm,DEFA14A
0001214659-25-005607,2025-04-09,,2025-04-08T21:37:38.000Z,34,PX14A6G,001-11421,25823106,,PX14A6G,58134,0,0,,o48254px14a6g.htm,
0001214659-25-005968,2025-04-16,,2025-04-16T15:46:18.000Z,34,PX14A6G,001-11421,25841762,,PX14A6G,65138,0,0,,i415250px14a6g.htm,
0001576419-25-000728,2025-04-17,,2025-04-17T13:35:34.000Z,34,SCHEDULE 13G/A,005-40997,25844664,,SCHEDULE 13G/A,11395,0,0,,xslSCHEDULE_13G_X01/primary_doc.xml,
0001214659-25-007059,2025-05-07,,2025-05-07T15:10:44.000Z,34,PX14A6G,001-11421,25919986,,PX14A6G,67397,0,0,,u56252px14a6g.htm,
0001062993-25-010501,2025-05-29,2025-05-28,2025-05-29T23:42:19.000Z,,4,,,,4,8054,0,0,,xslF345X05/form4.xml,STATEMENT OF CHANGES IN BENEFICIAL OWNERSHIP OF SECURITIES
0001062993-25-010503,2025-05-29,2025-05-28,2025-05-29T23:45:22.000Z,,4,,,,4,5103,0,0,,xslF345X05/form4.xml,STATEMENT OF CHANGES IN BENEFICIAL OWNERSHIP OF SECURITIES
0001062993-25-010505,2025-05-29,2025-05-28,2025-05-29T23:49:04.000Z,,4,,,,4,6647,0,0,,xslF345X05/form4.xml,STATEMENT OF CHANGES IN BENEFICIAL OWNERSHIP OF SECURITIES
0001062993-25-010507,2025-05-29,2025-05-28,2025-05-29T23:52:01.000Z,,4,,,,4,6659,0,0,,xslF345X05/form4.xml,STATEMENT OF CHANGES IN BENEFICIAL OWNERSHIP OF SECURITIES
0001062993-25-010509,2025-05-29,2025-05-28,2025-05-29T23:54:52.000Z,,4,,,,4,5234,0,0,,xslF345X05/form4.xml,STATEMENT OF CHANGES IN BENEFICIAL OWNERSHIP OF SECURITIES
0001062993-25-010511,2025-05-29,2025-05-28,2025-05-29T23:57:48.000Z,,4,,,,4,5237,0,0,,xslF345X05/form4.xml,STATEMENT OF CHANGES IN BENEFICIAL OWNERSHIP OF SECURITIES
0001062993-25-010513,2025-05-29,2025-05-28,2025-05-30T00:01:56.000Z,,4,,,,4,6779,0,0,,xslF345X05/form4.xml,STATEMENT OF CHANGES IN BENEFICIAL OWNERSHIP OF SECURITIES
0001062993-25-010518,2025-05-29,2025-05-28,2025-05-30T00:34:57.000Z,,4,,,,4,5079,0,0,,xslF345X05/form4.xml,STATEMENT OF CHANGES IN BENEFICIAL OWNERSHIP OF SECURITIES
0001104659-25-055706,2025-06-03,2025-05-29,2025-06-03T10:59:28.000Z,34,8-K,001-11421,251017127,"2.02,5.07,7.01,9.01",XBRL,450568,1,1,,tm2516684d1_8k.htm,FORM 8-K
0001558370-25-008354,2025-06-03,2025-05-02,2025-06-03T11:03:54.000Z,34,10-Q,001-11421,251017142,,XBRL,4537589,1,1,,dg-20250502x10q.htm,10-Q
0001950047-25-004234,2025-06-12,,2025-06-12T20:21:19.000Z,33,144,001-11421,251042984,,144,19096,0,0,,xsl144X01/primary_doc.xml,
0001062993-25-011723,2025-06-16,2025-06-12,2025-06-16T16:38:18.000Z,,4,,,,4,10557,0,0,,xslF345X05/form4.xml,STATEMENT OF CHANGES IN BENEFICIAL OWNERSHIP OF SECURITIES
0001950047-25-004413,2025-06-17,,2025-06-17T20:03:38.000Z,33,144,001-11421,251053277,,144,5550,0,0,,xsl144X01/primary_doc.xml,
0001062993-25-011870,2025-06-18,2025-06-17,2025-06-18T15:34:04.000Z,,4,,,,4,5072,0,0,,xslF345X05/form4.xml,STATEMENT OF CHANGES IN BENEFICIAL OWNERSHIP OF SECURITIES
0001104659-25-068367,2025-07-16,2025-07-11,2025-07-16T21:00:44.000Z,34,8-K,001-11421,251127987,"5.02,9.01",XBRL,191221,1,1,,tm2521005d1_8k.htm,FORM 8-K
0001104659-25-080921,2025-08-20,2025-08-19,2025-08-20T20:20:44.000Z,34,8-K,001-11421,251237078,"5.02,7.01,9.01",XBRL,226362,1,1,,tm2523805d1_8k.htm,FORM 8-K
0001104659-25-084297,2025-08-28,2025-08-28,2025-08-28T10:55:16.000Z,34,8-K,001-11421,251267433,"2.02,7.01,9.01",XBRL,409033,1,1,,tm2524307d1_8k.htm,FORM 8-K
0001558370-25-011786,2025-08-28,2025-08-01,2025-08-28T11:04:37.000Z,34,10-Q,001-11421,251267501,,XBRL,5269746,1,1,,dg-20250801x10q.htm,10-Q
0001062993-25-015051,2025-08-28,2025-08-27,2025-08-28T20:54:59.000Z,,4,,,,4,4943,0,0,,xslF345X05/form4.xml,STATEMENT OF CHANGES IN BENEFICIAL OWNERSHIP OF SECURITIES
0001950047-25-007892,2025-10-10,,2025-10-10T20:03:50.000Z,33,144,001-11421,251388110,,144,7427,0,0,,xsl144X01/primary_doc.xml,
0000029534-25-000007,2025-10-27,2025-10-20,2025-10-27T19:12:10.000Z,,3,,,,3,7759,0,0,,xslF345X02/form3.xml,INITIAL STATEMENT OF BENEFICIAL OWNERSHIP OF SECURITIES
0001104659-25-111359,2025-11-13,2025-11-12,2025-11-13T21:25:16.000Z,34,8-K,001-11421,251478933,"5.02,7.01,9.01",XBRL,240241,1,1,,tm2530935d1_8k.htm,FORM 8-K
0001104659-25-113199,2025-11-17,2025-11-12,2025-11-17T21:17:47.000Z,34,8-K/A,001-11421,251491273,"5.02,9.01",XBRL,208527,1,1,,tm2531391d1_8ka.htm,8-K/A
0000029534-25-000009,2025-11-18,2025-11-16,2025-11-18T19:39:44.000Z,,3,,,,3,18111,0,0,,xslF345X02/form3.xml,INITIAL STATEMENT OF BENEFICIAL OWNERSHIP OF SECURITIES
0001104659-25-118286,2025-12-04,2025-12-04,2025-12-04T11:53:11.000Z,34,8-K,001-11421,251548238,"2.02,7.01,9.01",XBRL,455365,1,1,,tm2532496d1_8k.htm,FORM 8-K
0001104659-25-118289,2025-12-04,2025-10-31,2025-12-04T12:03:00.000Z,34,10-Q,001-11421,251548251,,XBRL,5638248,1,1,,dg-20251031x10q.htm,10-Q
0001950047-25-009895,2025-12-08,,2025-12-08T21:16:20.000Z,33,144,001-11421,251556299,,144,5392,0,0,,xsl144X01/primary_doc.xml,
0000029534-25-000011,2025-12-10,2025-12-08,2025-12-10T16:57:27.000Z,,4,,,,4,4876,0,0,,xslF345X05/form4.xml,STATEMENT OF CHANGES IN BENEFICIAL OWNERSHIP OF SECURITIES
0000029534-25-000013,2025-12-10,2025-12-08,2025-12-10T17:11:39.000Z,,4,,,,4,6585,0,0,,xslF345X05/form4.xml,STATEMENT OF CHANGES IN BENEFICIAL OWNERSHIP OF SECURITIES
0000029534-25-000015,2025-12-10,2025-12-08,2025-12-10T17:17:40.000Z,,4,,,,4,5077,0,0,,xslF345X05/form4.xml,STATEMENT OF CHANGES IN BENEFICIAL OWNERSHIP OF SECURITIES
0000029534-25-000017,2025-12-10,2025-12-08,2025-12-10T17:21:58.000Z,,4,,,,4,4888,0,0,,xslF345X05/form4.xml,STATEMENT OF CHANGES IN BENEFICIAL OWNERSHIP OF SECURITIES
0001950047-25-010093,2025-12-10,,2025-12-10T21:20:00.000Z,33,144,001-11421,251562254,,144,5403,0,0,,xsl144X01/primary_doc.xml,
0001950047-25-010142,2025-12-11,,2025-12-11T21:19:37.000Z,33,144,001-11421,251565230,,144,11665,0,0,,xsl144X01/primary_doc.xml,
0001950047-25-010249,2025-12-12,,2025-12-12T21:34:05.000Z,33,144,001-11421,251568631,,144,4794,0,0,,xsl144X01/primary_doc.xml,
0000029534-25-000019,2025-12-12,2025-12-11,2025-12-12T22:16:21.000Z,,4,,,,4,5077,0,0,,xslF345X05/form4.xml,STATEMENT OF CHANGES IN BENEFICIAL OWNERSHIP OF SECURITIES
0000029534-25-000021,2025-12-12,2025-12-10,2025-12-12T22:31:58.000Z,,4,,,,4,14785,0,0,,xslF345X05/form4.xml,STATEMENT OF CHANGES IN BENEFICIAL OWNERSHIP OF SECURITIES
0000029534-25-000023,2025-12-15,2025-12-12,2025-12-15T22:35:37.000Z,,4,,,,4,8626,0,0,,xslF345X05/form4.xml,STATEMENT OF CHANGES IN BENEFICIAL OWNERSHIP OF SECURITIES
0001950047-25-010373,2025-12-16,,2025-12-16T21:03:30.000Z,33,144,001-11421,251575104,,144,4788,0,0,,xsl144X01/primary_doc.xml,
0001950047-25-010380,2025-12-16,,2025-12-16T21:13:30.000Z,33,144,001-11421,251575391,,144,5439,0,0,,xsl144X01/primary_doc.xml,
0000029534-25-000025,2025-12-17,2025-12-16,2025-12-17T21:27:31.000Z,,4,,,,4,5059,0,0,,xslF345X05/form4.xml,STATEMENT OF CHANGES IN BENEFICIAL OWNERSHIP OF SECURITIES
0000029534-25-000027,2025-12-17,2025-12-16,2025-12-17T21:38:41.000Z,,4,,,,4,9175,0,0,,xslF345X05/form4.xml,STATEMENT OF CHANGES IN BENEFICIAL OWNERSHIP OF SECURITIES
0001950047-25-010529,2025-12-18,,2025-12-18T22:07:47.000Z,33,144,001-11421,251583902,,144,6670,0,0,,xsl144X01/primary_doc.xml,
0001950047-25-010574,2025-12-19,,2025-12-19T21:29:28.000Z,33,144,001-11421,251587925,,144,4797,0,0,,xsl144X01/primary_doc.xml,
0000029534-25-000029,2025-12-19,2025-12-19,2025-12-19T22:18:54.000Z,,4,,,,4,12227,0,0,,xslF345X05/form4.xml,STATEMENT OF CHANGES IN BENEFICIAL OWNERSHIP OF SECURITIES
0001027796-26-000004,2026-01-20,,2026-01-20T12:53:41.000Z,34,SCHEDULE 13G/A,005-40997,26541150,,SCHEDULE 13G/A,7111,0,0,,xslSCHEDULE_13G_X01/primary_doc.xml,
0001104659-26-009777,2026-02-03,2026-01-28,2026-02-03T21:44:15.000Z,34,8-K,001-11421,26593917,"5.02,7.01,9.01",XBRL,214287,1,1,,tm264806d1_8k.htm,FORM 8-K
0000029534-26-000002,2026-02-04,2026-02-04,2026-02-04T16:47:01.000Z,,4,,,,4,5265,0,0,,xslF345X05/form4.xml,STATEMENT OF CHANGES IN BENEFICIAL OWNERSHIP OF SECURITIES
0000093751-26-000042,2026-02-09,,2026-02-09T11:32:02.000Z,34,SCHEDULE 13G,005-40997,26609525,,SCHEDULE 13G,8304,0,0,,xslSCHEDULE_13G_X01/primary_doc.xml,
0001104659-26-026697,2026-03-12,2026-03-12,2026-03-12T11:00:18.000Z,34,8-K,001-11421,26745601,"2.02,7.01,9.01",XBRL,442011,1,1,,tm268519d1_8k.htm,FORM 8-K
0000029534-26-000004,2026-03-12,2026-03-10,2026-03-12T15:28:00.000Z,,4,,,,4,5199,0,0,,xslF345X05/form4.xml,STATEMENT OF CHANGES IN BENEFICIAL OWNERSHIP OF SECURITIES
0000029534-26-000006,2026-03-12,2026-03-10,2026-03-12T15:32:28.000Z,,4,,,,4,5882,0,0,,xslF345X05/form4.xml,STATEMENT OF CHANGES IN BENEFICIAL OWNERSHIP OF SECURITIES
0000029534-26-000008,2026-03-12,2026-03-10,2026-03-12T15:36:07.000Z,,4,,,,4,5215,0,0,,xslF345X05/form4.xml,STATEMENT OF CHANGES IN BENEFICIAL OWNERSHIP OF SECURITIES
0000029534-26-000010,2026-03-12,2026-03-10,2026-03-12T15:38:41.000Z,,4,,,,4,5201,0,0,,xslF345X05/form4.xml,STATEMENT OF CHANGES IN BENEFICIAL OWNERSHIP OF SECURITIES
0000029534-26-000012,2026-03-12,2026-03-10,2026-03-12T15:42:02.000Z,,4,,,,4,5213,0,0,,xslF345X05/form4.xml,STATEMENT OF CHANGES IN BENEFICIAL OWNERSHIP OF SECURITIES
0000029534-26-000014,2026-03-12,2026-03-10,2026-03-12T15:45:55.000Z,,4,,,,4,10560,0,0,,xslF345X05/form4.xml,STATEMENT OF CHANGES IN BENEFICIAL OWNERSHIP OF SECURITIES
0000029534-26-000016,2026-03-12,2026-03-10,2026-03-12T15:48:32.000Z,,4,,,,4,5205,0,0,,xslF345X05/form4.xml,STATEMENT OF CHANGES IN BENEFICIAL OWNERSHIP OF SECURITIES
0000029534-26-000018,2026-03-12,2026-03-10,2026-03-12T15:52:02.000Z,,4,,,,4,5210,0,0,,xslF345X05/form4.xml,STATEMENT OF CHANGES IN BENEFICIAL OWNERSHIP OF SECURITIES
0001104659-26-032325,2026-03-20,2026-01-30,2026-03-20T10:11:57.000Z,34,10-K,001-11421,26776010,,XBRL,11262478,1,1,,dg-20260130x10k.htm,10-K
0001104659-26-033643,2026-03-24,2026-03-20,2026-03-24T13:07:37.000Z,34,8-K,001-11421,26784333,"5.02,7.01,9.01",XBRL,578244,1,1,,tm269511d1_8k.htm,FORM 8-K
0000102909-26-001170,2026-03-26,,2026-03-26T22:05:47.000Z,34,SCHEDULE 13G/A,005-40997,26799937,,SCHEDULE 13G/A,7260,0,0,,xslSCHEDULE_13G_X02/primary_doc.xml,
0000029534-26-000030,2026-03-30,2026-03-26,2026-03-30T21:28:58.000Z,,4,,,,4,4980,0,0,,xslF345X06/form4.xml,STATEMENT OF CHANGES IN BENEFICIAL OWNERSHIP OF SECURITIES
0000029534-26-000029,2026-03-30,2026-03-26,2026-03-30T21:29:02.000Z,,4,,,,4,5469,0,0,,xslF345X06/form4.xml,STATEMENT OF CHANGES IN BENEFICIAL OWNERSHIP OF SECURITIES
0000029534-26-000031,2026-03-30,2026-03-26,2026-03-30T21:29:10.000Z,,4,,,,4,4978,0,0,,xslF345X06/form4.xml,STATEMENT OF CHANGES IN BENEFICIAL OWNERSHIP OF SECURITIES
0000029534-26-000032,2026-03-30,2026-03-26,2026-03-30T21:29:12.000Z,,4,,,,4,5667,0,0,,xslF345X06/form4.xml,STATEMENT OF CHANGES IN BENEFICIAL OWNERSHIP OF SECURITIES
0000029534-26-000033,2026-03-30,2026-03-26,2026-03-30T21:29:17.000Z,,4,,,,4,4995,0,0,,xslF345X06/form4.xml,STATEMENT OF CHANGES IN BENEFICIAL OWNERSHIP OF SECURITIES
0000029534-26-000034,2026-03-30,2026-03-26,2026-03-30T21:29:24.000Z,,4,,,,4,4981,0,0,,xslF345X06/form4.xml,STATEMENT OF CHANGES IN BENEFICIAL OWNERSHIP OF SECURITIES
0000029534-26-000035,2026-03-30,2026-03-26,2026-03-30T21:29:32.000Z,,4,,,,4,4993,0,0,,xslF345X06/form4.xml,STATEMENT OF CHANGES IN BENEFICIAL OWNERSHIP OF SECURITIES
0000029534-26-000036,2026-03-30,2026-03-26,2026-03-30T21:29:41.000Z,,4,,,,4,4983,0,0,,xslF345X06/form4.xml,STATEMENT OF CHANGES IN BENEFICIAL OWNERSHIP OF SECURITIES
0000029534-26-000037,2026-03-30,2026-03-26,2026-03-30T21:30:00.000Z,,4,,,,4,4992,0,0,,xslF345X06/form4.xml,STATEMENT OF CHANGES IN BENEFICIAL OWNERSHIP OF SECURITIES
0000029534-26-000038,2026-03-30,2026-03-26,2026-03-30T21:30:04.000Z,,4,,,,4,4993,0,0,,xslF345X06/form4.xml,STATEMENT OF CHANGES IN BENEFICIAL OWNERSHIP OF SECURITIES
0000029534-26-000047,2026-04-03,2026-04-01,2026-04-03T14:28:03.000Z,,4,,,,4,5151,0,0,,xslF345X06/form4.xml,STATEMENT OF CHANGES IN BENEFICIAL OWNERSHIP OF SECURITIES
0000029534-26-000048,2026-04-03,2026-04-01,2026-04-03T14:28:55.000Z,,4,,,,4,5896,0,0,,xslF345X06/form4.xml,STATEMENT OF CHANGES IN BENEFICIAL OWNERSHIP OF SECURITIES
0000029534-26-000049,2026-04-03,2026-04-01,2026-04-03T14:29:41.000Z,,4,,,,4,5164,0,0,,xslF345X06/form4.xml,STATEMENT OF CHANGES IN BENEFICIAL OWNERSHIP OF SECURITIES
0000029534-26-000050,2026-04-03,2026-04-01,2026-04-03T14:30:42.000Z,,4,,,,4,5150,0,0,,xslF345X06/form4.xml,STATEMENT OF CHANGES IN BENEFICIAL OWNERSHIP OF SECURITIES
0000029534-26-000051,2026-04-03,2026-04-01,2026-04-03T14:31:40.000Z,,4,,,,4,5165,0,0,,xslF345X06/form4.xml,STATEMENT OF CHANGES IN BENEFICIAL OWNERSHIP OF SECURITIES
0000029534-26-000052,2026-04-03,2026-04-01,2026-04-03T14:32:26.000Z,,4,,,,4,5183,0,0,,xslF345X06/form4.xml,STATEMENT OF CHANGES IN BENEFICIAL OWNERSHIP OF SECURITIES
0000029534-26-000053,2026-04-03,2026-04-01,2026-04-03T14:33:07.000Z,,4,,,,4,5219,0,0,,xslF345X06/form4.xml,STATEMENT OF CHANGES IN BENEFICIAL OWNERSHIP OF SECURITIES
0000029534-26-000054,2026-04-03,2026-04-01,2026-04-03T14:34:12.000Z,,4,,,,4,5221,0,0,,xslF345X06/form4.xml,STATEMENT OF CHANGES IN BENEFICIAL OWNERSHIP OF SECURITIES
0001104659-26-040394,2026-04-07,2026-05-28,2026-04-07T20:17:35.000Z,34,DEF 14A,001-11421,26845151,,XBRL,6886870,1,1,1.0,tm261322-1_def14a.htm,DEF 14A
0001104659-26-040416,2026-04-07,2026-01-30,2026-04-07T20:29:32.000Z,34,ARS,001-11421,26845298,,ARS,20008970,0,0,0.0,tm265050d2_ars.pdf,ARS
0001104659-26-040439,2026-04-07,,2026-04-07T20:43:38.000Z,34,DEFA14A,001-11421,26845479,,DEFA14A,511968,0,0,0.0,tm261322d4_defa14a.htm,DEFA14A
0002100119-26-000419,2026-04-29,,2026-04-29T22:16:52.000Z,34,SCHEDULE 13G,005-40997,26918633,,SCHEDULE 13G,7500,0,0,0.0,xslSCHEDULE_13G_X02/primary_doc.xml,
0001214659-26-006638,2026-05-21,,2026-05-21T18:57:48.000Z,34,PX14A6G,001-11421,261007972,,PX14A6G,70464,0,0,0.0,y521260px14a6g.htm,
0000029534-26-000056,2026-05-29,2026-05-28,2026-05-29T20:29:18.000Z,,4,,,,4,6604,0,0,0.0,xslF345X06/form4.xml,STATEMENT OF CHANGES IN BENEFICIAL OWNERSHIP OF SECURITIES
0000029534-26-000058,2026-05-29,2026-05-28,2026-05-29T20:32:41.000Z,,4,,,,4,5294,0,0,0.0,xslF345X06/form4.xml,STATEMENT OF CHANGES IN BENEFICIAL OWNERSHIP OF SECURITIES
0000029534-26-000060,2026-05-29,2026-05-28,2026-05-29T20:35:55.000Z,,4,,,,4,6839,0,0,0.0,xslF345X06/form4.xml,STATEMENT OF CHANGES IN BENEFICIAL OWNERSHIP OF SECURITIES
0000029534-26-000062,2026-05-29,2026-05-28,2026-05-29T20:43:03.000Z,,4,,,,4,6798,0,0,0.0,xslF345X06/form4.xml,STATEMENT OF CHANGES IN BENEFICIAL OWNERSHIP OF SECURITIES
0000029534-26-000064,2026-05-29,2026-05-28,2026-05-29T20:46:43.000Z,,4,,,,4,5318,0,0,0.0,xslF345X06/form4.xml,STATEMENT OF CHANGES IN BENEFICIAL OWNERSHIP OF SECURITIES
0000029534-26-000066,2026-05-29,2026-05-28,2026-05-29T20:49:57.000Z,,4,,,,4,7090,0,0,0.0,xslF345X06/form4.xml,STATEMENT OF CHANGES IN BENEFICIAL OWNERSHIP OF SECURITIES
0000029534-26-000068,2026-05-29,2026-05-28,2026-05-29T20:52:45.000Z,,4,,,,4,6918,0,0,0.0,xslF345X06/form4.xml,STATEMENT OF CHANGES IN BENEFICIAL OWNERSHIP OF SECURITIES
0000029534-26-000070,2026-05-29,2026-05-28,2026-05-29T20:55:19.000Z,,4,,,,4,6766,0,0,0.0,xslF345X06/form4.xml,STATEMENT OF CHANGES IN BENEFICIAL OWNERSHIP OF SECURITIES
0000029534-26-000073,2026-06-01,2026-05-28,2026-06-01T16:32:46.000Z,,3,,,,3,7160,0,0,0.0,xslF345X06/form3.xml,INITIAL STATEMENT OF BENEFICIAL OWNERSHIP OF SECURITIES
0000029534-26-000074,2026-06-01,2026-05-28,2026-06-01T16:37:12.000Z,,4,,,,4,4866,0,0,0.0,xslF345X06/form4.xml,STATEMENT OF CHANGES IN BENEFICIAL OWNERSHIP OF SECURITIES
0001104659-26-069198,2026-06-02,2026-05-28,2026-06-02T10:54:17.000Z,34,8-K,001-11421,261053564,"2.02,5.07,7.01,9.01",XBRL,448470,1,1,0.0,tm2616084d1_8k.htm,FORM 8-K
0001104659-26-069205,2026-06-02,2026-05-01,2026-06-02T11:01:30.000Z,34,10-Q,001-11421,261053573,,XBRL,4415356,1,1,1.0,dg-20260501x10q.htm,10-Q
0002100121-26-000897,2026-07-31,,2026-07-31T15:21:27.000Z,34,SCHEDULE 13G,005-40997,261226566,,SCHEDULE 13G,7467,0,0,0.0,xslSCHEDULE_13G_X02/primary_doc.xml,
0000093751-26-000451,2026-08-07,,2026-08-07T13:24:10.000Z,34,SCHEDULE 13G,005-40997,261251776,,SCHEDULE 13G,8475,0,0,0.0,xslSCHEDULE_13G_X02/primary_doc.xml,
0001104659-26-101918,2026-08-27,2026-08-27,2026-08-27T10:57:04.000Z,34,8-K,001-11421,261324979,"2.02,7.01,9.01",XBRL,479211,1,1,0.0,tm2623914d1_8k.htm,FORM 8-K
0001104659-26-101932,2026-08-27,2026-07-31,2026-08-27T11:04:16.000Z,34,10-Q,001-11421,261324997,,XBRL,5005576,1,1,1.0,dg-20260731x10q.htm,10-Q
0001104659-26-102689,2026-08-28,2026-08-25,2026-08-28T10:58:44.000Z,34,8-K,001-11421,261332904,"5.02,7.01,9.01",XBRL,212470,1,1,0.0,tm2624201d1_8k.htm,FORM 8-K
0001950047-26-009063,2026-09-03,,2026-09-03T20:25:55.000Z,33,144,001-11421,261358693,,144,6066,0,0,0.0,xsl144X01/primary_doc.xml,
0000029534-26-000076,2026-09-03,2026-09-03,2026-09-03T21:09:58.000Z,,4,,,,4,5214,0,0,0.0,xslF345X06/form4.xml,STATEMENT OF CHANGES IN BENEFICIAL OWNERSHIP OF SECURITIES
