accessionNumber,filingDate,reportDate,acceptanceDateTime,act,form,fileNumber,filmNumber,items,core_type,size,isXBRL,isInlineXBRL,isXBRLNumeric,primaryDocument,primaryDocDescription
0000727770-94-000009,1994-02-14,,1994-02-14T05:00:00.000Z,,SC 13G,005-17439,94507102,,SC 13G,13742,0,0,,,13G FORM
0000950123-94-000598,1994-03-25,1993-12-31,1994-03-25T05:00:00.000Z,,10-K,001-02958,94517862,,10-K,177345,0,0,,,"FORM 10-K HUBBELL INCORPORATED, 12/31/93"
0000950123-94-000608,1994-03-25,1994-05-02,1994-03-25T05:00:00.000Z,,DEF 14A,001-02958,94518064,,DEF 14A,113134,0,0,,,"DEFINITIVE PROXY STATEMENT, HUBBEL INCORPORATED"
0000950123-94-000707,1994-04-05,1993-03-31,1994-04-05T04:00:00.000Z,,10-K/A,001-02958,94520292,,10-K/A,5632,0,0,,,AMENDMENT NO. 1 TO FORM 10-K
0000950123-94-000830,1994-04-29,1994-04-19,1994-04-29T04:00:00.000Z,,8-K,001-02958,94525071,"2,7",8-K,236550,0,0,,,FORM 8-K DATED APRIL 19.1994 FOR HUBELL INCORP.
0000950123-94-000875,1994-05-09,1994-03-31,1994-05-09T04:00:00.000Z,,10-Q,001-02958,94526679,,10-Q,60186,0,0,,,HUBBELL INCORPORATED FORM 10-Q
0000950123-94-001293,1994-08-10,1994-06-30,1994-08-10T04:00:00.000Z,,10-Q,001-02958,94542591,,10-Q,35396,0,0,,,HUBBELL INCORPORATED -- FORM 10-Q
0000950123-94-001534,1994-09-23,,1994-09-23T04:00:00.000Z,,S-8,033-55589,94550048,,S-8,25510,0,0,,,FORM S-8 -- HUBBELL INCORPORATED
0000950123-94-001825,1994-11-10,1994-09-30,1994-11-10T05:00:00.000Z,,10-Q,001-02958,94558645,,10-Q,38612,0,0,,,HUBBELL INCORPORATED FORM 10-Q
0000727770-95-000015,1995-02-08,,1995-02-08T05:00:00.000Z,,SC 13G/A,005-17439,95506571,,SC 13G/A,15606,0,0,,,13G FORM
0000950123-95-000656,1995-03-24,1995-05-01,1995-03-24T05:00:00.000Z,,DEF 14A,001-02958,95522938,,DEF 14A,71893,0,0,,,"DEFINITIVE PROXY STATEMENT, HUBBEL INCORPORATED"
0000950123-95-000657,1995-03-24,1994-12-31,1995-03-24T05:00:00.000Z,,10-K405,001-02958,95522940,,10-K405,174081,0,0,,,ANNUAL REPORT
0000950123-95-001256,1995-05-08,,1995-05-08T04:00:00.000Z,,SC 13D,005-17439,95535165,,SC 13D,12760,0,0,,,SCHEDULE 13D
0000950123-95-001290,1995-05-10,1995-03-31,1995-05-10T04:00:00.000Z,,10-Q,001-02958,95536235,,10-Q,33008,0,0,,,HUBBELL INCORPORATED - FORM 10-Q
0000950123-95-002202,1995-08-10,1995-06-30,1995-08-10T04:00:00.000Z,,10-Q,001-02958,95560371,,10-Q,34939,0,0,,,HUBBELL INC.
0000950123-95-002377,1995-08-17,,1995-08-17T04:00:00.000Z,,S-3,033-61909,95565023,,S-3,713907,0,0,,,FORM S-3 -- HUBBELL INCORPORATED
0000950123-95-002731,1995-09-22,,1995-09-22T04:00:00.000Z,,424B3,033-61909,95575640,,424B3,157789,0,0,,,PROSPECTUS SUPPLEMENT TO PROSPECTUS DATED 9/8/95
0000950123-95-002796,1995-10-02,,1995-10-02T04:00:00.000Z,,424B5,033-61909,95578078,,424B5,157517,0,0,,,PROSPECTUS SUPPLEMENT TO PROSPECTUS DATED 9/8/95
0000950123-95-002802,1995-10-04,1995-09-28,1995-10-04T04:00:00.000Z,,8-K,001-02958,95578468,"5,7",8-K,23910,0,0,,,FORM 8-K
0000950123-95-003262,1995-11-13,1995-09-30,1995-11-13T05:00:00.000Z,,10-Q,001-02958,95589474,,10-Q,36861,0,0,,,"FORM 10Q FOR PERIOD ENDED SEPTEMBER 30, 1995"
0000921739-96-000041,1996-02-13,,1996-02-13T05:00:00.000Z,,SC 13G/A,005-17439,96517459,,SC 13G/A,17465,0,0,,,13G FORM
0000950123-96-000734,1996-02-23,1996-05-06,1996-02-23T05:00:00.000Z,,PRE 14A,001-02958,96524641,,PRE 14A,111273,0,0,,,HUBBELL INCORPORATED
0000950123-96-001339,1996-03-27,1996-05-06,1996-03-27T05:00:00.000Z,,DEF 14A,001-02958,96538969,,DEF 14A,110434,0,0,,,DEFINITIVE PROXY STATEMENT
0000950123-96-001346,1996-03-27,1995-12-31,1996-03-27T05:00:00.000Z,,10-K405,001-02958,96539077,,10-K405,178519,0,0,,,ANNUAL REPORT
0000950123-96-002301,1996-05-14,1996-03-31,1996-05-14T04:00:00.000Z,,10-Q,001-02958,96562791,,10-Q,37077,0,0,,,FORM 10-Q / HUBBELL INCORPORATED
0000950123-96-004295,1996-08-12,1996-06-30,1996-08-12T04:00:00.000Z,,10-Q,001-02958,96608935,,10-Q,34097,0,0,,,"FORM 10-Q FOR PERIOD ENDED JUNE 30, 1966"
0000950123-96-006270,1996-11-07,1996-09-30,1996-11-07T05:00:00.000Z,,10-Q,001-02958,96656165,,10-Q,33780,0,0,,,FORM 10-Q
0000950123-96-007429,1996-12-18,,1996-12-18T05:00:00.000Z,,S-4,333-18191,96682893,,S-4,714125,0,0,,,HUBBELL INCORPORATED
0000950123-97-000153,1997-01-09,,1997-01-09T05:00:00.000Z,,S-4/A,333-18191,97503456,,S-4/A,485553,0,0,,,AMENDMENT NO. 1 TO FORM S-4
0000921739-97-000023,1997-02-12,,1997-02-12T05:00:00.000Z,,SC 13G/A,005-17439,97526391,,SC 13G/A,17394,0,0,,,13G FORM
0001005477-97-000529,1997-02-19,,1997-02-19T05:00:00.000Z,,SC 13G,005-17439,97537776,,SC 13G,21046,0,0,,,SCHEDULE 13G
0000950123-97-002550,1997-03-27,1997-05-05,1997-03-27T05:00:00.000Z,,DEF 14A,001-02958,97564345,,DEF 14A,144187,0,0,,,NOTICE AND PROXY STATEMENT
0000950123-97-002551,1997-03-27,1996-12-31,1997-03-27T05:00:00.000Z,,10-K405,001-02958,97564349,,10-K405,253903,0,0,,,HUBBELL INCOPORATED ANNUAL REPORT
0000950123-97-004212,1997-05-13,1997-03-31,1997-05-13T04:00:00.000Z,,10-Q,001-02958,97602325,,10-Q,36189,0,0,,,FIRST QUARTER 10-Q: HUBBELL INCORPORATED
0000950123-97-006568,1997-08-08,1997-06-30,1997-08-08T04:00:00.000Z,,10-Q,001-02958,97654152,,10-Q,32634,0,0,,,FORM 10-Q
0000950123-97-007640,1997-09-05,,1997-09-05T04:00:00.000Z,,SC 13D,,,,SC 13D,65635,0,0,,,SCHEDULE 13D
0000950123-97-009150,1997-11-05,1997-09-30,1997-11-05T05:00:00.000Z,,10-Q,001-02958,97708266,,10-Q,33331,0,0,,,HUBBELL INCORPORATED: 10-Q FOR Q/E 9/30/1997
0000080255-98-000157,1998-02-09,,1998-02-09T05:00:00.000Z,,SC 13G,005-17439,98526167,,SC 13G,10357,0,0,,,
0000921739-98-000023,1998-02-12,,1998-02-12T05:00:00.000Z,,SC 13G/A,005-17439,98533305,,SC 13G/A,17549,0,0,,,13G FORM
0001005477-98-000341,1998-02-13,,1998-02-13T05:00:00.000Z,,SC 13G/A,005-17439,98536265,,SC 13G/A,26826,0,0,,,ADMENDMENT NO.1 TO SCHEDULE 13G
0000950123-98-002213,1998-03-03,1998-05-04,1998-03-03T05:00:00.000Z,,PRE 14A,001-02958,98556300,,PRE 14A,129328,0,0,,,HUBBELL INCORPORATED
0000950123-98-002875,1998-03-25,1998-05-04,1998-03-25T05:00:00.000Z,,DEF 14A,001-02958,98572722,,DEF 14A,129491,0,0,,,NOTICE AND PROXY STATEMENT
0000950123-98-002876,1998-03-25,1997-12-31,1998-03-25T05:00:00.000Z,,10-K405,001-02958,98572724,,10-K405,227262,0,0,,,HUBBELL INCORPORATED
0000950123-98-004774,1998-05-11,1998-03-31,1998-05-11T04:00:00.000Z,,10-Q,001-02958,98614926,,10-Q,28485,0,0,,,FORM 10-Q
0000950123-98-007248,1998-08-07,1998-06-30,1998-08-07T04:00:00.000Z,,10-Q,001-02958,98679374,,10-Q,48916,0,0,,,HUBBELL INCORPORATED
0000950123-98-009961,1998-11-16,1998-09-30,1998-11-16T05:00:00.000Z,,10-Q,001-02958,98750720,,10-Q,43380,0,0,,,HUBBELL INCORPORATED FORM 10-Q
0000950123-98-010718,1998-12-17,,1998-12-17T05:00:00.000Z,,8-A12B,001-02958,98771056,,8-A12B,238315,0,0,,,FORM 8-A RE: HUBBELL INCORPORATED
0000950123-98-010719,1998-12-17,1998-12-09,1998-12-17T05:00:00.000Z,,8-K,001-02958,98771059,"5,7",8-K,243150,0,0,,,FORM 8-K RE: HUBBELL INCORPORATED
0000080255-99-000194,1999-02-09,,1999-02-09T05:00:00.000Z,,SC 13G/A,005-17439,99524480,,SC 13G/A,10591,0,0,,,
0001005477-99-000749,1999-02-16,,1999-02-16T05:00:00.000Z,,SC 13G/A,005-17439,99543498,,SC 13G/A,25025,0,0,,,AMENDED SCHEDULE 13G
0000950123-99-002453,1999-03-24,1998-12-31,1999-03-24T05:00:00.000Z,,10-K,001-02958,99571383,,10-K,202190,0,0,,,HUBBELL INCORPORATED
0000950123-99-002638,1999-03-29,1999-05-03,1999-03-29T05:00:00.000Z,,DEF 14A,001-02958,99575340,,DEF 14A,103574,0,0,,,DEFINITIVE PROXY MATERIAL
0000950123-99-004696,1999-05-14,1999-03-31,1999-05-14T04:00:00.000Z,,10-Q,001-02958,99622915,,10-Q,94309,0,0,,,HUBBELL INCORPORATED
0000950123-99-007111,1999-08-04,,1999-08-04T04:00:00.000Z,,S-8,333-84435,99677306,,S-8,26598,0,0,,,S-8: HUBBELL INCORPORATED
0000950123-99-007445,1999-08-11,1999-06-30,1999-08-11T04:00:00.000Z,,10-Q,001-02958,99683939,,10-Q,49485,0,0,,,HUBBELL INCORPORATED
0000950123-99-010103,1999-11-12,1999-09-30,1999-11-12T05:00:00.000Z,,10-Q,001-02958,99748967,,10-Q,60853,0,0,,,HUBBELL INCORPORATED
0000080255-00-000154,2000-02-07,,2000-02-07T05:00:00.000Z,,SC 13G/A,005-17439,524806,,SC 13G/A,10497,0,0,,,
0000017283-00-000276,2000-02-14,,2000-02-14T05:00:00.000Z,,SC 13G,005-17439,539435,,SC 13G,8021,0,0,,,
0001005477-00-001293,2000-02-14,,2000-02-14T05:00:00.000Z,,SC 13G/A,005-17439,541375,,SC 13G/A,22492,0,0,,,SCHEDULE 13G/A
0000950123-00-002720,2000-03-27,1999-12-31,2000-03-27T05:00:00.000Z,,10-K405,001-02958,578996,,10-K405,578446,0,0,,,HUBBELL INCORPORATED
0000950123-00-002721,2000-03-27,2000-05-01,2000-03-27T05:00:00.000Z,,DEF 14A,001-02958,578997,,DEF 14A,84557,0,0,,,HUBBELL INCORPORATED: NOTICE OF ANNUAL MEETING
0000912057-00-022654,2000-05-09,,2000-05-09T04:00:00.000Z,,SC 13G/A,005-17439,623597,,SC 13G/A,54919,0,0,,,SCHEDULE 13G
0000950123-00-004934,2000-05-12,2000-03-31,2000-05-12T04:00:00.000Z,,10-Q,001-02958,628384,,10-Q,45263,0,0,,,HUBBELL INCORPORATED
0000017283-00-000391,2000-06-09,,2000-06-09T04:00:00.000Z,,SC 13G/A,005-17439,652308,,SC 13G/A,9206,0,0,,0001.txt,
0000950123-00-007379,2000-08-10,2000-06-30,2000-08-10T04:00:00.000Z,,10-Q,001-02958,690931,,10-Q,59493,0,0,,e10-q.txt,HUBBELL INCORPORATED
0000950123-00-010195,2000-11-09,2000-09-30,2000-11-09T05:00:00.000Z,,10-Q,001-02958,756749,,10-Q,53897,0,0,,y42114e10-q.txt,HUBBELL INCORPORATED
0000080255-01-000119,2001-02-07,,2001-02-07T05:00:00.000Z,,SC 13G/A,005-17439,1527312,,SC 13G/A,13621,0,0,,0001.txt,
0000017283-01-000166,2001-02-12,,2001-02-12T05:00:00.000Z,,SC 13G/A,005-17439,1532087,,SC 13G/A,16207,0,0,,0001.txt,
0001005477-01-001129,2001-02-14,,2001-02-14T05:00:00.000Z,,SC 13G/A,005-17439,1545027,,SC 13G/A,50497,0,0,,0001.txt,AMENDMENT TO SCHEDULE 13G
0000950123-01-002683,2001-03-27,2001-05-07,2001-03-27T05:00:00.000Z,,DEF 14A,001-02958,1579703,,DEF 14A,110626,0,0,,y44969def14a.txt,HUBBELL INCORPORATED: NOTICE OF ANNUAL MEETING
0000950123-01-002684,2001-03-27,2000-12-31,2001-03-27T05:00:00.000Z,,10-K405,001-02958,1579706,,10-K405,305326,0,0,,y46601e10-k405.txt,HUBBELL INCORPORATED
0000950123-01-502254,2001-05-11,2001-03-31,2001-05-11T04:00:00.000Z,,10-Q,001-02958,1630019,,10-Q,44679,0,0,,y48581e10-q.txt,HUBBELL INCORPORATED
0000950123-01-505213,2001-08-09,2001-06-30,2001-08-09T04:00:00.000Z,,10-Q,001-02958,1701646,,10-Q,124956,0,0,,y51959e10-q.txt,HUBBELL INCORPORATED
0000950123-01-508125,2001-11-09,2001-09-30,2001-11-09T05:00:00.000Z,,10-Q,001-02958,1779795,,10-Q,201403,0,0,,y54534e10-q.htm,3RD QUARTER QUARTERLY REPORT
0000080255-02-000066,2002-02-05,,2002-02-05T05:00:00.000Z,,SC 13G/A,005-17439,02527193,,SC 13G/A,13593,0,0,,hub.txt,"HUBBELL INCORPORATED, CLASS B"
0000017283-02-000413,2002-02-11,,2002-02-11T05:00:00.000Z,,SC 13G/A,005-17439,02533349,,SC 13G/A,14411,0,0,,edghubb.txt,SC 13G/A
0000950123-02-002670,2002-03-19,2002-05-06,2002-03-19T05:00:00.000Z,,DEF 14A,001-02958,02578654,,DEF 14A,92368,0,0,,y57294dpdef14a.txt,HUBBELL INCORPORATED: NOTICE OF ANNUAL MEETING
0000950123-02-002711,2002-03-20,2001-12-31,2002-03-20T05:00:00.000Z,,10-K,001-02958,02579539,,10-K,799029,0,0,,y57922e10-k.htm,10-K: HUBBELL INCORPORATED
0000950123-02-002727,2002-03-20,2002-03-20,2002-03-20T05:00:00.000Z,,8-K,001-02958,02580158,"5,7",8-K,10977,0,0,,y58771e8-k.txt,HUBBELL INCORPORATED
9999999997-02-026455,2002-03-26,2001-12-03,2002-05-06T19:10:47.000Z,,NO ACT,001-02958,02027871,,NO ACT,1722,0,0,,9999999997-02-026455.paper,AUTO-GENERATED PAPER DOCUMENT
9999999997-02-020844,2002-04-01,2001-12-31,2002-04-01T05:00:00.000Z,,ARS,001-02958,02029095,,ARS,1747,0,0,,9999999997-02-020844.paper,AUTO-GENERATED PAPER DOCUMENT
0000950123-02-004342,2002-04-29,2002-04-26,2002-04-29T21:20:13.000Z,,8-K,001-02958,02625289,"5,7",8-K,11858,0,0,,y60133e8-k.txt,FORM 8-K
0000950123-02-004914,2002-05-10,2002-04-26,2002-05-10T18:17:00.000Z,,8-K,001-02958,02641381,"2,7",8-K,334911,0,0,,y60492e8-k.txt,HUBBELL INCORPORATED
0000950123-02-004999,2002-05-13,2002-03-31,2002-05-13T18:29:25.000Z,,10-Q,001-02958,02643436,,10-Q,203264,0,0,,y60384e10-q.htm,HUBBELL INCORPORATED
0000950123-02-005382,2002-05-16,,2002-05-16T19:34:46.000Z,,SC 13D,005-17439,02654912,,SC 13D,15340,0,0,,y60560dsc13d.txt,HUBBELL INCORPORATED
0000950123-02-006304,2002-06-18,,2002-06-19T16:27:49.000Z,,S-4,333-90754,02682053,,S-4,844547,0,0,,y61092sv4.txt,HUBBELL INCORPORATED
0000950123-02-006767,2002-07-03,,2002-07-03T18:34:38.000Z,,424B3,333-90754,02696225,,424B3,218138,0,0,,y61092b3e424b3.txt,HUBBELL INCORPORATED
0000950123-02-006850,2002-07-09,2002-07-09,2002-07-09T21:26:41.000Z,,8-K/A,001-02958,02699085,"5,7",8-K/A,118028,0,0,,y62027e8vkza.txt,AMENDMENT NO. 1 TO FORM 8-K
0000950123-02-007696,2002-08-12,2002-06-30,2002-08-12T15:43:46.000Z,,10-Q,001-02958,02726110,,10-Q,800170,0,0,,y62580e10vq.htm,HUBBELL INCORPORATED
0000950123-02-007854,2002-08-13,2002-08-12,2002-08-13T20:15:06.000Z,,8-K,001-02958,02729907,9,8-K,10281,0,0,,y62826e8vk.txt,HUBBELL INCORPORATED
0000950123-02-010773,2002-11-13,2002-09-30,2002-11-13T22:24:35.000Z,,10-Q,001-02958,02821001,,10-Q,389761,0,0,,y65531e10vq.htm,HUBBELL INCORPORATED
0000950123-02-011739,2002-12-12,,2002-12-12T15:17:33.000Z,,POS AM,033-61909,02855271,,POS AM,6984,0,0,,y65037posam.txt,POST EFFECTIVE AMENDMENT NO.1 TO FORM S-3
0000950123-02-012019,2002-12-19,,2002-12-19T15:36:18.000Z,,S-8,333-101981,02862508,,S-8,58520,0,0,,e66021sv8.txt,FORM S-8 FOR HUBBELL INCORPORATED
0000950123-02-012020,2002-12-19,,2002-12-19T15:36:46.000Z,,S-8,333-101982,02862511,,S-8,27932,0,0,,y66021sv8.txt,FORM S-8 FOR HUBBELL INCORPORATED
0001089355-03-000136,2003-01-31,,2003-01-31T20:37:38.000Z,,SC 13G,005-17439,03534536,,SC 13G,7611,0,0,,file001.txt,SCHEDULE 13G
0000080255-03-000091,2003-01-31,,2003-01-31T21:01:28.000Z,,SC 13G/A,005-17439,03534752,,SC 13G/A,13760,0,0,,hub.txt,AS OF 12/31/2002
0000017283-03-000134,2003-02-13,,2003-02-13T00:02:18.000Z,,SC 13G/A,005-17439,03556204,,SC 13G/A,13333,0,0,,edghubb.txt,SC 13G/A
0001089355-03-000174,2003-02-13,,2003-02-13T20:20:01.000Z,,SC 13G/A,005-17439,03559193,,SC 13G/A,7629,0,0,,file001.txt,AMENDED SCHEDULE 13G
0000950123-03-003143,2003-03-24,2002-12-31,2003-03-24T14:19:37.000Z,,10-K,001-02958,03613132,,10-K,1202759,0,0,,y82446e10vk.htm,HUBBELL INCORPORATED
0000950123-03-003144,2003-03-24,2003-05-05,2003-03-24T14:26:15.000Z,,DEF 14A,001-02958,03613138,,DEF 14A,150836,0,0,,y83145dfdef14a.txt,HUBBELL INCORPORATED
9999999997-03-013619,2003-03-27,2002-12-31,2003-03-28T18:29:35.000Z,,ARS,001-02958,03018949,,ARS,1779,0,0,,9999999997-03-013619.paper,AUTO-GENERATED PAPER DOCUMENT
0000950123-03-004560,2003-04-22,2003-04-22,2003-04-22T16:36:07.000Z,,8-K,001-02958,03657916,9,8-K,23637,0,0,,y85646e8vk.txt,HUBBELL INCORPORATED
0000950123-03-005802,2003-05-13,2003-03-31,2003-05-13T20:03:22.000Z,,10-Q,001-02958,03695671,,10-Q,295652,0,0,,y86357e10vq.htm,HUBBELL INCORPORATED
0001209191-03-004679,2003-05-16,2003-05-15,2003-05-16T19:22:21.000Z,,4,,,,4,4944,0,0,,xslF345X01/doc4.xml,FORM 4 SUBMISSION
0001209191-03-004681,2003-05-16,2003-05-15,2003-05-16T19:25:17.000Z,,4,,,,4,4937,0,0,,xslF345X01/doc4.xml,FORM 4 SUBMISSION
0001209191-03-004682,2003-05-16,2003-05-15,2003-05-16T19:27:18.000Z,,4,,,,4,5029,0,0,,xslF345X01/doc4.xml,FORM 4 SUBMISSION
0001209191-03-004684,2003-05-16,2003-05-15,2003-05-16T19:28:53.000Z,,4,,,,4,5148,0,0,,xslF345X01/doc4.xml,FORM 4 SUBMISSION
0001209191-03-004686,2003-05-16,2003-05-15,2003-05-16T19:30:33.000Z,,4,,,,4,4900,0,0,,xslF345X01/doc4.xml,FORM 4 SUBMISSION
0001209191-03-004688,2003-05-16,2003-05-15,2003-05-16T19:32:59.000Z,,4,,,,4,5093,0,0,,xslF345X01/doc4.xml,FORM 4 SUBMISSION
0001209191-03-004690,2003-05-16,2003-05-15,2003-05-16T19:35:11.000Z,,4,,,,4,5025,0,0,,xslF345X01/doc4.xml,FORM 4 SUBMISSION
0001209191-03-004723,2003-05-16,2003-05-15,2003-05-16T21:12:31.000Z,,4/A,,,,4/A,5166,0,0,,xslF345X01/doc4a.xml,FORM 4/A SUBMISSION
0001209191-03-006714,2003-06-05,2003-06-03,2003-06-05T14:32:20.000Z,,4,,,,4,4992,0,0,,xslF345X01/doc4.xml,FORM 4 SUBMISSION
0001209191-03-006718,2003-06-05,2003-06-03,2003-06-05T14:42:07.000Z,,4,,,,4,4985,0,0,,xslF345X01/doc4.xml,FORM 4 SUBMISSION
0001209191-03-006721,2003-06-05,2003-06-03,2003-06-05T14:44:33.000Z,,4,,,,4,5218,0,0,,xslF345X01/doc4.xml,FORM 4 SUBMISSION
0001209191-03-006727,2003-06-05,2003-06-04,2003-06-05T15:05:48.000Z,,3,,,,3,4910,0,0,,xslF345X01/doc3.xml,FORM 3 SUBMISSION
0001209191-03-006856,2003-06-06,2003-06-04,2003-06-06T15:58:45.000Z,,4,,,,4,4989,0,0,,xslF345X01/doc4.xml,FORM 4 SUBMISSION
0001209191-03-006865,2003-06-06,2003-06-04,2003-06-06T16:05:29.000Z,,4,,,,4,4983,0,0,,xslF345X01/doc4.xml,FORM 4 SUBMISSION
0001209191-03-006867,2003-06-06,2003-06-04,2003-06-06T16:07:10.000Z,,4,,,,4,5216,0,0,,xslF345X01/doc4.xml,FORM 4 SUBMISSION
0001209191-03-006868,2003-06-06,2003-06-04,2003-06-06T16:12:59.000Z,,4,,,,4,5146,0,0,,xslF345X01/doc4.xml,FORM 4 SUBMISSION
0001209191-03-007118,2003-06-10,2003-06-06,2003-06-10T15:36:10.000Z,,4,,,,4,6135,0,0,,xslF345X01/doc4.xml,FORM 4 SUBMISSION
0001209191-03-007145,2003-06-10,2003-06-06,2003-06-10T18:10:24.000Z,,4/A,,,,4/A,6209,0,0,,xslF345X01/doc4a.xml,FORM 4/A SUBMISSION
0001209191-03-007146,2003-06-10,2003-06-06,2003-06-10T18:12:34.000Z,,4,,,,4,8551,0,0,,xslF345X01/doc4.xml,FORM 4 SUBMISSION
0001209191-03-007152,2003-06-10,2003-06-06,2003-06-10T18:42:31.000Z,,4,,,,4,6133,0,0,,xslF345X01/doc4.xml,FORM 4 SUBMISSION
0001209191-03-011840,2003-07-14,2003-07-11,2003-07-14T20:39:12.000Z,,4,,,,4,5155,0,0,,xslF345X01/doc4.xml,FORM 4 SUBMISSION
0001209191-03-011841,2003-07-14,2003-07-11,2003-07-14T20:41:21.000Z,,4,,,,4,5320,0,0,,xslF345X01/doc4.xml,FORM 4 SUBMISSION
0001209191-03-011842,2003-07-14,2003-07-11,2003-07-14T20:46:06.000Z,,4,,,,4,5025,0,0,,xslF345X01/doc4.xml,FORM 4 SUBMISSION
0001209191-03-011843,2003-07-14,2003-07-11,2003-07-14T20:53:14.000Z,,4,,,,4,5223,0,0,,xslF345X01/doc4.xml,FORM 4 SUBMISSION
0001209191-03-011844,2003-07-14,2003-07-11,2003-07-14T20:55:43.000Z,,4,,,,4,5150,0,0,,xslF345X01/doc4.xml,FORM 4 SUBMISSION
0001209191-03-011892,2003-07-15,2003-07-11,2003-07-15T15:27:37.000Z,,4,,,,4,5981,0,0,,xslF345X01/doc4.xml,FORM 4 SUBMISSION
0001209191-03-011893,2003-07-15,2003-07-11,2003-07-15T15:29:23.000Z,,4,,,,4,6886,0,0,,xslF345X01/doc4.xml,FORM 4 SUBMISSION
0001209191-03-012218,2003-07-17,2003-07-15,2003-07-17T14:40:10.000Z,,4,,,,4,6479,0,0,,xslF345X01/doc4.xml,FORM 4 SUBMISSION
0000950123-03-008433,2003-07-23,2003-07-23,2003-07-23T16:31:10.000Z,,8-K,001-02958,03797782,9,8-K,24670,0,0,,y88549e8vk.txt,FORM 8-K
0001209191-03-012999,2003-07-23,2003-07-22,2003-07-23T17:04:28.000Z,,4,,,,4,4981,0,0,,xslF345X01/doc4.xml,FORM 4 SUBMISSION
0001209191-03-014035,2003-07-28,2003-07-28,2003-07-28T21:19:28.000Z,,4,,,,4,4228,0,0,,xslF345X02/doc4.xml,FORM 4 SUBMISSION
0001209191-03-015895,2003-08-07,2003-08-05,2003-08-07T12:44:45.000Z,,4,,,,4,5101,0,0,,xslF345X02/doc4.xml,FORM 4 SUBMISSION
0001209191-03-015897,2003-08-07,2003-08-05,2003-08-07T12:48:41.000Z,,4,,,,4,5135,0,0,,xslF345X02/doc4.xml,FORM 4 SUBMISSION
0000950123-03-009262,2003-08-12,2003-06-30,2003-08-12T14:30:40.000Z,,10-Q,001-02958,03836219,,10-Q,483155,0,0,,y89019e10vq.htm,HUBBELL INCORPORATED
0001209191-03-017757,2003-08-19,2003-08-15,2003-08-19T14:42:22.000Z,,4,,,,4,5133,0,0,,xslF345X02/doc4.xml,FORM 4 SUBMISSION
0001209191-03-017760,2003-08-19,2003-08-15,2003-08-19T14:46:10.000Z,,4,,,,4,5197,0,0,,xslF345X02/doc4.xml,FORM 4 SUBMISSION
0001209191-03-017762,2003-08-19,2003-08-15,2003-08-19T14:48:53.000Z,,4,,,,4,5103,0,0,,xslF345X02/doc4.xml,FORM 4 SUBMISSION
0001209191-03-017765,2003-08-19,2003-08-15,2003-08-19T14:52:11.000Z,,4,,,,4,5422,0,0,,xslF345X02/doc4.xml,FORM 4 SUBMISSION
0001209191-03-017768,2003-08-19,2003-08-15,2003-08-19T14:57:50.000Z,,4,,,,4,5068,0,0,,xslF345X02/doc4.xml,FORM 4 SUBMISSION
0001209191-03-017771,2003-08-19,2003-08-15,2003-08-19T15:00:19.000Z,,4,,,,4,6562,0,0,,xslF345X02/doc4.xml,FORM 4 SUBMISSION
0001209191-03-017773,2003-08-19,2003-08-15,2003-08-19T15:02:14.000Z,,4,,,,4,5277,0,0,,xslF345X02/doc4.xml,FORM 4 SUBMISSION
0001209191-03-017775,2003-08-19,2003-08-15,2003-08-19T15:03:46.000Z,,4,,,,4,5201,0,0,,xslF345X02/doc4.xml,FORM 4 SUBMISSION
0001209191-03-017880,2003-08-19,2003-08-18,2003-08-19T20:45:28.000Z,,4,,,,4,6717,0,0,,xslF345X02/doc4.xml,FORM 4 SUBMISSION
0001209191-03-018004,2003-08-20,2003-08-19,2003-08-20T17:24:49.000Z,,4,,,,4,6429,0,0,,xslF345X02/doc4.xml,FORM 4 SUBMISSION
0001209191-03-018114,2003-08-20,2003-08-19,2003-08-20T20:46:02.000Z,,4,,,,4,7714,0,0,,xslF345X02/doc4.xml,FORM 4 SUBMISSION
0001209191-03-018313,2003-08-21,2003-08-20,2003-08-21T16:47:12.000Z,,4,,,,4,11171,0,0,,xslF345X02/doc4.xml,FORM 4 SUBMISSION
0000950123-03-009683,2003-08-22,,2003-08-22T13:23:48.000Z,,S-8,333-108148,03861373,,S-8,26623,0,0,,y89407sv8.txt,STOCK OPTION PLAN FOR KEY EMPLOYEES: HUBBELL INC
0001209191-03-018550,2003-08-22,2003-08-21,2003-08-22T17:41:31.000Z,,4,,,,4,6847,0,0,,xslF345X02/doc4.xml,FORM 4 SUBMISSION
0001209191-03-018583,2003-08-22,2003-08-22,2003-08-22T18:52:31.000Z,,4,,,,4,5109,0,0,,xslF345X02/doc4.xml,FORM 4 SUBMISSION
0001209191-03-018737,2003-08-25,2003-08-21,2003-08-25T17:27:36.000Z,,4,,,,4,6869,0,0,,xslF345X02/doc4.xml,FORM 4 SUBMISSION
0001209191-03-018998,2003-08-26,2003-08-25,2003-08-26T16:59:38.000Z,,4,,,,4,5588,0,0,,xslF345X02/doc4.xml,FORM 4 SUBMISSION
0001209191-03-021039,2003-09-11,2003-09-09,2003-09-11T14:18:19.000Z,,4,,,,4,5178,0,0,,xslF345X02/doc4.xml,FORM 4 SUBMISSION
0001209191-03-021044,2003-09-11,2003-09-09,2003-09-11T14:21:00.000Z,,4,,,,4,5238,0,0,,xslF345X02/doc4.xml,FORM 4 SUBMISSION
0001209191-03-021047,2003-09-11,2003-09-09,2003-09-11T14:26:13.000Z,,4,,,,4,5464,0,0,,xslF345X02/doc4.xml,FORM 4 SUBMISSION
0001209191-03-021234,2003-09-12,2003-09-10,2003-09-12T14:36:43.000Z,,4,,,,4,5178,0,0,,xslF345X02/doc4.xml,FORM 4 SUBMISSION
0001209191-03-021237,2003-09-12,2003-09-10,2003-09-12T14:40:29.000Z,,4,,,,4,5238,0,0,,xslF345X02/doc4.xml,FORM 4 SUBMISSION
0001209191-03-021239,2003-09-12,2003-09-10,2003-09-12T14:42:27.000Z,,4,,,,4,5144,0,0,,xslF345X02/doc4.xml,FORM 4 SUBMISSION
0001209191-03-021246,2003-09-12,2003-09-10,2003-09-12T14:51:27.000Z,,4,,,,4,5463,0,0,,xslF345X02/doc4.xml,FORM 4 SUBMISSION
0001209191-03-021249,2003-09-12,2003-09-10,2003-09-12T14:54:18.000Z,,4,,,,4,5318,0,0,,xslF345X02/doc4.xml,FORM 4 SUBMISSION
0000950159-03-000761,2003-09-17,,2003-09-17T20:42:12.000Z,,SC 13D/A,005-17439,03899833,,SC 13D/A,18477,0,0,,hubbell13da.txt,
0001209191-03-023609,2003-10-01,2003-09-29,2003-10-01T14:53:31.000Z,,4,,,,4,4107,0,0,,xslF345X02/doc4.xml,FORM 4 SUBMISSION
0001209191-03-023612,2003-10-01,2003-09-29,2003-10-01T14:57:53.000Z,,4,,,,4,4106,0,0,,xslF345X02/doc4.xml,FORM 4 SUBMISSION
0001209191-03-023958,2003-10-02,2003-10-01,2003-10-02T13:00:36.000Z,,4,,,,4,4107,0,0,,xslF345X02/doc4.xml,FORM 4 SUBMISSION
0001209191-03-023960,2003-10-02,2003-10-01,2003-10-02T13:05:42.000Z,,4,,,,4,4106,0,0,,xslF345X02/doc4.xml,FORM 4 SUBMISSION
0001209191-03-024249,2003-10-02,2003-09-30,2003-10-02T20:48:54.000Z,,4/A,,,,4/A,5338,0,0,,xslF345X02/doc4a.xml,FORM 4/A SUBMISSION
0001209191-03-024253,2003-10-02,2003-09-30,2003-10-02T21:55:45.000Z,,4/A,,,,4/A,5338,0,0,,xslF345X02/doc4a.xml,FORM 4/A SUBMISSION
0001209191-03-024450,2003-10-03,2003-10-02,2003-10-03T14:06:18.000Z,,4,,,,4,4108,0,0,,xslF345X02/doc4.xml,FORM 4 SUBMISSION
0001209191-03-024452,2003-10-03,2003-10-02,2003-10-03T14:09:02.000Z,,4,,,,4,4107,0,0,,xslF345X02/doc4.xml,FORM 4 SUBMISSION
0001209191-03-024775,2003-10-06,2003-10-03,2003-10-06T16:49:12.000Z,,4,,,,4,5057,0,0,,xslF345X02/doc4.xml,FORM 4 SUBMISSION
0001209191-03-024790,2003-10-06,2003-10-03,2003-10-06T17:59:05.000Z,,4,,,,4,5056,0,0,,xslF345X02/doc4.xml,FORM 4 SUBMISSION
0001209191-03-025429,2003-10-14,2003-10-10,2003-10-14T14:36:50.000Z,,4,,,,4,6277,0,0,,xslF345X02/doc4.xml,FORM 4 SUBMISSION
0001209191-03-025431,2003-10-14,2003-10-10,2003-10-14T14:47:10.000Z,,4,,,,4,5317,0,0,,xslF345X02/doc4.xml,FORM 4 SUBMISSION
0001209191-03-025436,2003-10-14,2003-10-10,2003-10-14T14:54:23.000Z,,4,,,,4,7223,0,0,,xslF345X02/doc4.xml,FORM 4 SUBMISSION
0001209191-03-025440,2003-10-14,2003-10-10,2003-10-14T15:07:51.000Z,,4,,,,4,5546,0,0,,xslF345X02/doc4.xml,FORM 4 SUBMISSION
0001209191-03-025455,2003-10-14,2003-10-10,2003-10-14T15:26:32.000Z,,4,,,,4,5189,0,0,,xslF345X02/doc4.xml,FORM 4 SUBMISSION
0001209191-03-025461,2003-10-14,2003-10-10,2003-10-14T15:31:35.000Z,,4,,,,4,6688,0,0,,xslF345X02/doc4.xml,FORM 4 SUBMISSION
0001209191-03-025467,2003-10-14,2003-10-10,2003-10-14T15:35:18.000Z,,4,,,,4,5396,0,0,,xslF345X02/doc4.xml,FORM 4 SUBMISSION
0001209191-03-025475,2003-10-14,2003-10-10,2003-10-14T15:42:31.000Z,,4,,,,4,5323,0,0,,xslF345X02/doc4.xml,FORM 4 SUBMISSION
0001209191-03-025916,2003-10-17,2003-10-16,2003-10-17T17:32:32.000Z,,4,,,,4,11690,0,0,,xslF345X02/doc4.xml,FORM 4 SUBMISSION
0001209191-03-025921,2003-10-17,2003-10-16,2003-10-17T17:37:24.000Z,,4,,,,4,11690,0,0,,xslF345X02/doc4.xml,FORM 4 SUBMISSION
0000950123-03-011528,2003-10-21,2003-10-21,2003-10-21T16:02:28.000Z,,8-K,001-02958,03949197,12,8-K,26113,0,0,,y90843e8vk.txt,HUBBELL INCORPORATED
0001209191-03-026196,2003-10-21,2003-10-20,2003-10-21T18:12:14.000Z,,4,,,,4,5178,0,0,,xslF345X02/doc4.xml,FORM 4 SUBMISSION
0001209191-03-026203,2003-10-21,2003-10-20,2003-10-21T18:19:34.000Z,,4,,,,4,5144,0,0,,xslF345X02/doc4.xml,FORM 4 SUBMISSION
0001209191-03-026734,2003-10-24,2003-10-23,2003-10-24T18:51:58.000Z,,4,,,,4,4108,0,0,,xslF345X02/doc4.xml,FORM 4 SUBMISSION
0001209191-03-026738,2003-10-24,2003-10-23,2003-10-24T18:58:46.000Z,,4,,,,4,4106,0,0,,xslF345X02/doc4.xml,FORM 4 SUBMISSION
0001209191-03-027476,2003-10-29,2003-10-28,2003-10-29T21:25:22.000Z,,4,,,,4,6954,0,0,,xslF345X02/doc4.xml,FORM 4 SUBMISSION
0001209191-03-027480,2003-10-29,2003-10-28,2003-10-29T21:29:34.000Z,,4,,,,4,6952,0,0,,xslF345X02/doc4.xml,FORM 4 SUBMISSION
0001209191-03-027827,2003-10-31,2003-10-30,2003-10-31T18:48:57.000Z,,4,,,,4,4109,0,0,,xslF345X02/doc4.xml,FORM 4 SUBMISSION
0001209191-03-027831,2003-10-31,2003-10-30,2003-10-31T18:52:39.000Z,,4,,,,4,4107,0,0,,xslF345X02/doc4.xml,FORM 4 SUBMISSION
0001209191-03-028688,2003-11-05,2003-11-04,2003-11-05T19:57:24.000Z,,4,,,,4,5178,0,0,,xslF345X02/doc4.xml,FORM 4 SUBMISSION
0001209191-03-028691,2003-11-05,2003-11-04,2003-11-05T20:00:49.000Z,,4,,,,4,5144,0,0,,xslF345X02/doc4.xml,FORM 4 SUBMISSION
0001209191-03-028693,2003-11-05,2003-11-04,2003-11-05T20:03:40.000Z,,4,,,,4,4109,0,0,,xslF345X02/doc4.xml,FORM 4 SUBMISSION
0001209191-03-028699,2003-11-05,2003-11-04,2003-11-05T20:06:52.000Z,,4,,,,4,4107,0,0,,xslF345X02/doc4.xml,FORM 4 SUBMISSION
0001209191-03-028908,2003-11-06,2003-11-05,2003-11-06T16:05:08.000Z,,4,,,,4,4120,0,0,,xslF345X02/doc4.xml,FORM 4 SUBMISSION
0001209191-03-028911,2003-11-06,2003-11-05,2003-11-06T16:07:47.000Z,,4,,,,4,4118,0,0,,xslF345X02/doc4.xml,FORM 4 SUBMISSION
0000950123-03-012391,2003-11-10,2003-09-30,2003-11-10T21:26:30.000Z,,10-Q,001-02958,03988666,,10-Q,420714,0,0,,y91417e10vq.htm,FORM 10-Q
0001209191-03-030501,2003-11-14,2003-11-13,2003-11-14T21:06:56.000Z,,4,,,,4,4121,0,0,,xslF345X02/doc4.xml,FORM 4 SUBMISSION
0001209191-03-030505,2003-11-14,2003-11-13,2003-11-14T21:13:25.000Z,,4,,,,4,4119,0,0,,xslF345X02/doc4.xml,FORM 4 SUBMISSION
0001209191-03-030942,2003-11-18,2003-11-14,2003-11-18T17:42:55.000Z,,4,,,,4,5186,0,0,,xslF345X02/doc4.xml,FORM 4 SUBMISSION
0001209191-03-030944,2003-11-18,2003-11-14,2003-11-18T17:47:30.000Z,,4,,,,4,5248,0,0,,xslF345X02/doc4.xml,FORM 4 SUBMISSION
0001209191-03-030947,2003-11-18,2003-11-14,2003-11-18T17:49:34.000Z,,4,,,,4,5154,0,0,,xslF345X02/doc4.xml,FORM 4 SUBMISSION
0001209191-03-030950,2003-11-18,2003-11-14,2003-11-18T17:52:14.000Z,,4,,,,4,5474,0,0,,xslF345X02/doc4.xml,FORM 4 SUBMISSION
0001209191-03-030954,2003-11-18,2003-11-14,2003-11-18T17:55:27.000Z,,4,,,,4,5117,0,0,,xslF345X02/doc4.xml,FORM 4 SUBMISSION
0001209191-03-030956,2003-11-18,2003-11-14,2003-11-18T17:57:40.000Z,,4,,,,4,5284,0,0,,xslF345X02/doc4.xml,FORM 4 SUBMISSION
0001209191-03-030959,2003-11-18,2003-11-14,2003-11-18T17:59:33.000Z,,4,,,,4,5328,0,0,,xslF345X02/doc4.xml,FORM 4 SUBMISSION
0001209191-03-030961,2003-11-18,2003-11-14,2003-11-18T18:02:05.000Z,,4,,,,4,5250,0,0,,xslF345X02/doc4.xml,FORM 4 SUBMISSION
0001209191-03-031401,2003-11-20,2003-11-19,2003-11-20T21:12:47.000Z,,4,,,,4,4121,0,0,,xslF345X02/doc4.xml,FORM 4 SUBMISSION
0001209191-03-031403,2003-11-20,2003-11-19,2003-11-20T21:15:24.000Z,,4,,,,4,4119,0,0,,xslF345X02/doc4.xml,FORM 4 SUBMISSION
0001209191-03-031599,2003-11-21,2003-11-20,2003-11-21T18:48:55.000Z,,4,,,,4,4121,0,0,,xslF345X02/doc4.xml,FORM 4 SUBMISSION
0001209191-03-031612,2003-11-21,2003-11-20,2003-11-21T18:57:00.000Z,,4,,,,4,4119,0,0,,xslF345X02/doc4.xml,FORM 4 SUBMISSION
0001209191-03-033269,2003-12-03,2003-12-01,2003-12-03T15:07:00.000Z,,4,,,,4,4784,0,0,,xslF345X02/doc4.xml,FORM 4 SUBMISSION
0001209191-03-033272,2003-12-03,2003-12-01,2003-12-03T15:15:32.000Z,,4,,,,4,4808,0,0,,xslF345X02/doc4.xml,FORM 4 SUBMISSION
0001209191-03-033277,2003-12-03,2003-12-01,2003-12-03T15:24:04.000Z,,4,,,,4,5186,0,0,,xslF345X02/doc4.xml,FORM 4 SUBMISSION
0001209191-03-033279,2003-12-03,2003-12-01,2003-12-03T15:26:24.000Z,,4,,,,4,4802,0,0,,xslF345X02/doc4.xml,FORM 4 SUBMISSION
0001209191-03-033284,2003-12-03,2003-12-01,2003-12-03T15:41:29.000Z,,4,,,,4,4731,0,0,,xslF345X02/doc4.xml,FORM 4 SUBMISSION
0001209191-03-033287,2003-12-03,2003-12-01,2003-12-03T15:44:01.000Z,,4,,,,4,5246,0,0,,xslF345X02/doc4.xml,FORM 4 SUBMISSION
0001209191-03-033290,2003-12-03,2003-12-01,2003-12-03T15:46:09.000Z,,4,,,,4,5152,0,0,,xslF345X02/doc4.xml,FORM 4 SUBMISSION
0001209191-03-033292,2003-12-03,2003-12-02,2003-12-03T15:48:50.000Z,,4,,,,4,4121,0,0,,xslF345X02/doc4.xml,FORM 4 SUBMISSION
0001209191-03-033295,2003-12-03,2003-12-01,2003-12-03T15:52:06.000Z,,4,,,,4,5472,0,0,,xslF345X02/doc4.xml,FORM 4 SUBMISSION
0001209191-03-033298,2003-12-03,2003-12-01,2003-12-03T15:54:40.000Z,,4,,,,4,4807,0,0,,xslF345X02/doc4.xml,FORM 4 SUBMISSION
0001209191-03-033301,2003-12-03,2003-12-01,2003-12-03T15:56:54.000Z,,4,,,,4,6115,0,0,,xslF345X02/doc4.xml,FORM 4 SUBMISSION
0001209191-03-033303,2003-12-03,2003-12-01,2003-12-03T15:59:14.000Z,,4,,,,4,4805,0,0,,xslF345X02/doc4.xml,FORM 4 SUBMISSION
0001209191-03-033306,2003-12-03,2003-12-02,2003-12-03T16:02:25.000Z,,4,,,,4,4119,0,0,,xslF345X02/doc4.xml,FORM 4 SUBMISSION
0001209191-03-033309,2003-12-03,2003-12-01,2003-12-03T16:04:59.000Z,,4,,,,4,4790,0,0,,xslF345X02/doc4.xml,FORM 4 SUBMISSION
0001209191-03-033311,2003-12-03,2003-12-01,2003-12-03T16:10:43.000Z,,4,,,,4,5856,0,0,,xslF345X02/doc4.xml,FORM 4 SUBMISSION
0001209191-03-033314,2003-12-03,2003-12-01,2003-12-03T16:13:27.000Z,,4,,,,4,5326,0,0,,xslF345X02/doc4.xml,FORM 4 SUBMISSION
0001209191-03-033400,2003-12-03,2003-12-02,2003-12-03T20:45:02.000Z,,4,,,,4,5186,0,0,,xslF345X02/doc4.xml,FORM 4 SUBMISSION
0001209191-03-033406,2003-12-03,2003-12-02,2003-12-03T20:50:02.000Z,,4,,,,4,5246,0,0,,xslF345X02/doc4.xml,FORM 4 SUBMISSION
0001209191-03-033414,2003-12-03,2003-12-02,2003-12-03T20:57:08.000Z,,4,,,,4,5152,0,0,,xslF345X02/doc4.xml,FORM 4 SUBMISSION
0001209191-03-033425,2003-12-03,2003-12-02,2003-12-03T21:12:10.000Z,,4,,,,4,5326,0,0,,xslF345X02/doc4.xml,FORM 4 SUBMISSION
0001209191-03-033429,2003-12-03,2003-12-02,2003-12-03T21:18:47.000Z,,4,,,,4,5472,0,0,,xslF345X02/doc4.xml,FORM 4 SUBMISSION
0001209191-03-033670,2003-12-04,2003-10-22,2003-12-04T21:26:24.000Z,,4,,,,4,11919,0,0,,xslF345X02/doc4.xml,FORM 4 SUBMISSION
0001209191-03-033829,2003-12-05,2003-12-04,2003-12-05T20:41:58.000Z,,4,,,,4,4121,0,0,,xslF345X02/doc4.xml,FORM 4 SUBMISSION
0001209191-03-033833,2003-12-05,2003-12-04,2003-12-05T20:45:04.000Z,,4,,,,4,4119,0,0,,xslF345X02/doc4.xml,FORM 4 SUBMISSION
0001209191-03-034044,2003-12-09,2003-12-08,2003-12-09T14:35:08.000Z,,4,,,,4,6815,0,0,,xslF345X02/doc4.xml,FORM 4 SUBMISSION
0001209191-03-034046,2003-12-09,2003-12-05,2003-12-09T14:43:12.000Z,,4,,,,4,5620,0,0,,xslF345X02/doc4.xml,FORM 4 SUBMISSION
0001209191-03-034048,2003-12-09,2003-12-08,2003-12-09T14:48:31.000Z,,4,,,,4,4261,0,0,,xslF345X02/doc4.xml,FORM 4 SUBMISSION
0001209191-03-034565,2003-12-11,2003-12-10,2003-12-11T20:34:44.000Z,,4,,,,4,4121,0,0,,xslF345X02/doc4.xml,FORM 4 SUBMISSION
0001209191-03-034568,2003-12-11,2003-12-10,2003-12-11T20:37:37.000Z,,4,,,,4,4119,0,0,,xslF345X02/doc4.xml,FORM 4 SUBMISSION
0001209191-03-034570,2003-12-11,2003-12-10,2003-12-11T20:40:46.000Z,,4,,,,4,6604,0,0,,xslF345X02/doc4.xml,FORM 4 SUBMISSION
0001209191-03-034693,2003-12-12,2003-12-11,2003-12-12T15:47:45.000Z,,4,,,,4,7003,0,0,,xslF345X02/doc4.xml,FORM 4 SUBMISSION
0001209191-03-034695,2003-12-12,2003-12-11,2003-12-12T15:51:38.000Z,,4,,,,4,7003,0,0,,xslF345X02/doc4.xml,FORM 4 SUBMISSION
0001209191-03-035325,2003-12-16,2003-12-12,2003-12-16T20:03:41.000Z,,4,,,,4,11467,0,0,,xslF345X02/doc4.xml,FORM 4 SUBMISSION
0001209191-03-036140,2003-12-22,2003-12-19,2003-12-22T16:20:11.000Z,,4,,,,4,4121,0,0,,xslF345X02/doc4.xml,FORM 4 SUBMISSION
0001209191-03-036144,2003-12-22,2003-12-19,2003-12-22T16:22:55.000Z,,4,,,,4,4119,0,0,,xslF345X02/doc4.xml,FORM 4 SUBMISSION
0001209191-04-001665,2004-01-06,2004-01-05,2004-01-06T22:14:00.000Z,,4,,,,4,4120,0,0,,xslF345X02/doc4.xml,FORM 4 SUBMISSION
0001209191-04-001670,2004-01-06,2004-01-05,2004-01-06T22:15:52.000Z,,4,,,,4,4118,0,0,,xslF345X02/doc4.xml,FORM 4 SUBMISSION
0001209191-04-001902,2004-01-07,2004-01-06,2004-01-07T19:23:56.000Z,,4,,,,4,4120,0,0,,xslF345X02/doc4.xml,FORM 4 SUBMISSION
0001209191-04-001905,2004-01-07,2004-01-06,2004-01-07T19:27:25.000Z,,4,,,,4,4118,0,0,,xslF345X02/doc4.xml,FORM 4 SUBMISSION
0001209191-04-002915,2004-01-14,2004-01-12,2004-01-14T21:01:34.000Z,,4,,,,4,6284,0,0,,xslF345X02/doc4.xml,FORM 4 SUBMISSION
0001209191-04-002919,2004-01-14,2004-01-12,2004-01-14T21:04:16.000Z,,4,,,,4,5326,0,0,,xslF345X02/doc4.xml,FORM 4 SUBMISSION
0001209191-04-002921,2004-01-14,2004-01-12,2004-01-14T21:06:24.000Z,,4,,,,4,7231,0,0,,xslF345X02/doc4.xml,FORM 4 SUBMISSION
0001209191-04-002925,2004-01-14,2004-01-12,2004-01-14T21:10:16.000Z,,4,,,,4,5553,0,0,,xslF345X02/doc4.xml,FORM 4 SUBMISSION
0001209191-04-002929,2004-01-14,2004-01-12,2004-01-14T21:13:01.000Z,,4,,,,4,5197,0,0,,xslF345X02/doc4.xml,FORM 4 SUBMISSION
0001209191-04-002933,2004-01-14,2004-01-12,2004-01-14T21:16:59.000Z,,4,,,,4,5361,0,0,,xslF345X02/doc4.xml,FORM 4 SUBMISSION
0001209191-04-002935,2004-01-14,2004-01-12,2004-01-14T21:19:37.000Z,,4,,,,4,5403,0,0,,xslF345X02/doc4.xml,FORM 4 SUBMISSION
0001209191-04-002937,2004-01-14,2004-01-12,2004-01-14T21:21:19.000Z,,4,,,,4,5330,0,0,,xslF345X02/doc4.xml,FORM 4 SUBMISSION
0000950123-04-000486,2004-01-20,2004-01-20,2004-01-20T17:57:14.000Z,,8-K,001-02958,04531843,12,8-K,27051,0,0,,y93335e8vk.txt,HUBBELL INCORPORATED
0001209191-04-003816,2004-01-21,2004-01-19,2004-01-21T15:11:58.000Z,,4,,,,4,5185,0,0,,xslF345X02/doc4.xml,FORM 4 SUBMISSION
0001209191-04-003818,2004-01-21,2004-01-19,2004-01-21T15:14:13.000Z,,4,,,,4,5151,0,0,,xslF345X02/doc4.xml,FORM 4 SUBMISSION
0001209191-04-003859,2004-01-21,2004-01-20,2004-01-21T19:18:26.000Z,,4,,,,4,5081,0,0,,xslF345X02/doc4.xml,FORM 4 SUBMISSION
0001209191-04-003861,2004-01-21,2004-01-20,2004-01-21T19:20:04.000Z,,4,,,,4,5079,0,0,,xslF345X02/doc4.xml,FORM 4 SUBMISSION
0001209191-04-005082,2004-01-28,2004-01-27,2004-01-28T20:43:04.000Z,,4,,,,4,5033,0,0,,xslF345X02/doc4.xml,FORM 4 SUBMISSION
0001209191-04-005084,2004-01-28,2004-01-27,2004-01-28T20:44:46.000Z,,4,,,,4,5031,0,0,,xslF345X02/doc4.xml,FORM 4 SUBMISSION
0001047469-04-003157,2004-02-04,,2004-02-04T19:07:31.000Z,,SC 13G/A,005-17643,04566105,,SC 13G/A,6326,0,0,,a2127790zsc13ga.txt,13G/A
0001209191-04-007158,2004-02-05,2004-02-03,2004-02-05T20:34:54.000Z,,4,,,,4,9136,0,0,,xslF345X02/doc4.xml,FORM 4 SUBMISSION
0000080255-04-000241,2004-02-10,,2004-02-10T16:49:46.000Z,,SC 13G/A,005-17643,04580467,,SC 13G/A,10680,0,0,,hub.txt,"HUB AS OF DECEMBER 31, 2003"
0000080255-04-000242,2004-02-10,,2004-02-10T16:50:07.000Z,,SC 13G/A,005-17643,04580468,,SC 13G/A,10680,0,0,,hub.txt,"HUB AS OF DECEMBER 31, 2003"
0000017283-04-000434,2004-02-13,,2004-02-13T02:13:59.000Z,,SC 13G/A,005-17643,04594239,,SC 13G/A,13268,0,0,,edghubb.txt,SC 13G/A
0001209191-04-009651,2004-02-13,2004-02-12,2004-02-13T18:11:18.000Z,,4,,,,4,6583,0,0,,xslF345X02/doc4.xml,FORM 4 SUBMISSION
0001209191-04-009653,2004-02-13,2004-02-12,2004-02-13T18:13:35.000Z,,4,,,,4,6581,0,0,,xslF345X02/doc4.xml,FORM 4 SUBMISSION
0001209191-04-010497,2004-02-17,2004-02-13,2004-02-17T19:39:41.000Z,,4,,,,4,6300,0,0,,xslF345X02/doc4.xml,FORM 4 SUBMISSION
0001209191-04-010505,2004-02-17,2004-02-13,2004-02-17T19:42:18.000Z,,4,,,,4,6362,0,0,,xslF345X02/doc4.xml,FORM 4 SUBMISSION
0001209191-04-010520,2004-02-17,2004-02-13,2004-02-17T19:48:12.000Z,,4,,,,4,6268,0,0,,xslF345X02/doc4.xml,FORM 4 SUBMISSION
0001209191-04-010551,2004-02-17,2004-02-13,2004-02-17T20:02:15.000Z,,4,,,,4,6601,0,0,,xslF345X02/doc4.xml,FORM 4 SUBMISSION
0001209191-04-010555,2004-02-17,2004-02-13,2004-02-17T20:06:19.000Z,,4,,,,4,6233,0,0,,xslF345X02/doc4.xml,FORM 4 SUBMISSION
0001209191-04-010560,2004-02-17,2004-02-13,2004-02-17T20:09:04.000Z,,4,,,,4,6398,0,0,,xslF345X02/doc4.xml,FORM 4 SUBMISSION
0001209191-04-010572,2004-02-17,2004-02-13,2004-02-17T20:17:10.000Z,,4,,,,4,6442,0,0,,xslF345X02/doc4.xml,FORM 4 SUBMISSION
0001209191-04-010577,2004-02-17,2004-02-13,2004-02-17T20:21:15.000Z,,4,,,,4,6366,0,0,,xslF345X02/doc4.xml,FORM 4 SUBMISSION
0001209191-04-011637,2004-02-20,2004-02-19,2004-02-20T18:32:43.000Z,,4,,,,4,5033,0,0,,xslF345X02/doc4.xml,FORM 4 SUBMISSION
0001209191-04-011640,2004-02-20,2004-02-19,2004-02-20T18:34:33.000Z,,4,,,,4,5031,0,0,,xslF345X02/doc4.xml,FORM 4 SUBMISSION
0001209191-04-011861,2004-02-23,2004-02-19,2004-02-23T14:22:24.000Z,,4,,,,4,6300,0,0,,xslF345X02/doc4.xml,FORM 4 SUBMISSION
0001209191-04-011863,2004-02-23,2004-02-19,2004-02-23T14:24:42.000Z,,4,,,,4,6360,0,0,,xslF345X02/doc4.xml,FORM 4 SUBMISSION
0001209191-04-011866,2004-02-23,2004-02-19,2004-02-23T14:30:31.000Z,,4,,,,4,6266,0,0,,xslF345X02/doc4.xml,FORM 4 SUBMISSION
0001209191-04-011868,2004-02-23,2004-02-19,2004-02-23T14:33:13.000Z,,4,,,,4,6599,0,0,,xslF345X02/doc4.xml,FORM 4 SUBMISSION
0001209191-04-011872,2004-02-23,2004-02-19,2004-02-23T14:43:42.000Z,,4,,,,4,6440,0,0,,xslF345X02/doc4.xml,FORM 4 SUBMISSION
0001209191-04-012012,2004-02-23,2004-02-20,2004-02-23T21:03:20.000Z,,4,,,,4,6300,0,0,,xslF345X02/doc4.xml,FORM 4 SUBMISSION
0001209191-04-012014,2004-02-23,2004-02-20,2004-02-23T21:05:04.000Z,,4,,,,4,6360,0,0,,xslF345X02/doc4.xml,FORM 4 SUBMISSION
0001209191-04-012017,2004-02-23,2004-02-20,2004-02-23T21:06:33.000Z,,4,,,,4,6266,0,0,,xslF345X02/doc4.xml,FORM 4 SUBMISSION
0001209191-04-012019,2004-02-23,2004-02-20,2004-02-23T21:08:31.000Z,,4,,,,4,6599,0,0,,xslF345X02/doc4.xml,FORM 4 SUBMISSION
0001209191-04-012023,2004-02-23,2004-02-20,2004-02-23T21:10:45.000Z,,4,,,,4,8038,0,0,,xslF345X02/doc4.xml,FORM 4 SUBMISSION
0001209191-04-012403,2004-02-24,2004-02-23,2004-02-24T21:48:27.000Z,,4,,,,4,5033,0,0,,xslF345X02/doc4.xml,FORM 4 SUBMISSION
0001209191-04-012405,2004-02-24,2004-02-23,2004-02-24T21:50:11.000Z,,4,,,,4,5031,0,0,,xslF345X02/doc4.xml,FORM 4 SUBMISSION
0001209191-04-012408,2004-02-24,2004-02-23,2004-02-24T21:52:41.000Z,,4,,,,4,5095,0,0,,xslF345X02/doc4.xml,FORM 4 SUBMISSION
0000950123-04-002915,2004-03-05,2003-12-31,2004-03-05T22:28:34.000Z,,10-K,001-02958,04653038,,10-K,1199035,0,0,,y93650e10vk.htm,FORM 10-K
0000950123-04-003303,2004-03-15,2004-05-03,2004-03-15T17:18:22.000Z,,DEF 14A,001-02958,04668452,,DEF 14A,275601,0,0,,y93651def14a.htm,HUBBELL INCORPORATED
9999999997-04-011090,2004-03-18,2003-12-31,2004-03-19T15:57:43.000Z,,ARS,001-02958,04020315,,ARS,1779,0,0,,9999999997-04-011090.paper,AUTO-GENERATED PAPER DOCUMENT
0001209191-04-018734,2004-04-02,2004-04-01,2004-04-02T17:38:24.000Z,,4,,,,4,6266,0,0,,xslF345X02/doc4.xml,FORM 4 SUBMISSION
0001209191-04-018736,2004-04-02,2004-04-01,2004-04-02T17:40:06.000Z,,4,,,,4,6360,0,0,,xslF345X02/doc4.xml,FORM 4 SUBMISSION
0001209191-04-020009,2004-04-08,2004-04-07,2004-04-08T17:35:34.000Z,,4,,,,4,14330,0,0,,xslF345X02/doc4.xml,FORM 4 SUBMISSION
0001209191-04-020013,2004-04-08,2004-04-07,2004-04-08T17:38:14.000Z,,4,,,,4,14331,0,0,,xslF345X02/doc4.xml,FORM 4 SUBMISSION
0001209191-04-020029,2004-04-08,2004-04-08,2004-04-08T18:17:55.000Z,,4,,,,4,14330,0,0,,xslF345X02/doc4.xml,FORM 4 SUBMISSION
0001209191-04-020031,2004-04-08,2004-04-08,2004-04-08T18:22:53.000Z,,4,,,,4,14332,0,0,,xslF345X02/doc4.xml,FORM 4 SUBMISSION
0001209191-04-020418,2004-04-13,2004-04-12,2004-04-13T17:35:50.000Z,,4,,,,4,5033,0,0,,xslF345X02/doc4.xml,FORM 4 SUBMISSION
0001209191-04-020420,2004-04-13,2004-04-12,2004-04-13T17:42:24.000Z,,4,,,,4,5031,0,0,,xslF345X02/doc4.xml,FORM 4 SUBMISSION
0001209191-04-020442,2004-04-13,2004-04-12,2004-04-13T20:15:10.000Z,,4,,,,4,8040,0,0,,xslF345X02/doc4.xml,FORM 4 SUBMISSION
0001209191-04-020444,2004-04-13,2004-04-12,2004-04-13T20:17:20.000Z,,4,,,,4,6466,0,0,,xslF345X02/doc4.xml,FORM 4 SUBMISSION
0001209191-04-020447,2004-04-13,2004-04-12,2004-04-13T20:19:08.000Z,,4,,,,4,9592,0,0,,xslF345X02/doc4.xml,FORM 4 SUBMISSION
0001209191-04-020452,2004-04-13,2004-04-12,2004-04-13T20:21:03.000Z,,4,,,,4,6706,0,0,,xslF345X02/doc4.xml,FORM 4 SUBMISSION
0001209191-04-020454,2004-04-13,2004-04-12,2004-04-13T20:23:57.000Z,,4,,,,4,6337,0,0,,xslF345X02/doc4.xml,FORM 4 SUBMISSION
0001209191-04-020457,2004-04-13,2004-04-12,2004-04-13T20:26:22.000Z,,4,,,,4,6501,0,0,,xslF345X02/doc4.xml,FORM 4 SUBMISSION
0001209191-04-020459,2004-04-13,2004-04-12,2004-04-13T20:28:57.000Z,,4,,,,4,6542,0,0,,xslF345X02/doc4.xml,FORM 4 SUBMISSION
0001209191-04-020470,2004-04-13,2004-04-12,2004-04-13T20:51:13.000Z,,4,,,,4,6470,0,0,,xslF345X02/doc4.xml,FORM 4 SUBMISSION
0001209191-04-020562,2004-04-14,2004-04-13,2004-04-14T15:43:26.000Z,,4,,,,4,6581,0,0,,xslF345X02/doc4.xml,FORM 4 SUBMISSION
0001209191-04-020565,2004-04-14,2004-04-13,2004-04-14T15:48:06.000Z,,4,,,,4,6580,0,0,,xslF345X02/doc4.xml,FORM 4 SUBMISSION
0001209191-04-020795,2004-04-15,2004-04-14,2004-04-15T20:59:55.000Z,,4,,,,4,6581,0,0,,xslF345X02/doc4.xml,FORM 4 SUBMISSION
0001209191-04-020800,2004-04-15,2004-04-14,2004-04-15T21:03:47.000Z,,4,,,,4,6579,0,0,,xslF345X02/doc4.xml,FORM 4 SUBMISSION
0001209191-04-020825,2004-04-16,2004-04-15,2004-04-16T12:52:39.000Z,,4,,,,4,5032,0,0,,xslF345X02/doc4.xml,FORM 4 SUBMISSION
0001209191-04-020827,2004-04-16,2004-04-15,2004-04-16T13:01:29.000Z,,4,,,,4,5031,0,0,,xslF345X02/doc4.xml,FORM 4 SUBMISSION
0001209191-04-021250,2004-04-20,2004-04-19,2004-04-20T14:26:42.000Z,,4,,,,4,6581,0,0,,xslF345X02/doc4.xml,FORM 4 SUBMISSION
0001209191-04-021252,2004-04-20,2004-04-19,2004-04-20T14:29:53.000Z,,4,,,,4,6582,0,0,,xslF345X02/doc4.xml,FORM 4 SUBMISSION
0001209191-04-021256,2004-04-20,2004-04-19,2004-04-20T14:35:02.000Z,,4,,,,4,6300,0,0,,xslF345X02/doc4.xml,FORM 4 SUBMISSION
0000950123-04-004839,2004-04-20,2004-04-20,2004-04-20T18:41:44.000Z,,8-K,001-02958,04742583,12,8-K,22437,0,0,,y96343e8vk.txt,HUBBELL INCORPORATED
0001209191-04-021854,2004-04-26,2004-04-23,2004-04-26T15:43:12.000Z,,4,,,,4,8802,0,0,,xslF345X02/doc4.xml,FORM 4 SUBMISSION
0001209191-04-022113,2004-04-27,2004-04-26,2004-04-27T20:24:15.000Z,,4,,,,4,5032,0,0,,xslF345X02/doc4.xml,FORM 4 SUBMISSION
0001209191-04-022116,2004-04-27,2004-04-26,2004-04-27T20:29:47.000Z,,4,,,,4,5030,0,0,,xslF345X02/doc4.xml,FORM 4 SUBMISSION
0001209191-04-022398,2004-04-28,2004-04-27,2004-04-28T19:18:15.000Z,,4,,,,4,18982,0,0,,xslF345X02/doc4.xml,FORM 4 SUBMISSION
0001209191-04-022402,2004-04-28,2004-04-27,2004-04-28T19:22:03.000Z,,4,,,,4,18980,0,0,,xslF345X02/doc4.xml,FORM 4 SUBMISSION
0001209191-04-022797,2004-04-30,2004-04-28,2004-04-30T15:16:56.000Z,,4,,,,4,6583,0,0,,xslF345X02/doc4.xml,FORM 4 SUBMISSION
0001209191-04-022799,2004-04-30,2004-04-28,2004-04-30T15:19:12.000Z,,4,,,,4,6581,0,0,,xslF345X02/doc4.xml,FORM 4 SUBMISSION
0001209191-04-023463,2004-05-04,2004-05-02,2004-05-04T17:38:39.000Z,,4,,,,4,6300,0,0,,xslF345X02/doc4.xml,FORM 4 SUBMISSION
0001209191-04-023470,2004-05-04,2004-05-02,2004-05-04T17:47:33.000Z,,4,,,,4,6360,0,0,,xslF345X02/doc4.xml,FORM 4 SUBMISSION
0001209191-04-023472,2004-05-04,2004-05-02,2004-05-04T17:50:27.000Z,,4,,,,4,6266,0,0,,xslF345X02/doc4.xml,FORM 4 SUBMISSION
0001209191-04-023833,2004-05-05,2004-05-03,2004-05-05T19:00:56.000Z,,4,,,,4,6300,0,0,,xslF345X02/doc4.xml,FORM 4 SUBMISSION
0001209191-04-023836,2004-05-05,2004-05-03,2004-05-05T19:03:36.000Z,,4,,,,4,6360,0,0,,xslF345X02/doc4.xml,FORM 4 SUBMISSION
0001209191-04-023839,2004-05-05,2004-05-03,2004-05-05T19:05:27.000Z,,4,,,,4,6266,0,0,,xslF345X02/doc4.xml,FORM 4 SUBMISSION
0001209191-04-023843,2004-05-05,2004-05-03,2004-05-05T19:07:35.000Z,,4,,,,4,6599,0,0,,xslF345X02/doc4.xml,FORM 4 SUBMISSION
0001209191-04-023845,2004-05-05,2004-05-03,2004-05-05T19:09:26.000Z,,4,,,,4,6440,0,0,,xslF345X02/doc4.xml,FORM 4 SUBMISSION
0000950123-04-005939,2004-05-07,2004-03-31,2004-05-07T17:15:38.000Z,,10-Q,001-02958,04788046,,10-Q,225800,0,0,,y96994e10vq.htm,FORM 10-Q
0001209191-04-024835,2004-05-11,2004-05-10,2004-05-11T14:25:01.000Z,,4,,,,4,14506,0,0,,xslF345X02/doc4.xml,FORM 4 SUBMISSION
0001209191-04-025270,2004-05-12,2004-05-11,2004-05-12T19:37:29.000Z,,4,,,,4,8809,0,0,,xslF345X02/doc4.xml,FORM 4 SUBMISSION
0001209191-04-026115,2004-05-17,2004-05-14,2004-05-17T20:47:39.000Z,,4,,,,4,6300,0,0,,xslF345X02/doc4.xml,FORM 4 SUBMISSION
0001209191-04-026120,2004-05-17,2004-05-14,2004-05-17T20:49:23.000Z,,4,,,,4,6362,0,0,,xslF345X02/doc4.xml,FORM 4 SUBMISSION
0001209191-04-026123,2004-05-17,2004-05-14,2004-05-17T20:51:31.000Z,,4,,,,4,6268,0,0,,xslF345X02/doc4.xml,FORM 4 SUBMISSION
0001209191-04-026127,2004-05-17,2004-05-14,2004-05-17T20:53:42.000Z,,4,,,,4,6601,0,0,,xslF345X02/doc4.xml,FORM 4 SUBMISSION
0001209191-04-026129,2004-05-17,2004-05-14,2004-05-17T20:55:18.000Z,,4,,,,4,6231,0,0,,xslF345X02/doc4.xml,FORM 4 SUBMISSION
0001209191-04-026132,2004-05-17,2004-05-14,2004-05-17T20:56:45.000Z,,4,,,,4,6398,0,0,,xslF345X02/doc4.xml,FORM 4 SUBMISSION
0001209191-04-026134,2004-05-17,2004-05-14,2004-05-17T20:58:33.000Z,,4,,,,4,6442,0,0,,xslF345X02/doc4.xml,FORM 4 SUBMISSION
0001209191-04-026136,2004-05-17,2004-05-14,2004-05-17T21:02:22.000Z,,4,,,,4,6364,0,0,,xslF345X02/doc4.xml,FORM 4 SUBMISSION
0001209191-04-030601,2004-06-10,2004-06-08,2004-06-10T13:00:19.000Z,,4,,,,4,6300,0,0,,xslF345X02/doc4.xml,FORM 4 SUBMISSION
0001209191-04-030604,2004-06-10,2004-06-08,2004-06-10T13:03:42.000Z,,4,,,,4,6360,0,0,,xslF345X02/doc4.xml,FORM 4 SUBMISSION
0001209191-04-030607,2004-06-10,2004-06-08,2004-06-10T13:06:39.000Z,,4,,,,4,6599,0,0,,xslF345X02/doc4.xml,FORM 4 SUBMISSION
0001209191-04-030610,2004-06-10,2004-06-08,2004-06-10T13:09:37.000Z,,4,,,,4,6440,0,0,,xslF345X02/doc4.xml,FORM 4 SUBMISSION
0001209191-04-030809,2004-06-14,2004-06-09,2004-06-14T13:00:09.000Z,,4,,,,4,6300,0,0,,xslF345X02/doc4.xml,FORM 4 SUBMISSION
0001209191-04-030812,2004-06-14,2004-06-09,2004-06-14T13:07:06.000Z,,4,,,,4,6360,0,0,,xslF345X02/doc4.xml,FORM 4 SUBMISSION
0001209191-04-030814,2004-06-14,2004-06-09,2004-06-14T13:09:05.000Z,,4,,,,4,6266,0,0,,xslF345X02/doc4.xml,FORM 4 SUBMISSION
0001209191-04-030817,2004-06-14,2004-06-09,2004-06-14T13:17:21.000Z,,4,,,,4,6599,0,0,,xslF345X02/doc4.xml,FORM 4 SUBMISSION
0001209191-04-030819,2004-06-14,2004-06-09,2004-06-14T13:20:18.000Z,,4,,,,4,6436,0,0,,xslF345X02/doc4.xml,FORM 4 SUBMISSION
0001209191-04-031658,2004-06-17,2004-06-16,2004-06-17T20:50:54.000Z,,4,,,,4,5033,0,0,,xslF345X02/doc4.xml,FORM 4 SUBMISSION
0001209191-04-031661,2004-06-17,2004-06-16,2004-06-17T20:55:00.000Z,,4,,,,4,5031,0,0,,xslF345X02/doc4.xml,FORM 4 SUBMISSION
0001209191-04-035864,2004-07-14,2004-07-12,2004-07-14T14:15:28.000Z,,4,,,,4,8031,0,0,,xslF345X02/doc4.xml,FORM 4 SUBMISSION
0001209191-04-035866,2004-07-14,2004-07-12,2004-07-14T14:17:31.000Z,,4,,,,4,6459,0,0,,xslF345X02/doc4.xml,FORM 4 SUBMISSION
0001209191-04-035868,2004-07-14,2004-07-12,2004-07-14T14:20:57.000Z,,4,,,,4,9581,0,0,,xslF345X02/doc4.xml,FORM 4 SUBMISSION
0001209191-04-035870,2004-07-14,2004-07-12,2004-07-14T14:26:05.000Z,,4,,,,4,6697,0,0,,xslF345X02/doc4.xml,FORM 4 SUBMISSION
0001209191-04-035872,2004-07-14,2004-07-12,2004-07-14T14:29:02.000Z,,4,,,,4,6329,0,0,,xslF345X02/doc4.xml,FORM 4 SUBMISSION
0001209191-04-035874,2004-07-14,2004-07-12,2004-07-14T14:31:39.000Z,,4,,,,4,6494,0,0,,xslF345X02/doc4.xml,FORM 4 SUBMISSION
0001209191-04-035878,2004-07-14,2004-07-12,2004-07-14T14:40:33.000Z,,4,,,,4,6551,0,0,,xslF345X02/doc4.xml,FORM 4 SUBMISSION
0001209191-04-035883,2004-07-14,2004-07-12,2004-07-14T14:43:09.000Z,,4,,,,4,6469,0,0,,xslF345X02/doc4.xml,FORM 4 SUBMISSION
0000950123-04-008566,2004-07-20,2004-07-20,2004-07-20T17:25:52.000Z,,8-K,001-02958,04921719,12,8-K,24104,0,0,,y99203e8vk.txt,HUBBELL INCORPORATED
0001209191-04-036726,2004-07-21,2004-07-19,2004-07-21T13:43:15.000Z,,4,,,,4,6293,0,0,,xslF345X02/doc4.xml,FORM 4 SUBMISSION
0001209191-04-036729,2004-07-21,2004-07-19,2004-07-21T13:47:29.000Z,,4,,,,4,6259,0,0,,xslF345X02/doc4.xml,FORM 4 SUBMISSION
0001209191-04-036731,2004-07-21,2004-07-19,2004-07-21T13:50:22.000Z,,4,,,,4,6448,0,0,,xslF345X02/doc4.xml,FORM 4 SUBMISSION
0001209191-04-038999,2004-08-03,2004-08-02,2004-08-03T19:49:55.000Z,,4,,,,4,6293,0,0,,xslF345X02/doc4.xml,FORM 4 SUBMISSION
0001209191-04-039004,2004-08-03,2004-08-02,2004-08-03T19:51:52.000Z,,4,,,,4,6259,0,0,,xslF345X02/doc4.xml,FORM 4 SUBMISSION
0001209191-04-039008,2004-08-03,2004-08-02,2004-08-03T19:53:35.000Z,,4,,,,4,6448,0,0,,xslF345X02/doc4.xml,FORM 4 SUBMISSION
0000950123-04-009292,2004-08-05,2004-06-30,2004-08-05T16:04:33.000Z,,10-Q,001-02958,04953928,,10-Q,295212,0,0,,y99578e10vq.htm,FORM 10-Q
0001209191-04-040952,2004-08-16,2004-08-13,2004-08-16T20:44:17.000Z,,4,,,,4,6293,0,0,,xslF345X02/doc4.xml,FORM 4 SUBMISSION
0001209191-04-040954,2004-08-16,2004-08-13,2004-08-16T20:46:50.000Z,,4,,,,4,6355,0,0,,xslF345X02/doc4.xml,FORM 4 SUBMISSION
0001209191-04-040958,2004-08-16,2004-08-13,2004-08-16T20:58:51.000Z,,4,,,,4,6259,0,0,,xslF345X02/doc4.xml,FORM 4 SUBMISSION
0001209191-04-040960,2004-08-16,2004-08-13,2004-08-16T21:01:43.000Z,,4,,,,4,6594,0,0,,xslF345X02/doc4.xml,FORM 4 SUBMISSION
0001209191-04-040962,2004-08-16,2004-08-13,2004-08-16T21:05:03.000Z,,4,,,,4,6224,0,0,,xslF345X02/doc4.xml,FORM 4 SUBMISSION
0001209191-04-040965,2004-08-16,2004-08-13,2004-08-16T21:06:50.000Z,,4,,,,4,6391,0,0,,xslF345X02/doc4.xml,FORM 4 SUBMISSION
0001209191-04-040969,2004-08-16,2004-08-13,2004-08-16T21:10:41.000Z,,4,,,,4,6448,0,0,,xslF345X02/doc4.xml,FORM 4 SUBMISSION
0001209191-04-040971,2004-08-16,2004-08-13,2004-08-16T21:12:40.000Z,,4,,,,4,6363,0,0,,xslF345X02/doc4.xml,FORM 4 SUBMISSION
0001209191-04-041336,2004-08-18,2004-08-17,2004-08-18T21:02:30.000Z,,4,,,,4,5022,0,0,,xslF345X02/doc4.xml,FORM 4 SUBMISSION
0001209191-04-041342,2004-08-18,2004-08-17,2004-08-18T21:04:06.000Z,,4,,,,4,5020,0,0,,xslF345X02/doc4.xml,FORM 4 SUBMISSION
0000950123-04-011015,2004-09-15,2004-09-15,2004-09-15T18:12:10.000Z,,8-K,001-02958,041031336,5.02,8-K,8267,0,0,,y01070e8vk.txt,HUBBELL INC.
0001209191-04-044585,2004-09-15,2004-09-14,2004-09-15T20:44:16.000Z,,4,,,,4,6322,0,0,,xslF345X02/doc4.xml,FORM 4 SUBMISSION
0001209191-04-044589,2004-09-15,2004-09-14,2004-09-15T20:46:05.000Z,,4,,,,4,6383,0,0,,xslF345X02/doc4.xml,FORM 4 SUBMISSION
0001209191-04-044593,2004-09-15,2004-09-14,2004-09-15T20:49:30.000Z,,4,,,,4,6289,0,0,,xslF345X02/doc4.xml,FORM 4 SUBMISSION
0001209191-04-044596,2004-09-15,2004-09-14,2004-09-15T20:52:12.000Z,,4,,,,4,6622,0,0,,xslF345X02/doc4.xml,FORM 4 SUBMISSION
0001209191-04-044599,2004-09-15,2004-09-14,2004-09-15T20:54:21.000Z,,4,,,,4,6478,0,0,,xslF345X02/doc4.xml,FORM 4 SUBMISSION
0001209191-04-044719,2004-09-16,2004-09-15,2004-09-16T18:37:43.000Z,,4,,,,4,6323,0,0,,xslF345X02/doc4.xml,FORM 4 SUBMISSION
0001209191-04-044721,2004-09-16,2004-09-15,2004-09-16T18:43:54.000Z,,4,,,,4,6383,0,0,,xslF345X02/doc4.xml,FORM 4 SUBMISSION
0001209191-04-044724,2004-09-16,2004-09-15,2004-09-16T18:55:14.000Z,,4,,,,4,6289,0,0,,xslF345X02/doc4.xml,FORM 4 SUBMISSION
0001209191-04-044728,2004-09-16,2004-09-15,2004-09-16T18:57:01.000Z,,4,,,,4,6622,0,0,,xslF345X02/doc4.xml,FORM 4 SUBMISSION
0001209191-04-044734,2004-09-16,2004-09-15,2004-09-16T18:59:23.000Z,,4,,,,4,6478,0,0,,xslF345X02/doc4.xml,FORM 4 SUBMISSION
0001209191-04-047022,2004-10-04,2004-10-01,2004-10-04T20:20:50.000Z,,4,,,,4,5051,0,0,,xslF345X02/doc4.xml,FORM 4 SUBMISSION
0001209191-04-047025,2004-10-04,2004-10-01,2004-10-04T20:22:51.000Z,,4,,,,4,5049,0,0,,xslF345X02/doc4.xml,FORM 4 SUBMISSION
0001209191-04-047713,2004-10-06,2004-10-05,2004-10-06T19:48:57.000Z,,4,,,,4,5052,0,0,,xslF345X02/doc4.xml,FORM 4 SUBMISSION
0001209191-04-047716,2004-10-06,2004-10-05,2004-10-06T19:50:47.000Z,,4,,,,4,5050,0,0,,xslF345X02/doc4.xml,FORM 4 SUBMISSION
0001209191-04-048311,2004-10-14,2004-10-12,2004-10-14T15:07:32.000Z,,4,,,,4,8061,0,0,,xslF345X02/doc4.xml,FORM 4 SUBMISSION
0001209191-04-048313,2004-10-14,2004-10-12,2004-10-14T15:16:22.000Z,,4,,,,4,6489,0,0,,xslF345X02/doc4.xml,FORM 4 SUBMISSION
0001209191-04-048315,2004-10-14,2004-10-12,2004-10-14T15:18:44.000Z,,4,,,,4,9613,0,0,,xslF345X02/doc4.xml,FORM 4 SUBMISSION
0001209191-04-048317,2004-10-14,2004-10-12,2004-10-14T15:34:36.000Z,,4,,,,4,6729,0,0,,xslF345X02/doc4.xml,FORM 4 SUBMISSION
0001209191-04-048319,2004-10-14,2004-10-12,2004-10-14T15:38:05.000Z,,4,,,,4,6360,0,0,,xslF345X02/doc4.xml,FORM 4 SUBMISSION
0001209191-04-048321,2004-10-14,2004-10-12,2004-10-14T15:40:32.000Z,,4,,,,4,6520,0,0,,xslF345X02/doc4.xml,FORM 4 SUBMISSION
0001209191-04-048324,2004-10-14,2004-10-12,2004-10-14T15:42:26.000Z,,4,,,,4,6583,0,0,,xslF345X02/doc4.xml,FORM 4 SUBMISSION
0001209191-04-048326,2004-10-14,2004-10-12,2004-10-14T15:47:36.000Z,,4,,,,4,6499,0,0,,xslF345X02/doc4.xml,FORM 4 SUBMISSION
0000950123-04-012203,2004-10-19,2004-10-19,2004-10-19T18:15:23.000Z,34,8-K,001-02958,041084963,2.02,8-K,25233,0,0,,y03910e8vk.txt,FORM 8-K
0001209191-04-048826,2004-10-19,2004-10-18,2004-10-19T21:23:22.000Z,,4,,,,4,6323,0,0,,xslF345X02/doc4.xml,FORM 4 SUBMISSION
0001209191-04-048828,2004-10-19,2004-10-18,2004-10-19T21:24:34.000Z,,4,,,,4,6289,0,0,,xslF345X02/doc4.xml,FORM 4 SUBMISSION
0001209191-04-048831,2004-10-19,2004-10-18,2004-10-19T21:25:53.000Z,,4,,,,4,6478,0,0,,xslF345X02/doc4.xml,FORM 4 SUBMISSION
0000950123-04-012314,2004-10-21,2004-10-20,2004-10-21T18:36:36.000Z,34,8-K,001-02958,041089451,"1.01,9.01",8-K,194472,0,0,,y03910k2e8vk.txt,FORM 8-K
0001209191-04-049164,2004-10-22,2004-10-20,2004-10-22T14:41:45.000Z,,4,,,,4,6383,0,0,,xslF345X02/doc4.xml,FORM 4 SUBMISSION
0001209191-04-049166,2004-10-22,2004-10-20,2004-10-22T14:48:59.000Z,,4,,,,4,6622,0,0,,xslF345X02/doc4.xml,FORM 4 SUBMISSION
0001209191-04-051015,2004-11-03,2004-11-01,2004-11-03T21:29:24.000Z,,4,,,,4,6323,0,0,,xslF345X02/doc4.xml,FORM 4 SUBMISSION
0001209191-04-051028,2004-11-03,2004-11-01,2004-11-03T21:48:14.000Z,,4,,,,4,6383,0,0,,xslF345X02/doc4.xml,FORM 4 SUBMISSION
0001209191-04-051031,2004-11-03,2004-11-01,2004-11-03T21:50:49.000Z,,4,,,,4,6289,0,0,,xslF345X02/doc4.xml,FORM 4 SUBMISSION
0001209191-04-051037,2004-11-03,2004-11-01,2004-11-03T21:53:17.000Z,,4,,,,4,6622,0,0,,xslF345X02/doc4.xml,FORM 4 SUBMISSION
0001209191-04-051040,2004-11-03,2004-11-01,2004-11-03T22:02:20.000Z,,4,,,,4,6478,0,0,,xslF345X02/doc4.xml,FORM 4 SUBMISSION
0001209191-04-051273,2004-11-04,2004-11-03,2004-11-04T20:25:04.000Z,,4,,,,4,6383,0,0,,xslF345X02/doc4.xml,FORM 4 SUBMISSION
0001209191-04-051277,2004-11-04,2004-11-03,2004-11-04T20:26:47.000Z,,4,,,,4,6289,0,0,,xslF345X02/doc4.xml,FORM 4 SUBMISSION
0001209191-04-051279,2004-11-04,2004-11-03,2004-11-04T20:28:05.000Z,,4,,,,4,6622,0,0,,xslF345X02/doc4.xml,FORM 4 SUBMISSION
0001209191-04-051382,2004-11-05,2004-11-03,2004-11-05T13:55:46.000Z,,4,,,,4,21965,0,0,,xslF345X02/doc4.xml,FORM 4 SUBMISSION
0001209191-04-051384,2004-11-05,2004-11-03,2004-11-05T13:59:29.000Z,,4,,,,4,21966,0,0,,xslF345X02/doc4.xml,FORM 4 SUBMISSION
0000950123-04-013075,2004-11-05,2004-11-05,2004-11-05T21:38:45.000Z,34,8-K,001-02958,041123220,"5.02,9.01",8-K,25739,0,0,,y68467e8vk.htm,HUBBELL INCORPORATED
0000950123-04-013174,2004-11-08,2004-09-30,2004-11-08T21:04:02.000Z,34,10-Q,001-02958,041125876,,10-Q,288779,0,0,,y68306e10vq.htm,HUBBELL INCORPORATED
0001209191-04-051799,2004-11-09,2004-11-05,2004-11-09T13:54:28.000Z,,4,,,,4,11202,0,0,,xslF345X02/doc4.xml,FORM 4 SUBMISSION
0001209191-04-051802,2004-11-09,2004-11-05,2004-11-09T13:57:13.000Z,,4,,,,4,11201,0,0,,xslF345X02/doc4.xml,FORM 4 SUBMISSION
0001209191-04-053013,2004-11-16,2004-11-15,2004-11-16T21:24:20.000Z,,4,,,,4,6323,0,0,,xslF345X02/doc4.xml,FORM 4 SUBMISSION
0001209191-04-053015,2004-11-16,2004-11-15,2004-11-16T21:26:10.000Z,,4,,,,4,6313,0,0,,xslF345X02/doc4.xml,FORM 4 SUBMISSION
0001209191-04-053022,2004-11-16,2004-11-15,2004-11-16T21:32:27.000Z,,4,,,,4,6291,0,0,,xslF345X02/doc4.xml,FORM 4 SUBMISSION
0001209191-04-053027,2004-11-16,2004-11-15,2004-11-16T21:34:24.000Z,,4,,,,4,6487,0,0,,xslF345X02/doc4.xml,FORM 4 SUBMISSION
0001209191-04-053030,2004-11-16,2004-11-15,2004-11-16T21:35:54.000Z,,4,,,,4,6255,0,0,,xslF345X02/doc4.xml,FORM 4 SUBMISSION
0001209191-04-053033,2004-11-16,2004-11-15,2004-11-16T21:37:36.000Z,,4,,,,4,6420,0,0,,xslF345X02/doc4.xml,FORM 4 SUBMISSION
0001209191-04-053035,2004-11-16,2004-11-15,2004-11-16T21:39:27.000Z,,4,,,,4,6480,0,0,,xslF345X02/doc4.xml,FORM 4 SUBMISSION
0001209191-04-053038,2004-11-16,2004-11-15,2004-11-16T21:41:30.000Z,,4,,,,4,6311,0,0,,xslF345X02/doc4.xml,FORM 4 SUBMISSION
0001209191-04-053464,2004-11-18,2004-11-16,2004-11-18T13:04:40.000Z,,4,,,,4,6323,0,0,,xslF345X02/doc4.xml,FORM 4 SUBMISSION
0001209191-04-053466,2004-11-18,2004-11-16,2004-11-18T13:14:58.000Z,,4,,,,4,6478,0,0,,xslF345X02/doc4.xml,FORM 4 SUBMISSION
0001209191-04-055067,2004-11-30,2004-11-29,2004-11-30T20:41:41.000Z,,4,,,,4,8126,0,0,,xslF345X02/doc4.xml,FORM 4 SUBMISSION
0001209191-04-055069,2004-11-30,2004-11-29,2004-11-30T20:45:10.000Z,,4,,,,4,8127,0,0,,xslF345X02/doc4.xml,FORM 4 SUBMISSION
0001209191-04-055796,2004-12-03,2004-12-02,2004-12-03T18:42:45.000Z,,4,,,,4,9665,0,0,,xslF345X02/doc4.xml,FORM 4 SUBMISSION
0001209191-04-055801,2004-12-03,2004-12-02,2004-12-03T18:45:46.000Z,,4,,,,4,9663,0,0,,xslF345X02/doc4.xml,FORM 4 SUBMISSION
0001209191-04-056398,2004-12-08,2004-12-07,2004-12-08T15:19:40.000Z,,4,,,,4,12739,0,0,,xslF345X02/doc4.xml,FORM 4 SUBMISSION
0001209191-04-056400,2004-12-08,2004-12-07,2004-12-08T15:21:52.000Z,,4,,,,4,12739,0,0,,xslF345X02/doc4.xml,FORM 4 SUBMISSION
0001209191-04-056405,2004-12-08,2004-12-06,2004-12-08T15:55:44.000Z,,4,,,,4,5814,0,0,,xslF345X02/doc4.xml,FORM 4 SUBMISSION
0001209191-04-056408,2004-12-08,2004-12-06,2004-12-08T16:03:43.000Z,,4,,,,4,5838,0,0,,xslF345X02/doc4.xml,FORM 4 SUBMISSION
0001209191-04-056417,2004-12-08,2004-12-06,2004-12-08T16:20:18.000Z,,4,,,,4,5832,0,0,,xslF345X02/doc4.xml,FORM 4 SUBMISSION
0001209191-04-056420,2004-12-08,2004-12-06,2004-12-08T16:24:03.000Z,,4,,,,4,5876,0,0,,xslF345X02/doc4.xml,FORM 4 SUBMISSION
0001209191-04-056429,2004-12-08,2004-12-06,2004-12-08T16:40:09.000Z,,4,,,,4,5837,0,0,,xslF345X02/doc4.xml,FORM 4 SUBMISSION
0001209191-04-056435,2004-12-08,2004-12-06,2004-12-08T16:50:18.000Z,,4,,,,4,7145,0,0,,xslF345X02/doc4.xml,FORM 4 SUBMISSION
0001209191-04-056438,2004-12-08,2004-12-06,2004-12-08T16:57:06.000Z,,4,,,,4,5845,0,0,,xslF345X02/doc4.xml,FORM 4 SUBMISSION
0001209191-04-056442,2004-12-08,2004-12-06,2004-12-08T16:59:40.000Z,,4,,,,4,5820,0,0,,xslF345X02/doc4.xml,FORM 4 SUBMISSION
0001209191-04-056451,2004-12-08,2004-12-06,2004-12-08T17:48:31.000Z,,4,,,,4,6322,0,0,,xslF345X02/doc4.xml,FORM 4 SUBMISSION
0001209191-04-056456,2004-12-08,2004-12-06,2004-12-08T18:02:13.000Z,,4,,,,4,6311,0,0,,xslF345X02/doc4.xml,FORM 4 SUBMISSION
0001209191-04-056458,2004-12-08,2004-12-06,2004-12-08T18:08:14.000Z,,4,,,,4,6288,0,0,,xslF345X02/doc4.xml,FORM 4 SUBMISSION
0001209191-04-056461,2004-12-08,2004-12-06,2004-12-08T18:12:34.000Z,,4,,,,4,6485,0,0,,xslF345X02/doc4.xml,FORM 4 SUBMISSION
0001209191-04-056465,2004-12-08,2004-12-06,2004-12-08T18:20:34.000Z,,4,,,,4,6478,0,0,,xslF345X02/doc4.xml,FORM 4 SUBMISSION
0001209191-04-056650,2004-12-09,2004-12-07,2004-12-09T13:12:31.000Z,,4,,,,4,6323,0,0,,xslF345X02/doc4.xml,FORM 4 SUBMISSION
0001209191-04-056652,2004-12-09,2004-12-07,2004-12-09T13:14:36.000Z,,4,,,,4,6311,0,0,,xslF345X02/doc4.xml,FORM 4 SUBMISSION
0001209191-04-056654,2004-12-09,2004-12-07,2004-12-09T13:21:20.000Z,,4,,,,4,6289,0,0,,xslF345X02/doc4.xml,FORM 4 SUBMISSION
0001209191-04-056656,2004-12-09,2004-12-07,2004-12-09T13:24:29.000Z,,4,,,,4,6485,0,0,,xslF345X02/doc4.xml,FORM 4 SUBMISSION
0001209191-04-056659,2004-12-09,2004-12-07,2004-12-09T13:26:28.000Z,,4,,,,4,6478,0,0,,xslF345X02/doc4.xml,FORM 4 SUBMISSION
0000950123-04-014585,2004-12-09,2004-12-06,2004-12-09T17:00:54.000Z,34,8-K,001-02958,041192441,"1.01,9.01",8-K,42082,0,0,,y69463e8vk.htm,FORM 8-K
0001209191-04-056708,2004-12-09,2004-12-08,2004-12-09T18:07:57.000Z,,4,,,,4,14277,0,0,,xslF345X02/doc4.xml,FORM 4 SUBMISSION
0001209191-04-056711,2004-12-09,2004-12-08,2004-12-09T18:10:46.000Z,,4,,,,4,14277,0,0,,xslF345X02/doc4.xml,FORM 4 SUBMISSION
0001209191-04-057023,2004-12-10,2004-12-09,2004-12-10T20:51:39.000Z,,4,,,,4,11202,0,0,,xslF345X02/doc4.xml,FORM 4 SUBMISSION
0001209191-04-057025,2004-12-10,2004-12-09,2004-12-10T20:53:14.000Z,,4,,,,4,11202,0,0,,xslF345X02/doc4.xml,FORM 4 SUBMISSION
0001209191-04-057772,2004-12-15,2004-12-13,2004-12-15T15:44:01.000Z,,4,,,,4,9662,0,0,,xslF345X02/doc4.xml,FORM 4 SUBMISSION
0001209191-04-057775,2004-12-15,2004-12-13,2004-12-15T15:46:39.000Z,,4,,,,4,9664,0,0,,xslF345X02/doc4.xml,FORM 4 SUBMISSION
0001209191-04-057996,2004-12-16,2004-12-14,2004-12-16T14:49:32.000Z,,4,,,,4,34270,0,0,,xslF345X02/doc4.xml,FORM 4 SUBMISSION
0001209191-04-057998,2004-12-16,2004-12-14,2004-12-16T14:52:18.000Z,,4,,,,4,34271,0,0,,xslF345X02/doc4.xml,FORM 4 SUBMISSION
0001209191-04-058000,2004-12-16,2004-12-15,2004-12-16T14:53:48.000Z,,4,,,,4,11201,0,0,,xslF345X02/doc4.xml,FORM 4 SUBMISSION
0001209191-04-058002,2004-12-16,2004-12-15,2004-12-16T14:55:08.000Z,,4,,,,4,11201,0,0,,xslF345X02/doc4.xml,FORM 4 SUBMISSION
0001209191-04-058890,2004-12-21,2004-12-17,2004-12-21T20:02:01.000Z,,4,,,,4,6311,0,0,,xslF345X02/doc4.xml,FORM 4 SUBMISSION
0001209191-04-058904,2004-12-21,2004-12-17,2004-12-21T20:17:12.000Z,,4,,,,4,6485,0,0,,xslF345X02/doc4.xml,FORM 4 SUBMISSION
0001209191-05-003015,2005-01-13,2005-01-11,2005-01-13T21:01:15.000Z,,4,,,,4,8062,0,0,,xslF345X02/doc4.xml,FORM 4 SUBMISSION
0001209191-05-003022,2005-01-13,2005-01-11,2005-01-13T21:11:43.000Z,,4,,,,4,6416,0,0,,xslF345X02/doc4.xml,FORM 4 SUBMISSION
0001209191-05-003024,2005-01-13,2005-01-11,2005-01-13T21:20:19.000Z,,4,,,,4,9614,0,0,,xslF345X02/doc4.xml,FORM 4 SUBMISSION
0001209191-05-003027,2005-01-13,2005-01-11,2005-01-13T21:22:41.000Z,,4,,,,4,6591,0,0,,xslF345X02/doc4.xml,FORM 4 SUBMISSION
0001209191-05-003030,2005-01-13,2005-01-11,2005-01-13T21:27:26.000Z,,4,,,,4,6360,0,0,,xslF345X02/doc4.xml,FORM 4 SUBMISSION
0001209191-05-003033,2005-01-13,2005-01-11,2005-01-13T21:29:23.000Z,,4,,,,4,6523,0,0,,xslF345X02/doc4.xml,FORM 4 SUBMISSION
0001209191-05-003036,2005-01-13,2005-01-11,2005-01-13T21:31:36.000Z,,4,,,,4,6582,0,0,,xslF345X02/doc4.xml,FORM 4 SUBMISSION
0001209191-05-003038,2005-01-13,2005-01-11,2005-01-13T21:34:09.000Z,,4,,,,4,6416,0,0,,xslF345X02/doc4.xml,FORM 4 SUBMISSION
0001209191-05-003362,2005-01-18,2005-01-14,2005-01-18T19:02:51.000Z,,4,,,,4,6322,0,0,,xslF345X02/doc4.xml,FORM 4 SUBMISSION
0001209191-05-003380,2005-01-18,2005-01-14,2005-01-18T20:03:51.000Z,,4,,,,4,6309,0,0,,xslF345X02/doc4.xml,FORM 4 SUBMISSION
0001209191-05-003382,2005-01-18,2005-01-14,2005-01-18T20:05:44.000Z,,4,,,,4,6250,0,0,,xslF345X02/doc4.xml,FORM 4 SUBMISSION
0001209191-05-003387,2005-01-18,2005-01-14,2005-01-18T20:09:59.000Z,,4,,,,4,6477,0,0,,xslF345X02/doc4.xml,FORM 4 SUBMISSION
0000950123-05-000516,2005-01-20,2005-01-20,2005-01-20T17:53:32.000Z,34,8-K,001-02958,05538174,2.02,8-K,29925,0,0,,y04821e8vk.txt,FORM 8-K
0001209191-05-003906,2005-01-20,2005-01-19,2005-01-20T21:30:03.000Z,,4,,,,4,6322,0,0,,xslF345X02/doc4.xml,FORM 4 SUBMISSION
0001209191-05-003911,2005-01-20,2005-01-19,2005-01-20T21:32:14.000Z,,4,,,,4,6288,0,0,,xslF345X02/doc4.xml,FORM 4 SUBMISSION
0001209191-05-003916,2005-01-20,2005-01-19,2005-01-20T21:36:20.000Z,,4,,,,4,6477,0,0,,xslF345X02/doc4.xml,FORM 4 SUBMISSION
0001140361-05-001055,2005-02-07,,2005-02-07T21:45:09.000Z,34,SC 13G,005-17643,05580974,,SC 13G,26581,0,0,,doc1.htm,
0001209191-05-007655,2005-02-08,2005-02-07,2005-02-08T22:29:02.000Z,,4,,,,4,15815,0,0,,xslF345X02/doc4.xml,FORM 4 SUBMISSION
0001209191-05-007657,2005-02-08,2005-02-07,2005-02-08T22:31:03.000Z,,4,,,,4,15814,0,0,,xslF345X02/doc4.xml,FORM 4 SUBMISSION
0001209191-05-008109,2005-02-10,2005-02-08,2005-02-10T15:40:26.000Z,,4,,,,4,17348,0,0,,xslF345X02/doc4.xml,FORM 4 SUBMISSION
0001209191-05-008111,2005-02-10,2005-02-08,2005-02-10T15:42:07.000Z,,4,,,,4,17349,0,0,,xslF345X02/doc4.xml,FORM 4 SUBMISSION
0001200952-05-000134,2005-02-11,,2005-02-10T23:20:42.000Z,34,SC 13G,005-17643,05594506,,SC 13G,12483,0,0,,tr_13g50210.txt,SCHEDULE 13G
0000888002-05-000432,2005-02-14,,2005-02-14T14:01:17.000Z,34,SC 13G,005-17643,05602568,,SC 13G,21669,0,0,,hub1231_g.txt,
0001047469-05-003529,2005-02-14,,2005-02-14T15:09:19.000Z,34,SC 13G/A,005-17643,05603471,,SC 13G/A,8232,0,0,,a2151843zsc13ga.txt,SC 13G/A
0001209191-05-009007,2005-02-14,2005-02-10,2005-02-14T17:43:18.000Z,,4,,,,4,5048,0,0,,xslF345X02/doc4.xml,FORM 4 SUBMISSION
0001209191-05-009012,2005-02-14,2005-02-10,2005-02-14T17:45:04.000Z,,4,,,,4,5046,0,0,,xslF345X02/doc4.xml,FORM 4 SUBMISSION
0000017283-05-000170,2005-02-14,,2005-02-14T18:56:58.000Z,34,SC 13G/A,005-17643,05607066,,SC 13G/A,13324,0,0,,edghubb.txt,SC 13G/A
0000902664-05-000580,2005-02-14,,2005-02-14T21:04:43.000Z,34,SC 13G,005-17643,05610076,,SC 13G,15093,0,0,,srz9814599.txt,JOHN A. LEVIN - HUBBLE INCORPORATED
0001209191-05-009808,2005-02-15,2005-02-11,2005-02-15T19:35:20.000Z,,4,,,,4,9663,0,0,,xslF345X02/doc4.xml,FORM 4 SUBMISSION
0001209191-05-009812,2005-02-15,2005-02-11,2005-02-15T19:37:41.000Z,,4,,,,4,9662,0,0,,xslF345X02/doc4.xml,FORM 4 SUBMISSION
0001209191-05-009814,2005-02-15,2005-02-14,2005-02-15T19:39:38.000Z,,4,,,,4,8126,0,0,,xslF345X02/doc4.xml,FORM 4 SUBMISSION
0001209191-05-009819,2005-02-15,2005-02-14,2005-02-15T19:43:22.000Z,,4,,,,4,8124,0,0,,xslF345X02/doc4.xml,FORM 4 SUBMISSION
0001209191-05-010262,2005-02-16,2005-02-15,2005-02-16T22:16:17.000Z,,4,,,,4,6586,0,0,,xslF345X02/doc4.xml,FORM 4 SUBMISSION
0001209191-05-010264,2005-02-16,2005-02-15,2005-02-16T22:18:25.000Z,,4,,,,4,6584,0,0,,xslF345X02/doc4.xml,FORM 4 SUBMISSION
0001209191-05-010501,2005-02-17,2005-02-15,2005-02-17T20:10:07.000Z,,4,,,,4,6321,0,0,,xslF345X02/doc4.xml,FORM 4 SUBMISSION
0001209191-05-010503,2005-02-17,2005-02-15,2005-02-17T20:15:11.000Z,,4,,,,4,6311,0,0,,xslF345X02/doc4.xml,FORM 4 SUBMISSION
0001209191-05-010505,2005-02-17,2005-02-15,2005-02-17T20:17:36.000Z,,4,,,,4,6289,0,0,,xslF345X02/doc4.xml,FORM 4 SUBMISSION
0001209191-05-010508,2005-02-17,2005-02-15,2005-02-17T20:22:41.000Z,,4,,,,4,6253,0,0,,xslF345X02/doc4.xml,FORM 4 SUBMISSION
0001209191-05-010510,2005-02-17,2005-02-15,2005-02-17T20:25:09.000Z,,4,,,,4,6419,0,0,,xslF345X02/doc4.xml,FORM 4 SUBMISSION
0001209191-05-010512,2005-02-17,2005-02-15,2005-02-17T20:27:33.000Z,,4,,,,4,6478,0,0,,xslF345X02/doc4.xml,FORM 4 SUBMISSION
0001209191-05-010514,2005-02-17,2005-02-15,2005-02-17T20:29:57.000Z,,4,,,,4,6308,0,0,,xslF345X02/doc4.xml,FORM 4 SUBMISSION
0001209191-05-010939,2005-02-18,2005-02-17,2005-02-18T20:52:11.000Z,,4,,,,4,8124,0,0,,xslF345X02/doc4.xml,FORM 4 SUBMISSION
0001209191-05-010959,2005-02-18,2005-02-17,2005-02-18T21:10:56.000Z,,4,,,,4,8122,0,0,,xslF345X02/doc4.xml,FORM 4 SUBMISSION
0001209191-05-010979,2005-02-18,2005-02-17,2005-02-18T21:22:15.000Z,,4,,,,4,6321,0,0,,xslF345X02/doc4.xml,FORM 4 SUBMISSION
0001209191-05-010989,2005-02-18,2005-02-17,2005-02-18T21:27:15.000Z,,4,,,,4,6307,0,0,,xslF345X02/doc4.xml,FORM 4 SUBMISSION
0001209191-05-010994,2005-02-18,2005-02-17,2005-02-18T21:29:29.000Z,,4,,,,4,6285,0,0,,xslF345X02/doc4.xml,FORM 4 SUBMISSION
0001209191-05-010997,2005-02-18,2005-02-17,2005-02-18T21:32:03.000Z,,4,,,,4,6474,0,0,,xslF345X02/doc4.xml,FORM 4 SUBMISSION
0001209191-05-011216,2005-02-22,2005-02-18,2005-02-22T13:45:46.000Z,,4,,,,4,9663,0,0,,xslF345X02/doc4.xml,FORM 4 SUBMISSION
0001209191-05-011221,2005-02-22,2005-02-18,2005-02-22T13:48:03.000Z,,4,,,,4,9661,0,0,,xslF345X02/doc4.xml,FORM 4 SUBMISSION
0001209191-05-011497,2005-02-22,2005-02-18,2005-02-22T21:50:14.000Z,,4,,,,4,6320,0,0,,xslF345X02/doc4.xml,FORM 4 SUBMISSION
0001209191-05-011500,2005-02-22,2005-02-18,2005-02-22T21:52:40.000Z,,4,,,,4,6309,0,0,,xslF345X02/doc4.xml,FORM 4 SUBMISSION
0001209191-05-011507,2005-02-22,2005-02-18,2005-02-22T21:56:40.000Z,,4,,,,4,6287,0,0,,xslF345X02/doc4.xml,FORM 4 SUBMISSION
0001209191-05-011513,2005-02-22,2005-02-18,2005-02-22T21:59:40.000Z,,4,,,,4,6476,0,0,,xslF345X02/doc4.xml,FORM 4 SUBMISSION
0001209191-05-011830,2005-02-24,2005-02-22,2005-02-24T14:57:08.000Z,,4,,,,4,9662,0,0,,xslF345X02/doc4.xml,FORM 4 SUBMISSION
0001209191-05-011832,2005-02-24,2005-02-22,2005-02-24T14:59:30.000Z,,4,,,,4,9660,0,0,,xslF345X02/doc4.xml,FORM 4 SUBMISSION
0001209191-05-011914,2005-02-24,2005-02-23,2005-02-24T20:20:34.000Z,,4,,,,4,5048,0,0,,xslF345X02/doc4.xml,FORM 4 SUBMISSION
0001209191-05-011917,2005-02-24,2005-02-23,2005-02-24T20:24:51.000Z,,4,,,,4,5046,0,0,,xslF345X02/doc4.xml,FORM 4 SUBMISSION
0000950123-05-002196,2005-02-24,2005-02-17,2005-02-24T21:08:04.000Z,34,8-K,001-02958,05637563,"1.01,9.01",8-K,24249,0,0,,y06149e8vk.txt,HUBBELL INCORPORATED
0001209191-05-012097,2005-02-25,2005-02-24,2005-02-25T16:23:53.000Z,,4,,,,4,8124,0,0,,xslF345X02/doc4.xml,FORM 4 SUBMISSION
0001209191-05-012100,2005-02-25,2005-02-24,2005-02-25T16:25:29.000Z,,4,,,,4,8122,0,0,,xslF345X02/doc4.xml,FORM 4 SUBMISSION
0001209191-05-014182,2005-03-07,2005-03-04,2005-03-07T22:28:59.000Z,,4,,,,4,6321,0,0,,xslF345X02/doc4.xml,FORM 4 SUBMISSION
0001209191-05-014184,2005-03-07,2005-03-04,2005-03-07T22:30:20.000Z,,4,,,,4,6311,0,0,,xslF345X02/doc4.xml,FORM 4 SUBMISSION
0001209191-05-014186,2005-03-07,2005-03-04,2005-03-07T22:31:52.000Z,,4,,,,4,6289,0,0,,xslF345X02/doc4.xml,FORM 4 SUBMISSION
0001209191-05-014193,2005-03-07,2005-03-04,2005-03-07T22:42:07.000Z,,4,,,,4,6478,0,0,,xslF345X02/doc4.xml,FORM 4 SUBMISSION
0000950123-05-002855,2005-03-09,2004-12-31,2005-03-09T21:20:02.000Z,34,10-K,001-02958,05669591,,10-K,1328565,0,0,,y06125ae10vk.htm,FORM 10-K
0000888002-05-000628,2005-03-10,,2005-03-10T15:06:28.000Z,34,SC 13G/A,005-17643,05670914,,SC 13G/A,22071,0,0,,hub0228_g.txt,
0000950123-05-003116,2005-03-15,2005-03-14,2005-03-15T15:52:32.000Z,34,8-K,001-02958,05680410,"1.01,1.02,9.01",8-K,376916,0,0,,y06489e8vk.txt,HUBBELL INC.
0000950123-05-003297,2005-03-17,2005-05-02,2005-03-17T22:11:41.000Z,34,DEF 14A,001-02958,05689653,,DEF 14A,470902,0,0,,y04889def14a.htm,DEFINITIVE PROXY STATEMENT
0001209191-05-016778,2005-03-21,2005-03-17,2005-03-21T20:16:08.000Z,,4,,,,4,23505,0,0,,xslF345X02/doc4.xml,FORM 4 SUBMISSION
0001209191-05-016782,2005-03-21,2005-03-17,2005-03-21T20:18:35.000Z,,4,,,,4,23504,0,0,,xslF345X02/doc4.xml,FORM 4 SUBMISSION
0000950123-05-003567,2005-03-24,,2005-03-24T20:46:09.000Z,34,DEFA14A,001-02958,05701943,,DEFA14A,44760,0,0,,y07137defa14a.htm,DEFINITIVE ADDITIONAL MATERIALS
9999999997-05-015586,2005-03-29,2004-12-31,2005-03-30T20:22:30.000Z,34,ARS,001-02958,05049015,,ARS,1808,0,0,,9999999997-05-015586.paper,AUTO-GENERATED PAPER DOCUMENT
0001209191-05-020421,2005-04-12,2005-04-11,2005-04-12T21:25:31.000Z,,4,,,,4,8060,0,0,,xslF345X02/doc4.xml,FORM 4 SUBMISSION
0001209191-05-020425,2005-04-12,2005-04-11,2005-04-12T21:27:46.000Z,,4,,,,4,6415,0,0,,xslF345X02/doc4.xml,FORM 4 SUBMISSION
0001209191-05-020427,2005-04-12,2005-04-11,2005-04-12T21:29:39.000Z,,4,,,,4,9613,0,0,,xslF345X02/doc4.xml,FORM 4 SUBMISSION
0001209191-05-020431,2005-04-12,2005-04-11,2005-04-12T21:31:04.000Z,,4,,,,4,6589,0,0,,xslF345X02/doc4.xml,FORM 4 SUBMISSION
0001209191-05-020437,2005-04-12,2005-04-11,2005-04-12T21:37:35.000Z,,4,,,,4,6357,0,0,,xslF345X02/doc4.xml,FORM 4 SUBMISSION
0001209191-05-020441,2005-04-12,2005-04-11,2005-04-12T21:39:14.000Z,,4,,,,4,6522,0,0,,xslF345X02/doc4.xml,FORM 4 SUBMISSION
0001209191-05-020443,2005-04-12,2005-04-11,2005-04-12T21:40:23.000Z,,4,,,,4,6581,0,0,,xslF345X02/doc4.xml,FORM 4 SUBMISSION
0001209191-05-020446,2005-04-12,2005-04-11,2005-04-12T21:41:39.000Z,,4,,,,4,6415,0,0,,xslF345X02/doc4.xml,FORM 4 SUBMISSION
0000950123-05-004444,2005-04-13,2005-04-13,2005-04-13T20:39:45.000Z,34,8-K,001-02958,05748658,8.01,8-K,11961,0,0,,y07796e8vk.txt,HUBBELL INCORPORATED
0001209191-05-020726,2005-04-14,2005-04-13,2005-04-14T18:57:09.000Z,,4,,,,4,6320,0,0,,xslF345X02/doc4.xml,FORM 4 SUBMISSION
0001209191-05-020728,2005-04-14,2005-04-13,2005-04-14T18:59:02.000Z,,4,,,,4,6287,0,0,,xslF345X02/doc4.xml,FORM 4 SUBMISSION
0001209191-05-020730,2005-04-14,2005-04-13,2005-04-14T19:02:18.000Z,,4,,,,4,6476,0,0,,xslF345X02/doc4.xml,FORM 4 SUBMISSION
0000950123-05-004672,2005-04-19,2005-04-19,2005-04-19T15:55:32.000Z,34,8-K,001-02958,05758508,2.02,8-K,26859,0,0,,y07919e8vk.txt,HUBBELL INCORPORATED
0001209191-05-021430,2005-04-20,2005-04-18,2005-04-20T20:34:05.000Z,,4,,,,4,6321,0,0,,xslF345X02/doc4.xml,FORM 4 SUBMISSION
0001209191-05-021433,2005-04-20,2005-04-18,2005-04-20T20:36:32.000Z,,4,,,,4,6287,0,0,,xslF345X02/doc4.xml,FORM 4 SUBMISSION
0001209191-05-021436,2005-04-20,2005-04-18,2005-04-20T20:39:33.000Z,,4,,,,4,6476,0,0,,xslF345X02/doc4.xml,FORM 4 SUBMISSION
0001209191-05-023435,2005-05-03,2005-05-01,2005-05-03T19:52:18.000Z,,4,,,,4,6321,0,0,,xslF345X02/doc4.xml,FORM 4 SUBMISSION
0001209191-05-023444,2005-05-03,2005-05-01,2005-05-03T19:55:56.000Z,,4,,,,4,6287,0,0,,xslF345X02/doc4.xml,FORM 4 SUBMISSION
0001209191-05-023448,2005-05-03,2005-05-01,2005-05-03T19:59:02.000Z,,4,,,,4,6476,0,0,,xslF345X02/doc4.xml,FORM 4 SUBMISSION
0000950123-05-005599,2005-05-04,2005-05-02,2005-05-04T17:20:34.000Z,34,8-K,001-02958,05798104,"1.01,9.01",8-K,6005,0,0,,y07925e8vk.txt,FORM 8-K
0001209191-05-023750,2005-05-04,2005-05-01,2005-05-04T18:18:34.000Z,,4,,,,4,6308,0,0,,xslF345X02/doc4.xml,FORM 4 SUBMISSION
0001209191-05-023754,2005-05-04,2005-05-02,2005-05-04T18:20:24.000Z,,4,,,,4,6321,0,0,,xslF345X02/doc4.xml,FORM 4 SUBMISSION
0001209191-05-023758,2005-05-04,2005-05-02,2005-05-04T18:22:24.000Z,,4,,,,4,6309,0,0,,xslF345X02/doc4.xml,FORM 4 SUBMISSION
0001209191-05-023764,2005-05-04,2005-05-02,2005-05-04T18:29:21.000Z,,4,,,,4,6287,0,0,,xslF345X02/doc4.xml,FORM 4 SUBMISSION
0001209191-05-023770,2005-05-04,2005-05-02,2005-05-04T18:32:00.000Z,,4,,,,4,6476,0,0,,xslF345X02/doc4.xml,FORM 4 SUBMISSION
0000950123-05-005663,2005-05-05,2005-05-02,2005-05-05T13:52:12.000Z,34,8-K,001-02958,05801584,5.02,8-K,6312,0,0,,y07925ke8vk.txt,HUBBELL INC.
0000950123-05-005813,2005-05-06,2005-03-31,2005-05-06T21:28:16.000Z,34,10-Q,001-02958,05809187,,10-Q,281826,0,0,,y08616e10vq.htm,FORM 10-Q
0001209191-05-024912,2005-05-10,2005-05-06,2005-05-10T15:38:03.000Z,,4,,,,4,9171,0,0,,xslF345X02/doc4.xml,FORM 4 SUBMISSION
0001209191-05-025719,2005-05-13,2005-05-11,2005-05-13T13:19:08.000Z,,4,,,,4,8971,0,0,,xslF345X02/doc4.xml,FORM 4 SUBMISSION
0001209191-05-026254,2005-05-17,2005-05-15,2005-05-17T13:22:54.000Z,,4,,,,4,6321,0,0,,xslF345X02/doc4.xml,FORM 4 SUBMISSION
0001209191-05-026257,2005-05-17,2005-05-15,2005-05-17T13:25:20.000Z,,4,,,,4,6309,0,0,,xslF345X02/doc4.xml,FORM 4 SUBMISSION
0001209191-05-026259,2005-05-17,2005-05-15,2005-05-17T13:30:06.000Z,,4,,,,4,6289,0,0,,xslF345X02/doc4.xml,FORM 4 SUBMISSION
0001209191-05-026261,2005-05-17,2005-05-15,2005-05-17T13:31:26.000Z,,4,,,,4,6255,0,0,,xslF345X02/doc4.xml,FORM 4 SUBMISSION
0001209191-05-026264,2005-05-17,2005-05-15,2005-05-17T13:33:16.000Z,,4,,,,4,6446,0,0,,xslF345X02/doc4.xml,FORM 4 SUBMISSION
0001209191-05-026266,2005-05-17,2005-05-15,2005-05-17T13:34:37.000Z,,4,,,,4,6478,0,0,,xslF345X02/doc4.xml,FORM 4 SUBMISSION
0001209191-05-026269,2005-05-17,2005-05-15,2005-05-17T13:38:39.000Z,,4,,,,4,6309,0,0,,xslF345X02/doc4.xml,FORM 4 SUBMISSION
0001209191-05-028105,2005-05-25,2005-05-24,2005-05-25T15:59:37.000Z,,4,,,,4,5049,0,0,,xslF345X02/doc4.xml,FORM 4 SUBMISSION
0001209191-05-028108,2005-05-25,2005-05-24,2005-05-25T16:01:39.000Z,,4,,,,4,5047,0,0,,xslF345X02/doc4.xml,FORM 4 SUBMISSION
0001209191-05-030500,2005-06-07,2005-06-03,2005-06-07T18:34:24.000Z,,4,,,,4,8793,0,0,,xslF345X02/doc4.xml,FORM 4 SUBMISSION
0001209191-05-030502,2005-06-07,2005-06-07,2005-06-07T18:37:32.000Z,,4,,,,4,5042,0,0,,xslF345X02/doc4.xml,FORM 4 SUBMISSION
0001209191-05-030810,2005-06-08,2005-06-07,2005-06-08T19:15:26.000Z,,4,,,,4,6321,0,0,,xslF345X02/doc4.xml,FORM 4 SUBMISSION
0001209191-05-030815,2005-06-08,2005-06-07,2005-06-08T19:18:37.000Z,,4,,,,4,6309,0,0,,xslF345X02/doc4.xml,FORM 4 SUBMISSION
0001209191-05-030821,2005-06-08,2005-06-07,2005-06-08T19:22:39.000Z,,4,,,,4,6286,0,0,,xslF345X02/doc4.xml,FORM 4 SUBMISSION
0001209191-05-030824,2005-06-08,2005-06-07,2005-06-08T19:25:27.000Z,,4,,,,4,6474,0,0,,xslF345X02/doc4.xml,FORM 4 SUBMISSION
0001209191-05-031158,2005-06-09,2005-06-08,2005-06-09T20:23:48.000Z,,4,,,,4,6321,0,0,,xslF345X02/doc4.xml,FORM 4 SUBMISSION
0001209191-05-031161,2005-06-09,2005-06-08,2005-06-09T20:25:42.000Z,,4,,,,4,6309,0,0,,xslF345X02/doc4.xml,FORM 4 SUBMISSION
0001209191-05-031167,2005-06-09,2005-06-08,2005-06-09T20:30:54.000Z,,4,,,,4,6287,0,0,,xslF345X02/doc4.xml,FORM 4 SUBMISSION
0001209191-05-031170,2005-06-09,2005-06-08,2005-06-09T20:32:23.000Z,,4,,,,4,6476,0,0,,xslF345X02/doc4.xml,FORM 4 SUBMISSION
0001209191-05-031184,2005-06-09,2005-06-08,2005-06-09T20:48:57.000Z,,4,,,,4,5049,0,0,,xslF345X02/doc4.xml,FORM 4 SUBMISSION
0001209191-05-031192,2005-06-09,2005-06-08,2005-06-09T20:51:44.000Z,,4,,,,4,5048,0,0,,xslF345X02/doc4.xml,FORM 4 SUBMISSION
0000950123-05-007332,2005-06-14,,2005-06-14T17:13:19.000Z,33,S-8,333-125788,05894265,,S-8,68614,0,0,,y09017sv8.htm,FORM S-8
0001209191-05-036812,2005-07-13,2005-07-11,2005-07-13T14:28:47.000Z,,4,,,,4,9611,0,0,,xslF345X02/doc4.xml,FORM 4 SUBMISSION
0001209191-05-036815,2005-07-13,2005-07-11,2005-07-13T14:34:08.000Z,,4,,,,4,8061,0,0,,xslF345X02/doc4.xml,FORM 4 SUBMISSION
0001209191-05-036817,2005-07-13,2005-07-11,2005-07-13T14:39:16.000Z,,4,,,,4,6417,0,0,,xslF345X02/doc4.xml,FORM 4 SUBMISSION
0001209191-05-036820,2005-07-13,2005-07-11,2005-07-13T14:54:36.000Z,,4,,,,4,6590,0,0,,xslF345X02/doc4.xml,FORM 4 SUBMISSION
0001209191-05-036823,2005-07-13,2005-07-11,2005-07-13T15:04:09.000Z,,4,,,,4,6490,0,0,,xslF345X02/doc4.xml,FORM 4 SUBMISSION
0001209191-05-036830,2005-07-13,2005-07-11,2005-07-13T15:42:09.000Z,,4,,,,4,6549,0,0,,xslF345X02/doc4.xml,FORM 4 SUBMISSION
0001209191-05-036841,2005-07-13,2005-07-11,2005-07-13T16:12:14.000Z,,4,,,,4,6581,0,0,,xslF345X02/doc4.xml,FORM 4 SUBMISSION
0001209191-05-036844,2005-07-13,2005-07-11,2005-07-13T16:16:34.000Z,,4,,,,4,6415,0,0,,xslF345X02/doc4.xml,FORM 4 SUBMISSION
0001209191-05-037620,2005-07-19,2005-07-18,2005-07-19T16:15:51.000Z,,4,,,,4,6321,0,0,,xslF345X02/doc4.xml,FORM 4 SUBMISSION
0001209191-05-037623,2005-07-19,2005-07-18,2005-07-19T16:29:22.000Z,,4,,,,4,6287,0,0,,xslF345X02/doc4.xml,FORM 4 SUBMISSION
0001209191-05-037627,2005-07-19,2005-07-18,2005-07-19T16:37:30.000Z,,4,,,,4,6476,0,0,,xslF345X02/doc4.xml,FORM 4 SUBMISSION
0000950123-05-008647,2005-07-19,2005-07-19,2005-07-19T17:32:05.000Z,34,8-K,001-02958,05961194,2.02,8-K,30073,0,0,,y10862e8vk.txt,FORM 8-K
0001209191-05-038056,2005-07-21,2005-07-20,2005-07-21T19:46:27.000Z,,4,,,,4,6309,0,0,,xslF345X02/doc4.xml,FORM 4 SUBMISSION
0001209191-05-038062,2005-07-21,2005-07-20,2005-07-21T19:50:43.000Z,,4,,,,4,6287,0,0,,xslF345X02/doc4.xml,FORM 4 SUBMISSION
0001209191-05-038404,2005-07-25,2005-07-22,2005-07-25T18:56:15.000Z,,4,,,,4,5050,0,0,,xslF345X02/doc4.xml,FORM 4 SUBMISSION
0001209191-05-038407,2005-07-25,2005-07-22,2005-07-25T18:59:10.000Z,,4,,,,4,5049,0,0,,xslF345X02/doc4.xml,FORM 4 SUBMISSION
0001209191-05-039406,2005-07-29,2005-07-28,2005-07-29T20:53:59.000Z,,4,,,,4,6320,0,0,,xslF345X02/doc4.xml,FORM 4 SUBMISSION
0001209191-05-039409,2005-07-29,2005-07-28,2005-07-29T20:55:28.000Z,,4,,,,4,6309,0,0,,xslF345X02/doc4.xml,FORM 4 SUBMISSION
0001209191-05-039414,2005-07-29,2005-07-28,2005-07-29T21:00:09.000Z,,4,,,,4,6476,0,0,,xslF345X02/doc4.xml,FORM 4 SUBMISSION
0001209191-05-040051,2005-08-02,2005-08-01,2005-08-02T19:33:42.000Z,,4,,,,4,6321,0,0,,xslF345X02/doc4.xml,FORM 4 SUBMISSION
0001209191-05-040056,2005-08-02,2005-08-01,2005-08-02T19:36:42.000Z,,4,,,,4,6287,0,0,,xslF345X02/doc4.xml,FORM 4 SUBMISSION
0001209191-05-040063,2005-08-02,2005-08-01,2005-08-02T19:39:43.000Z,,4,,,,4,6476,0,0,,xslF345X02/doc4.xml,FORM 4 SUBMISSION
0000950123-05-009409,2005-08-04,2005-06-30,2005-08-04T17:58:28.000Z,34,10-Q,001-02958,05998784,,10-Q,331371,0,0,,y11399e10vq.htm,FORM 10-Q
0001209191-05-042769,2005-08-16,2005-08-15,2005-08-16T15:31:43.000Z,,4,,,,4,6324,0,0,,xslF345X02/doc4.xml,FORM 4 SUBMISSION
0001209191-05-042771,2005-08-16,2005-08-15,2005-08-16T15:36:05.000Z,,4,,,,4,6312,0,0,,xslF345X02/doc4.xml,FORM 4 SUBMISSION
0001209191-05-042775,2005-08-16,2005-08-15,2005-08-16T15:39:45.000Z,,4,,,,4,6288,0,0,,xslF345X02/doc4.xml,FORM 4 SUBMISSION
0001209191-05-042777,2005-08-16,2005-08-15,2005-08-16T15:42:38.000Z,,4,,,,4,6388,0,0,,xslF345X02/doc4.xml,FORM 4 SUBMISSION
0001209191-05-042780,2005-08-16,2005-08-15,2005-08-16T15:45:26.000Z,,4,,,,4,6477,0,0,,xslF345X02/doc4.xml,FORM 4 SUBMISSION
0001209191-05-042785,2005-08-16,2005-08-15,2005-08-16T15:49:00.000Z,,4,,,,4,6447,0,0,,xslF345X02/doc4.xml,FORM 4 SUBMISSION
0001209191-05-044665,2005-08-26,2005-08-24,2005-08-26T15:48:07.000Z,,4,,,,4,5049,0,0,,xslF345X02/doc4.xml,FORM 4 SUBMISSION
0001209191-05-044667,2005-08-26,2005-08-24,2005-08-26T15:51:28.000Z,,4,,,,4,5047,0,0,,xslF345X02/doc4.xml,FORM 4 SUBMISSION
0001209191-05-045020,2005-08-30,2005-08-29,2005-08-30T20:10:57.000Z,,4,,,,4,6322,0,0,,xslF345X02/doc4.xml,FORM 4 SUBMISSION
0001209191-05-045024,2005-08-30,2005-08-29,2005-08-30T20:13:28.000Z,,4,,,,4,6310,0,0,,xslF345X02/doc4.xml,FORM 4 SUBMISSION
0001209191-05-045029,2005-08-30,2005-08-29,2005-08-30T20:16:21.000Z,,4,,,,4,6288,0,0,,xslF345X02/doc4.xml,FORM 4 SUBMISSION
0001209191-05-045033,2005-08-30,2005-08-29,2005-08-30T20:19:16.000Z,,4,,,,4,6476,0,0,,xslF345X02/doc4.xml,FORM 4 SUBMISSION
0001209191-05-045693,2005-09-02,2005-09-01,2005-09-02T17:38:15.000Z,,4,,,,4,31191,0,0,,xslF345X02/doc4.xml,FORM 4 SUBMISSION
0001209191-05-045695,2005-09-02,2005-09-01,2005-09-02T17:40:10.000Z,,4,,,,4,31190,0,0,,xslF345X02/doc4.xml,FORM 4 SUBMISSION
0001299933-05-004476,2005-09-06,2005-09-06,2005-09-06T17:27:20.000Z,34,8-K,001-02958,051069827,"1.01,5.02,7.01,9.01",8-K,33040,0,0,,htm_6837.htm,LIVE FILING
0001209191-05-045966,2005-09-06,2005-09-02,2005-09-06T18:46:04.000Z,,4,,,,4,9662,0,0,,xslF345X02/doc4.xml,FORM 4 SUBMISSION
0001209191-05-045969,2005-09-06,2005-09-02,2005-09-06T18:48:03.000Z,,4,,,,4,9661,0,0,,xslF345X02/doc4.xml,FORM 4 SUBMISSION
0001209191-05-046189,2005-09-07,2005-09-06,2005-09-07T15:42:46.000Z,,4,,,,4,15814,0,0,,xslF345X02/doc4.xml,FORM 4 SUBMISSION
0001209191-05-046191,2005-09-07,2005-09-06,2005-09-07T15:44:16.000Z,,4,,,,4,15814,0,0,,xslF345X02/doc4.xml,FORM 4 SUBMISSION
0001209191-05-046326,2005-09-08,2005-09-07,2005-09-08T13:50:28.000Z,,4,,,,4,5051,0,0,,xslF345X02/doc4.xml,FORM 4 SUBMISSION
0001209191-05-046329,2005-09-08,2005-09-07,2005-09-08T13:53:31.000Z,,4,,,,4,5050,0,0,,xslF345X02/doc4.xml,FORM 4 SUBMISSION
0001209191-05-046649,2005-09-09,2005-09-08,2005-09-09T20:48:05.000Z,,4,,,,4,12499,0,0,,xslF345X02/doc4.xml,FORM 4 SUBMISSION
0001209191-05-046746,2005-09-12,2005-09-09,2005-09-12T15:31:02.000Z,,4,,,,4,5049,0,0,,xslF345X02/doc4.xml,FORM 4 SUBMISSION
0001209191-05-046748,2005-09-12,2005-09-09,2005-09-12T15:32:36.000Z,,4,,,,4,5050,0,0,,xslF345X02/doc4.xml,FORM 4 SUBMISSION
0001209191-05-047146,2005-09-14,2005-09-12,2005-09-14T18:03:24.000Z,,4,,,,4,6477,0,0,,xslF345X02/doc4.xml,FORM 4 SUBMISSION
0001209191-05-047148,2005-09-14,2005-09-12,2005-09-14T18:07:23.000Z,,4,,,,4,6322,0,0,,xslF345X02/doc4.xml,FORM 4 SUBMISSION
0001209191-05-047151,2005-09-14,2005-09-12,2005-09-14T18:10:02.000Z,,4,,,,4,6310,0,0,,xslF345X02/doc4.xml,FORM 4 SUBMISSION
0001209191-05-047154,2005-09-14,2005-09-12,2005-09-14T18:11:27.000Z,,4,,,,4,6288,0,0,,xslF345X02/doc4.xml,FORM 4 SUBMISSION
0001209191-05-047417,2005-09-15,2005-09-14,2005-09-15T21:52:51.000Z,,4,,,,4,6322,0,0,,xslF345X02/doc4.xml,FORM 4 SUBMISSION
0001209191-05-047419,2005-09-15,2005-09-14,2005-09-15T21:54:28.000Z,,4,,,,4,6310,0,0,,xslF345X02/doc4.xml,FORM 4 SUBMISSION
0001209191-05-047421,2005-09-15,2005-09-14,2005-09-15T21:55:45.000Z,,4,,,,4,6288,0,0,,xslF345X02/doc4.xml,FORM 4 SUBMISSION
0001209191-05-047423,2005-09-15,2005-09-14,2005-09-15T21:57:01.000Z,,4,,,,4,6477,0,0,,xslF345X02/doc4.xml,FORM 4 SUBMISSION
0001209191-05-047978,2005-09-20,2005-09-19,2005-09-20T18:38:11.000Z,,3,,,,3,5390,0,0,,xslF345X02/doc3.xml,FORM 3 SUBMISSION
0001209191-05-047982,2005-09-20,2005-09-19,2005-09-20T18:41:49.000Z,,4,,,,4,6358,0,0,,xslF345X02/doc4.xml,FORM 4 SUBMISSION
0001209191-05-052216,2005-10-13,2005-10-11,2005-10-13T17:23:28.000Z,,4,,,,4,8062,0,0,,xslF345X02/doc4.xml,FORM 4 SUBMISSION
0001209191-05-052218,2005-10-13,2005-10-11,2005-10-13T17:30:35.000Z,,4,,,,4,6418,0,0,,xslF345X02/doc4.xml,FORM 4 SUBMISSION
0001209191-05-052220,2005-10-13,2005-10-11,2005-10-13T17:33:22.000Z,,4,,,,4,9614,0,0,,xslF345X02/doc4.xml,FORM 4 SUBMISSION
0001209191-05-052222,2005-10-13,2005-10-11,2005-10-13T17:37:31.000Z,,4,,,,4,6591,0,0,,xslF345X02/doc4.xml,FORM 4 SUBMISSION
0001209191-05-052224,2005-10-13,2005-10-11,2005-10-13T17:40:47.000Z,,4,,,,4,6492,0,0,,xslF345X02/doc4.xml,FORM 4 SUBMISSION
0001209191-05-052226,2005-10-13,2005-10-11,2005-10-13T17:46:03.000Z,,4,,,,4,6550,0,0,,xslF345X02/doc4.xml,FORM 4 SUBMISSION
0001209191-05-052232,2005-10-13,2005-10-11,2005-10-13T18:00:53.000Z,,4,,,,4,6582,0,0,,xslF345X02/doc4.xml,FORM 4 SUBMISSION
0001209191-05-052234,2005-10-13,2005-10-11,2005-10-13T18:03:00.000Z,,4,,,,4,6414,0,0,,xslF345X02/doc4.xml,FORM 4 SUBMISSION
0000950123-05-012250,2005-10-18,2005-10-18,2005-10-18T17:08:30.000Z,34,8-K,001-02958,051142526,2.02,8-K,30969,0,0,,y13599e8vk.txt,FORM 8-K
0001209191-05-052749,2005-10-18,2005-10-17,2005-10-18T19:11:21.000Z,,4,,,,4,6322,0,0,,xslF345X02/doc4.xml,FORM 4 SUBMISSION
0001209191-05-052752,2005-10-18,2005-10-17,2005-10-18T19:12:45.000Z,,4,,,,4,6287,0,0,,xslF345X02/doc4.xml,FORM 4 SUBMISSION
0001209191-05-052754,2005-10-18,2005-10-17,2005-10-18T19:14:23.000Z,,4,,,,4,6477,0,0,,xslF345X02/doc4.xml,FORM 4 SUBMISSION
0001209191-05-054998,2005-11-02,2005-10-31,2005-11-02T19:20:11.000Z,,4,,,,4,6322,0,0,,xslF345X02/doc4.xml,FORM 4 SUBMISSION
0001209191-05-055001,2005-11-02,2005-10-31,2005-11-02T19:23:40.000Z,,4,,,,4,6288,0,0,,xslF345X02/doc4.xml,FORM 4 SUBMISSION
0001209191-05-055004,2005-11-02,2005-10-31,2005-11-02T19:25:49.000Z,,4,,,,4,6476,0,0,,xslF345X02/doc4.xml,FORM 4 SUBMISSION
0001209191-05-055195,2005-11-03,2005-11-02,2005-11-03T16:01:23.000Z,,4,,,,4,5050,0,0,,xslF345X02/doc4.xml,FORM 4 SUBMISSION
0001209191-05-055201,2005-11-03,2005-11-02,2005-11-03T16:04:21.000Z,,4,,,,4,5049,0,0,,xslF345X02/doc4.xml,FORM 4 SUBMISSION
0000950123-05-013095,2005-11-04,2005-09-30,2005-11-04T20:18:36.000Z,34,10-Q,001-02958,051180083,,10-Q,410053,0,0,,y14143e10vq.htm,FORM 10-Q
0001209191-05-057667,2005-11-16,2005-11-14,2005-11-16T19:00:24.000Z,,4,,,,4,51655,0,0,,xslF345X02/doc4.xml,FORM 4 SUBMISSION
0001209191-05-057933,2005-11-17,2005-11-15,2005-11-17T16:52:54.000Z,,4,,,,4,6322,0,0,,xslF345X02/doc4.xml,FORM 4 SUBMISSION
0001209191-05-057936,2005-11-17,2005-11-15,2005-11-17T16:56:09.000Z,,4,,,,4,6312,0,0,,xslF345X02/doc4.xml,FORM 4 SUBMISSION
0001209191-05-057940,2005-11-17,2005-11-15,2005-11-17T17:05:20.000Z,,4,,,,4,6290,0,0,,xslF345X02/doc4.xml,FORM 4 SUBMISSION
0001209191-05-057960,2005-11-17,2005-11-15,2005-11-17T17:45:03.000Z,,4,,,,4,6386,0,0,,xslF345X02/doc4.xml,FORM 4 SUBMISSION
0001209191-05-057965,2005-11-17,2005-11-15,2005-11-17T17:50:06.000Z,,4,,,,4,6446,0,0,,xslF345X02/doc4.xml,FORM 4 SUBMISSION
0001209191-05-057968,2005-11-17,2005-11-15,2005-11-17T17:55:20.000Z,,4,,,,4,6479,0,0,,xslF345X02/doc4.xml,FORM 4 SUBMISSION
0001209191-05-058037,2005-11-17,2005-11-14,2005-11-17T20:29:05.000Z,,4/A,,,,4/A,51735,0,0,,xslF345X02/doc4a.xml,FORM 4/A SUBMISSION
0001209191-05-058043,2005-11-17,2005-11-15,2005-11-17T20:40:22.000Z,,4,,,,4,56373,0,0,,xslF345X02/doc4.xml,FORM 4 SUBMISSION
0001209191-05-058045,2005-11-17,2005-11-15,2005-11-17T20:44:59.000Z,,4,,,,4,22007,0,0,,xslF345X02/doc4.xml,FORM 4 SUBMISSION
0001209191-05-058357,2005-11-18,2005-11-17,2005-11-18T19:15:34.000Z,,4,,,,4,5050,0,0,,xslF345X02/doc4.xml,FORM 4 SUBMISSION
0001209191-05-058359,2005-11-18,2005-11-17,2005-11-18T19:18:41.000Z,,4,,,,4,5049,0,0,,xslF345X02/doc4.xml,FORM 4 SUBMISSION
0001209191-05-058584,2005-11-21,2005-11-18,2005-11-21T16:56:39.000Z,,4,,,,4,6322,0,0,,xslF345X02/doc4.xml,FORM 4 SUBMISSION
0001209191-05-058586,2005-11-21,2005-11-18,2005-11-21T16:58:44.000Z,,4,,,,4,6310,0,0,,xslF345X02/doc4.xml,FORM 4 SUBMISSION
0001209191-05-058588,2005-11-21,2005-11-18,2005-11-21T17:00:25.000Z,,4,,,,4,6477,0,0,,xslF345X02/doc4.xml,FORM 4 SUBMISSION
0001209191-05-058609,2005-11-21,2005-11-18,2005-11-21T17:54:50.000Z,,4,,,,4,51902,0,0,,xslF345X02/doc4.xml,FORM 4 SUBMISSION
0001209191-05-058611,2005-11-21,2005-11-18,2005-11-21T17:56:24.000Z,,4,,,,4,20486,0,0,,xslF345X02/doc4.xml,FORM 4 SUBMISSION
0001209191-05-059018,2005-11-22,2005-11-21,2005-11-22T17:09:35.000Z,,4,,,,4,54070,0,0,,xslF345X02/doc4.xml,FORM 4 SUBMISSION
0001209191-05-059022,2005-11-22,2005-11-21,2005-11-22T17:11:26.000Z,,4,,,,4,5125,0,0,,xslF345X02/doc4.xml,FORM 4 SUBMISSION
0001209191-05-060303,2005-12-01,2005-05-15,2005-12-01T16:24:45.000Z,,4/A,,,,4/A,6392,0,0,,xslF345X02/doc4a.xml,FORM 4/A SUBMISSION
0001209191-05-060308,2005-12-01,2005-11-29,2005-12-01T16:32:43.000Z,,4,,,,4,5051,0,0,,xslF345X02/doc4.xml,FORM 4 SUBMISSION
0001209191-05-060311,2005-12-01,2005-11-29,2005-12-01T16:38:00.000Z,,4,,,,4,5049,0,0,,xslF345X02/doc4.xml,FORM 4 SUBMISSION
0000950159-05-001422,2005-12-02,,2005-12-02T18:27:26.000Z,34,SC 13D/A,005-17643,051240019,,SC 13D/A,95636,0,0,,hubbell13da.htm,HUBBELL INCORPORATED
0001209191-05-061430,2005-12-06,2005-12-05,2005-12-06T20:25:20.000Z,,4,,,,4,8794,0,0,,xslF345X02/doc4.xml,FORM 4 SUBMISSION
0001209191-05-061434,2005-12-06,2005-12-05,2005-12-06T20:28:09.000Z,,4,,,,4,6322,0,0,,xslF345X02/doc4.xml,FORM 4 SUBMISSION
0001209191-05-061440,2005-12-06,2005-12-05,2005-12-06T20:32:51.000Z,,4,,,,4,6310,0,0,,xslF345X02/doc4.xml,FORM 4 SUBMISSION
0001209191-05-061445,2005-12-06,2005-12-05,2005-12-06T20:36:59.000Z,,4,,,,4,6288,0,0,,xslF345X02/doc4.xml,FORM 4 SUBMISSION
0001209191-05-061447,2005-12-06,2005-12-05,2005-12-06T20:38:44.000Z,,4,,,,4,6477,0,0,,xslF345X02/doc4.xml,FORM 4 SUBMISSION
0001209191-05-061766,2005-12-07,2005-12-05,2005-12-07T22:40:24.000Z,,4,,,,4,7570,0,0,,xslF345X02/doc4.xml,FORM 4 SUBMISSION
0001209191-05-061770,2005-12-07,2005-12-05,2005-12-07T22:42:49.000Z,,4,,,,4,7591,0,0,,xslF345X02/doc4.xml,FORM 4 SUBMISSION
0001209191-05-061772,2005-12-07,2005-12-05,2005-12-07T22:44:37.000Z,,4,,,,4,7585,0,0,,xslF345X02/doc4.xml,FORM 4 SUBMISSION
0001209191-05-061775,2005-12-07,2005-12-05,2005-12-07T22:45:53.000Z,,4,,,,4,7633,0,0,,xslF345X02/doc4.xml,FORM 4 SUBMISSION
0001209191-05-061777,2005-12-07,2005-12-05,2005-12-07T22:48:16.000Z,,4,,,,4,7595,0,0,,xslF345X02/doc4.xml,FORM 4 SUBMISSION
0001209191-05-061780,2005-12-07,2005-12-05,2005-12-07T22:52:05.000Z,,4,,,,4,7578,0,0,,xslF345X02/doc4.xml,FORM 4 SUBMISSION
0001209191-05-061784,2005-12-07,2005-12-05,2005-12-07T22:54:25.000Z,,4,,,,4,7569,0,0,,xslF345X02/doc4.xml,FORM 4 SUBMISSION
0001209191-05-061786,2005-12-07,2005-12-05,2005-12-07T22:56:07.000Z,,4,,,,4,7602,0,0,,xslF345X02/doc4.xml,FORM 4 SUBMISSION
0001209191-05-061788,2005-12-07,2005-12-05,2005-12-07T22:57:49.000Z,,4,,,,4,7577,0,0,,xslF345X02/doc4.xml,FORM 4 SUBMISSION
0001209191-05-061867,2005-12-08,2005-12-06,2005-12-08T16:54:25.000Z,,4,,,,4,8223,0,0,,xslF345X02/doc4.xml,FORM 4 SUBMISSION
0001209191-05-061880,2005-12-08,2005-12-06,2005-12-08T17:49:13.000Z,,4,,,,4,8068,0,0,,xslF345X02/doc4.xml,FORM 4 SUBMISSION
0001209191-05-061882,2005-12-08,2005-12-06,2005-12-08T17:53:59.000Z,,4,,,,4,8056,0,0,,xslF345X02/doc4.xml,FORM 4 SUBMISSION
0001209191-05-061887,2005-12-08,2005-12-06,2005-12-08T18:07:53.000Z,,4,,,,4,8039,0,0,,xslF345X02/doc4.xml,FORM 4 SUBMISSION
0001209191-05-061891,2005-12-08,2005-12-06,2005-12-08T18:14:32.000Z,,4,,,,4,5299,0,0,,xslF345X02/doc4.xml,FORM 4 SUBMISSION
0001209191-05-061893,2005-12-08,2005-12-06,2005-12-08T18:21:45.000Z,,4,,,,4,5200,0,0,,xslF345X02/doc4.xml,FORM 4 SUBMISSION
0001209191-05-061895,2005-12-08,2005-12-06,2005-12-08T18:25:32.000Z,,4,,,,4,5263,0,0,,xslF345X02/doc4.xml,FORM 4 SUBMISSION
0001209191-05-061899,2005-12-08,2005-12-06,2005-12-08T18:32:20.000Z,,4,,,,4,5175,0,0,,xslF345X02/doc4.xml,FORM 4 SUBMISSION
0001209191-05-062130,2005-12-08,2005-12-07,2005-12-08T22:16:34.000Z,,4,,,,4,5043,0,0,,xslF345X02/doc4.xml,FORM 4 SUBMISSION
0000950123-05-014587,2005-12-09,2005-12-05,2005-12-09T22:29:36.000Z,34,8-K,001-02958,051256584,"1.01,9.01",8-K,34928,0,0,,y15535e8vk.txt,FORM 8-K
0001209191-06-003012,2006-01-11,2006-01-09,2006-01-11T17:50:39.000Z,,4,,,,4,9661,0,0,,xslF345X02/doc4.xml,FORM 4 SUBMISSION
0001209191-06-003014,2006-01-11,2006-01-09,2006-01-11T17:52:34.000Z,,4,,,,4,9661,0,0,,xslF345X02/doc4.xml,FORM 4 SUBMISSION
0001209191-06-003199,2006-01-12,2006-01-11,2006-01-12T18:55:34.000Z,,4,,,,4,5048,0,0,,xslF345X02/doc4.xml,FORM 4 SUBMISSION
0001209191-06-003201,2006-01-12,2006-01-11,2006-01-12T18:57:43.000Z,,4,,,,4,5047,0,0,,xslF345X02/doc4.xml,FORM 4 SUBMISSION
0001209191-06-003282,2006-01-12,2006-01-11,2006-01-12T22:36:36.000Z,,4,,,,4,9642,0,0,,xslF345X02/doc4.xml,FORM 4 SUBMISSION
0001209191-06-003284,2006-01-12,2006-01-11,2006-01-12T22:39:45.000Z,,4,,,,4,6416,0,0,,xslF345X02/doc4.xml,FORM 4 SUBMISSION
0001209191-06-003287,2006-01-12,2006-01-11,2006-01-12T22:41:31.000Z,,4,,,,4,9613,0,0,,xslF345X02/doc4.xml,FORM 4 SUBMISSION
0001209191-06-003290,2006-01-12,2006-01-11,2006-01-12T22:42:59.000Z,,4,,,,4,6589,0,0,,xslF345X02/doc4.xml,FORM 4 SUBMISSION
0001209191-06-003293,2006-01-12,2006-01-11,2006-01-12T22:44:40.000Z,,4,,,,4,6489,0,0,,xslF345X02/doc4.xml,FORM 4 SUBMISSION
0001209191-06-003295,2006-01-12,2006-01-11,2006-01-12T22:46:00.000Z,,4,,,,4,6549,0,0,,xslF345X02/doc4.xml,FORM 4 SUBMISSION
0001209191-06-003360,2006-01-13,2006-01-11,2006-01-13T15:14:19.000Z,,4,,,,4,6581,0,0,,xslF345X02/doc4.xml,FORM 4 SUBMISSION
0000950123-06-000490,2006-01-19,2006-01-19,2006-01-19T16:43:42.000Z,34,8-K,001-02958,06537236,2.02,8-K,32660,0,0,,y16657e8vk.txt,FORM 8-K
0001209191-06-004150,2006-01-19,2006-01-18,2006-01-19T20:53:48.000Z,,4,,,,4,6321,0,0,,xslF345X02/doc4.xml,FORM 4 SUBMISSION
0001209191-06-004153,2006-01-19,2006-01-18,2006-01-19T20:55:41.000Z,,4,,,,4,6285,0,0,,xslF345X02/doc4.xml,FORM 4 SUBMISSION
0001209191-06-009255,2006-02-10,2006-02-09,2006-02-10T16:40:05.000Z,,4,,,,4,5050,0,0,,xslF345X02/doc4.xml,FORM 4 SUBMISSION
0001209191-06-009258,2006-02-10,2006-02-09,2006-02-10T16:43:43.000Z,,4,,,,4,5049,0,0,,xslF345X02/doc4.xml,FORM 4 SUBMISSION
0000017283-06-000133,2006-02-10,,2006-02-10T19:14:11.000Z,34,SC 13G/A,005-17643,06597379,,SC 13G/A,13329,0,0,,edghubb.txt,SC 13G/A
0000888002-06-000574,2006-02-14,,2006-02-14T13:24:02.000Z,34,SC 13G/A,005-17643,06607030,,SC 13G/A,20882,0,0,,hub1231_g.txt,
0001104659-06-009314,2006-02-14,,2006-02-14T18:35:21.000Z,34,SC 13G/A,005-17643,06611820,,SC 13G/A,63813,0,0,,a06-4980_75sc13ga.htm,AMENDMENT
0000902664-06-000778,2006-02-14,,2006-02-14T21:23:34.000Z,34,SC 13G/A,005-17643,06615609,,SC 13G/A,14523,0,0,,sc13ga.txt,BKF ASSET MANAGEMENT - HUBBELL INC.
0000902664-06-000791,2006-02-14,,2006-02-14T21:40:27.000Z,34,SC 13G/A,005-17643,06616088,,SC 13G/A,14523,0,0,,sc13ga.txt,BKF ASSET MANAGEMENT - HUBBELL INC.
0001140361-06-002470,2006-02-15,,2006-02-14T23:05:53.000Z,34,SC 13G,005-17643,06618412,,SC 13G,27012,0,0,,doc1.htm,
0001209191-06-011654,2006-02-17,2006-02-15,2006-02-17T20:17:22.000Z,,4,,,,4,6323,0,0,,xslF345X02/doc4.xml,FORM 4 SUBMISSION
0001209191-06-011660,2006-02-17,2006-02-15,2006-02-17T20:20:05.000Z,,4,,,,4,6287,0,0,,xslF345X02/doc4.xml,FORM 4 SUBMISSION
0001209191-06-011664,2006-02-17,2006-02-15,2006-02-17T20:23:06.000Z,,4,,,,4,6387,0,0,,xslF345X02/doc4.xml,FORM 4 SUBMISSION
0001209191-06-011667,2006-02-17,2006-02-15,2006-02-17T20:24:57.000Z,,4,,,,4,6449,0,0,,xslF345X02/doc4.xml,FORM 4 SUBMISSION
0001209191-06-011670,2006-02-17,2006-02-15,2006-02-17T20:27:50.000Z,,4,,,,4,6478,0,0,,xslF345X02/doc4.xml,FORM 4 SUBMISSION
0001209191-06-011824,2006-02-17,2006-02-16,2006-02-18T00:11:45.000Z,,4,,,,4,6321,0,0,,xslF345X02/doc4.xml,FORM 4 SUBMISSION
0001209191-06-011830,2006-02-17,2006-02-16,2006-02-18T00:18:40.000Z,,4,,,,4,6285,0,0,,xslF345X02/doc4.xml,FORM 4 SUBMISSION
0001209191-06-011886,2006-02-21,2006-02-17,2006-02-21T14:50:15.000Z,,4,,,,4,6321,0,0,,xslF345X02/doc4.xml,FORM 4 SUBMISSION
0001209191-06-011890,2006-02-21,2006-02-17,2006-02-21T14:56:14.000Z,,4,,,,4,6285,0,0,,xslF345X02/doc4.xml,FORM 4 SUBMISSION
0000950123-06-002093,2006-02-22,2006-02-16,2006-02-22T18:50:19.000Z,34,8-K,001-02958,06635644,"1.01,9.01",8-K,15698,0,0,,y17758e8vk.txt,8-K
0001209191-06-012636,2006-02-23,2006-02-22,2006-02-23T19:17:37.000Z,,4,,,,4,5049,0,0,,xslF345X02/doc4.xml,FORM 4 SUBMISSION
0001209191-06-012639,2006-02-23,2006-02-22,2006-02-23T19:19:13.000Z,,4,,,,4,5047,0,0,,xslF345X02/doc4.xml,FORM 4 SUBMISSION
0000950123-06-002794,2006-03-08,2005-12-31,2006-03-08T22:11:32.000Z,34,10-K,001-02958,06673954,,10-K,1521084,0,0,,y17902e10vk.htm,FORM 10-K
0001209191-06-017373,2006-03-14,2006-03-13,2006-03-14T15:33:59.000Z,,4,,,,4,12738,0,0,,xslF345X02/doc4.xml,FORM 4 SUBMISSION
0001209191-06-017375,2006-03-14,2006-03-13,2006-03-14T15:35:52.000Z,,4,,,,4,12737,0,0,,xslF345X02/doc4.xml,FORM 4 SUBMISSION
0000950123-06-003116,2006-03-14,2006-05-01,2006-03-14T18:54:43.000Z,34,DEF 14A,001-02958,06684506,,DEF 14A,333745,0,0,,y15961def14a.htm,DEFINITIVE PROXY STATEMENT
0001209191-06-018004,2006-03-16,2006-03-14,2006-03-16T15:30:30.000Z,,4,,,,4,25043,0,0,,xslF345X02/doc4.xml,FORM 4 SUBMISSION
0001209191-06-018008,2006-03-16,2006-03-14,2006-03-16T15:37:51.000Z,,4,,,,4,25043,0,0,,xslF345X02/doc4.xml,FORM 4 SUBMISSION
0001209191-06-020288,2006-03-28,2006-03-27,2006-03-28T20:08:41.000Z,,4,,,,4,12738,0,0,,xslF345X02/doc4.xml,FORM 4 SUBMISSION
0001209191-06-020292,2006-03-28,2006-03-27,2006-03-28T20:15:28.000Z,,4,,,,4,12736,0,0,,xslF345X02/doc4.xml,FORM 4 SUBMISSION
0001209191-06-023704,2006-04-12,2006-04-11,2006-04-12T20:43:36.000Z,,4,,,,4,6417,0,0,,xslF345X02/doc4.xml,FORM 4 SUBMISSION
0001209191-06-023708,2006-04-12,2006-04-11,2006-04-12T20:45:54.000Z,,4,,,,4,6590,0,0,,xslF345X02/doc4.xml,FORM 4 SUBMISSION
0001209191-06-023723,2006-04-12,2006-04-11,2006-04-12T20:57:06.000Z,,4,,,,4,6489,0,0,,xslF345X02/doc4.xml,FORM 4 SUBMISSION
0001209191-06-023730,2006-04-12,2006-04-11,2006-04-12T21:03:57.000Z,,4,,,,4,6550,0,0,,xslF345X02/doc4.xml,FORM 4 SUBMISSION
0001209191-06-023735,2006-04-12,2006-04-11,2006-04-12T21:11:14.000Z,,4,,,,4,6581,0,0,,xslF345X02/doc4.xml,FORM 4 SUBMISSION
0001209191-06-023872,2006-04-13,2006-04-11,2006-04-13T15:33:10.000Z,,4,,,,4,9612,0,0,,xslF345X02/doc4.xml,FORM 4 SUBMISSION
0001209191-06-023874,2006-04-13,2006-04-11,2006-04-13T15:35:06.000Z,,4,,,,4,9641,0,0,,xslF345X02/doc4.xml,FORM 4 SUBMISSION
0000950123-06-004881,2006-04-20,2006-04-20,2006-04-20T15:16:38.000Z,34,8-K,001-02958,06769029,2.02,8-K,27590,0,0,,y19999e8vk.txt,FORM 8-K
0001209191-06-024861,2006-04-20,2006-04-19,2006-04-20T19:44:28.000Z,,4,,,,4,6321,0,0,,xslF345X02/doc4.xml,FORM 4 SUBMISSION
0001209191-06-024863,2006-04-20,2006-04-19,2006-04-20T19:47:37.000Z,,4,,,,4,6285,0,0,,xslF345X02/doc4.xml,FORM 4 SUBMISSION
0001209191-06-025731,2006-04-27,2006-04-26,2006-04-27T18:17:35.000Z,,4,,,,4,5051,0,0,,xslF345X02/doc4.xml,FORM 4 SUBMISSION
0001209191-06-025734,2006-04-27,2006-04-26,2006-04-27T18:20:23.000Z,,4,,,,4,5049,0,0,,xslF345X02/doc4.xml,FORM 4 SUBMISSION
0001209191-06-025736,2006-04-27,2006-04-26,2006-04-27T18:24:45.000Z,,4,,,,4,51898,0,0,,xslF345X02/doc4.xml,FORM 4 SUBMISSION
0001209191-06-025739,2006-04-27,2006-04-26,2006-04-27T18:29:17.000Z,,4,,,,4,28150,0,0,,xslF345X02/doc4.xml,FORM 4 SUBMISSION
0001209191-06-026251,2006-05-01,2006-04-27,2006-05-01T13:57:23.000Z,,4,,,,4,12535,0,0,,xslF345X02/doc4.xml,FORM 4 SUBMISSION
0001209191-06-026815,2006-05-02,2006-04-30,2006-05-02T19:24:17.000Z,,4,,,,4,6320,0,0,,xslF345X02/doc4.xml,FORM 4 SUBMISSION
0001209191-06-026819,2006-05-02,2006-04-30,2006-05-02T19:26:11.000Z,,4,,,,4,6285,0,0,,xslF345X02/doc4.xml,FORM 4 SUBMISSION
0001209191-06-027130,2006-05-03,2006-05-01,2006-05-03T14:13:49.000Z,,4,,,,4,8108,0,0,,xslF345X02/doc4.xml,FORM 4 SUBMISSION
0001209191-06-027132,2006-05-03,2005-05-01,2006-05-03T14:17:37.000Z,,4,,,,4,5152,0,0,,xslF345X02/doc4.xml,FORM 4 SUBMISSION
0001209191-06-027136,2006-05-03,2006-05-01,2006-05-03T14:21:03.000Z,,4,,,,4,8073,0,0,,xslF345X02/doc4.xml,FORM 4 SUBMISSION
0001209191-06-027138,2006-05-03,2006-05-01,2006-05-03T14:25:50.000Z,,4,,,,4,5334,0,0,,xslF345X02/doc4.xml,FORM 4 SUBMISSION
0001209191-06-027143,2006-05-03,2006-05-01,2006-05-03T14:29:20.000Z,,4,,,,4,5210,0,0,,xslF345X02/doc4.xml,FORM 4 SUBMISSION
0001209191-06-027148,2006-05-03,2006-05-01,2006-05-03T14:35:44.000Z,,4,,,,4,5235,0,0,,xslF345X02/doc4.xml,FORM 4 SUBMISSION
0001209191-06-027150,2006-05-03,2006-05-01,2006-05-03T14:38:40.000Z,,4,,,,4,5298,0,0,,xslF345X02/doc4.xml,FORM 4 SUBMISSION
0001209191-06-027151,2006-05-03,2006-05-01,2006-05-03T14:41:19.000Z,,4,,,,4,5326,0,0,,xslF345X02/doc4.xml,FORM 4 SUBMISSION
0001209191-06-027210,2006-05-03,2006-05-01,2006-05-03T16:54:03.000Z,,4,,,,4,5326,0,0,,xslF345X02/doc4.xml,FORM 4 SUBMISSION
0000950123-06-005731,2006-05-04,2006-05-01,2006-05-04T17:22:08.000Z,34,8-K,001-02958,06807321,"1.01,9.01",8-K,6262,0,0,,y20758e8vk.txt,FORM 8-K
0000950123-06-005819,2006-05-05,2006-03-31,2006-05-05T18:04:29.000Z,34,10-Q,001-02958,06812137,,10-Q,289196,0,0,,y20510e10vq.htm,FORM 10-Q
0001209191-06-028564,2006-05-09,2006-05-08,2006-05-09T15:58:20.000Z,,4,,,,4,14030,0,0,,xslF345X02/doc4.xml,FORM 4 SUBMISSION
0001209191-06-029263,2006-05-11,2006-05-10,2006-05-11T18:31:25.000Z,,4,,,,4,27196,0,0,,xslF345X02/doc4.xml,FORM 4 SUBMISSION
0001209191-06-029610,2006-05-12,2006-05-11,2006-05-12T19:31:48.000Z,,4,,,,4,60611,0,0,,xslF345X02/doc4.xml,FORM 4 SUBMISSION
0000950123-06-006502,2006-05-16,2006-05-16,2006-05-16T18:35:08.000Z,34,8-K,001-02958,06845355,8.01,8-K,8901,0,0,,y21414e8vk.txt,FORM 8-K
0001209191-06-030433,2006-05-16,2006-05-15,2006-05-16T20:31:32.000Z,,4,,,,4,6321,0,0,,xslF345X02/doc4.xml,FORM 4 SUBMISSION
0001209191-06-030437,2006-05-16,2006-05-15,2006-05-16T20:33:22.000Z,,4,,,,4,6286,0,0,,xslF345X02/doc4.xml,FORM 4 SUBMISSION
0001209191-06-030440,2006-05-16,2006-05-15,2006-05-16T20:35:33.000Z,,4,,,,4,6385,0,0,,xslF345X02/doc4.xml,FORM 4 SUBMISSION
0001209191-06-030443,2006-05-16,2006-05-15,2006-05-16T20:37:04.000Z,,4,,,,4,6448,0,0,,xslF345X02/doc4.xml,FORM 4 SUBMISSION
0001209191-06-030446,2006-05-16,2006-05-15,2006-05-16T20:38:56.000Z,,4,,,,4,6478,0,0,,xslF345X02/doc4.xml,FORM 4 SUBMISSION
0000000000-06-025819,2006-06-02,,2006-06-02T15:13:26.000Z,,UPLOAD,,,,LETTER,42846,0,0,,filename1.pdf,
0001209191-06-035476,2006-06-08,2006-06-06,2006-06-08T16:19:35.000Z,,4,,,,4,6321,0,0,,xslF345X02/doc4.xml,FORM 4 SUBMISSION
0001209191-06-035479,2006-06-08,2006-06-06,2006-06-08T16:21:12.000Z,,4,,,,4,6282,0,0,,xslF345X02/doc4.xml,FORM 4 SUBMISSION
0001209191-06-035482,2006-06-08,2006-06-07,2006-06-08T16:24:01.000Z,,4,,,,4,6321,0,0,,xslF345X02/doc4.xml,FORM 4 SUBMISSION
0001209191-06-035484,2006-06-08,2006-06-07,2006-06-08T16:25:44.000Z,,4,,,,4,6285,0,0,,xslF345X02/doc4.xml,FORM 4 SUBMISSION
0000888002-06-000761,2006-06-09,,2006-06-09T13:17:50.000Z,34,SC 13G/A,005-17643,06895533,,SC 13G/A,20611,0,0,,hub0531_g.txt,
0000950123-06-007696,2006-06-14,,2006-06-14T21:13:49.000Z,,CORRESP,,,,CORRESP,13569,0,0,,filename1.htm,
0001209191-06-041112,2006-07-13,2006-07-11,2006-07-13T18:23:56.000Z,,4,,,,4,9639,0,0,,xslF345X02/doc4.xml,FORM 4 SUBMISSION
0001209191-06-041114,2006-07-13,2006-07-11,2006-07-13T18:26:16.000Z,,4,,,,4,6416,0,0,,xslF345X02/doc4.xml,FORM 4 SUBMISSION
0001209191-06-041117,2006-07-13,2006-07-11,2006-07-13T18:27:56.000Z,,4,,,,4,9610,0,0,,xslF345X02/doc4.xml,FORM 4 SUBMISSION
0001209191-06-041120,2006-07-13,2006-07-11,2006-07-13T18:31:43.000Z,,4,,,,4,6590,0,0,,xslF345X02/doc4.xml,FORM 4 SUBMISSION
0001209191-06-041122,2006-07-13,2006-07-11,2006-07-13T18:34:31.000Z,,4,,,,4,6491,0,0,,xslF345X02/doc4.xml,FORM 4 SUBMISSION
0001209191-06-041125,2006-07-13,2006-07-11,2006-07-13T18:36:47.000Z,,4,,,,4,6550,0,0,,xslF345X02/doc4.xml,FORM 4 SUBMISSION
0001209191-06-041127,2006-07-13,2006-07-11,2006-07-13T18:39:23.000Z,,4,,,,4,6581,0,0,,xslF345X02/doc4.xml,FORM 4 SUBMISSION
0001209191-06-041839,2006-07-20,2006-07-19,2006-07-20T15:27:14.000Z,,4,,,,4,6321,0,0,,xslF345X02/doc4.xml,FORM 4 SUBMISSION
0001209191-06-041841,2006-07-20,2006-07-19,2006-07-20T15:34:25.000Z,,4,,,,4,6284,0,0,,xslF345X02/doc4.xml,FORM 4 SUBMISSION
0000950123-06-009179,2006-07-20,2006-07-20,2006-07-20T16:31:23.000Z,34,8-K,001-02958,06971057,2.02,8-K,27936,0,0,,y23296e8vk.txt,FORM 8-K
0001209191-06-043902,2006-08-02,2006-08-01,2006-08-02T19:57:33.000Z,,4,,,,4,6321,0,0,,xslF345X02/doc4.xml,FORM 4 SUBMISSION
0001209191-06-043911,2006-08-02,2006-08-01,2006-08-02T20:03:15.000Z,,4,,,,4,6285,0,0,,xslF345X02/doc4.xml,FORM 4 SUBMISSION
0000950123-06-009901,2006-08-04,2006-06-30,2006-08-04T16:27:14.000Z,34,10-Q,001-02958,061004750,,10-Q,350599,0,0,,y23623e10vq.htm,FORM 10-Q
0001209191-06-046235,2006-08-16,2006-08-15,2006-08-16T19:57:00.000Z,,4,,,,4,6322,0,0,,xslF345X02/doc4.xml,FORM 4 SUBMISSION
0001209191-06-046238,2006-08-16,2006-08-15,2006-08-16T20:00:01.000Z,,4,,,,4,6288,0,0,,xslF345X02/doc4.xml,FORM 4 SUBMISSION
0001209191-06-046243,2006-08-16,2006-08-15,2006-08-16T20:04:12.000Z,,4,,,,4,6386,0,0,,xslF345X02/doc4.xml,FORM 4 SUBMISSION
0001209191-06-046247,2006-08-16,2006-08-15,2006-08-16T20:15:13.000Z,,4,,,,4,6450,0,0,,xslF345X02/doc4.xml,FORM 4 SUBMISSION
0001209191-06-046250,2006-08-16,2006-08-15,2006-08-16T20:17:44.000Z,,4,,,,4,6479,0,0,,xslF345X02/doc4.xml,FORM 4 SUBMISSION
0001209191-06-047273,2006-08-24,2006-08-23,2006-08-24T13:18:45.000Z,,4,,,,4,5052,0,0,,xslF345X02/doc4.xml,FORM 4 SUBMISSION
0001209191-06-047276,2006-08-24,2006-08-23,2006-08-24T13:21:47.000Z,,4,,,,4,5050,0,0,,xslF345X02/doc4.xml,FORM 4 SUBMISSION
0001209191-06-049226,2006-09-07,2006-09-06,2006-09-07T17:48:31.000Z,,4,,,,4,5051,0,0,,xslF345X02/doc4.xml,FORM 4 SUBMISSION
0001209191-06-049228,2006-09-07,2006-09-06,2006-09-07T17:51:22.000Z,,4,,,,4,5050,0,0,,xslF345X02/doc4.xml,FORM 4 SUBMISSION
0001209191-06-049703,2006-09-12,2006-09-11,2006-09-12T19:35:16.000Z,,4,,,,4,6322,0,0,,xslF345X02/doc4.xml,FORM 4 SUBMISSION
0001209191-06-049706,2006-09-12,2006-09-11,2006-09-12T19:37:26.000Z,,4,,,,4,6286,0,0,,xslF345X02/doc4.xml,FORM 4 SUBMISSION
0001209191-06-050034,2006-09-14,2006-09-13,2006-09-14T14:26:51.000Z,,4,,,,4,6321,0,0,,xslF345X02/doc4.xml,FORM 4 SUBMISSION
0001209191-06-050036,2006-09-14,2006-09-13,2006-09-14T14:28:48.000Z,,4,,,,4,6286,0,0,,xslF345X02/doc4.xml,FORM 4 SUBMISSION
0000950123-06-011624,2006-09-15,2006-09-11,2006-09-15T13:23:42.000Z,34,8-K,001-02958,061092258,1.01,8-K,5609,0,0,,y25089e8vk.txt,8-K
0001209191-06-051007,2006-09-20,2006-09-19,2006-09-20T19:39:40.000Z,,4,,,,4,5170,0,0,,xslF345X02/doc4.xml,FORM 4 SUBMISSION
0001209191-06-051183,2006-09-21,2006-09-21,2006-09-21T22:25:55.000Z,,4,,,,4,8126,0,0,,xslF345X02/doc4.xml,FORM 4 SUBMISSION
0001209191-06-051185,2006-09-21,2006-09-21,2006-09-21T22:29:55.000Z,,4,,,,4,8124,0,0,,xslF345X02/doc4.xml,FORM 4 SUBMISSION
0001209191-06-051795,2006-09-28,2006-09-27,2006-09-28T17:39:43.000Z,,4,,,,4,9662,0,0,,xslF345X02/doc4.xml,FORM 4 SUBMISSION
0001209191-06-051797,2006-09-28,2006-09-27,2006-09-28T17:41:41.000Z,,4,,,,4,9662,0,0,,xslF345X02/doc4.xml,FORM 4 SUBMISSION
0001209191-06-051972,2006-09-29,2006-09-28,2006-09-29T18:00:33.000Z,,4,,,,4,5049,0,0,,xslF345X02/doc4.xml,FORM 4 SUBMISSION
0001209191-06-051981,2006-09-29,2006-09-28,2006-09-29T18:04:09.000Z,,4,,,,4,5048,0,0,,xslF345X02/doc4.xml,FORM 4 SUBMISSION
0001209191-06-052053,2006-09-29,2006-09-29,2006-09-29T21:29:36.000Z,,4,,,,4,5050,0,0,,xslF345X02/doc4.xml,FORM 4 SUBMISSION
0001209191-06-052055,2006-09-29,2006-09-29,2006-09-29T21:36:18.000Z,,4,,,,4,5048,0,0,,xslF345X02/doc4.xml,FORM 4 SUBMISSION
0001209191-06-054661,2006-10-13,2006-10-11,2006-10-13T18:29:14.000Z,,4,,,,4,9641,0,0,,xslF345X02/doc4.xml,FORM 4 SUBMISSION
0001209191-06-054663,2006-10-13,2006-10-11,2006-10-13T18:31:22.000Z,,4,,,,4,6417,0,0,,xslF345X02/doc4.xml,FORM 4 SUBMISSION
0001209191-06-054665,2006-10-13,2006-10-11,2006-10-13T18:35:01.000Z,,4,,,,4,9615,0,0,,xslF345X02/doc4.xml,FORM 4 SUBMISSION
0001209191-06-054667,2006-10-13,2006-10-11,2006-10-13T18:39:56.000Z,,4,,,,4,6591,0,0,,xslF345X02/doc4.xml,FORM 4 SUBMISSION
0001209191-06-054669,2006-10-13,2006-10-11,2006-10-13T18:43:20.000Z,,4,,,,4,6492,0,0,,xslF345X02/doc4.xml,FORM 4 SUBMISSION
0001209191-06-054671,2006-10-13,2006-10-11,2006-10-13T18:45:51.000Z,,4,,,,4,6551,0,0,,xslF345X02/doc4.xml,FORM 4 SUBMISSION
0001209191-06-054674,2006-10-13,2006-10-11,2006-10-13T18:48:00.000Z,,4,,,,4,6582,0,0,,xslF345X02/doc4.xml,FORM 4 SUBMISSION
0001209191-06-055256,2006-10-19,2006-10-18,2006-10-19T14:40:01.000Z,,4,,,,4,6322,0,0,,xslF345X02/doc4.xml,FORM 4 SUBMISSION
0001209191-06-055258,2006-10-19,2006-10-18,2006-10-19T14:41:55.000Z,,4,,,,4,6286,0,0,,xslF345X02/doc4.xml,FORM 4 SUBMISSION
0000950123-06-012740,2006-10-19,2006-10-19,2006-10-19T15:17:32.000Z,34,8-K,001-02958,061152380,2.02,8-K,28773,0,0,,y25980e8vk.txt,8-K
0000902664-06-002317,2006-10-25,,2006-10-24T21:34:13.000Z,34,SC 13G,005-17643,061161031,,SC 13G,29066,0,0,,sc13g.txt,"ADAGE CAPITAL PARTNERS, L.P./HUBBELL INCORPORATED"
0001209191-06-055933,2006-10-25,2006-10-24,2006-10-25T20:24:50.000Z,,4,,,,4,44129,0,0,,xslF345X02/doc4.xml,FORM 4 SUBMISSION
0001209191-06-056264,2006-10-27,2006-10-25,2006-10-27T13:31:10.000Z,,4,,,,4,8795,0,0,,xslF345X02/doc4.xml,FORM 4 SUBMISSION
0001209191-06-056266,2006-10-27,2006-10-25,2006-10-27T13:35:20.000Z,,4,,,,4,44126,0,0,,xslF345X02/doc4.xml,FORM 4 SUBMISSION
0001209191-06-056288,2006-10-27,2006-10-26,2006-10-27T14:59:05.000Z,,4,,,,4,45834,0,0,,xslF345X02/doc4.xml,FORM 4 SUBMISSION
0001209191-06-056531,2006-10-30,2006-10-27,2006-10-30T16:06:55.000Z,,4,,,,4,5042,0,0,,xslF345X02/doc4.xml,FORM 4 SUBMISSION
0001209191-06-056535,2006-10-30,2006-10-27,2006-10-30T16:10:59.000Z,,4,,,,4,18009,0,0,,xslF345X02/doc4.xml,FORM 4 SUBMISSION
0001209191-06-056818,2006-10-31,2006-10-30,2006-10-31T22:03:52.000Z,,4,,,,4,6320,0,0,,xslF345X02/doc4.xml,FORM 4 SUBMISSION
0001209191-06-056822,2006-10-31,2006-10-30,2006-10-31T22:06:52.000Z,,4,,,,4,6286,0,0,,xslF345X02/doc4.xml,FORM 4 SUBMISSION
0001209191-06-057163,2006-11-02,2006-11-01,2006-11-02T16:38:55.000Z,,4,,,,4,5051,0,0,,xslF345X02/doc4.xml,FORM 4 SUBMISSION
0001209191-06-057165,2006-11-02,2006-11-01,2006-11-02T16:45:39.000Z,,4,,,,4,5049,0,0,,xslF345X02/doc4.xml,FORM 4 SUBMISSION
0000000000-06-053542,2006-11-02,,2006-11-02T20:48:27.000Z,,UPLOAD,,,,LETTER,20920,0,0,,filename1.pdf,
0001209191-06-057957,2006-11-06,2005-11-15,2006-11-06T21:42:32.000Z,,4/A,,,,4/A,56679,0,0,,xslF345X02/doc4a.xml,FORM 4/A SUBMISSION
0000950123-06-013623,2006-11-07,2006-09-30,2006-11-07T20:01:08.000Z,34,10-Q,001-02958,061193589,,10-Q,367438,0,0,,y26356e10vq.htm,10-Q
0001209191-06-059945,2006-11-16,2006-11-15,2006-11-16T21:37:19.000Z,,4,,,,4,6320,0,0,,xslF345X02/doc4.xml,FORM 4 SUBMISSION
0001209191-06-059951,2006-11-16,2006-11-15,2006-11-16T21:40:20.000Z,,4,,,,4,6288,0,0,,xslF345X02/doc4.xml,FORM 4 SUBMISSION
0001209191-06-059957,2006-11-16,2006-11-15,2006-11-16T21:42:42.000Z,,4,,,,4,6384,0,0,,xslF345X02/doc4.xml,FORM 4 SUBMISSION
0001209191-06-059966,2006-11-16,2006-11-15,2006-11-16T21:47:17.000Z,,4,,,,4,6450,0,0,,xslF345X02/doc4.xml,FORM 4 SUBMISSION
0001209191-06-059973,2006-11-16,2006-11-15,2006-11-16T21:53:44.000Z,,4,,,,4,6479,0,0,,xslF345X02/doc4.xml,FORM 4 SUBMISSION
0001209191-06-062225,2006-12-01,2006-11-30,2006-12-01T15:30:27.000Z,,4,,,,4,20426,0,0,,xslF345X02/doc4.xml,FORM 4 SUBMISSION
0001209191-06-062230,2006-12-01,2006-11-30,2006-12-01T15:32:25.000Z,,4,,,,4,20426,0,0,,xslF345X02/doc4.xml,FORM 4 SUBMISSION
0001209191-06-062510,2006-12-04,2006-12-01,2006-12-04T15:23:57.000Z,,4,,,,4,18987,0,0,,xslF345X02/doc4.xml,FORM 4 SUBMISSION
0001209191-06-062513,2006-12-04,2006-12-01,2006-12-04T15:26:05.000Z,,4,,,,4,18987,0,0,,xslF345X02/doc4.xml,FORM 4 SUBMISSION
0001209191-06-062914,2006-12-05,2006-12-04,2006-12-05T16:38:07.000Z,,4,,,,4,6324,0,0,,xslF345X02/doc4.xml,FORM 4 SUBMISSION
0001209191-06-062917,2006-12-05,2006-12-04,2006-12-05T16:40:55.000Z,,4,,,,4,6288,0,0,,xslF345X02/doc4.xml,FORM 4 SUBMISSION
0001299933-06-007887,2006-12-06,2006-12-05,2006-12-06T14:24:44.000Z,34,8-K,001-02958,061259029,5.02,8-K,10717,0,0,,htm_16815.htm,LIVE FILING
0001209191-06-063199,2006-12-06,2006-12-04,2006-12-06T19:24:16.000Z,,4,,,,4,7570,0,0,,xslF345X02/doc4.xml,FORM 4 SUBMISSION
0001209191-06-063207,2006-12-06,2006-12-04,2006-12-06T19:37:30.000Z,,4,,,,4,7590,0,0,,xslF345X02/doc4.xml,FORM 4 SUBMISSION
0001209191-06-063216,2006-12-06,2006-12-04,2006-12-06T20:00:26.000Z,,4,,,,4,7583,0,0,,xslF345X02/doc4.xml,FORM 4 SUBMISSION
0001209191-06-063218,2006-12-06,2006-12-04,2006-12-06T20:02:57.000Z,,4,,,,4,7625,0,0,,xslF345X02/doc4.xml,FORM 4 SUBMISSION
0001209191-06-063220,2006-12-06,2006-12-04,2006-12-06T20:07:12.000Z,,4,,,,4,7594,0,0,,xslF345X02/doc4.xml,FORM 4 SUBMISSION
0001209191-06-063223,2006-12-06,2006-12-04,2006-12-06T20:09:45.000Z,,4,,,,4,7577,0,0,,xslF345X02/doc4.xml,FORM 4 SUBMISSION
0001209191-06-063227,2006-12-06,2006-12-04,2006-12-06T20:23:44.000Z,,4,,,,4,7568,0,0,,xslF345X02/doc4.xml,FORM 4 SUBMISSION
0001209191-06-063229,2006-12-06,2006-12-04,2006-12-06T20:26:16.000Z,,4,,,,4,7598,0,0,,xslF345X02/doc4.xml,FORM 4 SUBMISSION
0001209191-06-063238,2006-12-06,2006-12-04,2006-12-06T20:38:53.000Z,,4,,,,4,7576,0,0,,xslF345X02/doc4.xml,FORM 4 SUBMISSION
0001209191-06-063248,2006-12-06,2006-07-11,2006-12-06T21:05:59.000Z,,4/A,,,,4/A,9964,0,0,,xslF345X02/doc4a.xml,FORM 4/A SUBMISSION
0001209191-06-063253,2006-12-06,2006-10-11,2006-12-06T21:16:23.000Z,,4/A,,,,4/A,10041,0,0,,xslF345X02/doc4a.xml,FORM 4/A SUBMISSION
0001209191-06-063257,2006-12-06,2006-07-11,2006-12-06T21:22:20.000Z,,4/A,,,,4/A,9936,0,0,,xslF345X02/doc4a.xml,FORM 4/A SUBMISSION
0001209191-06-063268,2006-12-06,2006-10-11,2006-12-06T21:36:57.000Z,,4/A,,,,4/A,10014,0,0,,xslF345X02/doc4a.xml,FORM 4/A SUBMISSION
0001209191-06-063350,2006-12-07,2006-12-05,2006-12-07T16:26:29.000Z,,4,,,,4,6322,0,0,,xslF345X02/doc4.xml,FORM 4 SUBMISSION
0001209191-06-063352,2006-12-07,2006-12-05,2006-12-07T16:28:50.000Z,,3,,,,3,5436,0,0,,xslF345X02/doc3.xml,FORM 3 SUBMISSION
0001209191-06-063354,2006-12-07,2006-12-05,2006-12-07T16:32:06.000Z,,4,,,,4,7753,0,0,,xslF345X02/doc4.xml,FORM 4 SUBMISSION
0001209191-06-063357,2006-12-07,2006-12-05,2006-12-07T16:34:46.000Z,,4,,,,4,6288,0,0,,xslF345X02/doc4.xml,FORM 4 SUBMISSION
0001209191-06-063454,2006-12-07,2006-12-05,2006-12-07T21:37:21.000Z,,4,,,,4,5170,0,0,,xslF345X02/doc4.xml,FORM 4 SUBMISSION
0001209191-06-063458,2006-12-07,2006-12-05,2006-12-07T21:39:23.000Z,,4,,,,4,5193,0,0,,xslF345X02/doc4.xml,FORM 4 SUBMISSION
0001209191-06-063460,2006-12-07,2006-12-05,2006-12-07T21:41:31.000Z,,4,,,,4,5187,0,0,,xslF345X02/doc4.xml,FORM 4 SUBMISSION
0001209191-06-063462,2006-12-07,2006-12-05,2006-12-07T21:42:53.000Z,,4,,,,4,5232,0,0,,xslF345X02/doc4.xml,FORM 4 SUBMISSION
0001209191-06-063466,2006-12-07,2006-12-05,2006-12-07T21:44:19.000Z,,4,,,,4,5194,0,0,,xslF345X02/doc4.xml,FORM 4 SUBMISSION
0001209191-06-063475,2006-12-07,2006-12-05,2006-12-07T21:46:11.000Z,,4,,,,4,5177,0,0,,xslF345X02/doc4.xml,FORM 4 SUBMISSION
0001209191-06-063480,2006-12-07,2006-12-05,2006-12-07T21:47:37.000Z,,4,,,,4,5168,0,0,,xslF345X02/doc4.xml,FORM 4 SUBMISSION
0001209191-06-063483,2006-12-07,2006-12-05,2006-12-07T21:49:33.000Z,,4,,,,4,5198,0,0,,xslF345X02/doc4.xml,FORM 4 SUBMISSION
0001209191-06-063485,2006-12-07,2006-12-05,2006-12-07T21:52:05.000Z,,4,,,,4,5176,0,0,,xslF345X02/doc4.xml,FORM 4 SUBMISSION
0001209191-06-063645,2006-12-08,2006-12-07,2006-12-08T15:07:08.000Z,,4,,,,4,6322,0,0,,xslF345X02/doc4.xml,FORM 4 SUBMISSION
0001209191-06-063647,2006-12-08,2006-12-07,2006-12-08T15:09:08.000Z,,4,,,,4,6311,0,0,,xslF345X02/doc4.xml,FORM 4 SUBMISSION
0001209191-06-063650,2006-12-08,2006-12-07,2006-12-08T15:14:51.000Z,,4,,,,4,6287,0,0,,xslF345X02/doc4.xml,FORM 4 SUBMISSION
0001299933-06-007986,2006-12-11,2006-12-11,2006-12-11T15:21:26.000Z,34,8-K,001-02958,061267334,"7.01,9.01",8-K,22150,0,0,,htm_16918.htm,LIVE FILING
0001209191-07-003577,2007-01-16,2007-01-11,2007-01-16T16:26:35.000Z,,4,,,,4,9643,0,0,,xslF345X02/doc4.xml,FORM 4 SUBMISSION
0001209191-07-003579,2007-01-16,2007-01-11,2007-01-16T16:29:14.000Z,,4,,,,4,6417,0,0,,xslF345X02/doc4.xml,FORM 4 SUBMISSION
0001209191-07-003581,2007-01-16,2007-01-11,2007-01-16T16:43:11.000Z,,4,,,,4,6412,0,0,,xslF345X02/doc4.xml,FORM 4 SUBMISSION
0001209191-07-003583,2007-01-16,2007-01-11,2007-01-16T16:46:45.000Z,,4,,,,4,12023,0,0,,xslF345X02/doc4.xml,FORM 4 SUBMISSION
0001209191-07-003585,2007-01-16,2007-01-11,2007-01-16T16:50:07.000Z,,4,,,,4,6590,0,0,,xslF345X02/doc4.xml,FORM 4 SUBMISSION
0001209191-07-003591,2007-01-16,2007-01-11,2007-01-16T16:55:22.000Z,,4,,,,4,6498,0,0,,xslF345X02/doc4.xml,FORM 4 SUBMISSION
0001209191-07-003595,2007-01-16,2007-01-11,2007-01-16T16:58:35.000Z,,4,,,,4,6552,0,0,,xslF345X02/doc4.xml,FORM 4 SUBMISSION
0001209191-07-003597,2007-01-16,2007-01-11,2007-01-16T17:00:31.000Z,,4,,,,4,6581,0,0,,xslF345X02/doc4.xml,FORM 4 SUBMISSION
0000902664-07-000126,2007-01-18,,2007-01-18T17:05:10.000Z,34,SC 13G/A,005-17643,07537002,,SC 13G/A,26147,0,0,,sc13ga.txt,HUBBELL INCORPORATED
0000902664-07-000133,2007-01-18,,2007-01-18T17:21:56.000Z,34,SC 13G,005-17643,07537048,,SC 13G,29571,0,0,,sc13g.txt,HUBBELL INCORPORATED
0001209191-07-004501,2007-01-22,2007-01-19,2007-01-22T20:30:26.000Z,,4,,,,4,6321,0,0,,xslF345X02/doc4.xml,FORM 4 SUBMISSION
0001209191-07-004503,2007-01-22,2007-01-19,2007-01-22T20:33:40.000Z,,4,,,,4,6307,0,0,,xslF345X02/doc4.xml,FORM 4 SUBMISSION
0001209191-07-004505,2007-01-22,2007-01-19,2007-01-22T20:35:19.000Z,,4,,,,4,6285,0,0,,xslF345X02/doc4.xml,FORM 4 SUBMISSION
0001209191-07-004671,2007-01-23,2007-01-22,2007-01-23T19:23:13.000Z,,4,,,,4,6319,0,0,,xslF345X02/doc4.xml,FORM 4 SUBMISSION
0001209191-07-004675,2007-01-23,2007-01-22,2007-01-23T19:25:37.000Z,,4,,,,4,6307,0,0,,xslF345X02/doc4.xml,FORM 4 SUBMISSION
0001209191-07-004677,2007-01-23,2007-01-22,2007-01-23T19:27:23.000Z,,4,,,,4,6285,0,0,,xslF345X02/doc4.xml,FORM 4 SUBMISSION
0001209191-07-004945,2007-01-24,2006-12-31,2007-01-24T22:29:58.000Z,,5,,,,5,5836,0,0,,xslF345X02/doc5.xml,FORM 5 SUBMISSION
0000950123-07-000764,2007-01-25,2007-01-25,2007-01-25T12:49:16.000Z,34,8-K,001-02958,07551178,2.02,8-K,33834,0,0,,y28972e8vk.txt,FORM 8-K
0001209191-07-006338,2007-01-31,2007-01-30,2007-01-31T19:54:33.000Z,,4,,,,4,4959,0,0,,xslF345X02/doc4.xml,FORM 4 SUBMISSION
0001209191-07-006618,2007-02-01,2007-01-31,2007-02-01T16:38:09.000Z,,4,,,,4,6494,0,0,,xslF345X02/doc4.xml,FORM 4 SUBMISSION
0001209191-07-007398,2007-02-05,2007-02-01,2007-02-05T16:08:38.000Z,,4,,,,4,5143,0,0,,xslF345X02/doc4.xml,FORM 4 SUBMISSION
0001209191-07-007406,2007-02-05,2007-02-01,2007-02-05T16:21:28.000Z,,4,,,,4,5141,0,0,,xslF345X02/doc4.xml,FORM 4 SUBMISSION
0001209191-07-007503,2007-02-05,2006-12-31,2007-02-05T21:00:35.000Z,,5/A,,,,5/A,6713,0,0,,xslF345X02/doc5a.xml,FORM 5/A SUBMISSION
0001209191-07-007510,2007-02-05,2007-02-01,2007-02-05T21:07:32.000Z,,4,,,,4,9998,0,0,,xslF345X02/doc4.xml,FORM 4 SUBMISSION
0001209191-07-007878,2007-02-06,2007-02-05,2007-02-06T19:16:08.000Z,,4,,,,4,5145,0,0,,xslF345X02/doc4.xml,FORM 4 SUBMISSION
0001209191-07-007880,2007-02-06,2007-02-05,2007-02-06T19:18:00.000Z,,4,,,,4,5143,0,0,,xslF345X02/doc4.xml,FORM 4 SUBMISSION
0000017283-07-000557,2007-02-12,,2007-02-09T22:40:28.000Z,34,SC 13G/A,005-17643,07599537,,SC 13G/A,13154,0,0,,edghubb.txt,SC 13G/A
0001209191-07-009266,2007-02-12,2007-02-09,2007-02-12T16:37:18.000Z,,4,,,,4,6319,0,0,,xslF345X02/doc4.xml,FORM 4 SUBMISSION
0000052388-07-000034,2007-02-13,,2007-02-13T18:59:12.000Z,34,SC 13G,005-17643,07608148,,SC 13G,12990,0,0,,sc13g-new.htm,SCHEDULE 13G
0001140361-07-003281,2007-02-13,,2007-02-13T21:08:09.000Z,34,SC 13G/A,005-17643,07610249,,SC 13G/A,26716,0,0,,doc1.htm,
0001104659-07-011035,2007-02-14,,2007-02-14T17:57:43.000Z,34,SC 13G/A,005-17643,07617079,,SC 13G/A,63071,0,0,,a07-3008_124sc13ga.htm,SC 13G/A
0001299933-07-000914,2007-02-15,2007-02-09,2007-02-15T15:44:01.000Z,34,8-K,001-02958,07625771,"5.02,9.01",8-K,31029,0,0,,htm_18211.htm,LIVE FILING
0001209191-07-011378,2007-02-16,2007-02-15,2007-02-16T18:46:40.000Z,,4,,,,4,5144,0,0,,xslF345X02/doc4.xml,FORM 4 SUBMISSION
0001209191-07-011384,2007-02-16,2007-02-15,2007-02-16T18:52:27.000Z,,4,,,,4,5143,0,0,,xslF345X02/doc4.xml,FORM 4 SUBMISSION
0001209191-07-011531,2007-02-16,2007-02-15,2007-02-16T21:42:08.000Z,,4,,,,4,6323,0,0,,xslF345X02/doc4.xml,FORM 4 SUBMISSION
0001209191-07-011536,2007-02-16,2007-02-15,2007-02-16T21:44:45.000Z,,4,,,,4,6311,0,0,,xslF345X02/doc4.xml,FORM 4 SUBMISSION
0001209191-07-011542,2007-02-16,2007-02-15,2007-02-16T21:47:07.000Z,,4,,,,4,6287,0,0,,xslF345X02/doc4.xml,FORM 4 SUBMISSION
0001209191-07-011546,2007-02-16,2007-02-15,2007-02-16T21:52:05.000Z,,4,,,,4,6392,0,0,,xslF345X02/doc4.xml,FORM 4 SUBMISSION
0001209191-07-011549,2007-02-16,2007-02-15,2007-02-16T21:53:47.000Z,,4,,,,4,6449,0,0,,xslF345X02/doc4.xml,FORM 4 SUBMISSION
0001209191-07-011553,2007-02-16,2007-02-15,2007-02-16T21:57:09.000Z,,4,,,,4,6478,0,0,,xslF345X02/doc4.xml,FORM 4 SUBMISSION
0001209191-07-011675,2007-02-20,2007-02-16,2007-02-20T13:53:41.000Z,,4,,,,4,6321,0,0,,xslF345X02/doc4.xml,FORM 4 SUBMISSION
0001209191-07-011678,2007-02-20,2007-02-16,2007-02-20T13:56:38.000Z,,4,,,,4,6309,0,0,,xslF345X02/doc4.xml,FORM 4 SUBMISSION
0001209191-07-011681,2007-02-20,2007-02-16,2007-02-20T13:59:58.000Z,,4,,,,4,6285,0,0,,xslF345X02/doc4.xml,FORM 4 SUBMISSION
0000950123-07-002818,2007-02-27,2006-12-31,2007-02-27T22:19:37.000Z,34,10-K,001-02958,07654280,,10-K,1597240,0,0,,y30584e10vk.htm,FORM 10-K
0001209191-07-018403,2007-03-19,2007-03-16,2007-03-19T18:31:24.000Z,,4,,,,4,6681,0,0,,xslF345X02/doc4.xml,FORM 4 SUBMISSION
0001209191-07-018405,2007-03-19,2007-03-16,2007-03-19T18:33:40.000Z,,4,,,,4,6680,0,0,,xslF345X02/doc4.xml,FORM 4 SUBMISSION
0000950123-07-004115,2007-03-20,2007-05-07,2007-03-20T13:46:56.000Z,34,DEF 14A,001-02958,07705228,,DEF 14A,614332,0,0,,y27166dpdef14a.htm,NOTICE OF ANNUAL MEETING
0001209191-07-018668,2007-03-20,2007-03-19,2007-03-20T15:44:50.000Z,,4,,,,4,6681,0,0,,xslF345X02/doc4.xml,FORM 4 SUBMISSION
0001209191-07-018672,2007-03-20,2007-03-19,2007-03-20T15:47:03.000Z,,4,,,,4,6680,0,0,,xslF345X02/doc4.xml,FORM 4 SUBMISSION
9999999997-07-014096,2007-03-21,2006-12-31,2007-03-24T13:47:15.000Z,34,ARS,001-02958,07048193,,ARS,1808,0,0,,9999999997-07-014096.paper,AUTO-GENERATED PAPER DOCUMENT
0001209191-07-019214,2007-03-22,2007-03-21,2007-03-22T16:52:24.000Z,,4,,,,4,5143,0,0,,xslF345X02/doc4.xml,FORM 4 SUBMISSION
0001209191-07-019216,2007-03-22,2007-03-21,2007-03-22T16:54:16.000Z,,4,,,,4,5141,0,0,,xslF345X02/doc4.xml,FORM 4 SUBMISSION
0001209191-07-019377,2007-03-23,2007-03-22,2007-03-23T15:22:33.000Z,,4,,,,4,6681,0,0,,xslF345X02/doc4.xml,FORM 4 SUBMISSION
0001209191-07-019379,2007-03-23,2007-03-22,2007-03-23T15:25:01.000Z,,4,,,,4,6679,0,0,,xslF345X02/doc4.xml,FORM 4 SUBMISSION
0001209191-07-019635,2007-03-26,2007-03-23,2007-03-26T15:57:45.000Z,,4,,,,4,5142,0,0,,xslF345X02/doc4.xml,FORM 4 SUBMISSION
0001209191-07-019639,2007-03-26,2007-03-23,2007-03-26T16:00:26.000Z,,4,,,,4,5141,0,0,,xslF345X02/doc4.xml,FORM 4 SUBMISSION
0001209191-07-019678,2007-03-26,2007-03-23,2007-03-26T18:42:49.000Z,,4,,,,4,6321,0,0,,xslF345X02/doc4.xml,FORM 4 SUBMISSION
0001209191-07-019681,2007-03-26,2007-03-23,2007-03-26T18:47:22.000Z,,4,,,,4,6309,0,0,,xslF345X02/doc4.xml,FORM 4 SUBMISSION
0001209191-07-019689,2007-03-26,2007-03-23,2007-03-26T18:55:37.000Z,,4,,,,4,6283,0,0,,xslF345X02/doc4.xml,FORM 4 SUBMISSION
0001209191-07-020171,2007-03-28,2007-03-27,2007-03-28T17:49:49.000Z,,4,,,,4,5143,0,0,,xslF345X02/doc4.xml,FORM 4 SUBMISSION
0001209191-07-020173,2007-03-28,2007-03-27,2007-03-28T17:54:28.000Z,,4,,,,4,5141,0,0,,xslF345X02/doc4.xml,FORM 4 SUBMISSION
0001209191-07-022366,2007-04-04,2007-04-03,2007-04-04T20:21:44.000Z,,4,,,,4,5144,0,0,,xslF345X02/doc4.xml,FORM 4 SUBMISSION
0001209191-07-022379,2007-04-04,2007-04-03,2007-04-04T20:25:48.000Z,,4,,,,4,5142,0,0,,xslF345X02/doc4.xml,FORM 4 SUBMISSION
0001209191-07-022761,2007-04-05,2007-04-04,2007-04-05T21:16:48.000Z,,4,,,,4,22057,0,0,,xslF345X02/doc4.xml,FORM 4 SUBMISSION
0001209191-07-022767,2007-04-05,2007-04-04,2007-04-05T21:21:08.000Z,,4,,,,4,22058,0,0,,xslF345X02/doc4.xml,FORM 4 SUBMISSION
0001209191-07-023801,2007-04-13,2007-04-11,2007-04-13T18:24:06.000Z,,4,,,,4,12054,0,0,,xslF345X02/doc4.xml,FORM 4 SUBMISSION
0001209191-07-023804,2007-04-13,2007-04-11,2007-04-13T18:26:56.000Z,,4,,,,4,6417,0,0,,xslF345X02/doc4.xml,FORM 4 SUBMISSION
0001209191-07-023806,2007-04-13,2007-04-11,2007-04-13T18:28:54.000Z,,4,,,,4,8824,0,0,,xslF345X02/doc4.xml,FORM 4 SUBMISSION
0001209191-07-023808,2007-04-13,2007-04-11,2007-04-13T18:30:43.000Z,,4,,,,4,12025,0,0,,xslF345X02/doc4.xml,FORM 4 SUBMISSION
0001209191-07-023810,2007-04-13,2007-04-11,2007-04-13T18:33:15.000Z,,4,,,,4,6590,0,0,,xslF345X02/doc4.xml,FORM 4 SUBMISSION
0001209191-07-023812,2007-04-13,2007-04-11,2007-04-13T18:36:39.000Z,,4,,,,4,6498,0,0,,xslF345X02/doc4.xml,FORM 4 SUBMISSION
0001209191-07-023815,2007-04-13,2007-04-11,2007-04-13T18:41:34.000Z,,4,,,,4,6552,0,0,,xslF345X02/doc4.xml,FORM 4 SUBMISSION
0001209191-07-023818,2007-04-13,2007-04-11,2007-04-13T18:45:18.000Z,,4,,,,4,6581,0,0,,xslF345X02/doc4.xml,FORM 4 SUBMISSION
0001209191-07-025113,2007-04-24,2007-04-23,2007-04-24T16:47:13.000Z,,4,,,,4,20522,0,0,,xslF345X02/doc4.xml,FORM 4 SUBMISSION
0001209191-07-025118,2007-04-24,2007-04-23,2007-04-24T16:58:01.000Z,,4,,,,4,20520,0,0,,xslF345X02/doc4.xml,FORM 4 SUBMISSION
0000950123-07-006019,2007-04-26,2007-04-26,2007-04-26T12:50:40.000Z,34,8-K,001-02958,07789343,"2.02,9.01",8-K,27137,0,0,,y34000e8vk.txt,FORM 8-K
0001209191-07-025734,2007-04-26,2007-04-25,2007-04-26T21:47:11.000Z,,4,,,,4,6323,0,0,,xslF345X02/doc4.xml,FORM 4 SUBMISSION
0001209191-07-025738,2007-04-26,2007-04-25,2007-04-26T21:53:13.000Z,,4,,,,4,6311,0,0,,xslF345X02/doc4.xml,FORM 4 SUBMISSION
0001209191-07-025740,2007-04-26,2007-04-25,2007-04-26T21:55:03.000Z,,4,,,,4,6287,0,0,,xslF345X02/doc4.xml,FORM 4 SUBMISSION
0001209191-07-026008,2007-04-27,2007-04-26,2007-04-27T19:35:34.000Z,,4,,,,4,22058,0,0,,xslF345X02/doc4.xml,FORM 4 SUBMISSION
0001209191-07-026010,2007-04-27,2007-04-26,2007-04-27T19:41:44.000Z,,4,,,,4,22057,0,0,,xslF345X02/doc4.xml,FORM 4 SUBMISSION
0000950123-07-006332,2007-04-30,2007-03-31,2007-04-30T21:08:33.000Z,34,10-Q,001-02958,07801611,,10-Q,246990,0,0,,y34008e10vq.htm,FORM 10-Q
0000950123-07-006571,2007-05-02,2007-05-02,2007-05-02T20:35:49.000Z,34,8-K,001-02958,07811157,8.01,8-K,6776,0,0,,y34386e8vk.txt,FORM 8-K
0001209191-07-027210,2007-05-02,2007-05-01,2007-05-02T21:08:55.000Z,,4,,,,4,21082,0,0,,xslF345X02/doc4.xml,FORM 4 SUBMISSION
0001209191-07-027647,2007-05-03,2007-05-02,2007-05-03T20:58:22.000Z,,4,,,,4,4960,0,0,,xslF345X02/doc4.xml,FORM 4 SUBMISSION
0001209191-07-027653,2007-05-03,2007-05-02,2007-05-03T21:03:37.000Z,,4,,,,4,13378,0,0,,xslF345X02/doc4.xml,FORM 4 SUBMISSION
0001209191-07-027833,2007-05-04,2007-05-03,2007-05-04T15:06:08.000Z,,4,,,,4,6683,0,0,,xslF345X02/doc4.xml,FORM 4 SUBMISSION
0001209191-07-027836,2007-05-04,2007-05-03,2007-05-04T15:09:49.000Z,,4,,,,4,6681,0,0,,xslF345X02/doc4.xml,FORM 4 SUBMISSION
0001209191-07-028460,2007-05-07,2007-05-06,2007-05-07T21:40:55.000Z,,4,,,,4,6323,0,0,,xslF345X02/doc4.xml,FORM 4 SUBMISSION
0001209191-07-028463,2007-05-07,2007-05-06,2007-05-07T21:45:18.000Z,,4,,,,4,6311,0,0,,xslF345X02/doc4.xml,FORM 4 SUBMISSION
0001209191-07-028466,2007-05-07,2007-05-06,2007-05-07T21:46:59.000Z,,4,,,,4,6287,0,0,,xslF345X02/doc4.xml,FORM 4 SUBMISSION
0001209191-07-028786,2007-05-08,2007-05-07,2007-05-08T21:30:57.000Z,,4,,,,4,8108,0,0,,xslF345X02/doc4.xml,FORM 4 SUBMISSION
0001209191-07-028791,2007-05-08,2007-05-07,2007-05-08T21:33:02.000Z,,4,,,,4,5153,0,0,,xslF345X02/doc4.xml,FORM 4 SUBMISSION
0001209191-07-028796,2007-05-08,2007-05-07,2007-05-08T21:35:30.000Z,,4,,,,4,8093,0,0,,xslF345X02/doc4.xml,FORM 4 SUBMISSION
0001209191-07-028797,2007-05-08,2007-05-07,2007-05-08T21:37:36.000Z,,4,,,,4,8075,0,0,,xslF345X02/doc4.xml,FORM 4 SUBMISSION
0001209191-07-028798,2007-05-08,2007-05-07,2007-05-08T21:39:47.000Z,,4,,,,4,5334,0,0,,xslF345X02/doc4.xml,FORM 4 SUBMISSION
0001209191-07-028800,2007-05-08,2007-05-07,2007-05-08T21:41:01.000Z,,4,,,,4,5242,0,0,,xslF345X02/doc4.xml,FORM 4 SUBMISSION
0001209191-07-028801,2007-05-08,2007-05-07,2007-05-08T21:43:01.000Z,,4,,,,4,5210,0,0,,xslF345X02/doc4.xml,FORM 4 SUBMISSION
0001209191-07-028803,2007-05-08,2007-05-07,2007-05-08T21:44:32.000Z,,4,,,,4,5298,0,0,,xslF345X02/doc4.xml,FORM 4 SUBMISSION
0001209191-07-028804,2007-05-08,2007-05-07,2007-05-08T21:45:52.000Z,,4,,,,4,5327,0,0,,xslF345X02/doc4.xml,FORM 4 SUBMISSION
0001209191-07-028925,2007-05-09,2007-05-07,2007-05-09T14:42:00.000Z,,4,,,,4,9998,0,0,,xslF345X02/doc4.xml,FORM 4 SUBMISSION
0001209191-07-029094,2007-05-09,2007-05-08,2007-05-09T21:19:37.000Z,,4,,,,4,8797,0,0,,xslF345X02/doc4.xml,FORM 4 SUBMISSION
0001209191-07-029402,2007-05-10,2007-05-09,2007-05-10T20:42:41.000Z,,4,,,,4,44745,0,0,,xslF345X02/doc4.xml,FORM 4 SUBMISSION
0001209191-07-029791,2007-05-14,2007-05-10,2007-05-14T15:12:00.000Z,,4,,,,4,14005,0,0,,xslF345X02/doc4.xml,FORM 4 SUBMISSION
0001209191-07-030638,2007-05-16,2007-05-15,2007-05-16T20:12:20.000Z,,4,,,,4,6289,0,0,,xslF345X02/doc4.xml,FORM 4 SUBMISSION
0001209191-07-030644,2007-05-16,2007-05-15,2007-05-16T20:18:26.000Z,,4,,,,4,6313,0,0,,xslF345X02/doc4.xml,FORM 4 SUBMISSION
0001209191-07-030649,2007-05-16,2007-05-15,2007-05-16T20:22:00.000Z,,4,,,,4,6480,0,0,,xslF345X02/doc4.xml,FORM 4 SUBMISSION
0001209191-07-030658,2007-05-16,2007-05-15,2007-05-16T20:25:13.000Z,,4,,,,4,6323,0,0,,xslF345X02/doc4.xml,FORM 4 SUBMISSION
0001209191-07-030666,2007-05-16,2007-05-15,2007-05-16T20:30:51.000Z,,4,,,,4,6394,0,0,,xslF345X02/doc4.xml,FORM 4 SUBMISSION
0001209191-07-030682,2007-05-16,2007-05-15,2007-05-16T20:36:14.000Z,,4,,,,4,6451,0,0,,xslF345X02/doc4.xml,FORM 4 SUBMISSION
0001209191-07-034324,2007-06-01,2007-05-31,2007-06-01T14:19:05.000Z,,4,,,,4,5144,0,0,,xslF345X02/doc4.xml,FORM 4 SUBMISSION
0001209191-07-034327,2007-06-01,2007-05-31,2007-06-01T14:23:23.000Z,,4,,,,4,5143,0,0,,xslF345X02/doc4.xml,FORM 4 SUBMISSION
0001209191-07-034388,2007-06-01,2007-05-31,2007-06-01T15:56:53.000Z,,4,,,,4,11869,0,0,,xslF345X02/doc4.xml,FORM 4 SUBMISSION
0001209191-07-035508,2007-06-06,2007-06-04,2007-06-06T16:01:26.000Z,,4,,,,4,12482,0,0,,xslF345X02/doc4.xml,FORM 4 SUBMISSION
0001209191-07-035558,2007-06-06,2007-06-05,2007-06-06T19:31:33.000Z,,4,,,,4,6323,0,0,,xslF345X02/doc4.xml,FORM 4 SUBMISSION
0001209191-07-035559,2007-06-06,2007-06-05,2007-06-06T19:33:37.000Z,,4,,,,4,6311,0,0,,xslF345X02/doc4.xml,FORM 4 SUBMISSION
0001209191-07-035560,2007-06-06,2007-06-05,2007-06-06T19:36:32.000Z,,4,,,,4,6287,0,0,,xslF345X02/doc4.xml,FORM 4 SUBMISSION
0001299933-07-003515,2007-06-07,2007-06-06,2007-06-07T15:22:53.000Z,34,8-K,001-02958,07905865,"5.03,9.01",8-K,75234,0,0,,htm_20794.htm,LIVE FILING
0001209191-07-035828,2007-06-07,2007-06-06,2007-06-07T19:27:41.000Z,,4,,,,4,6287,0,0,,xslF345X02/doc4.xml,FORM 4 SUBMISSION
0001209191-07-035830,2007-06-07,2007-06-06,2007-06-07T19:29:08.000Z,,4,,,,4,6321,0,0,,xslF345X02/doc4.xml,FORM 4 SUBMISSION
0001209191-07-035833,2007-06-07,2007-06-06,2007-06-07T19:30:23.000Z,,4,,,,4,6311,0,0,,xslF345X02/doc4.xml,FORM 4 SUBMISSION
0001209191-07-037056,2007-06-14,2007-06-13,2007-06-14T19:44:49.000Z,,4,,,,4,51866,0,0,,xslF345X02/doc4.xml,FORM 4 SUBMISSION
0001209191-07-037058,2007-06-14,2007-06-13,2007-06-14T19:53:14.000Z,,4,,,,4,11253,0,0,,xslF345X02/doc4.xml,FORM 4 SUBMISSION
0001209191-07-037269,2007-06-15,2007-06-14,2007-06-15T18:59:21.000Z,,4,,,,4,7407,0,0,,xslF345X02/doc4.xml,FORM 4 SUBMISSION
0001209191-07-039198,2007-06-28,2007-06-27,2007-06-28T15:56:21.000Z,,4,,,,4,6321,0,0,,xslF345X02/doc4.xml,FORM 4 SUBMISSION
0001209191-07-039199,2007-06-28,2007-06-27,2007-06-28T15:59:01.000Z,,4,,,,4,6285,0,0,,xslF345X02/doc4.xml,FORM 4 SUBMISSION
0001209191-07-042176,2007-07-12,2007-07-11,2007-07-12T20:45:13.000Z,,4,,,,4,6417,0,0,,xslF345X02/doc4.xml,FORM 4 SUBMISSION
0001209191-07-042177,2007-07-12,2007-07-11,2007-07-12T20:50:09.000Z,,4,,,,4,6415,0,0,,xslF345X02/doc4.xml,FORM 4 SUBMISSION
0001209191-07-042179,2007-07-12,2007-07-11,2007-07-12T20:51:56.000Z,,4,,,,4,6592,0,0,,xslF345X02/doc4.xml,FORM 4 SUBMISSION
0001209191-07-042182,2007-07-12,2007-07-11,2007-07-12T20:54:33.000Z,,4,,,,4,6500,0,0,,xslF345X02/doc4.xml,FORM 4 SUBMISSION
0001209191-07-042183,2007-07-12,2007-07-11,2007-07-12T20:56:04.000Z,,4,,,,4,6554,0,0,,xslF345X02/doc4.xml,FORM 4 SUBMISSION
0001209191-07-042184,2007-07-12,2007-07-11,2007-07-12T20:57:41.000Z,,4,,,,4,6575,0,0,,xslF345X02/doc4.xml,FORM 4 SUBMISSION
0001209191-07-042247,2007-07-13,2007-07-11,2007-07-13T13:20:00.000Z,,4,,,,4,9616,0,0,,xslF345X02/doc4.xml,FORM 4 SUBMISSION
0001209191-07-042250,2007-07-13,2007-07-11,2007-07-13T13:23:22.000Z,,4,,,,4,9646,0,0,,xslF345X02/doc4.xml,FORM 4 SUBMISSION
0001209191-07-042260,2007-07-13,2007-07-12,2007-07-13T14:11:29.000Z,,4,,,,4,5143,0,0,,xslF345X02/doc4.xml,FORM 4 SUBMISSION
0001209191-07-042262,2007-07-13,2007-07-12,2007-07-13T14:23:46.000Z,,4,,,,4,5141,0,0,,xslF345X02/doc4.xml,FORM 4 SUBMISSION
0001209191-07-042375,2007-07-13,2007-07-13,2007-07-13T21:23:39.000Z,,4,,,,4,5143,0,0,,xslF345X02/doc4.xml,FORM 4 SUBMISSION
0001209191-07-042377,2007-07-13,2007-07-13,2007-07-13T21:26:47.000Z,,4,,,,4,5142,0,0,,xslF345X02/doc4.xml,FORM 4 SUBMISSION
0000950123-07-010380,2007-07-27,2007-07-27,2007-07-27T12:51:53.000Z,34,8-K,001-02958,071004816,"2.02,9.01",8-K,33377,0,0,,y37403e8vk.txt,FORM 8-K
0000950123-07-010396,2007-07-27,2007-06-30,2007-07-27T18:08:32.000Z,34,10-Q,001-02958,071006063,,10-Q,288770,0,0,,y37384e10vq.htm,FORM 10-Q
0001209191-07-044229,2007-07-27,2007-07-26,2007-07-27T18:55:40.000Z,,4,,,,4,6312,0,0,,xslF345X02/doc4.xml,FORM 4 SUBMISSION
0001209191-07-044235,2007-07-27,2007-07-26,2007-07-27T18:59:06.000Z,,4,,,,4,6318,0,0,,xslF345X02/doc4.xml,FORM 4 SUBMISSION
0001209191-07-044237,2007-07-27,2007-07-26,2007-07-27T19:00:58.000Z,,4,,,,4,6286,0,0,,xslF345X02/doc4.xml,FORM 4 SUBMISSION
0001209191-07-045211,2007-08-02,2007-08-01,2007-08-02T13:02:28.000Z,,4,,,,4,5146,0,0,,xslF345X02/doc4.xml,FORM 4 SUBMISSION
0001209191-07-045213,2007-08-02,2007-08-01,2007-08-02T13:04:08.000Z,,4,,,,4,5144,0,0,,xslF345X02/doc4.xml,FORM 4 SUBMISSION
0001209191-07-045610,2007-08-03,2007-08-01,2007-08-03T13:12:11.000Z,,4,,,,4,13725,0,0,,xslF345X02/doc4.xml,FORM 4 SUBMISSION
0001209191-07-046394,2007-08-07,2007-08-03,2007-08-07T14:47:45.000Z,,4,,,,4,6272,0,0,,xslF345X02/doc4.xml,FORM 4 SUBMISSION
0001209191-07-046443,2007-08-07,2007-08-06,2007-08-07T17:21:26.000Z,,4,,,,4,13952,0,0,,xslF345X02/doc4.xml,FORM 4 SUBMISSION
0001390777-07-000064,2007-08-10,,2007-08-10T20:48:03.000Z,34,SC 13G,005-17643,071045925,,SC 13G,20429,0,0,,hubbell200707bnymc.txt,
0001390777-07-000071,2007-08-15,,2007-08-15T21:28:34.000Z,34,SC 13G/A,005-17643,071060629,,SC 13G/A,20435,0,0,,hubbell200707bnymc1.txt,
0001209191-07-048728,2007-08-16,2007-08-15,2007-08-16T19:41:43.000Z,,4,,,,4,6324,0,0,,xslF345X02/doc4.xml,FORM 4 SUBMISSION
0001209191-07-048729,2007-08-16,2007-08-15,2007-08-16T19:43:14.000Z,,4,,,,4,6314,0,0,,xslF345X02/doc4.xml,FORM 4 SUBMISSION
0001209191-07-048730,2007-08-16,2007-08-15,2007-08-16T19:45:06.000Z,,4,,,,4,6290,0,0,,xslF345X02/doc4.xml,FORM 4 SUBMISSION
0001209191-07-048733,2007-08-16,2007-08-15,2007-08-16T19:46:54.000Z,,4,,,,4,6395,0,0,,xslF345X02/doc4.xml,FORM 4 SUBMISSION
0001209191-07-048734,2007-08-16,2007-08-15,2007-08-16T19:48:20.000Z,,4,,,,4,6451,0,0,,xslF345X02/doc4.xml,FORM 4 SUBMISSION
0001209191-07-048735,2007-08-16,2007-08-15,2007-08-16T19:49:47.000Z,,4,,,,4,6477,0,0,,xslF345X02/doc4.xml,FORM 4 SUBMISSION
0001209191-07-052825,2007-09-11,2007-09-10,2007-09-11T18:18:44.000Z,,4,,,,4,6284,0,0,,xslF345X02/doc4.xml,FORM 4 SUBMISSION
0001209191-07-052826,2007-09-11,2007-09-10,2007-09-11T18:20:27.000Z,,4,,,,4,6311,0,0,,xslF345X02/doc4.xml,FORM 4 SUBMISSION
0001209191-07-052827,2007-09-11,2007-09-10,2007-09-11T18:23:17.000Z,,4,,,,4,6324,0,0,,xslF345X02/doc4.xml,FORM 4 SUBMISSION
0001209191-07-053270,2007-09-13,2007-09-12,2007-09-13T19:30:47.000Z,,4,,,,4,6312,0,0,,xslF345X02/doc4.xml,FORM 4 SUBMISSION
0001209191-07-053271,2007-09-13,2007-09-12,2007-09-13T19:32:18.000Z,,4,,,,4,6288,0,0,,xslF345X02/doc4.xml,FORM 4 SUBMISSION
0001209191-07-053272,2007-09-13,2007-09-12,2007-09-13T19:33:44.000Z,,4,,,,4,6322,0,0,,xslF345X02/doc4.xml,FORM 4 SUBMISSION
0001209191-07-053273,2007-09-13,2007-09-12,2007-09-13T19:35:07.000Z,,4,,,,4,5145,0,0,,xslF345X02/doc4.xml,FORM 4 SUBMISSION
0001209191-07-053274,2007-09-13,2007-09-12,2007-09-13T19:36:18.000Z,,4,,,,4,5144,0,0,,xslF345X02/doc4.xml,FORM 4 SUBMISSION
0001209191-07-054509,2007-09-21,2007-09-19,2007-09-21T13:18:41.000Z,,4,,,,4,5169,0,0,,xslF345X02/doc4.xml,FORM 4 SUBMISSION
0000950123-07-012850,2007-09-21,,2007-09-21T14:41:57.000Z,,CORRESP,,,,CORRESP,73626,0,0,,filename1.htm,
0000000000-07-046639,2007-09-25,,2007-09-25T14:27:13.000Z,,UPLOAD,,,,LETTER,97744,0,0,,filename1.pdf,
0001209191-07-056447,2007-10-03,2007-10-01,2007-10-03T14:28:26.000Z,,3,,,,3,10343,0,0,,xslF345X02/doc3.xml,FORM 3 SUBMISSION
0001209191-07-058298,2007-10-15,2007-10-11,2007-10-15T18:50:40.000Z,,4,,,,4,9641,0,0,,xslF345X02/doc4.xml,FORM 4 SUBMISSION
0001209191-07-058299,2007-10-15,2007-10-11,2007-10-15T18:52:17.000Z,,4,,,,4,6418,0,0,,xslF345X02/doc4.xml,FORM 4 SUBMISSION
0001209191-07-058300,2007-10-15,2007-10-11,2007-10-15T18:53:43.000Z,,4,,,,4,6416,0,0,,xslF345X02/doc4.xml,FORM 4 SUBMISSION
0001209191-07-058301,2007-10-15,2007-10-11,2007-10-15T18:56:20.000Z,,4,,,,4,9614,0,0,,xslF345X02/doc4.xml,FORM 4 SUBMISSION
0001209191-07-058302,2007-10-15,2007-10-11,2007-10-15T18:57:35.000Z,,4,,,,4,6593,0,0,,xslF345X02/doc4.xml,FORM 4 SUBMISSION
0001209191-07-058303,2007-10-15,2007-10-11,2007-10-15T18:58:45.000Z,,4,,,,4,6501,0,0,,xslF345X02/doc4.xml,FORM 4 SUBMISSION
0001209191-07-058304,2007-10-15,2007-10-11,2007-10-15T19:00:08.000Z,,4,,,,4,6550,0,0,,xslF345X02/doc4.xml,FORM 4 SUBMISSION
0001209191-07-058305,2007-10-15,2007-10-11,2007-10-15T19:01:38.000Z,,4,,,,4,6584,0,0,,xslF345X02/doc4.xml,FORM 4 SUBMISSION
0001209191-07-059556,2007-10-24,2007-10-23,2007-10-24T16:39:05.000Z,,4,,,,4,6324,0,0,,xslF345X02/doc4.xml,FORM 4 SUBMISSION
0001209191-07-059558,2007-10-24,2007-10-23,2007-10-24T16:41:33.000Z,,4,,,,4,6312,0,0,,xslF345X02/doc4.xml,FORM 4 SUBMISSION
0001209191-07-059561,2007-10-24,2007-10-23,2007-10-24T16:43:13.000Z,,4,,,,4,6288,0,0,,xslF345X02/doc4.xml,FORM 4 SUBMISSION
0000950123-07-014243,2007-10-25,2007-10-25,2007-10-25T12:57:13.000Z,34,8-K,001-02958,071189620,2.02,8-K,33059,0,0,,y41090e8vk.txt,FORM 8-K
0000950123-07-014336,2007-10-26,2007-09-30,2007-10-26T20:20:50.000Z,34,10-Q,001-02958,071193723,,10-Q,743253,0,0,,y41197e10vq.htm,FORM 10-Q
0000902664-07-003112,2007-11-02,,2007-11-02T20:43:31.000Z,34,SC 13G/A,005-17643,071211196,,SC 13G/A,26313,0,0,,sc13ga.txt,HUBBELL INCORPORATED
0000902664-07-003114,2007-11-02,2007-10-26,2007-11-02T20:50:39.000Z,,3,,,,3,11882,0,0,,xslF345X02/form3_ex.xml,
0001299933-07-006384,2007-11-05,2007-10-31,2007-11-05T14:22:31.000Z,34,8-K,001-02958,071212462,"1.01,9.01",8-K,273842,0,0,,htm_23594.htm,LIVE FILING
0000902664-07-003145,2007-11-07,,2007-11-07T17:51:21.000Z,34,SC 13G/A,005-17643,071220518,,SC 13G/A,26379,0,0,,sc13ga.txt,HUBBELL INCORPORATED
0000902664-07-003147,2007-11-07,2007-11-05,2007-11-07T17:56:57.000Z,,4,,,,4,12303,0,0,,xslF345X02/form4_ex.xml,
0001209191-07-064657,2007-11-16,2007-11-15,2007-11-16T21:26:14.000Z,,4,,,,4,6452,0,0,,xslF345X02/doc4.xml,FORM 4 SUBMISSION
0001209191-07-064666,2007-11-16,2007-11-15,2007-11-16T21:34:24.000Z,,4,,,,4,6481,0,0,,xslF345X02/doc4.xml,FORM 4 SUBMISSION
0001209191-07-064674,2007-11-16,2007-11-15,2007-11-16T21:41:42.000Z,,4,,,,4,6290,0,0,,xslF345X02/doc4.xml,FORM 4 SUBMISSION
0001209191-07-064681,2007-11-16,2007-11-15,2007-11-16T21:46:53.000Z,,4,,,,4,6315,0,0,,xslF345X02/doc4.xml,FORM 4 SUBMISSION
0001209191-07-064687,2007-11-16,2007-11-15,2007-11-16T21:50:37.000Z,,4,,,,4,6322,0,0,,xslF345X02/doc4.xml,FORM 4 SUBMISSION
0001209191-07-064700,2007-11-16,2007-11-15,2007-11-16T21:56:07.000Z,,4,,,,4,6393,0,0,,xslF345X02/doc4.xml,FORM 4 SUBMISSION
0001209191-07-065236,2007-11-20,2007-11-19,2007-11-20T14:32:47.000Z,,4,,,,4,6322,0,0,,xslF345X02/doc4.xml,FORM 4 SUBMISSION
0001209191-07-065238,2007-11-20,2007-11-19,2007-11-20T14:33:47.000Z,,4,,,,4,6313,0,0,,xslF345X02/doc4.xml,FORM 4 SUBMISSION
0001209191-07-065240,2007-11-20,2007-11-19,2007-11-20T14:36:12.000Z,,4,,,,4,6288,0,0,,xslF345X02/doc4.xml,FORM 4 SUBMISSION
0001209191-07-067504,2007-12-04,2007-12-03,2007-12-04T19:27:07.000Z,,4,,,,4,6322,0,0,,xslF345X02/doc4.xml,FORM 4 SUBMISSION
0001209191-07-067508,2007-12-04,2007-12-03,2007-12-04T19:29:33.000Z,,4,,,,4,6313,0,0,,xslF345X02/doc4.xml,FORM 4 SUBMISSION
0001209191-07-067509,2007-12-04,2007-12-03,2007-12-04T19:32:24.000Z,,4,,,,4,6288,0,0,,xslF345X02/doc4.xml,FORM 4 SUBMISSION
0001209191-07-067808,2007-12-05,2007-12-04,2007-12-05T17:01:22.000Z,,4,,,,4,6322,0,0,,xslF345X02/doc4.xml,FORM 4 SUBMISSION
0001209191-07-067809,2007-12-05,2007-12-04,2007-12-05T17:03:47.000Z,,4,,,,4,6313,0,0,,xslF345X02/doc4.xml,FORM 4 SUBMISSION
0001209191-07-067810,2007-12-05,2007-12-04,2007-12-05T17:06:12.000Z,,4,,,,4,6286,0,0,,xslF345X02/doc4.xml,FORM 4 SUBMISSION
0001209191-07-068077,2007-12-06,2007-12-03,2007-12-06T19:18:20.000Z,,4,,,,4,7599,0,0,,xslF345X02/doc4.xml,FORM 4 SUBMISSION
0001209191-07-068079,2007-12-06,2007-12-03,2007-12-06T19:19:55.000Z,,4,,,,4,7588,0,0,,xslF345X02/doc4.xml,FORM 4 SUBMISSION
0001209191-07-068082,2007-12-06,2007-12-03,2007-12-06T19:21:39.000Z,,4,,,,4,7576,0,0,,xslF345X02/doc4.xml,FORM 4 SUBMISSION
0001209191-07-068084,2007-12-06,2007-12-03,2007-12-06T19:23:39.000Z,,4,,,,4,7568,0,0,,xslF345X02/doc4.xml,FORM 4 SUBMISSION
0001209191-07-068092,2007-12-06,2007-12-03,2007-12-06T19:29:29.000Z,,4,,,,4,7578,0,0,,xslF345X02/doc4.xml,FORM 4 SUBMISSION
0001209191-07-068094,2007-12-06,2007-12-03,2007-12-06T19:31:19.000Z,,4,,,,4,7601,0,0,,xslF345X02/doc4.xml,FORM 4 SUBMISSION
0001209191-07-068097,2007-12-06,2007-12-03,2007-12-06T19:34:01.000Z,,4,,,,4,5870,0,0,,xslF345X02/doc4.xml,FORM 4 SUBMISSION
0001209191-07-068100,2007-12-06,2007-12-03,2007-12-06T19:35:36.000Z,,4,,,,4,7590,0,0,,xslF345X02/doc4.xml,FORM 4 SUBMISSION
0001209191-07-068104,2007-12-06,2007-12-03,2007-12-06T19:38:15.000Z,,4,,,,4,8814,0,0,,xslF345X02/doc4.xml,FORM 4 SUBMISSION
0001209191-07-068107,2007-12-06,2007-12-03,2007-12-06T19:39:19.000Z,,4,,,,4,7570,0,0,,xslF345X02/doc4.xml,FORM 4 SUBMISSION
0001209191-07-068190,2007-12-06,2007-12-04,2007-12-06T21:47:41.000Z,,4,,,,4,5177,0,0,,xslF345X02/doc4.xml,FORM 4 SUBMISSION
0001209191-07-068205,2007-12-06,2007-12-04,2007-12-06T22:05:46.000Z,,4,,,,4,6395,0,0,,xslF345X02/doc4.xml,FORM 4 SUBMISSION
0001209191-07-068213,2007-12-06,2007-12-04,2007-12-06T22:19:53.000Z,,4,,,,4,6461,0,0,,xslF345X02/doc4.xml,FORM 4 SUBMISSION
0001209191-07-068214,2007-12-06,2007-12-04,2007-12-06T22:21:41.000Z,,4,,,,4,5189,0,0,,xslF345X02/doc4.xml,FORM 4 SUBMISSION
0001209191-07-068215,2007-12-06,2007-12-04,2007-12-06T22:23:15.000Z,,4,,,,4,5200,0,0,,xslF345X02/doc4.xml,FORM 4 SUBMISSION
0001209191-07-068217,2007-12-06,2007-12-04,2007-12-06T22:25:33.000Z,,4,,,,4,5171,0,0,,xslF345X02/doc4.xml,FORM 4 SUBMISSION
0001209191-07-068219,2007-12-06,2007-12-04,2007-12-06T22:28:02.000Z,,4,,,,4,5193,0,0,,xslF345X02/doc4.xml,FORM 4 SUBMISSION
0001209191-07-068220,2007-12-06,2007-12-04,2007-12-06T22:30:09.000Z,,4,,,,4,5202,0,0,,xslF345X02/doc4.xml,FORM 4 SUBMISSION
0001209191-07-068221,2007-12-06,2007-12-04,2007-12-06T22:32:29.000Z,,4,,,,4,5169,0,0,,xslF345X02/doc4.xml,FORM 4 SUBMISSION
0001209191-07-068233,2007-12-06,2007-12-04,2007-12-06T22:48:33.000Z,,4,,,,4,5179,0,0,,xslF345X02/doc4.xml,FORM 4 SUBMISSION
0001299933-07-007044,2007-12-07,2007-12-03,2007-12-06T22:45:29.000Z,34,8-K,001-02958,071290506,"1.01,5.02,9.01",8-K,31802,0,0,,htm_24254.htm,LIVE FILING
0001209191-07-068423,2007-12-07,2007-12-05,2007-12-07T20:09:34.000Z,,4,,,,4,5170,0,0,,xslF345X02/doc4.xml,FORM 4 SUBMISSION
0001209191-07-068425,2007-12-07,2007-12-05,2007-12-07T20:14:22.000Z,,4,,,,4,6460,0,0,,xslF345X02/doc4.xml,FORM 4 SUBMISSION
0001209191-07-068426,2007-12-07,2007-12-05,2007-12-07T20:16:22.000Z,,4,,,,4,5193,0,0,,xslF345X02/doc4.xml,FORM 4 SUBMISSION
0001209191-07-068429,2007-12-07,2007-12-05,2007-12-07T20:21:32.000Z,,4,,,,4,6394,0,0,,xslF345X02/doc4.xml,FORM 4 SUBMISSION
0001209191-07-068431,2007-12-07,2007-12-05,2007-12-07T20:22:45.000Z,,4,,,,4,5201,0,0,,xslF345X02/doc4.xml,FORM 4 SUBMISSION
0001209191-07-068435,2007-12-07,2007-12-05,2007-12-07T20:25:26.000Z,,4,,,,4,5177,0,0,,xslF345X02/doc4.xml,FORM 4 SUBMISSION
0001209191-07-068437,2007-12-07,2007-12-05,2007-12-07T20:26:49.000Z,,4,,,,4,5168,0,0,,xslF345X02/doc4.xml,FORM 4 SUBMISSION
0001209191-07-068438,2007-12-07,2007-12-05,2007-12-07T20:28:11.000Z,,4,,,,4,5199,0,0,,xslF345X02/doc4.xml,FORM 4 SUBMISSION
0001209191-07-068441,2007-12-07,2007-12-05,2007-12-07T20:30:20.000Z,,4,,,,4,5176,0,0,,xslF345X02/doc4.xml,FORM 4 SUBMISSION
0001209191-07-068442,2007-12-07,2007-12-05,2007-12-07T20:32:04.000Z,,4,,,,4,5188,0,0,,xslF345X02/doc4.xml,FORM 4 SUBMISSION
0001209191-07-068660,2007-12-10,2007-12-06,2007-12-10T19:10:31.000Z,,4,,,,4,45384,0,0,,xslF345X02/doc4.xml,FORM 4 SUBMISSION
0001209191-07-068705,2007-12-10,2007-12-06,2007-12-10T20:28:45.000Z,,4,,,,4,35065,0,0,,xslF345X02/doc4.xml,FORM 4 SUBMISSION
0000950123-07-016816,2007-12-18,,2007-12-18T21:57:11.000Z,,CORRESP,,,,CORRESP,11109,0,0,,filename1.htm,
0000950123-08-000089,2008-01-04,,2008-01-04T21:10:40.000Z,,CORRESP,,,,CORRESP,23006,0,0,,filename1.htm,
0001299933-08-000166,2008-01-09,2008-01-04,2008-01-09T21:32:21.000Z,34,8-K,001-02958,08520846,5.02,8-K,10441,0,0,,htm_24897.htm,LIVE FILING
0001209191-08-003627,2008-01-15,2008-01-11,2008-01-15T19:29:07.000Z,,4,,,,4,9641,0,0,,xslF345X02/doc4.xml,FORM 4 SUBMISSION
0001209191-08-003630,2008-01-15,2008-01-11,2008-01-15T19:40:15.000Z,,4,,,,4,6417,0,0,,xslF345X02/doc4.xml,FORM 4 SUBMISSION
0001209191-08-003632,2008-01-15,2008-01-11,2008-01-15T19:44:02.000Z,,4,,,,4,6414,0,0,,xslF345X02/doc4.xml,FORM 4 SUBMISSION
0001209191-08-003634,2008-01-15,2008-01-11,2008-01-15T19:48:01.000Z,,4,,,,4,9612,0,0,,xslF345X02/doc4.xml,FORM 4 SUBMISSION
0001209191-08-003636,2008-01-15,2008-01-11,2008-01-15T19:49:18.000Z,,4,,,,4,6590,0,0,,xslF345X02/doc4.xml,FORM 4 SUBMISSION
0001209191-08-003641,2008-01-15,2008-01-11,2008-01-15T20:00:27.000Z,,4,,,,4,6498,0,0,,xslF345X02/doc4.xml,FORM 4 SUBMISSION
0001209191-08-003642,2008-01-15,2008-01-11,2008-01-15T20:02:57.000Z,,4,,,,4,6552,0,0,,xslF345X02/doc4.xml,FORM 4 SUBMISSION
0001209191-08-003643,2008-01-15,2008-01-11,2008-01-15T20:04:37.000Z,,4,,,,4,6581,0,0,,xslF345X02/doc4.xml,FORM 4 SUBMISSION
0000000000-08-002787,2008-01-16,,2008-01-16T19:46:58.000Z,,UPLOAD,,,,LETTER,25144,0,0,,filename1.pdf,
0000950123-08-000609,2008-01-22,,2008-01-22T14:51:35.000Z,,CORRESP,,,,CORRESP,12063,0,0,,filename1.htm,
0000950123-08-000701,2008-01-24,2008-01-24,2008-01-24T14:02:41.000Z,34,8-K,001-02958,08546227,2.02,8-K,29045,0,0,,y47150e8vk.txt,FORM 8-K
0000000000-08-004174,2008-01-24,,2008-01-24T19:42:42.000Z,,UPLOAD,,,,LETTER,36064,0,0,,filename1.pdf,
0001209191-08-005399,2008-01-24,2008-01-23,2008-01-24T22:00:12.000Z,,4,,,,4,6321,0,0,,xslF345X02/doc4.xml,FORM 4 SUBMISSION
0001209191-08-005400,2008-01-24,2008-01-23,2008-01-24T22:06:47.000Z,,4,,,,4,6310,0,0,,xslF345X02/doc4.xml,FORM 4 SUBMISSION
0001209191-08-005403,2008-01-24,2008-01-23,2008-01-24T22:10:38.000Z,,4,,,,4,6284,0,0,,xslF345X02/doc4.xml,FORM 4 SUBMISSION
0001209191-08-008119,2008-02-06,2008-01-28,2008-02-06T22:22:31.000Z,,3,,,,3,7983,0,0,,xslF345X02/doc3.xml,FORM 3 SUBMISSION
0001422849-08-000294,2008-02-11,,2008-02-11T19:19:25.000Z,34,SC 13G,005-17643,08592682,,SC 13G,13884,0,0,,edghubb.txt,SC 13G
0000017283-08-000215,2008-02-13,,2008-02-13T16:40:01.000Z,34,SC 13G/A,005-17643,08602118,,SC 13G/A,9741,0,0,,edghubb.txt,SC 13G/A
0001104659-08-010080,2008-02-14,,2008-02-13T23:00:48.000Z,34,SC 13G/A,005-17643,08606718,,SC 13G/A,63494,0,0,,a08-1791_18sc13ga.htm,SC 13G/A
0001140361-08-004025,2008-02-14,,2008-02-14T00:40:57.000Z,34,SC 13G/A,005-17643,08607317,,SC 13G/A,26705,0,0,,doc1.htm,
0000052388-08-000067,2008-02-14,,2008-02-14T15:50:43.000Z,34,SC 13G/A,005-17643,08609602,,SC 13G/A,12892,0,0,,sc13g-exit.htm,SCHEDULE 13G/A (AMENDMENT NO. 1)
0001209191-08-011005,2008-02-15,2008-02-14,2008-02-15T21:38:50.000Z,,4,,,,4,6321,0,0,,xslF345X02/doc4.xml,FORM 4 SUBMISSION
0001209191-08-011006,2008-02-15,2008-02-14,2008-02-15T21:40:15.000Z,,4,,,,4,6310,0,0,,xslF345X02/doc4.xml,FORM 4 SUBMISSION
0001209191-08-011007,2008-02-15,2008-02-14,2008-02-15T21:41:55.000Z,,4,,,,4,6285,0,0,,xslF345X02/doc4.xml,FORM 4 SUBMISSION
0001299933-08-000852,2008-02-19,2008-02-15,2008-02-15T23:38:20.000Z,34,8-K,001-02958,08624175,5.02,8-K,11034,0,0,,htm_25573.htm,LIVE FILING
0001209191-08-011231,2008-02-19,2008-02-15,2008-02-19T15:45:21.000Z,,4,,,,4,6321,0,0,,xslF345X02/doc4.xml,FORM 4 SUBMISSION
0001209191-08-011232,2008-02-19,2008-02-15,2008-02-19T15:47:44.000Z,,4,,,,4,6312,0,0,,xslF345X02/doc4.xml,FORM 4 SUBMISSION
0001209191-08-011234,2008-02-19,2008-02-15,2008-02-19T15:50:00.000Z,,4,,,,4,6285,0,0,,xslF345X02/doc4.xml,FORM 4 SUBMISSION
0001209191-08-011237,2008-02-19,2008-02-15,2008-02-19T15:53:45.000Z,,4,,,,4,6449,0,0,,xslF345X02/doc4.xml,FORM 4 SUBMISSION
0001209191-08-011238,2008-02-19,2008-02-15,2008-02-19T15:55:03.000Z,,4,,,,4,6478,0,0,,xslF345X02/doc4.xml,FORM 4 SUBMISSION
0001209191-08-011242,2008-02-19,2008-02-15,2008-02-19T16:03:46.000Z,,4,,,,4,6392,0,0,,xslF345X02/doc4.xml,FORM 4 SUBMISSION
0000950123-08-002047,2008-02-25,2007-12-31,2008-02-25T21:42:09.000Z,34,10-K,001-02958,08639895,,10-K,2328525,0,0,,y49936e10vk.htm,FORM 10-K
0000902664-08-001438,2008-02-27,2008-02-26,2008-02-27T16:53:43.000Z,,4,,,,4,12586,0,0,,xslF345X02/p08-0694form4_ex.xml,
0000902664-08-001440,2008-02-27,2008-02-25,2008-02-27T16:56:17.000Z,,3,,,,3,11130,0,0,,xslF345X02/p08-0695form3_ex.xml,
0001209191-08-016048,2008-03-05,2008-03-01,2008-03-05T19:34:39.000Z,,3,,,,3,11885,0,0,,xslF345X02/doc3.xml,FORM 3 SUBMISSION
0000950123-08-003039,2008-03-17,2008-05-05,2008-03-17T20:38:43.000Z,34,DEF 14A,001-02958,08693384,,DEF 14A,724414,0,0,,y47290def14a.htm,DEFINITIVE PROXY STATEMENT
9999999997-08-012933,2008-03-18,2007-12-31,2008-03-20T16:42:52.000Z,34,ARS,001-02958,08043339,,ARS,1808,0,0,,9999999997-08-012933.paper,AUTO-GENERATED PAPER DOCUMENT
0001209191-08-024038,2008-04-14,2008-04-11,2008-04-14T20:52:35.000Z,,4,,,,4,6590,0,0,,xslF345X02/doc4.xml,FORM 4 SUBMISSION
0001209191-08-024042,2008-04-14,2008-04-11,2008-04-14T20:54:55.000Z,,4,,,,4,6498,0,0,,xslF345X02/doc4.xml,FORM 4 SUBMISSION
0001209191-08-024047,2008-04-14,2008-04-11,2008-04-14T21:01:06.000Z,,4,,,,4,9639,0,0,,xslF345X02/doc4.xml,FORM 4 SUBMISSION
0001209191-08-024050,2008-04-14,2008-04-11,2008-04-14T21:06:01.000Z,,4,,,,4,6417,0,0,,xslF345X02/doc4.xml,FORM 4 SUBMISSION
0001209191-08-024051,2008-04-14,2008-04-11,2008-04-14T21:09:06.000Z,,4,,,,4,6416,0,0,,xslF345X02/doc4.xml,FORM 4 SUBMISSION
0001209191-08-024052,2008-04-14,2008-04-11,2008-04-14T21:11:27.000Z,,4,,,,4,9611,0,0,,xslF345X02/doc4.xml,FORM 4 SUBMISSION
0001209191-08-024053,2008-04-14,2008-04-11,2008-04-14T21:13:04.000Z,,4,,,,4,6551,0,0,,xslF345X02/doc4.xml,FORM 4 SUBMISSION
0001209191-08-024054,2008-04-14,2008-04-11,2008-04-14T21:14:10.000Z,,4,,,,4,6581,0,0,,xslF345X02/doc4.xml,FORM 4 SUBMISSION
0001299933-08-002038,2008-04-18,2008-04-11,2008-04-18T20:31:36.000Z,34,8-K,001-02958,08764894,8.01,8-K,13645,0,0,,htm_26734.htm,LIVE FILING
0000950123-08-004550,2008-04-24,2008-04-24,2008-04-24T13:10:01.000Z,34,8-K,001-02958,08773228,"2.02,9.01",8-K,27022,0,0,,y55235e8vk.txt,FORM 8-K
0001209191-08-025429,2008-04-24,2008-04-23,2008-04-24T19:15:02.000Z,,4,,,,4,6321,0,0,,xslF345X02/doc4.xml,FORM 4 SUBMISSION
0001209191-08-025431,2008-04-24,2008-04-23,2008-04-24T19:16:47.000Z,,4,,,,4,6310,0,0,,xslF345X02/doc4.xml,FORM 4 SUBMISSION
0001209191-08-025433,2008-04-24,2008-04-23,2008-04-24T19:19:13.000Z,,4,,,,4,6285,0,0,,xslF345X02/doc4.xml,FORM 4 SUBMISSION
0000950123-08-004608,2008-04-25,2008-03-31,2008-04-25T16:10:24.000Z,34,10-Q,001-02958,08776659,,10-Q,289328,0,0,,y55075e10vq.htm,FORM 10-Q
0000902664-08-001847,2008-04-28,2008-04-25,2008-04-28T23:03:54.000Z,,3,,,,3,11164,0,0,,xslF345X02/p08-0896form3_ex.xml,HUBBELL INCORPORATED
0000902664-08-001848,2008-04-28,2008-04-25,2008-04-28T23:06:20.000Z,,4,,,,4,12470,0,0,,xslF345X02/p08-0897form4_ex.xml,
0001209191-08-027805,2008-05-06,2008-05-04,2008-05-06T15:32:25.000Z,,4,,,,4,6322,0,0,,xslF345X02/doc4.xml,FORM 4 SUBMISSION
0001209191-08-027806,2008-05-06,2008-05-04,2008-05-06T15:34:05.000Z,,4,,,,4,6312,0,0,,xslF345X02/doc4.xml,FORM 4 SUBMISSION
0001209191-08-027807,2008-05-06,2008-05-04,2008-05-06T15:35:20.000Z,,4,,,,4,6287,0,0,,xslF345X02/doc4.xml,FORM 4 SUBMISSION
0001209191-08-027922,2008-05-06,2008-05-05,2008-05-06T19:33:08.000Z,,4,,,,4,8109,0,0,,xslF345X02/doc4.xml,FORM 4 SUBMISSION
0001209191-08-027924,2008-05-06,2008-05-05,2008-05-06T19:35:25.000Z,,4,,,,4,5153,0,0,,xslF345X02/doc4.xml,FORM 4 SUBMISSION
0001209191-08-027926,2008-05-06,2008-05-05,2008-05-06T19:37:11.000Z,,4,,,,4,8093,0,0,,xslF345X02/doc4.xml,FORM 4 SUBMISSION
0001209191-08-027929,2008-05-06,2008-05-05,2008-05-06T19:45:05.000Z,,4,,,,4,8073,0,0,,xslF345X02/doc4.xml,FORM 4 SUBMISSION
0001209191-08-027933,2008-05-06,2008-05-05,2008-05-06T19:47:30.000Z,,4,,,,4,5334,0,0,,xslF345X02/doc4.xml,FORM 4 SUBMISSION
0001209191-08-027934,2008-05-06,2008-05-05,2008-05-06T19:48:50.000Z,,4,,,,4,5242,0,0,,xslF345X02/doc4.xml,FORM 4 SUBMISSION
0001209191-08-027936,2008-05-06,2008-05-05,2008-05-06T19:50:50.000Z,,4,,,,4,5210,0,0,,xslF345X02/doc4.xml,FORM 4 SUBMISSION
0001209191-08-027937,2008-05-06,2008-05-05,2008-05-06T19:53:08.000Z,,4,,,,4,5298,0,0,,xslF345X02/doc4.xml,FORM 4 SUBMISSION
0001209191-08-027938,2008-05-06,2008-05-05,2008-05-06T19:55:13.000Z,,4,,,,4,5327,0,0,,xslF345X02/doc4.xml,FORM 4 SUBMISSION
0001209191-08-030927,2008-05-16,2008-05-15,2008-05-16T20:49:27.000Z,,4,,,,4,6322,0,0,,xslF345X02/doc4.xml,FORM 4 SUBMISSION
0001209191-08-030928,2008-05-16,2008-05-15,2008-05-16T20:51:01.000Z,,4,,,,4,6314,0,0,,xslF345X02/doc4.xml,FORM 4 SUBMISSION
0001209191-08-030930,2008-05-16,2008-05-15,2008-05-16T20:53:57.000Z,,4,,,,4,6289,0,0,,xslF345X02/doc4.xml,FORM 4 SUBMISSION
0001209191-08-030933,2008-05-16,2008-05-15,2008-05-16T20:55:25.000Z,,4,,,,4,6394,0,0,,xslF345X02/doc4.xml,FORM 4 SUBMISSION
0001209191-08-030935,2008-05-16,2008-05-15,2008-05-16T20:57:21.000Z,,4,,,,4,6451,0,0,,xslF345X02/doc4.xml,FORM 4 SUBMISSION
0001209191-08-030937,2008-05-16,2008-05-15,2008-05-16T20:58:39.000Z,,4,,,,4,6480,0,0,,xslF345X02/doc4.xml,FORM 4 SUBMISSION
0000950123-08-006183,2008-05-28,2008-05-28,2008-05-28T13:14:27.000Z,34,8-K,001-02958,08862449,"8.01,9.01",8-K,705558,0,0,,y59041e8vk.htm,FORM 8-K
0000950123-08-006184,2008-05-28,,2008-05-28T13:18:38.000Z,33,S-3ASR,333-151206,08862459,,S-3ASR,217995,0,0,,y59113sv3asr.htm,FORM S-3
0000950123-08-006188,2008-05-28,,2008-05-28T13:36:46.000Z,33,424B3,333-151206,08862496,,424B3,327354,0,0,,x59113e424b3.htm,FILED PURSUANT TO RULE 424(B)(3)
0000950123-08-006235,2008-05-29,,2008-05-29T00:03:46.000Z,34,FWP,333-151206,08864747,,FWP,17375,0,0,,y59041fwfwp.htm,FORM FWP
0000950123-08-006328,2008-05-30,,2008-05-30T00:12:06.000Z,33,424B2,333-151206,08868257,,424B2,334897,0,0,,x59113b2e424b2.htm,FILED PURSUANT TO RULE 424(B)(3)
0000950123-08-006440,2008-06-02,2008-05-28,2008-06-02T19:29:13.000Z,34,8-K,001-02958,08873757,"1.01,2.03,9.01",8-K,334640,0,0,,y59768e8vk.htm,FORM 8-K
0001209191-08-035441,2008-06-05,2008-06-03,2008-06-05T21:01:15.000Z,,4,,,,4,9998,0,0,,xslF345X02/doc4.xml,FORM 4 SUBMISSION
0001209191-08-035445,2008-06-05,2008-06-03,2008-06-05T21:03:06.000Z,,4,,,,4,8767,0,0,,xslF345X02/doc4.xml,FORM 4 SUBMISSION
0001209191-08-035456,2008-06-05,2008-06-03,2008-06-05T21:11:42.000Z,,4,,,,4,6321,0,0,,xslF345X02/doc4.xml,FORM 4 SUBMISSION
0001209191-08-035458,2008-06-05,2008-06-04,2008-06-05T21:15:10.000Z,,4,,,,4,6321,0,0,,xslF345X02/doc4.xml,FORM 4 SUBMISSION
0001209191-08-035460,2008-06-05,2008-06-03,2008-06-05T21:16:24.000Z,,4,,,,4,6310,0,0,,xslF345X02/doc4.xml,FORM 4 SUBMISSION
0001209191-08-035461,2008-06-05,2008-06-04,2008-06-05T21:17:25.000Z,,4,,,,4,6310,0,0,,xslF345X02/doc4.xml,FORM 4 SUBMISSION
0001209191-08-035462,2008-06-05,2008-06-03,2008-06-05T21:19:49.000Z,,4,,,,4,6285,0,0,,xslF345X02/doc4.xml,FORM 4 SUBMISSION
0001209191-08-035464,2008-06-05,2008-06-04,2008-06-05T21:21:07.000Z,,4,,,,4,6285,0,0,,xslF345X02/doc4.xml,FORM 4 SUBMISSION
0001209191-08-042450,2008-07-15,2008-07-11,2008-07-15T14:15:05.000Z,,4,,,,4,6417,0,0,,xslF345X03/doc4.xml,FORM 4 SUBMISSION
0001209191-08-042452,2008-07-15,2008-07-11,2008-07-15T14:23:14.000Z,,4,,,,4,6416,0,0,,xslF345X03/doc4.xml,FORM 4 SUBMISSION
0001209191-08-042454,2008-07-15,2008-07-11,2008-07-15T14:36:20.000Z,,4,,,,4,6500,0,0,,xslF345X03/doc4.xml,FORM 4 SUBMISSION
0001209191-08-042456,2008-07-15,2008-07-11,2008-07-15T14:43:19.000Z,,4,,,,4,6590,0,0,,xslF345X03/doc4.xml,FORM 4 SUBMISSION
0001209191-08-042462,2008-07-15,2008-07-11,2008-07-15T14:49:56.000Z,,4,,,,4,6552,0,0,,xslF345X03/doc4.xml,FORM 4 SUBMISSION
0001209191-08-042464,2008-07-15,2008-07-11,2008-07-15T14:57:07.000Z,,4,,,,4,6581,0,0,,xslF345X03/doc4.xml,FORM 4 SUBMISSION
0001209191-08-042496,2008-07-15,2008-04-11,2008-07-15T19:38:34.000Z,,4/A,,,,4/A,9693,0,0,,xslF345X03/doc4a.xml,FORM 4/A SUBMISSION
0001209191-08-042498,2008-07-15,2008-05-05,2008-07-15T19:43:26.000Z,,4/A,,,,4/A,8151,0,0,,xslF345X03/doc4a.xml,FORM 4/A SUBMISSION
0001209191-08-042500,2008-07-15,2008-07-11,2008-07-15T19:46:55.000Z,,4,,,,4,9613,0,0,,xslF345X03/doc4.xml,FORM 4 SUBMISSION
0001209191-08-042503,2008-07-15,2008-04-11,2008-07-15T19:52:57.000Z,,4/A,,,,4/A,9723,0,0,,xslF345X03/doc4a.xml,FORM 4/A SUBMISSION
0001209191-08-042505,2008-07-15,2008-05-05,2008-07-15T19:57:54.000Z,,4/A,,,,4/A,8189,0,0,,xslF345X03/doc4a.xml,FORM 4/A SUBMISSION
0001209191-08-042508,2008-07-15,2008-07-11,2008-07-15T20:06:01.000Z,,4,,,,4,9642,0,0,,xslF345X03/doc4.xml,FORM 4 SUBMISSION
0001209191-08-042741,2008-07-17,2008-06-03,2008-07-17T13:50:08.000Z,,4/A,,,,4/A,51967,0,0,,xslF345X03/doc4a.xml,FORM 4/A SUBMISSION
0001209191-08-042743,2008-07-17,2008-06-03,2008-07-17T13:53:08.000Z,,4/A,,,,4/A,49749,0,0,,xslF345X03/doc4a.xml,FORM 4/A SUBMISSION
0001209191-08-042745,2008-07-17,2008-06-03,2008-07-17T13:56:59.000Z,,4/A,,,,4/A,20535,0,0,,xslF345X03/doc4a.xml,FORM 4/A SUBMISSION
0000950123-08-008305,2008-07-25,2008-07-25,2008-07-25T13:12:00.000Z,34,8-K,001-02958,08969607,"2.02,9.01",8-K,96631,0,0,,y63797e8vk.htm,FORM 8-K
0001209191-08-043741,2008-07-25,2008-07-24,2008-07-25T18:57:20.000Z,,4,,,,4,6285,0,0,,xslF345X03/doc4.xml,FORM 4 SUBMISSION
0001209191-08-043742,2008-07-25,2008-07-24,2008-07-25T18:58:47.000Z,,4,,,,4,6310,0,0,,xslF345X03/doc4.xml,FORM 4 SUBMISSION
0000950123-08-008382,2008-07-28,2008-06-30,2008-07-28T20:30:36.000Z,34,10-Q,001-02958,08973281,,10-Q,371832,0,0,,y63605e10vq.htm,FORM 10-Q
0001209191-08-048116,2008-08-19,2008-08-15,2008-08-19T17:50:50.000Z,,4,,,,4,6322,0,0,,xslF345X03/doc4.xml,FORM 4 SUBMISSION
0001209191-08-048121,2008-08-19,2008-08-15,2008-08-19T17:55:49.000Z,,4,,,,4,6313,0,0,,xslF345X03/doc4.xml,FORM 4 SUBMISSION
0001209191-08-048124,2008-08-19,2008-08-15,2008-08-19T18:02:58.000Z,,4,,,,4,6287,0,0,,xslF345X03/doc4.xml,FORM 4 SUBMISSION
0001209191-08-048127,2008-08-19,2008-08-15,2008-08-19T18:05:56.000Z,,4,,,,4,6393,0,0,,xslF345X03/doc4.xml,FORM 4 SUBMISSION
0001209191-08-048128,2008-08-19,2008-08-15,2008-08-19T18:08:10.000Z,,4,,,,4,6449,0,0,,xslF345X03/doc4.xml,FORM 4 SUBMISSION
0001209191-08-048131,2008-08-19,2008-08-15,2008-08-19T18:10:54.000Z,,4,,,,4,6479,0,0,,xslF345X03/doc4.xml,FORM 4 SUBMISSION
0001209191-08-048769,2008-08-22,2008-08-21,2008-08-22T19:49:13.000Z,,4,,,,4,6286,0,0,,xslF345X03/doc4.xml,FORM 4 SUBMISSION
0001209191-08-051220,2008-09-10,2008-09-08,2008-09-10T13:21:02.000Z,,4,,,,4,6322,0,0,,xslF345X03/doc4.xml,FORM 4 SUBMISSION
0001209191-08-051222,2008-09-10,2008-09-08,2008-09-10T13:25:19.000Z,,4,,,,4,6311,0,0,,xslF345X03/doc4.xml,FORM 4 SUBMISSION
0001209191-08-051223,2008-09-10,2008-09-08,2008-09-10T13:31:47.000Z,,4,,,,4,6286,0,0,,xslF345X03/doc4.xml,FORM 4 SUBMISSION
0001209191-08-051576,2008-09-12,2008-09-10,2008-09-12T13:36:15.000Z,,4,,,,4,6322,0,0,,xslF345X03/doc4.xml,FORM 4 SUBMISSION
0001209191-08-051577,2008-09-12,2008-09-10,2008-09-12T13:39:58.000Z,,4,,,,4,6311,0,0,,xslF345X03/doc4.xml,FORM 4 SUBMISSION
0001209191-08-051578,2008-09-12,2008-09-10,2008-09-12T13:45:07.000Z,,4,,,,4,6284,0,0,,xslF345X03/doc4.xml,FORM 4 SUBMISSION
0001209191-08-053038,2008-09-23,2008-09-19,2008-09-23T14:27:01.000Z,,4,,,,4,5170,0,0,,xslF345X03/doc4.xml,FORM 4 SUBMISSION
0001209191-08-056247,2008-10-14,2008-10-10,2008-10-14T19:22:08.000Z,,4,,,,4,6418,0,0,,xslF345X03/doc4.xml,FORM 4 SUBMISSION
0001209191-08-056249,2008-10-14,2008-10-10,2008-10-14T19:24:54.000Z,,4,,,,4,6417,0,0,,xslF345X03/doc4.xml,FORM 4 SUBMISSION
0001209191-08-056250,2008-10-14,2008-10-10,2008-10-14T19:27:15.000Z,,4,,,,4,6591,0,0,,xslF345X03/doc4.xml,FORM 4 SUBMISSION
0001209191-08-056251,2008-10-14,2008-10-10,2008-10-14T19:29:47.000Z,,4,,,,4,6501,0,0,,xslF345X03/doc4.xml,FORM 4 SUBMISSION
0001209191-08-056252,2008-10-14,2008-10-10,2008-10-14T19:36:57.000Z,,4,,,,4,6553,0,0,,xslF345X03/doc4.xml,FORM 4 SUBMISSION
0001209191-08-056254,2008-10-14,2008-10-10,2008-10-14T19:39:26.000Z,,4,,,,4,6582,0,0,,xslF345X03/doc4.xml,FORM 4 SUBMISSION
0001209191-08-056309,2008-10-14,2008-10-10,2008-10-14T20:41:34.000Z,,4,,,,4,9645,0,0,,xslF345X03/doc4.xml,FORM 4 SUBMISSION
0001209191-08-056310,2008-10-14,2008-10-10,2008-10-14T20:46:04.000Z,,4,,,,4,9615,0,0,,xslF345X03/doc4.xml,FORM 4 SUBMISSION
0000950123-08-013260,2008-10-23,2008-10-23,2008-10-23T13:09:59.000Z,34,8-K,001-02958,081136328,"2.02,9.01",8-K,98584,0,0,,y72015e8vk.htm,FORM 8-K
0001209191-08-057305,2008-10-23,2008-10-22,2008-10-23T18:39:49.000Z,,4,,,,4,6322,0,0,,xslF345X03/doc4.xml,FORM 4 SUBMISSION
0001209191-08-057306,2008-10-23,2008-10-22,2008-10-23T18:41:58.000Z,,4,,,,4,6311,0,0,,xslF345X03/doc4.xml,FORM 4 SUBMISSION
0001209191-08-057308,2008-10-23,2008-10-22,2008-10-23T18:46:33.000Z,,4,,,,4,6286,0,0,,xslF345X03/doc4.xml,FORM 4 SUBMISSION
0000950123-08-013442,2008-10-24,2008-09-30,2008-10-24T20:34:27.000Z,34,10-Q,001-02958,081140409,,10-Q,310106,0,0,,y72004e10vq.htm,FORM 10-Q
0001209191-08-060976,2008-11-17,2008-11-14,2008-11-17T20:17:55.000Z,,4,,,,4,6324,0,0,,xslF345X03/doc4.xml,FORM 4 SUBMISSION
0001209191-08-060977,2008-11-17,2008-11-14,2008-11-17T20:19:38.000Z,,4,,,,4,6313,0,0,,xslF345X03/doc4.xml,FORM 4 SUBMISSION
0001209191-08-060990,2008-11-17,2008-11-14,2008-11-17T20:31:04.000Z,,4,,,,4,6288,0,0,,xslF345X03/doc4.xml,FORM 4 SUBMISSION
0001209191-08-060993,2008-11-17,2008-11-14,2008-11-17T20:33:24.000Z,,4,,,,4,6395,0,0,,xslF345X03/doc4.xml,FORM 4 SUBMISSION
0001209191-08-060995,2008-11-17,2008-11-14,2008-11-17T20:35:18.000Z,,4,,,,4,6450,0,0,,xslF345X03/doc4.xml,FORM 4 SUBMISSION
0001209191-08-061000,2008-11-17,2008-11-14,2008-11-17T20:37:49.000Z,,4,,,,4,6479,0,0,,xslF345X03/doc4.xml,FORM 4 SUBMISSION
0001209191-08-063643,2008-12-02,2008-12-01,2008-12-02T22:55:14.000Z,,4,,,,4,6320,0,0,,xslF345X03/doc4.xml,FORM 4 SUBMISSION
0001209191-08-063645,2008-12-02,2008-12-01,2008-12-02T22:56:21.000Z,,4,,,,4,6309,0,0,,xslF345X03/doc4.xml,FORM 4 SUBMISSION
0001209191-08-063646,2008-12-02,2008-12-01,2008-12-02T22:57:40.000Z,,4,,,,4,6288,0,0,,xslF345X03/doc4.xml,FORM 4 SUBMISSION
0001209191-08-063785,2008-12-03,2008-12-02,2008-12-03T17:49:37.000Z,,4,,,,4,6322,0,0,,xslF345X03/doc4.xml,FORM 4 SUBMISSION
0001209191-08-063786,2008-12-03,2008-12-02,2008-12-03T17:51:28.000Z,,4,,,,4,6311,0,0,,xslF345X03/doc4.xml,FORM 4 SUBMISSION
0001209191-08-063787,2008-12-03,2008-12-02,2008-12-03T17:56:08.000Z,,4,,,,4,6286,0,0,,xslF345X03/doc4.xml,FORM 4 SUBMISSION
0001209191-08-063885,2008-12-03,2008-12-01,2008-12-03T21:26:02.000Z,,4,,,,4,7571,0,0,,xslF345X03/doc4.xml,FORM 4 SUBMISSION
0001209191-08-063887,2008-12-03,2008-12-01,2008-12-03T21:28:52.000Z,,4,,,,4,8819,0,0,,xslF345X03/doc4.xml,FORM 4 SUBMISSION
0001209191-08-063890,2008-12-03,2008-12-01,2008-12-03T21:30:16.000Z,,4,,,,4,5871,0,0,,xslF345X03/doc4.xml,FORM 4 SUBMISSION
0001209191-08-063891,2008-12-03,2008-12-01,2008-12-03T21:31:34.000Z,,4,,,,4,7602,0,0,,xslF345X03/doc4.xml,FORM 4 SUBMISSION
0001209191-08-063897,2008-12-03,2008-12-01,2008-12-03T21:39:25.000Z,,4,,,,4,7579,0,0,,xslF345X03/doc4.xml,FORM 4 SUBMISSION
0001209191-08-063898,2008-12-03,2008-12-01,2008-12-03T21:40:57.000Z,,4,,,,4,7569,0,0,,xslF345X03/doc4.xml,FORM 4 SUBMISSION
0001209191-08-063899,2008-12-03,2008-12-01,2008-12-03T21:44:44.000Z,,4,,,,4,7603,0,0,,xslF345X03/doc4.xml,FORM 4 SUBMISSION
0001209191-08-063900,2008-12-03,2008-12-01,2008-12-03T21:46:08.000Z,,4,,,,4,7577,0,0,,xslF345X03/doc4.xml,FORM 4 SUBMISSION
0001209191-08-063901,2008-12-03,2008-12-01,2008-12-03T21:47:36.000Z,,4,,,,4,7589,0,0,,xslF345X03/doc4.xml,FORM 4 SUBMISSION
0001209191-08-063906,2008-12-03,2008-12-01,2008-12-03T21:50:48.000Z,,4,,,,4,7590,0,0,,xslF345X03/doc4.xml,FORM 4 SUBMISSION
0001299933-08-005624,2008-12-04,2008-12-02,2008-12-03T23:17:14.000Z,34,8-K,001-02958,081228396,"5.03,9.01",8-K,84713,0,0,,htm_30225.htm,LIVE FILING
0001209191-08-064260,2008-12-05,2008-12-03,2008-12-05T18:39:40.000Z,,4,,,,4,5171,0,0,,xslF345X03/doc4.xml,FORM 4 SUBMISSION
0001209191-08-064262,2008-12-05,2008-12-03,2008-12-05T18:41:25.000Z,,4,,,,4,6460,0,0,,xslF345X03/doc4.xml,FORM 4 SUBMISSION
0001209191-08-064263,2008-12-05,2008-12-03,2008-12-05T18:46:26.000Z,,4,,,,4,5202,0,0,,xslF345X03/doc4.xml,FORM 4 SUBMISSION
0001209191-08-064266,2008-12-05,2008-12-03,2008-12-05T18:54:25.000Z,,4,,,,4,5179,0,0,,xslF345X03/doc4.xml,FORM 4 SUBMISSION
0001209191-08-064267,2008-12-05,2008-12-03,2008-12-05T18:56:48.000Z,,4,,,,4,5169,0,0,,xslF345X03/doc4.xml,FORM 4 SUBMISSION
0001209191-08-064276,2008-12-05,2008-12-03,2008-12-05T19:06:30.000Z,,4,,,,4,5200,0,0,,xslF345X03/doc4.xml,FORM 4 SUBMISSION
0001209191-08-064279,2008-12-05,2008-12-03,2008-12-05T19:09:14.000Z,,4,,,,4,5177,0,0,,xslF345X03/doc4.xml,FORM 4 SUBMISSION
0001209191-08-064281,2008-12-05,2008-12-03,2008-12-05T19:11:02.000Z,,4,,,,4,5189,0,0,,xslF345X03/doc4.xml,FORM 4 SUBMISSION
0001209191-08-064284,2008-12-05,2008-12-03,2008-12-05T19:17:31.000Z,,4,,,,4,5230,0,0,,xslF345X03/doc4.xml,FORM 4 SUBMISSION
0001209191-08-064440,2008-12-08,2008-12-04,2008-12-08T13:27:32.000Z,,4,,,,4,5170,0,0,,xslF345X03/doc4.xml,FORM 4 SUBMISSION
0001209191-08-064441,2008-12-08,2008-12-04,2008-12-08T13:29:37.000Z,,4,,,,4,6459,0,0,,xslF345X03/doc4.xml,FORM 4 SUBMISSION
0001209191-08-064442,2008-12-08,2008-12-04,2008-12-08T13:34:22.000Z,,4,,,,4,6394,0,0,,xslF345X03/doc4.xml,FORM 4 SUBMISSION
0001209191-08-064443,2008-12-08,2008-12-04,2008-12-08T13:41:12.000Z,,4,,,,4,5201,0,0,,xslF345X03/doc4.xml,FORM 4 SUBMISSION
0001209191-08-064444,2008-12-08,2008-12-04,2008-12-08T13:45:20.000Z,,4,,,,4,5178,0,0,,xslF345X03/doc4.xml,FORM 4 SUBMISSION
0001209191-08-064445,2008-12-08,2008-12-04,2008-12-08T13:46:53.000Z,,4,,,,4,5168,0,0,,xslF345X03/doc4.xml,FORM 4 SUBMISSION
0001209191-08-064446,2008-12-08,2008-12-04,2008-12-08T13:48:09.000Z,,4,,,,4,5199,0,0,,xslF345X03/doc4.xml,FORM 4 SUBMISSION
0001209191-08-064447,2008-12-08,2008-12-04,2008-12-08T13:49:53.000Z,,4,,,,4,5176,0,0,,xslF345X03/doc4.xml,FORM 4 SUBMISSION
0001209191-08-064448,2008-12-08,2008-12-04,2008-12-08T13:52:25.000Z,,4,,,,4,5188,0,0,,xslF345X03/doc4.xml,FORM 4 SUBMISSION
0001209191-08-064449,2008-12-08,2008-12-04,2008-12-08T13:55:39.000Z,,4,,,,4,5229,0,0,,xslF345X03/doc4.xml,FORM 4 SUBMISSION
0001209191-08-064773,2008-12-09,2008-12-05,2008-12-09T18:38:50.000Z,,4,,,,4,5170,0,0,,xslF345X03/doc4.xml,FORM 4 SUBMISSION
0001209191-08-064775,2008-12-09,2008-12-05,2008-12-09T18:42:32.000Z,,4,,,,4,6459,0,0,,xslF345X03/doc4.xml,FORM 4 SUBMISSION
0001209191-08-064776,2008-12-09,2008-12-05,2008-12-09T18:45:56.000Z,,4,,,,4,6394,0,0,,xslF345X03/doc4.xml,FORM 4 SUBMISSION
0001209191-08-064777,2008-12-09,2008-12-05,2008-12-09T18:48:30.000Z,,4,,,,4,5201,0,0,,xslF345X03/doc4.xml,FORM 4 SUBMISSION
0001209191-08-064778,2008-12-09,2008-12-05,2008-12-09T18:50:23.000Z,,4,,,,4,5178,0,0,,xslF345X03/doc4.xml,FORM 4 SUBMISSION
0001209191-08-064779,2008-12-09,2008-12-05,2008-12-09T18:52:06.000Z,,4,,,,4,5168,0,0,,xslF345X03/doc4.xml,FORM 4 SUBMISSION
0001209191-08-064780,2008-12-09,2008-12-05,2008-12-09T18:53:40.000Z,,4,,,,4,5199,0,0,,xslF345X03/doc4.xml,FORM 4 SUBMISSION
0001209191-08-064781,2008-12-09,2008-12-05,2008-12-09T18:55:34.000Z,,4,,,,4,5176,0,0,,xslF345X03/doc4.xml,FORM 4 SUBMISSION
0001209191-08-064783,2008-12-09,2008-12-05,2008-12-09T18:56:45.000Z,,4,,,,4,5188,0,0,,xslF345X03/doc4.xml,FORM 4 SUBMISSION
0001209191-08-064784,2008-12-09,2008-12-05,2008-12-09T18:58:18.000Z,,4,,,,4,5229,0,0,,xslF345X03/doc4.xml,FORM 4 SUBMISSION
0001209191-08-065243,2008-12-11,2008-12-10,2008-12-11T19:22:21.000Z,,4,,,,4,6311,0,0,,xslF345X03/doc4.xml,FORM 4 SUBMISSION
0001209191-08-065245,2008-12-11,2008-12-10,2008-12-11T19:24:42.000Z,,4,,,,4,6285,0,0,,xslF345X03/doc4.xml,FORM 4 SUBMISSION
0000950123-08-017753,2008-12-17,2008-12-15,2008-12-17T21:49:11.000Z,34,8-K,001-02958,081255566,"1.01,3.03,5.02,9.01",8-K,357842,0,0,,y73321e8vk.htm,FORM 8-K
0000950123-08-017754,2008-12-17,,2008-12-17T21:49:57.000Z,34,8-A12B/A,001-02958,081255575,,8-A12B/A,34933,0,0,,y73321ae8va12bza.htm,8-A12B/A
0001209191-08-066934,2008-12-22,2008-12-19,2008-12-22T20:46:33.000Z,,4,,,,4,6314,0,0,,xslF345X03/doc4.xml,FORM 4 SUBMISSION
0001209191-08-066935,2008-12-22,2008-12-19,2008-12-22T20:47:38.000Z,,4,,,,4,6303,0,0,,xslF345X03/doc4.xml,FORM 4 SUBMISSION
0001209191-08-066936,2008-12-22,2008-12-19,2008-12-22T20:49:09.000Z,,4,,,,4,6281,0,0,,xslF345X03/doc4.xml,FORM 4 SUBMISSION
0000950123-08-018178,2008-12-23,2008-12-22,2008-12-23T02:15:14.000Z,34,8-K,001-02958,081265389,"8.01,9.01",8-K,23773,0,0,,y73524e8vk.htm,FORM 8-K
0001209191-09-002173,2009-01-07,2009-01-05,2009-01-07T20:15:49.000Z,,4,,,,4,8202,0,0,,xslF345X03/doc4.xml,FORM 4 SUBMISSION
0001209191-09-002174,2009-01-07,2009-01-05,2009-01-07T20:16:36.000Z,,4,,,,4,8026,0,0,,xslF345X03/doc4.xml,FORM 4 SUBMISSION
0001209191-09-002176,2009-01-07,2009-01-05,2009-01-07T20:20:40.000Z,,4,,,,4,8027,0,0,,xslF345X03/doc4.xml,FORM 4 SUBMISSION
0001209191-09-002220,2009-01-07,2009-01-05,2009-01-07T21:22:26.000Z,,4,,,,4,9969,0,0,,xslF345X03/doc4.xml,FORM 4 SUBMISSION
0001209191-09-003112,2009-01-14,2009-01-12,2009-01-14T21:53:19.000Z,,4,,,,4,6416,0,0,,xslF345X03/doc4.xml,FORM 4 SUBMISSION
0001209191-09-003113,2009-01-14,2009-01-12,2009-01-14T21:54:27.000Z,,4,,,,4,6500,0,0,,xslF345X03/doc4.xml,FORM 4 SUBMISSION
0001209191-09-003114,2009-01-14,2009-01-12,2009-01-14T21:56:54.000Z,,4,,,,4,6552,0,0,,xslF345X03/doc4.xml,FORM 4 SUBMISSION
0001209191-09-003121,2009-01-14,2009-01-08,2009-01-14T22:09:52.000Z,,4/A,,,,4/A,11173,0,0,,xslF345X03/doc4a.xml,FORM 4/A SUBMISSION
0001209191-09-003125,2009-01-14,2009-01-12,2009-01-14T22:28:24.000Z,,4,,,,4,9643,0,0,,xslF345X03/doc4.xml,FORM 4 SUBMISSION
0001209191-09-003134,2009-01-14,2009-01-08,2009-01-14T23:03:36.000Z,,4/A,,,,4/A,9269,0,0,,xslF345X03/doc4a.xml,FORM 4/A SUBMISSION
0001209191-09-003150,2009-01-14,2009-01-12,2009-01-14T23:24:54.000Z,,4,,,,4,11371,0,0,,xslF345X03/doc4.xml,FORM 4 SUBMISSION
0001209191-09-003161,2009-01-14,2009-01-08,2009-01-14T23:30:38.000Z,,4/A,,,,4/A,9269,0,0,,xslF345X03/doc4a.xml,FORM 4/A SUBMISSION
0001209191-09-003169,2009-01-14,2009-01-08,2009-01-14T23:43:19.000Z,,4/A,,,,4/A,9444,0,0,,xslF345X03/doc4a.xml,FORM 4/A SUBMISSION
0001209191-09-003188,2009-01-14,2009-01-12,2009-01-15T00:20:11.000Z,,4,,,,4,14521,0,0,,xslF345X03/doc4.xml,FORM 4 SUBMISSION
0001209191-09-003189,2009-01-14,2009-01-12,2009-01-15T00:35:25.000Z,,4,,,,4,11496,0,0,,xslF345X03/doc4.xml,FORM 4 SUBMISSION
0001209191-09-003192,2009-01-14,2009-01-12,2009-01-15T00:52:24.000Z,,4,,,,4,11532,0,0,,xslF345X03/doc4.xml,FORM 4 SUBMISSION
0001209191-09-003480,2009-01-16,2009-01-08,2009-01-16T19:06:22.000Z,,4/A,,,,4/A,9499,0,0,,xslF345X03/doc4a.xml,FORM 4/A SUBMISSION
0001209191-09-003512,2009-01-16,2008-12-31,2009-01-16T19:53:10.000Z,,5,,,,5,5980,0,0,,xslF345X03/doc5.xml,FORM 5 SUBMISSION
0000950123-09-001385,2009-01-28,2009-01-28,2009-01-28T14:00:07.000Z,34,8-K,001-02958,09549840,2.02,8-K,98355,0,0,,y74259e8vk.htm,FORM 8-K
0001209191-09-005181,2009-01-28,2009-01-27,2009-01-28T19:58:09.000Z,,4,,,,4,6321,0,0,,xslF345X03/doc4.xml,FORM 4 SUBMISSION
0001209191-09-005183,2009-01-28,2009-01-27,2009-01-28T20:00:31.000Z,,4,,,,4,6309,0,0,,xslF345X03/doc4.xml,FORM 4 SUBMISSION
0001209191-09-005185,2009-01-28,2009-01-27,2009-01-28T20:01:23.000Z,,4,,,,4,6287,0,0,,xslF345X03/doc4.xml,FORM 4 SUBMISSION
0001209191-09-005187,2009-01-28,2009-01-27,2009-01-28T20:02:36.000Z,,4,,,,4,6474,0,0,,xslF345X03/doc4.xml,FORM 4 SUBMISSION
0000913414-09-003534,2009-02-05,,2009-02-05T18:29:07.000Z,34,SC 13G,005-17643,09571673,,SC 13G,33949,0,0,,hubbell123108.txt,
0001422849-09-000375,2009-02-13,,2009-02-13T00:04:21.000Z,34,SC 13G/A,005-17643,09596957,,SC 13G/A,13900,0,0,,edghubb.txt,SC 13G/A
0001104659-09-009267,2009-02-13,,2009-02-13T17:39:46.000Z,34,SC 13G/A,005-17643,09600530,,SC 13G/A,63968,0,0,,a09-3637_19sc13ga.htm,SC 13G/A
0001209191-09-009095,2009-02-13,2009-02-12,2009-02-13T22:21:12.000Z,,4,,,,4,6320,0,0,,xslF345X03/doc4.xml,FORM 4 SUBMISSION
0001209191-09-009096,2009-02-13,2009-02-12,2009-02-13T22:21:50.000Z,,4,,,,4,6310,0,0,,xslF345X03/doc4.xml,FORM 4 SUBMISSION
0001209191-09-009097,2009-02-13,2009-02-12,2009-02-13T22:22:30.000Z,,4,,,,4,6285,0,0,,xslF345X03/doc4.xml,FORM 4 SUBMISSION
0001209191-09-009098,2009-02-13,2009-02-12,2009-02-13T22:23:10.000Z,,4,,,,4,6475,0,0,,xslF345X03/doc4.xml,FORM 4 SUBMISSION
0001209191-09-009228,2009-02-17,2009-02-13,2009-02-17T14:13:16.000Z,,4,,,,4,6323,0,0,,xslF345X03/doc4.xml,FORM 4 SUBMISSION
0001209191-09-009251,2009-02-17,2009-02-13,2009-02-17T14:42:46.000Z,,4,,,,4,6308,0,0,,xslF345X03/doc4.xml,FORM 4 SUBMISSION
0001209191-09-009257,2009-02-17,2009-02-13,2009-02-17T14:44:43.000Z,,4,,,,4,6285,0,0,,xslF345X03/doc4.xml,FORM 4 SUBMISSION
0001209191-09-009258,2009-02-17,2009-02-13,2009-02-17T14:45:57.000Z,,4,,,,4,6394,0,0,,xslF345X03/doc4.xml,FORM 4 SUBMISSION
0001209191-09-009260,2009-02-17,2009-02-13,2009-02-17T14:47:43.000Z,,4,,,,4,6449,0,0,,xslF345X03/doc4.xml,FORM 4 SUBMISSION
0001209191-09-009264,2009-02-17,2009-02-13,2009-02-17T14:49:13.000Z,,4,,,,4,6473,0,0,,xslF345X03/doc4.xml,FORM 4 SUBMISSION
0000902664-09-000932,2009-02-17,,2009-02-17T15:48:54.000Z,34,SC 13G/A,005-17643,09608271,,SC 13G/A,26230,0,0,,p09-0127sc13ga.txt,HUBBELL INCORPORATED
0000950123-09-003185,2009-02-20,2008-12-31,2009-02-20T21:11:30.000Z,34,10-K,001-02958,09625271,,10-K,1481260,0,0,,y74678e10vk.htm,FORM 10-K
0001209191-09-014275,2009-03-06,2009-03-04,2009-03-06T14:32:22.000Z,,4,,,,4,6321,0,0,,xslF345X03/doc4.xml,FORM 4 SUBMISSION
0001209191-09-014276,2009-03-06,2009-03-04,2009-03-06T14:35:19.000Z,,4,,,,4,6310,0,0,,xslF345X03/doc4.xml,FORM 4 SUBMISSION
0001209191-09-014277,2009-03-06,2009-03-04,2009-03-06T14:37:10.000Z,,4,,,,4,6284,0,0,,xslF345X03/doc4.xml,FORM 4 SUBMISSION
0000950123-09-004746,2009-03-16,2009-05-04,2009-03-16T20:02:01.000Z,34,DEF 14A,001-02958,09684316,,DEF 14A,750468,0,0,,y74478def14a.htm,DEFINITIVE PROXY STATEMENT
9999999997-09-016827,2009-03-24,2008-12-31,2009-04-15T11:49:35.000Z,34,ARS,001-02958,09010215,,ARS,1808,0,0,,9999999997-09-016827.paper,AUTO-GENERATED PAPER DOCUMENT
0001209191-09-021508,2009-04-14,2009-04-10,2009-04-14T20:23:26.000Z,,4,,,,4,9646,0,0,,xslF345X03/doc4.xml,FORM 4 SUBMISSION
0001209191-09-021509,2009-04-14,2009-04-10,2009-04-14T20:24:40.000Z,,4,,,,4,6361,0,0,,xslF345X03/doc4.xml,FORM 4 SUBMISSION
0001209191-09-021510,2009-04-14,2009-04-10,2009-04-14T20:25:52.000Z,,4,,,,4,6395,0,0,,xslF345X03/doc4.xml,FORM 4 SUBMISSION
0001209191-09-021511,2009-04-14,2009-04-10,2009-04-14T20:26:54.000Z,,4,,,,4,6363,0,0,,xslF345X03/doc4.xml,FORM 4 SUBMISSION
0001209191-09-021512,2009-04-14,2009-04-10,2009-04-14T20:28:52.000Z,,4,,,,4,6401,0,0,,xslF345X03/doc4.xml,FORM 4 SUBMISSION
0001209191-09-021513,2009-04-14,2009-04-10,2009-04-14T20:29:38.000Z,,4,,,,4,6386,0,0,,xslF345X03/doc4.xml,FORM 4 SUBMISSION
0000950123-09-007082,2009-04-23,2009-04-23,2009-04-23T13:08:06.000Z,34,8-K,001-02958,09765202,"2.02,9.01",8-K,116034,0,0,,y76639e8vk.htm,FORM 8-K
0001209191-09-022482,2009-04-23,2009-04-22,2009-04-23T20:23:04.000Z,,4,,,,4,6321,0,0,,xslF345X03/doc4.xml,FORM 4 SUBMISSION
0001209191-09-022483,2009-04-23,2009-04-22,2009-04-23T20:24:01.000Z,,4,,,,4,6255,0,0,,xslF345X03/doc4.xml,FORM 4 SUBMISSION
0001209191-09-022485,2009-04-23,2009-04-22,2009-04-23T20:25:38.000Z,,4,,,,4,6287,0,0,,xslF345X03/doc4.xml,FORM 4 SUBMISSION
0001209191-09-022487,2009-04-23,2009-04-22,2009-04-23T20:26:21.000Z,,4,,,,4,6283,0,0,,xslF345X03/doc4.xml,FORM 4 SUBMISSION
0000950123-09-007185,2009-04-24,2009-03-31,2009-04-24T20:08:03.000Z,34,10-Q,001-02958,09769937,,10-Q,252175,0,0,,y76581e10vq.htm,FORM 10-Q
0001209191-09-024414,2009-05-05,2009-05-03,2009-05-05T19:48:13.000Z,,4,,,,4,6321,0,0,,xslF345X03/doc4.xml,FORM 4 SUBMISSION
0001209191-09-024418,2009-05-05,2009-05-03,2009-05-05T19:49:42.000Z,,4,,,,4,6287,0,0,,xslF345X03/doc4.xml,FORM 4 SUBMISSION
0001209191-09-024420,2009-05-05,2009-05-03,2009-05-05T19:50:59.000Z,,4,,,,4,6283,0,0,,xslF345X03/doc4.xml,FORM 4 SUBMISSION
0001209191-09-024627,2009-05-06,2009-05-04,2009-05-06T15:56:10.000Z,,4,,,,4,8109,0,0,,xslF345X03/doc4.xml,FORM 4 SUBMISSION
0001209191-09-024630,2009-05-06,2009-05-04,2009-05-06T15:56:52.000Z,,4,,,,4,5103,0,0,,xslF345X03/doc4.xml,FORM 4 SUBMISSION
0001209191-09-024631,2009-05-06,2009-05-04,2009-05-06T15:57:47.000Z,,4,,,,4,8040,0,0,,xslF345X03/doc4.xml,FORM 4 SUBMISSION
0001209191-09-024634,2009-05-06,2009-05-04,2009-05-06T15:58:31.000Z,,4,,,,4,8074,0,0,,xslF345X03/doc4.xml,FORM 4 SUBMISSION
0001209191-09-024635,2009-05-06,2009-05-04,2009-05-06T15:59:12.000Z,,4,,,,4,5283,0,0,,xslF345X03/doc4.xml,FORM 4 SUBMISSION
0001209191-09-024637,2009-05-06,2009-05-04,2009-05-06T15:59:53.000Z,,4,,,,4,5100,0,0,,xslF345X03/doc4.xml,FORM 4 SUBMISSION
0001209191-09-024639,2009-05-06,2009-05-04,2009-05-06T16:00:42.000Z,,4,,,,4,5147,0,0,,xslF345X03/doc4.xml,FORM 4 SUBMISSION
0001209191-09-024640,2009-05-06,2009-05-04,2009-05-06T16:01:34.000Z,,4,,,,4,8067,0,0,,xslF345X03/doc4.xml,FORM 4 SUBMISSION
0001209191-09-027252,2009-05-18,2009-05-15,2009-05-18T21:30:16.000Z,,4,,,,4,6323,0,0,,xslF345X03/doc4.xml,FORM 4 SUBMISSION
0001209191-09-027253,2009-05-18,2009-05-15,2009-05-18T21:30:56.000Z,,4,,,,4,6259,0,0,,xslF345X03/doc4.xml,FORM 4 SUBMISSION
0001209191-09-027258,2009-05-18,2009-05-15,2009-05-18T21:31:38.000Z,,4,,,,4,6287,0,0,,xslF345X03/doc4.xml,FORM 4 SUBMISSION
0001209191-09-027259,2009-05-18,2009-05-15,2009-05-18T21:32:37.000Z,,4,,,,4,6298,0,0,,xslF345X03/doc4.xml,FORM 4 SUBMISSION
0001209191-09-027267,2009-05-18,2009-05-15,2009-05-18T21:36:11.000Z,,4,,,,4,6285,0,0,,xslF345X03/doc4.xml,FORM 4 SUBMISSION
0001209191-09-030710,2009-06-04,2009-06-02,2009-06-04T19:47:36.000Z,,4,,,,4,6319,0,0,,xslF345X03/doc4.xml,FORM 4 SUBMISSION
0001209191-09-030712,2009-06-04,2009-06-02,2009-06-04T19:52:03.000Z,,4,,,,4,6255,0,0,,xslF345X03/doc4.xml,FORM 4 SUBMISSION
0001209191-09-030713,2009-06-04,2009-06-02,2009-06-04T19:54:07.000Z,,4,,,,4,6286,0,0,,xslF345X03/doc4.xml,FORM 4 SUBMISSION
0001209191-09-030715,2009-06-04,2009-06-02,2009-06-04T19:58:29.000Z,,4,,,,4,6281,0,0,,xslF345X03/doc4.xml,FORM 4 SUBMISSION
0001299933-09-002476,2009-06-05,2009-06-03,2009-06-05T17:31:48.000Z,34,8-K,001-02958,09876443,"5.02,9.01",8-K,32803,0,0,,htm_33077.htm,LIVE FILING
0001209191-09-031017,2009-06-05,2009-06-03,2009-06-05T21:44:44.000Z,,4,,,,4,6321,0,0,,xslF345X03/doc4.xml,FORM 4 SUBMISSION
0001209191-09-031018,2009-06-05,2009-06-03,2009-06-05T21:46:16.000Z,,4,,,,4,6257,0,0,,xslF345X03/doc4.xml,FORM 4 SUBMISSION
0001209191-09-031021,2009-06-05,2009-06-03,2009-06-05T21:50:02.000Z,,4,,,,4,6285,0,0,,xslF345X03/doc4.xml,FORM 4 SUBMISSION
0001209191-09-031022,2009-06-05,2009-06-03,2009-06-05T21:52:03.000Z,,4,,,,4,6282,0,0,,xslF345X03/doc4.xml,FORM 4 SUBMISSION
0001209191-09-031094,2009-06-08,2009-06-03,2009-06-08T18:11:19.000Z,,3,,,,3,5248,0,0,,xslF345X02/doc3.xml,FORM 3 SUBMISSION
0001209191-09-031097,2009-06-08,2009-06-08,2009-06-08T18:24:07.000Z,,4,,,,4,7975,0,0,,xslF345X03/doc4.xml,FORM 4 SUBMISSION
0001209191-09-031544,2009-06-10,2009-06-03,2009-06-10T14:55:36.000Z,,3,,,,3,5239,0,0,,xslF345X02/doc3.xml,FORM 3 SUBMISSION
0001209191-09-036398,2009-07-14,2009-07-10,2009-07-14T15:36:46.000Z,,4,,,,4,9648,0,0,,xslF345X03/doc4.xml,FORM 4 SUBMISSION
0001209191-09-036399,2009-07-14,2009-07-10,2009-07-14T15:44:38.000Z,,4,,,,4,6361,0,0,,xslF345X03/doc4.xml,FORM 4 SUBMISSION
0001209191-09-036400,2009-07-14,2009-07-10,2009-07-14T15:46:18.000Z,,4,,,,4,6395,0,0,,xslF345X03/doc4.xml,FORM 4 SUBMISSION
0001209191-09-036401,2009-07-14,2009-07-10,2009-07-14T15:48:55.000Z,,4,,,,4,6401,0,0,,xslF345X03/doc4.xml,FORM 4 SUBMISSION
0001209191-09-036402,2009-07-14,2009-07-10,2009-07-14T15:51:14.000Z,,4,,,,4,6385,0,0,,xslF345X03/doc4.xml,FORM 4 SUBMISSION
0000950123-09-024149,2009-07-22,2009-07-22,2009-07-22T13:00:16.000Z,34,8-K,001-02958,09956157,"2.02,9.01",8-K,101876,0,0,,y78354e8vk.htm,FORM 8-K
0000950123-09-024154,2009-07-22,2009-07-21,2009-07-22T13:13:54.000Z,34,8-K,001-02958,09956187,"1.01,9.01",8-K,419926,0,0,,y78374e8vk.htm,FORM 8-K
0001209191-09-037372,2009-07-22,2009-07-21,2009-07-22T19:29:21.000Z,,4,,,,4,6321,0,0,,xslF345X03/doc4.xml,FORM 4 SUBMISSION
0001209191-09-037374,2009-07-22,2009-07-21,2009-07-22T19:36:40.000Z,,4,,,,4,6256,0,0,,xslF345X03/doc4.xml,FORM 4 SUBMISSION
0001209191-09-037375,2009-07-22,2009-07-21,2009-07-22T19:39:56.000Z,,4,,,,4,6285,0,0,,xslF345X03/doc4.xml,FORM 4 SUBMISSION
0001209191-09-037376,2009-07-22,2009-07-21,2009-07-22T19:41:50.000Z,,4,,,,4,6283,0,0,,xslF345X03/doc4.xml,FORM 4 SUBMISSION
0000950123-09-025337,2009-07-24,2009-06-30,2009-07-24T20:25:19.000Z,34,10-Q,001-02958,09962668,,10-Q,320938,0,0,,y78372e10vq.htm,FORM 10-Q
0001209191-09-040847,2009-08-17,2009-08-14,2009-08-17T18:11:49.000Z,,4,,,,4,6323,0,0,,xslF345X03/doc4.xml,FORM 4 SUBMISSION
0001209191-09-040848,2009-08-17,2009-08-14,2009-08-17T18:13:59.000Z,,4,,,,4,6260,0,0,,xslF345X03/doc4.xml,FORM 4 SUBMISSION
0001209191-09-040850,2009-08-17,2009-08-14,2009-08-17T18:15:28.000Z,,4,,,,4,6288,0,0,,xslF345X03/doc4.xml,FORM 4 SUBMISSION
0001209191-09-040851,2009-08-17,2009-08-14,2009-08-17T18:17:09.000Z,,4,,,,4,6299,0,0,,xslF345X03/doc4.xml,FORM 4 SUBMISSION
0001209191-09-040854,2009-08-17,2009-08-14,2009-08-17T18:22:15.000Z,,4,,,,4,6287,0,0,,xslF345X03/doc4.xml,FORM 4 SUBMISSION
0001209191-09-044482,2009-09-16,2009-09-14,2009-09-16T18:19:50.000Z,,4,,,,4,6323,0,0,,xslF345X03/doc4.xml,FORM 4 SUBMISSION
0001209191-09-044483,2009-09-16,2009-09-14,2009-09-16T18:21:01.000Z,,4,,,,4,6258,0,0,,xslF345X03/doc4.xml,FORM 4 SUBMISSION
0001209191-09-044484,2009-09-16,2009-09-14,2009-09-16T18:24:29.000Z,,4,,,,4,6288,0,0,,xslF345X03/doc4.xml,FORM 4 SUBMISSION
0001209191-09-044496,2009-09-16,2009-09-14,2009-09-16T18:39:12.000Z,,4,,,,4,6285,0,0,,xslF345X03/doc4.xml,FORM 4 SUBMISSION
0001209191-09-044758,2009-09-17,2009-09-16,2009-09-17T19:39:32.000Z,,4,,,,4,6323,0,0,,xslF345X03/doc4.xml,FORM 4 SUBMISSION
0001209191-09-044761,2009-09-17,2009-09-16,2009-09-17T19:40:36.000Z,,4,,,,4,6258,0,0,,xslF345X03/doc4.xml,FORM 4 SUBMISSION
0001209191-09-044762,2009-09-17,2009-09-16,2009-09-17T19:41:36.000Z,,4,,,,4,6286,0,0,,xslF345X03/doc4.xml,FORM 4 SUBMISSION
0001209191-09-044763,2009-09-17,2009-09-16,2009-09-17T19:42:28.000Z,,4,,,,4,6285,0,0,,xslF345X03/doc4.xml,FORM 4 SUBMISSION
0000950123-09-048227,2009-10-05,2009-10-02,2009-10-05T16:34:58.000Z,34,8-K,001-02958,091104762,"2.01,9.01",8-K,26140,0,0,,y79616e8vk.htm,FORM 8-K
0001209191-09-048099,2009-10-08,2009-10-07,2009-10-08T19:49:59.000Z,,4,,,,4,6323,0,0,,xslF345X03/doc4.xml,FORM 4 SUBMISSION
0001209191-09-048100,2009-10-08,2009-10-07,2009-10-08T19:50:43.000Z,,4,,,,4,6258,0,0,,xslF345X03/doc4.xml,FORM 4 SUBMISSION
0001209191-09-048101,2009-10-08,2009-10-07,2009-10-08T19:54:36.000Z,,4,,,,4,6286,0,0,,xslF345X03/doc4.xml,FORM 4 SUBMISSION
0001209191-09-048102,2009-10-08,2009-10-07,2009-10-08T19:55:28.000Z,,4,,,,4,6285,0,0,,xslF345X03/doc4.xml,FORM 4 SUBMISSION
0001209191-09-048547,2009-10-14,2009-10-12,2009-10-14T18:28:55.000Z,,4,,,,4,9647,0,0,,xslF345X03/doc4.xml,FORM 4 SUBMISSION
0001209191-09-048548,2009-10-14,2009-10-12,2009-10-14T18:29:53.000Z,,4,,,,4,6364,0,0,,xslF345X03/doc4.xml,FORM 4 SUBMISSION
0001209191-09-048549,2009-10-14,2009-10-12,2009-10-14T18:30:42.000Z,,4,,,,4,6394,0,0,,xslF345X03/doc4.xml,FORM 4 SUBMISSION
0001209191-09-048550,2009-10-14,2009-10-12,2009-10-14T18:31:23.000Z,,4,,,,4,6402,0,0,,xslF345X03/doc4.xml,FORM 4 SUBMISSION
0001209191-09-048551,2009-10-14,2009-10-12,2009-10-14T18:32:11.000Z,,4,,,,4,6390,0,0,,xslF345X03/doc4.xml,FORM 4 SUBMISSION
0000950123-09-052136,2009-10-22,2009-10-22,2009-10-22T13:02:40.000Z,34,8-K,001-02958,091131141,"2.02,9.01",8-K,103519,0,0,,y79879e8vk.htm,FORM 8-K
0001209191-09-049489,2009-10-22,2009-10-21,2009-10-22T18:33:52.000Z,,4,,,,4,6323,0,0,,xslF345X03/doc4.xml,FORM 4 SUBMISSION
0001209191-09-049490,2009-10-22,2009-10-21,2009-10-22T18:34:38.000Z,,4,,,,4,6286,0,0,,xslF345X03/doc4.xml,FORM 4 SUBMISSION
0001209191-09-049491,2009-10-22,2009-10-21,2009-10-22T18:38:19.000Z,,4,,,,4,6285,0,0,,xslF345X03/doc4.xml,FORM 4 SUBMISSION
0001209191-09-049492,2009-10-22,2009-10-21,2009-10-22T18:39:18.000Z,,4,,,,4,6256,0,0,,xslF345X03/doc4.xml,FORM 4 SUBMISSION
0000950123-09-052741,2009-10-23,2009-09-30,2009-10-23T20:11:36.000Z,34,10-Q,001-02958,091134762,,10-Q,313226,0,0,,y79935e10vq.htm,FORM 10-Q
0000950123-09-053183,2009-10-26,,2009-10-26T20:41:43.000Z,33,424B5,333-151206,091137222,,424B5,257237,0,0,,y79925e424b5.htm,424B5
0000950123-09-053199,2009-10-26,2009-10-26,2009-10-26T21:02:17.000Z,34,8-K,001-02958,091137352,"8.01,9.01",8-K,30584,0,0,,y80003e8vk.htm,FORM 8-K
0000950123-09-054751,2009-10-29,,2009-10-29T18:03:03.000Z,33,424B5,333-151206,091144082,,424B5,266393,0,0,,y79925b5e424b5.htm,424B5
0000950123-09-056680,2009-11-03,2009-10-28,2009-11-03T16:18:56.000Z,34,8-K,001-02958,091153345,"8.01,9.01",8-K,173106,0,0,,y80069e8vk.htm,FORM 8-K
0001209191-09-052668,2009-11-13,2009-11-12,2009-11-13T21:21:03.000Z,,4,,,,4,6285,0,0,,xslF345X03/doc4.xml,FORM 4 SUBMISSION
0001209191-09-053087,2009-11-17,2009-11-13,2009-11-17T18:55:37.000Z,,4,,,,4,6323,0,0,,xslF345X03/doc4.xml,FORM 4 SUBMISSION
0001209191-09-053089,2009-11-17,2009-11-13,2009-11-17T18:56:28.000Z,,4,,,,4,6260,0,0,,xslF345X03/doc4.xml,FORM 4 SUBMISSION
0001209191-09-053090,2009-11-17,2009-11-13,2009-11-17T18:57:24.000Z,,4,,,,4,6288,0,0,,xslF345X03/doc4.xml,FORM 4 SUBMISSION
0001209191-09-053091,2009-11-17,2009-11-13,2009-11-17T18:58:47.000Z,,4,,,,4,6298,0,0,,xslF345X03/doc4.xml,FORM 4 SUBMISSION
0001209191-09-053093,2009-11-17,2009-11-13,2009-11-17T18:59:48.000Z,,4,,,,4,6287,0,0,,xslF345X03/doc4.xml,FORM 4 SUBMISSION
0001209191-09-055378,2009-12-03,2009-12-01,2009-12-03T21:45:13.000Z,,4,,,,4,5170,0,0,,xslF345X03/doc4.xml,FORM 4 SUBMISSION
0001209191-09-055379,2009-12-03,2009-12-01,2009-12-03T21:46:45.000Z,,4,,,,4,6460,0,0,,xslF345X03/doc4.xml,FORM 4 SUBMISSION
0001209191-09-055380,2009-12-03,2009-12-01,2009-12-03T21:47:49.000Z,,4,,,,4,5201,0,0,,xslF345X03/doc4.xml,FORM 4 SUBMISSION
0001209191-09-055381,2009-12-03,2009-12-01,2009-12-03T21:49:26.000Z,,4,,,,4,5178,0,0,,xslF345X03/doc4.xml,FORM 4 SUBMISSION
0001209191-09-055383,2009-12-03,2009-12-01,2009-12-03T21:51:29.000Z,,4,,,,4,5168,0,0,,xslF345X03/doc4.xml,FORM 4 SUBMISSION
0001209191-09-055385,2009-12-03,2009-12-01,2009-12-03T21:52:27.000Z,,4,,,,4,5199,0,0,,xslF345X03/doc4.xml,FORM 4 SUBMISSION
0001209191-09-055386,2009-12-03,2009-12-01,2009-12-03T21:53:38.000Z,,4,,,,4,5188,0,0,,xslF345X03/doc4.xml,FORM 4 SUBMISSION
0001209191-09-055388,2009-12-03,2009-12-01,2009-12-03T21:55:27.000Z,,4,,,,4,5176,0,0,,xslF345X03/doc4.xml,FORM 4 SUBMISSION
0001209191-09-055720,2009-12-07,2009-12-03,2009-12-07T21:46:46.000Z,,4,,,,4,5171,0,0,,xslF345X03/doc4.xml,FORM 4 SUBMISSION
0001209191-09-055721,2009-12-07,2009-12-03,2009-12-07T21:47:36.000Z,,4,,,,4,6460,0,0,,xslF345X03/doc4.xml,FORM 4 SUBMISSION
0001209191-09-055723,2009-12-07,2009-12-03,2009-12-07T21:48:25.000Z,,4,,,,4,5202,0,0,,xslF345X03/doc4.xml,FORM 4 SUBMISSION
0001209191-09-055724,2009-12-07,2009-12-03,2009-12-07T21:48:54.000Z,,4,,,,4,5179,0,0,,xslF345X03/doc4.xml,FORM 4 SUBMISSION
0001209191-09-055726,2009-12-07,2009-12-03,2009-12-07T21:49:56.000Z,,4,,,,4,5169,0,0,,xslF345X03/doc4.xml,FORM 4 SUBMISSION
0001209191-09-055727,2009-12-07,2009-12-03,2009-12-07T21:50:42.000Z,,4,,,,4,5200,0,0,,xslF345X03/doc4.xml,FORM 4 SUBMISSION
0001209191-09-055729,2009-12-07,2009-12-03,2009-12-07T21:52:25.000Z,,4,,,,4,5189,0,0,,xslF345X03/doc4.xml,FORM 4 SUBMISSION
0001209191-09-055731,2009-12-07,2009-12-03,2009-12-07T21:53:34.000Z,,4,,,,4,5177,0,0,,xslF345X03/doc4.xml,FORM 4 SUBMISSION
0001209191-09-056031,2009-12-08,2009-12-04,2009-12-08T22:57:06.000Z,,4,,,,4,5170,0,0,,xslF345X03/doc4.xml,FORM 4 SUBMISSION
0001209191-09-056032,2009-12-08,2009-12-04,2009-12-08T22:57:56.000Z,,4,,,,4,6459,0,0,,xslF345X03/doc4.xml,FORM 4 SUBMISSION
0001209191-09-056034,2009-12-08,2009-12-04,2009-12-08T22:58:43.000Z,,4,,,,4,5201,0,0,,xslF345X03/doc4.xml,FORM 4 SUBMISSION
0001209191-09-056036,2009-12-08,2009-12-04,2009-12-08T22:59:40.000Z,,4,,,,4,5178,0,0,,xslF345X03/doc4.xml,FORM 4 SUBMISSION
0001209191-09-056037,2009-12-08,2009-12-04,2009-12-08T23:00:32.000Z,,4,,,,4,5168,0,0,,xslF345X03/doc4.xml,FORM 4 SUBMISSION
0001209191-09-056038,2009-12-08,2009-12-04,2009-12-08T23:01:21.000Z,,4,,,,4,5199,0,0,,xslF345X03/doc4.xml,FORM 4 SUBMISSION
0001209191-09-056039,2009-12-08,2009-12-04,2009-12-08T23:02:09.000Z,,4,,,,4,5188,0,0,,xslF345X03/doc4.xml,FORM 4 SUBMISSION
0001209191-09-056041,2009-12-08,2009-12-04,2009-12-08T23:03:23.000Z,,4,,,,4,5176,0,0,,xslF345X03/doc4.xml,FORM 4 SUBMISSION
0001209191-09-056042,2009-12-08,2009-12-07,2009-12-08T23:04:47.000Z,,4,,,,4,6256,0,0,,xslF345X03/doc4.xml,FORM 4 SUBMISSION
0001209191-09-056043,2009-12-08,2009-12-07,2009-12-08T23:05:37.000Z,,4,,,,4,6286,0,0,,xslF345X03/doc4.xml,FORM 4 SUBMISSION
0001209191-09-056044,2009-12-08,2009-12-07,2009-12-08T23:06:19.000Z,,4,,,,4,6285,0,0,,xslF345X03/doc4.xml,FORM 4 SUBMISSION
0001209191-09-056045,2009-12-08,2009-12-04,2009-12-08T23:07:37.000Z,,4,,,,4,6343,0,0,,xslF345X03/doc4.xml,FORM 4 SUBMISSION
0001209191-09-056174,2009-12-09,2009-12-07,2009-12-09T20:48:12.000Z,,4,,,,4,7570,0,0,,xslF345X03/doc4.xml,FORM 4 SUBMISSION
0001209191-09-056176,2009-12-09,2009-12-07,2009-12-09T20:50:43.000Z,,4,,,,4,8814,0,0,,xslF345X03/doc4.xml,FORM 4 SUBMISSION
0001209191-09-056177,2009-12-09,2009-12-07,2009-12-09T20:51:48.000Z,,4,,,,4,5819,0,0,,xslF345X03/doc4.xml,FORM 4 SUBMISSION
0001209191-09-056178,2009-12-09,2009-12-07,2009-12-09T20:52:33.000Z,,4,,,,4,7598,0,0,,xslF345X03/doc4.xml,FORM 4 SUBMISSION
0001209191-09-056180,2009-12-09,2009-12-07,2009-12-09T20:53:27.000Z,,4,,,,4,7578,0,0,,xslF345X03/doc4.xml,FORM 4 SUBMISSION
0001209191-09-056181,2009-12-09,2009-12-07,2009-12-09T20:54:15.000Z,,4,,,,4,7568,0,0,,xslF345X03/doc4.xml,FORM 4 SUBMISSION
0001209191-09-056182,2009-12-09,2009-12-07,2009-12-09T20:55:02.000Z,,4,,,,4,7588,0,0,,xslF345X03/doc4.xml,FORM 4 SUBMISSION
0001209191-09-056183,2009-12-09,2009-12-07,2009-12-09T20:56:13.000Z,,4,,,,4,7532,0,0,,xslF345X03/doc4.xml,FORM 4 SUBMISSION
0001209191-09-056198,2009-12-09,2009-12-07,2009-12-09T21:34:31.000Z,,4,,,,4,8294,0,0,,xslF345X03/doc4.xml,FORM 4 SUBMISSION
0001209191-09-056202,2009-12-09,2009-12-08,2009-12-09T21:40:34.000Z,,4,,,,4,6323,0,0,,xslF345X03/doc4.xml,FORM 4 SUBMISSION
0001209191-09-056203,2009-12-09,2009-12-08,2009-12-09T21:43:51.000Z,,4,,,,4,6258,0,0,,xslF345X03/doc4.xml,FORM 4 SUBMISSION
0001209191-09-056205,2009-12-09,2009-12-08,2009-12-09T21:44:49.000Z,,4,,,,4,6286,0,0,,xslF345X03/doc4.xml,FORM 4 SUBMISSION
0001209191-09-056206,2009-12-09,2009-12-08,2009-12-09T21:45:30.000Z,,4,,,,4,6285,0,0,,xslF345X03/doc4.xml,FORM 4 SUBMISSION
0001209191-10-003049,2010-01-13,2010-01-11,2010-01-13T22:03:23.000Z,,4,,,,4,9644,0,0,,xslF345X03/doc4.xml,FORM 4 SUBMISSION
0001209191-10-003052,2010-01-13,2010-01-11,2010-01-13T22:04:45.000Z,,4,,,,4,6363,0,0,,xslF345X03/doc4.xml,FORM 4 SUBMISSION
0001209191-10-003054,2010-01-13,2010-01-11,2010-01-13T22:05:47.000Z,,4,,,,4,6393,0,0,,xslF345X03/doc4.xml,FORM 4 SUBMISSION
0001209191-10-003056,2010-01-13,2010-01-11,2010-01-13T22:06:39.000Z,,4,,,,4,6401,0,0,,xslF345X03/doc4.xml,FORM 4 SUBMISSION
0001209191-10-003058,2010-01-13,2010-01-11,2010-01-13T22:07:34.000Z,,4,,,,4,6387,0,0,,xslF345X03/doc4.xml,FORM 4 SUBMISSION
0001209191-10-003446,2010-01-19,2009-12-04,2010-01-19T18:53:39.000Z,,4/A,,,,4/A,6744,0,0,,xslF345X03/doc4a.xml,FORM 4/A SUBMISSION
0001209191-10-003448,2010-01-19,2009-12-01,2010-01-19T18:55:11.000Z,,4/A,,,,4/A,5600,0,0,,xslF345X03/doc4a.xml,FORM 4/A SUBMISSION
0001209191-10-003449,2010-01-19,2009-12-03,2010-01-19T18:58:46.000Z,,4/A,,,,4/A,5597,0,0,,xslF345X03/doc4a.xml,FORM 4/A SUBMISSION
0001209191-10-003451,2010-01-19,2009-12-04,2010-01-19T19:02:18.000Z,,4/A,,,,4/A,5600,0,0,,xslF345X03/doc4a.xml,FORM 4/A SUBMISSION
0001209191-10-003452,2010-01-19,2009-12-07,2010-01-19T19:04:16.000Z,,4/A,,,,4/A,8013,0,0,,xslF345X03/doc4a.xml,FORM 4/A SUBMISSION
0001209191-10-003455,2010-01-19,2009-12-01,2010-01-19T19:09:44.000Z,,4/A,,,,4/A,6297,0,0,,xslF345X03/doc4a.xml,FORM 4/A SUBMISSION
0001209191-10-003456,2010-01-19,2009-12-03,2010-01-19T19:11:14.000Z,,4/A,,,,4/A,6298,0,0,,xslF345X03/doc4a.xml,FORM 4/A SUBMISSION
0001209191-10-003457,2010-01-19,2009-12-04,2010-01-19T19:12:31.000Z,,4/A,,,,4/A,6296,0,0,,xslF345X03/doc4a.xml,FORM 4/A SUBMISSION
0001209191-10-003459,2010-01-19,2009-12-07,2010-01-19T19:13:48.000Z,,4/A,,,,4/A,8709,0,0,,xslF345X03/doc4a.xml,FORM 4/A SUBMISSION
0000950123-10-005936,2010-01-28,2010-01-28,2010-01-28T13:26:38.000Z,34,8-K,001-02958,10551994,"2.02,9.01",8-K,112074,0,0,,y81635e8vk.htm,FORM 8-K
0001209191-10-005181,2010-01-28,2010-01-26,2010-01-28T14:46:23.000Z,,4,,,,4,6257,0,0,,xslF345X03/doc4.xml,FORM 4 SUBMISSION
0001209191-10-005182,2010-01-28,2010-01-26,2010-01-28T14:51:50.000Z,,4,,,,4,6285,0,0,,xslF345X03/doc4.xml,FORM 4 SUBMISSION
0001086364-10-007451,2010-01-29,,2010-01-29T19:49:56.000Z,34,SC 13G,005-17643,10557898,,SC 13G,15136,0,0,,hubbell123109.txt,
0001209191-10-006389,2010-02-03,2010-02-02,2010-02-03T17:09:25.000Z,,4,,,,4,18477,0,0,,xslF345X03/doc4.xml,FORM 4 SUBMISSION
0000932471-10-001118,2010-02-08,,2010-02-08T18:09:16.000Z,34,SC 13G,005-17643,10580253,,SC 13G,36883,0,0,,hubbell.htm,
0001209191-10-007496,2010-02-08,2010-02-05,2010-02-08T20:14:28.000Z,,4,,,,4,42299,0,0,,xslF345X03/doc4.xml,FORM 4 SUBMISSION
0001422849-10-000556,2010-02-11,,2010-02-11T00:01:41.000Z,34,SC 13G/A,005-17643,10589142,,SC 13G/A,13852,0,0,,edghubb.txt,SC 13G/A
0001193125-10-027921,2010-02-11,,2010-02-11T11:20:39.000Z,34,SC 13G,005-17643,10589547,,SC 13G,37769,0,0,,dsc13g.txt,HUBBELL INC
0001209191-10-009192,2010-02-16,2010-02-11,2010-02-16T15:52:51.000Z,,4,,,,4,6302,0,0,,xslF345X03/doc4.xml,FORM 4 SUBMISSION
0001209191-10-009194,2010-02-16,2010-02-11,2010-02-16T15:55:24.000Z,,4,,,,4,6240,0,0,,xslF345X03/doc4.xml,FORM 4 SUBMISSION
0001209191-10-009197,2010-02-16,2010-02-11,2010-02-16T15:58:55.000Z,,4,,,,4,6269,0,0,,xslF345X03/doc4.xml,FORM 4 SUBMISSION
0001209191-10-009204,2010-02-16,2010-02-12,2010-02-16T16:07:19.000Z,,4,,,,4,6304,0,0,,xslF345X03/doc4.xml,FORM 4 SUBMISSION
0001209191-10-009205,2010-02-16,2010-02-12,2010-02-16T16:09:29.000Z,,4,,,,4,6240,0,0,,xslF345X03/doc4.xml,FORM 4 SUBMISSION
0001209191-10-009207,2010-02-16,2010-02-12,2010-02-16T16:14:07.000Z,,4,,,,4,6269,0,0,,xslF345X03/doc4.xml,FORM 4 SUBMISSION
0000902664-10-000722,2010-02-16,,2010-02-16T16:23:31.000Z,34,SC 13G/A,005-17643,10603552,,SC 13G/A,26228,0,0,,p10-0169sc13ga.txt,HUBBELL INCORPORATED
0001209191-10-009228,2010-02-16,2010-02-12,2010-02-16T16:46:24.000Z,,4,,,,4,6306,0,0,,xslF345X03/doc4.xml,FORM 4 SUBMISSION
0001209191-10-009232,2010-02-16,2010-02-12,2010-02-16T16:49:35.000Z,,4,,,,4,6242,0,0,,xslF345X03/doc4.xml,FORM 4 SUBMISSION
0001209191-10-009233,2010-02-16,2010-02-12,2010-02-16T16:51:43.000Z,,4,,,,4,7540,0,0,,xslF345X03/doc4.xml,FORM 4 SUBMISSION
0001209191-10-009237,2010-02-16,2010-02-12,2010-02-16T16:53:54.000Z,,4,,,,4,6272,0,0,,xslF345X03/doc4.xml,FORM 4 SUBMISSION
0001209191-10-009240,2010-02-16,2010-02-12,2010-02-16T16:55:54.000Z,,4,,,,4,6244,0,0,,xslF345X03/doc4.xml,FORM 4 SUBMISSION
0001209191-10-009243,2010-02-16,2010-02-12,2010-02-16T16:58:10.000Z,,4,,,,4,6283,0,0,,xslF345X03/doc4.xml,FORM 4 SUBMISSION
0001209191-10-009246,2010-02-16,2010-02-12,2010-02-16T17:01:00.000Z,,4,,,,4,6270,0,0,,xslF345X03/doc4.xml,FORM 4 SUBMISSION
0001209191-10-009575,2010-02-16,2010-02-11,2010-02-16T22:16:28.000Z,,4,,,,4,7057,0,0,,xslF345X03/doc4.xml,FORM 4 SUBMISSION
0001209191-10-009580,2010-02-16,2010-02-11,2010-02-16T22:18:03.000Z,,4,,,,4,8180,0,0,,xslF345X03/doc4.xml,FORM 4 SUBMISSION
0001209191-10-009584,2010-02-16,2010-02-11,2010-02-16T22:19:51.000Z,,4,,,,4,8190,0,0,,xslF345X03/doc4.xml,FORM 4 SUBMISSION
0001209191-10-009587,2010-02-16,2010-02-11,2010-02-16T22:22:05.000Z,,4,,,,4,7066,0,0,,xslF345X03/doc4.xml,FORM 4 SUBMISSION
0001209191-10-009593,2010-02-16,2010-02-11,2010-02-16T22:25:33.000Z,,4,,,,4,7088,0,0,,xslF345X03/doc4.xml,FORM 4 SUBMISSION
0001209191-10-009600,2010-02-16,2010-02-11,2010-02-16T22:28:16.000Z,,4,,,,4,7056,0,0,,xslF345X03/doc4.xml,FORM 4 SUBMISSION
0001209191-10-009603,2010-02-16,2010-02-11,2010-02-16T22:30:39.000Z,,4,,,,4,7784,0,0,,xslF345X03/doc4.xml,FORM 4 SUBMISSION
0000950123-10-014554,2010-02-19,2009-12-31,2010-02-19T21:13:41.000Z,34,10-K,001-02958,10619765,,10-K,1486911,0,0,,y81632e10vk.htm,FORM 10-K
0001209191-10-012001,2010-02-25,2010-02-24,2010-02-25T17:49:21.000Z,,4,,,,4,49705,0,0,,xslF345X03/doc4.xml,FORM 4 SUBMISSION
0001209191-10-012002,2010-02-25,2010-02-24,2010-02-25T17:50:12.000Z,,4,,,,4,6692,0,0,,xslF345X03/doc4.xml,FORM 4 SUBMISSION
0001209191-10-012430,2010-02-26,2010-02-11,2010-02-26T16:27:31.000Z,,4/A,,,,4/A,7421,0,0,,xslF345X03/doc4a.xml,FORM 4/A SUBMISSION
0001209191-10-013197,2010-03-02,2010-02-26,2010-03-02T14:23:32.000Z,,4,,,,4,51949,0,0,,xslF345X03/doc4.xml,FORM 4 SUBMISSION
0001209191-10-013198,2010-03-02,2010-02-26,2010-03-02T14:24:38.000Z,,4,,,,4,19654,0,0,,xslF345X03/doc4.xml,FORM 4 SUBMISSION
0001209191-10-015124,2010-03-08,2010-03-04,2010-03-08T15:13:15.000Z,,4,,,,4,51887,0,0,,xslF345X03/doc4.xml,FORM 4 SUBMISSION
0001209191-10-015125,2010-03-08,2010-03-04,2010-03-08T15:16:00.000Z,,4,,,,4,15449,0,0,,xslF345X03/doc4.xml,FORM 4 SUBMISSION
0001209191-10-015842,2010-03-10,2010-03-09,2010-03-10T16:08:23.000Z,,4,,,,4,6306,0,0,,xslF345X03/doc4.xml,FORM 4 SUBMISSION
0001209191-10-015843,2010-03-10,2010-03-09,2010-03-10T16:09:36.000Z,,4,,,,4,6240,0,0,,xslF345X03/doc4.xml,FORM 4 SUBMISSION
0001209191-10-015844,2010-03-10,2010-03-09,2010-03-10T16:10:59.000Z,,4,,,,4,6269,0,0,,xslF345X03/doc4.xml,FORM 4 SUBMISSION
0000950123-10-024561,2010-03-15,2010-05-03,2010-03-15T17:35:56.000Z,34,DEF 14A,001-02958,10680627,,DEF 14A,1049918,0,0,,y81689def14a.htm,DEF 14A
0000000000-10-019520,2010-04-09,,2010-04-09T15:57:49.000Z,,UPLOAD,,,,LETTER,57106,0,0,,filename1.pdf,
0001209191-10-021978,2010-04-13,2010-04-09,2010-04-13T15:08:01.000Z,,4,,,,4,9647,0,0,,xslF345X03/doc4.xml,FORM 4 SUBMISSION
0001209191-10-021979,2010-04-13,2010-04-09,2010-04-13T15:09:13.000Z,,4,,,,4,6349,0,0,,xslF345X03/doc4.xml,FORM 4 SUBMISSION
0001209191-10-021980,2010-04-13,2010-04-09,2010-04-13T15:09:57.000Z,,4,,,,4,6365,0,0,,xslF345X03/doc4.xml,FORM 4 SUBMISSION
0001209191-10-021981,2010-04-13,2010-04-09,2010-04-13T15:11:11.000Z,,4,,,,4,6395,0,0,,xslF345X03/doc4.xml,FORM 4 SUBMISSION
0001209191-10-021984,2010-04-13,2010-04-09,2010-04-13T15:15:52.000Z,,4,,,,4,6348,0,0,,xslF345X03/doc4.xml,FORM 4 SUBMISSION
0001209191-10-021985,2010-04-13,2010-04-09,2010-04-13T15:17:00.000Z,,4,,,,4,6402,0,0,,xslF345X03/doc4.xml,FORM 4 SUBMISSION
0001209191-10-021986,2010-04-13,2010-04-09,2010-04-13T15:17:44.000Z,,4,,,,4,6391,0,0,,xslF345X03/doc4.xml,FORM 4 SUBMISSION
9999999997-10-009243,2010-04-13,2009-12-31,2010-04-19T16:05:42.000Z,34,ARS,001-02958,10011491,,ARS,1808,0,0,,9999999997-10-009243.paper,AUTO-GENERATED PAPER DOCUMENT
0000950123-10-036966,2010-04-22,2010-04-22,2010-04-22T13:06:22.000Z,34,8-K,001-02958,10763269,"2.02,9.01",8-K,100497,0,0,,y83994e8vk.htm,FORM 8-K
0001209191-10-023518,2010-04-23,2010-04-21,2010-04-23T20:13:52.000Z,,4,,,,4,6307,0,0,,xslF345X03/doc4.xml,FORM 4 SUBMISSION
0001209191-10-023519,2010-04-23,2010-04-21,2010-04-23T20:14:48.000Z,,4,,,,4,6242,0,0,,xslF345X03/doc4.xml,FORM 4 SUBMISSION
0001209191-10-023520,2010-04-23,2010-04-21,2010-04-23T20:16:31.000Z,,4,,,,4,6271,0,0,,xslF345X03/doc4.xml,FORM 4 SUBMISSION
0000950123-10-037660,2010-04-23,2010-03-31,2010-04-23T20:26:00.000Z,34,10-Q,001-02958,10767548,,10-Q,252063,0,0,,y83990e10vq.htm,FORM 10-Q
0000950123-10-037681,2010-04-23,,2010-04-23T20:41:47.000Z,,CORRESP,,,,CORRESP,20871,0,0,,filename1.htm,
0001209191-10-025034,2010-05-04,2010-05-02,2010-05-04T19:41:47.000Z,,4,,,,4,6322,0,0,,xslF345X03/doc4.xml,FORM 4 SUBMISSION
0001209191-10-025037,2010-05-04,2010-05-02,2010-05-04T19:47:35.000Z,,4,,,,4,6240,0,0,,xslF345X03/doc4.xml,FORM 4 SUBMISSION
0001209191-10-025040,2010-05-04,2010-05-02,2010-05-04T19:48:57.000Z,,4,,,,4,6285,0,0,,xslF345X03/doc4.xml,FORM 4 SUBMISSION
0001209191-10-025083,2010-05-04,2010-05-03,2010-05-04T21:04:46.000Z,,4,,,,4,5104,0,0,,xslF345X03/doc4.xml,FORM 4 SUBMISSION
0001209191-10-025086,2010-05-04,2010-05-03,2010-05-04T21:06:08.000Z,,4,,,,4,5113,0,0,,xslF345X03/doc4.xml,FORM 4 SUBMISSION
0001209191-10-025089,2010-05-04,2010-05-03,2010-05-04T21:06:55.000Z,,4,,,,4,8017,0,0,,xslF345X03/doc4.xml,FORM 4 SUBMISSION
0001209191-10-025091,2010-05-04,2010-05-03,2010-05-04T21:07:39.000Z,,4,,,,4,8071,0,0,,xslF345X03/doc4.xml,FORM 4 SUBMISSION
0001209191-10-025093,2010-05-04,2010-05-03,2010-05-04T21:08:20.000Z,,4,,,,4,5284,0,0,,xslF345X03/doc4.xml,FORM 4 SUBMISSION
0001209191-10-025098,2010-05-04,2010-05-03,2010-05-04T21:10:08.000Z,,4,,,,4,5101,0,0,,xslF345X03/doc4.xml,FORM 4 SUBMISSION
0001209191-10-025101,2010-05-04,2010-05-03,2010-05-04T21:11:16.000Z,,4,,,,4,5111,0,0,,xslF345X03/doc4.xml,FORM 4 SUBMISSION
0001209191-10-025103,2010-05-04,2010-05-03,2010-05-04T21:11:59.000Z,,4,,,,4,5148,0,0,,xslF345X03/doc4.xml,FORM 4 SUBMISSION
0001209191-10-025104,2010-05-04,2010-05-03,2010-05-04T21:12:39.000Z,,4,,,,4,5137,0,0,,xslF345X03/doc4.xml,FORM 4 SUBMISSION
0001299933-10-001854,2010-05-07,2010-05-03,2010-05-07T14:40:56.000Z,34,8-K,001-02958,10810656,"5.02,5.07,9.01",8-K,101087,0,0,,htm_37505.htm,LIVE FILING
0000000000-10-025943,2010-05-11,,2010-05-11T17:34:30.000Z,,UPLOAD,,,,LETTER,44450,0,0,,filename1.pdf,
0000950123-10-049414,2010-05-14,,2010-05-14T14:43:19.000Z,,CORRESP,,,,CORRESP,17245,0,0,,filename1.htm,
0000000000-10-027210,2010-05-17,,2010-05-17T15:10:40.000Z,,UPLOAD,,,,LETTER,40408,0,0,,filename1.pdf,
0001209191-10-028447,2010-05-18,2010-05-15,2010-05-18T15:20:43.000Z,,4,,,,4,6245,0,0,,xslF345X03/doc4.xml,FORM 4 SUBMISSION
0001209191-10-028448,2010-05-18,2010-05-15,2010-05-18T15:21:32.000Z,,4,,,,4,6242,0,0,,xslF345X03/doc4.xml,FORM 4 SUBMISSION
0001209191-10-028449,2010-05-18,2010-05-15,2010-05-18T15:22:41.000Z,,4,,,,4,6270,0,0,,xslF345X03/doc4.xml,FORM 4 SUBMISSION
0001209191-10-028450,2010-05-18,2010-05-15,2010-05-18T15:23:25.000Z,,4,,,,4,6244,0,0,,xslF345X03/doc4.xml,FORM 4 SUBMISSION
0001209191-10-028451,2010-05-18,2010-05-15,2010-05-18T15:24:15.000Z,,4,,,,4,6283,0,0,,xslF345X03/doc4.xml,FORM 4 SUBMISSION
0001209191-10-028452,2010-05-18,2010-05-15,2010-05-18T15:25:09.000Z,,4,,,,4,6271,0,0,,xslF345X03/doc4.xml,FORM 4 SUBMISSION
0001209191-10-033520,2010-06-10,2010-06-08,2010-06-10T15:34:08.000Z,,4,,,,4,6287,0,0,,xslF345X03/doc4.xml,FORM 4 SUBMISSION
0001209191-10-033522,2010-06-10,2010-06-08,2010-06-10T15:34:41.000Z,,4,,,,4,6240,0,0,,xslF345X03/doc4.xml,FORM 4 SUBMISSION
0001209191-10-033561,2010-06-10,2010-06-09,2010-06-10T19:40:40.000Z,,4,,,,4,6240,0,0,,xslF345X03/doc4.xml,FORM 4 SUBMISSION
0001209191-10-033563,2010-06-10,2010-06-09,2010-06-10T19:41:19.000Z,,4,,,,4,6284,0,0,,xslF345X03/doc4.xml,FORM 4 SUBMISSION
0001209191-10-038463,2010-07-14,2010-07-12,2010-07-14T21:01:09.000Z,,4,,,,4,5928,0,0,,xslF345X03/doc4.xml,FORM 4 SUBMISSION
0001209191-10-038464,2010-07-14,2010-07-12,2010-07-14T21:02:11.000Z,,4,,,,4,5942,0,0,,xslF345X03/doc4.xml,FORM 4 SUBMISSION
0001209191-10-038465,2010-07-14,2010-07-12,2010-07-14T21:03:27.000Z,,4,,,,4,5973,0,0,,xslF345X03/doc4.xml,FORM 4 SUBMISSION
0001209191-10-038467,2010-07-14,2010-07-12,2010-07-14T21:04:11.000Z,,4,,,,4,5927,0,0,,xslF345X03/doc4.xml,FORM 4 SUBMISSION
0001209191-10-038468,2010-07-14,2010-07-12,2010-07-14T21:04:57.000Z,,4,,,,4,5981,0,0,,xslF345X03/doc4.xml,FORM 4 SUBMISSION
0001209191-10-038469,2010-07-14,2010-07-12,2010-07-14T21:05:42.000Z,,4,,,,4,5969,0,0,,xslF345X03/doc4.xml,FORM 4 SUBMISSION
0001209191-10-039199,2010-07-21,2010-07-20,2010-07-21T18:53:55.000Z,,4,,,,4,6229,0,0,,xslF345X03/doc4.xml,FORM 4 SUBMISSION
0001209191-10-039200,2010-07-21,2010-07-20,2010-07-21T18:58:00.000Z,,4,,,,4,6277,0,0,,xslF345X03/doc4.xml,FORM 4 SUBMISSION
0000950123-10-067084,2010-07-22,2010-07-22,2010-07-22T12:29:55.000Z,34,8-K,001-02958,10963585,"2.02,9.01",8-K,119693,0,0,,c03680e8vk.htm,FORM 8-K
0000950123-10-067722,2010-07-23,2010-06-30,2010-07-23T20:21:05.000Z,34,10-Q,001-02958,10967634,,10-Q,2239795,1,0,,c03579e10vq.htm,FORM 10-Q
0001209191-10-042828,2010-08-17,2010-08-15,2010-08-17T15:03:25.000Z,,4,,,,4,6238,0,0,,xslF345X03/doc4.xml,FORM 4 SUBMISSION
0001209191-10-042829,2010-08-17,2010-08-15,2010-08-17T15:04:24.000Z,,4,,,,4,6235,0,0,,xslF345X03/doc4.xml,FORM 4 SUBMISSION
0001209191-10-042830,2010-08-17,2010-08-15,2010-08-17T15:06:56.000Z,,4,,,,4,6265,0,0,,xslF345X03/doc4.xml,FORM 4 SUBMISSION
0001209191-10-042832,2010-08-17,2010-08-15,2010-08-17T15:07:54.000Z,,4,,,,4,6237,0,0,,xslF345X03/doc4.xml,FORM 4 SUBMISSION
0001209191-10-042833,2010-08-17,2010-08-15,2010-08-17T15:08:51.000Z,,4,,,,4,6271,0,0,,xslF345X03/doc4.xml,FORM 4 SUBMISSION
0001209191-10-042835,2010-08-17,2010-08-15,2010-08-17T15:09:39.000Z,,4,,,,4,6264,0,0,,xslF345X03/doc4.xml,FORM 4 SUBMISSION
0001209191-10-044549,2010-08-31,2010-08-30,2010-08-31T18:31:57.000Z,,4,,,,4,6233,0,0,,xslF345X03/doc4.xml,FORM 4 SUBMISSION
0001209191-10-044551,2010-08-31,2010-08-30,2010-08-31T18:32:39.000Z,,4,,,,4,6261,0,0,,xslF345X03/doc4.xml,FORM 4 SUBMISSION
0001299933-10-003410,2010-09-16,2010-09-14,2010-09-16T13:44:50.000Z,34,8-K,001-02958,101075041,"5.02,9.01",8-K,18403,0,0,,htm_39057.htm,LIVE FILING
0001209191-10-046485,2010-09-16,2010-09-14,2010-09-16T16:41:44.000Z,,4,,,,4,6231,0,0,,xslF345X03/doc4.xml,FORM 4 SUBMISSION
0001209191-10-046486,2010-09-16,2010-09-14,2010-09-16T16:43:08.000Z,,4,,,,4,6265,0,0,,xslF345X03/doc4.xml,FORM 4 SUBMISSION
0001209191-10-046771,2010-09-17,2010-09-14,2010-09-17T18:56:51.000Z,,3,,,,3,5261,0,0,,xslF345X02/doc3.xml,FORM 3 SUBMISSION
0000950123-10-089163,2010-09-27,,2010-09-27T19:00:24.000Z,33,S-8,333-169595,101090774,,S-8,60238,0,0,,c05714sv8.htm,FORM S-8
0001209191-10-050216,2010-10-13,2010-10-11,2010-10-13T15:59:06.000Z,,4,,,,4,6343,0,0,,xslF345X03/doc4.xml,FORM 4 SUBMISSION
0001209191-10-050217,2010-10-13,2010-10-11,2010-10-13T16:02:28.000Z,,4,,,,4,6358,0,0,,xslF345X03/doc4.xml,FORM 4 SUBMISSION
0001209191-10-050218,2010-10-13,2010-10-11,2010-10-13T16:03:25.000Z,,4,,,,4,6388,0,0,,xslF345X03/doc4.xml,FORM 4 SUBMISSION
0001209191-10-050219,2010-10-13,2010-10-11,2010-10-13T16:04:17.000Z,,4,,,,4,6342,0,0,,xslF345X03/doc4.xml,FORM 4 SUBMISSION
0001209191-10-050220,2010-10-13,2010-10-11,2010-10-13T16:05:09.000Z,,4,,,,4,6391,0,0,,xslF345X03/doc4.xml,FORM 4 SUBMISSION
0001209191-10-050221,2010-10-13,2010-10-11,2010-10-13T16:06:02.000Z,,4,,,,4,6384,0,0,,xslF345X03/doc4.xml,FORM 4 SUBMISSION
0000950123-10-094745,2010-10-21,2010-10-21,2010-10-21T12:38:05.000Z,34,8-K,001-02958,101134138,"2.02,9.01",8-K,120714,0,0,,c07023e8vk.htm,FORM 8-K
0001209191-10-051281,2010-10-21,2010-10-20,2010-10-21T20:13:42.000Z,,4,,,,4,6235,0,0,,xslF345X03/doc4.xml,FORM 4 SUBMISSION
0001209191-10-051282,2010-10-21,2010-10-20,2010-10-21T20:14:38.000Z,,4,,,,4,6265,0,0,,xslF345X03/doc4.xml,FORM 4 SUBMISSION
0001209191-10-051283,2010-10-21,2010-10-20,2010-10-21T20:15:31.000Z,,4,,,,4,7560,0,0,,xslF345X03/doc4.xml,FORM 4 SUBMISSION
0000950123-10-095292,2010-10-22,2010-09-30,2010-10-22T20:18:25.000Z,34,10-Q,001-02958,101137542,,10-Q,2381569,1,0,,c06995e10vq.htm,FORM 10-Q
0001209191-10-051801,2010-10-27,2010-10-27,2010-10-27T18:11:15.000Z,,4,,,,4,14130,0,0,,xslF345X03/doc4.xml,FORM 4 SUBMISSION
0001209191-10-051820,2010-10-27,2010-10-26,2010-10-27T19:43:28.000Z,,4,,,,4,10316,0,0,,xslF345X03/doc4.xml,FORM 4 SUBMISSION
0001209191-10-051938,2010-10-28,2010-10-27,2010-10-28T15:14:37.000Z,,4,,,,4,8918,0,0,,xslF345X03/doc4.xml,FORM 4 SUBMISSION
0000950123-10-102162,2010-11-08,,2010-11-08T13:56:12.000Z,33,424B3,333-151206,101170821,,424B3,349697,0,0,,y87566e424b3.htm,424B3
0001209191-10-053543,2010-11-08,2010-11-04,2010-11-08T14:56:28.000Z,,4,,,,4,12623,0,0,,xslF345X03/doc4.xml,FORM 4 SUBMISSION
0000950123-10-102602,2010-11-08,,2010-11-08T22:30:15.000Z,34,FWP,333-151206,101173533,,FWP,15131,0,0,,y87566afwp.htm,FWP
0001209191-10-054119,2010-11-10,2010-11-09,2010-11-10T16:16:17.000Z,,4,,,,4,9606,0,0,,xslF345X03/doc4.xml,FORM 4 SUBMISSION
0000950123-10-103701,2010-11-10,,2010-11-10T17:05:22.000Z,33,424B2,333-151206,101178849,,424B2,355594,0,0,,y87566b2e424b2.htm,424B2
0001209191-10-054661,2010-11-12,2010-11-10,2010-11-12T21:18:38.000Z,,4,,,,4,10721,0,0,,xslF345X03/doc4.xml,FORM 4 SUBMISSION
0001209191-10-055169,2010-11-16,2010-11-15,2010-11-16T19:46:57.000Z,,4,,,,4,6240,0,0,,xslF345X03/doc4.xml,FORM 4 SUBMISSION
0001209191-10-055170,2010-11-16,2010-11-15,2010-11-16T19:48:31.000Z,,4,,,,4,6237,0,0,,xslF345X03/doc4.xml,FORM 4 SUBMISSION
0001209191-10-055171,2010-11-16,2010-11-15,2010-11-16T19:49:43.000Z,,4,,,,4,6266,0,0,,xslF345X03/doc4.xml,FORM 4 SUBMISSION
0001209191-10-055172,2010-11-16,2010-11-15,2010-11-16T19:50:50.000Z,,4,,,,4,6239,0,0,,xslF345X03/doc4.xml,FORM 4 SUBMISSION
0001209191-10-055173,2010-11-16,2010-11-15,2010-11-16T19:51:42.000Z,,4,,,,4,6273,0,0,,xslF345X03/doc4.xml,FORM 4 SUBMISSION
0001209191-10-055174,2010-11-16,2010-11-15,2010-11-16T19:53:01.000Z,,4,,,,4,6265,0,0,,xslF345X03/doc4.xml,FORM 4 SUBMISSION
0001209191-10-055177,2010-11-16,2010-11-15,2010-11-16T20:02:19.000Z,,4,,,,4,6254,0,0,,xslF345X03/doc4.xml,FORM 4 SUBMISSION
0000950123-10-106703,2010-11-17,2010-11-16,2010-11-17T22:20:24.000Z,34,8-K,001-02958,101200551,"1.01,2.03,8.01,9.01",8-K,328359,0,0,,y87812e8vk.htm,FORM 8-K
0001209191-10-057895,2010-12-02,2010-12-01,2010-12-02T19:42:54.000Z,,4,,,,4,5159,0,0,,xslF345X03/doc4.xml,FORM 4 SUBMISSION
0001209191-10-057896,2010-12-02,2010-12-01,2010-12-02T19:44:13.000Z,,4,,,,4,6449,0,0,,xslF345X03/doc4.xml,FORM 4 SUBMISSION
0001209191-10-057899,2010-12-02,2010-12-01,2010-12-02T19:53:01.000Z,,4,,,,4,5190,0,0,,xslF345X03/doc4.xml,FORM 4 SUBMISSION
0001209191-10-057900,2010-12-02,2010-12-01,2010-12-02T19:55:41.000Z,,4,,,,4,5167,0,0,,xslF345X03/doc4.xml,FORM 4 SUBMISSION
0001209191-10-057901,2010-12-02,2010-12-01,2010-12-02T19:57:51.000Z,,4,,,,4,5157,0,0,,xslF345X03/doc4.xml,FORM 4 SUBMISSION
0001209191-10-057903,2010-12-02,2010-12-01,2010-12-02T20:00:24.000Z,,4,,,,4,5883,0,0,,xslF345X03/doc4.xml,FORM 4 SUBMISSION
0001209191-10-057906,2010-12-02,2010-12-01,2010-12-02T20:01:28.000Z,,4,,,,4,5177,0,0,,xslF345X03/doc4.xml,FORM 4 SUBMISSION
0001209191-10-057908,2010-12-02,2010-12-01,2010-12-02T20:03:29.000Z,,4,,,,4,5165,0,0,,xslF345X03/doc4.xml,FORM 4 SUBMISSION
0001209191-10-058504,2010-12-06,2010-12-02,2010-12-06T15:17:42.000Z,,4,,,,4,10866,0,0,,xslF345X03/doc4.xml,FORM 4 SUBMISSION
0001209191-10-058726,2010-12-07,2010-12-03,2010-12-07T16:15:53.000Z,,4,,,,4,5159,0,0,,xslF345X03/doc4.xml,FORM 4 SUBMISSION
0001209191-10-058728,2010-12-07,2010-12-03,2010-12-07T16:16:24.000Z,,4,,,,4,6449,0,0,,xslF345X03/doc4.xml,FORM 4 SUBMISSION
0001209191-10-058731,2010-12-07,2010-12-03,2010-12-07T16:17:18.000Z,,4,,,,4,5190,0,0,,xslF345X03/doc4.xml,FORM 4 SUBMISSION
0001209191-10-058733,2010-12-07,2010-12-03,2010-12-07T16:18:08.000Z,,4,,,,4,5167,0,0,,xslF345X03/doc4.xml,FORM 4 SUBMISSION
0001209191-10-058735,2010-12-07,2010-12-03,2010-12-07T16:19:02.000Z,,4,,,,4,5157,0,0,,xslF345X03/doc4.xml,FORM 4 SUBMISSION
0001209191-10-058736,2010-12-07,2010-12-03,2010-12-07T16:19:34.000Z,,4,,,,4,5883,0,0,,xslF345X03/doc4.xml,FORM 4 SUBMISSION
0001209191-10-058737,2010-12-07,2010-12-03,2010-12-07T16:20:25.000Z,,4,,,,4,5177,0,0,,xslF345X03/doc4.xml,FORM 4 SUBMISSION
0001209191-10-058738,2010-12-07,2010-12-03,2010-12-07T16:21:36.000Z,,4,,,,4,5165,0,0,,xslF345X03/doc4.xml,FORM 4 SUBMISSION
0001209191-10-059032,2010-12-08,2010-12-06,2010-12-08T16:49:03.000Z,,4,,,,4,7559,0,0,,xslF345X03/doc4.xml,FORM 4 SUBMISSION
0001209191-10-059033,2010-12-08,2010-12-06,2010-12-08T16:50:33.000Z,,4,,,,4,8803,0,0,,xslF345X03/doc4.xml,FORM 4 SUBMISSION
0001209191-10-059034,2010-12-08,2010-12-06,2010-12-08T16:57:06.000Z,,4,,,,4,5808,0,0,,xslF345X03/doc4.xml,FORM 4 SUBMISSION
0001209191-10-059037,2010-12-08,2010-12-06,2010-12-08T17:05:44.000Z,,4,,,,4,6235,0,0,,xslF345X03/doc4.xml,FORM 4 SUBMISSION
0001209191-10-059038,2010-12-08,2010-12-06,2010-12-08T17:09:21.000Z,,4,,,,4,6265,0,0,,xslF345X03/doc4.xml,FORM 4 SUBMISSION
0001209191-10-059039,2010-12-08,2010-12-06,2010-12-08T17:10:21.000Z,,4,,,,4,7587,0,0,,xslF345X03/doc4.xml,FORM 4 SUBMISSION
0001209191-10-059040,2010-12-08,2010-12-06,2010-12-08T17:11:10.000Z,,4,,,,4,7567,0,0,,xslF345X03/doc4.xml,FORM 4 SUBMISSION
0001209191-10-059042,2010-12-08,2010-12-06,2010-12-08T17:12:04.000Z,,4,,,,4,7557,0,0,,xslF345X03/doc4.xml,FORM 4 SUBMISSION
0001209191-10-059046,2010-12-08,2010-12-06,2010-12-08T17:18:22.000Z,,4,,,,4,8282,0,0,,xslF345X03/doc4.xml,FORM 4 SUBMISSION
0001209191-10-059047,2010-12-08,2010-12-06,2010-12-08T17:20:55.000Z,,4,,,,4,13628,0,0,,xslF345X03/doc4.xml,FORM 4 SUBMISSION
0001209191-10-059048,2010-12-08,2010-12-06,2010-12-08T17:25:46.000Z,,4,,,,4,7561,0,0,,xslF345X03/doc4.xml,FORM 4 SUBMISSION
0001209191-10-059178,2010-12-08,2010-12-06,2010-12-08T22:25:12.000Z,,4,,,,4,8666,0,0,,xslF345X03/doc4.xml,FORM 4 SUBMISSION
0001209191-10-059410,2010-12-09,2010-12-07,2010-12-09T21:56:27.000Z,,4,,,,4,5160,0,0,,xslF345X03/doc4.xml,FORM 4 SUBMISSION
0001209191-10-059415,2010-12-09,2010-12-07,2010-12-09T21:57:36.000Z,,4,,,,4,6449,0,0,,xslF345X03/doc4.xml,FORM 4 SUBMISSION
0001209191-10-059416,2010-12-09,2010-12-07,2010-12-09T21:58:26.000Z,,4,,,,4,6235,0,0,,xslF345X03/doc4.xml,FORM 4 SUBMISSION
0001209191-10-059419,2010-12-09,2010-12-07,2010-12-09T21:59:15.000Z,,4,,,,4,6264,0,0,,xslF345X03/doc4.xml,FORM 4 SUBMISSION
0001209191-10-059420,2010-12-09,2010-12-07,2010-12-09T22:00:18.000Z,,4,,,,4,6254,0,0,,xslF345X03/doc4.xml,FORM 4 SUBMISSION
0001209191-10-059421,2010-12-09,2010-12-07,2010-12-09T22:01:11.000Z,,4,,,,4,5191,0,0,,xslF345X03/doc4.xml,FORM 4 SUBMISSION
0001209191-10-059424,2010-12-09,2010-12-07,2010-12-09T22:02:13.000Z,,4,,,,4,5168,0,0,,xslF345X03/doc4.xml,FORM 4 SUBMISSION
0001209191-10-059426,2010-12-09,2010-12-07,2010-12-09T22:02:59.000Z,,4,,,,4,5158,0,0,,xslF345X03/doc4.xml,FORM 4 SUBMISSION
0001209191-10-059428,2010-12-09,2010-12-07,2010-12-09T22:04:00.000Z,,4,,,,4,5884,0,0,,xslF345X03/doc4.xml,FORM 4 SUBMISSION
0001209191-10-059436,2010-12-09,2010-12-07,2010-12-09T22:08:31.000Z,,4,,,,4,5178,0,0,,xslF345X03/doc4.xml,FORM 4 SUBMISSION
0001209191-10-059440,2010-12-09,2010-12-07,2010-12-09T22:11:17.000Z,,4,,,,4,5165,0,0,,xslF345X03/doc4.xml,FORM 4 SUBMISSION
0001299933-10-004410,2010-12-13,2010-12-07,2010-12-13T19:44:29.000Z,34,8-K,001-02958,101247600,"5.02,9.01",8-K,111951,0,0,,htm_40062.htm,LIVE FILING
0001209191-10-060080,2010-12-14,2010-12-10,2010-12-14T15:40:10.000Z,,4,,,,4,15154,0,0,,xslF345X03/doc4.xml,FORM 4 SUBMISSION
0001144204-10-066327,2010-12-14,,2010-12-14T16:59:06.000Z,34,SC 13G,005-17643,101249878,,SC 13G,22417,0,0,,v205471_sc13g.txt,
0001209191-10-060218,2010-12-14,2010-12-13,2010-12-14T20:39:52.000Z,,4,,,,4,5664,0,0,,xslF345X03/doc4.xml,FORM 4 SUBMISSION
0001209191-10-060236,2010-12-14,2010-12-13,2010-12-14T21:03:17.000Z,,4,,,,4,9588,0,0,,xslF345X03/doc4.xml,FORM 4 SUBMISSION
0001209191-10-060239,2010-12-14,2010-12-13,2010-12-14T21:06:13.000Z,,4,,,,4,10318,0,0,,xslF345X03/doc4.xml,FORM 4 SUBMISSION
0001209191-10-061079,2010-12-16,2010-12-14,2010-12-16T21:55:29.000Z,,4,,,,4,10318,0,0,,xslF345X03/doc4.xml,FORM 4 SUBMISSION
0001209191-10-061252,2010-12-17,2010-12-15,2010-12-17T14:58:55.000Z,,4,,,,4,10317,0,0,,xslF345X03/doc4.xml,FORM 4 SUBMISSION
0001209191-10-061360,2010-12-17,2010-12-15,2010-12-17T20:25:00.000Z,,4,,,,4,6218,0,0,,xslF345X03/doc4.xml,FORM 4 SUBMISSION
0001299933-11-000054,2011-01-05,2010-12-31,2011-01-05T21:21:28.000Z,34,8-K,001-02958,11511127,"5.02,9.01",8-K,518367,0,0,,htm_40295.htm,LIVE FILING
0001209191-11-003059,2011-01-13,2011-01-11,2011-01-13T20:26:48.000Z,,4,,,,4,6342,0,0,,xslF345X03/doc4.xml,FORM 4 SUBMISSION
0001209191-11-003063,2011-01-13,2011-01-11,2011-01-13T20:28:25.000Z,,4,,,,4,6357,0,0,,xslF345X03/doc4.xml,FORM 4 SUBMISSION
0001209191-11-003069,2011-01-13,2011-01-11,2011-01-13T20:49:14.000Z,,4,,,,4,6387,0,0,,xslF345X03/doc4.xml,FORM 4 SUBMISSION
0001209191-11-003070,2011-01-13,2011-01-11,2011-01-13T20:50:08.000Z,,4,,,,4,6359,0,0,,xslF345X03/doc4.xml,FORM 4 SUBMISSION
0001209191-11-003071,2011-01-13,2011-01-11,2011-01-13T20:51:13.000Z,,4,,,,4,6341,0,0,,xslF345X03/doc4.xml,FORM 4 SUBMISSION
0001209191-11-003072,2011-01-13,2011-01-11,2011-01-13T20:52:35.000Z,,4,,,,4,6390,0,0,,xslF345X03/doc4.xml,FORM 4 SUBMISSION
0001209191-11-003074,2011-01-13,2011-01-11,2011-01-13T20:53:51.000Z,,4,,,,4,6383,0,0,,xslF345X03/doc4.xml,FORM 4 SUBMISSION
0001209191-11-005049,2011-01-26,2011-01-25,2011-01-26T20:34:55.000Z,,4,,,,4,6234,0,0,,xslF345X03/doc4.xml,FORM 4 SUBMISSION
0001209191-11-005050,2011-01-26,2011-01-25,2011-01-26T20:35:59.000Z,,4,,,,4,6264,0,0,,xslF345X03/doc4.xml,FORM 4 SUBMISSION
0001209191-11-005051,2011-01-26,2011-01-25,2011-01-26T20:37:10.000Z,,4,,,,4,6255,0,0,,xslF345X03/doc4.xml,FORM 4 SUBMISSION
0000950123-11-005805,2011-01-27,2011-01-27,2011-01-27T13:24:05.000Z,34,8-K,001-02958,11550745,"2.02,9.01",8-K,125826,0,0,,c11530e8vk.htm,FORM 8-K
0001209191-11-007140,2011-02-04,2011-02-03,2011-02-04T19:42:50.000Z,,4,,,,4,9604,0,0,,xslF345X03/doc4.xml,FORM 4 SUBMISSION
0001086364-11-003069,2011-02-04,,2011-02-04T20:43:48.000Z,34,SC 13G/A,005-17643,11574674,,SC 13G/A,13594,0,0,,hubbellinc123110.txt,
0000932471-11-001504,2011-02-10,,2011-02-10T17:10:31.000Z,34,SC 13G/A,005-17643,11590619,,SC 13G/A,40876,0,0,,hubbellinc_a1.htm,
0001193125-11-031532,2011-02-11,,2011-02-11T12:04:57.000Z,34,SC 13G/A,005-17643,11594889,,SC 13G/A,40752,0,0,,dsc13ga.txt,HUBBELL INC
0001422849-11-000222,2011-02-14,,2011-02-12T00:29:44.000Z,34,SC 13G/A,005-17643,11601458,,SC 13G/A,13860,0,0,,edghubb.txt,SC 13G/A
0001209191-11-009122,2011-02-14,2011-02-10,2011-02-14T16:32:09.000Z,,4,,,,4,6233,0,0,,xslF345X03/doc4.xml,FORM 4 SUBMISSION
0001209191-11-009123,2011-02-14,2011-02-10,2011-02-14T16:32:51.000Z,,4,,,,4,6264,0,0,,xslF345X03/doc4.xml,FORM 4 SUBMISSION
0001209191-11-009124,2011-02-14,2011-02-10,2011-02-14T16:34:54.000Z,,4,,,,4,6255,0,0,,xslF345X03/doc4.xml,FORM 4 SUBMISSION
0001209191-11-009228,2011-02-14,2011-02-11,2011-02-14T19:55:52.000Z,,4,,,,4,6234,0,0,,xslF345X03/doc4.xml,FORM 4 SUBMISSION
0001209191-11-009230,2011-02-14,2011-02-11,2011-02-14T19:56:26.000Z,,4,,,,4,6263,0,0,,xslF345X03/doc4.xml,FORM 4 SUBMISSION
0001209191-11-009232,2011-02-14,2011-02-11,2011-02-14T19:57:14.000Z,,4,,,,4,6251,0,0,,xslF345X03/doc4.xml,FORM 4 SUBMISSION
0001144204-11-008391,2011-02-14,,2011-02-14T20:45:25.000Z,34,SC 13G/A,005-17643,11607239,,SC 13G/A,22559,0,0,,v211292_sc13g-a.txt,
0001209191-11-009382,2011-02-14,2011-02-10,2011-02-14T23:58:45.000Z,,4,,,,4,7080,0,0,,xslF345X03/doc4.xml,FORM 4 SUBMISSION
0001209191-11-009384,2011-02-14,2011-02-10,2011-02-14T23:59:02.000Z,,4,,,,4,7059,0,0,,xslF345X03/doc4.xml,FORM 4 SUBMISSION
0001209191-11-009374,2011-02-14,2011-02-10,2011-02-15T00:22:23.000Z,,4,,,,4,7050,0,0,,xslF345X03/doc4.xml,FORM 4 SUBMISSION
0001209191-11-009377,2011-02-14,2011-02-10,2011-02-15T00:22:28.000Z,,4,,,,4,8172,0,0,,xslF345X03/doc4.xml,FORM 4 SUBMISSION
0001209191-11-009387,2011-02-14,2011-02-10,2011-02-15T00:23:20.000Z,,4,,,,4,7049,0,0,,xslF345X03/doc4.xml,FORM 4 SUBMISSION
0001209191-11-009389,2011-02-14,2011-02-10,2011-02-15T00:23:49.000Z,,4,,,,4,7777,0,0,,xslF345X03/doc4.xml,FORM 4 SUBMISSION
0001209191-11-009392,2011-02-14,2011-02-10,2011-02-15T00:32:20.000Z,,4,,,,4,13685,0,0,,xslF345X03/doc4.xml,FORM 4 SUBMISSION
0001299933-11-000517,2011-02-16,2011-02-11,2011-02-16T16:05:45.000Z,34,8-K,001-02958,11616444,"5.02,9.01",8-K,50216,0,0,,htm_40760.htm,LIVE FILING
0000950123-11-014739,2011-02-16,2010-12-31,2011-02-16T21:41:24.000Z,34,10-K,001-02958,11618078,,10-K,7188582,1,0,,y88495ae10vk.htm,FORM 10-K
0001209191-11-010566,2011-02-17,2011-02-15,2011-02-17T20:42:58.000Z,,4,,,,4,6238,0,0,,xslF345X03/doc4.xml,FORM 4 SUBMISSION
0001209191-11-010567,2011-02-17,2011-02-15,2011-02-17T20:43:58.000Z,,4,,,,4,6236,0,0,,xslF345X03/doc4.xml,FORM 4 SUBMISSION
0001209191-11-010568,2011-02-17,2011-02-15,2011-02-17T20:45:10.000Z,,4,,,,4,6266,0,0,,xslF345X03/doc4.xml,FORM 4 SUBMISSION
0001209191-11-010569,2011-02-17,2011-02-15,2011-02-17T20:46:05.000Z,,4,,,,4,6255,0,0,,xslF345X03/doc4.xml,FORM 4 SUBMISSION
0001209191-11-010570,2011-02-17,2011-02-15,2011-02-17T20:46:53.000Z,,4,,,,4,6237,0,0,,xslF345X03/doc4.xml,FORM 4 SUBMISSION
0001209191-11-010571,2011-02-17,2011-02-15,2011-02-17T20:47:39.000Z,,4,,,,4,6272,0,0,,xslF345X03/doc4.xml,FORM 4 SUBMISSION
0001209191-11-010572,2011-02-17,2011-02-15,2011-02-17T20:48:27.000Z,,4,,,,4,6264,0,0,,xslF345X03/doc4.xml,FORM 4 SUBMISSION
0001209191-11-010573,2011-02-17,2011-02-16,2011-02-17T20:54:45.000Z,,4,,,,4,10312,0,0,,xslF345X03/doc4.xml,FORM 4 SUBMISSION
0001209191-11-012090,2011-02-23,2011-02-22,2011-02-23T22:05:20.000Z,,4,,,,4,9420,0,0,,xslF345X03/doc4.xml,FORM 4 SUBMISSION
0001209191-11-012092,2011-02-23,2011-02-23,2011-02-23T22:07:04.000Z,,4,,,,4,5655,0,0,,xslF345X03/doc4.xml,FORM 4 SUBMISSION
0001209191-11-014446,2011-03-02,2011-02-28,2011-03-02T21:59:47.000Z,,4,,,,4,9269,0,0,,xslF345X03/doc4.xml,FORM 4 SUBMISSION
0001209191-11-014453,2011-03-02,2011-03-01,2011-03-02T22:02:08.000Z,,4,,,,4,5652,0,0,,xslF345X03/doc4.xml,FORM 4 SUBMISSION
0001209191-11-015511,2011-03-04,2010-12-01,2011-03-04T21:14:12.000Z,,4/A,,,,4/A,5494,0,0,,xslF345X03/doc4a.xml,FORM 4/A SUBMISSION
0001209191-11-015534,2011-03-04,2011-03-03,2011-03-04T21:26:26.000Z,,4,,,,4,10454,0,0,,xslF345X03/doc4.xml,FORM 4 SUBMISSION
0001209191-11-016232,2011-03-08,2011-03-07,2011-03-08T20:25:31.000Z,,4,,,,4,4511,0,0,,xslF345X03/doc4.xml,FORM 4 SUBMISSION
0000950123-11-025815,2011-03-16,2011-05-02,2011-03-16T15:18:31.000Z,34,DEF 14A,001-02958,11690772,,DEF 14A,943002,0,0,,y88763def14a.htm,DEF 14A
0000950123-11-025820,2011-03-16,,2011-03-16T15:30:19.000Z,34,DEFA14A,001-02958,11690814,,DEFA14A,49964,0,0,,y88763amdefa14a.htm,DEFA14A
0001144204-11-019486,2011-04-01,,2011-04-01T15:31:10.000Z,34,SC 13D,005-17643,11729414,,SC 13D,153385,0,0,,v217246_sc13d.htm,
0001144204-11-020021,2011-04-04,,2011-04-04T21:13:08.000Z,34,SC 13D/A,005-17643,11736846,,SC 13D/A,125843,0,0,,v217516_13da.htm,
0001209191-11-022767,2011-04-13,2011-04-11,2011-04-13T19:49:59.000Z,,4,,,,4,5925,0,0,,xslF345X03/doc4.xml,FORM 4 SUBMISSION
0001209191-11-022768,2011-04-13,2011-04-11,2011-04-13T19:51:08.000Z,,4,,,,4,5943,0,0,,xslF345X03/doc4.xml,FORM 4 SUBMISSION
0001209191-11-022771,2011-04-13,2011-04-11,2011-04-13T19:51:56.000Z,,4,,,,4,5975,0,0,,xslF345X03/doc4.xml,FORM 4 SUBMISSION
0001209191-11-022773,2011-04-13,2011-04-11,2011-04-13T19:52:35.000Z,,4,,,,4,5947,0,0,,xslF345X03/doc4.xml,FORM 4 SUBMISSION
0001209191-11-022774,2011-04-13,2011-04-11,2011-04-13T19:53:46.000Z,,4,,,,4,5924,0,0,,xslF345X03/doc4.xml,FORM 4 SUBMISSION
0001209191-11-022775,2011-04-13,2011-04-11,2011-04-13T19:54:46.000Z,,4,,,,4,5978,0,0,,xslF345X03/doc4.xml,FORM 4 SUBMISSION
0001209191-11-022777,2011-04-13,2011-04-11,2011-04-13T19:56:00.000Z,,4,,,,4,5971,0,0,,xslF345X03/doc4.xml,FORM 4 SUBMISSION
0001209191-11-023649,2011-04-20,2011-04-19,2011-04-20T20:25:34.000Z,,4,,,,4,5822,0,0,,xslF345X03/doc4.xml,FORM 4 SUBMISSION
0001209191-11-023650,2011-04-20,2011-04-19,2011-04-20T20:26:28.000Z,,4,,,,4,5852,0,0,,xslF345X03/doc4.xml,FORM 4 SUBMISSION
0001209191-11-023651,2011-04-20,2011-04-19,2011-04-20T20:27:22.000Z,,4,,,,4,5801,0,0,,xslF345X03/doc4.xml,FORM 4 SUBMISSION
0000950123-11-037554,2011-04-21,2011-04-21,2011-04-21T13:08:58.000Z,34,8-K,001-02958,11772140,"2.02,9.01",8-K,104262,0,0,,c15782e8vk.htm,FORM 8-K
0000950123-11-038128,2011-04-22,2011-03-31,2011-04-22T16:22:55.000Z,34,10-Q,001-02958,11775184,,10-Q,1952151,1,0,,c15262e10vq.htm,FORM 10-Q
0001209191-11-025613,2011-05-03,2011-05-01,2011-05-03T19:14:49.000Z,,4,,,,4,5821,0,0,,xslF345X03/doc4.xml,FORM 4 SUBMISSION
0001209191-11-025617,2011-05-03,2011-05-01,2011-05-03T19:17:50.000Z,,4,,,,4,5852,0,0,,xslF345X03/doc4.xml,FORM 4 SUBMISSION
0001209191-11-025619,2011-05-03,2011-05-01,2011-05-03T19:19:01.000Z,,4,,,,4,5843,0,0,,xslF345X03/doc4.xml,FORM 4 SUBMISSION
0001209191-11-025898,2011-05-04,2011-05-02,2011-05-04T13:00:58.000Z,,4,,,,4,4693,0,0,,xslF345X03/doc4.xml,FORM 4 SUBMISSION
0001209191-11-025899,2011-05-04,2011-05-02,2011-05-04T13:02:28.000Z,,4,,,,4,7607,0,0,,xslF345X03/doc4.xml,FORM 4 SUBMISSION
0001209191-11-025900,2011-05-04,2011-05-02,2011-05-04T13:03:05.000Z,,4,,,,4,7625,0,0,,xslF345X03/doc4.xml,FORM 4 SUBMISSION
0001209191-11-025901,2011-05-04,2011-05-02,2011-05-04T13:03:46.000Z,,4,,,,4,4839,0,0,,xslF345X03/doc4.xml,FORM 4 SUBMISSION
0001209191-11-025902,2011-05-04,2011-05-02,2011-05-04T13:05:45.000Z,,4,,,,4,4678,0,0,,xslF345X03/doc4.xml,FORM 4 SUBMISSION
0001209191-11-025903,2011-05-04,2011-05-02,2011-05-04T13:06:29.000Z,,4,,,,4,4691,0,0,,xslF345X03/doc4.xml,FORM 4 SUBMISSION
0001209191-11-025904,2011-05-04,2011-05-02,2011-05-04T13:07:01.000Z,,4,,,,4,4723,0,0,,xslF345X03/doc4.xml,FORM 4 SUBMISSION
0001209191-11-025905,2011-05-04,2011-05-02,2011-05-04T13:08:02.000Z,,4,,,,4,4717,0,0,,xslF345X03/doc4.xml,FORM 4 SUBMISSION
0000950123-11-045574,2011-05-05,2011-05-02,2011-05-05T19:16:57.000Z,34,8-K,001-02958,11814309,"5.02,5.07,9.01",8-K,41038,0,0,,c16573e8vk.htm,FORM 8-K
0001209191-11-026359,2011-05-05,2011-05-05,2011-05-05T20:17:28.000Z,,4,,,,4,9117,0,0,,xslF345X03/doc4.xml,FORM 4 SUBMISSION
0001209191-11-028821,2011-05-17,2011-05-15,2011-05-17T15:37:03.000Z,,4,,,,4,5827,0,0,,xslF345X03/doc4.xml,FORM 4 SUBMISSION
0001209191-11-028822,2011-05-17,2011-05-15,2011-05-17T15:37:50.000Z,,4,,,,4,5822,0,0,,xslF345X03/doc4.xml,FORM 4 SUBMISSION
0001209191-11-028823,2011-05-17,2011-05-15,2011-05-17T15:39:03.000Z,,4,,,,4,5843,0,0,,xslF345X03/doc4.xml,FORM 4 SUBMISSION
0001209191-11-028824,2011-05-17,2011-05-15,2011-05-17T15:39:40.000Z,,4,,,,4,5826,0,0,,xslF345X03/doc4.xml,FORM 4 SUBMISSION
0001209191-11-028825,2011-05-17,2011-05-15,2011-05-17T15:40:54.000Z,,4,,,,4,5858,0,0,,xslF345X03/doc4.xml,FORM 4 SUBMISSION
0001209191-11-028827,2011-05-17,2011-05-15,2011-05-17T15:42:46.000Z,,4,,,,4,5853,0,0,,xslF345X03/doc4.xml,FORM 4 SUBMISSION
0001299933-11-001739,2011-06-08,2011-06-08,2011-06-08T19:48:04.000Z,34,8-K,001-02958,11900948,"5.02,9.01",8-K,22264,0,0,,htm_41986.htm,LIVE FILING
0001209191-11-034922,2011-06-16,2011-06-08,2011-06-16T18:04:30.000Z,,3,,,,3,4795,0,0,,xslF345X02/doc3.xml,FORM 3 SUBMISSION
0001209191-11-034923,2011-06-16,2011-06-14,2011-06-16T18:05:08.000Z,,4,,,,4,5251,0,0,,xslF345X03/doc4.xml,FORM 4 SUBMISSION
0001209191-11-039392,2011-07-13,2011-07-11,2011-07-13T20:43:17.000Z,,4,,,,4,5928,0,0,,xslF345X03/doc4.xml,FORM 4 SUBMISSION
0001209191-11-039393,2011-07-13,2011-07-11,2011-07-13T20:44:12.000Z,,4,,,,4,5943,0,0,,xslF345X03/doc4.xml,FORM 4 SUBMISSION
0001209191-11-039394,2011-07-13,2011-07-11,2011-07-13T20:45:23.000Z,,4,,,,4,5947,0,0,,xslF345X03/doc4.xml,FORM 4 SUBMISSION
0001209191-11-039395,2011-07-13,2011-07-11,2011-07-13T20:46:11.000Z,,4,,,,4,5927,0,0,,xslF345X03/doc4.xml,FORM 4 SUBMISSION
0001209191-11-039396,2011-07-13,2011-07-11,2011-07-13T20:46:53.000Z,,4,,,,4,5976,0,0,,xslF345X03/doc4.xml,FORM 4 SUBMISSION
0001209191-11-039397,2011-07-13,2011-07-11,2011-07-13T20:47:44.000Z,,4,,,,4,5971,0,0,,xslF345X03/doc4.xml,FORM 4 SUBMISSION
0000950123-11-067002,2011-07-21,2011-07-21,2011-07-21T11:29:21.000Z,34,8-K,001-02958,11978710,"2.02,9.01",8-K,118952,0,0,,c20179e8vk.htm,FORM 8-K
0000950123-11-067480,2011-07-22,2011-06-30,2011-07-22T20:17:02.000Z,34,10-Q,001-02958,11982766,,10-Q,4781613,1,0,,c20036e10vq.htm,FORM 10-Q
0001209191-11-044469,2011-08-16,2011-08-15,2011-08-16T21:14:59.000Z,,4,,,,4,5829,0,0,,xslF345X03/doc4.xml,FORM 4 SUBMISSION
0001209191-11-044472,2011-08-16,2011-08-15,2011-08-16T21:19:39.000Z,,4,,,,4,5825,0,0,,xslF345X03/doc4.xml,FORM 4 SUBMISSION
0001209191-11-044481,2011-08-16,2011-08-15,2011-08-16T21:23:51.000Z,,4,,,,4,5844,0,0,,xslF345X03/doc4.xml,FORM 4 SUBMISSION
0001209191-11-044487,2011-08-16,2011-08-15,2011-08-16T21:27:06.000Z,,4,,,,4,5828,0,0,,xslF345X03/doc4.xml,FORM 4 SUBMISSION
0001209191-11-044490,2011-08-16,2011-08-15,2011-08-16T21:29:26.000Z,,4,,,,4,5861,0,0,,xslF345X03/doc4.xml,FORM 4 SUBMISSION
0001209191-11-044491,2011-08-16,2011-08-15,2011-08-16T21:31:09.000Z,,4,,,,4,5854,0,0,,xslF345X03/doc4.xml,FORM 4 SUBMISSION
0001299933-11-002578,2011-08-19,2011-08-19,2011-08-19T19:05:42.000Z,34,8-K,001-02958,111047194,"5.02,9.01",8-K,18163,0,0,,htm_42738.htm,LIVE FILING
0001209191-11-045670,2011-08-26,2011-08-19,2011-08-26T13:05:38.000Z,,3,,,,3,4804,0,0,,xslF345X02/doc3.xml,FORM 3 SUBMISSION
0001209191-11-051669,2011-10-13,2011-10-11,2011-10-13T19:09:12.000Z,,4,,,,4,5932,0,0,,xslF345X03/doc4.xml,FORM 4 SUBMISSION
0001209191-11-051670,2011-10-13,2011-10-11,2011-10-13T19:11:23.000Z,,4,,,,4,5946,0,0,,xslF345X03/doc4.xml,FORM 4 SUBMISSION
0001209191-11-051672,2011-10-13,2011-10-11,2011-10-13T19:16:07.000Z,,4,,,,4,5948,0,0,,xslF345X03/doc4.xml,FORM 4 SUBMISSION
0001209191-11-051673,2011-10-13,2011-10-11,2011-10-13T19:17:05.000Z,,4,,,,4,5931,0,0,,xslF345X03/doc4.xml,FORM 4 SUBMISSION
0001209191-11-051674,2011-10-13,2011-10-11,2011-10-13T19:18:01.000Z,,4,,,,4,5979,0,0,,xslF345X03/doc4.xml,FORM 4 SUBMISSION
0001209191-11-051675,2011-10-13,2011-10-11,2011-10-13T19:20:12.000Z,,4,,,,4,5972,0,0,,xslF345X03/doc4.xml,FORM 4 SUBMISSION
0000950123-11-090819,2011-10-20,2011-10-20,2011-10-20T11:12:27.000Z,34,8-K,001-02958,111149117,"1.01,1.02,2.03,9.01",8-K,621133,0,0,,c23489e8vk.htm,FORM 8-K
0000950123-11-090823,2011-10-20,2011-10-20,2011-10-20T12:41:11.000Z,34,8-K,001-02958,111149192,"2.02,9.01",8-K,119861,0,0,,c23469e8vk.htm,FORM 8-K
0000950123-11-091227,2011-10-21,2011-09-30,2011-10-21T20:22:20.000Z,34,10-Q,001-02958,111152779,,10-Q,4825607,1,0,,c23379e10vq.htm,FORM 10-Q
0001209191-11-053573,2011-11-01,2011-10-28,2011-11-01T19:26:25.000Z,,4,,,,4,6534,0,0,,xslF345X03/doc4.xml,FORM 4 SUBMISSION
0001209191-11-053575,2011-11-01,2011-10-31,2011-11-01T19:28:05.000Z,,4,,,,4,19419,0,0,,xslF345X03/doc4.xml,FORM 4 SUBMISSION
0001209191-11-056756,2011-11-17,2011-11-15,2011-11-17T21:07:01.000Z,,4,,,,4,5829,0,0,,xslF345X03/doc4.xml,FORM 4 SUBMISSION
0001209191-11-056759,2011-11-17,2011-11-15,2011-11-17T21:07:52.000Z,,4,,,,4,5825,0,0,,xslF345X03/doc4.xml,FORM 4 SUBMISSION
0001209191-11-056760,2011-11-17,2011-11-15,2011-11-17T21:08:35.000Z,,4,,,,4,5844,0,0,,xslF345X03/doc4.xml,FORM 4 SUBMISSION
0001209191-11-056762,2011-11-17,2011-11-15,2011-11-17T21:09:22.000Z,,4,,,,4,5828,0,0,,xslF345X03/doc4.xml,FORM 4 SUBMISSION
0001209191-11-056764,2011-11-17,2011-11-15,2011-11-17T21:10:15.000Z,,4,,,,4,5860,0,0,,xslF345X03/doc4.xml,FORM 4 SUBMISSION
0001209191-11-056766,2011-11-17,2011-11-15,2011-11-17T21:11:12.000Z,,4,,,,4,5854,0,0,,xslF345X03/doc4.xml,FORM 4 SUBMISSION
0001209191-11-056978,2011-11-18,2011-11-16,2011-11-18T14:14:24.000Z,,4,,,,4,10455,0,0,,xslF345X03/doc4.xml,FORM 4 SUBMISSION
0001209191-11-059330,2011-12-05,2011-12-01,2011-12-05T16:17:48.000Z,,4,,,,4,11274,0,0,,xslF345X03/doc4.xml,FORM 4 SUBMISSION
0001209191-11-059331,2011-12-05,2011-12-01,2011-12-05T16:19:58.000Z,,4,,,,4,4748,0,0,,xslF345X03/doc4.xml,FORM 4 SUBMISSION
0001209191-11-059332,2011-12-05,2011-12-01,2011-12-05T16:22:51.000Z,,4,,,,4,6038,0,0,,xslF345X03/doc4.xml,FORM 4 SUBMISSION
0001209191-11-059335,2011-12-05,2011-12-01,2011-12-05T16:25:46.000Z,,4,,,,4,4779,0,0,,xslF345X03/doc4.xml,FORM 4 SUBMISSION
0001209191-11-059337,2011-12-05,2011-12-01,2011-12-05T16:26:47.000Z,,4,,,,4,4756,0,0,,xslF345X03/doc4.xml,FORM 4 SUBMISSION
0001209191-11-059341,2011-12-05,2011-12-01,2011-12-05T16:28:29.000Z,,4,,,,4,4746,0,0,,xslF345X03/doc4.xml,FORM 4 SUBMISSION
0001209191-11-059346,2011-12-05,2011-12-01,2011-12-05T16:31:44.000Z,,4,,,,4,4767,0,0,,xslF345X03/doc4.xml,FORM 4 SUBMISSION
0001209191-11-059354,2011-12-05,2011-12-01,2011-12-05T16:37:05.000Z,,4,,,,4,4754,0,0,,xslF345X03/doc4.xml,FORM 4 SUBMISSION
0001209191-11-059941,2011-12-07,2011-12-05,2011-12-07T18:56:30.000Z,,4,,,,4,13218,0,0,,xslF345X03/doc4.xml,FORM 4 SUBMISSION
0001209191-11-059949,2011-12-07,2011-12-05,2011-12-07T19:14:34.000Z,,4,,,,4,7871,0,0,,xslF345X03/doc4.xml,FORM 4 SUBMISSION
0001209191-11-059958,2011-12-07,2011-12-05,2011-12-07T19:32:33.000Z,,4,,,,4,8391,0,0,,xslF345X03/doc4.xml,FORM 4 SUBMISSION
0001209191-11-059959,2011-12-07,2011-12-05,2011-12-07T19:40:27.000Z,,4,,,,4,8266,0,0,,xslF345X03/doc4.xml,FORM 4 SUBMISSION
0001209191-11-059964,2011-12-07,2011-12-05,2011-12-07T19:47:06.000Z,,4,,,,4,7147,0,0,,xslF345X03/doc4.xml,FORM 4 SUBMISSION
0001209191-11-059966,2011-12-07,2011-12-05,2011-12-07T19:48:09.000Z,,4,,,,4,7175,0,0,,xslF345X03/doc4.xml,FORM 4 SUBMISSION
0001209191-11-059969,2011-12-07,2011-12-05,2011-12-07T19:49:25.000Z,,4,,,,4,7155,0,0,,xslF345X03/doc4.xml,FORM 4 SUBMISSION
0001209191-11-059976,2011-12-07,2011-12-05,2011-12-07T19:59:43.000Z,,4,,,,4,7145,0,0,,xslF345X03/doc4.xml,FORM 4 SUBMISSION
0001209191-11-059977,2011-12-07,2011-12-05,2011-12-07T20:01:13.000Z,,4,,,,4,7149,0,0,,xslF345X03/doc4.xml,FORM 4 SUBMISSION
0001209191-11-060242,2011-12-08,2011-12-06,2011-12-08T18:31:39.000Z,,4,,,,4,6036,0,0,,xslF345X03/doc4.xml,FORM 4 SUBMISSION
0001209191-11-060243,2011-12-08,2011-12-06,2011-12-08T18:33:41.000Z,,4,,,,4,4747,0,0,,xslF345X03/doc4.xml,FORM 4 SUBMISSION
0001209191-11-060244,2011-12-08,2011-12-06,2011-12-08T18:36:45.000Z,,4,,,,4,4778,0,0,,xslF345X03/doc4.xml,FORM 4 SUBMISSION
0001209191-11-060245,2011-12-08,2011-12-06,2011-12-08T18:38:14.000Z,,4,,,,4,4755,0,0,,xslF345X03/doc4.xml,FORM 4 SUBMISSION
0001209191-11-060246,2011-12-08,2011-12-06,2011-12-08T18:40:35.000Z,,4,,,,4,4745,0,0,,xslF345X03/doc4.xml,FORM 4 SUBMISSION
0001209191-11-060247,2011-12-08,2011-12-06,2011-12-08T18:43:28.000Z,,4,,,,4,7651,0,0,,xslF345X03/doc4.xml,FORM 4 SUBMISSION
0001209191-11-060248,2011-12-08,2011-12-06,2011-12-08T18:46:42.000Z,,4,,,,4,10859,0,0,,xslF345X03/doc4.xml,FORM 4 SUBMISSION
0001209191-11-060249,2011-12-08,2011-12-06,2011-12-08T18:49:18.000Z,,4,,,,4,4752,0,0,,xslF345X03/doc4.xml,FORM 4 SUBMISSION
0001209191-11-060456,2011-12-09,2011-12-07,2011-12-09T16:53:19.000Z,,4,,,,4,7652,0,0,,xslF345X03/doc4.xml,FORM 4 SUBMISSION
0001209191-11-060457,2011-12-09,2011-12-07,2011-12-09T16:56:30.000Z,,4,,,,4,4747,0,0,,xslF345X03/doc4.xml,FORM 4 SUBMISSION
0001209191-11-060458,2011-12-09,2011-12-07,2011-12-09T16:58:34.000Z,,4,,,,4,6036,0,0,,xslF345X03/doc4.xml,FORM 4 SUBMISSION
0001209191-11-060459,2011-12-09,2011-12-07,2011-12-09T16:59:42.000Z,,4,,,,4,4778,0,0,,xslF345X03/doc4.xml,FORM 4 SUBMISSION
0001209191-11-060461,2011-12-09,2011-12-07,2011-12-09T17:02:04.000Z,,4,,,,4,4755,0,0,,xslF345X03/doc4.xml,FORM 4 SUBMISSION
0001209191-11-060462,2011-12-09,2011-12-07,2011-12-09T17:03:42.000Z,,4,,,,4,4745,0,0,,xslF345X03/doc4.xml,FORM 4 SUBMISSION
0001209191-11-060463,2011-12-09,2011-12-07,2011-12-09T17:04:43.000Z,,4,,,,4,4766,0,0,,xslF345X03/doc4.xml,FORM 4 SUBMISSION
0001209191-11-060464,2011-12-09,2011-12-07,2011-12-09T17:05:41.000Z,,4,,,,4,4752,0,0,,xslF345X03/doc4.xml,FORM 4 SUBMISSION
0001209191-11-061067,2011-12-13,2011-12-13,2011-12-13T21:50:19.000Z,,4,,,,4,5320,0,0,,xslF345X03/doc4.xml,FORM 4 SUBMISSION
0001209191-11-061215,2011-12-14,2011-12-13,2011-12-14T18:01:16.000Z,,4,,,,4,8891,0,0,,xslF345X03/doc4.xml,FORM 4 SUBMISSION
0001209191-11-061594,2011-12-16,2011-12-15,2011-12-16T15:52:20.000Z,,4,,,,4,5254,0,0,,xslF345X03/doc4.xml,FORM 4 SUBMISSION
0001209191-12-003618,2012-01-13,2012-01-11,2012-01-13T21:10:17.000Z,,4,,,,4,5929,0,0,,xslF345X03/doc4.xml,FORM 4 SUBMISSION
0001209191-12-003619,2012-01-13,2012-01-11,2012-01-13T21:11:20.000Z,,4,,,,4,5945,0,0,,xslF345X03/doc4.xml,FORM 4 SUBMISSION
0001209191-12-003620,2012-01-13,2012-01-11,2012-01-13T21:12:13.000Z,,4,,,,4,5947,0,0,,xslF345X03/doc4.xml,FORM 4 SUBMISSION
0001209191-12-003622,2012-01-13,2012-01-11,2012-01-13T21:13:33.000Z,,4,,,,4,5928,0,0,,xslF345X03/doc4.xml,FORM 4 SUBMISSION
0001209191-12-003623,2012-01-13,2012-01-11,2012-01-13T21:14:52.000Z,,4,,,,4,5978,0,0,,xslF345X03/doc4.xml,FORM 4 SUBMISSION
0001209191-12-003624,2012-01-13,2012-01-11,2012-01-13T21:15:52.000Z,,4,,,,4,5971,0,0,,xslF345X03/doc4.xml,FORM 4 SUBMISSION
0001193125-12-024399,2012-01-26,2012-01-26,2012-01-26T14:13:18.000Z,34,8-K,001-02958,12546159,"2.02,9.01",8-K,259593,0,0,,d287886d8k.htm,CURRENT REPORT
0001209191-12-006982,2012-02-02,2012-01-31,2012-02-02T21:33:07.000Z,,4,,,,4,15489,0,0,,xslF345X03/doc4.xml,FORM 4 SUBMISSION
0001209191-12-006985,2012-02-02,2012-01-31,2012-02-02T21:34:40.000Z,,4,,,,4,16191,0,0,,xslF345X03/doc4.xml,FORM 4 SUBMISSION
0001209191-12-006992,2012-02-02,2012-01-31,2012-02-02T21:37:08.000Z,,4,,,,4,8880,0,0,,xslF345X03/doc4.xml,FORM 4 SUBMISSION
0001209191-12-007585,2012-02-03,2012-02-01,2012-02-03T22:50:21.000Z,,4,,,,4,4489,0,0,,xslF345X03/doc4.xml,FORM 4 SUBMISSION
0001209191-12-007592,2012-02-03,2012-02-01,2012-02-03T22:53:38.000Z,,4,,,,4,16065,0,0,,xslF345X03/doc4.xml,FORM 4 SUBMISSION
0001209191-12-007596,2012-02-03,2012-02-01,2012-02-03T22:55:01.000Z,,4,,,,4,10294,0,0,,xslF345X03/doc4.xml,FORM 4 SUBMISSION
0001193125-12-039915,2012-02-06,,2012-02-06T12:12:23.000Z,34,SC 13G/A,005-17643,12571975,,SC 13G/A,40268,0,0,,d282607dsc13ga.txt,HUBBELL INCORPORATED
0001209191-12-007854,2012-02-06,2012-02-02,2012-02-06T22:16:07.000Z,,4,,,,4,9902,0,0,,xslF345X03/doc4.xml,FORM 4 SUBMISSION
0001209191-12-008250,2012-02-07,2012-02-03,2012-02-07T23:00:48.000Z,,4,,,,4,9902,0,0,,xslF345X03/doc4.xml,FORM 4 SUBMISSION
0001209191-12-008259,2012-02-07,2012-02-03,2012-02-07T23:03:42.000Z,,4,,,,4,9158,0,0,,xslF345X03/doc4.xml,FORM 4 SUBMISSION
0001209191-12-008265,2012-02-07,2012-02-03,2012-02-07T23:05:30.000Z,,4,,,,4,5287,0,0,,xslF345X03/doc4.xml,FORM 4 SUBMISSION
0001209191-12-008432,2012-02-08,2012-02-07,2012-02-08T21:45:17.000Z,,4,,,,4,4484,0,0,,xslF345X03/doc4.xml,FORM 4 SUBMISSION
0001209191-12-008437,2012-02-08,2012-02-06,2012-02-08T21:46:57.000Z,,4,,,,4,9158,0,0,,xslF345X03/doc4.xml,FORM 4 SUBMISSION
0001209191-12-008439,2012-02-08,2012-02-06,2012-02-08T21:48:09.000Z,,4,,,,4,4638,0,0,,xslF345X03/doc4.xml,FORM 4 SUBMISSION
0001209191-12-008495,2012-02-08,2012-02-06,2012-02-08T22:24:03.000Z,,4,,,,4,19583,0,0,,xslF345X03/doc4.xml,FORM 4 SUBMISSION
0001209191-12-008760,2012-02-09,2012-02-07,2012-02-09T22:25:29.000Z,,4,,,,4,9977,0,0,,xslF345X03/doc4.xml,FORM 4 SUBMISSION
0001209191-12-008769,2012-02-09,2012-02-07,2012-02-09T22:33:14.000Z,,4,,,,4,15418,0,0,,xslF345X03/doc4.xml,FORM 4 SUBMISSION
0001209191-12-008776,2012-02-09,2012-02-08,2012-02-09T22:37:06.000Z,,4,,,,4,6383,0,0,,xslF345X03/doc4.xml,FORM 4 SUBMISSION
0001086364-12-000912,2012-02-10,,2012-02-10T13:39:36.000Z,34,SC 13G/A,005-17643,12589571,,SC 13G/A,13120,0,0,,hubbell.inc..txt,
0001422849-12-000250,2012-02-10,,2012-02-10T18:19:46.000Z,34,SC 13G/A,005-17643,12591312,,SC 13G/A,9240,0,0,,edghubb.txt,SC 13G/A
0001209191-12-009571,2012-02-13,2012-02-09,2012-02-13T22:19:21.000Z,,4,,,,4,7310,0,0,,xslF345X03/doc4.xml,FORM 4 SUBMISSION
0001209191-12-009574,2012-02-13,2012-02-09,2012-02-13T22:23:02.000Z,,4,,,,4,6589,0,0,,xslF345X03/doc4.xml,FORM 4 SUBMISSION
0001209191-12-009577,2012-02-13,2012-02-09,2012-02-13T22:27:58.000Z,,4,,,,4,7705,0,0,,xslF345X03/doc4.xml,FORM 4 SUBMISSION
0001209191-12-009580,2012-02-13,2012-02-09,2012-02-13T22:31:34.000Z,,4,,,,4,6613,0,0,,xslF345X03/doc4.xml,FORM 4 SUBMISSION
0001209191-12-009586,2012-02-13,2012-02-09,2012-02-13T22:33:32.000Z,,4,,,,4,6591,0,0,,xslF345X03/doc4.xml,FORM 4 SUBMISSION
0001209191-12-009592,2012-02-13,2012-02-09,2012-02-13T22:36:13.000Z,,4,,,,4,6581,0,0,,xslF345X03/doc4.xml,FORM 4 SUBMISSION
0001209191-12-009596,2012-02-13,2012-02-09,2012-02-13T22:38:31.000Z,,4,,,,4,6602,0,0,,xslF345X03/doc4.xml,FORM 4 SUBMISSION
0001209191-12-009599,2012-02-13,2012-02-09,2012-02-13T22:41:29.000Z,,4,,,,4,6587,0,0,,xslF345X03/doc4.xml,FORM 4 SUBMISSION
0000902664-12-000357,2012-02-14,,2012-02-14T17:33:02.000Z,34,SC 13G/A,005-17643,12606508,,SC 13G/A,170875,0,0,,p12-0234sc13ga.htm,HUBBELL INCORPORATED
0001209191-12-010376,2012-02-15,2012-02-14,2012-02-15T18:44:10.000Z,,4,,,,4,4727,0,0,,xslF345X03/doc4.xml,FORM 4 SUBMISSION
0001209191-12-010377,2012-02-15,2012-02-14,2012-02-15T18:51:01.000Z,,4,,,,4,6404,0,0,,xslF345X03/doc4.xml,FORM 4 SUBMISSION
0001308179-12-000024,2012-02-15,2011-12-31,2012-02-15T22:08:01.000Z,34,10-K,001-02958,12616724,,10-K,15933262,1,0,,lhubbell_10K.htm,HUBBELL INC. FORM 10-K
0001209191-12-010700,2012-02-16,2012-02-15,2012-02-16T17:45:32.000Z,,4,,,,4,5263,0,0,,xslF345X03/doc4.xml,FORM 4 SUBMISSION
0001209191-12-011071,2012-02-17,2012-02-15,2012-02-17T18:08:24.000Z,,4,,,,4,5827,0,0,,xslF345X03/doc4.xml,FORM 4 SUBMISSION
0001209191-12-011073,2012-02-17,2012-02-15,2012-02-17T18:11:25.000Z,,4,,,,4,5825,0,0,,xslF345X03/doc4.xml,FORM 4 SUBMISSION
0001209191-12-011074,2012-02-17,2012-02-15,2012-02-17T18:13:29.000Z,,4,,,,4,5843,0,0,,xslF345X03/doc4.xml,FORM 4 SUBMISSION
0001209191-12-011075,2012-02-17,2012-02-15,2012-02-17T18:15:31.000Z,,4,,,,4,5820,0,0,,xslF345X03/doc4.xml,FORM 4 SUBMISSION
0001209191-12-011078,2012-02-17,2012-02-15,2012-02-17T18:16:38.000Z,,4,,,,4,5826,0,0,,xslF345X03/doc4.xml,FORM 4 SUBMISSION
0001209191-12-011082,2012-02-17,2012-02-15,2012-02-17T18:30:39.000Z,,4,,,,4,5805,0,0,,xslF345X03/doc4.xml,FORM 4 SUBMISSION
0001209191-12-011083,2012-02-17,2012-02-15,2012-02-17T18:31:50.000Z,,4,,,,4,5859,0,0,,xslF345X03/doc4.xml,FORM 4 SUBMISSION
0001209191-12-011085,2012-02-17,2012-02-15,2012-02-17T18:33:31.000Z,,4,,,,4,5854,0,0,,xslF345X03/doc4.xml,FORM 4 SUBMISSION
0001209191-12-011087,2012-02-17,2012-02-16,2012-02-17T18:35:57.000Z,,4,,,,4,8876,0,0,,xslF345X03/doc4.xml,FORM 4 SUBMISSION
0001209191-12-012782,2012-02-24,2012-02-23,2012-02-24T19:44:41.000Z,,4,,,,4,19423,0,0,,xslF345X03/doc4.xml,FORM 4 SUBMISSION
0001209191-12-016572,2012-03-07,2012-03-06,2012-03-07T21:41:45.000Z,,4,,,,4,7430,0,0,,xslF345X03/doc4.xml,FORM 4 SUBMISSION
0001209191-12-018280,2012-03-14,2012-03-12,2012-03-14T20:39:30.000Z,,4,,,,4,5253,0,0,,xslF345X03/doc4.xml,FORM 4 SUBMISSION
0001209191-12-018285,2012-03-14,2012-03-12,2012-03-14T20:41:13.000Z,,4,,,,4,9976,0,0,,xslF345X03/doc4.xml,FORM 4 SUBMISSION
0001209191-12-018562,2012-03-15,2012-03-14,2012-03-15T21:06:31.000Z,,4,,,,4,8888,0,0,,xslF345X03/doc4.xml,FORM 4 SUBMISSION
0001209191-12-018659,2012-03-16,2012-03-15,2012-03-16T16:04:30.000Z,,4,,,,4,5253,0,0,,xslF345X03/doc4.xml,FORM 4 SUBMISSION
0001308179-12-000067,2012-03-19,2012-03-19,2012-03-19T20:11:35.000Z,34,DEF 14A,001-02958,12700729,,DEF 14A,2296843,0,0,,lhubbell_def14a.htm,HUBBELL INC. - DEF 14A
0001308179-12-000068,2012-03-19,,2012-03-19T20:12:46.000Z,34,DEFA14A,001-02958,12700745,,DEFA14A,416567,0,0,,lhubbell_defa14a.htm,HUBBELL INC. - DEFA14A
9999999997-12-007192,2012-03-23,2011-12-31,2012-04-11T14:55:42.000Z,34,ARS,001-02958,12025455,,ARS,1388,0,0,,9999999997-12-007192.paper,AUTO-GENERATED PAPER DOCUMENT
0001209191-12-022965,2012-04-13,2012-04-11,2012-04-13T15:17:10.000Z,,4,,,,4,5956,0,0,,xslF345X03/doc4.xml,FORM 4 SUBMISSION
0001209191-12-022966,2012-04-13,2012-04-11,2012-04-13T15:28:00.000Z,,4,,,,4,5969,0,0,,xslF345X03/doc4.xml,FORM 4 SUBMISSION
0001209191-12-022967,2012-04-13,2012-04-11,2012-04-13T15:31:56.000Z,,4,,,,4,5973,0,0,,xslF345X03/doc4.xml,FORM 4 SUBMISSION
0001209191-12-022968,2012-04-13,2012-04-11,2012-04-13T15:41:42.000Z,,4,,,,4,5948,0,0,,xslF345X03/doc4.xml,FORM 4 SUBMISSION
0001209191-12-022969,2012-04-13,2012-04-11,2012-04-13T15:57:50.000Z,,4,,,,4,5955,0,0,,xslF345X03/doc4.xml,FORM 4 SUBMISSION
0001209191-12-022970,2012-04-13,2012-04-11,2012-04-13T16:04:50.000Z,,4,,,,4,5933,0,0,,xslF345X03/doc4.xml,FORM 4 SUBMISSION
0001209191-12-022971,2012-04-13,2012-04-11,2012-04-13T16:11:23.000Z,,4,,,,4,6004,0,0,,xslF345X03/doc4.xml,FORM 4 SUBMISSION
0001209191-12-022972,2012-04-13,2012-04-11,2012-04-13T16:16:31.000Z,,4,,,,4,5997,0,0,,xslF345X03/doc4.xml,FORM 4 SUBMISSION
0001193125-12-169716,2012-04-19,2012-04-19,2012-04-19T12:46:38.000Z,34,8-K,001-02958,12767343,"2.02,9.01",8-K,161353,0,0,,d336901d8k.htm,FORM 8-K
0001308179-12-000099,2012-04-20,2012-03-31,2012-04-20T13:04:56.000Z,34,10-Q,001-02958,12769640,,10-Q,4892795,1,0,,lhub_10Q.htm,HUBBELL INC. FORM 10-Q
0001209191-12-024152,2012-04-25,2012-04-24,2012-04-25T16:06:09.000Z,,4,,,,4,5249,0,0,,xslF345X03/doc4.xml,FORM 4 SUBMISSION
0001209191-12-025163,2012-05-01,2012-04-30,2012-05-01T20:57:20.000Z,,4,,,,4,5284,0,0,,xslF345X03/doc4.xml,FORM 4 SUBMISSION
0001299933-12-001122,2012-05-09,2012-05-08,2012-05-09T18:16:38.000Z,34,8-K,001-02958,12825040,5.07,8-K,20431,0,0,,htm_45001.htm,LIVE FILING
0001209191-12-027275,2012-05-10,2012-05-08,2012-05-10T18:13:32.000Z,,4,,,,4,4715,0,0,,xslF345X03/doc4.xml,FORM 4 SUBMISSION
0001209191-12-027279,2012-05-10,2012-05-08,2012-05-10T18:18:46.000Z,,4,,,,4,4722,0,0,,xslF345X03/doc4.xml,FORM 4 SUBMISSION
0001209191-12-027282,2012-05-10,2012-05-08,2012-05-10T18:25:25.000Z,,4,,,,4,4677,0,0,,xslF345X03/doc4.xml,FORM 4 SUBMISSION
0001209191-12-027285,2012-05-10,2012-05-08,2012-05-10T18:30:17.000Z,,4,,,,4,4839,0,0,,xslF345X03/doc4.xml,FORM 4 SUBMISSION
0001209191-12-027287,2012-05-10,2012-05-08,2012-05-10T18:36:21.000Z,,4,,,,4,5814,0,0,,xslF345X03/doc4.xml,FORM 4 SUBMISSION
0001209191-12-027291,2012-05-10,2012-05-08,2012-05-10T18:41:44.000Z,,4,,,,4,5806,0,0,,xslF345X03/doc4.xml,FORM 4 SUBMISSION
0001209191-12-027295,2012-05-10,2012-05-08,2012-05-10T18:44:52.000Z,,4,,,,4,5795,0,0,,xslF345X03/doc4.xml,FORM 4 SUBMISSION
0001209191-12-027299,2012-05-10,2012-05-08,2012-05-10T18:47:56.000Z,,4,,,,4,5788,0,0,,xslF345X03/doc4.xml,FORM 4 SUBMISSION
0001209191-12-027302,2012-05-10,2012-05-08,2012-05-10T18:51:45.000Z,,4,,,,4,5796,0,0,,xslF345X03/doc4.xml,FORM 4 SUBMISSION
0001209191-12-027305,2012-05-10,2012-05-08,2012-05-10T18:54:55.000Z,,4,,,,4,5816,0,0,,xslF345X03/doc4.xml,FORM 4 SUBMISSION
0001209191-12-028753,2012-05-17,2012-05-15,2012-05-17T15:57:03.000Z,,4,,,,4,5822,0,0,,xslF345X03/doc4.xml,FORM 4 SUBMISSION
0001209191-12-028754,2012-05-17,2012-05-15,2012-05-17T15:58:44.000Z,,4,,,,4,5832,0,0,,xslF345X03/doc4.xml,FORM 4 SUBMISSION
0001209191-12-028755,2012-05-17,2012-05-15,2012-05-17T15:59:41.000Z,,4,,,,4,5838,0,0,,xslF345X03/doc4.xml,FORM 4 SUBMISSION
0001209191-12-028756,2012-05-17,2012-05-15,2012-05-17T16:01:43.000Z,,4,,,,4,5814,0,0,,xslF345X03/doc4.xml,FORM 4 SUBMISSION
0001209191-12-028757,2012-05-17,2012-05-15,2012-05-17T16:03:02.000Z,,4,,,,4,5844,0,0,,xslF345X03/doc4.xml,FORM 4 SUBMISSION
0001209191-12-028758,2012-05-17,2012-05-15,2012-05-17T16:04:18.000Z,,4,,,,4,5813,0,0,,xslF345X03/doc4.xml,FORM 4 SUBMISSION
0001209191-12-028759,2012-05-17,2012-05-15,2012-05-17T16:06:27.000Z,,4,,,,4,5871,0,0,,xslF345X03/doc4.xml,FORM 4 SUBMISSION
0001209191-12-028760,2012-05-17,2012-05-15,2012-05-17T16:08:20.000Z,,4,,,,4,5873,0,0,,xslF345X03/doc4.xml,FORM 4 SUBMISSION
0001209191-12-030122,2012-05-24,2012-05-23,2012-05-24T18:26:47.000Z,,4,,,,4,8884,0,0,,xslF345X03/doc4.xml,FORM 4 SUBMISSION
0001209191-12-031569,2012-06-01,2012-05-24,2012-06-01T18:39:51.000Z,,4,,,,4,4488,0,0,,xslF345X03/doc4.xml,FORM 4 SUBMISSION
0001209191-12-031865,2012-06-04,2012-06-01,2012-06-04T18:15:14.000Z,,4,,,,4,5252,0,0,,xslF345X03/doc4.xml,FORM 4 SUBMISSION
0001299933-12-001425,2012-06-07,2012-06-06,2012-06-06T21:51:26.000Z,34,8-K,001-02958,12892897,"5.02,7.01",8-K,23710,0,0,,htm_45309.htm,LIVE FILING
0001209191-12-032959,2012-06-08,2012-06-06,2012-06-08T17:23:51.000Z,,3,,,,3,10198,0,0,,xslF345X02/doc3.xml,FORM 3 SUBMISSION
0001209191-12-032961,2012-06-08,2012-06-06,2012-06-08T17:28:03.000Z,,4,,,,4,7136,0,0,,xslF345X03/doc4.xml,FORM 4 SUBMISSION
0001209191-12-032962,2012-06-08,2012-06-06,2012-06-08T17:30:38.000Z,,4,,,,4,7158,0,0,,xslF345X03/doc4.xml,FORM 4 SUBMISSION
0001209191-12-038066,2012-07-13,2012-07-11,2012-07-13T21:31:00.000Z,,4,,,,4,8716,0,0,,xslF345X03/doc4.xml,FORM 4 SUBMISSION
0001209191-12-038068,2012-07-13,2012-07-11,2012-07-13T21:41:53.000Z,,4,,,,4,8758,0,0,,xslF345X03/doc4.xml,FORM 4 SUBMISSION
0001209191-12-038071,2012-07-13,2012-07-11,2012-07-13T21:57:49.000Z,,4,,,,4,8749,0,0,,xslF345X03/doc4.xml,FORM 4 SUBMISSION
0001209191-12-038072,2012-07-13,2012-07-11,2012-07-13T22:04:51.000Z,,4,,,,4,8722,0,0,,xslF345X03/doc4.xml,FORM 4 SUBMISSION
0001209191-12-038073,2012-07-13,2012-07-11,2012-07-13T22:12:38.000Z,,4,,,,4,8774,0,0,,xslF345X03/doc4.xml,FORM 4 SUBMISSION
0001209191-12-038076,2012-07-13,2012-07-11,2012-07-13T22:19:01.000Z,,4,,,,4,8755,0,0,,xslF345X03/doc4.xml,FORM 4 SUBMISSION
0001209191-12-038077,2012-07-13,2012-07-11,2012-07-13T22:23:01.000Z,,4,,,,4,5837,0,0,,xslF345X03/doc4.xml,FORM 4 SUBMISSION
0001209191-12-038078,2012-07-13,2012-07-11,2012-07-13T22:30:57.000Z,,4,,,,4,5837,0,0,,xslF345X03/doc4.xml,FORM 4 SUBMISSION
0001193125-12-306912,2012-07-19,2012-07-19,2012-07-19T12:52:07.000Z,34,8-K,001-02958,12969097,"2.02,9.01",8-K,208746,0,0,,d384604d8k.htm,FORM 8-K
0001308179-12-000145,2012-07-20,2012-06-30,2012-07-20T12:52:30.000Z,34,10-Q,001-02958,12971082,,10-Q,5528976,1,0,,lhubbell_10q.htm,HUBBELL INC. FORM 10-Q
0001209191-12-039456,2012-07-30,2012-07-26,2012-07-30T13:55:25.000Z,,4,,,,4,9567,0,0,,xslF345X03/doc4.xml,FORM 4 SUBMISSION
0001209191-12-039827,2012-08-01,2012-07-31,2012-08-01T20:06:27.000Z,,4,,,,4,5974,0,0,,xslF345X03/doc4.xml,FORM 4 SUBMISSION
0001209191-12-040258,2012-08-03,2012-08-02,2012-08-03T20:41:01.000Z,,4,,,,4,8886,0,0,,xslF345X03/doc4.xml,FORM 4 SUBMISSION
0001209191-12-040418,2012-08-06,2012-08-03,2012-08-06T19:07:44.000Z,,4,,,,4,8861,0,0,,xslF345X03/doc4.xml,FORM 4 SUBMISSION
0001209191-12-041395,2012-08-13,2012-08-09,2012-08-13T17:38:49.000Z,,4,,,,4,5253,0,0,,xslF345X03/doc4.xml,FORM 4 SUBMISSION
0001209191-12-041396,2012-08-13,2012-08-09,2012-08-13T17:45:08.000Z,,4,,,,4,8868,0,0,,xslF345X03/doc4.xml,FORM 4 SUBMISSION
0001209191-12-041397,2012-08-13,2012-08-10,2012-08-13T17:49:25.000Z,,4,,,,4,10146,0,0,,xslF345X03/doc4.xml,FORM 4 SUBMISSION
0001209191-12-041398,2012-08-13,2012-08-10,2012-08-13T17:52:02.000Z,,4,,,,4,5240,0,0,,xslF345X03/doc4.xml,FORM 4 SUBMISSION
0001209191-12-041778,2012-08-15,2012-08-14,2012-08-15T15:59:08.000Z,,4,,,,4,5725,0,0,,xslF345X03/doc4.xml,FORM 4 SUBMISSION
0001209191-12-042064,2012-08-16,2012-08-15,2012-08-16T14:26:29.000Z,,4,,,,4,5248,0,0,,xslF345X03/doc4.xml,FORM 4 SUBMISSION
0001209191-12-042478,2012-08-17,2012-08-15,2012-08-17T20:44:08.000Z,,4,,,,4,5791,0,0,,xslF345X03/doc4.xml,FORM 4 SUBMISSION
0001209191-12-042482,2012-08-17,2012-08-15,2012-08-17T20:46:52.000Z,,4,,,,4,5800,0,0,,xslF345X03/doc4.xml,FORM 4 SUBMISSION
0001209191-12-042484,2012-08-17,2012-08-15,2012-08-17T20:48:49.000Z,,4,,,,4,5807,0,0,,xslF345X03/doc4.xml,FORM 4 SUBMISSION
0001209191-12-042486,2012-08-17,2012-08-15,2012-08-17T20:49:53.000Z,,4,,,,4,5784,0,0,,xslF345X03/doc4.xml,FORM 4 SUBMISSION
0001209191-12-042488,2012-08-17,2012-08-15,2012-08-17T20:51:20.000Z,,4,,,,4,5812,0,0,,xslF345X03/doc4.xml,FORM 4 SUBMISSION
0001209191-12-042489,2012-08-17,2012-08-15,2012-08-17T20:52:46.000Z,,4,,,,4,5792,0,0,,xslF345X03/doc4.xml,FORM 4 SUBMISSION
0001209191-12-042492,2012-08-17,2012-08-15,2012-08-17T20:55:06.000Z,,4,,,,4,5840,0,0,,xslF345X03/doc4.xml,FORM 4 SUBMISSION
0001209191-12-042493,2012-08-17,2012-08-15,2012-08-17T20:56:16.000Z,,4,,,,4,5842,0,0,,xslF345X03/doc4.xml,FORM 4 SUBMISSION
0001209191-12-042699,2012-08-21,2012-08-17,2012-08-21T14:55:16.000Z,,4,,,,4,8874,0,0,,xslF345X03/doc4.xml,FORM 4 SUBMISSION
0001209191-12-042700,2012-08-21,2012-08-17,2012-08-21T14:58:06.000Z,,4,,,,4,8862,0,0,,xslF345X03/doc4.xml,FORM 4 SUBMISSION
0001209191-12-044864,2012-09-10,2012-09-07,2012-09-10T19:55:07.000Z,,4,,,,4,5253,0,0,,xslF345X03/doc4.xml,FORM 4 SUBMISSION
0001209191-12-045221,2012-09-12,2012-09-04,2012-09-12T18:51:58.000Z,,3,,,,3,5291,0,0,,xslF345X02/doc3.xml,FORM 3 SUBMISSION
0001209191-12-045225,2012-09-12,2012-09-11,2012-09-12T18:53:42.000Z,,4,,,,4,6437,0,0,,xslF345X03/doc4.xml,FORM 4 SUBMISSION
0001209191-12-045573,2012-09-14,2012-09-14,2012-09-14T19:53:30.000Z,,4,,,,4,5270,0,0,,xslF345X03/doc4.xml,FORM 4 SUBMISSION
0001299933-12-002143,2012-09-17,2012-09-11,2012-09-17T20:34:28.000Z,34,8-K,001-02958,121095332,"5.02,9.01",8-K,74389,0,0,,htm_46029.htm,LIVE FILING
0001086364-12-002959,2012-10-10,,2012-10-09T21:35:08.000Z,34,SC 13G/A,005-17643,121135975,,SC 13G/A,13361,0,0,,hubbell.inc..txt,
0001209191-12-049327,2012-10-15,2012-10-11,2012-10-15T17:48:16.000Z,,4,,,,4,8719,0,0,,xslF345X03/doc4.xml,FORM 4 SUBMISSION
0001209191-12-049328,2012-10-15,2012-10-11,2012-10-15T17:49:24.000Z,,4,,,,4,8759,0,0,,xslF345X03/doc4.xml,FORM 4 SUBMISSION
0001209191-12-049330,2012-10-15,2012-10-11,2012-10-15T17:50:46.000Z,,4,,,,4,8748,0,0,,xslF345X03/doc4.xml,FORM 4 SUBMISSION
0001209191-12-049331,2012-10-15,2012-10-11,2012-10-15T17:51:51.000Z,,4,,,,4,8724,0,0,,xslF345X03/doc4.xml,FORM 4 SUBMISSION
0001209191-12-049332,2012-10-15,2012-10-11,2012-10-15T17:53:07.000Z,,4,,,,4,8777,0,0,,xslF345X03/doc4.xml,FORM 4 SUBMISSION
0001209191-12-049333,2012-10-15,2012-10-11,2012-10-15T17:54:25.000Z,,4,,,,4,8756,0,0,,xslF345X03/doc4.xml,FORM 4 SUBMISSION
0001209191-12-049334,2012-10-15,2012-10-11,2012-10-15T17:55:19.000Z,,4,,,,4,5838,0,0,,xslF345X03/doc4.xml,FORM 4 SUBMISSION
0001209191-12-049335,2012-10-15,2012-10-11,2012-10-15T17:56:25.000Z,,4,,,,4,5838,0,0,,xslF345X03/doc4.xml,FORM 4 SUBMISSION
0001193125-12-426681,2012-10-18,2012-10-18,2012-10-18T12:10:04.000Z,34,8-K,001-02958,121149545,"2.02,9.01",8-K,223455,0,0,,d427852d8k.htm,FORM 8-K
0001308179-12-000185,2012-10-19,2012-09-30,2012-10-19T13:07:18.000Z,34,10-Q,001-02958,121151492,,10-Q,5193390,1,0,,lhubbell_10q.htm,HUBBELL INC. FORM 10-Q
0001209191-12-051054,2012-10-31,2012-10-26,2012-10-31T20:37:08.000Z,,4,,,,4,5254,0,0,,xslF345X03/doc4.xml,FORM 4 SUBMISSION
0001209191-12-051057,2012-10-31,2012-10-26,2012-10-31T20:39:28.000Z,,4,,,,4,4639,0,0,,xslF345X03/doc4.xml,FORM 4 SUBMISSION
0001209191-12-053683,2012-11-19,2012-11-15,2012-11-19T18:09:30.000Z,,4,,,,4,5792,0,0,,xslF345X03/doc4.xml,FORM 4 SUBMISSION
0001209191-12-053685,2012-11-19,2012-11-15,2012-11-19T18:12:56.000Z,,4,,,,4,5802,0,0,,xslF345X03/doc4.xml,FORM 4 SUBMISSION
0001209191-12-053687,2012-11-19,2012-11-15,2012-11-19T18:15:32.000Z,,4,,,,4,5807,0,0,,xslF345X03/doc4.xml,FORM 4 SUBMISSION
0001209191-12-053688,2012-11-19,2012-11-15,2012-11-19T18:18:14.000Z,,4,,,,4,5784,0,0,,xslF345X03/doc4.xml,FORM 4 SUBMISSION
0001209191-12-053690,2012-11-19,2012-11-15,2012-11-19T18:22:24.000Z,,4,,,,4,5813,0,0,,xslF345X03/doc4.xml,FORM 4 SUBMISSION
0001209191-12-053698,2012-11-19,2012-11-15,2012-11-19T18:43:58.000Z,,4,,,,4,5792,0,0,,xslF345X03/doc4.xml,FORM 4 SUBMISSION
0001209191-12-053701,2012-11-19,2012-11-15,2012-11-19T18:50:44.000Z,,4,,,,4,5840,0,0,,xslF345X03/doc4.xml,FORM 4 SUBMISSION
0001209191-12-053703,2012-11-19,2012-11-15,2012-11-19T18:53:50.000Z,,4,,,,4,5841,0,0,,xslF345X03/doc4.xml,FORM 4 SUBMISSION
0001209191-12-054206,2012-11-21,2012-11-20,2012-11-21T16:02:17.000Z,,4,,,,4,5250,0,0,,xslF345X03/doc4.xml,FORM 4 SUBMISSION
0001209191-12-055402,2012-12-03,2012-11-30,2012-12-03T22:53:15.000Z,,4,,,,4,4479,0,0,,xslF345X03/doc4.xml,FORM 4 SUBMISSION
0001299933-12-002720,2012-12-06,2012-12-04,2012-12-06T22:24:06.000Z,34,8-K,001-02958,121247555,"5.02,5.03,7.01,9.01",8-K,106238,0,0,,htm_46611.htm,LIVE FILING
0001209191-12-056179,2012-12-06,2012-12-04,2012-12-06T22:27:53.000Z,,4,,,,4,8837,0,0,,xslF345X03/doc4.xml,FORM 4 SUBMISSION
0001209191-12-056180,2012-12-06,2012-12-04,2012-12-06T22:30:15.000Z,,4,,,,4,10074,0,0,,xslF345X03/doc4.xml,FORM 4 SUBMISSION
0001209191-12-056182,2012-12-06,2012-12-04,2012-12-06T22:32:24.000Z,,4,,,,4,7152,0,0,,xslF345X03/doc4.xml,FORM 4 SUBMISSION
0001209191-12-056184,2012-12-06,2012-12-04,2012-12-06T22:37:08.000Z,,4,,,,4,8859,0,0,,xslF345X03/doc4.xml,FORM 4 SUBMISSION
0001209191-12-056198,2012-12-06,2012-12-04,2012-12-06T23:05:12.000Z,,4,,,,4,8839,0,0,,xslF345X03/doc4.xml,FORM 4 SUBMISSION
0001209191-12-056200,2012-12-06,2012-12-04,2012-12-06T23:10:33.000Z,,4,,,,4,8829,0,0,,xslF345X03/doc4.xml,FORM 4 SUBMISSION
0001209191-12-056202,2012-12-06,2012-12-04,2012-12-06T23:13:05.000Z,,4,,,,4,9543,0,0,,xslF345X03/doc4.xml,FORM 4 SUBMISSION
0001209191-12-056204,2012-12-06,2012-12-04,2012-12-06T23:14:19.000Z,,4,,,,4,8851,0,0,,xslF345X03/doc4.xml,FORM 4 SUBMISSION
0001209191-12-056206,2012-12-06,2012-12-04,2012-12-06T23:15:21.000Z,,4,,,,4,8850,0,0,,xslF345X03/doc4.xml,FORM 4 SUBMISSION
0001209191-12-056207,2012-12-06,2012-12-04,2012-12-06T23:17:05.000Z,,4,,,,4,8832,0,0,,xslF345X03/doc4.xml,FORM 4 SUBMISSION
0001209191-12-056682,2012-12-10,2012-12-06,2012-12-10T22:10:35.000Z,,4,,,,4,6326,0,0,,xslF345X03/doc4.xml,FORM 4 SUBMISSION
0001209191-12-056684,2012-12-10,2012-12-06,2012-12-10T22:11:50.000Z,,4,,,,4,7566,0,0,,xslF345X03/doc4.xml,FORM 4 SUBMISSION
0001209191-12-056687,2012-12-10,2012-12-06,2012-12-10T22:13:22.000Z,,4,,,,4,6352,0,0,,xslF345X03/doc4.xml,FORM 4 SUBMISSION
0001209191-12-056688,2012-12-10,2012-12-06,2012-12-10T22:14:40.000Z,,4,,,,4,6318,0,0,,xslF345X03/doc4.xml,FORM 4 SUBMISSION
0001209191-12-056690,2012-12-10,2012-12-06,2012-12-10T22:18:00.000Z,,4,,,,4,6340,0,0,,xslF345X03/doc4.xml,FORM 4 SUBMISSION
0001209191-12-056693,2012-12-10,2012-12-06,2012-12-10T22:19:31.000Z,,4,,,,4,6339,0,0,,xslF345X03/doc4.xml,FORM 4 SUBMISSION
0001209191-12-056695,2012-12-10,2012-12-06,2012-12-10T22:20:58.000Z,,4,,,,4,6325,0,0,,xslF345X03/doc4.xml,FORM 4 SUBMISSION
0001209191-12-056700,2012-12-10,2012-12-06,2012-12-10T22:29:03.000Z,,4,,,,4,17016,0,0,,xslF345X03/doc4.xml,FORM 4 SUBMISSION
0001209191-12-056748,2012-12-10,2012-12-06,2012-12-11T00:11:14.000Z,,4,,,,4,7033,0,0,,xslF345X03/doc4.xml,FORM 4 SUBMISSION
0001209191-12-057319,2012-12-13,2012-12-11,2012-12-13T16:35:00.000Z,,4,,,,4,16316,0,0,,xslF345X03/doc4.xml,FORM 4 SUBMISSION
0001209191-12-057321,2012-12-13,2012-12-11,2012-12-13T16:37:08.000Z,,4,,,,4,9568,0,0,,xslF345X03/doc4.xml,FORM 4 SUBMISSION
0001209191-12-057807,2012-12-14,2012-12-04,2012-12-14T22:00:52.000Z,,4,,,,4,38918,0,0,,xslF345X03/doc4.xml,FORM 4 SUBMISSION
0001209191-12-057816,2012-12-14,2012-12-13,2012-12-14T22:04:48.000Z,,4,,,,4,5151,0,0,,xslF345X03/doc4.xml,FORM 4 SUBMISSION
0001209191-12-057943,2012-12-17,2012-12-13,2012-12-17T14:39:33.000Z,,4,,,,4,13755,0,0,,xslF345X03/doc4.xml,FORM 4 SUBMISSION
0001209191-12-059592,2012-12-28,2012-12-26,2012-12-28T17:49:35.000Z,,4,,,,4,8719,0,0,,xslF345X03/doc4.xml,FORM 4 SUBMISSION
0001209191-12-059593,2012-12-28,2012-12-26,2012-12-28T17:51:20.000Z,,4,,,,4,8758,0,0,,xslF345X03/doc4.xml,FORM 4 SUBMISSION
0001209191-12-059607,2012-12-28,2012-12-26,2012-12-28T18:32:22.000Z,,4,,,,4,8724,0,0,,xslF345X03/doc4.xml,FORM 4 SUBMISSION
0001209191-12-059608,2012-12-28,2012-12-26,2012-12-28T18:33:31.000Z,,4,,,,4,8777,0,0,,xslF345X03/doc4.xml,FORM 4 SUBMISSION
0001209191-12-059610,2012-12-28,2012-12-26,2012-12-28T18:35:03.000Z,,4,,,,4,8756,0,0,,xslF345X03/doc4.xml,FORM 4 SUBMISSION
0001209191-12-059611,2012-12-28,2012-12-26,2012-12-28T18:36:18.000Z,,4,,,,4,5838,0,0,,xslF345X03/doc4.xml,FORM 4 SUBMISSION
0001209191-12-059613,2012-12-28,2012-12-26,2012-12-28T18:37:46.000Z,,4,,,,4,5840,0,0,,xslF345X03/doc4.xml,FORM 4 SUBMISSION
0001209191-12-059642,2012-12-28,2012-12-26,2012-12-28T20:30:27.000Z,,4,,,,4,8750,0,0,,xslF345X03/doc4.xml,FORM 4 SUBMISSION
0001193125-13-021582,2013-01-24,2013-01-24,2013-01-24T13:50:59.000Z,34,8-K,001-02958,13544162,"2.02,9.01",8-K,207485,0,0,,d472503d8k.htm,FORM 8-K
0001086364-13-001601,2013-01-31,,2013-01-31T16:28:50.000Z,34,SC 13G/A,005-17643,13561354,,SC 13G/A,13312,0,0,,hubbell.inc..txt,
0001209191-13-005376,2013-01-31,2013-01-29,2013-01-31T21:39:44.000Z,,4,,,,4,11056,0,0,,xslF345X03/doc4.xml,FORM 4 SUBMISSION
0001209191-13-005379,2013-01-31,2012-12-31,2013-01-31T21:48:36.000Z,,5,,,,5,12893,0,0,,xslF345X03/doc5.xml,FORM 5 SUBMISSION
0001209191-13-005381,2013-01-31,2013-01-29,2013-01-31T22:04:18.000Z,,4,,,,4,19423,0,0,,xslF345X03/doc4.xml,FORM 4 SUBMISSION
0001209191-13-005393,2013-01-31,2013-01-29,2013-01-31T22:17:54.000Z,,4,,,,4,10280,0,0,,xslF345X03/doc4.xml,FORM 4 SUBMISSION
0001209191-13-005423,2013-01-31,2013-01-29,2013-01-31T23:04:21.000Z,,4,,,,4,17601,0,0,,xslF345X03/doc4.xml,FORM 4 SUBMISSION
0001209191-13-005992,2013-02-04,2013-02-01,2013-02-04T21:28:37.000Z,,4,,,,4,5259,0,0,,xslF345X03/doc4.xml,FORM 4 SUBMISSION
0001209191-13-006012,2013-02-04,2012-04-30,2013-02-04T21:41:40.000Z,,4/A,,,,4/A,4184,0,0,,xslF345X03/doc4a.xml,FORM 4/A SUBMISSION
0001209191-13-006767,2013-02-06,2013-02-04,2013-02-06T20:07:30.000Z,,4,,,,4,6686,0,0,,xslF345X03/doc4.xml,FORM 4 SUBMISSION
0001209191-13-007039,2013-02-07,2013-02-06,2013-02-07T20:22:30.000Z,,4,,,,4,5240,0,0,,xslF345X03/doc4.xml,FORM 4 SUBMISSION
0001193125-13-044779,2013-02-08,,2013-02-08T12:18:00.000Z,34,SC 13G/A,005-17643,13584681,,SC 13G/A,40627,0,0,,d478660dsc13ga.txt,HUBBELL INCORPORATED
0001209191-13-007850,2013-02-11,2013-02-07,2013-02-12T00:00:37.000Z,,4,,,,4,6589,0,0,,xslF345X03/doc4.xml,FORM 4 SUBMISSION
0001209191-13-007852,2013-02-11,2013-02-07,2013-02-12T00:01:48.000Z,,4,,,,4,7705,0,0,,xslF345X03/doc4.xml,FORM 4 SUBMISSION
0001209191-13-007854,2013-02-11,2013-02-07,2013-02-12T00:03:09.000Z,,4,,,,4,6612,0,0,,xslF345X03/doc4.xml,FORM 4 SUBMISSION
0001209191-13-007856,2013-02-11,2013-02-07,2013-02-12T00:04:28.000Z,,4,,,,4,6591,0,0,,xslF345X03/doc4.xml,FORM 4 SUBMISSION
0001209191-13-007857,2013-02-11,2013-02-07,2013-02-12T00:05:59.000Z,,4,,,,4,6581,0,0,,xslF345X03/doc4.xml,FORM 4 SUBMISSION
0001209191-13-007858,2013-02-11,2013-02-07,2013-02-12T00:06:54.000Z,,4,,,,4,8009,0,0,,xslF345X03/doc4.xml,FORM 4 SUBMISSION
0001209191-13-007860,2013-02-11,2013-02-07,2013-02-12T00:07:57.000Z,,4,,,,4,6603,0,0,,xslF345X03/doc4.xml,FORM 4 SUBMISSION
0001209191-13-007863,2013-02-11,2013-02-07,2013-02-12T00:09:12.000Z,,4,,,,4,6602,0,0,,xslF345X03/doc4.xml,FORM 4 SUBMISSION
0001209191-13-007867,2013-02-11,2013-02-07,2013-02-12T00:10:11.000Z,,4,,,,4,6589,0,0,,xslF345X03/doc4.xml,FORM 4 SUBMISSION
0001422849-13-000231,2013-02-13,,2013-02-13T16:34:12.000Z,34,SC 13G/A,005-17643,13600813,,SC 13G/A,9219,0,0,,edghubb.txt,SC 13G/A
0001299933-13-000304,2013-02-13,2013-02-07,2013-02-13T21:45:22.000Z,34,8-K,001-02958,13603947,"5.02,7.01,9.01",8-K,19726,0,0,,htm_47100.htm,LIVE FILING
0001308179-13-000027,2013-02-13,2012-12-31,2013-02-13T21:59:52.000Z,34,10-K,001-02958,13604199,,10-K,15839183,1,0,,lhubbell2012_10k.htm,HUBBELL INCORPORATED - FORM 10-K
0000315066-13-002525,2013-02-14,,2013-02-14T18:59:59.000Z,34,SC 13G,005-17643,13611090,,SC 13G,11871,0,0,,filing.txt,
0001209191-13-009006,2013-02-14,2013-02-07,2013-02-14T22:08:23.000Z,,3,,,,3,5243,0,0,,xslF345X02/doc3.xml,FORM 3 SUBMISSION
0001209191-13-010051,2013-02-20,2013-02-07,2013-02-20T20:19:31.000Z,,4/A,,,,4/A,6930,0,0,,xslF345X03/doc4a.xml,FORM 4/A SUBMISSION
0001209191-13-010055,2013-02-20,2013-02-07,2013-02-20T20:20:26.000Z,,4/A,,,,4/A,8042,0,0,,xslF345X03/doc4a.xml,FORM 4/A SUBMISSION
0001209191-13-010057,2013-02-20,2013-02-15,2013-02-20T20:22:03.000Z,,4,,,,4,7531,0,0,,xslF345X03/doc4.xml,FORM 4 SUBMISSION
0001209191-13-010062,2013-02-20,2013-02-15,2013-02-20T20:23:14.000Z,,4,,,,4,5814,0,0,,xslF345X03/doc4.xml,FORM 4 SUBMISSION
0001209191-13-010065,2013-02-20,2013-02-15,2013-02-20T20:24:19.000Z,,4,,,,4,5820,0,0,,xslF345X03/doc4.xml,FORM 4 SUBMISSION
0001209191-13-010068,2013-02-20,2013-02-15,2013-02-20T20:25:22.000Z,,4,,,,4,5826,0,0,,xslF345X03/doc4.xml,FORM 4 SUBMISSION
0001209191-13-010072,2013-02-20,2013-02-07,2013-02-20T20:26:32.000Z,,4/A,,,,4/A,6952,0,0,,xslF345X03/doc4a.xml,FORM 4/A SUBMISSION
0001209191-13-010078,2013-02-20,2013-02-07,2013-02-20T20:27:59.000Z,,4/A,,,,4/A,6932,0,0,,xslF345X03/doc4a.xml,FORM 4/A SUBMISSION
0001209191-13-010088,2013-02-20,2013-02-07,2013-02-20T20:31:24.000Z,,4/A,,,,4/A,6922,0,0,,xslF345X03/doc4a.xml,FORM 4/A SUBMISSION
0001209191-13-010100,2013-02-20,2013-02-15,2013-02-20T20:35:58.000Z,,4,,,,4,5830,0,0,,xslF345X03/doc4.xml,FORM 4 SUBMISSION
0001209191-13-010103,2013-02-20,2013-02-15,2013-02-20T20:37:22.000Z,,4,,,,4,5817,0,0,,xslF345X03/doc4.xml,FORM 4 SUBMISSION
0001209191-13-010109,2013-02-20,2013-02-07,2013-02-20T20:40:17.000Z,,4/A,,,,4/A,6944,0,0,,xslF345X03/doc4a.xml,FORM 4/A SUBMISSION
0001209191-13-010112,2013-02-20,2013-02-15,2013-02-20T20:41:18.000Z,,4,,,,4,5863,0,0,,xslF345X03/doc4.xml,FORM 4 SUBMISSION
0001209191-13-010116,2013-02-20,2013-02-07,2013-02-20T20:42:42.000Z,,4/A,,,,4/A,6943,0,0,,xslF345X03/doc4a.xml,FORM 4/A SUBMISSION
0001209191-13-010121,2013-02-20,2013-02-07,2013-02-20T20:44:36.000Z,,4/A,,,,4/A,6926,0,0,,xslF345X03/doc4a.xml,FORM 4/A SUBMISSION
0001209191-13-010183,2013-02-20,2013-02-07,2013-02-20T21:31:00.000Z,,4/A,,,,4/A,8352,0,0,,xslF345X03/doc4a.xml,FORM 4/A SUBMISSION
0001209191-13-010186,2013-02-20,2013-02-15,2013-02-20T21:33:34.000Z,,4,,,,4,6661,0,0,,xslF345X03/doc4.xml,FORM 4 SUBMISSION
0001209191-13-011002,2013-02-22,2013-02-21,2013-02-22T22:14:07.000Z,,4,,,,4,6354,0,0,,xslF345X03/doc4.xml,FORM 4 SUBMISSION
0001209191-13-012013,2013-02-27,2013-02-27,2013-02-27T18:48:55.000Z,,4,,,,4,5181,0,0,,xslF345X03/doc4.xml,FORM 4 SUBMISSION
0001209191-13-012016,2013-02-27,2013-02-26,2013-02-27T18:51:11.000Z,,4,,,,4,5240,0,0,,xslF345X03/doc4.xml,FORM 4 SUBMISSION
0001209191-13-016537,2013-03-14,2013-03-13,2013-03-14T20:28:23.000Z,,4,,,,4,5252,0,0,,xslF345X03/doc4.xml,FORM 4 SUBMISSION
0001209191-13-016893,2013-03-15,2012-09-13,2013-03-15T20:33:11.000Z,,4,,,,4,4682,0,0,,xslF345X03/doc4.xml,FORM 4 SUBMISSION
0001209191-13-017543,2013-03-19,2013-03-15,2013-03-19T21:58:21.000Z,,4,,,,4,5845,0,0,,xslF345X03/doc4.xml,FORM 4 SUBMISSION
0001209191-13-017544,2013-03-19,2013-03-15,2013-03-19T22:00:45.000Z,,4,,,,4,8741,0,0,,xslF345X03/doc4.xml,FORM 4 SUBMISSION
0001209191-13-017545,2013-03-19,2013-03-15,2013-03-19T22:01:57.000Z,,4,,,,4,8777,0,0,,xslF345X03/doc4.xml,FORM 4 SUBMISSION
0001209191-13-017546,2013-03-19,2013-03-15,2013-03-19T22:03:48.000Z,,4,,,,4,8768,0,0,,xslF345X03/doc4.xml,FORM 4 SUBMISSION
0001209191-13-017547,2013-03-19,2013-03-15,2013-03-19T22:04:47.000Z,,4,,,,4,8740,0,0,,xslF345X03/doc4.xml,FORM 4 SUBMISSION
0001209191-13-017548,2013-03-19,2013-03-15,2013-03-19T22:05:49.000Z,,4,,,,4,8792,0,0,,xslF345X03/doc4.xml,FORM 4 SUBMISSION
0001209191-13-017551,2013-03-19,2013-03-15,2013-03-19T22:07:00.000Z,,4,,,,4,8781,0,0,,xslF345X03/doc4.xml,FORM 4 SUBMISSION
0001209191-13-017555,2013-03-19,2013-03-15,2013-03-19T22:08:57.000Z,,4,,,,4,5861,0,0,,xslF345X03/doc4.xml,FORM 4 SUBMISSION
0001209191-13-017556,2013-03-19,2013-03-15,2013-03-19T22:09:59.000Z,,4,,,,4,5840,0,0,,xslF345X03/doc4.xml,FORM 4 SUBMISSION
0001308179-13-000094,2013-03-20,2013-03-20,2013-03-20T20:27:22.000Z,34,DEF 14A,001-02958,13705224,,DEF 14A,3766130,0,0,,lhubbell_def14a.htm,HUBBELL INCORPORATED - DEF14A
0001193125-13-160024,2013-04-18,2013-04-18,2013-04-18T12:55:58.000Z,34,8-K,001-02958,13768243,"2.02,9.01",8-K,177126,0,0,,d523469d8k.htm,FORM 8-K
0001299933-13-000684,2013-04-19,2013-04-15,2013-04-18T22:00:50.000Z,34,8-K,001-02958,13770039,"5.02,7.01,9.01",8-K,97539,0,0,,htm_47482.htm,LIVE FILING
0001308179-13-000230,2013-04-19,2013-03-31,2013-04-19T13:08:09.000Z,34,10-Q,001-02958,13770511,,10-Q,5531654,1,0,,lhubbell2013_10q.htm,HUBBELL INCORPORATED - FORM 10-Q
0001209191-13-022448,2013-04-25,2013-04-15,2013-04-25T17:46:10.000Z,,3,,,,3,6757,0,0,,xslF345X02/doc3.xml,FORM 3 SUBMISSION
0001209191-13-025163,2013-05-09,2013-05-07,2013-05-09T19:05:12.000Z,,4,,,,4,4677,0,0,,xslF345X03/doc4.xml,FORM 4 SUBMISSION
0001209191-13-025164,2013-05-09,2013-05-07,2013-05-09T19:06:40.000Z,,4,,,,4,4746,0,0,,xslF345X03/doc4.xml,FORM 4 SUBMISSION
0001209191-13-025268,2013-05-09,2013-05-07,2013-05-09T21:07:01.000Z,,4,,,,4,5855,0,0,,xslF345X03/doc4.xml,FORM 4 SUBMISSION
0001209191-13-025283,2013-05-09,2013-05-07,2013-05-09T21:10:54.000Z,,4,,,,4,5836,0,0,,xslF345X03/doc4.xml,FORM 4 SUBMISSION
0001209191-13-025293,2013-05-09,2013-05-07,2013-05-09T21:12:39.000Z,,4,,,,4,5818,0,0,,xslF345X03/doc4.xml,FORM 4 SUBMISSION
0001209191-13-025304,2013-05-09,2013-05-07,2013-05-09T21:14:50.000Z,,4,,,,4,5825,0,0,,xslF345X03/doc4.xml,FORM 4 SUBMISSION
0001209191-13-025309,2013-05-09,2013-05-07,2013-05-09T21:17:01.000Z,,4,,,,4,5834,0,0,,xslF345X03/doc4.xml,FORM 4 SUBMISSION
0001209191-13-025325,2013-05-09,2013-05-07,2013-05-09T21:23:59.000Z,,4,,,,4,4704,0,0,,xslF345X03/doc4.xml,FORM 4 SUBMISSION
0001209191-13-025329,2013-05-09,2013-05-07,2013-05-09T21:25:31.000Z,,4,,,,4,6375,0,0,,xslF345X03/doc4.xml,FORM 4 SUBMISSION
0001209191-13-025333,2013-05-09,2013-05-07,2013-05-09T21:27:29.000Z,,4,,,,4,5834,0,0,,xslF345X03/doc4.xml,FORM 4 SUBMISSION
0001209191-13-025337,2013-05-09,2013-05-07,2013-05-09T21:29:26.000Z,,4,,,,4,5822,0,0,,xslF345X03/doc4.xml,FORM 4 SUBMISSION
0001299933-13-000873,2013-05-10,2013-05-07,2013-05-09T21:31:33.000Z,34,8-K,001-02958,13830255,"5.02,5.03,5.07",8-K,107272,0,0,,htm_47676.htm,LIVE FILING
0001209191-13-026788,2013-05-16,2013-05-07,2013-05-16T19:59:38.000Z,,3,,,,3,10088,0,0,,xslF345X02/doc3.xml,FORM 3 SUBMISSION
0001209191-13-027109,2013-05-17,2013-05-15,2013-05-17T16:48:32.000Z,,4,,,,4,5851,0,0,,xslF345X03/doc4.xml,FORM 4 SUBMISSION
0001209191-13-027110,2013-05-17,2013-05-15,2013-05-17T16:50:32.000Z,,4,,,,4,5812,0,0,,xslF345X03/doc4.xml,FORM 4 SUBMISSION
0001209191-13-027111,2013-05-17,2013-05-15,2013-05-17T16:52:43.000Z,,4,,,,4,5818,0,0,,xslF345X03/doc4.xml,FORM 4 SUBMISSION
0001209191-13-027112,2013-05-17,2013-05-15,2013-05-17T16:53:47.000Z,,4,,,,4,5826,0,0,,xslF345X03/doc4.xml,FORM 4 SUBMISSION
0001209191-13-027113,2013-05-17,2013-05-15,2013-05-17T16:55:00.000Z,,4,,,,4,5843,0,0,,xslF345X03/doc4.xml,FORM 4 SUBMISSION
0001209191-13-027114,2013-05-17,2013-05-15,2013-05-17T16:56:10.000Z,,4,,,,4,5830,0,0,,xslF345X03/doc4.xml,FORM 4 SUBMISSION
0001209191-13-027115,2013-05-17,2013-05-15,2013-05-17T16:57:34.000Z,,4,,,,4,5817,0,0,,xslF345X03/doc4.xml,FORM 4 SUBMISSION
0001209191-13-027117,2013-05-17,2013-05-15,2013-05-17T17:01:05.000Z,,4,,,,4,5861,0,0,,xslF345X03/doc4.xml,FORM 4 SUBMISSION
0001209191-13-030966,2013-06-06,2013-05-31,2013-06-06T18:52:35.000Z,,4,,,,4,7787,0,0,,xslF345X03/doc4.xml,FORM 4 SUBMISSION
0001209191-13-031228,2013-06-07,2013-06-06,2013-06-07T21:36:06.000Z,,4,,,,4,4766,0,0,,xslF345X03/doc4.xml,FORM 4 SUBMISSION
0001209191-13-031230,2013-06-07,2013-06-06,2013-06-07T21:37:18.000Z,,4,,,,4,4745,0,0,,xslF345X03/doc4.xml,FORM 4 SUBMISSION
0001209191-13-031496,2013-06-11,2013-06-10,2013-06-11T16:58:26.000Z,,4,,,,4,6597,0,0,,xslF345X03/doc4.xml,FORM 4 SUBMISSION
0001193125-13-293721,2013-07-18,2013-07-18,2013-07-18T11:55:02.000Z,34,8-K,001-02958,13973913,"2.02,9.01",8-K,195557,0,0,,d570452d8k.htm,FORM 8-K
0001308179-13-000279,2013-07-19,2013-06-30,2013-07-19T12:55:08.000Z,34,10-Q,001-02958,13975974,,10-Q,8882453,1,0,,lhubbell2013_10q.htm,HUBBELL INCORPORATED - FORM 10-Q
0001214659-13-004002,2013-07-19,,2013-07-19T20:38:42.000Z,34,SC 13D/A,005-17643,13977365,,SC 13D/A,100035,0,0,,j719130sc13da3.htm,AMENDMENT NO. 3
0001209191-13-037842,2013-07-25,2013-07-23,2013-07-25T16:57:06.000Z,,4,,,,4,15311,0,0,,xslF345X03/doc4.xml,FORM 4 SUBMISSION
0001209191-13-038153,2013-07-29,2013-07-19,2013-07-29T19:42:34.000Z,,3,,,,3,12804,0,0,,xslF345X02/doc3.xml,FORM 3 SUBMISSION
0001209191-13-039115,2013-08-05,2013-08-02,2013-08-05T14:18:20.000Z,,4,,,,4,4638,0,0,,xslF345X03/doc4.xml,FORM 4 SUBMISSION
0001209191-13-041378,2013-08-19,2013-08-15,2013-08-19T20:55:58.000Z,,4,,,,4,6104,0,0,,xslF345X03/doc4.xml,FORM 4 SUBMISSION
0001209191-13-041379,2013-08-19,2013-08-15,2013-08-19T20:56:48.000Z,,4,,,,4,6089,0,0,,xslF345X03/doc4.xml,FORM 4 SUBMISSION
0001209191-13-041382,2013-08-19,2013-08-15,2013-08-19T20:57:56.000Z,,4,,,,4,6112,0,0,,xslF345X03/doc4.xml,FORM 4 SUBMISSION
0001209191-13-041383,2013-08-19,2013-08-15,2013-08-19T20:58:54.000Z,,4,,,,4,6116,0,0,,xslF345X03/doc4.xml,FORM 4 SUBMISSION
0001209191-13-041386,2013-08-19,2013-08-15,2013-08-19T21:00:53.000Z,,4,,,,4,6130,0,0,,xslF345X03/doc4.xml,FORM 4 SUBMISSION
0001209191-13-041391,2013-08-19,2013-08-15,2013-08-19T21:03:53.000Z,,4,,,,4,6121,0,0,,xslF345X03/doc4.xml,FORM 4 SUBMISSION
0001209191-13-041397,2013-08-19,2013-08-15,2013-08-19T21:05:17.000Z,,4,,,,4,6108,0,0,,xslF345X03/doc4.xml,FORM 4 SUBMISSION
0001209191-13-041399,2013-08-19,2013-08-15,2013-08-19T21:06:39.000Z,,4,,,,4,6153,0,0,,xslF345X03/doc4.xml,FORM 4 SUBMISSION
0000315066-13-003920,2013-09-10,,2013-09-10T13:46:53.000Z,34,SC 13G/A,005-17643,131087062,,SC 13G/A,12647,0,0,,filing.txt,
0001209191-13-044023,2013-09-12,2013-09-11,2013-09-12T19:35:38.000Z,,4,,,,4,4756,0,0,,xslF345X03/doc4.xml,FORM 4 SUBMISSION
0001209191-13-044043,2013-09-12,2013-09-11,2013-09-12T20:24:19.000Z,,4,,,,4,6766,0,0,,xslF345X03/doc4.xml,FORM 4 SUBMISSION
0001193125-13-366711,2013-09-13,,2013-09-13T20:58:08.000Z,33,S-8,333-191167,131096920,,S-8,58534,0,0,,d597034ds8.htm,FORM S-8
0001209191-13-046892,2013-10-03,2013-10-01,2013-10-03T14:08:31.000Z,,4,,,,4,13433,0,0,,xslF345X03/doc4.xml,FORM 4 SUBMISSION
0001209191-13-048357,2013-10-15,2013-10-14,2013-10-15T21:27:46.000Z,,4,,,,4,13442,0,0,,xslF345X03/doc4.xml,FORM 4 SUBMISSION
0001193125-13-401784,2013-10-17,2013-10-17,2013-10-17T12:34:37.000Z,34,8-K,001-02958,131155446,"2.02,9.01",8-K,160153,0,0,,d613175d8k.htm,FORM 8-K
0001308179-13-000320,2013-10-18,2013-09-30,2013-10-18T12:26:16.000Z,34,10-Q,001-02958,131158278,,10-Q,6345107,1,0,,lhubbell_10q3.htm,HUBBELL INCORPORATED - FORM 10-Q
0001209191-13-049404,2013-10-25,2013-10-23,2013-10-25T20:43:33.000Z,,4,,,,4,11058,0,0,,xslF345X03/doc4.xml,FORM 4 SUBMISSION
0001209191-13-049909,2013-10-31,2013-10-29,2013-10-31T17:25:29.000Z,,4,,,,4,8993,0,0,,xslF345X03/doc4.xml,FORM 4 SUBMISSION
0001209191-13-052827,2013-11-18,2013-11-15,2013-11-18T21:35:40.000Z,,4,,,,4,6146,0,0,,xslF345X03/doc4.xml,FORM 4 SUBMISSION
0001209191-13-052828,2013-11-18,2013-11-15,2013-11-18T21:36:18.000Z,,4,,,,4,6094,0,0,,xslF345X03/doc4.xml,FORM 4 SUBMISSION
0001209191-13-052829,2013-11-18,2013-11-15,2013-11-18T21:36:49.000Z,,4,,,,4,6117,0,0,,xslF345X03/doc4.xml,FORM 4 SUBMISSION
0001209191-13-052832,2013-11-18,2013-11-15,2013-11-18T21:37:31.000Z,,4,,,,4,6118,0,0,,xslF345X03/doc4.xml,FORM 4 SUBMISSION
0001209191-13-052835,2013-11-18,2013-11-14,2013-11-18T21:38:12.000Z,,4,,,,4,12165,0,0,,xslF345X03/doc4.xml,FORM 4 SUBMISSION
0001209191-13-052836,2013-11-18,2013-11-15,2013-11-18T21:38:57.000Z,,4,,,,4,6125,0,0,,xslF345X03/doc4.xml,FORM 4 SUBMISSION
0001209191-13-052838,2013-11-18,2013-11-15,2013-11-18T21:39:47.000Z,,4,,,,4,6114,0,0,,xslF345X03/doc4.xml,FORM 4 SUBMISSION
0001209191-13-052843,2013-11-18,2013-11-15,2013-11-18T21:42:30.000Z,,4,,,,4,6158,0,0,,xslF345X03/doc4.xml,FORM 4 SUBMISSION
0001209191-13-054277,2013-11-27,2013-11-25,2013-11-27T15:14:44.000Z,,4,,,,4,8993,0,0,,xslF345X03/doc4.xml,FORM 4 SUBMISSION
0001209191-13-055646,2013-12-06,2013-12-04,2013-12-06T18:56:38.000Z,,4,,,,4,6330,0,0,,xslF345X03/doc4.xml,FORM 4 SUBMISSION
0001209191-13-055647,2013-12-06,2013-12-04,2013-12-06T18:57:10.000Z,,4,,,,4,7568,0,0,,xslF345X03/doc4.xml,FORM 4 SUBMISSION
0001209191-13-055648,2013-12-06,2013-12-04,2013-12-06T18:57:52.000Z,,4,,,,4,4756,0,0,,xslF345X03/doc4.xml,FORM 4 SUBMISSION
0001209191-13-055649,2013-12-06,2013-12-04,2013-12-06T18:58:29.000Z,,4,,,,4,6337,0,0,,xslF345X03/doc4.xml,FORM 4 SUBMISSION
0001209191-13-055651,2013-12-06,2013-12-04,2013-12-06T18:59:29.000Z,,4,,,,4,7037,0,0,,xslF345X03/doc4.xml,FORM 4 SUBMISSION
0001209191-13-055653,2013-12-06,2013-12-04,2013-12-06T19:00:09.000Z,,4,,,,4,6356,0,0,,xslF345X03/doc4.xml,FORM 4 SUBMISSION
0001209191-13-055654,2013-12-06,2013-12-04,2013-12-06T19:02:17.000Z,,4,,,,4,6332,0,0,,xslF345X03/doc4.xml,FORM 4 SUBMISSION
0001209191-13-055655,2013-12-06,2013-12-04,2013-12-06T19:03:11.000Z,,4,,,,4,6323,0,0,,xslF345X03/doc4.xml,FORM 4 SUBMISSION
0001209191-13-055656,2013-12-06,2013-12-04,2013-12-06T19:03:47.000Z,,4,,,,4,6344,0,0,,xslF345X03/doc4.xml,FORM 4 SUBMISSION
0001209191-13-055657,2013-12-06,2013-12-04,2013-12-06T19:05:22.000Z,,4,,,,4,6343,0,0,,xslF345X03/doc4.xml,FORM 4 SUBMISSION
0001209191-13-055865,2013-12-09,2013-12-06,2013-12-09T19:56:26.000Z,,4,,,,4,4753,0,0,,xslF345X03/doc4.xml,FORM 4 SUBMISSION
0001209191-13-055869,2013-12-09,2013-12-06,2013-12-09T20:02:59.000Z,,4,,,,4,5993,0,0,,xslF345X03/doc4.xml,FORM 4 SUBMISSION
0001209191-13-055870,2013-12-09,2013-12-06,2013-12-09T20:03:30.000Z,,4,,,,4,4760,0,0,,xslF345X03/doc4.xml,FORM 4 SUBMISSION
0001209191-13-055871,2013-12-09,2013-12-06,2013-12-09T20:04:05.000Z,,4,,,,4,5462,0,0,,xslF345X03/doc4.xml,FORM 4 SUBMISSION
0001209191-13-055872,2013-12-09,2013-12-06,2013-12-09T20:04:40.000Z,,4,,,,4,4778,0,0,,xslF345X03/doc4.xml,FORM 4 SUBMISSION
0001209191-13-055873,2013-12-09,2013-12-06,2013-12-09T20:05:12.000Z,,4,,,,4,4755,0,0,,xslF345X03/doc4.xml,FORM 4 SUBMISSION
0001209191-13-055874,2013-12-09,2013-12-06,2013-12-09T20:05:42.000Z,,4,,,,4,4745,0,0,,xslF345X03/doc4.xml,FORM 4 SUBMISSION
0001209191-13-055875,2013-12-09,2013-12-06,2013-12-09T20:06:33.000Z,,4,,,,4,4767,0,0,,xslF345X03/doc4.xml,FORM 4 SUBMISSION
0001209191-13-055876,2013-12-09,2013-12-06,2013-12-09T20:07:23.000Z,,4,,,,4,4766,0,0,,xslF345X03/doc4.xml,FORM 4 SUBMISSION
0001209191-13-056355,2013-12-11,2013-12-09,2013-12-11T21:24:35.000Z,,4,,,,4,11216,0,0,,xslF345X03/doc4.xml,FORM 4 SUBMISSION
0001209191-13-056639,2013-12-12,2013-12-10,2013-12-12T21:58:42.000Z,,4,,,,4,7264,0,0,,xslF345X03/doc4.xml,FORM 4 SUBMISSION
0001209191-13-056640,2013-12-12,2013-12-10,2013-12-12T21:59:21.000Z,,4,,,,4,8501,0,0,,xslF345X03/doc4.xml,FORM 4 SUBMISSION
0001209191-13-056641,2013-12-12,2013-12-10,2013-12-12T22:00:05.000Z,,4,,,,4,7287,0,0,,xslF345X03/doc4.xml,FORM 4 SUBMISSION
0001209191-13-056644,2013-12-12,2013-12-10,2013-12-12T22:01:17.000Z,,4,,,,4,7266,0,0,,xslF345X03/doc4.xml,FORM 4 SUBMISSION
0001209191-13-056648,2013-12-12,2013-12-10,2013-12-12T22:02:40.000Z,,4,,,,4,7267,0,0,,xslF345X03/doc4.xml,FORM 4 SUBMISSION
0001209191-13-056649,2013-12-12,2013-12-10,2013-12-12T22:03:33.000Z,,4,,,,4,7861,0,0,,xslF345X03/doc4.xml,FORM 4 SUBMISSION
0001209191-13-056650,2013-12-12,2013-12-10,2013-12-12T22:04:25.000Z,,4,,,,4,7285,0,0,,xslF345X03/doc4.xml,FORM 4 SUBMISSION
0001209191-13-056652,2013-12-12,2013-12-10,2013-12-12T22:05:22.000Z,,4,,,,4,7263,0,0,,xslF345X03/doc4.xml,FORM 4 SUBMISSION
0001209191-13-056654,2013-12-12,2013-12-10,2013-12-12T22:06:01.000Z,,4,,,,4,7263,0,0,,xslF345X03/doc4.xml,FORM 4 SUBMISSION
0001209191-13-056656,2013-12-12,2013-12-10,2013-12-12T22:06:54.000Z,,4,,,,4,7278,0,0,,xslF345X03/doc4.xml,FORM 4 SUBMISSION
0001209191-13-056659,2013-12-12,2013-12-10,2013-12-12T22:07:40.000Z,,4,,,,4,7277,0,0,,xslF345X03/doc4.xml,FORM 4 SUBMISSION
0001162044-13-001406,2013-12-19,,2013-12-19T19:46:50.000Z,34,SC 13D,005-17643,131288114,,SC 13D,40618,0,0,,ancorasec13d201312.htm,
0001209191-13-058669,2013-12-26,2013-12-23,2013-12-26T21:57:22.000Z,,4,,,,4,11215,0,0,,xslF345X03/doc4.xml,FORM 4 SUBMISSION
0001209191-14-002400,2014-01-08,2014-01-06,2014-01-08T21:51:51.000Z,,4,,,,4,11214,0,0,,xslF345X03/doc4.xml,FORM 4 SUBMISSION
0001144204-14-002616,2014-01-16,,2014-01-16T22:28:01.000Z,34,SC 13D/A,005-17643,14533024,,SC 13D/A,71792,0,0,,v365572_13da.htm,SC 13D/A
0001209191-14-004575,2014-01-23,2014-01-21,2014-01-23T21:41:55.000Z,,4,,,,4,13439,0,0,,xslF345X03/doc4.xml,FORM 4 SUBMISSION
0001193125-14-023303,2014-01-28,2014-01-24,2014-01-28T13:35:06.000Z,34,8-K,001-02958,14550715,"2.02,5.02,9.01",8-K,172927,0,0,,d667334d8k.htm,8-K
0001086364-14-000972,2014-01-29,,2014-01-29T12:45:38.000Z,34,SC 13G/A,005-17643,14555178,,SC 13G/A,13263,0,0,,hubbell.inc..txt,
0001209191-14-006489,2014-02-03,2014-01-24,2014-02-03T21:34:32.000Z,,3,,,,3,10100,0,0,,xslF345X02/doc3.xml,FORM 3 SUBMISSION
0001209191-14-007046,2014-02-04,2014-02-01,2014-02-04T21:51:47.000Z,,4,,,,4,7143,0,0,,xslF345X03/doc4.xml,FORM 4 SUBMISSION
0001209191-14-007051,2014-02-04,2014-01-31,2014-02-04T21:57:05.000Z,,4,,,,4,20956,0,0,,xslF345X03/doc4.xml,FORM 4 SUBMISSION
0000902664-14-000541,2014-02-05,,2014-02-05T20:17:20.000Z,34,SC 13G/A,005-17643,14575967,,SC 13G/A,108597,0,0,,p14-0340sc13ga.htm,"ADAGE CAPITAL PARTNERS GP, L.L.C."
0001209191-14-007551,2014-02-05,2014-02-03,2014-02-05T21:19:33.000Z,,4,,,,4,15661,0,0,,xslF345X03/doc4.xml,FORM 4 SUBMISSION
0001209191-14-007554,2014-02-05,2014-02-04,2014-02-05T21:20:22.000Z,,4,,,,4,19425,0,0,,xslF345X03/doc4.xml,FORM 4 SUBMISSION
0001209191-14-008127,2014-02-06,2014-02-05,2014-02-06T23:30:31.000Z,,4,,,,4,7702,0,0,,xslF345X03/doc4.xml,FORM 4 SUBMISSION
0001209191-14-008815,2014-02-10,2014-02-07,2014-02-10T23:07:41.000Z,,4,,,,4,12148,0,0,,xslF345X03/doc4.xml,FORM 4 SUBMISSION
0000932471-14-003529,2014-02-11,,2014-02-11T19:40:20.000Z,34,SC 13G,005-17643,14593537,,SC 13G,51716,0,0,,hubbell.htm,
0001422849-14-000203,2014-02-13,,2014-02-13T22:08:33.000Z,34,SC 13G/A,005-17643,14607675,,SC 13G/A,9224,0,0,,edghubb.txt,SC 13G/A
0000315066-14-002219,2014-02-14,,2014-02-14T11:51:40.000Z,34,SC 13G/A,005-17643,14609869,,SC 13G/A,12658,0,0,,filing.txt,
0001299933-14-000248,2014-02-18,2014-02-13,2014-02-18T12:39:44.000Z,34,8-K,001-02958,14620357,"5.02,7.01,9.01",8-K,17612,0,0,,htm_49310.htm,LIVE FILING
0001308179-14-000038,2014-02-18,2013-12-31,2014-02-18T13:28:49.000Z,34,10-K,001-02958,14620438,,10-K,15790101,1,0,,lhub2014_10k.htm,HUBBELL INCORPORATED - FORM 10-K
0001209191-14-011421,2014-02-18,2014-02-13,2014-02-18T22:22:39.000Z,,4,,,,4,11116,0,0,,xslF345X03/doc4.xml,FORM 4 SUBMISSION
0001209191-14-011425,2014-02-18,2014-02-13,2014-02-18T22:23:53.000Z,,4,,,,4,7703,0,0,,xslF345X03/doc4.xml,FORM 4 SUBMISSION
0001209191-14-011427,2014-02-18,2014-02-13,2014-02-18T22:24:37.000Z,,4,,,,4,6612,0,0,,xslF345X03/doc4.xml,FORM 4 SUBMISSION
0001209191-14-011429,2014-02-18,2014-02-13,2014-02-18T22:25:53.000Z,,4,,,,4,6603,0,0,,xslF345X03/doc4.xml,FORM 4 SUBMISSION
0001209191-14-011430,2014-02-18,2014-02-13,2014-02-18T22:26:44.000Z,,4,,,,4,6581,0,0,,xslF345X03/doc4.xml,FORM 4 SUBMISSION
0001209191-14-011431,2014-02-18,2014-02-13,2014-02-18T22:27:47.000Z,,4,,,,4,6596,0,0,,xslF345X03/doc4.xml,FORM 4 SUBMISSION
0001209191-14-011432,2014-02-18,2014-02-13,2014-02-18T22:28:50.000Z,,4,,,,4,6591,0,0,,xslF345X03/doc4.xml,FORM 4 SUBMISSION
0001209191-14-011434,2014-02-18,2014-02-13,2014-02-18T22:29:59.000Z,,4,,,,4,6616,0,0,,xslF345X03/doc4.xml,FORM 4 SUBMISSION
0001209191-14-011435,2014-02-18,2014-02-13,2014-02-18T22:31:45.000Z,,4,,,,4,6589,0,0,,xslF345X03/doc4.xml,FORM 4 SUBMISSION
0001209191-14-011908,2014-02-19,2014-02-13,2014-02-19T22:23:05.000Z,,3,,,,3,5279,0,0,,xslF345X02/doc3.xml,FORM 3 SUBMISSION
0001209191-14-011924,2014-02-19,2014-02-14,2014-02-19T22:42:51.000Z,,4,,,,4,6144,0,0,,xslF345X03/doc4.xml,FORM 4 SUBMISSION
0001209191-14-011925,2014-02-19,2014-02-14,2014-02-19T22:43:41.000Z,,4,,,,4,6091,0,0,,xslF345X03/doc4.xml,FORM 4 SUBMISSION
0001209191-14-011927,2014-02-19,2014-02-14,2014-02-19T22:44:58.000Z,,4,,,,4,6113,0,0,,xslF345X03/doc4.xml,FORM 4 SUBMISSION
0001209191-14-011928,2014-02-19,2014-02-14,2014-02-19T22:46:15.000Z,,4,,,,4,6115,0,0,,xslF345X03/doc4.xml,FORM 4 SUBMISSION
0001209191-14-011929,2014-02-19,2014-02-14,2014-02-19T22:47:11.000Z,,4,,,,4,6123,0,0,,xslF345X03/doc4.xml,FORM 4 SUBMISSION
0001209191-14-011930,2014-02-19,2014-02-14,2014-02-19T22:48:02.000Z,,4,,,,4,6110,0,0,,xslF345X03/doc4.xml,FORM 4 SUBMISSION
0001209191-14-011931,2014-02-19,2014-02-14,2014-02-19T22:48:57.000Z,,4,,,,4,9100,0,0,,xslF345X03/doc4.xml,FORM 4 SUBMISSION
0001209191-14-011932,2014-02-19,2014-02-14,2014-02-19T22:49:43.000Z,,4,,,,4,6153,0,0,,xslF345X03/doc4.xml,FORM 4 SUBMISSION
0001209191-14-012512,2014-02-20,2014-02-18,2014-02-20T22:26:11.000Z,,4,,,,4,4637,0,0,,xslF345X03/doc4.xml,FORM 4 SUBMISSION
0001209191-14-012514,2014-02-20,2014-02-18,2014-02-20T22:27:26.000Z,,4,,,,4,15689,0,0,,xslF345X03/doc4.xml,FORM 4 SUBMISSION
0001209191-14-013159,2014-02-21,2014-02-20,2014-02-21T22:00:47.000Z,,4,,,,4,5242,0,0,,xslF345X03/doc4.xml,FORM 4 SUBMISSION
0001209191-14-013160,2014-02-21,2014-02-19,2014-02-21T22:02:19.000Z,,4,,,,4,13255,0,0,,xslF345X03/doc4.xml,FORM 4 SUBMISSION
0001209191-14-017474,2014-03-05,2014-03-03,2014-03-05T22:31:42.000Z,,4,,,,4,11215,0,0,,xslF345X03/doc4.xml,FORM 4 SUBMISSION
0001209191-14-019368,2014-03-11,2014-03-07,2014-03-11T21:28:29.000Z,,4,,,,4,9742,0,0,,xslF345X03/doc4.xml,FORM 4 SUBMISSION
0001209191-14-020343,2014-03-13,2014-03-11,2014-03-13T21:28:46.000Z,,4,,,,4,5961,0,0,,xslF345X03/doc4.xml,FORM 4 SUBMISSION
0001308179-14-000068,2014-03-19,2014-03-19,2014-03-19T20:38:33.000Z,34,DEF 14A,001-02958,14704363,,DEF 14A,2012661,0,0,,lhub2014_def14a.htm,HUBBELL INCORPORATED - DEF14A
0001209191-14-022260,2014-03-20,2014-03-18,2014-03-20T21:32:17.000Z,,4,,,,4,11212,0,0,,xslF345X03/doc4.xml,FORM 4 SUBMISSION
0001209191-14-025482,2014-04-03,2014-04-01,2014-04-03T20:46:28.000Z,,4,,,,4,11217,0,0,,xslF345X03/doc4.xml,FORM 4 SUBMISSION
0001209191-14-027935,2014-04-16,2014-04-14,2014-04-16T21:22:54.000Z,,4,,,,4,13441,0,0,,xslF345X03/doc4.xml,FORM 4 SUBMISSION
0001209191-14-027939,2014-04-16,2014-04-15,2014-04-16T21:27:00.000Z,,4,,,,4,4779,0,0,,xslF345X03/doc4.xml,FORM 4 SUBMISSION
0001193125-14-151824,2014-04-22,2014-04-22,2014-04-22T13:03:06.000Z,34,8-K,001-02958,14775359,"2.02,9.01",8-K,135616,0,0,,d715153d8k.htm,FORM 8-K
0001308179-14-000188,2014-04-22,2014-03-31,2014-04-22T20:46:07.000Z,34,10-Q,001-02958,14776678,,10-Q,5258207,1,0,,lhub2014_10q.htm,HUBBELL INCORPORATED - FORM 10-Q
0001209191-14-030165,2014-05-01,2014-04-29,2014-05-01T20:05:38.000Z,,4,,,,4,11213,0,0,,xslF345X03/doc4.xml,FORM 4 SUBMISSION
0001209191-14-030174,2014-05-01,2014-04-29,2014-05-01T20:07:11.000Z,,4,,,,4,11073,0,0,,xslF345X03/doc4.xml,FORM 4 SUBMISSION
0001299933-14-000718,2014-05-08,2014-05-06,2014-05-08T13:53:42.000Z,34,8-K,001-02958,14823327,"5.02,8.01",8-K,22044,0,0,,htm_49780.htm,LIVE FILING
0001209191-14-032292,2014-05-08,2014-05-06,2014-05-08T21:06:47.000Z,,4,,,,4,11052,0,0,,xslF345X03/doc4.xml,FORM 4 SUBMISSION
0001209191-14-032300,2014-05-08,2014-05-06,2014-05-08T21:08:43.000Z,,4,,,,4,6060,0,0,,xslF345X03/doc4.xml,FORM 4 SUBMISSION
0001209191-14-032302,2014-05-08,2014-05-06,2014-05-08T21:09:26.000Z,,4,,,,4,6020,0,0,,xslF345X03/doc4.xml,FORM 4 SUBMISSION
0001209191-14-032304,2014-05-08,2014-05-06,2014-05-08T21:10:02.000Z,,4,,,,4,6027,0,0,,xslF345X03/doc4.xml,FORM 4 SUBMISSION
0001209191-14-032306,2014-05-08,2014-05-06,2014-05-08T21:10:33.000Z,,4,,,,4,6031,0,0,,xslF345X03/doc4.xml,FORM 4 SUBMISSION
0001209191-14-032310,2014-05-08,2014-05-06,2014-05-08T21:11:18.000Z,,4,,,,4,4703,0,0,,xslF345X03/doc4.xml,FORM 4 SUBMISSION
0001209191-14-032314,2014-05-08,2014-05-06,2014-05-08T21:13:23.000Z,,4,,,,4,4837,0,0,,xslF345X03/doc4.xml,FORM 4 SUBMISSION
0001209191-14-032319,2014-05-08,2014-05-06,2014-05-08T21:15:38.000Z,,4,,,,4,4676,0,0,,xslF345X03/doc4.xml,FORM 4 SUBMISSION
0001209191-14-032321,2014-05-08,2014-05-06,2014-05-08T21:19:49.000Z,,4,,,,4,6036,0,0,,xslF345X03/doc4.xml,FORM 4 SUBMISSION
0001209191-14-032322,2014-05-08,2014-05-06,2014-05-08T21:20:36.000Z,,4,,,,4,6024,0,0,,xslF345X03/doc4.xml,FORM 4 SUBMISSION
0001209191-14-032324,2014-05-08,2014-05-06,2014-05-08T21:21:07.000Z,,4,,,,4,5828,0,0,,xslF345X03/doc4.xml,FORM 4 SUBMISSION
0001209191-14-032326,2014-05-08,2014-05-06,2014-05-08T21:21:54.000Z,,4,,,,4,4745,0,0,,xslF345X03/doc4.xml,FORM 4 SUBMISSION
0001209191-14-035168,2014-05-19,2014-05-15,2014-05-19T21:09:15.000Z,,4,,,,4,6142,0,0,,xslF345X03/doc4.xml,FORM 4 SUBMISSION
0001209191-14-035170,2014-05-19,2014-05-15,2014-05-19T21:10:10.000Z,,4,,,,4,6102,0,0,,xslF345X03/doc4.xml,FORM 4 SUBMISSION
0001209191-14-035172,2014-05-19,2014-05-15,2014-05-19T21:10:53.000Z,,4,,,,4,6112,0,0,,xslF345X03/doc4.xml,FORM 4 SUBMISSION
0001209191-14-035176,2014-05-19,2014-05-15,2014-05-19T21:15:49.000Z,,4,,,,4,6113,0,0,,xslF345X03/doc4.xml,FORM 4 SUBMISSION
0001209191-14-035178,2014-05-19,2014-05-15,2014-05-19T21:16:47.000Z,,4,,,,4,6120,0,0,,xslF345X03/doc4.xml,FORM 4 SUBMISSION
0001209191-14-035182,2014-05-19,2014-05-15,2014-05-19T21:20:00.000Z,,4,,,,4,6107,0,0,,xslF345X03/doc4.xml,FORM 4 SUBMISSION
0001209191-14-035185,2014-05-19,2014-05-15,2014-05-19T21:21:36.000Z,,4,,,,4,6130,0,0,,xslF345X03/doc4.xml,FORM 4 SUBMISSION
0001209191-14-035186,2014-05-19,2014-05-15,2014-05-19T21:22:10.000Z,,4,,,,4,6151,0,0,,xslF345X03/doc4.xml,FORM 4 SUBMISSION
0001193125-14-219718,2014-05-30,,2014-05-30T19:40:59.000Z,34,SD,001-02958,14880106,,SD,38012,0,0,,d733891dsd.htm,FORM SD
0001214659-14-004300,2014-06-09,,2014-06-09T12:30:12.000Z,34,SC 13D/A,005-17643,14898195,,SC 13D/A,74029,0,0,,m65140sc13da4.htm,AMENDMENT NO. 4
0001299933-14-000906,2014-06-09,2014-06-06,2014-06-09T13:25:20.000Z,34,8-K,001-02958,14898281,8.01,8-K,10487,0,0,,htm_49969.htm,LIVE FILING
0001209191-14-040205,2014-06-10,2014-06-06,2014-06-10T20:53:35.000Z,,4,,,,4,4755,0,0,,xslF345X03/doc4.xml,FORM 4 SUBMISSION
0001209191-14-040208,2014-06-10,2014-06-06,2014-06-10T20:54:33.000Z,,4,,,,4,4766,0,0,,xslF345X03/doc4.xml,FORM 4 SUBMISSION
0000891836-14-000074,2014-06-16,,2014-06-16T15:01:17.000Z,34,SC 13D,005-17643,14922056,,SC 13D,78212,0,0,,sc0049.htm,
0001140361-14-025723,2014-06-16,2014-06-06,2014-06-16T15:13:09.000Z,,3,,,,3,4605,0,0,,xslF345X02/doc1.xml,FORM 3
0001299933-14-001002,2014-06-30,2014-06-30,2014-06-30T21:03:21.000Z,34,8-K,001-02958,14949781,"5.02,7.01,9.01",8-K,18640,0,0,,htm_50065.htm,LIVE FILING
0001193125-14-274972,2014-07-22,2014-07-22,2014-07-22T12:14:06.000Z,34,8-K,001-02958,14985590,"2.02,9.01",8-K,152327,0,0,,d761850d8k.htm,FORM 8-K
0001308179-14-000230,2014-07-22,2014-06-30,2014-07-22T21:20:09.000Z,34,10-Q,001-02958,14987240,,10-Q,5992443,1,0,,lhub2014_10q.htm,HUBBELL INCORPORATED - FORM 10-Q
0001209191-14-049206,2014-07-28,2014-07-25,2014-07-28T20:42:14.000Z,,4,,,,4,5254,0,0,,xslF345X03/doc4.xml,FORM 4 SUBMISSION
0001209191-14-049207,2014-07-28,2014-07-25,2014-07-28T20:44:06.000Z,,4,,,,4,5280,0,0,,xslF345X03/doc4.xml,FORM 4 SUBMISSION
0001209191-14-050205,2014-08-04,2014-07-31,2014-08-04T20:11:44.000Z,,4,,,,4,4616,0,0,,xslF345X03/doc4.xml,FORM 4 SUBMISSION
0001209191-14-053348,2014-08-19,2014-08-15,2014-08-19T20:15:04.000Z,,4,,,,4,6140,0,0,,xslF345X03/doc4.xml,FORM 4 SUBMISSION
0001209191-14-053350,2014-08-19,2014-08-15,2014-08-19T20:16:12.000Z,,4,,,,4,6103,0,0,,xslF345X03/doc4.xml,FORM 4 SUBMISSION
0001209191-14-053351,2014-08-19,2014-08-15,2014-08-19T20:17:23.000Z,,4,,,,4,6112,0,0,,xslF345X03/doc4.xml,FORM 4 SUBMISSION
0001209191-14-053353,2014-08-19,2014-08-15,2014-08-19T20:18:36.000Z,,4,,,,4,6113,0,0,,xslF345X03/doc4.xml,FORM 4 SUBMISSION
0001209191-14-053354,2014-08-19,2014-08-15,2014-08-19T20:19:20.000Z,,4,,,,4,6120,0,0,,xslF345X03/doc4.xml,FORM 4 SUBMISSION
0001209191-14-053355,2014-08-19,2014-08-15,2014-08-19T20:19:53.000Z,,4,,,,4,6107,0,0,,xslF345X03/doc4.xml,FORM 4 SUBMISSION
0001209191-14-053357,2014-08-19,2014-08-15,2014-08-19T20:20:43.000Z,,4,,,,4,6128,0,0,,xslF345X03/doc4.xml,FORM 4 SUBMISSION
0001209191-14-053360,2014-08-19,2014-08-15,2014-08-19T20:21:37.000Z,,4,,,,4,6153,0,0,,xslF345X03/doc4.xml,FORM 4 SUBMISSION
0001209191-14-053710,2014-08-20,2014-08-18,2014-08-20T22:25:02.000Z,,4,,,,4,8958,0,0,,xslF345X03/doc4.xml,FORM 4 SUBMISSION
0001209191-14-054240,2014-08-25,2013-12-06,2014-08-25T20:31:44.000Z,,4/A,,,,4/A,4976,0,0,,xslF345X03/doc4a.xml,FORM 4/A SUBMISSION
0001209191-14-054244,2014-08-25,2014-08-21,2014-08-25T20:40:03.000Z,,4,,,,4,6781,0,0,,xslF345X03/doc4.xml,FORM 4 SUBMISSION
0001209191-14-057906,2014-09-15,2014-09-11,2014-09-15T20:21:31.000Z,,4,,,,4,4755,0,0,,xslF345X03/doc4.xml,FORM 4 SUBMISSION
0000315066-14-004066,2014-10-10,,2014-10-10T13:15:31.000Z,34,SC 13G/A,005-17643,141151366,,SC 13G/A,9392,0,0,,filing.txt,
0001193125-14-370415,2014-10-14,2014-10-08,2014-10-14T13:33:06.000Z,34,8-K,001-02958,141153998,"2.02,9.01",8-K,30761,0,0,,d804186d8k.htm,FORM 8-K
0001193125-14-379598,2014-10-23,2014-10-23,2014-10-23T13:18:06.000Z,34,8-K,001-02958,141168910,"2.02,9.01",8-K,157125,0,0,,d808119d8k.htm,FORM 8-K
0001308179-14-000278,2014-10-24,2014-09-30,2014-10-24T12:31:00.000Z,34,10-Q,001-02958,141171191,,10-Q,6005885,1,0,,lhub2014_10q.htm,HUBBELL INCORPORATED - FORM 10-Q
0001209191-14-069664,2014-11-18,2014-11-17,2014-11-18T21:45:31.000Z,,4,,,,4,5255,0,0,,xslF345X03/doc4.xml,FORM 4 SUBMISSION
0001209191-14-069666,2014-11-18,2014-11-14,2014-11-18T21:46:39.000Z,,4,,,,4,6148,0,0,,xslF345X03/doc4.xml,FORM 4 SUBMISSION
0001209191-14-069667,2014-11-18,2014-11-14,2014-11-18T21:47:25.000Z,,4,,,,4,6109,0,0,,xslF345X03/doc4.xml,FORM 4 SUBMISSION
0001209191-14-069669,2014-11-18,2014-11-14,2014-11-18T21:48:10.000Z,,4,,,,4,6117,0,0,,xslF345X03/doc4.xml,FORM 4 SUBMISSION
0001209191-14-069671,2014-11-18,2014-11-14,2014-11-18T21:48:52.000Z,,4,,,,4,6117,0,0,,xslF345X03/doc4.xml,FORM 4 SUBMISSION
0001209191-14-069673,2014-11-18,2014-11-14,2014-11-18T21:49:33.000Z,,4,,,,4,6124,0,0,,xslF345X03/doc4.xml,FORM 4 SUBMISSION
0001209191-14-069676,2014-11-18,2014-11-14,2014-11-18T21:50:14.000Z,,4,,,,4,6112,0,0,,xslF345X03/doc4.xml,FORM 4 SUBMISSION
0001209191-14-069679,2014-11-18,2014-11-14,2014-11-18T21:50:57.000Z,,4,,,,4,6136,0,0,,xslF345X03/doc4.xml,FORM 4 SUBMISSION
0001209191-14-069681,2014-11-18,2014-11-14,2014-11-18T21:51:34.000Z,,4,,,,4,6158,0,0,,xslF345X03/doc4.xml,FORM 4 SUBMISSION
0001209191-14-073116,2014-12-04,2014-12-02,2014-12-04T22:05:34.000Z,,4,,,,4,7302,0,0,,xslF345X03/doc4.xml,FORM 4 SUBMISSION
0001209191-14-073118,2014-12-04,2014-12-02,2014-12-04T22:06:09.000Z,,4,,,,4,7281,0,0,,xslF345X03/doc4.xml,FORM 4 SUBMISSION
0001209191-14-073121,2014-12-04,2014-12-02,2014-12-04T22:06:55.000Z,,4,,,,4,8529,0,0,,xslF345X03/doc4.xml,FORM 4 SUBMISSION
0001209191-14-073123,2014-12-04,2014-12-02,2014-12-04T22:08:12.000Z,,4,,,,4,7315,0,0,,xslF345X03/doc4.xml,FORM 4 SUBMISSION
0001209191-14-073125,2014-12-04,2014-12-02,2014-12-04T22:08:51.000Z,,4,,,,4,7294,0,0,,xslF345X03/doc4.xml,FORM 4 SUBMISSION
0001209191-14-073129,2014-12-04,2014-12-02,2014-12-04T22:12:57.000Z,,4,,,,4,7295,0,0,,xslF345X03/doc4.xml,FORM 4 SUBMISSION
0001209191-14-073133,2014-12-04,2014-12-02,2014-12-04T22:15:36.000Z,,4,,,,4,7313,0,0,,xslF345X03/doc4.xml,FORM 4 SUBMISSION
0001209191-14-073135,2014-12-04,2014-12-02,2014-12-04T22:16:57.000Z,,4,,,,4,7294,0,0,,xslF345X03/doc4.xml,FORM 4 SUBMISSION
0001209191-14-073138,2014-12-04,2014-12-02,2014-12-04T22:18:34.000Z,,4,,,,4,7306,0,0,,xslF345X03/doc4.xml,FORM 4 SUBMISSION
0001209191-14-073140,2014-12-04,2014-12-02,2014-12-04T22:19:22.000Z,,4,,,,4,7316,0,0,,xslF345X03/doc4.xml,FORM 4 SUBMISSION
0001209191-14-073654,2014-12-08,2014-12-04,2014-12-08T21:30:55.000Z,,4,,,,4,4764,0,0,,xslF345X03/doc4.xml,FORM 4 SUBMISSION
0001209191-14-073656,2014-12-08,2014-12-04,2014-12-08T21:33:35.000Z,,4,,,,4,4745,0,0,,xslF345X03/doc4.xml,FORM 4 SUBMISSION
0001209191-14-073658,2014-12-08,2014-12-04,2014-12-08T21:34:21.000Z,,4,,,,4,5475,0,0,,xslF345X03/doc4.xml,FORM 4 SUBMISSION
0001209191-14-073659,2014-12-08,2014-12-04,2014-12-08T21:34:52.000Z,,4,,,,4,4756,0,0,,xslF345X03/doc4.xml,FORM 4 SUBMISSION
0001209191-14-073660,2014-12-08,2014-12-04,2014-12-08T21:35:21.000Z,,4,,,,4,4761,0,0,,xslF345X03/doc4.xml,FORM 4 SUBMISSION
0001209191-14-073661,2014-12-08,2014-12-04,2014-12-08T21:35:57.000Z,,4,,,,4,4779,0,0,,xslF345X03/doc4.xml,FORM 4 SUBMISSION
0001209191-14-073662,2014-12-08,2014-12-04,2014-12-08T21:36:37.000Z,,4,,,,4,4757,0,0,,xslF345X03/doc4.xml,FORM 4 SUBMISSION
0001209191-14-073663,2014-12-08,2014-12-04,2014-12-08T21:37:15.000Z,,4,,,,4,4768,0,0,,xslF345X03/doc4.xml,FORM 4 SUBMISSION
0001209191-14-073664,2014-12-08,2014-12-04,2014-12-08T21:37:46.000Z,,4,,,,4,4781,0,0,,xslF345X03/doc4.xml,FORM 4 SUBMISSION
0001209191-14-073897,2014-12-09,2014-12-05,2014-12-09T21:42:13.000Z,,4,,,,4,4763,0,0,,xslF345X03/doc4.xml,FORM 4 SUBMISSION
0001209191-14-073898,2014-12-09,2014-12-05,2014-12-09T21:42:56.000Z,,4,,,,4,4745,0,0,,xslF345X03/doc4.xml,FORM 4 SUBMISSION
0001209191-14-073899,2014-12-09,2014-12-05,2014-12-09T21:43:43.000Z,,4,,,,4,5474,0,0,,xslF345X03/doc4.xml,FORM 4 SUBMISSION
0001209191-14-073900,2014-12-09,2014-12-05,2014-12-09T21:44:19.000Z,,4,,,,4,4760,0,0,,xslF345X03/doc4.xml,FORM 4 SUBMISSION
0001209191-14-073901,2014-12-09,2014-12-05,2014-12-09T21:45:01.000Z,,4,,,,4,4778,0,0,,xslF345X03/doc4.xml,FORM 4 SUBMISSION
0001209191-14-073902,2014-12-09,2014-12-05,2014-12-09T21:45:39.000Z,,4,,,,4,4755,0,0,,xslF345X03/doc4.xml,FORM 4 SUBMISSION
0001209191-14-073904,2014-12-09,2014-12-05,2014-12-09T21:46:38.000Z,,4,,,,4,4767,0,0,,xslF345X03/doc4.xml,FORM 4 SUBMISSION
0001209191-14-073907,2014-12-09,2014-12-05,2014-12-09T21:47:29.000Z,,4,,,,4,4780,0,0,,xslF345X03/doc4.xml,FORM 4 SUBMISSION
0001628280-15-000352,2015-01-29,2015-01-29,2015-01-29T13:31:34.000Z,34,8-K,001-02958,15556858,"2.02,9.01",8-K,327792,0,0,,a8k4qearnings012915.htm,FORM 8-K
0001086364-15-001110,2015-01-29,,2015-01-29T19:20:35.000Z,34,SC 13G/A,005-17643,15558248,,SC 13G/A,13211,0,0,,hubbell.inc.cl.b.txt,
0001209191-15-008210,2015-02-02,2015-02-01,2015-02-02T21:12:34.000Z,,4,,,,4,4744,0,0,,xslF345X03/doc4.xml,FORM 4 SUBMISSION
0001209191-15-009920,2015-02-05,2015-02-03,2015-02-05T22:41:58.000Z,,4,,,,4,16327,0,0,,xslF345X03/doc4.xml,FORM 4 SUBMISSION
0000932471-15-003795,2015-02-10,,2015-02-10T16:38:02.000Z,34,SC 13G/A,005-17643,15591381,,SC 13G/A,39589,0,0,,hubbelinc.htm,
0000315066-15-002008,2015-02-13,,2015-02-13T15:17:11.000Z,34,SC 13G/A,005-17643,15609995,,SC 13G/A,9424,0,0,,filing.txt,
0001422849-15-000237,2015-02-13,,2015-02-13T20:59:16.000Z,34,SC 13G/A,005-17643,15614048,,SC 13G/A,9189,0,0,,edghubb.txt,SC 13G/A
0000902664-15-001011,2015-02-17,,2015-02-17T19:58:09.000Z,34,SC 13G/A,005-17643,15621361,,SC 13G/A,105487,0,0,,p15-0418sc13ga.htm,HUBBELL INCORPORATED
0001209191-15-014632,2015-02-17,2015-02-13,2015-02-17T22:26:04.000Z,,4,,,,4,6105,0,0,,xslF345X03/doc4.xml,FORM 4 SUBMISSION
0001209191-15-014635,2015-02-17,2015-02-13,2015-02-17T22:27:03.000Z,,4,,,,4,6115,0,0,,xslF345X03/doc4.xml,FORM 4 SUBMISSION
0001209191-15-014636,2015-02-17,2015-02-13,2015-02-17T22:27:48.000Z,,4,,,,4,6114,0,0,,xslF345X03/doc4.xml,FORM 4 SUBMISSION
0001209191-15-014637,2015-02-17,2015-02-13,2015-02-17T22:28:34.000Z,,4,,,,4,6123,0,0,,xslF345X03/doc4.xml,FORM 4 SUBMISSION
0001209191-15-014640,2015-02-17,2015-02-13,2015-02-17T22:29:13.000Z,,4,,,,4,6110,0,0,,xslF345X03/doc4.xml,FORM 4 SUBMISSION
0001209191-15-014641,2015-02-17,2015-02-13,2015-02-17T22:29:44.000Z,,4,,,,4,6132,0,0,,xslF345X03/doc4.xml,FORM 4 SUBMISSION
0001209191-15-014851,2015-02-17,2015-02-12,2015-02-18T00:42:29.000Z,,4,,,,4,8374,0,0,,xslF345X03/doc4.xml,FORM 4 SUBMISSION
0001209191-15-014852,2015-02-17,2015-02-12,2015-02-18T00:43:30.000Z,,4,,,,4,4770,0,0,,xslF345X03/doc4.xml,FORM 4 SUBMISSION
0001209191-15-014856,2015-02-17,2015-02-12,2015-02-18T00:45:42.000Z,,4,,,,4,9082,0,0,,xslF345X03/doc4.xml,FORM 4 SUBMISSION
0001209191-15-014858,2015-02-17,2015-02-12,2015-02-18T00:46:25.000Z,,4,,,,4,4805,0,0,,xslF345X03/doc4.xml,FORM 4 SUBMISSION
0001209191-15-014860,2015-02-17,2015-02-12,2015-02-18T00:47:24.000Z,,4,,,,4,4781,0,0,,xslF345X03/doc4.xml,FORM 4 SUBMISSION
0001209191-15-014861,2015-02-17,2015-02-12,2015-02-18T00:48:34.000Z,,4,,,,4,8370,0,0,,xslF345X03/doc4.xml,FORM 4 SUBMISSION
0001209191-15-014863,2015-02-17,2015-02-12,2015-02-18T00:50:40.000Z,,4,,,,4,8386,0,0,,xslF345X03/doc4.xml,FORM 4 SUBMISSION
0001209191-15-014865,2015-02-17,2015-02-12,2015-02-18T00:52:40.000Z,,4,,,,4,8366,0,0,,xslF345X03/doc4.xml,FORM 4 SUBMISSION
0001209191-15-014867,2015-02-17,2015-02-12,2015-02-18T00:54:39.000Z,,4,,,,4,8377,0,0,,xslF345X03/doc4.xml,FORM 4 SUBMISSION
0001209191-15-014869,2015-02-17,2015-02-12,2015-02-18T00:56:15.000Z,,4,,,,4,8391,0,0,,xslF345X03/doc4.xml,FORM 4 SUBMISSION
0001628280-15-000853,2015-02-19,2014-12-31,2015-02-19T21:45:24.000Z,34,10-K,001-02958,15632278,,10-K,20176824,1,0,,hubb-20141231x10k.htm,HUBBELL INCORPORATED FORM - 10-K
0001209191-15-016812,2015-02-20,2015-02-12,2015-02-20T22:16:38.000Z,,4/A,,,,4/A,8659,0,0,,xslF345X03/doc4a.xml,FORM 4/A SUBMISSION
0001209191-15-018592,2015-02-25,2015-02-24,2015-02-25T21:44:29.000Z,,4,,,,4,4575,0,0,,xslF345X03/doc4.xml,FORM 4 SUBMISSION
0001308179-15-000059,2015-03-18,2015-03-18,2015-03-18T21:30:29.000Z,34,DEF 14A,001-02958,15711008,,DEF 14A,3619779,0,0,,lhubb2015_def14a.htm,HUBBELL INCORPORATED - DEF14A
0001308179-15-000060,2015-03-18,,2015-03-18T21:30:50.000Z,34,DEFA14A,001-02958,15711011,,DEFA14A,1030170,0,0,,lhubb2015_defa14a.htm,HUBBELL INCORPORATED - DEFA14A
0001209191-15-028824,2015-03-24,2015-03-20,2015-03-24T20:46:31.000Z,,4,,,,4,4615,0,0,,xslF345X03/doc4.xml,FORM 4 SUBMISSION
0001209191-15-035058,2015-04-17,2015-04-15,2015-04-17T21:28:31.000Z,,4,,,,4,4778,0,0,,xslF345X03/doc4.xml,FORM 4 SUBMISSION
0001628280-15-002883,2015-04-23,2015-04-23,2015-04-23T13:19:00.000Z,34,8-K,001-02958,15787049,"2.02,9.01",8-K,345476,0,0,,hubb8k1qresults042315.htm,8-K
0001628280-15-002913,2015-04-24,2015-03-31,2015-04-24T12:19:53.000Z,34,10-Q,001-02958,15790014,,10-Q,7283533,1,0,,hubb-2015033110q.htm,FORM 10-Q
0001209191-15-039559,2015-05-06,2015-05-05,2015-05-06T22:23:35.000Z,,4,,,,4,5254,0,0,,xslF345X03/doc4.xml,FORM 4 SUBMISSION
0001209191-15-040055,2015-05-07,2015-05-05,2015-05-07T21:04:33.000Z,,4,,,,4,6062,0,0,,xslF345X03/doc4.xml,FORM 4 SUBMISSION
0001209191-15-040061,2015-05-07,2015-05-05,2015-05-07T21:06:15.000Z,,4,,,,4,6029,0,0,,xslF345X03/doc4.xml,FORM 4 SUBMISSION
0001209191-15-040062,2015-05-07,2015-05-05,2015-05-07T21:06:59.000Z,,4,,,,4,6033,0,0,,xslF345X03/doc4.xml,FORM 4 SUBMISSION
0001209191-15-040065,2015-05-07,2015-05-05,2015-05-07T21:08:07.000Z,,4,,,,4,4704,0,0,,xslF345X03/doc4.xml,FORM 4 SUBMISSION
0001209191-15-040068,2015-05-07,2015-05-05,2015-05-07T21:08:42.000Z,,4,,,,4,6038,0,0,,xslF345X03/doc4.xml,FORM 4 SUBMISSION
0001209191-15-040069,2015-05-07,2015-05-05,2015-05-07T21:09:25.000Z,,4,,,,4,6026,0,0,,xslF345X03/doc4.xml,FORM 4 SUBMISSION
0001209191-15-040072,2015-05-07,2015-05-05,2015-05-07T21:10:06.000Z,,4,,,,4,6057,0,0,,xslF345X03/doc4.xml,FORM 4 SUBMISSION
0001209191-15-040073,2015-05-07,2015-05-05,2015-05-07T21:10:47.000Z,,4,,,,4,4747,0,0,,xslF345X03/doc4.xml,FORM 4 SUBMISSION
0001299933-15-000744,2015-05-11,2015-05-05,2015-05-11T13:12:05.000Z,34,8-K,001-02958,15849072,"5.02,5.07,9.01",8-K,162341,0,0,,htm_51796.htm,LIVE FILING
0001193125-15-182287,2015-05-11,,2015-05-11T21:24:45.000Z,33,S-8,333-204072,15851924,,S-8,57441,0,0,,d924858ds8.htm,FORM S-8
0001209191-15-041762,2015-05-12,2015-05-08,2015-05-12T20:53:57.000Z,,4,,,,4,5256,0,0,,xslF345X03/doc4.xml,FORM 4 SUBMISSION
0001209191-15-042847,2015-05-14,2015-05-12,2015-05-14T20:52:44.000Z,,4,,,,4,21627,0,0,,xslF345X03/doc4.xml,FORM 4 SUBMISSION
0001209191-15-044527,2015-05-19,2015-05-15,2015-05-19T21:16:11.000Z,,4,,,,4,6111,0,0,,xslF345X03/doc4.xml,FORM 4 SUBMISSION
0001209191-15-044529,2015-05-19,2015-05-15,2015-05-19T21:17:07.000Z,,4,,,,4,6113,0,0,,xslF345X03/doc4.xml,FORM 4 SUBMISSION
0001209191-15-044532,2015-05-19,2015-05-15,2015-05-19T21:18:13.000Z,,4,,,,4,6122,0,0,,xslF345X03/doc4.xml,FORM 4 SUBMISSION
0001209191-15-044536,2015-05-19,2015-05-15,2015-05-19T21:19:10.000Z,,4,,,,4,6107,0,0,,xslF345X03/doc4.xml,FORM 4 SUBMISSION
0001209191-15-044538,2015-05-19,2015-05-15,2015-05-19T21:20:03.000Z,,4,,,,4,6133,0,0,,xslF345X03/doc4.xml,FORM 4 SUBMISSION
0001193125-15-208219,2015-06-01,,2015-06-01T15:45:29.000Z,34,SD,001-02958,15902020,,SD,37828,0,0,,d933397dsd.htm,SD
0001209191-15-051429,2015-06-09,2015-06-06,2015-06-09T20:20:32.000Z,,4,,,,4,4757,0,0,,xslF345X03/doc4.xml,FORM 4 SUBMISSION
0001209191-15-051430,2015-06-09,2015-06-06,2015-06-09T20:20:53.000Z,,4,,,,4,4768,0,0,,xslF345X03/doc4.xml,FORM 4 SUBMISSION
0001628280-15-005400,2015-07-23,2015-07-23,2015-07-23T13:34:46.000Z,34,8-K,001-02958,151001431,"2.02,9.01",8-K,523426,0,0,,form8-k_072315.htm,FORM 8-K
0001628280-15-005421,2015-07-24,2015-06-30,2015-07-24T12:24:37.000Z,34,10-Q,001-02958,151003467,,10-Q,6315685,1,0,,hubb-2015063010q.htm,FORM 10-Q
0001209191-15-064405,2015-08-06,2015-08-04,2015-08-06T21:03:33.000Z,,4,,,,4,11053,0,0,,xslF345X03/doc4.xml,FORM 4 SUBMISSION
0001209191-15-066601,2015-08-18,2015-08-14,2015-08-18T21:02:39.000Z,,4,,,,4,6112,0,0,,xslF345X03/doc4.xml,FORM 4 SUBMISSION
0001209191-15-066602,2015-08-18,2015-08-14,2015-08-18T21:03:18.000Z,,4,,,,4,6113,0,0,,xslF345X03/doc4.xml,FORM 4 SUBMISSION
0001209191-15-066604,2015-08-18,2015-08-14,2015-08-18T21:04:02.000Z,,4,,,,4,6121,0,0,,xslF345X03/doc4.xml,FORM 4 SUBMISSION
0001209191-15-066608,2015-08-18,2015-08-14,2015-08-18T21:05:24.000Z,,4,,,,4,6107,0,0,,xslF345X03/doc4.xml,FORM 4 SUBMISSION
0001209191-15-066610,2015-08-18,2015-08-14,2015-08-18T21:06:10.000Z,,4,,,,4,6133,0,0,,xslF345X03/doc4.xml,FORM 4 SUBMISSION
0001193125-15-299448,2015-08-24,,2015-08-24T11:25:02.000Z,34,425,001-02958,151069964,,425,300095,0,0,,d26695d8k.htm,FORM 8-K
0001193125-15-299447,2015-08-24,2015-08-24,2015-08-24T11:26:57.000Z,34,8-K,001-02958,151069965,"1.01,8.01,9.01",8-K,299639,0,0,,d26695d8k.htm,FORM 8-K
0001193125-15-299493,2015-08-24,,2015-08-24T12:11:53.000Z,34,SC 13D/A,005-17643,151069984,,SC 13D/A,276165,0,0,,d26738dsc13da.htm,AMENDMENT NO. 1 TO SCHEDULE 13D
0001193125-15-300419,2015-08-24,,2015-08-24T21:15:53.000Z,34,425,001-02958,151071634,,425,11571,0,0,,d70956d425.htm,425
0001193125-15-300421,2015-08-24,,2015-08-24T21:16:01.000Z,34,425,001-02958,151071635,,425,2034504,0,0,,d27640d425.htm,425
0001193125-15-318541,2015-09-11,,2015-09-11T20:49:48.000Z,33,S-4,333-206898,151103762,,S-4,1122710,0,0,,d81768ds4.htm,S-4
0001209191-15-070849,2015-09-15,2015-09-11,2015-09-15T21:55:14.000Z,,4,,,,4,4754,0,0,,xslF345X03/doc4.xml,FORM 4 SUBMISSION
0000000000-15-049095,2015-10-08,,2015-10-08T20:03:29.000Z,,UPLOAD,,,,LETTER,161158,0,0,,filename1.pdf,
0001193125-15-349455,2015-10-21,,2015-10-21T20:59:58.000Z,33,S-4/A,333-206898,151168598,,S-4/A,1152745,0,0,,d81768ds4a.htm,S-4/A
0001193125-15-349466,2015-10-21,,2015-10-21T21:02:12.000Z,34,SC 13E3,005-17643,151168618,,SC 13E3,31228177,0,0,,d22241dsc13e3.htm,SCHEDULE 13E-3
0001628280-15-007775,2015-10-22,2015-10-22,2015-10-22T13:12:34.000Z,34,8-K,001-02958,151169228,"2.02,9.01",8-K,561868,0,0,,form8-k_102215.htm,FORM 8-K
0001628280-15-007795,2015-10-23,2015-09-30,2015-10-23T12:24:27.000Z,34,10-Q,001-02958,151171721,,10-Q,6364710,1,0,,hubb-2015093010q.htm,FORM 10-Q
0001209191-15-078701,2015-11-05,2015-11-03,2015-11-05T21:31:55.000Z,,4,,,,4,6859,0,0,,xslF345X03/doc4.xml,FORM 4 SUBMISSION
0000000000-15-053248,2015-11-09,,2015-11-09T15:23:53.000Z,,UPLOAD,,,,LETTER,178648,0,0,,filename1.pdf,
0001209191-15-079102,2015-11-09,2015-11-05,2015-11-09T21:26:54.000Z,,4,,,,4,4548,0,0,,xslF345X03/doc4.xml,FORM 4 SUBMISSION
0001193125-15-377649,2015-11-16,,2015-11-16T12:05:07.000Z,33,S-4/A,333-206898,151231603,,S-4/A,1937677,0,0,,d81768ds4a.htm,S-4/A
0001193125-15-377668,2015-11-16,,2015-11-16T12:13:00.000Z,,CORRESP,,,,CORRESP,40078,0,0,,filename1.htm,
0001193125-15-377685,2015-11-16,,2015-11-16T12:19:34.000Z,34,SC 13E3/A,005-17643,151231636,,SC 13E3/A,80475,0,0,,d22241dsc13e3a.htm,SCHEDULE 13E-3/A
0001209191-15-080610,2015-11-17,2015-11-16,2015-11-17T21:35:57.000Z,,4,,,,4,4546,0,0,,xslF345X03/doc4.xml,FORM 4 SUBMISSION
0001209191-15-080618,2015-11-17,2015-11-13,2015-11-17T21:46:05.000Z,,4,,,,4,6117,0,0,,xslF345X03/doc4.xml,FORM 4 SUBMISSION
0001209191-15-080619,2015-11-17,2015-11-13,2015-11-17T21:46:42.000Z,,4,,,,4,6116,0,0,,xslF345X03/doc4.xml,FORM 4 SUBMISSION
0001209191-15-080620,2015-11-17,2015-11-13,2015-11-17T21:47:18.000Z,,4,,,,4,6127,0,0,,xslF345X03/doc4.xml,FORM 4 SUBMISSION
0001209191-15-080621,2015-11-17,2015-11-13,2015-11-17T21:47:45.000Z,,4,,,,4,6113,0,0,,xslF345X03/doc4.xml,FORM 4 SUBMISSION
0001209191-15-080622,2015-11-17,2015-11-13,2015-11-17T21:48:19.000Z,,4,,,,4,6138,0,0,,xslF345X03/doc4.xml,FORM 4 SUBMISSION
0000000000-15-054418,2015-11-17,,2015-11-17T22:02:00.000Z,,UPLOAD,,,,LETTER,164473,0,0,,filename1.pdf,
0001193125-15-381335,2015-11-19,,2015-11-19T11:58:36.000Z,33,S-4/A,333-206898,151242348,,S-4/A,1317890,0,0,,d81768ds4a.htm,AMENDMENT NO.3 TO FORM S-4
0001193125-15-381344,2015-11-19,,2015-11-19T12:08:00.000Z,,CORRESP,,,,CORRESP,13029,0,0,,filename1.htm,
0001193125-15-381358,2015-11-19,,2015-11-19T12:17:35.000Z,34,SC 13E3/A,005-17643,151242363,,SC 13E3/A,82172,0,0,,d22241dsc13e3a.htm,AMENDMENT NO. 2 TO SCHEDULE 13E-3
0001193125-15-381368,2015-11-19,,2015-11-19T12:24:01.000Z,,CORRESP,,,,CORRESP,9475,0,0,,filename1.htm,
0000000000-15-055093,2015-11-23,,2015-11-23T19:21:12.000Z,,UPLOAD,,,,LETTER,36054,0,0,,filename1.pdf,
9999999995-15-003118,2015-11-23,,2015-11-24T05:15:13.000Z,33,EFFECT,333-206898,151251051,"S-4,,2015-11-23 12:00:00",EFFECT,1743,0,0,,xslEFFECTX01/primary_doc.xml,
0001193125-15-385979,2015-11-24,,2015-11-24T12:02:05.000Z,33,424B3,333-206898,151251121,,424B3,1317525,0,0,,d81768d424b3.htm,424(B)(3)
0001209191-15-084073,2015-12-08,2015-12-04,2015-12-08T23:00:19.000Z,,4,,,,4,4762,0,0,,xslF345X03/doc4.xml,FORM 4 SUBMISSION
0001209191-15-084083,2015-12-08,2015-12-04,2015-12-08T23:06:21.000Z,,4,,,,4,4753,0,0,,xslF345X03/doc4.xml,FORM 4 SUBMISSION
0001209191-15-084085,2015-12-08,2015-12-04,2015-12-08T23:09:50.000Z,,4,,,,4,5473,0,0,,xslF345X03/doc4.xml,FORM 4 SUBMISSION
0001209191-15-084086,2015-12-08,2015-12-04,2015-12-08T23:10:59.000Z,,4,,,,4,4754,0,0,,xslF345X03/doc4.xml,FORM 4 SUBMISSION
0001209191-15-084087,2015-12-08,2015-12-04,2015-12-08T23:12:01.000Z,,4,,,,4,4759,0,0,,xslF345X03/doc4.xml,FORM 4 SUBMISSION
0001209191-15-084088,2015-12-08,2015-12-04,2015-12-08T23:12:31.000Z,,4,,,,4,4755,0,0,,xslF345X03/doc4.xml,FORM 4 SUBMISSION
0001209191-15-084089,2015-12-08,2015-12-04,2015-12-08T23:14:00.000Z,,4,,,,4,4766,0,0,,xslF345X03/doc4.xml,FORM 4 SUBMISSION
0001209191-15-084091,2015-12-08,2015-12-04,2015-12-08T23:14:38.000Z,,4,,,,4,4779,0,0,,xslF345X03/doc4.xml,FORM 4 SUBMISSION
0001193125-15-398939,2015-12-09,,2015-12-09T21:42:09.000Z,34,425,001-02958,151278733,,425,22376,0,0,,d94979d8k.htm,FORM 8-K
0001193125-15-398938,2015-12-09,2015-12-09,2015-12-09T21:44:04.000Z,34,8-K,001-02958,151278742,8.01,8-K,21805,0,0,,d94979d8k.htm,FORM 8-K
0001209191-15-084504,2015-12-10,2015-12-08,2015-12-10T21:54:43.000Z,,4,,,,4,7293,0,0,,xslF345X03/doc4.xml,FORM 4 SUBMISSION
0001209191-15-084506,2015-12-10,2015-12-08,2015-12-10T21:56:23.000Z,,4,,,,4,9022,0,0,,xslF345X03/doc4.xml,FORM 4 SUBMISSION
0001209191-15-084507,2015-12-10,2015-12-08,2015-12-10T21:57:35.000Z,,4,,,,4,9003,0,0,,xslF345X03/doc4.xml,FORM 4 SUBMISSION
0001209191-15-084508,2015-12-10,2015-12-08,2015-12-10T21:58:33.000Z,,4,,,,4,7294,0,0,,xslF345X03/doc4.xml,FORM 4 SUBMISSION
0001209191-15-084509,2015-12-10,2015-12-08,2015-12-10T22:00:32.000Z,,4,,,,4,7293,0,0,,xslF345X03/doc4.xml,FORM 4 SUBMISSION
0001209191-15-084510,2015-12-10,2015-12-08,2015-12-10T22:01:35.000Z,,4,,,,4,7305,0,0,,xslF345X03/doc4.xml,FORM 4 SUBMISSION
0001209191-15-084511,2015-12-10,2015-12-08,2015-12-10T22:02:56.000Z,,4,,,,4,7314,0,0,,xslF345X03/doc4.xml,FORM 4 SUBMISSION
0001193125-15-408508,2015-12-21,2015-12-16,2015-12-21T14:17:30.000Z,34,8-K,001-02958,151298424,"1.01,1.02,2.03,9.01",8-K,601673,0,0,,d60888d8k.htm,8-K
0001193125-15-412157,2015-12-23,,2015-12-23T16:27:00.000Z,34,8-A12B,001-02958,151304703,,8-A12B,286064,0,0,,d110579d8a12b.htm,FORM 8-A
0001193125-15-412174,2015-12-23,2015-12-23,2015-12-23T16:33:09.000Z,34,8-K,001-02958,151304734,"1.01,3.03,5.03,5.07,8.01,9.01",8-K,50753,0,0,,d110573d8k.htm,FORM 8-K
9999999997-15-015973,2015-12-23,,2015-12-23T16:48:39.000Z,34,CERTNYS,001-02958,15008453,,CERTNYS,1362,0,0,,9999999997-15-015973.paper,AUTO-GENERATED PAPER DOCUMENT
0001193125-15-413287,2015-12-24,,2015-12-24T11:05:07.000Z,33,S-8 POS,333-204072,151306932,,S-8 POS,25591,0,0,,d101681ds8pos.htm,S-8 POS
0001193125-15-413291,2015-12-24,,2015-12-24T11:07:05.000Z,33,S-8 POS,333-191167,151306935,,S-8 POS,25591,0,0,,d101681ds8pos.htm,S-8 POS
0001193125-15-413295,2015-12-24,,2015-12-24T11:09:35.000Z,33,S-8 POS,333-169595,151306938,,S-8 POS,25591,0,0,,d101681ds8pos.htm,S-8 POS
0001193125-15-413299,2015-12-24,,2015-12-24T11:11:07.000Z,33,S-8 POS,333-125788,151306959,,S-8 POS,25591,0,0,,d101681ds8pos.htm,S-8 POS
0001193125-15-413302,2015-12-24,,2015-12-24T11:12:58.000Z,33,S-8 POS,333-108148,151306965,,S-8 POS,25591,0,0,,d101681ds8pos.htm,S-8 POS
0001193125-15-413303,2015-12-24,,2015-12-24T11:14:38.000Z,33,S-8 POS,333-101982,151306967,,S-8 POS,25591,0,0,,d101681ds8pos.htm,S-8 POS
0001193125-15-413305,2015-12-24,,2015-12-24T11:16:09.000Z,33,S-8 POS,333-101981,151306970,,S-8 POS,25591,0,0,,d101681ds8pos.htm,S-8 POS
0001193125-15-413306,2015-12-24,,2015-12-24T11:17:35.000Z,33,S-8 POS,333-84435,151306974,,S-8 POS,25590,0,0,,d101681ds8pos.htm,S-8 POS
0001193125-15-413308,2015-12-24,,2015-12-24T11:19:36.000Z,33,S-8 POS,033-55589,151306977,,S-8 POS,25590,0,0,,d101681ds8pos.htm,S-8 POS
0001193125-15-413310,2015-12-24,,2015-12-24T11:21:06.000Z,33,S-8 POS,033-38743,151306979,,S-8 POS,25590,0,0,,d101681ds8pos.htm,S-8 POS
0001193125-15-413312,2015-12-24,,2015-12-24T11:22:35.000Z,33,S-8 POS,033-17566,151306981,,S-8 POS,25590,0,0,,d101681ds8pos.htm,S-8 POS
0001193125-15-413314,2015-12-24,,2015-12-24T11:30:37.000Z,33,POS AM,333-206898,151306984,,POS AM,102904,0,0,,d110066dposam.htm,POST EFFECTIVE AMENDMENT NO.1 ON FORM S-8 TO FORM S-4
0000876661-15-000664,2015-12-24,,2015-12-24T16:25:41.000Z,34,25-NSE,001-02958,151307400,,25-NSE,4210,0,0,,xslF25X02/primary_doc.xml,
0000876661-15-000665,2015-12-24,,2015-12-24T16:26:12.000Z,34,25-NSE,001-02958,151307402,,25-NSE,4210,0,0,,xslF25X02/primary_doc.xml,
9999999995-16-003475,2015-12-24,,2016-01-08T05:15:09.000Z,33,EFFECT,333-206898,161331371,"POS AM,0001193125-15-413314,2015-12-24",EFFECT,1756,0,0,,xslEFFECTX01/primary_doc.xml,
0000891836-15-000157,2015-12-28,,2015-12-28T13:18:57.000Z,34,SC 13D,005-17643,151307986,,SC 13D,85537,0,0,,sc0129.htm,AMENDMENT NO. 2
0001140361-15-045614,2015-12-28,2015-12-23,2015-12-28T13:24:10.000Z,,4,,,,4,3761,0,0,,xslF345X03/doc1.xml,FORM 4
0001209191-15-087169,2015-12-28,2015-12-23,2015-12-28T23:53:00.000Z,,4,,,,4,12706,0,0,,xslF345X03/doc4.xml,FORM 4 SUBMISSION
0001209191-15-087170,2015-12-28,2015-12-23,2015-12-28T23:53:35.000Z,,4,,,,4,12694,0,0,,xslF345X03/doc4.xml,FORM 4 SUBMISSION
0001209191-15-087171,2015-12-28,2015-12-23,2015-12-28T23:54:05.000Z,,4,,,,4,20099,0,0,,xslF345X03/doc4.xml,FORM 4 SUBMISSION
0001209191-15-087172,2015-12-28,2015-12-23,2015-12-28T23:54:37.000Z,,4,,,,4,12715,0,0,,xslF345X03/doc4.xml,FORM 4 SUBMISSION
0001209191-15-087173,2015-12-28,2015-12-23,2015-12-28T23:55:21.000Z,,4,,,,4,12694,0,0,,xslF345X03/doc4.xml,FORM 4 SUBMISSION
0001209191-15-087174,2015-12-28,2015-12-23,2015-12-28T23:56:10.000Z,,4,,,,4,12703,0,0,,xslF345X03/doc4.xml,FORM 4 SUBMISSION
0001209191-15-087175,2015-12-28,2015-12-23,2015-12-28T23:56:54.000Z,,4,,,,4,12707,0,0,,xslF345X03/doc4.xml,FORM 4 SUBMISSION
0001209191-15-087176,2015-12-28,2015-12-23,2015-12-28T23:57:42.000Z,,4,,,,4,12710,0,0,,xslF345X03/doc4.xml,FORM 4 SUBMISSION
0001209191-15-087177,2015-12-28,2015-12-23,2015-12-28T23:58:25.000Z,,4,,,,4,12723,0,0,,xslF345X03/doc4.xml,FORM 4 SUBMISSION
0001209191-15-087178,2015-12-28,2015-12-23,2015-12-28T23:58:56.000Z,,4,,,,4,18093,0,0,,xslF345X03/doc4.xml,FORM 4 SUBMISSION
0001209191-15-087179,2015-12-28,2015-12-23,2015-12-28T23:59:48.000Z,,4,,,,4,18331,0,0,,xslF345X03/doc4.xml,FORM 4 SUBMISSION
0001209191-15-087180,2015-12-28,2015-12-23,2015-12-29T00:00:17.000Z,,4,,,,4,18044,0,0,,xslF345X03/doc4.xml,FORM 4 SUBMISSION
0001209191-15-087181,2015-12-28,2015-12-23,2015-12-29T00:01:07.000Z,,4,,,,4,18411,0,0,,xslF345X03/doc4.xml,FORM 4 SUBMISSION
0001209191-15-087182,2015-12-28,2015-12-23,2015-12-29T00:01:39.000Z,,4,,,,4,18072,0,0,,xslF345X03/doc4.xml,FORM 4 SUBMISSION
0001209191-15-087183,2015-12-28,2015-12-23,2015-12-29T00:02:18.000Z,,4,,,,4,18061,0,0,,xslF345X03/doc4.xml,FORM 4 SUBMISSION
0001209191-15-087184,2015-12-28,2015-12-23,2015-12-29T00:03:02.000Z,,4,,,,4,18064,0,0,,xslF345X03/doc4.xml,FORM 4 SUBMISSION
0001209191-15-087185,2015-12-28,2015-12-23,2015-12-29T00:03:33.000Z,,4,,,,4,13123,0,0,,xslF345X03/doc4.xml,FORM 4 SUBMISSION
0001299933-16-001867,2016-01-04,2015-12-30,2016-01-04T22:22:46.000Z,34,8-K,001-02958,161319234,5.02,8-K,9893,0,0,,htm_52925.htm,LIVE FILING
0001209191-16-090598,2016-01-08,2015-12-31,2016-01-08T22:27:36.000Z,,3,,,,3,7738,0,0,,xslF345X02/doc3.xml,FORM 3 SUBMISSION
0001209191-16-090603,2016-01-08,2015-12-31,2016-01-08T22:30:39.000Z,,3,,,,3,13938,0,0,,xslF345X02/doc3.xml,FORM 3 SUBMISSION
0001209191-16-090606,2016-01-08,2015-12-31,2016-01-08T22:32:48.000Z,,3,,,,3,12727,0,0,,xslF345X02/doc3.xml,FORM 3 SUBMISSION
0001209191-16-090608,2016-01-08,2015-12-31,2016-01-08T22:34:18.000Z,,3,,,,3,13744,0,0,,xslF345X02/doc3.xml,FORM 3 SUBMISSION
0001193125-16-429046,2016-01-13,,2016-01-13T22:23:38.000Z,34,15-12B,001-02958,161341397,,15-12B,10648,0,0,,d119405d1512b.htm,15-12B
0001299933-16-001974,2016-01-27,2016-01-26,2016-01-27T22:15:44.000Z,34,8-K,001-02958,161365899,"5.02,7.01,9.01",8-K,31161,0,0,,htm_53036.htm,LIVE FILING
0001628280-16-010466,2016-01-28,2016-01-28,2016-01-28T14:19:29.000Z,34,8-K,001-02958,161366797,"2.02,9.01",8-K,588487,0,0,,from8-k_012816.htm,FORM 8-K
0001209191-16-095401,2016-02-03,2016-02-01,2016-02-03T22:23:03.000Z,,4,,,,4,4748,0,0,,xslF345X03/doc4.xml,FORM 4 SUBMISSION
0001209191-16-096034,2016-02-05,2016-02-04,2016-02-05T22:09:50.000Z,,4,,,,4,16271,0,0,,xslF345X03/doc4.xml,FORM 4 SUBMISSION
0000932471-16-012437,2016-02-11,,2016-02-11T18:08:54.000Z,34,SC 13G,005-17643,161410203,,SC 13G,39565,0,0,,hubbellinc.htm,
0000315066-16-004781,2016-02-12,,2016-02-12T13:41:52.000Z,34,SC 13G/A,005-17643,161414391,,SC 13G/A,9226,0,0,,filing.txt,
0001422849-16-000615,2016-02-12,,2016-02-12T22:28:52.000Z,34,SC 13G/A,005-17643,161421032,,SC 13G/A,9191,0,0,,edghubb.txt,SC 13G/A
0001209191-16-098193,2016-02-12,2016-01-26,2016-02-12T22:43:18.000Z,,3,,,,3,3556,0,0,,xslF345X02/doc3.xml,FORM 3 SUBMISSION
0001209191-16-098221,2016-02-12,2016-02-10,2016-02-12T23:04:07.000Z,,4,,,,4,6406,0,0,,xslF345X03/doc4.xml,FORM 4 SUBMISSION
0001193125-16-463809,2016-02-16,,2016-02-16T12:00:05.000Z,33,S-3ASR,333-209532,161422825,,S-3ASR,314916,0,0,,d144362ds3asr.htm,S-3ASR
0000902664-16-005742,2016-02-16,,2016-02-16T15:43:16.000Z,34,SC 13G/A,005-17643,161424451,,SC 13G/A,108645,0,0,,p16-0386sc13ga.htm,HUBBELL INC
0001209191-16-098913,2016-02-16,2016-02-11,2016-02-16T22:57:12.000Z,,4,,,,4,4761,0,0,,xslF345X03/doc4.xml,FORM 4 SUBMISSION
0001209191-16-098923,2016-02-16,2016-02-11,2016-02-16T23:00:10.000Z,,4,,,,4,4786,0,0,,xslF345X03/doc4.xml,FORM 4 SUBMISSION
0001209191-16-098926,2016-02-16,2016-02-11,2016-02-16T23:01:13.000Z,,4,,,,4,8359,0,0,,xslF345X03/doc4.xml,FORM 4 SUBMISSION
0001209191-16-098927,2016-02-16,2016-02-11,2016-02-16T23:02:06.000Z,,4,,,,4,8365,0,0,,xslF345X03/doc4.xml,FORM 4 SUBMISSION
0001209191-16-098929,2016-02-16,2016-02-11,2016-02-16T23:03:06.000Z,,4,,,,4,8363,0,0,,xslF345X03/doc4.xml,FORM 4 SUBMISSION
0001209191-16-098930,2016-02-16,2016-02-11,2016-02-16T23:04:28.000Z,,4,,,,4,4767,0,0,,xslF345X03/doc4.xml,FORM 4 SUBMISSION
0001209191-16-098931,2016-02-16,2016-02-11,2016-02-16T23:05:30.000Z,,4,,,,4,4765,0,0,,xslF345X03/doc4.xml,FORM 4 SUBMISSION
0001209191-16-098933,2016-02-16,2016-02-11,2016-02-16T23:06:56.000Z,,4,,,,4,8373,0,0,,xslF345X03/doc4.xml,FORM 4 SUBMISSION
0001209191-16-098935,2016-02-16,2016-02-11,2016-02-16T23:09:18.000Z,,4,,,,4,8386,0,0,,xslF345X03/doc4.xml,FORM 4 SUBMISSION
0001209191-16-098937,2016-02-16,2016-02-11,2016-02-16T23:10:39.000Z,,4,,,,4,8357,0,0,,xslF345X03/doc4.xml,FORM 4 SUBMISSION
0001209191-16-099349,2016-02-17,2016-02-15,2016-02-17T22:06:12.000Z,,4,,,,4,5745,0,0,,xslF345X03/doc4.xml,FORM 4 SUBMISSION
0001209191-16-099353,2016-02-17,2016-02-15,2016-02-17T22:07:02.000Z,,4,,,,4,5748,0,0,,xslF345X03/doc4.xml,FORM 4 SUBMISSION
0001209191-16-099359,2016-02-17,2016-02-15,2016-02-17T22:08:00.000Z,,4,,,,4,5754,0,0,,xslF345X03/doc4.xml,FORM 4 SUBMISSION
0001209191-16-099363,2016-02-17,2016-02-15,2016-02-17T22:09:37.000Z,,4,,,,4,5742,0,0,,xslF345X03/doc4.xml,FORM 4 SUBMISSION
0001209191-16-099367,2016-02-17,2016-02-15,2016-02-17T22:10:34.000Z,,4,,,,4,5773,0,0,,xslF345X03/doc4.xml,FORM 4 SUBMISSION
0001628280-16-011342,2016-02-18,2015-12-31,2016-02-18T13:35:09.000Z,34,10-K,001-02958,161436056,,10-K,17392926,1,0,,hubb-20151231x10k.htm,FORM 10-K
0001193125-16-472740,2016-02-23,,2016-02-23T14:34:07.000Z,33,424B2,333-209532,161447019,,424B2,574655,0,0,,d147222d424b2.htm,424B2
0001193125-16-473772,2016-02-23,,2016-02-23T22:11:02.000Z,34,FWP,333-209532,161449233,,FWP,10157,0,0,,d134519dfwp.htm,FWP
0001193125-16-475890,2016-02-24,,2016-02-24T21:47:04.000Z,33,424B2,333-209532,161452594,,424B2,574611,0,0,,d147222d424b2.htm,424B2
0001193125-16-476459,2016-02-25,2016-02-23,2016-02-25T02:37:02.000Z,34,8-K,001-02958,161453697,"8.01,9.01",8-K,160696,0,0,,d279987d8k.htm,8-K
0001193125-16-488289,2016-03-01,2016-03-01,2016-03-01T21:54:06.000Z,34,8-K,001-02958,161474108,"1.01,2.03,9.01",8-K,193471,0,0,,d151361d8k.htm,8-K
0001209191-16-106716,2016-03-07,2016-03-04,2016-03-07T22:49:37.000Z,,4,,,,4,16275,0,0,,xslF345X03/doc4.xml,FORM 4 SUBMISSION
0000215457-16-006042,2016-03-10,,2016-03-10T17:34:55.000Z,34,SC 13G/A,005-17643,161497024,,SC 13G/A,13336,0,0,,hubbell.inc.amend.txt,
0001308179-16-000240,2016-03-16,2016-03-16,2016-03-16T11:47:25.000Z,34,DEF 14A,001-02958,161508547,,DEF 14A,2313762,0,0,,lhubb2016_def14a.htm,HUBBELL INCORPORATED - DEF 14A
0001308179-16-000241,2016-03-16,,2016-03-16T11:49:28.000Z,34,DEFA14A,001-02958,161508548,,DEFA14A,950468,0,0,,lhubb2016_defa14a.htm,HUBBELL INCORPORATED - DEFA 14A
0001209191-16-114898,2016-04-19,2016-04-15,2016-04-19T21:23:32.000Z,,4,,,,4,4760,0,0,,xslF345X03/doc4.xml,FORM 4 SUBMISSION
0001628280-16-014759,2016-04-26,2016-04-26,2016-04-26T13:16:29.000Z,34,8-K,001-02958,161590625,"2.02,9.01",8-K,396595,1,0,,form8-k_042616.htm,FORM 8-K
0001628280-16-014813,2016-04-27,2016-03-31,2016-04-27T12:23:52.000Z,34,10-Q,001-02958,161593477,,10-Q,5888257,1,0,,hubb-2016033110q.htm,FORM 10-Q
0001209191-16-117801,2016-05-05,2016-05-03,2016-05-05T20:48:37.000Z,,4,,,,4,5838,0,0,,xslF345X03/doc4.xml,FORM 4 SUBMISSION
0001209191-16-117802,2016-05-05,2016-05-03,2016-05-05T20:49:35.000Z,,4,,,,4,5805,0,0,,xslF345X03/doc4.xml,FORM 4 SUBMISSION
0001209191-16-117803,2016-05-05,2016-05-03,2016-05-05T20:50:24.000Z,,4,,,,4,5810,0,0,,xslF345X03/doc4.xml,FORM 4 SUBMISSION
0001209191-16-117804,2016-05-05,2016-05-03,2016-05-05T20:52:54.000Z,,4,,,,4,4686,0,0,,xslF345X03/doc4.xml,FORM 4 SUBMISSION
0001209191-16-117806,2016-05-05,2016-05-03,2016-05-05T20:55:19.000Z,,4,,,,4,5601,0,0,,xslF345X03/doc4.xml,FORM 4 SUBMISSION
0001209191-16-117807,2016-05-05,2016-05-03,2016-05-05T20:56:33.000Z,,4,,,,4,5792,0,0,,xslF345X03/doc4.xml,FORM 4 SUBMISSION
0001209191-16-117808,2016-05-05,2016-05-03,2016-05-05T20:57:19.000Z,,4,,,,4,5834,0,0,,xslF345X03/doc4.xml,FORM 4 SUBMISSION
0001209191-16-117809,2016-05-05,2016-05-03,2016-05-05T20:57:54.000Z,,4,,,,4,4723,0,0,,xslF345X03/doc4.xml,FORM 4 SUBMISSION
0001299933-16-002412,2016-05-09,2016-05-03,2016-05-06T22:13:19.000Z,34,8-K,001-02958,161629473,"5.02,5.07,9.01",8-K,47422,0,0,,htm_53474.htm,LIVE FILING
0001209191-16-120865,2016-05-17,2016-05-13,2016-05-17T21:00:28.000Z,,4,,,,4,5915,0,0,,xslF345X03/doc4.xml,FORM 4 SUBMISSION
0001209191-16-120873,2016-05-17,2016-05-13,2016-05-17T21:01:53.000Z,,4,,,,4,5917,0,0,,xslF345X03/doc4.xml,FORM 4 SUBMISSION
0001209191-16-120881,2016-05-17,2016-05-13,2016-05-17T21:02:56.000Z,,4,,,,4,5911,0,0,,xslF345X03/doc4.xml,FORM 4 SUBMISSION
0001209191-16-120883,2016-05-17,2016-05-13,2016-05-17T21:04:02.000Z,,4,,,,4,5942,0,0,,xslF345X03/doc4.xml,FORM 4 SUBMISSION
0001209191-16-121408,2016-05-18,2016-05-16,2016-05-18T22:21:23.000Z,,4,,,,4,14089,0,0,,xslF345X03/doc4.xml,FORM 4 SUBMISSION
0001193125-16-608407,2016-05-31,,2016-05-31T20:25:04.000Z,34,SD,001-02958,161686175,,SD,38394,0,0,,d189199dsd.htm,SD
0000891836-16-000224,2016-06-22,,2016-06-22T21:20:11.000Z,34,SC 13D/A,005-17643,161727197,,SC 13D/A,59855,0,0,,sc0045.htm,AMENDMENT NO. 3 TO SCHEDULE 13D
0001209191-16-131767,2016-07-06,2016-07-01,2016-07-06T21:23:55.000Z,,4,,,,4,6415,0,0,,xslF345X03/doc4.xml,FORM 4 SUBMISSION
0001209191-16-131773,2016-07-06,2016-07-01,2016-07-06T21:25:49.000Z,,4,,,,4,4741,0,0,,xslF345X03/doc4.xml,FORM 4 SUBMISSION
0001209191-16-131777,2016-07-06,2016-07-01,2016-07-06T21:26:29.000Z,,4,,,,4,4739,0,0,,xslF345X03/doc4.xml,FORM 4 SUBMISSION
0001209191-16-131779,2016-07-06,2016-07-01,2016-07-06T21:26:53.000Z,,4,,,,4,4735,0,0,,xslF345X03/doc4.xml,FORM 4 SUBMISSION
0001628280-16-017744,2016-07-26,2016-07-26,2016-07-26T12:20:00.000Z,34,8-K,001-02958,161783233,"2.02,9.01",8-K,588162,0,0,,form8-k_072616.htm,FORM 8-K
0001628280-16-017777,2016-07-27,2016-06-30,2016-07-27T12:29:36.000Z,34,10-Q,001-02958,161785720,,10-Q,6845142,1,0,,hubb-2016063010q.htm,FORM 10-Q
0001209191-16-134629,2016-08-01,2016-07-29,2016-08-01T20:52:32.000Z,,4,,,,4,6075,0,0,,xslF345X03/doc4.xml,FORM 4 SUBMISSION
0001628280-16-019102,2016-08-17,2016-08-15,2016-08-17T21:04:58.000Z,,4,,,,4,5896,0,0,,xslF345X03/wf-form4_147146788604220.xml,FORM 4
0001628280-16-019104,2016-08-17,2016-08-15,2016-08-17T21:06:25.000Z,,4,,,,4,5918,0,0,,xslF345X03/wf-form4_147146797332535.xml,FORM 4
0001628280-16-019106,2016-08-17,2016-08-15,2016-08-17T21:08:56.000Z,,4,,,,4,5889,0,0,,xslF345X03/wf-form4_147146812276617.xml,FORM 4
0001628280-16-019108,2016-08-17,2016-08-15,2016-08-17T21:13:08.000Z,,4,,,,4,5893,0,0,,xslF345X03/wf-form4_147146837566101.xml,FORM 4
0001628280-16-019149,2016-08-18,2016-08-17,2016-08-18T22:03:27.000Z,,4,,,,4,5161,0,0,,xslF345X03/wf-form4_147155779454009.xml,FORM 4
0000891836-16-000263,2016-10-13,,2016-10-13T21:25:55.000Z,34,SC 13D/A,005-17643,161935531,,SC 13D/A,52190,0,0,,sc0072.htm,AMENDMENT NO. 4 TO SCHEDULE 13D
0001628280-16-020237,2016-10-25,2016-10-25,2016-10-25T12:23:58.000Z,34,8-K,001-02958,161949319,"2.02,9.01",8-K,617489,0,0,,form8-k_102516.htm,FORM 8-K
0001628280-16-020273,2016-10-26,2016-09-30,2016-10-26T12:38:23.000Z,34,10-Q,001-02958,161951605,,10-Q,6810963,1,0,,hubb-2016093010q.htm,FORM 10-Q
0001628280-16-021531,2016-11-17,2016-11-15,2016-11-17T22:29:09.000Z,,4,,,,4,5888,0,0,,xslF345X03/wf-form4_147942173619382.xml,FORM 4
0001628280-16-021533,2016-11-17,2016-11-15,2016-11-17T22:30:30.000Z,,4,,,,4,5884,0,0,,xslF345X03/wf-form4_147942181834744.xml,FORM 4
0001628280-16-021535,2016-11-17,2016-11-15,2016-11-17T22:32:32.000Z,,4,,,,4,5884,0,0,,xslF345X03/wf-form4_147942193972674.xml,FORM 4
0001628280-16-021537,2016-11-17,2016-11-15,2016-11-17T22:34:56.000Z,,4,,,,4,5915,0,0,,xslF345X03/wf-form4_147942208342377.xml,FORM 4
0001628280-16-021906,2016-12-08,2016-12-06,2016-12-08T21:39:58.000Z,,4,,,,4,6999,0,0,,xslF345X03/wf-form4_148123318552553.xml,FORM 4
0001628280-16-021908,2016-12-08,2016-12-06,2016-12-08T21:41:56.000Z,,4,,,,4,7020,0,0,,xslF345X03/wf-form4_148123330370603.xml,FORM 4
0001628280-16-021910,2016-12-08,2016-12-06,2016-12-08T21:43:32.000Z,,4,,,,4,6995,0,0,,xslF345X03/wf-form4_148123339952247.xml,FORM 4
0001628280-16-021912,2016-12-08,2016-12-06,2016-12-08T21:45:25.000Z,,4,,,,4,7010,0,0,,xslF345X03/wf-form4_148123351202820.xml,FORM 4
0001628280-16-021914,2016-12-08,2016-12-06,2016-12-08T21:52:34.000Z,,4,,,,4,6998,0,0,,xslF345X03/wf-form4_148123394106800.xml,FORM 4
0001628280-16-021916,2016-12-08,2016-12-06,2016-12-08T21:57:28.000Z,,4,,,,4,7000,0,0,,xslF345X03/wf-form4_148123420689275.xml,FORM 4
0001628280-16-021918,2016-12-08,2016-12-06,2016-12-08T21:59:07.000Z,,4,,,,4,7005,0,0,,xslF345X03/wf-form4_148123432769293.xml,FORM 4
0001628280-16-021920,2016-12-08,2016-12-06,2016-12-08T22:00:56.000Z,,4,,,,4,7003,0,0,,xslF345X03/wf-form4_148123444236777.xml,FORM 4
0001628280-16-021922,2016-12-08,2016-12-06,2016-12-08T22:03:58.000Z,,4,,,,4,7011,0,0,,xslF345X03/wf-form4_148123462404704.xml,FORM 4
0001628280-16-021924,2016-12-08,2016-12-06,2016-12-08T22:05:50.000Z,,4,,,,4,6999,0,0,,xslF345X03/wf-form4_148123473746320.xml,FORM 4
0001628280-16-021963,2016-12-09,2016-12-08,2016-12-09T21:38:29.000Z,,4,,,,4,4685,0,0,,xslF345X03/wf-form4_148131949643249.xml,FORM 4
0001628280-16-021965,2016-12-09,2016-12-08,2016-12-09T21:40:38.000Z,,4,,,,4,4657,0,0,,xslF345X03/wf-form4_148131962626741.xml,FORM 4
0001628280-16-021967,2016-12-12,2016-12-06,2016-12-12T14:12:54.000Z,34,8-K,001-02958,162045450,"5.02,9.01",8-K,231066,0,0,,a8kequityplanamendment1206.htm,8-K
0000353480-17-000786,2017-01-24,,2017-01-23T22:46:40.000Z,34,SC 13G/A,005-17643,17542035,,SC 13G/A,13285,0,0,,hubbell.inc.txt,
0001628280-17-000641,2017-01-31,2017-01-31,2017-01-31T13:21:12.000Z,34,8-K,001-02958,17559445,"2.02,2.05,9.01",8-K,609392,0,0,,form8-k_013117.htm,FORM 8-K
0001628280-17-000861,2017-02-03,2017-02-01,2017-02-03T21:22:05.000Z,,4,,,,4,4766,0,0,,xslF345X03/wf-form4_148615691115277.xml,FORM 4
0001628280-17-000950,2017-02-07,2017-02-03,2017-02-07T21:34:48.000Z,,4,,,,4,17195,0,0,,xslF345X03/wf-form4_148650327530721.xml,FORM 4
0001628280-17-000952,2017-02-07,2017-02-03,2017-02-07T21:36:33.000Z,,4,,,,4,13175,0,0,,xslF345X03/wf-form4_148650337888786.xml,FORM 4
0001628280-17-000954,2017-02-07,2017-02-03,2017-02-07T21:38:01.000Z,,4,,,,4,15193,0,0,,xslF345X03/wf-form4_148650346819204.xml,FORM 4
0000932471-17-002833,2017-02-13,,2017-02-13T15:48:37.000Z,34,SC 13G/A,005-17643,17596799,,SC 13G/A,48858,0,0,,hubbellinc.htm,
0001422849-17-000058,2017-02-13,,2017-02-13T22:03:42.000Z,34,SC 13G/A,005-17643,17600355,,SC 13G/A,9199,0,0,,edghubb.txt,SC 13G/A
0001628280-17-001194,2017-02-13,2017-02-09,2017-02-13T22:11:28.000Z,,4,,,,4,8065,0,0,,xslF345X03/wf-form4_148702387443607.xml,FORM 4
0001628280-17-001197,2017-02-13,2017-02-09,2017-02-13T22:14:47.000Z,,4,,,,4,7984,0,0,,xslF345X03/wf-form4_148702407473478.xml,FORM 4
0001628280-17-001200,2017-02-13,2017-02-09,2017-02-13T22:17:06.000Z,,4,,,,4,7947,0,0,,xslF345X03/wf-form4_148702421143491.xml,FORM 4
0001628280-17-001202,2017-02-13,2017-02-09,2017-02-13T22:18:25.000Z,,4,,,,4,7962,0,0,,xslF345X03/wf-form4_148702429241197.xml,FORM 4
0001628280-17-001206,2017-02-13,2017-02-09,2017-02-13T22:20:50.000Z,,4,,,,4,7967,0,0,,xslF345X03/wf-form4_148702443715045.xml,FORM 4
0001628280-17-001208,2017-02-13,2017-02-09,2017-02-13T22:22:44.000Z,,4,,,,4,8131,0,0,,xslF345X03/wf-form4_148702455113538.xml,FORM 4
0001628280-17-001211,2017-02-13,2017-02-09,2017-02-13T22:24:10.000Z,,4,,,,4,7963,0,0,,xslF345X03/wf-form4_148702463360461.xml,FORM 4
0001628280-17-001214,2017-02-13,2017-02-09,2017-02-13T22:25:58.000Z,,4,,,,4,7975,0,0,,xslF345X03/wf-form4_148702473725477.xml,FORM 4
0001628280-17-001218,2017-02-13,2017-02-09,2017-02-13T22:28:20.000Z,,4,,,,4,7959,0,0,,xslF345X03/wf-form4_148702488721996.xml,FORM 4
0001628280-17-001423,2017-02-16,2016-12-31,2017-02-16T13:32:02.000Z,34,10-K,001-02958,17616524,,10-K,16070004,1,0,,hubb-20161231x10k.htm,FORM 10-K
0001628280-17-001451,2017-02-16,2017-02-15,2017-02-16T23:51:12.000Z,,4,,,,4,5887,0,0,,xslF345X03/wf-form4_148728905943930.xml,FORM 4
0001628280-17-001453,2017-02-16,2017-02-15,2017-02-17T00:00:01.000Z,,4,,,,4,5887,0,0,,xslF345X03/wf-form4_148728958707937.xml,FORM 4
0001628280-17-001455,2017-02-16,2017-02-15,2017-02-17T00:01:35.000Z,,4,,,,4,5914,0,0,,xslF345X03/wf-form4_148728968151214.xml,FORM 4
0001308179-17-000036,2017-03-15,2017-03-15,2017-03-15T12:00:19.000Z,34,DEF 14A,001-02958,17689859,,DEF 14A,2415033,0,0,,lhubb2017_def14a.htm,HUBBELL INCORPORATED - DEF 14A
0001308179-17-000037,2017-03-15,,2017-03-15T12:01:23.000Z,34,DEFA14A,001-02958,17689871,,DEFA14A,970406,0,0,,lhubb2017_defa14a.htm,HUBBELL INCORPORATED - DEFA14A
0001628280-17-004258,2017-04-25,2017-04-25,2017-04-25T12:19:33.000Z,34,8-K,001-02958,17779767,"2.02,9.01",8-K,402060,0,0,,form8-k_042517.htm,FORM 8-K
0001628280-17-004299,2017-04-26,2017-03-31,2017-04-26T12:33:01.000Z,34,10-Q,001-02958,17782637,,10-Q,5614541,1,0,,hubb-2017033110q.htm,FORM 10-Q
0001628280-17-004958,2017-05-04,2017-05-02,2017-05-04T20:59:39.000Z,,4,,,,4,5805,0,0,,xslF345X03/wf-form4_149393156472744.xml,FORM 4
0001628280-17-004959,2017-05-04,2017-05-02,2017-05-04T21:02:15.000Z,,4,,,,4,5773,0,0,,xslF345X03/wf-form4_149393171627736.xml,FORM 4
0001628280-17-004962,2017-05-04,2017-05-02,2017-05-04T21:10:55.000Z,,4,,,,4,5778,0,0,,xslF345X03/wf-form4_149393224047698.xml,FORM 4
0001628280-17-004964,2017-05-04,2017-05-02,2017-05-04T21:18:02.000Z,,4,,,,4,4647,0,0,,xslF345X03/wf-form4_149393266779623.xml,FORM 4
0001628280-17-004966,2017-05-04,2017-05-02,2017-05-04T21:20:12.000Z,,4,,,,4,5573,0,0,,xslF345X03/wf-form4_149393279761783.xml,FORM 4
0001628280-17-004970,2017-05-04,2017-05-02,2017-05-04T21:23:16.000Z,,4,,,,4,4637,0,0,,xslF345X03/wf-form4_149393298114172.xml,FORM 4
0001628280-17-004971,2017-05-04,2017-05-02,2017-05-04T21:23:59.000Z,,4,,,,4,5802,0,0,,xslF345X03/wf-form4_149393302415828.xml,FORM 4
0001628280-17-004977,2017-05-04,2017-05-02,2017-05-04T21:47:56.000Z,,4,,,,4,4683,0,0,,xslF345X03/wf-form4_149393446196873.xml,FORM 4
0001628280-17-005052,2017-05-05,2017-05-02,2017-05-05T20:39:31.000Z,34,8-K,001-02958,17818927,5.07,8-K,101953,0,0,,hubb2017annualmeeting8k.htm,FORM 8-K
0001628280-17-005638,2017-05-17,2017-05-15,2017-05-17T20:40:34.000Z,,4,,,,4,5884,0,0,,xslF345X03/wf-form4_149505361945731.xml,FORM 4
0001628280-17-005640,2017-05-17,2017-05-15,2017-05-17T20:42:09.000Z,,4,,,,4,5887,0,0,,xslF345X03/wf-form4_149505371431582.xml,FORM 4
0001628280-17-005642,2017-05-17,2017-05-15,2017-05-17T20:43:31.000Z,,4,,,,4,5911,0,0,,xslF345X03/wf-form4_149505379607076.xml,FORM 4
0001193125-17-188923,2017-05-31,,2017-05-31T18:05:57.000Z,34,SD,001-02958,17880502,,SD,40225,0,0,,d514136dsd.htm,SD
0001628280-17-006878,2017-07-03,2017-07-01,2017-07-03T20:06:32.000Z,,4,,,,4,4671,0,0,,xslF345X03/wf-form4_149911237878102.xml,FORM 4
0001628280-17-006880,2017-07-03,2017-07-01,2017-07-03T20:07:59.000Z,,4,,,,4,4662,0,0,,xslF345X03/wf-form4_149911246537148.xml,FORM 4
0001628280-17-006882,2017-07-03,2017-07-01,2017-07-03T20:09:43.000Z,,4,,,,4,4660,0,0,,xslF345X03/wf-form4_149911256946058.xml,FORM 4
0001628280-17-006884,2017-07-03,2017-07-01,2017-07-03T20:12:02.000Z,,4,,,,4,4656,0,0,,xslF345X03/wf-form4_149911270868920.xml,FORM 4
0001628280-17-007237,2017-07-25,2017-07-25,2017-07-25T12:17:06.000Z,34,8-K,001-02958,17979339,"2.02,9.01",8-K,597937,1,1,,form8-k_072517.htm,FORM 8-K
0001628280-17-007275,2017-07-26,2017-06-30,2017-07-26T12:12:00.000Z,34,10-Q,001-02958,17981694,,10-Q,6528222,1,0,,hubb-2017063010q.htm,FORM 10-Q
0001193125-17-241568,2017-07-31,,2017-07-31T13:06:16.000Z,33,424B2,333-209532,17991676,,424B2,585918,0,0,,d417652d424b2.htm,424B2
0001193125-17-242276,2017-07-31,,2017-07-31T19:35:34.000Z,34,FWP,333-209532,17992864,,FWP,16887,0,0,,d434838dfwp.htm,FWP
0001193125-17-242552,2017-07-31,2017-07-31,2017-07-31T21:24:04.000Z,34,8-K,001-02958,17993854,"8.01,9.01",8-K,183558,1,1,,d432904d8k.htm,FORM 8-K
0001193125-17-244268,2017-08-01,,2017-08-01T20:17:04.000Z,33,424B2,333-209532,17996925,,424B2,596563,0,0,,d417652d424b2.htm,424B2
0001193125-17-246965,2017-08-03,2017-08-03,2017-08-03T15:15:03.000Z,34,8-K,001-02958,171003783,"1.01,2.03,2.04,9.01",8-K,220560,0,0,,d433279d8k.htm,FORM 8-K
0001628280-17-008720,2017-08-16,2017-08-15,2017-08-16T21:23:19.000Z,,4,,,,4,5885,0,0,,xslF345X03/wf-form4_150291858603868.xml,FORM 4
0001628280-17-008722,2017-08-16,2017-08-15,2017-08-16T21:26:32.000Z,,4,,,,4,5888,0,0,,xslF345X03/wf-form4_150291876808603.xml,FORM 4
0001628280-17-008724,2017-08-16,2017-08-15,2017-08-16T21:31:39.000Z,,4,,,,4,5912,0,0,,xslF345X03/wf-form4_150291908346636.xml,FORM 4
0001193125-17-277893,2017-09-06,2017-09-02,2017-09-06T20:51:05.000Z,34,8-K,001-02958,171071937,"1.02,8.01",8-K,19652,0,0,,d454385d8k.htm,FORM 8-K
0001628280-17-009998,2017-10-20,2017-10-20,2017-10-20T14:42:09.000Z,34,8-K,001-02958,171146236,"7.01,8.01,9.01",8-K,59812,0,0,,form8-k_102017.htm,FORM 8-K
0001628280-17-010052,2017-10-24,2017-10-24,2017-10-24T12:13:47.000Z,34,8-K,001-02958,171149979,"2.02,9.01",8-K,608221,0,0,,form8-k_102417.htm,FORM 8-K
0001628280-17-010113,2017-10-25,2017-09-30,2017-10-25T12:20:39.000Z,34,10-Q,001-02958,171152112,,10-Q,6880028,1,0,,hubb-2017093010q.htm,FORM 10-Q
0001628280-17-010521,2017-11-01,2017-10-30,2017-11-01T20:47:20.000Z,,4,,,,4,9790,0,0,,xslF345X03/wf-form4_150956922644883.xml,FORM 4
0001628280-17-011669,2017-11-17,2017-11-15,2017-11-17T21:39:53.000Z,,4,,,,4,5885,0,0,,xslF345X03/wf-form4_151095478016240.xml,FORM 4
0001628280-17-011671,2017-11-17,2017-11-15,2017-11-17T21:42:19.000Z,,4,,,,4,5886,0,0,,xslF345X03/wf-form4_151095492596102.xml,FORM 4
0001628280-17-011675,2017-11-17,2017-11-15,2017-11-17T21:44:10.000Z,,4,,,,4,5912,0,0,,xslF345X03/wf-form4_151095503364354.xml,FORM 4
0001628280-17-011677,2017-11-17,2017-11-15,2017-11-17T21:45:46.000Z,,4,,,,4,8578,0,0,,xslF345X03/wf-form4_151095513198824.xml,FORM 4
0001628280-17-012206,2017-12-07,2017-12-05,2017-12-07T22:11:36.000Z,,4,,,,4,6997,0,0,,xslF345X03/wf-form4_151268468251491.xml,FORM 4
0001628280-17-012208,2017-12-07,2017-12-05,2017-12-07T22:13:03.000Z,,4,,,,4,7017,0,0,,xslF345X03/wf-form4_151268476953207.xml,FORM 4
0001628280-17-012210,2017-12-07,2017-12-05,2017-12-07T22:17:55.000Z,,4,,,,4,6956,0,0,,xslF345X03/wf-form4_151268506197551.xml,FORM 4
0001628280-17-012212,2017-12-07,2017-12-05,2017-12-07T22:19:40.000Z,,4,,,,4,7007,0,0,,xslF345X03/wf-form4_151268516679085.xml,FORM 4
0001628280-17-012217,2017-12-07,2017-12-05,2017-12-07T22:22:25.000Z,,4,,,,4,6995,0,0,,xslF345X03/wf-form4_151268533106472.xml,FORM 4
0001628280-17-012220,2017-12-07,2017-12-05,2017-12-07T22:26:00.000Z,,4,,,,4,7000,0,0,,xslF345X03/wf-form4_151268554671244.xml,FORM 4
0001628280-17-012222,2017-12-07,2017-12-05,2017-12-07T22:27:51.000Z,,4,,,,4,7003,0,0,,xslF345X03/wf-form4_151268565807198.xml,FORM 4
0001628280-17-012224,2017-12-07,2017-12-05,2017-12-07T22:29:50.000Z,,4,,,,4,7175,0,0,,xslF345X03/wf-form4_151268577661842.xml,FORM 4
0001628280-17-012226,2017-12-07,2017-12-05,2017-12-07T22:31:25.000Z,,4,,,,4,7008,0,0,,xslF345X03/wf-form4_151268587166448.xml,FORM 4
0001628280-17-012228,2017-12-07,2017-12-05,2017-12-07T22:32:54.000Z,,4,,,,4,6997,0,0,,xslF345X03/wf-form4_151268595855924.xml,FORM 4
0001628280-17-012300,2017-12-12,2017-12-08,2017-12-12T21:39:12.000Z,,4,,,,4,4682,0,0,,xslF345X03/wf-form4_151311473906036.xml,FORM 4
0001628280-17-012302,2017-12-12,2017-12-08,2017-12-12T21:44:04.000Z,,4,,,,4,4618,0,0,,xslF345X03/wf-form4_151311503016672.xml,FORM 4
0001193125-17-378024,2017-12-26,2017-12-22,2017-12-26T13:18:36.000Z,34,8-K,001-02958,171273634,"1.01,7.01,8.01,9.01",8-K,5372189,0,0,,d444268d8k.htm,FORM 8-K
0001193125-18-008982,2018-01-11,2018-01-10,2018-01-11T21:08:33.000Z,34,8-K,001-02958,18523749,"1.01,9.01",8-K,96553,0,0,,d521765d8k.htm,FORM 8-K
0000215457-18-003085,2018-01-25,,2018-01-25T16:14:08.000Z,34,SC 13G/A,005-17643,18547275,,SC 13G/A,13440,0,0,,us4435106079_012418.txt,
0001628280-18-000694,2018-01-30,2018-01-30,2018-01-30T13:40:42.000Z,34,8-K,001-02958,18557542,"2.02,9.01",8-K,667088,0,0,,form8-k_013018.htm,FORM 8-K
0001193125-18-026384,2018-01-31,2018-01-31,2018-01-31T12:32:56.000Z,34,8-K,001-02958,18561013,"1.01,2.03,9.01",8-K,1113897,0,0,,d519969d8k.htm,FORM 8-K
0001193125-18-026554,2018-01-31,,2018-01-31T13:51:38.000Z,33,424B2,333-209532,18561115,,424B2,782583,0,0,,d531990d424b2.htm,424B2
0001193125-18-027557,2018-01-31,,2018-01-31T21:50:56.000Z,34,FWP,333-209532,18563406,,FWP,19276,0,0,,d534663dfwp.htm,FWP
0001193125-18-027928,2018-02-01,2018-01-31,2018-02-01T01:52:32.000Z,34,8-K,001-02958,18564387,"8.01,9.01",8-K,185002,0,0,,d537236d8k.htm,FORM 8-K
0001193125-18-029326,2018-02-01,,2018-02-01T21:22:35.000Z,33,424B2,333-209532,18567137,,424B2,790156,0,0,,d531990d424b2.htm,424B2
0001193125-18-030152,2018-02-02,2018-01-31,2018-02-02T14:08:33.000Z,34,8-K,001-02958,18568879,"1.01,2.03,9.01",8-K,225753,0,0,,d516084d8k.htm,FORM 8-K
0001193125-18-031569,2018-02-05,2018-02-02,2018-02-05T13:38:02.000Z,34,8-K,001-02958,18572865,"1.02,2.01,2.03,7.01,9.01",8-K,39290,0,0,,d537350d8k.htm,8-K
0000932471-18-003387,2018-02-09,,2018-02-09T13:50:16.000Z,34,SC 13G/A,005-17643,18588145,,SC 13G/A,45201,0,0,,hubbellinc.htm,
0001628280-18-001447,2018-02-12,2018-02-08,2018-02-12T21:34:26.000Z,,4,,,,4,7959,0,0,,xslF345X03/wf-form4_151847124585131.xml,FORM 4
0001628280-18-001450,2018-02-12,2018-02-08,2018-02-12T21:36:55.000Z,,4,,,,4,7981,0,0,,xslF345X03/wf-form4_151847139476810.xml,FORM 4
0001628280-18-001455,2018-02-12,2018-02-08,2018-02-12T21:46:30.000Z,,4,,,,4,7918,0,0,,xslF345X03/wf-form4_151847197287623.xml,FORM 4
0001628280-18-001457,2018-02-12,2018-02-08,2018-02-12T21:52:43.000Z,,4,,,,4,7958,0,0,,xslF345X03/wf-form4_151847234623418.xml,FORM 4
0001628280-18-001459,2018-02-12,2018-02-08,2018-02-12T21:54:02.000Z,,4,,,,4,7964,0,0,,xslF345X03/wf-form4_151847242631509.xml,FORM 4
0001628280-18-001462,2018-02-12,2018-02-08,2018-02-12T21:56:15.000Z,,4,,,,4,8131,0,0,,xslF345X03/wf-form4_151847256056833.xml,FORM 4
0001628280-18-001464,2018-02-12,2018-02-08,2018-02-12T21:57:56.000Z,,4,,,,4,8143,0,0,,xslF345X03/wf-form4_151847266222296.xml,FORM 4
0001628280-18-001466,2018-02-12,2018-02-08,2018-02-12T21:59:01.000Z,,4,,,,4,7971,0,0,,xslF345X03/wf-form4_151847272637040.xml,FORM 4
0001628280-18-001468,2018-02-12,2018-02-08,2018-02-12T22:00:58.000Z,,4,,,,4,7959,0,0,,xslF345X03/wf-form4_151847280389008.xml,FORM 4
0001422849-18-000057,2018-02-14,,2018-02-13T22:33:03.000Z,34,SC 13G/A,005-17643,18605201,,SC 13G/A,8971,0,0,,edghubb.txt,SC 13G/A
0001628280-18-001681,2018-02-14,2018-02-12,2018-02-14T22:10:43.000Z,,4,,,,4,22729,0,0,,xslF345X03/wf-form4_151864484982157.xml,FORM 4
0001628280-18-001740,2018-02-15,2017-12-31,2018-02-15T13:32:48.000Z,34,10-K,001-02958,18616279,,10-K,16238003,1,0,,hubb-20171231x10k.htm,FORM 10-K
0001628280-18-001913,2018-02-20,2018-02-15,2018-02-20T21:44:52.000Z,,4,,,,4,5882,0,0,,xslF345X03/wf-form4_151916307777974.xml,FORM 4
0001628280-18-001915,2018-02-20,2018-02-15,2018-02-20T21:46:25.000Z,,4,,,,4,5885,0,0,,xslF345X03/wf-form4_151916317062403.xml,FORM 4
0001628280-18-001917,2018-02-20,2018-02-15,2018-02-20T21:47:51.000Z,,4,,,,4,5911,0,0,,xslF345X03/wf-form4_151916325733943.xml,FORM 4
0001628280-18-001919,2018-02-20,2018-02-15,2018-02-20T21:50:12.000Z,,4,,,,4,15178,0,0,,xslF345X03/wf-form4_151916339768350.xml,FORM 4
0001308179-18-000050,2018-03-15,2018-03-15,2018-03-15T20:31:28.000Z,34,DEF 14A,001-02958,18692852,,DEF 14A,2302735,0,0,,lhubb2018-def14a.htm,HUBBELL INC - DEF 14A
0001308179-18-000051,2018-03-15,,2018-03-15T20:33:51.000Z,34,DEFA14A,001-02958,18692905,,DEFA14A,91504,0,0,,lhubb2018-defa14a.htm,HUBBELL INC - DEFA14A
0001193125-18-121219,2018-04-18,2018-04-12,2018-04-18T21:21:02.000Z,34,8-K,001-02958,18761882,8.01,8-K,24215,0,0,,d575900d8k.htm,8-K
0001193125-18-121228,2018-04-18,,2018-04-18T21:22:56.000Z,34,DEFA14A,001-02958,18761895,,DEFA14A,48269,0,0,,d651393ddefa14a.htm,DEFA14A
0001628280-18-004673,2018-04-19,2018-02-02,2018-04-19T20:23:46.000Z,34,8-K/A,001-02958,18764023,9.01,8-K/A,910399,0,0,,cover.htm,FORM 8-K/A
0001628280-18-004924,2018-04-24,2018-04-24,2018-04-24T12:21:07.000Z,34,8-K,001-02958,18770198,"2.02,9.01",8-K,506417,0,0,,form8-k_042418.htm,FORM 8-K
0001628280-18-004996,2018-04-25,2018-04-23,2018-04-25T21:05:10.000Z,,4,,,,4,6421,0,0,,xslF345X03/wf-form4_152469026464753.xml,FORM 4
0001628280-18-004998,2018-04-25,2018-04-23,2018-04-25T21:06:16.000Z,,4,,,,4,6443,0,0,,xslF345X03/wf-form4_152469036288621.xml,FORM 4
0001628280-18-005001,2018-04-25,2018-04-23,2018-04-25T21:09:04.000Z,,4,,,,4,6380,0,0,,xslF345X03/wf-form4_152469049380739.xml,FORM 4
0001628280-18-005003,2018-04-25,2018-04-23,2018-04-25T21:10:44.000Z,,4,,,,4,6420,0,0,,xslF345X03/wf-form4_152469063052492.xml,FORM 4
0001628280-18-005006,2018-04-25,2018-04-23,2018-04-25T21:12:50.000Z,,4,,,,4,6424,0,0,,xslF345X03/wf-form4_152469072448178.xml,FORM 4
0001628280-18-005005,2018-04-25,2018-03-31,2018-04-25T21:12:52.000Z,34,10-Q,001-02958,18775130,,10-Q,7320510,1,0,,hubb-2018033110q.htm,FORM 10-Q
0001628280-18-005008,2018-04-25,2018-04-23,2018-04-25T21:14:01.000Z,,4,,,,4,6426,0,0,,xslF345X03/wf-form4_152469082688642.xml,FORM 4
0001628280-18-005011,2018-04-25,2018-04-23,2018-04-25T21:15:49.000Z,,4,,,,4,6602,0,0,,xslF345X03/wf-form4_152469093596986.xml,FORM 4
0001628280-18-005013,2018-04-25,2018-04-23,2018-04-25T21:17:08.000Z,,4,,,,4,6433,0,0,,xslF345X03/wf-form4_152469101089744.xml,FORM 4
0001628280-18-005016,2018-04-25,2018-04-23,2018-04-25T21:19:45.000Z,,4,,,,4,6420,0,0,,xslF345X03/wf-form4_152469113377122.xml,FORM 4
0001628280-18-005536,2018-05-01,2018-04-27,2018-05-01T20:47:40.000Z,,4,,,,4,5906,0,0,,xslF345X03/wf-form4_152520764713360.xml,FORM 4
0001193125-18-150877,2018-05-03,2018-05-01,2018-05-03T20:35:56.000Z,34,8-K,001-02958,18804396,5.07,8-K,33912,0,0,,d574216d8k.htm,8-K
0001628280-18-005860,2018-05-03,2018-05-03,2018-05-03T20:50:29.000Z,,4,,,,4,5806,0,0,,xslF345X03/wf-form4_152538058035374.xml,FORM 4
0001628280-18-005865,2018-05-03,2018-05-03,2018-05-03T20:52:56.000Z,,4,,,,4,5782,0,0,,xslF345X03/wf-form4_152538076321054.xml,FORM 4
0001628280-18-005868,2018-05-03,2018-05-03,2018-05-03T20:55:41.000Z,,4,,,,4,5778,0,0,,xslF345X03/wf-form4_152538092766922.xml,FORM 4
0001628280-18-005871,2018-05-03,2018-05-03,2018-05-03T20:57:59.000Z,,4,,,,4,4647,0,0,,xslF345X03/wf-form4_152538103082918.xml,FORM 4
0001628280-18-005874,2018-05-03,2018-05-03,2018-05-03T21:01:21.000Z,,4,,,,4,5794,0,0,,xslF345X03/wf-form4_152538122692265.xml,FORM 4
0001628280-18-005876,2018-05-03,2018-05-03,2018-05-03T21:04:45.000Z,,4,,,,4,4637,0,0,,xslF345X03/wf-form4_152538142997223.xml,FORM 4
0001628280-18-005878,2018-05-03,2018-05-03,2018-05-03T21:09:48.000Z,,4,,,,4,5802,0,0,,xslF345X03/wf-form4_152538173458039.xml,FORM 4
0001628280-18-005880,2018-05-03,2018-05-03,2018-05-03T21:12:25.000Z,,4,,,,4,4683,0,0,,xslF345X03/wf-form4_152538189427380.xml,FORM 4
0001193125-18-154513,2018-05-07,,2018-05-07T20:30:55.000Z,34,SD,001-02958,18811647,,SD,39924,0,0,,d582391dsd.htm,SD
0001628280-18-006859,2018-05-16,2018-05-15,2018-05-16T20:39:59.000Z,,4,,,,4,5893,0,0,,xslF345X03/wf-form4_152650314024091.xml,FORM 4
0001628280-18-006861,2018-05-16,2018-05-15,2018-05-16T20:41:28.000Z,,4,,,,4,5887,0,0,,xslF345X03/wf-form4_152650327414704.xml,FORM 4
0001628280-18-006863,2018-05-16,2018-05-15,2018-05-16T20:43:39.000Z,,4,,,,4,5911,0,0,,xslF345X03/wf-form4_152650335214993.xml,FORM 4
0001628280-18-006973,2018-05-18,2018-05-17,2018-05-18T20:34:38.000Z,,4,,,,4,4996,0,0,,xslF345X03/wf-form4_152667566469934.xml,FORM 4
0001628280-18-009059,2018-07-03,2018-07-01,2018-07-03T18:32:03.000Z,,4,,,,4,4671,0,0,,xslF345X03/wf-form4_153064270727680.xml,FORM 4
0001628280-18-009061,2018-07-03,2018-07-01,2018-07-03T18:34:03.000Z,,4,,,,4,4663,0,0,,xslF345X03/wf-form4_153064282849378.xml,FORM 4
0001628280-18-009063,2018-07-03,2018-07-01,2018-07-03T18:36:54.000Z,,4,,,,4,5528,0,0,,xslF345X03/wf-form4_153064299600928.xml,FORM 4
0001628280-18-009065,2018-07-03,2018-07-01,2018-07-03T18:38:33.000Z,,4,,,,4,4657,0,0,,xslF345X03/wf-form4_153064309697448.xml,FORM 4
0001628280-18-009534,2018-07-24,2018-07-24,2018-07-24T12:11:12.000Z,34,8-K,001-02958,18965640,"2.02,9.01",8-K,681285,0,0,,form8-k_072418.htm,FORM 8-K
0001628280-18-009572,2018-07-25,2018-06-30,2018-07-25T12:20:35.000Z,34,10-Q,001-02958,18967730,,10-Q,8674956,1,0,,hubb-2018063010q.htm,FORM 10-Q
0001628280-18-011212,2018-08-17,2018-08-15,2018-08-17T20:42:21.000Z,,4,,,,4,5894,0,0,,xslF345X03/wf-form4_153453852423134.xml,FORM 4
0001628280-18-011214,2018-08-17,2018-08-15,2018-08-17T20:45:47.000Z,,4,,,,4,5886,0,0,,xslF345X03/wf-form4_153453872937318.xml,FORM 4
0001628280-18-011216,2018-08-17,2018-08-15,2018-08-17T20:48:13.000Z,,4,,,,4,5912,0,0,,xslF345X03/wf-form4_153453887727027.xml,FORM 4
0001628280-18-011248,2018-08-20,2018-08-16,2018-08-20T20:53:25.000Z,,4,,,,4,27507,0,0,,xslF345X03/wf-form4_153479838847639.xml,FORM 4
0001628280-18-011884,2018-09-14,2018-09-12,2018-09-14T20:28:08.000Z,,4,,,,4,8416,0,0,,xslF345X03/wf-form4_153695687019460.xml,FORM 4
0001628280-18-012777,2018-10-23,2018-10-23,2018-10-23T12:17:33.000Z,34,8-K,001-02958,181133284,"2.02,9.01",8-K,697916,0,0,,form8-k_102318.htm,FORM 8-K
0001628280-18-012833,2018-10-24,2018-09-30,2018-10-24T12:16:23.000Z,34,10-Q,001-02958,181135323,,10-Q,9058887,1,0,,hubb-2018093010q.htm,FORM 10-Q
0001628280-18-013095,2018-10-30,2018-10-26,2018-10-30T20:36:06.000Z,,4,,,,4,4450,0,0,,xslF345X03/wf-form4_154093173912038.xml,FORM 4
0001628280-18-013098,2018-10-30,2018-10-29,2018-10-30T20:38:36.000Z,,4,,,,4,5834,0,0,,xslF345X03/wf-form4_154093189851233.xml,FORM 4
0001628280-18-014501,2018-11-19,2018-11-15,2018-11-19T21:33:30.000Z,,4,,,,4,5894,0,0,,xslF345X03/wf-form4_154266319366502.xml,FORM 4
0001628280-18-014504,2018-11-19,2018-11-15,2018-11-19T21:35:30.000Z,,4,,,,4,5886,0,0,,xslF345X03/wf-form4_154266331037486.xml,FORM 4
0001628280-18-014506,2018-11-19,2018-11-15,2018-11-19T21:37:19.000Z,,4,,,,4,5910,0,0,,xslF345X03/wf-form4_154266342187933.xml,FORM 4
0001193125-18-346112,2018-12-10,2018-12-10,2018-12-10T21:01:59.000Z,34,8-K,001-02958,181226169,5.02,8-K,18504,0,0,,d638007d8k.htm,8-K
0001628280-18-015015,2018-12-11,2018-12-07,2018-12-11T21:39:34.000Z,,4,,,,4,4682,0,0,,xslF345X03/wf-form4_154456435497763.xml,FORM 4
0001628280-18-015017,2018-12-11,2018-12-07,2018-12-11T21:41:49.000Z,,4,,,,4,4618,0,0,,xslF345X03/wf-form4_154456449258166.xml,FORM 4
0001628280-18-015246,2018-12-18,2018-12-14,2018-12-18T22:20:14.000Z,,4,,,,4,6855,0,0,,xslF345X03/wf-form4_154517159721442.xml,FORM 4
0001628280-18-015248,2018-12-18,2018-12-14,2018-12-18T22:22:29.000Z,,4,,,,4,6875,0,0,,xslF345X03/wf-form4_154517173247233.xml,FORM 4
0001628280-18-015250,2018-12-18,2018-12-14,2018-12-18T22:25:05.000Z,,4,,,,4,6814,0,0,,xslF345X03/wf-form4_154517188822636.xml,FORM 4
0001628280-18-015252,2018-12-18,2018-12-14,2018-12-18T22:27:08.000Z,,4,,,,4,6865,0,0,,xslF345X03/wf-form4_154517201103562.xml,FORM 4
0001628280-18-015254,2018-12-18,2018-12-14,2018-12-18T22:29:30.000Z,,4,,,,4,6854,0,0,,xslF345X03/wf-form4_154517215339258.xml,FORM 4
0001628280-18-015256,2018-12-18,2018-12-14,2018-12-18T22:32:02.000Z,,4,,,,4,6856,0,0,,xslF345X03/wf-form4_154517230581745.xml,FORM 4
0001628280-18-015258,2018-12-18,2015-12-31,2018-12-18T22:33:43.000Z,,3/A,,,,3/A,4116,0,0,,xslF345X02/wf-form3a_154517240647796.xml,FORM 3/A
0001628280-18-015260,2018-12-18,2018-12-14,2018-12-18T22:36:43.000Z,,4,,,,4,6861,0,0,,xslF345X03/wf-form4_154517258653310.xml,FORM 4
0001628280-18-015262,2018-12-18,2018-12-14,2018-12-18T22:38:18.000Z,,4,,,,4,7899,0,0,,xslF345X03/wf-form4_154517268179469.xml,FORM 4
0001628280-18-015264,2018-12-18,2018-12-14,2018-12-18T22:40:17.000Z,,4,,,,4,6866,0,0,,xslF345X03/wf-form4_154517279989887.xml,FORM 4
0001628280-18-015266,2018-12-18,2018-12-14,2018-12-18T22:42:39.000Z,,4,,,,4,6855,0,0,,xslF345X03/wf-form4_154517294267072.xml,FORM 4
0001628280-19-000080,2019-01-03,2019-01-01,2019-01-03T21:31:18.000Z,,3,,,,3,5847,0,0,,xslF345X02/wf-form3_154655104287777.xml,FORM 3
0000932471-19-001266,2019-01-10,,2019-01-10T21:06:27.000Z,34,SC 13G/A,005-17643,19520318,,SC 13G/A,45148,0,0,,hubbellinc.htm,
0000215457-19-004015,2019-02-04,,2019-02-04T21:43:47.000Z,34,SC 13G/A,005-17643,19564338,,SC 13G/A,13511,0,0,,us4435106079_020419.txt,
0001628280-19-000915,2019-02-05,2019-02-05,2019-02-05T13:21:17.000Z,34,8-K,001-02958,19566328,"2.02,9.01",8-K,693271,0,0,,form8-k_020519.htm,FORM 8-K
0000052388-19-000046,2019-02-11,,2019-02-11T15:56:00.000Z,34,SC 13G,005-17643,19583062,,SC 13G,178297,0,0,,hubbellinc13g.htm,SC 13G
0001422849-19-000064,2019-02-14,,2019-02-13T23:36:01.000Z,34,SC 13G/A,005-17643,19599609,,SC 13G/A,8944,0,0,,edghubb.txt,SC 13G/A
0001628280-19-001446,2019-02-15,2018-12-31,2019-02-15T13:17:12.000Z,34,10-K,001-02958,19609892,,10-K,17414445,1,0,,hubb-20181231x10k.htm,FORM 10-K
0001628280-19-001550,2019-02-19,2019-02-15,2019-02-19T21:43:53.000Z,,4,,,,4,5891,0,0,,xslF345X03/wf-form4_155061261961120.xml,FORM 4
0001628280-19-001552,2019-02-19,2019-02-15,2019-02-19T21:46:26.000Z,,4,,,,4,5887,0,0,,xslF345X03/wf-form4_155061277326619.xml,FORM 4
0001628280-19-001554,2019-02-19,2019-02-15,2019-02-19T21:50:26.000Z,,4,,,,4,5910,0,0,,xslF345X03/wf-form4_155061301250632.xml,FORM 4
0001628280-19-001662,2019-02-21,2018-04-23,2019-02-21T21:43:19.000Z,,4/A,,,,4/A,7322,0,0,,xslF345X03/wf-form4a_155078538407745.xml,FORM 4/A
0001628280-19-001664,2019-02-21,2019-02-19,2019-02-21T21:45:52.000Z,,4,,,,4,4685,0,0,,xslF345X03/wf-form4_155078553878050.xml,FORM 4
0001628280-19-001668,2019-02-21,2019-02-19,2019-02-21T21:47:34.000Z,,4,,,,4,4709,0,0,,xslF345X03/wf-form4_155078564032554.xml,FORM 4
0001628280-19-001670,2019-02-21,2019-02-19,2019-02-21T21:49:15.000Z,,4,,,,4,4644,0,0,,xslF345X03/wf-form4_155078574130842.xml,FORM 4
0001628280-19-001673,2019-02-21,2019-02-19,2019-02-21T21:50:51.000Z,,4,,,,4,4699,0,0,,xslF345X03/wf-form4_155078583647619.xml,FORM 4
0001628280-19-001677,2019-02-21,2019-02-19,2019-02-21T21:53:41.000Z,,4,,,,4,4684,0,0,,xslF345X03/wf-form4_155078600610944.xml,FORM 4
0001628280-19-001680,2019-02-21,2019-02-19,2019-02-21T21:56:18.000Z,,4,,,,4,4686,0,0,,xslF345X03/wf-form4_155078616378413.xml,FORM 4
0001628280-19-001682,2019-02-21,2019-02-19,2019-02-21T21:59:57.000Z,,4,,,,4,4691,0,0,,xslF345X03/wf-form4_155078638289060.xml,FORM 4
0001628280-19-001685,2019-02-21,2019-02-19,2019-02-21T22:14:10.000Z,,4,,,,4,5729,0,0,,xslF345X03/wf-form4_155078723417313.xml,FORM 4
0001628280-19-001688,2019-02-21,2019-02-19,2019-02-21T22:15:47.000Z,,4,,,,4,4696,0,0,,xslF345X03/wf-form4_155078733279359.xml,FORM 4
0001628280-19-001691,2019-02-21,2019-02-19,2019-02-21T22:17:43.000Z,,4,,,,4,4685,0,0,,xslF345X03/wf-form4_155078744881081.xml,FORM 4
0000215457-19-007602,2019-03-08,,2019-03-08T21:29:40.000Z,34,SC 13G/A,005-17643,19669459,,SC 13G/A,13477,0,0,,us4435106079_030819.txt,
0001193125-19-074901,2019-03-14,2019-03-11,2019-03-14T20:48:02.000Z,34,8-K,001-02958,19681666,5.02,8-K,16158,0,0,,d699474d8k.htm,FORM 8-K
0001628280-19-003146,2019-03-19,2019-03-15,2019-03-19T22:22:29.000Z,,4,,,,4,32281,0,0,,xslF345X03/wf-form4_155303413419937.xml,FORM 4
0001308179-19-000062,2019-03-25,2019-05-07,2019-03-25T20:32:14.000Z,34,DEF 14A,001-02958,19703016,,DEF 14A,2261832,0,0,,lhubb2019_def14a.htm,HUBBELL INC - DEF 14A
0001308179-19-000063,2019-03-25,,2019-03-25T20:33:11.000Z,34,DEFA14A,001-02958,19703045,,DEFA14A,950523,0,0,,lhubb2019_defa14a.htm,HUBBELL INC - DEFA14A
0001628280-19-004989,2019-04-30,2019-04-30,2019-04-30T12:07:07.000Z,34,8-K,001-02958,19778569,"2.02,9.01",8-K,444597,0,0,,form8-k_043019.htm,FORM - 8-K
0001628280-19-005330,2019-05-01,2019-03-31,2019-05-01T12:12:28.000Z,34,10-Q,001-02958,19784874,,10-Q,6630757,1,0,,hubb-2019033110q.htm,FORM 10-Q
0001628280-19-006131,2019-05-07,2019-05-03,2019-05-07T22:11:47.000Z,,4,,,,4,6423,0,0,,xslF345X03/wf-form4_155726709170741.xml,FORM 4
0001628280-19-006134,2019-05-07,2019-05-03,2019-05-07T22:14:24.000Z,,4,,,,4,6445,0,0,,xslF345X03/wf-form4_155726725020499.xml,FORM 4
0001628280-19-006138,2019-05-07,2019-05-03,2019-05-07T22:17:29.000Z,,4,,,,4,6435,0,0,,xslF345X03/wf-form4_155726743557862.xml,FORM 4
0001628280-19-006141,2019-05-07,2019-05-03,2019-05-07T22:19:03.000Z,,4,,,,4,13549,0,0,,xslF345X03/wf-form4_155726752867237.xml,FORM 4
0001628280-19-006144,2019-05-07,2019-05-03,2019-05-07T22:21:02.000Z,,4,,,,4,18502,0,0,,xslF345X03/wf-form4_155726764632088.xml,FORM 4
0001628280-19-006146,2019-05-07,2019-05-03,2019-05-07T22:23:21.000Z,,4,,,,4,6429,0,0,,xslF345X03/wf-form4_155726778808671.xml,FORM 4
0001628280-19-006148,2019-05-07,2019-05-03,2019-05-07T22:25:01.000Z,,4,,,,4,8613,0,0,,xslF345X03/wf-form4_155726788684149.xml,FORM 4
0001628280-19-006151,2019-05-07,2019-05-03,2019-05-07T22:26:48.000Z,,4,,,,4,6435,0,0,,xslF345X03/wf-form4_155726799382240.xml,FORM 4
0001628280-19-006153,2019-05-07,2019-05-03,2019-05-07T22:29:33.000Z,,4,,,,4,6423,0,0,,xslF345X03/wf-form4_155726815931909.xml,FORM 4
0001628280-19-006159,2019-05-07,2019-05-07,2019-05-07T22:51:56.000Z,,4,,,,4,5786,0,0,,xslF345X03/wf-form4_155726950235704.xml,FORM 4
0001628280-19-006161,2019-05-07,2019-05-07,2019-05-07T22:55:22.000Z,,4,,,,4,5782,0,0,,xslF345X03/wf-form4_155726970838296.xml,FORM 4
0001628280-19-006163,2019-05-07,2019-05-07,2019-05-07T22:57:55.000Z,,4,,,,4,7676,0,0,,xslF345X03/wf-form4_155726986092107.xml,FORM 4
0001628280-19-006167,2019-05-07,2019-05-07,2019-05-07T23:01:54.000Z,,4,,,,4,4651,0,0,,xslF345X03/wf-form4_155727009847585.xml,FORM 4
0001628280-19-006169,2019-05-07,2019-05-07,2019-05-07T23:03:34.000Z,,4,,,,4,5798,0,0,,xslF345X03/wf-form4_155727019948761.xml,FORM 4
0001628280-19-006171,2019-05-07,2019-05-07,2019-05-07T23:05:30.000Z,,4,,,,4,4641,0,0,,xslF345X03/wf-form4_155727031615555.xml,FORM 4
0001628280-19-006173,2019-05-07,2019-05-07,2019-05-07T23:06:57.000Z,,4,,,,4,5805,0,0,,xslF345X03/wf-form4_155727040365456.xml,FORM 4
0001193125-19-143071,2019-05-09,,2019-05-09T20:44:02.000Z,34,SD,001-02958,19811305,,SD,38749,0,0,,d742081dsd.htm,SD
0001193125-19-143084,2019-05-09,2019-05-07,2019-05-09T20:49:32.000Z,34,8-K,001-02958,19811382,5.07,8-K,36643,0,0,,d745250d8k.htm,FORM 8-K
0001628280-19-006470,2019-05-09,2019-05-07,2019-05-09T21:21:54.000Z,,4,,,,4,4695,0,0,,xslF345X03/wf-form4_155743689964760.xml,FORM 4
0001628280-19-006472,2019-05-09,2019-05-08,2019-05-09T21:23:23.000Z,,4,,,,4,20265,0,0,,xslF345X03/wf-form4_155743698583912.xml,FORM 4
0001193125-19-149500,2019-05-16,,2019-05-16T20:47:53.000Z,33,S-3ASR,333-231543,19832964,,S-3ASR,369432,0,0,,d748904ds3asr.htm,S-3ASR
0001628280-19-006906,2019-05-16,2019-05-07,2019-05-16T20:54:23.000Z,,3,,,,3,9250,0,0,,xslF345X02/wf-form3_155804004762644.xml,FORM 3
0001628280-19-006909,2019-05-16,2019-05-15,2019-05-16T20:55:53.000Z,,4,,,,4,5897,0,0,,xslF345X03/wf-form4_155804013784776.xml,FORM 4
0001628280-19-006912,2019-05-16,2019-05-15,2019-05-16T20:57:59.000Z,,4,,,,4,5891,0,0,,xslF345X03/wf-form4_155804026266952.xml,FORM 4
0001628280-19-006914,2019-05-16,2019-05-15,2019-05-16T20:59:43.000Z,,4,,,,4,5915,0,0,,xslF345X03/wf-form4_155804036808711.xml,FORM 4
0001628280-19-007055,2019-05-20,2019-05-17,2019-05-20T20:58:16.000Z,,4,,,,4,4513,0,0,,xslF345X03/wf-form4_155838588201894.xml,FORM 4
0001193125-19-168290,2019-06-07,2019-06-05,2019-06-07T21:03:33.000Z,34,8-K,001-02958,19886739,5.02,8-K,20347,0,0,,d755400d8k.htm,FORM 8-K
0001628280-19-008540,2019-07-02,2019-07-01,2019-07-02T21:41:44.000Z,,4,,,,4,6839,0,0,,xslF345X03/wf-form4_156210368893758.xml,FORM 4
0001628280-19-008541,2019-07-02,2019-07-01,2019-07-02T21:42:42.000Z,,4,,,,4,10370,0,0,,xslF345X03/wf-form4_156210374759083.xml,FORM 4
0001628280-19-008542,2019-07-02,2019-07-01,2019-07-02T21:45:16.000Z,,4,,,,4,6862,0,0,,xslF345X03/wf-form4_156210390078768.xml,FORM 4
0001628280-19-008629,2019-07-08,2019-07-01,2019-07-08T21:01:53.000Z,,3,,,,3,13722,0,0,,xslF345X02/wf-form3_156261969753137.xml,FORM 3
0001628280-19-009188,2019-07-30,2019-07-30,2019-07-30T12:12:40.000Z,34,8-K,001-02958,19983242,"2.02,9.01",8-K,678569,0,0,,form8-k_073019.htm,FORM - 8-K
0001628280-19-009335,2019-07-31,2019-06-30,2019-07-31T12:38:01.000Z,34,10-Q,001-02958,19987477,,XBRL,9106533,1,1,,hubb-2019063010q.htm,FORM 10-Q
0001628280-19-010158,2019-08-06,2019-08-06,2019-08-06T20:45:09.000Z,,4,,,,4,5836,0,0,,xslF345X03/wf-form4_156512429320557.xml,FORM 4
0001628280-19-010161,2019-08-06,2019-08-02,2019-08-06T20:48:00.000Z,,4,,,,4,4512,0,0,,xslF345X03/wf-form4_156512446407277.xml,FORM 4
0001628280-19-010166,2019-08-06,2019-08-02,2019-08-06T20:50:53.000Z,,4,,,,4,14698,0,0,,xslF345X03/wf-form4_156512463652852.xml,FORM 4
0001628280-19-010169,2019-08-06,2019-08-02,2019-08-06T20:52:50.000Z,,4,,,,4,18288,0,0,,xslF345X03/wf-form4_156512475344513.xml,FORM 4
0001628280-19-010951,2019-08-19,2019-08-15,2019-08-19T21:07:48.000Z,,4,,,,4,5897,0,0,,xslF345X03/wf-form4_156624885168930.xml,FORM 4
0001628280-19-010954,2019-08-19,2019-08-15,2019-08-19T21:09:58.000Z,,4,,,,4,5892,0,0,,xslF345X03/wf-form4_156624898214875.xml,FORM 4
0001628280-19-010956,2019-08-19,2019-08-15,2019-08-19T21:11:50.000Z,,4,,,,4,5916,0,0,,xslF345X03/wf-form4_156624909413428.xml,FORM 4
0001628280-19-012644,2019-10-29,2019-10-29,2019-10-29T12:11:44.000Z,34,8-K,001-02958,191174504,"2.02,9.01",XBRL,887642,1,1,,form8-k102919.htm,FORM 8-K
0001628280-19-012727,2019-10-30,2019-09-30,2019-10-30T12:11:39.000Z,34,10-Q,001-02958,191177897,,XBRL,9476472,1,1,,hubb-2019093010q.htm,FORM 10-Q
0001628280-19-013343,2019-11-05,2019-11-01,2019-11-05T21:47:44.000Z,,4,,,,4,6236,0,0,,xslF345X03/wf-form4_157299044980212.xml,FORM 4
0001628280-19-013347,2019-11-05,2019-11-01,2019-11-05T21:50:34.000Z,,4,,,,4,9964,0,0,,xslF345X03/wf-form4_157299061663829.xml,FORM 4
0001628280-19-013351,2019-11-05,2019-11-01,2019-11-05T21:56:46.000Z,,4,,,,4,9778,0,0,,xslF345X03/wf-form4_157299098834008.xml,FORM 4
0001628280-19-013839,2019-11-08,2019-11-01,2019-11-08T21:53:32.000Z,,4/A,,,,4/A,10354,0,0,,xslF345X03/wf-form4a_157324999687301.xml,FORM 4/A
0001628280-19-013842,2019-11-08,2019-11-06,2019-11-08T21:57:12.000Z,,4,,,,4,30228,0,0,,xslF345X03/wf-form4_157325021687790.xml,FORM 4
0001628280-19-014328,2019-11-19,2019-11-15,2019-11-19T22:03:49.000Z,,4,,,,4,5898,0,0,,xslF345X03/wf-form4_157420101350713.xml,FORM 4
0001628280-19-014331,2019-11-19,2019-11-15,2019-11-19T22:06:39.000Z,,4,,,,4,5890,0,0,,xslF345X03/wf-form4_157420117773560.xml,FORM 4
0001628280-19-014333,2019-11-19,2019-11-15,2019-11-19T22:08:33.000Z,,4,,,,4,5916,0,0,,xslF345X03/wf-form4_157420129730896.xml,FORM 4
0001628280-19-014880,2019-12-09,2019-12-05,2019-12-09T22:12:37.000Z,,4,,,,4,8068,0,0,,xslF345X03/wf-form4_157592953909027.xml,FORM 4
0001628280-19-015108,2019-12-16,2019-12-13,2019-12-16T22:02:50.000Z,,4,,,,4,4633,0,0,,xslF345X03/wf-form4_157653375346905.xml,FORM 4
0001628280-20-000954,2020-02-04,2020-02-04,2020-02-04T13:10:00.000Z,34,8-K,001-02958,20570687,"2.02,9.01",XBRL,879418,1,1,,form8-k02042020.htm,FORM 8-K
0000834237-20-002340,2020-02-04,,2020-02-04T17:17:08.000Z,34,SC 13G/A,005-17643,20572008,,SC 13G/A,13545,0,0,,us4435106079_020320.txt,
0000052388-20-000059,2020-02-11,,2020-02-11T18:11:11.000Z,34,SC 13G/A,005-17643,20595587,,SC 13G/A,124423,0,0,,hubbellinc13g-a1.htm,SC 13G/A
0001628280-20-001364,2020-02-11,2020-02-07,2020-02-11T21:43:59.000Z,,4,,,,4,4669,0,0,,xslF345X03/wf-form4_158145742274356.xml,FORM 4
0001628280-20-001366,2020-02-11,2020-02-07,2020-02-11T21:46:42.000Z,,4,,,,4,11771,0,0,,xslF345X03/wf-form4_158145758430109.xml,FORM 4
0001628280-20-001370,2020-02-11,2020-02-10,2020-02-11T21:48:28.000Z,,4,,,,4,11113,0,0,,xslF345X03/wf-form4_158145769025414.xml,FORM 4
0001104659-20-017178,2020-02-12,,2020-02-12T00:19:38.000Z,34,SC 13G/A,005-17643,20599047,,SC 13G/A,13643,0,0,,tv0677-hubbellinc.htm,SCHEDULE 13G/A
0001628280-20-001434,2020-02-12,2020-02-11,2020-02-12T21:35:03.000Z,,4,,,,4,10578,0,0,,xslF345X03/wf-form4_158154328599710.xml,FORM 4
0001422849-20-000066,2020-02-14,,2020-02-14T02:26:10.000Z,34,SC 13G/A,005-17643,20613330,,SC 13G/A,8944,0,0,,edghubb.txt,SC 13G/A
0001628280-20-001557,2020-02-14,2019-12-31,2020-02-14T13:21:47.000Z,34,10-K,001-02958,20614108,,XBRL,20116833,1,1,,hubb-20191231x10k.htm,FORM 10-K
0001628280-20-001700,2020-02-18,2020-02-13,2020-02-18T21:49:59.000Z,,4,,,,4,11662,0,0,,xslF345X03/wf-form4_158206257791761.xml,FORM 4
0001628280-20-001702,2020-02-18,2020-02-13,2020-02-18T21:52:19.000Z,,4,,,,4,11691,0,0,,xslF345X03/wf-form4_158206272244036.xml,FORM 4
0001628280-20-001705,2020-02-18,2020-02-13,2020-02-18T21:54:31.000Z,,4,,,,4,6856,0,0,,xslF345X03/wf-form4_158206285428076.xml,FORM 4
0001628280-20-001708,2020-02-18,2020-02-13,2020-02-18T21:56:31.000Z,,4,,,,4,8853,0,0,,xslF345X03/wf-form4_158206297448603.xml,FORM 4
0001628280-20-001711,2020-02-18,2020-02-13,2020-02-18T21:58:09.000Z,,4,,,,4,13199,0,0,,xslF345X03/wf-form4_158206307231673.xml,FORM 4
0001628280-20-001715,2020-02-18,2020-02-13,2020-02-18T22:01:00.000Z,,4,,,,4,11667,0,0,,xslF345X03/wf-form4_158206324353597.xml,FORM 4
0001628280-20-001717,2020-02-18,2020-02-13,2020-02-18T22:02:34.000Z,,4,,,,4,11692,0,0,,xslF345X03/wf-form4_158206333755777.xml,FORM 4
0001628280-20-001720,2020-02-18,2020-02-13,2020-02-18T22:04:08.000Z,,4,,,,4,11688,0,0,,xslF345X03/wf-form4_158206342985510.xml,FORM 4
0001628280-20-001723,2020-02-18,2020-02-13,2020-02-18T22:06:12.000Z,,4,,,,4,11671,0,0,,xslF345X03/wf-form4_158206355195661.xml,FORM 4
0001628280-20-001727,2020-02-18,2020-02-14,2020-02-18T22:08:52.000Z,,4,,,,4,5897,0,0,,xslF345X03/wf-form4_158206371609032.xml,FORM 4
0001628280-20-001730,2020-02-18,2020-02-14,2020-02-18T22:10:32.000Z,,4,,,,4,5889,0,0,,xslF345X03/wf-form4_158206381534159.xml,FORM 4
0001628280-20-001732,2020-02-18,2020-02-14,2020-02-18T22:11:47.000Z,,4,,,,4,7845,0,0,,xslF345X03/wf-form4_158206389052517.xml,FORM 4
0001628280-20-001734,2020-02-18,2020-02-14,2020-02-18T22:13:50.000Z,,4,,,,4,5913,0,0,,xslF345X03/wf-form4_158206401318263.xml,FORM 4
0001193125-20-072948,2020-03-13,2020-03-12,2020-03-13T20:30:42.000Z,34,8-K,001-02958,20713147,5.02,XBRL,142377,1,1,,d900229d8k.htm,FORM 8-K
0001308179-20-000068,2020-03-23,2020-05-06,2020-03-23T20:18:37.000Z,34,DEF 14A,001-02958,20735120,,DEF 14A,7536699,0,0,,lhubb2020_def14a.htm,HUBBELL INC - DEF 14A
0001308179-20-000069,2020-03-23,,2020-03-23T20:20:16.000Z,34,DEFA14A,001-02958,20735130,,DEFA14A,812907,0,0,,lhubb2020_defa14a.htm,HUBBELL INC - DEFA14A
0001193125-20-102775,2020-04-09,2020-04-09,2020-04-09T21:24:39.000Z,34,8-K,001-02958,20785477,"8.01,9.01",XBRL,169018,1,1,,d904002d8k.htm,FORM 8-K
0001193125-20-102780,2020-04-09,,2020-04-09T21:25:32.000Z,34,DEFA14A,001-02958,20785481,,DEFA14A,38953,0,0,,d904038ddefa14a.htm,DEFA14A
0001193125-20-108219,2020-04-15,2020-04-15,2020-04-15T21:27:39.000Z,34,8-K,001-02958,20794494,"2.02,9.01",XBRL,180170,1,1,,d883102d8k.htm,FORM 8-K
0001628280-20-005911,2020-04-30,2020-04-30,2020-04-30T12:06:01.000Z,34,8-K,001-02958,20833241,"2.02,9.01",XBRL,624001,1,1,,form8-k043020.htm,FORM 8-K
0001628280-20-006030,2020-05-01,2020-03-31,2020-05-01T12:19:07.000Z,34,10-Q,001-02958,20838428,,XBRL,7452106,1,1,,hubb-2020033110q.htm,10-Q
0001193125-20-134885,2020-05-06,2020-05-05,2020-05-06T20:05:41.000Z,34,8-K,001-02958,20852596,5.07,XBRL,165410,1,1,,d889196d8k.htm,FORM 8-K
0001628280-20-006986,2020-05-07,2020-05-05,2020-05-07T20:43:41.000Z,,4,,,,4,4695,0,0,,xslF345X03/wf-form4_158888420279826.xml,FORM 4
0001628280-20-006990,2020-05-07,2020-05-05,2020-05-07T20:46:27.000Z,,4,,,,4,5786,0,0,,xslF345X03/wf-form4_158888437025848.xml,FORM 4
0001628280-20-006992,2020-05-07,2020-05-05,2020-05-07T20:49:15.000Z,,4,,,,4,5782,0,0,,xslF345X03/wf-form4_158888453793567.xml,FORM 4
0001628280-20-006995,2020-05-07,2020-05-05,2020-05-07T20:51:58.000Z,,4,,,,4,7901,0,0,,xslF345X03/wf-form4_158888469904268.xml,FORM 4
0001628280-20-007000,2020-05-07,2020-05-05,2020-05-07T20:54:00.000Z,,4,,,,4,4651,0,0,,xslF345X03/wf-form4_158888482212543.xml,FORM 4
0001628280-20-007003,2020-05-07,2020-05-05,2020-05-07T20:55:46.000Z,,4,,,,4,4641,0,0,,xslF345X03/wf-form4_158888492876119.xml,FORM 4
0001628280-20-007007,2020-05-07,2020-05-05,2020-05-07T20:58:01.000Z,,4,,,,4,5806,0,0,,xslF345X03/wf-form4_158888506422924.xml,FORM 4
0001628280-20-007013,2020-05-07,2020-05-05,2020-05-07T21:02:03.000Z,,4,,,,4,6410,0,0,,xslF345X03/wf-form4_158888530499325.xml,FORM 4
0001628280-20-007016,2020-05-07,2020-05-05,2020-05-07T21:04:04.000Z,,4,,,,4,6445,0,0,,xslF345X03/wf-form4_158888542738545.xml,FORM 4
0001628280-20-007018,2020-05-07,2020-05-05,2020-05-07T21:06:11.000Z,,4,,,,4,6422,0,0,,xslF345X03/wf-form4_158888555351004.xml,FORM 4
0001628280-20-007025,2020-05-07,2020-05-05,2020-05-07T21:09:22.000Z,,4,,,,4,6413,0,0,,xslF345X03/wf-form4_158888574515846.xml,FORM 4
0001628280-20-007030,2020-05-07,2020-05-05,2020-05-07T21:12:01.000Z,,4,,,,4,6607,0,0,,xslF345X03/wf-form4_158888590196614.xml,FORM 4
0001628280-20-007034,2020-05-07,2020-05-05,2020-05-07T21:14:06.000Z,,4,,,,4,6424,0,0,,xslF345X03/wf-form4_158888602864239.xml,FORM 4
0001193125-20-136456,2020-05-07,,2020-05-07T21:15:33.000Z,34,SD,001-02958,20857613,,SD,45279,0,0,,d889063dsd.htm,SD
0001628280-20-007036,2020-05-07,2020-05-05,2020-05-07T21:16:10.000Z,,4,,,,4,6423,0,0,,xslF345X03/wf-form4_158888615249316.xml,FORM 4
0001628280-20-010217,2020-07-06,2020-07-01,2020-07-06T20:46:17.000Z,,4,,,,4,6665,0,0,,xslF345X03/wf-form4_159406835350004.xml,FORM 4
0000000000-20-006515,2020-07-16,,2020-07-16T21:31:51.000Z,,UPLOAD,,,,LETTER,46323,0,0,,filename1.pdf,
0001628280-20-010929,2020-07-30,2020-07-30,2020-07-30T12:20:20.000Z,34,8-K,001-02958,201059316,"2.02,9.01",XBRL,904940,1,1,,hubb-20200730.htm,FORM 8-K
0001628280-20-011076,2020-07-31,2020-06-30,2020-07-31T12:42:07.000Z,34,10-Q,001-02958,201063693,,XBRL,10336318,1,1,,hubb-20200630.htm,10-Q
0001193125-20-208487,2020-08-03,,2020-08-04T01:27:08.000Z,,CORRESP,,,,CORRESP,13844,0,0,,filename1.htm,
0001628280-20-012804,2020-08-18,2020-08-10,2020-08-18T20:49:51.000Z,,3,,,,3,5746,0,0,,xslF345X02/wf-form3_159778377834969.xml,FORM 3
0001628280-20-012806,2020-08-18,2020-08-14,2020-08-18T20:53:32.000Z,,4,,,,4,5896,0,0,,xslF345X03/wf-form4_159778399727350.xml,FORM 4
0001628280-20-012808,2020-08-18,2020-08-14,2020-08-18T20:55:03.000Z,,4,,,,4,5890,0,0,,xslF345X03/wf-form4_159778409018898.xml,FORM 4
0001628280-20-012810,2020-08-18,2020-08-14,2020-08-18T20:57:07.000Z,,4,,,,4,7846,0,0,,xslF345X03/wf-form4_159778421108557.xml,FORM 4
0001628280-20-012812,2020-08-18,2020-08-14,2020-08-18T20:58:42.000Z,,4,,,,4,5913,0,0,,xslF345X03/wf-form4_159778430717194.xml,FORM 4
0001193125-20-229979,2020-08-25,2020-08-21,2020-08-25T20:35:53.000Z,34,8-K,001-02958,201132679,5.02,XBRL,141636,1,1,,d15362d8k.htm,8-K
0001193125-20-231564,2020-08-26,,2020-08-26T23:04:58.000Z,,CORRESP,,,,CORRESP,76730,0,0,,filename1.htm,
0000000000-20-008093,2020-08-27,,2020-08-27T21:10:30.000Z,,UPLOAD,,,,LETTER,39630,0,0,,filename1.pdf,
0001628280-20-013116,2020-08-28,2020-08-21,2020-08-28T20:45:28.000Z,,3,,,,3,5141,0,0,,xslF345X02/wf-form3_159864751208924.xml,FORM 3
0001628280-20-013291,2020-09-03,2020-09-01,2020-09-03T21:05:10.000Z,,4,,,,4,4512,0,0,,xslF345X03/wf-form4_159916709435846.xml,FORM 4
0001193125-20-243187,2020-09-10,2020-09-09,2020-09-10T21:00:57.000Z,34,8-K,001-02958,201169175,"5.02,9.01",XBRL,148753,1,1,,d42373d8k.htm,8-K
0001628280-20-014823,2020-10-27,2020-10-27,2020-10-27T12:14:16.000Z,34,8-K,001-02958,201262097,"2.02,9.01",XBRL,1043515,1,1,,hubb-20201027.htm,FORM 8-K
0001628280-20-014919,2020-10-28,2020-09-30,2020-10-28T12:27:57.000Z,34,10-Q,001-02958,201266285,,XBRL,10414708,1,1,,hubb-20200930.htm,FORM 10-Q
0001628280-20-015385,2020-11-03,2020-10-30,2020-11-03T22:28:55.000Z,,4,,,,4,6930,0,0,,xslF345X03/wf-form4_160444252143454.xml,FORM 4
0001628280-20-015388,2020-11-03,2020-10-30,2020-11-03T22:31:21.000Z,,4,,,,4,17819,0,0,,xslF345X03/wf-form4_160444266847581.xml,FORM 4
0001628280-20-015513,2020-11-04,2020-11-03,2020-11-04T21:32:42.000Z,,4,,,,4,5860,0,0,,xslF345X03/wf-form4_160452554744751.xml,FORM 4
0001628280-20-015786,2020-11-05,2020-11-04,2020-11-05T21:40:45.000Z,,4,,,,4,13352,0,0,,xslF345X03/wf-form4_160461239572026.xml,FORM 4
0001628280-20-016319,2020-11-12,2020-11-10,2020-11-12T21:34:39.000Z,,4,,,,4,11140,0,0,,xslF345X03/wf-form4_160521686008873.xml,FORM 4
0001628280-20-016324,2020-11-12,2020-11-10,2020-11-12T21:39:03.000Z,,4,,,,4,11098,0,0,,xslF345X03/wf-form4_160521712357180.xml,FORM 4
0001628280-20-016515,2020-11-17,2020-11-13,2020-11-17T21:34:23.000Z,,4,,,,4,5890,0,0,,xslF345X03/wf-form4_160564885027546.xml,FORM 4
0001628280-20-016518,2020-11-17,2020-11-13,2020-11-17T21:37:00.000Z,,4,,,,4,5916,0,0,,xslF345X03/wf-form4_160564900768325.xml,FORM 4
0001628280-20-016520,2020-11-17,2020-11-13,2020-11-17T21:38:44.000Z,,4,,,,4,5898,0,0,,xslF345X03/wf-form4_160564911071342.xml,FORM 4
0001628280-20-016522,2020-11-17,2020-11-13,2020-11-17T21:40:08.000Z,,4,,,,4,5909,0,0,,xslF345X03/wf-form4_160564918929103.xml,FORM 4
0001628280-20-017029,2020-12-03,2020-12-01,2020-12-03T21:41:15.000Z,,4,,,,4,9035,0,0,,xslF345X03/wf-form4_160703166218705.xml,FORM 4
0001628280-20-017216,2020-12-08,2020-12-04,2020-12-08T22:30:19.000Z,,4,,,,4,4633,0,0,,xslF345X03/wf-form4_160746660557853.xml,FORM 4
0001628280-20-017558,2020-12-16,2020-12-14,2020-12-16T22:02:57.000Z,,4,,,,4,5076,0,0,,xslF345X03/wf-form4_160815616509340.xml,FORM 4
0001193125-20-329868,2020-12-30,2020-12-29,2020-12-30T21:31:53.000Z,34,8-K,001-02958,201426255,5.05,XBRL,141573,1,1,,d93610d8k.htm,8-K
0001193125-21-011597,2021-01-19,2021-01-15,2021-01-19T22:11:54.000Z,34,8-K,001-02958,21536311,"5.02,9.01",XBRL,147932,1,1,,d115904d8k.htm,8-K
0001628280-21-000807,2021-01-25,2021-01-15,2021-01-26T00:16:31.000Z,,3,,,,3,202751,0,0,,xslF345X02/wf-form3_161162017429974.xml,FORM 3
0000834237-21-003913,2021-01-29,,2021-01-29T14:57:14.000Z,34,SC 13G/A,005-17643,21568856,,SC 13G/A,13451,0,0,,us4435106079_012921.txt,
0001628280-21-001257,2021-02-02,2021-02-02,2021-02-02T13:09:21.000Z,34,8-K,001-02958,21579080,"2.02,9.01",XBRL,880137,1,1,,hubb-20210202.htm,FORM 8-K
0001628280-21-001716,2021-02-09,2021-02-05,2021-02-09T22:35:32.000Z,,4,,,,4,15200,0,0,,xslF345X03/wf-form4_161291010429513.xml,FORM 4
0001628280-21-001718,2021-02-09,2021-02-08,2021-02-09T22:37:33.000Z,,4,,,,4,4667,0,0,,xslF345X03/wf-form4_161291023705097.xml,FORM 4
0001628280-21-001720,2021-02-09,2021-02-05,2021-02-09T22:39:34.000Z,,4,,,,4,19004,0,0,,xslF345X03/wf-form4_161291035251880.xml,FORM 4
0001104659-21-018305,2021-02-10,,2021-02-10T15:57:21.000Z,34,SC 13G/A,005-17643,21610972,,SC 13G/A,13853,0,0,,tv01088-hubbellincclassb.htm,SCHEDULE 13G/A
0001628280-21-001868,2021-02-11,2020-12-31,2021-02-11T13:19:50.000Z,34,10-K,001-02958,21616847,,XBRL,19132944,1,1,,hubb-20201231.htm,FORM 10-K
0000052388-21-000091,2021-02-11,,2021-02-11T17:52:56.000Z,34,SC 13G/A,005-17643,21618200,,SC 13G/A,144281,0,0,,hubbellinc13g-a2.htm,SC 13G/A
0001628280-21-002103,2021-02-12,2021-02-10,2021-02-12T21:30:39.000Z,,4,,,,4,6855,0,0,,xslF345X03/wf-form4_161316539022429.xml,FORM 4
0001628280-21-002108,2021-02-12,2021-02-10,2021-02-12T21:34:17.000Z,,4,,,,4,6844,0,0,,xslF345X03/wf-form4_161316562765705.xml,FORM 4
0001628280-21-002111,2021-02-12,2021-02-10,2021-02-12T21:39:28.000Z,,4,,,,4,6821,0,0,,xslF345X03/wf-form4_161316595153792.xml,FORM 4
0001628280-21-002112,2021-02-12,2021-02-10,2021-02-12T21:45:03.000Z,,4,,,,4,6869,0,0,,xslF345X03/wf-form4_161316626958522.xml,FORM 4
0001628280-21-002116,2021-02-12,2021-02-10,2021-02-12T21:49:15.000Z,,4,,,,4,6859,0,0,,xslF345X03/wf-form4_161316652451571.xml,FORM 4
0001628280-21-002119,2021-02-12,2021-02-10,2021-02-12T21:52:15.000Z,,4,,,,4,6853,0,0,,xslF345X03/wf-form4_161316671066255.xml,FORM 4
0001628280-21-002121,2021-02-12,2021-02-10,2021-02-12T21:54:28.000Z,,4,,,,4,6857,0,0,,xslF345X03/wf-form4_161316685040992.xml,FORM 4
0001422849-21-000105,2021-02-16,,2021-02-16T19:00:14.000Z,34,SC 13G/A,005-17643,21635999,,SC 13G/A,18127,0,0,,SEC13G_Filing.htm,SEC SCHEDULE 13G
0001628280-21-002281,2021-02-16,2021-02-11,2021-02-16T22:09:02.000Z,,4,,,,4,7957,0,0,,xslF345X03/wf-form4_161351327956875.xml,FORM 4
0001628280-21-002283,2021-02-16,2021-02-11,2021-02-16T22:15:54.000Z,,4,,,,4,6396,0,0,,xslF345X03/wf-form4_161351371500645.xml,FORM 4
0001628280-21-002286,2021-02-16,2021-02-11,2021-02-16T22:25:48.000Z,,4,,,,4,20867,0,0,,xslF345X03/wf-form4_161351432420584.xml,FORM 4
0001628280-21-002288,2021-02-16,2021-02-11,2021-02-16T22:29:00.000Z,,4,,,,4,7942,0,0,,xslF345X03/wf-form4_161351451121847.xml,FORM 4
0001628280-21-002290,2021-02-16,2021-02-11,2021-02-16T22:32:04.000Z,,4,,,,4,7970,0,0,,xslF345X03/wf-form4_161351470170803.xml,FORM 4
0001628280-21-002292,2021-02-16,2021-02-11,2021-02-16T22:36:24.000Z,,4,,,,4,6445,0,0,,xslF345X03/wf-form4_161351495526556.xml,FORM 4
0001628280-21-002297,2021-02-16,2021-02-12,2021-02-16T23:11:19.000Z,,4,,,,4,4681,0,0,,xslF345X03/wf-form4_161351704889423.xml,FORM 4
0001628280-21-002362,2021-02-17,2021-02-15,2021-02-17T21:55:19.000Z,,4,,,,4,5915,0,0,,xslF345X03/wf-form4_161359889464605.xml,FORM 4
0001628280-21-002366,2021-02-17,2021-02-15,2021-02-17T22:02:43.000Z,,4,,,,4,5884,0,0,,xslF345X03/wf-form4_161359934474851.xml,FORM 4
0001628280-21-002369,2021-02-17,2021-02-15,2021-02-17T22:06:05.000Z,,4,,,,4,5889,0,0,,xslF345X03/wf-form4_161359953498907.xml,FORM 4
0001628280-21-002374,2021-02-17,2021-02-15,2021-02-17T22:13:00.000Z,,4,,,,4,5907,0,0,,xslF345X03/wf-form4_161359995214845.xml,FORM 4
0001628280-21-002567,2021-02-19,2021-02-17,2021-02-19T21:27:39.000Z,,4,,,,4,4511,0,0,,xslF345X03/wf-form4_161377003043739.xml,FORM 4
0001193125-21-065682,2021-03-02,2021-03-01,2021-03-02T22:01:01.000Z,34,8-K,001-02958,21704873,"5.02,9.01",XBRL,143838,1,1,,d134925d8k.htm,8-K
0001193125-21-066756,2021-03-03,,2021-03-03T13:49:12.000Z,33,424B2,333-231543,21707336,,424B2,607877,0,0,,d136450d424b2.htm,424B2
0001193125-21-067623,2021-03-03,,2021-03-03T21:18:03.000Z,34,FWP,333-231543,21709187,,FWP,15367,0,0,,d148956dfwp.htm,FWP
0001193125-21-069696,2021-03-04,2021-03-03,2021-03-04T22:05:08.000Z,34,8-K,001-02958,21715128,"8.01,9.01",XBRL,379865,1,1,,d151113d8k.htm,8-K
0001193125-21-071579,2021-03-05,,2021-03-05T21:47:26.000Z,33,424B2,333-231543,21719126,,424B2,616107,0,0,,d136450d424b2.htm,424B2
0001628280-21-004279,2021-03-09,2021-03-01,2021-03-09T21:56:36.000Z,,3,,,,3,5120,0,0,,xslF345X02/wf-form3_161532697788898.xml,FORM 3
0001193125-21-079782,2021-03-12,2021-03-12,2021-03-12T21:50:07.000Z,34,8-K,001-02958,21738201,"1.01,1.02,2.03,9.01",XBRL,1207182,1,1,,d156140d8k.htm,8-K
0001308179-21-000088,2021-03-22,2021-05-04,2021-03-22T20:32:08.000Z,34,DEF 14A,001-02958,21761707,,DEF 14A,8966842,0,0,,lhubb2021_def14a.htm,HUBBELL INC - DEF 14A
0001308179-21-000089,2021-03-22,,2021-03-22T20:33:30.000Z,34,DEFA14A,001-02958,21761726,,DEFA14A,914198,0,0,,lhubb2021_defa14a.htm,HUBBELL INC - DEFA14A
0001193125-21-106401,2021-04-05,2021-04-02,2021-04-05T20:38:05.000Z,34,8-K,001-02958,21805948,1.02,XBRL,153969,1,1,,d142577d8k.htm,8-K
0001628280-21-007636,2021-04-27,2021-04-27,2021-04-27T12:12:23.000Z,34,8-K,001-02958,21856008,"2.02,9.01",XBRL,636170,1,1,,hubb-20210427.htm,8-K
0001628280-21-007817,2021-04-28,2021-03-31,2021-04-28T12:08:11.000Z,34,10-Q,001-02958,21861408,,XBRL,7374490,1,1,,hubb-20210331.htm,10-Q
0001628280-21-008666,2021-05-03,2021-04-29,2021-05-03T21:59:18.000Z,,4,,,,4,6410,0,0,,xslF345X03/wf-form4_162007914210799.xml,FORM 4
0001628280-21-008671,2021-05-03,2021-04-29,2021-05-03T22:15:24.000Z,,4,,,,4,6436,0,0,,xslF345X03/wf-form4_162008010899109.xml,FORM 4
0001628280-21-008676,2021-05-03,2021-04-29,2021-05-03T22:18:52.000Z,,4,,,,4,6387,0,0,,xslF345X03/wf-form4_162008031749051.xml,FORM 4
0001628280-21-008699,2021-05-03,2021-04-29,2021-05-03T23:06:43.000Z,,4,,,,4,14387,0,0,,xslF345X03/wf-form4_162008318595737.xml,FORM 4
0001628280-21-008703,2021-05-03,2021-04-29,2021-05-03T23:14:47.000Z,,4,,,,4,6396,0,0,,xslF345X03/wf-form4_162008367064587.xml,FORM 4
0001628280-21-008706,2021-05-03,2021-04-29,2021-05-03T23:18:15.000Z,,4,,,,4,6424,0,0,,xslF345X03/wf-form4_162008388349198.xml,FORM 4
0001628280-21-009352,2021-05-06,2021-05-04,2021-05-06T21:07:37.000Z,,4,,,,4,4694,0,0,,xslF345X03/wf-form4_162033523690335.xml,FORM 4
0001628280-21-009357,2021-05-06,2021-05-04,2021-05-06T21:15:32.000Z,,4,,,,4,5785,0,0,,xslF345X03/wf-form4_162033570861082.xml,FORM 4
0001628280-21-009362,2021-05-06,2021-05-04,2021-05-06T21:18:05.000Z,,4,,,,4,4667,0,0,,xslF345X03/wf-form4_162033587004124.xml,FORM 4
0001628280-21-009364,2021-05-06,2021-05-04,2021-05-06T21:22:26.000Z,,4,,,,4,5781,0,0,,xslF345X03/wf-form4_162033612533260.xml,FORM 4
0001628280-21-009368,2021-05-06,2021-05-04,2021-05-06T21:29:06.000Z,,4,,,,4,5809,0,0,,xslF345X03/wf-form4_162033651003370.xml,FORM 4
0001628280-21-009372,2021-05-06,2021-05-04,2021-05-06T21:33:46.000Z,,4,,,,4,4650,0,0,,xslF345X03/wf-form4_162033679161489.xml,FORM 4
0001628280-21-009376,2021-05-06,2021-05-04,2021-05-06T21:36:54.000Z,,4,,,,4,4687,0,0,,xslF345X03/wf-form4_162033699040302.xml,FORM 4
0001628280-21-009378,2021-05-06,2021-05-04,2021-05-06T21:40:48.000Z,,4,,,,4,4640,0,0,,xslF345X03/wf-form4_162033722823235.xml,FORM 4
0001628280-21-009381,2021-05-06,2021-05-04,2021-05-06T21:44:14.000Z,,4,,,,4,5804,0,0,,xslF345X03/wf-form4_162033742054299.xml,FORM 4
0001193125-21-155018,2021-05-07,2021-05-04,2021-05-07T20:35:56.000Z,34,8-K,001-02958,21903417,5.07,XBRL,159782,1,1,,d79254d8k.htm,8-K
0001628280-21-010604,2021-05-18,2021-05-14,2021-05-18T21:06:03.000Z,,4,,,,4,5885,0,0,,xslF345X03/wf-form4_162137188871846.xml,FORM 4
0001628280-21-010607,2021-05-18,2021-05-14,2021-05-18T21:13:47.000Z,,4,,,,4,5889,0,0,,xslF345X03/wf-form4_162137238387771.xml,FORM 4
0001628280-21-010609,2021-05-18,2021-05-14,2021-05-18T21:19:02.000Z,,4,,,,4,5908,0,0,,xslF345X03/wf-form4_162137272914024.xml,FORM 4
0001628280-21-010611,2021-05-18,2021-05-14,2021-05-18T21:27:34.000Z,,4,,,,4,5915,0,0,,xslF345X03/wf-form4_162137318181875.xml,FORM 4
0001193125-21-175444,2021-05-27,,2021-05-27T20:46:56.000Z,34,SD,001-02958,21973561,,SD,44919,0,0,,d190717dsd.htm,SD
0001628280-21-011529,2021-06-02,2021-05-28,2021-06-02T20:50:00.000Z,,4,,,,4,8579,0,0,,xslF345X03/wf-form4_162266696359432.xml,FORM 4
0001628280-21-014491,2021-07-27,2021-07-27,2021-07-27T12:10:37.000Z,34,8-K,001-02958,211115958,"2.02,9.01",XBRL,817201,1,1,,hubb-20210727.htm,8-K
0001628280-21-014632,2021-07-28,2021-06-30,2021-07-28T12:16:50.000Z,34,10-Q,001-02958,211119905,,XBRL,9032775,1,1,,hubb-20210630.htm,FORM 10-Q
0001628280-21-017184,2021-08-17,2021-08-13,2021-08-17T20:52:39.000Z,,4,,,,4,5887,0,0,,xslF345X03/wf-form4_162923354130088.xml,FORM 4
0001628280-21-017186,2021-08-17,2021-08-13,2021-08-17T20:59:38.000Z,,4,,,,4,5879,0,0,,xslF345X03/wf-form4_162923396163542.xml,FORM 4
0001628280-21-017188,2021-08-17,2021-08-13,2021-08-17T21:05:12.000Z,,4,,,,4,5909,0,0,,xslF345X03/wf-form4_162923428200681.xml,FORM 4
0001628280-21-017190,2021-08-17,2021-08-13,2021-08-17T21:13:24.000Z,,4,,,,4,5904,0,0,,xslF345X03/wf-form4_162923477812430.xml,FORM 4
0001628280-21-018041,2021-09-02,2021-09-01,2021-09-02T22:42:30.000Z,,4,,,,4,4672,0,0,,xslF345X03/wf-form4_163062253034976.xml,FORM 4
0001628280-21-020459,2021-10-26,2021-10-26,2021-10-26T12:02:44.000Z,34,8-K,001-02958,211345961,"2.02,9.01",XBRL,823727,1,1,,hubb-20211026.htm,8-K
0001628280-21-020576,2021-10-27,2021-09-30,2021-10-27T12:21:45.000Z,34,10-Q,001-02958,211350764,,XBRL,9141119,1,1,,hubb-20210930.htm,10-Q
0001193125-21-308782,2021-10-27,2021-10-26,2021-10-27T12:59:05.000Z,34,8-K,001-02958,211350931,"8.01,9.01",XBRL,164105,1,1,,d241555d8k.htm,8-K
0001628280-21-023543,2021-11-16,2021-11-15,2021-11-16T21:50:16.000Z,,4,,,,4,5885,0,0,,xslF345X03/wf-form4_163709920637790.xml,FORM 4
0001628280-21-023551,2021-11-16,2021-11-15,2021-11-16T21:57:39.000Z,,4,,,,4,5858,0,0,,xslF345X03/wf-form4_163709982378130.xml,FORM 4
0001628280-21-023556,2021-11-16,2021-11-15,2021-11-16T22:02:30.000Z,,4,,,,4,5915,0,0,,xslF345X03/wf-form4_163710013441192.xml,FORM 4
0001628280-21-023565,2021-11-16,2021-11-15,2021-11-16T22:08:20.000Z,,4,,,,4,5905,0,0,,xslF345X03/wf-form4_163710047999577.xml,FORM 4
0001628280-21-025145,2021-12-15,2021-12-14,2021-12-15T22:20:54.000Z,,4,,,,4,4667,0,0,,xslF345X03/wf-form4_163960683738822.xml,FORM 4
0001628280-21-025148,2021-12-15,2021-12-14,2021-12-15T22:25:59.000Z,,4,,,,4,4667,0,0,,xslF345X03/wf-form4_163960714254519.xml,FORM 4
0001628280-21-025152,2021-12-15,2021-12-14,2021-12-15T22:38:30.000Z,,4,,,,4,4682,0,0,,xslF345X03/wf-form4_163960789798882.xml,FORM 4
0001628280-21-025154,2021-12-15,2021-12-14,2021-12-15T22:43:59.000Z,,4,,,,4,4640,0,0,,xslF345X03/wf-form4_163960822590819.xml,FORM 4
0001628280-21-025158,2021-12-15,2021-12-14,2021-12-15T22:48:16.000Z,,4,,,,4,4666,0,0,,xslF345X03/wf-form4_163960847989591.xml,FORM 4
0001628280-21-025160,2021-12-15,2021-12-14,2021-12-15T22:53:30.000Z,,4,,,,4,4668,0,0,,xslF345X03/wf-form4_163960879720712.xml,FORM 4
0000834237-22-003964,2022-02-01,,2022-01-31T22:50:00.000Z,34,SC 13G/A,005-17643,22575684,,SC 13G/A,13442,0,0,,us4435106079_013122.txt,
0001193125-22-024685,2022-02-01,2022-02-01,2022-02-01T22:00:36.000Z,34,8-K,001-02958,22579699,"8.01,9.01",XBRL,144290,1,1,,d277766d8k.htm,8-K
0001628280-22-001739,2022-02-03,2022-02-03,2022-02-03T13:13:04.000Z,34,8-K,001-02958,22586602,"2.02,9.01",XBRL,1385507,1,1,,hubb-20220203.htm,8-K
0000052388-22-000057,2022-02-04,,2022-02-04T13:28:00.000Z,34,SC 13G/A,005-17643,22591094,,SC 13G/A,143704,0,0,,hubbellinc13g-a3.htm,SC 13G/A
0001104659-22-017773,2022-02-10,,2022-02-10T13:17:06.000Z,34,SC 13G/A,005-17643,22609984,,SC 13G/A,12992,0,0,,tv01115-hubbellincclassb.htm,SCHEDULE 13G/A
0001104659-22-019090,2022-02-10,,2022-02-10T15:55:02.000Z,34,SC 13G/A,005-17643,22611976,,SC 13G/A,12987,0,0,,tv0022-hubbellincclassb.htm,SCHEDULE 13G/A
0001628280-22-002229,2022-02-10,2022-02-08,2022-02-10T22:58:50.000Z,,4,,,,4,6855,0,0,,xslF345X03/wf-form4_164453391535491.xml,FORM 4
0001628280-22-002232,2022-02-10,2022-02-08,2022-02-10T23:07:52.000Z,,4,,,,4,6854,0,0,,xslF345X03/wf-form4_164453444848298.xml,FORM 4
0001628280-22-002234,2022-02-10,2022-02-08,2022-02-10T23:17:06.000Z,,4,,,,4,6868,0,0,,xslF345X03/wf-form4_164453499965904.xml,FORM 4
0001628280-22-002236,2022-02-10,2022-02-08,2022-02-10T23:24:34.000Z,,4,,,,4,6827,0,0,,xslF345X03/wf-form4_164453545779949.xml,FORM 4
0001628280-22-002238,2022-02-10,2022-02-08,2022-02-10T23:36:20.000Z,,4,,,,4,6858,0,0,,xslF345X03/wf-form4_164453616424668.xml,FORM 4
0001628280-22-002242,2022-02-10,2022-02-08,2022-02-10T23:40:27.000Z,,4,,,,4,6856,0,0,,xslF345X03/wf-form4_164453640483006.xml,FORM 4
0001628280-22-002255,2022-02-11,2021-12-31,2022-02-11T13:13:07.000Z,34,10-K,001-02958,22616850,,XBRL,20024254,1,1,,hubb-20211231.htm,10-K
0001628280-22-002366,2022-02-11,2022-02-09,2022-02-11T22:09:51.000Z,,4,,,,4,9548,0,0,,xslF345X03/wf-form4_164461736990905.xml,FORM 4
0001628280-22-002370,2022-02-11,2022-02-09,2022-02-11T22:14:23.000Z,,4,,,,4,9548,0,0,,xslF345X03/wf-form4_164461764471174.xml,FORM 4
0001628280-22-002374,2022-02-11,2022-02-09,2022-02-11T22:18:38.000Z,,4,,,,4,9557,0,0,,xslF345X03/wf-form4_164461787822841.xml,FORM 4
0001628280-22-002379,2022-02-11,2022-02-09,2022-02-11T22:21:53.000Z,,4,,,,4,9515,0,0,,xslF345X03/wf-form4_164461809739240.xml,FORM 4
0001628280-22-002381,2022-02-11,2022-02-09,2022-02-11T22:25:33.000Z,,4,,,,4,9547,0,0,,xslF345X03/wf-form4_164461831706158.xml,FORM 4
0001628280-22-002383,2022-02-11,2022-02-09,2022-02-11T22:29:01.000Z,,4,,,,4,9549,0,0,,xslF345X03/wf-form4_164461852047106.xml,FORM 4
0000080255-22-001867,2022-02-14,,2022-02-14T19:34:20.000Z,34,SC 13G,005-17643,,,SC 13G,6829,0,0,,hubb13gdec21.txt,
0001628280-22-002581,2022-02-14,2022-02-10,2022-02-14T23:20:19.000Z,,4,,,,4,9907,0,0,,xslF345X03/wf-form4_164487945518613.xml,FORM 4
0001193125-22-043442,2022-02-15,2022-02-09,2022-02-15T21:31:04.000Z,34,8-K,001-02958,22639617,5.02,XBRL,138821,1,1,,d198053d8k.htm,8-K
0001628280-22-002772,2022-02-15,2022-02-11,2022-02-15T22:56:10.000Z,,4,,,,4,12714,0,0,,xslF345X03/wf-form4_164496575662720.xml,FORM 4
0001628280-22-002775,2022-02-15,2022-02-11,2022-02-15T23:00:47.000Z,,4,,,,4,4681,0,0,,xslF345X03/wf-form4_164496602762780.xml,FORM 4
0001628280-22-002778,2022-02-15,2022-02-11,2022-02-15T23:25:15.000Z,,4,,,,4,4666,0,0,,xslF345X03/wf-form4_164496749557202.xml,FORM 4
0001628280-22-003073,2022-02-17,2022-02-15,2022-02-17T22:56:22.000Z,,4,,,,4,5886,0,0,,xslF345X03/wf-form4_164513854999950.xml,FORM 4
0001628280-22-003084,2022-02-17,2022-02-15,2022-02-17T23:36:10.000Z,,4,,,,4,5878,0,0,,xslF345X03/wf-form4_164514095540392.xml,FORM 4
0001628280-22-003090,2022-02-17,2022-02-15,2022-02-17T23:42:51.000Z,,4,,,,4,5909,0,0,,xslF345X03/wf-form4_164514135205220.xml,FORM 4
0001628280-22-003092,2022-02-17,2022-02-15,2022-02-17T23:49:38.000Z,,4,,,,4,5904,0,0,,xslF345X03/wf-form4_164514175917961.xml,FORM 4
0001628280-22-004001,2022-02-25,2022-02-25,2022-02-25T21:46:47.000Z,,3,,,,3,11708,0,0,,xslF345X02/wf-form3_164582556732306.xml,FORM 3
0001308179-22-000092,2022-03-21,2022-05-03,2022-03-21T20:30:55.000Z,34,DEF 14A,001-02958,22756018,,DEF 14A,7596965,0,0,,lhubb2022_def14a.htm,HUBBELL INC - DEF 14A
0001308179-22-000093,2022-03-21,,2022-03-21T20:32:03.000Z,34,DEFA14A,001-02958,22756024,,DEFA14A,825490,0,0,,lhub2022_defa14a.htm,HUBBELL INC - DEFA14A
0001628280-22-010188,2022-04-26,2022-04-26,2022-04-26T12:06:12.000Z,34,8-K,001-02958,22851838,"2.02,9.01",XBRL,676643,1,1,,hubb-20220426.htm,8-K
0001628280-22-010690,2022-04-27,2022-03-31,2022-04-27T12:07:49.000Z,34,10-Q,001-02958,22856427,,XBRL,8513901,1,1,,hubb-20220331.htm,10-Q
0001628280-22-012363,2022-05-04,2022-05-02,2022-05-04T21:52:12.000Z,,4,,,,4,6423,0,0,,xslF345X03/wf-form4_165170107948131.xml,FORM 4
0001628280-22-012365,2022-05-04,2022-05-02,2022-05-04T21:56:02.000Z,,4,,,,4,6424,0,0,,xslF345X03/wf-form4_165170129465339.xml,FORM 4
0001628280-22-012371,2022-05-04,2022-05-02,2022-05-04T22:09:15.000Z,,4,,,,4,6436,0,0,,xslF345X03/wf-form4_165170208383254.xml,FORM 4
0001628280-22-012373,2022-05-04,2022-05-02,2022-05-04T22:12:42.000Z,,4,,,,4,6603,0,0,,xslF345X03/wf-form4_165170230530520.xml,FORM 4
0001628280-22-012375,2022-05-04,2022-05-02,2022-05-04T22:20:14.000Z,,4,,,,4,6394,0,0,,xslF345X03/wf-form4_165170275053314.xml,FORM 4
0001628280-22-012378,2022-05-04,2022-05-02,2022-05-04T22:26:08.000Z,,4,,,,4,6424,0,0,,xslF345X03/wf-form4_165170309111787.xml,FORM 4
0001628280-22-012713,2022-05-05,2022-05-03,2022-05-05T20:42:03.000Z,,4,,,,4,4694,0,0,,xslF345X03/wf-form4_165178330439456.xml,FORM 4
0001628280-22-012724,2022-05-05,2022-05-03,2022-05-05T20:53:54.000Z,,4,,,,4,5774,0,0,,xslF345X03/wf-form4_165178402078293.xml,FORM 4
0001628280-22-012728,2022-05-05,2022-05-03,2022-05-05T20:59:19.000Z,,4,,,,4,4668,0,0,,xslF345X03/wf-form4_165178433818553.xml,FORM 4
0001628280-22-012731,2022-05-05,2022-05-03,2022-05-05T21:02:26.000Z,,4,,,,4,5781,0,0,,xslF345X03/wf-form4_165178453044866.xml,FORM 4
0001628280-22-012737,2022-05-05,2022-05-03,2022-05-05T21:07:22.000Z,,4,,,,4,5798,0,0,,xslF345X03/wf-form4_165178482188661.xml,FORM 4
0001628280-22-012740,2022-05-05,2022-05-03,2022-05-05T21:12:36.000Z,,4,,,,4,4650,0,0,,xslF345X03/wf-form4_165178514020630.xml,FORM 4
0001628280-22-012742,2022-05-05,2022-05-03,2022-05-05T21:15:49.000Z,,4,,,,4,4688,0,0,,xslF345X03/wf-form4_165178533045944.xml,FORM 4
0001628280-22-012745,2022-05-05,2022-05-03,2022-05-05T21:19:28.000Z,,4,,,,4,4640,0,0,,xslF345X03/wf-form4_165178554831367.xml,FORM 4
0001193125-22-142526,2022-05-06,2022-05-03,2022-05-05T21:51:03.000Z,34,8-K,001-02958,22898030,5.07,XBRL,151566,1,1,,d277911d8k.htm,8-K
0001193125-22-143751,2022-05-06,,2022-05-06T21:01:04.000Z,34,SD,001-02958,22902183,,SD,44819,0,0,,d344544dsd.htm,SD
0001628280-22-014653,2022-05-17,2022-05-13,2022-05-17T21:05:54.000Z,,4,,,,4,5886,0,0,,xslF345X03/wf-form4_165282151141396.xml,FORM 4
0001628280-22-014658,2022-05-17,2022-05-13,2022-05-17T21:10:09.000Z,,4,,,,4,5878,0,0,,xslF345X03/wf-form4_165282177559877.xml,FORM 4
0001628280-22-014664,2022-05-17,2022-05-13,2022-05-17T21:14:46.000Z,,4,,,,4,5909,0,0,,xslF345X03/wf-form4_165282205810321.xml,FORM 4
0001628280-22-014667,2022-05-17,2022-05-16,2022-05-17T21:21:09.000Z,,4,,,,4,4497,0,0,,xslF345X03/wf-form4_165282244299710.xml,FORM 4
0001628280-22-018620,2022-07-06,2022-07-01,2022-07-06T20:58:04.000Z,,4,,,,4,4667,0,0,,xslF345X03/wf-form4_165714105824566.xml,FORM 4
0001628280-22-018628,2022-07-06,2022-07-01,2022-07-06T21:04:25.000Z,,4,,,,4,4668,0,0,,xslF345X03/wf-form4_165714144757881.xml,FORM 4
0001628280-22-018633,2022-07-06,2022-07-01,2022-07-06T21:07:30.000Z,,4,,,,4,4641,0,0,,xslF345X03/wf-form4_165714163197296.xml,FORM 4
0001628280-22-018635,2022-07-06,2022-07-01,2022-07-06T21:13:31.000Z,,4,,,,4,4667,0,0,,xslF345X03/wf-form4_165714199273146.xml,FORM 4
0001628280-22-019410,2022-07-26,2022-07-26,2022-07-26T12:06:23.000Z,34,8-K,001-02958,221104946,"2.02,9.01",XBRL,881215,1,1,,hubb-20220726.htm,8-K
0001628280-22-019492,2022-07-27,2022-06-30,2022-07-27T12:04:36.000Z,34,10-Q,001-02958,221108896,,XBRL,10258459,1,1,,hubb-20220630.htm,10-Q
0001193125-22-203481,2022-07-27,,2022-07-27T20:38:30.000Z,33,S-3ASR,333-266352,221111501,,S-3ASR,425808,0,0,,d366073ds3asr.htm,S-3ASR
0001628280-22-023029,2022-08-16,2022-08-12,2022-08-16T21:01:45.000Z,,4,,,,4,4991,0,0,,xslF345X03/wf-form4_166068368638439.xml,FORM 4
0001628280-22-023186,2022-08-17,2022-08-15,2022-08-17T21:57:11.000Z,,4,,,,4,5887,0,0,,xslF345X03/wf-form4_166077341690221.xml,FORM 4
0001628280-22-023189,2022-08-17,2022-08-15,2022-08-17T22:19:42.000Z,,4,,,,4,5877,0,0,,xslF345X03/wf-form4_166077476734039.xml,FORM 4
0001628280-22-023192,2022-08-17,2022-08-15,2022-08-17T22:31:05.000Z,,4,,,,4,5910,0,0,,xslF345X03/wf-form4_166077544968771.xml,FORM 4
0001628280-22-024295,2022-09-02,2022-09-01,2022-09-02T20:44:57.000Z,,4,,,,4,4672,0,0,,xslF345X03/wf-form4_166215148328879.xml,FORM 4
0001193125-22-252222,2022-09-27,2022-09-23,2022-09-27T20:51:13.000Z,34,8-K,001-02958,221271705,"5.02,7.01,9.01",XBRL,153324,1,1,,d369239d8k.htm,8-K
0001628280-22-026941,2022-10-25,2022-10-25,2022-10-25T12:17:16.000Z,34,8-K,001-02958,221327235,"2.02,9.01",XBRL,879900,1,1,,hubb-20221025.htm,8-K
0001628280-22-027022,2022-10-26,2022-09-30,2022-10-26T12:11:32.000Z,34,10-Q,001-02958,221331152,,XBRL,10377967,1,1,,hubb-20220930.htm,10-Q
0001628280-22-027619,2022-11-01,2022-10-28,2022-11-01T22:19:47.000Z,,4,,,,4,15168,0,0,,xslF345X03/wf-form4_166734117036243.xml,FORM 4
0001628280-22-030342,2022-11-17,2021-11-02,2022-11-17T22:01:43.000Z,,4,,,,4,14602,0,0,,xslF345X03/wf-form4_166872248013159.xml,FORM 4
0001628280-22-030347,2022-11-17,2022-11-15,2022-11-17T22:10:42.000Z,,4,,,,4,5879,0,0,,xslF345X03/wf-form4_166872302504845.xml,FORM 4
0001628280-22-030358,2022-11-17,2022-11-15,2022-11-17T22:17:32.000Z,,4,,,,4,5910,0,0,,xslF345X03/wf-form4_166872341786269.xml,FORM 4
0001193125-22-315484,2022-12-30,2022-12-29,2022-12-30T22:00:55.000Z,34,8-K,001-02958,221502504,"5.02,9.01",XBRL,476111,1,1,,d338344d8k.htm,8-K
0001306550-23-001195,2023-01-20,,2023-01-20T20:00:20.000Z,34,SC 13G,005-17643,23540649,,SC 13G,13544,0,0,,us4435106079_012023.txt,
0001306550-23-004182,2023-01-26,,2023-01-26T13:52:13.000Z,34,SC 13G/A,005-17643,23554389,,SC 13G/A,13577,0,0,,us4435106079_012623.txt,
0001628280-23-001785,2023-01-31,2023-01-31,2023-01-31T13:11:15.000Z,34,8-K,001-02958,23570282,"2.02,9.01",XBRL,840938,1,1,,hubb-20230131.htm,8-K
0001628280-23-002615,2023-02-07,2023-02-03,2023-02-07T22:05:25.000Z,,4,,,,4,20101,0,0,,xslF345X03/wf-form4_167580751114032.xml,FORM 4
0001628280-23-002875,2023-02-09,2022-12-31,2023-02-09T13:21:14.000Z,34,10-K,001-02958,23601227,,XBRL,19366913,1,1,,hubb-20221231.htm,10-K
0001306550-23-008490,2023-02-09,,2023-02-09T14:02:41.000Z,34,SC 13G/A,005-17643,23601471,,SC 13G/A,13576,0,0,,us4435106079_020823.txt,
0001104659-23-016159,2023-02-09,,2023-02-09T16:22:19.000Z,34,SC 13G/A,005-17643,23603423,,SC 13G/A,12998,0,0,,tv01108-hubbellincclassb.htm,SCHEDULE 13G/A
0001628280-23-002991,2023-02-09,2023-02-07,2023-02-09T22:00:23.000Z,,4,,,,4,6855,0,0,,xslF345X03/wf-form4_167597999546660.xml,FORM 4
0001628280-23-002994,2023-02-09,2023-02-07,2023-02-09T22:06:04.000Z,,4,,,,4,7029,0,0,,xslF345X03/wf-form4_167598033934550.xml,FORM 4
0001628280-23-003000,2023-02-09,2023-02-07,2023-02-09T22:18:02.000Z,,4,,,,4,6865,0,0,,xslF345X03/wf-form4_167598105739700.xml,FORM 4
0001628280-23-003013,2023-02-09,2023-02-07,2023-02-09T22:30:02.000Z,,4,,,,4,7030,0,0,,xslF345X03/wf-form4_167598177990190.xml,FORM 4
0001628280-23-003016,2023-02-09,2023-02-07,2023-02-09T22:34:48.000Z,,4,,,,4,6826,0,0,,xslF345X03/wf-form4_167598205456256.xml,FORM 4
0001628280-23-003021,2023-02-09,2023-02-07,2023-02-09T22:42:24.000Z,,4,,,,4,6853,0,0,,xslF345X03/wf-form4_167598252510953.xml,FORM 4
0001628280-23-003073,2023-02-09,2023-02-07,2023-02-10T02:41:09.000Z,,4,,,,4,9560,0,0,,xslF345X03/wf-form4_167599685291942.xml,FORM 4
0001628280-23-003076,2023-02-09,2023-02-07,2023-02-10T02:43:50.000Z,,4,,,,4,9573,0,0,,xslF345X03/wf-form4_167599700867871.xml,FORM 4
0001628280-23-003077,2023-02-09,2023-02-07,2023-02-10T02:45:48.000Z,,4,,,,4,9566,0,0,,xslF345X03/wf-form4_167599712628854.xml,FORM 4
0001628280-23-003078,2023-02-09,2023-02-07,2023-02-10T02:48:56.000Z,,4,,,,4,9563,0,0,,xslF345X03/wf-form4_167599732018822.xml,FORM 4
0001628280-23-003080,2023-02-09,2023-02-07,2023-02-10T02:51:03.000Z,,4,,,,4,9522,0,0,,xslF345X03/wf-form4_167599744697582.xml,FORM 4
0001628280-23-003083,2023-02-09,2023-02-07,2023-02-10T02:53:05.000Z,,4,,,,4,9551,0,0,,xslF345X03/wf-form4_167599756625540.xml,FORM 4
0000080255-23-002466,2023-02-14,,2023-02-14T17:37:58.000Z,34,SC 13G/A,005-17643,,,SC 13G/A,6871,0,0,,hubb13gadec22.txt,
0001628280-23-003738,2023-02-15,2023-02-13,2023-02-15T21:56:10.000Z,,4,,,,4,4666,0,0,,xslF345X03/wf-form4_167649815220111.xml,FORM 4
0001628280-23-003743,2023-02-15,2023-02-13,2023-02-15T22:02:24.000Z,,4,,,,4,4670,0,0,,xslF345X03/wf-form4_167649852420502.xml,FORM 4
0001628280-23-003753,2023-02-15,2023-02-13,2023-02-15T22:11:28.000Z,,4,,,,4,4681,0,0,,xslF345X03/wf-form4_167649907003211.xml,FORM 4
0001628280-23-003763,2023-02-15,2023-02-13,2023-02-15T22:17:37.000Z,,4,,,,4,4671,0,0,,xslF345X03/wf-form4_167649944171999.xml,FORM 4
0001628280-23-003767,2023-02-15,2023-02-13,2023-02-15T22:22:02.000Z,,4,,,,4,4640,0,0,,xslF345X03/wf-form4_167649970430075.xml,FORM 4
0001628280-23-003770,2023-02-15,2023-02-13,2023-02-15T22:25:13.000Z,,4,,,,4,4667,0,0,,xslF345X03/wf-form4_167649989599342.xml,FORM 4
0001628280-23-004089,2023-02-17,2023-02-15,2023-02-17T22:06:58.000Z,,4,,,,4,5886,0,0,,xslF345X03/wf-form4_167667156738845.xml,FORM 4
0001628280-23-004098,2023-02-17,2023-02-15,2023-02-17T22:17:22.000Z,,4,,,,4,5878,0,0,,xslF345X03/wf-form4_167667220705787.xml,FORM 4
0001628280-23-004104,2023-02-17,2023-02-15,2023-02-17T22:27:32.000Z,,4,,,,4,5909,0,0,,xslF345X03/wf-form4_167667280696769.xml,FORM 4
0001193125-23-044932,2023-02-22,2023-02-15,2023-02-22T22:01:17.000Z,34,8-K,001-02958,23654335,"5.03,9.01",XBRL,321622,1,1,,d465966d8k.htm,8-K
0001308179-23-000266,2023-03-20,,2023-03-20T20:31:56.000Z,34,DEF 14A,001-02958,23746721,,XBRL,15113436,1,1,,lhubb2023_def14a.htm,HUBBELL INC - DEF 14A
0001308179-23-000267,2023-03-20,,2023-03-20T20:32:41.000Z,34,DEFA14A,001-02958,23746727,,DEFA14A,948782,0,0,,lhubb2023_defa14a.htm,HUBBELL INC - DEFA14A
0001308179-23-000268,2023-03-20,2022-12-31,2023-03-20T20:34:20.000Z,34,ARS,001-02958,23746734,,ARS,3136711,0,0,,lhubb2022_ars.pdf,HUBBELL INC - ARS
0000000000-23-004108,2023-04-24,,2023-04-24T20:31:11.000Z,,UPLOAD,,,,LETTER,46453,0,0,,filename1.pdf,
0001628280-23-012662,2023-04-25,2023-04-25,2023-04-25T12:03:03.000Z,34,8-K,001-02958,23841808,"2.02,9.01",XBRL,673003,1,1,,hubb-20230425.htm,8-K
0001193125-23-119257,2023-04-26,,2023-04-27T00:48:56.000Z,,CORRESP,,,,CORRESP,37739,0,0,,filename1.htm,
0000000000-23-004353,2023-04-28,,2023-04-28T11:30:07.000Z,,UPLOAD,,,,LETTER,39640,0,0,,filename1.pdf,
0001628280-23-014179,2023-04-28,2023-03-31,2023-04-28T20:10:49.000Z,34,10-Q,001-02958,23866179,,XBRL,8444492,1,1,,hubb-20230331.htm,10-Q
0001193125-23-134459,2023-05-03,,2023-05-03T20:31:54.000Z,34,SD,001-02958,23884602,,SD,45103,0,0,,d170976dsd.htm,SD
0001628280-23-015262,2023-05-03,2023-05-01,2023-05-03T20:53:02.000Z,,4,,,,4,6648,0,0,,xslF345X04/wf-form4_168314716561601.xml,FORM 4
0001628280-23-015277,2023-05-03,2023-05-01,2023-05-03T21:05:50.000Z,,4,,,,4,6872,0,0,,xslF345X04/wf-form4_168314793248380.xml,FORM 4
0001628280-23-015284,2023-05-03,2023-05-01,2023-05-03T21:14:26.000Z,,4,,,,4,6661,0,0,,xslF345X04/wf-form4_168314845199741.xml,FORM 4
0001628280-23-015291,2023-05-03,2023-05-01,2023-05-03T21:22:24.000Z,,4,,,,4,6870,0,0,,xslF345X04/wf-form4_168314891538338.xml,FORM 4
0001628280-23-015299,2023-05-03,2023-05-01,2023-05-03T21:29:55.000Z,,4,,,,4,6622,0,0,,xslF345X04/wf-form4_168314938136288.xml,FORM 4
0001628280-23-015304,2023-05-03,2023-05-01,2023-05-03T21:37:35.000Z,,4,,,,4,6649,0,0,,xslF345X04/wf-form4_168314984167057.xml,FORM 4
0001193125-23-135985,2023-05-04,2023-05-02,2023-05-04T20:31:01.000Z,34,8-K,001-02958,23889294,5.07,XBRL,156069,1,1,,d331249d8k.htm,8-K
0001628280-23-015835,2023-05-04,2023-05-02,2023-05-04T21:22:16.000Z,,4,,,,4,5830,0,0,,xslF345X04/wf-form4_168323532396755.xml,FORM 4
0001628280-23-015841,2023-05-04,2023-05-02,2023-05-04T21:29:04.000Z,,4,,,,4,4726,0,0,,xslF345X04/wf-form4_168323573024088.xml,FORM 4
0001628280-23-015845,2023-05-04,2023-05-02,2023-05-04T21:35:48.000Z,,4,,,,4,5806,0,0,,xslF345X04/wf-form4_168323613494152.xml,FORM 4
0001628280-23-015854,2023-05-04,2023-05-02,2023-05-04T21:43:12.000Z,,4,,,,4,4700,0,0,,xslF345X04/wf-form4_168323657461041.xml,FORM 4
0001628280-23-015868,2023-05-04,2023-05-02,2023-05-04T21:53:15.000Z,,4,,,,4,5802,0,0,,xslF345X04/wf-form4_168323717830069.xml,FORM 4
0001628280-23-015872,2023-05-04,2023-05-02,2023-05-04T21:58:07.000Z,,4,,,,4,4682,0,0,,xslF345X04/wf-form4_168323747157756.xml,FORM 4
0001628280-23-015877,2023-05-04,2023-05-02,2023-05-04T22:04:12.000Z,,4,,,,4,4720,0,0,,xslF345X04/wf-form4_168323783818473.xml,FORM 4
0001628280-23-015882,2023-05-04,2023-05-02,2023-05-04T22:10:56.000Z,,4,,,,4,4672,0,0,,xslF345X04/wf-form4_168323824175834.xml,FORM 4
0001959173-23-000885,2023-05-05,,2023-05-05T20:00:37.000Z,33,144,001-02958,23893627,,144,4250,0,0,,xsl144X01/primary_doc.xml,
0001628280-23-016869,2023-05-09,2023-05-05,2023-05-09T20:49:03.000Z,,4,,,,4,5009,0,0,,xslF345X04/wf-form4_168366532817306.xml,FORM 4
0001628280-23-018734,2023-05-17,2023-05-15,2023-05-17T20:44:02.000Z,,4,,,,4,5918,0,0,,xslF345X04/wf-form4_168435622275017.xml,FORM 4
0001628280-23-018740,2023-05-17,2023-05-15,2023-05-17T20:52:30.000Z,,4,,,,4,5908,0,0,,xslF345X04/wf-form4_168435673246934.xml,FORM 4
0001628280-23-018743,2023-05-17,2023-05-15,2023-05-17T21:01:40.000Z,,4,,,,4,5941,0,0,,xslF345X04/wf-form4_168435728581933.xml,FORM 4
0001193125-23-164555,2023-06-09,2023-06-06,2023-06-09T21:10:28.000Z,34,8-K,001-02958,231006276,"5.02,7.01,9.01",XBRL,166543,1,1,,d485112d8k.htm,8-K
0001193125-23-178632,2023-06-29,2023-06-24,2023-06-29T20:30:51.000Z,34,8-K,001-02958,231057826,5.02,XBRL,140095,1,1,,d510406d8k.htm,8-K
0001628280-23-024135,2023-07-03,2023-07-01,2023-07-03T21:05:49.000Z,,3,,,,3,5774,0,0,,xslF345X02/wf-form3_168841833659114.xml,FORM 3
0001628280-23-024310,2023-07-05,2023-07-01,2023-07-05T21:21:57.000Z,,4,,,,4,4687,0,0,,xslF345X04/wf-form4_168859209858198.xml,FORM 4
0001628280-23-024592,2023-07-07,2023-07-01,2023-07-07T22:14:54.000Z,,3,,,,3,5990,0,0,,xslF345X02/wf-form3_168876808441983.xml,FORM 3
0001628280-23-024601,2023-07-07,2023-07-01,2023-07-07T23:17:57.000Z,,3,,,,3,13567,0,0,,xslF345X02/wf-form3_168877186774972.xml,FORM 3
0001628280-23-024646,2023-07-10,2023-07-06,2023-07-10T20:47:06.000Z,,4,,,,4,6880,0,0,,xslF345X04/wf-form4_168902201457798.xml,FORM 4
0001628280-23-024648,2023-07-10,2023-07-06,2023-07-10T20:51:36.000Z,,4,,,,4,6889,0,0,,xslF345X04/wf-form4_168902228309230.xml,FORM 4
0001628280-23-025530,2023-07-25,2023-07-25,2023-07-25T12:04:01.000Z,34,8-K,001-02958,231106487,"2.02,9.01",XBRL,825761,1,1,,hubb-20230725.htm,8-K
0001628280-23-025628,2023-07-26,2023-06-30,2023-07-26T12:08:26.000Z,34,10-Q,001-02958,231110101,,XBRL,9518492,1,1,,hubb-20230630.htm,10-Q
0001959173-23-002738,2023-08-01,,2023-08-01T15:39:31.000Z,33,144,001-02958,231130307,,144,4205,0,0,,xsl144X01/primary_doc.xml,
0001959173-23-002789,2023-08-02,,2023-08-02T15:39:49.000Z,33,144,001-02958,231134356,,144,4224,0,0,,xsl144X01/primary_doc.xml,
0001959173-23-002794,2023-08-02,,2023-08-02T16:45:25.000Z,33,144,001-02958,231134614,,144,7418,0,0,,xsl144X01/primary_doc.xml,
0001628280-23-027313,2023-08-03,2023-08-01,2023-08-03T20:52:08.000Z,,4,,,,4,10266,0,0,,xslF345X05/wf-form4_169109591437353.xml,FORM 4
0000950170-23-038620,2023-08-04,2023-08-02,2023-08-04T20:51:54.000Z,,4,,,,4,13709,0,0,,xslF345X05/ownership.xml,4
0000950170-23-038681,2023-08-04,2023-08-02,2023-08-04T23:18:26.000Z,,4,,,,4,10430,0,0,,xslF345X05/ownership.xml,4
0001628280-23-027837,2023-08-07,2023-08-03,2023-08-07T21:09:46.000Z,,4,,,,4,4728,0,0,,xslF345X05/wf-form4_169144257288702.xml,FORM 4
0001628280-23-029856,2023-08-17,2023-08-15,2023-08-17T21:14:09.000Z,,4,,,,4,5919,0,0,,xslF345X05/wf-form4_169230683736354.xml,FORM 4
0001628280-23-029860,2023-08-17,2023-08-15,2023-08-17T21:18:43.000Z,,4,,,,4,5911,0,0,,xslF345X05/wf-form4_169230711058626.xml,FORM 4
0001628280-23-029863,2023-08-17,2023-08-15,2023-08-17T21:23:51.000Z,,4,,,,4,5938,0,0,,xslF345X05/wf-form4_169230741475647.xml,FORM 4
0001193125-23-235337,2023-09-14,2023-05-02,2023-09-14T20:30:30.000Z,34,8-K/A,001-02958,231255457,5.07,XBRL,146381,1,1,,d468417d8ka.htm,8-K/A
0001193125-23-266285,2023-10-30,2023-10-28,2023-10-30T21:15:59.000Z,34,8-K,001-02958,231361429,"1.01,7.01,9.01",XBRL,691474,1,1,,d578466d8k.htm,8-K
0001628280-23-035607,2023-10-31,2023-10-31,2023-10-31T12:07:30.000Z,34,8-K,001-02958,231362340,"2.02,9.01",XBRL,823944,1,1,,hubb-20231031.htm,8-K
0001628280-23-035804,2023-11-01,2023-09-30,2023-11-01T12:15:47.000Z,34,10-Q,001-02958,231366653,,XBRL,9576793,1,1,,hubb-20230930.htm,10-Q
0001959173-23-004529,2023-11-03,,2023-11-03T15:12:32.000Z,33,144,001-02958,231374963,,144,4239,0,0,,xsl144X01/primary_doc.xml,
0001628280-23-037464,2023-11-07,2023-11-03,2023-11-07T22:41:24.000Z,,4,,,,4,19615,0,0,,xslF345X05/wk-form4_1699396871.xml,FORM 4
0001628280-23-039510,2023-11-17,2023-11-15,2023-11-17T22:05:44.000Z,,4,,,,4,5836,0,0,,xslF345X05/wk-form4_1700258732.xml,FORM 4
0001628280-23-039518,2023-11-17,2023-11-15,2023-11-17T22:18:13.000Z,,4,,,,4,5826,0,0,,xslF345X05/wk-form4_1700259484.xml,FORM 4
0001628280-23-039527,2023-11-17,2023-11-15,2023-11-17T22:29:24.000Z,,4,,,,4,5855,0,0,,xslF345X05/wk-form4_1700260148.xml,FORM 4
0001193125-23-293504,2023-12-12,2023-12-08,2023-12-12T22:07:30.000Z,34,8-K,001-02958,231481970,"1.01,2.03,7.01,8.01,9.01",XBRL,702179,1,1,,d636265d8k.htm,8-K
0001628280-23-041470,2023-12-13,2023-12-11,2023-12-13T21:54:29.000Z,,4,,,,4,4403,0,0,,xslF345X05/wk-form4_1702504461.xml,FORM 4
0001628280-23-041480,2023-12-13,2023-12-11,2023-12-13T22:44:58.000Z,,4,,,,4,5759,0,0,,xslF345X05/wk-form4_1702507485.xml,FORM 4
0001628280-24-001279,2024-01-12,2023-12-11,2024-01-12T22:32:08.000Z,,4/A,,,,4/A,6530,0,0,,xslF345X05/wk-form4a_1705098719.xml,FORM 4/A
0001086364-24-004410,2024-01-26,,2024-01-26T16:49:45.000Z,34,SC 13G/A,005-17643,24565899,,SC 13G/A,13831,0,0,,us4435106079_012624.txt,
0001628280-24-002494,2024-01-30,2024-01-30,2024-01-30T13:10:00.000Z,34,8-K,001-02958,24575923,"2.02,9.01",XBRL,816592,1,1,,hubb-20240130.htm,8-K
0001193125-24-019452,2024-01-30,2024-01-24,2024-01-30T21:30:58.000Z,34,8-K,001-02958,24578607,5.02,XBRL,138593,1,1,,d595576d8k.htm,8-K
0001959173-24-000604,2024-02-02,,2024-02-02T18:00:16.000Z,33,144,001-02958,24589847,,144,8628,0,0,,xsl144X01/primary_doc.xml,
0001959173-24-000606,2024-02-02,,2024-02-02T18:36:51.000Z,33,144,001-02958,24590043,,144,4930,0,0,,xsl144X01/primary_doc.xml,
0001959173-24-000611,2024-02-02,,2024-02-02T20:01:44.000Z,33,144,001-02958,24590619,,144,4377,0,0,,xsl144X01/primary_doc.xml,
0001959173-24-000715,2024-02-06,,2024-02-06T17:09:11.000Z,33,144,001-02958,24599094,,144,4315,0,0,,xsl144X01/primary_doc.xml,
0001628280-24-003527,2024-02-06,2024-02-02,2024-02-06T22:19:04.000Z,,4,,,,4,15245,0,0,,xslF345X05/wk-form4_1707257934.xml,FORM 4
0001628280-24-003530,2024-02-06,2024-02-02,2024-02-06T22:22:42.000Z,,4,,,,4,14770,0,0,,xslF345X05/wk-form4_1707258152.xml,FORM 4
0001628280-24-003532,2024-02-06,2024-02-02,2024-02-06T22:26:40.000Z,,4,,,,4,6905,0,0,,xslF345X05/wk-form4_1707258390.xml,FORM 4
0001959173-24-000771,2024-02-07,,2024-02-07T20:34:15.000Z,33,144,001-02958,24604074,,144,4312,0,0,,xsl144X01/primary_doc.xml,
0001628280-24-003792,2024-02-08,2023-12-31,2024-02-08T13:15:27.000Z,34,10-K,001-02958,24606950,,XBRL,18468351,1,1,,hubb-20231231.htm,10-K
0002007317-24-000085,2024-02-08,,2024-02-08T16:07:10.000Z,33,144,001-02958,24607595,,144,6356,0,0,,xsl144X01/primary_doc.xml,
0001628280-24-003892,2024-02-08,2024-02-06,2024-02-08T21:29:58.000Z,,4,,,,4,13323,0,0,,xslF345X05/wk-form4_1707427786.xml,FORM 4
0001628280-24-003900,2024-02-08,2024-02-06,2024-02-08T21:34:07.000Z,,4,,,,4,6926,0,0,,xslF345X05/wk-form4_1707428030.xml,FORM 4
0001628280-24-003905,2024-02-08,2024-02-06,2024-02-08T21:44:54.000Z,,4,,,,4,6936,0,0,,xslF345X05/wk-form4_1707428680.xml,FORM 4
0001628280-24-003909,2024-02-08,2024-02-06,2024-02-08T21:52:29.000Z,,4,,,,4,6931,0,0,,xslF345X05/wk-form4_1707429140.xml,FORM 4
0001628280-24-003913,2024-02-08,2024-02-06,2024-02-08T21:55:29.000Z,,4,,,,4,7101,0,0,,xslF345X05/wk-form4_1707429316.xml,FORM 4
0001628280-24-003916,2024-02-08,2024-02-06,2024-02-08T21:59:38.000Z,,4,,,,4,6925,0,0,,xslF345X05/wk-form4_1707429569.xml,FORM 4
0001628280-24-003918,2024-02-08,2024-02-06,2024-02-08T22:02:33.000Z,,4,,,,4,6920,0,0,,xslF345X05/wk-form4_1707429740.xml,FORM 4
0001628280-24-003923,2024-02-08,2024-02-06,2024-02-08T22:08:17.000Z,,4,,,,4,6898,0,0,,xslF345X05/wk-form4_1707430081.xml,FORM 4
0001628280-24-003934,2024-02-08,2024-02-06,2024-02-08T22:33:01.000Z,,4,,,,4,9557,0,0,,xslF345X05/wk-form4_1707431566.xml,FORM 4
0001628280-24-003938,2024-02-08,2024-02-06,2024-02-08T22:36:32.000Z,,4,,,,4,9566,0,0,,xslF345X05/wk-form4_1707431778.xml,FORM 4
0001628280-24-003943,2024-02-08,2024-02-06,2024-02-08T22:42:40.000Z,,4,,,,4,9561,0,0,,xslF345X05/wk-form4_1707432149.xml,FORM 4
0001628280-24-003946,2024-02-08,2024-02-06,2024-02-08T22:46:38.000Z,,4,,,,4,9531,0,0,,xslF345X05/wk-form4_1707432377.xml,FORM 4
0001628280-24-003949,2024-02-08,2024-02-06,2024-02-08T22:50:11.000Z,,4,,,,4,9558,0,0,,xslF345X05/wk-form4_1707432601.xml,FORM 4
0001628280-24-003952,2024-02-08,2024-02-06,2024-02-08T22:54:17.000Z,,4,,,,4,9559,0,0,,xslF345X05/wk-form4_1707432847.xml,FORM 4
0001628280-24-004093,2024-02-09,2024-02-07,2024-02-09T21:16:19.000Z,,4,,,,4,5073,0,0,,xslF345X05/wk-form4_1707513342.xml,FORM 4
0001959173-24-000867,2024-02-12,,2024-02-12T15:26:48.000Z,33,144,001-02958,24617935,,144,5486,0,0,,xsl144X01/primary_doc.xml,
0001628280-24-004476,2024-02-13,2024-02-09,2024-02-13T21:30:01.000Z,,4,,,,4,4739,0,0,,xslF345X05/wk-form4_1707859790.xml,FORM 4
0001628280-24-004481,2024-02-13,2024-02-09,2024-02-13T21:32:59.000Z,,4,,,,4,4754,0,0,,xslF345X05/wk-form4_1707859969.xml,FORM 4
0001628280-24-004485,2024-02-13,2024-02-09,2024-02-13T21:36:52.000Z,,4,,,,4,4744,0,0,,xslF345X05/wk-form4_1707860185.xml,FORM 4
0001628280-24-004489,2024-02-13,2024-02-09,2024-02-13T21:40:47.000Z,,4,,,,4,4714,0,0,,xslF345X05/wk-form4_1707860436.xml,FORM 4
0001628280-24-004492,2024-02-13,2024-02-09,2024-02-13T21:46:10.000Z,,4,,,,4,6111,0,0,,xslF345X05/wk-form4_1707860754.xml,FORM 4
0001628280-24-004495,2024-02-13,2024-02-09,2024-02-13T21:49:50.000Z,,4,,,,4,4741,0,0,,xslF345X05/wk-form4_1707860974.xml,FORM 4
0001628280-24-004505,2024-02-13,2024-02-12,2024-02-13T22:02:14.000Z,,4,,,,4,4590,0,0,,xslF345X05/wk-form4_1707861715.xml,FORM 4
0001104659-24-021145,2024-02-13,,2024-02-13T22:06:23.000Z,34,SC 13G/A,005-17643,24628656,,SC 13G/A,13052,0,0,,tv01143-hubbellinc.htm,SCHEDULE 13G/A
0000080255-24-000642,2024-02-14,,2024-02-14T15:02:59.000Z,34,SC 13G/A,005-17643,,,SC 13G/A,6705,0,0,,hubb13gadec23.txt,
0001628280-24-005602,2024-02-20,2024-02-15,2024-02-20T21:36:51.000Z,,4,,,,4,5915,0,0,,xslF345X05/wk-form4_1708464972.xml,FORM 4
0001628280-24-005609,2024-02-20,2024-02-15,2024-02-20T21:43:24.000Z,,4,,,,4,5912,0,0,,xslF345X05/wk-form4_1708465372.xml,FORM 4
0001628280-24-005615,2024-02-20,2024-02-15,2024-02-20T21:48:21.000Z,,4,,,,4,5942,0,0,,xslF345X05/wk-form4_1708465687.xml,FORM 4
0001308179-24-000281,2024-03-25,2024-05-07,2024-03-25T20:15:57.000Z,34,DEF 14A,001-02958,24779405,,XBRL,17315502,1,1,,lhubb2024_def14a.htm,HUBBELL INC - DEF 14A
0001308179-24-000282,2024-03-25,,2024-03-25T20:16:59.000Z,34,DEFA14A,001-02958,24779431,,DEFA14A,847072,0,0,,lhubb2024_defa14a.htm,HUBBELL INC - DEFA14A
0001308179-24-000283,2024-03-25,2023-12-31,2024-03-25T20:18:55.000Z,34,ARS,001-02958,24779454,,ARS,11097548,0,0,,lhubb2023_ars.pdf,HUBBELL INC - ARS
0001628280-24-019191,2024-04-30,2024-04-30,2024-04-30T12:09:12.000Z,34,8-K,001-02958,24894114,"2.02,9.01",XBRL,666051,1,1,,hubb-20240430.htm,8-K
0001628280-24-019474,2024-05-01,2024-03-31,2024-05-01T12:12:41.000Z,34,10-Q,001-02958,24900174,,XBRL,8187490,1,1,,hubb-20240331.htm,10-Q
0001628280-24-021133,2024-05-07,2024-05-03,2024-05-07T20:30:53.000Z,,4,,,,4,4492,0,0,,xslF345X05/wk-form4_1715113841.xml,FORM 4
0001628280-24-021147,2024-05-07,2024-05-03,2024-05-07T20:37:39.000Z,,4,,,,4,4508,0,0,,xslF345X05/wk-form4_1715114239.xml,FORM 4
0001193125-24-135315,2024-05-09,2024-05-07,2024-05-09T20:31:00.000Z,34,8-K,001-02958,24931249,5.07,XBRL,153419,1,1,,d827197d8k.htm,8-K
0001193125-24-135322,2024-05-09,,2024-05-09T20:35:59.000Z,34,SD,001-02958,24931372,,SD,47463,0,0,,d814269dsd.htm,SD
0001628280-24-022300,2024-05-09,2024-05-07,2024-05-09T20:54:09.000Z,,4,,,,4,8177,0,0,,xslF345X05/wk-form4_1715288036.xml,FORM 4
0001628280-24-022308,2024-05-09,2024-05-07,2024-05-09T20:59:27.000Z,,4,,,,4,5643,0,0,,xslF345X05/wk-form4_1715288354.xml,FORM 4
0001628280-24-022327,2024-05-09,2024-05-07,2024-05-09T21:09:36.000Z,,4,,,,4,7416,0,0,,xslF345X05/wk-form4_1715288954.xml,FORM 4
0001628280-24-022334,2024-05-09,2024-05-07,2024-05-09T21:13:27.000Z,,4,,,,4,4703,0,0,,xslF345X05/wk-form4_1715289188.xml,FORM 4
0001628280-24-022340,2024-05-09,2024-05-07,2024-05-09T21:18:13.000Z,,4,,,,4,8111,0,0,,xslF345X05/wk-form4_1715289466.xml,FORM 4
0001628280-24-022357,2024-05-09,2024-05-07,2024-05-09T21:35:32.000Z,,4,,,,4,7441,0,0,,xslF345X05/wk-form4_1715290519.xml,FORM 4
0001628280-24-022362,2024-05-09,2024-05-07,2024-05-09T21:41:38.000Z,,4,,,,4,7413,0,0,,xslF345X05/wk-form4_1715290886.xml,FORM 4
0001628280-24-022367,2024-05-09,2024-05-07,2024-05-09T21:45:30.000Z,,4,,,,4,4723,0,0,,xslF345X05/wk-form4_1715291110.xml,FORM 4
0001628280-24-022372,2024-05-09,2024-05-07,2024-05-09T21:50:04.000Z,,4,,,,4,6529,0,0,,xslF345X05/wk-form4_1715291393.xml,FORM 4
0001628280-24-022375,2024-05-09,2024-05-07,2024-05-09T21:53:28.000Z,,4,,,,4,6543,0,0,,xslF345X05/wk-form4_1715291596.xml,FORM 4
0001628280-24-022378,2024-05-09,2024-05-07,2024-05-09T21:56:31.000Z,,4,,,,4,6537,0,0,,xslF345X05/wk-form4_1715291781.xml,FORM 4
0001628280-24-022381,2024-05-09,2024-05-07,2024-05-09T22:01:05.000Z,,4,,,,4,6504,0,0,,xslF345X05/wk-form4_1715292021.xml,FORM 4
0001628280-24-022383,2024-05-09,2024-05-07,2024-05-09T22:05:10.000Z,,4,,,,4,6534,0,0,,xslF345X05/wk-form4_1715292300.xml,FORM 4
0001628280-24-022385,2024-05-09,2024-05-07,2024-05-09T22:08:34.000Z,,4,,,,4,6531,0,0,,xslF345X05/wk-form4_1715292496.xml,FORM 4
0001959173-24-003426,2024-05-10,,2024-05-10T18:15:17.000Z,33,144,001-02958,24934156,,144,5900,0,0,,xsl144X01/primary_doc.xml,
0001971857-24-000190,2024-05-13,,2024-05-13T20:18:17.000Z,33,144,001-02958,24939325,,144,5852,0,0,,xsl144X01/primary_doc.xml,
0001959173-24-003497,2024-05-14,,2024-05-14T13:57:18.000Z,33,144,001-02958,24941839,,144,4887,0,0,,xsl144X01/primary_doc.xml,
0001628280-24-023267,2024-05-14,2024-05-10,2024-05-14T20:47:56.000Z,,4,,,,4,10314,0,0,,xslF345X05/wk-form4_1715719659.xml,FORM 4
0001959173-24-003564,2024-05-15,,2024-05-15T16:35:24.000Z,33,144,001-02958,24948720,,144,4901,0,0,,xsl144X01/primary_doc.xml,
0001959173-24-003583,2024-05-15,,2024-05-15T19:31:02.000Z,33,144,001-02958,24949790,,144,13841,0,0,,xsl144X01/primary_doc.xml,
0001628280-24-023619,2024-05-15,2024-05-13,2024-05-15T20:42:19.000Z,,4,,,,4,6908,0,0,,xslF345X05/wk-form4_1715805726.xml,FORM 4
0001628280-24-023810,2024-05-16,2024-05-14,2024-05-16T20:48:43.000Z,,4,,,,4,6436,0,0,,xslF345X05/wk-form4_1715892513.xml,FORM 4
0001628280-24-024105,2024-05-17,2024-05-15,2024-05-17T20:41:45.000Z,,4,,,,4,4594,0,0,,xslF345X05/wk-form4_1715978468.xml,FORM 4
0001628280-24-024108,2024-05-17,2024-05-15,2024-05-17T20:46:02.000Z,,4,,,,4,5916,0,0,,xslF345X05/wk-form4_1715978744.xml,FORM 4
0001628280-24-024113,2024-05-17,2024-05-15,2024-05-17T20:49:35.000Z,,4,,,,4,5911,0,0,,xslF345X05/wk-form4_1715978960.xml,FORM 4
0001628280-24-024120,2024-05-17,2024-05-15,2024-05-17T20:52:48.000Z,,4,,,,4,5904,0,0,,xslF345X05/wk-form4_1715979142.xml,FORM 4
0001628280-24-033357,2024-07-30,2024-07-30,2024-07-30T12:10:00.000Z,34,8-K,001-02958,241154456,"2.02,9.01",XBRL,1296967,1,1,,hubb-20240730.htm,8-K
0001628280-24-033632,2024-07-31,2024-06-30,2024-07-31T12:11:35.000Z,34,10-Q,001-02958,241159960,,XBRL,10068534,1,1,,hubb-20240630.htm,10-Q
0001959173-24-005359,2024-08-06,,2024-08-06T18:35:39.000Z,33,144,001-02958,241178529,,144,4326,0,0,,xsl144X01/primary_doc.xml,
0001628280-24-036232,2024-08-08,2024-08-06,2024-08-08T21:06:44.000Z,,4,,,,4,4533,0,0,,xslF345X05/wk-form4_1723151196.xml,FORM 4
0001959173-24-005496,2024-08-09,,2024-08-09T20:50:12.000Z,33,144,001-02958,241193557,,144,4359,0,0,,xsl144X01/primary_doc.xml,
0001628280-24-036959,2024-08-13,2024-08-09,2024-08-13T20:45:28.000Z,,4,,,,4,21191,0,0,,xslF345X05/wk-form4_1723581828.xml,FORM 4
0001628280-24-037726,2024-08-19,2024-08-15,2024-08-19T20:32:57.000Z,,4,,,,4,5944,0,0,,xslF345X05/wk-form4_1724099570.xml,FORM 4
0001628280-24-037736,2024-08-19,2024-08-15,2024-08-19T20:38:08.000Z,,4,,,,4,5915,0,0,,xslF345X05/wk-form4_1724099882.xml,FORM 4
0001628280-24-037747,2024-08-19,2024-08-15,2024-08-19T20:41:50.000Z,,4,,,,4,5917,0,0,,xslF345X05/wk-form4_1724100103.xml,FORM 4
0002012383-24-000907,2024-10-21,,2024-10-21T20:11:31.000Z,34,SC 13G/A,005-17643,241383550,,SC 13G/A,14213,0,0,,us4435106079_102124.txt,
0001628280-24-044010,2024-10-29,2024-10-29,2024-10-29T12:09:21.000Z,34,8-K,001-02958,241402745,"2.02,9.01",XBRL,1297335,1,1,,hubb-20241029.htm,8-K
0001390777-24-000117,2024-10-29,,2024-10-29T13:39:41.000Z,34,SCHEDULE 13G,005-17643,241402916,,SCHEDULE 13G,37185,0,0,,xslSCHEDULE_13G_X01/primary_doc.xml,
0001628280-24-044201,2024-10-30,2024-09-30,2024-10-30T12:09:22.000Z,34,10-Q,001-02958,241407522,,XBRL,10028092,1,1,,hubb-20240930.htm,10-Q
0001959173-24-007456,2024-11-06,,2024-11-06T18:40:07.000Z,33,144,001-02958,241430126,,144,4308,0,0,,xsl144X01/primary_doc.xml,
0001959173-24-007567,2024-11-07,,2024-11-07T22:28:06.000Z,33,144,001-02958,241437238,,144,4325,0,0,,xsl144X01/primary_doc.xml,
0001628280-24-046704,2024-11-08,2024-11-06,2024-11-08T21:43:54.000Z,,4,,,,4,9843,0,0,,xslF345X05/wk-form4_1731102226.xml,FORM 4
0002012383-24-004006,2024-11-08,,2024-11-08T22:31:15.000Z,34,SC 13G/A,005-17643,241442019,,SC 13G/A,14225,0,0,,us4435106079_110824.txt,
0001628280-24-047242,2024-11-12,2024-11-07,2024-11-12T21:50:10.000Z,,4,,,,4,29401,0,0,,xslF345X05/wk-form4_1731448201.xml,FORM 4
0001628280-24-048483,2024-11-19,2024-11-15,2024-11-19T21:38:12.000Z,,4,,,,4,5944,0,0,,xslF345X05/wk-form4_1732052285.xml,FORM 4
0001628280-24-048486,2024-11-19,2024-11-15,2024-11-19T21:43:23.000Z,,4,,,,4,5915,0,0,,xslF345X05/wk-form4_1732052596.xml,FORM 4
0001628280-24-048497,2024-11-19,2024-11-15,2024-11-19T21:49:01.000Z,,4,,,,4,5917,0,0,,xslF345X05/wk-form4_1732052932.xml,FORM 4
0001193125-24-261813,2024-11-19,2024-11-19,2024-11-19T22:22:55.000Z,34,8-K,001-02958,241477381,"5.02,7.01,9.01",XBRL,161404,1,1,,d850317d8k.htm,8-K
0001628280-24-048861,2024-11-21,2024-11-19,2024-11-21T22:04:00.000Z,,3,,,,3,268329,0,0,,xslF345X02/wk-form3_1732226632.xml,FORM 3
0001628280-24-048865,2024-11-21,2024-11-19,2024-11-21T22:14:39.000Z,,4,,,,4,4681,0,0,,xslF345X05/wk-form4_1732227269.xml,FORM 4
0001628280-24-050122,2024-12-05,2024-12-03,2024-12-05T23:01:04.000Z,,4,,,,4,4485,0,0,,xslF345X05/wk-form4_1733439657.xml,FORM 4
0001628280-24-051057,2024-12-12,2024-12-10,2024-12-12T21:39:35.000Z,,4,,,,4,4490,0,0,,xslF345X05/wk-form4_1734039569.xml,FORM 4
0001628280-25-003586,2025-02-04,2025-02-04,2025-02-04T13:08:27.000Z,34,8-K,001-02958,25585426,"2.02,9.01",XBRL,1270884,1,1,,hubb-20250204.htm,8-K
0001628280-25-004904,2025-02-11,2025-02-07,2025-02-11T21:37:55.000Z,,4,,,,4,4743,0,0,,xslF345X05/wk-form4_1739309869.xml,FORM 4
0001628280-25-004910,2025-02-11,2025-02-07,2025-02-11T21:46:42.000Z,,4,,,,4,4718,0,0,,xslF345X05/wk-form4_1739310395.xml,FORM 4
0001628280-25-004916,2025-02-11,2025-02-07,2025-02-11T21:50:34.000Z,,4,,,,4,4758,0,0,,xslF345X05/wk-form4_1739310627.xml,FORM 4
0001628280-25-004923,2025-02-11,2025-02-07,2025-02-11T21:57:10.000Z,,4,,,,4,4744,0,0,,xslF345X05/wk-form4_1739311023.xml,FORM 4
0001628280-25-004927,2025-02-11,2025-02-07,2025-02-11T22:04:37.000Z,,4,,,,4,4745,0,0,,xslF345X05/wk-form4_1739311469.xml,FORM 4
0001628280-25-004933,2025-02-11,2025-02-07,2025-02-11T22:07:51.000Z,,4,,,,4,4750,0,0,,xslF345X05/wk-form4_1739311664.xml,FORM 4
0001628280-25-005311,2025-02-13,2024-12-31,2025-02-13T13:19:23.000Z,34,10-K,001-02958,25617315,,XBRL,19314240,1,1,,hubb-20241231.htm,10-K
0001628280-25-005458,2025-02-13,2025-02-11,2025-02-13T21:56:07.000Z,,4,,,,4,9777,0,0,,xslF345X05/wk-form4_1739483759.xml,FORM 4
0001628280-25-005464,2025-02-13,2025-02-11,2025-02-13T22:05:03.000Z,,4,,,,4,9751,0,0,,xslF345X05/wk-form4_1739484294.xml,FORM 4
0001628280-25-005467,2025-02-13,2025-02-11,2025-02-13T22:11:04.000Z,,4,,,,4,9773,0,0,,xslF345X05/wk-form4_1739484657.xml,FORM 4
0001628280-25-005473,2025-02-13,2025-02-11,2025-02-13T22:17:06.000Z,,4,,,,4,9787,0,0,,xslF345X05/wk-form4_1739485018.xml,FORM 4
0001628280-25-005478,2025-02-13,2025-02-11,2025-02-13T22:23:08.000Z,,4,,,,4,9778,0,0,,xslF345X05/wk-form4_1739485380.xml,FORM 4
0001628280-25-005487,2025-02-13,2025-02-11,2025-02-13T22:29:19.000Z,,4,,,,4,9779,0,0,,xslF345X05/wk-form4_1739485751.xml,FORM 4
0001628280-25-006112,2025-02-18,2025-02-14,2025-02-18T22:15:58.000Z,,4,,,,4,5916,0,0,,xslF345X05/wk-form4_1739916951.xml,FORM 4
0001628280-25-006118,2025-02-18,2025-02-14,2025-02-18T22:20:43.000Z,,4,,,,4,5943,0,0,,xslF345X05/wk-form4_1739917237.xml,FORM 4
0001628280-25-006120,2025-02-18,2025-02-14,2025-02-18T22:25:16.000Z,,4,,,,4,5914,0,0,,xslF345X05/wk-form4_1739917510.xml,FORM 4
0001959173-25-001176,2025-02-20,,2025-02-20T18:23:52.000Z,33,144,001-02958,25644389,,144,4853,0,0,,xsl144X01/primary_doc.xml,
0001628280-25-006782,2025-02-20,2025-02-18,2025-02-20T21:36:34.000Z,,4,,,,4,6931,0,0,,xslF345X05/wk-form4_1740087387.xml,FORM 4
0001628280-25-006794,2025-02-20,2025-02-18,2025-02-20T21:41:26.000Z,,4,,,,4,6941,0,0,,xslF345X05/wk-form4_1740087680.xml,FORM 4
0001628280-25-006799,2025-02-20,2025-02-18,2025-02-20T21:47:41.000Z,,4,,,,4,6930,0,0,,xslF345X05/wk-form4_1740088052.xml,FORM 4
0001628280-25-006810,2025-02-20,2025-02-18,2025-02-20T21:53:34.000Z,,4,,,,4,6925,0,0,,xslF345X05/wk-form4_1740088407.xml,FORM 4
0001628280-25-006820,2025-02-20,2025-02-18,2025-02-20T21:56:33.000Z,,4,,,,4,6903,0,0,,xslF345X05/wk-form4_1740088585.xml,FORM 4
0001628280-25-006829,2025-02-20,2025-02-18,2025-02-20T22:00:27.000Z,,4,,,,4,6935,0,0,,xslF345X05/wk-form4_1740088818.xml,FORM 4
0001628280-25-006837,2025-02-20,2025-02-18,2025-02-20T22:04:00.000Z,,4,,,,4,6930,0,0,,xslF345X05/wk-form4_1740089033.xml,FORM 4
0001628280-25-007432,2025-02-24,2025-02-20,2025-02-24T22:06:25.000Z,,4,,,,4,5070,0,0,,xslF345X05/wk-form4_1740434777.xml,FORM 4
0001308179-25-000133,2025-03-14,2025-05-06,2025-03-14T20:05:48.000Z,34,PRE 14A,001-02958,25739990,,XBRL,19991905,1,1,,hubb012735-pre14a.htm,PRELIMINARY PROXY STATEMENT
0001308179-25-000207,2025-03-24,2025-05-06,2025-03-24T20:05:46.000Z,34,DEF 14A,001-02958,25764170,,XBRL,24063209,1,1,,hubb012735-def14a.htm,DEFINITIVE PROXY STATEMENT
0001308179-25-000208,2025-03-24,,2025-03-24T20:06:15.000Z,34,DEFA14A,001-02958,25764185,,DEFA14A,1292266,0,0,,hubb012735-defa14a.htm,DEFINITIVE ADDITIONAL PROXY SOLICITING MATERIALS
0001308179-25-000209,2025-03-24,2024-12-31,2025-03-24T20:07:15.000Z,34,ARS,001-02958,25764221,,ARS,4189760,0,0,,hubb012735-ars.pdf,ANNUAL REPORT TO SECURITY HOLDERS
0001193125-25-064096,2025-03-26,2025-03-25,2025-03-26T20:22:48.000Z,34,8-K,001-02958,25773582,"1.01,1.02,2.03,9.01",XBRL,953409,1,1,,d942784d8k.htm,8-K
0002052113-25-001611,2025-04-24,,2025-04-24T13:27:40.000Z,34,SCHEDULE 13G/A,005-17643,25864121,,SCHEDULE 13G/A,11262,0,0,,xslSCHEDULE_13G_X01/primary_doc.xml,
0001628280-25-021342,2025-05-01,2025-05-01,2025-05-01T12:01:33.000Z,34,8-K,001-02958,25899485,"2.02,9.01",XBRL,1124930,1,1,,hubb-20250501.htm,8-K
0001628280-25-021677,2025-05-02,2025-03-31,2025-05-02T12:07:08.000Z,34,10-Q,001-02958,25905558,,XBRL,8854165,1,1,,hubb-20250331.htm,10-Q
0001193125-25-113841,2025-05-06,,2025-05-06T20:32:21.000Z,33,S-8,333-287002,25917790,,S-8,514498,1,1,,d773331ds8.htm,S-8
0001193125-25-114934,2025-05-07,2025-05-06,2025-05-07T20:30:20.000Z,34,8-K,001-02958,25921927,"5.02,5.03,5.07,9.01",XBRL,193523,1,1,,d62943d8k.htm,8-K
0001193125-25-116009,2025-05-08,,2025-05-08T20:30:14.000Z,34,SD,001-02958,25926762,,SD,46410,0,0,,d891535dsd.htm,SD
0001628280-25-023901,2025-05-08,2025-05-06,2025-05-08T21:02:02.000Z,,4,,,,4,6521,0,0,,xslF345X05/wk-form4_1746738115.xml,FORM 4
0001628280-25-023911,2025-05-08,2025-05-06,2025-05-08T21:07:13.000Z,,4,,,,4,6535,0,0,,xslF345X05/wk-form4_1746738427.xml,FORM 4
0001628280-25-023917,2025-05-08,2025-05-06,2025-05-08T21:10:02.000Z,,4,,,,4,6521,0,0,,xslF345X05/wk-form4_1746738596.xml,FORM 4
0001628280-25-023921,2025-05-08,2025-05-06,2025-05-08T21:13:45.000Z,,4,,,,4,6496,0,0,,xslF345X05/wk-form4_1746738819.xml,FORM 4
0001628280-25-023924,2025-05-08,2025-05-06,2025-05-08T21:18:06.000Z,,4,,,,4,6526,0,0,,xslF345X05/wk-form4_1746739080.xml,FORM 4
0001628280-25-023928,2025-05-08,2025-05-06,2025-05-08T21:22:17.000Z,,4,,,,4,6523,0,0,,xslF345X05/wk-form4_1746739330.xml,FORM 4
0001628280-25-023935,2025-05-08,2025-05-06,2025-05-08T21:29:48.000Z,,4,,,,4,8170,0,0,,xslF345X05/wk-form4_1746739781.xml,FORM 4
0001628280-25-023939,2025-05-08,2025-05-06,2025-05-08T21:33:59.000Z,,4,,,,4,5622,0,0,,xslF345X05/wk-form4_1746740031.xml,FORM 4
0001628280-25-023958,2025-05-08,2025-05-06,2025-05-08T22:03:34.000Z,,4,,,,4,4696,0,0,,xslF345X05/wk-form4_1746741808.xml,FORM 4
0001628280-25-023962,2025-05-08,2025-05-06,2025-05-08T22:11:13.000Z,,4,,,,4,7406,0,0,,xslF345X05/wk-form4_1746742267.xml,FORM 4
0001628280-25-023968,2025-05-08,2025-05-06,2025-05-08T22:21:26.000Z,,4,,,,4,7432,0,0,,xslF345X05/wk-form4_1746742880.xml,FORM 4
0001628280-25-023970,2025-05-08,2025-05-06,2025-05-08T22:27:00.000Z,,4,,,,4,8102,0,0,,xslF345X05/wk-form4_1746743215.xml,FORM 4
0001628280-25-023973,2025-05-08,2025-05-06,2025-05-08T22:30:17.000Z,,4,,,,4,4716,0,0,,xslF345X05/wk-form4_1746743412.xml,FORM 4
0001628280-25-023978,2025-05-08,2025-05-06,2025-05-08T22:34:09.000Z,,4,,,,4,4673,0,0,,xslF345X05/wk-form4_1746743644.xml,FORM 4
0001628280-25-023996,2025-05-08,2025-05-06,2025-05-08T23:08:37.000Z,,4,,,,4,7409,0,0,,xslF345X05/wk-form4_1746745711.xml,FORM 4
0001959173-25-003188,2025-05-14,,2025-05-14T19:58:15.000Z,33,144,001-02958,25945035,,144,4370,0,0,,xsl144X01/primary_doc.xml,
0001628280-25-026299,2025-05-16,2025-05-14,2025-05-16T20:41:09.000Z,,4,,,,4,10304,0,0,,xslF345X05/wk-form4_1747428062.xml,FORM 4
0001628280-25-026548,2025-05-19,2025-05-15,2025-05-19T20:48:04.000Z,,4,,,,4,5907,0,0,,xslF345X05/wk-form4_1747687674.xml,FORM 4
0001628280-25-026553,2025-05-19,2025-05-15,2025-05-19T20:53:52.000Z,,4,,,,4,5907,0,0,,xslF345X05/wk-form4_1747688023.xml,FORM 4
0001628280-25-026572,2025-05-19,2025-05-15,2025-05-19T21:01:11.000Z,,4,,,,4,5935,0,0,,xslF345X05/wk-form4_1747688464.xml,FORM 4
0001959173-25-003399,2025-05-21,,2025-05-21T19:17:53.000Z,33,144,001-02958,25972915,,144,4861,0,0,,xsl144X01/primary_doc.xml,
0001628280-25-027651,2025-05-23,2025-05-21,2025-05-23T20:44:43.000Z,,4,,,,4,4526,0,0,,xslF345X05/wk-form4_1748033074.xml,FORM 4
0001628280-25-036316,2025-07-29,2025-07-29,2025-07-29T12:04:47.000Z,34,8-K,001-02958,251157635,"2.02,9.01",XBRL,1476022,1,1,,hubb-20250729.htm,8-K
0001193125-25-168034,2025-07-29,,2025-07-29T20:34:31.000Z,33,S-3ASR,333-289041,251162306,,S-3ASR,540701,1,1,,d213361ds3asr.htm,S-3ASR
0001628280-25-036564,2025-07-30,2025-06-30,2025-07-30T12:16:37.000Z,34,10-Q,001-02958,251164053,,XBRL,11270755,1,1,,hubb-20250630.htm,10-Q
0001193125-25-180835,2025-08-14,2025-08-12,2025-08-14T20:32:31.000Z,34,8-K,001-02958,251220029,"8.01,9.01",XBRL,178583,1,1,,d941242d8k.htm,8-K
0001306045-25-000003,2025-08-18,2025-08-15,2025-08-18T20:43:20.000Z,,4,,,,4,5910,0,0,,xslF345X05/wk-form4_1755549797.xml,FORM 4
0001319629-25-000004,2025-08-18,2025-08-15,2025-08-18T20:46:56.000Z,,4,,,,4,6010,0,0,,xslF345X05/wk-form4_1755550013.xml,FORM 4
0001303696-25-000006,2025-08-18,2025-08-15,2025-08-18T20:49:38.000Z,,4,,,,4,6064,0,0,,xslF345X05/wk-form4_1755550175.xml,FORM 4
0001193125-25-192873,2025-08-29,2025-08-29,2025-08-29T21:05:32.000Z,34,8-K,001-02958,251281885,"5.02,7.01,9.01",XBRL,155166,1,1,,d24318d8k.htm,8-K
0001628280-25-041567,2025-09-03,2025-08-29,2025-09-03T20:39:50.000Z,,3,,,,3,281195,0,0,,xslF345X02/wk-form3_1756931984.xml,FORM 3
0001628280-25-041569,2025-09-03,2025-08-29,2025-09-03T20:42:06.000Z,,4,,,,4,4702,0,0,,xslF345X05/wk-form4_1756932122.xml,FORM 4
0001193125-25-200209,2025-09-10,2025-09-10,2025-09-10T21:25:13.000Z,34,8-K,001-02958,251306658,"5.02,8.01,9.01",XBRL,146804,1,1,,d56489d8k.htm,8-K
0001193125-25-226831,2025-10-01,2025-09-29,2025-10-01T20:30:21.000Z,34,8-K,001-02958,251365026,"1.01,2.03,7.01,8.01,9.01",XBRL,724579,1,1,,d20947d8k.htm,8-K
0001628280-25-046573,2025-10-28,2025-10-28,2025-10-28T12:11:27.000Z,34,8-K,001-02958,251421525,"2.02,9.01",XBRL,1264812,1,1,,hubb-20251028.htm,8-K
0001628280-25-046924,2025-10-29,2025-09-30,2025-10-29T12:11:18.000Z,34,10-Q,001-02958,251426922,,XBRL,11382233,1,1,,hubb-20250930.htm,10-Q
0001193125-25-257663,2025-10-30,,2025-10-30T13:22:42.000Z,33,424B2,333-289041,251432511,,424B2,704817,0,0,,d48791d424b2.htm,424B2
0001193125-25-258621,2025-10-30,,2025-10-30T20:25:00.000Z,34,FWP,333-289041,251436020,,FWP,18500,0,0,,d48791dfwp.htm,FWP
0001193125-25-258791,2025-10-30,,2025-10-30T20:56:50.000Z,33,305B2,333-289041,251436795,,305B2,148748,0,0,,d936924d305b2.htm,305B2
0001193125-25-260943,2025-10-31,,2025-10-31T21:08:37.000Z,33,424B2,333-289041,251441385,,424B2,841246,1,1,,d48791d424b2.htm,424B2
0001959173-25-006669,2025-11-03,,2025-11-03T18:30:10.000Z,33,144,001-02958,251443231,,144,6969,0,0,,xsl144X01/primary_doc.xml,
0001193125-25-264659,2025-11-04,2025-10-30,2025-11-04T21:06:01.000Z,34,8-K,001-02958,251448946,"8.01,9.01",XBRL,386765,1,1,,d935252d8k.htm,8-K
0001959173-25-006751,2025-11-05,,2025-11-05T17:45:16.000Z,33,144,001-02958,251452997,,144,4314,0,0,,xsl144X01/primary_doc.xml,
0001628280-25-049644,2025-11-05,2025-11-03,2025-11-05T21:40:31.000Z,,4,,,,4,9828,0,0,,xslF345X05/wk-form4_1762378829.xml,FORM 4
0001628280-25-050283,2025-11-06,2025-11-05,2025-11-06T21:53:10.000Z,,4,,,,4,20177,0,0,,xslF345X05/wk-form4_1762465987.xml,FORM 4
0001628280-25-052089,2025-11-13,2025-11-06,2025-11-13T21:42:59.000Z,,4,,,,4,4599,0,0,,xslF345X05/wk-form4_1763070176.xml,FORM 4
0001193125-25-283157,2025-11-14,2025-11-14,2025-11-14T21:33:18.000Z,34,8-K,001-02958,251487263,"1.01,2.03,9.01",XBRL,772100,1,1,,d67067d8k.htm,8-K
0001628280-25-052937,2025-11-18,2025-11-14,2025-11-18T21:43:18.000Z,,4,,,,4,5910,0,0,,xslF345X05/wk-form4_1763502195.xml,FORM 4
0001628280-25-052945,2025-11-18,2025-11-14,2025-11-18T21:50:42.000Z,,4,,,,4,6009,0,0,,xslF345X05/wk-form4_1763502640.xml,FORM 4
0001628280-25-052963,2025-11-18,2025-11-14,2025-11-18T22:00:56.000Z,,4,,,,4,6064,0,0,,xslF345X05/wk-form4_1763503253.xml,FORM 4
0001628280-25-053220,2025-11-19,2025-11-17,2025-11-19T21:43:03.000Z,,4,,,,4,4604,0,0,,xslF345X05/wk-form4_1763588580.xml,FORM 4
0001628280-26-001393,2026-01-08,2026-01-01,2026-01-08T22:14:30.000Z,,3,,,,3,295947,0,0,,xslF345X02/wk-form3_1767910466.xml,FORM 3
0001390777-26-000013,2026-01-29,,2026-01-29T17:46:58.000Z,34,SCHEDULE 13G/A,005-17643,26576462,,SCHEDULE 13G/A,36678,0,0,,xslSCHEDULE_13G_X01/primary_doc.xml,
0001628280-26-004800,2026-02-03,2026-02-03,2026-02-03T13:03:40.000Z,34,8-K,001-02958,26590193,"2.02,9.01",XBRL,1250404,1,1,,hubb-20260203.htm,8-K
0001959173-26-000696,2026-02-06,,2026-02-06T17:14:27.000Z,33,144,001-02958,26606281,,144,9697,0,0,,xsl144X01/primary_doc.xml,
0001959173-26-000703,2026-02-06,,2026-02-06T18:42:03.000Z,33,144,001-02958,26606691,,144,4823,0,0,,xsl144X01/primary_doc.xml,
0001959173-26-000728,2026-02-06,,2026-02-06T21:12:32.000Z,33,144,001-02958,26607762,,144,6053,0,0,,xsl144X01/primary_doc.xml,
0001959173-26-000749,2026-02-09,,2026-02-09T16:53:07.000Z,33,144,001-02958,26610359,,144,11306,0,0,,xsl144X01/primary_doc.xml,
0001959173-26-000777,2026-02-09,,2026-02-09T21:17:50.000Z,33,144,001-02958,26611664,,144,4298,0,0,,xsl144X01/primary_doc.xml,
0001628280-26-006900,2026-02-10,2026-02-06,2026-02-10T21:40:07.000Z,,4,,,,4,34670,0,0,,xslF345X05/wk-form4_1770759604.xml,FORM 4
0001628280-26-006903,2026-02-10,2026-02-06,2026-02-10T21:46:21.000Z,,4,,,,4,13162,0,0,,xslF345X05/wk-form4_1770759978.xml,FORM 4
0001628280-26-006907,2026-02-10,2026-02-06,2026-02-10T21:48:59.000Z,,4,,,,4,4751,0,0,,xslF345X05/wk-form4_1770760137.xml,FORM 4
0001628280-26-006911,2026-02-10,2026-02-06,2026-02-10T21:52:38.000Z,,4,,,,4,4711,0,0,,xslF345X05/wk-form4_1770760355.xml,FORM 4
0001628280-26-006916,2026-02-10,2026-02-06,2026-02-10T21:55:26.000Z,,4,,,,4,4759,0,0,,xslF345X05/wk-form4_1770760523.xml,FORM 4
0001628280-26-006919,2026-02-10,2026-02-06,2026-02-10T21:58:09.000Z,,4,,,,4,4743,0,0,,xslF345X05/wk-form4_1770760687.xml,FORM 4
0001628280-26-007332,2026-02-11,2026-02-09,2026-02-11T21:42:13.000Z,,4,,,,4,4598,0,0,,xslF345X05/wk-form4_1770846130.xml,FORM 4
0001628280-26-007341,2026-02-11,2026-02-09,2026-02-11T21:55:11.000Z,,4,,,,4,15207,0,0,,xslF345X05/wk-form4_1770846909.xml,FORM 4
0001628280-26-007500,2026-02-12,2025-12-31,2026-02-12T13:21:54.000Z,34,10-K,001-02958,26623537,,XBRL,20081840,1,1,,hubb-20251231.htm,10-K
0001959173-26-000931,2026-02-12,,2026-02-12T21:19:54.000Z,33,144,001-02958,26626510,,144,5973,0,0,,xsl144X01/primary_doc.xml,
0001628280-26-007735,2026-02-12,2026-02-10,2026-02-12T21:45:23.000Z,,4,,,,4,9773,0,0,,xslF345X05/wk-form4_1770932720.xml,FORM 4
0001628280-26-007763,2026-02-12,2026-02-10,2026-02-12T21:55:17.000Z,,4,,,,4,9746,0,0,,xslF345X05/wk-form4_1770933314.xml,FORM 4
0001628280-26-007774,2026-02-12,2026-02-10,2026-02-12T22:01:58.000Z,,4,,,,4,9768,0,0,,xslF345X05/wk-form4_1770933716.xml,FORM 4
0001628280-26-007781,2026-02-12,2026-02-10,2026-02-12T22:08:22.000Z,,4,,,,4,9780,0,0,,xslF345X05/wk-form4_1770934099.xml,FORM 4
0001628280-26-007788,2026-02-12,2026-02-10,2026-02-12T22:14:29.000Z,,4,,,,4,9789,0,0,,xslF345X05/wk-form4_1770934466.xml,FORM 4
0001628280-26-007794,2026-02-12,2026-02-10,2026-02-12T22:19:56.000Z,,4,,,,4,9859,0,0,,xslF345X05/wk-form4_1770934793.xml,FORM 4
0001959173-26-001056,2026-02-17,,2026-02-17T19:56:33.000Z,33,144,001-02958,26639985,,144,5921,0,0,,xsl144X01/primary_doc.xml,
0001628280-26-008634,2026-02-17,2026-02-13,2026-02-17T21:37:51.000Z,,4,,,,4,5909,0,0,,xslF345X05/wk-form4_1771364268.xml,FORM 4
0001628280-26-008647,2026-02-17,2026-02-13,2026-02-17T21:49:23.000Z,,4,,,,4,6008,0,0,,xslF345X05/wk-form4_1771364959.xml,FORM 4
0001628280-26-008654,2026-02-17,2026-02-13,2026-02-17T21:52:37.000Z,,4,,,,4,6063,0,0,,xslF345X05/wk-form4_1771365154.xml,FORM 4
0001628280-26-009820,2026-02-19,2026-02-17,2026-02-19T21:37:14.000Z,,4,,,,4,8291,0,0,,xslF345X05/wk-form4_1771537031.xml,FORM 4
0001628280-26-009823,2026-02-19,2026-02-17,2026-02-19T21:41:39.000Z,,4,,,,4,6918,0,0,,xslF345X05/wk-form4_1771537296.xml,FORM 4
0001628280-26-009837,2026-02-19,2026-02-17,2026-02-19T21:49:32.000Z,,4,,,,4,6923,0,0,,xslF345X05/wk-form4_1771537770.xml,FORM 4
0001628280-26-009848,2026-02-19,2026-02-17,2026-02-19T21:54:12.000Z,,4,,,,4,6934,0,0,,xslF345X05/wk-form4_1771538048.xml,FORM 4
0001628280-26-009860,2026-02-19,2026-02-17,2026-02-19T21:58:37.000Z,,4,,,,4,6944,0,0,,xslF345X05/wk-form4_1771538315.xml,FORM 4
0001628280-26-009866,2026-02-19,2026-02-17,2026-02-19T22:02:48.000Z,,4,,,,4,6899,0,0,,xslF345X05/wk-form4_1771538565.xml,FORM 4
0001628280-26-009873,2026-02-19,2026-02-17,2026-02-19T22:07:09.000Z,,4,,,,4,7011,0,0,,xslF345X05/wk-form4_1771538826.xml,FORM 4
0001308179-26-000121,2026-03-23,2026-05-05,2026-03-23T20:05:39.000Z,34,DEF 14A,001-02958,26782219,,XBRL,26901099,1,1,,hubb014454-def14a.htm,DEFINITIVE PROXY STATEMENT
0001308179-26-000122,2026-03-23,,2026-03-23T20:08:01.000Z,34,DEFA14A,001-02958,26782267,,DEFA14A,209481,0,0,,hubb14454-defa14a.htm,DEFINITIVE ADDITIONAL PROXY SOLICITING MATERIALS
0001308179-26-000124,2026-03-23,2025-12-31,2026-03-23T20:08:45.000Z,34,ARS,001-02958,26782272,,ARS,2549387,0,0,,hubb014454-ars.pdf,ANNUAL REPORT TO SECURITY HOLDERS
0000102909-26-001570,2026-03-27,,2026-03-27T13:53:44.000Z,34,SCHEDULE 13G/A,005-17643,26801695,,SCHEDULE 13G/A,7138,0,0,,xslSCHEDULE_13G_X02/primary_doc.xml,
0002100121-26-000371,2026-04-29,,2026-04-29T17:43:59.000Z,34,SCHEDULE 13G,005-17643,26913630,,SCHEDULE 13G,7314,0,0,0.0,xslSCHEDULE_13G_X02/primary_doc.xml,
0001628280-26-028600,2026-04-30,2026-04-30,2026-04-30T12:03:57.000Z,34,8-K,001-02958,26920190,"2.02,9.01",XBRL,1109899,1,1,0.0,hubb-20260430.htm,8-K
0002100119-26-000662,2026-04-30,,2026-04-30T14:41:09.000Z,34,SCHEDULE 13G,005-17643,26921157,,SCHEDULE 13G,7371,0,0,0.0,xslSCHEDULE_13G_X02/primary_doc.xml,
0001628280-26-029110,2026-05-01,2026-03-31,2026-05-01T12:05:40.000Z,34,10-Q,001-02958,26928982,,XBRL,8981881,1,1,1.0,hubb-20260331.htm,10-Q
0001193125-26-201687,2026-05-01,,2026-05-01T21:00:08.000Z,34,SD,001-02958,26933593,,SD,46499,0,0,0.0,d139576dsd.htm,SD
0001193125-26-204099,2026-05-04,2026-05-01,2026-05-04T20:30:21.000Z,34,8-K,001-02958,26938195,"1.01,7.01,8.01,9.01",XBRL,811719,1,1,0.0,d133302d8k.htm,8-K
0001193125-26-209139,2026-05-06,2026-05-05,2026-05-06T20:30:53.000Z,34,8-K,001-02958,26949032,5.07,XBRL,169512,1,1,0.0,d147249d8k.htm,8-K
0001628280-26-032210,2026-05-07,2026-05-05,2026-05-07T20:27:35.000Z,,4,,,,4,6745,0,0,0.0,xslF345X06/wk-form4_1778185653.xml,FORM 4
0001628280-26-032220,2026-05-07,2026-05-05,2026-05-07T20:31:12.000Z,,4,,,,4,6900,0,0,0.0,xslF345X06/wk-form4_1778185869.xml,FORM 4
0001628280-26-032230,2026-05-07,2026-05-05,2026-05-07T20:34:30.000Z,,4,,,,4,6671,0,0,0.0,xslF345X06/wk-form4_1778186067.xml,FORM 4
0001628280-26-032242,2026-05-07,2026-05-05,2026-05-07T20:37:51.000Z,,4,,,,4,6658,0,0,0.0,xslF345X06/wk-form4_1778186268.xml,FORM 4
0001628280-26-032247,2026-05-07,2026-05-05,2026-05-07T20:41:11.000Z,,4,,,,4,6635,0,0,0.0,xslF345X06/wk-form4_1778186467.xml,FORM 4
0001628280-26-032252,2026-05-07,2026-05-05,2026-05-07T20:45:43.000Z,,4,,,,4,6663,0,0,0.0,xslF345X06/wk-form4_1778186740.xml,FORM 4
0001628280-26-032279,2026-05-07,2026-05-05,2026-05-07T20:56:07.000Z,,4,,,,4,5792,0,0,0.0,xslF345X06/wk-form4_1778187364.xml,FORM 4
0001628280-26-032292,2026-05-07,2026-05-05,2026-05-07T21:03:02.000Z,,4,,,,4,8392,0,0,0.0,xslF345X06/wk-form4_1778187780.xml,FORM 4
0001628280-26-032306,2026-05-07,2026-05-05,2026-05-07T21:06:49.000Z,,4,,,,4,5760,0,0,0.0,xslF345X06/wk-form4_1778188006.xml,FORM 4
0001628280-26-032319,2026-05-07,2026-05-05,2026-05-07T21:13:57.000Z,,4,,,,4,7545,0,0,0.0,xslF345X06/wk-form4_1778188434.xml,FORM 4
0001628280-26-032327,2026-05-07,2026-05-05,2026-05-07T21:16:19.000Z,,4,,,,4,4872,0,0,0.0,xslF345X06/wk-form4_1778188577.xml,FORM 4
0001628280-26-032334,2026-05-07,2026-05-05,2026-05-07T21:20:36.000Z,,4,,,,4,7643,0,0,0.0,xslF345X06/wk-form4_1778188833.xml,FORM 4
0001628280-26-032345,2026-05-07,2026-05-05,2026-05-07T21:25:36.000Z,,4,,,,4,7699,0,0,0.0,xslF345X06/wk-form4_1778189133.xml,FORM 4
0001628280-26-032375,2026-05-07,2026-05-05,2026-05-07T21:31:17.000Z,,4,,,,4,8360,0,0,0.0,xslF345X06/wk-form4_1778189475.xml,FORM 4
0001628280-26-032397,2026-05-07,2026-05-05,2026-05-07T21:43:06.000Z,,4,,,,4,4811,0,0,0.0,xslF345X06/wk-form4_1778190183.xml,FORM 4
0001628280-26-032416,2026-05-07,2026-05-05,2026-05-07T22:04:37.000Z,,4,,,,4,5829,0,0,0.0,xslF345X06/wk-form4_1778191474.xml,FORM 4
0001193125-26-227142,2026-05-15,2026-05-15,2026-05-15T21:00:16.000Z,34,8-K,001-02958,26989443,"1.01,2.03,9.01",XBRL,757112,1,1,0.0,d147999d8k.htm,8-K
0001628280-26-036524,2026-05-19,2026-05-15,2026-05-19T20:44:01.000Z,,4,,,,4,6044,0,0,0.0,xslF345X06/wk-form4_1779223439.xml,FORM 4
0001628280-26-036530,2026-05-19,2026-05-15,2026-05-19T20:48:55.000Z,,4,,,,4,6144,0,0,0.0,xslF345X06/wk-form4_1779223731.xml,FORM 4
0001628280-26-036541,2026-05-19,2026-05-15,2026-05-19T20:54:41.000Z,,4,,,,4,6200,0,0,0.0,xslF345X06/wk-form4_1779224079.xml,FORM 4
0001193125-26-252576,2026-06-02,,2026-06-02T12:15:18.000Z,33,424B2,333-289041,261053693,,424B2,780679,0,0,0.0,d146732d424b2.htm,424B2
0001193125-26-253788,2026-06-02,,2026-06-02T21:01:44.000Z,34,FWP,333-289041,261057339,,FWP,27227,0,0,0.0,d135147dfwp.htm,FWP
0001193125-26-256594,2026-06-04,,2026-06-04T13:15:37.000Z,33,424B2,333-289041,261063386,,424B2,955765,0,0,0.0,d146732d424b2.htm,424B2
0001193125-26-261758,2026-06-08,2026-06-02,2026-06-08T20:14:08.000Z,34,8-K,001-02958,261072796,"1.01,2.03,8.01,9.01",XBRL,792344,1,1,0.0,d103727d8k.htm,8-K
0001193125-26-263819,2026-06-09,2026-06-09,2026-06-09T20:25:44.000Z,34,8-K,001-02958,261076456,"7.01,8.01,9.01",XBRL,145397,1,1,0.0,d143835d8k.htm,8-K
0001628280-26-047666,2026-07-08,2026-07-06,2026-07-08T20:40:28.000Z,,4,,,,4,4871,0,0,0.0,xslF345X06/wk-form4_1783543225.xml,FORM 4
0001628280-26-047669,2026-07-08,2026-07-06,2026-07-08T20:43:38.000Z,,4,,,,4,4881,0,0,0.0,xslF345X06/wk-form4_1783543416.xml,FORM 4
0001628280-26-049934,2026-07-28,2026-07-28,2026-07-28T12:02:27.000Z,34,8-K,001-02958,261207561,"2.02,9.01",XBRL,1282036,1,1,0.0,hubb-20260728.htm,8-K
0001628280-26-050405,2026-07-29,2026-06-30,2026-07-29T12:09:00.000Z,34,10-Q,001-02958,261214044,,XBRL,11022378,1,1,1.0,hubb-20260630.htm,10-Q
0001959173-26-005885,2026-08-11,,2026-08-11T17:59:29.000Z,33,144,001-02958,261262400,,144,4858,0,0,0.0,xsl144X01/primary_doc.xml,
0001628280-26-056794,2026-08-13,2026-08-11,2026-08-13T20:39:12.000Z,,4,,,,4,4735,0,0,0.0,xslF345X06/wk-form4_1786653550.xml,FORM 4
0001628280-26-057702,2026-08-18,2026-08-14,2026-08-18T20:31:47.000Z,,4,,,,4,6047,0,0,0.0,xslF345X06/wk-form4_1787085104.xml,FORM 4
0001628280-26-057706,2026-08-18,2026-08-14,2026-08-18T20:38:08.000Z,,4,,,,4,6146,0,0,0.0,xslF345X06/wk-form4_1787085486.xml,FORM 4
0001628280-26-057712,2026-08-18,2026-08-14,2026-08-18T20:42:12.000Z,,4,,,,4,6201,0,0,0.0,xslF345X06/wk-form4_1787085730.xml,FORM 4
0001628280-26-062525,2026-09-17,2026-09-15,2026-09-17T20:32:10.000Z,,4,,,,4,7069,0,0,0.0,xslF345X06/wk-form4_1789677128.xml,FORM 4
