accessionNumber,filingDate,reportDate,acceptanceDateTime,act,form,fileNumber,filmNumber,items,core_type,size,isXBRL,isInlineXBRL,isXBRLNumeric,primaryDocument,primaryDocDescription
0001193125-05-204183,2005-10-19,,2005-10-19T21:27:54.000Z,33,S-4,333-129139,051145831,,S-4,1697312,0,0,,ds4.htm,PROXY/PROSPECTUS
0001193125-05-231928,2005-11-25,,2005-11-23T22:32:06.000Z,33,S-4/A,333-129139,051226038,,S-4/A,2116792,0,0,,ds4a.htm,AMENDMENT #1 TO FORM S-4
0001193125-05-242515,2005-12-14,,2005-12-14T20:36:45.000Z,33,S-4/A,333-129139,051263806,,S-4/A,1910998,0,0,,ds4a.htm,AMENDMENT NO. 2 TO FORM S-4
0001193125-05-249231,2005-12-28,,2005-12-28T02:34:00.000Z,33,S-4/A,333-129139,051287817,,S-4/A,5008345,0,0,,ds4a.htm,AMENDMENT NO. 3 TO FORM S-4
0001193125-05-249983,2005-12-29,,2005-12-29T11:16:53.000Z,33,S-4/A,333-129139,051289871,,S-4/A,4889503,0,0,,ds4a.htm,AMENDMENT NO. 4 TO FORM S-4
0001193125-06-007461,2006-01-18,,2006-01-18T01:52:18.000Z,33,424B3,333-129139,06534269,,424B3,1684696,0,0,,d424b3.htm,FILED PURSUANT TO RULE 424B3
0000000000-06-003907,2006-01-24,,2006-01-24T20:18:17.000Z,,UPLOAD,,,,LETTER,44914,0,0,,filename1.txt,
0000000000-06-003915,2006-01-24,,2006-01-24T20:22:37.000Z,,UPLOAD,,,,LETTER,24079,0,0,,filename1.txt,
0000000000-06-003923,2006-01-24,,2006-01-24T20:28:21.000Z,,UPLOAD,,,,LETTER,14571,0,0,,filename1.txt,
0001181431-06-007034,2006-01-31,2006-01-31,2006-02-01T02:40:36.000Z,,3,,,,3,12639,0,0,,xslF345X02/rrd105709.xml,FORM 3
0001181431-06-007035,2006-01-31,2006-01-31,2006-02-01T02:40:49.000Z,,3,,,,3,14444,0,0,,xslF345X02/rrd105703.xml,FORM 3
0001181431-06-007036,2006-01-31,2006-01-31,2006-02-01T02:41:07.000Z,,3,,,,3,14611,0,0,,xslF345X02/rrd105694.xml,FORM 3
0001181431-06-007037,2006-01-31,2006-01-31,2006-02-01T02:41:42.000Z,,3,,,,3,12563,0,0,,xslF345X02/rrd105691.xml,FORM 3
0001181431-06-007038,2006-01-31,2006-01-31,2006-02-01T02:41:59.000Z,,3,,,,3,15388,0,0,,xslF345X02/rrd105690.xml,FORM 3
0001181431-06-007039,2006-01-31,2006-01-31,2006-02-01T02:42:14.000Z,,3,,,,3,15488,0,0,,xslF345X02/rrd105688.xml,FORM 3
0001181431-06-007040,2006-01-31,2006-01-31,2006-02-01T02:42:33.000Z,,3,,,,3,13424,0,0,,xslF345X02/rrd105685.xml,FORM 3
0001181431-06-007041,2006-01-31,2006-01-31,2006-02-01T02:42:46.000Z,,3,,,,3,12211,0,0,,xslF345X02/rrd105680.xml,FORN 3
0001181431-06-007042,2006-01-31,2006-01-31,2006-02-01T02:43:04.000Z,,3,,,,3,9585,0,0,,xslF345X02/rrd105678.xml,FORM 3
0001181431-06-007043,2006-01-31,2006-01-31,2006-02-01T02:43:23.000Z,,3,,,,3,6096,0,0,,xslF345X02/rrd105677.xml,FORM 3
0001181431-06-007044,2006-01-31,2006-01-31,2006-02-01T02:43:36.000Z,,3,,,,3,14462,0,0,,xslF345X02/rrd105674.xml,FORM 3
0001181431-06-007045,2006-01-31,2006-01-31,2006-02-01T02:43:54.000Z,,3,,,,3,9687,0,0,,xslF345X02/rrd105673.xml,FORM 3
0001181431-06-007046,2006-01-31,2006-01-31,2006-02-01T02:44:12.000Z,,3,,,,3,7724,0,0,,xslF345X02/rrd105669.xml,FORM 3
0001181431-06-007047,2006-01-31,2006-01-31,2006-02-01T02:44:25.000Z,,3,,,,3,10660,0,0,,xslF345X02/rrd105667.xml,FORM 3
0001181431-06-007048,2006-01-31,2006-01-31,2006-02-01T02:44:41.000Z,,3,,,,3,13459,0,0,,xslF345X02/rrd105663.xml,FORM 3
0001181431-06-007049,2006-01-31,2006-01-31,2006-02-01T02:44:57.000Z,,3,,,,3,13384,0,0,,xslF345X02/rrd105661.xml,FORM 3
0001181431-06-007050,2006-01-31,2006-01-31,2006-02-01T02:45:13.000Z,,3,,,,3,8489,0,0,,xslF345X02/rrd105655.xml,FORM 3
0001181431-06-007051,2006-01-31,2006-01-31,2006-02-01T02:45:32.000Z,,3,,,,3,10634,0,0,,xslF345X02/rrd105648.xml,FORM 3
0001181431-06-007052,2006-01-31,2006-01-31,2006-02-01T02:45:42.000Z,,3,,,,3,5953,0,0,,xslF345X02/rrd105646.xml,FORM 3
0000950134-06-001582,2006-02-01,,2006-02-01T11:07:13.000Z,33,S-8,333-131427,06567733,,S-8,67673,0,0,,f16779sv8.htm,FORM S-8
0001193125-06-020874,2006-02-06,2006-01-31,2006-02-06T22:08:44.000Z,34,8-K12G3,000-51788,06582738,"2.01,7.01,9.01",8-K12G3,414828,0,0,,d8k12g3.htm,FORM 8-K/12-G3
0000950103-06-000293,2006-02-09,2006-02-03,2006-02-09T20:00:23.000Z,34,8-K,000-51788,06592624,"1.01,1.02,2.03,9.01",8-K,186588,0,0,,oracle_8k.htm,
0001193125-06-025340,2006-02-09,2006-02-09,2006-02-09T21:50:23.000Z,34,8-K,000-51788,06593660,"7.01,9.01",8-K,594349,0,0,,d8k.htm,FORM 8-K
0001193125-06-028984,2006-02-13,,2006-02-13T21:47:10.000Z,34,SC 13G/A,005-81502,06604278,,SC 13G/A,45436,0,0,,dsc13ga.htm,AMENDMENT NO. 15 TO SCHEDULE 13G
0001193125-06-032719,2006-02-15,2006-02-09,2006-02-15T21:49:32.000Z,34,8-K,000-51788,06622428,2.05,8-K,15897,0,0,,d8k.htm,FORM 8-K
0000950134-06-003573,2006-02-22,,2006-02-22T22:17:40.000Z,33,S-8,333-131988,06636943,,S-8,60257,0,0,,f17678sv8.htm,FORM S-8
0001193125-06-043885,2006-03-02,2006-01-31,2006-03-02T21:03:46.000Z,34,8-K/A,000-51788,06659952,"2.01,9.01",8-K/A,713665,0,0,,d8ka.htm,AMENDMENT NO. 1 TO FORM 8-K
0001093287-06-000022,2006-03-06,2006-03-02,2006-03-06T21:48:53.000Z,,4,,,,4,35193,0,0,,xslF345X02/primary_doc.xml,PRIMARY DOCUMENT
0000950134-06-004404,2006-03-07,,2006-03-07T20:47:08.000Z,33,S-4,333-132250,06670142,,S-4,661769,0,0,,f18059orsv4.htm,FORM S-4
0001197588-06-000001,2006-03-16,2006-03-15,2006-03-17T01:47:55.000Z,,4,,,,4,14049,0,0,,xslF345X02/primary_doc.xml,PRIMARY DOCUMENT
0001197588-06-000002,2006-03-20,2006-03-16,2006-03-20T18:07:10.000Z,,4,,,,4,8945,0,0,,xslF345X02/primary_doc.xml,PRIMARY DOCUMENT
0001193125-06-059084,2006-03-20,2006-03-20,2006-03-20T21:16:11.000Z,34,8-K,000-51788,06698864,"2.02,9.01",8-K,692507,0,0,,d8k.htm,CURRENT REPORT ON FORM 8-K
0000950134-06-005601,2006-03-21,2006-03-15,2006-03-21T21:13:49.000Z,34,8-K,000-51788,06701451,"1.01,1.02,2.03,9.01",8-K,395320,0,0,,f18827e8vk.htm,FORM 8-K
0001093287-06-000028,2006-03-27,2006-03-23,2006-03-27T22:58:46.000Z,,4,,,,4,15591,0,0,,xslF345X02/primary_doc.xml,PRIMARY DOCUMENT
0001093287-06-000029,2006-03-27,2006-03-23,2006-03-27T23:12:10.000Z,,4,,,,4,8797,0,0,,xslF345X02/primary_doc.xml,PRIMARY DOCUMENT
0001197588-06-000003,2006-03-29,2006-03-27,2006-03-30T00:43:59.000Z,,4,,,,4,11746,0,0,,xslF345X02/primary_doc.xml,PRIMARY DOCUMENT
0001197588-06-000004,2006-03-29,2006-03-28,2006-03-30T01:06:28.000Z,,4,,,,4,8806,0,0,,xslF345X02/primary_doc.xml,PRIMARY DOCUMENT
0001197588-06-000005,2006-03-30,2006-03-29,2006-03-30T17:29:06.000Z,,4,,,,4,8805,0,0,,xslF345X02/primary_doc.xml,PRIMARY DOCUMENT
0001197588-06-000006,2006-03-30,2006-03-28,2006-03-30T17:55:22.000Z,,4,,,,4,8041,0,0,,xslF345X02/primary_doc.xml,PRIMARY DOCUMENT
0001197588-06-000007,2006-04-06,2006-04-05,2006-04-07T00:00:52.000Z,,4,,,,4,8757,0,0,,xslF345X02/primary_doc.xml,PRIMARY DOCUMENT
0001197588-06-000008,2006-04-06,2006-04-05,2006-04-07T00:12:06.000Z,,4,,,,4,8936,0,0,,xslF345X02/primary_doc.xml,PRIMARY DOCUMENT
0001193125-06-076643,2006-04-10,2006-02-28,2006-04-10T17:24:49.000Z,34,10-Q,000-51788,06750265,,10-Q,1265588,0,0,,d10q.htm,FORM 10-Q
0000929638-06-000160,2006-04-13,,2006-04-12T22:13:58.000Z,,SC TO-C,,,,SC TO-C,35472,0,0,,oraclescheduletocprs.htm,
0000950134-06-007341,2006-04-14,,2006-04-14T20:53:36.000Z,33,S-4/A,333-132250,06760910,,S-4/A,582518,0,0,,f18059a1sv4za.htm,AMENDMENT TO FORM S-4
0001093287-06-000043,2006-04-18,2006-04-18,2006-04-18T23:27:23.000Z,,4,,,,4,8928,0,0,,xslF345X02/primary_doc.xml,PRIMARY DOCUMENT
0000000000-06-018246,2006-04-19,,2006-04-19T13:44:32.000Z,,UPLOAD,,,,LETTER,53606,0,0,,filename1.pdf,
0001093287-06-000044,2006-04-19,2006-04-17,2006-04-19T18:43:59.000Z,,4,,,,4,13149,0,0,,xslF345X02/primary_doc.xml,PRIMARY DOCUMENT
0000950134-06-007602,2006-04-20,,2006-04-20T19:10:09.000Z,33,424B3,333-132250,06769803,,424B3,330797,0,0,,f18059b3e424b3.htm,424B3
0001093287-06-000046,2006-04-21,2006-04-19,2006-04-21T18:14:25.000Z,,4,,,,4,11960,0,0,,xslF345X02/primary_doc.xml,PRIMARY DOCUMENT
0001193125-06-085685,2006-04-21,,2006-04-21T20:34:20.000Z,,SC 13D,,,,SC 13D,539397,0,0,,dsc13d.htm,SCHEDULE 13D
0001193125-06-088090,2006-04-25,,2006-04-25T20:58:50.000Z,,SC TO-T,,,,SC TO-T,2314453,0,0,,dsctot.htm,TENDER OFFER STATEMENT
0001093287-06-000047,2006-04-26,2006-04-24,2006-04-26T18:53:59.000Z,,4,,,,4,13462,0,0,,xslF345X02/primary_doc.xml,PRIMARY DOCUMENT
0001093287-06-000049,2006-04-28,2006-04-26,2006-04-28T17:54:07.000Z,,4,,,,4,10267,0,0,,xslF345X02/primary_doc.xml,PRIMARY DOCUMENT
0001193125-06-110801,2006-05-12,,2006-05-12T20:10:09.000Z,,SC TO-T/A,,,,SC TO-T/A,67978,0,0,,dsctota.htm,AMENDMENT NO. 1 TO SCHEDULE TO
0001193125-06-114062,2006-05-17,2006-05-16,2006-05-16T23:44:36.000Z,34,8-K,000-51788,06847477,"5.02,9.01",8-K,24034,0,0,,d8k.htm,FORM 8-K
0001193125-06-116431,2006-05-19,,2006-05-19T21:10:59.000Z,,SC TO-T/A,,,,SC TO-T/A,30967,0,0,,dsctota.htm,AMENDMENT NO. 2 TO SCHEDULE TO
0001193125-06-118070,2006-05-23,,2006-05-23T20:53:10.000Z,,SC TO-T/A,,,,SC TO-T/A,31336,0,0,,dsctota.htm,AMENDMENT NO. 3 TO SCHEDULE TO
0001335064-06-000001,2006-06-01,2006-05-31,2006-06-01T17:49:20.000Z,,4,,,,4,5723,0,0,,xslF345X02/primary_doc.xml,PRIMARY DOCUMENT
0001335064-06-000002,2006-06-01,2006-05-31,2006-06-01T18:05:20.000Z,,4,,,,4,5762,0,0,,xslF345X02/primary_doc.xml,PRIMARY DOCUMENT
0001335064-06-000003,2006-06-01,2006-05-31,2006-06-01T18:17:52.000Z,,4,,,,4,5854,0,0,,xslF345X02/primary_doc.xml,PRIMARY DOCUMENT
0001335064-06-000004,2006-06-01,2006-05-31,2006-06-01T18:24:54.000Z,,4,,,,4,5991,0,0,,xslF345X02/primary_doc.xml,PRIMARY DOCUMENT
0001335064-06-000005,2006-06-01,2006-05-31,2006-06-01T18:30:50.000Z,,4,,,,4,5888,0,0,,xslF345X02/primary_doc.xml,PRIMARY DOCUMENT
0001335064-06-000006,2006-06-01,2006-05-31,2006-06-01T18:38:38.000Z,,4,,,,4,5799,0,0,,xslF345X02/primary_doc.xml,PRIMARY DOCUMENT
0001335064-06-000007,2006-06-01,2006-05-31,2006-06-01T18:44:44.000Z,,4,,,,4,5821,0,0,,xslF345X02/primary_doc.xml,PRIMARY DOCUMENT
0001335064-06-000008,2006-06-01,2006-05-31,2006-06-01T18:50:45.000Z,,4,,,,4,5641,0,0,,xslF345X02/primary_doc.xml,PRIMARY DOCUMENT
0001193125-06-122828,2006-06-01,,2006-06-01T20:35:35.000Z,,SC TO-T/A,,,,SC TO-T/A,39010,0,0,,dsctota.htm,AMENDMENT NO. 4 TO SCHEDULE TO
0001193125-06-125934,2006-06-07,,2006-06-07T19:22:45.000Z,,SC TO-T/A,,,,SC TO-T/A,32133,0,0,,dsctota.htm,AMENDMENT NO. 5 TO SCHEDULE TO
0001193125-06-129006,2006-06-13,,2006-06-13T21:01:08.000Z,,SC TO-T/A,,,,SC TO-T/A,50261,0,0,,dsctota.htm,AMENDMENT NO. 6 TO SCHEDULE TO
0001193125-06-129061,2006-06-14,2005-12-31,2006-06-13T21:52:27.000Z,34,11-K,000-51788,06903255,,11-K,114385,0,0,,d11k.htm,FORM 11-K
0001193125-06-131734,2006-06-19,2006-06-15,2006-06-19T14:58:50.000Z,34,8-K,000-51788,06911851,"2.02,9.01",8-K,60442,0,0,,d8k.htm,FORM 8-K
9999999997-06-032817,2006-06-20,2006-06-16,2006-08-02T14:39:19.000Z,34,NO ACT,000-51788,06040402,,NO ACT,1837,0,0,,9999999997-06-032817.paper,AUTO-GENERATED PAPER DOCUMENT
0001335064-06-000009,2006-06-21,2006-06-20,2006-06-21T18:22:03.000Z,,4,,,,4,8984,0,0,,xslF345X02/primary_doc.xml,PRIMARY DOCUMENT
0001193125-06-133345,2006-06-21,,2006-06-21T20:04:02.000Z,,SC TO-T/A,,,,SC TO-T/A,85896,0,0,,dsctota.htm,AMENDMENT NO. 7 TO SCHEDULE TO
0001193125-06-134099,2006-06-22,2006-06-22,2006-06-22T20:35:51.000Z,34,8-K,000-51788,06920055,"2.02,9.01",8-K,696714,0,0,,d8k.htm,FORM 8-K
0001335064-06-000010,2006-06-23,2006-01-31,2006-06-23T17:24:10.000Z,,3/A,,,,3/A,4476,0,0,,xslF345X02/primary_doc.xml,PRIMARY DOCUMENT
0001335064-06-000011,2006-06-26,2006-06-23,2006-06-26T16:38:53.000Z,,4,,,,4,8988,0,0,,xslF345X02/primary_doc.xml,PRIMARY DOCUMENT
0001193125-06-141390,2006-07-03,,2006-07-03T21:19:10.000Z,,SC TO-T/A,,,,SC TO-T/A,84346,0,0,,dsctota.htm,AMENDMENT NO. 8 TO SCHEDULE TO
0000950103-06-001690,2006-07-03,2006-06-21,2006-07-03T21:26:59.000Z,34,3,000-25829,06941110,,3,4588,0,0,,xslF345X02/dp03009_3-oracleex.xml,
0000950103-06-001700,2006-07-05,2006-06-30,2006-07-06T01:08:42.000Z,34,4,000-25829,06946172,,4,7396,0,0,,xslF345X02/dp03010_4-oracleex.xml,
0001335064-06-000012,2006-07-07,2006-07-06,2006-07-07T18:00:32.000Z,,4,,,,4,5765,0,0,,xslF345X02/primary_doc.xml,PRIMARY DOCUMENT
0001335064-06-000013,2006-07-07,2006-07-06,2006-07-07T18:07:59.000Z,,4,,,,4,5817,0,0,,xslF345X02/primary_doc.xml,PRIMARY DOCUMENT
0001335064-06-000014,2006-07-07,2006-07-06,2006-07-07T20:17:46.000Z,,4,,,,4,5787,0,0,,xslF345X02/primary_doc.xml,PRIMARY DOCUMENT
0001335064-06-000015,2006-07-07,2006-07-06,2006-07-07T20:26:30.000Z,,4,,,,4,5812,0,0,,xslF345X02/primary_doc.xml,PRIMARY DOCUMENT
0001335064-06-000016,2006-07-07,2006-07-06,2006-07-07T20:33:11.000Z,,4,,,,4,5815,0,0,,xslF345X02/primary_doc.xml,PRIMARY DOCUMENT
0001335064-06-000017,2006-07-07,2006-07-06,2006-07-07T20:39:05.000Z,,4,,,,4,5820,0,0,,xslF345X02/primary_doc.xml,PRIMARY DOCUMENT
0001335064-06-000018,2006-07-07,2006-07-06,2006-07-07T20:44:43.000Z,,4,,,,4,5760,0,0,,xslF345X02/primary_doc.xml,PRIMARY DOCUMENT
0001335064-06-000019,2006-07-07,2006-07-06,2006-07-07T20:51:13.000Z,,4,,,,4,5990,0,0,,xslF345X02/primary_doc.xml,PRIMARY DOCUMENT
0001335064-06-000020,2006-07-07,2006-07-06,2006-07-07T21:03:53.000Z,,4,,,,4,5827,0,0,,xslF345X02/primary_doc.xml,PRIMARY DOCUMENT
0001335064-06-000023,2006-07-10,2006-03-31,2006-07-10T17:43:21.000Z,,4,,,,4,7420,0,0,,xslF345X02/primary_doc.xml,PRIMARY DOCUMENT
0001335064-06-000024,2006-07-10,2006-03-31,2006-07-10T17:53:41.000Z,,4,,,,4,7504,0,0,,xslF345X02/primary_doc.xml,PRIMARY DOCUMENT
0001335064-06-000025,2006-07-10,2006-07-06,2006-07-10T20:05:06.000Z,,4/A,,,,4/A,6021,0,0,,xslF345X02/primary_doc.xml,PRIMARY DOCUMENT
0001193125-06-147003,2006-07-14,2006-07-10,2006-07-14T20:38:45.000Z,34,8-K,000-51788,06962991,"5.03,9.01",8-K,112044,0,0,,d8k.htm,FORM 8-K
0001335064-06-000026,2006-07-17,2006-07-14,2006-07-17T17:48:54.000Z,,4,,,,4,7400,0,0,,xslF345X02/primary_doc.xml,PRIMARY DOCUMENT
0001335064-06-000027,2006-07-19,2006-07-18,2006-07-19T20:49:40.000Z,,4,,,,4,8806,0,0,,xslF345X02/primary_doc.xml,PRIMARY DOCUMENT
0001335064-06-000028,2006-07-20,2006-07-19,2006-07-20T22:22:38.000Z,,4,,,,4,21254,0,0,,xslF345X02/primary_doc.xml,PRIMARY DOCUMENT
0001193125-06-151154,2006-07-21,2006-05-31,2006-07-21T21:24:26.000Z,34,10-K,000-51788,06974903,,10-K,1836096,0,0,,d10k.htm,FORM 10-K
0001197588-06-000009,2006-07-24,2006-07-20,2006-07-24T18:43:36.000Z,,4,,,,4,10241,0,0,,xslF345X02/primary_doc.xml,PRIMARY DOCUMENT
0001335064-06-000029,2006-07-28,2006-07-27,2006-07-28T17:18:31.000Z,,4,,,,4,29708,0,0,,xslF345X02/primary_doc.xml,PRIMARY DOCUMENT
0001335064-06-000030,2006-07-31,2006-07-31,2006-07-31T23:36:19.000Z,,4,,,,4,7523,0,0,,xslF345X02/primary_doc.xml,PRIMARY DOCUMENT
0001193125-06-161037,2006-08-03,,2006-08-03T21:01:53.000Z,33,S-8,333-136275,061002753,,S-8,53094,0,0,,ds8.htm,FORM S-8
0000950134-06-016301,2006-08-16,2006-08-14,2006-08-16T01:48:45.000Z,34,8-K,000-51788,061036829,"8.01,9.01",8-K,19443,0,0,,f23109e8vk.htm,FORM 8-K
0001193125-06-176807,2006-08-21,2006-08-15,2006-08-21T18:23:44.000Z,34,8-K,000-51788,061045815,1.01,8-K,13288,0,0,,d8k.htm,FORM 8-K
0001335064-06-000031,2006-08-21,2006-08-21,2006-08-21T21:36:45.000Z,,4,,,,4,22489,0,0,,xslF345X02/primary_doc.xml,PRIMARY DOCUMENT
0000950134-06-016701,2006-08-23,2006-10-09,2006-08-23T20:56:47.000Z,34,DEF 14A,000-51788,061051373,,DEF 14A,567468,0,0,,f22115dedef14a.htm,DEFINITIVE PROXY STATEMENT
0001193125-06-178575,2006-08-23,2006-08-18,2006-08-23T21:19:02.000Z,34,8-K,000-51788,061051527,5.02,8-K,12533,0,0,,d8k.htm,FORM 8-K
0001193125-06-193314,2006-09-19,2006-09-19,2006-09-19T20:22:19.000Z,34,8-K,000-51788,061098263,"2.02,9.01",8-K,535320,0,0,,d8k.htm,FORM 8-K
0001193125-06-196503,2006-09-25,2006-08-31,2006-09-25T20:26:27.000Z,34,10-Q,000-51788,061106829,,10-Q,911099,0,0,,d10q.htm,FORM 10-Q
0001335064-06-000032,2006-09-25,2006-09-22,2006-09-25T21:24:20.000Z,,4,,,,4,38434,0,0,,xslF345X02/primary_doc.xml,PRIMARY DOCUMENT
0001335064-06-000033,2006-09-28,2006-09-26,2006-09-28T20:11:38.000Z,,4,,,,4,10296,0,0,,xslF345X02/primary_doc.xml,PRIMARY DOCUMENT
0001335064-06-000034,2006-09-28,2006-09-26,2006-09-28T20:23:24.000Z,,4,,,,4,11716,0,0,,xslF345X02/primary_doc.xml,PRIMARY DOCUMENT
0001335064-06-000035,2006-09-28,2006-09-26,2006-09-28T20:32:02.000Z,,4,,,,4,13238,0,0,,xslF345X02/primary_doc.xml,PRIMARY DOCUMENT
0001335064-06-000036,2006-09-28,2006-09-27,2006-09-28T23:20:17.000Z,,4,,,,4,14690,0,0,,xslF345X02/primary_doc.xml,PRIMARY DOCUMENT
0001335064-06-000037,2006-10-03,2006-10-03,2006-10-04T00:18:44.000Z,,4,,,,4,21099,0,0,,xslF345X02/primary_doc.xml,PRIMARY DOCUMENT
0001335064-06-000038,2006-10-03,2006-10-02,2006-10-04T00:43:04.000Z,,4,,,,4,31555,0,0,,xslF345X02/primary_doc.xml,PRIMARY DOCUMENT
0001335064-06-000039,2006-10-06,2006-10-04,2006-10-06T20:50:01.000Z,,4,,,,4,20436,0,0,,xslF345X02/primary_doc.xml,PRIMARY DOCUMENT
0001335064-06-000044,2006-10-10,2006-10-09,2006-10-10T22:27:53.000Z,,4,,,,4,17541,0,0,,xslF345X02/primary_doc.xml,PRIMARY DOCUMENT
0001335064-06-000046,2006-10-11,2006-10-06,2006-10-11T20:19:25.000Z,,4,,,,4,39370,0,0,,xslF345X02/edgardoc.xml,PRIMARY DOCUMENT
0001335064-06-000047,2006-10-11,2006-10-09,2006-10-11T20:19:56.000Z,,4,,,,4,8499,0,0,,xslF345X02/edgardoc.xml,PRIMARY DOCUMENT
0001193125-06-206828,2006-10-12,2006-10-09,2006-10-12T17:40:31.000Z,34,8-K,000-51788,061141666,"1.01,9.01",8-K,85621,0,0,,d8k.htm,FORM 8-K
0001335064-06-000049,2006-10-12,2006-10-10,2006-10-12T23:16:44.000Z,,4,,,,4,20070,0,0,,xslF345X02/edgardoc.xml,PRIMARY DOCUMENT
0001335064-06-000050,2006-10-13,2006-10-10,2006-10-13T23:17:22.000Z,,4/A,,,,4/A,17089,0,0,,xslF345X02/primary_doc.xml,PRIMARY DOCUMENT
0001335064-06-000053,2006-10-17,2006-10-16,2006-10-17T17:58:00.000Z,,4,,,,4,12594,0,0,,xslF345X02/edgardoc.xml,PRIMARY DOCUMENT
0001335064-06-000054,2006-10-17,2006-10-16,2006-10-17T18:07:48.000Z,,4,,,,4,10291,0,0,,xslF345X02/primary_doc.xml,PRIMARY DOCUMENT
0001093287-06-000108,2006-10-20,2006-10-19,2006-10-20T22:36:14.000Z,,4,,,,4,27442,0,0,,xslF345X02/edgardoc.xml,PRIMARY DOCUMENT
0001093287-06-000111,2006-10-20,2006-10-18,2006-10-21T00:09:56.000Z,,4,,,,4,42460,0,0,,xslF345X02/primary_doc.xml,PRIMARY DOCUMENT
0000950134-06-019498,2006-10-24,,2006-10-24T01:54:56.000Z,,DFAN14A,,,,DFAN14A,2382519,0,0,,f24390a1dfan14a.htm,DEFINITIVE PROXY STATEMENT - FILED BY NON-MANAGEMENT
0001093287-06-000113,2006-10-24,2006-10-20,2006-10-24T18:46:45.000Z,,4,,,,4,8492,0,0,,xslF345X02/edgardoc.xml,PRIMARY DOCUMENT
0000950134-06-019683,2006-10-26,,2006-10-26T01:06:31.000Z,,DFAN14A,,,,DFAN14A,533194,0,0,,f24390a2dfan14a.htm,DEFINITIVE PROXY STATEMENT - FILED BY NON-MANAGEMENT
0001093287-06-000114,2006-10-30,2006-10-26,2006-10-30T22:17:03.000Z,,4,,,,4,5980,0,0,,xslF345X02/primary_doc.xml,PRIMARY DOCUMENT
0001093287-06-000115,2006-10-30,2006-10-26,2006-10-30T23:26:02.000Z,,4,,,,4,51378,0,0,,xslF345X02/primary_doc.xml,PRIMARY DOCUMENT
0001197588-06-000010,2006-10-31,2006-10-30,2006-10-31T22:33:23.000Z,,4,,,,4,51549,0,0,,xslF345X02/primary_doc.xml,PRIMARY DOCUMENT
0001197588-06-000011,2006-10-31,2006-10-30,2006-10-31T23:38:07.000Z,,4,,,,4,49324,0,0,,xslF345X02/primary_doc.xml,PRIMARY DOCUMENT
0001197588-06-000012,2006-10-31,2006-10-30,2006-10-31T23:52:54.000Z,,4,,,,4,6059,0,0,,xslF345X02/primary_doc.xml,PRIMARY DOCUMENT
0000891618-06-000456,2006-11-02,,2006-11-02T22:13:55.000Z,,SC 13D,,,,SC 13D,105707,0,0,,f24751sc13d.htm,SCHEDULE 13D
0001379409-06-000001,2006-11-02,2006-10-31,2006-11-02T23:25:25.000Z,,4,,,,4,44570,0,0,,xslF345X02/primary_doc.xml,PRIMARY DOCUMENT
0000950103-06-002528,2006-11-03,,2006-11-03T11:40:13.000Z,,SC TO-C,,,,SC TO-C,5451074,0,0,,dp03938_sctoc.htm,
0001379409-06-000002,2006-11-03,2006-11-01,2006-11-03T23:20:33.000Z,,4,,,,4,47596,0,0,,xslF345X02/primary_doc.xml,PRIMARY DOCUMENT
0000950103-06-002539,2006-11-06,,2006-11-04T01:15:39.000Z,,SC TO-C,,,,SC TO-C,45524,0,0,,dp03953_sctoc.htm,
0001379409-06-000003,2006-11-06,2006-11-02,2006-11-06T19:20:22.000Z,,4,,,,4,51569,0,0,,xslF345X02/primary_doc.xml,PRIMARY DOCUMENT
0001379409-06-000004,2006-11-06,2006-11-02,2006-11-06T19:49:27.000Z,,4,,,,4,13635,0,0,,xslF345X02/primary_doc.xml,PRIMARY DOCUMENT
0001379409-06-000005,2006-11-07,2006-11-03,2006-11-08T00:19:40.000Z,,4,,,,4,51545,0,0,,xslF345X02/primary_doc.xml,PRIMARY DOCUMENT
0001379409-06-000006,2006-11-07,2006-11-03,2006-11-08T00:51:44.000Z,,4,,,,4,31816,0,0,,xslF345X02/primary_doc.xml,PRIMARY DOCUMENT
0001379409-06-000007,2006-11-08,2006-11-06,2006-11-08T19:23:20.000Z,,4,,,,4,51556,0,0,,xslF345X02/primary_doc.xml,PRIMARY DOCUMENT
0001379409-06-000008,2006-11-08,2006-11-06,2006-11-08T19:35:24.000Z,,4,,,,4,7567,0,0,,xslF345X02/primary_doc.xml,PRIMARY DOCUMENT
0001379409-06-000009,2006-11-09,2006-11-07,2006-11-09T19:40:36.000Z,,4,,,,4,46073,0,0,,xslF345X02/primary_doc.xml,PRIMARY DOCUMENT
0000950103-06-002572,2006-11-09,,2006-11-09T20:46:03.000Z,,SC TO-C,,,,SC TO-C,5722615,0,0,,dp03983_sctoc.htm,
0000950134-06-021098,2006-11-09,,2006-11-09T21:21:36.000Z,,SC 13D,,,,SC 13D,501126,0,0,,f25041sc13d.htm,SCHEDULE 13D
0001379409-06-000010,2006-11-09,2006-11-08,2006-11-09T23:45:20.000Z,,4,,,,4,51555,0,0,,xslF345X02/primary_doc.xml,PRIMARY DOCUMENT
0001379409-06-000011,2006-11-09,2006-11-08,2006-11-10T00:06:54.000Z,,4,,,,4,10599,0,0,,xslF345X02/primary_doc.xml,PRIMARY DOCUMENT
0000950134-06-021213,2006-11-13,,2006-11-13T11:29:42.000Z,,SC TO-T,,,,SC TO-T,587238,0,0,,f24661orsctovt.htm,SCHEDULE TO
0001379409-06-000012,2006-11-13,2006-11-09,2006-11-14T00:40:23.000Z,,4,,,,4,51554,0,0,,xslF345X02/primary_doc.xml,PRIMARY DOCUMENT
0001379409-06-000013,2006-11-13,2006-11-09,2006-11-14T01:01:52.000Z,,4,,,,4,25751,0,0,,xslF345X02/primary_doc.xml,PRIMARY DOCUMENT
0000950134-06-021587,2006-11-14,,2006-11-14T21:23:29.000Z,33,S-8,333-138694,061215501,,S-8,55955,0,0,,f24965sv8.htm,FORM S-8
0001379409-06-000014,2006-11-14,2006-11-13,2006-11-15T00:04:01.000Z,,4,,,,4,8957,0,0,,xslF345X02/primary_doc.xml,PRIMARY DOCUMENT
0000950103-06-002642,2006-11-20,,2006-11-20T22:26:36.000Z,,SC TO-T/A,,,,SC TO-T/A,2960500,0,0,,dp04029_sctota.htm,
0000950103-06-002738,2006-12-04,,2006-12-04T22:27:30.000Z,,SC TO-T/A,,,,SC TO-T/A,21554,0,0,,dp04177_sctota.htm,
0000950103-06-002748,2006-12-05,,2006-12-05T22:11:05.000Z,,SC TO-T/A,,,,SC TO-T/A,21215,0,0,,dp04191_sctota.htm,
0000950103-06-002790,2006-12-12,,2006-12-12T18:07:09.000Z,,SC TO-T/A,,,,SC TO-T/A,62335,0,0,,dp04232_sctota.htm,
0000950103-06-002792,2006-12-12,2006-12-12,2006-12-12T20:46:22.000Z,34,3,000-19817,061271583,,3,4935,0,0,,xslF345X02/dp04241_3ex.xml,
0000950103-06-002802,2006-12-14,,2006-12-14T21:27:52.000Z,,SC TO-T/A,,,,SC TO-T/A,20905,0,0,,dp04255_sctota.htm,
0000950103-06-002807,2006-12-14,2006-12-14,2006-12-15T01:05:48.000Z,34,4,000-19817,061278512,,4,5924,0,0,,xslF345X02/dp04258_4ex.xml,
0001193125-06-255311,2006-12-18,2006-12-18,2006-12-18T21:12:34.000Z,34,8-K,000-51788,061283550,"2.02,9.01",8-K,687309,0,0,,d8k.htm,FORM 8-K
0001193125-06-258170,2006-12-21,2006-11-30,2006-12-21T21:48:08.000Z,34,10-Q,000-51788,061293810,,10-Q,1167389,0,0,,d10q.htm,QUARTERLY REPORT ON FORM 10-Q
0001379409-07-000001,2007-01-05,2007-01-03,2007-01-05T18:39:58.000Z,,4,,,,4,22493,0,0,,xslF345X02/primary_doc.xml,PRIMARY DOCUMENT
0000950134-07-000327,2007-01-09,,2007-01-09T20:58:09.000Z,33,S-8,333-139875,07520651,,S-8,54540,0,0,,f26235sv8.htm,FORM S-8
0000950134-07-000414,2007-01-10,,2007-01-10T21:07:48.000Z,33,S-8,333-139901,07523379,,S-8,54112,0,0,,f26234sv8.htm,FORM S-8
0001335064-07-000001,2007-01-10,2007-01-08,2007-01-10T23:39:28.000Z,,4,,,,4,51548,0,0,,xslF345X02/primary_doc.xml,PRIMARY DOCUMENT
0001335064-07-000002,2007-01-10,2007-01-08,2007-01-10T23:54:23.000Z,,4,,,,4,18177,0,0,,xslF345X02/primary_doc.xml,PRIMARY DOCUMENT
0001335064-07-000003,2007-01-11,2007-01-09,2007-01-11T17:55:35.000Z,,4,,,,4,51559,0,0,,xslF345X02/primary_doc.xml,PRIMARY DOCUMENT
0001335064-07-000004,2007-01-11,2007-01-09,2007-01-11T18:01:46.000Z,,4,,,,4,6054,0,0,,xslF345X02/primary_doc.xml,PRIMARY DOCUMENT
0001379409-07-000002,2007-01-12,2007-01-10,2007-01-12T21:18:15.000Z,,4,,,,4,41532,0,0,,xslF345X02/primary_doc.xml,PRIMARY DOCUMENT
0001379409-07-000003,2007-01-12,2007-01-11,2007-01-12T21:42:36.000Z,,4,,,,4,9702,0,0,,xslF345X02/primary_doc.xml,PRIMARY DOCUMENT
0001379409-07-000004,2007-01-12,2007-01-11,2007-01-12T22:47:41.000Z,,4,,,,4,8816,0,0,,xslF345X02/primary_doc.xml,PRIMARY DOCUMENT
0001379409-07-000005,2007-01-16,2007-01-12,2007-01-17T00:23:24.000Z,,4,,,,4,9689,0,0,,xslF345X02/primary_doc.xml,PRIMARY DOCUMENT
0001379409-07-000006,2007-01-24,2007-01-23,2007-01-25T00:08:11.000Z,,4,,,,4,8831,0,0,,xslF345X02/primary_doc.xml,PRIMARY DOCUMENT
0001379409-07-000008,2007-01-25,2007-01-24,2007-01-25T22:57:37.000Z,,4,,,,4,8499,0,0,,xslF345X02/edgardoc.xml,PRIMARY DOCUMENT
0001379409-07-000010,2007-01-26,2007-01-25,2007-01-26T20:47:17.000Z,,4,,,,4,13245,0,0,,xslF345X02/edgardoc.xml,PRIMARY DOCUMENT
0001379409-07-000012,2007-01-29,2007-01-26,2007-01-30T00:29:19.000Z,,4,,,,4,15206,0,0,,xslF345X02/edgardoc.xml,PRIMARY DOCUMENT
0000017283-07-000395,2007-02-12,,2007-02-09T22:33:28.000Z,34,SC 13G/A,005-81502,07599356,,SC 13G/A,9181,0,0,,edgorcl.txt,SC 13G/A
0000950134-07-002879,2007-02-13,2007-02-10,2007-02-13T02:44:15.000Z,34,8-K,000-51788,07605614,"8.01,9.01",8-K,33372,0,0,,f27300e8vk.htm,FORM 8-K
0001193125-07-031812,2007-02-14,,2007-02-14T21:10:28.000Z,34,SC 13G/A,005-81502,07620446,,SC 13G/A,42408,0,0,,dsc13ga.htm,SCHEDULE 13G AMENDMENT NO. 16
0001193125-07-035068,2007-02-20,,2007-02-20T20:24:22.000Z,,CORRESP,,,,CORRESP,36008,0,0,,filename1.htm,
0000950103-07-000548,2007-03-01,,2007-03-01T22:48:16.000Z,,SC TO-C,,,,SC TO-C,8287110,0,0,,dp04883_sctoc.htm,
0000950103-07-000580,2007-03-06,,2007-03-06T22:14:48.000Z,,SC TO-C,,,,SC TO-C,421588,0,0,,dp04922_8k.htm,
0000950103-07-000579,2007-03-06,2007-02-28,2007-03-06T22:16:42.000Z,34,8-K,000-51788,07675648,"1.01,8.01,9.01",8-K,421040,0,0,,dp04922_8k.htm,
0000950103-07-000593,2007-03-07,,2007-03-07T22:23:53.000Z,,SC TO-C,,,,SC TO-C,10232350,0,0,,dp04951_sctoc.htm,
0000950134-07-005231,2007-03-09,,2007-03-09T11:02:42.000Z,,SC TO-T,,,,SC TO-T,609866,0,0,,f27921orsctovt.htm,SCHEDULE TO
0001193125-07-054334,2007-03-14,2007-03-12,2007-03-14T17:05:33.000Z,34,8-K,000-51788,07692926,5.02,8-K,14158,0,0,,d8k.htm,FORM 8-K
0001093287-07-000019,2007-03-19,2007-03-12,2007-03-19T21:06:20.000Z,,3,,,,3,6555,0,0,,xslF345X02/primary_doc.xml,PRIMARY DOCUMENT
0001193125-07-059351,2007-03-20,2007-03-20,2007-03-20T20:11:52.000Z,34,8-K,000-51788,07706550,"2.02,9.01",8-K,703640,0,0,,d8k.htm,FORM 8-K
0001193125-07-065645,2007-03-27,2007-02-28,2007-03-27T21:00:49.000Z,34,10-Q,000-51788,07721891,,10-Q,1182831,0,0,,d10q.htm,FORM 10-Q
0000950103-07-000788,2007-03-29,,2007-03-29T15:32:10.000Z,,SC TO-T/A,,,,SC TO-T/A,73524,0,0,,dp05188e_sctoa.htm,
0001379409-07-000013,2007-04-04,2007-04-02,2007-04-04T21:52:39.000Z,,4,,,,4,17960,0,0,,xslF345X02/primary_doc.xml,PRIMARY DOCUMENT
0001379409-07-000014,2007-04-04,2007-04-03,2007-04-04T22:18:47.000Z,,4,,,,4,8831,0,0,,xslF345X02/primary_doc.xml,PRIMARY DOCUMENT
0001379409-07-000015,2007-04-06,2007-04-05,2007-04-06T18:30:20.000Z,,4,,,,4,5875,0,0,,xslF345X02/primary_doc.xml,PRIMARY DOCUMENT
0000950103-07-000902,2007-04-12,,2007-04-12T01:47:23.000Z,,SC TO-T/A,,,,SC TO-T/A,60718,0,0,,dp05286e_sctoa.htm,
0001379409-07-000017,2007-04-13,2007-04-12,2007-04-13T16:54:10.000Z,,4,,,,4,5759,0,0,,xslF345X02/edgardoc.xml,PRIMARY DOCUMENT
0000950103-07-000919,2007-04-16,,2007-04-16T13:51:18.000Z,,SC TO-T/A,,,,SC TO-T/A,61272,0,0,,dp05304e_sctota.htm,
0001379409-07-000021,2007-04-16,2007-04-12,2007-04-16T22:07:58.000Z,,4,,,,4,4996,0,0,,xslF345X02/primary_doc.xml,PRIMARY DOCUMENT
0000950103-07-000933,2007-04-16,2007-04-13,2007-04-17T00:50:24.000Z,34,3,000-26934,07769378,,3,4673,0,0,,xslF345X02/dp05323_3ex.xml,
0001193125-07-082660,2007-04-17,2007-04-11,2007-04-17T18:22:58.000Z,34,8-K,000-51788,07770421,2.03,8-K,16199,0,0,,d8k.htm,FORM 8-K
0001379409-07-000022,2007-04-17,2007-04-16,2007-04-17T22:55:04.000Z,,4,,,,4,8780,0,0,,xslF345X02/primary_doc.xml,PRIMARY DOCUMENT
0000950103-07-000965,2007-04-19,,2007-04-19T12:52:12.000Z,,SC TO-T/A,,,,SC TO-T/A,56133,0,0,,dp05356_sctota4.htm,
0000950103-07-000969,2007-04-19,2007-04-18,2007-04-19T18:29:39.000Z,34,4,000-26934,07775849,,4,7398,0,0,,xslF345X02/dp05361_4ex.xml,
0000950134-07-008539,2007-04-19,,2007-04-19T19:50:10.000Z,33,S-8,333-142225,07776155,,S-8,54135,0,0,,f29326sv8.htm,FORM S-8
0001379409-07-000023,2007-04-19,2007-04-19,2007-04-19T23:27:06.000Z,,4,,,,4,11779,0,0,,xslF345X02/primary_doc.xml,PRIMARY DOCUMENT
0000950103-07-000999,2007-04-24,2007-04-19,2007-04-23T22:13:32.000Z,34,8-K,000-51788,07782622,2.01,8-K,28323,0,0,,dp05407e_8k.htm,
0001379409-07-000024,2007-04-24,2007-04-20,2007-04-24T20:53:51.000Z,,4,,,,4,8825,0,0,,xslF345X02/primary_doc.xml,PRIMARY DOCUMENT
0001379409-07-000026,2007-04-24,2007-04-20,2007-04-24T21:37:48.000Z,,4,,,,4,10229,0,0,,xslF345X02/primary_doc.xml,PRIMARY DOCUMENT
0001379409-07-000027,2007-04-27,2007-04-25,2007-04-27T22:24:08.000Z,,4,,,,4,12375,0,0,,xslF345X02/primary_doc.xml,PRIMARY DOCUMENT
0001193125-07-101469,2007-05-03,2007-04-30,2007-05-03T21:01:33.000Z,34,8-K,000-51788,07816308,2.04,8-K,14938,0,0,,d8k.htm,FORM 8-K
0000950134-07-010907,2007-05-09,,2007-05-09T21:02:21.000Z,33,S-8,333-142776,07833284,,S-8,56283,0,0,,f30103sv8.htm,FORM S-8
0001193125-07-109320,2007-05-10,,2007-05-10T12:55:57.000Z,33,S-3ASR,333-142796,07834996,,S-3ASR,595439,0,0,,ds3asr.htm,AUTOMATIC SHELF REGISTRATION ON FORM S-3
0001193125-07-109387,2007-05-10,,2007-05-10T13:29:18.000Z,33,424B2,333-142796,07835137,,424B2,558708,0,0,,d424b2.htm,FILED PURSUANT TO RULE 424(B)(2)
0001193125-07-110585,2007-05-11,,2007-05-10T23:01:50.000Z,34,FWP,333-142796,07839559,,FWP,10957,0,0,,dfwp.htm,FWP
0001193125-07-110937,2007-05-11,,2007-05-11T10:18:52.000Z,33,424B2,333-142796,07840095,,424B2,560043,0,0,,d424b2.htm,FILED PURSUANT TO RULE 424 (B) (2)
0001193125-07-114396,2007-05-15,2007-05-10,2007-05-15T10:07:27.000Z,34,8-K,000-51788,07849232,"8.01,9.01",8-K,112774,0,0,,d8k.htm,FORM 8-K
0001341004-07-001626,2007-05-16,,2007-05-16T20:08:00.000Z,34,DEFA14A,000-51788,07857923,,DEFA14A,761612,0,0,,oracle_defa14a.htm,SCHEDULE 14A
0001379409-07-000028,2007-06-04,2007-05-31,2007-06-04T17:49:12.000Z,,4,,,,4,5744,0,0,,xslF345X02/primary_doc.xml,PRIMARY DOCUMENT
0001379409-07-000029,2007-06-04,2007-05-31,2007-06-04T18:10:22.000Z,,4,,,,4,5775,0,0,,xslF345X02/primary_doc.xml,PRIMARY DOCUMENT
0001379409-07-000030,2007-06-04,2007-05-31,2007-06-04T18:21:04.000Z,,4,,,,4,5869,0,0,,xslF345X02/primary_doc.xml,PRIMARY DOCUMENT
0001379409-07-000031,2007-06-04,2007-05-31,2007-06-04T18:33:00.000Z,,4,,,,4,5994,0,0,,xslF345X02/primary_doc.xml,PRIMARY DOCUMENT
0001379409-07-000032,2007-06-04,2007-05-31,2007-06-04T20:29:53.000Z,,4,,,,4,5815,0,0,,xslF345X02/primary_doc.xml,PRIMARY DOCUMENT
0001379409-07-000033,2007-06-04,2007-05-31,2007-06-04T20:41:11.000Z,,4,,,,4,5847,0,0,,xslF345X02/primary_doc.xml,PRIMARY DOCUMENT
0001379409-07-000034,2007-06-04,2007-05-31,2007-06-04T21:02:43.000Z,,4,,,,4,5654,0,0,,xslF345X02/primary_doc.xml,PRIMARY DOCUMENT
0001379409-07-000035,2007-06-19,2007-06-15,2007-06-19T21:28:14.000Z,,4,,,,4,12008,0,0,,xslF345X02/primary_doc.xml,PRIMARY DOCUMENT
0001193125-07-141728,2007-06-25,2006-12-31,2007-06-25T19:35:45.000Z,34,11-K,000-51788,07938798,,11-K,111960,0,0,,d11k.htm,FORM 11-K
0000891618-07-000384,2007-06-26,2007-06-26,2007-06-26T20:12:08.000Z,34,8-K,000-51788,07941322,"2.02,9.01",8-K,420989,0,0,,f31468e8vk.htm,FORM 8-K
0000950134-07-014478,2007-06-29,2007-05-31,2007-06-29T21:04:46.000Z,34,10-K,000-51788,07951800,,10-K,1899455,0,0,,f31530e10vk.htm,FORM 10-K
0001379409-07-000036,2007-07-02,2007-06-28,2007-07-02T20:59:46.000Z,,4,,,,4,12566,0,0,,xslF345X02/primary_doc.xml,PRIMARY DOCUMENT
0001379409-07-000037,2007-07-03,2006-09-30,2007-07-03T22:06:25.000Z,,4,,,,4,43786,0,0,,xslF345X02/primary_doc.xml,PRIMARY DOCUMENT
0001379409-07-000038,2007-07-03,2007-06-29,2007-07-03T22:19:38.000Z,,4,,,,4,9006,0,0,,xslF345X02/primary_doc.xml,PRIMARY DOCUMENT
0001379409-07-000039,2007-07-03,2007-07-02,2007-07-03T22:32:04.000Z,,4,,,,4,8826,0,0,,xslF345X02/primary_doc.xml,PRIMARY DOCUMENT
0001379409-07-000040,2007-07-05,2007-07-03,2007-07-05T22:30:28.000Z,,4,,,,4,9013,0,0,,xslF345X02/primary_doc.xml,PRIMARY DOCUMENT
0001379409-07-000041,2007-07-05,2007-07-03,2007-07-05T22:46:01.000Z,,4,,,,4,8782,0,0,,xslF345X02/primary_doc.xml,PRIMARY DOCUMENT
0001379409-07-000042,2007-07-05,2007-07-03,2007-07-05T23:25:24.000Z,,4,,,,4,13450,0,0,,xslF345X02/primary_doc.xml,PRIMARY DOCUMENT
0001197588-07-000001,2007-07-06,2007-07-05,2007-07-06T21:41:09.000Z,,4,,,,4,5788,0,0,,xslF345X02/primary_doc.xml,PRIMARY DOCUMENT
0001197588-07-000002,2007-07-06,2007-07-05,2007-07-06T21:48:35.000Z,,4,,,,4,5761,0,0,,xslF345X02/primary_doc.xml,PRIMARY DOCUMENT
0001197588-07-000003,2007-07-06,2007-07-05,2007-07-06T21:54:58.000Z,,4,,,,4,5792,0,0,,xslF345X02/primary_doc.xml,PRIMARY DOCUMENT
0001197588-07-000004,2007-07-06,2007-07-05,2007-07-06T22:03:42.000Z,,4,,,,4,5858,0,0,,xslF345X02/primary_doc.xml,PRIMARY DOCUMENT
0001197588-07-000005,2007-07-06,2007-07-05,2007-07-06T22:10:59.000Z,,4,,,,4,5846,0,0,,xslF345X02/primary_doc.xml,PRIMARY DOCUMENT
0001197588-07-000006,2007-07-06,2007-07-05,2007-07-06T22:25:17.000Z,,4,,,,4,5818,0,0,,xslF345X02/primary_doc.xml,PRIMARY DOCUMENT
0001197588-07-000007,2007-07-06,2007-07-05,2007-07-06T22:32:38.000Z,,4,,,,4,6022,0,0,,xslF345X02/primary_doc.xml,PRIMARY DOCUMENT
0001197588-07-000008,2007-07-06,2007-07-05,2007-07-06T22:38:50.000Z,,4,,,,4,5842,0,0,,xslF345X02/primary_doc.xml,PRIMARY DOCUMENT
0001197588-07-000009,2007-07-06,2007-07-05,2007-07-06T22:44:40.000Z,,4,,,,4,5843,0,0,,xslF345X02/primary_doc.xml,PRIMARY DOCUMENT
0001197588-07-000010,2007-07-06,2007-07-05,2007-07-06T22:52:24.000Z,,4,,,,4,5851,0,0,,xslF345X02/primary_doc.xml,PRIMARY DOCUMENT
0001379409-07-000043,2007-07-09,2007-07-05,2007-07-09T20:28:37.000Z,,4,,,,4,16852,0,0,,xslF345X02/primary_doc.xml,PRIMARY DOCUMENT
0001379409-07-000044,2007-07-10,2007-07-06,2007-07-10T22:24:37.000Z,,4,,,,4,5170,0,0,,xslF345X02/primary_doc.xml,PRIMARY DOCUMENT
0001335064-07-000006,2007-07-12,2007-07-05,2007-07-12T21:58:10.000Z,,4/A,,,,4/A,6036,0,0,,xslF345X02/primary_doc.xml,PRIMARY DOCUMENT
0001335064-07-000008,2007-07-20,2007-07-19,2007-07-20T16:43:41.000Z,,4,,,,4,8492,0,0,,xslF345X02/edgardoc.xml,PRIMARY DOCUMENT
0001335064-07-000010,2007-07-20,2007-07-19,2007-07-20T16:47:04.000Z,,4,,,,4,13956,0,0,,xslF345X02/edgardoc.xml,PRIMARY DOCUMENT
0001335064-07-000012,2007-07-23,2007-07-20,2007-07-23T15:46:42.000Z,,4,,,,4,8812,0,0,,xslF345X02/primary_doc.xml,PRIMARY DOCUMENT
0001335064-07-000014,2007-07-24,2007-07-20,2007-07-24T14:41:16.000Z,,4/A,,,,4/A,5241,0,0,,xslF345X02/edgardoc.xml,PRIMARY DOCUMENT
0001335064-07-000016,2007-07-24,2007-07-23,2007-07-24T17:21:59.000Z,,4,,,,4,11459,0,0,,xslF345X02/edgardoc.xml,PRIMARY DOCUMENT
0001335064-07-000020,2007-07-24,2007-07-24,2007-07-24T21:55:48.000Z,,4,,,,4,21444,0,0,,xslF345X02/edgardoc.xml,PRIMARY DOCUMENT
0001144204-07-040486,2007-08-06,,2007-08-06T21:10:36.000Z,33,S-8,333-145162,071028653,,S-8,400090,0,0,,v083067_s-8.htm,
0000891618-07-000550,2007-09-14,2007-11-02,2007-09-14T20:41:01.000Z,34,DEF 14A,000-51788,071118112,,DEF 14A,841234,0,0,,f33081def14a.htm,DEFINITIVE PROXY STATEMENT
0000891618-07-000562,2007-09-20,2007-09-20,2007-09-20T20:54:44.000Z,34,8-K,000-51788,071127465,"2.02,9.01",8-K,357179,0,0,,f33899e8vk.htm,FORM 8-K
0001197588-07-000011,2007-09-24,2007-09-21,2007-09-24T21:31:03.000Z,,4,,,,4,9016,0,0,,xslF345X02/primary_doc.xml,PRIMARY DOCUMENT
0001093287-07-000051,2007-09-25,2007-09-21,2007-09-25T19:03:49.000Z,,4,,,,4,45831,0,0,,xslF345X02/edgardoc.xml,PRIMARY DOCUMENT
0001093287-07-000052,2007-09-25,2007-09-21,2007-09-25T19:04:27.000Z,,4,,,,4,15715,0,0,,xslF345X02/edgardoc.xml,PRIMARY DOCUMENT
0000950134-07-020490,2007-09-26,2007-08-31,2007-09-26T18:22:48.000Z,34,10-Q,000-51788,071136285,,10-Q,905138,0,0,,f33605e10vq.htm,FORM 10-Q
0001197588-07-000012,2007-09-26,2007-09-25,2007-09-26T19:00:51.000Z,,4,,,,4,5954,0,0,,xslF345X02/primary_doc.xml,PRIMARY DOCUMENT
0001197588-07-000013,2007-09-26,2007-09-25,2007-09-26T20:16:41.000Z,,4,,,,4,29752,0,0,,xslF345X02/edgardoc.xml,PRIMARY DOCUMENT
0001197588-07-000014,2007-09-26,2007-09-25,2007-09-26T20:17:01.000Z,,4,,,,4,45837,0,0,,xslF345X02/edgardoc.xml,PRIMARY DOCUMENT
0001197588-07-000015,2007-09-26,2007-09-25,2007-09-26T21:46:42.000Z,,4,,,,4,10045,0,0,,xslF345X02/edgardoc.xml,PRIMARY DOCUMENT
0001197588-07-000016,2007-09-26,2007-09-25,2007-09-26T22:10:49.000Z,,4,,,,4,8495,0,0,,xslF345X02/edgardoc.xml,PRIMARY DOCUMENT
0001197588-07-000017,2007-09-26,2007-09-26,2007-09-26T22:31:17.000Z,,4,,,,4,5827,0,0,,xslF345X02/edgardoc.xml,PRIMARY DOCUMENT
0001335064-07-000022,2007-09-27,2007-09-26,2007-09-27T21:40:28.000Z,,4,,,,4,8493,0,0,,xslF345X02/edgardoc.xml,PRIMARY DOCUMENT
0001335064-07-000024,2007-09-27,2007-09-26,2007-09-27T21:42:26.000Z,,4,,,,4,13272,0,0,,xslF345X02/edgardoc.xml,PRIMARY DOCUMENT
0001335064-07-000026,2007-09-27,2007-09-26,2007-09-27T21:45:59.000Z,,4,,,,4,44742,0,0,,xslF345X02/edgardoc.xml,PRIMARY DOCUMENT
0001335064-07-000027,2007-09-27,2007-09-26,2007-09-27T21:46:13.000Z,,4,,,,4,17478,0,0,,xslF345X02/edgardoc.xml,PRIMARY DOCUMENT
0001197588-07-000018,2007-09-27,2007-09-27,2007-09-27T22:02:07.000Z,,4,,,,4,5830,0,0,,xslF345X02/edgardoc.xml,PRIMARY DOCUMENT
0001197588-07-000019,2007-09-28,2007-09-28,2007-09-28T20:58:38.000Z,,4,,,,4,5830,0,0,,xslF345X02/edgardoc.xml,PRIMARY DOCUMENT
0001197588-07-000020,2007-10-01,2007-10-01,2007-10-01T22:31:57.000Z,,4,,,,4,5830,0,0,,xslF345X02/edgardoc.xml,PRIMARY DOCUMENT
0001335064-07-000028,2007-10-02,2007-10-01,2007-10-02T16:39:11.000Z,,4,,,,4,12425,0,0,,xslF345X02/primary_doc.xml,PRIMARY DOCUMENT
0001335064-07-000030,2007-10-02,2007-10-01,2007-10-02T16:43:52.000Z,,4,,,,4,8499,0,0,,xslF345X02/edgardoc.xml,PRIMARY DOCUMENT
0001335064-07-000032,2007-10-02,2007-10-01,2007-10-02T22:23:14.000Z,,4,,,,4,32989,0,0,,xslF345X02/edgardoc.xml,PRIMARY DOCUMENT
0001197588-07-000021,2007-10-02,2007-10-02,2007-10-02T22:51:45.000Z,,4,,,,4,5829,0,0,,xslF345X02/edgardoc.xml,PRIMARY DOCUMENT
0001335064-07-000034,2007-10-03,2007-10-02,2007-10-03T16:18:41.000Z,,4,,,,4,14609,0,0,,xslF345X02/edgardoc.xml,PRIMARY DOCUMENT
0001197588-07-000022,2007-10-03,2007-10-03,2007-10-03T23:59:45.000Z,,4,,,,4,7341,0,0,,xslF345X02/edgardoc.xml,PRIMARY DOCUMENT
0001197588-07-000023,2007-10-04,2007-10-04,2007-10-04T22:21:36.000Z,,4,,,,4,5830,0,0,,xslF345X02/edgardoc.xml,PRIMARY DOCUMENT
0001335064-07-000036,2007-10-05,2007-10-05,2007-10-05T21:47:38.000Z,,4,,,,4,5831,0,0,,xslF345X02/edgardoc.xml,PRIMARY DOCUMENT
0001093287-07-000053,2007-10-09,2007-10-08,2007-10-09T20:50:18.000Z,,4,,,,4,5949,0,0,,xslF345X02/primary_doc.xml,PRIMARY DOCUMENT
0001093287-07-000054,2007-10-09,2007-10-05,2007-10-09T20:53:03.000Z,,4,,,,4,8498,0,0,,xslF345X02/edgardoc.xml,PRIMARY DOCUMENT
0001093287-07-000055,2007-10-10,2007-10-08,2007-10-10T23:02:48.000Z,,4,,,,4,15541,0,0,,xslF345X02/primary_doc.xml,PRIMARY DOCUMENT
0001093287-07-000056,2007-10-10,2007-10-08,2007-10-10T23:15:13.000Z,,4,,,,4,8823,0,0,,xslF345X02/primary_doc.xml,PRIMARY DOCUMENT
0001093287-07-000057,2007-10-10,2007-10-08,2007-10-10T23:45:41.000Z,,4/A,,,,4/A,8125,0,0,,xslF345X02/primary_doc.xml,PRIMARY DOCUMENT
0001093287-07-000058,2007-10-11,2007-10-09,2007-10-11T16:50:25.000Z,,4,,,,4,5949,0,0,,xslF345X02/primary_doc.xml,PRIMARY DOCUMENT
0001093287-07-000059,2007-10-11,2007-10-10,2007-10-11T16:58:35.000Z,,4,,,,4,5949,0,0,,xslF345X02/primary_doc.xml,PRIMARY DOCUMENT
0001093287-07-000060,2007-10-12,2007-10-11,2007-10-12T18:21:19.000Z,,4,,,,4,5950,0,0,,xslF345X02/primary_doc.xml,PRIMARY DOCUMENT
0001093287-07-000061,2007-10-12,2007-10-11,2007-10-12T18:46:04.000Z,,4,,,,4,17076,0,0,,xslF345X02/edgardoc.xml,PRIMARY DOCUMENT
0001335064-07-000038,2007-10-15,2007-10-12,2007-10-15T16:12:38.000Z,,4,,,,4,5829,0,0,,xslF345X02/edgardoc.xml,PRIMARY DOCUMENT
0001335064-07-000040,2007-10-15,2007-10-15,2007-10-15T21:05:19.000Z,,4,,,,4,5829,0,0,,xslF345X02/edgardoc.xml,PRIMARY DOCUMENT
0001335064-07-000042,2007-10-16,2007-10-16,2007-10-16T23:19:53.000Z,,4,,,,4,5832,0,0,,xslF345X02/edgardoc.xml,PRIMARY DOCUMENT
0001335064-07-000044,2007-10-17,2007-10-17,2007-10-17T21:42:26.000Z,,4,,,,4,5829,0,0,,xslF345X02/edgardoc.xml,PRIMARY DOCUMENT
0001335064-07-000046,2007-10-18,2007-10-18,2007-10-18T20:45:38.000Z,,4,,,,4,5828,0,0,,xslF345X02/edgardoc.xml,PRIMARY DOCUMENT
0001335064-07-000048,2007-10-19,2007-10-19,2007-10-19T21:16:36.000Z,,4,,,,4,5829,0,0,,xslF345X02/edgardoc.xml,PRIMARY DOCUMENT
0001335064-07-000050,2007-10-22,2007-10-22,2007-10-22T22:33:43.000Z,,4,,,,4,5829,0,0,,xslF345X02/edgardoc.xml,PRIMARY DOCUMENT
0001335064-07-000052,2007-10-22,2007-10-16,2007-10-22T23:26:58.000Z,,3,,,,3,16478,0,0,,xslF345X02/primary_doc.xml,PRIMARY DOCUMENT
0001335064-07-000054,2007-10-22,2007-10-19,2007-10-22T23:56:35.000Z,,4,,,,4,5699,0,0,,xslF345X02/edgardoc.xml,PRIMARY DOCUMENT
0001335064-07-000056,2007-10-23,2007-10-22,2007-10-23T17:01:15.000Z,,4,,,,4,26883,0,0,,xslF345X02/edgardoc.xml,PRIMARY DOCUMENT
0001335064-07-000058,2007-10-23,2007-10-23,2007-10-23T20:37:19.000Z,,4,,,,4,5829,0,0,,xslF345X02/edgardoc.xml,PRIMARY DOCUMENT
0001335064-07-000060,2007-10-23,2007-10-23,2007-10-23T21:03:52.000Z,,4,,,,4,30979,0,0,,xslF345X02/edgardoc.xml,PRIMARY DOCUMENT
0001197588-07-000025,2007-10-24,2007-10-24,2007-10-24T20:53:08.000Z,,4,,,,4,5831,0,0,,xslF345X02/edgardoc.xml,PRIMARY DOCUMENT
0001197588-07-000026,2007-10-25,2007-10-25,2007-10-25T22:51:50.000Z,,4,,,,4,5831,0,0,,xslF345X02/edgardoc.xml,PRIMARY DOCUMENT
0001197588-07-000027,2007-10-26,2007-10-26,2007-10-26T20:26:16.000Z,,4,,,,4,5831,0,0,,xslF345X02/edgardoc.xml,PRIMARY DOCUMENT
0001335064-07-000062,2007-10-29,2007-10-29,2007-10-29T20:34:53.000Z,,4,,,,4,5827,0,0,,xslF345X02/edgardoc.xml,PRIMARY DOCUMENT
0001335064-07-000064,2007-10-30,2007-10-30,2007-10-30T21:05:23.000Z,,4,,,,4,5831,0,0,,xslF345X02/edgardoc.xml,PRIMARY DOCUMENT
0001335064-07-000066,2007-10-31,2007-10-31,2007-10-31T20:53:45.000Z,,4,,,,4,5829,0,0,,xslF345X02/edgardoc.xml,PRIMARY DOCUMENT
0001335064-07-000068,2007-11-01,2007-11-01,2007-11-01T20:28:58.000Z,,4,,,,4,5829,0,0,,xslF345X02/edgardoc.xml,PRIMARY DOCUMENT
0001335064-07-000070,2007-11-02,2007-11-02,2007-11-02T20:51:49.000Z,,4,,,,4,5829,0,0,,xslF345X02/edgardoc.xml,PRIMARY DOCUMENT
0001335064-07-000072,2007-11-05,2007-11-05,2007-11-05T22:53:11.000Z,,4,,,,4,5829,0,0,,xslF345X02/edgardoc.xml,PRIMARY DOCUMENT
0001335064-07-000074,2007-11-06,2007-11-06,2007-11-06T22:21:58.000Z,,4,,,,4,5829,0,0,,xslF345X02/edgardoc.xml,PRIMARY DOCUMENT
0001335064-07-000076,2007-11-07,2007-11-07,2007-11-07T21:34:51.000Z,,4,,,,4,5831,0,0,,xslF345X02/edgardoc.xml,PRIMARY DOCUMENT
0001335064-07-000078,2007-11-08,2007-11-08,2007-11-08T21:29:16.000Z,,4,,,,4,5831,0,0,,xslF345X02/edgardoc.xml,PRIMARY DOCUMENT
0001335064-07-000080,2007-11-09,2007-11-09,2007-11-09T21:44:21.000Z,,4,,,,4,5828,0,0,,xslF345X02/edgardoc.xml,PRIMARY DOCUMENT
0001335064-07-000082,2007-11-13,2007-11-12,2007-11-13T16:20:27.000Z,,4,,,,4,5831,0,0,,xslF345X02/edgardoc.xml,PRIMARY DOCUMENT
0001335064-07-000084,2007-11-13,2007-11-13,2007-11-13T21:52:08.000Z,,4,,,,4,5831,0,0,,xslF345X02/edgardoc.xml,PRIMARY DOCUMENT
0001335064-07-000086,2007-11-14,2007-11-14,2007-11-14T21:50:29.000Z,,4,,,,4,5829,0,0,,xslF345X02/edgardoc.xml,PRIMARY DOCUMENT
0000891618-07-000646,2007-11-14,,2007-11-14T22:14:44.000Z,33,S-8,333-147400,071246450,,S-8,187366,0,0,,f35737sv8.htm,FORM S-8
0001335064-07-000088,2007-11-15,2007-11-15,2007-11-15T21:26:49.000Z,,4,,,,4,5831,0,0,,xslF345X02/edgardoc.xml,PRIMARY DOCUMENT
0001335064-07-000090,2007-11-16,2007-11-16,2007-11-16T21:34:05.000Z,,4,,,,4,5831,0,0,,xslF345X02/edgardoc.xml,PRIMARY DOCUMENT
0001335064-07-000092,2007-11-19,2007-11-19,2007-11-19T21:26:56.000Z,,4,,,,4,5828,0,0,,xslF345X02/edgardoc.xml,PRIMARY DOCUMENT
0001335064-07-000094,2007-11-20,2007-11-20,2007-11-20T22:10:22.000Z,,4,,,,4,5829,0,0,,xslF345X02/edgardoc.xml,PRIMARY DOCUMENT
0001093287-07-000069,2007-11-21,2007-11-21,2007-11-21T22:38:33.000Z,,4,,,,4,5829,0,0,,xslF345X02/edgardoc.xml,PRIMARY DOCUMENT
0001335064-07-000096,2007-11-26,2007-11-23,2007-11-26T16:18:05.000Z,,4,,,,4,5829,0,0,,xslF345X02/edgardoc.xml,PRIMARY DOCUMENT
0001335064-07-000097,2007-11-26,2007-11-26,2007-11-26T22:44:23.000Z,,4,,,,4,9686,0,0,,xslF345X02/primary_doc.xml,PRIMARY DOCUMENT
0001335064-07-000098,2007-11-27,2007-11-27,2007-11-27T22:30:50.000Z,,4,,,,4,9685,0,0,,xslF345X02/primary_doc.xml,PRIMARY DOCUMENT
0001335064-07-000099,2007-11-28,2007-11-28,2007-11-28T23:05:49.000Z,,4,,,,4,9701,0,0,,xslF345X02/primary_doc.xml,PRIMARY DOCUMENT
0001335064-07-000100,2007-11-29,2007-11-29,2007-11-29T22:12:37.000Z,,4,,,,4,9686,0,0,,xslF345X02/primary_doc.xml,PRIMARY DOCUMENT
0001335064-07-000101,2007-11-30,2007-11-30,2007-11-30T22:02:28.000Z,,4,,,,4,9685,0,0,,xslF345X02/primary_doc.xml,PRIMARY DOCUMENT
0001335064-07-000102,2007-12-03,2007-12-03,2007-12-03T22:58:17.000Z,,4,,,,4,9677,0,0,,xslF345X02/primary_doc.xml,PRIMARY DOCUMENT
0001335064-07-000103,2007-12-04,2007-12-04,2007-12-04T22:01:03.000Z,,4,,,,4,9685,0,0,,xslF345X02/primary_doc.xml,PRIMARY DOCUMENT
0001335064-07-000104,2007-12-05,2007-12-05,2007-12-05T22:28:08.000Z,,4,,,,4,9684,0,0,,xslF345X02/primary_doc.xml,PRIMARY DOCUMENT
0001335064-07-000105,2007-12-06,2007-12-06,2007-12-06T23:29:48.000Z,,4,,,,4,9685,0,0,,xslF345X02/primary_doc.xml,PRIMARY DOCUMENT
0001335064-07-000106,2007-12-07,2007-12-07,2007-12-07T22:07:46.000Z,,4,,,,4,9685,0,0,,xslF345X02/primary_doc.xml,PRIMARY DOCUMENT
0001335064-07-000107,2007-12-10,2007-12-10,2007-12-10T22:23:09.000Z,,4,,,,4,9684,0,0,,xslF345X02/primary_doc.xml,PRIMARY DOCUMENT
0001335064-07-000108,2007-12-11,2007-12-11,2007-12-11T23:32:41.000Z,,4,,,,4,9685,0,0,,xslF345X02/primary_doc.xml,PRIMARY DOCUMENT
0001335064-07-000109,2007-12-12,2007-12-12,2007-12-12T22:03:46.000Z,,4,,,,4,9685,0,0,,xslF345X02/primary_doc.xml,PRIMARY DOCUMENT
0001335064-07-000110,2007-12-13,2007-12-13,2007-12-13T22:21:32.000Z,,4,,,,4,9685,0,0,,xslF345X02/primary_doc.xml,PRIMARY DOCUMENT
0001335064-07-000111,2007-12-14,2007-12-14,2007-12-14T22:00:50.000Z,,4,,,,4,9685,0,0,,xslF345X02/primary_doc.xml,PRIMARY DOCUMENT
0001335064-07-000112,2007-12-17,2007-12-17,2007-12-17T22:06:44.000Z,,4,,,,4,9685,0,0,,xslF345X02/primary_doc.xml,PRIMARY DOCUMENT
0001335064-07-000113,2007-12-18,2007-12-18,2007-12-18T22:23:54.000Z,,4,,,,4,9682,0,0,,xslF345X02/primary_doc.xml,PRIMARY DOCUMENT
0000950134-07-025751,2007-12-19,2007-12-19,2007-12-19T21:23:52.000Z,34,8-K,000-51788,071316591,"2.02,9.01",8-K,408426,0,0,,f36108e8vk.htm,FORM 8-K
0001335064-07-000114,2007-12-19,2007-12-19,2007-12-19T23:53:06.000Z,,4,,,,4,9682,0,0,,xslF345X02/primary_doc.xml,PRIMARY DOCUMENT
0001335064-07-000115,2007-12-20,2007-12-20,2007-12-20T22:18:53.000Z,,4,,,,4,9682,0,0,,xslF345X02/primary_doc.xml,PRIMARY DOCUMENT
0000891618-07-000697,2007-12-21,2007-11-30,2007-12-21T15:59:45.000Z,34,10-Q,000-51788,071321305,,10-Q,1101697,0,0,,f35957e10vq.htm,FORM 10-Q
0001093287-07-000076,2007-12-21,2007-12-21,2007-12-21T22:45:44.000Z,,4,,,,4,9700,0,0,,xslF345X02/primary_doc.xml,PRIMARY DOCUMENT
0001335064-07-000116,2007-12-26,2007-12-24,2007-12-26T22:40:58.000Z,,4,,,,4,9685,0,0,,xslF345X02/primary_doc.xml,PRIMARY DOCUMENT
0001335064-07-000117,2007-12-26,2007-12-26,2007-12-26T22:53:33.000Z,,4,,,,4,9685,0,0,,xslF345X02/primary_doc.xml,PRIMARY DOCUMENT
0001335064-07-000118,2007-12-26,2007-12-24,2007-12-27T00:20:35.000Z,,4,,,,4,19535,0,0,,xslF345X02/primary_doc.xml,PRIMARY DOCUMENT
0001335064-07-000120,2007-12-27,2007-12-24,2007-12-27T17:08:17.000Z,,4,,,,4,45947,0,0,,xslF345X02/edgardoc.xml,PRIMARY DOCUMENT
0001335064-07-000121,2007-12-27,2007-12-24,2007-12-27T17:09:22.000Z,,4,,,,4,47104,0,0,,xslF345X02/edgardoc.xml,PRIMARY DOCUMENT
0001335064-07-000122,2007-12-27,2007-12-26,2007-12-27T21:40:31.000Z,,4,,,,4,8969,0,0,,xslF345X02/primary_doc.xml,PRIMARY DOCUMENT
0001335064-07-000123,2007-12-27,2007-12-27,2007-12-27T22:44:17.000Z,,4,,,,4,9684,0,0,,xslF345X02/primary_doc.xml,PRIMARY DOCUMENT
0001335064-07-000124,2007-12-27,2007-12-27,2007-12-27T23:10:16.000Z,,4,,,,4,8964,0,0,,xslF345X02/primary_doc.xml,PRIMARY DOCUMENT
0001335064-07-000125,2007-12-28,2007-12-24,2007-12-28T16:26:08.000Z,,4/A,,,,4/A,37079,0,0,,xslF345X02/primary_doc.xml,PRIMARY DOCUMENT
0001335064-07-000127,2007-12-28,2007-12-27,2007-12-28T18:53:38.000Z,,4,,,,4,24864,0,0,,xslF345X02/edgardoc.xml,PRIMARY DOCUMENT
0001335064-07-000128,2007-12-28,2007-12-28,2007-12-28T22:05:11.000Z,,4,,,,4,9684,0,0,,xslF345X02/primary_doc.xml,PRIMARY DOCUMENT
0001335064-07-000129,2007-12-31,2007-12-31,2007-12-31T22:36:20.000Z,,4,,,,4,9685,0,0,,xslF345X02/primary_doc.xml,PRIMARY DOCUMENT
0001335064-08-000001,2008-01-02,2008-01-02,2008-01-02T22:22:50.000Z,,4,,,,4,9681,0,0,,xslF345X02/primary_doc.xml,PRIMARY DOCUMENT
0001335064-08-000002,2008-01-03,2008-01-03,2008-01-03T22:43:48.000Z,,4,,,,4,9681,0,0,,xslF345X02/primary_doc.xml,PRIMARY DOCUMENT
0001335064-08-000003,2008-01-07,2008-01-04,2008-01-07T17:21:27.000Z,,4,,,,4,9684,0,0,,xslF345X02/primary_doc.xml,PRIMARY DOCUMENT
0001335064-08-000004,2008-01-07,2008-01-07,2008-01-07T22:22:22.000Z,,4,,,,4,9684,0,0,,xslF345X02/primary_doc.xml,PRIMARY DOCUMENT
0001335064-08-000005,2008-01-08,2008-01-08,2008-01-08T22:06:40.000Z,,4,,,,4,9683,0,0,,xslF345X02/primary_doc.xml,PRIMARY DOCUMENT
0001335064-08-000006,2008-01-09,2008-01-09,2008-01-09T22:14:03.000Z,,4,,,,4,9684,0,0,,xslF345X02/primary_doc.xml,PRIMARY DOCUMENT
0001335064-08-000007,2008-01-10,2008-01-10,2008-01-10T22:15:50.000Z,,4,,,,4,9684,0,0,,xslF345X02/primary_doc.xml,PRIMARY DOCUMENT
0001335064-08-000008,2008-01-14,2008-01-11,2008-01-14T15:59:59.000Z,,4,,,,4,9684,0,0,,xslF345X02/primary_doc.xml,PRIMARY DOCUMENT
0001335064-08-000010,2008-01-14,2008-01-11,2008-01-14T21:34:46.000Z,,4,,,,4,8502,0,0,,xslF345X02/edgardoc.xml,PRIMARY DOCUMENT
0001335064-08-000011,2008-01-14,2008-01-14,2008-01-14T22:48:21.000Z,,4,,,,4,9681,0,0,,xslF345X02/primary_doc.xml,PRIMARY DOCUMENT
0001335064-08-000012,2008-01-16,2008-01-15,2008-01-16T17:48:07.000Z,,4,,,,4,11301,0,0,,xslF345X02/primary_doc.xml,PRIMARY DOCUMENT
0001335064-08-000013,2008-01-16,2008-01-16,2008-01-16T23:00:04.000Z,,4,,,,4,9684,0,0,,xslF345X02/primary_doc.xml,PRIMARY DOCUMENT
0001197588-08-000002,2008-01-17,2008-01-17,2008-01-17T22:19:16.000Z,,4,,,,4,5829,0,0,,xslF345X02/edgardoc.xml,PRIMARY DOCUMENT
0001197588-08-000003,2008-01-17,2008-01-15,2008-01-18T00:20:22.000Z,,3,,,,3,6531,0,0,,xslF345X02/primary_doc.xml,PRIMARY DOCUMENT
0001197588-08-000004,2008-01-17,2007-01-15,2008-01-18T00:33:18.000Z,,4,,,,4,5847,0,0,,xslF345X02/primary_doc.xml,PRIMARY DOCUMENT
0001193125-08-008569,2008-01-18,,2008-01-18T16:12:15.000Z,34,DEFA14A,000-51788,08537841,,DEFA14A,99611,0,0,,d8k.htm,FORM 8-K
0001193125-08-008568,2008-01-18,2008-01-16,2008-01-18T16:14:11.000Z,34,8-K,000-51788,08537849,"1.01,8.01,9.01",8-K,99753,0,0,,d8k.htm,FORM 8-K
0001197588-08-000005,2008-01-18,2008-01-18,2008-01-19T00:48:56.000Z,,4,,,,4,5830,0,0,,xslF345X02/edgardoc.xml,PRIMARY DOCUMENT
0000891618-08-000036,2008-01-22,2008-01-15,2008-01-22T21:20:51.000Z,34,8-K,000-51788,08542104,5.02,8-K,13472,0,0,,f37271e8vk.htm,FFORM 8-K
0001335064-08-000015,2008-01-22,2008-01-22,2008-01-22T22:37:04.000Z,,4,,,,4,5829,0,0,,xslF345X02/edgardoc.xml,PRIMARY DOCUMENT
0001335064-08-000017,2008-01-23,2008-01-23,2008-01-23T22:31:19.000Z,,4,,,,4,5827,0,0,,xslF345X02/edgardoc.xml,PRIMARY DOCUMENT
0001335064-08-000019,2008-01-24,2008-01-24,2008-01-24T22:09:46.000Z,,4,,,,4,5830,0,0,,xslF345X02/edgardoc.xml,PRIMARY DOCUMENT
0001335064-08-000021,2008-01-25,2008-01-25,2008-01-25T22:38:51.000Z,,4,,,,4,5827,0,0,,xslF345X02/edgardoc.xml,PRIMARY DOCUMENT
0001193125-08-013519,2008-01-28,,2008-01-28T22:19:22.000Z,,SC 13D,,,,SC 13D,58319,0,0,,dsc13d.htm,SCHEDULE 13D
0001335064-08-000023,2008-01-28,2008-01-28,2008-01-28T22:52:23.000Z,,4,,,,4,5830,0,0,,xslF345X02/edgardoc.xml,PRIMARY DOCUMENT
0001335064-08-000026,2008-01-28,2008-01-25,2008-01-28T22:58:44.000Z,,4,,,,4,44497,0,0,,xslF345X02/edgardoc.xml,PRIMARY DOCUMENT
0001335064-08-000027,2008-01-28,2008-01-25,2008-01-28T23:02:45.000Z,,4,,,,4,9150,0,0,,xslF345X02/edgardoc.xml,PRIMARY DOCUMENT
0001335064-08-000029,2008-01-29,2008-01-29,2008-01-29T22:41:08.000Z,,4,,,,4,5829,0,0,,xslF345X02/edgardoc.xml,PRIMARY DOCUMENT
0001335064-08-000031,2008-01-30,2008-01-30,2008-01-30T23:00:46.000Z,,4,,,,4,5830,0,0,,xslF345X02/edgardoc.xml,PRIMARY DOCUMENT
0001335064-08-000033,2008-01-31,2008-01-31,2008-01-31T21:52:06.000Z,,4,,,,4,5826,0,0,,xslF345X02/edgardoc.xml,PRIMARY DOCUMENT
0001335064-08-000035,2008-02-01,2008-01-31,2008-02-01T18:11:01.000Z,,4,,,,4,8499,0,0,,xslF345X02/edgardoc.xml,PRIMARY DOCUMENT
0001335064-08-000037,2008-02-01,2008-01-31,2008-02-01T18:14:22.000Z,,4,,,,4,11887,0,0,,xslF345X02/edgardoc.xml,PRIMARY DOCUMENT
0001335064-08-000038,2008-02-01,2008-01-31,2008-02-01T20:14:53.000Z,,4,,,,4,52148,0,0,,xslF345X02/primary_doc.xml,PRIMARY DOCUMENT
0001335064-08-000039,2008-02-01,2008-01-31,2008-02-01T20:50:36.000Z,,4,,,,4,47686,0,0,,xslF345X02/primary_doc.xml,PRIMARY DOCUMENT
0001335064-08-000040,2008-02-01,2008-01-31,2008-02-01T21:09:35.000Z,,4,,,,4,31548,0,0,,xslF345X02/primary_doc.xml,PRIMARY DOCUMENT
0001335064-08-000042,2008-02-01,2008-02-01,2008-02-01T22:02:13.000Z,,4,,,,4,5827,0,0,,xslF345X02/edgardoc.xml,PRIMARY DOCUMENT
0001335064-08-000044,2008-02-04,2008-02-04,2008-02-04T22:08:47.000Z,,4,,,,4,5826,0,0,,xslF345X02/edgardoc.xml,PRIMARY DOCUMENT
0001335064-08-000046,2008-02-05,2008-02-01,2008-02-05T22:31:16.000Z,,4/A,,,,4/A,5373,0,0,,xslF345X02/edgardoc.xml,PRIMARY DOCUMENT
0001335064-08-000048,2008-02-05,2008-02-05,2008-02-05T22:33:40.000Z,,4,,,,4,5827,0,0,,xslF345X02/edgardoc.xml,PRIMARY DOCUMENT
0001335064-08-000050,2008-02-06,2008-02-06,2008-02-06T22:57:16.000Z,,4,,,,4,5830,0,0,,xslF345X02/edgardoc.xml,PRIMARY DOCUMENT
0001335064-08-000052,2008-02-07,2008-02-07,2008-02-07T23:02:12.000Z,,4,,,,4,5830,0,0,,xslF345X02/edgardoc.xml,PRIMARY DOCUMENT
0001335064-08-000054,2008-02-11,2008-02-08,2008-02-11T16:58:09.000Z,,4,,,,4,5830,0,0,,xslF345X02/edgardoc.xml,PRIMARY DOCUMENT
0001422848-08-000198,2008-02-11,,2008-02-11T20:19:56.000Z,34,SC 13G,005-81502,08593138,,SC 13G,9477,0,0,,edgorcl.txt,SC 13G
0001335064-08-000056,2008-02-12,2008-02-11,2008-02-12T17:13:02.000Z,,4,,,,4,5827,0,0,,xslF345X02/edgardoc.xml,PRIMARY DOCUMENT
0001335064-08-000058,2008-02-13,2008-02-12,2008-02-13T16:16:32.000Z,,4,,,,4,5827,0,0,,xslF345X02/edgardoc.xml,PRIMARY DOCUMENT
0000017283-08-000275,2008-02-13,,2008-02-13T17:00:32.000Z,34,SC 13G/A,005-81502,08602367,,SC 13G/A,9717,0,0,,edgorcl.txt,SC 13G/A
0001335064-08-000060,2008-02-14,2008-02-13,2008-02-14T14:39:36.000Z,,4,,,,4,5827,0,0,,xslF345X02/edgardoc.xml,PRIMARY DOCUMENT
0001193125-08-031307,2008-02-14,,2008-02-14T20:38:48.000Z,34,SC 13G/A,005-81502,08614781,,SC 13G/A,34510,0,0,,dsc13ga.htm,AMENDMENT NO. 17 TO SCHEDULE 13G
0001335064-08-000062,2008-02-14,2008-02-14,2008-02-14T22:18:33.000Z,,4,,,,4,5827,0,0,,xslF345X02/edgardoc.xml,PRIMARY DOCUMENT
0001335064-08-000064,2008-02-19,2008-02-15,2008-02-19T19:47:18.000Z,,4,,,,4,5830,0,0,,xslF345X02/edgardoc.xml,PRIMARY DOCUMENT
0000000000-08-010229,2008-02-27,,2008-02-27T16:23:19.000Z,,UPLOAD,,,,LETTER,43359,0,0,,filename1.pdf,
0001193125-08-040490,2008-02-28,,2008-02-28T02:56:04.000Z,34,DEFA14A,000-51788,08648325,,DEFA14A,25567,0,0,,d8k.htm,FORM 8-K
0001193125-08-040489,2008-02-28,2008-02-27,2008-02-28T02:57:58.000Z,34,8-K,000-51788,08648326,"8.01,9.01",8-K,25647,0,0,,d8k.htm,FORM 8-K
0000950134-08-004381,2008-03-07,,2008-03-07T23:35:22.000Z,,CORRESP,,,,CORRESP,20092,0,0,,filename1.htm,
0001193125-08-054419,2008-03-13,,2008-03-12T23:12:26.000Z,34,DEFA14A,000-51788,08684666,,DEFA14A,411238,0,0,,d8k.htm,CURRENT REPORT ON FORM 8-K
0001193125-08-054418,2008-03-13,2008-03-10,2008-03-12T23:14:19.000Z,34,8-K,000-51788,08684667,"8.01,9.01",8-K,411318,0,0,,d8k.htm,CURRENT REPORT ON FORM 8-K
0001193125-08-062759,2008-03-21,2008-03-18,2008-03-21T19:20:30.000Z,34,8-K,000-51788,08705111,"1.01,2.03,8.01,9.01",8-K,315907,0,0,,d8k.htm,FORM 8-K
0000000000-08-015289,2008-03-24,,2008-03-24T20:12:15.000Z,,UPLOAD,,,,LETTER,19453,0,0,,filename1.pdf,
0000891618-08-000179,2008-03-26,2008-03-26,2008-03-26T20:36:02.000Z,34,8-K,000-51788,08712462,"2.02,9.01",8-K,363826,0,0,,f38203e8vk.htm,FORM 8-K
0001335064-08-000066,2008-04-01,2008-03-31,2008-04-01T16:27:18.000Z,,4,,,,4,46577,0,0,,xslF345X02/edgardoc.xml,PRIMARY DOCUMENT
0000891618-08-000197,2008-04-01,2008-02-29,2008-04-01T20:32:46.000Z,34,10-Q,000-51788,08729802,,10-Q,1132061,0,0,,f38202e10vq.htm,FORM 10-Q
0001335064-08-000068,2008-04-01,2008-03-31,2008-04-01T21:56:08.000Z,,4,,,,4,4919,0,0,,xslF345X02/edgardoc.xml,PRIMARY DOCUMENT
0001193125-08-072891,2008-04-02,,2008-04-02T12:37:47.000Z,33,424B2,333-142796,08731274,,424B2,525445,0,0,,d424b2.htm,PROSPECTUS SUPPLEMENT
0001193125-08-073714,2008-04-03,,2008-04-03T10:10:53.000Z,34,FWP,333-142796,08735736,,FWP,30903,0,0,,dfwp.htm,FREE WRITING PROSPECTUS
0001335064-08-000070,2008-04-03,2008-04-02,2008-04-03T17:16:09.000Z,,4,,,,4,16690,0,0,,xslF345X02/edgardoc.xml,PRIMARY DOCUMENT
0001193125-08-074269,2008-04-03,,2008-04-03T21:13:07.000Z,33,424B2,333-142796,08738312,,424B2,544444,0,0,,d424b2.htm,FILED PURSUANT TO RULE 424(B)(2)
0001193125-08-077170,2008-04-08,2008-04-02,2008-04-08T19:30:54.000Z,34,8-K,000-51788,08745276,"8.01,9.01",8-K,162300,0,0,,d8k.htm,FORM 8-K
0001335064-08-000072,2008-04-11,2008-04-09,2008-04-11T23:26:23.000Z,,4,,,,4,29628,0,0,,xslF345X02/edgardoc.xml,PRIMARY DOCUMENT
0001335064-08-000074,2008-04-16,2008-04-16,2008-04-16T21:45:08.000Z,,4,,,,4,11231,0,0,,xslF345X02/edgardoc.xml,PRIMARY DOCUMENT
0001335064-08-000076,2008-04-18,2008-04-17,2008-04-18T18:07:08.000Z,,4,,,,4,10032,0,0,,xslF345X02/edgardoc.xml,PRIMARY DOCUMENT
0001335064-08-000078,2008-04-21,2008-04-18,2008-04-21T21:30:35.000Z,,4,,,,4,8502,0,0,,xslF345X02/edgardoc.xml,PRIMARY DOCUMENT
0001335064-08-000080,2008-04-24,2008-04-23,2008-04-24T22:45:29.000Z,,4,,,,4,14633,0,0,,xslF345X02/edgardoc.xml,PRIMARY DOCUMENT
0001335064-08-000083,2008-04-25,2008-04-24,2008-04-25T22:53:21.000Z,,4,,,,4,8503,0,0,,xslF345X02/edgardoc.xml,PRIMARY DOCUMENT
0001335064-08-000084,2008-04-25,2008-04-24,2008-04-25T22:53:36.000Z,,4,,,,4,11880,0,0,,xslF345X02/edgardoc.xml,PRIMARY DOCUMENT
0001335064-08-000086,2008-04-28,2008-04-24,2008-04-28T15:02:41.000Z,,4,,,,4,9181,0,0,,xslF345X02/edgardoc.xml,PRIMARY DOCUMENT
0001193125-08-094248,2008-04-29,2008-04-29,2008-04-29T14:46:59.000Z,34,8-K,000-51788,08783518,"2.01,8.01,9.01",8-K,21927,0,0,,d8k.htm,CURRENT REPORT ON FORM 8-K
0000950134-08-008945,2008-05-08,2007-12-31,2008-05-08T21:08:25.000Z,34,11-K,000-51788,08814924,,11-K,97564,0,0,,f40502e11vk.htm,FORM 11-K
0001193125-08-119254,2008-05-20,,2008-05-20T20:08:05.000Z,33,S-8,333-151045,08848816,,S-8,113796,0,0,,ds8.htm,FORM S-8
0001093287-08-000030,2008-06-03,2008-05-30,2008-06-03T23:33:03.000Z,,4,,,,4,5667,0,0,,xslF345X02/edgardoc.xml,PRIMARY DOCUMENT
0001093287-08-000032,2008-06-03,2008-05-30,2008-06-03T23:42:35.000Z,,4,,,,4,5886,0,0,,xslF345X02/edgardoc.xml,PRIMARY DOCUMENT
0001093287-08-000033,2008-06-03,2008-05-30,2008-06-03T23:43:03.000Z,,4,,,,4,5704,0,0,,xslF345X02/edgardoc.xml,PRIMARY DOCUMENT
0001093287-08-000034,2008-06-03,2008-05-30,2008-06-03T23:44:55.000Z,,4,,,,4,5722,0,0,,xslF345X02/edgardoc.xml,PRIMARY DOCUMENT
0001093287-08-000035,2008-06-03,2008-05-30,2008-06-03T23:45:12.000Z,,4,,,,4,5545,0,0,,xslF345X02/edgardoc.xml,PRIMARY DOCUMENT
0001093287-08-000036,2008-06-03,2008-05-30,2008-06-03T23:45:30.000Z,,4,,,,4,5628,0,0,,xslF345X02/edgardoc.xml,PRIMARY DOCUMENT
0001093287-08-000038,2008-06-04,2008-05-30,2008-06-04T16:01:41.000Z,,4,,,,4,5758,0,0,,xslF345X02/edgardoc.xml,PRIMARY DOCUMENT
0000950134-08-010725,2008-06-04,2008-04-29,2008-06-04T19:47:04.000Z,34,8-K/A,000-51788,08880534,9.01,8-K/A,213756,0,0,,f41286e8vkza.htm,AMENDMENT TO FORM 8-K
0001093287-08-000039,2008-06-09,2008-05-31,2008-06-09T21:39:10.000Z,,4/A,,,,4/A,5985,0,0,,xslF345X02/primary_doc.xml,PRIMARY DOCUMENT
0001093287-08-000040,2008-06-09,2008-05-31,2008-06-09T21:53:58.000Z,,4/A,,,,4/A,5983,0,0,,xslF345X02/primary_doc.xml,PRIMARY DOCUMENT
0001093287-08-000041,2008-06-09,2008-05-31,2008-06-09T22:06:34.000Z,,4/A,,,,4/A,6113,0,0,,xslF345X02/primary_doc.xml,PRIMARY DOCUMENT
0001093287-08-000042,2008-06-09,2008-05-31,2008-06-09T22:15:05.000Z,,4/A,,,,4/A,6255,0,0,,xslF345X02/primary_doc.xml,PRIMARY DOCUMENT
0001093287-08-000043,2008-06-09,2008-05-31,2008-06-09T22:23:47.000Z,,4/A,,,,4/A,6040,0,0,,xslF345X02/primary_doc.xml,PRIMARY DOCUMENT
0001093287-08-000044,2008-06-09,2008-05-31,2008-06-09T22:44:38.000Z,,4/A,,,,4/A,6086,0,0,,xslF345X02/primary_doc.xml,PRIMARY DOCUMENT
0001093287-08-000045,2008-06-09,2008-05-31,2008-06-09T22:50:42.000Z,,4/A,,,,4/A,5871,0,0,,xslF345X02/primary_doc.xml,PRIMARY DOCUMENT
0000950134-08-011797,2008-06-25,2008-06-25,2008-06-25T20:14:16.000Z,34,8-K,000-51788,08916834,"2.02,9.01",8-K,392012,0,0,,f41481e8vk.htm,FORM 8-K
0000950134-08-012257,2008-07-02,2008-05-31,2008-07-02T10:01:47.000Z,34,10-K,000-51788,08931557,,10-K,1957677,0,0,,f41477e10vk.htm,FORM 10-K
0001197588-08-000008,2008-07-02,2008-06-30,2008-07-02T17:45:51.000Z,,4,,,,4,44769,0,0,,xslF345X03/edgardoc.xml,PRIMARY DOCUMENT
0001197588-08-000009,2008-07-02,2008-06-30,2008-07-02T17:46:13.000Z,,4,,,,4,38922,0,0,,xslF345X03/edgardoc.xml,PRIMARY DOCUMENT
0001197588-08-000010,2008-07-02,2008-03-31,2008-07-02T17:58:01.000Z,,4,,,,4,45345,0,0,,xslF345X03/edgardoc.xml,PRIMARY DOCUMENT
0001197588-08-000011,2008-07-02,2008-06-30,2008-07-02T17:58:23.000Z,,4,,,,4,45220,0,0,,xslF345X03/edgardoc.xml,PRIMARY DOCUMENT
0001197588-08-000012,2008-07-02,2008-06-30,2008-07-02T17:58:40.000Z,,4,,,,4,45229,0,0,,xslF345X03/edgardoc.xml,PRIMARY DOCUMENT
0001197588-08-000013,2008-07-02,2008-06-30,2008-07-02T17:58:54.000Z,,4,,,,4,46015,0,0,,xslF345X03/edgardoc.xml,PRIMARY DOCUMENT
0001197588-08-000015,2008-07-02,2008-07-02,2008-07-02T23:41:43.000Z,,4,,,,4,8500,0,0,,xslF345X03/edgardoc.xml,PRIMARY DOCUMENT
0001197588-08-000017,2008-07-08,2008-07-03,2008-07-08T22:44:25.000Z,,4,,,,4,5715,0,0,,xslF345X03/edgardoc.xml,PRIMARY DOCUMENT
0001197588-08-000018,2008-07-08,2008-07-03,2008-07-08T22:47:32.000Z,,4,,,,4,5702,0,0,,xslF345X03/edgardoc.xml,PRIMARY DOCUMENT
0001197588-08-000019,2008-07-08,2008-07-03,2008-07-08T22:47:54.000Z,,4,,,,4,5718,0,0,,xslF345X03/edgardoc.xml,PRIMARY DOCUMENT
0001197588-08-000020,2008-07-08,2008-07-03,2008-07-08T22:48:13.000Z,,4,,,,4,5724,0,0,,xslF345X03/edgardoc.xml,PRIMARY DOCUMENT
0001197588-08-000021,2008-07-08,2008-07-03,2008-07-08T22:48:31.000Z,,4,,,,4,5889,0,0,,xslF345X03/edgardoc.xml,PRIMARY DOCUMENT
0001197588-08-000022,2008-07-08,2008-07-03,2008-07-08T22:48:48.000Z,,4,,,,4,5702,0,0,,xslF345X03/edgardoc.xml,PRIMARY DOCUMENT
0001197588-08-000023,2008-07-08,2008-07-03,2008-07-08T22:49:04.000Z,,4,,,,4,5721,0,0,,xslF345X03/edgardoc.xml,PRIMARY DOCUMENT
0001197588-08-000024,2008-07-08,2008-07-03,2008-07-08T22:49:20.000Z,,4,,,,4,5733,0,0,,xslF345X03/edgardoc.xml,PRIMARY DOCUMENT
0001197588-08-000025,2008-07-08,2008-07-03,2008-07-08T22:49:39.000Z,,4,,,,4,5701,0,0,,xslF345X03/edgardoc.xml,PRIMARY DOCUMENT
0001197588-08-000026,2008-07-08,2008-07-03,2008-07-08T22:50:00.000Z,,4,,,,4,5679,0,0,,xslF345X03/edgardoc.xml,PRIMARY DOCUMENT
0001197588-08-000027,2008-07-08,2008-07-03,2008-07-08T22:50:16.000Z,,4,,,,4,5715,0,0,,xslF345X03/edgardoc.xml,PRIMARY DOCUMENT
0001093287-08-000049,2008-07-11,2008-07-09,2008-07-11T19:16:10.000Z,,4,,,,4,8500,0,0,,xslF345X03/edgardoc.xml,PRIMARY DOCUMENT
0001093287-08-000050,2008-07-11,2008-07-10,2008-07-11T20:15:09.000Z,,4,,,,4,19364,0,0,,xslF345X03/edgardoc.xml,PRIMARY DOCUMENT
0001093287-08-000054,2008-07-15,2008-07-14,2008-07-15T23:03:54.000Z,,4,,,,4,21433,0,0,,xslF345X03/edgardoc.xml,PRIMARY DOCUMENT
0001093287-08-000055,2008-07-18,2008-07-16,2008-07-18T17:58:32.000Z,,4,,,,4,11898,0,0,,xslF345X03/edgardoc.xml,PRIMARY DOCUMENT
0001093287-08-000056,2008-07-18,2008-07-16,2008-07-18T17:59:14.000Z,,4,,,,4,26422,0,0,,xslF345X03/edgardoc.xml,PRIMARY DOCUMENT
0001197588-08-000030,2008-07-22,2008-07-13,2008-07-22T22:25:15.000Z,,3,,,,3,14396,0,0,,xslF345X02/edgardoc.xml,PRIMARY DOCUMENT
0001093287-08-000057,2008-07-23,2008-07-21,2008-07-23T15:28:13.000Z,,4,,,,4,9177,0,0,,xslF345X03/edgardoc.xml,PRIMARY DOCUMENT
0001093287-08-000058,2008-07-24,2008-07-22,2008-07-24T16:48:43.000Z,,4,,,,4,28906,0,0,,xslF345X03/edgardoc.xml,PRIMARY DOCUMENT
0001093287-08-000059,2008-07-24,2008-07-22,2008-07-24T16:49:16.000Z,,4,,,,4,14618,0,0,,xslF345X03/edgardoc.xml,PRIMARY DOCUMENT
0001197588-08-000032,2008-07-25,2008-07-24,2008-07-25T22:07:50.000Z,,3,,,,3,7457,0,0,,xslF345X02/edgardoc.xml,PRIMARY DOCUMENT
0001197588-08-000033,2008-07-25,2008-07-24,2008-07-25T22:13:09.000Z,,4,,,,4,5895,0,0,,xslF345X03/edgardoc.xml,PRIMARY DOCUMENT
0000891618-08-000373,2008-07-30,2008-07-24,2008-07-30T20:31:31.000Z,34,8-K,000-51788,08979313,5.02,8-K,12545,0,0,,f42560e8vk.htm,FORM 8-K
0000950134-08-013709,2008-07-31,2008-07-24,2008-07-31T00:30:37.000Z,34,8-K/A,000-51788,08980195,5.02,8-K/A,13284,0,0,,f42560a1e8vkza.htm,AMENDMENT TO FORM 8-K
0001093287-08-000061,2008-07-31,2008-07-29,2008-07-31T18:09:41.000Z,,4,,,,4,28965,0,0,,xslF345X03/edgardoc.xml,PRIMARY DOCUMENT
0001197588-08-000035,2008-08-11,2008-08-07,2008-08-11T19:42:34.000Z,,4,,,,4,8685,0,0,,xslF345X03/edgardoc.xml,PRIMARY DOCUMENT
0000950134-08-015523,2008-08-20,2008-10-10,2008-08-20T20:36:53.000Z,34,DEF 14A,000-51788,081030352,,DEF 14A,687730,0,0,,f42437def14a.htm,DEFINITIVE PROXY STATEMENT
0000950134-08-015576,2008-08-21,,2008-08-21T20:51:15.000Z,34,DEFA14A,000-51788,081032673,,DEFA14A,36400,0,0,,f42437nodefa14a.htm,DEFINITIVE ADDITIONAL MATERIALS
0000891618-08-000425,2008-08-27,2008-08-27,2008-08-27T21:06:40.000Z,34,8-K,000-51788,081042632,"5.02,9.01",8-K,40029,0,0,,f43327e8vk.htm,FORM 8-K
0001093287-08-000068,2008-09-16,2008-09-08,2008-09-16T16:14:33.000Z,,3,,,,3,7130,0,0,,xslF345X02/primary_doc.xml,PRIMARY DOCUMENT
0000950134-08-016828,2008-09-18,2008-09-18,2008-09-18T20:09:40.000Z,34,8-K,000-51788,081078547,"2.02,9.01",8-K,330991,0,0,,f43783e8vk.htm,FORM 8-K
0000950134-08-016926,2008-09-22,2008-08-31,2008-09-22T14:11:23.000Z,34,10-Q,000-51788,081081582,,10-Q,858161,0,0,,f43743e10vq.htm,FORM 10-Q
0000950134-08-017092,2008-09-24,,2008-09-24T21:03:25.000Z,33,S-8,333-153660,081086981,,S-8,65047,0,0,,f43918sv8.htm,FORM S-8
0001093287-08-000070,2008-09-25,2008-09-23,2008-09-25T21:44:17.000Z,,4,,,,4,45813,0,0,,xslF345X03/edgardoc.xml,PRIMARY DOCUMENT
0001093287-08-000071,2008-09-25,2008-09-23,2008-09-25T21:44:35.000Z,,4,,,,4,45859,0,0,,xslF345X03/edgardoc.xml,PRIMARY DOCUMENT
0001093287-08-000072,2008-09-25,2008-09-23,2008-09-25T21:44:48.000Z,,4,,,,4,45861,0,0,,xslF345X03/edgardoc.xml,PRIMARY DOCUMENT
0001093287-08-000073,2008-09-25,2008-09-23,2008-09-25T21:45:07.000Z,,4,,,,4,38164,0,0,,xslF345X03/edgardoc.xml,PRIMARY DOCUMENT
0001093287-08-000075,2008-10-01,2008-09-30,2008-10-01T23:41:10.000Z,,4,,,,4,22788,0,0,,xslF345X03/edgardoc.xml,PRIMARY DOCUMENT
0001093287-08-000076,2008-10-01,2008-09-30,2008-10-01T23:41:36.000Z,,4,,,,4,8497,0,0,,xslF345X03/edgardoc.xml,PRIMARY DOCUMENT
0001093287-08-000077,2008-10-07,2008-10-03,2008-10-07T16:36:56.000Z,,4,,,,4,14608,0,0,,xslF345X03/edgardoc.xml,PRIMARY DOCUMENT
0001093287-08-000078,2008-10-10,2008-10-08,2008-10-10T20:17:34.000Z,,4,,,,4,5700,0,0,,xslF345X03/edgardoc.xml,PRIMARY DOCUMENT
0000950134-08-018035,2008-10-16,2008-10-10,2008-10-16T10:01:21.000Z,34,8-K,000-51788,081126325,"5.02,9.01",8-K,27367,0,0,,f50115e8vk.htm,FORM 8-K
0000950134-08-018177,2008-10-20,2008-10-20,2008-10-20T21:00:55.000Z,34,8-K,000-51788,081131904,8.01,8-K,10017,0,0,,f50171e8vk.htm,FORM 8-K
0001197588-08-000040,2008-12-08,2008-12-01,2008-12-09T01:25:02.000Z,,3,,,,3,17450,0,0,,xslF345X02/edgardoc.xml,PRIMARY DOCUMENT
0001197588-08-000041,2008-12-08,2008-12-04,2008-12-09T01:27:57.000Z,,4,,,,4,5703,0,0,,xslF345X03/edgardoc.xml,PRIMARY DOCUMENT
0000891618-08-000508,2008-12-18,2008-12-18,2008-12-18T21:50:26.000Z,34,8-K,000-51788,081257782,"2.02,9.01",8-K,422333,0,0,,f50701e8vk.htm,FORM 8-K
0000950134-08-022578,2008-12-22,2008-11-30,2008-12-22T22:20:40.000Z,34,10-Q,000-51788,081264843,,10-Q,1092085,0,0,,f50703e10vq.htm,FORM 10-Q
0001093287-09-000001,2009-01-05,2009-01-02,2009-01-05T19:40:38.000Z,,4,,,,4,15423,0,0,,xslF345X03/edgardoc.xml,PRIMARY DOCUMENT
0001093287-09-000002,2009-01-05,2009-01-02,2009-01-05T19:41:26.000Z,,4,,,,4,35769,0,0,,xslF345X03/edgardoc.xml,PRIMARY DOCUMENT
0001093287-09-000008,2009-01-15,2009-01-14,2009-01-15T18:28:59.000Z,,4,,,,4,9050,0,0,,xslF345X03/edgardoc.xml,PRIMARY DOCUMENT
0001093287-09-000009,2009-01-20,2009-01-16,2009-01-20T23:55:19.000Z,,4,,,,4,29815,0,0,,xslF345X03/primary_doc.xml,PRIMARY DOCUMENT
0001193125-09-028886,2009-02-13,,2009-02-13T18:42:57.000Z,34,SC 13G/A,005-81502,09601258,,SC 13G/A,32715,0,0,,dsc13ga.htm,AMENDMENT NO. 18 TO SCHEDULE 13G
0001422848-09-000305,2009-02-17,,2009-02-13T23:28:19.000Z,34,SC 13G/A,005-81502,09606040,,SC 13G/A,9489,0,0,,edgorcl.txt,SC 13G/A
0000950134-09-004713,2009-03-06,,2009-03-06T21:54:34.000Z,33,S-8,333-157758,09663584,,S-8,136876,0,0,,f51627sv8.htm,FORM S-8
0000950134-09-005620,2009-03-18,2009-03-18,2009-03-18T20:17:17.000Z,34,8-K,000-51788,09691178,"2.02,8.01,9.01",8-K,245607,0,0,,f51801e8vk.htm,FORM 8-K
0000950134-09-005859,2009-03-23,2009-02-28,2009-03-23T19:29:36.000Z,34,10-Q,000-51788,09698734,,10-Q,1501899,0,0,,f51802e10vq.htm,FORM 10-Q
0001093287-09-000021,2009-03-25,2009-03-23,2009-03-25T16:35:03.000Z,,4,,,,4,8551,0,0,,xslF345X03/edgardoc.xml,PRIMARY DOCUMENT
0001093287-09-000022,2009-03-25,2009-03-23,2009-03-25T16:35:43.000Z,,4,,,,4,8587,0,0,,xslF345X03/edgardoc.xml,PRIMARY DOCUMENT
0001093287-09-000023,2009-03-30,2009-03-26,2009-03-30T18:02:06.000Z,,4,,,,4,8449,0,0,,xslF345X03/edgardoc.xml,PRIMARY DOCUMENT
0001093287-09-000026,2009-04-02,2009-04-01,2009-04-03T00:35:14.000Z,,4,,,,4,8502,0,0,,xslF345X03/edgardoc.xml,PRIMARY DOCUMENT
0001093287-09-000027,2009-04-02,2009-04-02,2009-04-03T00:35:37.000Z,,4,,,,4,13383,0,0,,xslF345X03/edgardoc.xml,PRIMARY DOCUMENT
0001197588-09-000001,2009-04-06,2008-09-30,2009-04-06T21:59:55.000Z,,4,,,,4,8144,0,0,,xslF345X03/primary_doc.xml,PRIMARY DOCUMENT
0001197588-09-000002,2009-04-06,2009-04-03,2009-04-06T22:21:18.000Z,,4,,,,4,7997,0,0,,xslF345X03/primary_doc.xml,PRIMARY DOCUMENT
0001093287-09-000028,2009-04-09,2009-04-06,2009-04-09T17:44:43.000Z,,4,,,,4,8357,0,0,,xslF345X03/edgardoc.xml,PRIMARY DOCUMENT
0001193125-09-083551,2009-04-21,,2009-04-21T20:50:38.000Z,34,DEFA14A,000-51788,09762021,,DEFA14A,298378,0,0,,d8k.htm,FORM 8-K
0001193125-09-083550,2009-04-21,2009-04-19,2009-04-21T20:52:33.000Z,34,8-K,000-51788,09762036,"1.01,8.01,9.01",8-K,298520,0,0,,d8k.htm,FORM 8-K
0001093287-09-000031,2009-04-27,2009-04-23,2009-04-27T16:17:29.000Z,,4,,,,4,8444,0,0,,xslF345X03/edgardoc.xml,PRIMARY DOCUMENT
0001093287-09-000032,2009-04-28,2009-04-24,2009-04-28T18:49:28.000Z,,4,,,,4,7284,0,0,,xslF345X03/primary_doc.xml,PRIMARY DOCUMENT
0001093287-09-000033,2009-04-28,2009-04-24,2009-04-28T18:50:09.000Z,,4,,,,4,21234,0,0,,xslF345X03/edgardoc.xml,PRIMARY DOCUMENT
0001093287-09-000034,2009-04-28,2009-04-24,2009-04-28T19:23:53.000Z,,4,,,,4,8786,0,0,,xslF345X03/primary_doc.xml,PRIMARY DOCUMENT
0001193125-09-103355,2009-05-07,,2009-05-07T20:11:17.000Z,34,DEFA14A,000-51788,09805625,,DEFA14A,29246,0,0,,d8k.htm,FORM 8-K
0001193125-09-103352,2009-05-07,2009-05-07,2009-05-07T20:13:12.000Z,34,8-K,000-51788,09805649,"8.01,9.01",8-K,29326,0,0,,d8k.htm,FORM 8-K
0000950134-09-009959,2009-05-08,2008-12-31,2009-05-07T21:52:49.000Z,34,11-K,000-51788,09807023,,11-K,109816,0,0,,f52339e11vk.htm,FORM 11-K
0001193125-09-105085,2009-05-08,,2009-05-08T18:04:14.000Z,34,DEFA14A,000-51788,09809427,,DEFA14A,11845,0,0,,d8k.htm,FORM 8-K
0001193125-09-105084,2009-05-08,2009-05-08,2009-05-08T18:06:10.000Z,34,8-K,000-51788,09809439,8.01,8-K,11872,0,0,,d8k.htm,FORM 8-K
0001127602-09-012656,2009-05-29,2008-09-30,2009-05-29T22:20:02.000Z,,4,,,,4,6403,0,0,,xslF345X03/form4.xml,PRIMARY DOCUMENT
0001127602-09-012736,2009-06-01,2009-05-31,2009-06-01T19:16:12.000Z,,4,,,,4,5440,0,0,,xslF345X03/form4.xml,PRIMARY DOCUMENT
0001127602-09-012737,2009-06-01,2009-05-31,2009-06-01T19:21:40.000Z,,4,,,,4,5404,0,0,,xslF345X03/form4.xml,PRIMARY DOCUMENT
0001127602-09-012738,2009-06-01,2009-05-31,2009-06-01T19:28:52.000Z,,4,,,,4,5450,0,0,,xslF345X03/form4.xml,PRIMARY DOCUMENT
0001127602-09-012741,2009-06-01,2009-05-31,2009-06-01T19:33:14.000Z,,4,,,,4,5581,0,0,,xslF345X03/form4.xml,PRIMARY DOCUMENT
0001127602-09-012742,2009-06-01,2009-05-31,2009-06-01T19:43:38.000Z,,4,,,,4,5437,0,0,,xslF345X03/form4.xml,PRIMARY DOCUMENT
0001127602-09-012746,2009-06-01,2009-05-04,2009-06-01T20:05:58.000Z,,4,,,,4,8399,0,0,,xslF345X03/form4.xml,PRIMARY DOCUMENT
0001127602-09-012748,2009-06-01,2009-05-31,2009-06-01T20:11:17.000Z,,4,,,,4,5576,0,0,,xslF345X03/form4.xml,PRIMARY DOCUMENT
0001127602-09-012749,2009-06-01,2009-05-31,2009-06-01T20:16:02.000Z,,4,,,,4,5454,0,0,,xslF345X03/form4.xml,PRIMARY DOCUMENT
0001127602-09-012751,2009-06-01,2009-05-31,2009-06-01T20:19:13.000Z,,4,,,,4,5410,0,0,,xslF345X03/form4.xml,PRIMARY DOCUMENT
0001127602-09-012760,2009-06-01,2009-03-31,2009-06-01T20:46:42.000Z,,4,,,,4,4978,0,0,,xslF345X03/form4.xml,PRIMARY DOCUMENT
0001127602-09-012763,2009-06-01,2009-03-31,2009-06-01T21:02:09.000Z,,4,,,,4,4974,0,0,,xslF345X03/form4.xml,PRIMARY DOCUMENT
0001193125-09-123726,2009-06-03,,2009-06-03T10:30:44.000Z,34,DEFA14A,000-51788,09869840,,DEFA14A,66087,0,0,,d8k.htm,FORM 8-K
0001193125-09-123725,2009-06-03,2009-06-02,2009-06-03T10:32:39.000Z,34,8-K,000-51788,09869843,"8.01,9.01",8-K,66167,0,0,,d8k.htm,FORM 8-K
0000950123-09-016332,2009-06-23,2009-06-23,2009-06-23T20:27:52.000Z,34,8-K,000-51788,09905661,"2.02,8.01,9.01",8-K,249028,0,0,,f52678e8vk.htm,FORM 8-K
0001193125-09-139837,2009-06-29,,2009-06-29T10:16:10.000Z,34,DEFA14A,000-51788,09914349,,DEFA14A,18144,0,0,,d8k.htm,FORM 8-K
0001193125-09-139836,2009-06-29,2009-06-26,2009-06-29T10:18:05.000Z,34,8-K,000-51788,09914350,8.01,8-K,18171,0,0,,d8k.htm,FORM 8-K
0000950123-09-018689,2009-06-29,2009-05-31,2009-06-29T21:05:21.000Z,34,10-K,000-51788,09916980,,10-K,2166365,0,0,,f52658e10vk.htm,FORM 10-K
0001193125-09-141208,2009-06-30,,2009-06-30T12:15:07.000Z,33,424B2,333-142796,09917895,,424B2,529209,0,0,,d424b2.htm,FILED PURSUANT TO RULE 424(B)(2)
0001193125-09-141827,2009-06-30,,2009-06-30T21:03:20.000Z,34,FWP,333-142796,09919805,,FWP,30786,0,0,,dfwp.htm,"ISSUER FREE WRITING PROSPECTUS DATED JUNE 30, 2009"
0001127602-09-014600,2009-06-30,2009-06-29,2009-06-30T21:59:13.000Z,,4,,,,4,12366,0,0,,xslF345X03/form4.xml,PRIMARY DOCUMENT
0001193125-09-142165,2009-07-01,,2009-07-01T10:08:35.000Z,33,424B2,333-142796,09920556,,424B2,543709,0,0,,d424b2.htm,FILED PURSUANT TO RULE 424(B)(2)
0001127602-09-015236,2009-07-06,2009-07-02,2009-07-06T21:01:58.000Z,,4,,,,4,5634,0,0,,xslF345X03/form4.xml,PRIMARY DOCUMENT
0001127602-09-015241,2009-07-06,2009-07-02,2009-07-06T21:07:04.000Z,,4,,,,4,5521,0,0,,xslF345X03/form4.xml,PRIMARY DOCUMENT
0001127602-09-015246,2009-07-06,2009-07-02,2009-07-06T21:14:43.000Z,,4,,,,4,5529,0,0,,xslF345X03/form4.xml,PRIMARY DOCUMENT
0001127602-09-015250,2009-07-06,2009-07-02,2009-07-06T21:20:39.000Z,,4,,,,4,5664,0,0,,xslF345X03/form4.xml,PRIMARY DOCUMENT
0001127602-09-015251,2009-07-06,2009-07-02,2009-07-06T21:23:11.000Z,,4,,,,4,5531,0,0,,xslF345X03/form4.xml,PRIMARY DOCUMENT
0001127602-09-015255,2009-07-06,2009-07-02,2009-07-06T21:26:06.000Z,,4,,,,4,5510,0,0,,xslF345X03/form4.xml,PRIMARY DOCUMENT
0001127602-09-015259,2009-07-06,2009-07-02,2009-07-06T21:29:25.000Z,,4,,,,4,5513,0,0,,xslF345X03/form4.xml,PRIMARY DOCUMENT
0001127602-09-015265,2009-07-06,2009-07-02,2009-07-06T21:33:04.000Z,,4,,,,4,5512,0,0,,xslF345X03/form4.xml,PRIMARY DOCUMENT
0001127602-09-015266,2009-07-06,2009-07-02,2009-07-06T21:38:24.000Z,,4,,,,4,5549,0,0,,xslF345X03/form4.xml,PRIMARY DOCUMENT
0001127602-09-015267,2009-07-06,2009-07-02,2009-07-06T21:40:49.000Z,,4,,,,4,5493,0,0,,xslF345X03/form4.xml,PRIMARY DOCUMENT
0001127602-09-015268,2009-07-06,2009-07-02,2009-07-06T21:44:28.000Z,,4,,,,4,5523,0,0,,xslF345X03/form4.xml,PRIMARY DOCUMENT
0001127602-09-015269,2009-07-06,2009-07-02,2009-07-06T21:48:39.000Z,,4,,,,4,5508,0,0,,xslF345X03/form4.xml,PRIMARY DOCUMENT
0001193125-09-145686,2009-07-08,2009-06-30,2009-07-08T17:06:56.000Z,34,8-K,000-51788,09934696,"8.01,9.01",8-K,164619,0,0,,d8k.htm,FORM 8-K
0001193125-09-148408,2009-07-14,,2009-07-14T12:19:37.000Z,34,DEFA14A,000-51788,09942892,,DEFA14A,17560,0,0,,d8k.htm,CURRENT REPORT ON FORM 8-K
0001193125-09-148407,2009-07-14,2009-07-14,2009-07-14T12:21:32.000Z,34,8-K,000-51788,09942894,8.01,8-K,17587,0,0,,d8k.htm,CURRENT REPORT ON FORM 8-K
0001127602-09-015649,2009-07-17,2009-07-16,2009-07-17T18:53:45.000Z,,4,,,,4,8431,0,0,,xslF345X03/form4.xml,PRIMARY DOCUMENT
0001127602-09-015886,2009-07-22,2009-07-21,2009-07-22T18:33:06.000Z,,4,,,,4,5737,0,0,,xslF345X03/form4.xml,PRIMARY DOCUMENT
0001127602-09-015890,2009-07-22,2009-07-21,2009-07-22T19:11:09.000Z,,4,,,,4,12975,0,0,,xslF345X03/form4.xml,PRIMARY DOCUMENT
0001127602-09-015948,2009-07-23,2009-07-14,2009-07-23T18:45:12.000Z,,3,,,,3,12012,0,0,,xslF345X02/form3.xml,PRIMARY DOCUMENT
0001127602-09-016140,2009-07-27,2009-07-24,2009-07-27T17:36:24.000Z,,4,,,,4,15719,0,0,,xslF345X03/form4.xml,PRIMARY DOCUMENT
0001127602-09-016144,2009-07-27,2009-07-23,2009-07-27T18:45:06.000Z,,4,,,,4,14439,0,0,,xslF345X03/form4.xml,PRIMARY DOCUMENT
0001127602-09-016292,2009-07-28,2009-07-24,2009-07-28T19:23:40.000Z,,4,,,,4,8407,0,0,,xslF345X03/form4.xml,PRIMARY DOCUMENT
0001127602-09-016370,2009-07-29,2009-07-27,2009-07-29T22:17:46.000Z,,4,,,,4,8891,0,0,,xslF345X03/form4.xml,PRIMARY DOCUMENT
0001127602-09-016375,2009-07-29,2009-07-29,2009-07-30T00:59:10.000Z,,4,,,,4,12355,0,0,,xslF345X03/form4.xml,PRIMARY DOCUMENT
0001127602-09-016409,2009-07-30,2009-07-24,2009-07-30T20:20:36.000Z,,4,,,,4,4981,0,0,,xslF345X03/form4.xml,PRIMARY DOCUMENT
0001127602-09-016437,2009-07-31,2009-07-30,2009-07-31T18:13:51.000Z,,4,,,,4,8548,0,0,,xslF345X03/form4.xml,PRIMARY DOCUMENT
0001127602-09-016458,2009-07-31,2009-07-30,2009-07-31T20:14:24.000Z,,4,,,,4,9043,0,0,,xslF345X03/form4.xml,PRIMARY DOCUMENT
0001127602-09-016473,2009-07-31,2009-07-30,2009-07-31T20:43:39.000Z,,4,,,,4,12353,0,0,,xslF345X03/form4.xml,PRIMARY DOCUMENT
0001127602-09-016703,2009-08-04,2009-07-31,2009-08-04T21:09:04.000Z,,4,,,,4,4788,0,0,,xslF345X03/form4.xml,PRIMARY DOCUMENT
0001127602-09-016707,2009-08-04,2009-07-31,2009-08-04T21:31:50.000Z,,4,,,,4,5260,0,0,,xslF345X03/form4.xml,PRIMARY DOCUMENT
0001127602-09-017312,2009-08-13,2009-07-14,2009-08-13T21:11:45.000Z,,3/A,,,,3/A,4694,0,0,,xslF345X02/form3a.xml,PRIMARY DOCUMENT
0001193125-09-179142,2009-08-21,2009-08-20,2009-08-20T22:12:14.000Z,34,8-K,000-51788,091027318,8.01,8-K,15278,0,0,,d8k.htm,FORM 8-K
0001193125-09-179868,2009-08-21,2009-10-07,2009-08-21T20:57:19.000Z,34,DEF 14A,000-51788,091029094,,DEF 14A,1165561,0,0,,ddef14a.htm,DEFINITIVE PROXY STATEMENT
0001193125-09-179871,2009-08-21,,2009-08-21T21:00:10.000Z,34,DEFA14A,000-51788,091029111,,DEFA14A,136176,0,0,,ddefa14a.htm,NOTICE AND ACCESS
0001193125-09-186804,2009-09-03,2009-09-03,2009-09-03T18:07:33.000Z,34,8-K,000-51788,091053234,"8.01,9.01",8-K,19820,0,0,,d8k.htm,FORM 8-K
0001193125-09-192836,2009-09-16,2009-09-16,2009-09-16T20:22:56.000Z,34,8-K,000-51788,091072309,"2.02,8.01,9.01",8-K,550600,0,0,,d8k.htm,CURRENT REPORT ON FORM 8-K
0001193125-09-195193,2009-09-21,2009-08-31,2009-09-21T20:59:46.000Z,34,10-Q,000-51788,091079298,,10-Q,3399805,1,0,,d10q.htm,FORM 10-Q
0001127602-09-019311,2009-09-22,2009-09-21,2009-09-22T22:14:32.000Z,,4,,,,4,8936,0,0,,xslF345X03/form4.xml,PRIMARY DOCUMENT
0001127602-09-019443,2009-09-24,2009-09-23,2009-09-24T19:38:02.000Z,,4,,,,4,8899,0,0,,xslF345X03/form4.xml,PRIMARY DOCUMENT
0001193125-09-205482,2009-10-08,2009-10-07,2009-10-08T17:51:17.000Z,34,8-K,000-51788,091111695,"5.02,9.01",8-K,29452,0,0,,d8k.htm,FORM 8-K
0001127602-09-020767,2009-10-16,2009-10-15,2009-10-16T18:40:44.000Z,,4,,,,4,9085,0,0,,xslF345X03/form4.xml,PRIMARY DOCUMENT
0001127602-09-020974,2009-10-21,2009-09-23,2009-10-21T17:09:46.000Z,,4/A,,,,4/A,9300,0,0,,xslF345X03/form4a.xml,PRIMARY DOCUMENT
0001127602-09-020976,2009-10-21,2009-09-21,2009-10-21T17:45:41.000Z,,4/A,,,,4/A,9337,0,0,,xslF345X03/form4a.xml,PRIMARY DOCUMENT
0001127602-09-021071,2009-10-26,2009-10-21,2009-10-26T20:40:50.000Z,,4,,,,4,8427,0,0,,xslF345X03/form4.xml,PRIMARY DOCUMENT
0001127602-09-021077,2009-10-26,2009-10-23,2009-10-26T21:07:14.000Z,,4,,,,4,9504,0,0,,xslF345X03/form4.xml,PRIMARY DOCUMENT
0001127602-09-021092,2009-10-26,2009-10-23,2009-10-26T21:21:00.000Z,,4,,,,4,4787,0,0,,xslF345X03/form4.xml,PRIMARY DOCUMENT
0001193125-09-229755,2009-11-10,2009-11-09,2009-11-10T01:03:27.000Z,34,8-K,000-51788,091169990,8.01,8-K,17872,0,0,,d8k.htm,FORM 8-K
0001193125-09-236494,2009-11-17,,2009-11-17T18:25:25.000Z,33,S-8,333-163147,091189854,,S-8,146308,0,0,,ds8.htm,FORM S-8
0001127602-09-022807,2009-11-17,2009-11-16,2009-11-18T00:38:07.000Z,,4,,,,4,9110,0,0,,xslF345X03/form4.xml,PRIMARY DOCUMENT
0001127602-09-025422,2009-12-16,2009-12-15,2009-12-16T22:28:13.000Z,,4,,,,4,9085,0,0,,xslF345X03/form4.xml,PRIMARY DOCUMENT
0001193125-09-254883,2009-12-17,2009-12-17,2009-12-17T21:07:59.000Z,34,8-K,000-51788,091247355,"2.02,8.01,9.01",8-K,725560,0,0,,d8k.htm,FORM 8-K
0001193125-09-257212,2009-12-22,2009-11-30,2009-12-21T22:56:40.000Z,34,10-Q,000-51788,091253213,,10-Q,3499783,1,0,,d10q.htm,FORM 10-Q
0001127602-09-026051,2009-12-23,2009-12-22,2009-12-23T21:28:24.000Z,,4,,,,4,8300,0,0,,xslF345X03/form4.xml,PRIMARY DOCUMENT
0001127602-09-026066,2009-12-23,2009-12-22,2009-12-23T22:49:48.000Z,,4,,,,4,37037,0,0,,xslF345X03/form4.xml,PRIMARY DOCUMENT
0001127602-09-026077,2009-12-23,2009-12-22,2009-12-23T23:32:17.000Z,,4,,,,4,13060,0,0,,xslF345X03/form4.xml,PRIMARY DOCUMENT
0001127602-09-026079,2009-12-23,2009-12-22,2009-12-24T00:00:02.000Z,,4,,,,4,8423,0,0,,xslF345X03/form4.xml,PRIMARY DOCUMENT
0001127602-09-026132,2009-12-28,2009-12-23,2009-12-28T17:09:02.000Z,,4,,,,4,11901,0,0,,xslF345X03/form4.xml,PRIMARY DOCUMENT
0001127602-09-026145,2009-12-28,2009-12-23,2009-12-28T19:05:15.000Z,,4,,,,4,9577,0,0,,xslF345X03/form4.xml,PRIMARY DOCUMENT
0001127602-09-026148,2009-12-28,2009-12-23,2009-12-28T19:36:45.000Z,,4,,,,4,15816,0,0,,xslF345X03/form4.xml,PRIMARY DOCUMENT
0001127602-09-026239,2009-12-29,2009-12-24,2009-12-29T17:28:04.000Z,,4,,,,4,9221,0,0,,xslF345X03/form4.xml,PRIMARY DOCUMENT
0001127602-09-026240,2009-12-29,2009-12-24,2009-12-29T17:38:40.000Z,,4,,,,4,9035,0,0,,xslF345X03/form4.xml,PRIMARY DOCUMENT
0001127602-09-026241,2009-12-29,2009-12-28,2009-12-29T17:44:42.000Z,,4,,,,4,4787,0,0,,xslF345X03/form4.xml,PRIMARY DOCUMENT
0001127602-09-026249,2009-12-29,2009-12-29,2009-12-29T20:19:15.000Z,,4,,,,4,5738,0,0,,xslF345X03/form4.xml,PRIMARY DOCUMENT
0001127602-09-026251,2009-12-29,2009-09-30,2009-12-29T21:10:37.000Z,,4,,,,4,4990,0,0,,xslF345X03/form4.xml,PRIMARY DOCUMENT
0001127602-09-026285,2009-12-30,2009-12-28,2009-12-30T16:13:18.000Z,,4,,,,4,4787,0,0,,xslF345X03/form4.xml,PRIMARY DOCUMENT
0001127602-09-026286,2009-12-30,2009-12-29,2009-12-30T16:19:00.000Z,,4,,,,4,4787,0,0,,xslF345X03/form4.xml,PRIMARY DOCUMENT
0001127602-10-000815,2010-01-06,2010-01-04,2010-01-06T17:52:09.000Z,,4,,,,4,8543,0,0,,xslF345X03/form4.xml,PRIMARY DOCUMENT
0001127602-10-000881,2010-01-06,2010-01-04,2010-01-06T19:48:54.000Z,,4,,,,4,29727,0,0,,xslF345X03/form4.xml,PRIMARY DOCUMENT
0001127602-10-000995,2010-01-06,2010-01-05,2010-01-06T23:01:02.000Z,,4,,,,4,4786,0,0,,xslF345X03/form4.xml,PRIMARY DOCUMENT
0001127602-10-001462,2010-01-12,2010-01-11,2010-01-12T23:04:14.000Z,,4,,,,4,12973,0,0,,xslF345X03/form4.xml,PRIMARY DOCUMENT
0001127602-10-001805,2010-01-19,2010-01-15,2010-01-20T00:00:28.000Z,,4,,,,4,9084,0,0,,xslF345X03/form4.xml,PRIMARY DOCUMENT
0001193125-10-009519,2010-01-21,2010-01-14,2010-01-21T17:42:53.000Z,34,8-K,000-51788,10538282,"2.03,8.01,9.01",8-K,32827,0,0,,d8k.htm,FORM 8-K
0001193125-10-015241,2010-01-28,2010-01-26,2010-01-28T17:45:18.000Z,34,8-K,000-51788,10552908,"2.01,8.01,9.01",8-K,24372,0,0,,d8k.htm,FORM 8-K
0001193125-10-023305,2010-02-05,,2010-02-05T20:42:57.000Z,33,S-8,333-164734,10577360,,S-8,400511,0,0,,ds8.htm,REGISTRATION STATEMENT ON FORM S-8
0001193125-10-023373,2010-02-05,,2010-02-05T21:31:09.000Z,34,SC 13G/A,005-81502,10577678,,SC 13G/A,51021,0,0,,dsc13ga.htm,AMENDMENT NO. 19 TO SCHEDULE 13G
0001422848-10-000073,2010-02-09,,2010-02-09T22:24:55.000Z,34,SC 13G,005-81502,10585347,,SC 13G,9361,0,0,,edgorcl.txt,SC 13G
0001127602-10-004608,2010-02-12,2010-02-02,2010-02-12T21:32:03.000Z,,3,,,,3,18441,0,0,,xslF345X02/form3.xml,PRIMARY DOCUMENT
0001193125-10-030711,2010-02-12,2010-02-09,2010-02-12T21:59:45.000Z,34,8-K,000-51788,10600621,5.02,8-K,12904,0,0,,d8k.htm,FORM 8-K
0001127602-10-004814,2010-02-16,2010-02-03,2010-02-16T19:00:15.000Z,,3,,,,3,24387,0,0,,xslF345X02/form3.xml,PRIMARY DOCUMENT
0001127602-10-005275,2010-02-18,2010-02-16,2010-02-18T18:58:25.000Z,,4,,,,4,9043,0,0,,xslF345X03/form4.xml,PRIMARY DOCUMENT
0001127602-10-007886,2010-03-08,2010-03-04,2010-03-08T20:37:19.000Z,,4,,,,4,5451,0,0,,xslF345X03/form4.xml,PRIMARY DOCUMENT
0001127602-10-007887,2010-03-08,2010-03-04,2010-03-08T20:49:37.000Z,,4,,,,4,5466,0,0,,xslF345X03/form4.xml,PRIMARY DOCUMENT
0001127602-10-008929,2010-03-17,2010-03-15,2010-03-17T16:53:06.000Z,,4,,,,4,9084,0,0,,xslF345X03/form4.xml,PRIMARY DOCUMENT
0000000000-10-014925,2010-03-17,,2010-03-17T20:21:13.000Z,,UPLOAD,,,,LETTER,46148,0,0,,filename1.pdf,
0001193125-10-067110,2010-03-25,2010-03-25,2010-03-25T20:15:08.000Z,34,8-K,000-51788,10704734,"2.02,8.01,9.01",8-K,901709,0,0,,d8k.htm,CURRENT REPORT ON FORM 8-K
0001127602-10-009624,2010-03-26,2010-03-25,2010-03-26T23:21:18.000Z,,4,,,,4,8547,0,0,,xslF345X03/form4.xml,PRIMARY DOCUMENT
0001193125-10-070192,2010-03-29,2010-02-28,2010-03-29T21:23:54.000Z,34,10-Q,000-51788,10711492,,10-Q,4455482,1,0,,d10q.htm,FORM 10-Q
0001127602-10-010040,2010-04-01,2010-03-30,2010-04-01T22:03:13.000Z,,4,,,,4,9008,0,0,,xslF345X03/form4.xml,PRIMARY DOCUMENT
0001127602-10-010194,2010-04-02,2010-04-01,2010-04-02T17:45:43.000Z,,4,,,,4,9215,0,0,,xslF345X03/form4.xml,PRIMARY DOCUMENT
0001127602-10-010243,2010-04-02,2009-07-13,2010-04-02T18:52:25.000Z,,4,,,,4,20515,0,0,,xslF345X03/form4.xml,PRIMARY DOCUMENT
0001127602-10-010755,2010-04-07,2010-04-05,2010-04-07T17:41:41.000Z,,4,,,,4,19477,0,0,,xslF345X03/form4.xml,PRIMARY DOCUMENT
0001193125-10-078540,2010-04-07,2010-01-26,2010-04-07T21:13:03.000Z,34,8-K/A,000-51788,10737653,9.01,8-K/A,1969829,0,0,,d8ka.htm,AMENDMENT NO. 1 TO FORM 8-K
0001127602-10-011013,2010-04-13,2010-04-12,2010-04-13T18:45:38.000Z,,4,,,,4,8425,0,0,,xslF345X03/form4.xml,PRIMARY DOCUMENT
0001127602-10-011088,2010-04-14,2010-04-13,2010-04-14T19:24:28.000Z,,4,,,,4,8764,0,0,,xslF345X03/form4.xml,PRIMARY DOCUMENT
0001193125-10-085840,2010-04-19,,2010-04-17T01:55:50.000Z,34,DEFA14A,000-51788,10755983,,DEFA14A,5350544,0,0,,ddefa14a.htm,SOLICTING MATERIAL PURSUANT TO SECTION 240.14A-12
0001127602-10-011344,2010-04-19,2010-04-15,2010-04-19T15:58:05.000Z,,4,,,,4,9084,0,0,,xslF345X03/form4.xml,PRIMARY DOCUMENT
0001193125-10-093169,2010-04-26,,2010-04-26T18:53:08.000Z,,SC 13D,,,,SC 13D,69795,0,0,,dsc13d.htm,SCHEDULE 13D
0001127602-10-012369,2010-04-28,2010-04-26,2010-04-28T23:03:19.000Z,,4,,,,4,9499,0,0,,xslF345X03/form4.xml,PRIMARY DOCUMENT
0001127602-10-013400,2010-05-06,2010-04-30,2010-05-07T01:18:52.000Z,,4,,,,4,9856,0,0,,xslF345X03/form4.xml,PRIMARY DOCUMENT
0001127602-10-013427,2010-05-07,2010-04-30,2010-05-07T17:41:03.000Z,,4/A,,,,4/A,10069,0,0,,xslF345X03/form4a.xml,PRIMARY DOCUMENT
0001127602-10-013429,2010-05-07,2010-05-05,2010-05-07T18:05:48.000Z,,4,,,,4,5157,0,0,,xslF345X03/form4.xml,PRIMARY DOCUMENT
0001193125-10-112896,2010-05-07,,2010-05-07T20:20:59.000Z,33,S-3ASR,333-166643,10812718,,S-3ASR,926686,0,0,,ds3asr.htm,FORM S-3ASR
0001193125-10-120713,2010-05-14,2010-05-12,2010-05-14T20:17:23.000Z,34,8-K,000-51788,10833833,2.03,8-K,15587,0,0,,d8k.htm,FORM 8-K
0001127602-10-014670,2010-05-18,2010-05-17,2010-05-18T18:32:21.000Z,,4,,,,4,9084,0,0,,xslF345X03/form4.xml,PRIMARY DOCUMENT
0001193125-10-126278,2010-05-21,2009-12-31,2010-05-21T20:27:13.000Z,34,11-K,000-51788,10851402,,11-K,175175,0,0,,d11k.htm,FORM 11-K
0001127602-10-016107,2010-06-02,2010-05-31,2010-06-02T22:04:54.000Z,,4,,,,4,5575,0,0,,xslF345X03/form4.xml,PRIMARY DOCUMENT
0001127602-10-016111,2010-06-02,2010-05-31,2010-06-02T22:07:10.000Z,,4,,,,4,5440,0,0,,xslF345X03/form4.xml,PRIMARY DOCUMENT
0001127602-10-016114,2010-06-02,2010-05-31,2010-06-02T22:08:33.000Z,,4,,,,4,5450,0,0,,xslF345X03/form4.xml,PRIMARY DOCUMENT
0001127602-10-016118,2010-06-02,2010-05-31,2010-06-02T22:10:07.000Z,,4,,,,4,5410,0,0,,xslF345X03/form4.xml,PRIMARY DOCUMENT
0001127602-10-016122,2010-06-02,2010-05-31,2010-06-02T22:12:26.000Z,,4,,,,4,5437,0,0,,xslF345X03/form4.xml,PRIMARY DOCUMENT
0001127602-10-016127,2010-06-02,2010-05-31,2010-06-02T22:14:08.000Z,,4,,,,4,5576,0,0,,xslF345X03/form4.xml,PRIMARY DOCUMENT
0001127602-10-016128,2010-06-02,2010-05-31,2010-06-02T22:16:32.000Z,,4,,,,4,5404,0,0,,xslF345X03/form4.xml,PRIMARY DOCUMENT
0001127602-10-016129,2010-06-02,2010-05-31,2010-06-02T22:19:54.000Z,,4,,,,4,5454,0,0,,xslF345X03/form4.xml,PRIMARY DOCUMENT
0001193125-10-133068,2010-06-04,2010-05-10,2010-06-04T20:54:00.000Z,34,8-K,000-51788,10879497,2.05,8-K,16428,0,0,,d8k.htm,FORM 8-K
0001193125-10-133874,2010-06-07,,2010-06-07T19:28:36.000Z,,CORRESP,,,,CORRESP,49012,0,0,,filename1.htm,
0000000000-10-033402,2010-06-15,,2010-06-15T17:26:24.000Z,,UPLOAD,,,,LETTER,9948,0,0,,filename1.pdf,
0001127602-10-017485,2010-06-17,2010-06-15,2010-06-17T23:48:18.000Z,,4,,,,4,9084,0,0,,xslF345X03/form4.xml,PRIMARY DOCUMENT
0001193125-10-146039,2010-06-24,2010-06-24,2010-06-24T20:35:43.000Z,34,8-K,000-51788,10915315,"2.02,8.01,9.01",8-K,928180,0,0,,d8k.htm,CURRENT REPORT ON FORM 8-K
0001127602-10-018106,2010-06-30,2010-06-29,2010-06-30T23:03:48.000Z,,4,,,,4,9021,0,0,,xslF345X03/form4.xml,PRIMARY DOCUMENT
0001127602-10-018107,2010-06-30,2010-06-29,2010-06-30T23:17:17.000Z,,4,,,,4,9222,0,0,,xslF345X03/form4.xml,PRIMARY DOCUMENT
0001193125-10-151896,2010-07-01,2010-05-31,2010-07-01T01:59:05.000Z,34,10-K,000-51788,10928674,,10-K,7323743,1,0,,d10k.htm,"FOR THE FISCAL YEAR ENDED MAY 31, 2010"
0001127602-10-018541,2010-07-02,2010-07-01,2010-07-02T18:41:05.000Z,,4,,,,4,5549,0,0,,xslF345X03/form4.xml,PRIMARY DOCUMENT
0001127602-10-018559,2010-07-02,2010-07-01,2010-07-02T19:13:46.000Z,,4,,,,4,7185,0,0,,xslF345X03/form4.xml,PRIMARY DOCUMENT
0001127602-10-018621,2010-07-02,2010-07-01,2010-07-02T20:27:22.000Z,,4,,,,4,5634,0,0,,xslF345X03/form4.xml,PRIMARY DOCUMENT
0001127602-10-018630,2010-07-02,2010-07-01,2010-07-02T20:38:50.000Z,,4,,,,4,7396,0,0,,xslF345X03/form4.xml,PRIMARY DOCUMENT
0001127602-10-018653,2010-07-02,2010-07-01,2010-07-02T20:53:31.000Z,,4,,,,4,7334,0,0,,xslF345X03/form4.xml,PRIMARY DOCUMENT
0001127602-10-018654,2010-07-02,2010-07-01,2010-07-02T21:00:17.000Z,,4,,,,4,7204,0,0,,xslF345X03/form4.xml,PRIMARY DOCUMENT
0001127602-10-018656,2010-07-02,2010-07-01,2010-07-02T21:14:25.000Z,,4,,,,4,5508,0,0,,xslF345X03/form4.xml,PRIMARY DOCUMENT
0001127602-10-018658,2010-07-02,2010-07-01,2010-07-02T21:16:39.000Z,,4,,,,4,5523,0,0,,xslF345X03/form4.xml,PRIMARY DOCUMENT
0001127602-10-018659,2010-07-02,2010-07-01,2010-07-02T21:19:23.000Z,,4,,,,4,5525,0,0,,xslF345X03/form4.xml,PRIMARY DOCUMENT
0001127602-10-018660,2010-07-02,2010-07-01,2010-07-02T21:21:37.000Z,,4,,,,4,5664,0,0,,xslF345X03/form4.xml,PRIMARY DOCUMENT
0001127602-10-018661,2010-07-02,2010-07-01,2010-07-02T21:23:56.000Z,,4,,,,4,5521,0,0,,xslF345X03/form4.xml,PRIMARY DOCUMENT
0001127602-10-018662,2010-07-02,2010-07-01,2010-07-02T21:26:00.000Z,,4,,,,4,5513,0,0,,xslF345X03/form4.xml,PRIMARY DOCUMENT
0001127602-10-018663,2010-07-02,2010-07-01,2010-07-02T21:28:21.000Z,,4,,,,4,5512,0,0,,xslF345X03/form4.xml,PRIMARY DOCUMENT
0001127602-10-019089,2010-07-12,2010-07-02,2010-07-12T22:23:09.000Z,,3,,,,3,12442,0,0,,xslF345X02/form3.xml,PRIMARY DOCUMENT
0001127602-10-019090,2010-07-12,2010-06-30,2010-07-12T23:06:37.000Z,,3,,,,3,6395,0,0,,xslF345X02/form3.xml,PRIMARY DOCUMENT
0001127602-10-019150,2010-07-13,2010-07-08,2010-07-13T23:38:27.000Z,,4,,,,4,4766,0,0,,xslF345X03/form4.xml,PRIMARY DOCUMENT
0001127602-10-019185,2010-07-14,2010-07-12,2010-07-14T22:19:09.000Z,,4,,,,4,5104,0,0,,xslF345X03/form4.xml,PRIMARY DOCUMENT
0001193125-10-159485,2010-07-15,2010-07-12,2010-07-15T20:20:00.000Z,34,8-K,000-51788,10954520,"8.01,9.01",8-K,22155,0,0,,d8k.htm,FORM 8-K
0001127602-10-019292,2010-07-16,2010-07-15,2010-07-16T20:18:33.000Z,,4,,,,4,19483,0,0,,xslF345X03/form4.xml,PRIMARY DOCUMENT
0001127602-10-019520,2010-07-20,2010-07-19,2010-07-20T20:29:14.000Z,,4,,,,4,9577,0,0,,xslF345X03/form4.xml,PRIMARY DOCUMENT
0001127602-10-019953,2010-07-28,2010-07-26,2010-07-28T18:30:12.000Z,,4,,,,4,9576,0,0,,xslF345X03/form4.xml,PRIMARY DOCUMENT
0001127602-10-020086,2010-07-29,2010-07-27,2010-07-29T22:34:37.000Z,,4,,,,4,5121,0,0,,xslF345X03/form4.xml,PRIMARY DOCUMENT
0001127602-10-020581,2010-08-03,2010-07-30,2010-08-03T23:01:54.000Z,,4,,,,4,5121,0,0,,xslF345X03/form4.xml,PRIMARY DOCUMENT
0001127602-10-020593,2010-08-03,2010-07-30,2010-08-03T23:37:23.000Z,,4,,,,4,5279,0,0,,xslF345X03/form4.xml,PRIMARY DOCUMENT
0001127602-10-020815,2010-08-06,2010-08-04,2010-08-06T17:01:26.000Z,,4,,,,4,5188,0,0,,xslF345X03/form4.xml,PRIMARY DOCUMENT
0001127602-10-020822,2010-08-06,2010-08-04,2010-08-06T17:56:24.000Z,,4,,,,4,5347,0,0,,xslF345X03/form4.xml,PRIMARY DOCUMENT
0001193125-10-199518,2010-08-27,,2010-08-27T20:14:37.000Z,33,S-8,333-169089,101044232,,S-8,189515,0,0,,ds8.htm,FORM S-8
0001193125-10-205711,2010-09-07,2010-10-06,2010-09-07T20:22:12.000Z,34,DEF 14A,000-51788,101060251,,DEF 14A,961849,0,0,,ddef14a.htm,DEFINITIVE PROXY STATEMENT
0001193125-10-205818,2010-09-08,2010-09-03,2010-09-07T21:44:21.000Z,34,8-K,000-51788,101060791,"5.02,9.01",8-K,69085,0,0,,d8k.htm,FORM 8-K
0001193125-10-205971,2010-09-08,,2010-09-08T01:56:30.000Z,34,DEFR14A,000-51788,101061047,,DEFR14A,962975,0,0,,ddefr14a.htm,REVISED DEFINITIVE PROXY STATEMENT
0001127602-10-022791,2010-09-09,2010-09-07,2010-09-09T21:26:57.000Z,,3,,,,3,7032,0,0,,xslF345X02/form3.xml,PRIMARY DOCUMENT
0001127602-10-022793,2010-09-09,2010-09-08,2010-09-09T21:28:06.000Z,,4,,,,4,5521,0,0,,xslF345X03/form4.xml,PRIMARY DOCUMENT
0001127602-10-022799,2010-09-09,2009-09-30,2010-09-09T22:55:59.000Z,,4,,,,4,4964,0,0,,xslF345X03/form4.xml,PRIMARY DOCUMENT
0001127602-10-023063,2010-09-14,2010-09-13,2010-09-14T21:11:00.000Z,,3,,,,3,7144,0,0,,xslF345X02/form3.xml,PRIMARY DOCUMENT
0001127602-10-023167,2010-09-15,2010-09-13,2010-09-15T22:03:46.000Z,,4,,,,4,4937,0,0,,xslF345X03/form4.xml,PRIMARY DOCUMENT
0001193125-10-211428,2010-09-16,2010-09-16,2010-09-16T20:14:10.000Z,34,8-K,000-51788,101076147,"2.02,8.01,9.01",8-K,649055,0,0,,d8k.htm,FORM 8-K
0001193125-10-213084,2010-09-20,2010-08-31,2010-09-20T20:13:29.000Z,34,10-Q,000-51788,101080649,,10-Q,1131909,0,0,,d10q.htm,FORM 10-Q
0001127602-10-023532,2010-09-20,2010-09-17,2010-09-20T23:47:06.000Z,,4,,,,4,9283,0,0,,xslF345X03/form4.xml,PRIMARY DOCUMENT
0001127602-10-023626,2010-09-21,2010-09-17,2010-09-21T22:27:52.000Z,,4,,,,4,5755,0,0,,xslF345X03/form4.xml,PRIMARY DOCUMENT
0001127602-10-023627,2010-09-21,2010-09-20,2010-09-21T22:38:47.000Z,,4,,,,4,5755,0,0,,xslF345X03/form4.xml,PRIMARY DOCUMENT
0001127602-10-023632,2010-09-21,2010-09-21,2010-09-21T23:00:57.000Z,,4,,,,4,9226,0,0,,xslF345X03/form4.xml,PRIMARY DOCUMENT
0001127602-10-023633,2010-09-21,2010-09-21,2010-09-21T23:16:36.000Z,,4,,,,4,12503,0,0,,xslF345X03/form4.xml,PRIMARY DOCUMENT
0001127602-10-023676,2010-09-22,2010-09-21,2010-09-22T22:24:30.000Z,,4,,,,4,5755,0,0,,xslF345X03/form4.xml,PRIMARY DOCUMENT
0001127602-10-023677,2010-09-22,2010-09-22,2010-09-22T22:29:04.000Z,,4,,,,4,5755,0,0,,xslF345X03/form4.xml,PRIMARY DOCUMENT
0001127602-10-023678,2010-09-22,2010-09-21,2010-09-22T22:45:14.000Z,,4,,,,4,9578,0,0,,xslF345X03/form4.xml,PRIMARY DOCUMENT
0001127602-10-023681,2010-09-22,2010-09-21,2010-09-22T23:03:33.000Z,,4,,,,4,8957,0,0,,xslF345X03/form4.xml,PRIMARY DOCUMENT
0001127602-10-023727,2010-09-23,2010-09-22,2010-09-23T20:45:39.000Z,,4,,,,4,13050,0,0,,xslF345X03/form4.xml,PRIMARY DOCUMENT
0001127602-10-023749,2010-09-24,2010-09-22,2010-09-24T17:14:00.000Z,,4,,,,4,19442,0,0,,xslF345X03/form4.xml,PRIMARY DOCUMENT
0001127602-10-023750,2010-09-24,2010-09-22,2010-09-24T17:25:39.000Z,,4,,,,4,8407,0,0,,xslF345X03/form4.xml,PRIMARY DOCUMENT
0001127602-10-023753,2010-09-24,2010-09-23,2010-09-24T17:36:34.000Z,,4,,,,4,5755,0,0,,xslF345X03/form4.xml,PRIMARY DOCUMENT
0001127602-10-023856,2010-09-27,2010-09-24,2010-09-27T21:25:17.000Z,,4,,,,4,5755,0,0,,xslF345X03/form4.xml,PRIMARY DOCUMENT
0001127602-10-023858,2010-09-27,2010-09-27,2010-09-27T21:34:23.000Z,,4,,,,4,5754,0,0,,xslF345X03/form4.xml,PRIMARY DOCUMENT
0001127602-10-023952,2010-09-28,2010-09-28,2010-09-28T23:09:59.000Z,,4,,,,4,5755,0,0,,xslF345X03/form4.xml,PRIMARY DOCUMENT
0001193125-10-219697,2010-09-29,2010-08-31,2010-09-29T20:14:26.000Z,34,10-Q/A,000-51788,101096728,,10-Q/A,7522888,1,0,,d10qa.htm,FORM 10-Q/A
0001127602-10-024042,2010-09-29,2010-09-29,2010-09-29T22:06:43.000Z,,4,,,,4,5755,0,0,,xslF345X03/form4.xml,PRIMARY DOCUMENT
0001127602-10-024295,2010-10-01,2010-09-30,2010-10-01T21:19:36.000Z,,4,,,,4,5755,0,0,,xslF345X03/form4.xml,PRIMARY DOCUMENT
0001127602-10-024694,2010-10-04,2010-10-01,2010-10-04T23:32:26.000Z,,4,,,,4,5755,0,0,,xslF345X03/form4.xml,PRIMARY DOCUMENT
0001127602-10-024695,2010-10-04,2010-10-04,2010-10-04T23:35:36.000Z,,4,,,,4,5755,0,0,,xslF345X03/form4.xml,PRIMARY DOCUMENT
0001127602-10-024925,2010-10-05,2010-10-05,2010-10-05T21:31:06.000Z,,4,,,,4,5755,0,0,,xslF345X03/form4.xml,PRIMARY DOCUMENT
0001127602-10-025118,2010-10-06,2010-10-06,2010-10-06T22:15:23.000Z,,4,,,,4,5755,0,0,,xslF345X03/form4.xml,PRIMARY DOCUMENT
0001127602-10-025155,2010-10-07,2010-10-05,2010-10-07T17:01:07.000Z,,4,,,,4,19303,0,0,,xslF345X03/form4.xml,PRIMARY DOCUMENT
0001127602-10-025156,2010-10-07,2010-10-06,2010-10-07T17:20:54.000Z,,4,,,,4,15830,0,0,,xslF345X03/form4.xml,PRIMARY DOCUMENT
0001127602-10-025157,2010-10-07,2010-10-06,2010-10-07T17:30:40.000Z,,4,,,,4,8428,0,0,,xslF345X03/form4.xml,PRIMARY DOCUMENT
0001127602-10-025216,2010-10-07,2010-10-07,2010-10-07T22:25:20.000Z,,4,,,,4,5755,0,0,,xslF345X03/form4.xml,PRIMARY DOCUMENT
0001127602-10-025217,2010-10-07,2010-10-07,2010-10-07T23:02:30.000Z,,4,,,,4,5456,0,0,,xslF345X03/form4.xml,PRIMARY DOCUMENT
0001127602-10-025330,2010-10-12,2010-10-08,2010-10-12T18:05:25.000Z,,4,,,,4,5755,0,0,,xslF345X03/form4.xml,PRIMARY DOCUMENT
0001127602-10-025371,2010-10-12,2010-10-11,2010-10-12T22:19:00.000Z,,4,,,,4,5755,0,0,,xslF345X03/form4.xml,PRIMARY DOCUMENT
0001127602-10-025374,2010-10-12,2010-10-12,2010-10-12T22:27:13.000Z,,4,,,,4,5754,0,0,,xslF345X03/form4.xml,PRIMARY DOCUMENT
0001193125-10-228727,2010-10-13,2010-10-06,2010-10-13T18:06:51.000Z,34,8-K,000-51788,101121433,"5.02,5.07,9.01",8-K,170951,0,0,,d8k.htm,FORM 8-K
0001127602-10-025482,2010-10-14,2010-10-13,2010-10-14T21:20:21.000Z,,4,,,,4,8548,0,0,,xslF345X03/form4.xml,PRIMARY DOCUMENT
0001127602-10-025493,2010-10-15,2010-10-13,2010-10-15T16:35:32.000Z,,4,,,,4,8558,0,0,,xslF345X03/form4.xml,PRIMARY DOCUMENT
0001127602-10-025494,2010-10-15,2010-10-13,2010-10-15T17:04:24.000Z,,4,,,,4,9278,0,0,,xslF345X03/form4.xml,PRIMARY DOCUMENT
0001127602-10-025495,2010-10-15,2010-10-13,2010-10-15T17:13:23.000Z,,4,,,,4,5755,0,0,,xslF345X03/form4.xml,PRIMARY DOCUMENT
0001127602-10-025496,2010-10-15,2010-10-07,2010-10-15T18:04:18.000Z,,4/A,,,,4/A,5339,0,0,,xslF345X03/form4a.xml,PRIMARY DOCUMENT
0001127602-10-025497,2010-10-15,2010-10-14,2010-10-15T18:11:39.000Z,,4,,,,4,5755,0,0,,xslF345X03/form4.xml,PRIMARY DOCUMENT
0001127602-10-025515,2010-10-15,2010-10-15,2010-10-15T21:59:52.000Z,,4,,,,4,5755,0,0,,xslF345X03/form4.xml,PRIMARY DOCUMENT
0001127602-10-025743,2010-10-19,2010-10-15,2010-10-19T21:45:37.000Z,,4,,,,4,12560,0,0,,xslF345X03/form4.xml,PRIMARY DOCUMENT
0001127602-10-025744,2010-10-19,2010-10-18,2010-10-19T21:56:24.000Z,,4,,,,4,5755,0,0,,xslF345X03/form4.xml,PRIMARY DOCUMENT
0001127602-10-025746,2010-10-19,2010-10-19,2010-10-19T22:01:01.000Z,,4,,,,4,5755,0,0,,xslF345X03/form4.xml,PRIMARY DOCUMENT
0001127602-10-025755,2010-10-19,2010-10-18,2010-10-19T22:52:18.000Z,,4,,,,4,10647,0,0,,xslF345X03/form4.xml,PRIMARY DOCUMENT
0001127602-10-025813,2010-10-20,2010-10-20,2010-10-20T23:18:27.000Z,,4,,,,4,5755,0,0,,xslF345X03/form4.xml,PRIMARY DOCUMENT
0001127602-10-025832,2010-10-21,2010-10-19,2010-10-21T21:53:02.000Z,,4,,,,4,19672,0,0,,xslF345X03/form4.xml,PRIMARY DOCUMENT
0001127602-10-025931,2010-10-25,2010-10-21,2010-10-25T18:38:23.000Z,,4,,,,4,5755,0,0,,xslF345X03/form4.xml,PRIMARY DOCUMENT
0001127602-10-025944,2010-10-25,2010-10-22,2010-10-25T22:06:02.000Z,,4,,,,4,5755,0,0,,xslF345X03/form4.xml,PRIMARY DOCUMENT
0001127602-10-025948,2010-10-25,2010-10-25,2010-10-25T22:10:14.000Z,,4,,,,4,5755,0,0,,xslF345X03/form4.xml,PRIMARY DOCUMENT
0001127602-10-025951,2010-10-25,2010-10-22,2010-10-25T22:36:56.000Z,,4,,,,4,8769,0,0,,xslF345X03/form4.xml,PRIMARY DOCUMENT
0001127602-10-025952,2010-10-25,2010-09-30,2010-10-25T22:46:49.000Z,,4,,,,4,4990,0,0,,xslF345X03/form4.xml,PRIMARY DOCUMENT
0001127602-10-025953,2010-10-25,2010-09-30,2010-10-25T22:53:17.000Z,,4,,,,4,5009,0,0,,xslF345X03/form4.xml,PRIMARY DOCUMENT
0001127602-10-025954,2010-10-25,2010-09-30,2010-10-25T23:06:29.000Z,,4,,,,4,5020,0,0,,xslF345X03/form4.xml,PRIMARY DOCUMENT
0001127602-10-025955,2010-10-25,2010-09-30,2010-10-25T23:14:26.000Z,,4,,,,4,5198,0,0,,xslF345X03/form4.xml,PRIMARY DOCUMENT
0001127602-10-026044,2010-10-27,2010-10-25,2010-10-27T17:29:46.000Z,,4,,,,4,8769,0,0,,xslF345X03/form4.xml,PRIMARY DOCUMENT
0001127602-10-026045,2010-10-27,2010-10-26,2010-10-27T17:35:12.000Z,,4,,,,4,5755,0,0,,xslF345X03/form4.xml,PRIMARY DOCUMENT
0001127602-10-026084,2010-10-27,2010-10-25,2010-10-27T22:21:30.000Z,,4,,,,4,4792,0,0,,xslF345X03/form4.xml,PRIMARY DOCUMENT
0001127602-10-026085,2010-10-27,2010-10-27,2010-10-27T22:45:04.000Z,,4,,,,4,6218,0,0,,xslF345X03/form4.xml,PRIMARY DOCUMENT
0001127602-10-026188,2010-10-29,2010-10-28,2010-10-29T19:33:48.000Z,,4,,,,4,5754,0,0,,xslF345X03/form4.xml,PRIMARY DOCUMENT
0001127602-10-026189,2010-10-29,2010-10-28,2010-10-29T19:50:28.000Z,,4,,,,4,8884,0,0,,xslF345X03/form4.xml,PRIMARY DOCUMENT
0001127602-10-026225,2010-10-29,2010-10-29,2010-10-29T22:01:44.000Z,,4,,,,4,5755,0,0,,xslF345X03/form4.xml,PRIMARY DOCUMENT
0001193125-10-242714,2010-11-01,,2010-11-01T20:53:55.000Z,,SC 13D,,,,SC 13D,61477,0,0,,dsc13d.htm,SCHEDULE 13D
0001127602-10-026474,2010-11-02,2010-11-01,2010-11-02T17:27:05.000Z,,4,,,,4,5754,0,0,,xslF345X03/form4.xml,PRIMARY DOCUMENT
0000950103-10-003224,2010-11-02,,2010-11-02T19:03:13.000Z,34,DEFA14A,000-51788,101157965,,DEFA14A,11364589,0,0,,dp19787_defa14a.htm,FORM DEFA14A
0001127602-10-026872,2010-11-03,2010-11-01,2010-11-03T22:26:20.000Z,,4,,,,4,5754,0,0,,xslF345X03/form4.xml,PRIMARY DOCUMENT
0001127602-10-026874,2010-11-03,2010-11-02,2010-11-03T22:37:43.000Z,,4,,,,4,5755,0,0,,xslF345X03/form4.xml,PRIMARY DOCUMENT
0001127602-10-026931,2010-11-04,2010-11-03,2010-11-04T16:50:03.000Z,,4,,,,4,5753,0,0,,xslF345X03/form4.xml,PRIMARY DOCUMENT
0001127602-10-027127,2010-11-05,2010-11-03,2010-11-05T20:30:50.000Z,,4,,,,4,5348,0,0,,xslF345X03/form4.xml,PRIMARY DOCUMENT
0001127602-10-027135,2010-11-05,2010-11-04,2010-11-05T20:38:44.000Z,,4,,,,4,5755,0,0,,xslF345X03/form4.xml,PRIMARY DOCUMENT
0001127602-10-027143,2010-11-05,2010-11-05,2010-11-05T20:45:39.000Z,,4,,,,4,5755,0,0,,xslF345X03/form4.xml,PRIMARY DOCUMENT
0001127602-10-027146,2010-11-05,2010-11-03,2010-11-05T20:50:16.000Z,,4,,,,4,5189,0,0,,xslF345X03/form4.xml,PRIMARY DOCUMENT
0001181431-10-054091,2010-11-08,2010-10-26,2010-11-08T23:07:55.000Z,34,3,001-33299,101173693,,3,4252,0,0,,xslF345X02/rrd290407.xml,FORM 3
0001127602-10-027384,2010-11-08,2010-11-08,2010-11-09T00:28:19.000Z,,4,,,,4,5755,0,0,,xslF345X03/form4.xml,PRIMARY DOCUMENT
0001127602-10-027559,2010-11-09,2010-11-09,2010-11-09T23:07:47.000Z,,4,,,,4,5755,0,0,,xslF345X03/form4.xml,PRIMARY DOCUMENT
0001127602-10-027686,2010-11-10,2010-11-10,2010-11-10T22:14:13.000Z,,4,,,,4,5755,0,0,,xslF345X03/form4.xml,PRIMARY DOCUMENT
0001127602-10-027816,2010-11-12,2010-11-11,2010-11-12T19:15:11.000Z,,4,,,,4,5755,0,0,,xslF345X03/form4.xml,PRIMARY DOCUMENT
0001127602-10-027863,2010-11-12,2010-11-12,2010-11-12T22:46:18.000Z,,4,,,,4,5755,0,0,,xslF345X03/form4.xml,PRIMARY DOCUMENT
0001127602-10-027938,2010-11-15,2010-11-15,2010-11-15T21:38:19.000Z,,4,,,,4,5755,0,0,,xslF345X03/form4.xml,PRIMARY DOCUMENT
0001127602-10-028087,2010-11-16,2010-11-14,2010-11-16T23:42:28.000Z,,4,,,,4,5288,0,0,,xslF345X03/form4.xml,PRIMARY DOCUMENT
0001127602-10-028088,2010-11-16,2010-11-15,2010-11-17T00:00:29.000Z,,4,,,,4,12558,0,0,,xslF345X03/form4.xml,PRIMARY DOCUMENT
0001127602-10-028090,2010-11-16,2010-11-16,2010-11-17T00:17:59.000Z,,4,,,,4,5755,0,0,,xslF345X03/form4.xml,PRIMARY DOCUMENT
0001127602-10-028261,2010-11-17,2010-11-17,2010-11-18T00:28:42.000Z,,4,,,,4,5755,0,0,,xslF345X03/form4.xml,PRIMARY DOCUMENT
0001127602-10-028379,2010-11-18,2010-11-18,2010-11-18T21:44:22.000Z,,4,,,,4,5755,0,0,,xslF345X03/form4.xml,PRIMARY DOCUMENT
0001127602-10-028588,2010-11-19,2010-11-19,2010-11-20T00:10:30.000Z,,4,,,,4,5755,0,0,,xslF345X03/form4.xml,PRIMARY DOCUMENT
0001127602-10-028676,2010-11-22,2010-11-22,2010-11-22T21:51:48.000Z,,4,,,,4,5755,0,0,,xslF345X03/form4.xml,PRIMARY DOCUMENT
0001127602-10-028801,2010-11-23,2010-11-23,2010-11-23T22:42:37.000Z,,4,,,,4,5755,0,0,,xslF345X03/form4.xml,PRIMARY DOCUMENT
0001127602-10-028878,2010-11-24,2010-11-24,2010-11-24T21:30:31.000Z,,4,,,,4,5755,0,0,,xslF345X03/form4.xml,PRIMARY DOCUMENT
0001127602-10-029041,2010-11-29,2010-11-26,2010-11-29T22:32:38.000Z,,4,,,,4,5755,0,0,,xslF345X03/form4.xml,PRIMARY DOCUMENT
0001127602-10-030727,2010-12-15,2010-12-13,2010-12-15T17:48:12.000Z,,4,,,,4,8548,0,0,,xslF345X03/form4.xml,PRIMARY DOCUMENT
0001127602-10-030841,2010-12-16,2010-12-15,2010-12-16T20:35:34.000Z,,4,,,,4,12560,0,0,,xslF345X03/form4.xml,PRIMARY DOCUMENT
0001193125-10-282428,2010-12-16,2010-12-16,2010-12-16T21:07:09.000Z,34,8-K,000-51788,101256829,"2.02,8.01,9.01",8-K,991924,0,0,,d8k.htm,FORM 8-K
0001127602-10-031316,2010-12-21,2010-11-01,2010-12-21T19:14:39.000Z,,4/A,,,,4/A,5402,0,0,,xslF345X03/form4a.xml,PRIMARY DOCUMENT
0001193125-10-285703,2010-12-21,2010-11-30,2010-12-21T22:18:21.000Z,34,10-Q,000-51788,101266530,,10-Q,11061319,1,0,,d10q.htm,FORM 10-Q
0001127602-10-031441,2010-12-22,2010-12-21,2010-12-22T21:12:01.000Z,,4,,,,4,9023,0,0,,xslF345X03/form4.xml,PRIMARY DOCUMENT
0001127602-10-031443,2010-12-22,2010-12-21,2010-12-22T21:22:15.000Z,,4,,,,4,9219,0,0,,xslF345X03/form4.xml,PRIMARY DOCUMENT
0001127602-10-031445,2010-12-22,2010-12-21,2010-12-22T21:37:08.000Z,,4,,,,4,8544,0,0,,xslF345X03/form4.xml,PRIMARY DOCUMENT
0001127602-10-031664,2010-12-29,2010-12-28,2010-12-29T19:27:47.000Z,,4,,,,4,5442,0,0,,xslF345X03/form4.xml,PRIMARY DOCUMENT
0001127602-11-000945,2011-01-05,2010-12-21,2011-01-05T19:01:56.000Z,,4/A,,,,4/A,13147,0,0,,xslF345X03/form4a.xml,PRIMARY DOCUMENT
0001127602-11-000960,2011-01-05,2011-01-04,2011-01-05T19:19:11.000Z,,4,,,,4,5049,0,0,,xslF345X03/form4.xml,PRIMARY DOCUMENT
0001127602-11-001213,2011-01-06,2011-01-05,2011-01-06T22:26:07.000Z,,4,,,,4,5049,0,0,,xslF345X03/form4.xml,PRIMARY DOCUMENT
0001127602-11-001214,2011-01-06,2011-01-05,2011-01-06T22:30:58.000Z,,4,,,,4,8412,0,0,,xslF345X03/form4.xml,PRIMARY DOCUMENT
0001127602-11-001675,2011-01-14,2011-01-12,2011-01-14T22:55:54.000Z,,4,,,,4,11856,0,0,,xslF345X03/form4.xml,PRIMARY DOCUMENT
0001127602-11-001676,2011-01-14,2011-01-13,2011-01-14T23:06:16.000Z,,4,,,,4,11859,0,0,,xslF345X03/form4.xml,PRIMARY DOCUMENT
0001127602-11-001898,2011-01-19,2011-01-18,2011-01-19T20:02:13.000Z,,4,,,,4,12092,0,0,,xslF345X03/form4.xml,PRIMARY DOCUMENT
0001127602-11-002049,2011-01-21,2011-01-19,2011-01-21T17:24:07.000Z,,4,,,,4,4726,0,0,,xslF345X03/form4.xml,PRIMARY DOCUMENT
0001127602-11-002176,2011-01-24,2011-01-20,2011-01-24T18:43:14.000Z,,4,,,,4,8390,0,0,,xslF345X03/form4.xml,PRIMARY DOCUMENT
0001127602-11-002179,2011-01-24,2011-01-21,2011-01-24T18:53:03.000Z,,4,,,,4,8390,0,0,,xslF345X03/form4.xml,PRIMARY DOCUMENT
0001193125-11-017368,2011-01-28,,2011-01-28T21:16:56.000Z,33,S-8,333-171939,11556072,,S-8,76654,0,0,,ds8.htm,FORM S-8
0001127602-11-002822,2011-01-31,2011-01-27,2011-01-31T17:23:38.000Z,,4,,,,4,14381,0,0,,xslF345X03/form4.xml,PRIMARY DOCUMENT
0000000000-11-007281,2011-02-03,,2011-02-03T20:58:28.000Z,,UPLOAD,,,,LETTER,65300,0,0,,filename1.pdf,
0001422848-11-000172,2011-02-11,,2011-02-11T18:51:30.000Z,34,SC 13G/A,005-81502,11597349,,SC 13G/A,9155,0,0,,edgorcl.txt,SC 13G/A
0001193125-11-032405,2011-02-11,,2011-02-11T18:59:57.000Z,34,SC 13G/A,005-81502,11597512,,SC 13G/A,35015,0,0,,dsc13ga.htm,AMENDMENT NO. 20 TO SCHEDULE 13G
0001127602-11-004984,2011-02-11,2011-02-09,2011-02-11T19:34:45.000Z,,4,,,,4,5187,0,0,,xslF345X03/form4.xml,PRIMARY DOCUMENT
0001127602-11-004999,2011-02-11,2011-02-09,2011-02-11T19:58:38.000Z,,4,,,,4,5347,0,0,,xslF345X03/form4.xml,PRIMARY DOCUMENT
0001127602-11-006000,2011-02-17,2011-02-15,2011-02-17T18:28:02.000Z,,4,,,,4,12558,0,0,,xslF345X03/form4.xml,PRIMARY DOCUMENT
0001193125-11-039000,2011-02-17,,2011-02-17T20:12:03.000Z,,CORRESP,,,,CORRESP,63685,0,0,,filename1.htm,
0001127602-11-010314,2011-03-16,2011-03-15,2011-03-16T15:18:21.000Z,,4,,,,4,12149,0,0,,xslF345X03/form4.xml,PRIMARY DOCUMENT
0001193125-11-076474,2011-03-24,2011-03-24,2011-03-24T20:08:58.000Z,34,8-K,000-51788,11709499,"2.02,8.01,9.01",8-K,1032651,0,0,,d8k.htm,CURRENT REPORT ON FORM 8-K
0000000000-11-018498,2011-03-25,,2011-03-25T17:26:31.000Z,,UPLOAD,,,,LETTER,49700,0,0,,filename1.pdf,
0001193125-11-081178,2011-03-29,2011-02-28,2011-03-29T19:30:11.000Z,34,10-Q,000-51788,11718630,,10-Q,11118922,1,0,,d10q.htm,FORM 10-Q
0001127602-11-011414,2011-03-30,2011-03-29,2011-03-30T21:32:57.000Z,,4,,,,4,19520,0,0,,xslF345X03/form4.xml,PRIMARY DOCUMENT
0001127602-11-011415,2011-03-30,2011-03-29,2011-03-30T21:42:30.000Z,,4,,,,4,7923,0,0,,xslF345X03/form4.xml,PRIMARY DOCUMENT
0001127602-11-011417,2011-03-30,2011-03-29,2011-03-30T22:03:47.000Z,,4,,,,4,11937,0,0,,xslF345X03/form4.xml,PRIMARY DOCUMENT
0001127602-11-012323,2011-04-05,2011-04-01,2011-04-05T17:50:37.000Z,,4,,,,4,8191,0,0,,xslF345X03/form4.xml,PRIMARY DOCUMENT
0001127602-11-012327,2011-04-05,2011-04-04,2011-04-05T18:18:55.000Z,,4,,,,4,11831,0,0,,xslF345X03/form4.xml,PRIMARY DOCUMENT
0001193125-11-089035,2011-04-05,,2011-04-05T18:28:48.000Z,,CORRESP,,,,CORRESP,47019,0,0,,filename1.htm,
0001127602-11-012660,2011-04-07,2011-04-04,2011-04-07T16:42:53.000Z,,4,,,,4,9601,0,0,,xslF345X03/form4.xml,PRIMARY DOCUMENT
0001127602-11-013150,2011-04-18,2011-04-15,2011-04-18T23:30:07.000Z,,4,,,,4,11680,0,0,,xslF345X03/form4.xml,PRIMARY DOCUMENT
0000000000-11-025672,2011-04-25,,2011-04-25T20:48:46.000Z,,UPLOAD,,,,LETTER,44840,0,0,,filename1.pdf,
0001127602-11-013624,2011-04-25,2011-04-21,2011-04-25T22:16:45.000Z,,4,,,,4,8614,0,0,,xslF345X03/form4.xml,PRIMARY DOCUMENT
0001193125-11-109701,2011-04-26,2011-04-25,2011-04-26T20:57:07.000Z,34,8-K,000-51788,11780638,5.02,8-K,14030,0,0,,d8k.htm,FORM 8-K
0001127602-11-014860,2011-05-03,2011-04-29,2011-05-03T22:27:55.000Z,,4,,,,4,8135,0,0,,xslF345X03/form4.xml,PRIMARY DOCUMENT
0001127602-11-015026,2011-05-04,2011-05-02,2011-05-04T17:28:54.000Z,,4,,,,4,8135,0,0,,xslF345X03/form4.xml,PRIMARY DOCUMENT
0001127602-11-016701,2011-05-17,2011-05-16,2011-05-17T23:43:36.000Z,,4,,,,4,11680,0,0,,xslF345X03/form4.xml,PRIMARY DOCUMENT
0001193125-11-146587,2011-05-20,2010-12-31,2011-05-20T20:04:56.000Z,34,11-K,000-51788,11861659,,11-K,193699,0,0,,d11k.htm,FORM 11-K
0001127602-11-018158,2011-06-01,2011-05-31,2011-06-01T22:05:19.000Z,,4,,,,4,5028,0,0,,xslF345X03/form4.xml,PRIMARY DOCUMENT
0001127602-11-018159,2011-06-01,2011-05-31,2011-06-01T22:08:14.000Z,,4,,,,4,4992,0,0,,xslF345X03/form4.xml,PRIMARY DOCUMENT
0001127602-11-018160,2011-06-01,2011-05-31,2011-06-01T22:11:22.000Z,,4,,,,4,5038,0,0,,xslF345X03/form4.xml,PRIMARY DOCUMENT
0001127602-11-018161,2011-06-01,2011-05-31,2011-06-01T22:13:33.000Z,,4,,,,4,5163,0,0,,xslF345X03/form4.xml,PRIMARY DOCUMENT
0001127602-11-018163,2011-06-01,2011-05-31,2011-06-01T22:16:24.000Z,,4,,,,4,5025,0,0,,xslF345X03/form4.xml,PRIMARY DOCUMENT
0001127602-11-018164,2011-06-01,2011-05-31,2011-06-01T22:20:26.000Z,,4,,,,4,5164,0,0,,xslF345X03/form4.xml,PRIMARY DOCUMENT
0001127602-11-018165,2011-06-01,2011-05-31,2011-06-01T22:23:12.000Z,,4,,,,4,5042,0,0,,xslF345X03/form4.xml,PRIMARY DOCUMENT
0001127602-11-018166,2011-06-01,2011-05-31,2011-06-01T22:27:10.000Z,,4,,,,4,4998,0,0,,xslF345X03/form4.xml,PRIMARY DOCUMENT
0001127602-11-018723,2011-06-06,2011-04-21,2011-06-07T00:45:30.000Z,,4/A,,,,4/A,8876,0,0,,xslF345X03/form4a.xml,PRIMARY DOCUMENT
0001127602-11-019452,2011-06-16,2011-06-15,2011-06-16T22:19:48.000Z,,4,,,,4,15149,0,0,,xslF345X03/form4.xml,PRIMARY DOCUMENT
0001193125-11-171863,2011-06-23,2011-06-23,2011-06-23T20:09:57.000Z,34,8-K,000-51788,11928027,"2.02,8.01,9.01",8-K,1055373,0,0,,d8k.htm,FORM 8-K
0001193125-11-174819,2011-06-28,2011-05-31,2011-06-28T01:44:56.000Z,34,10-K,000-51788,11934142,,10-K,24378886,1,0,,d10k.htm,FORM 10-K
0001193125-11-176479,2011-06-29,2011-06-29,2011-06-29T12:06:24.000Z,34,8-K,000-51788,11937237,"7.01,9.01",8-K,49916,0,0,,d8k.htm,FORM 8-K
0001127602-11-020069,2011-06-29,2011-06-28,2011-06-30T00:13:56.000Z,,4,,,,4,8811,0,0,,xslF345X03/form4.xml,PRIMARY DOCUMENT
0001127602-11-020114,2011-06-30,2011-06-29,2011-06-30T19:55:37.000Z,,4,,,,4,5297,0,0,,xslF345X03/form4.xml,PRIMARY DOCUMENT
0001127602-11-020117,2011-06-30,2011-06-29,2011-06-30T20:06:39.000Z,,4,,,,4,5106,0,0,,xslF345X03/form4.xml,PRIMARY DOCUMENT
0001127602-11-020119,2011-06-30,2011-06-29,2011-06-30T20:12:20.000Z,,4,,,,4,5230,0,0,,xslF345X03/form4.xml,PRIMARY DOCUMENT
0001127602-11-020121,2011-06-30,2011-06-29,2011-06-30T20:17:06.000Z,,4,,,,4,5045,0,0,,xslF345X03/form4.xml,PRIMARY DOCUMENT
0001127602-11-020122,2011-06-30,2011-06-29,2011-06-30T20:28:43.000Z,,4,,,,4,5143,0,0,,xslF345X03/form4.xml,PRIMARY DOCUMENT
0001127602-11-020125,2011-06-30,2011-06-29,2011-06-30T20:32:55.000Z,,4,,,,4,5111,0,0,,xslF345X03/form4.xml,PRIMARY DOCUMENT
0001127602-11-020126,2011-06-30,2011-06-29,2011-06-30T20:36:17.000Z,,4,,,,4,5236,0,0,,xslF345X03/form4.xml,PRIMARY DOCUMENT
0001127602-11-020127,2011-06-30,2011-06-29,2011-06-30T20:39:52.000Z,,4,,,,4,5102,0,0,,xslF345X03/form4.xml,PRIMARY DOCUMENT
0001127602-11-021081,2011-07-07,2011-07-05,2011-07-07T17:40:23.000Z,,4,,,,4,19517,0,0,,xslF345X03/form4.xml,PRIMARY DOCUMENT
0001127602-11-021263,2011-07-11,2011-07-07,2011-07-11T22:51:18.000Z,,4,,,,4,8231,0,0,,xslF345X03/form4.xml,PRIMARY DOCUMENT
0001127602-11-021636,2011-07-19,2011-07-15,2011-07-19T16:59:30.000Z,,4,,,,4,15154,0,0,,xslF345X03/form4.xml,PRIMARY DOCUMENT
0001127602-11-021843,2011-07-21,2011-07-19,2011-07-21T16:18:36.000Z,,4,,,,4,9048,0,0,,xslF345X03/form4.xml,PRIMARY DOCUMENT
0001127602-11-022440,2011-08-01,2011-07-29,2011-08-01T22:18:10.000Z,,4,,,,4,4377,0,0,,xslF345X03/form4.xml,PRIMARY DOCUMENT
0001127602-11-022580,2011-08-02,2011-07-30,2011-08-02T20:39:25.000Z,,4,,,,4,4716,0,0,,xslF345X03/form4.xml,PRIMARY DOCUMENT
0001127602-11-022889,2011-08-05,2011-05-04,2011-08-05T22:22:18.000Z,,4,,,,4,6491,0,0,,xslF345X03/form4.xml,PRIMARY DOCUMENT
0001127602-11-023725,2011-08-16,2011-08-15,2011-08-16T19:57:12.000Z,,4,,,,4,15152,0,0,,xslF345X03/form4.xml,PRIMARY DOCUMENT
0001193125-11-227635,2011-08-19,,2011-08-19T20:37:11.000Z,33,S-4,333-176405,111047852,,S-4,738218,0,0,,ds4.htm,FORM S-4
0001193125-11-232666,2011-08-26,2011-10-12,2011-08-25T22:52:57.000Z,34,DEF 14A,000-51788,111057509,,DEF 14A,951913,0,0,,ddef14a.htm,DEFINITIVE PROXY STATEMENT
0001193125-11-232669,2011-08-26,,2011-08-25T22:54:39.000Z,34,DEFA14A,000-51788,111057518,,DEFA14A,48774,0,0,,ddefa14a.htm,DEFINITIVE ADDITIONAL MATERIALS
0000000000-11-052390,2011-09-01,,2011-09-01T12:38:42.000Z,,UPLOAD,,,,LETTER,55873,0,0,,filename1.pdf,
0001127602-11-025311,2011-09-15,2011-09-15,2011-09-15T22:53:29.000Z,,4,,,,4,11680,0,0,,xslF345X03/form4.xml,PRIMARY DOCUMENT
0001193125-11-252306,2011-09-20,2011-09-20,2011-09-20T20:06:01.000Z,34,8-K,000-51788,111099536,"2.02,8.01,9.01",8-K,714137,0,0,,d233213d8k.htm,FORM 8-K
0001193125-11-254458,2011-09-22,,2011-09-22T21:03:04.000Z,,SC 13D/A,,,,SC 13D/A,45233,0,0,,d235307dsc13da.htm,SCHEDULE 13D AMENDMENT NO. 1
0001193125-11-255436,2011-09-23,2011-08-31,2011-09-23T21:29:18.000Z,34,10-Q,000-51788,111105926,,10-Q,12107985,1,0,,d234670d10q.htm,FORM 10-Q
0001193125-11-255439,2011-09-23,,2011-09-23T21:30:44.000Z,33,S-8,333-176986,111105937,,S-8,276358,0,0,,d234449ds8.htm,FORM S-8
0001193125-11-255441,2011-09-23,,2011-09-23T21:30:57.000Z,33,S-4/A,333-176405,111105939,,S-4/A,430221,0,0,,d220341ds4a.htm,AMENDMENT NO. 1 TO FORM S-4
0001127602-11-025904,2011-09-26,2011-09-23,2011-09-26T22:12:12.000Z,,4,,,,4,8658,0,0,,xslF345X03/form4.xml,PRIMARY DOCUMENT
0001193125-11-271769,2011-10-14,2011-10-12,2011-10-14T20:30:54.000Z,34,8-K,000-51788,111142146,5.07,8-K,32645,0,0,,d243599d8k.htm,FORM 8-K
0001127602-11-027473,2011-10-18,2011-10-17,2011-10-18T21:30:26.000Z,,4,,,,4,11680,0,0,,xslF345X03/form4.xml,PRIMARY DOCUMENT
0001193125-11-278885,2011-10-24,,2011-10-24T22:26:06.000Z,,CORRESP,,,,CORRESP,8531,0,0,,filename1.htm,
0001193125-11-279339,2011-10-25,,2011-10-25T10:05:59.000Z,34,DEFA14A,000-51788,111155507,,DEFA14A,923766,0,0,,d246840ddefa14a.htm,SOLICITING MATERIAL
0001193125-11-280432,2011-10-25,,2011-10-25T21:11:07.000Z,34,DEFA14A,000-51788,111157305,,DEFA14A,67925,0,0,,d247580ddefa14a.htm,SOLICITING MATERIAL
9999999995-11-003042,2011-10-26,,2011-10-27T04:15:12.000Z,33,EFFECT,333-176405,111160135,"S-4,,2011-10-26 16:00:00",EFFECT,1772,0,0,,xslEFFECTX01/primary_doc.xml,
0001193125-11-282485,2011-10-27,,2011-10-27T00:04:57.000Z,33,424B3,333-176405,111160053,,424B3,300817,0,0,,d220341d424b3.htm,FILED PURSUANT TO RULE 424(B)(3)
0001127602-11-028328,2011-11-02,2011-10-31,2011-11-02T17:12:33.000Z,,4,,,,4,15560,0,0,,xslF345X03/form4.xml,PRIMARY DOCUMENT
0001127602-11-028698,2011-11-04,2011-11-02,2011-11-04T22:31:11.000Z,,4,,,,4,4774,0,0,,xslF345X03/form4.xml,PRIMARY DOCUMENT
0001127602-11-029678,2011-11-15,2011-11-15,2011-11-16T00:36:17.000Z,,4,,,,4,11680,0,0,,xslF345X03/form4.xml,PRIMARY DOCUMENT
0001127602-11-032681,2011-12-19,2011-12-15,2011-12-19T19:20:35.000Z,,4,,,,4,11680,0,0,,xslF345X03/form4.xml,PRIMARY DOCUMENT
0001193125-11-347232,2011-12-20,2011-12-20,2011-12-20T21:10:04.000Z,34,8-K,000-51788,111272169,"2.02,8.01,9.01",8-K,963257,0,0,,d270247d8k.htm,FORM 8-K
0001193125-11-351954,2011-12-23,2011-11-30,2011-12-23T21:31:28.000Z,34,10-Q,000-51788,111280628,,10-Q,16076595,1,0,,d263957d10q.htm,QUARTERLY REPORT ON FORM 10-Q
0001127602-11-033280,2011-12-28,2011-12-27,2011-12-28T23:21:39.000Z,,4,,,,4,10190,0,0,,xslF345X03/form4.xml,PRIMARY DOCUMENT
0001127602-12-001710,2012-01-13,2011-03-31,2012-01-13T19:27:52.000Z,,4,,,,4,6126,0,0,,xslF345X03/form4.xml,PRIMARY DOCUMENT
0001127602-12-001713,2012-01-13,2011-03-31,2012-01-13T19:42:42.000Z,,4,,,,4,6238,0,0,,xslF345X03/form4.xml,PRIMARY DOCUMENT
0001127602-12-001918,2012-01-18,2012-01-17,2012-01-18T19:57:46.000Z,,4,,,,4,11678,0,0,,xslF345X03/form4.xml,PRIMARY DOCUMENT
0001193125-12-020227,2012-01-23,,2012-01-23T21:19:35.000Z,33,S-8,333-179132,12539512,,S-8,250701,0,0,,d286682ds8.htm,REGISTRATION STATEMENT ON FORM S-8
0000000000-12-004398,2012-01-26,,2012-01-26T20:25:57.000Z,,UPLOAD,,,,LETTER,57406,0,0,,filename1.pdf,
0001127602-12-002675,2012-01-26,2012-01-25,2012-01-27T00:36:56.000Z,,4,,,,4,7924,0,0,,xslF345X03/form4.xml,PRIMARY DOCUMENT
0001127602-12-003940,2012-02-03,2012-02-01,2012-02-03T20:48:21.000Z,,4,,,,4,4774,0,0,,xslF345X03/form4.xml,PRIMARY DOCUMENT
0001193125-12-039293,2012-02-03,,2012-02-04T01:03:46.000Z,,CORRESP,,,,CORRESP,28211,0,0,,filename1.htm,
0001193125-12-049570,2012-02-09,,2012-02-09T22:11:57.000Z,34,DEFA14A,000-51788,12588327,,DEFA14A,764701,0,0,,d298337ddefa14a.htm,SOLICITING MATERIAL
0001193125-12-052025,2012-02-10,,2012-02-10T19:24:54.000Z,34,SC 13G/A,005-81502,12591948,,SC 13G/A,35837,0,0,,d296429dsc13ga.htm,SCHEDULE 13G AMENDMENT NO. 21
0000000000-12-008556,2012-02-16,,2012-02-16T16:32:58.000Z,,UPLOAD,,,,LETTER,36280,0,0,,filename1.pdf,
0001127602-12-006268,2012-02-16,2012-02-15,2012-02-16T17:38:15.000Z,,4,,,,4,11678,0,0,,xslF345X03/form4.xml,PRIMARY DOCUMENT
0001193125-12-067783,2012-02-17,,2012-02-17T22:27:48.000Z,33,S-8,333-179586,12623922,,S-8,146904,0,0,,d301088ds8.htm,FORM S-8
0001193125-12-078447,2012-02-24,,2012-02-24T22:16:57.000Z,34,DEFA14A,000-51788,12639204,,DEFA14A,1366109,0,0,,d306214ddefa14a.htm,SOLICITING MATERIAL
0001127602-12-009593,2012-03-05,2012-03-02,2012-03-05T22:25:32.000Z,,4,,,,4,8149,0,0,,xslF345X03/form4.xml,PRIMARY DOCUMENT
0001127602-12-010796,2012-03-15,2012-03-15,2012-03-15T21:48:36.000Z,,4,,,,4,11678,0,0,,xslF345X03/form4.xml,PRIMARY DOCUMENT
0001193125-12-123530,2012-03-20,2012-03-20,2012-03-20T20:09:08.000Z,34,8-K,000-51788,12703562,"2.02,8.01,9.01",8-K,995357,0,0,,d317693d8k.htm,CURRENT REPORT ON FORM 8-K
0001193125-12-129918,2012-03-23,2012-02-29,2012-03-23T21:04:59.000Z,34,10-Q,000-51788,12712556,,10-Q,20060281,1,0,,d289615d10q.htm,FORM 10-Q
0001127602-12-011742,2012-03-23,2012-03-23,2012-03-23T23:03:40.000Z,,4,,,,4,8563,0,0,,xslF345X03/form4.xml,PRIMARY DOCUMENT
0001127602-12-013603,2012-04-11,2012-04-10,2012-04-11T16:10:08.000Z,,4,,,,4,4640,0,0,,xslF345X03/form4.xml,PRIMARY DOCUMENT
0001127602-12-014093,2012-04-18,2012-04-16,2012-04-18T16:18:52.000Z,,4,,,,4,12275,0,0,,xslF345X03/form4.xml,PRIMARY DOCUMENT
0001193125-12-191756,2012-04-27,,2012-04-27T21:44:58.000Z,33,S-8,333-181023,12791311,,S-8,272190,0,0,,d337328ds8.htm,REGISTRATION STATEMENT ON FORM S-8
0001127602-12-015898,2012-05-04,2012-05-02,2012-05-04T17:26:14.000Z,,4,,,,4,4774,0,0,,xslF345X03/form4.xml,PRIMARY DOCUMENT
0001127602-12-016146,2012-05-08,2012-03-30,2012-05-08T19:03:40.000Z,,4,,,,4,4615,0,0,,xslF345X03/form4.xml,PRIMARY DOCUMENT
0001127602-12-016150,2012-05-08,2012-03-30,2012-05-08T19:07:38.000Z,,4,,,,4,4681,0,0,,xslF345X03/form4.xml,PRIMARY DOCUMENT
0001127602-12-016976,2012-05-16,2012-05-15,2012-05-16T16:16:41.000Z,,4,,,,4,11675,0,0,,xslF345X03/form4.xml,PRIMARY DOCUMENT
0001193125-12-240069,2012-05-18,2011-12-31,2012-05-18T20:18:22.000Z,34,11-K,000-51788,12855762,,11-K,186441,0,0,,d353730d11k.htm,FORM 11-K
0001127602-12-018711,2012-06-01,2012-05-31,2012-06-01T13:34:08.000Z,,4,,,,4,5028,0,0,,xslF345X03/form4.xml,PRIMARY DOCUMENT
0001127602-12-018712,2012-06-01,2012-05-31,2012-06-01T13:37:22.000Z,,4,,,,4,4992,0,0,,xslF345X03/form4.xml,PRIMARY DOCUMENT
0001127602-12-018713,2012-06-01,2012-05-31,2012-06-01T13:47:54.000Z,,4,,,,4,5038,0,0,,xslF345X03/form4.xml,PRIMARY DOCUMENT
0001127602-12-018715,2012-06-01,2012-05-31,2012-06-01T13:52:52.000Z,,4,,,,4,5163,0,0,,xslF345X03/form4.xml,PRIMARY DOCUMENT
0001127602-12-018717,2012-06-01,2012-05-31,2012-06-01T13:55:54.000Z,,4,,,,4,5025,0,0,,xslF345X03/form4.xml,PRIMARY DOCUMENT
0001127602-12-018719,2012-06-01,2012-05-31,2012-06-01T13:58:48.000Z,,4,,,,4,5164,0,0,,xslF345X03/form4.xml,PRIMARY DOCUMENT
0001127602-12-018720,2012-06-01,2012-05-31,2012-06-01T14:01:50.000Z,,4,,,,4,5042,0,0,,xslF345X03/form4.xml,PRIMARY DOCUMENT
0001127602-12-018721,2012-06-01,2012-05-31,2012-06-01T14:04:21.000Z,,4,,,,4,4998,0,0,,xslF345X03/form4.xml,PRIMARY DOCUMENT
0001193125-12-274031,2012-06-18,2012-06-18,2012-06-18T21:27:17.000Z,34,8-K,000-51788,12913256,"2.02,8.01,9.01",8-K,1036195,0,0,,d369118d8k.htm,CURRENT REPORT ON FORM 8-K
0001127602-12-020269,2012-06-18,2012-06-15,2012-06-18T21:59:17.000Z,,4,,,,4,11681,0,0,,xslF345X03/form4.xml,PRIMARY DOCUMENT
0001193125-12-277735,2012-06-21,2012-06-18,2012-06-21T10:05:54.000Z,34,8-K,000-51788,12918430,5.02,8-K,13066,0,0,,d370288d8k.htm,FORM 8-K
0001193125-12-284007,2012-06-26,2012-05-31,2012-06-26T21:25:40.000Z,34,10-K,000-51788,12927941,,10-K,27929091,1,0,,d369484d10k.htm,FORM 10-K
0001127602-12-021509,2012-07-03,2012-07-02,2012-07-03T19:27:45.000Z,,4,,,,4,7293,0,0,,xslF345X03/form4.xml,PRIMARY DOCUMENT
0001127602-12-021942,2012-07-09,2012-07-05,2012-07-09T15:40:14.000Z,,4,,,,4,5105,0,0,,xslF345X03/form4.xml,PRIMARY DOCUMENT
0001127602-12-021943,2012-07-09,2012-07-05,2012-07-09T15:42:33.000Z,,4,,,,4,5137,0,0,,xslF345X03/form4.xml,PRIMARY DOCUMENT
0001127602-12-021944,2012-07-09,2012-07-05,2012-07-09T15:47:07.000Z,,4,,,,4,5117,0,0,,xslF345X03/form4.xml,PRIMARY DOCUMENT
0001127602-12-021945,2012-07-09,2012-07-05,2012-07-09T15:59:55.000Z,,4,,,,4,5100,0,0,,xslF345X03/form4.xml,PRIMARY DOCUMENT
0001127602-12-021946,2012-07-09,2012-07-05,2012-07-09T16:03:58.000Z,,4,,,,4,5224,0,0,,xslF345X03/form4.xml,PRIMARY DOCUMENT
0001127602-12-021947,2012-07-09,2012-07-05,2012-07-09T16:06:47.000Z,,4,,,,4,5096,0,0,,xslF345X03/form4.xml,PRIMARY DOCUMENT
0001127602-12-021948,2012-07-09,2012-07-05,2012-07-09T16:11:00.000Z,,4,,,,4,5230,0,0,,xslF345X03/form4.xml,PRIMARY DOCUMENT
0001127602-12-021949,2012-07-09,2012-07-05,2012-07-09T16:19:49.000Z,,4,,,,4,5039,0,0,,xslF345X03/form4.xml,PRIMARY DOCUMENT
0001127602-12-022099,2012-07-11,2012-07-10,2012-07-11T18:08:16.000Z,,4,,,,4,8592,0,0,,xslF345X03/form4.xml,PRIMARY DOCUMENT
0001127602-12-022174,2012-07-13,2012-07-11,2012-07-13T17:10:03.000Z,,4,,,,4,12074,0,0,,xslF345X03/form4.xml,PRIMARY DOCUMENT
0001127602-12-022388,2012-07-17,2012-07-16,2012-07-17T18:32:21.000Z,,4,,,,4,12149,0,0,,xslF345X03/form4.xml,PRIMARY DOCUMENT
0001127602-12-022591,2012-07-19,2012-07-17,2012-07-19T17:31:38.000Z,,4,,,,4,8149,0,0,,xslF345X03/form4.xml,PRIMARY DOCUMENT
0001127602-12-022592,2012-07-19,2012-07-17,2012-07-19T17:50:54.000Z,,4,,,,4,8142,0,0,,xslF345X03/form4.xml,PRIMARY DOCUMENT
0000000000-12-039192,2012-07-24,,2012-07-24T13:10:17.000Z,,UPLOAD,,,,LETTER,60434,0,0,,filename1.pdf,
0001127602-12-022877,2012-07-25,2012-07-23,2012-07-25T22:47:50.000Z,,4,,,,4,4998,0,0,,xslF345X03/form4.xml,PRIMARY DOCUMENT
0001127602-12-023437,2012-08-01,2012-07-31,2012-08-01T22:10:29.000Z,,4,,,,4,7196,0,0,,xslF345X03/form4.xml,PRIMARY DOCUMENT
0001127602-12-023438,2012-08-01,2012-07-27,2012-08-01T22:21:18.000Z,,4,,,,4,8417,0,0,,xslF345X03/form4.xml,PRIMARY DOCUMENT
0001127602-12-023444,2012-08-01,2012-07-30,2012-08-01T22:59:01.000Z,,4,,,,4,4733,0,0,,xslF345X03/form4.xml,PRIMARY DOCUMENT
0001127602-12-023655,2012-08-02,2012-08-01,2012-08-02T21:41:51.000Z,,4,,,,4,8625,0,0,,xslF345X03/form4.xml,PRIMARY DOCUMENT
0001127602-12-023969,2012-08-07,2012-08-03,2012-08-07T21:02:48.000Z,,4,,,,4,4597,0,0,,xslF345X03/form4.xml,PRIMARY DOCUMENT
0001127602-12-024741,2012-08-17,2012-08-15,2012-08-17T17:48:27.000Z,,4,,,,4,11682,0,0,,xslF345X03/form4.xml,PRIMARY DOCUMENT
0001127602-12-024743,2012-08-17,2012-08-16,2012-08-17T17:50:02.000Z,,4,,,,4,8101,0,0,,xslF345X03/form4.xml,PRIMARY DOCUMENT
0001127602-12-025936,2012-09-07,2012-09-05,2012-09-07T15:59:51.000Z,,4,,,,4,8546,0,0,,xslF345X03/form4.xml,PRIMARY DOCUMENT
0001127602-12-026614,2012-09-18,2012-09-17,2012-09-18T21:55:48.000Z,,4,,,,4,11682,0,0,,xslF345X03/form4.xml,PRIMARY DOCUMENT
0001193125-12-398408,2012-09-20,2012-09-20,2012-09-20T20:12:34.000Z,34,8-K,000-51788,121102165,"2.02,8.01,9.01",8-K,580038,0,0,,d412785d8k.htm,FORM 8-K
0001193125-12-399999,2012-09-21,2012-11-07,2012-09-21T20:47:08.000Z,34,DEF 14A,000-51788,121104603,,DEF 14A,1222446,0,0,,d399484ddef14a.htm,DEFINITIVE PROXY STATEMENT
0001193125-12-400017,2012-09-21,,2012-09-21T20:51:58.000Z,34,DEFA14A,000-51788,121104709,,DEFA14A,584089,0,0,,d414859ddefa14a.htm,DEFINITIVE ADDITIONAL MATERIALS
0001193125-12-401697,2012-09-24,2012-08-31,2012-09-24T20:59:18.000Z,34,10-Q,000-51788,121107000,,10-Q,12668802,1,0,,d397317d10q.htm,FORM 10-Q
0001193125-12-401751,2012-09-24,,2012-09-24T21:12:36.000Z,33,S-8,333-184062,121107120,,S-8,381331,0,0,,d408899ds8.htm,FORM S-8
0001127602-12-027094,2012-09-26,2012-09-25,2012-09-26T23:45:36.000Z,,4,,,,4,8612,0,0,,xslF345X03/form4.xml,PRIMARY DOCUMENT
0001127602-12-027223,2012-09-27,2012-09-25,2012-09-27T21:26:19.000Z,,4,,,,4,9337,0,0,,xslF345X03/form4.xml,PRIMARY DOCUMENT
0001127602-12-028794,2012-10-17,2012-10-15,2012-10-17T21:04:25.000Z,,4,,,,4,12405,0,0,,xslF345X03/form4.xml,PRIMARY DOCUMENT
0001193125-12-426714,2012-10-18,,2012-10-18T12:44:02.000Z,33,424B2,333-166643,121149573,,424B2,545472,0,0,,d425262d424b2.htm,FILED PURSUANT TO RULE 424(B)(2)
0001193125-12-427597,2012-10-19,,2012-10-19T00:39:12.000Z,34,FWP,333-166643,121151337,,FWP,27425,0,0,,d425262dfwp.htm,FREE WRITING PROSPECTUS
0001193125-12-428784,2012-10-19,,2012-10-19T20:47:10.000Z,33,424B2,333-166643,121152862,,424B2,563931,0,0,,d425262d424b2.htm,FILED PURSUANT TO RULE 424(B)(2)
0001127602-12-028897,2012-10-19,2012-10-17,2012-10-19T20:50:30.000Z,,4,,,,4,8569,0,0,,xslF345X03/form4.xml,PRIMARY DOCUMENT
0001127602-12-028943,2012-10-22,2012-10-18,2012-10-22T21:28:12.000Z,,4,,,,4,8565,0,0,,xslF345X03/form4.xml,PRIMARY DOCUMENT
0001193125-12-435493,2012-10-25,2012-10-18,2012-10-25T20:28:02.000Z,34,8-K,000-51788,121161754,"8.01,9.01",8-K,131737,0,0,,d429721d8k.htm,FORM 8-K
0001127602-12-029411,2012-11-01,2012-10-31,2012-11-01T21:59:29.000Z,,4,,,,4,12565,0,0,,xslF345X03/form4.xml,PRIMARY DOCUMENT
0001127602-12-029664,2012-11-02,2012-11-01,2012-11-02T22:44:31.000Z,,4,,,,4,8622,0,0,,xslF345X03/form4.xml,PRIMARY DOCUMENT
0001193125-12-457785,2012-11-07,2012-11-07,2012-11-07T22:18:07.000Z,34,8-K,000-51788,121187720,5.07,8-K,35003,0,0,,d434371d8k.htm,FORM 8-K
0001127602-12-031182,2012-11-16,2012-11-15,2012-11-16T21:23:58.000Z,,4,,,,4,11680,0,0,,xslF345X03/form4.xml,PRIMARY DOCUMENT
0000000000-12-063101,2012-11-20,,2012-11-20T15:45:16.000Z,,UPLOAD,,,,LETTER,203890,0,0,,filename1.pdf,
0001193125-12-486037,2012-11-29,,2012-11-29T23:16:13.000Z,,CORRESP,,,,CORRESP,16857,0,0,,filename1.htm,
0001193125-12-489156,2012-12-03,2012-12-03,2012-12-03T21:12:34.000Z,34,8-K,000-51788,121237647,"8.01,9.01",8-K,25524,0,0,,d448353d8k.htm,FORM 8-K
0001127602-12-034193,2012-12-17,2012-12-17,2012-12-17T23:09:46.000Z,,4,,,,4,11680,0,0,,xslF345X03/form4.xml,PRIMARY DOCUMENT
0001193125-12-506536,2012-12-18,2012-12-18,2012-12-18T21:09:10.000Z,34,8-K,000-51788,121271473,"2.02,9.01",8-K,797129,0,0,,d456035d8k.htm,FORM 8-K
0001127602-12-034739,2012-12-20,2012-12-19,2012-12-20T19:03:28.000Z,,4,,,,4,9331,0,0,,xslF345X03/form4.xml,PRIMARY DOCUMENT
0001193125-12-511020,2012-12-21,,2012-12-21T02:27:16.000Z,34,DEFA14A,000-51788,121278625,,DEFA14A,789109,0,0,,d457667ddefa14a.htm,SOLICITING MATERIAL
0001193125-12-513009,2012-12-21,2012-11-30,2012-12-21T21:14:27.000Z,34,10-Q,000-51788,121281706,,10-Q,16387643,1,0,,d454343d10q.htm,FORM 10-Q
0001127602-12-035000,2012-12-26,2012-12-21,2012-12-26T20:33:36.000Z,,4,,,,4,12092,0,0,,xslF345X03/form4.xml,PRIMARY DOCUMENT
0001193125-12-515197,2012-12-27,,2012-12-27T02:19:59.000Z,,SC 13D,,,,SC 13D,113991,0,0,,d458428dsc13d.htm,SCHEDULE 13D
0001127602-12-035102,2012-12-27,2012-12-26,2012-12-28T00:09:59.000Z,,4,,,,4,13352,0,0,,xslF345X03/form4.xml,PRIMARY DOCUMENT
0001127602-12-035137,2012-12-28,2012-12-27,2012-12-28T18:02:43.000Z,,4,,,,4,8602,0,0,,xslF345X03/form4.xml,PRIMARY DOCUMENT
0001127602-13-000152,2013-01-02,2012-12-28,2013-01-02T19:50:23.000Z,,4,,,,4,8596,0,0,,xslF345X03/form4.xml,PRIMARY DOCUMENT
0001127602-13-000281,2013-01-02,2012-12-28,2013-01-02T23:53:44.000Z,,4,,,,4,10184,0,0,,xslF345X03/form4.xml,PRIMARY DOCUMENT
0001193125-13-003707,2013-01-04,,2013-01-04T20:51:28.000Z,,CORRESP,,,,CORRESP,17839,0,0,,filename1.htm,
0001127602-13-001115,2013-01-04,2013-01-02,2013-01-04T21:13:48.000Z,,4,,,,4,8610,0,0,,xslF345X03/form4.xml,PRIMARY DOCUMENT
0001127602-13-001920,2013-01-15,2013-01-15,2013-01-15T23:23:50.000Z,,4,,,,4,11679,0,0,,xslF345X03/form4.xml,PRIMARY DOCUMENT
0001193125-13-020775,2013-01-23,,2013-01-23T21:27:56.000Z,,CORRESP,,,,CORRESP,54035,0,0,,filename1.htm,
0001127602-13-003353,2013-01-31,2013-01-31,2013-01-31T22:37:41.000Z,,4,,,,4,9089,0,0,,xslF345X03/form4.xml,PRIMARY DOCUMENT
0001193125-13-036900,2013-02-04,,2013-02-04T22:10:27.000Z,,DFAN14A,,,,DFAN14A,840831,0,0,,d477237ddfan14a.htm,DFAN14A
0001193125-13-037562,2013-02-05,2013-02-04,2013-02-05T11:10:48.000Z,34,8-K,000-51788,13571955,5.02,8-K,14031,0,0,,d480568d8k.htm,8-K
0000000000-13-006776,2013-02-05,,2013-02-05T21:06:43.000Z,,UPLOAD,,,,LETTER,76430,0,0,,filename1.pdf,
0001193125-13-055455,2013-02-13,,2013-02-13T21:26:57.000Z,,SC 13D,,,,SC 13D,109265,0,0,,d482819dsc13d.htm,SCHEDULE 13D
0001193125-13-060184,2013-02-14,,2013-02-14T21:15:55.000Z,34,SC 13G/A,005-81502,13614044,,SC 13G/A,31333,0,0,,d482763dsc13ga.htm,SCHEDULE 13G AMENDMENT NO. 22
0001127602-13-006782,2013-02-19,2013-02-15,2013-02-19T21:42:55.000Z,,4,,,,4,11679,0,0,,xslF345X03/form4.xml,PRIMARY DOCUMENT
0001193125-13-084819,2013-02-28,,2013-02-28T22:17:40.000Z,33,S-8,333-186971,13653528,,S-8,333998,0,0,,d491161ds8.htm,FORM S-8
0001127602-13-011057,2013-03-18,2013-03-15,2013-03-18T17:40:41.000Z,,4,,,,4,11679,0,0,,xslF345X03/form4.xml,PRIMARY DOCUMENT
0001193125-13-117200,2013-03-20,2013-03-20,2013-03-20T20:08:15.000Z,34,8-K,000-51788,13705016,"2.02,9.01",8-K,833721,0,0,,d504949d8k.htm,FORM 8-K
0001193125-13-122271,2013-03-22,2013-02-28,2013-03-22T20:27:38.000Z,34,10-Q,000-51788,13711657,,10-Q,16644431,1,0,,d474064d10q.htm,FORM 10-Q
0001127602-13-012079,2013-03-27,2013-03-25,2013-03-27T19:03:49.000Z,,4,,,,4,8604,0,0,,xslF345X03/form4.xml,PRIMARY DOCUMENT
0001127602-13-012088,2013-03-27,2013-03-25,2013-03-27T19:35:44.000Z,,4,,,,4,8631,0,0,,xslF345X03/form4.xml,PRIMARY DOCUMENT
0001127602-13-013739,2013-04-11,2013-04-09,2013-04-11T16:36:09.000Z,,4,,,,4,8145,0,0,,xslF345X03/form4.xml,PRIMARY DOCUMENT
0001193125-13-154810,2013-04-15,,2013-04-15T19:11:59.000Z,33,S-3ASR,333-187919,13761147,,S-3ASR,566098,0,0,,d518988ds3asr.htm,S-3ASR
0001193125-13-154938,2013-04-15,,2013-04-15T19:56:16.000Z,33,S-8,333-187924,13761339,,S-8,163806,0,0,,d520226ds8.htm,FORM S-8
0001127602-13-013961,2013-04-16,2013-04-12,2013-04-16T19:28:25.000Z,,4,,,,4,8353,0,0,,xslF345X03/form4.xml,PRIMARY DOCUMENT
0001127602-13-013962,2013-04-16,2013-04-15,2013-04-16T19:29:44.000Z,,4,,,,4,11679,0,0,,xslF345X03/form4.xml,PRIMARY DOCUMENT
0001193125-13-177852,2013-04-26,2013-04-22,2013-04-26T20:33:19.000Z,34,8-K,000-51788,13787807,"1.01,2.03,9.01",8-K,724555,0,0,,d528337d8k.htm,FORM 8-K
0001127602-13-017308,2013-05-17,2013-05-15,2013-05-17T18:00:38.000Z,,4,,,,4,12231,0,0,,xslF345X03/form4.xml,PRIMARY DOCUMENT
0001193125-13-226114,2013-05-17,2012-12-31,2013-05-17T20:18:01.000Z,34,11-K,000-51788,13855347,,11-K,310798,0,0,,d538775d11k.htm,11-K
0001127602-13-019126,2013-06-03,2013-03-31,2013-06-03T22:26:57.000Z,,4,,,,4,4676,0,0,,xslF345X03/form4.xml,PRIMARY DOCUMENT
0001127602-13-019130,2013-06-03,2013-05-31,2013-06-03T22:49:02.000Z,,4,,,,4,5037,0,0,,xslF345X03/form4.xml,PRIMARY DOCUMENT
0001127602-13-019133,2013-06-03,2013-05-31,2013-06-03T23:00:04.000Z,,4,,,,4,5163,0,0,,xslF345X03/form4.xml,PRIMARY DOCUMENT
0001127602-13-019138,2013-06-03,2013-05-31,2013-06-03T23:07:09.000Z,,4,,,,4,5026,0,0,,xslF345X03/form4.xml,PRIMARY DOCUMENT
0001127602-13-019146,2013-06-03,2013-05-31,2013-06-03T23:33:55.000Z,,4,,,,4,4994,0,0,,xslF345X03/form4.xml,PRIMARY DOCUMENT
0001127602-13-019147,2013-06-03,2013-05-31,2013-06-03T23:37:53.000Z,,4,,,,4,5024,0,0,,xslF345X03/form4.xml,PRIMARY DOCUMENT
0001127602-13-019151,2013-06-03,2013-05-31,2013-06-03T23:40:54.000Z,,4,,,,4,4997,0,0,,xslF345X03/form4.xml,PRIMARY DOCUMENT
0001127602-13-019154,2013-06-03,2013-05-31,2013-06-03T23:44:08.000Z,,4,,,,4,5162,0,0,,xslF345X03/form4.xml,PRIMARY DOCUMENT
0001127602-13-019582,2013-06-05,2013-06-03,2013-06-05T18:05:18.000Z,,4,,,,4,8630,0,0,,xslF345X03/form4.xml,PRIMARY DOCUMENT
0001127602-13-020591,2013-06-17,2013-06-17,2013-06-18T00:05:19.000Z,,4,,,,4,12235,0,0,,xslF345X03/form4.xml,PRIMARY DOCUMENT
0001193125-13-265781,2013-06-20,2013-06-20,2013-06-20T20:08:54.000Z,34,8-K,000-51788,13924577,"2.02,3.01,8.01,9.01",8-K,849526,0,0,,d547425d8k.htm,FORM 8-K
0001193125-13-272832,2013-06-26,2013-05-31,2013-06-26T21:24:42.000Z,34,10-K,000-51788,13935362,,10-K,30387079,1,0,,d531515d10k.htm,FORM 10-K
0001193125-13-272848,2013-06-26,,2013-06-26T21:27:17.000Z,34,IRANNOTICE,000-51788,13935415,,IRANNOTICE,13055,0,0,,d560650dirannotice.htm,IRANNOTICE
0001127602-13-021365,2013-06-28,2013-06-27,2013-06-28T20:46:13.000Z,,4,,,,4,8610,0,0,,xslF345X03/form4.xml,PRIMARY DOCUMENT
0001193125-13-280322,2013-07-02,,2013-07-02T10:08:17.000Z,33,424B2,333-187919,13946366,,424B2,534318,0,0,,d560751d424b2.htm,FILED PURSUANT TO RULE 424(B)(2)
0001193125-13-280914,2013-07-02,,2013-07-02T19:25:06.000Z,34,FWP,333-187919,13948255,,FWP,17677,0,0,,d560751dfwp.htm,FWP
0001127602-13-022098,2013-07-02,2013-07-01,2013-07-02T21:11:54.000Z,,4,,,,4,5228,0,0,,xslF345X03/form4.xml,PRIMARY DOCUMENT
0001127602-13-022100,2013-07-02,2013-07-01,2013-07-02T21:14:32.000Z,,4,,,,4,5108,0,0,,xslF345X03/form4.xml,PRIMARY DOCUMENT
0001127602-13-022104,2013-07-02,2013-07-01,2013-07-02T21:17:25.000Z,,4,,,,4,5081,0,0,,xslF345X03/form4.xml,PRIMARY DOCUMENT
0001127602-13-022107,2013-07-02,2013-07-01,2013-07-02T21:19:21.000Z,,4,,,,4,5135,0,0,,xslF345X03/form4.xml,PRIMARY DOCUMENT
0001127602-13-022109,2013-07-02,2013-07-01,2013-07-02T21:22:06.000Z,,4,,,,4,5120,0,0,,xslF345X03/form4.xml,PRIMARY DOCUMENT
0001127602-13-022113,2013-07-02,2013-07-01,2013-07-02T21:24:24.000Z,,4,,,,4,5098,0,0,,xslF345X03/form4.xml,PRIMARY DOCUMENT
0001127602-13-022115,2013-07-02,2013-07-01,2013-07-02T21:26:18.000Z,,4,,,,4,5222,0,0,,xslF345X03/form4.xml,PRIMARY DOCUMENT
0001127602-13-022119,2013-07-02,2013-07-01,2013-07-02T21:29:49.000Z,,4,,,,4,5094,0,0,,xslF345X03/form4.xml,PRIMARY DOCUMENT
0001193125-13-282337,2013-07-03,,2013-07-03T17:04:05.000Z,33,424B2,333-187919,13952241,,424B2,537003,0,0,,d560751d424b2.htm,424B2
0001193125-13-282389,2013-07-03,,2013-07-03T17:28:57.000Z,34,8-A12B,001-35992,13952429,,8-A12B,25522,0,0,,d563977d8a12b.htm,FORM 8A-12B
9999999997-13-011714,2013-07-08,,2013-07-11T19:20:13.000Z,34,CERTNYS,001-35992,13002772,,CERTNYS,1391,0,0,,9999999997-13-011714.paper,AUTO-GENERATED PAPER DOCUMENT
0001193125-13-285502,2013-07-09,,2013-07-09T12:51:08.000Z,33,424B2,333-187919,13958684,,424B2,529676,0,0,,d565088d424b2.htm,424B2
0001193125-13-286175,2013-07-09,,2013-07-09T21:08:07.000Z,34,FWP,333-187919,13960233,,FWP,31467,0,0,,d566441dfwp.htm,FWP
0001193125-13-286952,2013-07-10,,2013-07-10T16:53:46.000Z,33,424B2,333-187919,13961419,,424B2,540299,0,0,,d565088d424b2.htm,424B2
0001193125-13-287255,2013-07-10,2013-07-10,2013-07-10T20:07:59.000Z,34,8-K,001-35992,13962002,"8.01,9.01",8-K,164040,0,0,,d566107d8k.htm,FORM 8-K
0001193125-13-289328,2013-07-12,,2013-07-12T19:15:55.000Z,34,25,001-35992,13965913,,25,11574,0,0,,d567579d25.htm,25
0001127602-13-022738,2013-07-12,2013-07-11,2013-07-12T23:01:38.000Z,,4,,,,4,8166,0,0,,xslF345X03/form4.xml,PRIMARY DOCUMENT
0001193125-13-291787,2013-07-16,2013-07-16,2013-07-16T20:11:21.000Z,34,8-K,001-35992,13970529,"8.01,9.01",8-K,174821,0,0,,d568055d8k.htm,FORM 8-K
0001127602-13-022964,2013-07-17,2013-07-15,2013-07-17T16:30:22.000Z,,4,,,,4,11680,0,0,,xslF345X03/form4.xml,PRIMARY DOCUMENT
0001127602-13-022971,2013-07-17,2013-07-15,2013-07-17T16:50:14.000Z,,4,,,,4,8641,0,0,,xslF345X03/form4.xml,PRIMARY DOCUMENT
0001193125-13-292972,2013-07-17,,2013-07-17T20:14:53.000Z,34,8-A12B,001-35992,13972771,,8-A12B,17580,0,0,,d570061d8a12b.htm,8-A12B
9999999997-13-011821,2013-07-17,,2013-07-18T11:43:45.000Z,34,CERTNYS,001-35992,13003116,,CERTNYS,1391,0,0,,9999999997-13-011821.paper,AUTO-GENERATED PAPER DOCUMENT
0001127602-13-023074,2013-07-18,2013-07-16,2013-07-18T17:07:11.000Z,,4,,,,4,8646,0,0,,xslF345X03/form4.xml,PRIMARY DOCUMENT
0001127602-13-023107,2013-07-19,2013-07-17,2013-07-19T13:24:20.000Z,,4,,,,4,8640,0,0,,xslF345X03/form4.xml,PRIMARY DOCUMENT
0001127602-13-024644,2013-08-07,2013-08-06,2013-08-07T16:37:08.000Z,,4,,,,4,8086,0,0,,xslF345X03/form4.xml,PRIMARY DOCUMENT
0001127602-13-025352,2013-08-16,2013-08-15,2013-08-16T17:53:12.000Z,,4,,,,4,11681,0,0,,xslF345X03/form4.xml,PRIMARY DOCUMENT
0001127602-13-026569,2013-09-04,2013-09-03,2013-09-04T20:10:53.000Z,,4,,,,4,8631,0,0,,xslF345X03/form4.xml,PRIMARY DOCUMENT
0001127602-13-027378,2013-09-17,2013-09-16,2013-09-17T22:06:45.000Z,,4,,,,4,11681,0,0,,xslF345X03/form4.xml,PRIMARY DOCUMENT
0001127602-13-027379,2013-09-17,2013-09-16,2013-09-17T22:15:01.000Z,,4,,,,4,8082,0,0,,xslF345X03/form4.xml,PRIMARY DOCUMENT
0001193125-13-370408,2013-09-18,2013-09-18,2013-09-18T20:11:07.000Z,34,8-K,001-35992,131103724,"2.02,8.01,9.01",8-K,586951,0,0,,d598627d8k.htm,FORM 8-K
0001193125-13-373325,2013-09-20,2013-10-31,2013-09-20T20:11:56.000Z,34,DEF 14A,001-35992,131108023,,DEF 14A,1293955,0,0,,d569485ddef14a.htm,DEFINITIVE PROXY STATEMENT
0001193125-13-373455,2013-09-20,2013-08-31,2013-09-20T21:01:37.000Z,34,10-Q,001-35992,131108466,,10-Q,18596533,1,0,,d587382d10q.htm,FORM 10-Q
0001127602-13-027813,2013-09-26,2013-09-25,2013-09-26T16:11:43.000Z,,4,,,,4,8616,0,0,,xslF345X03/form4.xml,PRIMARY DOCUMENT
0001127602-13-028018,2013-09-30,2013-09-27,2013-09-30T20:37:47.000Z,,4,,,,4,8597,0,0,,xslF345X03/form4.xml,PRIMARY DOCUMENT
0001193125-13-388330,2013-10-02,,2013-10-02T15:47:11.000Z,34,DEFA14A,001-35992,131129139,,DEFA14A,28354,0,0,,d605565ddefa14a.htm,DEFINITIVE ADDITIONAL MATERIALS
0001127602-13-028938,2013-10-04,2013-10-03,2013-10-04T18:05:33.000Z,,4,,,,4,4641,0,0,,xslF345X03/form4.xml,PRIMARY DOCUMENT
0001377739-13-000024,2013-10-09,,2013-10-08T22:07:59.000Z,34,PX14A6G,001-35992,131142123,,PX14A6G,7964,0,0,,oracleltr.txt,LETTER
0001377739-13-000026,2013-10-11,,2013-10-11T18:21:32.000Z,34,PX14A6G,001-35992,131147736,,PX14A6G,17174,0,0,,orcltweet.txt,ORCLTWEETS
0001127602-13-029392,2013-10-17,2013-10-15,2013-10-17T16:00:48.000Z,,4,,,,4,11680,0,0,,xslF345X03/form4.xml,PRIMARY DOCUMENT
0001377739-13-000028,2013-10-17,,2013-10-17T17:50:20.000Z,34,PX14A6G,001-35992,131156113,,PX14A6G,15248,0,0,,orcltweet2.txt,ORCLTWEET2
0001127602-13-029679,2013-10-23,2013-10-21,2013-10-23T22:31:38.000Z,,4,,,,4,8597,0,0,,xslF345X03/form4.xml,PRIMARY DOCUMENT
0001127602-13-029727,2013-10-24,2013-10-22,2013-10-24T21:20:23.000Z,,4,,,,4,8597,0,0,,xslF345X03/form4.xml,PRIMARY DOCUMENT
0001127602-13-029832,2013-10-28,2013-10-24,2013-10-28T19:33:06.000Z,,4,,,,4,12079,0,0,,xslF345X03/form4.xml,PRIMARY DOCUMENT
0000950159-13-000591,2013-10-29,,2013-10-29T17:50:07.000Z,34,PX14A6G,001-35992,131175734,,PX14A6G,112996,0,0,,px14a6g.htm,ORACLE SHAREHOLDERS' MEETING
0001127602-13-029958,2013-10-29,2013-10-28,2013-10-29T23:37:41.000Z,,4,,,,4,12071,0,0,,xslF345X03/form4.xml,PRIMARY DOCUMENT
0001193125-13-423180,2013-11-01,2013-10-31,2013-11-01T21:03:53.000Z,34,8-K,001-35992,131186680,5.07,8-K,27130,0,0,,d619713d8k.htm,FORM 8-K
0001127602-13-031997,2013-11-18,2013-11-15,2013-11-18T23:25:26.000Z,,4,,,,4,11680,0,0,,xslF345X03/form4.xml,PRIMARY DOCUMENT
0001127602-13-033405,2013-12-03,2013-12-02,2013-12-03T19:12:53.000Z,,4,,,,4,8632,0,0,,xslF345X03/form4.xml,PRIMARY DOCUMENT
0001127602-13-034800,2013-12-17,2013-12-16,2013-12-17T19:06:38.000Z,,4,,,,4,11680,0,0,,xslF345X03/form4.xml,PRIMARY DOCUMENT
0001193125-13-477656,2013-12-18,2013-12-18,2013-12-18T21:17:55.000Z,34,8-K,001-35992,131285377,"2.02,8.01,9.01",8-K,805680,0,0,,d643146d8k.htm,FORM 8-K
0001193125-13-481081,2013-12-20,2013-11-30,2013-12-20T21:33:44.000Z,34,10-Q,001-35992,131291954,,10-Q,18737115,1,0,,d626279d10q.htm,10-Q
0001193125-13-481164,2013-12-20,,2013-12-20T22:04:15.000Z,33,S-8,333-193006,131292248,,S-8,177250,0,0,,d642881ds8.htm,S-8
0001193125-13-481235,2013-12-20,,2013-12-20T22:22:04.000Z,,SC TO-C,,,,SC TO-C,867104,0,0,,d647936dsctoc.htm,SC TO-C
0001127602-13-035586,2013-12-24,2013-12-23,2013-12-24T17:13:39.000Z,,4,,,,4,8082,0,0,,xslF345X03/form4.xml,PRIMARY DOCUMENT
0001127602-13-035646,2013-12-27,2013-12-26,2013-12-27T20:06:50.000Z,,4,,,,4,8617,0,0,,xslF345X03/form4.xml,PRIMARY DOCUMENT
0001127602-13-035740,2013-12-30,2013-12-26,2013-12-30T19:31:19.000Z,,4,,,,4,6706,0,0,,xslF345X03/form4.xml,PRIMARY DOCUMENT
0001127602-13-035742,2013-12-30,2013-12-27,2013-12-30T19:38:26.000Z,,4,,,,4,8129,0,0,,xslF345X03/form4.xml,PRIMARY DOCUMENT
0001193125-13-488376,2013-12-31,,2013-12-31T11:16:37.000Z,,SC 13D,,,,SC 13D,125337,0,0,,d650660dsc13d.htm,SC 13D
0001127602-13-035889,2013-12-31,2013-12-26,2013-12-31T20:01:25.000Z,,4/A,,,,4/A,12467,0,0,,xslF345X03/form4a.xml,PRIMARY DOCUMENT
0001127602-14-000378,2014-01-02,2013-12-31,2014-01-02T23:10:30.000Z,,4,,,,4,11663,0,0,,xslF345X03/form4.xml,PRIMARY DOCUMENT
0001127602-14-001182,2014-01-06,2014-01-02,2014-01-06T19:03:37.000Z,,4,,,,4,8631,0,0,,xslF345X03/form4.xml,PRIMARY DOCUMENT
0001127602-14-001427,2014-01-07,2014-01-06,2014-01-07T23:09:14.000Z,,4,,,,4,8597,0,0,,xslF345X03/form4.xml,PRIMARY DOCUMENT
0001193125-14-004947,2014-01-08,,2014-01-08T15:48:54.000Z,,SC TO-T,,,,SC TO-T,794865,0,0,,d653501dsctot.htm,SC TO-T
0001127602-14-001583,2014-01-09,2014-01-07,2014-01-09T18:31:46.000Z,,4,,,,4,8598,0,0,,xslF345X03/form4.xml,PRIMARY DOCUMENT
0001127602-14-001758,2014-01-10,2014-01-08,2014-01-11T00:17:50.000Z,,4,,,,4,8129,0,0,,xslF345X03/form4.xml,PRIMARY DOCUMENT
0001127602-14-001853,2014-01-14,2014-01-13,2014-01-14T18:56:05.000Z,,4,,,,4,8597,0,0,,xslF345X03/form4.xml,PRIMARY DOCUMENT
0001127602-14-002117,2014-01-16,2014-01-15,2014-01-16T22:25:22.000Z,,4,,,,4,11679,0,0,,xslF345X03/form4.xml,PRIMARY DOCUMENT
0001193125-14-017280,2014-01-22,,2014-01-22T21:07:06.000Z,,SC TO-T/A,,,,SC TO-T/A,91041,0,0,,d653501dsctota.htm,SC TO-T/A
0001193125-14-036058,2014-02-05,,2014-02-05T14:00:56.000Z,,SC TO-T/A,,,,SC TO-T/A,35372,0,0,,d653501dsctota.htm,SC TO-T/A
0001193125-14-037967,2014-02-06,,2014-02-06T13:54:55.000Z,,SC TO-T/A,,,,SC TO-T/A,37571,0,0,,d653501dsctota.htm,SC TO-T/A
0001193125-14-055185,2014-02-14,,2014-02-14T22:13:54.000Z,34,SC 13G/A,005-81502,14619104,,SC 13G/A,28442,0,0,,d677587dsc13ga.htm,SC 13G/A
0001127602-14-007163,2014-02-19,2014-02-18,2014-02-19T23:04:06.000Z,,4,,,,4,11679,0,0,,xslF345X03/form4.xml,PRIMARY DOCUMENT
0001127602-14-011912,2014-03-18,2014-03-17,2014-03-18T17:34:55.000Z,,4,,,,4,11679,0,0,,xslF345X03/form4.xml,PRIMARY DOCUMENT
0001193125-14-104432,2014-03-18,2014-03-18,2014-03-18T20:48:09.000Z,34,8-K,001-35992,14701577,"2.02,8.01,9.01",8-K,819970,0,0,,d695293d8k.htm,8-K
0001193125-14-108126,2014-03-20,2014-01-31,2014-03-20T20:28:15.000Z,34,10-Q,001-35992,14707050,,10-Q,14085705,1,0,,d669179d10q.htm,10-Q
0001193125-14-108187,2014-03-20,,2014-03-20T20:46:57.000Z,33,S-8,333-194705,14707214,,S-8,522367,0,0,,d694275ds8.htm,FORM S-8
0001127602-14-012535,2014-03-21,2014-03-21,2014-03-21T22:47:13.000Z,,4,,,,4,9334,0,0,,xslF345X03/form4.xml,PRIMARY DOCUMENT
0001127602-14-012786,2014-03-26,2014-03-25,2014-03-26T23:38:24.000Z,,4,,,,4,8616,0,0,,xslF345X03/form4.xml,PRIMARY DOCUMENT
0001127602-14-013073,2014-04-01,2014-03-31,2014-04-01T18:45:04.000Z,,4,,,,4,8128,0,0,,xslF345X03/form4.xml,PRIMARY DOCUMENT
0001127602-14-013657,2014-04-02,2014-04-01,2014-04-02T21:01:30.000Z,,4,,,,4,8631,0,0,,xslF345X03/form4.xml,PRIMARY DOCUMENT
0001127602-14-014095,2014-04-04,2014-04-02,2014-04-04T16:07:54.000Z,,4,,,,4,8461,0,0,,xslF345X03/form4.xml,PRIMARY DOCUMENT
0001127602-14-014096,2014-04-04,2014-04-02,2014-04-04T16:23:27.000Z,,4,,,,4,11922,0,0,,xslF345X03/form4.xml,PRIMARY DOCUMENT
0001127602-14-014097,2014-04-04,2014-04-03,2014-04-04T18:09:25.000Z,,4,,,,4,8596,0,0,,xslF345X03/form4.xml,PRIMARY DOCUMENT
0001127602-14-014232,2014-04-07,2014-03-31,2014-04-07T22:12:57.000Z,,4,,,,4,9727,0,0,,xslF345X03/form4.xml,PRIMARY DOCUMENT
0001127602-14-014324,2014-04-09,2014-04-08,2014-04-09T17:46:00.000Z,,4,,,,4,12076,0,0,,xslF345X03/form4.xml,PRIMARY DOCUMENT
0001127602-14-014412,2014-04-10,2014-04-09,2014-04-10T18:05:32.000Z,,4,,,,4,8597,0,0,,xslF345X03/form4.xml,PRIMARY DOCUMENT
0001127602-14-014599,2014-04-16,2014-04-15,2014-04-16T17:20:06.000Z,,4,,,,4,11679,0,0,,xslF345X03/form4.xml,PRIMARY DOCUMENT
0001127602-14-014932,2014-04-22,2014-04-21,2014-04-22T20:55:23.000Z,,4,,,,4,8598,0,0,,xslF345X03/form4.xml,PRIMARY DOCUMENT
0001127602-14-015150,2014-04-24,2014-04-22,2014-04-24T20:37:01.000Z,,4,,,,4,8597,0,0,,xslF345X03/form4.xml,PRIMARY DOCUMENT
0001193125-14-160079,2014-04-25,,2014-04-25T21:00:20.000Z,33,S-8,333-195502,14786270,,S-8,278325,0,0,,d718115ds8.htm,S-8
0001127602-14-017813,2014-05-16,2014-05-15,2014-05-16T12:22:12.000Z,,4,,,,4,11676,0,0,,xslF345X03/form4.xml,PRIMARY DOCUMENT
0001193125-14-203080,2014-05-16,2013-12-31,2014-05-16T21:12:44.000Z,34,11-K,001-35992,14852382,,11-K,344043,0,0,,d725936d11k.htm,11-K
0001193125-14-219851,2014-05-30,,2014-05-30T20:08:11.000Z,34,SD,001-35992,14880394,,SD,32215,0,0,,d735594dsd.htm,SD
0001127602-14-019629,2014-06-03,2014-05-31,2014-06-03T17:56:20.000Z,,4,,,,4,5162,0,0,,xslF345X03/form4.xml,PRIMARY DOCUMENT
0001127602-14-019630,2014-06-03,2014-05-31,2014-06-03T17:58:18.000Z,,4,,,,4,5037,0,0,,xslF345X03/form4.xml,PRIMARY DOCUMENT
0001127602-14-019631,2014-06-03,2014-05-31,2014-06-03T18:01:16.000Z,,4,,,,4,5024,0,0,,xslF345X03/form4.xml,PRIMARY DOCUMENT
0001127602-14-019632,2014-06-03,2014-05-31,2014-06-03T18:03:18.000Z,,4,,,,4,4994,0,0,,xslF345X03/form4.xml,PRIMARY DOCUMENT
0001127602-14-019633,2014-06-03,2014-05-31,2014-06-03T18:05:50.000Z,,4,,,,4,4997,0,0,,xslF345X03/form4.xml,PRIMARY DOCUMENT
0001127602-14-019634,2014-06-03,2014-05-31,2014-06-03T18:07:52.000Z,,4,,,,4,5163,0,0,,xslF345X03/form4.xml,PRIMARY DOCUMENT
0001127602-14-019635,2014-06-03,2014-05-31,2014-06-03T18:11:02.000Z,,4,,,,4,5026,0,0,,xslF345X03/form4.xml,PRIMARY DOCUMENT
0001127602-14-021030,2014-06-17,2014-06-16,2014-06-17T18:12:49.000Z,,4,,,,4,8206,0,0,,xslF345X03/form4.xml,PRIMARY DOCUMENT
0001193125-14-242424,2014-06-19,2014-06-19,2014-06-19T20:07:57.000Z,34,8-K,001-35992,14930583,"2.02,8.01,9.01",8-K,895219,0,0,,d740679d8k.htm,8-K
0001193125-14-245516,2014-06-23,,2014-06-23T20:46:07.000Z,,SC TO-C,,,,SC TO-C,5829104,0,0,,d744268dsctoc.htm,SC TO-C
0001193125-14-246160,2014-06-24,2014-06-22,2014-06-24T10:08:34.000Z,34,8-K,001-35992,14936336,"8.01,9.01",8-K,487011,0,0,,d748380d8k.htm,8-K
0001193125-14-251351,2014-06-26,2014-05-31,2014-06-26T21:07:01.000Z,34,10-K,001-35992,14943339,,10-K,32087656,1,0,,d725622d10k.htm,10-K
0001127602-14-021775,2014-06-27,2014-06-26,2014-06-27T21:10:28.000Z,,4,,,,4,12091,0,0,,xslF345X03/form4.xml,PRIMARY DOCUMENT
0001193125-14-254462,2014-06-30,,2014-06-30T12:47:07.000Z,33,424B2,333-187919,14947464,,424B2,578113,0,0,,d747051d424b2.htm,424B2
0001193125-14-256393,2014-07-01,,2014-07-01T01:56:53.000Z,34,FWP,333-187919,14950552,,FWP,64778,0,0,,d747051dfwp.htm,FWP
0001193125-14-257652,2014-07-01,,2014-07-01T20:06:11.000Z,33,424B2,333-187919,14952672,,424B2,628259,0,0,,d747051d424b2.htm,424B2
0001127602-14-022547,2014-07-02,2014-07-01,2014-07-02T20:27:14.000Z,,4,,,,4,8631,0,0,,xslF345X03/form4.xml,PRIMARY DOCUMENT
0001193125-14-259820,2014-07-03,2014-06-22,2014-07-03T10:10:31.000Z,34,8-K/A,001-35992,14958637,"8.01,9.01",8-K/A,456140,0,0,,d753807d8ka.htm,FORM 8-K/A
0001193125-14-259825,2014-07-03,,2014-07-03T10:14:27.000Z,,SC TO-T,,,,SC TO-T,1036202,0,0,,d744268dsctot.htm,SC TO-T
0001193125-14-262234,2014-07-08,,2014-07-08T00:46:01.000Z,,SC TO-T/A,,,,SC TO-T/A,149870,0,0,,d756600dsctota.htm,SC TO-T/A
0001193125-14-263107,2014-07-08,2014-07-08,2014-07-08T20:10:54.000Z,34,8-K,001-35992,14965590,"8.01,9.01",8-K,336000,0,0,,d756565d8k.htm,FORM 8-K
0001193125-14-268294,2014-07-15,,2014-07-15T10:04:36.000Z,,SC TO-T/A,,,,SC TO-T/A,789175,0,0,,d757756dsctota.htm,SC TO-T/A
0001193125-14-271802,2014-07-18,,2014-07-17T21:53:23.000Z,,SC TO-T/A,,,,SC TO-T/A,37563,0,0,,d761398dsctota.htm,SC TO-T/A
0001127602-14-023988,2014-07-28,2014-07-24,2014-07-28T22:29:51.000Z,,4,,,,4,5222,0,0,,xslF345X03/form4.xml,PRIMARY DOCUMENT
0001127602-14-023989,2014-07-28,2014-07-24,2014-07-28T22:31:29.000Z,,4,,,,4,5120,0,0,,xslF345X03/form4.xml,PRIMARY DOCUMENT
0001127602-14-023991,2014-07-28,2014-07-24,2014-07-28T22:33:20.000Z,,4,,,,4,5228,0,0,,xslF345X03/form4.xml,PRIMARY DOCUMENT
0001127602-14-023996,2014-07-28,2014-07-24,2014-07-28T22:44:38.000Z,,4,,,,4,7513,0,0,,xslF345X03/form4.xml,PRIMARY DOCUMENT
0001127602-14-023997,2014-07-28,2014-07-24,2014-07-28T23:04:50.000Z,,4,,,,4,5081,0,0,,xslF345X03/form4.xml,PRIMARY DOCUMENT
0001127602-14-024000,2014-07-28,2014-07-24,2014-07-28T23:06:31.000Z,,4,,,,4,5135,0,0,,xslF345X03/form4.xml,PRIMARY DOCUMENT
0001127602-14-024001,2014-07-28,2014-07-24,2014-07-28T23:09:15.000Z,,4,,,,4,5108,0,0,,xslF345X03/form4.xml,PRIMARY DOCUMENT
0001127602-14-024002,2014-07-28,2014-07-24,2014-07-28T23:12:09.000Z,,4,,,,4,5359,0,0,,xslF345X03/form4.xml,PRIMARY DOCUMENT
0001193125-14-283814,2014-07-29,,2014-07-29T14:19:10.000Z,,SC TO-T/A,,,,SC TO-T/A,56692,0,0,,d765107dsctota.htm,SC TO-T/A
0001127602-14-024042,2014-07-29,2014-07-25,2014-07-29T19:47:43.000Z,,4,,,,4,8455,0,0,,xslF345X03/form4.xml,PRIMARY DOCUMENT
0001193125-14-308470,2014-08-13,,2014-08-13T20:30:55.000Z,,SC TO-T/A,,,,SC TO-T/A,55735,0,0,,d773046dsctota.htm,SC TO-T/A
0001193125-14-327591,2014-08-29,,2014-08-29T21:14:55.000Z,,SC TO-T/A,,,,SC TO-T/A,49821,0,0,,d780297dsctota.htm,SC TO-T/A
0001193125-14-329786,2014-09-03,,2014-09-03T12:25:08.000Z,,SC TO-T/A,,,,SC TO-T/A,63737,0,0,,d783809dsctota.htm,SC TO-T/A
0001193125-14-334437,2014-09-08,,2014-09-08T11:20:07.000Z,,SC TO-T/A,,,,SC TO-T/A,40064,0,0,,d785402dsctota.htm,SC TO-T/A
0001193125-14-345688,2014-09-18,2014-09-18,2014-09-18T20:34:08.000Z,34,8-K,001-35992,141110338,"2.02,8.01,9.01",8-K,611413,0,0,,d788531d8k.htm,FORM 8-K
0001193125-14-350215,2014-09-23,2014-09-18,2014-09-23T21:03:54.000Z,34,8-K,001-35992,141116543,"5.02,9.01",8-K,37492,0,0,,d793532d8k.htm,FORM 8-K
0001193125-14-350236,2014-09-23,2014-11-05,2014-09-23T21:12:02.000Z,34,DEF 14A,001-35992,141116614,,DEF 14A,1329475,0,0,,d778087ddef14a.htm,DEFINITIVE PROXY STATEMENT
0001193125-14-350245,2014-09-23,,2014-09-23T21:14:55.000Z,34,DEFA14A,001-35992,141116633,,DEFA14A,537978,0,0,,d792909ddefa14a.htm,DEFINITIVE ADDITIONAL MATERIALS
0001193125-14-350291,2014-09-23,2014-08-31,2014-09-23T21:28:28.000Z,34,10-Q,001-35992,141116728,,10-Q,12459161,1,0,,d770194d10q.htm,FORM 10-Q
0001127602-14-028411,2014-09-25,2014-09-23,2014-09-25T21:02:29.000Z,,4,,,,4,11680,0,0,,xslF345X03/form4.xml,PRIMARY DOCUMENT
0001127602-14-028429,2014-09-26,2014-09-25,2014-09-26T17:33:57.000Z,,4,,,,4,12092,0,0,,xslF345X03/form4.xml,PRIMARY DOCUMENT
0000950159-14-000441,2014-09-29,,2014-09-29T10:01:01.000Z,34,PX14A6G,001-35992,141125266,,PX14A6G,43507,0,0,,px14a6g.htm,ORACLE ANNUAL MEETING
0001127602-14-029416,2014-10-03,2014-10-01,2014-10-03T23:29:25.000Z,,4,,,,4,8633,0,0,,xslF345X03/form4.xml,PRIMARY DOCUMENT
0001127602-14-029657,2014-10-07,2014-10-05,2014-10-07T22:45:00.000Z,,4,,,,4,5115,0,0,,xslF345X03/form4.xml,PRIMARY DOCUMENT
0001127602-14-029658,2014-10-07,2014-10-05,2014-10-07T22:46:24.000Z,,4,,,,4,5127,0,0,,xslF345X03/form4.xml,PRIMARY DOCUMENT
0001127602-14-029659,2014-10-07,2014-10-05,2014-10-07T22:47:35.000Z,,4,,,,4,5278,0,0,,xslF345X03/form4.xml,PRIMARY DOCUMENT
0001127602-14-029704,2014-10-08,2014-10-07,2014-10-08T23:08:35.000Z,,4,,,,4,12526,0,0,,xslF345X03/form4.xml,PRIMARY DOCUMENT
0001193125-14-372996,2014-10-16,,2014-10-16T01:05:32.000Z,34,DEFA14A,001-35992,141158685,,DEFA14A,713434,0,0,,d805993ddefa14a.htm,DEFA14A
0001127602-14-029949,2014-10-16,2014-10-15,2014-10-16T20:22:37.000Z,,4,,,,4,11680,0,0,,xslF345X03/form4.xml,PRIMARY DOCUMENT
0001193125-14-383427,2014-10-27,,2014-10-27T21:07:14.000Z,33,S-8,333-199617,141175075,,S-8,352600,0,0,,d808728ds8.htm,FORM S-8
0001193125-14-403609,2014-11-07,2014-11-05,2014-11-07T22:01:54.000Z,34,8-K,001-35992,141205685,5.07,8-K,32346,0,0,,d816538d8k.htm,8-K
0001127602-14-032867,2014-11-19,2014-11-17,2014-11-19T22:06:44.000Z,,4,,,,4,11679,0,0,,xslF345X03/form4.xml,PRIMARY DOCUMENT
0000000000-14-060445,2014-11-25,,2014-11-25T21:52:38.000Z,,UPLOAD,,,,LETTER,222936,0,0,,filename1.pdf,
0001127602-14-033823,2014-12-02,2014-11-28,2014-12-02T19:35:46.000Z,,4,,,,4,9332,0,0,,xslF345X03/form4.xml,PRIMARY DOCUMENT
0001127602-14-033834,2014-12-02,2014-11-28,2014-12-02T19:45:01.000Z,,4,,,,4,8083,0,0,,xslF345X03/form4.xml,PRIMARY DOCUMENT
0001193125-14-434988,2014-12-05,,2014-12-05T22:11:06.000Z,,CORRESP,,,,CORRESP,30241,0,0,,filename1.htm,
0001127602-14-035220,2014-12-16,2014-12-15,2014-12-16T18:46:50.000Z,,4,,,,4,11679,0,0,,xslF345X03/form4.xml,PRIMARY DOCUMENT
0001193125-14-445350,2014-12-17,2014-12-17,2014-12-17T21:04:12.000Z,34,8-K,001-35992,141292535,"2.02,8.01,9.01",8-K,574112,0,0,,d836998d8k.htm,FORM 8-K
0000000000-14-065761,2014-12-19,,2014-12-19T16:38:14.000Z,,UPLOAD,,,,LETTER,36354,0,0,,filename1.pdf,
0001193125-14-448728,2014-12-19,2014-11-30,2014-12-19T21:38:45.000Z,34,10-Q,001-35992,141300111,,10-Q,20746903,1,0,,d819288d10q.htm,FORM 10-Q
0001127602-14-035745,2014-12-19,2014-12-18,2014-12-19T22:20:21.000Z,,4,,,,4,9332,0,0,,xslF345X03/form4.xml,PRIMARY DOCUMENT
0001127602-14-035990,2014-12-24,2014-12-22,2014-12-24T16:54:29.000Z,,4,,,,4,15577,0,0,,xslF345X03/form4.xml,PRIMARY DOCUMENT
0001127602-14-035993,2014-12-24,2014-12-23,2014-12-24T17:52:23.000Z,,4,,,,4,12445,0,0,,xslF345X03/form4.xml,PRIMARY DOCUMENT
0001127602-14-036003,2014-12-24,2014-12-24,2014-12-24T19:46:16.000Z,,4,,,,4,12096,0,0,,xslF345X03/form4.xml,PRIMARY DOCUMENT
0001127602-15-000095,2015-01-02,2014-12-31,2015-01-02T17:53:36.000Z,,4,,,,4,8354,0,0,,xslF345X03/form4.xml,PRIMARY DOCUMENT
0001127602-15-000757,2015-01-05,2015-01-02,2015-01-05T21:58:26.000Z,,4,,,,4,8645,0,0,,xslF345X03/form4.xml,PRIMARY DOCUMENT
0001127602-15-002003,2015-01-16,2015-01-15,2015-01-16T21:07:18.000Z,,4,,,,4,11678,0,0,,xslF345X03/form4.xml,PRIMARY DOCUMENT
0001193125-15-018993,2015-01-23,2015-01-19,2015-01-23T22:02:59.000Z,34,8-K,001-35992,15546256,"5.02,9.01",8-K,35691,0,0,,d855962d8k.htm,FORM 8-K
9999999997-15-007433,2015-01-26,,2015-04-06T14:43:35.000Z,34,PX14A6G,001-35992,15005644,,PX14A6G,1850,0,0,,9999999997-15-007433.paper,AUTO-GENERATED PAPER DOCUMENT
0001209191-15-007326,2015-01-29,2015-01-19,2015-01-29T11:10:48.000Z,,3,,,,3,7265,0,0,,xslF345X02/doc3.xml,FORM 3 SUBMISSION
0001193125-15-041748,2015-02-10,,2015-02-10T22:03:58.000Z,34,SC 13G/A,005-81502,15594722,,SC 13G/A,27667,0,0,,d869063dsc13ga.htm,SC 13G/A
0001127602-15-007273,2015-02-20,2015-02-17,2015-02-20T18:10:15.000Z,,4,,,,4,11678,0,0,,xslF345X03/form4.xml,PRIMARY DOCUMENT
0001193125-15-095415,2015-03-17,2015-03-17,2015-03-17T20:25:36.000Z,34,8-K,001-35992,15707036,"2.02,8.01,9.01",8-K,544797,0,0,,d892005d8k.htm,8-K
0001127602-15-011727,2015-03-17,2015-03-16,2015-03-17T21:46:15.000Z,,4,,,,4,11678,0,0,,xslF345X03/form4.xml,PRIMARY DOCUMENT
0001193125-15-098586,2015-03-19,2015-02-28,2015-03-19T20:31:53.000Z,34,10-Q,001-35992,15713213,,10-Q,20632910,1,0,,d851089d10q.htm,10-Q
0001193125-15-098596,2015-03-19,,2015-03-19T20:36:47.000Z,33,S-8,333-202870,15713253,,S-8,275180,0,0,,d886790ds8.htm,FORM S-8
0001127602-15-012500,2015-03-25,2015-03-23,2015-03-25T15:20:13.000Z,,4,,,,4,8594,0,0,,xslF345X03/form4.xml,PRIMARY DOCUMENT
0001127602-15-012501,2015-03-25,2015-03-24,2015-03-25T15:49:32.000Z,,4,,,,4,12088,0,0,,xslF345X03/form4.xml,PRIMARY DOCUMENT
0001127602-15-012885,2015-03-31,2015-03-27,2015-03-31T16:42:09.000Z,,4,,,,4,8665,0,0,,xslF345X03/form4.xml,PRIMARY DOCUMENT
0001127602-15-012909,2015-03-31,2015-03-27,2015-03-31T20:06:08.000Z,,4,,,,4,8376,0,0,,xslF345X03/form4.xml,PRIMARY DOCUMENT
0001127602-15-013750,2015-04-02,2015-04-01,2015-04-02T22:07:10.000Z,,4,,,,4,8645,0,0,,xslF345X03/form4.xml,PRIMARY DOCUMENT
0001127602-15-013751,2015-04-02,2015-04-02,2015-04-02T22:17:49.000Z,,4,,,,4,6604,0,0,,xslF345X03/form4.xml,PRIMARY DOCUMENT
0001127602-15-014437,2015-04-14,2015-04-14,2015-04-14T20:23:58.000Z,,4,,,,4,8350,0,0,,xslF345X03/form4.xml,PRIMARY DOCUMENT
0001127602-15-014654,2015-04-17,2015-04-15,2015-04-17T13:43:55.000Z,,4,,,,4,11678,0,0,,xslF345X03/form4.xml,PRIMARY DOCUMENT
0001193125-15-151048,2015-04-28,,2015-04-28T12:31:37.000Z,33,424B2,333-187919,15796734,,424B2,517236,0,0,,d915734d424b2.htm,424B2
0001193125-15-154238,2015-04-29,,2015-04-29T10:10:59.000Z,34,FWP,333-187919,15809948,,FWP,62905,0,0,,d917157dfwp.htm,FWP
0001193125-15-156374,2015-04-29,,2015-04-29T19:44:53.000Z,33,424B2,333-187919,15812183,,424B2,531341,0,0,,d915734d424b2.htm,424B2
0001193125-15-172238,2015-05-05,2015-05-05,2015-05-05T20:38:40.000Z,34,8-K,001-35992,15833559,"8.01,9.01",8-K,296107,0,0,,d920453d8k.htm,FORM 8-K
0001193125-15-187963,2015-05-14,2014-12-31,2015-05-14T20:02:35.000Z,34,11-K,001-35992,15862761,,11-K,304410,0,0,,d923615d11k.htm,FORM 11-K
0001127602-15-017816,2015-05-19,2015-05-15,2015-05-19T16:53:33.000Z,,4,,,,4,11675,0,0,,xslF345X03/form4.xml,PRIMARY DOCUMENT
0001193125-15-206704,2015-05-29,,2015-05-29T20:19:59.000Z,34,SD,001-35992,15899832,,SD,32712,0,0,,d930610dsd.htm,FORM SD
0001127602-15-019343,2015-06-02,2015-05-31,2015-06-02T17:16:53.000Z,,4,,,,4,7375,0,0,,xslF345X03/form4.xml,PRIMARY DOCUMENT
0001127602-15-019345,2015-06-02,2015-05-31,2015-06-02T17:18:35.000Z,,4,,,,4,7359,0,0,,xslF345X03/form4.xml,PRIMARY DOCUMENT
0001127602-15-019358,2015-06-02,2015-05-31,2015-06-02T17:44:25.000Z,,4,,,,4,7314,0,0,,xslF345X03/form4.xml,PRIMARY DOCUMENT
0001127602-15-019361,2015-06-02,2015-05-31,2015-06-02T17:48:24.000Z,,4,,,,4,7332,0,0,,xslF345X03/form4.xml,PRIMARY DOCUMENT
0001127602-15-019365,2015-06-02,2015-05-31,2015-06-02T17:50:38.000Z,,4,,,,4,7500,0,0,,xslF345X03/form4.xml,PRIMARY DOCUMENT
0001127602-15-019367,2015-06-02,2015-05-31,2015-06-02T17:52:30.000Z,,4,,,,4,7498,0,0,,xslF345X03/form4.xml,PRIMARY DOCUMENT
0001127602-15-019369,2015-06-02,2015-05-31,2015-06-02T17:54:32.000Z,,4,,,,4,7361,0,0,,xslF345X03/form4.xml,PRIMARY DOCUMENT
0001127602-15-019371,2015-06-02,2015-05-31,2015-06-02T17:56:41.000Z,,4,,,,4,7329,0,0,,xslF345X03/form4.xml,PRIMARY DOCUMENT
0001127602-15-020757,2015-06-16,2015-06-15,2015-06-16T20:31:00.000Z,,4,,,,4,11679,0,0,,xslF345X03/form4.xml,PRIMARY DOCUMENT
0001193125-15-225867,2015-06-17,2015-06-17,2015-06-17T20:08:07.000Z,34,8-K,001-35992,15937264,"2.02,8.01,9.01",8-K,544685,0,0,,d942770d8k.htm,8-K
0001127602-15-021349,2015-06-25,2015-06-24,2015-06-25T17:46:53.000Z,,4,,,,4,8613,0,0,,xslF345X03/form4.xml,PRIMARY DOCUMENT
0001193125-15-235239,2015-06-25,2015-05-31,2015-06-25T21:03:14.000Z,34,10-K,001-35992,15952387,,10-K,23591054,1,0,,d920711d10k.htm,FORM 10-K
0001127602-15-022110,2015-07-02,2015-07-01,2015-07-02T17:37:10.000Z,,4,,,,4,8645,0,0,,xslF345X03/form4.xml,PRIMARY DOCUMENT
0001127602-15-022479,2015-07-07,2015-07-02,2015-07-07T17:32:05.000Z,,4,,,,4,5135,0,0,,xslF345X03/form4.xml,PRIMARY DOCUMENT
0001127602-15-022480,2015-07-07,2015-07-02,2015-07-07T17:35:55.000Z,,4,,,,4,5421,0,0,,xslF345X03/form4.xml,PRIMARY DOCUMENT
0001127602-15-022484,2015-07-07,2015-07-02,2015-07-07T17:50:53.000Z,,4,,,,4,7575,0,0,,xslF345X03/form4.xml,PRIMARY DOCUMENT
0001127602-15-022485,2015-07-07,2014-10-05,2015-07-07T17:57:38.000Z,,4,,,,4,7739,0,0,,xslF345X03/form4.xml,PRIMARY DOCUMENT
0001127602-15-022487,2015-07-07,2015-07-02,2015-07-07T17:59:53.000Z,,4,,,,4,5103,0,0,,xslF345X03/form4.xml,PRIMARY DOCUMENT
0001127602-15-022488,2015-07-07,2015-07-02,2015-07-07T18:01:39.000Z,,4,,,,4,5078,0,0,,xslF345X03/form4.xml,PRIMARY DOCUMENT
0001127602-15-022490,2015-07-07,2015-07-02,2015-07-07T18:03:34.000Z,,4,,,,4,5122,0,0,,xslF345X03/form4.xml,PRIMARY DOCUMENT
0001127602-15-022492,2015-07-07,2015-07-02,2015-07-07T18:05:17.000Z,,4,,,,4,5134,0,0,,xslF345X03/form4.xml,PRIMARY DOCUMENT
0001193125-15-254267,2015-07-16,2015-07-16,2015-07-16T10:08:00.000Z,34,8-K,001-35992,15990373,"7.01,9.01",8-K,762607,0,0,,d62561d8k.htm,FORM 8-K
0001127602-15-022994,2015-07-16,2015-07-15,2015-07-16T23:37:25.000Z,,4,,,,4,11679,0,0,,xslF345X03/form4.xml,PRIMARY DOCUMENT
0001127602-15-023045,2015-07-17,2015-07-15,2015-07-17T19:14:56.000Z,,4,,,,4,5775,0,0,,xslF345X03/form4.xml,PRIMARY DOCUMENT
0001127602-15-023046,2015-07-17,2015-07-15,2015-07-17T19:15:59.000Z,,4,,,,4,11074,0,0,,xslF345X03/form4.xml,PRIMARY DOCUMENT
0001127602-15-023047,2015-07-17,2015-07-15,2015-07-17T19:17:37.000Z,,4,,,,4,10914,0,0,,xslF345X03/form4.xml,PRIMARY DOCUMENT
0001127602-15-023048,2015-07-17,2015-07-15,2015-07-17T19:18:36.000Z,,4,,,,4,10901,0,0,,xslF345X03/form4.xml,PRIMARY DOCUMENT
0001127602-15-023049,2015-07-17,2015-07-15,2015-07-17T19:19:38.000Z,,4,,,,4,10820,0,0,,xslF345X03/form4.xml,PRIMARY DOCUMENT
0001127602-15-023564,2015-07-28,2015-07-24,2015-07-28T21:35:02.000Z,,4,,,,4,8346,0,0,,xslF345X03/form4.xml,PRIMARY DOCUMENT
0001127602-15-023566,2015-07-28,2015-07-24,2015-07-28T21:43:13.000Z,,4,,,,4,8342,0,0,,xslF345X03/form4.xml,PRIMARY DOCUMENT
0001127602-15-025343,2015-08-19,2015-08-17,2015-08-19T18:18:00.000Z,,4,,,,4,12235,0,0,,xslF345X03/form4.xml,PRIMARY DOCUMENT
0001127602-15-027080,2015-09-16,2015-09-15,2015-09-16T16:22:09.000Z,,4,,,,4,12235,0,0,,xslF345X03/form4.xml,PRIMARY DOCUMENT
0001193125-15-321413,2015-09-16,2015-09-16,2015-09-16T20:14:11.000Z,34,8-K,001-35992,151110461,"2.02,8.01,9.01",8-K,404413,0,0,,d44397d8k.htm,FORM 8-K
0001193125-15-323532,2015-09-18,2015-08-31,2015-09-18T21:18:22.000Z,34,10-Q,001-35992,151115986,,10-Q,10393000,1,0,,d64286d10q.htm,FORM 10-Q
0001193125-15-323533,2015-09-18,,2015-09-18T21:21:19.000Z,33,S-8,333-207038,151116009,,S-8,157909,0,0,,d58352ds8.htm,FORM S-8
0001127602-15-027613,2015-09-24,2015-09-23,2015-09-24T20:17:47.000Z,,4,,,,4,8484,0,0,,xslF345X03/form4.xml,PRIMARY DOCUMENT
0001193125-15-329073,2015-09-25,2015-11-18,2015-09-25T20:06:10.000Z,34,DEF 14A,001-35992,151125289,,DEF 14A,2269746,0,0,,d31893ddef14a.htm,DEFINITIVE PROXY STATEMENT
0001193125-15-329085,2015-09-25,,2015-09-25T20:10:58.000Z,34,DEFA14A,001-35992,151125326,,DEFA14A,302283,0,0,,d13147ddefa14a.htm,DEFINITIVE ADDITIONAL MATERIALS
0001214659-15-006798,2015-09-29,,2015-09-29T16:06:06.000Z,34,PX14A6G,001-35992,151129462,,PX14A6G,58215,0,0,,a929150px14a6g.htm,
0001127602-15-027817,2015-09-29,2015-07-15,2015-09-29T21:22:10.000Z,,4/A,,,,4/A,6269,0,0,,xslF345X03/form4a.xml,PRIMARY DOCUMENT
9999999997-15-014022,2015-09-30,2015-05-31,2015-10-07T19:42:11.000Z,34,ARS,001-35992,15008401,,ARS,1416,0,0,,9999999997-15-014022.paper,AUTO-GENERATED PAPER DOCUMENT
0001127602-15-028590,2015-10-05,2015-10-01,2015-10-05T18:35:40.000Z,,4,,,,4,8647,0,0,,xslF345X03/form4.xml,PRIMARY DOCUMENT
0001127602-15-028749,2015-10-07,2015-10-05,2015-10-07T17:56:44.000Z,,4,,,,4,8341,0,0,,xslF345X03/form4.xml,PRIMARY DOCUMENT
0001127602-15-028967,2015-10-09,2015-10-07,2015-10-09T22:31:41.000Z,,4,,,,4,8395,0,0,,xslF345X03/form4.xml,PRIMARY DOCUMENT
0001214659-15-007106,2015-10-14,,2015-10-14T12:00:40.000Z,34,PX14A6G,001-35992,151157251,,PX14A6G,70111,0,0,,j1013151px14a6g.htm,
0001127602-15-029231,2015-10-19,2015-10-15,2015-10-19T16:08:56.000Z,,4,,,,4,11679,0,0,,xslF345X03/form4.xml,PRIMARY DOCUMENT
0001193125-15-352226,2015-10-26,,2015-10-23T23:28:35.000Z,34,DEFA14A,001-35992,151173727,,DEFA14A,23402,0,0,,d90108ddefa14a.htm,DEFA14A
0001127602-15-029908,2015-11-02,2015-10-30,2015-11-02T18:57:36.000Z,,4,,,,4,8392,0,0,,xslF345X03/form4.xml,PRIMARY DOCUMENT
0001127602-15-029915,2015-11-02,2015-10-28,2015-11-02T19:42:09.000Z,,4,,,,4,5463,0,0,,xslF345X03/form4.xml,PRIMARY DOCUMENT
0001127602-15-029917,2015-11-02,2015-10-28,2015-11-02T19:43:18.000Z,,4,,,,4,5434,0,0,,xslF345X03/form4.xml,PRIMARY DOCUMENT
0001127602-15-031805,2015-11-18,2015-11-16,2015-11-18T17:43:46.000Z,,4,,,,4,11679,0,0,,xslF345X03/form4.xml,PRIMARY DOCUMENT
0001193125-15-383821,2015-11-20,2015-11-18,2015-11-20T22:02:58.000Z,34,8-K,001-35992,151247319,5.07,8-K,27580,0,0,,d47012d8k.htm,FORM 8-K
0001193125-15-404914,2015-12-16,2015-12-16,2015-12-16T21:37:13.000Z,34,8-K,001-35992,151291337,"2.02,5.02,8.01,9.01",8-K,570258,0,0,,d100103d8k.htm,FORM 8-K
0001127602-15-034507,2015-12-17,2015-12-16,2015-12-17T22:11:42.000Z,,3,,,,3,6504,0,0,,xslF345X02/form3.xml,PRIMARY DOCUMENT
0001127602-15-034508,2015-12-17,2015-12-15,2015-12-17T22:13:42.000Z,,4,,,,4,11679,0,0,,xslF345X03/form4.xml,PRIMARY DOCUMENT
0001127602-15-034534,2015-12-17,2015-12-16,2015-12-18T00:53:13.000Z,,4,,,,4,7327,0,0,,xslF345X03/form4.xml,PRIMARY DOCUMENT
0001193125-15-407703,2015-12-18,2015-11-30,2015-12-18T21:04:50.000Z,34,10-Q,001-35992,151296907,,10-Q,12974065,1,0,,d134252d10q.htm,FORM 10-Q
0001193125-15-407860,2015-12-18,,2015-12-18T22:03:11.000Z,33,S-8,333-208632,151297459,,S-8,308013,0,0,,d106922ds8.htm,S-8
0001127602-15-034769,2015-12-22,2015-12-21,2015-12-22T18:50:29.000Z,,4,,,,4,14925,0,0,,xslF345X03/form4.xml,PRIMARY DOCUMENT
0001127602-15-034890,2015-12-24,2015-12-23,2015-12-24T17:15:53.000Z,,4,,,,4,11659,0,0,,xslF345X03/form4.xml,PRIMARY DOCUMENT
0001127602-15-035201,2015-12-31,2015-12-30,2015-12-31T22:18:19.000Z,,4,,,,4,9851,0,0,,xslF345X03/form4.xml,PRIMARY DOCUMENT
0000000000-16-062025,2016-01-21,,2016-01-21T15:59:04.000Z,,UPLOAD,,,,LETTER,161127,0,0,,filename1.pdf,
0001127602-16-038191,2016-01-28,2016-01-26,2016-01-28T19:13:58.000Z,,4,,,,4,11678,0,0,,xslF345X03/form4.xml,PRIMARY DOCUMENT
0001127602-16-038202,2016-01-28,2016-01-27,2016-01-28T19:32:53.000Z,,4,,,,4,5629,0,0,,xslF345X03/form4.xml,PRIMARY DOCUMENT
0001127602-16-038203,2016-01-28,2016-01-27,2016-01-28T19:33:58.000Z,,4,,,,4,8510,0,0,,xslF345X03/form4.xml,PRIMARY DOCUMENT
0001193125-16-443241,2016-01-29,,2016-01-29T16:46:11.000Z,,CORRESP,,,,CORRESP,15592,0,0,,filename1.htm,
0001193125-16-462522,2016-02-12,,2016-02-12T21:33:36.000Z,34,SC 13G/A,005-81502,161419854,,SC 13G/A,29558,0,0,,d122263dsc13ga.htm,SC 13G/A
0001127602-16-041758,2016-02-17,2016-02-12,2016-02-17T20:16:10.000Z,,4,,,,4,6787,0,0,,xslF345X03/form4.xml,PRIMARY DOCUMENT
0001127602-16-041824,2016-02-17,2016-02-16,2016-02-17T21:11:13.000Z,,4,,,,4,11678,0,0,,xslF345X03/form4.xml,PRIMARY DOCUMENT
0001193125-16-505164,2016-03-15,2016-03-15,2016-03-15T20:07:07.000Z,34,8-K,001-35992,161506973,"2.02,8.01,9.01",8-K,566267,1,0,,d118836d8k.htm,FORM 8-K
0001127602-16-046621,2016-03-16,2016-03-15,2016-03-17T00:48:17.000Z,,4,,,,4,11686,0,0,,xslF345X03/form4.xml,PRIMARY DOCUMENT
0001193125-16-510333,2016-03-18,2016-02-29,2016-03-18T20:11:19.000Z,34,10-Q,001-35992,161516212,,10-Q,13071443,1,0,,d48108d10q.htm,FORM 10-Q
0001193125-16-510376,2016-03-18,,2016-03-18T20:23:08.000Z,,CORRESP,,,,CORRESP,32046,0,0,,filename1.htm,
0001193125-16-510388,2016-03-18,,2016-03-18T20:25:41.000Z,33,S-3ASR,333-210282,161516378,,S-3ASR,523520,0,0,,d162575ds3asr.htm,S-3ASR
0001193125-16-510467,2016-03-18,,2016-03-18T20:56:04.000Z,33,S-8,333-210287,161516669,,S-8,449083,1,0,,d134063ds8.htm,FORM S-8
0001127602-16-047240,2016-03-23,2016-03-21,2016-03-23T16:32:36.000Z,,4,,,,4,8485,0,0,,xslF345X03/form4.xml,PRIMARY DOCUMENT
0001127602-16-047271,2016-03-23,2016-03-22,2016-03-23T20:04:59.000Z,,4,,,,4,8497,0,0,,xslF345X03/form4.xml,PRIMARY DOCUMENT
0001127602-16-047288,2016-03-23,2016-03-22,2016-03-23T20:27:45.000Z,,4,,,,4,8630,0,0,,xslF345X03/form4.xml,PRIMARY DOCUMENT
0001127602-16-047748,2016-03-29,2016-03-28,2016-03-29T22:53:32.000Z,,4,,,,4,11702,0,0,,xslF345X03/form4.xml,PRIMARY DOCUMENT
0000000000-16-070751,2016-04-04,,2016-04-04T15:19:27.000Z,,UPLOAD,,,,LETTER,36142,0,0,,filename1.pdf,
0001127602-16-048272,2016-04-04,2016-03-31,2016-04-04T16:40:17.000Z,,4,,,,4,4354,0,0,,xslF345X03/form4.xml,PRIMARY DOCUMENT
0001127602-16-049184,2016-04-13,2016-04-11,2016-04-13T19:47:18.000Z,,4,,,,4,8656,0,0,,xslF345X03/form4.xml,PRIMARY DOCUMENT
0001127602-16-049448,2016-04-19,2016-04-15,2016-04-19T18:57:40.000Z,,4,,,,4,11678,0,0,,xslF345X03/form4.xml,PRIMARY DOCUMENT
0001127602-16-049603,2016-04-20,2016-04-18,2016-04-20T21:12:15.000Z,,4,,,,4,8479,0,0,,xslF345X03/form4.xml,PRIMARY DOCUMENT
0001127602-16-049687,2016-04-21,2016-04-19,2016-04-21T21:49:11.000Z,,4,,,,4,8478,0,0,,xslF345X03/form4.xml,PRIMARY DOCUMENT
0001127602-16-049855,2016-04-25,2016-04-21,2016-04-25T20:15:43.000Z,,4,,,,4,8474,0,0,,xslF345X03/form4.xml,PRIMARY DOCUMENT
0001127602-16-049897,2016-04-26,2016-04-22,2016-04-26T18:32:55.000Z,,4,,,,4,11956,0,0,,xslF345X03/form4.xml,PRIMARY DOCUMENT
0001193125-16-568623,2016-04-29,,2016-04-29T18:50:03.000Z,,SC TO-C,,,,SC TO-C,2868422,1,0,,d163567dsctoc.htm,SC TO-C
0001127602-16-050313,2016-04-29,2016-04-28,2016-04-29T21:04:13.000Z,,4,,,,4,8475,0,0,,xslF345X03/form4.xml,PRIMARY DOCUMENT
0001127602-16-050316,2016-04-29,2016-04-28,2016-04-29T21:05:18.000Z,,4,,,,4,5462,0,0,,xslF345X03/form4.xml,PRIMARY DOCUMENT
0001193125-16-573248,2016-05-03,,2016-05-03T00:31:06.000Z,,SC TO-C,,,,SC TO-C,2993388,1,0,,d190799dsctoc.htm,SC TO-C
0001193125-16-582163,2016-05-06,2016-04-29,2016-05-06T21:02:10.000Z,34,8-K,001-35992,161629044,8.01,8-K,13336,0,0,,d133623d8k.htm,FORM 8-K
0001193125-16-585169,2016-05-10,,2016-05-10T15:59:40.000Z,,SC 13D,,,,SC 13D,237584,1,0,,d158217dsc13d.htm,SC 13D
0001193125-16-587956,2016-05-12,,2016-05-12T10:08:19.000Z,,SC TO-T,,,,SC TO-T,835355,1,0,,d148365dsctot.htm,THIRD-PARTY TENDER OFFER STATEMENT ON SCHEDULE TO
0001193125-16-588873,2016-05-12,,2016-05-12T20:11:01.000Z,,SC 13D,,,,SC 13D,121335,1,0,,d148170dsc13d.htm,SC 13D
0001193125-16-590497,2016-05-13,2015-12-31,2016-05-13T20:47:16.000Z,34,11-K,001-35992,161649081,,11-K,352258,0,0,,d165150d11k.htm,FORM 11-K
0001193125-16-591270,2016-05-16,,2016-05-16T13:17:00.000Z,,SC TO-T,,,,SC TO-T,826658,1,0,,d136082dsctot.htm,THIRD-PARTY TENDER OFFER STATEMENT ON SCHEDULE TO
0001127602-16-052450,2016-05-17,2016-05-16,2016-05-17T18:46:11.000Z,,4,,,,4,11675,0,0,,xslF345X03/form4.xml,PRIMARY DOCUMENT
0001193125-16-594649,2016-05-18,,2016-05-18T21:15:35.000Z,,SC TO-T/A,,,,SC TO-T/A,31254,0,0,,d148779dsctota.htm,AMENDMENT # 1 TO SC TO-T
0001193125-16-600703,2016-05-24,,2016-05-24T20:59:02.000Z,,SC TO-T/A,,,,SC TO-T/A,34021,0,0,,d196245dsctota.htm,SC TO-T/A
0001193125-16-608315,2016-05-31,,2016-05-31T20:06:01.000Z,34,SD,001-35992,161685904,,SD,33818,0,0,,d175803dsd.htm,FORM SD
0001127602-16-054359,2016-06-02,2016-05-31,2016-06-02T15:23:38.000Z,,4,,,,4,9163,0,0,,xslF345X03/form4.xml,PRIMARY DOCUMENT
0001127602-16-054361,2016-06-02,2016-05-31,2016-06-02T15:27:35.000Z,,4,,,,4,5150,0,0,,xslF345X03/form4.xml,PRIMARY DOCUMENT
0001127602-16-054362,2016-06-02,2016-05-31,2016-06-02T15:32:34.000Z,,4,,,,4,11869,0,0,,xslF345X03/form4.xml,PRIMARY DOCUMENT
0001127602-16-054369,2016-06-02,2016-05-31,2016-06-02T15:48:21.000Z,,4,,,,4,11914,0,0,,xslF345X03/form4.xml,PRIMARY DOCUMENT
0001127602-16-054371,2016-06-02,2016-05-31,2016-06-02T15:51:07.000Z,,4,,,,4,12158,0,0,,xslF345X03/form4.xml,PRIMARY DOCUMENT
0001127602-16-054374,2016-06-02,2016-05-31,2016-06-02T16:04:56.000Z,,4,,,,4,8846,0,0,,xslF345X03/form4.xml,PRIMARY DOCUMENT
0001127602-16-054377,2016-06-02,2016-05-31,2016-06-02T16:06:24.000Z,,4,,,,4,8984,0,0,,xslF345X03/form4.xml,PRIMARY DOCUMENT
0001127602-16-054378,2016-06-02,2016-05-31,2016-06-02T16:09:52.000Z,,4,,,,4,11848,0,0,,xslF345X03/form4.xml,PRIMARY DOCUMENT
0001127602-16-054379,2016-06-02,2016-05-31,2016-06-02T16:10:58.000Z,,4,,,,4,12555,0,0,,xslF345X03/form4.xml,PRIMARY DOCUMENT
0001193125-16-611714,2016-06-03,,2016-06-03T10:03:02.000Z,,SC TO-T/A,,,,SC TO-T/A,33919,0,0,,d197591dsctota.htm,SC TO-T/A
0001193125-16-618330,2016-06-10,,2016-06-10T10:09:09.000Z,,SC TO-T/A,,,,SC TO-T/A,40761,0,0,,d177464dsctota.htm,SC TO-T/A
0001193125-16-620642,2016-06-14,,2016-06-14T10:05:31.000Z,,SC TO-T/A,,,,SC TO-T/A,40541,0,0,,d211793dsctota.htm,AMENDMENT NO. 2 TO SCHEDULE TO
0001193125-16-623620,2016-06-16,2016-06-15,2016-06-16T20:07:11.000Z,34,8-K,001-35992,161717683,"2.02,5.03,8.01,9.01",8-K,724758,1,0,,d200599d8k.htm,FORM 8-K
0001127602-16-055784,2016-06-17,2016-06-15,2016-06-17T17:02:24.000Z,,4,,,,4,11680,0,0,,xslF345X03/form4.xml,PRIMARY DOCUMENT
0001127602-16-056044,2016-06-22,2016-06-20,2016-06-22T17:11:29.000Z,,4,,,,4,8092,0,0,,xslF345X03/form4.xml,PRIMARY DOCUMENT
0001193125-16-628942,2016-06-22,2016-05-31,2016-06-22T20:24:36.000Z,34,10-K,001-35992,161726812,,10-K,22746887,1,0,,d203801d10k.htm,10-K
0001193125-16-628972,2016-06-22,,2016-06-22T20:34:19.000Z,33,S-8,333-212182,161726876,,S-8,816532,0,0,,d210011ds8.htm,FORM S-8
0001127602-16-056292,2016-06-24,2016-06-23,2016-06-24T17:55:29.000Z,,4,,,,4,9050,0,0,,xslF345X03/form4.xml,PRIMARY DOCUMENT
0001193125-16-635486,2016-06-29,,2016-06-29T11:48:03.000Z,33,424B2,333-210282,161737321,,424B2,487119,0,0,,d192703d424b2.htm,424B2
0001193125-16-637017,2016-06-30,,2016-06-30T01:55:32.000Z,34,FWP,333-210282,161740237,,FWP,50205,0,0,,d220299dfwp.htm,FWP
0001193125-16-638473,2016-06-30,,2016-06-30T21:21:28.000Z,33,424B2,333-210282,161743935,,424B2,498738,0,0,,d192703d424b2.htm,424B2
0001127602-16-057023,2016-07-05,2016-06-30,2016-07-05T17:13:03.000Z,,4,,,,4,5133,0,0,,xslF345X03/form4.xml,PRIMARY DOCUMENT
0001127602-16-057024,2016-07-05,2016-06-30,2016-07-05T17:14:04.000Z,,4,,,,4,7435,0,0,,xslF345X03/form4.xml,PRIMARY DOCUMENT
0001127602-16-057025,2016-07-05,2016-06-30,2016-07-05T17:15:09.000Z,,4,,,,4,5310,0,0,,xslF345X03/form4.xml,PRIMARY DOCUMENT
0001127602-16-057026,2016-07-05,2016-06-30,2016-07-05T17:16:16.000Z,,4,,,,4,5076,0,0,,xslF345X03/form4.xml,PRIMARY DOCUMENT
0001127602-16-057032,2016-07-05,2016-06-30,2016-07-05T17:20:31.000Z,,4,,,,4,8189,0,0,,xslF345X03/form4.xml,PRIMARY DOCUMENT
0001127602-16-057033,2016-07-05,2016-06-30,2016-07-05T17:21:30.000Z,,4,,,,4,8165,0,0,,xslF345X03/form4.xml,PRIMARY DOCUMENT
0001127602-16-057034,2016-07-05,2016-06-30,2016-07-05T17:22:27.000Z,,4,,,,4,5111,0,0,,xslF345X03/form4.xml,PRIMARY DOCUMENT
0001127602-16-057035,2016-07-05,2016-06-30,2016-07-05T17:23:19.000Z,,4,,,,4,8336,0,0,,xslF345X03/form4.xml,PRIMARY DOCUMENT
0001127602-16-057548,2016-07-06,2016-07-01,2016-07-06T20:16:29.000Z,,4,,,,4,8345,0,0,,xslF345X03/form4.xml,PRIMARY DOCUMENT
0001127602-16-057549,2016-07-06,2016-07-01,2016-07-06T20:22:50.000Z,,4,,,,4,8339,0,0,,xslF345X03/form4.xml,PRIMARY DOCUMENT
0001193125-16-643428,2016-07-07,2016-07-07,2016-07-07T20:07:03.000Z,34,8-K,001-35992,161756679,"8.01,9.01",8-K,256617,0,0,,d224097d8k.htm,FORM 8-K
0001127602-16-058112,2016-07-18,2016-07-15,2016-07-18T19:35:05.000Z,,4,,,,4,11680,0,0,,xslF345X03/form4.xml,PRIMARY DOCUMENT
0001127602-16-058664,2016-07-26,2016-07-22,2016-07-26T22:41:52.000Z,,4,,,,4,8339,0,0,,xslF345X03/form4.xml,PRIMARY DOCUMENT
0001127602-16-058665,2016-07-26,2016-07-22,2016-07-26T22:43:11.000Z,,4,,,,4,8344,0,0,,xslF345X03/form4.xml,PRIMARY DOCUMENT
0001127602-16-058867,2016-07-28,2016-07-26,2016-07-29T00:17:52.000Z,,4,,,,4,17184,0,0,,xslF345X03/form4.xml,PRIMARY DOCUMENT
0001127602-16-058868,2016-07-28,2016-07-26,2016-07-29T00:18:56.000Z,,4,,,,4,17004,0,0,,xslF345X03/form4.xml,PRIMARY DOCUMENT
0001127602-16-058869,2016-07-28,2016-07-26,2016-07-29T00:19:57.000Z,,4,,,,4,13627,0,0,,xslF345X03/form4.xml,PRIMARY DOCUMENT
0001127602-16-058870,2016-07-28,2016-07-26,2016-07-29T00:20:55.000Z,,4,,,,4,8738,0,0,,xslF345X03/form4.xml,PRIMARY DOCUMENT
0001127602-16-058871,2016-07-28,2016-07-26,2016-07-29T00:22:15.000Z,,4,,,,4,18919,0,0,,xslF345X03/form4.xml,PRIMARY DOCUMENT
0001127602-16-058970,2016-07-29,2016-07-27,2016-07-29T22:03:44.000Z,,4,,,,4,5346,0,0,,xslF345X03/form4.xml,PRIMARY DOCUMENT
0001127602-16-058971,2016-07-29,2016-07-27,2016-07-29T22:04:49.000Z,,4,,,,4,5506,0,0,,xslF345X03/form4.xml,PRIMARY DOCUMENT
0001193125-16-664853,2016-08-01,,2016-07-29T21:35:02.000Z,,SC TO-C,,,,SC TO-C,84903,0,0,,d220233dsctoc.htm,SC TO-C
0001193125-16-666798,2016-08-01,,2016-08-01T21:10:09.000Z,,SC TO-C,,,,SC TO-C,551671,0,0,,d180474d8k.htm,FORM 8-K
0001193125-16-666792,2016-08-01,2016-07-28,2016-08-01T21:12:03.000Z,34,8-K,001-35992,161798183,"8.01,9.01",8-K,551111,0,0,,d180474d8k.htm,FORM 8-K
9999999997-16-024945,2016-08-10,2016-08-09,2016-08-10T21:09:04.000Z,34,NO ACT,001-35992,16005067,,NO ACT,1425,0,0,,9999999997-16-024945.paper,AUTO-GENERATED PAPER DOCUMENT
9999999997-16-025364,2016-08-11,2016-07-05,2016-08-30T14:39:34.000Z,34,NO ACT,001-35992,16004906,,NO ACT,1425,0,0,,9999999997-16-025364.paper,AUTO-GENERATED PAPER DOCUMENT
0001193125-16-680498,2016-08-12,,2016-08-12T17:26:02.000Z,,SC 13D,,,,SC 13D,261480,0,0,,d229883dsc13d.htm,SC 13D
0001127602-16-060203,2016-08-12,2016-08-10,2016-08-12T23:15:44.000Z,,4,,,,4,13846,0,0,,xslF345X03/form4.xml,PRIMARY DOCUMENT
0001127602-16-060323,2016-08-16,2016-08-15,2016-08-16T18:26:45.000Z,,4,,,,4,11688,0,0,,xslF345X03/form4.xml,PRIMARY DOCUMENT
0001193125-16-684804,2016-08-18,,2016-08-18T13:10:24.000Z,,SC TO-T,,,,SC TO-T,890928,0,0,,d340996dsctot.htm,THIRD-PARTY TENDER OFFER STATEMENT ON SCHEDULE TO
0001193125-16-702358,2016-09-07,2016-09-07,2016-09-07T00:59:02.000Z,34,8-K,001-35992,161872080,"7.01,9.01",8-K,581337,0,0,,d246757d8k.htm,FORM 8-K
0001193125-16-706577,2016-09-09,,2016-09-09T21:20:03.000Z,,SC TO-T/A,,,,SC TO-T/A,580500,0,0,,d257260dsctota.htm,AMENDMENT NO. 1 TO THIRD-PARTY TENDER OFFER STATEMENT ON SCHEDULE TO
0001193125-16-708632,2016-09-13,,2016-09-13T21:17:31.000Z,,CORRESP,,,,CORRESP,66764,0,0,,filename1.htm,
0001127602-16-062475,2016-09-13,2016-07-27,2016-09-14T00:31:40.000Z,,4/A,,,,4/A,5690,0,0,,xslF345X03/form4a.xml,PRIMARY DOCUMENT
0001127602-16-062476,2016-09-13,2016-07-27,2016-09-14T00:32:47.000Z,,4/A,,,,4/A,5724,0,0,,xslF345X03/form4a.xml,PRIMARY DOCUMENT
0001193125-16-710620,2016-09-15,,2016-09-15T15:34:33.000Z,,SC TO-T/A,,,,SC TO-T/A,33337,0,0,,d212271dsctota.htm,AMENDMENT NO. 2 TO THIRD-PARTY TENDER OFFER STATEMENT ON SCHEDULE TO
0001193125-16-710982,2016-09-15,2016-09-15,2016-09-15T20:06:33.000Z,34,8-K,001-35992,161887259,"2.02,8.01,9.01",8-K,444294,0,0,,d239177d8k.htm,FORM 8-K
0001127602-16-062724,2016-09-16,2016-09-15,2016-09-16T21:57:20.000Z,,4,,,,4,11680,0,0,,xslF345X03/form4.xml,PRIMARY DOCUMENT
0001193125-16-713596,2016-09-19,2016-08-31,2016-09-19T21:10:13.000Z,34,10-Q,001-35992,161892379,,10-Q,8476457,1,0,,d252702d10q.htm,QUARTERLY REPORT ON FORM 10-Q
0001127602-16-063124,2016-09-23,2016-09-22,2016-09-23T19:51:20.000Z,,4,,,,4,4997,0,0,,xslF345X03/form4.xml,PRIMARY DOCUMENT
0001193125-16-718528,2016-09-23,2016-11-16,2016-09-23T21:02:04.000Z,34,DEF 14A,001-35992,161900408,,DEF 14A,1997893,0,0,,d234553ddef14a.htm,DEFINITIVE PROXY STATEMENT
0001193125-16-718531,2016-09-23,,2016-09-23T21:04:02.000Z,34,DEFA14A,001-35992,161900420,,DEFA14A,148856,0,0,,d238565ddefa14a.htm,DEFINITIVE ADDITIONAL MATERIALS
0001193125-16-720584,2016-09-27,,2016-09-27T10:11:25.000Z,,SC TO-T/A,,,,SC TO-T/A,35349461,0,0,,d243820dsctota.htm,AMENDMENT NO. 3 TO THIRD-PARTY TENDER OFFER STATEMENT ON SCHEDULE TO
0001193125-16-720596,2016-09-27,,2016-09-27T10:25:32.000Z,,SC 13D/A,,,,SC 13D/A,236659,0,0,,d203715dsc13da.htm,AMENDMENT NO. 1 ON SCHEDULE 13D
0000899243-16-030071,2016-09-27,2016-07-28,2016-09-27T11:23:06.000Z,34,3,001-33870,161903342,,3,8347,0,0,,xslF345X02/doc3.xml,FORM 3 SUBMISSION
0001193125-16-730453,2016-10-04,,2016-10-04T20:00:57.000Z,,SC TO-T/A,,,,SC TO-T/A,132606,0,0,,d240949dsctota.htm,AMENDMENT NO. 4 TO THIRD-PARTY TENDER OFFER STATEMENT ON SCHEDULE TO
0001127602-16-064419,2016-10-05,2016-10-05,2016-10-06T00:21:02.000Z,,4,,,,4,8344,0,0,,xslF345X03/form4.xml,PRIMARY DOCUMENT
0001193125-16-733310,2016-10-07,,2016-10-07T12:50:33.000Z,,SC TO-T/A,,,,SC TO-T/A,58485,0,0,,d239898dsctota.htm,AMENDMENT NO. 5 TO THIRD-PARTY TENDER OFFER STATEMENT ON SCHEDULE TO
0001193125-16-738548,2016-10-14,,2016-10-14T18:39:21.000Z,33,S-8,333-214106,161936818,,S-8,267469,0,0,,d459121ds8.htm,FORM S-8
0001127602-16-064913,2016-10-18,2016-10-17,2016-10-18T19:45:25.000Z,,4,,,,4,11680,0,0,,xslF345X03/form4.xml,PRIMARY DOCUMENT
0001127602-16-065347,2016-10-27,2016-10-26,2016-10-27T19:11:25.000Z,,4,,,,4,5893,0,0,,xslF345X03/form4.xml,PRIMARY DOCUMENT
0001127602-16-065358,2016-10-27,2016-10-26,2016-10-27T19:32:09.000Z,,4,,,,4,5351,0,0,,xslF345X03/form4.xml,PRIMARY DOCUMENT
0001127602-16-065360,2016-10-27,2016-10-26,2016-10-27T19:59:52.000Z,,4/A,,,,4/A,5572,0,0,,xslF345X03/form4a.xml,PRIMARY DOCUMENT
0001193125-16-750729,2016-10-28,,2016-10-28T12:31:03.000Z,,SC TO-T/A,,,,SC TO-T/A,79401,0,0,,d268567dsctota.htm,AMENDMENT NO. 6 TO THIRD-PARTY TENDER OFFER STATEMENT ON SCHEDULE TO
0001193125-16-760776,2016-11-07,,2016-11-07T11:05:33.000Z,,SC TO-T/A,,,,SC TO-T/A,64437,0,0,,d284098dsctota.htm,AMENDMENT NO. 7 TO THIRD-PARTY TENDER OFFER STATEMENT ON SCHEDULE TO
0001193125-16-768943,2016-11-15,,2016-11-15T21:47:32.000Z,,SC 13D/A,,,,SC 13D/A,60243,0,0,,d293452dsc13da.htm,AMENDMENT NO. 2 ON SCHEDULE 13D
0000899243-16-033520,2016-11-15,2016-11-07,2016-11-15T21:51:43.000Z,34,4/A,001-33870,162000309,,4/A,9042,0,0,,xslF345X03/doc4a.xml,FORM 4/A SUBMISSION
0001127602-16-067329,2016-11-16,2016-11-15,2016-11-16T17:00:54.000Z,,4,,,,4,11680,0,0,,xslF345X03/form4.xml,PRIMARY DOCUMENT
0001193125-16-775079,2016-11-22,2016-11-16,2016-11-22T21:13:05.000Z,34,8-K,001-35992,162013344,5.07,8-K,25418,0,0,,d298612d8k.htm,FORM 8-K
0001193125-16-794455,2016-12-15,2016-12-15,2016-12-15T21:14:57.000Z,34,8-K,001-35992,162053810,"2.02,8.01,9.01",8-K,611889,0,0,,d309371d8k.htm,FORM 8-K
0001127602-16-070244,2016-12-16,2016-12-15,2016-12-16T20:30:46.000Z,,4,,,,4,11679,0,0,,xslF345X03/form4.xml,PRIMARY DOCUMENT
0001193125-16-797253,2016-12-19,2016-11-30,2016-12-19T21:12:44.000Z,34,10-Q,001-35992,162059090,,10-Q,10663252,1,0,,d289857d10q.htm,FORM 10-Q
0001193125-16-797264,2016-12-19,,2016-12-19T21:15:57.000Z,33,S-8,333-215171,162059120,,S-8,373232,0,0,,d192028ds8.htm,FORM S-8
0001127602-16-070620,2016-12-20,2016-12-16,2016-12-21T02:41:30.000Z,,4,,,,4,6660,0,0,,xslF345X03/form4.xml,PRIMARY DOCUMENT
0001127602-16-070700,2016-12-21,2016-12-20,2016-12-21T21:00:32.000Z,,4,,,,4,6793,0,0,,xslF345X03/form4.xml,PRIMARY DOCUMENT
0001127602-16-070796,2016-12-22,2016-12-21,2016-12-22T20:23:51.000Z,,4,,,,4,9046,0,0,,xslF345X03/form4.xml,PRIMARY DOCUMENT
0001127602-17-001868,2017-01-18,2017-01-17,2017-01-18T21:02:45.000Z,,4,,,,4,11678,0,0,,xslF345X03/form4.xml,PRIMARY DOCUMENT
0001127602-17-003016,2017-01-31,2017-01-26,2017-01-31T16:20:50.000Z,,4,,,,4,5350,0,0,,xslF345X03/form4.xml,PRIMARY DOCUMENT
0001127602-17-003017,2017-01-31,2017-01-26,2017-01-31T16:23:48.000Z,,4,,,,4,5385,0,0,,xslF345X03/form4.xml,PRIMARY DOCUMENT
0001193125-17-025798,2017-01-31,,2017-01-31T21:40:22.000Z,33,S-8,333-215835,17561639,,S-8,180074,0,0,,d315680ds8.htm,FORM S-8
0001193125-17-038420,2017-02-10,,2017-02-10T21:33:55.000Z,34,SC 13G/A,005-81502,17593923,,SC 13G/A,29175,0,0,,d342141dsc13ga.htm,SCHELUDE 13G AMENDMENT NO. 26
0001127602-17-006485,2017-02-16,2017-02-15,2017-02-16T17:31:44.000Z,,4,,,,4,11678,0,0,,xslF345X03/form4.xml,PRIMARY DOCUMENT
0001193125-17-083638,2017-03-15,2017-03-15,2017-03-15T20:11:06.000Z,34,8-K,001-35992,17691394,"2.02,8.01,9.01",8-K,614224,0,0,,d350212d8k.htm,FORM 8-K
0001127602-17-012006,2017-03-16,2017-03-15,2017-03-16T22:26:02.000Z,,4,,,,4,11678,0,0,,xslF345X03/form4.xml,PRIMARY DOCUMENT
0001127602-17-012026,2017-03-16,2017-03-16,2017-03-16T23:51:42.000Z,,4,,,,4,8641,0,0,,xslF345X03/form4.xml,PRIMARY DOCUMENT
0001193125-17-087309,2017-03-17,2017-02-28,2017-03-17T20:07:09.000Z,34,10-Q,001-35992,17697990,,10-Q,10427334,1,0,,d353998d10q.htm,FORM 10-Q
0001193125-17-087329,2017-03-17,,2017-03-17T20:09:41.000Z,33,S-8,333-216796,17698039,,S-8,162271,0,0,,d350535ds8.htm,FORM S-8
0001127602-17-012255,2017-03-17,2017-03-16,2017-03-17T23:00:10.000Z,,4,,,,4,9332,0,0,,xslF345X03/form4.xml,PRIMARY DOCUMENT
0001127602-17-012256,2017-03-17,2017-03-17,2017-03-17T23:37:04.000Z,,4,,,,4,9128,0,0,,xslF345X03/form4.xml,PRIMARY DOCUMENT
0001127602-17-012597,2017-03-22,2017-03-21,2017-03-22T17:07:48.000Z,,4,,,,4,8659,0,0,,xslF345X03/form4.xml,PRIMARY DOCUMENT
0001127602-17-012693,2017-03-22,2017-03-22,2017-03-22T23:31:00.000Z,,4,,,,4,8615,0,0,,xslF345X03/form4.xml,PRIMARY DOCUMENT
0001127602-17-012732,2017-03-23,2017-03-22,2017-03-23T16:04:13.000Z,,4,,,,4,8653,0,0,,xslF345X03/form4.xml,PRIMARY DOCUMENT
0001127602-17-012837,2017-03-23,2017-03-23,2017-03-23T22:27:08.000Z,,4,,,,4,6786,0,0,,xslF345X03/form4.xml,PRIMARY DOCUMENT
0001127602-17-012889,2017-03-24,2017-03-23,2017-03-24T17:01:53.000Z,,4,,,,4,8655,0,0,,xslF345X03/form4.xml,PRIMARY DOCUMENT
0001127602-17-012932,2017-03-27,2017-03-24,2017-03-27T16:58:57.000Z,,4,,,,4,8653,0,0,,xslF345X03/form4.xml,PRIMARY DOCUMENT
0001127602-17-013066,2017-03-28,2017-03-28,2017-03-28T21:45:22.000Z,,4,,,,4,8648,0,0,,xslF345X03/form4.xml,PRIMARY DOCUMENT
0001127602-17-013433,2017-03-31,2017-03-30,2017-03-31T23:38:23.000Z,,4,,,,4,8457,0,0,,xslF345X03/form4.xml,PRIMARY DOCUMENT
0001127602-17-013640,2017-04-03,2017-04-03,2017-04-03T22:12:44.000Z,,4,,,,4,8641,0,0,,xslF345X03/form4.xml,PRIMARY DOCUMENT
0001127602-17-014346,2017-04-05,2017-04-03,2017-04-05T21:58:06.000Z,,4,,,,4,8175,0,0,,xslF345X03/form4.xml,PRIMARY DOCUMENT
0001127602-17-014861,2017-04-17,2017-04-17,2017-04-17T23:16:51.000Z,,4,,,,4,11678,0,0,,xslF345X03/form4.xml,PRIMARY DOCUMENT
0001127602-17-015833,2017-04-28,2017-04-26,2017-04-28T18:14:02.000Z,,4,,,,4,5430,0,0,,xslF345X03/form4.xml,PRIMARY DOCUMENT
0001127602-17-015834,2017-04-28,2017-04-26,2017-04-28T18:15:18.000Z,,4,,,,4,5395,0,0,,xslF345X03/form4.xml,PRIMARY DOCUMENT
0001127602-17-015835,2017-04-28,2017-04-26,2017-04-28T18:16:47.000Z,,4,,,,4,8653,0,0,,xslF345X03/form4.xml,PRIMARY DOCUMENT
0001127602-17-016279,2017-05-02,2017-05-01,2017-05-02T17:45:07.000Z,,4,,,,4,8649,0,0,,xslF345X03/form4.xml,PRIMARY DOCUMENT
0001193125-17-168582,2017-05-12,2016-12-31,2017-05-12T20:04:03.000Z,34,11-K,001-35992,17838518,,11-K,392744,0,0,,d390631d11k.htm,FORM 11-K
0001127602-17-018150,2017-05-15,2017-05-15,2017-05-15T22:55:02.000Z,,4,,,,4,11675,0,0,,xslF345X03/form4.xml,PRIMARY DOCUMENT
0001127602-17-019805,2017-05-31,2017-05-26,2017-05-31T16:00:59.000Z,,4,,,,4,4271,0,0,,xslF345X03/form4.xml,PRIMARY DOCUMENT
0001193125-17-189252,2017-05-31,,2017-05-31T20:08:57.000Z,34,SD,001-35992,17881123,,SD,35764,0,0,,d385060dsd.htm,SD
0001127602-17-020159,2017-06-01,2017-05-31,2017-06-02T01:17:54.000Z,,4,,,,4,12828,0,0,,xslF345X03/form4.xml,PRIMARY DOCUMENT
0001127602-17-020160,2017-06-01,2017-05-31,2017-06-02T01:20:06.000Z,,4,,,,4,12993,0,0,,xslF345X03/form4.xml,PRIMARY DOCUMENT
0001127602-17-020162,2017-06-01,2017-05-31,2017-06-02T01:23:00.000Z,,4,,,,4,12721,0,0,,xslF345X03/form4.xml,PRIMARY DOCUMENT
0001127602-17-020164,2017-06-01,2017-05-31,2017-06-02T01:24:36.000Z,,4,,,,4,12338,0,0,,xslF345X03/form4.xml,PRIMARY DOCUMENT
0001127602-17-020167,2017-06-01,2017-05-31,2017-06-02T01:26:17.000Z,,4,,,,4,12476,0,0,,xslF345X03/form4.xml,PRIMARY DOCUMENT
0001127602-17-020168,2017-06-01,2017-05-31,2017-06-02T01:27:54.000Z,,4,,,,4,8684,0,0,,xslF345X03/form4.xml,PRIMARY DOCUMENT
0001127602-17-020169,2017-06-01,2017-05-31,2017-06-02T01:29:12.000Z,,4,,,,4,12356,0,0,,xslF345X03/form4.xml,PRIMARY DOCUMENT
0001127602-17-020170,2017-06-01,2017-05-31,2017-06-02T01:30:45.000Z,,4,,,,4,12290,0,0,,xslF345X03/form4.xml,PRIMARY DOCUMENT
0001127602-17-021732,2017-06-19,2017-06-15,2017-06-19T19:49:58.000Z,,4,,,,4,11681,0,0,,xslF345X03/form4.xml,PRIMARY DOCUMENT
0001193125-17-209415,2017-06-21,2017-06-21,2017-06-21T20:25:34.000Z,34,8-K,001-35992,17923122,"2.02,8.01,9.01",8-K,892952,0,0,,d383506d8k.htm,FORM 8-K
0001127602-17-022213,2017-06-27,2017-06-23,2017-06-27T17:56:11.000Z,,4,,,,4,12020,0,0,,xslF345X03/form4.xml,PRIMARY DOCUMENT
0001127602-17-022218,2017-06-27,2017-06-26,2017-06-27T18:34:16.000Z,,4,,,,4,8601,0,0,,xslF345X03/form4.xml,PRIMARY DOCUMENT
0001193125-17-214833,2017-06-27,2017-05-31,2017-06-27T20:05:35.000Z,34,10-K,001-35992,17932455,,10-K,18120262,1,0,,d385998d10k.htm,FORM 10-K
0001193125-17-214849,2017-06-27,,2017-06-27T20:11:26.000Z,33,S-8,333-218996,17932515,,S-8,164886,0,0,,d413297ds8.htm,FORM S-8
0001127602-17-022331,2017-06-29,2017-06-28,2017-06-29T16:36:43.000Z,,4,,,,4,12095,0,0,,xslF345X03/form4.xml,PRIMARY DOCUMENT
0001127602-17-023052,2017-07-05,2017-06-30,2017-07-05T21:58:53.000Z,,4,,,,4,13290,0,0,,xslF345X03/form4.xml,PRIMARY DOCUMENT
0001127602-17-023119,2017-07-05,2017-07-03,2017-07-05T22:29:54.000Z,,4,,,,4,8641,0,0,,xslF345X03/form4.xml,PRIMARY DOCUMENT
0001127602-17-023124,2017-07-05,2017-06-30,2017-07-05T22:59:33.000Z,,4,,,,4,13283,0,0,,xslF345X03/form4.xml,PRIMARY DOCUMENT
0001127602-17-023350,2017-07-07,2017-07-05,2017-07-07T18:22:28.000Z,,4,,,,4,16165,0,0,,xslF345X03/form4.xml,PRIMARY DOCUMENT
0001127602-17-023491,2017-07-11,2017-07-10,2017-07-11T20:36:42.000Z,,4,,,,4,5134,0,0,,xslF345X03/form4.xml,PRIMARY DOCUMENT
0001127602-17-023492,2017-07-11,2017-07-10,2017-07-11T20:45:03.000Z,,4,,,,4,5279,0,0,,xslF345X03/form4.xml,PRIMARY DOCUMENT
0001127602-17-023493,2017-07-11,2017-07-10,2017-07-11T20:47:33.000Z,,4,,,,4,5287,0,0,,xslF345X03/form4.xml,PRIMARY DOCUMENT
0001127602-17-023734,2017-07-18,2017-07-17,2017-07-18T17:29:05.000Z,,4,,,,4,11681,0,0,,xslF345X03/form4.xml,PRIMARY DOCUMENT
0001127602-17-023907,2017-07-19,2017-07-18,2017-07-19T21:36:40.000Z,,4,,,,4,8480,0,0,,xslF345X03/form4.xml,PRIMARY DOCUMENT
0001127602-17-024016,2017-07-21,2017-07-20,2017-07-21T22:53:10.000Z,,4,,,,4,5110,0,0,,xslF345X03/form4.xml,PRIMARY DOCUMENT
0001127602-17-024193,2017-07-26,2017-07-24,2017-07-26T23:56:46.000Z,,4,,,,4,8338,0,0,,xslF345X03/form4.xml,PRIMARY DOCUMENT
0001127602-17-024194,2017-07-26,2017-07-24,2017-07-26T23:58:42.000Z,,4,,,,4,8343,0,0,,xslF345X03/form4.xml,PRIMARY DOCUMENT
0001193125-17-240675,2017-07-28,2017-07-27,2017-07-28T21:02:05.000Z,34,8-K,001-35992,17990751,5.02,8-K,13336,0,0,,d432259d8k.htm,FORM 8-K
0001127602-17-024920,2017-08-03,2017-08-01,2017-08-03T22:54:51.000Z,,4,,,,4,13908,0,0,,xslF345X03/form4.xml,PRIMARY DOCUMENT
0001127602-17-024924,2017-08-03,2017-08-01,2017-08-03T23:00:15.000Z,,4,,,,4,23615,0,0,,xslF345X03/form4.xml,PRIMARY DOCUMENT
0001127602-17-024925,2017-08-03,2017-08-01,2017-08-03T23:03:59.000Z,,4,,,,4,23430,0,0,,xslF345X03/form4.xml,PRIMARY DOCUMENT
0001127602-17-024926,2017-08-03,2017-08-01,2017-08-03T23:07:28.000Z,,4,,,,4,23442,0,0,,xslF345X03/form4.xml,PRIMARY DOCUMENT
0001127602-17-024927,2017-08-03,2017-08-01,2017-08-03T23:10:43.000Z,,4,,,,4,22352,0,0,,xslF345X03/form4.xml,PRIMARY DOCUMENT
0001127602-17-025672,2017-08-15,2017-08-15,2017-08-15T22:41:07.000Z,,4,,,,4,11682,0,0,,xslF345X03/form4.xml,PRIMARY DOCUMENT
0001127602-17-026691,2017-08-29,2017-08-26,2017-08-30T00:28:05.000Z,,4,,,,4,5378,0,0,,xslF345X03/form4.xml,PRIMARY DOCUMENT
0001193125-17-276868,2017-09-05,2017-09-05,2017-09-05T21:16:35.000Z,34,8-K,001-35992,171069536,"7.01,9.01",8-K,4964618,0,0,,d449795d8k.htm,FORM 8-K
0001193125-17-285108,2017-09-14,2017-09-14,2017-09-14T20:14:07.000Z,34,8-K,001-35992,171085806,"2.02,8.01,9.01",8-K,464148,0,0,,d379846d8k.htm,FORM 8-K
0001127602-17-027489,2017-09-15,2017-09-15,2017-09-15T20:04:25.000Z,,4,,,,4,11682,0,0,,xslF345X03/form4.xml,PRIMARY DOCUMENT
0001193125-17-287455,2017-09-18,2017-08-31,2017-09-18T21:20:03.000Z,34,10-Q,001-35992,171090499,,10-Q,7078305,1,0,,d407367d10q.htm,FORM 10-Q
0001127602-17-027888,2017-09-21,2017-09-20,2017-09-21T19:18:42.000Z,,4,,,,4,14113,0,0,,xslF345X03/form4.xml,PRIMARY DOCUMENT
0001127602-17-028005,2017-09-25,2017-09-21,2017-09-25T20:34:09.000Z,,4,,,,4,4988,0,0,,xslF345X03/form4.xml,PRIMARY DOCUMENT
0001127602-17-028015,2017-09-25,2017-09-22,2017-09-25T21:23:19.000Z,,4,,,,4,11394,0,0,,xslF345X03/form4.xml,PRIMARY DOCUMENT
0001193125-17-297858,2017-09-28,2017-11-15,2017-09-28T20:28:58.000Z,34,DEF 14A,001-35992,171107793,,DEF 14A,3345598,0,0,,d382058ddef14a.htm,DEFINITIVE PROXY MATERIALS
0001193125-17-297865,2017-09-28,,2017-09-28T20:30:55.000Z,34,DEFA14A,001-35992,171107827,,DEFA14A,45772,0,0,,d414621ddefa14a.htm,NOTICE & ACCESS
0001127602-17-028520,2017-09-29,2017-09-28,2017-09-29T22:44:53.000Z,,4,,,,4,9812,0,0,,xslF345X03/form4.xml,PRIMARY DOCUMENT
0001127602-17-028764,2017-10-03,2017-10-02,2017-10-03T15:04:11.000Z,,4,,,,4,8142,0,0,,xslF345X03/form4.xml,PRIMARY DOCUMENT
0001127602-17-029533,2017-10-06,2017-10-04,2017-10-06T16:42:22.000Z,,4,,,,4,8143,0,0,,xslF345X03/form4.xml,PRIMARY DOCUMENT
0001127602-17-029619,2017-10-10,2017-10-05,2017-10-10T16:37:13.000Z,,4,,,,4,8344,0,0,,xslF345X03/form4.xml,PRIMARY DOCUMENT
0001127602-17-029926,2017-10-17,2017-10-16,2017-10-17T16:01:10.000Z,,4,,,,4,11682,0,0,,xslF345X03/form4.xml,PRIMARY DOCUMENT
0001127602-17-030355,2017-10-26,2017-10-25,2017-10-27T00:06:34.000Z,,4,,,,4,5503,0,0,,xslF345X03/form4.xml,PRIMARY DOCUMENT
0001398344-17-013971,2017-10-31,,2017-10-31T20:35:21.000Z,34,PX14A6G,001-35992,171166126,,PX14A6G,48010,0,0,,fp0028931_px14a6g.htm,
0001193125-17-327336,2017-10-31,,2017-10-31T20:50:55.000Z,34,DEFA14A,001-35992,171166271,,DEFA14A,60892,0,0,,d478638ddefa14a.htm,DEFA14A
0001193125-17-335036,2017-11-07,,2017-11-07T12:42:48.000Z,33,424B2,333-210282,171181121,,424B2,510326,0,0,,d471763d424b2.htm,424B2
0001193125-17-336081,2017-11-08,,2017-11-08T00:57:57.000Z,34,FWP,333-210282,171184822,,FWP,48299,0,0,,d430295dfwp.htm,FWP
0001193125-17-337388,2017-11-08,,2017-11-08T21:56:45.000Z,33,424B2,333-210282,171187326,,424B2,518809,0,0,,d471763d424b2.htm,424B2
0001193125-17-338832,2017-11-09,2017-11-09,2017-11-09T21:30:57.000Z,34,8-K,001-35992,171191303,"8.01,9.01",8-K,267667,0,0,,d491112d8k.htm,FORM 8-K
0001127602-17-032360,2017-11-16,2017-11-15,2017-11-16T18:45:50.000Z,,4,,,,4,11682,0,0,,xslF345X03/form4.xml,PRIMARY DOCUMENT
0001193125-17-347046,2017-11-17,2017-11-15,2017-11-17T21:55:55.000Z,34,8-K,001-35992,171211646,"5.02,5.07,9.01",8-K,134691,0,0,,d455628d8k.htm,8-K
0001127602-17-032928,2017-11-20,2017-11-15,2017-11-21T00:30:26.000Z,,3,,,,3,19044,0,0,,xslF345X02/form3.xml,PRIMARY DOCUMENT
0001193125-17-369491,2017-12-14,2017-12-14,2017-12-14T21:15:03.000Z,34,8-K,001-35992,171256353,"2.02,8.01,9.01",8-K,619689,0,0,,d506986d8k.htm,FORM 8-K
0001127602-17-034887,2017-12-18,2017-12-15,2017-12-18T19:03:19.000Z,,4,,,,4,11681,0,0,,xslF345X03/form4.xml,PRIMARY DOCUMENT
0001193125-17-372232,2017-12-18,2017-11-30,2017-12-18T22:03:58.000Z,34,10-Q,001-35992,171262077,,10-Q,8881876,1,0,,d510241d10q.htm,FORM 10-Q
0001193125-17-372240,2017-12-18,,2017-12-18T22:07:30.000Z,33,S-8,333-222139,171262112,,S-8,56523,0,0,,d503579ds8.htm,FORM S-8
0001127602-17-035054,2017-12-19,2017-12-18,2017-12-19T17:24:30.000Z,,4,,,,4,6651,0,0,,xslF345X03/form4.xml,PRIMARY DOCUMENT
0001127602-17-035451,2017-12-22,2017-12-21,2017-12-22T21:37:31.000Z,,4,,,,4,8614,0,0,,xslF345X03/form4.xml,PRIMARY DOCUMENT
0001127602-17-035462,2017-12-22,2017-12-22,2017-12-22T23:31:33.000Z,,4,,,,4,6787,0,0,,xslF345X03/form4.xml,PRIMARY DOCUMENT
0001127602-17-035540,2017-12-27,2017-12-26,2017-12-27T22:05:24.000Z,,4,,,,4,4550,0,0,,xslF345X03/form4.xml,PRIMARY DOCUMENT
0001127602-18-001972,2018-01-17,2018-01-16,2018-01-17T22:25:31.000Z,,4,,,,4,11680,0,0,,xslF345X03/form4.xml,PRIMARY DOCUMENT
0001127602-18-001994,2018-01-17,2018-01-16,2018-01-18T00:24:01.000Z,,4,,,,4,14074,0,0,,xslF345X03/form4.xml,PRIMARY DOCUMENT
0001127602-18-002177,2018-01-19,2018-01-18,2018-01-19T21:33:05.000Z,,4,,,,4,11964,0,0,,xslF345X03/form4.xml,PRIMARY DOCUMENT
0001193125-18-017571,2018-01-23,,2018-01-23T22:00:32.000Z,,SC 13D/A,,,,SC 13D/A,52326,0,0,,d519319dsc13da.htm,SCHEDULE 13D AMENDMENT NO. 2
0001127602-18-002544,2018-01-25,2018-01-24,2018-01-25T23:16:06.000Z,,4,,,,4,5502,0,0,,xslF345X03/form4.xml,PRIMARY DOCUMENT
0001127602-18-002545,2018-01-25,2018-01-24,2018-01-25T23:18:27.000Z,,4,,,,4,13079,0,0,,xslF345X03/form4.xml,PRIMARY DOCUMENT
0001127602-18-002546,2018-01-25,2018-01-24,2018-01-25T23:22:29.000Z,,4,,,,4,9042,0,0,,xslF345X03/form4.xml,PRIMARY DOCUMENT
0001193125-18-030760,2018-02-02,2018-02-01,2018-02-02T21:16:03.000Z,34,8-K,001-35992,18570846,8.01,8-K,13121,0,0,,d506494d8k.htm,8-K
0000215457-18-005240,2018-02-08,,2018-02-08T14:48:41.000Z,34,SC 13G,005-81502,18583289,,SC 13G,13710,0,0,,us68389x1054_012418.txt,
0000932471-18-003700,2018-02-09,,2018-02-09T15:14:07.000Z,34,SC 13G,005-81502,18589145,,SC 13G,45256,0,0,,oraclecorp.htm,
0001193125-18-038068,2018-02-09,,2018-02-09T21:32:03.000Z,34,SC 13G/A,005-81502,18592240,,SC 13G/A,30409,0,0,,d480520dsc13ga.htm,SCHEDULE 13G AMENDMENT NO. 27
0001127602-18-006685,2018-02-16,2018-02-15,2018-02-16T21:45:39.000Z,,4,,,,4,11680,0,0,,xslF345X03/form4.xml,PRIMARY DOCUMENT
0001127602-18-011931,2018-03-19,2018-03-15,2018-03-19T16:23:13.000Z,,4,,,,4,11680,0,0,,xslF345X03/form4.xml,PRIMARY DOCUMENT
0001564590-18-006208,2018-03-19,2018-03-19,2018-03-19T20:43:01.000Z,34,8-K,001-35992,18699307,"2.02,8.01,9.01",8-K,2952353,0,0,,orcl-8k_20180319.htm,8-K
0001193125-18-090646,2018-03-21,2018-02-28,2018-03-21T20:12:09.000Z,34,10-Q,001-35992,18704555,,10-Q,9118913,1,0,,d548579d10q.htm,FORM 10-Q
0001193125-18-090656,2018-03-21,,2018-03-21T20:17:17.000Z,33,S-3ASR,333-223826,18704612,,S-3ASR,568792,0,0,,d553282ds3asr.htm,S-3ASR
0001127602-18-012792,2018-03-26,2018-03-26,2018-03-26T22:40:14.000Z,,4,,,,4,8607,0,0,,xslF345X03/form4.xml,PRIMARY DOCUMENT
0001127602-18-014582,2018-04-13,2018-04-12,2018-04-13T21:45:26.000Z,,4,,,,4,9114,0,0,,xslF345X03/form4.xml,PRIMARY DOCUMENT
0001127602-18-014722,2018-04-17,2018-04-16,2018-04-17T17:00:12.000Z,,4,,,,4,11680,0,0,,xslF345X03/form4.xml,PRIMARY DOCUMENT
0001127602-18-015222,2018-04-25,2018-04-23,2018-04-25T16:03:13.000Z,,4,,,,4,8479,0,0,,xslF345X03/form4.xml,PRIMARY DOCUMENT
0001127602-18-015539,2018-04-30,2018-04-26,2018-04-30T20:12:22.000Z,,4,,,,4,13426,0,0,,xslF345X03/form4.xml,PRIMARY DOCUMENT
0001127602-18-015910,2018-05-02,2018-04-30,2018-05-02T18:26:51.000Z,,4,,,,4,11015,0,0,,xslF345X03/form4.xml,PRIMARY DOCUMENT
0001127602-18-016436,2018-05-04,2018-05-02,2018-05-04T23:34:45.000Z,,4,,,,4,22286,0,0,,xslF345X03/form4.xml,PRIMARY DOCUMENT
0001127602-18-017158,2018-05-11,2018-05-10,2018-05-11T18:29:39.000Z,,4,,,,4,8439,0,0,,xslF345X03/form4.xml,PRIMARY DOCUMENT
0001193125-18-160979,2018-05-11,2018-05-09,2018-05-11T20:52:03.000Z,34,8-K,001-35992,18827626,"5.02,9.01",8-K,27214,0,0,,d585930d8k.htm,FORM 8-K
0001127602-18-017433,2018-05-14,2018-05-09,2018-05-15T00:07:17.000Z,,3,,,,3,6827,0,0,,xslF345X02/form3.xml,PRIMARY DOCUMENT
0001127602-18-017434,2018-05-14,2018-05-09,2018-05-15T00:09:29.000Z,,3,,,,3,6014,0,0,,xslF345X02/form3.xml,PRIMARY DOCUMENT
0001127602-18-017598,2018-05-16,2018-05-15,2018-05-16T16:17:13.000Z,,4,,,,4,11677,0,0,,xslF345X03/form4.xml,PRIMARY DOCUMENT
0001193125-18-175274,2018-05-25,2017-12-31,2018-05-25T20:07:03.000Z,34,11-K,001-35992,18861590,,11-K,357428,0,0,,d519370d11k.htm,FORM 11-K
0001193125-18-180306,2018-05-31,,2018-05-31T20:11:55.000Z,34,SD,001-35992,18871720,,SD,37920,0,0,,d594792dsd.htm,SD
0001127602-18-019585,2018-06-01,2018-05-31,2018-06-01T22:59:41.000Z,,4,,,,4,12828,0,0,,xslF345X03/form4.xml,PRIMARY DOCUMENT
0001127602-18-019590,2018-06-01,2018-05-31,2018-06-01T23:11:01.000Z,,4,,,,4,12356,0,0,,xslF345X03/form4.xml,PRIMARY DOCUMENT
0001127602-18-019591,2018-06-01,2018-05-31,2018-06-01T23:13:05.000Z,,4,,,,4,13168,0,0,,xslF345X03/form4.xml,PRIMARY DOCUMENT
0001127602-18-019592,2018-06-01,2018-05-31,2018-06-01T23:14:43.000Z,,4,,,,4,12341,0,0,,xslF345X03/form4.xml,PRIMARY DOCUMENT
0001127602-18-019593,2018-06-01,2018-05-31,2018-06-01T23:16:33.000Z,,4,,,,4,12477,0,0,,xslF345X03/form4.xml,PRIMARY DOCUMENT
0001127602-18-019594,2018-06-01,2018-05-31,2018-06-01T23:19:01.000Z,,4,,,,4,8684,0,0,,xslF345X03/form4.xml,PRIMARY DOCUMENT
0001127602-18-019595,2018-06-01,2018-05-31,2018-06-01T23:21:01.000Z,,4,,,,4,5190,0,0,,xslF345X03/form4.xml,PRIMARY DOCUMENT
0001127602-18-019596,2018-06-01,2018-05-31,2018-06-01T23:23:07.000Z,,4,,,,4,12291,0,0,,xslF345X03/form4.xml,PRIMARY DOCUMENT
0001127602-18-019597,2018-06-01,2018-05-31,2018-06-01T23:24:46.000Z,,4,,,,4,5174,0,0,,xslF345X03/form4.xml,PRIMARY DOCUMENT
0001127602-18-019598,2018-06-01,2018-05-31,2018-06-01T23:26:53.000Z,,4,,,,4,12994,0,0,,xslF345X03/form4.xml,PRIMARY DOCUMENT
0001127602-18-021105,2018-06-18,2018-06-15,2018-06-18T16:21:43.000Z,,4,,,,4,12148,0,0,,xslF345X03/form4.xml,PRIMARY DOCUMENT
0001564590-18-015818,2018-06-19,2018-06-19,2018-06-19T20:22:17.000Z,34,8-K,001-35992,18907397,"2.02,8.01,9.01",8-K,1912869,0,0,,orcl-8k_20180619.htm,8-K
0001193125-18-201034,2018-06-22,2018-05-31,2018-06-22T20:09:07.000Z,34,10-K,001-35992,18914618,,10-K,17427745,1,0,,d568983d10k.htm,10-K
0001193125-18-201046,2018-06-22,,2018-06-22T20:15:15.000Z,33,S-8,333-225829,18914679,,S-8,259521,0,0,,d607988ds8.htm,REGISTRATION STATEMENT ON FORM S-8
0001127602-18-021889,2018-06-26,2018-06-25,2018-06-26T18:18:17.000Z,,4,,,,4,4364,0,0,,xslF345X03/form4.xml,PRIMARY DOCUMENT
0001127602-18-021935,2018-06-27,2018-06-26,2018-06-27T16:34:49.000Z,,4,,,,4,9330,0,0,,xslF345X03/form4.xml,PRIMARY DOCUMENT
0001127602-18-022896,2018-07-05,2018-07-02,2018-07-06T01:00:03.000Z,,4,,,,4,11805,0,0,,xslF345X03/form4.xml,PRIMARY DOCUMENT
0001127602-18-022897,2018-07-05,2018-07-02,2018-07-06T01:08:40.000Z,,4,,,,4,18901,0,0,,xslF345X03/form4.xml,PRIMARY DOCUMENT
0001127602-18-022898,2018-07-05,2018-07-02,2018-07-06T01:23:42.000Z,,4,,,,4,11819,0,0,,xslF345X03/form4.xml,PRIMARY DOCUMENT
0001127602-18-023131,2018-07-11,2018-07-10,2018-07-12T00:41:24.000Z,,4,,,,4,8338,0,0,,xslF345X03/form4.xml,PRIMARY DOCUMENT
0001127602-18-023132,2018-07-11,2018-07-10,2018-07-12T00:42:51.000Z,,4,,,,4,8345,0,0,,xslF345X03/form4.xml,PRIMARY DOCUMENT
0001127602-18-023133,2018-07-11,2018-07-10,2018-07-12T00:44:15.000Z,,4,,,,4,8324,0,0,,xslF345X03/form4.xml,PRIMARY DOCUMENT
0001127602-18-023134,2018-07-11,2018-06-27,2018-07-12T01:38:59.000Z,,4,,,,4,5287,0,0,,xslF345X03/form4.xml,PRIMARY DOCUMENT
0001127602-18-023135,2018-07-11,2018-06-27,2018-07-12T01:42:11.000Z,,4,,,,4,5134,0,0,,xslF345X03/form4.xml,PRIMARY DOCUMENT
0001127602-18-023136,2018-07-11,2018-06-27,2018-07-12T01:44:49.000Z,,4,,,,4,5262,0,0,,xslF345X03/form4.xml,PRIMARY DOCUMENT
0001127602-18-023137,2018-07-11,2018-06-27,2018-07-12T01:46:36.000Z,,4,,,,4,5279,0,0,,xslF345X03/form4.xml,PRIMARY DOCUMENT
0001127602-18-023443,2018-07-17,2018-07-16,2018-07-17T21:49:37.000Z,,4,,,,4,12148,0,0,,xslF345X03/form4.xml,PRIMARY DOCUMENT
0001127602-18-023451,2018-07-17,2018-07-16,2018-07-17T22:55:23.000Z,,4,,,,4,9043,0,0,,xslF345X03/form4.xml,PRIMARY DOCUMENT
0001127602-18-023905,2018-07-26,2018-07-24,2018-07-26T20:19:01.000Z,,4,,,,4,8334,0,0,,xslF345X03/form4.xml,PRIMARY DOCUMENT
0001127602-18-023906,2018-07-26,2018-07-24,2018-07-26T20:20:58.000Z,,4,,,,4,8339,0,0,,xslF345X03/form4.xml,PRIMARY DOCUMENT
0001193125-18-231625,2018-07-30,2018-07-30,2018-07-30T20:57:40.000Z,34,8-K,001-35992,18978280,"7.01,9.01",8-K,5033301,0,0,,d589516d8k.htm,FORM 8-K
0001127602-18-024307,2018-08-01,2018-07-31,2018-08-01T23:13:01.000Z,,4,,,,4,5499,0,0,,xslF345X03/form4.xml,PRIMARY DOCUMENT
0001127602-18-024644,2018-08-03,2018-08-02,2018-08-04T00:05:15.000Z,,4,,,,4,23458,0,0,,xslF345X03/form4.xml,PRIMARY DOCUMENT
0001127602-18-024645,2018-08-03,2018-08-02,2018-08-04T00:07:30.000Z,,4,,,,4,23629,0,0,,xslF345X03/form4.xml,PRIMARY DOCUMENT
0001127602-18-024647,2018-08-03,2018-08-02,2018-08-04T00:09:25.000Z,,4,,,,4,23445,0,0,,xslF345X03/form4.xml,PRIMARY DOCUMENT
0001127602-18-024649,2018-08-03,2018-08-02,2018-08-04T00:11:08.000Z,,4,,,,4,11446,0,0,,xslF345X03/form4.xml,PRIMARY DOCUMENT
0001127602-18-025501,2018-08-15,2018-08-02,2018-08-15T22:36:08.000Z,,4/A,,,,4/A,5310,0,0,,xslF345X03/form4a.xml,PRIMARY DOCUMENT
0001127602-18-025502,2018-08-15,2018-08-02,2018-08-15T22:40:51.000Z,,4/A,,,,4/A,5129,0,0,,xslF345X03/form4a.xml,PRIMARY DOCUMENT
0001127602-18-025547,2018-08-16,2018-08-15,2018-08-16T16:35:36.000Z,,4,,,,4,12149,0,0,,xslF345X03/form4.xml,PRIMARY DOCUMENT
0001564590-18-023209,2018-09-17,2018-09-17,2018-09-17T20:32:09.000Z,34,8-K,001-35992,181073749,"2.02,8.01,9.01",8-K,1279924,0,0,,orcl-8k_20180917.htm,8-K
0001127602-18-027909,2018-09-18,2018-09-17,2018-09-18T20:46:33.000Z,,4,,,,4,12148,0,0,,xslF345X03/form4.xml,PRIMARY DOCUMENT
0001564590-18-023315,2018-09-19,2018-08-31,2018-09-19T20:53:42.000Z,34,10-Q,001-35992,181078091,,10-Q,9969161,1,0,,orcl-10q_20180831.htm,10-Q
0001127602-18-028337,2018-09-25,2018-09-24,2018-09-25T21:54:51.000Z,,4,,,,4,12093,0,0,,xslF345X03/form4.xml,PRIMARY DOCUMENT
0001193125-18-283993,2018-09-26,2018-11-14,2018-09-26T20:31:01.000Z,34,DEF 14A,001-35992,181088255,,DEF 14A,2609248,0,0,,d623045ddef14a.htm,DEFINITIVE PROXY MATERIALS
0001193125-18-283998,2018-09-26,,2018-09-26T20:34:04.000Z,34,DEFA14A,001-35992,181088273,,DEFA14A,38414,0,0,,d623423ddefa14a.htm,NOTICE & ACCESS
0001193125-18-287698,2018-09-28,2018-09-28,2018-09-28T21:05:06.000Z,34,8-K,001-35992,181094852,5.02,8-K,14774,0,0,,d625872d8k.htm,FORM 8-K
0001127602-18-029726,2018-10-09,2018-10-05,2018-10-09T18:56:12.000Z,,4,,,,4,8340,0,0,,xslF345X03/form4.xml,PRIMARY DOCUMENT
0001127602-18-030228,2018-10-15,2018-10-15,2018-10-15T23:23:08.000Z,,4,,,,4,12149,0,0,,xslF345X03/form4.xml,PRIMARY DOCUMENT
0001398344-18-015724,2018-11-01,,2018-11-01T14:30:24.000Z,34,PX14A6G,001-35992,181152515,,PX14A6G,163602,0,0,,fp0036892_px14a6g.htm,
0001127602-18-031549,2018-11-01,2018-10-30,2018-11-01T16:21:22.000Z,,4,,,,4,5385,0,0,,xslF345X03/form4.xml,PRIMARY DOCUMENT
0001193125-18-329009,2018-11-16,2018-11-14,2018-11-16T21:33:05.000Z,34,8-K,001-35992,181190195,5.07,8-K,35611,0,0,,d657217d8k.htm,FORM 8-K
0001127602-18-033638,2018-11-19,2018-11-15,2018-11-19T16:52:29.000Z,,4,,,,4,12159,0,0,,xslF345X03/form4.xml,PRIMARY DOCUMENT
0001127602-18-035496,2018-12-07,2018-12-05,2018-12-07T17:03:29.000Z,,4,,,,4,8895,0,0,,xslF345X03/form4.xml,PRIMARY DOCUMENT
0001564590-18-030992,2018-12-17,2018-12-17,2018-12-17T21:15:00.000Z,34,8-K,001-35992,181238285,"2.02,8.01,9.01",8-K,1855780,0,0,,orcl-8k_20181130.htm,8-K
0001127602-18-036490,2018-12-17,2018-12-17,2018-12-18T00:54:18.000Z,,4,,,,4,11691,0,0,,xslF345X03/form4.xml,PRIMARY DOCUMENT
0001127602-18-036516,2018-12-18,2018-12-17,2018-12-18T17:49:32.000Z,,4,,,,4,6658,0,0,,xslF345X03/form4.xml,PRIMARY DOCUMENT
0001564590-18-031113,2018-12-19,2018-11-30,2018-12-19T21:15:00.000Z,34,10-Q,001-35992,181243627,,10-Q,13049849,1,0,,orcl-10q_20181130.htm,10-Q
0001564590-18-031117,2018-12-19,,2018-12-19T21:34:28.000Z,33,S-8,333-228899,181243796,,S-8,548582,0,0,,orcl-s8.htm,FORM S-8 IRIDIZE GOBALTO DATAFOX
0001127602-18-037374,2018-12-27,2018-12-24,2018-12-27T17:58:18.000Z,,4,,,,4,4999,0,0,,xslF345X03/form4.xml,PRIMARY DOCUMENT
0001127602-18-037377,2018-12-27,2018-12-26,2018-12-27T18:52:14.000Z,,4,,,,4,10234,0,0,,xslF345X03/form4.xml,PRIMARY DOCUMENT
0001127602-18-037489,2018-12-28,2018-12-27,2018-12-28T20:12:42.000Z,,4,,,,4,8151,0,0,,xslF345X03/form4.xml,PRIMARY DOCUMENT
0001127602-19-002187,2019-01-16,2019-01-15,2019-01-16T22:17:36.000Z,,4,,,,4,12150,0,0,,xslF345X03/form4.xml,PRIMARY DOCUMENT
0001127602-19-003232,2019-01-31,2019-01-30,2019-01-31T22:17:11.000Z,,4,,,,4,5387,0,0,,xslF345X03/form4.xml,PRIMARY DOCUMENT
0000215457-19-004908,2019-02-06,,2019-02-06T20:04:36.000Z,34,SC 13G/A,005-81502,19571174,,SC 13G/A,13724,0,0,,us68389x1054_020519.txt,
0001193125-19-032440,2019-02-08,,2019-02-08T22:18:02.000Z,34,SC 13G/A,005-81502,19581033,,SC 13G/A,33942,0,0,,d669288dsc13ga.htm,SC 13G/A
0000932471-19-005710,2019-02-11,,2019-02-11T21:55:39.000Z,34,SC 13G/A,005-81502,19586237,,SC 13G/A,34204,0,0,,oraclecorp.htm,
0001193125-19-042553,2019-02-15,2019-02-12,2019-02-15T22:04:32.000Z,34,8-K,001-35992,19612342,8.01,8-K,15129,0,0,,d705045d8k.htm,FORM 8-K
0001127602-19-006990,2019-02-19,2019-02-15,2019-02-20T00:55:55.000Z,,4,,,,4,15605,0,0,,xslF345X03/form4.xml,PRIMARY DOCUMENT
0001564590-19-007818,2019-03-14,2019-03-14,2019-03-14T20:08:23.000Z,34,8-K,001-35992,19681136,"2.02,8.01,9.01",8-K,1883910,0,0,,orcl-8k_20190314.htm,8-K
0001127602-19-011694,2019-03-18,2019-03-15,2019-03-18T18:25:16.000Z,,4,,,,4,11684,0,0,,xslF345X03/form4.xml,PRIMARY DOCUMENT
0001564590-19-008273,2019-03-18,2019-02-28,2019-03-18T20:12:45.000Z,34,10-Q,001-35992,19688342,,10-Q,13448965,1,0,,orcl-10q_20190228.htm,10-Q
0001127602-19-012429,2019-03-20,2019-03-19,2019-03-20T19:30:44.000Z,,4,,,,4,12847,0,0,,xslF345X03/form4.xml,PRIMARY DOCUMENT
0001127602-19-012445,2019-03-20,2019-03-18,2019-03-20T20:19:20.000Z,,4,,,,4,17561,0,0,,xslF345X03/form4.xml,PRIMARY DOCUMENT
0001127602-19-012584,2019-03-21,2019-03-20,2019-03-21T18:34:33.000Z,,4,,,,4,12104,0,0,,xslF345X03/form4.xml,PRIMARY DOCUMENT
0001127602-19-012609,2019-03-21,2019-03-21,2019-03-21T19:04:15.000Z,,4,,,,4,12329,0,0,,xslF345X03/form4.xml,PRIMARY DOCUMENT
0001127602-19-012849,2019-03-22,2019-03-21,2019-03-22T18:52:36.000Z,,4,,,,4,17526,0,0,,xslF345X03/form4.xml,PRIMARY DOCUMENT
0001127602-19-015534,2019-04-16,2019-04-15,2019-04-16T18:58:35.000Z,,4,,,,4,11684,0,0,,xslF345X03/form4.xml,PRIMARY DOCUMENT
0001127602-19-016116,2019-04-24,2019-04-23,2019-04-24T18:28:50.000Z,,4,,,,4,8619,0,0,,xslF345X03/form4.xml,PRIMARY DOCUMENT
0001127602-19-016323,2019-04-26,2019-04-25,2019-04-26T20:57:56.000Z,,4,,,,4,5385,0,0,,xslF345X03/form4.xml,PRIMARY DOCUMENT
0001127602-19-016795,2019-05-01,2019-04-30,2019-05-01T22:28:37.000Z,,4,,,,4,8446,0,0,,xslF345X03/form4.xml,PRIMARY DOCUMENT
0001127602-19-017865,2019-05-09,2019-05-08,2019-05-09T17:59:48.000Z,,4,,,,4,6788,0,0,,xslF345X03/form4.xml,PRIMARY DOCUMENT
0001127602-19-018830,2019-05-16,2019-05-15,2019-05-16T22:09:03.000Z,,4,,,,4,12139,0,0,,xslF345X03/form4.xml,PRIMARY DOCUMENT
0001564590-19-019738,2019-05-17,2018-12-31,2019-05-17T20:55:18.000Z,34,11-K,001-35992,19836520,,11-K,2038808,0,0,,orcl-11k_20181231.htm,FORM 11-K
0001193125-19-162847,2019-05-31,,2019-05-31T20:16:55.000Z,34,SD,001-35992,19870661,,SD,38206,0,0,,d729127dsd.htm,SD
0001127602-19-020723,2019-06-04,2019-05-31,2019-06-04T20:30:09.000Z,,4,,,,4,16665,0,0,,xslF345X03/form4.xml,PRIMARY DOCUMENT
0001127602-19-020724,2019-06-04,2019-05-31,2019-06-04T20:31:34.000Z,,4,,,,4,15860,0,0,,xslF345X03/form4.xml,PRIMARY DOCUMENT
0001127602-19-020726,2019-06-04,2019-05-31,2019-06-04T20:40:47.000Z,,4,,,,4,12832,0,0,,xslF345X03/form4.xml,PRIMARY DOCUMENT
0001127602-19-020728,2019-06-04,2019-05-31,2019-06-04T20:43:43.000Z,,4,,,,4,15849,0,0,,xslF345X03/form4.xml,PRIMARY DOCUMENT
0001127602-19-020731,2019-06-04,2019-05-31,2019-06-04T20:46:39.000Z,,4,,,,4,12478,0,0,,xslF345X03/form4.xml,PRIMARY DOCUMENT
0001127602-19-020733,2019-06-04,2019-05-31,2019-06-04T20:49:08.000Z,,4,,,,4,12184,0,0,,xslF345X03/form4.xml,PRIMARY DOCUMENT
0001127602-19-020739,2019-06-04,2019-05-31,2019-06-04T20:54:33.000Z,,4,,,,4,13054,0,0,,xslF345X03/form4.xml,PRIMARY DOCUMENT
0001127602-19-020743,2019-06-04,2019-05-31,2019-06-04T20:56:30.000Z,,4,,,,4,16065,0,0,,xslF345X03/form4.xml,PRIMARY DOCUMENT
0001127602-19-020746,2019-06-04,2019-05-31,2019-06-04T20:58:23.000Z,,4,,,,4,12218,0,0,,xslF345X03/form4.xml,PRIMARY DOCUMENT
0001127602-19-020748,2019-06-04,2019-05-31,2019-06-04T21:00:23.000Z,,4,,,,4,16498,0,0,,xslF345X03/form4.xml,PRIMARY DOCUMENT
0001564590-19-022864,2019-06-19,2019-06-19,2019-06-19T20:23:47.000Z,34,8-K,001-35992,19906304,"2.02,8.01,9.01",8-K,1914175,0,0,,orcl-8k_20190619.htm,8-K
0001564590-19-023119,2019-06-21,2019-05-31,2019-06-21T20:29:05.000Z,34,10-K,001-35992,19911856,,10-K,23394380,1,0,,orcl-10k_20190531.htm,10-K
0001127602-19-022752,2019-06-25,2019-06-21,2019-06-25T16:15:33.000Z,,4,,,,4,12167,0,0,,xslF345X03/form4.xml,PRIMARY DOCUMENT
0001127602-19-022754,2019-06-25,2019-06-21,2019-06-25T16:16:56.000Z,,4,,,,4,13990,0,0,,xslF345X03/form4.xml,PRIMARY DOCUMENT
0001127602-19-022757,2019-06-25,2019-06-24,2019-06-25T16:18:34.000Z,,4,,,,4,10583,0,0,,xslF345X03/form4.xml,PRIMARY DOCUMENT
0001127602-19-022786,2019-06-25,2019-06-24,2019-06-25T18:31:56.000Z,,4,,,,4,11672,0,0,,xslF345X03/form4.xml,PRIMARY DOCUMENT
0001127602-19-023078,2019-06-28,2019-06-27,2019-06-28T22:48:12.000Z,,4,,,,4,10450,0,0,,xslF345X03/form4.xml,PRIMARY DOCUMENT
0001127602-19-023079,2019-06-28,2019-06-27,2019-06-28T22:50:34.000Z,,4,,,,4,8360,0,0,,xslF345X03/form4.xml,PRIMARY DOCUMENT
0001127602-19-023080,2019-06-28,2019-06-27,2019-06-28T22:53:03.000Z,,4,,,,4,10440,0,0,,xslF345X03/form4.xml,PRIMARY DOCUMENT
0001127602-19-023081,2019-06-28,2019-06-27,2019-06-28T22:55:34.000Z,,4,,,,4,5368,0,0,,xslF345X03/form4.xml,PRIMARY DOCUMENT
0001127602-19-023781,2019-07-02,2019-06-30,2019-07-02T22:56:21.000Z,,4,,,,4,14020,0,0,,xslF345X03/form4.xml,PRIMARY DOCUMENT
0001127602-19-023782,2019-07-02,2019-06-30,2019-07-02T23:00:05.000Z,,4,,,,4,8359,0,0,,xslF345X03/form4.xml,PRIMARY DOCUMENT
0001127602-19-023784,2019-07-02,2019-06-30,2019-07-02T23:08:16.000Z,,4,,,,4,8387,0,0,,xslF345X03/form4.xml,PRIMARY DOCUMENT
0001127602-19-024019,2019-07-03,2019-07-02,2019-07-03T20:30:27.000Z,,4,,,,4,8383,0,0,,xslF345X03/form4.xml,PRIMARY DOCUMENT
0001127602-19-024020,2019-07-03,2019-07-02,2019-07-03T20:32:06.000Z,,4,,,,4,8355,0,0,,xslF345X03/form4.xml,PRIMARY DOCUMENT
0001127602-19-024021,2019-07-03,2019-07-02,2019-07-03T20:36:25.000Z,,4,,,,4,8376,0,0,,xslF345X03/form4.xml,PRIMARY DOCUMENT
0001193125-19-191922,2019-07-10,2019-07-03,2019-07-10T20:54:32.000Z,34,8-K,001-35992,19949865,"5.02,9.01",8-K,42578,0,0,,d776427d8k.htm,8-K
0001127602-19-024399,2019-07-11,2019-07-10,2019-07-11T22:59:26.000Z,,4,,,,4,8387,0,0,,xslF345X03/form4.xml,PRIMARY DOCUMENT
0001127602-19-024400,2019-07-11,2019-07-10,2019-07-11T23:01:25.000Z,,4,,,,4,8359,0,0,,xslF345X03/form4.xml,PRIMARY DOCUMENT
0001127602-19-024401,2019-07-11,2019-07-10,2019-07-11T23:03:17.000Z,,4,,,,4,8380,0,0,,xslF345X03/form4.xml,PRIMARY DOCUMENT
0001127602-19-024558,2019-07-15,2019-07-12,2019-07-15T23:19:12.000Z,,4,,,,4,12556,0,0,,xslF345X03/form4.xml,PRIMARY DOCUMENT
0001193125-19-208925,2019-07-31,2019-07-31,2019-07-31T21:06:05.000Z,34,8-K,001-35992,19989620,"7.01,9.01",8-K,3853003,0,0,,d795975d8k.htm,8-K
0001127602-19-025567,2019-07-31,2019-07-31,2019-07-31T22:35:19.000Z,,3,,,,3,6378,0,0,,xslF345X02/form3.xml,PRIMARY DOCUMENT
0001127602-19-025748,2019-08-01,2019-07-31,2019-08-02T00:11:40.000Z,,4,,,,4,5215,0,0,,xslF345X03/form4.xml,PRIMARY DOCUMENT
0001127602-19-025749,2019-08-01,2019-07-31,2019-08-02T00:12:56.000Z,,4,,,,4,5342,0,0,,xslF345X03/form4.xml,PRIMARY DOCUMENT
0001127602-19-025946,2019-08-02,2019-07-31,2019-08-02T22:58:15.000Z,,4,,,,4,8807,0,0,,xslF345X03/form4.xml,PRIMARY DOCUMENT
0001127602-19-025948,2019-08-02,2019-07-31,2019-08-02T23:00:06.000Z,,4,,,,4,8999,0,0,,xslF345X03/form4.xml,PRIMARY DOCUMENT
0001127602-19-025950,2019-08-02,2019-07-31,2019-08-02T23:01:43.000Z,,4,,,,4,8820,0,0,,xslF345X03/form4.xml,PRIMARY DOCUMENT
0001127602-19-027850,2019-09-04,2019-09-03,2019-09-04T20:00:42.000Z,,4,,,,4,12167,0,0,,xslF345X03/form4.xml,PRIMARY DOCUMENT
0001564590-19-034522,2019-09-11,2019-09-11,2019-09-11T20:51:51.000Z,34,8-K,001-35992,191088847,"2.02,5.02,8.01,9.01",8-K,1251880,0,0,,orcl-8k_20190911.htm,8-K
0001564590-19-034717,2019-09-13,2019-08-31,2019-09-13T20:22:37.000Z,34,10-Q,001-35992,191092826,,XBRL,10134766,1,1,,orcl-10q_20190831.htm,10-Q
0001127602-19-028571,2019-09-17,2019-09-16,2019-09-17T20:04:22.000Z,,4,,,,4,12190,0,0,,xslF345X03/form4.xml,PRIMARY DOCUMENT
0001127602-19-028868,2019-09-20,2019-09-19,2019-09-20T18:23:28.000Z,,4,,,,4,4273,0,0,,xslF345X03/form4.xml,PRIMARY DOCUMENT
0001193125-19-257430,2019-09-27,2019-11-19,2019-09-27T20:33:06.000Z,34,DEF 14A,001-35992,191122468,,DEF 14A,2546564,0,0,,d755300ddef14a.htm,DEFINITIVE PROXY STATEMENT
0001193125-19-257437,2019-09-27,,2019-09-27T20:35:02.000Z,34,DEFA14A,001-35992,191122499,,DEFA14A,41237,0,0,,d809022ddefa14a.htm,NOTICE & ACCESS
0001127602-19-029792,2019-10-02,2019-09-30,2019-10-02T21:51:23.000Z,,4,,,,4,10002,0,0,,xslF345X03/form4.xml,PRIMARY DOCUMENT
0000834237-19-000199,2019-10-09,,2019-10-09T20:20:15.000Z,34,SC 13G/A,005-81502,191144666,,SC 13G/A,12877,0,0,,us68389x1054_100919.txt,
0001127602-19-030654,2019-10-16,2019-10-15,2019-10-16T21:35:56.000Z,,4,,,,4,12178,0,0,,xslF345X03/form4.xml,PRIMARY DOCUMENT
0001193125-19-269943,2019-10-18,2019-10-18,2019-10-18T18:20:20.000Z,34,8-K,001-35992,191157460,"5.02,9.01",XBRL,197932,1,1,,d823419d8k.htm,FORM 8-K
0001127602-19-031111,2019-10-25,2019-10-24,2019-10-25T22:30:47.000Z,,4,,,,4,5352,0,0,,xslF345X03/form4.xml,PRIMARY DOCUMENT
0001193125-19-288413,2019-11-08,,2019-11-08T21:30:56.000Z,34,DEFA14A,001-35992,191204457,,DEFA14A,21507,0,0,,d831260ddefa14a.htm,DEFINITIVE ADDITIONAL MATERIALS
0001127602-19-032463,2019-11-12,2019-11-08,2019-11-12T19:22:44.000Z,,4,,,,4,6221,0,0,,xslF345X03/form4.xml,PRIMARY DOCUMENT
0001398344-19-020291,2019-11-14,,2019-11-14T18:18:40.000Z,34,PX14A6G,001-35992,191218546,,PX14A6G,42351,0,0,,fp0047662_px14a6g.htm,
0001127602-19-032914,2019-11-15,2019-11-15,2019-11-16T00:21:58.000Z,,4,,,,4,12186,0,0,,xslF345X03/form4.xml,PRIMARY DOCUMENT
0001193125-19-298638,2019-11-22,2019-11-19,2019-11-22T21:55:21.000Z,34,8-K,001-35992,191242344,5.07,XBRL,205319,1,1,,d841163d8k.htm,FORM 8-K
0001193125-19-309214,2019-12-09,2019-12-09,2019-12-09T21:08:22.000Z,34,8-K,001-35992,191275365,"5.02,9.01",XBRL,208337,1,1,,d688356d8k.htm,FORM 8-K
0001127602-19-034830,2019-12-11,2019-12-10,2019-12-11T23:21:05.000Z,,3,,,,3,6351,0,0,,xslF345X02/form3.xml,PRIMARY DOCUMENT
0001127602-19-034833,2019-12-11,2019-12-10,2019-12-11T23:25:30.000Z,,4,,,,4,5214,0,0,,xslF345X03/form4.xml,PRIMARY DOCUMENT
0001564590-19-045836,2019-12-12,2019-12-12,2019-12-12T21:10:28.000Z,34,8-K,001-35992,191281961,"2.02,8.01,9.01",XBRL,1978993,1,1,,orcl-8k_20191212.htm,8-K
0001564590-19-045966,2019-12-13,2019-11-30,2019-12-13T21:22:03.000Z,34,10-Q,001-35992,191284823,,XBRL,13138019,1,1,,orcl-10q_20191130.htm,10-Q
0001193125-19-313998,2019-12-13,,2019-12-13T21:52:44.000Z,33,S-8,333-235503,191285137,,S-8,170926,0,0,,d773599ds8.htm,REGISTRATION STATEMENT ON FORM S-8
0001127602-19-035189,2019-12-17,2019-12-16,2019-12-17T19:35:38.000Z,,4,,,,4,6672,0,0,,xslF345X03/form4.xml,PRIMARY DOCUMENT
0001127602-20-001583,2020-01-14,2020-01-13,2020-01-15T00:35:42.000Z,,4,,,,4,16207,0,0,,xslF345X03/form4.xml,PRIMARY DOCUMENT
0001127602-20-001585,2020-01-14,2020-01-14,2020-01-15T00:38:47.000Z,,4,,,,4,9336,0,0,,xslF345X03/form4.xml,PRIMARY DOCUMENT
0001127602-20-002374,2020-01-24,2020-01-23,2020-01-25T00:58:10.000Z,,4,,,,4,7423,0,0,,xslF345X03/form4.xml,PRIMARY DOCUMENT
0001104659-20-018855,2020-02-12,,2020-02-12T16:16:37.000Z,34,SC 13G/A,005-81502,20601907,,SC 13G/A,13714,0,0,,tv02095-oraclecorp.htm,SCHEDULE 13G/A
0001193125-20-038281,2020-02-14,,2020-02-14T21:18:47.000Z,34,SC 13G/A,005-81502,20620187,,SC 13G/A,33792,0,0,,d869174dsc13ga.htm,AMENDMENT NO. 29 ON SCHEDULE 13G
0001564590-20-010464,2020-03-12,2020-03-12,2020-03-12T20:10:41.000Z,34,8-K,001-35992,20708862,"2.02,8.01,9.01",XBRL,2019426,1,1,,orcl-8k_20200312.htm,8-K
0001564590-20-010833,2020-03-13,2020-02-29,2020-03-13T20:21:31.000Z,34,10-Q,001-35992,20712984,,XBRL,13134614,1,1,,orcl-10q_20200229.htm,10-Q
0001127602-20-011940,2020-03-25,2020-03-23,2020-03-25T21:23:12.000Z,,4,,,,4,5134,0,0,,xslF345X03/form4.xml,PRIMARY DOCUMENT
0001127602-20-011994,2020-03-26,2020-03-26,2020-03-26T20:05:38.000Z,,4,,,,4,5605,0,0,,xslF345X03/form4.xml,PRIMARY DOCUMENT
0001127602-20-012096,2020-03-27,2020-03-26,2020-03-28T01:16:53.000Z,,4,,,,4,23256,0,0,,xslF345X03/form4.xml,PRIMARY DOCUMENT
0001193125-20-090151,2020-03-30,,2020-03-30T12:17:40.000Z,33,424B2,333-223826,20754158,,424B2,501769,0,0,,d846726d424b2.htm,424B2
0001193125-20-091115,2020-03-30,,2020-03-30T21:21:02.000Z,34,FWP,333-223826,20758426,,FWP,55605,0,0,,d846726dfwp.htm,FWP
0001193125-20-092802,2020-03-31,,2020-03-31T20:10:43.000Z,33,424B2,333-223826,20761895,,424B2,521042,0,0,,d846726d424b2.htm,424B2
0001193125-20-094641,2020-04-01,2020-03-30,2020-04-01T20:17:51.000Z,34,8-K,001-35992,20765612,"8.01,9.01",XBRL,573974,1,1,,d905931d8k.htm,FORM 8-K
0001127602-20-014578,2020-04-27,2020-04-23,2020-04-27T21:42:49.000Z,,4,,,,4,7418,0,0,,xslF345X03/form4.xml,PRIMARY DOCUMENT
0001127602-20-016624,2020-05-14,2020-05-12,2020-05-14T21:02:05.000Z,,4,,,,4,17982,0,0,,xslF345X03/form4.xml,PRIMARY DOCUMENT
0001564590-20-025846,2020-05-15,2019-12-31,2020-05-15T20:31:11.000Z,34,11-K,001-35992,20885905,,11-K,1968877,0,0,,orcl-11k_20191231.htm,11-K
0001193125-20-155779,2020-05-29,,2020-05-29T20:16:13.000Z,34,SD,001-35992,20927999,,SD,38542,0,0,,d935717dsd.htm,SD
0001127602-20-018288,2020-06-01,2020-05-31,2020-06-01T23:58:18.000Z,,4,,,,4,10243,0,0,,xslF345X03/form4.xml,PRIMARY DOCUMENT
0001127602-20-018290,2020-06-01,2020-05-31,2020-06-02T00:00:18.000Z,,4,,,,4,8741,0,0,,xslF345X03/form4.xml,PRIMARY DOCUMENT
0001127602-20-018291,2020-06-01,2020-05-31,2020-06-02T00:06:54.000Z,,4,,,,4,5204,0,0,,xslF345X03/form4.xml,PRIMARY DOCUMENT
0001127602-20-018292,2020-06-01,2020-05-31,2020-06-02T00:08:51.000Z,,4,,,,4,9553,0,0,,xslF345X03/form4.xml,PRIMARY DOCUMENT
0001127602-20-018293,2020-06-01,2020-05-31,2020-06-02T00:10:19.000Z,,4,,,,4,8816,0,0,,xslF345X03/form4.xml,PRIMARY DOCUMENT
0001127602-20-018294,2020-06-01,2020-05-31,2020-06-02T00:11:35.000Z,,4,,,,4,8723,0,0,,xslF345X03/form4.xml,PRIMARY DOCUMENT
0001127602-20-018295,2020-06-01,2020-05-31,2020-06-02T00:12:42.000Z,,4,,,,4,9382,0,0,,xslF345X03/form4.xml,PRIMARY DOCUMENT
0001127602-20-018296,2020-06-01,2020-05-31,2020-06-02T00:13:54.000Z,,4,,,,4,5202,0,0,,xslF345X03/form4.xml,PRIMARY DOCUMENT
0001127602-20-018297,2020-06-01,2020-05-31,2020-06-02T00:23:26.000Z,,4,,,,4,8696,0,0,,xslF345X03/form4.xml,PRIMARY DOCUMENT
0001127602-20-018298,2020-06-01,2020-05-31,2020-06-02T00:27:38.000Z,,4,,,,4,9554,0,0,,xslF345X03/form4.xml,PRIMARY DOCUMENT
0001127602-20-018299,2020-06-01,2020-05-31,2020-06-02T00:29:40.000Z,,4,,,,4,8728,0,0,,xslF345X03/form4.xml,PRIMARY DOCUMENT
0001564590-20-029533,2020-06-16,2020-06-16,2020-06-16T20:17:05.000Z,34,8-K,001-35992,20966680,"2.02,8.01,9.01",XBRL,2048783,1,1,,orcl-8k_20200616.htm,8-K
0001564590-20-030125,2020-06-22,2020-05-31,2020-06-22T20:25:49.000Z,34,10-K,001-35992,20979119,,XBRL,23943673,1,1,,orcl-10k_20200531.htm,10-K
0001127602-20-020339,2020-06-24,2020-06-23,2020-06-25T00:17:01.000Z,,4,,,,4,16220,0,0,,xslF345X03/form4.xml,PRIMARY DOCUMENT
0001127602-20-020460,2020-06-26,2020-06-25,2020-06-26T22:11:09.000Z,,4,,,,4,11298,0,0,,xslF345X03/form4.xml,PRIMARY DOCUMENT
0001127602-20-020462,2020-06-26,2020-06-25,2020-06-26T22:23:48.000Z,,4,,,,4,9521,0,0,,xslF345X03/form4.xml,PRIMARY DOCUMENT
0001127602-20-020464,2020-06-26,2020-06-25,2020-06-27T00:05:32.000Z,,4,,,,4,16214,0,0,,xslF345X03/form4.xml,PRIMARY DOCUMENT
0000899243-20-018063,2020-06-30,2020-06-27,2020-07-01T01:05:13.000Z,,4,,,,4,9549,0,0,,xslF345X03/doc4.xml,FORM 4 SUBMISSION
0000899243-20-018066,2020-06-30,2020-06-27,2020-07-01T01:07:52.000Z,,4,,,,4,9138,0,0,,xslF345X03/doc4.xml,FORM 4 SUBMISSION
0000899243-20-018067,2020-06-30,2020-06-27,2020-07-01T01:09:00.000Z,,4,,,,4,12957,0,0,,xslF345X03/doc4.xml,FORM 4 SUBMISSION
0000899243-20-018068,2020-06-30,2020-06-27,2020-07-01T01:09:26.000Z,,4,,,,4,12584,0,0,,xslF345X03/doc4.xml,FORM 4 SUBMISSION
0001127602-20-020693,2020-07-01,2020-06-29,2020-07-02T00:40:41.000Z,,4,,,,4,23666,0,0,,xslF345X03/form4.xml,PRIMARY DOCUMENT
0001127602-20-020787,2020-07-02,2020-06-30,2020-07-02T18:02:58.000Z,,4,,,,4,9044,0,0,,xslF345X03/form4.xml,PRIMARY DOCUMENT
0001127602-20-020788,2020-07-02,2020-06-30,2020-07-02T18:05:05.000Z,,4,,,,4,8617,0,0,,xslF345X03/form4.xml,PRIMARY DOCUMENT
0001127602-20-020790,2020-07-02,2020-06-30,2020-07-02T18:06:35.000Z,,4,,,,4,8370,0,0,,xslF345X03/form4.xml,PRIMARY DOCUMENT
0001127602-20-021437,2020-07-13,2020-07-10,2020-07-13T21:26:12.000Z,,4,,,,4,8621,0,0,,xslF345X03/form4.xml,PRIMARY DOCUMENT
0001127602-20-021438,2020-07-13,2020-07-10,2020-07-13T21:27:18.000Z,,4,,,,4,9048,0,0,,xslF345X03/form4.xml,PRIMARY DOCUMENT
0001127602-20-021439,2020-07-13,2020-07-10,2020-07-13T21:28:30.000Z,,4,,,,4,8374,0,0,,xslF345X03/form4.xml,PRIMARY DOCUMENT
0001127602-20-022366,2020-07-30,2020-07-28,2020-07-31T01:27:20.000Z,,4,,,,4,7421,0,0,,xslF345X03/form4.xml,PRIMARY DOCUMENT
0001127602-20-022438,2020-07-31,2020-07-31,2020-08-01T01:12:04.000Z,,4,,,,4,6695,0,0,,xslF345X03/form4.xml,PRIMARY DOCUMENT
0001127602-20-022911,2020-08-05,2020-08-04,2020-08-05T21:03:39.000Z,,4,,,,4,5325,0,0,,xslF345X03/form4.xml,PRIMARY DOCUMENT
0001127602-20-022913,2020-08-05,2020-08-04,2020-08-05T21:04:51.000Z,,4,,,,4,5299,0,0,,xslF345X03/form4.xml,PRIMARY DOCUMENT
0001127602-20-022916,2020-08-05,2020-08-04,2020-08-05T21:05:57.000Z,,4,,,,4,5369,0,0,,xslF345X03/form4.xml,PRIMARY DOCUMENT
0001127602-20-022919,2020-08-05,2020-08-04,2020-08-05T21:06:58.000Z,,4,,,,4,5323,0,0,,xslF345X03/form4.xml,PRIMARY DOCUMENT
0001193125-20-227084,2020-08-21,2020-08-21,2020-08-21T20:49:38.000Z,34,8-K,001-35992,201123994,"7.01,9.01",XBRL,6122668,1,1,,d31885d8k.htm,FORM 8-K
0001564590-20-043143,2020-09-10,2020-09-10,2020-09-10T20:16:34.000Z,34,8-K,001-35992,201168868,"2.02,8.01,9.01",XBRL,1445808,1,1,,orcl-8k_20200910.htm,8-K
0001127602-20-025089,2020-09-14,2020-09-11,2020-09-14T23:41:32.000Z,,4,,,,4,14057,0,0,,xslF345X03/form4.xml,PRIMARY DOCUMENT
0001564590-20-043448,2020-09-15,2020-08-31,2020-09-14T21:34:48.000Z,34,10-Q,001-35992,201174055,,XBRL,9857256,1,1,,orcl-10q_20200831.htm,10-Q
0001127602-20-025129,2020-09-15,2020-09-15,2020-09-16T00:11:11.000Z,,4,,,,4,13189,0,0,,xslF345X03/form4.xml,PRIMARY DOCUMENT
0001127602-20-025263,2020-09-16,2020-09-15,2020-09-16T23:58:57.000Z,,4,,,,4,14058,0,0,,xslF345X03/form4.xml,PRIMARY DOCUMENT
0001193125-20-249194,2020-09-18,2020-11-04,2020-09-18T20:54:31.000Z,34,DEF 14A,001-35992,201184487,,DEF 14A,2759744,0,0,,d78987ddef14a.htm,DEFINITIVE PROXY STATEMENT
0001193125-20-249195,2020-09-18,,2020-09-18T20:56:29.000Z,34,DEFA14A,001-35992,201184507,,DEFA14A,554477,0,0,,d58536ddefa14a.htm,NOTICE & ACCESS
0001127602-20-027498,2020-10-26,2020-10-22,2020-10-26T17:17:36.000Z,,4,,,,4,7423,0,0,,xslF345X03/form4.xml,PRIMARY DOCUMENT
0001398344-20-020816,2020-10-27,,2020-10-27T20:56:01.000Z,34,PX14A6G,001-35992,201264742,,PX14A6G,37369,0,0,,fp0058856_px14a6g.htm,
0001193125-20-286895,2020-11-05,,2020-11-05T21:41:54.000Z,33,S-8,333-249880,201291169,,S-8,176974,0,0,,d12502ds8.htm,REGISTRATION STATEMENT ON FORM S-8
0001193125-20-286901,2020-11-05,,2020-11-05T21:43:52.000Z,33,S-8 POS,333-131427,201291195,,S-8 POS,176824,0,0,,d26589ds8pos.htm,S-8 POS
0001193125-20-286904,2020-11-05,,2020-11-05T21:44:54.000Z,33,S-8 POS,333-171939,201291209,,S-8 POS,176824,0,0,,d26589ds8pos.htm,S-8 POS
0001193125-20-286918,2020-11-05,,2020-11-05T21:48:52.000Z,33,S-8 POS,333-193006,201291257,,S-8 POS,176824,0,0,,d26589ds8pos.htm,S-8 POS
0001193125-20-286941,2020-11-05,,2020-11-05T21:52:29.000Z,33,S-8 POS,333-222139,201291295,,S-8 POS,176824,0,0,,d26589ds8pos.htm,S-8 POS
0001193125-20-288009,2020-11-06,2020-11-04,2020-11-06T21:30:04.000Z,34,8-K,001-35992,201294838,"5.02,5.07,9.01",XBRL,212562,1,1,,d58112d8k.htm,FORM 8-K
0001564590-20-056722,2020-12-10,2020-12-10,2020-12-10T21:11:22.000Z,34,8-K,001-35992,201380674,"2.02,8.01,9.01",XBRL,1993847,1,1,,orcl-8k_20201210.htm,8-K
0001127602-20-031121,2020-12-10,2020-12-10,2020-12-10T22:42:38.000Z,,4,,,,4,6693,0,0,,xslF345X03/form4.xml,PRIMARY DOCUMENT
0001564590-20-056896,2020-12-11,2020-11-30,2020-12-11T21:11:40.000Z,34,10-Q,001-35992,201383691,,XBRL,12827522,1,1,,orcl-10q_20201130.htm,10-Q
0001193125-20-315950,2020-12-11,,2020-12-11T21:39:26.000Z,33,S-8,333-251303,201383939,,S-8,212737,0,0,,d77903ds8.htm,REGISTRATION STATEMENT ON FORM S-8
0001127602-20-031413,2020-12-15,2020-12-14,2020-12-15T23:57:41.000Z,,4,,,,4,9089,0,0,,xslF345X03/form4.xml,PRIMARY DOCUMENT
0001127602-20-031566,2020-12-16,2020-12-15,2020-12-16T21:50:22.000Z,,4,,,,4,11273,0,0,,xslF345X03/form4.xml,PRIMARY DOCUMENT
0001127602-20-032120,2020-12-21,2020-12-18,2020-12-21T23:28:05.000Z,,4,,,,4,8652,0,0,,xslF345X03/form4.xml,PRIMARY DOCUMENT
0000876661-21-000039,2021-01-11,,2021-01-11T15:46:27.000Z,34,25-NSE,001-35992,21519751,,25-NSE,3565,0,0,,xslF25X02/primary_doc.xml,
0001127602-21-002379,2021-01-22,2021-01-21,2021-01-23T00:12:36.000Z,,4,,,,4,7423,0,0,,xslF345X03/form4.xml,PRIMARY DOCUMENT
0001104659-21-018796,2021-02-10,,2021-02-10T16:40:02.000Z,34,SC 13G/A,005-81502,21611592,,SC 13G/A,13885,0,0,,tv01546-oraclecorp.htm,SCHEDULE 13G/A
0001193125-21-041653,2021-02-12,,2021-02-12T21:30:04.000Z,34,SC 13G/A,005-81502,21628095,,SC 13G/A,33781,0,0,,d113000dsc13ga.htm,AMENDMENT NO. 30 ON SCHEDULE 13G
0001127602-21-009849,2021-03-09,2021-03-05,2021-03-09T18:24:48.000Z,,4,,,,4,9371,0,0,,xslF345X03/form4.xml,PRIMARY DOCUMENT
0001564590-21-012058,2021-03-10,2021-03-10,2021-03-10T21:11:36.000Z,34,8-K,001-35992,21729800,"2.02,8.01,9.01",XBRL,2045325,1,1,,orcl-8k_20210310.htm,8-K
0001564590-21-012539,2021-03-11,2021-02-28,2021-03-11T21:26:29.000Z,34,10-Q,001-35992,21733638,,XBRL,12872217,1,1,,orcl-10q_20210228.htm,10-Q
0001193125-21-077910,2021-03-11,,2021-03-11T21:52:23.000Z,33,S-3ASR,333-254166,21733949,,S-3ASR,539488,0,0,,d80032ds3asr.htm,REGISTRATION STATEMENT ON FORM S-3
0001127602-21-011151,2021-03-17,2021-03-16,2021-03-17T22:07:48.000Z,,4,,,,4,8942,0,0,,xslF345X03/form4.xml,PRIMARY DOCUMENT
0001127602-21-011238,2021-03-17,2021-03-16,2021-03-18T00:06:55.000Z,,4,,,,4,11265,0,0,,xslF345X03/form4.xml,PRIMARY DOCUMENT
0001127602-21-011482,2021-03-18,2021-03-16,2021-03-19T00:00:28.000Z,,4,,,,4,31926,0,0,,xslF345X03/form4.xml,PRIMARY DOCUMENT
0001193125-21-088478,2021-03-22,,2021-03-22T11:48:16.000Z,33,424B2,333-254166,21759918,,424B2,544994,0,0,,d131374d424b2.htm,424B2
0001127602-21-011741,2021-03-22,2021-03-19,2021-03-23T00:16:56.000Z,,4,,,,4,14123,0,0,,xslF345X03/form4.xml,PRIMARY DOCUMENT
0001193125-21-089955,2021-03-23,,2021-03-23T00:22:51.000Z,34,FWP,333-254166,21762742,,FWP,111810,0,0,,d132146dfwp.htm,FWP
0001193125-21-091259,2021-03-23,,2021-03-23T20:41:18.000Z,33,424B2,333-254166,21765279,,424B2,571422,0,0,,d131374d424b2.htm,PROSPECTUS SUPPLEMENT FILED PURSUANT TO RULE 424(B)(2)
0001193125-21-092631,2021-03-24,2021-03-22,2021-03-24T20:15:57.000Z,34,8-K,001-35992,21768384,"8.01,9.01",XBRL,527995,1,1,,d165814d8k.htm,FORM 8-K
0001127602-21-013574,2021-04-09,2020-08-13,2021-04-09T22:11:37.000Z,,4,,,,4,15947,0,0,,xslF345X03/form4.xml,PRIMARY DOCUMENT
0001127602-21-013576,2021-04-09,2017-11-28,2021-04-09T22:37:36.000Z,,4,,,,4,5691,0,0,,xslF345X03/form4.xml,PRIMARY DOCUMENT
0001127602-21-014353,2021-04-23,2021-04-22,2021-04-23T23:33:10.000Z,,4,,,,4,7863,0,0,,xslF345X03/form4.xml,PRIMARY DOCUMENT
0001127602-21-014538,2021-04-27,2021-04-26,2021-04-27T21:38:22.000Z,,4,,,,4,9169,0,0,,xslF345X03/form4.xml,PRIMARY DOCUMENT
0001127602-21-016124,2021-05-10,2021-05-06,2021-05-10T23:01:07.000Z,,4,,,,4,25170,0,0,,xslF345X03/form4.xml,PRIMARY DOCUMENT
0001127602-21-016445,2021-05-12,2021-05-11,2021-05-12T23:46:48.000Z,,4,,,,4,19782,0,0,,xslF345X03/form4.xml,PRIMARY DOCUMENT
0001564590-21-028018,2021-05-14,2020-12-31,2021-05-14T20:10:48.000Z,34,11-K,001-35992,21924668,,11-K,2011794,0,0,,orcl-11k_20201231.htm,11-K
0001127602-21-016929,2021-05-14,2021-05-13,2021-05-15T00:15:59.000Z,,4,,,,4,15997,0,0,,xslF345X03/form4.xml,PRIMARY DOCUMENT
0000000000-21-006543,2021-05-25,,2021-05-25T15:30:05.000Z,,UPLOAD,,,,LETTER,46092,0,0,,filename1.pdf,
0001193125-21-178491,2021-06-01,,2021-06-01T20:01:32.000Z,34,SD,001-35992,21985184,,SD,37954,0,0,,d161460dsd.htm,SD
0001127602-21-018808,2021-06-02,2021-05-31,2021-06-02T22:31:30.000Z,,4,,,,4,9542,0,0,,xslF345X03/form4.xml,PRIMARY DOCUMENT
0001127602-21-018809,2021-06-02,2021-05-31,2021-06-02T22:34:22.000Z,,4,,,,4,9411,0,0,,xslF345X03/form4.xml,PRIMARY DOCUMENT
0001127602-21-018810,2021-06-02,2021-05-31,2021-06-02T22:35:40.000Z,,4,,,,4,9542,0,0,,xslF345X03/form4.xml,PRIMARY DOCUMENT
0001127602-21-018811,2021-06-02,2021-05-31,2021-06-02T22:37:55.000Z,,4,,,,4,8713,0,0,,xslF345X03/form4.xml,PRIMARY DOCUMENT
0001127602-21-018812,2021-06-02,2021-05-31,2021-06-02T22:39:27.000Z,,4,,,,4,10785,0,0,,xslF345X03/form4.xml,PRIMARY DOCUMENT
0001127602-21-018813,2021-06-02,2021-05-31,2021-06-02T22:40:44.000Z,,4,,,,4,8684,0,0,,xslF345X03/form4.xml,PRIMARY DOCUMENT
0001127602-21-018814,2021-06-02,2021-05-31,2021-06-02T22:42:04.000Z,,4,,,,4,9541,0,0,,xslF345X03/form4.xml,PRIMARY DOCUMENT
0001127602-21-018816,2021-06-02,2021-05-31,2021-06-02T22:43:08.000Z,,4,,,,4,8804,0,0,,xslF345X03/form4.xml,PRIMARY DOCUMENT
0001127602-21-018819,2021-06-02,2020-10-28,2021-06-02T22:44:28.000Z,,4,,,,4,11755,0,0,,xslF345X03/form4.xml,PRIMARY DOCUMENT
0001127602-21-018821,2021-06-02,2021-05-31,2021-06-02T22:45:44.000Z,,4,,,,4,9370,0,0,,xslF345X03/form4.xml,PRIMARY DOCUMENT
0001127602-21-018824,2021-06-02,2021-05-31,2021-06-02T22:46:50.000Z,,4,,,,4,8724,0,0,,xslF345X03/form4.xml,PRIMARY DOCUMENT
0001564590-21-031783,2021-06-04,,2021-06-04T20:13:52.000Z,,CORRESP,,,,CORRESP,30114,0,0,,filename1.htm,
0001564590-21-032994,2021-06-15,2021-06-15,2021-06-15T20:16:07.000Z,34,8-K,001-35992,211018742,"2.02,8.01,9.01",XBRL,2052821,1,1,,orcl-8k_20210615.htm,8-K
0000000000-21-007552,2021-06-21,,2021-06-21T14:30:04.000Z,,UPLOAD,,,,LETTER,39607,0,0,,filename1.pdf,
0001564590-21-033616,2021-06-21,2021-05-31,2021-06-21T20:10:31.000Z,34,10-K,001-35992,211030619,,XBRL,23850497,1,1,,orcl-10k_20210531.htm,10-K
0001127602-21-020507,2021-06-22,2021-06-18,2021-06-22T21:14:40.000Z,,4,,,,4,9339,0,0,,xslF345X03/form4.xml,PRIMARY DOCUMENT
0001127602-21-020508,2021-06-22,2021-06-18,2021-06-22T21:16:00.000Z,,4,,,,4,9275,0,0,,xslF345X03/form4.xml,PRIMARY DOCUMENT
0001127602-21-020840,2021-06-29,2021-06-27,2021-06-29T23:20:42.000Z,,4,,,,4,9035,0,0,,xslF345X03/form4.xml,PRIMARY DOCUMENT
0001127602-21-020841,2021-06-29,2021-06-27,2021-06-29T23:21:50.000Z,,4,,,,4,11856,0,0,,xslF345X03/form4.xml,PRIMARY DOCUMENT
0001127602-21-020842,2021-06-29,2021-06-27,2021-06-29T23:23:06.000Z,,4,,,,4,17873,0,0,,xslF345X03/form4.xml,PRIMARY DOCUMENT
0001127602-21-020844,2021-06-29,2021-06-27,2021-06-30T00:05:14.000Z,,4,,,,4,8981,0,0,,xslF345X03/form4.xml,PRIMARY DOCUMENT
0001127602-21-021350,2021-07-02,2021-06-30,2021-07-02T21:33:56.000Z,,4,,,,4,5463,0,0,,xslF345X03/form4.xml,PRIMARY DOCUMENT
0001127602-21-021353,2021-07-02,2021-06-30,2021-07-02T21:35:40.000Z,,4,,,,4,5293,0,0,,xslF345X03/form4.xml,PRIMARY DOCUMENT
0001127602-21-021643,2021-07-06,2021-07-02,2021-07-06T23:13:30.000Z,,4,,,,4,9269,0,0,,xslF345X03/form4.xml,PRIMARY DOCUMENT
0001193125-21-209906,2021-07-07,2021-06-30,2021-07-07T20:31:41.000Z,34,8-K,001-35992,211077775,"5.02,9.01",XBRL,194716,1,1,,d145474d8k.htm,FORM 8-K
0001127602-21-021902,2021-07-13,2021-07-10,2021-07-13T23:43:11.000Z,,4,,,,4,9033,0,0,,xslF345X03/form4.xml,PRIMARY DOCUMENT
0001127602-21-021903,2021-07-13,2021-07-10,2021-07-13T23:43:59.000Z,,4,,,,4,8617,0,0,,xslF345X03/form4.xml,PRIMARY DOCUMENT
0001127602-21-021904,2021-07-13,2021-07-10,2021-07-13T23:44:54.000Z,,4,,,,4,8370,0,0,,xslF345X03/form4.xml,PRIMARY DOCUMENT
0001127602-21-022729,2021-08-02,2021-07-29,2021-08-02T19:33:08.000Z,,4,,,,4,7421,0,0,,xslF345X03/form4.xml,PRIMARY DOCUMENT
0001127602-21-023189,2021-08-05,2021-08-03,2021-08-05T22:52:28.000Z,,4,,,,4,14456,0,0,,xslF345X03/form4.xml,PRIMARY DOCUMENT
0001127602-21-023193,2021-08-05,2021-08-03,2021-08-05T22:54:00.000Z,,4,,,,4,11099,0,0,,xslF345X03/form4.xml,PRIMARY DOCUMENT
0001127602-21-023194,2021-08-05,2021-08-03,2021-08-05T22:55:14.000Z,,4,,,,4,11247,0,0,,xslF345X03/form4.xml,PRIMARY DOCUMENT
0001127602-21-023195,2021-08-05,2021-08-03,2021-08-05T22:56:29.000Z,,4,,,,4,10436,0,0,,xslF345X03/form4.xml,PRIMARY DOCUMENT
0001127602-21-023196,2021-08-05,2021-08-03,2021-08-05T22:57:28.000Z,,4,,,,4,11031,0,0,,xslF345X03/form4.xml,PRIMARY DOCUMENT
0001193125-21-259458,2021-08-27,2021-08-27,2021-08-27T21:05:00.000Z,34,8-K,001-35992,211219978,"7.01,9.01",XBRL,5125260,1,1,,d224360d8k.htm,FORM 8-K
0001564590-21-047736,2021-09-13,2021-09-13,2021-09-13T20:15:47.000Z,34,8-K,001-35992,211249843,"2.02,8.01,9.01",XBRL,1448535,1,1,,orcl-8k_20210913.htm,8-K
0001564590-21-047772,2021-09-13,2021-08-31,2021-09-13T21:23:09.000Z,34,10-Q,001-35992,211250518,,XBRL,8713973,1,1,,orcl-10q_20210831.htm,10-Q
0001193125-21-282422,2021-09-24,2021-11-10,2021-09-24T20:45:56.000Z,34,DEF 14A,001-35992,211277925,,DEF 14A,3415697,0,0,,d162163ddef14a.htm,DEFINITIVE PROXY MATERIALS
0001193125-21-282428,2021-09-24,,2021-09-24T20:47:52.000Z,34,DEFA14A,001-35992,211277939,,DEFA14A,172583,0,0,,d194364ddefa14a.htm,NOTICE AND ACCESS
0001127602-21-025854,2021-09-24,2021-09-23,2021-09-25T01:03:00.000Z,,4,,,,4,14162,0,0,,xslF345X03/form4.xml,PRIMARY DOCUMENT
0001127602-21-026015,2021-09-28,2021-09-27,2021-09-28T23:51:13.000Z,,4,,,,4,8930,0,0,,xslF345X03/form4.xml,PRIMARY DOCUMENT
0001127602-21-026017,2021-09-28,2021-09-27,2021-09-28T23:53:38.000Z,,4,,,,4,13200,0,0,,xslF345X03/form4.xml,PRIMARY DOCUMENT
0001127602-21-026732,2021-10-05,2021-09-20,2021-10-05T22:43:39.000Z,,4,,,,4,6373,0,0,,xslF345X03/form4.xml,PRIMARY DOCUMENT
0001127602-21-027246,2021-10-18,2021-10-14,2021-10-18T23:32:47.000Z,,4,,,,4,7230,0,0,,xslF345X03/form4.xml,PRIMARY DOCUMENT
0001127602-21-027247,2021-10-18,2021-10-15,2021-10-18T23:34:08.000Z,,4,,,,4,4581,0,0,,xslF345X03/form4.xml,PRIMARY DOCUMENT
0001214659-21-010575,2021-10-19,,2021-10-19T01:17:09.000Z,34,PX14A6G,001-35992,211329446,,PX14A6G,24102,0,0,,g1018210px14a6g.htm,
0001193125-21-309455,2021-10-27,,2021-10-27T21:00:55.000Z,34,DEFA14A,001-35992,211353814,,DEFA14A,62369,0,0,,d215678ddefa14a.htm,DEFA14A
0001127602-21-027734,2021-10-28,2021-10-26,2021-10-28T16:21:51.000Z,,4,,,,4,7424,0,0,,xslF345X03/form4.xml,PRIMARY DOCUMENT
0001193125-21-328116,2021-11-12,2021-11-10,2021-11-12T21:17:12.000Z,34,8-K,001-35992,211403750,"5.02,5.07,9.01",XBRL,360115,1,1,,d177330d8k.htm,8-K
0001564590-21-059893,2021-12-09,2021-12-09,2021-12-09T21:22:05.000Z,34,8-K,001-35992,211482251,"2.02,8.01,9.01",XBRL,1973785,1,1,,orcl-8k_20211209.htm,8-K
0001564590-21-060022,2021-12-10,2021-11-30,2021-12-10T21:12:50.000Z,34,10-Q,001-35992,211485441,,XBRL,11173572,1,1,,orcl-10q_20211130.htm,10-Q
0001193125-21-354060,2021-12-10,,2021-12-10T21:53:30.000Z,33,S-8,333-261601,211486020,,S-8,60956,0,0,,d267236ds8.htm,REGISTRATION STATEMENT ON FORM S-8
0001193125-21-362532,2021-12-20,2021-12-20,2021-12-20T22:09:06.000Z,34,8-K,001-35992,211506002,"8.01,9.01",XBRL,230236,1,1,,d276733d8k.htm,FORM 8-K
0001193125-21-362542,2021-12-20,,2021-12-20T22:12:01.000Z,,SC TO-C,,,,SC TO-C,58125,0,0,,d276733dsctoc.htm,SC TO-C
0001193125-21-363702,2021-12-21,,2021-12-21T22:08:55.000Z,,SC TO-C,,,,SC TO-C,105320,0,0,,d277800dsctoc.htm,SC TO-C
0001193125-21-363742,2021-12-21,2021-12-20,2021-12-21T22:21:56.000Z,34,8-K,001-35992,211510297,"1.01,9.01",XBRL,918756,1,1,,d235675d8k.htm,FORM 8-K
0001193125-21-363744,2021-12-21,,2021-12-21T22:23:00.000Z,,SC TO-C,,,,SC TO-C,614285,0,0,,d235675dsctoc.htm,SC TO-C
0001127602-21-031903,2021-12-27,2021-12-23,2021-12-27T18:31:51.000Z,,4,,,,4,7168,0,0,,xslF345X03/form4.xml,PRIMARY DOCUMENT
0001127602-21-031954,2021-12-28,2021-12-27,2021-12-28T20:23:24.000Z,,4,,,,4,9086,0,0,,xslF345X03/form4.xml,PRIMARY DOCUMENT
0001193125-22-012503,2022-01-19,,2022-01-19T21:06:45.000Z,,SC TO-T,,,,SC TO-T,1071247,0,0,,d255477dsctot.htm,SC TO-T
0001127602-22-001781,2022-01-20,2022-01-19,2022-01-21T01:02:19.000Z,,4,,,,4,7425,0,0,,xslF345X03/form4.xml,PRIMARY DOCUMENT
0001127602-22-001927,2022-01-21,2022-01-20,2022-01-22T01:37:44.000Z,,4,,,,4,9706,0,0,,xslF345X03/form4.xml,PRIMARY DOCUMENT
0001193125-22-028532,2022-02-04,,2022-02-04T22:27:43.000Z,,SC TO-T/A,,,,SC TO-T/A,549158,0,0,,d255301dsctota.htm,SC TO-T/A
0001104659-22-018254,2022-02-10,,2022-02-10T13:28:11.000Z,34,SC 13G/A,005-81502,22610505,,SC 13G/A,12994,0,0,,tv01590-oraclecorp.htm,SCHEDULE 13G/A
0001193125-22-037095,2022-02-11,,2022-02-11T21:19:03.000Z,34,SC 13G/A,005-81502,22621271,,SC 13G/A,34257,0,0,,d48339dsc13ga.htm,SC 13G/A
0001193125-22-037271,2022-02-11,,2022-02-11T21:54:31.000Z,,SC TO-T/A,,,,SC TO-T/A,45065,0,0,,d266867dsctota.htm,SC TO-T/A
0001193125-22-049389,2022-02-23,,2022-02-23T14:14:33.000Z,,SC TO-T/A,,,,SC TO-T/A,108112,0,0,,d212431dsctota.htm,SC TO-T/A
0001564590-22-009640,2022-03-10,2022-03-10,2022-03-10T21:10:37.000Z,34,8-K,001-35992,22729166,"2.02,8.01,9.01",XBRL,2023642,1,1,,orcl-8k_20220310.htm,8-K
0001564590-22-009859,2022-03-11,2022-02-28,2022-03-11T21:14:54.000Z,34,10-Q,001-35992,22733293,,XBRL,13318156,1,1,,orcl-10q_20220228.htm,10-Q
0001193125-22-075463,2022-03-15,,2022-03-15T13:13:33.000Z,,SC TO-T/A,,,,SC TO-T/A,47444,0,0,,d296340dsctota.htm,SC TO-T/A
0001193125-22-083447,2022-03-24,2022-03-22,2022-03-24T13:09:16.000Z,34,8-K,001-35992,22764857,"5.02,9.01",XBRL,195864,1,1,,d332961d8k.htm,8-K
0001127602-22-010357,2022-03-24,2022-03-22,2022-03-25T00:51:12.000Z,,3,,,,3,6931,0,0,,xslF345X02/form3.xml,PRIMARY DOCUMENT
0001127602-22-010359,2022-03-24,2022-03-22,2022-03-25T00:53:48.000Z,,4,,,,4,5176,0,0,,xslF345X03/form4.xml,PRIMARY DOCUMENT
0001127602-22-011369,2022-04-04,2022-04-04,2022-04-05T01:06:50.000Z,,4,,,,4,4745,0,0,,xslF345X03/form4.xml,PRIMARY DOCUMENT
0001193125-22-101855,2022-04-11,,2022-04-11T21:24:09.000Z,,SC TO-T/A,,,,SC TO-T/A,53548,0,0,,d330317dsctota.htm,SC TO-T/A
0001127602-22-012468,2022-04-25,2022-04-21,2022-04-25T21:11:12.000Z,,4,,,,4,7866,0,0,,xslF345X03/form4.xml,PRIMARY DOCUMENT
0001193125-22-146400,2022-05-10,,2022-05-10T20:54:05.000Z,,SC TO-T/A,,,,SC TO-T/A,45962,0,0,,d258210dsctota.htm,SC TO-T/A
0001564590-22-020119,2022-05-13,2021-12-31,2022-05-13T20:09:27.000Z,34,11-K,001-35992,22922771,,11-K,2122795,0,0,,orcl-11k_20211231.htm,11-K
0001193125-22-163906,2022-05-31,,2022-05-31T20:00:54.000Z,34,SD,001-35992,22983096,,SD,39812,0,0,,d348725dsd.htm,SD
0001193125-22-165331,2022-06-01,,2022-06-01T21:16:28.000Z,,SC TO-T/A,,,,SC TO-T/A,78324,0,0,,d365398dsctota.htm,SC TO-T/A
0001127602-22-016389,2022-06-02,2022-05-31,2022-06-02T20:33:33.000Z,,4,,,,4,9542,0,0,,xslF345X03/form4.xml,PRIMARY DOCUMENT
0001127602-22-016391,2022-06-02,2022-05-31,2022-06-02T20:34:43.000Z,,4,,,,4,9411,0,0,,xslF345X03/form4.xml,PRIMARY DOCUMENT
0001127602-22-016392,2022-06-02,2022-05-31,2022-06-02T20:35:44.000Z,,4,,,,4,9542,0,0,,xslF345X03/form4.xml,PRIMARY DOCUMENT
0001127602-22-016394,2022-06-02,2022-05-31,2022-06-02T20:36:48.000Z,,4,,,,4,8713,0,0,,xslF345X03/form4.xml,PRIMARY DOCUMENT
0001127602-22-016396,2022-06-02,2022-05-31,2022-06-02T20:37:45.000Z,,4,,,,4,8684,0,0,,xslF345X03/form4.xml,PRIMARY DOCUMENT
0001127602-22-016398,2022-06-02,2022-05-31,2022-06-02T20:38:56.000Z,,4,,,,4,9541,0,0,,xslF345X03/form4.xml,PRIMARY DOCUMENT
0001127602-22-016401,2022-06-02,2022-05-31,2022-06-02T20:39:51.000Z,,4,,,,4,9395,0,0,,xslF345X03/form4.xml,PRIMARY DOCUMENT
0001127602-22-016405,2022-06-02,2022-05-31,2022-06-02T20:40:57.000Z,,4,,,,4,8804,0,0,,xslF345X03/form4.xml,PRIMARY DOCUMENT
0001127602-22-016407,2022-06-02,2022-05-31,2022-06-02T20:42:01.000Z,,4,,,,4,5167,0,0,,xslF345X03/form4.xml,PRIMARY DOCUMENT
0001127602-22-016408,2022-06-02,2022-05-31,2022-06-02T20:42:48.000Z,,4,,,,4,9370,0,0,,xslF345X03/form4.xml,PRIMARY DOCUMENT
0001127602-22-016410,2022-06-02,2022-05-31,2022-06-02T20:44:05.000Z,,4,,,,4,8725,0,0,,xslF345X03/form4.xml,PRIMARY DOCUMENT
0001127602-22-016411,2022-06-02,2022-05-31,2022-06-02T20:45:01.000Z,,4,,,,4,12371,0,0,,xslF345X03/form4.xml,PRIMARY DOCUMENT
0001193125-22-168870,2022-06-07,,2022-06-07T12:21:31.000Z,,SC TO-T/A,,,,SC TO-T/A,45320,0,0,,d288757dsctota.htm,SC TO-T/A
0001193125-22-169835,2022-06-08,2022-06-08,2022-06-08T12:49:36.000Z,34,8-K,001-35992,221002673,"2.01,2.03",XBRL,190446,1,1,,d290344d8k.htm,8-K
0001564590-22-023099,2022-06-13,2022-06-13,2022-06-13T20:31:53.000Z,34,8-K,001-35992,221012065,"2.02,8.01,9.01",XBRL,2045879,1,1,,orcl-8k_20220613.htm,8-K
0001564590-22-023675,2022-06-21,2022-05-31,2022-06-21T12:04:37.000Z,34,10-K,001-35992,221026103,,XBRL,22441848,1,1,,orcl-10k_20220531.htm,10-K
0001193125-22-177155,2022-06-21,,2022-06-21T13:13:37.000Z,33,S-8,333-265719,221026320,,S-8,79538,0,0,,d368749ds8.htm,S-8
0001127602-22-017995,2022-06-22,2022-06-17,2022-06-22T23:31:44.000Z,,4,,,,4,27263,0,0,,xslF345X03/form4.xml,PRIMARY DOCUMENT
0001127602-22-018077,2022-06-23,2022-06-21,2022-06-23T21:48:37.000Z,,4,,,,4,6828,0,0,,xslF345X03/form4.xml,PRIMARY DOCUMENT
0001127602-22-018145,2022-06-24,2022-06-23,2022-06-24T23:19:21.000Z,,4,,,,4,19910,0,0,,xslF345X03/form4.xml,PRIMARY DOCUMENT
0001127602-22-018234,2022-06-28,2022-06-27,2022-06-29T00:49:18.000Z,,4,,,,4,8644,0,0,,xslF345X03/form4.xml,PRIMARY DOCUMENT
0001127602-22-018235,2022-06-28,2022-06-27,2022-06-29T00:50:15.000Z,,4,,,,4,12222,0,0,,xslF345X03/form4.xml,PRIMARY DOCUMENT
0001127602-22-018236,2022-06-28,2022-06-27,2022-06-29T00:51:18.000Z,,4,,,,4,11852,0,0,,xslF345X03/form4.xml,PRIMARY DOCUMENT
0001127602-22-018247,2022-06-29,2022-06-27,2022-06-29T23:09:28.000Z,,4,,,,4,19918,0,0,,xslF345X03/form4.xml,PRIMARY DOCUMENT
0001193125-22-187252,2022-07-01,2022-06-27,2022-07-01T20:32:10.000Z,34,8-K,001-35992,221061911,5.02,XBRL,176946,1,1,,d376795d8k.htm,8-K
0001193125-22-191296,2022-07-11,2022-07-08,2022-07-11T20:36:09.000Z,34,8-K,001-35992,221077297,"2.02,9.01",XBRL,191158,1,1,,d331231d8k.htm,8-K
0001127602-22-019830,2022-07-27,2022-07-26,2022-07-28T00:22:56.000Z,,4,,,,4,7864,0,0,,xslF345X03/form4.xml,PRIMARY DOCUMENT
0001127602-22-020542,2022-08-05,2022-08-03,2022-08-05T18:04:39.000Z,,4,,,,4,13987,0,0,,xslF345X03/form4.xml,PRIMARY DOCUMENT
0001127602-22-020543,2022-08-05,2022-08-03,2022-08-05T18:06:33.000Z,,4,,,,4,13826,0,0,,xslF345X03/form4.xml,PRIMARY DOCUMENT
0001127602-22-020544,2022-08-05,2022-08-03,2022-08-05T18:07:45.000Z,,4,,,,4,13816,0,0,,xslF345X03/form4.xml,PRIMARY DOCUMENT
0001127602-22-020546,2022-08-05,2022-08-03,2022-08-05T18:09:37.000Z,,4,,,,4,13321,0,0,,xslF345X03/form4.xml,PRIMARY DOCUMENT
0001564590-22-031466,2022-09-12,2022-09-12,2022-09-12T20:11:13.000Z,34,8-K,001-35992,221238671,"2.02,8.01,9.01",XBRL,1491234,1,1,,orcl-8k_20220912.htm,8-K
0001564590-22-031545,2022-09-13,2022-08-31,2022-09-13T20:12:07.000Z,34,10-Q,001-35992,221240882,,XBRL,10765371,1,1,,orcl-10q_20220831.htm,10-Q
0001127602-22-022802,2022-09-21,2022-09-20,2022-09-22T00:13:06.000Z,,4,,,,4,5348,0,0,,xslF345X03/form4.xml,PRIMARY DOCUMENT
0001127602-22-022803,2022-09-21,2022-09-20,2022-09-22T00:14:17.000Z,,4,,,,4,5314,0,0,,xslF345X03/form4.xml,PRIMARY DOCUMENT
0001127602-22-022804,2022-09-21,2022-09-20,2022-09-22T00:15:36.000Z,,4,,,,4,5288,0,0,,xslF345X03/form4.xml,PRIMARY DOCUMENT
0001193125-22-250158,2022-09-23,2022-11-16,2022-09-23T20:15:58.000Z,34,DEF 14A,001-35992,221262528,,DEF 14A,2111251,0,0,,d357923ddef14a.htm,DEF 14A
0001193125-22-250166,2022-09-23,,2022-09-23T20:17:58.000Z,34,DEFA14A,001-35992,221262556,,DEFA14A,267476,0,0,,d394161ddefa14a.htm,DEFA14A
0001193125-22-259611,2022-10-07,2022-10-04,2022-10-07T20:15:41.000Z,34,8-K,001-35992,221300918,5.02,XBRL,178823,1,1,,d401339d8k.htm,8-K
0001127602-22-024442,2022-10-27,2022-10-25,2022-10-27T23:09:59.000Z,,4,,,,4,14114,0,0,,xslF345X03/form4.xml,PRIMARY DOCUMENT
0001193125-22-278525,2022-11-07,,2022-11-07T12:44:43.000Z,33,424B2,333-265719,221363761,,424B2,609834,0,0,,d376101d424b2.htm,424B2
0001193125-22-279427,2022-11-08,,2022-11-08T02:36:52.000Z,34,FWP,333-254166,221366991,,FWP,66126,0,0,,d347818dfwp.htm,FWP
0001127602-22-025124,2022-11-08,2022-10-31,2022-11-08T22:01:59.000Z,,3,,,,3,6379,0,0,,xslF345X02/form3.xml,PRIMARY DOCUMENT
0001127602-22-025128,2022-11-08,2022-11-05,2022-11-08T22:06:33.000Z,,4,,,,4,5502,0,0,,xslF345X03/form4.xml,PRIMARY DOCUMENT
0001193125-22-280294,2022-11-08,,2022-11-08T22:31:01.000Z,33,424B2,333-265719,221370089,,424B2,655074,0,0,,d376101d424b2.htm,424B2
0001193125-22-281194,2022-11-09,2022-11-09,2022-11-09T21:04:25.000Z,34,8-K,001-35992,221372483,"8.01,9.01",XBRL,479781,1,1,,d404441d8k.htm,8-K
0001127602-22-025791,2022-11-16,2022-11-15,2022-11-16T21:45:24.000Z,,4,,,,4,9273,0,0,,xslF345X03/form4.xml,PRIMARY DOCUMENT
0001193125-22-288990,2022-11-18,2022-11-16,2022-11-18T21:16:07.000Z,34,8-K,001-35992,221402129,5.07,XBRL,198370,1,1,,d420527d8k.htm,8-K
0001564590-22-039236,2022-12-12,2022-12-12,2022-12-12T21:11:56.000Z,34,8-K,001-35992,221457242,"2.02,8.01,9.01",XBRL,2027649,1,1,,orcl-8k_20221212.htm,8-K
0001564590-22-039278,2022-12-13,2022-11-30,2022-12-13T21:07:10.000Z,34,10-Q,001-35992,221459775,,XBRL,12578591,1,1,,orcl-10q_20221130.htm,10-Q
0001127602-22-027604,2022-12-16,2022-12-14,2022-12-16T18:21:20.000Z,,4,,,,4,13021,0,0,,xslF345X03/form4.xml,PRIMARY DOCUMENT
0001127602-22-027775,2022-12-19,2022-12-15,2022-12-19T18:19:20.000Z,,4,,,,4,5222,0,0,,xslF345X03/form4.xml,PRIMARY DOCUMENT
0001127602-22-028218,2022-12-23,2022-12-22,2022-12-23T19:36:08.000Z,,4,,,,4,4344,0,0,,xslF345X03/form4.xml,PRIMARY DOCUMENT
0001127602-23-000598,2023-01-04,2022-12-29,2023-01-04T22:22:52.000Z,,3,,,,3,14577,0,0,,xslF345X02/form3.xml,PRIMARY DOCUMENT
0001127602-23-002319,2023-01-26,2023-01-24,2023-01-26T22:07:40.000Z,,4,,,,4,7864,0,0,,xslF345X03/form4.xml,PRIMARY DOCUMENT
0001193125-23-022153,2023-02-02,,2023-02-02T13:02:18.000Z,33,424B2,333-265719,23578838,,424B2,599022,0,0,,d769683d424b2.htm,424B2
0001193125-23-022802,2023-02-02,,2023-02-02T21:47:01.000Z,34,FWP,333-254166,23581842,,FWP,51232,0,0,,d454476dfwp.htm,FWP
0001193125-23-024301,2023-02-03,,2023-02-03T22:00:31.000Z,33,424B2,333-254166,23586984,,424B2,600103,0,0,,d460985d424b2.htm,424B2
0001193125-23-024315,2023-02-03,,2023-02-03T22:05:44.000Z,33,424B2,333-254166,23587078,,424B2,639077,0,0,,d769683d424b2.htm,424B2
0001193125-23-025644,2023-02-06,2023-02-06,2023-02-06T21:31:00.000Z,34,8-K,001-35992,23591113,"8.01,9.01",XBRL,435235,1,1,,d356350d8k.htm,8-K
0001127602-23-003590,2023-02-06,2023-02-03,2023-02-07T01:13:01.000Z,,4,,,,4,6843,0,0,,xslF345X03/form4.xml,PRIMARY DOCUMENT
0001104659-23-016645,2023-02-09,,2023-02-09T16:27:48.000Z,34,SC 13G/A,005-81502,23603929,,SC 13G/A,12999,0,0,,tv01591-oraclecorp.htm,SCHEDULE 13G/A
0001193125-23-032688,2023-02-10,,2023-02-10T21:31:02.000Z,34,SC 13G/A,005-81502,23612549,,SC 13G/A,34984,0,0,,d432392dsc13ga.htm,SC 13G/A
0001564590-23-003362,2023-03-09,2023-03-09,2023-03-09T21:09:36.000Z,34,8-K,001-35992,23719803,"2.02,8.01,9.01",XBRL,2060149,1,1,,orcl-8k_20230309.htm,8-K
0001564590-23-003413,2023-03-10,2023-02-28,2023-03-10T21:06:25.000Z,34,10-Q,001-35992,23723643,,XBRL,12720882,1,1,,orcl-10q_20230228.htm,10-Q
0001127602-23-011072,2023-03-22,2023-03-22,2023-03-23T01:21:29.000Z,,4,,,,4,8259,0,0,,xslF345X04/form4.xml,PRIMARY DOCUMENT
0001127602-23-012457,2023-04-04,2023-04-03,2023-04-05T00:58:40.000Z,,4,,,,4,9421,0,0,,xslF345X04/form4.xml,PRIMARY DOCUMENT
0001127602-23-012458,2023-04-04,2023-04-03,2023-04-05T01:00:45.000Z,,4,,,,4,6615,0,0,,xslF345X04/form4.xml,PRIMARY DOCUMENT
0001972645-23-000001,2023-04-10,,2023-04-10T19:38:27.000Z,33,144,001-35992,23811007,,144,4597,0,0,,xsl144X01/primary_doc.xml,
0001127602-23-012872,2023-04-12,2023-04-10,2023-04-13T00:42:46.000Z,,4,,,,4,16088,0,0,,xslF345X04/form4.xml,PRIMARY DOCUMENT
0001127602-23-012892,2023-04-13,2023-04-12,2023-04-14T00:34:18.000Z,,4,,,,4,10662,0,0,,xslF345X04/form4.xml,PRIMARY DOCUMENT
0001127602-23-013550,2023-04-25,2023-04-24,2023-04-26T00:10:19.000Z,,4,,,,4,7898,0,0,,xslF345X04/form4.xml,PRIMARY DOCUMENT
0000950170-23-015835,2023-04-28,2022-12-31,2023-04-28T20:18:40.000Z,34,11-K,001-35992,23866545,,11-K,2329838,0,0,,orcl_11k_2022_1231.htm,11-K
0001193125-23-157855,2023-05-31,,2023-05-31T20:16:00.000Z,34,SD,001-35992,23981192,,SD,40059,0,0,,d512275dsd.htm,SD
0001127602-23-017638,2023-06-02,2023-05-31,2023-06-02T22:21:13.000Z,,4,,,,4,10245,0,0,,xslF345X04/form4.xml,PRIMARY DOCUMENT
0001127602-23-017639,2023-06-02,2023-05-31,2023-06-02T22:23:19.000Z,,4,,,,4,8683,0,0,,xslF345X04/form4.xml,PRIMARY DOCUMENT
0001127602-23-017641,2023-06-02,2023-05-31,2023-06-02T22:24:53.000Z,,4,,,,4,10013,0,0,,xslF345X04/form4.xml,PRIMARY DOCUMENT
0001127602-23-017642,2023-06-02,2023-05-31,2023-06-02T22:26:05.000Z,,4,,,,4,9353,0,0,,xslF345X04/form4.xml,PRIMARY DOCUMENT
0001127602-23-017643,2023-06-02,2023-05-31,2023-06-02T22:26:56.000Z,,4,,,,4,8762,0,0,,xslF345X04/form4.xml,PRIMARY DOCUMENT
0001127602-23-017645,2023-06-02,2023-05-31,2023-06-02T22:27:56.000Z,,4,,,,4,9499,0,0,,xslF345X04/form4.xml,PRIMARY DOCUMENT
0001127602-23-017646,2023-06-02,2023-05-31,2023-06-02T22:29:39.000Z,,4,,,,4,8642,0,0,,xslF345X04/form4.xml,PRIMARY DOCUMENT
0001127602-23-017648,2023-06-02,2023-05-31,2023-06-02T22:30:46.000Z,,4,,,,4,8671,0,0,,xslF345X04/form4.xml,PRIMARY DOCUMENT
0001127602-23-017650,2023-06-02,2023-05-31,2023-06-02T22:31:52.000Z,,4,,,,4,9500,0,0,,xslF345X04/form4.xml,PRIMARY DOCUMENT
0001127602-23-017651,2023-06-02,2023-05-31,2023-06-02T22:32:51.000Z,,4,,,,4,9369,0,0,,xslF345X04/form4.xml,PRIMARY DOCUMENT
0001127602-23-017652,2023-06-02,2023-05-31,2023-06-02T22:34:00.000Z,,4,,,,4,9500,0,0,,xslF345X04/form4.xml,PRIMARY DOCUMENT
0001127602-23-017653,2023-06-02,2023-05-31,2023-06-02T22:35:48.000Z,,4,,,,4,12330,0,0,,xslF345X04/form4.xml,PRIMARY DOCUMENT
0000950170-23-027490,2023-06-12,2023-06-12,2023-06-12T20:16:37.000Z,34,8-K,001-35992,231008289,"2.02,8.01,9.01",XBRL,2280063,1,1,,orcl-20230612.htm,8-K
0001959173-23-001919,2023-06-15,,2023-06-15T17:09:37.000Z,33,144,001-35992,231016808,,144,4771,0,0,,xsl144X01/primary_doc.xml,
0001127602-23-018846,2023-06-16,2023-06-15,2023-06-16T18:23:16.000Z,,4,,,,4,5564,0,0,,xslF345X04/form4.xml,PRIMARY DOCUMENT
0001959173-23-001977,2023-06-16,,2023-06-16T20:23:46.000Z,33,144,001-35992,231021508,,144,4168,0,0,,xsl144X01/primary_doc.xml,
0000950170-23-028914,2023-06-20,2023-05-31,2023-06-20T20:06:29.000Z,34,10-K,001-35992,231025071,,XBRL,27511187,1,1,,orcl-20230531.htm,10-K
0001959173-23-002014,2023-06-20,,2023-06-20T20:47:09.000Z,33,144,001-35992,231025898,,144,4747,0,0,,xsl144X01/primary_doc.xml,
0001963745-23-000030,2023-06-20,,2023-06-20T21:07:01.000Z,33,144,001-35992,231026165,,144,4408,0,0,,xsl144X01/primary_doc.xml,
0001959173-23-002038,2023-06-21,,2023-06-21T19:02:00.000Z,33,144,001-35992,231029465,,144,5341,0,0,,xsl144X01/primary_doc.xml,
0001127602-23-019196,2023-06-21,2023-06-16,2023-06-22T00:08:58.000Z,,4,,,,4,21788,0,0,,xslF345X04/form4.xml,PRIMARY DOCUMENT
0001959173-23-002058,2023-06-22,,2023-06-22T16:45:08.000Z,33,144,001-35992,231032379,,144,4162,0,0,,xsl144X01/primary_doc.xml,
0001127602-23-019311,2023-06-22,2023-06-20,2023-06-22T23:56:20.000Z,,4,,,,4,32724,0,0,,xslF345X04/form4.xml,PRIMARY DOCUMENT
0001950047-23-001882,2023-06-23,,2023-06-23T20:37:25.000Z,33,144,001-35992,231038279,,144,4611,0,0,,xsl144X01/primary_doc.xml,
0001127602-23-019354,2023-06-23,2023-06-22,2023-06-23T22:46:42.000Z,,4,,,,4,9730,0,0,,xslF345X04/form4.xml,PRIMARY DOCUMENT
0001127602-23-019356,2023-06-23,2023-06-23,2023-06-23T22:49:22.000Z,,4,,,,4,9086,0,0,,xslF345X04/form4.xml,PRIMARY DOCUMENT
0001127602-23-019358,2023-06-23,2023-06-23,2023-06-23T22:51:47.000Z,,4,,,,4,10589,0,0,,xslF345X04/form4.xml,PRIMARY DOCUMENT
0001127602-23-019574,2023-06-29,2023-06-27,2023-06-29T21:38:07.000Z,,4,,,,4,8326,0,0,,xslF345X04/form4.xml,PRIMARY DOCUMENT
0001127602-23-019576,2023-06-29,2023-06-27,2023-06-29T21:40:25.000Z,,4,,,,4,9424,0,0,,xslF345X04/form4.xml,PRIMARY DOCUMENT
0001127602-23-019649,2023-06-30,2023-06-30,2023-06-30T21:16:39.000Z,,4,,,,4,5421,0,0,,xslF345X04/form4.xml,PRIMARY DOCUMENT
0001127602-23-019650,2023-06-30,2023-06-30,2023-06-30T21:17:50.000Z,,4,,,,4,5251,0,0,,xslF345X04/form4.xml,PRIMARY DOCUMENT
0001959173-23-002247,2023-07-05,,2023-07-05T20:19:21.000Z,33,144,001-35992,231069277,,144,4195,0,0,,xsl144X01/primary_doc.xml,
0001959173-23-002289,2023-07-07,,2023-07-07T14:55:42.000Z,33,144,001-35992,231075628,,144,5840,0,0,,xsl144X01/primary_doc.xml,
0001127602-23-020485,2023-07-07,2023-07-05,2023-07-07T21:58:00.000Z,,4,,,,4,5752,0,0,,xslF345X04/form4.xml,PRIMARY DOCUMENT
0001127602-23-021539,2023-07-28,2023-07-26,2023-07-28T21:32:26.000Z,,4,,,,4,7827,0,0,,xslF345X05/form4.xml,PRIMARY DOCUMENT
0001127602-23-022161,2023-08-07,2023-08-03,2023-08-07T21:56:08.000Z,,4,,,,4,13269,0,0,,xslF345X05/form4.xml,PRIMARY DOCUMENT
0001127602-23-022164,2023-08-07,2023-08-03,2023-08-07T21:57:06.000Z,,4,,,,4,14600,0,0,,xslF345X05/form4.xml,PRIMARY DOCUMENT
0001127602-23-022165,2023-08-07,2023-08-03,2023-08-07T21:58:35.000Z,,4,,,,4,14629,0,0,,xslF345X05/form4.xml,PRIMARY DOCUMENT
0000000000-23-009117,2023-08-21,,2023-08-21T19:30:10.000Z,,UPLOAD,,,,LETTER,47892,0,0,,filename1.pdf,
0001127602-23-023817,2023-09-06,2023-09-05,2023-09-06T21:09:56.000Z,,4,,,,4,8331,0,0,,xslF345X05/form4.xml,PRIMARY DOCUMENT
0000950170-23-047471,2023-09-11,2023-09-11,2023-09-11T20:11:44.000Z,34,8-K,001-35992,231247847,"2.02,8.01,9.01",XBRL,1455935,1,1,,orcl-20230911.htm,8-K
0000950170-23-047713,2023-09-12,2023-08-31,2023-09-12T20:08:07.000Z,34,10-Q,001-35992,231250175,,XBRL,9371055,1,1,,orcl-20230831.htm,10-Q
0001127602-23-024334,2023-09-18,2023-09-15,2023-09-18T22:29:00.000Z,,4,,,,4,7417,0,0,,xslF345X05/form4.xml,PRIMARY DOCUMENT
0001127602-23-024335,2023-09-18,2023-09-15,2023-09-18T22:29:56.000Z,,4,,,,4,5277,0,0,,xslF345X05/form4.xml,PRIMARY DOCUMENT
0001127602-23-024336,2023-09-18,2023-09-15,2023-09-18T22:31:39.000Z,,4,,,,4,5271,0,0,,xslF345X05/form4.xml,PRIMARY DOCUMENT
0001127602-23-024337,2023-09-18,2023-09-15,2023-09-18T22:32:40.000Z,,4,,,,4,5303,0,0,,xslF345X05/form4.xml,PRIMARY DOCUMENT
0001193125-23-237790,2023-09-19,,2023-09-19T22:44:49.000Z,,CORRESP,,,,CORRESP,53521,0,0,,filename1.htm,
0001193125-23-240594,2023-09-22,2023-11-15,2023-09-22T20:58:15.000Z,34,DEF 14A,001-35992,231272331,,XBRL,5276380,1,1,,d744477ddef14a.htm,DEF 14A
0001193125-23-240598,2023-09-22,,2023-09-22T21:00:50.000Z,34,DEFA14A,001-35992,231272352,,DEFA14A,1054487,0,0,,d550328ddefa14a.htm,DEFA14A
0001127602-23-024687,2023-09-22,2023-09-20,2023-09-22T23:24:41.000Z,,4,,,,4,10764,0,0,,xslF345X05/form4.xml,PRIMARY DOCUMENT
0001127602-23-024688,2023-09-22,2023-09-20,2023-09-22T23:26:05.000Z,,4,,,,4,9283,0,0,,xslF345X05/form4.xml,PRIMARY DOCUMENT
0001127602-23-024689,2023-09-22,2023-09-20,2023-09-22T23:27:12.000Z,,4,,,,4,8328,0,0,,xslF345X05/form4.xml,PRIMARY DOCUMENT
0000000000-23-011048,2023-10-06,,2023-10-06T16:30:04.000Z,,UPLOAD,,,,LETTER,49783,0,0,,filename1.pdf,
0001214659-23-013226,2023-10-06,,2023-10-06T18:16:06.000Z,34,PX14A6G,001-35992,231313784,,PX14A6G,31893,0,0,,o106230px14a6g.htm,
0001127602-23-025685,2023-10-06,2023-10-05,2023-10-06T21:04:35.000Z,,4,,,,4,5907,0,0,,xslF345X05/form4.xml,PRIMARY DOCUMENT
0001193125-23-259958,2023-10-20,,2023-10-20T20:26:25.000Z,,CORRESP,,,,CORRESP,50419,0,0,,filename1.htm,
0001127602-23-026374,2023-10-30,2023-10-26,2023-10-30T21:40:45.000Z,,4,,,,4,7833,0,0,,xslF345X05/form4.xml,PRIMARY DOCUMENT
0000000000-23-012030,2023-11-03,,2023-11-03T14:36:05.000Z,,UPLOAD,,,,LETTER,39570,0,0,,filename1.pdf,
0001950047-23-004884,2023-11-13,,2023-11-13T14:11:41.000Z,33,144,001-35992,231395701,,144,4857,0,0,,xsl144X01/primary_doc.xml,
0001950047-23-004907,2023-11-13,,2023-11-13T21:15:42.000Z,33,144,001-35992,231398948,,144,5319,0,0,,xsl144X01/primary_doc.xml,
0001127602-23-027291,2023-11-13,2023-11-10,2023-11-14T00:08:58.000Z,,4,,,,4,6629,0,0,,xslF345X05/form4.xml,PRIMARY DOCUMENT
0001193125-23-279837,2023-11-17,2023-11-15,2023-11-17T21:39:55.000Z,34,8-K,001-35992,231419406,"5.02,5.03,5.07,9.01",XBRL,562234,1,1,,d606391d8k.htm,8-K
0001127602-23-028876,2023-12-05,2023-12-05,2023-12-05T21:28:15.000Z,,4,,,,4,8331,0,0,,xslF345X05/form4.xml,PRIMARY DOCUMENT
0000950170-23-069410,2023-12-11,2023-12-11,2023-12-11T21:12:30.000Z,34,8-K,001-35992,231478256,"2.02,8.01,9.01",XBRL,1575433,1,1,,orcl-20231211.htm,8-K
0000950170-23-069682,2023-12-12,2023-11-30,2023-12-12T21:04:41.000Z,34,10-Q,001-35992,231481227,,XBRL,10248046,1,1,,orcl-20231130.htm,10-Q
0001193125-23-294338,2023-12-13,,2023-12-13T21:11:28.000Z,33,S-8,333-276022,231484081,,S-8,73058,0,0,,d343715ds8.htm,S-8
0001127602-23-030321,2023-12-21,2023-12-20,2023-12-21T23:59:48.000Z,,4,,,,4,5233,0,0,,xslF345X05/form4.xml,PRIMARY DOCUMENT
0001959173-23-005688,2023-12-22,,2023-12-22T18:38:21.000Z,33,144,001-35992,231508882,,144,4238,0,0,,xsl144X01/primary_doc.xml,
0001127602-23-030424,2023-12-22,2023-12-22,2023-12-23T00:11:18.000Z,,4,,,,4,9801,0,0,,xslF345X05/form4.xml,PRIMARY DOCUMENT
0001127602-24-002365,2024-01-26,2024-01-25,2024-01-27T01:30:29.000Z,,4,,,,4,7901,0,0,,xslF345X05/form4.xml,PRIMARY DOCUMENT
0001127602-24-002366,2024-01-26,2024-01-25,2024-01-27T01:31:43.000Z,,4,,,,4,5452,0,0,,xslF345X05/form4.xml,PRIMARY DOCUMENT
0001193125-24-030128,2024-02-09,,2024-02-09T21:33:37.000Z,34,SC 13G/A,005-81502,24615581,,SC 13G/A,34978,0,0,,d751202dsc13ga.htm,SC 13G/A
0001104659-24-021637,2024-02-13,,2024-02-13T22:12:07.000Z,34,SC 13G/A,005-81502,24629239,,SC 13G/A,13003,0,0,,tv01623-oraclecorp.htm,SCHEDULE 13G/A
0000950170-24-029250,2024-03-11,2024-03-11,2024-03-11T20:11:59.000Z,34,8-K,001-35992,24738115,"2.02,8.01,9.01",XBRL,1598225,1,1,,orcl-20240311.htm,8-K
0000950170-24-029904,2024-03-12,2024-02-29,2024-03-12T20:05:03.000Z,34,10-Q,001-35992,24742049,,XBRL,10343636,1,1,,orcl-20240229.htm,10-Q
0001950047-24-002209,2024-03-12,,2024-03-12T20:30:34.000Z,33,144,001-35992,24742560,,144,4830,0,0,,xsl144X01/primary_doc.xml,
0001127602-24-010134,2024-03-14,2024-03-12,2024-03-14T20:31:54.000Z,,4,,,,4,17838,0,0,,xslF345X05/form4.xml,PRIMARY DOCUMENT
0001193125-24-069170,2024-03-15,,2024-03-15T20:23:35.000Z,33,S-3ASR,333-277990,24755145,,S-3ASR,578951,0,0,,d766803ds3asr.htm,S-3ASR
0001950047-24-002480,2024-03-18,,2024-03-18T20:45:14.000Z,33,144,001-35992,24759715,,144,4683,0,0,,xsl144X01/primary_doc.xml,
0001127602-24-010618,2024-03-19,2024-03-18,2024-03-19T20:33:26.000Z,,4,,,,4,11440,0,0,,xslF345X05/form4.xml,PRIMARY DOCUMENT
0001972645-24-000006,2024-03-25,,2024-03-25T19:30:57.000Z,33,144,001-35992,24778921,,144,4625,0,0,,xsl144X01/primary_doc.xml,
0001127602-24-011322,2024-03-27,2024-03-25,2024-03-27T23:02:19.000Z,,4,,,,4,35804,0,0,,xslF345X05/form4.xml,PRIMARY DOCUMENT
0001127602-24-013421,2024-04-26,2024-04-24,2024-04-26T18:57:27.000Z,,4,,,,4,5450,0,0,,xslF345X05/form4.xml,PRIMARY DOCUMENT
0001127602-24-013426,2024-04-26,2024-04-24,2024-04-26T19:01:30.000Z,,4,,,,4,7898,0,0,,xslF345X05/form4.xml,PRIMARY DOCUMENT
0000950170-24-049180,2024-04-26,2023-12-31,2024-04-26T20:20:57.000Z,34,11-K,001-35992,24884119,,11-K,1686835,0,0,,orcl_11k_2023_1231.htm,11-K
0001959173-24-003134,2024-05-01,,2024-05-01T19:47:07.000Z,33,144,001-35992,24902723,,144,4261,0,0,,xsl144X01/primary_doc.xml,
0001127602-24-014031,2024-05-02,2024-05-01,2024-05-03T00:35:55.000Z,,4,,,,4,8462,0,0,,xslF345X05/form4.xml,PRIMARY DOCUMENT
0001959173-24-003205,2024-05-03,,2024-05-03T15:16:14.000Z,33,144,001-35992,24911530,,144,4849,0,0,,xsl144X01/primary_doc.xml,
0001127602-24-014294,2024-05-06,2024-05-03,2024-05-06T20:52:26.000Z,,4,,,,4,7988,0,0,,xslF345X05/form4.xml,PRIMARY DOCUMENT
0001950047-24-003453,2024-05-07,,2024-05-07T20:20:12.000Z,33,144,001-35992,24922266,,144,4756,0,0,,xsl144X01/primary_doc.xml,
0001127602-24-014650,2024-05-08,2024-05-07,2024-05-08T21:19:04.000Z,,4,,,,4,9305,0,0,,xslF345X05/form4.xml,PRIMARY DOCUMENT
0001193125-24-151894,2024-05-31,,2024-05-31T20:41:59.000Z,34,SD,001-35992,241010425,,SD,40397,0,0,,d828404dsd.htm,SD
0001127602-24-017424,2024-06-03,2024-05-31,2024-06-03T23:17:23.000Z,,4,,,,4,10317,0,0,,xslF345X05/form4.xml,PRIMARY DOCUMENT
0001127602-24-017426,2024-06-03,2024-05-31,2024-06-03T23:18:26.000Z,,4,,,,4,9566,0,0,,xslF345X05/form4.xml,PRIMARY DOCUMENT
0001127602-24-017428,2024-06-03,2024-05-31,2024-06-03T23:19:21.000Z,,4,,,,4,9441,0,0,,xslF345X05/form4.xml,PRIMARY DOCUMENT
0001127602-24-017429,2024-06-03,2024-05-31,2024-06-03T23:20:31.000Z,,4,,,,4,9585,0,0,,xslF345X05/form4.xml,PRIMARY DOCUMENT
0001127602-24-017431,2024-06-03,2024-05-31,2024-06-03T23:21:29.000Z,,4,,,,4,8743,0,0,,xslF345X05/form4.xml,PRIMARY DOCUMENT
0001127602-24-017433,2024-06-03,2024-05-31,2024-06-03T23:22:30.000Z,,4,,,,4,12402,0,0,,xslF345X05/form4.xml,PRIMARY DOCUMENT
0001127602-24-017434,2024-06-03,2024-05-31,2024-06-03T23:23:27.000Z,,4,,,,4,8715,0,0,,xslF345X05/form4.xml,PRIMARY DOCUMENT
0001127602-24-017435,2024-06-03,2024-05-31,2024-06-03T23:24:23.000Z,,4,,,,4,9571,0,0,,xslF345X05/form4.xml,PRIMARY DOCUMENT
0001127602-24-017437,2024-06-03,2024-05-31,2024-06-03T23:25:24.000Z,,4,,,,4,8834,0,0,,xslF345X05/form4.xml,PRIMARY DOCUMENT
0001127602-24-017440,2024-06-03,2024-05-31,2024-06-03T23:27:05.000Z,,4,,,,4,9426,0,0,,xslF345X05/form4.xml,PRIMARY DOCUMENT
0001127602-24-017441,2024-06-03,2024-05-31,2024-06-03T23:28:14.000Z,,4,,,,4,10085,0,0,,xslF345X05/form4.xml,PRIMARY DOCUMENT
0001127602-24-017442,2024-06-03,2024-05-31,2024-06-03T23:29:10.000Z,,4,,,,4,8755,0,0,,xslF345X05/form4.xml,PRIMARY DOCUMENT
0000950170-24-071916,2024-06-11,2024-06-11,2024-06-11T20:15:50.000Z,34,8-K,001-35992,241035964,"2.02,8.01,9.01",XBRL,1621975,1,1,,orcl-20240611.htm,8-K
0001959173-24-004563,2024-06-20,,2024-06-20T20:14:15.000Z,33,144,001-35992,241056365,,144,4248,0,0,,xsl144X01/primary_doc.xml,
0000950170-24-075605,2024-06-20,2024-05-31,2024-06-20T20:21:35.000Z,34,10-K,001-35992,241056542,,XBRL,22755060,1,1,,orcl-20240531.htm,10-K
0001950047-24-004942,2024-06-20,,2024-06-20T20:57:50.000Z,33,144,001-35992,241057230,,144,4677,0,0,,xsl144X01/primary_doc.xml,
0001127602-24-019131,2024-06-21,2024-06-20,2024-06-21T23:11:49.000Z,,4,,,,4,11444,0,0,,xslF345X05/form4.xml,PRIMARY DOCUMENT
0001127602-24-019181,2024-06-24,2024-06-20,2024-06-24T23:49:02.000Z,,4,,,,4,11786,0,0,,xslF345X05/form4.xml,PRIMARY DOCUMENT
0001959173-24-004637,2024-06-26,,2024-06-26T21:04:07.000Z,33,144,001-35992,241074409,,144,4824,0,0,,xsl144X01/primary_doc.xml,
0001127602-24-019342,2024-06-27,2024-06-26,2024-06-27T23:20:57.000Z,,4,,,,4,9885,0,0,,xslF345X05/form4.xml,PRIMARY DOCUMENT
0001127602-24-019402,2024-06-28,2024-06-27,2024-06-28T21:04:18.000Z,,4,,,,4,5492,0,0,,xslF345X05/form4.xml,PRIMARY DOCUMENT
0001127602-24-019404,2024-06-28,2024-06-27,2024-06-28T21:05:02.000Z,,4,,,,4,5316,0,0,,xslF345X05/form4.xml,PRIMARY DOCUMENT
0001959173-24-004843,2024-07-10,,2024-07-10T20:37:48.000Z,33,144,001-35992,241110325,,144,5416,0,0,,xsl144X01/primary_doc.xml,
0001127602-24-020305,2024-07-11,2024-07-10,2024-07-11T22:24:52.000Z,,4,,,,4,9885,0,0,,xslF345X05/form4.xml,PRIMARY DOCUMENT
0000000000-24-007910,2024-07-12,,2024-07-12T12:36:15.000Z,,UPLOAD,001-35992,,,LETTER,43514,0,0,,filename1.pdf,
0001950047-24-005425,2024-07-15,,2024-07-15T20:52:21.000Z,33,144,001-35992,241117819,,144,4736,0,0,,xsl144X01/primary_doc.xml,
0001950047-24-005445,2024-07-16,,2024-07-16T20:24:33.000Z,33,144,001-35992,241119916,,144,5520,0,0,,xsl144X01/primary_doc.xml,
0001127602-24-020602,2024-07-17,2024-07-15,2024-07-17T20:48:31.000Z,,4,,,,4,23654,0,0,,xslF345X05/form4.xml,PRIMARY DOCUMENT
0001959173-24-004981,2024-07-18,,2024-07-18T17:53:14.000Z,33,144,001-35992,241124410,,144,4233,0,0,,xsl144X01/primary_doc.xml,
0001127602-24-020754,2024-07-19,2024-07-18,2024-07-19T23:14:21.000Z,,4,,,,4,8217,0,0,,xslF345X05/form4.xml,PRIMARY DOCUMENT
0001193125-24-186358,2024-07-26,,2024-07-26T21:12:51.000Z,,CORRESP,,,,CORRESP,19450,0,0,,filename1.htm,
0001127602-24-021054,2024-07-26,2024-07-25,2024-07-26T23:42:03.000Z,,4,,,,4,7898,0,0,,xslF345X05/form4.xml,PRIMARY DOCUMENT
0001127602-24-021056,2024-07-26,2024-07-25,2024-07-26T23:44:00.000Z,,4,,,,4,5450,0,0,,xslF345X05/form4.xml,PRIMARY DOCUMENT
0000000000-24-008676,2024-07-30,,2024-07-30T20:36:03.000Z,,UPLOAD,001-35992,,,LETTER,42033,0,0,,filename1.pdf,
0001127602-24-021812,2024-08-07,2024-08-05,2024-08-07T20:58:55.000Z,,4,,,,4,13337,0,0,,xslF345X05/form4.xml,PRIMARY DOCUMENT
0001127602-24-021813,2024-08-07,2024-08-05,2024-08-07T20:59:47.000Z,,4,,,,4,14661,0,0,,xslF345X05/form4.xml,PRIMARY DOCUMENT
0001127602-24-021815,2024-08-07,2024-08-05,2024-08-07T21:00:48.000Z,,4,,,,4,14695,0,0,,xslF345X05/form4.xml,PRIMARY DOCUMENT
0001193125-24-197863,2024-08-09,,2024-08-09T20:24:57.000Z,,CORRESP,,,,CORRESP,15795,0,0,,filename1.htm,
0000000000-24-009356,2024-08-15,,2024-08-15T15:36:03.000Z,,UPLOAD,001-35992,,,LETTER,39530,0,0,,filename1.pdf,
0001127602-24-023634,2024-09-06,2024-09-05,2024-09-06T22:51:23.000Z,,4,,,,4,8400,0,0,,xslF345X05/form4.xml,PRIMARY DOCUMENT
0000950170-24-104753,2024-09-09,2024-09-09,2024-09-09T20:17:34.000Z,34,8-K,001-35992,241287463,"2.02,8.01,9.01",XBRL,1182606,1,1,,orcl-20240909.htm,8-K
0000950170-24-104905,2024-09-10,2024-08-31,2024-09-10T10:05:11.000Z,34,10-Q,001-35992,241288682,,XBRL,7696879,1,1,,orcl-20240831.htm,10-Q
0001959173-24-006498,2024-09-16,,2024-09-16T15:35:42.000Z,33,144,001-35992,241300080,,144,4813,0,0,,xsl144X01/primary_doc.xml,
0001127602-24-024112,2024-09-17,2024-09-15,2024-09-18T00:31:31.000Z,,4,,,,4,9826,0,0,,xslF345X05/form4.xml,PRIMARY DOCUMENT
0001127602-24-024113,2024-09-17,2024-09-15,2024-09-18T00:32:23.000Z,,4,,,,4,9479,0,0,,xslF345X05/form4.xml,PRIMARY DOCUMENT
0001127602-24-024114,2024-09-17,2024-09-15,2024-09-18T00:33:33.000Z,,4,,,,4,14346,0,0,,xslF345X05/form4.xml,PRIMARY DOCUMENT
0001127602-24-024115,2024-09-17,2024-09-15,2024-09-18T00:34:23.000Z,,4,,,,4,8400,0,0,,xslF345X05/form4.xml,PRIMARY DOCUMENT
0001127602-24-024317,2024-09-23,2024-09-19,2024-09-23T23:14:13.000Z,,4,,,,4,15071,0,0,,xslF345X05/form4.xml,PRIMARY DOCUMENT
0001127602-24-024318,2024-09-23,2024-09-19,2024-09-23T23:15:02.000Z,,4,,,,4,5339,0,0,,xslF345X05/form4.xml,PRIMARY DOCUMENT
0001127602-24-024319,2024-09-23,2024-09-19,2024-09-23T23:15:49.000Z,,4,,,,4,11412,0,0,,xslF345X05/form4.xml,PRIMARY DOCUMENT
0001127602-24-024320,2024-09-23,2024-09-19,2024-09-23T23:16:38.000Z,,4,,,,4,10459,0,0,,xslF345X05/form4.xml,PRIMARY DOCUMENT
0001193125-24-225244,2024-09-25,,2024-09-25T12:11:03.000Z,33,424B2,333-277990,241321374,,424B2,559123,0,0,,d861128d424b2.htm,424B2
0001193125-24-226101,2024-09-25,,2024-09-25T20:35:57.000Z,34,FWP,333-277990,241325064,,FWP,52768,0,0,,d832142dfwp.htm,FWP
0001193125-24-226139,2024-09-25,2024-11-14,2024-09-25T21:00:10.000Z,34,DEF 14A,001-35992,241325333,,XBRL,5631647,1,1,,d860928ddef14a.htm,DEF 14A
0001193125-24-226144,2024-09-25,,2024-09-25T21:01:56.000Z,34,DEFA14A,001-35992,241325348,,DEFA14A,272537,0,0,,d838589ddefa14a.htm,DEFA14A
0001193125-24-227049,2024-09-26,,2024-09-26T21:10:59.000Z,33,424B2,333-277990,241329759,,424B2,795994,1,1,,d861128d424b2.htm,424B2
0001193125-24-227971,2024-09-27,2024-09-27,2024-09-27T20:14:32.000Z,34,8-K,001-35992,241335040,"8.01,9.01",XBRL,462670,1,1,,d832518d8k.htm,8-K
0001214659-24-017258,2024-10-07,,2024-10-07T21:10:12.000Z,34,PX14A6G,001-35992,241358574,,PX14A6G,74311,0,0,,o107246px14a6g.htm,
0001127602-24-025342,2024-10-08,2024-10-07,2024-10-08T23:53:43.000Z,,4,,,,4,5989,0,0,,xslF345X05/form4.xml,PRIMARY DOCUMENT
0001127602-24-026038,2024-10-28,2024-10-24,2024-10-28T22:38:12.000Z,,4,,,,4,7900,0,0,,xslF345X05/form4.xml,PRIMARY DOCUMENT
0001127602-24-026039,2024-10-28,2024-10-24,2024-10-28T22:39:24.000Z,,4,,,,4,5451,0,0,,xslF345X05/form4.xml,PRIMARY DOCUMENT
0001127602-24-026071,2024-10-29,2024-10-28,2024-10-29T21:13:48.000Z,,4,,,,4,5233,0,0,,xslF345X05/form4.xml,PRIMARY DOCUMENT
0001127602-24-027110,2024-11-12,2024-11-07,2024-11-13T00:01:31.000Z,,4,,,,4,5668,0,0,,xslF345X05/form4.xml,PRIMARY DOCUMENT
0001193125-24-260986,2024-11-18,2024-11-14,2024-11-18T21:55:02.000Z,34,8-K,001-35992,241472178,5.07,XBRL,195903,1,1,,d38577d8k.htm,8-K
0000950170-24-134537,2024-12-09,2024-12-09,2024-12-09T21:13:45.000Z,34,8-K,001-35992,241535252,"2.02,8.01,9.01",XBRL,1742530,1,1,,orcl-20241209.htm,8-K
0001127602-24-028870,2024-12-09,2024-12-05,2024-12-09T22:40:23.000Z,,4,,,,4,8402,0,0,,xslF345X05/form4.xml,PRIMARY DOCUMENT
0000950170-24-134973,2024-12-10,2024-11-30,2024-12-10T21:11:21.000Z,34,10-Q,001-35992,241538588,,XBRL,10527153,1,1,,orcl-20241130.htm,10-Q
0001193125-25-005333,2025-01-13,2025-01-08,2025-01-13T21:30:14.000Z,34,8-K,001-35992,25526702,5.02,XBRL,176950,1,1,,d902043d8k.htm,8-K
0001959173-25-000292,2025-01-14,,2025-01-14T18:57:04.000Z,33,144,001-35992,25528811,,144,4251,0,0,,xsl144X01/primary_doc.xml,
0001193125-25-010390,2025-01-22,2025-01-21,2025-01-22T21:19:32.000Z,34,8-K,001-35992,25546195,8.01,XBRL,175978,1,1,,d918243d8k.htm,8-K
0001959173-25-000434,2025-01-22,,2025-01-22T21:22:32.000Z,33,144,001-35992,25546234,,144,4488,0,0,,xsl144X01/primary_doc.xml,
0001959173-25-000446,2025-01-23,,2025-01-23T21:08:52.000Z,33,144,001-35992,25550181,,144,5077,0,0,,xsl144X01/primary_doc.xml,
0001959173-25-000463,2025-01-24,,2025-01-24T21:05:39.000Z,33,144,001-35992,25554185,,144,5674,0,0,,xsl144X01/primary_doc.xml,
0001127602-25-001988,2025-01-24,2025-01-22,2025-01-25T01:41:04.000Z,,4,,,,4,38759,0,0,,xslF345X05/form4.xml,PRIMARY DOCUMENT
0001127602-25-002027,2025-01-27,2025-01-23,2025-01-27T22:32:02.000Z,,4,,,,4,5452,0,0,,xslF345X05/form4.xml,PRIMARY DOCUMENT
0001127602-25-002028,2025-01-27,2025-01-23,2025-01-27T22:33:10.000Z,,4,,,,4,7903,0,0,,xslF345X05/form4.xml,PRIMARY DOCUMENT
0001193125-25-016274,2025-01-30,,2025-01-30T13:00:24.000Z,33,424B2,333-277990,25571215,,424B2,691983,0,0,,d890482d424b2.htm,424B2
0001193125-25-017365,2025-01-30,,2025-01-30T22:23:38.000Z,34,FWP,333-277990,25574956,,FWP,68491,0,0,,d901407dfwp.htm,FWP
0001193125-25-018491,2025-01-31,,2025-01-31T22:27:30.000Z,33,424B2,333-277990,25579571,,424B2,978585,1,1,,d890482d424b2.htm,424B2
0001193125-25-019281,2025-02-03,2025-02-03,2025-02-03T21:15:14.000Z,34,8-K,001-35992,25582672,"8.01,9.01",XBRL,599362,1,1,,d927919d8k.htm,8-K
0001127602-25-004937,2025-02-14,2025-02-12,2025-02-14T21:41:16.000Z,,4,,,,4,5165,0,0,,xslF345X05/form4.xml,PRIMARY DOCUMENT
0001193125-25-036873,2025-02-26,2025-01-08,2025-02-26T22:03:26.000Z,34,8-K/A,001-35992,25671181,5.02,XBRL,183717,1,1,,d903740d8ka.htm,8-K/A
0000950170-25-036295,2025-03-10,2025-03-10,2025-03-10T20:13:09.000Z,34,8-K,001-35992,25723833,"2.02,8.01,9.01",XBRL,1861705,1,1,,orcl-20250310.htm,8-K
0000950170-25-037143,2025-03-11,2025-02-28,2025-03-11T20:11:43.000Z,34,10-Q,001-35992,25727702,,XBRL,11301971,1,1,,orcl-20250228.htm,10-Q
0000950170-25-043434,2025-03-21,2021-02-24,2025-03-22T00:43:30.000Z,,4,,,,4,6409,0,0,,xslF345X05/ownership.xml,4
0001959173-25-002430,2025-04-02,,2025-04-02T18:31:10.000Z,33,144,001-35992,25803537,,144,4231,0,0,,xsl144X01/primary_doc.xml,
0001127602-25-011732,2025-04-04,2025-04-02,2025-04-04T21:23:36.000Z,,4,,,,4,5667,0,0,,xslF345X05/form4.xml,PRIMARY DOCUMENT
0001959173-25-002587,2025-04-11,,2025-04-11T15:35:48.000Z,33,144,001-35992,25830565,,144,4221,0,0,,xsl144X01/primary_doc.xml,
0001127602-25-012084,2025-04-15,2025-04-11,2025-04-15T21:21:59.000Z,,4,,,,4,8223,0,0,,xslF345X05/form4.xml,PRIMARY DOCUMENT
0001127602-25-012377,2025-04-18,2025-04-16,2025-04-18T20:32:38.000Z,,4,,,,4,6278,0,0,,xslF345X05/form4.xml,PRIMARY DOCUMENT
0001127602-25-012498,2025-04-23,2025-04-21,2025-04-23T20:57:56.000Z,,4,,,,4,6558,0,0,,xslF345X05/form4.xml,PRIMARY DOCUMENT
0000950170-25-058726,2025-04-25,2024-12-31,2025-04-25T20:14:50.000Z,34,11-K,001-35992,25874192,,11-K,1942061,0,0,,orcl_11k_2024_1231.htm,11-K
0001127602-25-012625,2025-04-25,2025-04-23,2025-04-25T20:34:03.000Z,,4,,,,4,5445,0,0,,xslF345X05/form4.xml,PRIMARY DOCUMENT
0001959173-25-002815,2025-05-02,,2025-05-02T15:50:47.000Z,33,144,001-35992,25906541,,144,4807,0,0,,xsl144X01/primary_doc.xml,
0001959173-25-002859,2025-05-05,,2025-05-05T16:16:49.000Z,33,144,001-35992,25911836,,144,4813,0,0,,xsl144X01/primary_doc.xml,
0001127602-25-013486,2025-05-06,2025-05-02,2025-05-06T20:43:43.000Z,,4,,,,4,8693,0,0,,xslF345X05/form4.xml,PRIMARY DOCUMENT
0001127602-25-013506,2025-05-06,2025-05-05,2025-05-06T22:05:03.000Z,,4,,,,4,6142,0,0,,xslF345X05/form4.xml,PRIMARY DOCUMENT
0001127602-25-014708,2025-05-16,2025-05-14,2025-05-16T20:27:45.000Z,,4,,,,4,5144,0,0,,xslF345X05/form4.xml,PRIMARY DOCUMENT
0001193125-25-132130,2025-05-30,,2025-05-30T20:14:02.000Z,34,SD,001-35992,251011073,,SD,40717,0,0,,d31297dsd.htm,SD
0001127602-25-016585,2025-06-03,2025-05-31,2025-06-03T21:11:40.000Z,,4,,,,4,10315,0,0,,xslF345X05/form4.xml,PRIMARY DOCUMENT
0001127602-25-016586,2025-06-03,2025-05-31,2025-06-03T21:12:42.000Z,,4,,,,4,9575,0,0,,xslF345X05/form4.xml,PRIMARY DOCUMENT
0001127602-25-016588,2025-06-03,2025-05-31,2025-06-03T21:13:50.000Z,,4,,,,4,9450,0,0,,xslF345X05/form4.xml,PRIMARY DOCUMENT
0001127602-25-016594,2025-06-03,2025-05-31,2025-06-03T21:15:42.000Z,,4,,,,4,8738,0,0,,xslF345X05/form4.xml,PRIMARY DOCUMENT
0001127602-25-016595,2025-06-03,2025-05-31,2025-06-03T21:16:58.000Z,,4,,,,4,12407,0,0,,xslF345X05/form4.xml,PRIMARY DOCUMENT
0001127602-25-016597,2025-06-03,2025-05-31,2025-06-03T21:18:51.000Z,,4,,,,4,9524,0,0,,xslF345X05/form4.xml,PRIMARY DOCUMENT
0001127602-25-016602,2025-06-03,2025-05-31,2025-06-03T21:21:24.000Z,,4,,,,4,8841,0,0,,xslF345X05/form4.xml,PRIMARY DOCUMENT
0001127602-25-016603,2025-06-03,2025-05-31,2025-06-03T21:22:28.000Z,,4,,,,4,10080,0,0,,xslF345X05/form4.xml,PRIMARY DOCUMENT
0001127602-25-016604,2025-06-03,2025-05-31,2025-06-03T21:23:22.000Z,,4,,,,4,9581,0,0,,xslF345X05/form4.xml,PRIMARY DOCUMENT
0001127602-25-016606,2025-06-03,2025-05-31,2025-06-03T21:24:20.000Z,,4,,,,4,9422,0,0,,xslF345X05/form4.xml,PRIMARY DOCUMENT
0000950170-25-084831,2025-06-11,2025-06-11,2025-06-11T20:12:02.000Z,34,8-K,001-35992,251040127,"2.02,8.01,9.01",XBRL,2050736,1,1,,orcl-20250611.htm,8-K
0001950047-25-004222,2025-06-12,,2025-06-12T20:19:19.000Z,33,144,001-35992,251042865,,144,4824,0,0,,xsl144X01/primary_doc.xml,
0001127602-25-017406,2025-06-12,2025-06-02,2025-06-13T01:45:10.000Z,,3,,,,3,7647,0,0,,xslF345X02/form3.xml,PRIMARY DOCUMENT
0001127602-25-017407,2025-06-12,2025-06-02,2025-06-13T01:46:09.000Z,,3,,,,3,6966,0,0,,xslF345X02/form3.xml,PRIMARY DOCUMENT
0001127602-25-017501,2025-06-13,2025-06-12,2025-06-13T20:29:29.000Z,,4,,,,4,11923,0,0,,xslF345X05/form4.xml,PRIMARY DOCUMENT
0001959173-25-004143,2025-06-17,,2025-06-17T15:38:13.000Z,33,144,001-35992,251052372,,144,5371,0,0,,xsl144X01/primary_doc.xml,
0001959173-25-004176,2025-06-17,,2025-06-17T20:04:03.000Z,33,144,001-35992,251053285,,144,4800,0,0,,xsl144X01/primary_doc.xml,
0000950170-25-087926,2025-06-18,2025-05-31,2025-06-18T20:31:22.000Z,34,10-K,001-35992,251057371,,XBRL,26423510,1,1,,orcl-20250531.htm,10-K
0001959173-25-004225,2025-06-20,,2025-06-20T20:09:32.000Z,33,144,001-35992,251061421,,144,4466,0,0,,xsl144X01/primary_doc.xml,
0001127602-25-017847,2025-06-20,2025-06-17,2025-06-20T21:48:21.000Z,,4,,,,4,4850,0,0,,xslF345X05/form4.xml,PRIMARY DOCUMENT
0001127602-25-017848,2025-06-20,2025-06-17,2025-06-20T21:49:14.000Z,,4,,,,4,4326,0,0,,xslF345X05/form4.xml,PRIMARY DOCUMENT
0001959173-25-004253,2025-06-23,,2025-06-23T20:10:19.000Z,33,144,001-35992,251065053,,144,5069,0,0,,xsl144X01/primary_doc.xml,
0001127602-25-018029,2025-06-24,2025-06-20,2025-06-25T00:32:18.000Z,,4,,,,4,42990,0,0,,xslF345X05/form4.xml,PRIMARY DOCUMENT
0001959173-25-004296,2025-06-25,,2025-06-25T20:12:21.000Z,33,144,001-35992,251073767,,144,5671,0,0,,xsl144X01/primary_doc.xml,
0001127602-25-018065,2025-06-25,2025-06-23,2025-06-25T22:37:10.000Z,,4,,,,4,5940,0,0,,xslF345X05/form4.xml,PRIMARY DOCUMENT
0001959173-25-004312,2025-06-26,,2025-06-26T20:17:06.000Z,33,144,001-35992,251080575,,144,6272,0,0,,xsl144X01/primary_doc.xml,
0001127602-25-018102,2025-06-26,2025-06-24,2025-06-26T22:23:11.000Z,,4,,,,4,5487,0,0,,xslF345X05/form4.xml,PRIMARY DOCUMENT
0001127602-25-018103,2025-06-26,2025-06-24,2025-06-26T22:25:19.000Z,,4,,,,4,33366,0,0,,xslF345X05/form4.xml,PRIMARY DOCUMENT
0001959173-25-004328,2025-06-27,,2025-06-27T20:13:03.000Z,33,144,001-35992,251086430,,144,6876,0,0,,xsl144X01/primary_doc.xml,
0001193125-25-152035,2025-06-30,2025-06-30,2025-06-30T12:30:26.000Z,34,8-K,001-35992,251088839,7.01,XBRL,170078,1,1,,d136779d8k.htm,8-K
0001127602-25-018386,2025-07-01,2025-06-27,2025-07-01T21:10:59.000Z,,4,,,,4,16569,0,0,,xslF345X05/form4.xml,PRIMARY DOCUMENT
0001959173-25-004452,2025-07-03,,2025-07-03T15:31:07.000Z,33,144,001-35992,251104327,,144,5345,0,0,,xsl144X01/primary_doc.xml,
0001127602-25-019029,2025-07-08,2025-07-03,2025-07-08T20:44:10.000Z,,4,,,,4,4879,0,0,,xslF345X05/form4.xml,PRIMARY DOCUMENT
0001127602-25-019066,2025-07-09,2025-07-07,2025-07-09T20:39:51.000Z,,4,,,,4,6408,0,0,,xslF345X05/form4.xml,PRIMARY DOCUMENT
0000876661-25-000500,2025-07-10,,2025-07-10T13:34:55.000Z,34,25-NSE,001-35992,251115000,,25-NSE,3550,0,0,,xslF25X02/primary_doc.xml,
0001127602-25-019097,2025-07-11,2025-07-09,2025-07-11T20:38:47.000Z,,4,,,,4,14020,0,0,,xslF345X05/form4.xml,PRIMARY DOCUMENT
0001959173-25-004600,2025-07-16,,2025-07-16T16:25:21.000Z,33,144,001-35992,251126723,,144,4808,0,0,,xsl144X01/primary_doc.xml,
0001127602-25-019335,2025-07-17,2025-07-15,2025-07-17T20:15:39.000Z,,4,,,,4,10685,0,0,,xslF345X05/form4.xml,PRIMARY DOCUMENT
0001127602-25-019417,2025-07-18,2025-07-16,2025-07-18T20:26:23.000Z,,4,,,,4,5668,0,0,,xslF345X05/form4.xml,PRIMARY DOCUMENT
0001127602-25-019631,2025-07-28,2025-07-24,2025-07-28T20:08:17.000Z,,4,,,,4,5445,0,0,,xslF345X05/form4.xml,PRIMARY DOCUMENT
0001959173-25-004942,2025-08-05,,2025-08-05T13:42:04.000Z,33,144,001-35992,251183243,,144,4360,0,0,,xsl144X01/primary_doc.xml,
0001127602-25-020197,2025-08-06,2025-08-04,2025-08-07T01:58:55.000Z,,4,,,,4,10049,0,0,,xslF345X05/form4.xml,PRIMARY DOCUMENT
0001127602-25-020198,2025-08-06,2025-08-04,2025-08-07T01:59:41.000Z,,4,,,,4,8386,0,0,,xslF345X05/form4.xml,PRIMARY DOCUMENT
0001127602-25-020255,2025-08-07,2025-08-04,2025-08-07T22:17:14.000Z,,4,,,,4,21954,0,0,,xslF345X05/form4.xml,PRIMARY DOCUMENT
0001127602-25-020262,2025-08-07,2025-08-04,2025-08-08T00:07:30.000Z,,4,,,,4,18061,0,0,,xslF345X05/form4.xml,PRIMARY DOCUMENT
0000000000-25-009722,2025-09-09,,2025-09-09T15:36:04.000Z,,UPLOAD,001-35992,,,LETTER,44639,0,0,0.0,filename1.pdf,
0001193125-25-199175,2025-09-09,2025-09-09,2025-09-09T20:13:19.000Z,34,8-K,001-35992,251303308,"2.02,8.01,9.01",XBRL,1478484,1,1,,orcl-20250909.htm,8-K
0001193125-25-200095,2025-09-10,2025-08-31,2025-09-10T20:11:23.000Z,34,10-Q,001-35992,251306000,,XBRL,9892405,1,1,,orcl-20250831.htm,10-Q
0001959173-25-005968,2025-09-12,,2025-09-12T18:09:25.000Z,33,144,001-35992,251310990,,144,4835,0,0,,xsl144X01/primary_doc.xml,
0001957799-25-000210,2025-09-12,,2025-09-12T20:07:44.000Z,33,144,001-35992,251311549,,144,4935,0,0,,xsl144X01/primary_doc.xml,
0001968582-25-000906,2025-09-12,,2025-09-13T00:04:38.000Z,33,144,001-35992,251312891,,144,4894,0,0,,xsl144X01/primary_doc.xml,
0001959173-25-006017,2025-09-16,,2025-09-16T13:40:46.000Z,33,144,001-35992,251316038,,144,4944,0,0,,xsl144X01/primary_doc.xml,
0001341439-25-000004,2025-09-16,2025-09-12,2025-09-16T14:24:15.000Z,,4,,,,4,9804,0,0,,xslF345X05/form4.xml,PRIMARY DOCUMENT
0001341439-25-000006,2025-09-16,2025-09-12,2025-09-17T00:36:08.000Z,,4,,,,4,5010,0,0,,xslF345X05/form4.xml,PRIMARY DOCUMENT
0001341439-25-000014,2025-09-17,2025-09-15,2025-09-18T00:31:06.000Z,,4,,,,4,10052,0,0,,xslF345X05/form4.xml,PRIMARY DOCUMENT
0001341439-25-000016,2025-09-17,2025-09-15,2025-09-18T00:33:17.000Z,,4,,,,4,8391,0,0,,xslF345X05/form4.xml,PRIMARY DOCUMENT
0001341439-25-000018,2025-09-17,2025-09-15,2025-09-18T00:35:02.000Z,,4,,,,4,10509,0,0,,xslF345X05/form4.xml,PRIMARY DOCUMENT
0001341439-25-000020,2025-09-17,2025-09-15,2025-09-18T00:36:42.000Z,,4,,,,4,8393,0,0,,xslF345X05/form4.xml,PRIMARY DOCUMENT
0001193125-25-210089,2025-09-22,2025-09-18,2025-09-22T12:22:12.000Z,34,8-K,001-35992,251328508,"5.02,7.01,9.01",XBRL,160465,1,1,,d921500d8k.htm,8-K
0001193125-25-211336,2025-09-22,,2025-09-22T20:16:32.000Z,,CORRESP,,,,CORRESP,12010,0,0,0.0,filename1.htm,
0001959173-25-006156,2025-09-23,,2025-09-23T13:44:56.000Z,33,144,001-35992,251332058,,144,6065,0,0,,xsl144X01/primary_doc.xml,
0001341439-25-000028,2025-09-23,2025-09-19,2025-09-24T01:00:38.000Z,,4,,,,4,8391,0,0,,xslF345X05/form4.xml,PRIMARY DOCUMENT
0001341439-25-000029,2025-09-23,2025-09-19,2025-09-24T01:02:28.000Z,,4,,,,4,13325,0,0,,xslF345X05/form4.xml,PRIMARY DOCUMENT
0001341439-25-000030,2025-09-23,2025-09-19,2025-09-24T01:04:57.000Z,,4,,,,4,13331,0,0,,xslF345X05/form4.xml,PRIMARY DOCUMENT
0001341439-25-000031,2025-09-23,2025-09-19,2025-09-24T01:06:47.000Z,,4,,,,4,15233,0,0,,xslF345X05/form4.xml,PRIMARY DOCUMENT
0001341439-25-000032,2025-09-23,2025-09-19,2025-09-24T01:08:06.000Z,,4,,,,4,15607,0,0,,xslF345X05/form4.xml,PRIMARY DOCUMENT
0001193125-25-214032,2025-09-24,,2025-09-24T11:55:50.000Z,33,424B2,333-277990,251335206,,424B2,769419,0,0,,d37885d424b2.htm,424B2
0001193125-25-215807,2025-09-24,,2025-09-24T21:22:25.000Z,34,FWP,333-277990,251339677,,FWP,86287,0,0,,d49252dfwp.htm,FWP
0001193125-25-217490,2025-09-25,,2025-09-25T20:22:00.000Z,33,424B2,333-277990,251344026,,424B2,911845,1,1,,d37885d424b2.htm,424B2
0001959173-25-006204,2025-09-26,,2025-09-26T15:07:24.000Z,33,144,001-35992,251347179,,144,4814,0,0,,xsl144X01/primary_doc.xml,
0001193125-25-220445,2025-09-26,2025-09-26,2025-09-26T20:05:13.000Z,34,8-K,001-35992,251350429,"8.01,9.01",XBRL,529495,1,1,,d31817d8k.htm,8-K
0001193125-25-220801,2025-09-26,2025-11-18,2025-09-26T21:19:41.000Z,34,DEF 14A,001-35992,251351463,,XBRL,7142459,1,1,,d72066ddef14a.htm,DEF 14A
0001193125-25-220804,2025-09-26,,2025-09-26T21:21:07.000Z,34,DEFA14A,001-35992,251351473,,DEFA14A,463699,0,0,,d92957ddefa14a.htm,DEFA14A
0001341439-25-000037,2025-09-26,2025-09-24,2025-09-27T00:26:12.000Z,,4,,,,4,5149,0,0,,xslF345X05/form4.xml,PRIMARY DOCUMENT
0001341439-25-000038,2025-09-26,2025-09-24,2025-09-27T00:27:22.000Z,,4,,,,4,5144,0,0,,xslF345X05/form4.xml,PRIMARY DOCUMENT
0001341439-25-000040,2025-09-30,2025-09-26,2025-10-01T01:03:44.000Z,,4,,,,4,7298,0,0,,xslF345X05/form4.xml,PRIMARY DOCUMENT
0001341439-25-000045,2025-10-01,2025-09-22,2025-10-01T21:14:48.000Z,,3,,,,3,10862,0,0,,xslF345X02/form3.xml,PRIMARY DOCUMENT
0001341439-25-000047,2025-10-01,2025-09-22,2025-10-01T21:18:27.000Z,,3,,,,3,11764,0,0,,xslF345X02/form3.xml,PRIMARY DOCUMENT
0001193125-25-231901,2025-10-06,2025-09-18,2025-10-06T20:15:26.000Z,34,8-K/A,001-35992,251377020,5.02,XBRL,136602,1,1,,d82618d8ka.htm,8-K/A
0001193125-25-233320,2025-10-07,,2025-10-07T19:12:44.000Z,,CORRESP,,,,CORRESP,24938,0,0,0.0,filename1.htm,
0001959173-25-006402,2025-10-10,,2025-10-10T14:40:13.000Z,33,144,001-35992,251386762,,144,5457,0,0,,xsl144X01/primary_doc.xml,
0001341439-25-000049,2025-10-14,2025-10-10,2025-10-15T00:29:39.000Z,,4,,,,4,4550,0,0,,xslF345X05/form4.xml,PRIMARY DOCUMENT
0001959173-25-006511,2025-10-21,,2025-10-21T17:09:02.000Z,33,144,001-35992,251406239,,144,4806,0,0,,xsl144X01/primary_doc.xml,
0001959173-25-006513,2025-10-21,,2025-10-21T18:40:03.000Z,33,144,001-35992,251406597,,144,5378,0,0,,xsl144X01/primary_doc.xml,
0001654954-25-012124,2025-10-23,,2025-10-23T16:50:58.000Z,33,144,001-35992,251412272,,144,7326,0,0,,xsl144X01/primary_doc.xml,
0001959173-25-006531,2025-10-23,,2025-10-23T18:10:24.000Z,33,144,001-35992,251412530,,144,6457,0,0,,xsl144X01/primary_doc.xml,
0001341439-25-000052,2025-10-23,2025-10-21,2025-10-24T00:39:34.000Z,,4,,,,4,4860,0,0,,xslF345X05/form4.xml,PRIMARY DOCUMENT
0001341439-25-000053,2025-10-23,2025-10-21,2025-10-24T00:51:16.000Z,,4,,,,4,6301,0,0,,xslF345X05/form4.xml,PRIMARY DOCUMENT
0001341439-25-000061,2025-10-27,2025-10-23,2025-10-28T00:47:00.000Z,,4,,,,4,7816,0,0,,xslF345X05/form4.xml,PRIMARY DOCUMENT
0001341439-25-000062,2025-10-27,2025-10-23,2025-10-28T00:48:22.000Z,,4,,,,4,5348,0,0,,xslF345X05/form4.xml,PRIMARY DOCUMENT
0001341439-25-000063,2025-10-27,2025-10-23,2025-10-28T00:49:38.000Z,,4,,,,4,5378,0,0,,xslF345X05/form4.xml,PRIMARY DOCUMENT
0001341439-25-000064,2025-10-27,2025-10-23,2025-10-28T00:51:07.000Z,,4,,,,4,5374,0,0,,xslF345X05/form4.xml,PRIMARY DOCUMENT
0001341439-25-000065,2025-10-27,2025-10-23,2025-10-28T00:52:50.000Z,,4,,,,4,5161,0,0,,xslF345X05/form4.xml,PRIMARY DOCUMENT
0001341439-25-000066,2025-10-27,2025-10-23,2025-10-28T00:54:15.000Z,,4,,,,4,5371,0,0,,xslF345X05/form4.xml,PRIMARY DOCUMENT
0001341439-25-000068,2025-10-27,2025-10-23,2025-10-28T01:15:05.000Z,,4,,,,4,5311,0,0,,xslF345X05/form4.xml,PRIMARY DOCUMENT
0001341439-25-000072,2025-10-30,2025-10-28,2025-10-31T00:48:34.000Z,,4,,,,4,11705,0,0,,xslF345X05/form4.xml,PRIMARY DOCUMENT
0001341439-25-000077,2025-11-20,2025-11-18,2025-11-21T01:33:52.000Z,,3,,,,3,7579,0,0,,xslF345X02/form3.xml,PRIMARY DOCUMENT
0001341439-25-000078,2025-11-20,2025-11-18,2025-11-21T01:34:55.000Z,,4,,,,4,5193,0,0,,xslF345X05/form4.xml,PRIMARY DOCUMENT
0001193125-25-291441,2025-11-21,2025-11-18,2025-11-21T21:26:49.000Z,34,8-K,001-35992,251508356,"5.02,5.07,9.01",XBRL,171582,1,1,,d43173d8k.htm,8-K
0001341439-25-000080,2025-12-09,2025-12-05,2025-12-10T00:12:19.000Z,,4,,,,4,8393,0,0,,xslF345X05/form4.xml,PRIMARY DOCUMENT
0001193125-25-314207,2025-12-10,2025-12-10,2025-12-10T21:14:38.000Z,34,8-K,001-35992,251562125,"2.02,8.01,9.01",XBRL,1990463,1,1,,orcl-20251210.htm,8-K
0001193125-25-315925,2025-12-11,2025-11-30,2025-12-11T21:07:47.000Z,34,10-Q,001-35992,251565047,,XBRL,12552675,1,1,,orcl-20251130.htm,10-Q
0001959173-25-007851,2025-12-19,,2025-12-19T17:43:49.000Z,33,144,001-35992,251586547,,144,4895,0,0,,xsl144X01/primary_doc.xml,
0000000000-25-011738,2025-12-22,,2025-12-22T17:36:10.000Z,,UPLOAD,001-35992,,,LETTER,39611,0,0,0.0,filename1.pdf,
0001959173-25-007900,2025-12-23,,2025-12-23T14:54:32.000Z,33,144,001-35992,251595696,,144,4810,0,0,,xsl144X01/primary_doc.xml,
0001341439-25-000086,2025-12-23,2025-12-19,2025-12-24T00:10:24.000Z,,4,,,,4,4861,0,0,,xslF345X05/form4.xml,PRIMARY DOCUMENT
0001341439-25-000087,2025-12-23,2025-12-23,2025-12-24T00:11:24.000Z,,4,,,,4,5668,0,0,,xslF345X05/form4.xml,PRIMARY DOCUMENT
0001341439-25-000088,2025-12-23,2025-12-23,2025-12-24T02:13:49.000Z,,4,,,,4,6368,0,0,,xslF345X05/form4.xml,PRIMARY DOCUMENT
0001959173-25-007918,2025-12-29,,2025-12-29T11:43:18.000Z,33,144,001-35992,251602817,,144,4267,0,0,,xsl144X01/primary_doc.xml,
0001341439-25-000090,2025-12-29,2025-12-22,2025-12-29T22:33:47.000Z,,4,,,,4,6441,0,0,,xslF345X05/form4.xml,PRIMARY DOCUMENT
0001193125-26-009002,2026-01-09,2026-01-05,2026-01-09T21:31:11.000Z,34,8-K,001-35992,26523432,5.02,XBRL,130720,1,1,,d34442d8k.htm,8-K
0001959173-26-000310,2026-01-15,,2026-01-15T14:35:32.000Z,33,144,001-35992,26534887,,144,4880,0,0,,xsl144X01/primary_doc.xml,
0001341439-26-000004,2026-01-16,2026-01-15,2026-01-16T21:15:34.000Z,,4,,,,4,5612,0,0,,xslF345X05/form4.xml,PRIMARY DOCUMENT
0001341439-26-000006,2026-01-26,2026-01-23,2026-01-26T22:15:41.000Z,,4,,,,4,5447,0,0,,xslF345X05/form4.xml,PRIMARY DOCUMENT
0001193125-26-032645,2026-02-02,,2026-02-02T12:12:59.000Z,33,POSASR,333-277990,26585689,,POSASR,557502,1,1,,d90752dposasr.htm,POSASR
0001193125-26-032650,2026-02-02,,2026-02-02T12:16:25.000Z,34,FWP,333-277990,26585698,,FWP,31921,0,0,,d36096dfwp.htm,FWP
0001193125-26-032654,2026-02-02,,2026-02-02T12:19:22.000Z,33,424B5,333-277990,26585704,,424B5,961811,0,0,,d60756d424b5.htm,424B5
0001193125-26-032739,2026-02-02,,2026-02-02T13:09:09.000Z,33,424B2,333-277990,26585840,,424B2,766193,0,0,,d33906d424b2.htm,424B2
0001193125-26-032756,2026-02-02,,2026-02-02T13:16:35.000Z,33,424B5,333-277990,26585861,,424B5,642085,1,1,,d77737d424b5.htm,424B5
0001193125-26-033882,2026-02-02,,2026-02-02T22:23:10.000Z,34,FWP,333-277990,26589012,,FWP,95969,0,0,,d44245dfwp.htm,FWP
0001193125-26-034351,2026-02-03,,2026-02-03T11:01:47.000Z,34,FWP,333-277990,26590021,,FWP,68432,0,0,,d24013dfwp.htm,FWP
0001193125-26-035603,2026-02-03,,2026-02-03T21:19:46.000Z,33,424B2,333-277990,26593242,,424B2,983305,1,1,,d33906d424b2.htm,424B2
0001193125-26-035662,2026-02-03,,2026-02-03T21:28:33.000Z,33,424B5,333-277990,26593474,,424B5,92956,0,0,,d201622d424b5.htm,424B5
0001193125-26-037818,2026-02-04,,2026-02-04T22:10:33.000Z,33,424B5,333-277990,26599301,,424B5,1130416,1,1,,d60756d424b5.htm,424B5
0001193125-26-037840,2026-02-04,2026-02-02,2026-02-04T22:20:31.000Z,34,8-K,001-35992,26599375,"1.01,8.01,9.01",XBRL,926281,1,1,,d23732d8k.htm,8-K
0001193125-26-039344,2026-02-05,2026-02-02,2026-02-05T21:01:31.000Z,34,8-K,001-35992,26602790,"1.01,3.03,5.03,9.01",XBRL,1016928,1,1,,d63638d8k.htm,8-K
0001193125-26-039435,2026-02-05,,2026-02-05T21:18:28.000Z,34,8-A12B,001-35992,26603150,,8-A12B,18023,0,0,,d57153d8a12b.htm,8-A12B
0000876661-26-000093,2026-02-05,,2026-02-05T21:24:57.000Z,34,CERT,001-35992,26603272,,CERT,385827,0,0,,ORCLPRD020526.pdf,NYSE CERTIFICATION
0001959173-26-000747,2026-02-09,,2026-02-09T16:26:41.000Z,33,144,001-35992,26610262,,144,4895,0,0,,xsl144X01/primary_doc.xml,
0001341439-26-000010,2026-02-11,2026-02-09,2026-02-11T21:42:45.000Z,,4,,,,4,4859,0,0,,xslF345X05/form4.xml,PRIMARY DOCUMENT
0001193125-26-100148,2026-03-10,2026-03-10,2026-03-10T20:12:51.000Z,34,8-K,001-35992,26739403,"2.02,8.01,9.01",XBRL,2130040,1,1,,orcl-20260310.htm,8-K
0001193125-26-101045,2026-03-11,2026-02-28,2026-03-11T10:38:49.000Z,34,10-Q,001-35992,26741492,,XBRL,15291679,1,1,,orcl-20260228.htm,10-Q
0000102909-26-001995,2026-03-27,,2026-03-27T15:08:37.000Z,34,SCHEDULE 13G/A,005-81502,26802679,,SCHEDULE 13G/A,7081,0,0,,xslSCHEDULE_13G_X02/primary_doc.xml,
0001341439-26-000018,2026-04-01,2026-03-30,2026-04-01T20:12:36.000Z,,4,,,,4,8915,0,0,,xslF345X06/form4.xml,PRIMARY DOCUMENT
0001193125-26-142939,2026-04-06,2026-04-01,2026-04-06T12:12:11.000Z,34,8-K,001-35992,26839624,"5.02,7.01,9.01",XBRL,198870,1,1,0.0,d132760d8k.htm,8-K
0001341439-26-000021,2026-04-14,2026-04-06,2026-04-14T23:47:10.000Z,,3,,,,3,6459,0,0,0.0,xslF345X06/form3.xml,PRIMARY DOCUMENT
0001959173-26-002940,2026-04-16,,2026-04-16T16:01:45.000Z,33,144,001-35992,26866351,,144,4917,0,0,0.0,xsl144X01/primary_doc.xml,
0001341439-26-000025,2026-04-17,2026-04-16,2026-04-18T00:15:49.000Z,,4,,,,4,7494,0,0,0.0,xslF345X06/form4.xml,PRIMARY DOCUMENT
0001341439-26-000027,2026-04-20,2026-04-16,2026-04-20T21:33:53.000Z,,4,,,,4,4688,0,0,0.0,xslF345X06/form4.xml,PRIMARY DOCUMENT
0001193125-26-177242,2026-04-24,2025-12-31,2026-04-24T20:10:13.000Z,34,11-K,001-35992,26893854,,XBRL,16308317,1,1,1.0,orcl-20251231.htm,11-K
0001341439-26-000029,2026-04-28,2026-04-24,2026-04-28T20:57:16.000Z,,4,,,,4,5582,0,0,0.0,xslF345X06/form4.xml,PRIMARY DOCUMENT
0001341439-26-000034,2026-05-07,2026-05-05,2026-05-07T20:25:47.000Z,,4,,,,4,8157,0,0,0.0,xslF345X06/form4.xml,PRIMARY DOCUMENT
0001193125-26-219708,2026-05-12,2026-05-06,2026-05-12T20:50:49.000Z,34,8-K,001-35992,26969517,"5.02,7.01,9.01",XBRL,191493,1,1,0.0,d76569d8k.htm,8-K
0001341439-26-000038,2026-05-14,2026-05-06,2026-05-14T21:10:17.000Z,,3,,,,3,6429,0,0,0.0,xslF345X06/form3.xml,PRIMARY DOCUMENT
0001193125-26-248390,2026-05-29,,2026-05-29T20:23:26.000Z,34,SD,001-35992,261044831,,SD,39556,0,0,0.0,d156789dsd.htm,SD
0001341439-26-000040,2026-06-02,2026-05-31,2026-06-02T21:31:37.000Z,,4,,,,4,10451,0,0,0.0,xslF345X06/form4.xml,PRIMARY DOCUMENT
0001341439-26-000042,2026-06-02,2026-05-31,2026-06-02T21:34:29.000Z,,4,,,,4,10004,0,0,0.0,xslF345X06/form4.xml,PRIMARY DOCUMENT
0001341439-26-000044,2026-06-02,2026-05-31,2026-06-02T21:36:23.000Z,,4,,,,4,9573,0,0,0.0,xslF345X06/form4.xml,PRIMARY DOCUMENT
0001341439-26-000046,2026-06-02,2026-05-31,2026-06-02T21:38:48.000Z,,4,,,,4,9718,0,0,0.0,xslF345X06/form4.xml,PRIMARY DOCUMENT
0001341439-26-000048,2026-06-02,2026-05-31,2026-06-02T21:41:39.000Z,,4,,,,4,12544,0,0,0.0,xslF345X06/form4.xml,PRIMARY DOCUMENT
0001341439-26-000050,2026-06-02,2026-05-31,2026-06-02T21:43:38.000Z,,4,,,,4,5316,0,0,0.0,xslF345X06/form4.xml,PRIMARY DOCUMENT
0001341439-26-000052,2026-06-02,2026-05-31,2026-06-02T21:46:04.000Z,,4,,,,4,9661,0,0,0.0,xslF345X06/form4.xml,PRIMARY DOCUMENT
0001341439-26-000054,2026-06-02,2026-05-31,2026-06-02T21:48:16.000Z,,4,,,,4,5322,0,0,0.0,xslF345X06/form4.xml,PRIMARY DOCUMENT
0001193125-26-265848,2026-06-10,2026-06-10,2026-06-10T20:13:46.000Z,34,8-K,001-35992,261079809,"2.02,8.01,9.01",XBRL,2228576,1,1,0.0,orcl-20260610.htm,8-K
0001193125-26-277521,2026-06-22,2026-05-31,2026-06-22T20:12:40.000Z,34,10-K,001-35992,261107177,,XBRL,28868578,1,1,1.0,orcl-20260531.htm,10-K
0001193125-26-278585,2026-06-23,,2026-06-23T12:52:53.000Z,33,424B5,333-277990,261109059,,424B5,93107,0,0,0.0,d120346d424b5.htm,424B5
0001959173-26-004824,2026-06-23,,2026-06-23T16:07:31.000Z,33,144,001-35992,261109817,,144,5315,0,0,0.0,xsl144X01/primary_doc.xml,
0001950047-26-006460,2026-06-24,,2026-06-24T20:35:45.000Z,33,144,001-35992,261116352,,144,4830,0,0,0.0,xsl144X01/primary_doc.xml,
0001341439-26-000064,2026-06-26,2026-06-24,2026-06-26T20:52:25.000Z,,4,,,,4,29966,0,0,0.0,xslF345X06/form4.xml,PRIMARY DOCUMENT
0001341439-26-000066,2026-07-28,2026-07-24,2026-07-28T20:43:08.000Z,,4,,,,4,5582,0,0,0.0,xslF345X06/form4.xml,PRIMARY DOCUMENT
0001193125-26-387905,2026-09-10,2026-09-10,2026-09-10T20:16:50.000Z,34,8-K,001-35992,261371298,"2.02,8.01,9.01",XBRL,1577477,1,1,0.0,orcl-20260910.htm,8-K
0001193125-26-389274,2026-09-11,2026-08-31,2026-09-11T20:10:12.000Z,34,10-Q,001-35992,261374468,,XBRL,10806151,1,1,1.0,orcl-20260831.htm,10-Q
0001193125-26-389753,2026-09-14,2026-09-12,2026-09-14T10:01:59.000Z,34,8-K,001-35992,261375717,"8.01,9.01",XBRL,184196,1,1,0.0,d20034d8k.htm,8-K
0001959173-26-006996,2026-09-16,,2026-09-16T13:35:51.000Z,33,144,001-35992,261382574,,144,4422,0,0,0.0,xsl144X01/primary_doc.xml,
0001341439-26-000079,2026-09-17,2026-09-15,2026-09-18T00:19:21.000Z,,4,,,,4,10189,0,0,0.0,xslF345X06/form4.xml,PRIMARY DOCUMENT
0001341439-26-000080,2026-09-17,2026-09-15,2026-09-18T00:20:38.000Z,,4,,,,4,8529,0,0,0.0,xslF345X06/form4.xml,PRIMARY DOCUMENT
0001341439-26-000081,2026-09-17,2026-09-15,2026-09-18T00:22:32.000Z,,4,,,,4,8528,0,0,0.0,xslF345X06/form4.xml,PRIMARY DOCUMENT
0001341439-26-000082,2026-09-17,2026-09-15,2026-09-18T00:23:59.000Z,,4,,,,4,8685,0,0,0.0,xslF345X06/form4.xml,PRIMARY DOCUMENT
0001341439-26-000083,2026-09-17,2026-09-15,2026-09-18T00:25:22.000Z,,4,,,,4,11014,0,0,0.0,xslF345X06/form4.xml,PRIMARY DOCUMENT
0001341439-26-000084,2026-09-17,2026-09-15,2026-09-18T00:26:42.000Z,,4,,,,4,8530,0,0,0.0,xslF345X06/form4.xml,PRIMARY DOCUMENT
0001959173-26-007068,2026-09-22,,2026-09-22T14:39:25.000Z,33,144,001-35992,261395571,,144,5537,0,0,0.0,xsl144X01/primary_doc.xml,
0001959173-26-007070,2026-09-22,,2026-09-22T15:51:24.000Z,33,144,001-35992,261395842,,144,4267,0,0,0.0,xsl144X01/primary_doc.xml,
0001341439-26-000086,2026-09-23,2026-09-19,2026-09-23T23:06:56.000Z,,4,,,,4,15364,0,0,0.0,xslF345X06/form4.xml,PRIMARY DOCUMENT
0001341439-26-000088,2026-09-23,2026-09-19,2026-09-23T23:09:53.000Z,,4,,,,4,13469,0,0,0.0,xslF345X06/form4.xml,PRIMARY DOCUMENT
0001341439-26-000090,2026-09-23,2026-09-19,2026-09-23T23:12:27.000Z,,4,,,,4,8528,0,0,0.0,xslF345X06/form4.xml,PRIMARY DOCUMENT
0001341439-26-000092,2026-09-23,2026-09-19,2026-09-23T23:15:23.000Z,,4,,,,4,13455,0,0,0.0,xslF345X06/form4.xml,PRIMARY DOCUMENT
0001341439-26-000094,2026-09-23,2026-09-19,2026-09-23T23:19:32.000Z,,4,,,,4,15730,0,0,0.0,xslF345X06/form4.xml,PRIMARY DOCUMENT
0001341439-26-000096,2026-09-23,2026-09-19,2026-09-23T23:22:27.000Z,,4,,,,4,14889,0,0,0.0,xslF345X06/form4.xml,PRIMARY DOCUMENT
0001193125-26-402816,2026-09-25,2026-11-18,2026-09-25T20:05:43.000Z,34,DEF 14A,001-35992,261410390,,XBRL,24450356,1,1,0.0,orcl-20260925.htm,DEF 14A
0001193125-26-402831,2026-09-25,,2026-09-25T20:10:06.000Z,34,DEFA14A,001-35992,261410471,,DEFA14A,19558071,0,0,0.0,orcl-defa14a-2026_notice.htm,DEFA14A
