accessionNumber,filingDate,reportDate,acceptanceDateTime,act,form,fileNumber,filmNumber,items,core_type,size,isXBRL,isInlineXBRL,isXBRLNumeric,primaryDocument,primaryDocDescription
0000723254-94-000001,1994-01-12,1993-11-30,1994-01-12T05:00:00.000Z,,10-Q,000-11399,94501157,,10-Q,22237,0,0,,,2ND QTR 93 10-Q
0000900647-94-000003,1994-02-14,,1994-02-11T23:19:01.000Z,,SC 13G/A,005-35960,94506722,,,1702,0,0,,,
0000902358-94-000001,1994-02-14,,1994-02-11T23:21:28.000Z,,SC 13G/A,005-35960,94506723,,,1702,0,0,,,
0000950128-94-000016,1994-02-14,,1994-02-14T05:00:00.000Z,,SC 13G,005-35960,94507188,,SC 13G,10809,0,0,,,PNC 13G FOR CINTAS CORP.
0000900647-94-000004,1994-02-14,,1994-02-14T15:52:34.000Z,,SC 13G/A,005-35960,94507063,,,1719,0,0,,,
0000950128-94-000041,1994-02-24,,1994-02-24T05:00:00.000Z,,SC 13G/A,005-35960,94512285,,SC 13G/A,10210,0,0,,,CINTAS CORP.
0000723254-94-000002,1994-04-14,1994-02-28,1994-04-14T04:00:00.000Z,,10-Q,000-11399,94522744,,10-Q,22160,0,0,,,THIRD QUARTER 10-Q
0000723254-94-000004,1994-04-14,1994-02-28,1994-04-14T04:00:00.000Z,,10-Q/A,000-11399,94522784,,10-Q/A,22135,0,0,,,
0000723254-94-000005,1994-08-15,1994-05-31,1994-08-15T04:00:00.000Z,,PRE 14A,000-11399,94543928,,PRE 14A,79551,0,0,,,PRELIMINARY PROXY
0000723254-94-000006,1994-08-26,1994-10-13,1994-08-26T04:00:00.000Z,,DEF 14A,000-11399,94546510,,DEF 14A,82698,0,0,,,FINALPROXY
0000723254-94-000007,1994-08-29,1994-05-31,1994-08-29T04:00:00.000Z,,10-K,000-11399,94547051,,10-K,121520,0,0,,,10-KFINAL
0000723254-94-000008,1994-10-14,1994-08-31,1994-10-14T04:00:00.000Z,,10-Q,000-11399,94552662,,10-Q,26487,0,0,,,
0000950152-94-001057,1994-10-26,,1994-10-26T04:00:00.000Z,,S-3,033-85376,00000000,,S-3,29021,0,0,,,CINTAS  CORPORATION S-3
0000892251-94-000017,1994-11-22,,1994-11-22T05:00:00.000Z,,424B3,033-85376,94561478,,424B3,12553,0,0,,,
0000892251-94-000019,1994-11-28,,1994-11-28T05:00:00.000Z,,S-8,033-56623,94562192,,S-8,92654,0,0,,,
0000723254-94-000009,1994-12-06,1994-02-28,1994-12-06T05:00:00.000Z,,10-Q/A,000-11399,94563527,,10-Q/A,3458,0,0,,,
0000723254-94-000010,1994-12-14,1994-08-31,1994-12-14T05:00:00.000Z,,10-Q/A,000-11399,94564757,,10-Q/A,6587,0,0,,,
0000723254-95-000001,1995-01-13,1994-11-30,1995-01-13T05:00:00.000Z,,10-Q,000-11399,95501361,,10-Q,27218,0,0,,,
0000723254-95-000002,1995-02-13,,1995-02-13T18:18:01.000Z,,SC 13G/A,005-35960,95509226,,SC 13G,8346,0,0,,,
0000723254-95-000003,1995-02-13,,1995-02-13T18:21:54.000Z,,SC 13G/A,005-35960,95509233,,SC 13G,8180,0,0,,,
0000892251-95-000018,1995-02-15,,1995-02-15T05:00:00.000Z,,S-3,033-57721,95511534,,S-3,28606,0,0,,,
0000892251-95-000022,1995-03-02,,1995-03-02T05:00:00.000Z,,424B3,033-57721,95517874,,424B3,13384,0,0,,,
0000723254-95-000004,1995-04-14,1995-02-28,1995-04-14T04:00:00.000Z,,10-Q,000-11399,95528925,,10-Q,26004,0,0,,,
0000723254-95-000005,1995-08-25,1995-10-19,1995-08-25T04:00:00.000Z,,DEF 14A,000-11399,95567252,,DEF 14A,75504,0,0,,,
0000723254-95-000006,1995-08-29,1995-05-31,1995-08-29T04:00:00.000Z,,10-K,000-11399,95568625,,10-K,93965,0,0,,,
0000723254-95-000007,1995-09-06,1995-05-31,1995-09-06T04:00:00.000Z,,10-K/A,000-11399,95570467,,10-K/A,6238,0,0,,,
0000723254-95-000008,1995-10-13,1995-08-31,1995-10-13T04:00:00.000Z,,10-Q,000-11399,95580521,,10-Q,21571,0,0,,,
0000723254-96-000001,1996-01-11,1995-11-30,1996-01-11T05:00:00.000Z,,10-Q,000-11399,96502844,,10-Q,22771,0,0,,,
0000723254-96-000002,1996-02-12,,1996-02-12T19:48:18.000Z,,SC 13G/A,005-35960,96515432,,SC 13G,8379,0,0,,,
0000723254-96-000003,1996-02-12,,1996-02-12T19:53:31.000Z,,SC 13G/A,005-35960,96515439,,SC 13G,8119,0,0,,,
0000723254-96-000004,1996-04-10,1996-02-29,1996-04-10T04:00:00.000Z,,10-Q,000-11399,96545809,,10-Q,22247,0,0,,,
0000892251-96-000117,1996-08-21,,1996-08-21T04:00:00.000Z,,S-3,333-10529,96618478,,S-3,29140,0,0,,,
0000723254-96-000005,1996-08-26,1996-05-31,1996-08-26T04:00:00.000Z,,DEF 14A,000-11399,96620664,,DEF 14A,41943,0,0,,,
0000723254-96-000006,1996-08-27,,1996-08-27T04:00:00.000Z,,DEFA14A,000-11399,96621609,,DEFA14A,4174,0,0,,,
0000723254-96-000007,1996-08-28,1996-05-31,1996-08-28T04:00:00.000Z,,10-K,000-11399,96621702,,10-K,91188,0,0,,,
0000892251-96-000136,1996-09-09,,1996-09-09T04:00:00.000Z,,S-3/A,333-10529,96627217,,S-3/A,26309,0,0,,,
0000892251-96-000146,1996-09-12,,1996-09-12T04:00:00.000Z,,424B3,333-10529,96629141,,424B3,12717,0,0,,,
0000723254-96-000008,1996-10-15,1996-08-31,1996-10-15T04:00:00.000Z,,10-Q,000-11399,96642982,,10-Q,21256,0,0,,,
0000723254-97-000001,1997-01-14,1996-11-30,1997-01-14T05:00:00.000Z,,10-Q,000-11399,97505507,,10-Q,3537,0,0,,,
0000723254-97-000002,1997-01-14,1996-11-30,1997-01-14T05:00:00.000Z,,10-Q,000-11399,97505866,,10-Q,23129,0,0,,,
0000892251-97-000021,1997-02-12,,1997-02-12T05:00:00.000Z,,SC 13G/A,005-35960,97526743,,SC 13G/A,9452,0,0,,,AMENDMENT NO. 12
0000892251-97-000022,1997-02-12,,1997-02-12T05:00:00.000Z,,SC 13G/A,005-35960,97526746,,SC 13G/A,9669,0,0,,,AMENDMENT NO. 12
0000892251-97-000040,1997-03-06,,1997-03-06T05:00:00.000Z,,S-3,333-22857,97551499,,S-3,34835,0,0,,,REGISTRATION STATEMENT
0000892251-97-000041,1997-03-07,,1997-03-07T05:00:00.000Z,,S-3,333-22937,97552443,,S-3,32704,0,0,,,REGISTRATION STATEMENT
0000892251-97-000048,1997-03-25,,1997-03-25T05:00:00.000Z,,S-3,333-23865,97562081,,S-3,34164,0,0,,,MICRON-CLEAN
0000723254-97-000003,1997-04-10,1997-02-28,1997-04-10T04:00:00.000Z,,10-Q,000-11399,97577642,,10-Q,20749,0,0,,,
0000892251-97-000061,1997-04-17,,1997-04-17T04:00:00.000Z,,S-3/A,333-22937,97582784,,S-3/A,28974,0,0,,,FORM S-3 AMENDMENT - REGISTRATION STATEMENT
0000892251-97-000063,1997-04-17,,1997-04-17T04:00:00.000Z,,S-3/A,333-22857,97582855,,S-3/A,32592,0,0,,,AMENDMENT NO. 1 TO FORM S-3
0000892251-97-000078,1997-05-01,1996-05-31,1997-05-01T04:00:00.000Z,,10-K/A,000-11399,97592862,,10-K/A,81578,0,0,,,10-K/A
0000892251-97-000079,1997-05-01,,1997-05-01T04:00:00.000Z,,S-3/A,333-22937,97592915,,S-3/A,28819,0,0,,,REGISTRATION STATEMENT AMENDMENT 2
0000892251-97-000080,1997-05-01,,1997-05-01T04:00:00.000Z,,S-3/A,333-22937,97592917,,S-3/A,30631,0,0,,,REGISTRATION STATEMENT AMENDMENT 2
0000892251-97-000083,1997-05-02,,1997-05-02T04:00:00.000Z,,POS AM,333-10529,97594423,,S-3/A,31045,0,0,,,REGISTRATION STATEMENT POST-EFFECTIVE AMENDMENT 1
0000892251-97-000084,1997-05-02,,1997-05-02T04:00:00.000Z,,S-3/A,333-23865,97594424,,S-3/A,29969,0,0,,,REGISTRATION STATEMENT AMENDMENT 1
0000892251-97-000085,1997-05-02,,1997-05-02T04:00:00.000Z,,S-3/A,333-22937,97594427,,S-3/A,28801,0,0,,,REGISTRATION STATEMENT AMENDMENT 3
0000892251-97-000086,1997-05-02,,1997-05-02T04:00:00.000Z,,S-3/A,333-22857,97594428,,S-3/A,30612,0,0,,,REGISTRATION STATEMENT AMENDMENT 3
0000892251-97-000090,1997-05-14,,1997-05-14T04:00:00.000Z,,424B3,333-10529,97603594,,424B3,15876,0,0,,,PROSPECTUS
0000892251-97-000109,1997-06-23,,1997-06-23T04:00:00.000Z,,S-3,333-29821,97628279,,S-3,31575,0,0,,,S-3 FOR CINTAS CORPORATION
0000892251-97-000117,1997-07-30,,1997-07-30T04:00:00.000Z,,424B3,333-29821,97647999,,424B3,13642,0,0,,,424B3 FILING FOR CINTAS CORPORATION
0000892251-97-000124,1997-08-01,,1997-08-01T04:00:00.000Z,,S-3,333-32641,97650048,,S-3,32749,0,0,,,FORM S-3 FOR CINTAS CORPORATION
0000892251-97-000141,1997-08-22,,1997-08-22T04:00:00.000Z,,S-3,333-34233,97668566,,S-3,33057,0,0,,,FORM S-3 FOR CINTAS CORPORATION
0000892251-97-000145,1997-08-27,1997-05-31,1997-08-27T04:00:00.000Z,,10-K,000-11399,97670754,,10-K,110338,0,0,,,CINTAS CORPORATION FORM 10-K
0000892251-97-000147,1997-08-28,,1997-08-28T04:00:00.000Z,,S-3,333-34523,97671839,,S-3,31720,0,0,,,REGISTRATION STATEMENT
0000892251-97-000154,1997-09-11,,1997-09-11T04:00:00.000Z,,S-3,333-35453,97679193,,S-3,31841,0,0,,,S-3 REGISTRATION STATEMENT
0000892251-97-000157,1997-09-12,1997-09-12,1997-09-12T04:00:00.000Z,,DEF 14A,000-11399,97679299,,DEF 14A,49249,0,0,,,PROXY STATEMENT FOR CINTAS CORPORATION
0000892251-97-000161,1997-09-16,,1997-09-16T04:00:00.000Z,,S-3/A,333-35453,97681164,,S-3/A,28849,0,0,,,AMENDMENT NO. 1 TO FORM S-3
0000892251-97-000162,1997-09-16,,1997-09-16T04:00:00.000Z,,S-3/A,333-34523,97681198,,S-3/A,29327,0,0,,,AMENDMENT NO. 1 TO FORM S-3 REGISTRATION STATEMENT
0000892251-97-000166,1997-09-17,,1997-09-17T04:00:00.000Z,,424B3,333-34233,97681510,,424B3,14730,0,0,,,PROSPECTUS
0000892251-97-000167,1997-09-17,,1997-09-17T04:00:00.000Z,,424B3,333-32641,97681512,,424B3,14051,0,0,,,PROSPECTUS
0000892251-97-000168,1997-09-17,,1997-09-17T04:00:00.000Z,,424B3,333-34523,97681513,,424B3,14419,0,0,,,PROSPECTUS
0000892251-97-000176,1997-09-22,,1997-09-22T04:00:00.000Z,,S-3,333-36139,97683929,,S-3,31902,0,0,,,FORM S-3 FOR CINTAS CORPORATION
0000892251-97-000179,1997-09-23,,1997-09-23T04:00:00.000Z,,S-3,333-36165,97684130,,S-3,32206,0,0,,,FORM S-3 FOR CINTAS CORPORATION
0000892251-97-000180,1997-09-23,,1997-09-23T04:00:00.000Z,,S-3,333-36167,97684134,,S-3,31838,0,0,,,FORM S-3 FOR CINTAS CORPORATION
0000892251-97-000182,1997-09-24,,1997-09-24T04:00:00.000Z,,424B3,333-35453,97684622,,424B3,13924,0,0,,,PROSPECTUS
0000892251-97-000186,1997-09-26,,1997-09-26T04:00:00.000Z,,424B3,333-36167,97685984,,424B3,13977,0,0,,,PROSPECTUS
0000892251-97-000187,1997-09-26,,1997-09-26T04:00:00.000Z,,424B3,333-36165,97685985,,424B3,14554,0,0,,,PROSPECTUS
0000892251-97-000188,1997-09-26,,1997-09-26T04:00:00.000Z,,424B3,333-36139,97685986,,424B3,14044,0,0,,,PROSPECTUS
0000892251-97-000195,1997-10-08,,1997-10-08T04:00:00.000Z,,424B3,333-36165,97692214,,424B3,14543,0,0,,,424B3 FILING FOR CINTAS CORPORATION
0000892251-97-000198,1997-10-09,1997-08-31,1997-10-09T04:00:00.000Z,,10-Q,000-11399,97692898,,10-Q,22837,0,0,,,CINTAS CORPORATION 10-Q
0000892251-97-000203,1997-11-18,,1997-11-18T05:00:00.000Z,,S-3,333-40453,97723554,,S-3,31710,0,0,,,FORMS S-3 REGISTRATION STATEMENT
0000892251-97-000211,1997-12-02,,1997-12-02T05:00:00.000Z,,S-3,333-41377,97731496,,S-3,31577,0,0,,,FORM S-3 REGISTRATION STATEMENT
0000892251-97-000246,1997-12-16,,1997-12-16T05:00:00.000Z,,424B3,333-41377,97738961,,424B3,13983,0,0,,,424B3 FILING FOR CINTAS CORPORATION
0000892251-97-000247,1997-12-16,,1997-12-16T05:00:00.000Z,,424B3,333-40453,97738963,,424B3,14151,0,0,,,424B3 FILING FOR CINTAS CORPORATION
0000892251-97-000278,1997-12-30,1997-11-30,1997-12-30T05:00:00.000Z,,10-Q,000-11399,97746105,,10-Q,23361,0,0,,,FORM 10-Q - QUARTERLY REPORT
0000892251-98-000002,1998-01-05,,1998-01-05T05:00:00.000Z,,424B3,333-40453,98500614,,424B3,14080,0,0,,,424B3 FILING FOR CINTAS CORPORATION
0000892251-98-000009,1998-01-07,,1998-01-07T05:00:00.000Z,,424B3,333-40453,98502124,,424B3,14147,0,0,,,PROSPECTUS
0000892251-98-000012,1998-01-12,,1998-01-12T05:00:00.000Z,,S-3,333-44115,98505184,,S-3,32200,0,0,,,FORM S-3 REGISTRATION STATEMENT
0000892251-98-000016,1998-01-16,,1998-01-16T05:00:00.000Z,,S-3,333-44381,98508212,,S-3,35365,0,0,,,CINTAS CORPORATION FORM S-3
0000892251-98-000022,1998-01-27,,1998-01-27T05:00:00.000Z,,S-3,333-44987,98514144,,S-3,32222,0,0,,,FORM S-3 REGISTRATION STATEMENT
0000892251-98-000026,1998-01-30,,1998-01-30T05:00:00.000Z,,SC 13G,005-35960,98517886,,SC 13G,9094,0,0,,,SCHEDULE 13G
0000892251-98-000036,1998-02-02,,1998-02-02T05:00:00.000Z,,SC 13G/A,005-35960,98519607,,SC 13G/A,9827,0,0,,,AMENDMENT NO. 13
0000892251-98-000067,1998-02-13,,1998-02-13T05:00:00.000Z,,S-3,333-46251,98537045,,S-3,32400,0,0,,,REGISTRATION STATEMENT FORM S-3
0000892251-98-000068,1998-02-13,,1998-02-13T05:00:00.000Z,,S-3,333-46253,98537056,,S-3,33556,0,0,,,REGISTRATION STATEMENT FORM S-3
0000892251-98-000080,1998-03-03,,1998-03-03T05:00:00.000Z,,S-3,333-47211,98556423,,S-3,32176,0,0,,,FORM S-3 REGISTRATION STATEMENT
0000892251-98-000100,1998-03-13,,1998-03-13T05:00:00.000Z,,424B3,333-46251,98565156,,424B3,14212,0,0,,,PROSPECTUS FILED PURSUANT TO RULE 424(B)(3)
0000892251-98-000101,1998-03-13,,1998-03-13T05:00:00.000Z,,424B3,333-46253,98565171,,424B3,15316,0,0,,,PROSPECTUS FILED PURSUANT TO RULE 424(B)(3)
0000892251-98-000102,1998-03-13,,1998-03-13T05:00:00.000Z,,424B3,333-44381,98565174,,424B3,17318,0,0,,,PROSPECTUS FILED PURSUANT TO RULE 424(B)(3)
0000892251-98-000103,1998-03-13,,1998-03-13T05:00:00.000Z,,424B3,333-44115,98565178,,424B3,14565,0,0,,,PROSPECTUS FILED PURSUANT TO RULE 424(B)(3)
0000892251-98-000104,1998-03-13,,1998-03-13T05:00:00.000Z,,424B3,333-47211,98565187,,424B3,14014,0,0,,,PROSPECTUS FILED PURSUANT TO RULE 424(B)(3)
0000892251-98-000105,1998-03-13,,1998-03-13T05:00:00.000Z,,424B3,333-44987,98565190,,424B3,14326,0,0,,,PROSPECTUS FILED PURSUANT TO RULE 424(B)(3)
0000892251-98-000107,1998-03-17,,1998-03-17T05:00:00.000Z,,S-3,333-48075,98567121,,S-3,32199,0,0,,,FORM S-3 REGISTRATION STATEMENT
0000892251-98-000112,1998-03-18,,1998-03-18T05:00:00.000Z,,424B3,333-48075,98567993,,424B3,14334,0,0,,,PROSPECTUS FILED PURSUANT TO RULE 424(B)(3)
0000892251-98-000114,1998-03-20,,1998-03-20T05:00:00.000Z,,S-3,333-48409,98570432,,S-3,31728,0,0,,,FORM S-3 REGISTRATION STATEMENT
0000892251-98-000117,1998-03-25,1998-02-28,1998-03-25T05:00:00.000Z,,10-Q,000-11399,98572676,,10-Q,29579,0,0,,,"FROM 10-Q FOR THE QUARTER ENDED FEBRUARY 28, 1998"
0000892251-98-000119,1998-03-26,,1998-03-26T05:00:00.000Z,,S-3,333-48709,98574637,,S-3,32794,0,0,,,FORM S-3 REGISTRATION STATEMENT
0000892251-98-000121,1998-03-27,,1998-03-27T05:00:00.000Z,,S-3,333-48827,98577259,,S-3,32281,0,0,,,FORM S-3 REGISTRATION STATEMENT
0000892251-98-000128,1998-04-15,,1998-04-15T04:00:00.000Z,,S-3,333-50195,98594867,,S-3,32501,0,0,,,S-3 REGISTRATION STATEMENT FOR CINTAS CORPORATION
0000892251-98-000132,1998-04-23,,1998-04-23T04:00:00.000Z,,S-3,333-50821,98599676,,S-3,38046,0,0,,,FORM S-3 REGISTRATION STATEMENT
0000950152-98-003510,1998-04-23,1998-04-08,1998-04-23T04:00:00.000Z,,8-K,000-11399,98599660,"2,7",8-K,193616,0,0,,,CINTAS CORPORATION      8-K
0000892251-98-000145,1998-05-12,,1998-05-12T04:00:00.000Z,,S-3,333-52427,98616772,,S-3,36285,0,0,,,FORM S-3 REGISTRATION STATEMENT
0000892251-98-000150,1998-05-19,,1998-05-19T04:00:00.000Z,,S-3,333-53013,98627903,,S-3,35924,0,0,,,FORM S-3 REGISTRATION STATEMENT
0000892251-98-000151,1998-05-19,,1998-05-19T04:00:00.000Z,,S-3,333-53015,98627906,,S-3,35956,0,0,,,FORM S-3 REGISTRATION STATEMENT
0000892251-98-000156,1998-05-21,,1998-05-21T04:00:00.000Z,,S-3,333-53271,98629716,,S-3,35662,0,0,,,FORM S-3 REGISTRATION STATEMENT
0000892251-98-000157,1998-05-21,,1998-05-21T04:00:00.000Z,,S-3,333-53273,98629717,,S-3,36276,0,0,,,FORM S-3 FOR CINTAS CORPORATION
0000892251-98-000158,1998-05-21,,1998-05-21T04:00:00.000Z,,S-3,333-53275,98629721,,S-3,36544,0,0,,,FORM S-3 FOR CINTAS CORPORATION
0000892251-98-000159,1998-05-21,,1998-05-21T04:00:00.000Z,,S-3,333-53277,98629722,,S-3,36325,0,0,,,FORM S-3 REGISTRATION STATEMENT
0000892251-98-000162,1998-06-01,1998-04-08,1998-06-01T04:00:00.000Z,,8-K/A,000-11399,98640126,2,8-K/A,9157,0,0,,,FORM 8-K/A FOR CINTAS CORPORATION
0000892251-98-000187,1998-06-23,,1998-06-23T04:00:00.000Z,,S-3,333-57537,98652828,,S-3,36214,0,0,,,FORM S-3 REGISTRATION STATEMENT
0000892251-98-000188,1998-06-23,,1998-06-23T04:00:00.000Z,,S-3,333-57539,98652830,,S-3,35958,0,0,,,FORM S-3 REGISTRATION STATEMENT
0000892251-98-000235,1998-07-09,,1998-07-09T04:00:00.000Z,,424B3,333-53273,98662592,,424B3,18358,0,0,,,PROSPECTUS
0000892251-98-000236,1998-07-09,,1998-07-09T04:00:00.000Z,,424B3,333-53275,98662595,,424B3,18633,0,0,,,PROSPECTUS
0000892251-98-000237,1998-07-09,,1998-07-09T04:00:00.000Z,,424B3,333-53271,98662597,,424B3,18291,0,0,,,PROSPECTUS
0000892251-98-000238,1998-07-09,,1998-07-09T04:00:00.000Z,,424B3,333-53277,98662598,,424B3,18600,0,0,,,PROSPECTUS
0000892251-98-000239,1998-07-09,,1998-07-09T04:00:00.000Z,,424B3,333-50195,98662603,,424B3,14297,0,0,,,PROSPECTUS
0000892251-98-000240,1998-07-09,,1998-07-09T04:00:00.000Z,,424B3,333-52427,98662608,,424B3,18355,0,0,,,PROSPECTUS
0000892251-98-000241,1998-07-09,,1998-07-09T04:00:00.000Z,,424B3,333-50821,98662611,,424B3,20185,0,0,,,PROSPECTUS
0000892251-98-000242,1998-07-09,,1998-07-09T04:00:00.000Z,,424B3,333-53015,98662615,,424B3,18028,0,0,,,PROSPECTUS
0000892251-98-000243,1998-07-09,,1998-07-09T04:00:00.000Z,,424B3,333-48827,98662618,,424B3,14614,0,0,,,PROSPECTUS
0000892251-98-000244,1998-07-09,,1998-07-09T04:00:00.000Z,,424B3,333-48709,98662624,,424B3,15385,0,0,,,PROSPECTUS
0000892251-98-000245,1998-07-09,,1998-07-09T04:00:00.000Z,,424B3,333-48409,98662627,,424B3,14329,0,0,,,PROSPECTUS
0000892251-98-000246,1998-07-09,,1998-07-09T04:00:00.000Z,,424B3,333-53013,98662629,,424B3,18384,0,0,,,PROSPECTUS
0000892251-98-000261,1998-08-18,1998-08-31,1998-08-18T04:00:00.000Z,,PRE 14A,000-11399,98693712,,DEF 14A,47070,0,0,,,PROXY STATEMENT
0000892251-98-000270,1998-08-28,1998-05-31,1998-08-28T04:00:00.000Z,,10-K,000-11399,98700326,,10-K,124916,0,0,,,ANNUAL REPORT
0000892251-98-000271,1998-08-28,,1998-08-28T04:00:00.000Z,,S-3,333-62451,98700622,,S-3,36386,0,0,,,FORM S-3 REGISTRATION STATEMENT
0000892251-98-000272,1998-08-28,,1998-08-28T04:00:00.000Z,,S-3,333-62453,98700626,,S-3,36056,0,0,,,REGISTRATION STATEMENT
0000892251-98-000273,1998-08-28,,1998-08-28T04:00:00.000Z,,S-3,333-62455,98700632,,S-3,36711,0,0,,,FORM S-3 REGISTRATION STATEMENT
0000892251-98-000274,1998-08-28,,1998-08-28T04:00:00.000Z,,S-3,333-62457,98700634,,S-3,36167,0,0,,,REGISTRATION STATEMENT
0000892251-98-000275,1998-08-28,,1998-08-28T04:00:00.000Z,,S-3,333-62447,98700599,,S-3,36649,0,0,,,FORM S-3 REGISTRATION STATEMENT
0000892251-98-000276,1998-08-28,,1998-08-28T04:00:00.000Z,,S-3,333-62449,98700601,,S-3,36668,0,0,,,FORM S-3 REGISTRATION STATEMENT
0000892251-98-000278,1998-08-31,1998-08-31,1998-08-31T04:00:00.000Z,,DEF 14A,000-11399,98701739,,DEF 14A,47560,0,0,,,PROXY STATEMENT
0000892251-98-000291,1998-09-15,,1998-09-15T04:00:00.000Z,,424B3,333-57537,98709454,,424B3,18272,0,0,,,PROSPECTUS
0000892251-98-000292,1998-09-15,,1998-09-15T04:00:00.000Z,,424B3,333-62457,98709456,,424B3,18238,0,0,,,PROSPECTUS
0000892251-98-000293,1998-09-15,,1998-09-15T04:00:00.000Z,,424B3,333-62453,98709481,,424B3,18254,0,0,,,PROSPECTUS
0000892251-98-000294,1998-09-15,,1998-09-15T04:00:00.000Z,,424B3,333-57539,98709487,,424B3,17911,0,0,,,PROSPECTUS
0000892251-98-000295,1998-09-15,,1998-09-15T04:00:00.000Z,,424B3,333-62449,98709494,,424B3,18506,0,0,,,PROSPECTUS
0000892251-98-000296,1998-09-15,,1998-09-15T04:00:00.000Z,,424B3,333-62447,98709498,,424B3,18288,0,0,,,PROSPECTUS
0000892251-98-000297,1998-09-15,,1998-09-15T04:00:00.000Z,,424B3,333-62455,98709500,,424B3,18308,0,0,,,PROSPECTUS
0000892251-98-000298,1998-09-15,,1998-09-15T04:00:00.000Z,,424B3,333-62451,98709501,,424B3,17916,0,0,,,PROSPECTUS
0000892251-98-000309,1998-09-23,,1998-09-23T04:00:00.000Z,,424B3,333-62449,98713241,,424B3,2826,0,0,,,PROSPECTUS SUPPLEMENT
0000892251-98-000310,1998-09-23,,1998-09-23T04:00:00.000Z,,S-3,333-64053,98713242,,S-3,36086,0,0,,,REGISTRATION STATEMENT FORM S-3
0000892251-98-000311,1998-09-23,,1998-09-23T04:00:00.000Z,,S-3,333-64055,98713244,,S-3,35826,0,0,,,FORM S-3 REGISTRATION STATEMENT
0000892251-98-000312,1998-09-23,,1998-09-23T04:00:00.000Z,,S-3,333-64057,98713245,,S-3,36202,0,0,,,REGISTRATION STATEMENT FORM S-3
0000892251-98-000313,1998-09-23,,1998-09-23T04:00:00.000Z,,S-3,333-64059,98713247,,S-3,35863,0,0,,,FORM S-3 REGISTRATION STATEMENT
0000892251-98-000320,1998-10-13,1998-08-31,1998-10-13T04:00:00.000Z,,10-Q,000-11399,98724295,,10-Q,29178,0,0,,,"FROM 10-Q FOR THE QUARTER ENDED AUGUST 31, 1998"
0000892251-98-000324,1998-10-15,,1998-10-15T04:00:00.000Z,,S-3,333-65707,98726017,,S-3,35865,0,0,,,REGISTRATION STATEMENT
0000892251-98-000341,1998-11-17,,1998-11-17T05:00:00.000Z,,S-3,333-67411,98753978,,S-3,35880,0,0,,,REGISTRATION STATEMENT FORM S-3
0000892251-98-000342,1998-11-17,,1998-11-17T05:00:00.000Z,,S-3,333-67413,98753984,,S-3,36087,0,0,,,REGISTRATION STATEMENT FORM S-3
0000892251-98-000343,1998-11-17,,1998-11-17T05:00:00.000Z,,S-3,333-67415,98753987,,S-3,36533,0,0,,,REGISTRATION STATEMENT FORM S-3
0000892251-98-000344,1998-11-17,,1998-11-17T05:00:00.000Z,,S-3,333-67419,98754022,,S-3,36064,0,0,,,REGISTRATION STATEMENT FORM S-3
0000892251-98-000345,1998-11-17,,1998-11-17T05:00:00.000Z,,S-3,333-67417,98753993,,S-3,36087,0,0,,,REGISTRATION STATEMENT FORM S-3
0000892251-98-000356,1998-12-01,,1998-12-01T05:00:00.000Z,,S-3,333-68149,98762060,,S-3,36349,0,0,,,REGISTRATION STATEMENT
0000892251-98-000357,1998-12-01,,1998-12-01T05:00:00.000Z,,S-3,333-68151,98762064,,S-3,35662,0,0,,,REGISTRATION STATEMENT
0000892251-98-000390,1998-12-15,,1998-12-15T05:00:00.000Z,,424B3,333-64053,98769360,,424B3,18153,0,0,,,PROSPECTUS
0000892251-98-000391,1998-12-15,,1998-12-15T05:00:00.000Z,,424B3,333-67419,98769362,,424B3,18286,0,0,,,PROSPECTUS
0000892251-98-000392,1998-12-15,,1998-12-15T05:00:00.000Z,,424B3,333-67417,98769366,,424B3,18403,0,0,,,PROSPECTUS
0000892251-98-000393,1998-12-15,,1998-12-15T05:00:00.000Z,,424B3,333-67413,98769367,,424B3,18451,0,0,,,PROSPECTUS
0000892251-98-000395,1998-12-15,,1998-12-15T05:00:00.000Z,,424B3,333-67411,98769370,,424B3,18400,0,0,,,PROSPECTUS
0000892251-98-000396,1998-12-15,,1998-12-15T05:00:00.000Z,,424B3,333-67415,98769371,,424B3,18791,0,0,,,PROSPECTUS
0000892251-98-000397,1998-12-15,,1998-12-15T05:00:00.000Z,,424B3,333-65707,98769375,,424B3,18238,0,0,,,PROSPECTUS
0000892251-98-000398,1998-12-15,,1998-12-15T05:00:00.000Z,,424B3,333-64057,98769379,,424B3,18472,0,0,,,PROSPECTUS
0000892251-98-000399,1998-12-15,,1998-12-15T05:00:00.000Z,,424B3,333-64059,98769380,,424B3,18131,0,0,,,PROSPECTUS
0000892251-98-000401,1998-12-15,,1998-12-15T05:00:00.000Z,,S-3,333-68925,98769671,,S-3,36159,0,0,,,REGISTRATION STATEMENT
0000892251-98-000402,1998-12-15,,1998-12-15T05:00:00.000Z,,424B3,333-64055,98769972,,424B3,18351,0,0,,,PROSPECTUS
0000892251-98-000412,1998-12-30,1998-11-30,1998-12-30T05:00:00.000Z,,10-Q,000-11399,98778541,,10-Q,31900,0,0,,,FORM 10-Q
0000892251-98-000413,1998-12-31,,1998-12-31T05:00:00.000Z,,424B3,333-68149,98779370,,424B3,18836,0,0,,,PROSPECTUS
0000892251-99-000004,1999-01-07,,1999-01-07T05:00:00.000Z,,424B3,333-67415,99501877,,424B3,2794,0,0,,,PROSPECTUS SUPPLEMENT
0000892251-99-000010,1999-01-14,1999-01-11,1999-01-14T05:00:00.000Z,,8-K,000-11399,99506047,"5,7",8-K,9303,0,0,,,FORM 8-K FOR CINTAS CORPORATION
0000892251-99-000012,1999-01-22,,1999-01-22T05:00:00.000Z,,424B3,333-67415,99509696,,424B3,2800,0,0,,,PROSPECTUS SUPPLEMENT
0000766524-99-000060,1999-02-04,,1999-02-04T05:00:00.000Z,,SC 13G,005-35960,99521436,,SC 13G,20390,0,0,,,5% MONTHLY HOLDINGS REPORT
0000892251-99-000019,1999-02-10,,1999-02-10T05:00:00.000Z,,SC 13G/A,005-35960,99527709,,SC 13G,9384,0,0,,,SCHEDUE 13G
0000950152-99-001147,1999-02-16,,1999-02-16T05:00:00.000Z,,S-4,333-72457,99543649,,S-4,447572,0,0,,,CINTAS CORPORATION      FORM S-4
0000892251-99-000041,1999-02-18,,1999-02-18T05:00:00.000Z,,S-3,333-72553,99545084,,S-3,36221,0,0,,,REGISTRATION STATEMENT
0000892251-99-000042,1999-02-18,,1999-02-18T05:00:00.000Z,,S-3,333-72555,99545086,,S-3,36301,0,0,,,REGISTRATION STATEMENT
0000892251-99-000043,1999-02-18,,1999-02-18T05:00:00.000Z,,S-3,333-72559,99545089,,S-3,36179,0,0,,,REGISTRATION STATEMENT
0000892251-99-000044,1999-02-18,,1999-02-18T05:00:00.000Z,,S-3,333-72561,99545091,,S-3,36325,0,0,,,REGISTRATION STATEMENT
0000950152-99-001231,1999-02-18,,1999-02-18T05:00:00.000Z,,S-4/A,333-72457,99545430,,S-4/A,416522,0,0,,,CINTAS CORPORATION AMNDMT.#1/FILE#333-72457 S-4/A
0000950152-99-001278,1999-02-22,,1999-02-22T05:00:00.000Z,,424B3,333-72457,99547145,,424B3,396077,0,0,,,CINTAS/UNITOG                            424(B)(3)
0000892251-99-000066,1999-03-12,,1999-03-12T05:00:00.000Z,,S-3,333-74317,99564019,,S-3,44456,0,0,,,REGISTRATION STATEMENT
0000892251-99-000067,1999-03-12,,1999-03-12T05:00:00.000Z,,S-3,333-74319,99564022,,S-3,44786,0,0,,,REGISTRATION STATEMENT
0000892251-99-000068,1999-03-12,,1999-03-12T05:00:00.000Z,,S-3,333-74333,99564121,,S-3,44524,0,0,,,REGISTRATION STATEMENT
0000892251-99-000075,1999-03-15,,1999-03-15T05:00:00.000Z,,424B3,333-68151,99564828,,424B3,18493,0,0,,,424(B)(3) FILING FOR CINTAS CORPORATION
0000892251-99-000076,1999-03-15,,1999-03-15T05:00:00.000Z,,424B3,333-68925,99564830,,424B3,18495,0,0,,,424(B)(3) FILING FOR CINTAS CORPORATION
0000892251-99-000077,1999-03-15,,1999-03-15T05:00:00.000Z,,424B3,333-72559,99564831,,424B3,18293,0,0,,,424(B)(3) FILING FOR CINTAS CORPORATION
0000892251-99-000078,1999-03-15,,1999-03-15T05:00:00.000Z,,424B3,333-72553,99564834,,424B3,18558,0,0,,,424(B)(3) FILING FOR CINTAS CORPORATION
0000892251-99-000079,1999-03-15,,1999-03-15T05:00:00.000Z,,424B3,333-72555,99564836,,424B3,18569,0,0,,,424(B)(3) FILING FOR CINTAS CORPORATION
0000892251-99-000080,1999-03-15,,1999-03-15T05:00:00.000Z,,424B3,333-72561,99564838,,424B3,18570,0,0,,,424(B)(3) FILING FOR CINTAS CORPORATION
0000892251-99-000084,1999-03-22,1999-02-28,1999-03-22T05:00:00.000Z,,10-Q,333-72457,99569879,,10-Q,33807,0,0,,,FORM 10-Q FOR CINTAS CORPORATION
0000892251-99-000089,1999-03-24,,1999-03-24T05:00:00.000Z,,S-8,333-75015,99572066,,S-8,18694,0,0,,,REGISTRATION STATEMENT
0000892251-99-000104,1999-04-01,,1999-04-01T05:00:00.000Z,,424B3,333-72561,99585602,,424B3,2617,0,0,,,PROSPECTUS SUPPLEMENT
0000892251-99-000105,1999-04-01,,1999-04-01T05:00:00.000Z,,424B3,333-72559,99585612,,424B3,2589,0,0,,,PROSPECTUS SUPPLEMENT
0000892251-99-000107,1999-04-07,1999-03-24,1999-04-07T04:00:00.000Z,,8-K,333-72457,99588975,"2,7",8-K,11639,0,0,,,FORM 8-K FOR CINTAS CORPORATION
0000080255-99-000481,1999-04-13,,1999-04-13T04:00:00.000Z,,SC 13G/A,005-35960,99592332,,SC 13G/A,13505,0,0,,,
0000892251-99-000125,1999-05-07,,1999-05-07T04:00:00.000Z,,S-3,333-78057,99614248,,S-3,44454,0,0,,,FORM S-3 FOR CINTAS CORPORATION
0000892251-99-000126,1999-05-07,,1999-05-07T04:00:00.000Z,,S-4,333-78085,99614475,,S-4,46415,0,0,,,S-4 FOR CINTAS CORPORATION
0000950152-99-004126,1999-05-07,1999-03-24,1999-05-07T04:00:00.000Z,,8-K/A,333-72457,99614035,7,8-K/A,127442,0,0,,,CINTAS CORPORATION       FORM 8-K/AMENDMENT #1
0000892251-99-000133,1999-05-21,,1999-05-21T04:00:00.000Z,,S-3,333-79009,99631737,,S-3,44422,0,0,,,REGISTRATION STATEMENT
0000892251-99-000134,1999-05-21,,1999-05-21T04:00:00.000Z,,S-3/A,333-79009,99631753,,S-3,44385,0,0,,,REGISTRATION STATEMENT
0000892251-99-000146,1999-06-10,,1999-06-10T04:00:00.000Z,,S-3,333-80371,99643824,,S-3,44413,0,0,,,REGISTRATION STATEMENT
0000892251-99-000149,1999-06-17,1999-06-17,1999-06-17T04:00:00.000Z,,8-K,000-11399,99647937,"5,7",8-K,4681,0,0,,,FORM 8-K FOR CINTAS CORPORATION
0000892251-99-000153,1999-06-25,,1999-06-25T04:00:00.000Z,,S-3,333-81539,99652351,,S-3,44482,0,0,,,REGISTRATION STATEMENT
0000892251-99-000191,1999-07-09,,1999-07-09T04:00:00.000Z,,424B3,333-78057,99661273,,424B3,27359,0,0,,,REGISTRATION STATEMENT
0000892251-99-000192,1999-07-09,,1999-07-09T04:00:00.000Z,,424B3,333-74319,99661274,,424B3,27078,0,0,,,REGISTRATION STATEMENT
0000892251-99-000193,1999-07-09,,1999-07-09T04:00:00.000Z,,424B3,333-81539,99661275,,424B3,27263,0,0,,,REGISTRATION STATEMENT
0000892251-99-000194,1999-07-09,,1999-07-09T04:00:00.000Z,,424B3,333-80371,99661276,,424B3,27226,0,0,,,REGISTRATION STATEMENT
0000892251-99-000195,1999-07-09,,1999-07-09T04:00:00.000Z,,424B3,333-74317,99661277,,424B3,26780,0,0,,,REGISTRATION STATEMENT
0000892251-99-000196,1999-07-09,,1999-07-09T04:00:00.000Z,,424B3,333-74333,99661280,,424B3,26956,0,0,,,REGISTRATION STATEMENT
0000892251-99-000197,1999-07-09,,1999-07-09T04:00:00.000Z,,424B3,333-79009,99661283,,424B3,27240,0,0,,,REGISTRATION STATEMENT
0000892251-99-000226,1999-07-20,,1999-07-20T04:00:00.000Z,,424B3,333-78085,99666912,,424B3,28226,0,0,,,PROSPECTUS
0000950152-99-007187,1999-08-27,1999-05-31,1999-08-27T04:00:00.000Z,,10-K,000-11399,99701007,,10-K,160451,0,0,,,CINTAS CORPORATION                   FORM 10-K
0000892251-99-000254,1999-08-30,1999-08-31,1999-08-30T04:00:00.000Z,,DEF 14A,000-11399,99701906,,DEF 14A,47561,0,0,,,PROXY STATEMENT
0000892251-99-000296,1999-10-13,1999-08-31,1999-10-13T04:00:00.000Z,,10-Q,000-11399,99727429,,10-Q,32145,0,0,,,FORM 10-Q FOR CINTAS CORPORATION
0000892251-99-000316,1999-12-02,1999-08-31,1999-12-02T05:00:00.000Z,,10-Q/A,000-11399,99767635,,10-Q/A,7323,0,0,,,FORM 10-Q/A FOR CINTAS CORPORATION
0000892251-00-000002,2000-01-10,1999-11-30,2000-01-10T05:00:00.000Z,,10-Q,000-11399,504586,,10-Q,58546,0,0,,,"FOR THE QUARTER ENDED NOVEMBER 30, 1999"
0000892251-00-000047,2000-02-14,,2000-02-14T05:00:00.000Z,,SC 13G/A,005-35960,538652,,SC 13G/A,9946,0,0,,,SCHEDULE 13G AMENDMENT NO. 15 FOR J.A. GARDNER
0000892251-00-000048,2000-02-14,,2000-02-14T05:00:00.000Z,,SC 13G/A,005-35960,538660,,SC 13G/A,10513,0,0,,,SCHEDULE 13G AMENDMENT NO. 14 FOR J.A. GARDNER
0000892251-00-000049,2000-02-14,,2000-02-14T05:00:00.000Z,,SC 13G/A,005-35960,538665,,SC 13G/A,10062,0,0,,,SCHEDULE 13G AMENDMENT NO. 15 FOR R. T. FARMER
0000766524-00-000071,2000-02-17,,2000-02-17T05:00:00.000Z,,SC 13G/A,005-35960,548139,,SC 13G/A,20313,0,0,,,5% MONTHLY HOLDINGS REPORT
0000892251-00-000096,2000-04-07,2000-02-29,2000-04-07T04:00:00.000Z,,10-Q,000-11399,595466,,10-Q,46772,0,0,,,"FORM 10-Q FOR THE QUARTER ENDED FEBRUARY 29, 2000"
0000892251-00-000124,2000-06-14,,2000-06-14T04:00:00.000Z,,S-3,333-39382,655690,,S-3,43783,0,0,,0001.txt,REGISTRATION STATEMENT
0000892251-00-000133,2000-06-26,,2000-06-26T04:00:00.000Z,,424B3,333-39382,660823,,424B3,25388,0,0,,0001.txt,PROSPECTUS
0000892251-00-000175,2000-08-25,2000-09-05,2000-08-25T04:00:00.000Z,,PRE 14A,000-11399,710211,,PRE 14A,51523,0,0,,0001.txt,PRELIMINARY PROXY STATEMENT FOR CINTAS CORPORATION
0000892251-00-000177,2000-08-28,,2000-08-28T04:00:00.000Z,,S-8,333-44654,711219,,S-8,42792,0,0,,0001.txt,FORM S-8 REGISTRATION STATEMETN
0000912057-00-039325,2000-08-28,2000-05-31,2000-08-28T04:00:00.000Z,,10-K,000-11399,711148,,10-K,143664,0,0,,a10-k.txt,10-K
0000912057-00-040117,2000-09-05,2000-10-25,2000-09-05T04:00:00.000Z,,DEF 14A,000-11399,716547,,DEF 14A,56060,0,0,,a2024441zdef14a.txt,DEF 14A
0000892251-00-000196,2000-10-11,2000-08-31,2000-10-11T04:00:00.000Z,,10-Q,000-11399,738300,,10-Q,29033,0,0,,0001.txt,"FOR THE QUARTER ENDED AUGUST 31, 2000"
0000892251-01-000001,2001-01-03,2000-11-30,2001-01-03T05:00:00.000Z,,10-Q,000-11399,1500843,,10-Q,54248,0,0,,0001.htm,FORM 10-Q
0000892251-01-000054,2001-02-14,,2001-02-14T05:00:00.000Z,,SC 13G/A,005-35960,1540609,,SC 13G/A,13849,0,0,,0001.htm,SCHEDULE 13G AMENDMENT NO. 16
0000892251-01-000055,2001-02-14,,2001-02-14T05:00:00.000Z,,SC 13G/A,005-35960,1542325,,SC 13G/A,14022,0,0,,0001.htm,SCHEDULE 13G AMENDMENT NO. 16
0000892251-01-000077,2001-02-28,2001-02-27,2001-02-28T05:00:00.000Z,,8-K,000-11399,1556380,5,8-K,9226,0,0,,0001.htm,FORM 8-K CURRENT REPORT
0000892251-01-000105,2001-03-29,2001-02-28,2001-03-29T05:00:00.000Z,,10-Q,000-11399,1584209,,10-Q,31061,0,0,,0001.htm,FORM 10-Q
0000892251-01-000107,2001-03-30,,2001-03-30T05:00:00.000Z,,S-3,333-57950,1586146,,S-3,44771,0,0,,0001.htm,REGISTRATION STATEMENT
0000892251-01-500015,2001-04-25,,2001-04-25T04:00:00.000Z,,424B3,333-57950,1610035,,424B3,24508,0,0,,mcafee.html,MCAFEE REGISTRATION STATEMENT
0000950109-01-503256,2001-08-29,2001-10-17,2001-08-29T04:00:00.000Z,,DEF 14A,000-11399,1726791,,DEF 14A,154983,0,0,,ddef14a.htm,CINTAS CORP 2001 NOTICE AND PROXY
0000950109-01-503261,2001-08-29,2001-05-31,2001-08-29T04:00:00.000Z,,10-K,000-11399,1727187,,10-K,584786,0,0,,d10k.htm,CINTAS CORP. FORM 10-K
0000892251-01-500134,2001-10-12,2001-08-31,2001-10-12T04:00:00.000Z,,10-Q,000-11399,1757975,,10-Q,40505,0,0,,form10q083101.htm,FORM 10-Q
0000892251-01-500146,2001-11-20,2001-11-14,2001-11-20T05:00:00.000Z,,8-K,000-11399,1796917,"5,7",8-K,11912,0,0,,form8k111401.htm,FORM 8-K FOR CINTAS CORPORATION
0000892251-02-000002,2002-01-09,2001-11-30,2002-01-09T05:00:00.000Z,,10-Q,000-11399,2505159,,10-Q,45188,0,0,,form10q010902.htm,FOR THE QUARTER ENDED 11/30/01
0000892251-02-000042,2002-02-11,,2002-02-11T05:00:00.000Z,,SC 13G/A,005-35960,02534579,,SC 13G/A,14336,0,0,,farmer17.htm,AMENDMENT NO. 17
0000892251-02-000043,2002-02-11,,2002-02-11T05:00:00.000Z,,SC 13G/A,005-35960,02534602,,SC 13G/A,14454,0,0,,gardner17.htm,AMENDMENT NO. 17
0000892251-02-000055,2002-02-21,2002-02-28,2002-02-21T05:00:00.000Z,,8-K,000-11399,02555300,"5,7",8-K,10616,0,0,,form8k22102.htm,FORM 8-K
0000892251-02-000084,2002-04-11,2002-02-28,2002-04-11T04:00:00.000Z,,10-Q,000-11399,02608378,,10-Q,158811,0,0,,form10q040402.htm,"FORM 10-Q FOR THE PERIOD ENDED FEBRUARY 28, 2002"
0001021408-02-007496,2002-05-21,2002-05-13,2002-05-21T21:27:46.000Z,,8-K,000-11399,02659180,"2,5,7",8-K,2112747,0,0,,d8k.htm,CURRENT REPORT
0000912057-02-033406,2002-08-26,2002-05-31,2002-08-26T12:29:56.000Z,,10-K,000-11399,02747538,,10-K,1578300,0,0,,a2087131z10-k.htm,10-K
0000950152-02-006645,2002-08-26,,2002-08-26T18:51:24.000Z,,S-4,333-98733-09,02748209,,S-4,485668,0,0,,l95653asv4.htm,CINTAS CORPORATION NO. 2 AND CO-FILERS      S-4
0000892251-02-000172,2002-08-27,2002-08-26,2002-08-27T20:01:29.000Z,,8-K,000-11399,02749669,"7,9",8-K,13325,0,0,,form8k082702.htm,FORM 8-K
0000912057-02-034960,2002-09-10,2002-10-16,2002-09-10T12:52:43.000Z,,DEF 14A,000-11399,02760056,,DEF 14A,158354,0,0,,a2088546zdef14a.htm,DEF 14A
0000892251-02-000185,2002-09-20,,2002-09-20T13:09:57.000Z,,424B3,333-98733-09,02768218,,424B3,171949,0,0,,cintas424b.htm,PROSPECTUS
0000892251-02-000211,2002-10-15,2002-08-31,2002-10-15T12:48:12.000Z,,10-Q,000-11399,02788223,,10-Q,77484,0,0,,form10q1002.htm,FORM 10-Q
9999999997-02-059366,2002-11-27,2002-05-31,2002-11-29T20:00:36.000Z,,11-K,000-11399,02066197,,11-K,1733,0,0,,9999999997-02-059366.paper,AUTO-GENERATED PAPER DOCUMENT
0000892251-03-000023,2003-01-13,2002-11-30,2003-01-13T21:54:56.000Z,,10-Q,000-11399,03512449,,10-Q,89740,0,0,,form10q011303.htm,FOR THE PERIOD ENDED 11/30/02
0000892251-03-000104,2003-02-14,,2003-02-14T19:21:10.000Z,,SC 13G/A,005-35960,03566185,,SC 13G/A,26005,0,0,,farmer13gno18.htm,"RICHARD T. FARMER, AMENDMENT NO. 18"
0000892251-03-000105,2003-02-14,,2003-02-14T19:25:08.000Z,,SC 13G/A,005-35960,03566259,,SC 13G/A,26826,0,0,,gardner13gno18.htm,SCHEDULE 13G/JOAN GARDNER/AMENDMENT NO. 18
0000892251-03-000242,2003-04-11,2003-02-28,2003-04-11T19:05:00.000Z,,10-Q,000-11399,03647011,,10-Q,635942,0,0,,form10q022803.htm,FORM 10-Q FOR THE PERIOD ENDING 2/28/03
0000950152-03-005298,2003-05-12,,2003-05-12T18:17:32.000Z,,SC 13G,005-35960,03692418,,SC 13G,48229,0,0,,l00943asc13g.htm,CINTAS CORP/FIFTH THIRD                SC 13G
0000950152-03-005721,2003-05-20,,2003-05-20T21:02:37.000Z,,SC 13G/A,005-35960,03713102,,SC 13G/A,14774,0,0,,j0113401sc13gza.txt,CINTAS CORP/FIFTH THIRD BANCORP        SC 13G/A
0000892251-03-000356,2003-07-17,2003-07-15,2003-07-17T20:25:40.000Z,,8-K,000-11399,03791483,"7,9",8-K,134868,0,0,,cintasform8k071503.htm,FORM 8-K FOR CINTAS CORPORATION
0000892251-03-000362,2003-07-29,2003-07-25,2003-07-29T14:28:03.000Z,,4,,,,4,7130,0,0,,xslF345X02/primary_doc.xml,PRIMARY DOCUMENT
0000892251-03-000367,2003-07-31,2003-07-29,2003-07-31T15:20:30.000Z,,4,,,,4,12523,0,0,,xslF345X02/primary_doc.xml,PRIMARY DOCUMENT
0000892251-03-000368,2003-07-31,2003-07-29,2003-07-31T15:35:37.000Z,,4,,,,4,5921,0,0,,xslF345X02/primary_doc.xml,PRIMARY DOCUMENT
0001047469-03-029303,2003-08-29,2003-05-31,2003-08-29T17:35:23.000Z,,10-K,000-11399,03873523,,10-K,797064,0,0,,a2117508z10-k.htm,10-K
0001047469-03-030171,2003-09-09,2003-10-14,2003-09-09T13:19:02.000Z,,DEF 14A,000-11399,03887121,,DEF 14A,234567,0,0,,a2118048zdef14a.htm,DEF 14A
9999999997-03-035820,2003-09-16,2003-05-31,2003-09-16T20:10:02.000Z,,ARS,000-11399,03031735,,ARS,1760,0,0,,9999999997-03-035820.paper,AUTO-GENERATED PAPER DOCUMENT
0000892251-03-000527,2003-09-19,2003-09-18,2003-09-19T20:27:58.000Z,,8-K,000-11399,03902891,"12,7",8-K,84733,0,0,,form8k091903.htm,FORM 8-K
9999999997-03-036541,2003-09-24,,2003-09-25T13:36:39.000Z,,PX14A6G,000-11399,03033006,,PX14A6G,1746,0,0,,9999999997-03-036541.paper,AUTO-GENERATED PAPER DOCUMENT
9999999997-03-037990,2003-10-06,,2003-10-08T15:08:09.000Z,,PX14A6G,000-11399,03033022,,PX14A6G,1746,0,0,,9999999997-03-037990.paper,AUTO-GENERATED PAPER DOCUMENT
9999999997-03-038816,2003-10-14,,2003-10-16T18:18:17.000Z,,PX14A6G,000-11399,03033032,,PX14A6G,1746,0,0,,9999999997-03-038816.paper,AUTO-GENERATED PAPER DOCUMENT
0000892251-03-000581,2003-10-15,2003-08-31,2003-10-15T15:15:39.000Z,,10-Q,000-11399,03941047,,10-Q,509743,0,0,,form10q083103.htm,CINTAS CORPORATION - FORM 10-Q
0000892251-03-000586,2003-10-16,2003-10-14,2003-10-16T13:31:27.000Z,,4,,,,4,12300,0,0,,xslF345X02/herbold4101403_ex.xml,
0000892251-03-000587,2003-10-16,2003-10-14,2003-10-16T13:33:27.000Z,,4,,,,4,12639,0,0,,xslF345X02/dirvin4101403_ex.xml,
0000892251-03-000588,2003-10-16,2003-10-14,2003-10-16T13:34:30.000Z,,4,,,,4,6345,0,0,,xslF345X02/phillips4101403_ex.xml,
0000892251-03-000589,2003-10-16,2003-10-14,2003-10-16T13:35:43.000Z,,4,,,,4,13286,0,0,,xslF345X02/howe4101403_ex.xml,
0000892251-03-000591,2003-10-16,2003-10-14,2003-10-16T20:16:24.000Z,,4,,,,4,12737,0,0,,xslF345X02/carter4101403_ex.xml,
0000892251-03-000595,2003-10-20,2003-10-16,2003-10-20T20:47:51.000Z,,4,,,,4,12446,0,0,,xslF345X02/gale4101603_ex.xml,
0000892251-03-000627,2003-11-04,,2003-11-04T19:13:48.000Z,,S-8,333-110221,03975661,,S-8,55289,0,0,,forms8110303.htm,FORM S-8
0000892251-03-000667,2003-11-18,2003-11-14,2003-11-18T19:59:10.000Z,,4,,,,4,18881,0,0,,xslF345X02/sfarmer4111403_ex.xml,
9999999997-03-043321,2003-11-28,2003-05-31,2003-12-01T19:03:21.000Z,,11-K,000-11399,03039243,,11-K,1733,0,0,,9999999997-03-043321.paper,AUTO-GENERATED PAPER DOCUMENT
0000892251-03-000784,2003-12-19,2003-12-17,2003-12-19T22:21:57.000Z,,8-K,000-11399,031066012,12,8-K,129701,0,0,,form8k121703.htm,FORM 8-K
0000892251-04-000003,2004-01-05,2003-12-31,2004-01-05T16:53:23.000Z,,4,,,,4,7422,0,0,,xslF345X02/howe4123102_ex.xml,
0000892251-04-000049,2004-01-08,2004-01-06,2004-01-08T21:55:47.000Z,,4,,,,4,11307,0,0,,xslF345X02/kohlhepp4010604_ex.xml,
0000892251-04-000051,2004-01-08,2004-01-06,2004-01-08T21:56:47.000Z,,4,,,,4,11996,0,0,,xslF345X02/rtfarmer4010604_ex.xml,
0000892251-04-000086,2004-01-14,2003-11-30,2004-01-14T17:01:44.000Z,,10-Q,000-11399,04524279,,10-Q,626500,0,0,,form10q113003.htm,FORM 10-Q
0000892251-04-000197,2004-02-11,,2004-02-11T15:39:31.000Z,,SC 13G/A,005-35960,04584246,,SC 13G/A,25043,0,0,,farmer13gno19.htm,AMENDMENT NO. 19
0000892251-04-000214,2004-02-12,2004-02-11,2004-02-12T18:26:20.000Z,,4,,,,4,12435,0,0,,xslF345X02/hergenhanform4022104_ex.xml,
0000892251-04-000215,2004-02-12,2004-02-11,2004-02-12T18:27:06.000Z,,3,,,,3,3766,0,0,,xslF345X02/hergenhanform3_ex.xml,
0000892251-04-000410,2004-03-22,2004-03-15,2004-03-22T21:19:56.000Z,,8-K,000-11399,04682692,12,8-K,140379,0,0,,form8k031504.htm,FORM 8-K
0000892251-04-000461,2004-04-14,2004-02-29,2004-04-14T13:07:41.000Z,,10-Q,000-11399,04731749,,10-Q,626321,0,0,,form10q022904.htm,FORM 10-Q
0000892251-04-000465,2004-04-15,2004-04-13,2004-04-15T18:12:39.000Z,,4,,,,4,9262,0,0,,xslF345X02/rtfarmer4041304_ex.xml,
0000892251-04-000478,2004-04-23,2004-04-21,2004-04-23T19:07:48.000Z,,4,,,,4,9262,0,0,,xslF345X02/rtfarmer4042104_ex.xml,
0000892251-04-000493,2004-04-28,2004-04-26,2004-04-28T19:56:21.000Z,,4,,,,4,9262,0,0,,xslF345X02/rtfarmer4042604_ex.xml,
0000892251-04-000516,2004-05-07,2004-05-05,2004-05-07T20:12:35.000Z,,4,,,,4,9492,0,0,,xslF345X02/rtfarmer4050504_ex.xml,
0000892251-04-000533,2004-05-17,2004-05-13,2004-05-17T20:19:13.000Z,,4,,,,4,9262,0,0,,xslF345X02/rtfarmer4051304_ex.xml,
0000892251-04-000545,2004-05-21,2004-05-19,2004-05-21T20:12:31.000Z,,4,,,,4,9262,0,0,,xslF345X02/rtfarmer4051904_ex.xml,
0000892251-04-000559,2004-05-27,2004-05-25,2004-05-27T20:07:07.000Z,,4,,,,4,9329,0,0,,xslF345X02/rtfarmer4052504_ex.xml,
0000892251-04-000596,2004-06-07,2004-06-03,2004-06-07T19:53:03.000Z,,4,,,,4,9262,0,0,,xslF345X02/rtfarmer4060304_ex.xml,
0000892251-04-000598,2004-06-09,2004-06-07,2004-06-09T20:09:13.000Z,,4,,,,4,9262,0,0,,xslF345X02/rtfarmer4060704_ex.xml,
0000892251-04-000614,2004-06-18,2004-06-16,2004-06-18T20:15:14.000Z,,4,,,,4,9495,0,0,,xslF345X02/rtfarmer4061604_ex.xml,
0000892251-04-000618,2004-06-23,2004-06-21,2004-06-23T20:56:52.000Z,,4,,,,4,9493,0,0,,xslF345X02/rtfarmer4062104_ex.xml,
0000892251-04-000656,2004-07-02,2004-06-30,2004-07-02T19:34:28.000Z,,4,,,,4,9493,0,0,,xslF345X02/rtfarmer4063004_ex.xml,
0000892251-04-000680,2004-07-12,2004-07-08,2004-07-12T21:05:58.000Z,,4,,,,4,9263,0,0,,xslF345X02/rtfarmer40070804_ex.xml,
0000892251-04-000687,2004-07-15,2004-07-13,2004-07-15T20:18:48.000Z,,4,,,,4,12304,0,0,,xslF345X02/rtfarmer4071304_ex.xml,
0000892251-04-000688,2004-07-15,2004-05-31,2004-07-15T20:23:49.000Z,,5,,,,5,7512,0,0,,xslF345X02/sfarmer5121903_ex.xml,
0000892251-04-000697,2004-07-16,2004-07-12,2004-07-16T20:55:41.000Z,,8-K,000-11399,04918514,12,8-K,143569,0,0,,form8k071204.htm,FORM 8-K
0000892251-04-000702,2004-07-20,2004-07-16,2004-07-20T18:20:22.000Z,,4,,,,4,10380,0,0,,xslF345X02/carnahan4072004_ex.xml,
0000892251-04-000704,2004-07-20,2004-07-16,2004-07-20T19:52:32.000Z,,4,,,,4,16047,0,0,,xslF345X02/gale4071604_ex.xml,
0000892251-04-000723,2004-07-23,2004-07-21,2004-07-23T20:02:00.000Z,,4,,,,4,7698,0,0,,xslF345X02/rtfarmer40072104_ex.xml,
0000892251-04-000735,2004-07-28,2004-07-26,2004-07-28T18:32:58.000Z,,4,,,,4,6868,0,0,,xslF345X02/carnahan4072604_ex.xml,
0000892251-04-000736,2004-07-28,2004-07-26,2004-07-28T18:33:36.000Z,,4,,,,4,6305,0,0,,xslF345X02/frooman4072604_ex.xml,
0000892251-04-000737,2004-07-28,2004-07-26,2004-07-28T18:34:26.000Z,,4,,,,4,7583,0,0,,xslF345X02/gale4072604_ex.xml,
0000892251-04-000738,2004-07-28,2004-07-26,2004-07-28T19:14:05.000Z,,4,,,,4,8885,0,0,,xslF345X02/sfarmer07262004_ex.xml,
0000892251-04-000746,2004-07-29,2004-07-27,2004-07-29T20:39:48.000Z,,4,,,,4,7697,0,0,,xslF345X02/rtfarmer4072704_ex.xml,
0000892251-04-000750,2004-08-04,2004-07-28,2004-08-04T20:12:23.000Z,,4,,,,4,7330,0,0,,xslF345X02/hergenhanform4072804_ex.xml,
0000892251-04-000752,2004-08-05,2004-08-04,2004-08-05T12:50:10.000Z,,4,,,,4,4787,0,0,,xslF345X02/herbold4101403_ex.xml,
0000892251-04-000762,2004-08-06,2004-08-04,2004-08-06T20:17:20.000Z,,4,,,,4,9262,0,0,,xslF345X02/rtfarmer40080404_ex.xml,
0000892251-04-000766,2004-08-09,2004-08-05,2004-08-09T19:37:43.000Z,,4,,,,4,8047,0,0,,xslF345X02/kohlhepp4080504_ex.xml,
9999999997-04-034857,2004-08-13,2004-07-10,2004-08-25T16:06:13.000Z,,NO ACT,000-11399,04040773,,NO ACT,1798,0,0,,9999999997-04-034857.paper,AUTO-GENERATED PAPER DOCUMENT
9999999997-04-034860,2004-08-13,2004-08-05,2004-08-25T16:08:22.000Z,,NO ACT,000-11399,04040772,,NO ACT,1798,0,0,,9999999997-04-034860.paper,AUTO-GENERATED PAPER DOCUMENT
0001104659-04-024519,2004-08-16,2004-05-31,2004-08-16T14:55:56.000Z,,10-K,000-11399,04976723,,10-K,2544225,0,0,,a04-8825_110k.htm,10-K
9999999997-04-036946,2004-08-27,2004-06-10,2004-09-10T19:57:07.000Z,,NO ACT,000-11399,04041564,,NO ACT,1798,0,0,,9999999997-04-036946.paper,AUTO-GENERATED PAPER DOCUMENT
0001047469-04-027728,2004-09-01,2004-10-19,2004-09-01T14:22:51.000Z,,DEF 14A,000-11399,041009862,,DEF 14A,207518,0,0,,a2142510zdef14a.htm,DEF 14A
0000892251-04-000825,2004-09-01,2004-08-30,2004-09-01T21:58:56.000Z,,4,,,,4,13800,0,0,,xslF345X02/howe4083004_ex.xml,
9999999997-04-036433,2004-09-07,2004-05-31,2004-09-08T12:06:50.000Z,,ARS,000-11399,04042393,,ARS,1789,0,0,,9999999997-04-036433.paper,AUTO-GENERATED PAPER DOCUMENT
0000892251-04-000841,2004-09-09,2004-09-07,2004-09-09T20:00:55.000Z,,4,,,,4,9358,0,0,,xslF345X02/rtfarmer4090904_ex.xml,
0000892251-04-000847,2004-09-15,2004-09-13,2004-09-15T19:56:33.000Z,,4,,,,4,9290,0,0,,xslF345X02/rtfarmer4091304_ex.xml,
0000892251-04-000861,2004-09-17,2004-09-16,2004-09-17T20:33:17.000Z,,8-K,000-11399,041036073,2.02,8-K,108193,0,0,,form8k091604.htm,FORM 8-K - 09/16/2004
0000892251-04-000870,2004-09-21,2004-09-17,2004-09-21T19:51:18.000Z,,4,,,,4,14595,0,0,,xslF345X02/kohlhepp4091704_ex.xml,
0000892251-04-000883,2004-09-23,2004-09-21,2004-09-23T18:04:05.000Z,,4,,,,4,8243,0,0,,xslF345X02/dirvin4092104_ex.xml,
0000892251-04-000888,2004-09-24,2004-09-22,2004-09-24T19:05:02.000Z,,4,,,,4,9356,0,0,,xslF345X02/rtfarmer4092204_ex.xml,
0000892251-04-000927,2004-10-12,2004-08-31,2004-10-12T12:08:54.000Z,34,10-Q,000-11399,041073271,,10-Q,476209,0,0,,form10q083104.htm,FORM 10-Q
0000892251-04-000930,2004-10-12,2004-10-07,2004-10-12T19:10:50.000Z,,4,,,,4,9290,0,0,,xslF345X02/rtfarmer4100704_ex.xml,
0000892251-04-000953,2004-10-22,2004-10-20,2004-10-22T18:56:50.000Z,,4,,,,4,6295,0,0,,xslF345X02/carter4102004_ex.xml,
0000892251-04-000954,2004-10-22,2004-10-20,2004-10-22T18:57:31.000Z,,4,,,,4,6203,0,0,,xslF345X02/dirvin4102004_ex.xml,
0000892251-04-000955,2004-10-22,2004-10-20,2004-10-22T18:59:28.000Z,,4,,,,4,6372,0,0,,xslF345X02/herbold4102004_ex.xml,
0000892251-04-000956,2004-10-22,2004-10-20,2004-10-22T19:00:11.000Z,,4,,,,4,6194,0,0,,xslF345X02/hergenhanform4102004_ex.xml,
0000892251-04-000957,2004-10-22,2004-10-20,2004-10-22T19:00:47.000Z,,4,,,,4,7072,0,0,,xslF345X02/howe4102004_ex.xml,
0000892251-04-000958,2004-10-22,2004-10-20,2004-10-22T19:01:42.000Z,,4,,,,4,6909,0,0,,xslF345X02/phillips4102004_ex.xml,
0000892251-04-000994,2004-10-29,2004-10-27,2004-10-29T19:18:25.000Z,,4,,,,4,9356,0,0,,xslF345X02/rtfarmer4102704_ex.xml,
0000892251-04-001022,2004-11-05,2004-11-03,2004-11-05T20:34:04.000Z,,4,,,,4,9356,0,0,,xslF345X02/rtfarmer4110304_ex.xml,
0000000000-04-036230,2004-11-10,,2004-11-10T22:45:33.000Z,,UPLOAD,,,,LETTER,10385,0,0,,filename1.txt,
0000892251-04-001026,2004-11-12,2004-11-09,2004-11-12T14:15:42.000Z,,4,,,,4,9291,0,0,,xslF345X02/rtfarmer4110904_ex.xml,
0000892251-04-001042,2004-11-17,2004-11-15,2004-11-17T20:16:29.000Z,,4,,,,4,9291,0,0,,xslF345X02/rtfarmer4111504_ex.xml,
0000892251-04-001051,2004-11-19,,2004-11-19T14:46:03.000Z,,CORRESP,,,,CORRESP,20715,0,0,,filename1.htm,
0001209191-04-054624,2004-11-24,2004-11-22,2004-11-24T19:23:30.000Z,,4,,,,4,9312,0,0,,xslF345X02/bci10736_bco1.xml,MAIN DOCUMENT DESCRIPTION
9999999997-04-044665,2004-11-24,2004-05-31,2004-11-26T14:30:35.000Z,34,11-K,000-11399,04050874,,11-K,1762,0,0,,9999999997-04-044665.paper,AUTO-GENERATED PAPER DOCUMENT
0000892251-04-001118,2004-12-06,2004-12-02,2004-12-06T21:27:02.000Z,,4,,,,4,9293,0,0,,xslF345X02/rtfarmer4120204_ex.xml,
0000892251-04-001120,2004-12-08,2004-12-06,2004-12-08T20:26:27.000Z,,4,,,,4,9292,0,0,,xslF345X02/rtfarmer4120604_ex.xml,
0000892251-04-001157,2004-12-15,2004-12-13,2004-12-15T19:58:44.000Z,,4,,,,4,5511,0,0,,xslF345X02/howe4121304_ex.xml,
0000892251-04-001169,2004-12-17,2004-12-15,2004-12-17T21:09:02.000Z,,4,,,,4,7726,0,0,,xslF345X02/rtfarmer4121504_ex.xml,
0000892251-04-001182,2004-12-20,,2004-12-20T21:56:11.000Z,33,S-8,333-121459,041214662,,S-8,263372,0,0,,forms8121504.htm,FORM S-8 - CINTAS PARTNERS PLAN
0000892251-04-001183,2004-12-21,2004-12-16,2004-12-21T15:01:54.000Z,34,8-K,000-11399,041215824,2.02,8-K,130348,0,0,,form8k121604.htm,FORM 8-K
0000892251-04-001205,2004-12-29,2004-12-28,2004-12-29T21:01:20.000Z,,4,,,,4,7492,0,0,,xslF345X02/gale4122804_ex.xml,
0000892251-05-000016,2005-01-10,2004-11-30,2005-01-10T20:35:15.000Z,34,10-Q,000-11399,05520947,,10-Q,635727,0,0,,form10q113004.htm,FORM 10-Q - 11/30/2004
0000892251-05-000121,2005-02-07,,2005-02-07T19:14:58.000Z,34,SC 13G/A,005-35960,05579993,,SC 13G/A,24734,0,0,,farmer13gno19.htm,AMENDMENT NO. 19
0000000000-05-012049,2005-03-15,,2005-03-15T14:41:32.000Z,,UPLOAD,,,,LETTER,5600,0,0,,filename1.txt,
0000892251-05-000279,2005-03-18,2005-03-17,2005-03-18T21:20:02.000Z,34,8-K,000-11399,05691921,2.02,8-K,133904,0,0,,form8k031705.htm,FORM 8/K - 3/17/2005
0000892251-05-000286,2005-03-23,,2005-03-23T20:45:14.000Z,,CORRESP,,,,CORRESP,11630,0,0,,filename1.htm,
0000892251-05-000327,2005-04-11,2005-02-28,2005-04-11T18:07:01.000Z,34,10-Q,000-11399,05743640,,10-Q,625158,0,0,,form10q022805.htm,FORM 10-Q - 2/28/2005
0000892251-05-000354,2005-05-03,2005-04-29,2005-05-03T13:23:06.000Z,34,8-K,000-11399,05792959,8.01,8-K,13816,0,0,,form8k0405.htm,CINTAS CORPORATION FORM 8-K
0000892251-05-000375,2005-05-06,2005-05-05,2005-05-06T20:04:46.000Z,,4,,,,4,9485,0,0,,xslF345X02/sfarmerform4050505_ex.xml,
0000892251-05-000386,2005-05-16,2005-04-12,2005-05-16T13:49:07.000Z,34,8-K,000-11399,05831669,1.01,8-K,10475,0,0,,form8k051205.htm,FORM 8-K
0000892251-05-000452,2005-06-14,2005-06-08,2005-06-14T18:08:06.000Z,34,8-K,000-11399,05894428,1.01,8-K,12022,0,0,,form8k060805.htm,CINTAS CORPORATION FORM 8-K
0000892251-05-000502,2005-07-06,2005-07-05,2005-07-06T21:05:21.000Z,,4,,,,4,7601,0,0,,xslF345X02/carnahan4070505_ex.xml,
9999999997-05-036066,2005-07-06,2005-06-10,2005-08-19T13:50:43.000Z,34,NO ACT,000-11399,05060230,,NO ACT,1798,0,0,,9999999997-05-036066.paper,AUTO-GENERATED PAPER DOCUMENT
0000892251-05-000524,2005-07-15,2005-05-31,2005-07-15T13:25:46.000Z,,5,,,,5,8977,0,0,,xslF345X02/kohlhepp5110804_ex.xml,
0000892251-05-000526,2005-07-15,2005-05-31,2005-07-15T13:26:58.000Z,,5,,,,5,11382,0,0,,xslF345X02/rtfarmer5070505_ex.xml,
0000892251-05-000528,2005-07-15,2005-07-14,2005-07-15T20:38:06.000Z,34,8-K,000-11399,05957659,2.02,8-K,150109,0,0,,form8k071405.htm,FORM 8-K - 7/14/2005
0000892251-05-000532,2005-07-19,2005-07-15,2005-07-19T14:52:39.000Z,,4,,,,4,10396,0,0,,xslF345X02/kohlhepp4071505_ex.xml,
0000892251-05-000536,2005-07-19,2005-07-18,2005-07-19T19:50:26.000Z,,4,,,,4,9529,0,0,,xslF345X02/gale4071805_ex.xml,
0000892251-05-000538,2005-07-20,2005-07-20,2005-07-20T18:14:41.000Z,,4,,,,4,6119,0,0,,xslF345X02/gale4072005_ex.xml,
0000892251-05-000595,2005-08-03,2005-08-01,2005-08-03T20:56:17.000Z,,4,,,,4,7598,0,0,,xslF345X02/gale4080205_ex.xml,
0000892251-05-000596,2005-08-03,2005-08-01,2005-08-03T20:57:23.000Z,,4,,,,4,6897,0,0,,xslF345X02/carnahan4080105_ex.xml,
0000892251-05-000597,2005-08-03,2005-08-01,2005-08-03T20:58:31.000Z,,4,,,,4,6332,0,0,,xslF345X02/frooman4080105_ex.xml,
0000892251-05-000598,2005-08-03,2005-08-01,2005-08-03T20:59:43.000Z,,4,,,,4,8915,0,0,,xslF345X02/sfarmerform4080105_ex.xml,
0000892251-05-000603,2005-08-04,2005-08-01,2005-08-04T16:57:36.000Z,34,8-K,000-11399,05998560,1.01,8-K,10936,0,0,,form8k080105.htm,FORM 8-K - 8/1/05
0000892251-05-000608,2005-08-04,2005-08-03,2005-08-04T19:24:32.000Z,,4,,,,4,5412,0,0,,xslF345X02/carnahan4080305_ex.xml,
0000892251-05-000614,2005-08-12,2005-05-31,2005-08-12T12:19:59.000Z,,5,,,,5,6706,0,0,,xslF345X02/howe5053105_ex.xml,
0001104659-05-039417,2005-08-15,2005-05-31,2005-08-15T15:41:36.000Z,34,10-K,000-11399,051024339,,10-K,2927196,0,0,,a05-13922_110k.htm,10-K
0001047469-05-022345,2005-09-01,2005-10-18,2005-09-01T13:57:20.000Z,34,DEF 14A,000-11399,051063312,,DEF 14A,327146,0,0,,a2162451zdef14a.htm,DEF 14A
9999999997-05-038630,2005-09-08,2005-05-31,2005-09-09T17:41:21.000Z,34,ARS,000-11399,05065885,,ARS,1789,0,0,,9999999997-05-038630.paper,AUTO-GENERATED PAPER DOCUMENT
0000892251-05-000702,2005-09-23,2005-09-21,2005-09-23T13:25:05.000Z,34,8-K,000-11399,051099191,2.02,8-K,113462,0,0,,form8k092105.htm,FORM 8-K
0000892251-05-000705,2005-09-28,2005-09-26,2005-09-28T19:36:55.000Z,,4,,,,4,8277,0,0,,xslF345X02/dirvin4092305_ex.xml,
0000950152-05-008077,2005-10-11,2005-08-31,2005-10-11T12:16:14.000Z,34,10-Q,000-11399,051130802,,10-Q,386124,0,0,,l16299ae10vq.htm,CINTAS CORPORATION 10-Q
0000892251-05-000768,2005-10-19,2005-10-18,2005-10-19T12:55:26.000Z,34,8-K,000-11399,051144204,"1.01,9.01",8-K,11915,0,0,,form8k101805.htm,FORM 8-K
0000892251-05-000770,2005-10-20,2005-10-18,2005-10-20T20:31:47.000Z,,4,,,,4,8067,0,0,,xslF345X02/howe4101805_ex.xml,
0000892251-05-000772,2005-10-20,2005-10-18,2005-10-20T20:33:42.000Z,,4,,,,4,6911,0,0,,xslF345X02/phillips4101805_ex.xml,
0000892251-05-000774,2005-10-20,2005-10-18,2005-10-20T20:35:06.000Z,,4,,,,4,6374,0,0,,xslF345X02/herbold4101805_ex.xml,
0000892251-05-000776,2005-10-20,2005-10-18,2005-10-20T20:36:26.000Z,,4,,,,4,6216,0,0,,xslF345X02/carter4101805_ex.xml,
0000892251-05-000778,2005-10-20,2005-10-18,2005-10-20T20:38:03.000Z,,4,,,,4,6198,0,0,,xslF345X02/hergenhanform4101805_ex.xml,
0000892251-05-000780,2005-10-20,2005-10-18,2005-10-20T20:39:20.000Z,,4,,,,4,6205,0,0,,xslF345X02/dirvin4101805_ex.xml,
9999999997-05-047532,2005-11-22,2005-05-31,2005-11-29T20:37:45.000Z,34,11-K,000-11399,05071988,,11-K,1762,0,0,,9999999997-05-047532.paper,AUTO-GENERATED PAPER DOCUMENT
0000892251-05-000936,2005-12-22,2005-12-22,2005-12-22T21:34:26.000Z,34,8-K,000-11399,051282555,"2.02,9.01",8-K,137645,0,0,,form8k122205.htm,FORM 8-K
0000892251-06-000004,2006-01-03,2005-12-29,2006-01-03T21:40:29.000Z,,4,,,,4,6836,0,0,,xslF345X02/dirvin4122905_ex.xml,
0000892251-06-000007,2006-01-04,2005-12-21,2006-01-04T18:23:19.000Z,,4,,,,4,6533,0,0,,xslF345X02/howe4122105_ex.xml,
0000892251-06-000033,2006-01-06,2005-11-30,2006-01-06T21:47:49.000Z,34,10-Q,000-11399,06517008,,10-Q,704318,0,0,,form10q113005.htm,FORM 10-Q - 11/30/2005
0000892251-06-000087,2006-01-27,2006-01-24,2006-01-27T13:40:52.000Z,34,8-K,000-11399,06555258,5.02,8-K,11691,0,0,,form8k012406.htm,FORM 8-K - 1/24/2006
0000892251-06-000091,2006-01-30,,2006-01-30T21:22:14.000Z,33,S-8,333-131375,06562242,,S-8,45630,0,0,,forms8013006.htm,FORM S-8
0000892251-06-000121,2006-02-13,,2006-02-13T15:43:27.000Z,34,SC 13G/A,005-35960,06601265,,SC 13G/A,24861,0,0,,farmer13gno20.htm,R.T. FARMER - 13G/AMEND. NO. 20
0000000000-06-008853,2006-02-21,,2006-02-21T18:52:00.000Z,,UPLOAD,,,,LETTER,42229,0,0,,filename1.pdf,
0000892251-06-000260,2006-03-20,2006-03-16,2006-03-20T16:20:25.000Z,34,8-K,000-11399,06697775,"2.02,9.01",8-K,138971,0,0,,form8k031606.htm,FORM 8-K - 3/16/06
0000892251-06-000266,2006-03-21,2006-03-17,2006-03-21T20:02:43.000Z,,4,,,,4,11800,0,0,,xslF345X02/kohlhepp4031706_ex.xml,
0000892251-06-000268,2006-03-22,2006-03-20,2006-03-22T21:12:44.000Z,,4,,,,4,12097,0,0,,xslF345X02/howe4032006_ex.xml,
0000892251-06-000280,2006-03-29,2006-03-27,2006-03-29T20:27:21.000Z,,4,,,,4,10853,0,0,,xslF345X02/sfarmerform4032706_ex.xml,
0000892251-06-000300,2006-04-07,,2006-04-07T14:28:55.000Z,,CORRESP,,,,CORRESP,22897,0,0,,filename1.htm,
0000892251-06-000302,2006-04-07,2006-02-28,2006-04-07T14:42:12.000Z,34,10-Q,000-11399,06746794,,10-Q,703066,0,0,,form10q022806.htm,FORM 10-Q - 2/28/2006
0000892251-06-000303,2006-04-07,2006-04-05,2006-04-07T16:40:58.000Z,,4,,,,4,10862,0,0,,xslF345X02/gale4040506_ex.xml,
0000000000-06-017840,2006-04-17,,2006-04-17T15:03:33.000Z,,UPLOAD,,,,LETTER,27659,0,0,,filename1.pdf,
0000892251-06-000387,2006-05-17,,2006-05-17T19:02:11.000Z,,CORRESP,,,,CORRESP,220127,0,0,,filename1.htm,
0000000000-06-024370,2006-05-23,,2006-05-23T19:42:06.000Z,,UPLOAD,,,,LETTER,20193,0,0,,filename1.pdf,
0001209191-06-034764,2006-06-05,2005-07-20,2006-06-06T00:20:41.000Z,,4,,,,4,15691,0,0,,xslF345X02/bci20714_bco1rtf.xml,MAIN DOCUMENT DESCRIPTION
0001209191-06-034766,2006-06-05,2006-06-01,2006-06-06T00:21:30.000Z,,4,,,,4,7675,0,0,,xslF345X02/bci20714_bco2sdf.xml,MAIN DOCUMENT DESCRIPTION
9999999997-06-028130,2006-06-29,2005-12-31,2006-06-30T14:45:23.000Z,34,11-K,000-11399,06037346,,11-K,1762,0,0,,9999999997-06-028130.paper,AUTO-GENERATED PAPER DOCUMENT
0000892251-06-000481,2006-07-14,2006-05-31,2006-07-14T20:03:04.000Z,,5,,,,5,8200,0,0,,xslF345X02/kohlhepp053106_ex.xml,
0000892251-06-000485,2006-07-18,2006-07-13,2006-07-18T20:35:30.000Z,34,8-K,000-11399,06967429,"2.02,9.01",8-K,140509,0,0,,form8k071306.htm,FORM 8-K - 7/13/2006
0000892251-06-000486,2006-07-18,2006-07-17,2006-07-18T20:43:33.000Z,,4,,,,4,7649,0,0,,xslF345X02/frooman4071706_ex.xml,
0000892251-06-000487,2006-07-18,2006-07-17,2006-07-18T20:44:19.000Z,,4,,,,4,8313,0,0,,xslF345X02/gale4071706_ex.xml,
0000892251-06-000497,2006-07-26,2006-07-24,2006-07-26T20:17:55.000Z,,4,,,,4,9691,0,0,,xslF345X02/sfarmerform4072406_ex.xml,
0000892251-06-000499,2006-07-26,2006-07-25,2006-07-26T20:35:48.000Z,,3,,,,3,10720,0,0,,xslF345X02/adolph3_ex.xml,
0000892251-06-000501,2006-07-26,2006-07-25,2006-07-26T20:38:14.000Z,,4,,,,4,6149,0,0,,xslF345X02/adolph4070506_ex.xml,
0000892251-06-000505,2006-07-27,2006-07-24,2006-07-27T18:05:38.000Z,34,8-K,000-11399,06984019,"1.01,5.02,8.01,9.01",8-K,34793,0,0,,form8k072406.htm,FORM 8-K - 7/24/2006
0000892251-06-000510,2006-07-27,2006-07-26,2006-07-27T19:50:38.000Z,,4,,,,4,4677,0,0,,xslF345X02/carter4072606_ex.xml,
0000892251-06-000512,2006-07-27,2006-07-26,2006-07-27T20:23:46.000Z,,4,,,,4,9218,0,0,,xslF345X02/kohlhepp072106_ex.xml,
0000892251-06-000514,2006-07-27,2006-07-26,2006-07-27T20:25:04.000Z,,4,,,,4,9146,0,0,,xslF345X02/rtfarmer4072106_ex.xml,
0000892251-06-000516,2006-07-28,2006-07-24,2006-07-28T19:39:20.000Z,34,8-K,000-11399,06987993,1.01,8-K,10746,0,0,,form8k072506.htm,FORM 8-K - 7/25/06
0000892251-06-000518,2006-07-31,2006-07-27,2006-07-31T14:47:08.000Z,,4,,,,4,9713,0,0,,xslF345X02/gale4072706_ex.xml,
0000892251-06-000529,2006-08-11,2006-08-09,2006-08-11T16:27:12.000Z,,4,,,,4,9514,0,0,,xslF345X02/kohlhepp080906_ex.xml,
0001104659-06-053974,2006-08-11,2006-05-31,2006-08-11T17:56:46.000Z,34,10-K,000-11399,061024192,,10-K,2954062,0,0,,a06-16851_110k.htm,ANNUAL REPORT PURSUANT TO SECTION 13 AND 15(D)
0000950152-06-006995,2006-08-15,,2006-08-15T01:54:51.000Z,33,S-3ASR,333-136631-09,061032934,,S-3ASR,332628,0,0,,l21872asv3asr.htm,CINTAS CORPORATION           S-3ASR
0000950123-06-010577,2006-08-15,,2006-08-15T13:14:47.000Z,33,424B5,333-136631-09,061033183,,424B5,360317,0,0,,l21872b5e424b5.htm,CINTAS CORPORATION  424B5
0000950152-06-007063,2006-08-17,,2006-08-17T17:23:35.000Z,34,FWP,333-136631-09,061040222,,FWP,25312,0,0,,l21872dfwp.htm,CINTAS                        FWP
0000950152-06-007081,2006-08-17,,2006-08-17T21:18:28.000Z,34,FWP,333-136631-09,061041574,,FWP,14861,0,0,,l21872cfwp.htm,CINTAS    FWP
0000950152-06-007092,2006-08-18,,2006-08-18T14:09:29.000Z,33,424B5,333-136631-09,061042415,,424B5,361881,0,0,,l21872ge424b5.htm,CINTAS CORPORATION  424B5
0000950152-06-007116,2006-08-21,2006-08-17,2006-08-21T14:30:16.000Z,34,8-K,000-11399,061045166,"1.01,9.01",8-K,276345,0,0,,l22005ae8vk.htm,CINTAS CORPORATION     8-K
0001104659-06-058875,2006-09-01,2006-10-10,2006-09-01T13:42:48.000Z,34,DEF 14A,000-11399,061070025,,DEF 14A,568323,0,0,,a06-18679_1def14a.htm,DEFINITIVE PROXY STATEMENT
0000892251-06-000588,2006-09-08,2006-03-20,2006-09-08T13:17:24.000Z,,4/A,,,,4/A,6608,0,0,,xslF345X02/howe4a032206_ex.xml,
9999999997-06-038925,2006-09-15,2006-05-31,2006-09-18T14:25:46.000Z,34,ARS,000-11399,06047268,,ARS,1789,0,0,,9999999997-06-038925.paper,AUTO-GENERATED PAPER DOCUMENT
0000892251-06-000610,2006-09-21,2006-09-20,2006-09-21T21:09:32.000Z,34,8-K,000-11399,061102659,"2.02,9.01",8-K,117068,0,0,,form8k092006.htm,FORM 8-K - 9/20/2006
0000892251-06-000613,2006-09-26,2006-09-22,2006-09-26T18:48:42.000Z,,4,,,,4,10309,0,0,,xslF345X02/kohlhepp4092206_ex.xml,
0000892251-06-000634,2006-10-03,2006-10-02,2006-10-03T19:44:46.000Z,,4,,,,4,9496,0,0,,xslF345X02/gale4100206_ex.xml,
0000892251-06-000652,2006-10-05,2006-08-31,2006-10-05T17:35:00.000Z,34,10-Q,000-11399,061130540,,10-Q,628645,0,0,,form10q083106.htm,FORM 10-Q - 8/31/2006
0001140361-06-014485,2006-10-13,2006-10-10,2006-10-13T20:59:55.000Z,,4,,,,4,6020,0,0,,xslF345X02/doc1.xml,FORM 4
0001140361-06-014487,2006-10-13,2006-10-10,2006-10-13T21:01:35.000Z,,4,,,,4,9117,0,0,,xslF345X02/doc1.xml,FORM 4
0001140361-06-014490,2006-10-13,2006-10-10,2006-10-13T21:05:14.000Z,,4,,,,4,6719,0,0,,xslF345X02/doc1.xml,FORM 4
0001140361-06-014495,2006-10-13,2006-10-10,2006-10-13T21:08:59.000Z,,4,,,,4,7396,0,0,,xslF345X02/doc1.xml,FORM 4
0001140361-06-014496,2006-10-13,2006-10-10,2006-10-13T21:13:32.000Z,,4,,,,4,6676,0,0,,xslF345X02/doc1.xml,FORM 4
0001140361-06-014498,2006-10-13,2006-10-10,2006-10-13T21:16:28.000Z,,4,,,,4,6689,0,0,,xslF345X02/doc1.xml,FORM 4
0001140361-06-014536,2006-10-16,2006-10-10,2006-10-16T15:10:05.000Z,,3,,,,3,26694,0,0,,xslF345X02/doc1.xml,FORM 3
0001140361-06-016303,2006-11-14,2006-11-10,2006-11-14T20:18:56.000Z,,4,,,,4,7835,0,0,,xslF345X02/doc1.xml,FORM 4
0001140361-06-016304,2006-11-14,2006-11-10,2006-11-14T20:19:33.000Z,,4,,,,4,8510,0,0,,xslF345X02/doc1.xml,FORM 4
0001140361-06-016305,2006-11-14,2006-11-10,2006-11-14T20:20:21.000Z,,4,,,,4,7789,0,0,,xslF345X02/doc1.xml,FORM 4
0001140361-06-016306,2006-11-14,2006-11-10,2006-11-14T20:20:59.000Z,,4,,,,4,10438,0,0,,xslF345X02/doc1.xml,FORM 4
0001140361-06-016307,2006-11-14,2006-11-10,2006-11-14T20:22:07.000Z,,4,,,,4,7863,0,0,,xslF345X02/doc1.xml,FORM 4
0001140361-06-016308,2006-11-14,2006-11-10,2006-11-14T20:22:38.000Z,,4,,,,4,7805,0,0,,xslF345X02/doc1.xml,FORM 4
0000892251-06-000716,2006-12-21,2006-12-19,2006-12-21T14:00:41.000Z,34,8-K,000-11399,061291513,"2.02,9.01",8-K,285449,0,0,,form8k121906.htm,FORM 8-K - 12/19/2006
0000950152-07-000058,2007-01-04,2006-11-30,2007-01-04T21:03:51.000Z,34,10-Q,000-11399,07509440,,10-Q,479137,0,0,,l23869ae10vq.htm,CINTAS CORP.      10-Q
0001140361-07-000819,2007-01-09,2007-01-08,2007-01-09T17:15:18.000Z,,4,,,,4,10358,0,0,,xslF345X02/doc1.xml,FORM 4
0001140361-07-001651,2007-01-23,2007-01-19,2007-01-23T20:25:54.000Z,,4,,,,4,9632,0,0,,xslF345X02/doc1.xml,FORM 4
0000892251-07-000052,2007-02-13,,2007-02-13T15:14:55.000Z,34,SC 13G/A,005-35960,07606439,,SC 13G/A,60056,0,0,,rfarmer13gno21.htm,RICHARD T. FARMER - SCHEDULE 13G AMENDMENT NO. 21
0000892251-07-000076,2007-03-09,2007-03-08,2007-03-09T21:14:31.000Z,34,8-K,000-11399,07684699,"5.03,9.01",8-K,137263,0,0,,form8k030807.htm,FORM 8-K - 3/8/2007
0000892251-07-000091,2007-03-22,2007-02-28,2007-03-22T12:59:42.000Z,34,8-K,000-11399,07710593,"2.02,9.01",8-K,364141,0,0,,form8k022807.htm,FORM 8-K - 02/28/07
0000892251-07-000098,2007-04-05,2007-02-28,2007-04-05T20:13:21.000Z,34,10-Q,000-11399,07752134,,10-Q,1886603,0,0,,form10q022807.htm,FORM 10-Q - 2/28/2007
0001140361-07-008006,2007-04-19,2007-03-20,2007-04-19T20:49:52.000Z,,4,,,,4,10187,0,0,,xslF345X02/doc1.xml,FORM 4
9999999997-07-030997,2007-06-28,2006-12-31,2007-07-02T19:10:13.000Z,34,11-K,000-11399,07069344,,11-K,1762,0,0,,9999999997-07-030997.paper,AUTO-GENERATED PAPER DOCUMENT
0001140361-07-013800,2007-07-06,2007-07-03,2007-07-06T12:54:03.000Z,,4,,,,4,22560,0,0,,xslF345X02/doc1.xml,FORM 4
0001140361-07-013826,2007-07-06,2007-07-03,2007-07-06T20:16:45.000Z,,4,,,,4,6439,0,0,,xslF345X02/doc1.xml,FORM 4
0001140361-07-013827,2007-07-06,2007-07-03,2007-07-06T20:32:58.000Z,,4,,,,4,8300,0,0,,xslF345X02/doc1.xml,FORM 4
0001140361-07-014074,2007-07-13,2007-05-31,2007-07-13T12:45:45.000Z,,5,,,,5,12599,0,0,,xslF345X02/doc1.xml,FORM 5
0000892251-07-000151,2007-07-20,2007-05-31,2007-07-20T13:47:25.000Z,34,8-K,000-11399,07990314,2.02,8-K,414195,0,0,,form8k053107.htm,FORM 8-K - 5/31/07
0001140361-07-014515,2007-07-23,2007-07-19,2007-07-23T13:24:28.000Z,,4,,,,4,10287,0,0,,xslF345X02/doc1.xml,FORM 4
0001140361-07-014677,2007-07-25,2007-07-23,2007-07-25T19:03:50.000Z,,4,,,,4,10292,0,0,,xslF345X02/doc1.xml,FORM 4
0000892251-07-000154,2007-07-30,2007-05-31,2007-07-30T20:50:55.000Z,34,10-K,000-11399,071010046,,10-K,3309947,0,0,,form10k053107.htm,FORM 10-K - 5/31/07
0001104659-07-067944,2007-09-10,2007-10-23,2007-09-10T16:05:54.000Z,34,DEF 14A,000-11399,071108052,,DEF 14A,1394630,0,0,,a07-22723_1def14a.htm,DEF 14A
9999999997-07-041291,2007-09-17,2007-05-31,2007-09-21T15:54:19.000Z,34,ARS,000-11399,07077375,,ARS,1789,0,0,,9999999997-07-041291.paper,AUTO-GENERATED PAPER DOCUMENT
0000892251-07-000186,2007-09-28,2007-09-27,2007-09-28T18:59:45.000Z,34,8-K,000-11399,071142069,"2.02,9.01",8-K,381325,0,0,,form8k092708.htm,FORM 8-K - 9/27/2007
0001140361-07-019107,2007-10-02,2007-09-28,2007-10-02T19:55:07.000Z,,4,,,,4,9280,0,0,,xslF345X02/doc1.xml,FORM 4
0000892251-07-000191,2007-10-05,2007-08-31,2007-10-05T15:42:14.000Z,34,10-Q,000-11399,071158457,,10-Q,1649330,0,0,,form10q083107.htm,FORM 10-Q
0001140361-07-019342,2007-10-05,2007-10-03,2007-10-05T19:59:11.000Z,,4,,,,4,8482,0,0,,xslF345X02/doc1.xml,FORM 4
0001140361-07-020404,2007-10-25,2007-10-23,2007-10-25T20:34:54.000Z,,4,,,,4,9479,0,0,,xslF345X02/doc1.xml,FORM 4
0001140361-07-020405,2007-10-25,2007-10-23,2007-10-25T20:35:56.000Z,,4,,,,4,7835,0,0,,xslF345X02/doc1.xml,FORM 4
0001140361-07-020406,2007-10-25,2007-10-23,2007-10-25T20:36:50.000Z,,4,,,,4,8510,0,0,,xslF345X02/doc1.xml,FORM 4
0001140361-07-020407,2007-10-25,2007-10-23,2007-10-25T20:37:44.000Z,,4,,,,4,7789,0,0,,xslF345X02/doc1.xml,FORM 4
0001140361-07-020408,2007-10-25,2007-10-23,2007-10-25T20:38:44.000Z,,4,,,,4,7864,0,0,,xslF345X02/doc1.xml,FORM 4
0001140361-07-020409,2007-10-25,2007-10-23,2007-10-25T20:39:40.000Z,,4,,,,4,7805,0,0,,xslF345X02/doc1.xml,FORM 4
0001140361-07-020868,2007-11-02,2007-10-31,2007-11-02T19:37:46.000Z,,4,,,,4,10174,0,0,,xslF345X02/doc1.xml,FORM 4
0000950152-07-009382,2007-12-03,,2007-12-03T16:32:05.000Z,33,POSASR,333-136631-09,071279661,,POSASR,325996,0,0,,l28750aposasr.htm,CINTAS CORPORATION NO. 2      POSASR
0000950152-07-009383,2007-12-03,,2007-12-03T16:34:43.000Z,33,424B5,333-136631-09,071279679,,424B5,446134,0,0,,l28750be424b5.htm,CINTAS CORPORATION NO. 2   424B5
0000950152-07-009424,2007-12-04,,2007-12-04T22:27:12.000Z,34,FWP,333-136631-09,071284658,,FWP,18644,0,0,,l28750cfwp.htm,CINTAS CORPORATION NO. 2   FWP
0000950152-07-009442,2007-12-05,,2007-12-05T16:22:00.000Z,33,424B5,333-136631-09,071285790,,424B5,458460,0,0,,l28750de424b5.htm,CINTAS CORPORATION NO. 2    424B5
0000950152-07-009477,2007-12-06,2007-12-04,2007-12-06T20:07:35.000Z,34,8-K,000-11399,071289400,"1.01,9.01",8-K,302204,0,0,,l29091ae8vk.htm,CINTAS CORPORATION   8-K
0000892251-07-000207,2007-12-10,2007-12-03,2007-12-10T15:00:34.000Z,34,8-K,000-11399,071294297,"7.01,9.01",8-K,203451,0,0,,form8k113007.htm,FORM 8-K
0000892251-07-000210,2007-12-21,2007-12-20,2007-12-21T20:00:20.000Z,34,8-K,000-11399,071322688,"2.02,9.01",8-K,471477,0,0,,form8k122007.htm,FORM 8-K - 12/20/2007
0001140361-07-025172,2007-12-26,2007-12-11,2007-12-26T20:36:45.000Z,,4,,,,4,13484,0,0,,xslF345X02/doc1.xml,FORM 4
0001140361-07-025174,2007-12-26,2007-06-22,2007-12-26T20:42:50.000Z,,4,,,,4,10548,0,0,,xslF345X02/doc1.xml,FORM 4
0001193125-08-001566,2008-01-04,2007-11-30,2008-01-04T19:39:05.000Z,34,10-Q,000-11399,08510984,,10-Q,682400,0,0,,d10q.htm,QUARTERLY REPORT
0000950152-08-000154,2008-01-09,,2008-01-09T19:00:15.000Z,33,424B5,333-136631-09,08520168,,424B5,447344,0,0,,l29468ae424b5.htm,CINTAS CORPORATION NO. 2   424B5
0000950152-08-000159,2008-01-09,,2008-01-09T20:15:58.000Z,34,FWP,333-136631-09,08520457,,FWP,23624,0,0,,l29468bfwp.htm,CINTAS CORPORATION NO. 2   FWP
0000950152-08-000176,2008-01-10,,2008-01-10T16:06:28.000Z,33,424B5,333-136631-09,08522552,,424B5,454294,0,0,,l29468ce424b5.htm,CINTAS CORPORATION NO. 2    424B5
0000950152-08-000181,2008-01-10,2008-01-09,2008-01-10T18:04:45.000Z,34,8-K,000-11399,08522939,"1.01,9.01",8-K,201090,0,0,,l29491ae8vk.htm,CINTAS CORPORATION    8-K
0000892251-08-000004,2008-01-17,2008-01-15,2008-01-17T21:32:52.000Z,34,8-K,000-11399,08536425,5.02,8-K,28952,0,0,,form8k011508.htm,FORM 8-K - 1/15/2008
0001140361-08-001550,2008-01-17,2008-01-15,2008-01-17T21:34:48.000Z,,3,,,,3,15712,0,0,,xslF345X02/doc1.xml,FORM 3
0001140361-08-001553,2008-01-17,2008-01-15,2008-01-17T21:36:28.000Z,,4,,,,4,8000,0,0,,xslF345X02/doc1.xml,FORM 4
0000000000-08-004427,2008-01-25,,2008-01-25T19:14:17.000Z,,UPLOAD,,,,LETTER,48168,0,0,,filename1.pdf,
0001140361-08-001980,2008-01-25,2008-01-15,2008-01-25T21:08:38.000Z,,3,,,,3,30954,0,0,,xslF345X02/doc1.xml,FORM 3
0000892251-08-000020,2008-02-01,2008-01-15,2008-02-01T21:47:37.000Z,34,8-K/A,000-11399,08569152,5.02,8-K/A,26787,0,0,,form8ka011508.htm,"FORM 8-K/A - JANUARY 15, 2008"
0001140361-08-002697,2008-02-04,2008-01-31,2008-02-04T21:41:57.000Z,,4,,,,4,25428,0,0,,xslF345X02/doc1.xml,FORM 4
0001325447-08-000012,2008-02-12,,2008-02-12T18:26:59.000Z,34,SC 13G,005-35960,08597132,,SC 13G,8294,0,0,,ctas12310713g.txt,
0000892251-08-000031,2008-02-14,,2008-02-14T17:19:28.000Z,34,SC 13G/A,005-35960,08611190,,SC 13G/A,60701,0,0,,rfarmer13gno22.htm,RICHARD T. FARMER - SCHEDULE 13G AMENDMENT NO. 22
0000892251-08-000070,2008-02-21,,2008-02-21T21:38:48.000Z,,CORRESP,,,,CORRESP,95726,0,0,,filename1.htm,
0001140361-08-005160,2008-02-27,2008-02-25,2008-02-27T20:08:04.000Z,,4,,,,4,12898,0,0,,xslF345X02/doc1.xml,FORM 4
0000892251-08-000092,2008-03-20,2008-03-19,2008-03-20T14:48:02.000Z,34,8-K,000-11399,08701071,"2.02,9.01",8-K,477317,0,0,,form8k031908.htm,FORM 8-K - 3/19/08
0001140361-08-008780,2008-04-03,2008-04-01,2008-04-03T18:05:55.000Z,,4,,,,4,22824,0,0,,xslF345X02/doc1.xml,FORM 4
0000892251-08-000111,2008-04-04,2008-02-29,2008-04-04T16:56:32.000Z,34,10-Q,000-11399,08739740,,10-Q,1882408,0,0,,form10q022908.htm,FORM 10-Q - 2/29/08
0000000000-08-018897,2008-04-10,,2008-04-10T22:13:32.000Z,,UPLOAD,,,,LETTER,27436,0,0,,filename1.pdf,
0000892251-08-000148,2008-05-08,,2008-05-08T15:37:01.000Z,,CORRESP,,,,CORRESP,20065,0,0,,filename1.htm,
0000000000-08-025969,2008-05-21,,2008-05-21T21:17:46.000Z,,UPLOAD,,,,LETTER,19310,0,0,,filename1.pdf,
9999999997-08-030711,2008-06-30,2007-12-31,2008-07-03T14:05:59.000Z,34,11-K,000-11399,08054493,,11-K,1762,0,0,,9999999997-08-030711.paper,AUTO-GENERATED PAPER DOCUMENT
0001140361-08-017013,2008-07-14,2008-05-31,2008-07-14T20:50:22.000Z,,5,,,,5,9026,0,0,,xslF345X03/doc1.xml,FORM 5
0000892251-08-000163,2008-07-16,2008-07-15,2008-07-16T18:11:27.000Z,34,8-K,000-11399,08954808,"2.02,9.01",8-K,471754,0,0,,form8k071508.htm,"FORM 8-K - JULY 15, 2008"
0001140361-08-017290,2008-07-18,2008-07-16,2008-07-18T19:16:49.000Z,,4,,,,4,10103,0,0,,xslF345X03/doc1.xml,FORM 4
0001140361-08-017345,2008-07-21,2008-07-17,2008-07-21T20:36:47.000Z,,4,,,,4,8378,0,0,,xslF345X03/doc1.xml,FORM 4
0001140361-08-017346,2008-07-21,2008-07-17,2008-07-21T20:37:36.000Z,,4,,,,4,8342,0,0,,xslF345X03/doc1.xml,FORM 4
0001140361-08-017347,2008-07-21,2008-07-17,2008-07-21T20:38:22.000Z,,4,,,,4,8289,0,0,,xslF345X03/doc1.xml,FORM 4
0001140361-08-017349,2008-07-21,2008-07-17,2008-07-21T20:41:17.000Z,,4,,,,4,6572,0,0,,xslF345X03/doc1.xml,FORM 4
0001140361-08-017449,2008-07-23,2008-07-21,2008-07-23T18:57:57.000Z,,4,,,,4,10322,0,0,,xslF345X03/doc1.xml,FORM 4
0001140361-08-017451,2008-07-23,2008-07-21,2008-07-23T18:59:48.000Z,,4,,,,4,5975,0,0,,xslF345X03/doc1.xml,FORM 4
0001140361-08-017455,2008-07-23,2008-07-21,2008-07-23T19:02:04.000Z,,4,,,,4,5887,0,0,,xslF345X03/doc1.xml,FORM 4
0001140361-08-017457,2008-07-23,2008-07-21,2008-07-23T19:04:25.000Z,,4,,,,4,6573,0,0,,xslF345X03/doc1.xml,FORM 4
0000892251-08-000175,2008-07-30,2008-05-31,2008-07-30T18:00:35.000Z,34,10-K,000-11399,08978381,,10-K,3177853,0,0,,form10k053108.htm,"FORM 10-K - MAY 31, 2008"
0001047469-08-009850,2008-09-04,2008-10-14,2008-09-04T12:38:07.000Z,34,DEF 14A,000-11399,081055336,,DEF 14A,1232327,0,0,,a2187642zdef14a.htm,DEF 14A
0000892251-08-000199,2008-09-19,2008-09-18,2008-09-19T19:43:08.000Z,34,8-K,000-11399,081080499,"2.02,9.01",8-K,350052,0,0,,form8k091808.htm,FORM 8-K - 9/18/2008
0000892251-08-000205,2008-10-07,2008-08-31,2008-10-07T20:26:43.000Z,34,10-Q,000-11399,081112491,,10-Q,1616883,0,0,,form10q083108.htm,FORM 10-Q - 8/31/08
0000892251-08-000207,2008-10-14,2008-10-14,2008-10-14T19:30:18.000Z,34,8-K,000-11399,081122177,"5.03,9.01",8-K,151877,0,0,,form8k101408.htm,FORM 8-K - 10/14/08
0001140361-08-023295,2008-10-15,2008-10-14,2008-10-15T20:32:32.000Z,,4,,,,4,7647,0,0,,xslF345X03/doc1.xml,FORM 4
0001140361-08-023296,2008-10-15,2008-10-14,2008-10-15T20:33:07.000Z,,4,,,,4,7618,0,0,,xslF345X03/doc1.xml,FORM 4
0001140361-08-023297,2008-10-15,2008-10-14,2008-10-15T20:33:56.000Z,,4,,,,4,7588,0,0,,xslF345X03/doc1.xml,FORM 4
0001140361-08-023298,2008-10-15,2008-10-14,2008-10-15T20:34:34.000Z,,4,,,,4,7572,0,0,,xslF345X03/doc1.xml,FORM 4
0001140361-08-023299,2008-10-15,2008-10-14,2008-10-15T20:35:18.000Z,,4,,,,4,8293,0,0,,xslF345X03/doc1.xml,FORM 4
0001140361-08-023300,2008-10-15,2008-10-14,2008-10-15T20:35:55.000Z,,4,,,,4,7786,0,0,,xslF345X03/doc1.xml,FORM 4
9999999997-08-046596,2008-11-20,2008-05-31,2008-11-28T19:53:41.000Z,34,ARS,000-11399,08067261,,ARS,1789,0,0,,9999999997-08-046596.paper,AUTO-GENERATED PAPER DOCUMENT
0000892251-08-000259,2008-12-22,2008-12-19,2008-12-22T21:31:04.000Z,34,8-K,000-11399,081264184,"2.02,9.01",8-K,564446,0,0,,form8k121908.htm,FORM 8-K
0001193125-09-003156,2009-01-08,2008-11-30,2009-01-08T19:52:51.000Z,34,10-Q,000-11399,09515548,,10-Q,817985,0,0,,d10q.htm,QUARTERLY REPORT
0001325447-09-000007,2009-02-12,,2009-02-12T15:20:28.000Z,34,SC 13G/A,005-35960,09592381,,SC 13G/A,8354,0,0,,ctas12310813ga.txt,
0000892251-09-000027,2009-02-13,,2009-02-13T21:09:03.000Z,34,SC 13G/A,005-35960,09603532,,SC 13G/A,70926,0,0,,rfarmer13gno23.htm,"SCHEDULE 13G, AMENDMENT NO. 23"
0000892251-09-000037,2009-03-19,2009-03-18,2009-03-19T18:44:43.000Z,34,8-K,000-11399,09693181,"2.02,9.01",8-K,550931,0,0,,form8k031809.htm,FORM 8-K - 3/18/2009
0000892251-09-000045,2009-03-25,2009-03-24,2009-03-25T13:29:38.000Z,34,8-K,000-11399,09702890,5.02,8-K,28287,0,0,,form8k032409.htm,"FORM 8-K MARCH 24, 2009"
0001140361-09-008178,2009-03-27,2009-03-24,2009-03-27T20:55:39.000Z,,3,,,,3,15426,0,0,,xslF345X02/doc1.xml,FORM 3
0001140361-09-008179,2009-03-27,2009-03-24,2009-03-27T20:56:31.000Z,,4,,,,4,19110,0,0,,xslF345X03/doc1.xml,FORM 4
0000892251-09-000057,2009-04-08,2009-02-28,2009-04-08T19:01:19.000Z,34,10-Q,000-11399,09739705,,10-Q,2136884,0,0,,form10q022809.htm,FORM 10-Q - 2/28/09
0000892251-09-000078,2009-04-30,2009-04-28,2009-04-30T20:45:42.000Z,34,8-K,000-11399,09784499,"1.01,9.01",8-K,129844,0,0,,form8k042809.htm,FORM 8-K - 4/28/09
0000892251-09-000099,2009-05-29,2009-05-29,2009-05-29T15:28:23.000Z,34,8-K,000-11399,09859779,"8.01,9.01",8-K,39270,0,0,,form8k052909.htm,"CINTAS FORM 8-K MAY 29, 2009"
0001140361-09-013858,2009-06-03,2009-06-01,2009-06-03T18:15:43.000Z,,4,,,,4,11960,0,0,,xslF345X03/doc1.xml,FORM 4
0001140361-09-013859,2009-06-03,2009-06-01,2009-06-03T18:17:29.000Z,,4,,,,4,8611,0,0,,xslF345X03/doc1.xml,FORM 4
0000892251-09-000105,2009-06-11,,2009-06-11T17:00:42.000Z,34,SC 13D,005-35960,09886439,,SC 13D,345303,0,0,,schecule13d060109.htm,"SCOTT D. FARMER SCHEDULE 13D JUNE 1, 2009"
9999999997-09-023290,2009-07-01,2008-12-31,2009-08-03T15:55:07.000Z,34,11-K,000-11399,09012174,,11-K,1762,0,0,,9999999997-09-023290.paper,AUTO-GENERATED PAPER DOCUMENT
0001140361-09-016421,2009-07-15,2009-05-31,2009-07-15T19:21:22.000Z,,5,,,,5,8846,0,0,,xslF345X03/doc1.xml,FORM 5
0000892251-09-000113,2009-07-16,2009-07-15,2009-07-16T20:11:43.000Z,34,8-K,000-11399,09948375,"2.02,9.01",8-K,598052,0,0,,form8k071509.htm,FORM 8-K - 7/15/09
0001140361-09-016672,2009-07-20,2009-07-17,2009-07-20T20:53:39.000Z,,4,,,,4,6447,0,0,,xslF345X03/doc1.xml,FORM 4
0001140361-09-016673,2009-07-20,2009-07-17,2009-07-20T20:54:37.000Z,,4,,,,4,8151,0,0,,xslF345X03/doc1.xml,FORM 4
0001140361-09-016674,2009-07-20,2009-07-17,2009-07-20T20:56:04.000Z,,4,,,,4,8292,0,0,,xslF345X03/doc1.xml,FORM 4
0001140361-09-016676,2009-07-20,2009-07-17,2009-07-20T20:56:44.000Z,,4,,,,4,8314,0,0,,xslF345X03/doc1.xml,FORM 4
0001140361-09-017209,2009-07-29,2009-07-28,2009-07-29T20:48:54.000Z,,4,,,,4,6642,0,0,,xslF345X03/doc1.xml,FORM 4
0001140361-09-017210,2009-07-29,2009-07-28,2009-07-29T20:49:22.000Z,,4,,,,4,5956,0,0,,xslF345X03/doc1.xml,FORM 4
0001140361-09-017211,2009-07-29,2009-07-28,2009-07-29T20:49:32.000Z,,4,,,,4,6119,0,0,,xslF345X03/doc1.xml,FORM 4
0001140361-09-017212,2009-07-29,2009-07-27,2009-07-29T20:50:09.000Z,,4,,,,4,10177,0,0,,xslF345X03/doc1.xml,FORM 4
0001140361-09-017213,2009-07-29,2009-07-27,2009-07-29T20:52:53.000Z,,4,,,,4,13018,0,0,,xslF345X03/doc1.xml,FORM 4
0001047469-09-007009,2009-07-30,2009-05-31,2009-07-30T13:52:56.000Z,34,10-K,000-11399,09972212,,10-K,1565924,0,0,,a2193768z10-k.htm,10-K
0001140361-09-017304,2009-07-30,2009-07-28,2009-07-30T19:31:07.000Z,,4/A,,,,4/A,6669,0,0,,xslF345X03/doc1.xml,FORM 4/A
0000892251-09-000124,2009-07-31,,2009-07-31T14:02:43.000Z,33,S-3ASR,333-160926,09975591,,S-3ASR,564569,0,0,,forms3073109.htm,FORM S-3
0001140361-09-017406,2009-07-31,2009-07-30,2009-07-31T15:52:25.000Z,,4,,,,4,7226,0,0,,xslF345X03/doc1.xml,FORM 4
0000892251-09-000145,2009-08-20,2009-08-20,2009-08-20T20:43:08.000Z,34,8-K,000-11399,091026946,8.01,8-K,26273,0,0,,form8k082009.htm,FORM 8-K
0001047469-09-008138,2009-09-04,2009-10-20,2009-09-04T13:47:55.000Z,34,DEF 14A,000-11399,091054977,,DEF 14A,1386197,0,0,,a2194361zdef14a.htm,DEF 14A
0000892251-09-000163,2009-09-24,2009-09-23,2009-09-24T17:05:12.000Z,34,8-K,000-11399,091084287,"2.02,9.01",8-K,512186,0,0,,form8k092309.htm,FORM 8-K - 9/23/09
0001140361-09-021715,2009-09-25,2009-09-25,2009-09-25T16:10:56.000Z,,4,,,,4,6069,0,0,,xslF345X03/doc1.xml,FORM 4
0001140361-09-022023,2009-09-30,2009-09-28,2009-09-30T19:13:39.000Z,,4,,,,4,9284,0,0,,xslF345X03/doc1.xml,FORM 4
0001104659-09-058381,2009-10-09,2009-08-31,2009-10-09T13:24:00.000Z,34,10-Q,000-11399,091113139,,10-Q,1445049,0,0,,a09-29937_110q.htm,10-Q
0001140361-09-023562,2009-10-20,2009-10-20,2009-10-20T20:21:40.000Z,,4,,,,4,7657,0,0,,xslF345X03/doc1.xml,FORM 4
0001140361-09-023563,2009-10-20,2009-10-20,2009-10-20T20:22:35.000Z,,4,,,,4,7641,0,0,,xslF345X03/doc1.xml,FORM 4
0001140361-09-023564,2009-10-20,2009-10-20,2009-10-20T20:23:28.000Z,,4,,,,4,8362,0,0,,xslF345X03/doc1.xml,FORM 4
0001140361-09-023565,2009-10-20,2009-10-20,2009-10-20T20:24:09.000Z,,4,,,,4,7636,0,0,,xslF345X03/doc1.xml,FORM 4
0001140361-09-023566,2009-10-20,2009-10-20,2009-10-20T20:24:51.000Z,,4,,,,4,7663,0,0,,xslF345X03/doc1.xml,FORM 4
0001140361-09-023567,2009-10-20,2009-10-20,2009-10-20T20:25:42.000Z,,4,,,,4,7671,0,0,,xslF345X03/doc1.xml,FORM 4
0001140361-09-023568,2009-10-20,2009-10-20,2009-10-20T20:26:32.000Z,,4,,,,4,7697,0,0,,xslF345X03/doc1.xml,FORM 4
0000892251-09-000175,2009-10-23,2009-10-20,2009-10-23T19:47:14.000Z,34,8-K,000-11399,091134621,5.02,8-K,25543,0,0,,form8k102009.htm,FORM 8-K - 10/20/09
0000892251-09-000179,2009-11-04,2009-10-31,2009-11-04T13:42:25.000Z,34,8-K,000-11399,091156325,5.02,8-K,23488,0,0,,form8k103109.htm,FORM 8-K
0000000000-09-062645,2009-11-05,,2009-11-05T15:09:17.000Z,,UPLOAD,,,,LETTER,30676,0,0,,filename1.pdf,
0000892251-09-000184,2009-11-10,,2009-11-10T19:55:56.000Z,,CORRESP,,,,CORRESP,31331,0,0,,filename1.htm,
0000892251-09-000194,2009-12-02,,2009-12-02T14:01:42.000Z,,CORRESP,,,,CORRESP,39367,0,0,,filename1.htm,
0000000000-09-072308,2009-12-23,,2009-12-23T18:42:41.000Z,,UPLOAD,,,,LETTER,15667,0,0,,filename1.pdf,
0000892251-09-000199,2009-12-23,2009-12-22,2009-12-23T19:45:19.000Z,34,8-K,000-11399,091257789,"2.02,9.01",8-K,743324,0,0,,form8k122209.htm,FORM 8-K - 12/22/09
0001104659-10-000866,2010-01-08,2009-11-30,2010-01-08T19:51:42.000Z,34,10-Q,000-11399,10517368,,10-Q,1770444,0,0,,a10-1172_110q.htm,10-Q
0000764532-10-000008,2010-01-28,,2010-01-28T19:58:43.000Z,34,SC 13G,005-35960,10553565,,SC 13G,8249,0,0,,cintas09mod.txt,CINTAS 13G FLILING 2009
0001325447-10-000008,2010-02-10,,2010-02-10T14:56:56.000Z,34,SC 13G/A,005-35960,10586385,,SC 13G/A,8533,0,0,,ctas12310913ga.txt,
0000892251-10-000020,2010-02-12,,2010-02-12T21:30:15.000Z,34,SC 13G/A,005-35960,10599890,,SC 13G/A,53584,0,0,,sc13gano24.htm,SCHEDULE 13G - AMENDMENT NO. 24
0000892251-10-000033,2010-03-19,2010-03-18,2010-03-19T20:11:07.000Z,34,8-K,000-11399,10694360,"2.02,9.01",8-K,664369,0,0,,form8k031810.htm,FORM 8-K
0001104659-10-019055,2010-04-09,2010-02-28,2010-04-09T15:28:44.000Z,34,10-Q,000-11399,10741487,,10-Q,1769341,0,0,,a10-4881_110q.htm,10-Q
0000892251-10-000083,2010-04-28,2010-04-26,2010-04-28T13:02:42.000Z,34,8-K,000-11399,10775289,5.02,8-K,23469,0,0,,form8k042610.htm,FORM 8-K
0001140361-10-017735,2010-04-28,2010-04-26,2010-04-28T13:06:51.000Z,,3,,,,3,14883,0,0,,xslF345X02/doc1.xml,FORM 3
0001140361-10-017736,2010-04-28,2010-04-26,2010-04-28T13:08:07.000Z,,4,,,,4,7568,0,0,,xslF345X03/doc1.xml,FORM 4
0000892251-10-000124,2010-06-04,2010-06-01,2010-06-04T20:02:46.000Z,34,8-K,000-11399,10879061,5.02,8-K,20921,0,0,,form8k060110.htm,"FORM 8-K JUNE 1, 2010"
9999999997-10-014043,2010-06-25,2009-12-31,2010-06-29T15:56:52.000Z,34,11-K,000-11399,10013211,,11-K,1762,0,0,,9999999997-10-014043.paper,AUTO-GENERATED PAPER DOCUMENT
0001140361-10-029167,2010-07-13,2010-07-12,2010-07-13T13:31:15.000Z,,4,,,,4,5851,0,0,,xslF345X03/doc1.xml,FORM 4
0001140361-10-029168,2010-07-13,2010-07-12,2010-07-13T13:32:32.000Z,,4,,,,4,5167,0,0,,xslF345X03/doc1.xml,FORM 4
0001140361-10-029169,2010-07-13,2010-07-12,2010-07-13T13:34:19.000Z,,4,,,,4,5978,0,0,,xslF345X03/doc1.xml,FORM 4
0001140361-10-029170,2010-07-13,2010-07-12,2010-07-13T13:35:50.000Z,,4,,,,4,6057,0,0,,xslF345X03/doc1.xml,FORM 4
0001140361-10-029498,2010-07-15,2010-05-31,2010-07-15T20:10:43.000Z,,5,,,,5,9347,0,0,,xslF345X03/doc1.xml,FORM 5
0000892251-10-000141,2010-07-22,2010-05-31,2010-07-22T18:52:07.000Z,34,8-K,000-11399,10964597,"2.02,9.01",8-K,623204,0,0,,form8k072010.htm,FORM 8-K
0001140361-10-030256,2010-07-26,2010-07-22,2010-07-26T20:14:22.000Z,,4,,,,4,4969,0,0,,xslF345X03/doc1.xml,FORM 4
0001140361-10-030258,2010-07-26,2010-07-22,2010-07-26T20:15:09.000Z,,4,,,,4,7944,0,0,,xslF345X03/doc1.xml,FORM 4
0001140361-10-030260,2010-07-26,2010-07-22,2010-07-26T20:16:06.000Z,,4,,,,4,8072,0,0,,xslF345X03/doc1.xml,FORM 4
0001140361-10-030484,2010-07-27,2010-07-23,2010-07-27T20:50:49.000Z,,4,,,,4,14229,0,0,,xslF345X03/doc1.xml,FORM 4
0001140361-10-030518,2010-07-28,2010-07-26,2010-07-28T13:00:57.000Z,,4,,,,4,5694,0,0,,xslF345X03/doc1.xml,FORM 4
0001047469-10-006785,2010-07-30,2010-05-31,2010-07-30T14:25:20.000Z,34,10-K,000-11399,10979772,,10-K,1708899,0,0,,a2199462z10-k.htm,FORM 10-K
0001325447-10-000032,2010-08-09,,2010-08-09T20:19:44.000Z,34,SC 13G/A,005-35960,101001861,,SC 13G/A,8469,0,0,,ctas07301013ga.txt,
0001047469-10-008117,2010-09-16,2010-10-26,2010-09-16T19:05:42.000Z,34,DEF 14A,000-11399,101075874,,DEF 14A,1519681,0,0,,a2200103zdef14a.htm,DEF 14A
0000892251-10-000182,2010-09-22,2010-09-21,2010-09-22T21:03:10.000Z,34,8-K,000-11399,101085094,"2.02,9.01",8-K,402756,0,0,,form8k092110.htm,FORM 8-K
9999999997-10-018170,2010-09-24,2010-05-31,2010-09-27T15:50:06.000Z,34,ARS,000-11399,10012465,,ARS,1789,0,0,,9999999997-10-018170.paper,AUTO-GENERATED PAPER DOCUMENT
0001104659-10-050887,2010-10-01,2010-09-27,2010-10-01T18:00:29.000Z,34,8-K,000-11399,101101810,"1.01,2.03,9.01",8-K,1441078,0,0,,a10-18597_18k.htm,8-K
0001104659-10-051814,2010-10-08,2010-08-31,2010-10-08T17:52:56.000Z,34,10-Q,000-11399,101115758,,10-Q,7689575,1,0,,a10-15843_110q.htm,10-Q
0000892251-10-000202,2010-10-26,2010-10-26,2010-10-26T20:57:09.000Z,34,8-K,000-11399,101142746,"8.01,9.01",8-K,33023,0,0,,form8k102610.htm,FORM 8-K
0000892251-10-000204,2010-10-27,2010-10-26,2010-10-27T20:34:22.000Z,34,8-K,000-11399,101145237,5.07,8-K,45341,0,0,,form8k102610annmtg.htm,FORM 8-K
0001140361-10-042434,2010-10-27,2010-10-26,2010-10-27T20:53:17.000Z,,4,,,,4,7453,0,0,,xslF345X03/doc1.xml,FORM 4
0001140361-10-042436,2010-10-27,2010-10-26,2010-10-27T20:54:10.000Z,,4,,,,4,7571,0,0,,xslF345X03/doc1.xml,FORM 4
0001140361-10-042437,2010-10-27,2010-10-26,2010-10-27T20:55:36.000Z,,4,,,,4,7461,0,0,,xslF345X03/doc1.xml,FORM 4
0001140361-10-042438,2010-10-27,2010-10-26,2010-10-27T20:56:17.000Z,,4,,,,4,7487,0,0,,xslF345X03/doc1.xml,FORM 4
0001140361-10-042439,2010-10-27,2010-10-26,2010-10-27T20:56:58.000Z,,4,,,,4,8152,0,0,,xslF345X03/doc1.xml,FORM 4
0001104659-10-064186,2010-12-23,2010-12-21,2010-12-23T20:24:51.000Z,34,8-K,000-11399,101272164,"2.02,9.01",8-K,593704,0,0,,a10-24269_18k.htm,8-K
0001104659-11-000787,2011-01-07,2010-11-30,2011-01-07T18:48:24.000Z,34,10-Q,000-11399,11516814,,10-Q,9248400,1,0,,a10-20134_110q.htm,10-Q
0001104659-11-003942,2011-01-31,2010-10-26,2011-01-31T21:55:28.000Z,,3,,,,3,33266,0,0,,xslF345X02/a3.xml,3
0001104659-11-003944,2011-01-31,2010-12-15,2011-01-31T21:56:40.000Z,,4,,,,4,5494,0,0,,xslF345X03/a4.xml,4
0000764532-11-000002,2011-02-09,,2011-02-09T16:23:32.000Z,34,SC 13G/A,005-35960,11585343,,SC 13G/A,8265,0,0,,cintas10mod.txt,CINTAS 13G DECEMBER 2010
0001325447-11-000007,2011-02-10,,2011-02-10T20:14:51.000Z,34,SC 13G/A,005-35960,11592026,,SC 13G/A,8475,0,0,,ctas12311013ga.txt,
0000000000-11-014278,2011-03-07,,2011-03-07T21:24:59.000Z,,UPLOAD,,,,LETTER,56387,0,0,,filename1.pdf,
0001104659-11-014000,2011-03-14,,2011-03-14T13:29:38.000Z,,CORRESP,,,,CORRESP,14942,0,0,,filename1.htm,
0000000000-11-015727,2011-03-14,,2011-03-14T16:32:48.000Z,,UPLOAD,,,,LETTER,45921,0,0,,filename1.pdf,
0001104659-11-015789,2011-03-22,2011-03-22,2011-03-22T20:36:04.000Z,34,8-K,000-11399,11704267,"2.02,9.01",8-K,566079,0,0,,a11-8500_18k.htm,8-K
0001104659-11-016148,2011-03-23,,2011-03-23T22:30:17.000Z,,CORRESP,,,,CORRESP,16939,0,0,,filename1.htm,
0001104659-11-019252,2011-04-08,2011-02-28,2011-04-08T15:23:22.000Z,34,10-Q,000-11399,11748426,,10-Q,10030734,1,0,,a11-6544_110q.htm,10-Q
0001140361-11-024873,2011-05-04,2011-05-02,2011-05-04T20:18:55.000Z,,4,,,,4,7122,0,0,,xslF345X03/doc1.xml,FORM 4
0000892251-11-000042,2011-05-04,,2011-05-04T20:19:48.000Z,34,SC 13D/A,005-35960,11810482,,SC 13D/A,67992,0,0,,sc13dno1052011.htm,AMENDMENT NO. 1
0001140361-11-024876,2011-05-04,2011-05-02,2011-05-04T20:21:44.000Z,,3,,,,3,3860,0,0,,xslF345X02/doc1.xml,FORM 3
0001140361-11-024875,2011-05-04,2011-05-02,2011-05-04T20:27:07.000Z,,4,,,,4,8337,0,0,,xslF345X03/doc1.xml,FORM 4
0001104659-11-029777,2011-05-18,,2011-05-18T12:46:07.000Z,33,POSASR,333-160926,11853515,,POSASR,375519,0,0,,a11-12472_1posasr.htm,POS AM
0001047469-11-005302,2011-05-18,2010-05-31,2011-05-18T12:52:20.000Z,34,10-K/A,000-11399,11853527,,10-K/A,228009,0,0,,a2204021z10-ka.htm,10-K/A
0001047469-11-005303,2011-05-18,,2011-05-18T12:59:52.000Z,33,424B5,333-160926,11853532,,424B5,532941,0,0,,a2203818z424b5.htm,424B5
0001104659-11-029987,2011-05-18,,2011-05-18T20:59:39.000Z,34,FWP,333-160926,11855468,,FWP,43105,0,0,,a11-11272_3fwp.htm,FWP
0001047469-11-005346,2011-05-19,,2011-05-19T16:40:13.000Z,33,424B5,333-160926,11857102,,424B5,528854,0,0,,a2203818z424b5.htm,424B5
0001104659-11-030745,2011-05-23,2011-05-18,2011-05-23T14:44:53.000Z,34,8-K,000-11399,11863778,"8.01,9.01",8-K,711820,0,0,,a11-11272_48k.htm,8-K
9999999997-11-012195,2011-06-27,2010-12-31,2011-06-30T16:59:52.000Z,34,11-K,000-11399,11007962,,11-K,1350,0,0,,9999999997-11-012195.paper,AUTO-GENERATED PAPER DOCUMENT
0001140361-11-035792,2011-07-06,2011-07-01,2011-07-06T19:32:46.000Z,,4,,,,4,7614,0,0,,xslF345X03/doc1.xml,FORM 4
0001140361-11-037013,2011-07-15,2011-05-31,2011-07-15T19:34:32.000Z,,5,,,,5,9796,0,0,,xslF345X03/doc1.xml,FORM 5
0001104659-11-039678,2011-07-19,2011-07-19,2011-07-19T20:19:46.000Z,34,8-K,000-11399,11975427,"2.02,9.01",8-K,624995,0,0,,a11-19831_18k.htm,8-K
0001140361-11-037865,2011-07-25,2011-07-21,2011-07-25T20:14:54.000Z,,4,,,,4,9313,0,0,,xslF345X03/doc1.xml,FORM 4
0001140361-11-037891,2011-07-25,2011-07-21,2011-07-25T20:44:05.000Z,,4,,,,4,8127,0,0,,xslF345X03/doc1.xml,FORM 4
0001140361-11-037897,2011-07-25,2011-07-21,2011-07-25T20:45:43.000Z,,4,,,,4,17802,0,0,,xslF345X03/doc1.xml,FORM 4
0001140361-11-037902,2011-07-25,2011-07-21,2011-07-25T20:57:07.000Z,,4,,,,4,7155,0,0,,xslF345X03/doc1.xml,FORM 4
0001140361-11-038145,2011-07-27,2011-07-25,2011-07-27T19:36:54.000Z,,4,,,,4,12289,0,0,,xslF345X03/doc1.xml,FORM 4
0001047469-11-006745,2011-07-29,2011-05-31,2011-07-29T16:40:22.000Z,34,10-K,000-11399,11996493,,10-K,6556473,1,0,,a2204868z10-k.htm,10-K
0001140361-11-041152,2011-08-11,2011-08-09,2011-08-11T18:20:40.000Z,,4,,,,4,12328,0,0,,xslF345X03/doc1.xml,FORM 4
0001140361-11-041154,2011-08-11,2011-08-09,2011-08-11T18:21:23.000Z,,4,,,,4,8607,0,0,,xslF345X03/doc1.xml,FORM 4
0001047469-11-007877,2011-09-08,2011-10-18,2011-09-08T15:08:44.000Z,34,DEF 14A,000-11399,111079890,,DEF 14A,1506531,0,0,,a2205420zdef14a.htm,DEF 14A
0001104659-11-052928,2011-09-22,2011-09-22,2011-09-22T20:31:05.000Z,34,8-K,000-11399,111103312,"2.02,9.01",8-K,376280,0,0,,a11-26894_18k.htm,8-K
0001104659-11-054010,2011-09-29,2011-09-29,2011-09-29T21:16:57.000Z,34,8-K,000-11399,111115209,8.01,8-K,21967,0,0,,a11-27210_18k.htm,8-K
0001104659-11-055364,2011-10-07,2011-08-31,2011-10-07T17:37:57.000Z,34,10-Q,000-11399,111131704,,10-Q,14324740,1,0,,a11-26234_110q.htm,10-Q
0001104659-11-055628,2011-10-11,2011-10-07,2011-10-11T19:37:03.000Z,34,8-K,000-11399,111135473,"1.01,9.01",8-K,161262,0,0,,a11-27764_18k.htm,8-K
0001140361-11-049866,2011-10-19,2011-10-18,2011-10-19T20:53:41.000Z,,3,,,,3,13300,0,0,,xslF345X02/doc1.xml,FORM 3
0001140361-11-049867,2011-10-19,2011-10-18,2011-10-19T20:54:44.000Z,,4,,,,4,7019,0,0,,xslF345X03/doc1.xml,FORM 4
0001140361-11-049869,2011-10-19,2011-10-18,2011-10-19T20:55:39.000Z,,4,,,,4,7046,0,0,,xslF345X03/doc1.xml,FORM 4
0001140361-11-049870,2011-10-19,2011-10-18,2011-10-19T20:56:28.000Z,,4,,,,4,7079,0,0,,xslF345X03/doc1.xml,FORM 4
0001140361-11-049872,2011-10-19,2011-10-18,2011-10-19T20:57:21.000Z,,4,,,,4,7745,0,0,,xslF345X03/doc1.xml,FORM 4
0001140361-11-049873,2011-10-19,2011-10-18,2011-10-19T20:58:07.000Z,,4,,,,4,7160,0,0,,xslF345X03/doc1.xml,FORM 4
0001140361-11-049875,2011-10-19,2011-10-18,2011-10-19T20:59:05.000Z,,4,,,,4,7054,0,0,,xslF345X03/doc1.xml,FORM 4
0001104659-11-056883,2011-10-20,2011-10-18,2011-10-20T14:29:17.000Z,34,8-K,000-11399,111149386,"5.07,8.01",8-K,66261,0,0,,a11-28300_18k.htm,8-K
0001325447-11-000026,2011-11-08,,2011-11-08T17:41:10.000Z,34,SC 13G/A,005-35960,111186958,,SC 13G/A,8167,0,0,,ctas10311113ga.txt,
0001104659-11-067324,2011-12-02,2011-12-02,2011-12-02T13:31:43.000Z,34,8-K,000-11399,111238768,5.02,8-K,24370,0,0,,a11-30883_18k.htm,8-K
0001140361-11-056243,2011-12-06,2011-12-02,2011-12-06T16:38:52.000Z,,3,,,,3,15068,0,0,,xslF345X02/doc1.xml,FORM 3
0001140361-11-056244,2011-12-06,2011-12-02,2011-12-06T16:40:19.000Z,,4,,,,4,7865,0,0,,xslF345X03/doc1.xml,FORM 4
0001104659-11-070384,2011-12-20,2011-12-20,2011-12-20T21:26:51.000Z,34,8-K,000-11399,111272326,"2.02,9.01",8-K,521810,0,0,,a11-32036_18k.htm,8-K
0001140361-11-058599,2011-12-22,2011-12-22,2011-12-22T16:30:32.000Z,,4,,,,4,4390,0,0,,xslF345X03/doc1.xml,FORM 4
0001104659-12-001090,2012-01-09,2011-11-30,2012-01-09T17:01:10.000Z,34,10-Q,000-11399,12516716,,10-Q,18741643,1,0,,a11-29943_110q.htm,10-Q
0000764532-12-000001,2012-02-10,,2012-02-10T19:51:50.000Z,34,SC 13G,005-35960,12592156,,SC 13G,7822,0,0,,cintas11mod.txt,13G CINTAS DECEMBER 2011
0001325447-12-000016,2012-02-13,,2012-02-13T19:04:36.000Z,34,SC 13G/A,005-35960,12597736,,SC 13G/A,8064,0,0,,ctas12311113ga.txt,
0001104659-12-019471,2012-03-20,2012-03-20,2012-03-20T20:30:19.000Z,34,8-K,000-11399,12703767,"2.02,9.01",8-K,535013,0,0,,a12-7597_18k.htm,8-K
0001104659-12-024280,2012-04-09,2012-02-29,2012-04-09T14:00:53.000Z,34,10-Q,000-11399,12748974,,10-Q,15052563,1,0,,a12-5362_110q.htm,10-Q
0001047469-12-006457,2012-06-05,,2012-06-05T14:32:19.000Z,33,424B5,333-160926,12888012,,424B5,530529,0,0,,a2209790z424b5.htm,424B5
0001104659-12-041908,2012-06-05,,2012-06-05T21:00:57.000Z,34,FWP,333-160926,12889789,,FWP,33584,0,0,,a12-13310_2fwp.htm,FWP
0001047469-12-006485,2012-06-06,,2012-06-06T19:28:42.000Z,33,424B5,333-160926,12891978,,424B5,532463,0,0,,a2209790z424b5.htm,424B5
0001104659-12-042412,2012-06-08,2012-06-05,2012-06-08T00:31:33.000Z,34,8-K,000-11399,12896092,"8.01,9.01",8-K,610797,0,0,,a12-13310_38k.htm,8-K
9999999997-12-011406,2012-06-28,2011-12-31,2012-07-09T15:06:05.000Z,34,11-K,000-11399,12027759,,11-K,1350,0,0,,9999999997-12-011406.paper,AUTO-GENERATED PAPER DOCUMENT
0001140361-12-033166,2012-07-16,2012-05-31,2012-07-16T13:19:24.000Z,,5,,,,5,5839,0,0,,xslF345X03/doc1.xml,FORM 5
0001140361-12-033167,2012-07-16,2012-05-31,2012-07-16T13:20:21.000Z,,5,,,,5,6506,0,0,,xslF345X03/doc1.xml,FORM 5
0001445305-12-002176,2012-07-17,2012-07-16,2012-07-16T21:56:38.000Z,34,8-K,000-11399,12964422,"2.02,9.01",8-K,545158,0,0,,ctasform8-k07x12.htm,8-K
0001140361-12-033578,2012-07-20,2012-07-18,2012-07-20T20:10:55.000Z,,4,,,,4,9313,0,0,,xslF345X03/doc1.xml,FORM 4
0001140361-12-033581,2012-07-20,2012-07-18,2012-07-20T20:11:52.000Z,,4,,,,4,7157,0,0,,xslF345X03/doc1.xml,FORM 4
0001140361-12-033582,2012-07-20,2012-07-18,2012-07-20T20:12:41.000Z,,4,,,,4,6342,0,0,,xslF345X03/doc1.xml,FORM 4
0001140361-12-033584,2012-07-20,2012-07-18,2012-07-20T20:13:33.000Z,,4,,,,4,9417,0,0,,xslF345X03/doc1.xml,FORM 4
0001140361-12-033820,2012-07-24,2012-07-24,2012-07-24T21:05:09.000Z,,4,,,,4,5447,0,0,,xslF345X03/doc1.xml,FORM 4
0001140361-12-033821,2012-07-24,2012-07-24,2012-07-24T21:05:51.000Z,,4,,,,4,5551,0,0,,xslF345X03/doc1.xml,FORM 4
0001140361-12-033938,2012-07-25,2012-07-23,2012-07-25T21:05:59.000Z,,4,,,,4,10520,0,0,,xslF345X03/doc1.xml,FORM 4
0001140361-12-033939,2012-07-25,2012-07-23,2012-07-25T21:07:09.000Z,,4,,,,4,5365,0,0,,xslF345X03/doc1.xml,FORM 4
0001104659-12-051902,2012-07-27,2012-07-24,2012-07-27T21:00:27.000Z,34,8-K,000-11399,12991233,"5.02,9.01",8-K,152096,0,0,,a12-16955_18k.htm,8-K
0000723254-12-000004,2012-07-30,2012-05-31,2012-07-30T19:55:40.000Z,34,10-K,000-11399,12993625,,10-K,22924407,1,0,,ctas531201210k.htm,10-K
0001140361-12-034438,2012-07-31,2012-07-27,2012-07-31T19:26:39.000Z,,4,,,,4,19047,0,0,,xslF345X03/doc1.xml,FORM 4
0001104659-12-052716,2012-07-31,,2012-07-31T20:20:27.000Z,33,S-3ASR,333-182960,12997147,,S-3ASR,794402,0,0,,a12-16495_1s3asr.htm,S-3ASR
0001140361-12-034936,2012-08-03,2012-07-23,2012-08-03T14:00:04.000Z,,4/A,,,,4/A,4766,0,0,,xslF345X03/doc1.xml,FORM 4/A
0001047469-12-008693,2012-09-06,2012-10-16,2012-09-06T14:56:23.000Z,34,DEF 14A,000-11399,121075945,,DEF 14A,1535307,0,0,,a2210887zdef14a.htm,DEF 14A
0000723254-12-000006,2012-09-20,2012-09-20,2012-09-20T20:53:51.000Z,34,8-K,000-11399,121102486,"2.02,9.01",8-K,367627,0,0,,ctasform8-k9x12.htm,8-K
0001140361-12-041527,2012-09-26,2012-09-24,2012-09-26T13:52:59.000Z,,4,,,,4,13859,0,0,,xslF345X03/doc1.xml,FORM 4
0001140361-12-041582,2012-09-26,2012-09-24,2012-09-26T17:55:56.000Z,,4,,,,4,4705,0,0,,xslF345X03/doc1.xml,FORM 4
9999999997-12-014133,2012-10-09,2012-05-31,2012-10-15T16:33:59.000Z,34,ARS,000-11399,12028323,,ARS,1377,0,0,,9999999997-12-014133.paper,AUTO-GENERATED PAPER DOCUMENT
0000723254-12-000009,2012-10-10,2012-08-31,2012-10-10T18:19:30.000Z,34,10-Q,000-11399,121137397,,10-Q,13533204,1,0,,ctas-2012x831x10xq.htm,10-Q
0000723254-12-000011,2012-10-17,2012-10-16,2012-10-17T18:09:50.000Z,34,8-K,000-11399,121147924,"5.02,5.07",8-K,56335,0,0,,ctas8k10172012.htm,8-K
0001140361-12-043971,2012-10-17,2012-10-16,2012-10-17T20:04:13.000Z,,4,,,,4,7045,0,0,,xslF345X03/doc1.xml,FORM 4
0001140361-12-043972,2012-10-17,2012-10-16,2012-10-17T20:04:53.000Z,,4,,,,4,7866,0,0,,xslF345X03/doc1.xml,FORM 4
0001140361-12-043973,2012-10-17,2012-10-16,2012-10-17T20:05:29.000Z,,4,,,,4,7018,0,0,,xslF345X03/doc1.xml,FORM 4
0001140361-12-043974,2012-10-17,2012-10-16,2012-10-17T20:06:09.000Z,,4,,,,4,7078,0,0,,xslF345X03/doc1.xml,FORM 4
0001140361-12-043975,2012-10-17,2012-10-16,2012-10-17T20:07:03.000Z,,4,,,,4,7159,0,0,,xslF345X03/doc1.xml,FORM 4
0001140361-12-043976,2012-10-17,2012-10-16,2012-10-17T20:07:48.000Z,,4,,,,4,7053,0,0,,xslF345X03/doc1.xml,FORM 4
0001140361-12-044640,2012-10-25,2012-10-24,2012-10-25T18:17:53.000Z,,4,,,,4,6574,0,0,,xslF345X03/doc1.xml,FORM 4
0000723254-12-000013,2012-12-20,2012-12-20,2012-12-20T21:51:35.000Z,34,8-K,000-11399,121277828,"2.02,9.01",8-K,608183,0,0,,ctasform8-k12x12.htm,8-K
0001181431-12-067061,2012-12-26,2012-12-21,2012-12-26T16:45:41.000Z,,4,,,,4,25585,0,0,,xslF345X03/rrd364828.xml,FORM 4
0000723254-13-000002,2013-01-09,2012-11-30,2013-01-09T20:19:52.000Z,34,10-Q,000-11399,13520457,,10-Q,17665090,1,0,,ctas-2012x1130x10xq.htm,10-Q
0001140361-13-004324,2013-02-04,2013-01-31,2013-02-04T17:19:31.000Z,,4,,,,4,5566,0,0,,xslF345X03/doc1.xml,FORM 4
0000892251-13-000036,2013-02-08,,2013-02-08T21:08:40.000Z,34,SC 13D/A,005-35960,13586868,,SC 13D/A,63516,0,0,,sdfarmer13da2.htm,SCOTT D. FARMER SCHEDULE 13D AMENDMENT 2
0001325447-13-000010,2013-02-11,,2013-02-11T15:41:20.000Z,34,SC 13G/A,005-35960,13589468,,SC 13G/A,7683,0,0,,ctas12311213ga.txt,
0001519058-13-000040,2013-02-11,,2013-02-11T19:44:09.000Z,34,SC 13G,005-35960,13591077,,SC 13G,9042,0,0,,ctas.txt,
0000932471-13-004868,2013-02-13,,2013-02-13T18:38:05.000Z,34,SC 13G,005-35960,13601725,,SC 13G,51941,0,0,,cintascorp.htm,
0000723254-13-000004,2013-03-19,2013-03-19,2013-03-19T20:54:21.000Z,34,8-K,000-11399,13702467,"2.02,9.01",8-K,643301,0,0,,ctasform8-k3x13.htm,8-K
0001140361-13-013585,2013-03-21,2013-03-21,2013-03-21T19:42:02.000Z,,4,,,,4,5076,0,0,,xslF345X03/doc1.xml,FORM 4
0001140361-13-015301,2013-04-03,2013-03-22,2013-04-03T12:54:09.000Z,,4,,,,4,8828,0,0,,xslF345X03/doc1.xml,FORM 4
0000723254-13-000006,2013-04-09,2013-02-28,2013-04-09T20:33:03.000Z,34,10-Q,000-11399,13751405,,10-Q,17740650,1,0,,ctas-2013x228x10xq.htm,10-Q
0001140361-13-016346,2013-04-12,2013-04-11,2013-04-12T19:44:02.000Z,,4,,,,4,8785,0,0,,xslF345X03/doc1.xml,FORM 4
0001140361-13-021018,2013-05-15,2013-05-15,2013-05-15T20:12:08.000Z,,4,,,,4,5194,0,0,,xslF345X03/doc1.xml,FORM 4
0001193125-13-277333,2013-06-28,2012-12-31,2013-06-28T20:34:38.000Z,34,11-K,000-11399,13941332,,11-K,253789,0,0,,d561859d11k.htm,FORM 11-K
0001140361-13-028087,2013-07-15,2013-05-31,2013-07-15T18:46:50.000Z,,5,,,,5,12825,0,0,,xslF345X03/doc1.xml,FORM 5
0000723254-13-000009,2013-07-15,2013-07-15,2013-07-15T21:16:42.000Z,34,8-K,000-11399,13968858,"2.02,9.01",8-K,579608,0,0,,ctasform8-k7x13.htm,8-K
0001140361-13-028336,2013-07-18,2013-07-17,2013-07-18T18:16:24.000Z,,4,,,,4,4561,0,0,,xslF345X03/doc1.xml,FORM 4
0001140361-13-028337,2013-07-18,2013-07-17,2013-07-18T18:17:11.000Z,,4,,,,4,7654,0,0,,xslF345X03/doc1.xml,FORM 4
0001140361-13-028338,2013-07-18,2013-07-17,2013-07-18T18:17:55.000Z,,4,,,,4,7549,0,0,,xslF345X03/doc1.xml,FORM 4
0001140361-13-028339,2013-07-18,2013-07-17,2013-07-18T18:18:39.000Z,,4,,,,4,5369,0,0,,xslF345X03/doc1.xml,FORM 4
0001140361-13-028780,2013-07-24,2013-07-22,2013-07-24T19:35:18.000Z,,4,,,,4,5443,0,0,,xslF345X03/doc1.xml,FORM 4
0001140361-13-028782,2013-07-24,2013-07-22,2013-07-24T19:35:58.000Z,,4,,,,4,4757,0,0,,xslF345X03/doc1.xml,FORM 4
0001140361-13-028783,2013-07-24,2013-07-22,2013-07-24T19:36:43.000Z,,4,,,,4,5545,0,0,,xslF345X03/doc1.xml,FORM 4
0001140361-13-028784,2013-07-24,2013-07-22,2013-07-24T19:37:23.000Z,,4,,,,4,5565,0,0,,xslF345X03/doc1.xml,FORM 4
0001140361-13-029292,2013-07-29,2013-07-25,2013-07-29T19:50:26.000Z,,4,,,,4,8828,0,0,,xslF345X03/doc1.xml,FORM 4
0000723254-13-000011,2013-07-30,2013-05-31,2013-07-30T20:00:17.000Z,34,10-K,000-11399,13995894,,10-K,36875287,1,0,,ctas531201310k.htm,10-K
0001140361-13-029514,2013-07-30,2013-07-26,2013-07-30T20:23:30.000Z,,4,,,,4,12314,0,0,,xslF345X03/doc1.xml,FORM 4
0001140361-13-029517,2013-07-30,2013-07-26,2013-07-30T20:24:42.000Z,,4,,,,4,5565,0,0,,xslF345X03/doc1.xml,FORM 4
0001140361-13-029947,2013-08-01,2013-07-30,2013-08-01T20:18:06.000Z,,4,,,,4,5548,0,0,,xslF345X03/doc1.xml,FORM 4
0000892251-13-000116,2013-08-02,,2013-08-02T20:05:59.000Z,34,SC 13D/A,005-35960,131006561,,SC 13D/A,83158,0,0,,scfarmer13da3.htm,SCOTT D. FARMER SCHEDULE 13D AMENDMENT NO. 3
0001140361-13-030142,2013-08-02,2013-07-31,2013-08-02T20:06:51.000Z,,4,,,,4,4919,0,0,,xslF345X03/doc1.xml,FORM 4
0001140361-13-030145,2013-08-02,2013-08-01,2013-08-02T20:08:31.000Z,,4,,,,4,10083,0,0,,xslF345X03/doc1.xml,FORM 4
0001140361-13-030146,2013-08-02,2013-08-01,2013-08-02T20:10:45.000Z,,4,,,,4,6513,0,0,,xslF345X03/doc1.xml,FORM 4
0001140361-13-032773,2013-08-14,2008-01-15,2013-08-14T21:44:48.000Z,,3/A,,,,3/A,3974,0,0,,xslF345X02/doc1.xml,FORM 3/A
0001140361-13-033361,2013-08-16,2013-08-15,2013-08-16T19:04:11.000Z,,4,,,,4,6613,0,0,,xslF345X03/doc1.xml,FORM 4
0000723254-13-000013,2013-09-09,,2013-09-09T19:10:12.000Z,34,DEFA14A,000-11399,131085413,,DEFA14A,359156,0,0,,proxynoticefy13.htm,DEFA14A
0000723254-13-000015,2013-09-09,2013-10-22,2013-09-09T19:15:14.000Z,34,DEF 14A,000-11399,131085432,,DEF 14A,1327703,0,0,,proxyfy13.htm,DEF 14A
0000723254-13-000017,2013-09-19,2013-09-19,2013-09-19T20:33:35.000Z,34,8-K,000-11399,131105908,"2.02,9.01",8-K,466262,0,0,,ctasform8-k9x13.htm,8-K
0001140361-13-036887,2013-09-24,2013-09-23,2013-09-24T20:14:04.000Z,,4,,,,4,5181,0,0,,xslF345X03/doc1.xml,FORM 4
0001140361-13-036888,2013-09-24,2013-09-20,2013-09-24T20:14:49.000Z,,4,,,,4,5411,0,0,,xslF345X03/doc1.xml,FORM 4
0001140361-13-037417,2013-10-01,2013-09-27,2013-10-01T19:51:06.000Z,,4,,,,4,6616,0,0,,xslF345X03/doc1.xml,FORM 4
0000723254-13-000019,2013-10-10,2013-08-31,2013-10-10T18:47:34.000Z,34,10-Q,000-11399,131145690,,10-Q,14505168,1,0,,ctas-2013x831x10xq.htm,10-Q
0000723254-13-000021,2013-10-23,2013-10-22,2013-10-23T21:08:57.000Z,34,8-K,000-11399,131166266,"5.02,5.07,9.01",8-K,152578,0,0,,ctas8k102013.htm,8-K
0001140361-13-039447,2013-10-24,2013-10-22,2013-10-24T16:26:15.000Z,,4,,,,4,7045,0,0,,xslF345X03/doc1.xml,FORM 4
0001140361-13-039448,2013-10-24,2013-10-22,2013-10-24T16:27:47.000Z,,4,,,,4,7866,0,0,,xslF345X03/doc1.xml,FORM 4
0001140361-13-039451,2013-10-24,2013-10-22,2013-10-24T16:29:10.000Z,,4,,,,4,7018,0,0,,xslF345X03/doc1.xml,FORM 4
0001140361-13-039452,2013-10-24,2013-10-22,2013-10-24T16:30:57.000Z,,4,,,,4,7078,0,0,,xslF345X03/doc1.xml,FORM 4
0001140361-13-039453,2013-10-24,2013-10-22,2013-10-24T16:35:05.000Z,,4,,,,4,7159,0,0,,xslF345X03/doc1.xml,FORM 4
0001140361-13-039454,2013-10-24,2013-10-22,2013-10-24T16:36:34.000Z,,4,,,,4,7053,0,0,,xslF345X03/doc1.xml,FORM 4
0000723254-13-000023,2013-12-19,2013-12-19,2013-12-19T21:20:50.000Z,34,8-K,000-11399,131288534,"2.02,9.01",8-K,620426,0,0,,ctasform8-k12x13.htm,8-K
0000723254-14-000002,2014-01-09,2013-11-30,2014-01-09T21:01:02.000Z,34,10-Q,000-11399,14518836,,10-Q,19106431,1,0,,ctas-2013x1130x10xq.htm,10-Q
0001519058-14-000041,2014-02-03,,2014-02-03T17:35:13.000Z,34,SC 13G,005-35960,14567215,,SC 13G,9102,0,0,,ctas.txt,CINTAS
0000932471-14-004135,2014-02-12,,2014-02-12T16:18:13.000Z,34,SC 13G/A,005-35960,14597790,,SC 13G/A,51947,0,0,,cintascorp.htm,
0001325447-14-000034,2014-02-14,,2014-02-14T15:30:45.000Z,34,SC 13G/A,005-35960,14612052,,SC 13G/A,7681,0,0,,cintas123113.txt,
0000764532-14-000003,2014-02-14,,2014-02-14T22:16:10.000Z,34,SC 13G,005-35960,14619149,,SC 13G,7802,0,0,,cintas13mod.txt,13G CINTAS DECEMBER 2013
0001104659-14-020801,2014-03-19,2014-03-18,2014-03-19T12:08:52.000Z,34,8-K,000-11399,14702694,"1.01,9.01",8-K,741495,0,0,,a14-8366_18k.htm,8-K
0000723254-14-000004,2014-03-19,2014-03-19,2014-03-19T20:20:38.000Z,34,8-K,000-11399,14704155,"2.02,9.01",8-K,623499,0,0,,ctasform8-k3x14.htm,8-K
0001140361-14-013888,2014-03-24,2014-03-20,2014-03-24T14:05:17.000Z,,4,,,,4,12359,0,0,,xslF345X03/doc1.xml,FORM 4
0001140361-14-013889,2014-03-24,2014-03-20,2014-03-24T14:06:01.000Z,,4,,,,4,7980,0,0,,xslF345X03/doc1.xml,FORM 4
0001140361-14-013890,2014-03-24,2014-03-20,2014-03-24T14:06:50.000Z,,4,,,,4,13551,0,0,,xslF345X03/doc1.xml,FORM 4
0001140361-14-014315,2014-03-26,2014-03-24,2014-03-26T21:06:48.000Z,,4,,,,4,16184,0,0,,xslF345X03/doc1.xml,FORM 4
0001140361-14-014418,2014-03-27,2014-03-26,2014-03-27T20:21:04.000Z,,4,,,,4,11639,0,0,,xslF345X03/doc1.xml,FORM 4
0001140361-14-015522,2014-04-03,2014-04-02,2014-04-03T15:10:46.000Z,,4,,,,4,4390,0,0,,xslF345X03/doc1.xml,FORM 4
0001140361-14-015956,2014-04-07,2014-04-03,2014-04-07T20:09:51.000Z,,4,,,,4,9190,0,0,,xslF345X03/doc1.xml,FORM 4
0001140361-14-016033,2014-04-08,2014-04-04,2014-04-08T19:06:05.000Z,,4,,,,4,6452,0,0,,xslF345X03/doc1.xml,FORM 4
0000723254-14-000006,2014-04-09,2014-02-28,2014-04-09T20:33:37.000Z,34,10-Q,000-11399,14753825,,10-Q,19235218,1,0,,ctas-2014x228x10xq.htm,10-Q
0001140361-14-016310,2014-04-10,2014-04-08,2014-04-10T19:11:12.000Z,,4,,,,4,6652,0,0,,xslF345X03/doc1.xml,FORM 4
0000723254-14-000009,2014-05-05,2014-04-30,2014-05-05T18:26:17.000Z,34,8-K,000-11399,14812851,8.01,8-K,28274,0,0,,ctasform8-kshredxit.htm,8-K
0000723254-14-000011,2014-05-30,,2014-05-30T17:46:44.000Z,34,SD,000-11399,14879089,,SD,55619,0,0,,conflictmineralssd.htm,SD
0000723254-14-000013,2014-05-30,2014-05-29,2014-05-30T17:57:55.000Z,34,8-K,000-11399,14879149,"1.01,9.01",8-K,248218,0,0,,ctasform8-ksixthamendmentt.htm,8-K
0001193125-14-253234,2014-06-27,2013-12-31,2014-06-27T19:54:56.000Z,34,11-K,000-11399,14945959,,11-K,220084,0,0,,d751296d11k.htm,FORM 11-K
0000723254-14-000018,2014-07-15,2014-07-15,2014-07-15T20:22:35.000Z,34,8-K,000-11399,14976117,"2.02,9.01",8-K,726749,0,0,,ctasform8-k7x14.htm,8-K
0001140361-14-028898,2014-07-21,2014-07-17,2014-07-21T20:26:27.000Z,,4,,,,4,4561,0,0,,xslF345X03/doc1.xml,FORM 4
0001140361-14-028902,2014-07-21,2014-07-17,2014-07-21T20:28:17.000Z,,4,,,,4,7654,0,0,,xslF345X03/doc1.xml,FORM 4
0001140361-14-028907,2014-07-21,2014-07-17,2014-07-21T20:29:59.000Z,,4,,,,4,7544,0,0,,xslF345X03/doc1.xml,FORM 4
0001140361-14-028910,2014-07-21,2014-07-17,2014-07-21T20:32:19.000Z,,4,,,,4,5373,0,0,,xslF345X03/doc1.xml,FORM 4
0001140361-14-029426,2014-07-25,2014-07-24,2014-07-25T20:33:02.000Z,,4,,,,4,4760,0,0,,xslF345X03/doc1.xml,FORM 4
0001140361-14-029428,2014-07-25,2014-07-24,2014-07-25T20:34:22.000Z,,4,,,,4,5548,0,0,,xslF345X03/doc1.xml,FORM 4
0001140361-14-029430,2014-07-25,2014-07-24,2014-07-25T20:35:34.000Z,,4,,,,4,5443,0,0,,xslF345X03/doc1.xml,FORM 4
0001140361-14-029432,2014-07-25,2014-07-24,2014-07-25T20:36:25.000Z,,4,,,,4,5571,0,0,,xslF345X03/doc1.xml,FORM 4
0001140361-14-029701,2014-07-29,2014-07-25,2014-07-29T19:46:08.000Z,,4,,,,4,10762,0,0,,xslF345X03/doc1.xml,FORM 4
0000723254-14-000020,2014-07-30,2014-05-31,2014-07-30T18:07:22.000Z,34,10-K,000-11399,141002292,,10-K,26714755,1,0,,ctas531201410k.htm,10-K
0001140361-14-031776,2014-08-11,2014-08-07,2014-08-11T20:43:00.000Z,,4,,,,4,15081,0,0,,xslF345X03/doc1.xml,FORM 4
0001140361-14-033297,2014-08-18,2014-08-14,2014-08-18T19:56:02.000Z,,4,,,,4,6619,0,0,,xslF345X03/doc1.xml,FORM 4
0001140361-14-033997,2014-08-25,2014-04-08,2014-08-25T14:53:14.000Z,,4/A,,,,4/A,7301,0,0,,xslF345X03/doc1.xml,FORM 4/A
0000723254-14-000024,2014-09-08,2014-05-31,2014-09-08T19:40:03.000Z,34,DEF 14A,000-11399,141090876,,DEF 14A,1316858,0,0,,proxyfy14.htm,DEF 14A
0000723254-14-000025,2014-09-08,,2014-09-08T19:43:02.000Z,34,DEFA14A,000-11399,141090896,,DEFA14A,311539,0,0,,proxynoticefy14.htm,DEFA14A
9999999997-14-013808,2014-09-12,2014-05-31,2014-09-19T20:09:10.000Z,34,ARS,000-11399,14007880,,ARS,1377,0,0,,9999999997-14-013808.paper,AUTO-GENERATED PAPER DOCUMENT
0000723254-14-000028,2014-09-29,2014-09-29,2014-09-29T20:19:04.000Z,34,8-K,000-11399,141127166,"2.02,9.01",8-K,572422,0,0,,ctasform8-k9x14.htm,8-K
0001140361-14-037111,2014-10-02,2014-09-30,2014-10-02T20:40:02.000Z,,4,,,,4,13092,0,0,,xslF345X03/doc1.xml,FORM 4
0001140361-14-037291,2014-10-03,2014-10-03,2014-10-03T18:52:41.000Z,,4,,,,4,4391,0,0,,xslF345X03/doc1.xml,FORM 4
0000723254-14-000031,2014-10-03,,2014-10-03T19:02:15.000Z,34,DEFA14A,000-11399,141139491,,DEFA14A,36393,0,0,,issresponse.htm,DEFA14A
0001140361-14-037494,2014-10-07,2014-10-03,2014-10-07T19:16:08.000Z,,4,,,,4,16146,0,0,,xslF345X03/doc1.xml,FORM 4
0000723254-14-000033,2014-10-10,2014-08-31,2014-10-10T16:26:51.000Z,34,10-Q,000-11399,141151797,,10-Q,16215452,1,0,,ctas-2014x831x10xq.htm,10-Q
0001140361-14-038067,2014-10-14,2014-10-09,2014-10-14T20:08:19.000Z,,4,,,,4,15730,0,0,,xslF345X03/doc1.xml,FORM 4
0000723254-14-000035,2014-10-22,2014-10-21,2014-10-22T16:46:49.000Z,34,8-K,000-11399,141167314,"5.02,5.07,9.01",8-K,80075,0,0,,votingresults-shldrmtg10x14.htm,8-K
0001140361-14-038842,2014-10-23,2014-10-21,2014-10-23T14:01:30.000Z,,4,,,,4,6973,0,0,,xslF345X03/doc1.xml,FORM 4
0001140361-14-038844,2014-10-23,2014-10-21,2014-10-23T14:04:10.000Z,,4,,,,4,7079,0,0,,xslF345X03/doc1.xml,FORM 4
0001140361-14-038846,2014-10-23,2014-10-21,2014-10-23T14:06:24.000Z,,4,,,,4,6938,0,0,,xslF345X03/doc1.xml,FORM 4
0001140361-14-038848,2014-10-23,2014-10-21,2014-10-23T14:08:56.000Z,,4,,,,4,7787,0,0,,xslF345X03/doc1.xml,FORM 4
0001140361-14-038850,2014-10-23,2014-10-21,2014-10-23T14:11:57.000Z,,4,,,,4,6966,0,0,,xslF345X03/doc1.xml,FORM 4
0001140361-14-038852,2014-10-23,2014-10-21,2014-10-23T14:12:49.000Z,,4,,,,4,6997,0,0,,xslF345X03/doc1.xml,FORM 4
0001140361-14-038878,2014-10-23,2014-10-21,2014-10-23T18:12:47.000Z,,4,,,,4,15937,0,0,,xslF345X03/doc1.xml,FORM 4
0001140361-14-039173,2014-10-28,2014-10-24,2014-10-28T13:26:48.000Z,,4,,,,4,12403,0,0,,xslF345X03/doc1.xml,FORM 4
0000892251-14-000098,2014-11-04,,2014-11-04T21:08:12.000Z,34,SC 13D/A,005-35960,141193250,,SC 13D/A,61486,0,0,,cintas13d.htm,"CINTAS CORPORATION SCHEDULE 13-D/A NOVEMBER 4, 2014"
0001140361-14-040063,2014-11-04,2014-10-31,2014-11-04T21:11:33.000Z,,4,,,,4,9828,0,0,,xslF345X03/doc1.xml,FORM 4
0001140361-14-040065,2014-11-04,2014-10-31,2014-11-04T21:12:58.000Z,,4,,,,4,4918,0,0,,xslF345X03/doc1.xml,FORM 4
0001140361-14-040070,2014-11-04,2014-10-31,2014-11-04T21:15:44.000Z,,4,,,,4,6514,0,0,,xslF345X03/doc1.xml,FORM 4
0001140361-14-043595,2014-11-26,2014-11-24,2014-11-26T19:45:38.000Z,,4,,,,4,7181,0,0,,xslF345X03/doc1.xml,FORM 4
0000723254-14-000037,2014-12-05,2014-12-03,2014-12-05T22:23:27.000Z,34,8-K,000-11399,141270414,5.02,8-K,28822,0,0,,changeindirectorsorprincip.htm,8-K
0000723254-14-000039,2014-12-18,2014-12-18,2014-12-18T21:22:01.000Z,34,8-K,000-11399,141296059,"2.02,9.01",8-K,791639,0,0,,ctasform8-k12x14.htm,8-K
0001140361-14-046084,2014-12-22,2014-12-19,2014-12-22T16:29:02.000Z,,4,,,,4,5202,0,0,,xslF345X03/doc1.xml,FORM 4
0001140361-14-046211,2014-12-23,2014-12-22,2014-12-23T15:50:52.000Z,,4,,,,4,5811,0,0,,xslF345X03/doc1.xml,FORM 4
0001140361-14-046433,2014-12-24,2014-12-22,2014-12-24T16:04:10.000Z,,4,,,,4,6882,0,0,,xslF345X03/doc1.xml,FORM 4
0001325447-15-000001,2015-01-08,,2015-01-08T19:07:03.000Z,34,SC 13G/A,005-35960,15515870,,SC 13G/A,7670,0,0,,cintas123114.txt,
0000723254-15-000002,2015-01-09,2014-11-30,2015-01-09T22:09:03.000Z,34,10-Q,000-11399,15519862,,10-Q,20913273,1,0,,ctas-2014x1130x10xq.htm,10-Q
0001140361-15-003664,2015-02-03,2015-01-30,2015-02-03T14:48:54.000Z,,4,,,,4,7478,0,0,,xslF345X03/doc1.xml,FORM 4
0000764532-15-000001,2015-02-10,,2015-02-10T15:19:20.000Z,34,SC 13G,005-35960,15590809,,SC 13G,7705,0,0,,cintas14mod.txt,13G CINTAS DECEMBER 2014
0000932471-15-004845,2015-02-11,,2015-02-11T14:48:23.000Z,34,SC 13G/A,005-35960,15596973,,SC 13G/A,39752,0,0,,cintascorp.htm,
0001519058-15-000092,2015-02-12,,2015-02-12T13:05:18.000Z,34,SC 13G,005-35960,15601978,,SC 13G,9126,0,0,,ctas.txt,CTAS
0000723254-15-000004,2015-03-18,2015-03-18,2015-03-18T20:17:16.000Z,34,8-K,000-11399,15710236,"2.02,9.01",8-K,818527,0,0,,ctasform8-k3x15.htm,8-K
0001140361-15-012994,2015-03-24,2015-03-20,2015-03-24T13:55:53.000Z,,4,,,,4,10577,0,0,,xslF345X03/doc1.xml,FORM 4
0000723254-15-000006,2015-04-02,2015-02-28,2015-04-02T20:28:01.000Z,34,10-Q,000-11399,15748063,,10-Q,21884200,1,0,,ctas-2015x228x10xq.htm,10-Q
0001140361-15-015588,2015-04-16,2015-04-15,2015-04-16T18:47:48.000Z,,4,,,,4,8839,0,0,,xslF345X03/doc1.xml,FORM 4
0001140361-15-017204,2015-05-01,2015-04-30,2015-05-01T20:07:33.000Z,,4,,,,4,8198,0,0,,xslF345X03/doc1.xml,FORM 4
0000723254-15-000008,2015-05-29,,2015-05-29T18:11:24.000Z,34,SD,000-11399,15898729,,SD,61609,0,0,,conflictmineralssd515.htm,SD
0001140361-15-023353,2015-06-05,2015-06-01,2015-06-05T18:50:35.000Z,,3,,,,3,21665,0,0,,xslF345X02/doc1.xml,FORM 3
0001193125-15-238975,2015-06-29,2014-12-31,2015-06-29T19:27:57.000Z,34,11-K,000-11399,15958038,,11-K,219686,0,0,,d945118d11k.htm,FORM 11-K
0001140361-15-026007,2015-06-30,2015-06-26,2015-06-30T17:28:14.000Z,,4,,,,4,6871,0,0,,xslF345X03/doc1.xml,FORM 4
0001140361-15-027632,2015-07-15,2015-05-31,2015-07-15T19:32:08.000Z,,5,,,,5,7464,0,0,,xslF345X03/doc1.xml,FORM 5
0001140361-15-027633,2015-07-15,2015-05-31,2015-07-15T19:32:44.000Z,,5,,,,5,9978,0,0,,xslF345X03/doc1.xml,FORM 5
0000723254-15-000010,2015-07-16,2015-07-16,2015-07-16T20:16:54.000Z,34,8-K,000-11399,15991693,"2.02,9.01",8-K,934416,0,0,,ctasform8-k7x15.htm,8-K
0001140361-15-028102,2015-07-21,2015-07-17,2015-07-21T18:36:33.000Z,,4,,,,4,5202,0,0,,xslF345X03/doc1.xml,FORM 4
0001140361-15-028103,2015-07-21,2015-07-17,2015-07-21T18:37:46.000Z,,4,,,,4,13004,0,0,,xslF345X03/doc1.xml,FORM 4
0001140361-15-028104,2015-07-21,2015-07-17,2015-07-21T18:38:33.000Z,,4,,,,4,8774,0,0,,xslF345X03/doc1.xml,FORM 4
0001140361-15-028105,2015-07-21,2015-07-17,2015-07-21T18:39:36.000Z,,4,,,,4,8678,0,0,,xslF345X03/doc1.xml,FORM 4
0000723254-15-000014,2015-07-21,2015-07-15,2015-07-21T19:03:30.000Z,34,8-K,000-11399,15997665,1.01,8-K,27510,0,0,,ctasform8-kstericycle.htm,8-K
0001140361-15-028678,2015-07-27,2015-07-23,2015-07-27T17:54:49.000Z,,4,,,,4,9177,0,0,,xslF345X03/doc1.xml,FORM 4
0000723254-15-000017,2015-07-30,2015-05-31,2015-07-30T20:42:08.000Z,34,10-K,000-11399,151016685,,10-K,20548551,1,0,,ctas531201510k.htm,10-K
0001140361-15-029935,2015-08-05,2015-08-03,2015-08-05T18:23:31.000Z,,4,,,,4,16374,0,0,,xslF345X03/doc1.xml,FORM 4
0001140361-15-030084,2015-08-06,2015-08-04,2015-08-06T12:12:32.000Z,,4,,,,4,5374,0,0,,xslF345X03/doc1.xml,FORM 4
0001140361-15-030167,2015-08-06,2015-08-04,2015-08-06T19:28:48.000Z,,4/A,,,,4/A,5021,0,0,,xslF345X03/doc1.xml,FORM 4/A
0001140361-15-030168,2015-08-06,2015-08-04,2015-08-06T19:30:03.000Z,,4,,,,4,13541,0,0,,xslF345X03/doc1.xml,FORM 4
0001140361-15-030446,2015-08-07,2015-08-05,2015-08-07T19:32:55.000Z,,4,,,,4,24785,0,0,,xslF345X03/doc1.xml,FORM 4
0000892251-15-000146,2015-08-10,,2015-08-10T18:05:51.000Z,34,SC 13D/A,005-35960,151040143,,SC 13D/A,76908,0,0,,sc13da5080715.htm,SCOTT D. FARMER SCHEDULE 13D AMENDMENT NO. 5
0001140361-15-031234,2015-08-12,2015-08-10,2015-08-12T15:52:11.000Z,,4,,,,4,6640,0,0,,xslF345X03/doc1.xml,FORM 4
0001140361-15-031599,2015-08-13,2015-08-12,2015-08-13T18:05:25.000Z,,4,,,,4,5479,0,0,,xslF345X03/doc1.xml,FORM 4
0000723254-15-000022,2015-09-04,2015-10-14,2015-09-04T18:06:41.000Z,34,DEF 14A,000-11399,151094255,,DEF 14A,1129016,0,0,,proxyfy15.htm,DEF 14A
0000723254-15-000023,2015-09-04,,2015-09-04T18:07:49.000Z,34,DEFA14A,000-11399,151094258,,DEFA14A,330959,0,0,,cintas2015proxynotice.htm,DEFA14A
0000723254-15-000025,2015-09-24,2015-09-24,2015-09-24T20:23:53.000Z,34,8-K,000-11399,151123310,"2.02,9.01",8-K,603564,0,0,,ctasform8-k9x15.htm,8-K
0001140361-15-036250,2015-09-30,2015-09-28,2015-09-30T13:59:51.000Z,,4,,,,4,5325,0,0,,xslF345X03/doc1.xml,FORM 4
0000723254-15-000029,2015-10-01,2015-10-01,2015-10-01T20:20:51.000Z,34,8-K,000-11399,151137262,"2.01,9.01",8-K,806816,0,0,,ctasform8-kshredxitclosing.htm,8-K
0001140361-15-037255,2015-10-09,2015-10-07,2015-10-09T12:28:56.000Z,,4,,,,4,5325,0,0,,xslF345X03/doc1.xml,FORM 4
0000723254-15-000031,2015-10-09,2015-08-31,2015-10-09T16:18:28.000Z,34,10-Q,000-11399,151152427,,10-Q,11386817,1,0,,ctas-2015x831x10xq.htm,10-Q
0001140361-15-037792,2015-10-16,2015-10-14,2015-10-16T12:38:49.000Z,,4,,,,4,6973,0,0,,xslF345X03/doc1.xml,FORM 4
0001140361-15-037794,2015-10-16,2015-10-14,2015-10-16T12:44:16.000Z,,4,,,,4,7079,0,0,,xslF345X03/doc1.xml,FORM 4
0001140361-15-037796,2015-10-16,2015-10-14,2015-10-16T12:50:14.000Z,,4,,,,4,6997,0,0,,xslF345X03/doc1.xml,FORM 4
0001140361-15-037798,2015-10-16,2015-10-14,2015-10-16T12:54:28.000Z,,4,,,,4,6938,0,0,,xslF345X03/doc1.xml,FORM 4
0001140361-15-037800,2015-10-16,2015-10-14,2015-10-16T12:56:54.000Z,,4,,,,4,7787,0,0,,xslF345X03/doc1.xml,FORM 4
0001140361-15-037804,2015-10-16,2015-10-14,2015-10-16T13:09:09.000Z,,4,,,,4,6966,0,0,,xslF345X03/doc1.xml,FORM 4
0000723254-15-000033,2015-10-16,2015-10-14,2015-10-16T19:50:01.000Z,34,8-K,000-11399,151162063,5.07,8-K,54167,0,0,,votingresults-shldrmtg10x15.htm,8-K
0000723254-15-000035,2015-12-21,2015-12-21,2015-12-21T21:17:53.000Z,34,8-K,000-11399,151299649,"2.02,9.01",8-K,654978,0,0,,ctasform8-k12x15.htm,8-K
0000723254-16-000037,2016-01-08,2015-11-30,2016-01-08T21:37:38.000Z,34,10-Q,000-11399,161333666,,10-Q,14444837,1,0,,ctas-2015x1130x10xq.htm,10-Q
0001140361-16-047695,2016-01-13,2016-01-08,2016-01-13T18:26:29.000Z,,4,,,,4,5203,0,0,,xslF345X03/doc1.xml,FORM 4
0001140361-16-047870,2016-01-15,2016-01-13,2016-01-15T16:41:01.000Z,,4,,,,4,5203,0,0,,xslF345X03/doc1.xml,FORM 4
0000215457-16-004523,2016-01-28,,2016-01-28T20:45:48.000Z,34,SC 13G,005-35960,161368551,,SC 13G,13482,0,0,,cintas.corp.2015.txt,
0001140361-16-050045,2016-02-03,2016-02-01,2016-02-03T20:43:08.000Z,,4,,,,4,15723,0,0,,xslF345X03/doc1.xml,FORM 4
0001325447-16-000066,2016-02-04,,2016-02-04T19:38:10.000Z,34,SC 13G/A,005-35960,161388003,,SC 13G/A,7495,0,0,,cintas12311513ga.txt,
0000932471-16-012041,2016-02-11,,2016-02-11T14:29:25.000Z,34,SC 13G/A,005-35960,161408400,,SC 13G/A,39725,0,0,,cintascorp.htm,
0001140361-16-052773,2016-02-16,2016-02-12,2016-02-16T16:50:24.000Z,,4,,,,4,5198,0,0,,xslF345X03/doc1.xml,FORM 4
0000093751-16-000485,2016-02-22,,2016-02-22T18:34:50.000Z,34,SC 13G/A,005-35960,161444435,,SC 13G/A,8863,0,0,,ctas.txt,CINTAS CORPORATION
0000723254-16-000039,2016-03-22,2016-03-22,2016-03-22T20:17:11.000Z,34,8-K,000-11399,161521291,"2.02,9.01",8-K,656375,1,0,,ctasform8-k3x16.htm,8-K
0000723254-16-000041,2016-04-08,2016-02-29,2016-04-08T20:35:06.000Z,34,10-Q,000-11399,161563038,,10-Q,14918134,1,0,,ctas-2016x229x10xq.htm,10-Q
0001140361-16-061134,2016-04-14,2016-04-12,2016-04-14T20:20:35.000Z,,4,,,,4,14427,0,0,,xslF345X03/doc1.xml,FORM 4
0001140361-16-062438,2016-04-28,2016-04-26,2016-04-28T20:24:23.000Z,,4,,,,4,8154,0,0,,xslF345X03/doc1.xml,FORM 4
0001140361-16-063290,2016-05-04,2016-05-03,2016-05-04T18:38:28.000Z,,4,,,,4,4482,0,0,,xslF345X03/doc1.xml,FORM 4
0001140361-16-064016,2016-05-09,2016-05-05,2016-05-09T18:02:39.000Z,,4,,,,4,8144,0,0,,xslF345X03/doc1.xml,FORM 4
0000723254-16-000043,2016-05-13,,2016-05-13T19:12:12.000Z,34,SD,000-11399,161647911,,SD,62309,0,0,,conflictmineralssd516.htm,SD
0000723254-16-000045,2016-06-28,2016-06-23,2016-06-28T19:33:28.000Z,34,8-K,000-11399,161735956,"1.01,2.03,9.01",8-K,157465,0,0,,ctasform8-kseventhamendmen.htm,8-K
0001193125-16-634808,2016-06-28,2015-12-31,2016-06-28T20:42:03.000Z,34,11-K,000-11399,161736567,,11-K,193117,0,0,,d218908d11k.htm,FORM 11-K
0001140361-16-072446,2016-07-14,2016-05-31,2016-07-14T13:52:06.000Z,,5,,,,5,6908,0,0,,xslF345X03/doc1.xml,FORM 5
0000723254-16-000048,2016-07-19,2016-07-19,2016-07-19T20:16:45.000Z,34,8-K,000-11399,161773652,"2.02,9.01",8-K,663423,0,0,,ctasform8-k7x16.htm,8-K
0001140361-16-073074,2016-07-22,2016-07-20,2016-07-22T19:00:39.000Z,,4,,,,4,22365,0,0,,xslF345X03/doc1.xml,FORM 4
0000892251-16-000255,2016-07-22,,2016-07-22T19:23:15.000Z,34,SC 13D/A,005-35960,161779617,,SC 13D/A,51164,0,0,,cintas13d_no6.htm,SCOTT FARMER SCHEDULE 13D AMENDMENT NO. 6
0001140361-16-073536,2016-07-27,2016-07-25,2016-07-27T20:18:27.000Z,,4,,,,4,11960,0,0,,xslF345X03/doc1.xml,FORM 4
0001140361-16-073682,2016-07-28,2016-07-26,2016-07-28T19:56:59.000Z,,4,,,,4,9246,0,0,,xslF345X03/doc1.xml,FORM 4
0001140361-16-073683,2016-07-28,2016-07-26,2016-07-28T19:57:49.000Z,,4,,,,4,9150,0,0,,xslF345X03/doc1.xml,FORM 4
0001140361-16-073684,2016-07-28,2016-07-26,2016-07-28T19:58:25.000Z,,4,,,,4,8572,0,0,,xslF345X03/doc1.xml,FORM 4
0001140361-16-073685,2016-07-28,2016-07-26,2016-07-28T19:59:01.000Z,,4,,,,4,5498,0,0,,xslF345X03/doc1.xml,FORM 4
0000723254-16-000050,2016-07-29,2016-05-31,2016-07-29T17:32:52.000Z,34,10-K,000-11399,161793273,,10-K,20376921,1,0,,ctas531201610k.htm,10-K
0001140361-16-074027,2016-08-01,2016-07-30,2016-08-01T16:48:13.000Z,,3,,,,3,6210,0,0,,xslF345X02/doc1.xml,FORM 3
0001140361-16-074371,2016-08-02,2016-07-29,2016-08-02T19:00:55.000Z,,4,,,,4,13005,0,0,,xslF345X03/doc1.xml,FORM 4
0001140361-16-074372,2016-08-02,2016-08-01,2016-08-02T19:01:47.000Z,,4,,,,4,9441,0,0,,xslF345X03/doc1.xml,FORM 4
0001140361-16-074374,2016-08-02,2016-08-01,2016-08-02T19:02:31.000Z,,4,,,,4,5350,0,0,,xslF345X03/doc1.xml,FORM 4
0000723254-16-000052,2016-08-04,2016-07-30,2016-08-04T21:04:59.000Z,34,8-K,000-11399,161808298,5.02,8-K,30629,0,0,,ctasform8-kdepartureandapp.htm,8-K
0001104659-16-140052,2016-08-16,,2016-08-16T20:24:27.000Z,,DFAN14A,,,,DFAN14A,727727,0,0,,a16-16841_18k.htm,8-K
0001104659-16-140051,2016-08-16,2016-08-15,2016-08-16T20:26:21.000Z,34,8-K,000-11399,161836343,"1.01,8.01,9.01",8-K,727183,0,0,,a16-16841_18k.htm,8-K
0000723254-16-000056,2016-09-08,2016-05-31,2016-09-08T18:14:22.000Z,34,DEF 14A,000-11399,161875751,,DEF 14A,1431147,0,0,,proxyfy16.htm,DEF 14A
0000723254-16-000057,2016-09-08,,2016-09-08T18:15:37.000Z,34,DEFA14A,000-11399,161875754,,DEFA14A,339944,0,0,,cintas2016proxynotice.htm,DEFA14A
0000723254-16-000059,2016-09-22,2016-09-16,2016-09-22T20:25:13.000Z,34,8-K,000-11399,161897843,"1.01,2.03,9.01",8-K,1008051,0,0,,ctasform8-kamendedandresta.htm,8-K
0000723254-16-000061,2016-09-27,2016-09-27,2016-09-27T20:12:24.000Z,34,8-K,000-11399,161904558,"2.02,9.01",8-K,418323,0,0,,ctasform8-k9x16.htm,8-K
0000723254-16-000063,2016-09-29,2016-09-29,2016-09-29T20:42:20.000Z,34,8-K,000-11399,161910384,8.01,8-K,34741,0,0,,ctasform8-k.htm,8-K
0000723254-16-000065,2016-10-11,2016-08-31,2016-10-11T15:27:02.000Z,34,10-Q,000-11399,161930213,,10-Q,11259309,1,0,,ctas-2016x831x10xq.htm,10-Q
0000723254-16-000067,2016-10-12,2016-10-12,2016-10-12T21:17:36.000Z,34,8-K,000-11399,161933681,8.01,8-K,33941,0,0,,ctasform8-k10x12x2016.htm,8-K
0001140361-16-082830,2016-10-17,2016-10-13,2016-10-17T15:53:17.000Z,,4,,,,4,7504,0,0,,xslF345X03/doc1.xml,FORM 4
0001140361-16-083159,2016-10-20,2016-10-18,2016-10-20T19:37:38.000Z,,4,,,,4,9581,0,0,,xslF345X03/doc1.xml,FORM 4
0001140361-16-083161,2016-10-20,2016-10-18,2016-10-20T19:39:05.000Z,,4,,,,4,6951,0,0,,xslF345X03/doc1.xml,FORM 4
0001140361-16-083163,2016-10-20,2016-10-18,2016-10-20T19:40:43.000Z,,4,,,,4,7055,0,0,,xslF345X03/doc1.xml,FORM 4
0001140361-16-083165,2016-10-20,2016-10-18,2016-10-20T19:42:43.000Z,,4,,,,4,7763,0,0,,xslF345X03/doc1.xml,FORM 4
0001140361-16-083167,2016-10-20,2016-10-18,2016-10-20T19:43:50.000Z,,4,,,,4,6914,0,0,,xslF345X03/doc1.xml,FORM 4
0001140361-16-083169,2016-10-20,2016-10-18,2016-10-20T19:45:21.000Z,,4,,,,4,6946,0,0,,xslF345X03/doc1.xml,FORM 4
0001140361-16-083171,2016-10-20,2016-10-18,2016-10-20T19:47:16.000Z,,4,,,,4,6973,0,0,,xslF345X03/doc1.xml,FORM 4
0000723254-16-000069,2016-10-20,2016-10-18,2016-10-20T20:02:02.000Z,34,8-K,000-11399,161944470,"5.02,5.07,9.01",8-K,303310,0,0,,votingresults-shldrmtg10x18.htm,8-K SHAREHOLDER MEETING VOTING RESULTS
0000723254-16-000071,2016-12-22,2016-12-22,2016-12-22T21:18:05.000Z,34,8-K,000-11399,162066800,"2.01,9.01",8-K,588202,0,0,,ctasform8-k12x16.htm,8-K
0000723254-17-000002,2017-01-06,2016-11-30,2017-01-06T21:48:53.000Z,34,10-Q,000-11399,17514794,,10-Q,13779936,1,0,,ctas-2016x1130x10xq.htm,10-Q
0000353480-17-000265,2017-01-23,,2017-01-23T19:17:36.000Z,34,SC 13G/A,005-35960,17540643,,SC 13G/A,13527,0,0,,cintas.corp.txt,
0001325447-17-000017,2017-02-06,,2017-02-06T20:42:11.000Z,34,SC 13G/A,005-35960,17575514,,SC 13G/A,6997,0,0,,cintas12311613ga.txt,
0001140361-17-005074,2017-02-08,2017-02-06,2017-02-08T18:47:02.000Z,,4,,,,4,11737,0,0,,xslF345X03/doc1.xml,FORM 4
0000932471-17-001226,2017-02-10,,2017-02-10T13:53:24.000Z,34,SC 13G/A,005-35960,17589763,,SC 13G/A,37225,0,0,,cintascorp.htm,
0000723254-17-000006,2017-02-21,,2017-02-21T21:06:55.000Z,33,S-8,333-216147,17625093,,S-8,182869,0,0,,s-8filing.htm,S-8
0000723254-17-000009,2017-03-06,2017-03-06,2017-03-06T15:09:50.000Z,34,8-K,000-11399,17666698,"8.01,9.01",8-K,2504654,0,0,,a8k.htm,8-K
0000723254-17-000010,2017-03-06,,2017-03-06T15:15:32.000Z,33,S-3ASR,333-216462,17666717,,S-3ASR,862491,0,0,,cintasforms-3.htm,S-3
0001626129-17-000045,2017-03-09,,2017-03-09T13:14:00.000Z,33,424B5,333-216462,17676844,,424B5,1041311,0,0,,ctas-424b5_030917.htm,PROSPECTUS
0001626129-17-000056,2017-03-10,,2017-03-10T02:07:38.000Z,34,FWP,333-160926,17680035,,FWP,33245,0,0,,ctas2-fwp_030917.htm,FREE WRITNG PROSPECTUS
0001626129-17-000069,2017-03-13,,2017-03-13T20:52:56.000Z,33,424B5,333-216462,17685768,,424B5,1076135,0,0,,ctas-424b5_030917.htm,PROSPECTUS
0001626129-17-000071,2017-03-14,2017-03-14,2017-03-14T16:17:36.000Z,34,8-K,000-11399,17687431,"8.01,9.01",8-K,629155,0,0,,ctas-8k_031417.htm,CURRENT REPORT
0001193125-17-090883,2017-03-21,2017-03-21,2017-03-21T21:11:04.000Z,34,8-K,000-11399,17704873,"1.01,1.02,2.01,2.03,9.01",8-K,838407,0,0,,d318644d8k.htm,FORM 8-K
0000723254-17-000012,2017-03-22,2017-03-22,2017-03-22T20:16:43.000Z,34,8-K,000-11399,17706844,"2.02,9.01",8-K,620398,0,0,,ctasform8-k3x17.htm,8-K
0001140361-17-013229,2017-03-24,2017-03-23,2017-03-24T19:45:38.000Z,,4,,,,4,16341,0,0,,xslF345X03/doc1.xml,FORM 4
0001140361-17-013253,2017-03-24,2017-03-23,2017-03-24T20:19:49.000Z,,4,,,,4,26823,0,0,,xslF345X03/doc1.xml,FORM 4
0000723254-17-000014,2017-04-07,2017-02-28,2017-04-07T16:25:26.000Z,34,10-Q,000-11399,17748586,,10-Q,15020257,1,0,,ctas-2017x228x10xq.htm,10-Q
0001140361-17-016229,2017-04-20,2017-04-18,2017-04-20T15:16:29.000Z,,4,,,,4,23664,0,0,,xslF345X03/doc1.xml,FORM 4
0000723254-17-000016,2017-05-17,,2017-05-17T15:27:26.000Z,34,SD,000-11399,17850600,,SD,63441,0,0,,conflictmineralssd517.htm,SD
0001140361-17-024923,2017-06-14,2016-08-01,2017-06-14T13:09:12.000Z,,4/A,,,,4/A,5555,0,0,,xslF345X03/doc1.xml,FORM 4/A
0001193125-17-218486,2017-06-29,2016-12-31,2017-06-29T21:11:04.000Z,34,11-K,000-11399,17939367,,11-K,186457,0,0,,d413459d11k.htm,FORM 11-K
0001140361-17-027854,2017-07-14,2017-05-31,2017-07-14T12:37:48.000Z,,5,,,,5,7944,0,0,,xslF345X03/doc1.xml,FORM 5
0001140361-17-027855,2017-07-14,2017-05-31,2017-07-14T12:38:45.000Z,,5,,,,5,9264,0,0,,xslF345X03/doc1.xml,FORM 5
0001140361-17-027856,2017-07-14,2017-05-31,2017-07-14T12:40:41.000Z,,5,,,,5,5783,0,0,,xslF345X03/doc1.xml,FORM 5
0000723254-17-000018,2017-07-20,2017-07-20,2017-07-20T20:25:24.000Z,34,8-K,000-11399,17974603,"2.02,9.01",8-K,812650,1,1,,ctasform8-k7x17.htm,8-K
0001140361-17-028503,2017-07-25,2017-07-21,2017-07-25T13:14:26.000Z,,4,,,,4,11363,0,0,,xslF345X03/doc1.xml,FORM 4
0001140361-17-028900,2017-07-27,2017-07-25,2017-07-27T20:25:22.000Z,,4,,,,4,8677,0,0,,xslF345X03/doc1.xml,FORM 4
0001140361-17-028905,2017-07-27,2017-07-25,2017-07-27T20:28:01.000Z,,4,,,,4,9268,0,0,,xslF345X03/doc1.xml,FORM 4
0001140361-17-028907,2017-07-27,2017-07-25,2017-07-27T20:29:52.000Z,,4,,,,4,9349,0,0,,xslF345X03/doc1.xml,FORM 4
0001140361-17-028910,2017-07-27,2017-07-25,2017-07-27T20:30:57.000Z,,4,,,,4,5500,0,0,,xslF345X03/doc1.xml,FORM 4
0000723254-17-000020,2017-07-31,2017-05-31,2017-07-31T20:54:23.000Z,34,10-K,000-11399,17993579,,10-K,23065456,1,0,,ctas531201710k.htm,10-K
0001140361-17-029563,2017-08-01,2017-07-28,2017-08-01T18:45:28.000Z,,4,,,,4,9494,0,0,,xslF345X03/doc1.xml,FORM 4
0001140361-17-030755,2017-08-09,2017-08-07,2017-08-09T16:30:41.000Z,,4,,,,4,9358,0,0,,xslF345X03/doc1.xml,FORM 4
0001140361-17-030756,2017-08-09,2017-08-07,2017-08-09T16:31:27.000Z,,4,,,,4,5363,0,0,,xslF345X03/doc1.xml,FORM 4
0001140361-17-031256,2017-08-11,2017-08-09,2017-08-11T14:40:40.000Z,,4,,,,4,10143,0,0,,xslF345X03/doc1.xml,FORM 4
0001140361-17-032233,2017-08-15,2017-08-11,2017-08-15T17:08:31.000Z,,4,,,,4,5149,0,0,,xslF345X03/doc1.xml,FORM 4
0001140361-17-032527,2017-08-17,2017-08-15,2017-08-17T13:47:36.000Z,,4,,,,4,8209,0,0,,xslF345X03/doc1.xml,FORM 4
0000723254-17-000025,2017-09-07,2017-05-31,2017-09-07T14:53:01.000Z,34,DEF 14A,000-11399,171073175,,DEF 14A,1080666,0,0,,proxyfy17.htm,DEF 14A
0000723254-17-000026,2017-09-07,,2017-09-07T14:54:25.000Z,34,DEFA14A,000-11399,171073178,,DEFA14A,338483,0,0,,cintas2017proxynotice.htm,DEFA14A
0000723254-17-000028,2017-09-26,2017-09-26,2017-09-26T20:57:15.000Z,34,8-K,000-11399,171102598,"2.02,9.01",8-K,450945,0,0,,ctasform8-k9x17.htm,8-K
0001140361-17-037303,2017-10-03,2017-09-29,2017-10-03T18:00:39.000Z,,4,,,,4,9076,0,0,,xslF345X03/doc1.xml,FORM 4
0000723254-17-000030,2017-10-06,2017-08-31,2017-10-06T20:05:51.000Z,34,10-Q,000-11399,171127269,,10-Q,12267557,1,0,,ctas-2017x831x10xq.htm,
0000723254-17-000032,2017-10-18,2017-10-17,2017-10-18T14:08:18.000Z,34,8-K,000-11399,171142000,5.07,8-K,65432,0,0,,votingresults-shldrmtg10x1.htm,8-K
0001140361-17-038978,2017-10-18,2017-10-17,2017-10-18T18:45:05.000Z,,4,,,,4,6946,0,0,,xslF345X03/doc1.xml,FORM 4
0001140361-17-038981,2017-10-18,2017-10-17,2017-10-18T18:47:34.000Z,,4,,,,4,7763,0,0,,xslF345X03/doc1.xml,FORM 4
0001140361-17-038984,2017-10-18,2017-10-17,2017-10-18T18:54:25.000Z,,4,,,,4,6973,0,0,,xslF345X03/doc1.xml,FORM 4
0001140361-17-038988,2017-10-18,2017-10-17,2017-10-18T19:00:55.000Z,,4,,,,4,6914,0,0,,xslF345X03/doc1.xml,FORM 4
0001140361-17-038992,2017-10-18,2017-10-17,2017-10-18T19:03:16.000Z,,4,,,,4,7055,0,0,,xslF345X03/doc1.xml,FORM 4
0001140361-17-038994,2017-10-18,2017-10-17,2017-10-18T19:05:56.000Z,,4,,,,4,6951,0,0,,xslF345X03/doc1.xml,FORM 4
0001140361-17-039079,2017-10-19,2017-10-17,2017-10-19T18:05:28.000Z,,4,,,,4,10520,0,0,,xslF345X03/doc1.xml,FORM 4
0000723254-17-000034,2017-12-21,2017-12-21,2017-12-21T21:17:46.000Z,34,8-K,000-11399,171269647,"2.02,9.01",8-K,650223,0,0,,ctasform8-k12x17.htm,8-K
0000723254-18-000002,2018-01-05,2017-11-30,2018-01-05T22:10:25.000Z,34,10-Q,000-11399,18514147,,10-Q,15165359,1,0,,ctas-2017x1130x10xq.htm,10-Q
0001140361-18-001181,2018-01-08,2018-01-04,2018-01-08T19:17:18.000Z,,4,,,,4,8827,0,0,,xslF345X03/doc1.xml,FORM 4
0001140361-18-002115,2018-01-17,2018-01-12,2018-01-17T16:31:00.000Z,,4,,,,4,7171,0,0,,xslF345X03/doc1.xml,FORM 4
0000215457-18-003839,2018-01-29,,2018-01-29T21:38:06.000Z,34,SC 13G/A,005-35960,18556096,,SC 13G/A,13664,0,0,,us1729081059_012918.txt,
0001140361-18-004302,2018-02-01,2018-01-30,2018-02-01T15:06:37.000Z,,4,,,,4,5473,0,0,,xslF345X03/doc1.xml,FORM 4
0000932471-18-003185,2018-02-09,,2018-02-09T00:23:47.000Z,34,SC 13G/A,005-35960,18587154,,SC 13G/A,45407,0,0,,cintascorp.htm,
0000723254-18-000004,2018-03-22,2018-03-22,2018-03-22T20:42:42.000Z,34,8-K,000-11399,18707420,"2.02,9.01",8-K,627453,0,0,,ctasform8-k03x18.htm,8-K
0000723254-18-000006,2018-04-06,2018-02-28,2018-04-06T19:10:15.000Z,34,10-Q,000-11399,18743018,,10-Q,15417148,1,0,,ctas-2018x228x10xq.htm,10-Q
0001140361-18-020781,2018-05-01,2018-04-30,2018-05-01T15:38:14.000Z,,4,,,,4,5633,0,0,,xslF345X03/doc1.xml,FORM 4
0001140361-18-022351,2018-05-09,2018-05-07,2018-05-09T12:30:10.000Z,,4,,,,4,9183,0,0,,xslF345X03/doc1.xml,FORM 4
0000723254-18-000008,2018-05-31,,2018-05-31T15:20:54.000Z,34,SD,000-11399,18870501,,SD,62971,0,0,,conflictmineralssd518.htm,SD
0001193125-18-186595,2018-06-07,2016-12-31,2018-06-07T18:25:08.000Z,34,11-K/A,000-11399,18886074,,11-K/A,187063,0,0,,d603618d11ka.htm,FORM 11-K/A
0001193125-18-189604,2018-06-11,2016-12-31,2018-06-11T21:22:04.000Z,34,11-K/A,000-11399,18892843,,11-K/A,187230,0,0,,d595693d11ka.htm,FORM 11-K/A
0000723254-18-000010,2018-06-19,2018-06-13,2018-06-19T20:15:30.000Z,34,8-K,000-11399,18907303,5.02,8-K,31331,0,0,,a8kretirementannouncement.htm,ITEM 5.02
0001193125-18-207556,2018-06-28,2017-12-31,2018-06-28T19:48:05.000Z,34,11-K,000-11399,18925304,,11-K,189978,0,0,,d832496d11k.htm,FORM 11-K
0001140361-18-031986,2018-07-10,2018-07-01,2018-07-10T15:43:43.000Z,,3,,,,3,19260,0,0,,xslF345X02/doc1.xml,FORM 3
0001140361-18-031987,2018-07-10,2018-07-01,2018-07-10T15:46:51.000Z,,3,,,,3,17438,0,0,,xslF345X02/doc1.xml,FORM 3
0000723254-18-000013,2018-07-19,2018-07-19,2018-07-19T20:16:42.000Z,34,8-K,000-11399,18960628,"2.02,9.01",8-K,580368,0,0,,ctasform8-k07x18.htm,8-K
0001140361-18-033261,2018-07-24,2018-07-20,2018-07-24T16:30:39.000Z,,4,,,,4,6227,0,0,,xslF345X03/doc1.xml,FORM 4
0001140361-18-033262,2018-07-24,2018-07-20,2018-07-24T16:31:24.000Z,,4,,,,4,5557,0,0,,xslF345X03/doc1.xml,FORM 4
0001140361-18-033635,2018-07-26,2018-07-24,2018-07-26T19:24:37.000Z,,4,,,,4,7725,0,0,,xslF345X03/doc1.xml,FORM 4
0001140361-18-033636,2018-07-26,2018-07-24,2018-07-26T19:25:21.000Z,,4,,,,4,8394,0,0,,xslF345X03/doc1.xml,FORM 4
0001140361-18-033637,2018-07-26,2018-07-24,2018-07-26T19:26:01.000Z,,4,,,,4,9380,0,0,,xslF345X03/doc1.xml,FORM 4
0001140361-18-033638,2018-07-26,2018-07-24,2018-07-26T19:26:39.000Z,,4,,,,4,9287,0,0,,xslF345X03/doc1.xml,FORM 4
0001140361-18-033639,2018-07-26,2018-07-24,2018-07-26T19:27:10.000Z,,4,,,,4,8709,0,0,,xslF345X03/doc1.xml,FORM 4
0000723254-18-000015,2018-07-27,2018-05-31,2018-07-27T16:27:03.000Z,34,10-K,000-11399,18974113,,10-K,22448383,1,0,,ctas531201810k.htm,10-K
0001140361-18-034761,2018-08-01,2018-07-30,2018-08-01T19:33:48.000Z,,4,,,,4,7142,0,0,,xslF345X03/doc1.xml,FORM 4
0001140361-18-034763,2018-08-01,2018-07-30,2018-08-01T19:34:27.000Z,,4,,,,4,9311,0,0,,xslF345X03/doc1.xml,FORM 4
0001140361-18-035084,2018-08-02,2018-07-31,2018-08-02T19:04:36.000Z,,4,,,,4,8208,0,0,,xslF345X03/doc1.xml,FORM 4
0001140361-18-035085,2018-08-02,2018-07-31,2018-08-02T19:05:17.000Z,,4,,,,4,7637,0,0,,xslF345X03/doc1.xml,FORM 4
0001140361-18-035086,2018-08-02,2018-07-31,2018-08-02T19:06:01.000Z,,4,,,,4,8390,0,0,,xslF345X03/doc1.xml,FORM 4
0001140361-18-035087,2018-08-02,2018-07-31,2018-08-02T19:06:42.000Z,,4,,,,4,7721,0,0,,xslF345X03/doc1.xml,FORM 4
0000723254-18-000018,2018-08-03,2018-08-03,2018-08-03T15:02:15.000Z,34,8-K,000-11399,18990750,"5.02,5.03,9.01",8-K,131005,0,0,,a8kretirementamendedbylaws.htm,8-K
0001140361-18-035732,2018-08-07,2018-07-20,2018-08-07T16:33:18.000Z,,4/A,,,,4/A,6543,0,0,,xslF345X03/doc1.xml,FORM 4/A
0001140361-18-035809,2018-08-07,2018-08-03,2018-08-07T20:44:36.000Z,,4,,,,4,23295,0,0,,xslF345X03/doc1.xml,FORM 4
0001567619-18-000608,2018-08-13,2018-08-09,2018-08-13T20:07:18.000Z,,4,,,,4,21145,0,0,,xslF345X03/doc1.xml,FORM 4
0000723254-18-000023,2018-09-20,2018-05-31,2018-09-20T19:03:37.000Z,34,DEF 14A,000-11399,181079329,,DEF 14A,1098344,0,0,,proxyfy18.htm,DEF 14A
0000723254-18-000024,2018-09-20,,2018-09-20T19:04:47.000Z,34,DEFA14A,000-11399,181079331,,DEFA14A,371552,0,0,,cintas2018proxynot5fc.htm,DEFA14A
0000723254-18-000026,2018-09-25,2018-09-25,2018-09-25T20:18:06.000Z,34,8-K,000-11399,181085859,"2.02,9.01",8-K,450782,0,0,,ctasform8-k09x18.htm,8-K
0000723254-18-000030,2018-10-05,2018-08-31,2018-10-05T21:11:33.000Z,34,10-Q,000-11399,181111288,,10-Q,12501185,1,0,,ctas-2018x831x10xq.htm,10-Q
0001567619-18-004837,2018-10-31,2018-10-30,2018-10-31T18:44:44.000Z,,4,,,,4,10527,0,0,,xslF345X03/doc1.xml,FORM 4
0001567619-18-004838,2018-10-31,2018-10-30,2018-10-31T18:45:57.000Z,,4,,,,4,7055,0,0,,xslF345X03/doc1.xml,FORM 4
0001567619-18-004842,2018-10-31,2018-10-30,2018-10-31T18:58:42.000Z,,4,,,,4,6951,0,0,,xslF345X03/doc1.xml,FORM 4
0001567619-18-004844,2018-10-31,2018-10-30,2018-10-31T19:06:37.000Z,,4,,,,4,6914,0,0,,xslF345X03/doc1.xml,FORM 4
0001567619-18-004846,2018-10-31,2018-10-30,2018-10-31T19:09:12.000Z,,4,,,,4,6973,0,0,,xslF345X03/doc1.xml,FORM 4
0001567619-18-004848,2018-10-31,2018-10-30,2018-10-31T19:14:52.000Z,,4,,,,4,7763,0,0,,xslF345X03/doc1.xml,FORM 4
0001567619-18-004850,2018-10-31,2018-10-30,2018-10-31T19:21:17.000Z,,4,,,,4,6943,0,0,,xslF345X03/doc1.xml,FORM 4
0000723254-18-000032,2018-11-01,2018-10-30,2018-11-01T19:39:41.000Z,34,8-K,000-11399,181153513,5.07,8-K,56793,0,0,,votingresults-shldrmtg10x3.htm,8-K
0000723254-18-000035,2018-12-20,2018-12-20,2018-12-20T21:16:41.000Z,34,8-K,000-11399,181246397,"2.02,9.01",8-K,634568,0,0,,ctasform8-k12x18.htm,8-K
0001567619-19-000685,2019-01-07,2019-01-03,2019-01-07T19:11:34.000Z,,4,,,,4,19636,0,0,,xslF345X03/doc1.xml,FORM 4
0000723254-19-000002,2019-01-08,2018-11-30,2019-01-08T20:40:36.000Z,34,10-Q,000-11399,19515896,,10-Q,16062026,1,0,,ctas-2018x1130x10xq.htm,10-Q
0000215457-19-003286,2019-02-04,,2019-02-04T15:09:01.000Z,34,SC 13G/A,005-35960,19562152,,SC 13G/A,13633,0,0,,us1729081059_020419.txt,
0001567619-19-002322,2019-02-05,2018-12-27,2019-02-05T16:28:15.000Z,,4,,,,4,5356,0,0,,xslF345X03/doc1.xml,FORM 4
0001567619-19-002324,2019-02-05,2019-02-01,2019-02-05T17:05:08.000Z,,4,,,,4,23441,0,0,,xslF345X03/doc1.xml,FORM 4
0000932471-19-004427,2019-02-11,,2019-02-11T14:14:24.000Z,34,SC 13G/A,005-35960,19582309,,SC 13G/A,34291,0,0,,cintascorp.htm,
0001567619-19-003322,2019-02-12,2019-02-12,2019-02-12T21:55:25.000Z,,4,,,,4,5644,0,0,,xslF345X03/doc1.xml,FORM 4
0001567619-19-004208,2019-02-14,2019-02-13,2019-02-14T18:30:47.000Z,,4,,,,4,4864,0,0,,xslF345X03/doc1.xml,FORM 4
0001567619-19-004454,2019-02-14,2019-02-12,2019-02-14T21:47:01.000Z,,4,,,,4,12354,0,0,,xslF345X03/doc1.xml,FORM 4
0001567619-19-004613,2019-02-15,2019-02-14,2019-02-15T20:34:26.000Z,,4,,,,4,5056,0,0,,xslF345X03/doc1.xml,FORM 4
0000723254-19-000005,2019-03-21,2019-03-21,2019-03-21T20:15:56.000Z,34,8-K,000-11399,19697215,"2.02,9.01",8-K,600107,0,0,,ctasform8-k3x19.htm,8-K
0001567619-19-008387,2019-04-04,2019-04-03,2019-04-04T17:48:47.000Z,,4,,,,4,5456,0,0,,xslF345X03/doc1.xml,FORM 4
0000723254-19-000008,2019-04-05,2019-02-28,2019-04-05T19:46:15.000Z,34,10-Q,000-11399,19735048,,10-Q,17069324,1,0,,ctas-2019x228x10xq.htm,10-Q
0001567619-19-009719,2019-05-03,2019-05-02,2019-05-03T16:29:44.000Z,,4,,,,4,10642,0,0,,xslF345X03/doc1.xml,FORM 4
0001567619-19-009793,2019-05-06,2019-05-03,2019-05-06T14:49:29.000Z,,4,,,,4,4969,0,0,,xslF345X03/doc1.xml,FORM 4
0000723254-19-000010,2019-05-29,,2019-05-29T17:53:45.000Z,34,SD,000-11399,19860998,,SD,61103,0,0,,conflictmineralssd519.htm,SD
0000723254-19-000013,2019-05-30,2019-05-24,2019-05-30T19:54:37.000Z,34,8-K,000-11399,19866452,"1.01,2.03,9.01",8-K,993960,0,0,,ctasform8-kamendedandresta.htm,8-K
0001193125-19-185488,2019-06-28,2018-12-31,2019-06-28T15:53:03.000Z,34,11-K,000-11399,19928182,,11-K,194463,0,0,,d757712d11k.htm,FORM 11-K
0000723254-19-000015,2019-07-01,2019-07-01,2019-07-01T18:56:19.000Z,34,8-K,000-11399,19932839,5.02,8-K,32165,0,0,,ctas8-kdepartureandappoint.htm,8-K
0001567619-19-014374,2019-07-03,2019-07-01,2019-07-03T12:55:04.000Z,,3,,,,3,10539,0,0,,xslF345X02/doc1.xml,FORM 3
0001567619-19-014375,2019-07-03,2019-07-01,2019-07-03T12:56:31.000Z,,4,,,,4,6756,0,0,,xslF345X03/doc1.xml,FORM 4
0001567619-19-014717,2019-07-12,2019-07-12,2019-07-12T18:13:53.000Z,,5,,,,5,10629,0,0,,xslF345X03/doc1.xml,FORM 5
0001567619-19-014718,2019-07-12,2019-07-12,2019-07-12T18:14:46.000Z,,5,,,,5,8781,0,0,,xslF345X03/doc1.xml,FORM 5
0000723254-19-000017,2019-07-16,2019-07-16,2019-07-16T20:16:30.000Z,34,8-K,000-11399,19957354,"2.02,9.01",8-K,630832,0,0,,ctasform8-k7x19.htm,8-K
0001567619-19-015123,2019-07-24,2019-07-22,2019-07-24T17:38:37.000Z,,4,,,,4,9845,0,0,,xslF345X03/doc1.xml,FORM 4
0000723254-19-000019,2019-07-25,2019-07-01,2019-07-25T13:11:31.000Z,34,8-K/A,000-11399,19972723,5.02,8-K/A,30993,0,0,,ctas8-kaappointmentofdirec.htm,8-K/A
0001567619-19-015168,2019-07-25,2019-07-23,2019-07-25T19:24:35.000Z,,4,,,,4,7724,0,0,,xslF345X03/doc1.xml,FORM 4
0001567619-19-015170,2019-07-25,2019-07-23,2019-07-25T19:27:38.000Z,,4,,,,4,7641,0,0,,xslF345X03/doc1.xml,FORM 4
0001567619-19-015172,2019-07-25,2019-07-23,2019-07-25T19:29:36.000Z,,4,,,,4,7544,0,0,,xslF345X03/doc1.xml,FORM 4
0001567619-19-015174,2019-07-25,2019-07-23,2019-07-25T19:31:16.000Z,,4,,,,4,8589,0,0,,xslF345X03/doc1.xml,FORM 4
0000723254-19-000021,2019-07-26,2019-05-31,2019-07-26T16:05:44.000Z,34,10-K,000-11399,19976888,,10-K,23415501,1,0,,ctas531201910k.htm,10-K
0001567619-19-015232,2019-07-26,2019-07-23,2019-07-26T19:48:12.000Z,,4/A,,,,4/A,5570,0,0,,xslF345X03/doc1.xml,FORM 4/A
0001567619-19-015234,2019-07-26,2019-07-23,2019-07-26T19:50:33.000Z,,4/A,,,,4/A,5750,0,0,,xslF345X03/doc1.xml,FORM 4/A
0001567619-19-015413,2019-07-30,2019-07-26,2019-07-30T19:02:38.000Z,,4,,,,4,5376,0,0,,xslF345X03/doc1.xml,FORM 4
0001567619-19-015417,2019-07-30,2019-07-26,2019-07-30T19:15:18.000Z,,4,,,,4,6225,0,0,,xslF345X03/doc1.xml,FORM 4
0001567619-19-015421,2019-07-30,2019-07-26,2019-07-30T19:23:20.000Z,,4,,,,4,5556,0,0,,xslF345X03/doc1.xml,FORM 4
0001567619-19-015423,2019-07-30,2019-07-26,2019-07-30T19:25:13.000Z,,4,,,,4,5472,0,0,,xslF345X03/doc1.xml,FORM 4
0001567619-19-015786,2019-08-05,2019-08-01,2019-08-05T18:20:20.000Z,,4,,,,4,15108,0,0,,xslF345X03/doc1.xml,FORM 4
0001567619-19-016069,2019-08-08,2019-08-06,2019-08-08T20:09:23.000Z,,4,,,,4,6788,0,0,,xslF345X03/doc1.xml,FORM 4
0001144204-19-044114,2019-09-10,,2019-09-10T19:50:55.000Z,34,SC 13G/A,005-35960,191085312,,SC 13G/A,13665,0,0,,tv0022-cintascorp.htm,SCHEDULE 13G/A
0000723254-19-000024,2019-09-17,2019-05-31,2019-09-17T18:12:02.000Z,34,DEF 14A,000-11399,191096641,,DEF 14A,1124291,0,0,,proxyfy19.htm,DEF 14A
0000723254-19-000025,2019-09-17,,2019-09-17T18:12:52.000Z,34,DEFA14A,000-11399,191096643,,DEFA14A,429950,0,0,,cintas2019proxynotice.htm,DEFA14A
0000723254-19-000027,2019-09-24,2019-09-24,2019-09-24T20:16:40.000Z,34,8-K,000-11399,191110983,"2.02,9.01",XBRL,629523,1,1,,ctasform8-k9x19.htm,8-K
0001567619-19-018816,2019-09-27,2019-09-26,2019-09-27T17:49:37.000Z,,4,,,,4,13768,0,0,,xslF345X03/doc1.xml,FORM 4
0001567619-19-018948,2019-10-01,2019-09-27,2019-10-01T18:33:04.000Z,,4,,,,4,5650,0,0,,xslF345X03/doc1.xml,FORM 4
0000723254-19-000030,2019-10-08,2019-08-31,2019-10-08T18:32:19.000Z,34,10-Q,000-11399,191142528,,XBRL,13116606,1,1,,ctas-2019x831x10xq.htm,10-Q
0001567619-19-019536,2019-10-15,2019-10-11,2019-10-15T13:32:36.000Z,,4,,,,4,5234,0,0,,xslF345X03/doc1.xml,FORM 4
0001567619-19-019611,2019-10-16,2019-10-14,2019-10-16T15:16:40.000Z,,4,,,,4,5470,0,0,,xslF345X03/doc1.xml,FORM 4
0001567619-19-019618,2019-10-16,2019-10-15,2019-10-16T19:06:10.000Z,,4,,,,4,17698,0,0,,xslF345X03/doc1.xml,FORM 4
0001567619-19-019806,2019-10-21,2019-10-17,2019-10-21T19:17:14.000Z,,4,,,,4,16149,0,0,,xslF345X03/doc1.xml,FORM 4
0001567619-19-020202,2019-10-31,2019-10-29,2019-10-31T18:01:44.000Z,,4,,,,4,6974,0,0,,xslF345X03/doc1.xml,FORM 4
0001567619-19-020204,2019-10-31,2019-10-29,2019-10-31T18:08:38.000Z,,4,,,,4,10555,0,0,,xslF345X03/doc1.xml,FORM 4
0001567619-19-020206,2019-10-31,2019-10-29,2019-10-31T18:13:56.000Z,,4,,,,4,7080,0,0,,xslF345X03/doc1.xml,FORM 4
0001567619-19-020208,2019-10-31,2019-10-29,2019-10-31T18:18:40.000Z,,4,,,,4,6967,0,0,,xslF345X03/doc1.xml,FORM 4
0001567619-19-020210,2019-10-31,2019-10-29,2019-10-31T18:23:50.000Z,,4,,,,4,6851,0,0,,xslF345X03/doc1.xml,FORM 4
0001567619-19-020212,2019-10-31,2019-10-29,2019-10-31T18:26:11.000Z,,4,,,,4,6942,0,0,,xslF345X03/doc1.xml,FORM 4
0001567619-19-020214,2019-10-31,2019-10-29,2019-10-31T18:28:53.000Z,,4,,,,4,7790,0,0,,xslF345X03/doc1.xml,FORM 4
0001567619-19-020217,2019-10-31,2019-10-29,2019-10-31T18:38:45.000Z,,4,,,,4,6999,0,0,,xslF345X03/doc1.xml,FORM 4
0000723254-19-000033,2019-11-01,2019-10-29,2019-11-01T14:41:53.000Z,34,8-K,000-11399,191185576,5.07,XBRL,318537,1,1,,ctasform8-kvotingresul.htm,8-K
0000723254-19-000037,2019-12-17,2019-12-17,2019-12-17T21:25:46.000Z,34,8-K,000-11399,191290018,"2.02,9.01",XBRL,931171,1,1,,ctasform8-k12x19.htm,8-K
0000723254-20-000003,2020-01-09,2019-11-30,2020-01-09T19:55:16.000Z,34,10-Q,000-11399,20518015,,XBRL,16576455,1,1,,ctas-2019x1130x10xq.htm,10-Q
0001567619-20-001290,2020-01-21,2020-01-16,2020-01-21T20:35:57.000Z,,4,,,,4,12468,0,0,,xslF345X03/doc1.xml,FORM 4
0000834237-20-004779,2020-02-05,,2020-02-05T16:26:07.000Z,34,SC 13G/A,005-35960,20577032,,SC 13G/A,13654,0,0,,us1729081059_020420.txt,
0001104659-20-013262,2020-02-10,,2020-02-10T18:41:07.000Z,34,SC 13G/A,005-35960,20591077,,SC 13G/A,13670,0,0,,tv0927-cintascorp.htm,SCHEDULE 13G/A
0001104659-20-013338,2020-02-10,,2020-02-10T19:24:27.000Z,34,SC 13G/A,005-35960,20591344,,SC 13G/A,13670,0,0,,tv0025-cintascorp.htm,SCHEDULE 13G/A
0000000000-20-001250,2020-02-11,,2020-02-11T18:51:43.000Z,,UPLOAD,,,,LETTER,58465,0,0,,filename1.pdf,
0000723254-20-000006,2020-02-19,,2020-02-19T18:08:43.000Z,,CORRESP,,,,CORRESP,110794,0,0,,filename1.htm,
0000000000-20-001731,2020-02-26,,2020-02-26T15:13:17.000Z,,UPLOAD,,,,LETTER,39420,0,0,,filename1.pdf,
0000723254-20-000010,2020-03-19,2020-03-19,2020-03-19T20:16:32.000Z,34,8-K,000-11399,20728729,"2.02,9.01",XBRL,901086,1,1,,ctas-20200319.htm,8-K
0000723254-20-000014,2020-03-31,2020-02-29,2020-03-31T18:35:07.000Z,34,10-Q,000-11399,20761226,,XBRL,17955274,1,1,,ctas-20200229.htm,10-Q
0000723254-20-000018,2020-05-15,,2020-05-15T12:35:40.000Z,34,SD,000-11399,20880796,,SD,115193,0,0,,conflictmineralssd520.htm,SD
0001567619-20-011265,2020-05-28,2019-10-02,2020-05-28T19:24:14.000Z,,4,,,,4,4421,0,0,,xslF345X03/doc1.xml,FORM 4
0001193125-20-180728,2020-06-26,2019-12-31,2020-06-26T18:58:14.000Z,34,11-K,000-11399,20993432,,11-K,197190,0,0,,d920965d11k.htm,FORM 11-K
0001567619-20-013289,2020-07-15,2020-05-31,2020-07-15T14:16:55.000Z,,5,,,,5,6817,0,0,,xslF345X03/doc1.xml,FORM 5
0001567619-20-013290,2020-07-15,2020-05-31,2020-07-15T14:17:37.000Z,,5,,,,5,9801,0,0,,xslF345X03/doc1.xml,FORM 5
0001567619-20-013291,2020-07-15,2020-05-31,2020-07-15T14:18:18.000Z,,5,,,,5,7954,0,0,,xslF345X03/doc1.xml,FORM 5
0000723254-20-000021,2020-07-23,2020-07-23,2020-07-23T12:32:34.000Z,34,8-K,000-11399,201042808,"2.02,9.01",XBRL,4142305,1,1,,ctas-20200723.htm,8-K
0001567619-20-013809,2020-07-28,2020-07-24,2020-07-28T19:34:15.000Z,,4,,,,4,5375,0,0,,xslF345X03/doc1.xml,FORM 4
0001567619-20-013810,2020-07-28,2020-07-24,2020-07-28T19:35:03.000Z,,4,,,,4,5467,0,0,,xslF345X03/doc1.xml,FORM 4
0001567619-20-013811,2020-07-28,2020-07-24,2020-07-28T19:36:19.000Z,,4,,,,4,5552,0,0,,xslF345X03/doc1.xml,FORM 4
0001567619-20-013812,2020-07-28,2020-07-24,2020-07-28T19:36:53.000Z,,4,,,,4,12330,0,0,,xslF345X03/doc1.xml,FORM 4
0001567619-20-013813,2020-07-28,2020-07-24,2020-07-28T19:39:51.000Z,,4,,,,4,6921,0,0,,xslF345X03/doc1.xml,FORM 4
0000723254-20-000025,2020-07-29,2020-05-31,2020-07-29T18:20:47.000Z,34,10-K,000-11399,201056908,,XBRL,19387404,1,1,,ctas-20200531.htm,10-K
0001567619-20-013896,2020-07-30,2020-07-28,2020-07-30T17:32:51.000Z,,4,,,,4,21353,0,0,,xslF345X03/doc1.xml,FORM 4
0001567619-20-013897,2020-07-30,2020-07-28,2020-07-30T17:34:41.000Z,,4,,,,4,7612,0,0,,xslF345X03/doc1.xml,FORM 4
0001567619-20-013898,2020-07-30,2020-07-28,2020-07-30T17:40:07.000Z,,4,,,,4,7696,0,0,,xslF345X03/doc1.xml,FORM 4
0001567619-20-013899,2020-07-30,2020-07-28,2020-07-30T17:40:53.000Z,,4,,,,4,8209,0,0,,xslF345X03/doc1.xml,FORM 4
0001567619-20-013911,2020-07-30,2020-07-28,2020-07-30T22:00:44.000Z,,4,,,,4,9824,0,0,,xslF345X03/doc1.xml,FORM 4
0001567619-20-013932,2020-07-30,2020-07-28,2020-07-30T23:30:56.000Z,,4,,,,4,17969,0,0,,xslF345X03/doc1.xml,FORM 4
0001567619-20-014046,2020-08-03,2020-07-30,2020-08-03T18:49:35.000Z,,4,,,,4,5456,0,0,,xslF345X03/doc1.xml,FORM 4
0000723254-20-000029,2020-08-04,,2020-08-04T21:09:43.000Z,33,S-3ASR,333-240362,201074193,,S-3ASR,9510705,0,0,,s-3.htm,S-3ASR
0001567619-20-014394,2020-08-06,2020-08-04,2020-08-06T18:58:22.000Z,,4,,,,4,8633,0,0,,xslF345X03/doc1.xml,FORM 4
0001567619-20-014682,2020-08-11,2020-08-07,2020-08-11T15:44:51.000Z,,4,,,,4,9990,0,0,,xslF345X03/doc1.xml,FORM 4
0001567619-20-014850,2020-08-12,2020-08-11,2020-08-12T16:13:03.000Z,,4,,,,4,16304,0,0,,xslF345X03/doc1.xml,FORM 4
0001567619-20-015439,2020-08-14,2020-08-14,2020-08-14T19:59:08.000Z,,4,,,,4,8215,0,0,,xslF345X03/doc1.xml,FORM 4
0000723254-20-000033,2020-09-15,2020-05-31,2020-09-15T17:27:55.000Z,34,DEF 14A,000-11399,201175565,,DEF 14A,3622071,0,0,,proxyfy20.htm,DEF 14A
0000723254-20-000034,2020-09-15,,2020-09-15T17:29:12.000Z,34,DEFA14A,000-11399,201175570,,DEFA14A,428519,0,0,,cintas2020proxynotice.htm,DEFA14A
0000723254-20-000038,2020-09-23,2020-09-20,2020-09-23T12:32:29.000Z,34,8-K,000-11399,201191009,"2.02,7.01,9.01",XBRL,3871678,1,1,,ctas-20200920.htm,8-K
0001567619-20-017137,2020-09-28,2020-09-24,2020-09-28T17:02:09.000Z,,4,,,,4,8335,0,0,,xslF345X03/doc1.xml,FORM 4
0001567619-20-017684,2020-10-08,2020-10-06,2020-10-08T20:18:26.000Z,,4,,,,4,16317,0,0,,xslF345X03/doc1.xml,FORM 4
0000723254-20-000041,2020-10-09,2020-08-31,2020-10-09T20:00:21.000Z,34,10-Q,000-11399,201233195,,XBRL,10372152,1,1,,ctas-20200831.htm,10-Q
0001567619-20-017948,2020-10-19,2020-10-15,2020-10-19T19:51:00.000Z,,4,,,,4,4693,0,0,,xslF345X03/doc1.xml,FORM 4
0001567619-20-017949,2020-10-19,2020-10-15,2020-10-19T19:54:04.000Z,,4,,,,4,26676,0,0,,xslF345X03/doc1.xml,FORM 4
0000723254-20-000043,2020-10-28,2020-10-27,2020-10-28T19:47:44.000Z,34,8-K,000-11399,201268473,5.07,XBRL,3547962,1,1,,ctas-20201027.htm,8-K
0001567619-20-018322,2020-10-29,2020-10-27,2020-10-29T19:32:25.000Z,,4,,,,4,10555,0,0,,xslF345X03/doc1.xml,FORM 4
0001567619-20-018324,2020-10-29,2020-10-27,2020-10-29T19:39:32.000Z,,4,,,,4,7084,0,0,,xslF345X03/doc1.xml,FORM 4
0001567619-20-018325,2020-10-29,2020-10-27,2020-10-29T19:40:11.000Z,,4,,,,4,6977,0,0,,xslF345X03/doc1.xml,FORM 4
0001567619-20-018326,2020-10-29,2020-10-27,2020-10-29T19:43:58.000Z,,4,,,,4,7790,0,0,,xslF345X03/doc1.xml,FORM 4
0001567619-20-018327,2020-10-29,2020-10-27,2020-10-29T19:44:45.000Z,,4,,,,4,6851,0,0,,xslF345X03/doc1.xml,FORM 4
0001567619-20-018328,2020-10-29,2020-10-27,2020-10-29T19:45:27.000Z,,4,,,,4,6940,0,0,,xslF345X03/doc1.xml,FORM 4
0001567619-20-018329,2020-10-29,2020-10-27,2020-10-29T19:47:20.000Z,,4,,,,4,6968,0,0,,xslF345X03/doc1.xml,FORM 4
0001567619-20-018841,2020-11-06,2020-11-04,2020-11-06T20:09:06.000Z,,4,,,,4,5455,0,0,,xslF345X03/doc1.xml,FORM 4
0001567619-20-019062,2020-11-10,2020-11-06,2020-11-10T21:06:29.000Z,,4,,,,4,15867,0,0,,xslF345X03/doc1.xml,FORM 4
0000723254-20-000046,2020-12-22,2020-12-22,2020-12-22T13:34:16.000Z,34,8-K,000-11399,201406117,"2.02,9.01",XBRL,3870354,1,1,,ctas-20201222.htm,8-K
0001567619-20-021581,2020-12-28,2020-12-22,2020-12-28T18:00:23.000Z,,4,,,,4,10688,0,0,,xslF345X03/doc1.xml,FORM 4
0001193125-20-327217,2020-12-28,,2020-12-28T18:00:51.000Z,34,SC 13D/A,005-35960,201417128,,SC 13D/A,57287,0,0,,d87348dsc13da.htm,SC 13D/A
0001567619-20-021627,2020-12-29,2020-12-28,2020-12-29T16:41:49.000Z,,4,,,,4,13372,0,0,,xslF345X03/doc1.xml,FORM 4
0000723254-21-000002,2021-01-08,2020-11-30,2021-01-08T18:10:39.000Z,34,10-Q,000-11399,21516730,,XBRL,10523381,1,1,,ctas-20201130.htm,10-Q
0000834237-21-002924,2021-01-29,,2021-01-28T22:55:48.000Z,34,SC 13G/A,005-35960,21566749,,SC 13G/A,13654,0,0,,us1729081059_012821.txt,
0001567619-21-001697,2021-01-29,2021-01-27,2021-01-29T16:19:24.000Z,,4,,,,4,13414,0,0,,xslF345X03/doc1.xml,FORM 4
0001104659-21-017758,2021-02-10,,2021-02-10T15:46:44.000Z,34,SC 13G/A,005-35960,21610406,,SC 13G/A,13847,0,0,,tv0544-cintascorp.htm,SCHEDULE 13G/A
0001567619-21-002761,2021-02-10,2021-02-09,2021-02-10T18:58:48.000Z,,4,,,,4,11362,0,0,,xslF345X03/doc1.xml,FORM 4
0000723254-21-000004,2021-03-17,2021-03-17,2021-03-17T12:30:59.000Z,34,8-K,000-11399,21748501,"2.02,9.01",XBRL,3862638,1,1,,ctas-20210317.htm,8-K
0000723254-21-000009,2021-04-06,2021-02-28,2021-04-06T19:41:15.000Z,34,10-Q,000-11399,21809108,,XBRL,11105280,1,1,,ctas-20210228.htm,10-Q
0000723254-21-000012,2021-04-26,2021-04-23,2021-04-26T18:20:26.000Z,34,8-K,000-11399,21853303,5.02,XBRL,3521988,1,1,,ctas-20210423.htm,8-K
0000723254-21-000015,2021-05-27,,2021-05-27T15:29:24.000Z,34,SD,000-11399,21969755,,SD,2118727,0,0,,conflictmineralssd521.htm,SD
0001567619-21-011922,2021-06-09,2019-04-15,2021-06-09T21:08:08.000Z,,4,,,,4,5634,0,0,,xslF345X03/doc1.xml,FORM 4
0001193125-21-197158,2021-06-23,2020-12-31,2021-06-23T18:40:29.000Z,34,11-K,000-11399,211038490,,11-K,203589,0,0,,d180287d11k.htm,FORM 11-K
0000723254-21-000018,2021-07-15,2021-07-15,2021-07-15T12:32:04.000Z,34,8-K,000-11399,211091760,"2.02,9.01",XBRL,3860847,1,1,,ctas-20210715.htm,8-K
0001567619-21-014017,2021-07-27,2021-07-23,2021-07-27T20:43:08.000Z,,4,,,,4,14322,0,0,,xslF345X03/doc1.xml,FORM 4
0001567619-21-014019,2021-07-27,2021-07-23,2021-07-27T20:44:35.000Z,,4,,,,4,9244,0,0,,xslF345X03/doc1.xml,FORM 4
0001567619-21-014021,2021-07-27,2021-07-23,2021-07-27T20:45:55.000Z,,4,,,,4,12705,0,0,,xslF345X03/doc1.xml,FORM 4
0001567619-21-014022,2021-07-27,2021-07-23,2021-07-27T20:47:03.000Z,,4,,,,4,10496,0,0,,xslF345X03/doc1.xml,FORM 4
0000723254-21-000021,2021-07-28,2021-05-31,2021-07-28T17:24:07.000Z,34,10-K,000-11399,211121579,,XBRL,16250033,1,1,,ctas-20210531.htm,10-K
0001567619-21-014138,2021-07-29,2021-07-27,2021-07-29T18:02:38.000Z,,4,,,,4,9821,0,0,,xslF345X03/doc1.xml,FORM 4
0001567619-21-014252,2021-08-02,2021-07-29,2021-08-02T17:58:10.000Z,,4,,,,4,21441,0,0,,xslF345X03/doc1.xml,FORM 4
0001567619-21-014332,2021-08-03,2021-07-30,2021-08-03T18:36:47.000Z,,4,,,,4,8813,0,0,,xslF345X03/doc1.xml,FORM 4
0001567619-21-014333,2021-08-03,2021-07-30,2021-08-03T18:37:26.000Z,,4,,,,4,8907,0,0,,xslF345X03/doc1.xml,FORM 4
0001567619-21-014334,2021-08-03,2021-07-30,2021-08-03T18:38:10.000Z,,4,,,,4,6901,0,0,,xslF345X03/doc1.xml,FORM 4
0001567619-21-014336,2021-08-03,2021-07-30,2021-08-03T19:22:03.000Z,,4,,,,4,9972,0,0,,xslF345X03/doc1.xml,FORM 4
0001567619-21-014372,2021-08-04,2021-08-01,2021-08-04T13:18:53.000Z,,3,,,,3,13800,0,0,,xslF345X02/doc1.xml,FORM 3
0001567619-21-016493,2021-08-31,2021-08-27,2021-08-31T17:50:18.000Z,,4,,,,4,6917,0,0,,xslF345X03/doc1.xml,FORM 4
0000723254-21-000026,2021-09-15,2021-05-31,2021-09-15T20:15:27.000Z,34,DEF 14A,000-11399,211255577,,DEF 14A,3354992,0,0,,proxyfy21.htm,DEF 14A
0000723254-21-000027,2021-09-15,,2021-09-15T20:16:07.000Z,34,DEFA14A,000-11399,211255586,,DEFA14A,401370,0,0,,cintas2021proxynotice.htm,DEFA14A
0000000000-21-011255,2021-09-16,,2021-09-16T18:30:06.000Z,,UPLOAD,,,,LETTER,46410,0,0,,filename1.pdf,
0001104659-21-120236,2021-09-28,,2021-09-28T20:16:11.000Z,,CORRESP,,,,CORRESP,36324,0,0,,filename1.htm,
0000723254-21-000029,2021-09-29,2021-09-29,2021-09-29T12:31:28.000Z,34,8-K,000-11399,211289493,"2.02,9.01",XBRL,3743280,1,1,,ctas-20210929.htm,8-K
0000723254-21-000032,2021-10-07,2021-08-31,2021-10-07T18:04:05.000Z,34,10-Q,000-11399,211312059,,XBRL,9946368,1,1,,ctas-20210831.htm,10-Q
0001567619-21-018092,2021-10-08,2021-10-07,2021-10-08T14:33:01.000Z,,4,,,,4,8440,0,0,,xslF345X03/doc1.xml,FORM 4
0001567619-21-018093,2021-10-08,2021-10-06,2021-10-08T14:36:06.000Z,,4,,,,4,23155,0,0,,xslF345X03/doc1.xml,FORM 4
0001567619-21-018286,2021-10-14,2021-10-12,2021-10-14T14:22:14.000Z,,4,,,,4,22776,0,0,,xslF345X03/doc1.xml,FORM 4
0001567619-21-018528,2021-10-21,2021-10-19,2021-10-21T17:26:10.000Z,,4,,,,4,4564,0,0,,xslF345X03/doc1.xml,FORM 4
0000000000-21-012810,2021-10-21,,2021-10-21T20:30:04.000Z,,UPLOAD,,,,LETTER,44267,0,0,,filename1.pdf,
0000723254-21-000034,2021-10-27,2021-10-26,2021-10-27T18:44:55.000Z,34,8-K,000-11399,211352455,5.07,XBRL,3544244,1,1,,ctas-20211026.htm,8-K
0001567619-21-018859,2021-10-28,2021-10-26,2021-10-28T18:26:23.000Z,,4,,,,4,6848,0,0,,xslF345X03/doc1.xml,FORM 4
0001567619-21-018860,2021-10-28,2021-10-26,2021-10-28T18:27:08.000Z,,4,,,,4,6974,0,0,,xslF345X03/doc1.xml,FORM 4
0001567619-21-018861,2021-10-28,2021-10-26,2021-10-28T18:27:42.000Z,,4,,,,4,10552,0,0,,xslF345X03/doc1.xml,FORM 4
0001567619-21-018862,2021-10-28,2021-10-26,2021-10-28T18:28:17.000Z,,4,,,,4,7083,0,0,,xslF345X03/doc1.xml,FORM 4
0001567619-21-018863,2021-10-28,2021-10-26,2021-10-28T18:28:51.000Z,,4,,,,4,6968,0,0,,xslF345X03/doc1.xml,FORM 4
0001567619-21-018864,2021-10-28,2021-10-26,2021-10-28T18:29:24.000Z,,4,,,,4,7790,0,0,,xslF345X03/doc1.xml,FORM 4
0001567619-21-018865,2021-10-28,2021-10-26,2021-10-28T18:30:10.000Z,,4,,,,4,6940,0,0,,xslF345X03/doc1.xml,FORM 4
0001104659-21-133532,2021-11-03,,2021-11-03T17:19:09.000Z,,CORRESP,,,,CORRESP,44621,0,0,,filename1.htm,
0000723254-21-000036,2021-12-22,2021-12-22,2021-12-22T13:30:50.000Z,34,8-K,000-11399,211511059,"2.02,9.01",XBRL,3858080,1,1,,ctas-20211222.htm,8-K
0000723254-22-000002,2022-01-06,2021-11-30,2022-01-06T20:30:11.000Z,34,10-Q,000-11399,22514678,,XBRL,10634953,1,1,,ctas-20211130.htm,10-Q
0000000000-22-000560,2022-01-14,,2022-01-14T22:30:05.000Z,,UPLOAD,,,,LETTER,39589,0,0,,filename1.pdf,
0000834237-22-004060,2022-02-01,,2022-01-31T22:59:24.000Z,34,SC 13G/A,005-35960,22575775,,SC 13G/A,13673,0,0,,us1729081059_012822.txt,
0001567619-22-002193,2022-02-01,2022-01-28,2022-02-01T16:38:15.000Z,,4,,,,4,13360,0,0,,xslF345X03/doc1.xml,FORM 4
0001104659-22-016819,2022-02-09,,2022-02-09T20:33:36.000Z,34,SC 13G/A,005-35960,22606766,,SC 13G/A,12962,0,0,,tv0590-cintascorp.htm,SCHEDULE 13G/A
0000723254-22-000005,2022-03-23,2022-03-23,2022-03-23T17:16:22.000Z,34,8-K,000-11399,22762687,"1.01,2.02,2.03,9.01",XBRL,5615861,1,1,,ctas-20220323.htm,8-K
0001567619-22-007745,2022-03-31,2022-03-29,2022-03-31T17:45:14.000Z,,4,,,,4,33532,0,0,,xslF345X03/doc1.xml,FORM 4
0001567619-22-008064,2022-04-05,2022-04-01,2022-04-05T17:30:38.000Z,,4,,,,4,12221,0,0,,xslF345X03/doc1.xml,FORM 4
0000723254-22-000008,2022-04-07,2022-02-28,2022-04-07T16:42:15.000Z,34,10-Q,000-11399,22813000,,XBRL,11825447,1,1,,ctas-20220228.htm,10-Q
0001567619-22-008275,2022-04-08,2022-03-18,2022-04-08T18:25:43.000Z,,4,,,,4,8929,0,0,,xslF345X03/doc1.xml,FORM 4
0001193125-22-119057,2022-04-26,,2022-04-26T13:00:07.000Z,33,424B5,333-240362,22851924,,424B5,763727,0,0,,d318924d424b5.htm,424B5
0001193125-22-120498,2022-04-26,,2022-04-26T21:21:04.000Z,34,FWP,333-240362,22855445,,FWP,22530,0,0,,d325461dfwp.htm,FWP
0001193125-22-126981,2022-04-28,,2022-04-28T18:05:42.000Z,33,424B5,333-240362,22865246,,424B5,794540,0,0,,d318924d424b5.htm,424B5
0001193125-22-138210,2022-05-03,2022-05-03,2022-05-03T15:40:03.000Z,34,8-K,000-11399,22885327,"8.01,9.01",XBRL,697129,1,1,,d347241d8k.htm,8-K
0001193125-22-138433,2022-05-03,,2022-05-03T18:01:32.000Z,34,SC 13D/A,005-35960,22885957,,SC 13D/A,73843,0,0,,d235197dsc13da.htm,SC 13D/A
0001567619-22-009379,2022-05-03,2022-04-29,2022-05-03T18:02:42.000Z,,4,,,,4,10664,0,0,,xslF345X03/doc1.xml,FORM 4
0000723254-22-000010,2022-05-26,,2022-05-26T18:51:36.000Z,34,SD,000-11399,22968639,,SD,2118723,0,0,,conflictmineralssd522.htm,SD
0000723254-22-000013,2022-06-22,2021-12-31,2022-06-22T19:30:55.000Z,34,11-K,000-11399,221031763,,11-K,291097,0,0,,form11kdecember312021.htm,11-K
0000723254-22-000015,2022-07-14,2022-07-14,2022-07-14T13:28:36.000Z,34,8-K,000-11399,221082307,"2.02,9.01",XBRL,3894489,1,1,,ctas-20220714.htm,8-K
0001567619-22-014480,2022-07-26,2022-07-22,2022-07-26T19:45:02.000Z,,4,,,,4,5512,0,0,,xslF345X03/doc1.xml,FORM 4
0001567619-22-014481,2022-07-26,2022-07-22,2022-07-26T19:45:53.000Z,,4,,,,4,9661,0,0,,xslF345X03/doc1.xml,FORM 4
0001567619-22-014482,2022-07-26,2022-07-22,2022-07-26T19:47:17.000Z,,4,,,,4,9970,0,0,,xslF345X03/doc1.xml,FORM 4
0001567619-22-014483,2022-07-26,2022-07-22,2022-07-26T19:48:01.000Z,,4,,,,4,8907,0,0,,xslF345X03/doc1.xml,FORM 4
0000723254-22-000019,2022-07-27,2022-05-31,2022-07-27T18:21:24.000Z,34,10-K,000-11399,221110532,,XBRL,17157159,1,1,,ctas-20220531.htm,10-K
0001567619-22-014579,2022-07-28,2022-07-26,2022-07-28T19:23:48.000Z,,4,,,,4,6937,0,0,,xslF345X03/doc1.xml,FORM 4
0001567619-22-014580,2022-07-28,2022-07-26,2022-07-28T19:25:15.000Z,,4,,,,4,11819,0,0,,xslF345X03/doc1.xml,FORM 4
0001567619-22-014581,2022-07-28,2022-07-26,2022-07-28T19:27:26.000Z,,4,,,,4,25219,0,0,,xslF345X03/doc1.xml,FORM 4
0001567619-22-014582,2022-07-28,2022-07-26,2022-07-28T19:28:57.000Z,,4,,,,4,8761,0,0,,xslF345X03/doc1.xml,FORM 4
0001567619-22-014583,2022-07-28,2022-07-26,2022-07-28T19:30:39.000Z,,4,,,,4,9823,0,0,,xslF345X03/doc1.xml,FORM 4
0001567619-22-014853,2022-08-03,2022-08-01,2022-08-03T14:26:56.000Z,,4,,,,4,8922,0,0,,xslF345X03/doc1.xml,FORM 4
0000723254-22-000022,2022-08-30,2022-10-25,2022-08-30T18:41:47.000Z,34,PRE 14A,000-11399,221214084,,PRE 14A,47366742,0,0,,proxyfy22.htm,PRE 14A
0000723254-22-000025,2022-09-13,2022-10-25,2022-09-13T20:12:49.000Z,34,DEF 14A,000-11399,221240885,,DEF 14A,47461107,0,0,,proxyfy22.htm,DEF 14A
0000723254-22-000026,2022-09-13,,2022-09-13T20:17:50.000Z,34,DEFA14A,000-11399,221240946,,DEFA14A,469557,0,0,,cintas2022proxynotice.htm,DEFA14A
0000723254-22-000028,2022-09-28,2022-09-28,2022-09-28T12:31:10.000Z,34,8-K,000-11399,221272846,"2.02,9.01",XBRL,3808784,1,1,,ctas-20220928.htm,8-K
0000723254-22-000031,2022-10-06,2022-08-31,2022-10-06T18:22:36.000Z,34,10-Q,000-11399,221297833,,XBRL,9954679,1,1,,ctas-20220831.htm,10-Q
0000723254-22-000034,2022-10-27,2022-10-25,2022-10-27T15:36:36.000Z,34,8-K,000-11399,221335766,5.07,XBRL,3559405,1,1,,ctas-20221025.htm,8-K
0001567619-22-018830,2022-10-27,2022-10-25,2022-10-27T18:33:40.000Z,,4,,,,4,10571,0,0,,xslF345X03/doc1.xml,FORM 4
0001567619-22-018831,2022-10-27,2022-10-25,2022-10-27T18:34:20.000Z,,4,,,,4,7083,0,0,,xslF345X03/doc1.xml,FORM 4
0001567619-22-018832,2022-10-27,2022-10-25,2022-10-27T18:34:56.000Z,,4,,,,4,6848,0,0,,xslF345X03/doc1.xml,FORM 4
0001567619-22-018833,2022-10-27,2022-10-25,2022-10-27T18:35:54.000Z,,4,,,,4,7790,0,0,,xslF345X03/doc1.xml,FORM 4
0001567619-22-018834,2022-10-27,2022-10-25,2022-10-27T18:37:01.000Z,,4,,,,4,6940,0,0,,xslF345X03/doc1.xml,FORM 4
0001567619-22-018835,2022-10-27,2022-10-25,2022-10-27T18:37:31.000Z,,4,,,,4,6968,0,0,,xslF345X03/doc1.xml,FORM 4
0001567619-22-018836,2022-10-27,2022-10-25,2022-10-27T18:38:00.000Z,,4,,,,4,6974,0,0,,xslF345X03/doc1.xml,FORM 4
0001567619-22-018938,2022-10-31,2022-10-27,2022-10-31T17:56:40.000Z,,4,,,,4,9519,0,0,,xslF345X03/doc1.xml,FORM 4
0001567619-22-019040,2022-11-02,2022-10-31,2022-11-02T12:50:50.000Z,,4,,,,4,26625,0,0,,xslF345X03/doc1.xml,FORM 4
0000723254-22-000037,2022-12-21,2022-12-21,2022-12-21T13:32:12.000Z,34,8-K,000-11399,221476617,"2.02,9.01",XBRL,3878412,1,1,,ctas-20221221.htm,8-K
0000723254-23-000003,2023-01-06,2022-11-30,2023-01-06T21:08:24.000Z,34,10-Q,000-11399,23515144,,XBRL,11048129,1,1,,ctas-20221130.htm,10-Q
0001104659-23-002612,2023-01-10,,2023-01-10T17:37:35.000Z,34,SC 13G/A,005-35960,23520446,,SC 13G/A,12969,0,0,,tv0016-cintascorp.htm,SCHEDULE 13G/A
0001567619-23-000801,2023-01-11,2023-01-09,2023-01-11T19:59:55.000Z,,4,,,,4,7409,0,0,,xslF345X03/doc1.xml,FORM 4
0001567619-23-000916,2023-01-13,2023-01-11,2023-01-13T21:00:17.000Z,,4,,,,4,4563,0,0,,xslF345X03/doc1.xml,FORM 4
0001567619-23-000917,2023-01-13,2023-01-12,2023-01-13T21:26:24.000Z,,4,,,,4,8595,0,0,,xslF345X03/doc1.xml,FORM 4
0001567619-23-001057,2023-01-20,2023-01-18,2023-01-20T14:50:52.000Z,,4,,,,4,9526,0,0,,xslF345X03/doc1.xml,FORM 4
0001306550-23-005130,2023-01-31,,2023-01-31T18:58:04.000Z,34,SC 13G/A,005-35960,23571764,,SC 13G/A,13673,0,0,,us1729081059_013123.txt,
0001567619-23-002031,2023-02-08,2023-02-06,2023-02-08T15:08:51.000Z,,4,,,,4,14066,0,0,,xslF345X03/doc1.xml,FORM 4
0000723254-23-000005,2023-03-29,2023-03-29,2023-03-29T12:31:33.000Z,34,8-K,000-11399,23771859,"2.02,9.01",XBRL,3885686,1,1,,ctas-20230329.htm,8-K
0000723254-23-000008,2023-04-06,2023-02-28,2023-04-06T19:20:29.000Z,34,10-Q,000-11399,23805944,,XBRL,10386630,1,1,,ctas-20230228.htm,10-Q
0000723254-23-000009,2023-04-06,2023-04-05,2023-04-06T19:21:50.000Z,34,8-K,000-11399,23805949,5.02,XBRL,3502137,1,1,,ctas-20230405.htm,8-K
0000723254-23-000012,2023-04-11,2023-04-11,2023-04-11T20:22:09.000Z,34,8-K,000-11399,23813650,5.02,XBRL,3504098,1,1,,ctas-20230411.htm,8-K
0000892251-23-000033,2023-04-18,2023-01-17,2023-04-18T20:18:14.000Z,,4,,,,4,11908,0,0,,xslF345X04/form4.xml,
0000892251-23-000035,2023-04-20,2023-04-12,2023-04-20T20:20:47.000Z,,3,,,,3,14131,0,0,,xslF345X02/form3.xml,
0000892251-23-000038,2023-04-20,2023-04-18,2023-04-20T20:24:24.000Z,,4,,,,4,6524,0,0,,xslF345X04/form4.xml,
0000723254-23-000016,2023-04-21,,2023-04-21T12:54:33.000Z,34,SD,000-11399,23834708,,SD,2118975,0,0,,conflictmineralssd523.htm,SD
0000892251-23-000040,2023-04-25,2023-01-17,2023-04-25T20:16:24.000Z,,4/A,,,,4/A,11481,0,0,,xslF345X04/form4.xml,
0000892251-23-000042,2023-04-25,2023-04-21,2023-04-25T20:18:30.000Z,,4,,,,4,8637,0,0,,xslF345X04/form4.xml,
0000892251-23-000067,2023-06-06,2023-06-01,2023-06-06T20:34:52.000Z,,3,,,,3,10341,0,0,,xslF345X02/form3.xml,
0000723254-23-000019,2023-06-21,2022-12-31,2023-06-21T16:26:27.000Z,34,11-K,000-11399,231028702,,11-K,285648,0,0,,form11kdecember312022.htm,11-K
0000723254-23-000021,2023-07-13,2023-07-13,2023-07-13T12:35:36.000Z,34,8-K,000-11399,231085796,"2.02,9.01",XBRL,3845341,1,1,,ctas-20230713.htm,8-K
0001959173-23-002432,2023-07-14,,2023-07-14T16:20:03.000Z,33,144,000-11399,231088528,,144,4250,0,0,,xsl144X01/primary_doc.xml,
0000892251-23-000082,2023-07-14,2023-05-31,2023-07-14T19:00:44.000Z,,5,,,,5,11051,0,0,,xslF345X04/form5.xml,
0000892251-23-000084,2023-07-18,2023-07-14,2023-07-18T20:17:24.000Z,,4,,,,4,9462,0,0,,xslF345X05/form4.xml,
0001959173-23-002615,2023-07-26,,2023-07-26T17:26:39.000Z,33,144,000-11399,231112077,,144,4373,0,0,,xsl144X01/primary_doc.xml,
0000723254-23-000025,2023-07-27,2023-05-31,2023-07-27T17:14:03.000Z,34,10-K,000-11399,231116859,,XBRL,14798277,1,1,,ctas-20230531.htm,10-K
0000892251-23-000085,2023-07-28,2023-07-26,2023-07-28T20:11:35.000Z,,4,,,,4,9164,0,0,,xslF345X05/form4.xml,
0000892251-23-000087,2023-07-31,2023-07-31,2023-07-31T20:17:21.000Z,,4,,,,4,14334,0,0,,xslF345X05/form4.xml,
0000892251-23-000089,2023-08-01,2023-07-28,2023-08-01T18:59:54.000Z,,4,,,,4,20335,0,0,,xslF345X05/form4.xml,
0000892251-23-000090,2023-08-01,2023-07-28,2023-08-01T19:00:46.000Z,,4,,,,4,9769,0,0,,xslF345X05/form4.xml,
0000892251-23-000091,2023-08-01,2023-07-28,2023-08-01T19:01:19.000Z,,4,,,,4,7693,0,0,,xslF345X05/form4.xml,
0000892251-23-000092,2023-08-01,2023-07-28,2023-08-01T19:01:50.000Z,,4,,,,4,8592,0,0,,xslF345X05/form4.xml,
0001959173-23-002836,2023-08-02,,2023-08-02T21:34:03.000Z,33,144,000-11399,231137186,,144,4299,0,0,,xsl144X01/primary_doc.xml,
0000892251-23-000094,2023-08-04,2023-08-02,2023-08-04T20:15:34.000Z,,4,,,,4,24105,0,0,,xslF345X05/form4.xml,
0000892251-23-000095,2023-08-04,2023-07-31,2023-08-04T20:17:07.000Z,,4/A,,,,4/A,3830,0,0,,xslF345X05/form4.xml,
0000892251-23-000106,2023-08-14,2023-08-10,2023-08-14T19:00:58.000Z,,4,,,,4,9617,0,0,,xslF345X05/form4.xml,
0000892251-23-000107,2023-08-14,2023-08-10,2023-08-14T19:01:36.000Z,,4,,,,4,7311,0,0,,xslF345X05/form4.xml,
0000892251-23-000108,2023-08-14,2023-08-10,2023-08-14T19:02:25.000Z,,4,,,,4,8444,0,0,,xslF345X05/form4.xml,
0000892251-23-000109,2023-08-14,2023-08-10,2023-08-14T19:03:19.000Z,,4,,,,4,5121,0,0,,xslF345X05/form4.xml,
0000892251-23-000110,2023-08-14,2023-08-10,2023-08-14T19:03:53.000Z,,4,,,,4,7540,0,0,,xslF345X05/form4.xml,
0000892251-23-000111,2023-08-14,2023-08-10,2023-08-14T19:04:27.000Z,,4,,,,4,7322,0,0,,xslF345X05/form4.xml,
0000892251-23-000112,2023-08-14,2023-08-10,2023-08-14T19:05:03.000Z,,4,,,,4,7154,0,0,,xslF345X05/form4.xml,
0000723254-23-000030,2023-09-12,2023-10-24,2023-09-12T18:25:34.000Z,34,DEF 14A,000-11399,231249683,,XBRL,94142530,1,1,,ctas-20230912.htm,DEF 14A
0000723254-23-000031,2023-09-12,,2023-09-12T18:26:25.000Z,34,DEFA14A,000-11399,231249686,,DEFA14A,665694,0,0,,cintas2023proxynotice.htm,DEFA14A
0000723254-23-000032,2023-09-12,2023-05-31,2023-09-12T18:26:55.000Z,34,ARS,000-11399,231249687,,ARS,513842,0,0,,ctas5312023glossyarsfiling.pdf,ARS
0001214659-23-012343,2023-09-14,,2023-09-14T15:57:52.000Z,34,PX14A6G,000-11399,231254446,,PX14A6G,93681,0,0,,g914230px14a6g.htm,
0001214659-23-012526,2023-09-21,,2023-09-21T13:54:55.000Z,34,PX14A6G,000-11399,231268062,,PX14A6G,56963,0,0,,z920230px14a6g.htm,
0000723254-23-000034,2023-09-26,2023-09-26,2023-09-26T12:31:13.000Z,34,8-K,000-11399,231277241,"2.02,9.01",XBRL,3724323,1,1,,ctas-20230926.htm,8-K
0000723254-23-000037,2023-10-05,2023-08-31,2023-10-05T16:51:08.000Z,34,10-Q,000-11399,231310688,,XBRL,9379197,1,1,,ctas-20230831.htm,10-Q
0001969223-23-000399,2023-10-11,,2023-10-11T18:13:19.000Z,33,144,000-11399,231320289,,144,4207,0,0,,xsl144X01/primary_doc.xml,
0001959173-23-004317,2023-10-13,,2023-10-13T15:59:11.000Z,33,144,000-11399,231324406,,144,4233,0,0,,xsl144X01/primary_doc.xml,
0000892251-23-000163,2023-10-17,2023-10-13,2023-10-17T20:15:18.000Z,,4,,,,4,9058,0,0,,xslF345X05/form4.xml,
0000723254-23-000039,2023-10-26,2023-10-24,2023-10-26T18:55:46.000Z,34,8-K,000-11399,231349803,5.07,XBRL,3536264,1,1,,ctas-20231024.htm,8-K
0000892251-23-000166,2023-10-27,2023-10-25,2023-10-27T20:15:17.000Z,,4,,,,4,9329,0,0,,xslF345X05/form4.xml,
0000892251-23-000167,2023-10-27,2023-10-25,2023-10-27T20:16:13.000Z,,4,,,,4,6629,0,0,,xslF345X05/form4.xml,
0000892251-23-000168,2023-10-27,2023-10-25,2023-10-27T20:17:01.000Z,,4,,,,4,6601,0,0,,xslF345X05/form4.xml,
0000892251-23-000169,2023-10-27,2023-10-25,2023-10-27T20:17:39.000Z,,4,,,,4,6736,0,0,,xslF345X05/form4.xml,
0000892251-23-000170,2023-10-27,2023-10-25,2023-10-27T20:18:50.000Z,,4,,,,4,6501,0,0,,xslF345X05/form4.xml,
0000892251-23-000171,2023-10-27,2023-10-25,2023-10-27T20:19:24.000Z,,4,,,,4,6622,0,0,,xslF345X05/form4.xml,
0000892251-23-000172,2023-10-27,2023-10-25,2023-10-27T20:20:06.000Z,,4,,,,4,7441,0,0,,xslF345X05/form4.xml,
0000892251-23-000173,2023-10-27,2023-10-25,2023-10-27T20:21:25.000Z,,4,,,,4,6590,0,0,,xslF345X05/form4.xml,
0000892251-23-000176,2023-11-06,2023-11-02,2023-11-06T21:18:22.000Z,,4,,,,4,4203,0,0,,xslF345X05/form4.xml,
0001969223-23-000480,2023-11-22,,2023-11-22T21:42:11.000Z,33,144,000-11399,231434046,,144,4869,0,0,,xsl144X01/primary_doc.xml,
0000723254-23-000041,2023-12-21,2023-12-21,2023-12-21T13:31:28.000Z,34,8-K,000-11399,231502887,"2.02,9.01",XBRL,3800573,1,1,,ctas-20231221.htm,8-K
0001959173-23-005694,2023-12-22,,2023-12-22T21:17:56.000Z,33,144,000-11399,231510046,,144,4334,0,0,,xsl144X01/primary_doc.xml,
0000892251-23-000202,2023-12-27,2023-12-22,2023-12-27T21:15:29.000Z,,4,,,,4,16960,0,0,,xslF345X05/form4.xml,
0000723254-24-000005,2024-01-08,2023-11-30,2024-01-08T19:58:50.000Z,34,10-Q,000-11399,24519751,,XBRL,10246538,1,1,,ctas-20231130.htm,10-Q
0000723254-24-000007,2024-01-08,,2024-01-08T21:08:31.000Z,33,S-3ASR,333-276421,24520146,,S-3ASR,2841128,0,0,,forms-3.htm,S-3ASR
0000723254-24-000010,2024-01-17,2023-10-24,2024-01-17T20:55:15.000Z,34,8-K/A,000-11399,24538346,5.07,XBRL,3501015,1,1,,ctas-20231024.htm,8-K/A
0000723254-24-000013,2024-01-25,2024-01-25,2024-01-25T16:19:44.000Z,34,8-K,000-11399,24560093,5.02,XBRL,3500999,1,1,,ctas-20240125.htm,8-K
0001086364-24-004594,2024-01-26,,2024-01-26T21:23:46.000Z,34,SC 13G/A,005-35960,24568185,,SC 13G/A,13876,0,0,,us1729081059_012624.txt,
0000892251-24-000034,2024-01-26,2024-01-25,2024-01-26T22:22:13.000Z,,3,,,,3,16914,0,0,,xslF345X02/form3.xml,
0000892251-24-000035,2024-01-26,2024-01-25,2024-01-26T22:23:09.000Z,,4,,,,4,6565,0,0,,xslF345X05/form4.xml,
0000892251-24-000036,2024-02-02,2024-01-31,2024-02-02T21:15:53.000Z,,4,,,,4,7261,0,0,,xslF345X05/form4.xml,
0000892251-24-000037,2024-02-09,2024-02-08,2024-02-09T21:01:35.000Z,,4,,,,4,4284,0,0,,xslF345X05/form4.xml,
0001104659-24-020609,2024-02-13,,2024-02-13T22:02:28.000Z,34,SC 13G/A,005-35960,24627817,,SC 13G/A,13050,0,0,,tv0609-cintascorp.htm,SCHEDULE 13G/A
0000723254-24-000016,2024-03-27,2024-03-27,2024-03-27T12:37:16.000Z,34,8-K,000-11399,24785937,"2.02,9.01",XBRL,3824432,1,1,,ctas-20240327.htm,8-K
0000892251-24-000040,2024-04-01,2024-03-28,2024-04-01T20:24:47.000Z,,4,,,,4,5001,0,0,,xslF345X05/form4.xml,
0000723254-24-000018,2024-04-05,2024-02-29,2024-04-05T16:16:57.000Z,34,10-Q,000-11399,24825571,,XBRL,10585859,1,1,,ctas-20240229.htm,10-Q
0000723254-24-000020,2024-04-09,2024-01-25,2024-04-09T20:35:20.000Z,34,8-K/A,000-11399,24833153,5.02,XBRL,3495836,1,1,,ctas-20240125.htm,8-K/A
0000723254-24-000024,2024-04-11,2024-04-09,2024-04-11T20:36:16.000Z,34,8-K,000-11399,24838940,"5.03,9.01",XBRL,3654982,1,1,,ctas-20240409.htm,8-K
0001959173-24-003305,2024-05-07,,2024-05-07T17:14:31.000Z,33,144,000-11399,24920927,,144,4347,0,0,,xsl144X01/primary_doc.xml,
0001959173-24-003317,2024-05-07,,2024-05-07T19:17:46.000Z,33,144,000-11399,24921397,,144,4297,0,0,,xsl144X01/primary_doc.xml,
0000892251-24-000049,2024-05-09,2024-05-07,2024-05-09T20:16:03.000Z,,4,,,,4,10542,0,0,,xslF345X05/form4.xml,
0000892251-24-000050,2024-05-09,2024-05-07,2024-05-09T20:16:27.000Z,,4,,,,4,14695,0,0,,xslF345X05/form4.xml,
0000723254-24-000026,2024-05-14,,2024-05-14T18:04:59.000Z,34,SD,000-11399,24942922,,SD,2119508,0,0,,conflictmineralssd524.htm,SD
0000892251-24-000051,2024-05-16,2024-05-14,2024-05-16T20:16:01.000Z,,4,,,,4,8623,0,0,,xslF345X05/form4.xml,
0000723254-24-000029,2024-06-24,2023-12-31,2024-06-24T20:29:46.000Z,34,11-K,000-11399,241064716,,11-K,280395,0,0,,form11kdecember312023.htm,11-K
0000892251-24-000068,2024-07-15,2024-05-31,2024-07-15T19:03:48.000Z,,5,,,,5,9652,0,0,,xslF345X05/form5.xml,
0000723254-24-000032,2024-07-18,2024-07-18,2024-07-18T12:47:31.000Z,34,8-K,000-11399,241123760,"2.02,9.01",XBRL,3841646,1,1,,ctas-20240718.htm,8-K
0000723254-24-000034,2024-07-23,2024-07-23,2024-07-23T20:05:50.000Z,34,8-K,000-11399,241134504,5.02,XBRL,3495551,1,1,,ctas-20240723.htm,8-K
0001959173-24-005054,2024-07-24,,2024-07-24T18:48:53.000Z,33,144,000-11399,241137713,,144,4330,0,0,,xsl144X01/primary_doc.xml,
0000723254-24-000036,2024-07-25,2024-05-31,2024-07-25T18:01:02.000Z,34,10-K,000-11399,241141113,,XBRL,15729082,1,1,,ctas-20240531.htm,10-K
0000892251-24-000074,2024-07-26,2024-07-24,2024-07-26T20:16:25.000Z,,4,,,,4,9147,0,0,,xslF345X05/form4.xml,
0001959173-24-005133,2024-07-29,,2024-07-29T18:54:34.000Z,33,144,000-11399,241151724,,144,4416,0,0,,xsl144X01/primary_doc.xml,
0000892251-24-000075,2024-07-30,2024-07-26,2024-07-30T20:17:53.000Z,,4,,,,4,5255,0,0,,xslF345X05/form4.xml,
0000892251-24-000076,2024-07-30,2024-07-26,2024-07-30T20:19:22.000Z,,4,,,,4,6925,0,0,,xslF345X05/form4.xml,
0000892251-24-000077,2024-07-30,2024-07-26,2024-07-30T20:20:33.000Z,,4,,,,4,9855,0,0,,xslF345X05/form4.xml,
0000892251-24-000078,2024-07-30,2024-07-26,2024-07-30T20:21:31.000Z,,4,,,,4,26325,0,0,,xslF345X05/form4.xml,
0000892251-24-000079,2024-08-02,2024-07-31,2024-08-02T20:18:58.000Z,,4,,,,4,22724,0,0,,xslF345X05/form4.xml,
0000892251-24-000085,2024-08-14,2024-08-12,2024-08-14T20:24:49.000Z,,4,,,,4,7404,0,0,,xslF345X05/form4.xml,
0000892251-24-000086,2024-08-14,2024-08-12,2024-08-14T20:28:14.000Z,,4,,,,4,7389,0,0,,xslF345X05/form4.xml,
0000892251-24-000087,2024-08-14,2024-08-12,2024-08-14T20:29:24.000Z,,4,,,,4,6789,0,0,,xslF345X05/form4.xml,
0000892251-24-000088,2024-08-14,2024-08-12,2024-08-14T20:32:03.000Z,,4,,,,4,5207,0,0,,xslF345X05/form4.xml,
0000892251-24-000089,2024-08-14,2024-08-12,2024-08-14T20:33:20.000Z,,4,,,,4,9708,0,0,,xslF345X05/form4.xml,
0000892251-24-000096,2024-08-29,2024-08-27,2024-08-29T20:17:07.000Z,,4,,,,4,5256,0,0,,xslF345X05/form4.xml,
0000723254-24-000040,2024-09-12,2024-09-11,2024-09-12T18:27:55.000Z,34,8-K,000-11399,241294635,"5.03,9.01",XBRL,3527438,1,1,,ctas-20240911.htm,8-K
0000723254-24-000047,2024-09-19,2024-10-29,2024-09-19T18:17:17.000Z,34,DEF 14A,000-11399,241310035,,XBRL,85108373,1,1,,ctas-20240919.htm,DEF 14A
0000723254-24-000048,2024-09-19,,2024-09-19T18:17:56.000Z,34,DEFA14A,000-11399,241310040,,DEFA14A,716862,0,0,,cintas2024proxynotice.htm,DEFA14A
0000723254-24-000049,2024-09-19,2024-05-31,2024-09-19T18:18:34.000Z,34,ARS,000-11399,241310054,,ARS,4196416,0,0,,cintas10kars.pdf,10-K
0001214659-24-016587,2024-09-20,,2024-09-20T17:49:20.000Z,34,PX14A6G,000-11399,241312825,,PX14A6G,53974,0,0,,g920241px14a6g.htm,
0001214659-24-016673,2024-09-24,,2024-09-24T20:07:26.000Z,34,PX14A6G,000-11399,241320284,,PX14A6G,90621,0,0,,v924241px14a6g.htm,
0000723254-24-000051,2024-09-25,2024-09-25,2024-09-25T12:30:58.000Z,34,8-K,000-11399,241321388,"2.02,9.01",XBRL,3780957,1,1,,ctas-20240925.htm,8-K
0000723254-24-000053,2024-10-04,2024-08-31,2024-10-04T18:51:19.000Z,34,10-Q,000-11399,241354536,,XBRL,9837337,1,1,,ctas-20240831.htm,10-Q
0000723254-24-000055,2024-11-01,2024-10-29,2024-11-01T17:08:24.000Z,34,8-K,000-11399,241418217,"5.02,5.07,9.01",XBRL,3765133,1,1,,ctas-20241029.htm,8-K
0000892251-24-000109,2024-11-01,2024-10-30,2024-11-01T20:17:31.000Z,,4,,,,4,7007,0,0,,xslF345X05/form4.xml,
0000892251-24-000110,2024-11-01,2024-10-30,2024-11-01T20:22:10.000Z,,4,,,,4,6981,0,0,,xslF345X05/form4.xml,
0000892251-24-000111,2024-11-01,2024-10-30,2024-11-01T20:23:41.000Z,,4,,,,4,6974,0,0,,xslF345X05/form4.xml,
0000892251-24-000115,2024-11-01,2024-10-30,2024-11-01T20:29:51.000Z,,4,,,,4,9703,0,0,,xslF345X05/form4.xml,
0000892251-24-000116,2024-11-01,2024-10-30,2024-11-01T20:32:02.000Z,,4,,,,4,6967,0,0,,xslF345X05/form4.xml,
0000892251-24-000117,2024-11-01,2024-10-30,2024-11-01T20:33:11.000Z,,4,,,,4,6874,0,0,,xslF345X05/form4.xml,
0000892251-24-000118,2024-11-01,2024-10-30,2024-11-01T20:34:27.000Z,,4,,,,4,7091,0,0,,xslF345X05/form4.xml,
0000892251-24-000122,2024-12-11,2024-12-09,2024-12-11T21:17:17.000Z,,4,,,,4,8805,0,0,,xslF345X05/form4.xml,
0000723254-24-000057,2024-12-19,2024-12-19,2024-12-19T13:31:58.000Z,34,8-K,000-11399,241561062,"2.02,9.01",XBRL,3849215,1,1,,ctas-20241219.htm,8-K
0000950103-25-000221,2025-01-07,2025-01-07,2025-01-07T14:06:55.000Z,34,8-K,000-11399,25513577,"8.01,9.01",XBRL,5971448,1,1,,dp223192_8k.htm,FORM 8-K
0000950103-25-000222,2025-01-07,,2025-01-07T15:16:36.000Z,34,DEFA14A,000-11399,25513725,,DEFA14A,5736619,0,0,,dp223193_defa14a.htm,FORM DEFA14A
0000950103-25-000223,2025-01-07,,2025-01-07T15:18:53.000Z,,425,,,,425,5737299,0,0,,dp223194_425.htm,FORM 425
0000723254-25-000003,2025-01-08,2024-11-30,2025-01-08T20:06:53.000Z,34,10-Q,000-11399,25518216,,XBRL,10842896,1,1,,ctas-20241130.htm,10-Q
0000950103-25-003744,2025-03-24,2025-03-24,2025-03-24T20:34:31.000Z,34,8-K,000-11399,25764592,"8.01,9.01",XBRL,266431,1,1,,dp226616_8k.htm,FORM 8-K
0001628280-25-014841,2025-03-26,2025-03-26,2025-03-26T12:31:43.000Z,34,8-K,000-11399,25770288,"2.02,9.01",XBRL,3850350,1,1,,ctas-20250326.htm,8-K
0001628280-25-016483,2025-04-03,2025-02-28,2025-04-03T20:07:29.000Z,34,10-Q,000-11399,25809433,,XBRL,10963168,1,1,,ctas-20250228.htm,10-Q
0000950103-25-004379,2025-04-04,2025-03-31,2025-04-04T13:08:46.000Z,34,8-K,000-11399,25812200,"5.02,9.01",XBRL,269642,1,1,,dp227209_8k.htm,FORM 8-K
0001969223-25-000222,2025-04-07,,2025-04-07T20:19:43.000Z,33,144,000-11399,25818379,,144,4361,0,0,,xsl144X01/primary_doc.xml,
0000892251-25-000029,2025-04-09,2025-04-07,2025-04-09T20:16:28.000Z,,4,,,,4,5229,0,0,,xslF345X05/form4.xml,
0001959173-25-002596,2025-04-14,,2025-04-14T15:05:42.000Z,33,144,000-11399,25834664,,144,4340,0,0,,xsl144X01/primary_doc.xml,
0000892251-25-000032,2025-04-16,2025-04-14,2025-04-16T20:23:32.000Z,,4,,,,4,9574,0,0,,xslF345X05/form4.xml,
0001193125-25-098654,2025-04-28,,2025-04-28T13:12:19.000Z,33,424B5,333-276421,25876383,,424B5,714987,0,0,,d908569d424b5.htm,424B5
0001193125-25-100697,2025-04-28,,2025-04-28T20:38:34.000Z,34,FWP,333-276421,25881020,,FWP,18181,0,0,,d943233dfwp.htm,FWP
0001193125-25-103869,2025-04-29,,2025-04-29T20:26:38.000Z,33,424B5,333-276421,25888117,,424B5,914710,1,1,,d908569d424b5.htm,424B5
0000723254-25-000008,2025-05-02,,2025-05-02T19:25:38.000Z,34,SD,000-11399,25908003,,SD,2118147,0,0,,conflictmineralssd525.htm,SD
0001193125-25-111637,2025-05-02,2025-05-02,2025-05-02T20:16:14.000Z,34,8-K,000-11399,25908767,"8.01,9.01",XBRL,689706,1,1,,d945447d8k.htm,8-K
0000892251-25-000038,2025-06-06,2025-06-01,2025-06-06T20:19:30.000Z,,3,,,,3,10557,0,0,,xslF345X02/form3.xml,
0000723254-25-000011,2025-06-24,2024-12-31,2025-06-24T18:39:38.000Z,34,11-K,000-11399,251068270,,11-K,252026,0,0,,form11kdecember312024.htm,11-K
0000723254-25-000013,2025-07-17,2025-07-17,2025-07-17T12:31:26.000Z,34,8-K,000-11399,251128958,"2.02,9.01",XBRL,3794844,1,1,,ctas-20250717.htm,8-K
0001959173-25-004649,2025-07-18,,2025-07-18T20:24:50.000Z,33,144,000-11399,251134765,,144,4318,0,0,,xsl144X01/primary_doc.xml,
0000892251-25-000078,2025-07-23,2025-07-21,2025-07-23T20:17:47.000Z,,4,,,,4,4150,0,0,,xslF345X05/form4.xml,
0001959173-25-004767,2025-07-28,,2025-07-28T15:56:30.000Z,33,144,000-11399,251154440,,144,4414,0,0,,xsl144X01/primary_doc.xml,
0000723254-25-000017,2025-07-28,2025-05-31,2025-07-28T20:17:28.000Z,34,10-K,000-11399,251155850,,XBRL,14758281,1,1,,ctas-20250531.htm,10-K
0000892251-25-000085,2025-07-29,2025-07-25,2025-07-29T20:15:24.000Z,,4,,,,4,10091,0,0,,xslF345X05/form4.xml,
0000892251-25-000086,2025-07-29,2025-07-25,2025-07-29T20:17:30.000Z,,4,,,,4,5271,0,0,,xslF345X05/form4.xml,
0000892251-25-000087,2025-07-29,2025-07-25,2025-07-29T20:19:05.000Z,,4,,,,4,5237,0,0,,xslF345X05/form4.xml,
0000892251-25-000088,2025-07-29,2025-07-25,2025-07-29T20:20:01.000Z,,4,,,,4,5500,0,0,,xslF345X05/form4.xml,
0000892251-25-000089,2025-07-29,2025-07-25,2025-07-29T20:20:47.000Z,,4,,,,4,21834,0,0,,xslF345X05/form4.xml,
0001965301-25-000105,2025-07-30,,2025-07-30T19:10:58.000Z,33,144,000-11399,251166530,,144,4332,0,0,,xsl144X01/primary_doc.xml,
0000892251-25-000091,2025-08-01,2025-07-31,2025-08-01T20:09:36.000Z,,4,,,,4,4183,0,0,,xslF345X05/form4.xml,
0000892251-25-000092,2025-08-01,2025-07-30,2025-08-01T20:22:49.000Z,,4/A,,,,4/A,4390,0,0,,xslF345X05/form4.xml,
0000892251-25-000099,2025-08-13,2025-08-11,2025-08-13T20:19:07.000Z,,4,,,,4,7419,0,0,,xslF345X05/form4.xml,
0000892251-25-000100,2025-08-13,2025-08-11,2025-08-13T20:21:59.000Z,,4,,,,4,5197,0,0,,xslF345X05/form4.xml,
0000892251-25-000101,2025-08-13,2025-08-11,2025-08-13T20:25:54.000Z,,4,,,,4,26326,0,0,,xslF345X05/form4.xml,
0000892251-25-000102,2025-08-13,2025-08-11,2025-08-13T20:27:49.000Z,,4,,,,4,9702,0,0,,xslF345X05/form4.xml,
0000892251-25-000103,2025-08-13,2025-08-11,2025-08-13T20:29:00.000Z,,4,,,,4,7408,0,0,,xslF345X05/form4.xml,
0000723254-25-000025,2025-09-16,2025-10-28,2025-09-16T18:16:25.000Z,34,DEF 14A,000-11399,251316700,,XBRL,84114834,1,1,,ctas-20250915.htm,DEF 14A
0000723254-25-000026,2025-09-16,,2025-09-16T18:17:22.000Z,34,DEFA14A,000-11399,251316705,,DEFA14A,679131,0,0,,cintas2025proxynotice.htm,DEFA14A
0000723254-25-000027,2025-09-16,2025-05-31,2025-09-16T18:18:22.000Z,34,ARS,000-11399,251316708,,ARS,4915832,0,0,,cintas10kfy25ars.pdf,10-K
0000723254-25-000029,2025-09-24,2025-09-24,2025-09-24T12:34:41.000Z,34,8-K,000-11399,251335397,"2.02,9.01",XBRL,3699453,1,1,,ctas-20250924.htm,8-K
0001214659-25-014708,2025-10-07,,2025-10-07T15:02:00.000Z,34,PX14A6G,000-11399,251378695,,PX14A6G,7559,0,0,,i107251px14a6g.htm,
0000723254-25-000033,2025-10-08,2025-08-31,2025-10-08T18:16:21.000Z,34,10-Q,000-11399,251381977,,XBRL,9688273,1,1,,ctas-20250831.htm,10-Q
0000723254-25-000035,2025-10-31,2025-10-28,2025-10-31T18:50:01.000Z,34,8-K,000-11399,251440147,5.07,XBRL,3515546,1,1,,ctas-20251028.htm,8-K
0000892251-25-000204,2025-10-31,2025-10-29,2025-10-31T20:15:14.000Z,,4,,,,4,6878,0,0,,xslF345X05/form4.xml,FORM 4
0000892251-25-000205,2025-10-31,2025-10-29,2025-10-31T20:16:01.000Z,,4,,,,4,6893,0,0,,xslF345X05/form4.xml,FORM 4
0000892251-25-000206,2025-10-31,2025-10-29,2025-10-31T20:17:20.000Z,,4,,,,4,6787,0,0,,xslF345X05/form4.xml,FORM 4
0000892251-25-000207,2025-10-31,2025-10-29,2025-10-31T20:18:36.000Z,,4,,,,4,7902,0,0,,xslF345X05/form4.xml,FORM 4
0000892251-25-000208,2025-10-31,2025-10-29,2025-10-31T20:19:35.000Z,,4,,,,4,6954,0,0,,xslF345X05/form4.xml,FORM 4
0000892251-25-000209,2025-10-31,2025-10-29,2025-10-31T20:21:50.000Z,,4,,,,4,6881,0,0,,xslF345X05/form4.xml,FORM 4
0000892251-25-000210,2025-10-31,2025-10-29,2025-10-31T20:23:10.000Z,,4,,,,4,6925,0,0,,xslF345X05/form4.xml,FORM 4
0000950103-25-016264,2025-12-17,2021-01-19,2025-12-18T01:00:28.000Z,,4,,,,4,68883,0,0,,xslF345X05/dp238874_4-barstad1.xml,FORM 4
0000950103-25-016266,2025-12-17,2024-10-29,2025-12-18T01:01:36.000Z,,4,,,,4,25115,0,0,,xslF345X05/dp238875_4-barstad2.xml,FORM 4
0000950103-25-016267,2025-12-17,2019-07-23,2025-12-18T01:02:31.000Z,,4,,,,4,68806,0,0,,xslF345X05/dp238876_4-carnahan1.xml,FORM 4
0000950103-25-016268,2025-12-17,2023-08-15,2025-12-18T01:03:41.000Z,,4,,,,4,44698,0,0,,xslF345X05/dp238877_4-carnahan2.xml,FORM 4
0000950103-25-016270,2025-12-17,2016-12-12,2025-12-18T01:04:46.000Z,,4,,,,4,68983,0,0,,xslF345X05/dp238878_4-coletti1.xml,FORM 4
0000950103-25-016271,2025-12-17,2022-02-15,2025-12-18T01:05:38.000Z,,4,,,,4,68670,0,0,,xslF345X05/dp238879_4-coletti2.xml,FORM 4
0000950103-25-016273,2025-12-17,2025-12-15,2025-12-18T01:06:42.000Z,,4,,,,4,6097,0,0,,xslF345X05/dp238880_4-coletti3.xml,FORM 4
0000950103-25-016274,2025-12-17,2008-04-14,2025-12-18T01:07:42.000Z,,4,,,,4,68913,0,0,,xslF345X05/dp238881_4-tysoe1.xml,FORM 4
0000950103-25-016275,2025-12-17,2010-01-25,2025-12-18T01:08:42.000Z,,4,,,,4,68947,0,0,,xslF345X05/dp238882_4-tysoe2.xml,FORM 4
0000950103-25-016276,2025-12-17,2011-11-11,2025-12-18T01:09:37.000Z,,4,,,,4,68951,0,0,,xslF345X05/dp238883_4-tysoe3.xml,FORM 4
0000950103-25-016278,2025-12-17,2013-10-21,2025-12-18T01:10:28.000Z,,4,,,,4,68972,0,0,,xslF345X05/dp238884_4-tysoe4.xml,FORM 4
0000950103-25-016279,2025-12-17,2022-08-15,2025-12-18T01:11:14.000Z,,4,,,,4,34216,0,0,,xslF345X05/dp238885_4-tysoe5.xml,FORM 4
0000723254-25-000038,2025-12-18,2025-12-18,2025-12-18T13:31:05.000Z,34,8-K,000-11399,251581382,"2.02,9.01",XBRL,3764741,1,1,,ctas-20251218.htm,8-K
0000950103-25-016413,2025-12-22,2025-12-22,2025-12-22T17:30:47.000Z,34,8-K,000-11399,251591096,"8.01,9.01",XBRL,4326294,1,1,,dp239029_8k.htm,FORM 8-K
0000950103-25-016414,2025-12-22,,2025-12-22T20:19:45.000Z,,DFAN14A,,,,DFAN14A,4123210,0,0,,dp239030_dfan14a.htm,FORM DFAN 14A
0000892251-25-000228,2025-12-30,2025-12-23,2025-12-30T21:20:09.000Z,,4,,,,4,10687,0,0,,xslF345X05/form4.xml,FORM 4
0000892251-25-000229,2025-12-30,2025-12-23,2025-12-30T21:20:38.000Z,,4,,,,4,6524,0,0,,xslF345X05/form4.xml,FORM 4
0000723254-26-000002,2026-01-07,2025-11-30,2026-01-07T19:19:37.000Z,34,10-Q,000-11399,26515191,,XBRL,10699489,1,1,,ctas-20251130.htm,10-Q
0000950103-26-000864,2026-01-22,2026-01-20,2026-01-22T22:37:24.000Z,,4,,,,4,5664,0,0,,xslF345X05/dp240324_coletti.xml,FORM 4
0000950103-26-000865,2026-01-22,2026-01-20,2026-01-22T22:41:08.000Z,,4,,,,4,15972,0,0,,xslF345X05/dp240325_barstad.xml,FORM 4
0000950103-26-000866,2026-01-22,2026-01-20,2026-01-22T22:43:42.000Z,,4,,,,4,15615,0,0,,xslF345X05/dp240326_carnahan.xml,FORM 4
0000892251-26-000034,2026-01-30,2026-01-28,2026-01-30T21:16:55.000Z,,4,,,,4,9595,0,0,,xslF345X05/form4.xml,FORM 4
0000892251-26-000035,2026-01-30,2026-01-28,2026-01-30T21:17:25.000Z,,4,,,,4,5335,0,0,,xslF345X05/form4.xml,FORM 4
0000950103-26-003567,2026-03-11,2026-03-10,2026-03-11T10:39:00.000Z,34,8-K,000-11399,26741493,"1.01,7.01,8.01,9.01",XBRL,6875509,1,1,,dp243132_8k.htm,FORM 8-K
0000950103-26-003569,2026-03-11,,2026-03-11T11:06:43.000Z,,425,,,,425,6483722,0,0,,dp243133_425.htm,FORM 425
0001193125-26-101154,2026-03-11,,2026-03-11T12:44:19.000Z,34,425,000-11399,26741664,,425,854547,0,0,,d55520d425.htm,425
0000950103-26-003601,2026-03-11,,2026-03-11T20:37:32.000Z,,425,,,,425,237464,0,0,,dp243154_425-esmp.htm,FORM 425
0000950103-26-003603,2026-03-11,,2026-03-11T20:40:14.000Z,,425,,,,425,115258,0,0,,dp243159_425-ict.htm,FORM 425
0000950103-26-003607,2026-03-11,,2026-03-11T20:44:23.000Z,,425,,,,425,551795,0,0,,dp243158_425-infographic.htm,FORM 425
0000950103-26-003608,2026-03-11,,2026-03-11T20:44:41.000Z,,425,,,,425,316963,0,0,,dp243156_425-microsite.htm,FORM 425
0000950103-26-003609,2026-03-11,,2026-03-11T20:48:46.000Z,,425,,,,425,41423,0,0,,dp243155_425-emppartnrnote.htm,FORM 425
0000950103-26-003614,2026-03-11,,2026-03-11T21:08:08.000Z,,425,,,,425,75045,0,0,,dp243167_425-vpqa.htm,FORM 425
0000950103-26-003802,2026-03-16,,2026-03-16T16:18:31.000Z,,SCHEDULE 13D,,,,SCHEDULE 13D,38889,0,0,,xslSCHEDULE_13D_X02/primary_doc.xml,
0000950103-26-003938,2026-03-17,2026-03-13,2026-03-17T21:59:07.000Z,,4,,,,4,5753,0,0,,xslF345X05/dp243551_coletti.xml,FORM 4
0000950103-26-003939,2026-03-17,2026-03-13,2026-03-17T22:01:10.000Z,,4,,,,4,5649,0,0,,xslF345X05/dp243552_carnahan.xml,FORM 4
0000950103-26-003940,2026-03-17,2026-03-13,2026-03-17T22:03:04.000Z,,4,,,,4,5739,0,0,,xslF345X05/dp243553_barstad.xml,FORM 4
0000950103-26-003941,2026-03-17,2026-03-13,2026-03-17T22:05:10.000Z,,4,,,,4,14983,0,0,,xslF345X05/dp243554_4-tysoe.xml,FORM 4
0000950103-26-004401,2026-03-19,,2026-03-19T16:47:41.000Z,,425,,,,425,49308,0,0,,dp243882_425.htm,FORM 425
0000723254-26-000006,2026-03-25,2026-03-25,2026-03-25T12:31:08.000Z,34,8-K,000-11399,26788480,"2.02,9.01",XBRL,3769552,1,1,,ctas-20260325.htm,8-K
0000102909-26-000979,2026-03-26,,2026-03-26T21:16:08.000Z,34,SCHEDULE 13G/A,005-35960,26799445,,SCHEDULE 13G/A,7186,0,0,,xslSCHEDULE_13G_X02/primary_doc.xml,
0000723254-26-000010,2026-03-31,2026-03-27,2026-03-31T11:56:02.000Z,34,8-K,000-11399,26817087,"1.01,1.02,2.03,9.01",XBRL,4643281,1,1,,ctas-20260327.htm,8-K
0000723254-26-000012,2026-04-07,2026-02-28,2026-04-07T20:33:04.000Z,34,10-Q,000-11399,26845370,,XBRL,11276872,1,1,1.0,ctas-20260228.htm,10-Q
0000950103-26-005654,2026-04-13,2026-04-09,2026-04-13T20:07:51.000Z,,4,,,,4,12086,0,0,0.0,xslF345X06/dp245145_coletti.xml,FORM 4
0000950103-26-005832,2026-04-16,2026-04-14,2026-04-16T23:50:13.000Z,,4,,,,4,5689,0,0,0.0,xslF345X06/ownership.xml,FORM 4
0000950103-26-005833,2026-04-16,2026-04-14,2026-04-16T23:51:09.000Z,,4,,,,4,5794,0,0,0.0,xslF345X06/ownership.xml,FORM 4
0000950103-26-005834,2026-04-16,2026-04-14,2026-04-16T23:52:13.000Z,,4,,,,4,5780,0,0,0.0,xslF345X06/ownership.xml,FORM 4
0001959173-26-002990,2026-04-20,,2026-04-20T17:32:12.000Z,33,144,000-11399,26874421,,144,4336,0,0,0.0,xsl144X01/primary_doc.xml,
0000950103-26-006061,2026-04-22,2026-04-20,2026-04-22T21:16:17.000Z,,4,,,,4,10967,0,0,0.0,xslF345X06/ownership.xml,FORM 4
0001140361-26-016785,2026-04-27,,2026-04-24T23:18:18.000Z,33,S-4,333-295330,26896166,,S-4,5652265,1,1,0.0,ny20069194x1_s4.htm,S-4
0000000000-26-004363,2026-04-29,,2026-04-29T13:30:12.000Z,,UPLOAD,333-295330,,,LETTER,148190,0,0,0.0,filename1.pdf,
0002100119-26-000362,2026-04-29,,2026-04-29T21:51:54.000Z,34,SCHEDULE 13G,005-35960,26918460,,SCHEDULE 13G,7426,0,0,0.0,xslSCHEDULE_13G_X02/primary_doc.xml,
0000950103-26-006710,2026-05-01,,2026-05-02T00:13:44.000Z,,CORRESP,,,,CORRESP,6024,0,0,0.0,filename1.htm,
9999999995-26-001526,2026-05-06,,2026-05-07T04:15:33.000Z,33,EFFECT,333-295330,26950561,",,",EFFECT,1774,0,0,0.0,xslEFFECTX01/primary_doc.xml,
0001140361-26-020374,2026-05-11,,2026-05-11T11:47:18.000Z,33,POS EX,333-295330,26960905,,POS EX,3313525,0,0,0.0,ny20069194x4_posex.htm,POS EX
0001140361-26-020376,2026-05-11,,2026-05-11T12:08:45.000Z,33,424B3,333-295330,26960955,,424B3,4033769,0,0,0.0,ny20069194x3_424b3.htm,424B3
0000950103-26-007718,2026-05-26,,2026-05-26T21:02:00.000Z,,425,,,,425,44502,0,0,0.0,dp247206_425.htm,FORM 425
0000950103-26-007773,2026-05-27,,2026-05-27T17:34:09.000Z,,425,,,,425,52454,0,0,0.0,dp247277_425.htm,FORM 425
0000723254-26-000014,2026-05-28,,2026-05-28T15:31:09.000Z,34,SD,000-11399,261030773,,SD,2118060,0,0,0.0,conflictmineralssd526.htm,SD
0000950103-26-008890,2026-06-12,2026-06-11,2026-06-12T12:01:01.000Z,34,8-K,000-11399,261084967,8.01,XBRL,211312,1,1,0.0,dp248355_8k.htm,FORM 8-K
0000950103-26-009156,2026-06-17,2026-06-15,2026-06-17T21:07:21.000Z,,4,,,,4,5906,0,0,0.0,xslF345X06/ownership.xml,FORM 4
0000950103-26-009158,2026-06-17,2026-06-15,2026-06-17T21:10:00.000Z,,4,,,,4,5779,0,0,0.0,xslF345X06/ownership.xml,FORM 4
0000950103-26-009161,2026-06-17,2026-06-15,2026-06-17T21:13:02.000Z,,4,,,,4,5870,0,0,0.0,xslF345X06/ownership.xml,FORM 4
0000950103-26-009162,2026-06-17,2026-06-15,2026-06-17T21:15:33.000Z,,4,,,,4,5884,0,0,0.0,xslF345X06/ownership.xml,FORM 4
0000723254-26-000023,2026-06-25,2025-12-31,2026-06-25T18:23:21.000Z,34,11-K,000-11399,261120569,,XBRL,5398696,1,1,1.0,ctas-20260625.htm,11-K
0000950103-26-010270,2026-07-06,2026-07-01,2026-07-06T21:03:20.000Z,,4,,,,4,14617,0,0,0.0,xslF345X06/ownership.xml,FORM 4
0000723254-26-000025,2026-07-15,2026-07-15,2026-07-15T12:31:16.000Z,34,8-K,000-11399,261176029,"2.02,9.01",XBRL,3830687,1,1,0.0,ctas-20260715.htm,8-K
0000892251-26-000104,2026-07-15,2026-05-31,2026-07-15T20:15:17.000Z,,5,,,,5,9185,0,0,0.0,xslF345X06/form5.xml,FORM 5
0001959173-26-005247,2026-07-16,,2026-07-16T15:58:35.000Z,33,144,000-11399,261179300,,144,4304,0,0,0.0,xsl144X01/primary_doc.xml,
0000950103-26-010838,2026-07-20,2026-07-16,2026-07-20T20:06:18.000Z,,4,,,,4,10439,0,0,0.0,xslF345X06/ownership.xml,FORM 4
0001959173-26-005320,2026-07-22,,2026-07-22T18:04:13.000Z,33,144,000-11399,261193146,,144,4339,0,0,0.0,xsl144X01/primary_doc.xml,
0000950103-26-011109,2026-07-23,2026-07-22,2026-07-23T21:35:44.000Z,,4,,,,4,10866,0,0,0.0,xslF345X06/ownership.xml,FORM 4
0000723254-26-000028,2026-07-29,2026-05-31,2026-07-29T19:37:18.000Z,34,10-K,000-11399,261217126,,XBRL,15537580,1,1,1.0,ctas-20260531.htm,10-K
0000950103-26-011492,2026-07-30,2026-07-28,2026-07-30T22:15:56.000Z,,4,,,,4,5872,0,0,0.0,xslF345X06/ownership.xml,FORM 4
0000950103-26-011493,2026-07-30,2026-07-28,2026-07-30T22:18:59.000Z,,4,,,,4,5781,0,0,0.0,xslF345X06/ownership.xml,FORM 4
0000950103-26-011495,2026-07-30,2026-07-28,2026-07-30T22:21:25.000Z,,4,,,,4,5886,0,0,0.0,xslF345X06/ownership.xml,FORM 4
0000950103-26-011666,2026-08-03,2026-08-03,2026-08-03T20:15:31.000Z,34,8-K,000-11399,261233051,"5.02,9.01",XBRL,208866,1,1,0.0,dp251069_8k.htm,FORM 8-K
0000950103-26-012274,2026-08-12,2026-08-10,2026-08-13T00:24:17.000Z,,4,,,,4,22769,0,0,0.0,xslF345X06/ownership.xml,FORM 4
0000950103-26-012275,2026-08-12,2026-08-10,2026-08-13T00:25:40.000Z,,4,,,,4,22350,0,0,0.0,xslF345X06/ownership.xml,FORM 4
0000950103-26-012276,2026-08-12,2026-08-10,2026-08-13T00:28:46.000Z,,4,,,,4,7353,0,0,0.0,xslF345X06/ownership.xml,FORM 4
0000950103-26-012277,2026-08-12,2026-08-10,2026-08-13T00:30:00.000Z,,4,,,,4,11872,0,0,0.0,xslF345X06/ownership.xml,FORM 4
0000950103-26-012278,2026-08-12,2026-08-10,2026-08-13T00:31:10.000Z,,4,,,,4,16353,0,0,0.0,xslF345X06/ownership.xml,FORM 4
0000950103-26-012363,2026-08-13,2026-08-10,2026-08-14T01:21:01.000Z,,4/A,,,,4/A,6041,0,0,0.0,xslF345X06/ownership.xml,FORM 4/A
0000950103-26-013001,2026-08-27,2026-08-26,2026-08-27T20:08:01.000Z,34,8-K,000-11399,261330250,5.02,XBRL,244722,1,1,0.0,dp252376_8k.htm,FORM 8-K
0000723254-26-000031,2026-08-28,2026-10-27,2026-08-28T19:10:15.000Z,34,PRE 14A,000-11399,261338948,,XBRL,78603551,1,1,0.0,ctas-20260828.htm,PRE 14A
0000723254-26-000040,2026-09-15,2026-10-27,2026-09-15T20:10:36.000Z,34,DEF 14A,000-11399,261380897,,XBRL,78598146,1,1,0.0,ctas-20260915.htm,DEF 14A
0000723254-26-000041,2026-09-15,,2026-09-15T20:11:16.000Z,34,DEFA14A,000-11399,261380909,,DEFA14A,2379629,0,0,0.0,fy26proxynotice.htm,DEFA14A
0000723254-26-000042,2026-09-15,2026-05-31,2026-09-15T20:11:54.000Z,34,ARS,000-11399,261380913,,ARS,530439,0,0,0.0,cintascorporation_arsprint.pdf,10-K
0000950103-26-014124,2026-09-17,2026-09-15,2026-09-17T20:47:02.000Z,,4,,,,4,5870,0,0,0.0,xslF345X06/ownership.xml,FORM 4
0000950103-26-014125,2026-09-17,2026-09-15,2026-09-17T20:50:20.000Z,,4,,,,4,5779,0,0,0.0,xslF345X06/ownership.xml,FORM 4
0000950103-26-014126,2026-09-17,2026-09-15,2026-09-17T20:52:05.000Z,,4,,,,4,5884,0,0,0.0,xslF345X06/ownership.xml,FORM 4
0000950103-26-014128,2026-09-17,2026-09-15,2026-09-17T20:56:52.000Z,,4,,,,4,5908,0,0,0.0,xslF345X06/ownership.xml,FORM 4
0000723254-26-000044,2026-09-23,2026-09-23,2026-09-23T12:31:07.000Z,34,8-K,000-11399,261398281,"2.02,9.01",XBRL,3794969,1,1,0.0,ctas-20260923.htm,8-K
