accessionNumber,filingDate,reportDate,acceptanceDateTime,act,form,fileNumber,filmNumber,items,core_type,size,isXBRL,isInlineXBRL,isXBRLNumeric,primaryDocument,primaryDocDescription
0000950137-07-009758,2007-07-06,,2007-07-06T21:12:18.000Z,33,S-1,333-144405,07968000,,S-1,2980680,0,0,,c16047sv1.htm,REGISTRATION STATEMENT
0000000000-07-038181,2007-08-06,,2007-08-06T17:31:18.000Z,,UPLOAD,,,,LETTER,191113,0,0,,filename1.pdf,
0000950137-07-012546,2007-08-17,,2007-08-17T21:11:34.000Z,33,S-1/A,333-144405,071065855,,S-1/A,8888581,0,0,,c16047a1sv1za.htm,AMENDMENT NO.1 TO REGISTRATION STATEMENT
0000950137-07-012548,2007-08-17,,2007-08-17T21:22:22.000Z,,CORRESP,,,,CORRESP,8716383,0,0,,filename1.htm,
0000950137-07-014758,2007-09-27,,2007-09-27T20:54:07.000Z,33,S-1/A,333-144405,071139833,,S-1/A,3603394,0,0,,c16047a2sv1za.htm,AMENDMENT TO REGISTRATION STATEMENT
0000950137-07-014764,2007-09-27,,2007-09-27T21:43:05.000Z,,CORRESP,,,,CORRESP,13759034,0,0,,filename1.htm,
0000000000-07-048124,2007-10-03,,2007-10-03T14:18:31.000Z,,UPLOAD,,,,LETTER,53025,0,0,,filename1.pdf,
0000000000-07-049418,2007-10-10,,2007-10-10T18:32:12.000Z,,UPLOAD,,,,LETTER,45897,0,0,,filename1.pdf,
0000950134-07-021161,2007-10-11,,2007-10-11T10:02:03.000Z,33,S-1/A,333-144405,071166283,,S-1/A,3563438,0,0,,c16047a3sv1za.htm,AMENDMENT TO REGISTRATION STATEMENT
0000950137-07-015492,2007-10-12,,2007-10-12T21:23:52.000Z,33,S-1/A,333-144405,071170303,,S-1/A,3228295,0,0,,c16047a4sv1za.htm,AMENDMENT TO REGISTRATION STATEMENT
0000950137-07-015794,2007-10-22,,2007-10-22T19:28:00.000Z,,CORRESP,,,,CORRESP,13388,0,0,,filename1.htm,
0000950137-07-015797,2007-10-22,,2007-10-22T20:04:35.000Z,33,S-1/A,333-144405,071183268,,S-1/A,3232932,0,0,,c16047a5sv1za.htm,AMENDMENT TO REGISTRATION STATEMENT
0000950124-07-005242,2007-10-23,,2007-10-23T14:33:22.000Z,33,S-1/A,333-144405,071184767,,S-1/A,3216458,0,0,,c16047a6sv1za.htm,AMENDMENT NO.6 TO REGISTRATION STATEMENT
0000950124-07-005260,2007-10-24,,2007-10-24T10:17:11.000Z,33,S-1/A,333-144405,071186857,,S-1/A,6854330,0,0,,c16047a7sv1za.htm,AMENDMENT TO REGISTRATION STATEMENT
0000950124-07-005261,2007-10-24,,2007-10-24T10:19:17.000Z,,CORRESP,,,,CORRESP,8873,0,0,,filename1.htm,
0000950124-07-005263,2007-10-24,,2007-10-24T10:24:52.000Z,,CORRESP,,,,CORRESP,40566,0,0,,filename1.htm,
0000950137-07-015926,2007-10-24,,2007-10-24T16:54:21.000Z,33,S-1/A,333-144405,071187496,,S-1/A,3231937,0,0,,c16047a8sv1za.htm,AMENDMENT TO REGISTRATION STATEMENT
0000950137-07-015948,2007-10-24,,2007-10-24T20:23:37.000Z,34,8-A12B,001-33764,071188388,,8-A12B,14389,0,0,,c19606e8va12b.htm,FORM 8-A12B
0000950137-07-015960,2007-10-24,,2007-10-24T21:29:18.000Z,34,8-A12B/A,001-33764,071188840,,8-A12B/A,14532,0,0,,c19606a1e8va12bza.htm,AMENDMENT TO REGISTRATION OF CERTAIN CLASSES OF SECURITIES
0001209191-07-059764,2007-10-24,2007-10-24,2007-10-25T01:05:09.000Z,,3,,,,3,31955,0,0,,xslF345X02/c19464-05oip.xml,MAIN DOCUMENT DESCRIPTION
0001209191-07-059766,2007-10-24,2007-10-24,2007-10-25T01:05:46.000Z,,3,,,,3,9489,0,0,,xslF345X02/c19464-05grb.xml,MAIN DOCUMENT DESCRIPTION
0001209191-07-059768,2007-10-24,2007-10-24,2007-10-25T01:06:11.000Z,,3,,,,3,10081,0,0,,xslF345X02/c19464-05lpk.xml,MAIN DOCUMENT DESCRIPTION
0001209191-07-059769,2007-10-24,2007-10-24,2007-10-25T01:06:37.000Z,,3,,,,3,8817,0,0,,xslF345X02/c19464-05rfd.xml,MAIN DOCUMENT DESCRIPTION
0001209191-07-059770,2007-10-24,2007-10-24,2007-10-25T01:07:00.000Z,,3,,,,3,8777,0,0,,xslF345X02/boc19464-05dke.xml,MAIN DOCUMENT DESCRIPTION
0001209191-07-059772,2007-10-24,2007-10-24,2007-10-25T01:07:22.000Z,,3,,,,3,19471,0,0,,xslF345X02/c19464-05grg.xml,MAIN DOCUMENT DESCRIPTION
0001209191-07-059773,2007-10-24,2007-10-24,2007-10-25T01:07:48.000Z,,3,,,,3,23551,0,0,,xslF345X02/c19464-05ch.xml,MAIN DOCUMENT DESCRIPTION
0001209191-07-059775,2007-10-24,2007-10-24,2007-10-25T01:08:10.000Z,,3,,,,3,9925,0,0,,xslF345X02/c19464-05beb.xml,MAIN DOCUMENT DESCRIPTION
0001209191-07-059776,2007-10-24,2007-10-24,2007-10-25T01:08:33.000Z,,3,,,,3,12699,0,0,,xslF345X02/c19464-05tjh.xml,MAIN DOCUMENT DESCRIPTION
0001209191-07-059788,2007-10-24,2007-10-24,2007-10-25T01:47:04.000Z,,3,,,,3,53754,0,0,,xslF345X02/boc19464_05grp.xml,MAIN DOCUMENT DESCRIPTION
0001209191-07-059789,2007-10-24,2007-10-24,2007-10-25T01:47:50.000Z,,3,,,,3,16812,0,0,,xslF345X02/c19464_08cs.xml,MAIN DOCUMENT DESCRIPTION
0001209191-07-059790,2007-10-24,2007-10-24,2007-10-25T01:53:14.000Z,,3,,,,3,41898,0,0,,xslF345X02/boc19464_05sel.xml,MAIN DOCUMENT DESCRIPTION
9999999995-07-004202,2007-10-24,,2007-10-25T04:15:32.000Z,33,EFFECT,333-144405,071189322,"S-1,,2007-10-24 16:00:00",EFFECT,2112,0,0,,xslEFFECTX01/primary_doc.xml,
0000950137-07-015988,2007-10-25,,2007-10-25T18:43:20.000Z,33,424B1,333-144405,071190580,,424B1,3105466,0,0,,c16047b1e424b1.htm,PROSPECTUS
9999999997-07-046304,2007-10-25,,2007-10-31T12:17:29.000Z,34,CERTNAS,001-33764,07081672,,CERTNAS,1699,0,0,,9999999997-07-046304.paper,AUTO-GENERATED PAPER DOCUMENT
0001209191-07-061200,2007-11-01,2007-10-24,2007-11-02T00:29:27.000Z,,3/A,,,,3/A,60800,0,0,,xslF345X02/boc21025_01grp3a.xml,MAIN DOCUMENT DESCRIPTION
0001209191-07-061201,2007-11-01,2007-10-30,2007-11-02T00:31:45.000Z,,4,,,,4,21278,0,0,,xslF345X02/c21025_01grp.xml,MAIN DOCUMENT DESCRIPTION
0001209191-07-061202,2007-11-01,2007-10-30,2007-11-02T00:32:17.000Z,,4,,,,4,51193,0,0,,xslF345X02/boc21025_01sel.xml,MAIN DOCUMENT DESCRIPTION
0001209191-07-061203,2007-11-01,2007-10-30,2007-11-02T00:32:59.000Z,,4,,,,4,18149,0,0,,xslF345X02/c21025-01ch.xml,MAIN DOCUMENT DESCRIPTION
0001209191-07-061204,2007-11-01,2007-10-30,2007-11-02T00:34:01.000Z,,4,,,,4,28661,0,0,,xslF345X02/c21025-01oak.xml,MAIN DOCUMENT DESCRIPTION
0001209191-07-061205,2007-11-01,2007-10-30,2007-11-02T00:34:49.000Z,,4,,,,4,25670,0,0,,xslF345X02/c21025-01grg.xml,MAIN DOCUMENT DESCRIPTION
0001209191-07-061207,2007-11-01,2007-10-30,2007-11-02T00:36:07.000Z,,4,,,,4,13617,0,0,,xslF345X02/c21025-01tjh.xml,MAIN DOCUMENT DESCRIPTION
0001209191-07-061208,2007-11-01,2007-10-30,2007-11-02T00:36:57.000Z,,4,,,,4,23109,0,0,,xslF345X02/c21025_01cs.xml,MAIN DOCUMENT DESCRIPTION
0000950137-07-016503,2007-11-02,,2007-11-02T21:12:12.000Z,33,S-8,333-147127,071211542,,S-8,76978,0,0,,c21212sv8.htm,FORM S-8
0001209191-07-063879,2007-11-14,2007-10-24,2007-11-14T22:00:00.000Z,,3/A,,,,3/A,5751,0,0,,xslF345X02/c21471_01grb3a.xml,MAIN DOCUMENT DESCRIPTION
0001209191-07-063880,2007-11-14,2007-11-14,2007-11-14T22:00:37.000Z,,4,,,,4,8364,0,0,,xslF345X02/c21471_01grb4.xml,MAIN DOCUMENT DESCRIPTION
0000950124-07-006199,2007-12-11,2007-12-11,2007-12-11T12:15:57.000Z,34,8-K,001-33764,071297367,"2.02,9.01",8-K,129445,0,0,,c22135e8vk.htm,CURRENT REPORT
0000950137-07-018486,2007-12-13,2007-11-03,2007-12-13T22:17:33.000Z,34,10-Q,001-33764,071305238,,10-Q,371148,0,0,,c22245e10vq.htm,QUARTERLY REPORT
0000000000-07-061145,2007-12-18,,2007-12-18T16:20:36.000Z,,UPLOAD,,,,LETTER,30633,0,0,,filename1.pdf,
0000000000-07-061148,2007-12-18,,2007-12-18T16:25:19.000Z,,UPLOAD,,,,LETTER,40739,0,0,,filename1.pdf,
0001209191-07-071273,2007-12-21,2007-10-25,2007-12-21T14:50:01.000Z,,4,,,,4,13097,0,0,,xslF345X02/doc4.xml,FORM 4 SUBMISSION
0000950137-08-000260,2008-01-11,2008-01-10,2008-01-10T23:03:51.000Z,34,8-K,001-33764,08524481,"7.01,9.01",8-K,33499,0,0,,c22928e8vk.htm,CURRENT REPORT
0000950137-08-001968,2008-02-11,,2008-02-11T22:11:10.000Z,34,SC 13G,005-83683,08594499,,SC 13G,54919,0,0,,c23746asc13g.htm,SCHEDULE 13G
0000950137-08-002027,2008-02-12,,2008-02-12T19:48:00.000Z,34,SC 13G,005-83683,08597724,,SC 13G,160570,0,0,,c23746bsc13g.htm,SCHEDULE 13G
0001104659-08-009784,2008-02-13,,2008-02-13T19:03:11.000Z,34,SC 13G,005-83683,08603408,,SC 13G,346253,0,0,,a08-5560_2sc13g.htm,SC 13G
0000903423-08-000125,2008-02-14,,2008-02-14T17:09:18.000Z,34,SC 13G,005-83683,08610943,,SC 13G,69689,0,0,,ultasalon-13g_0214.htm,
0000950137-08-003926,2008-03-19,2008-03-17,2008-03-19T20:45:21.000Z,34,8-K,001-33764,08699755,"2.02,5.02,9.01",8-K,131625,0,0,,c24829e8vk.htm,CURRENT REPORT
0001209191-08-020227,2008-03-26,2008-03-24,2008-03-26T20:15:21.000Z,,4,,,,4,6354,0,0,,xslF345X02/doc4.xml,FORM 4 SUBMISSION
0001209191-08-020229,2008-03-26,2008-03-24,2008-03-26T20:18:24.000Z,,4,,,,4,5985,0,0,,xslF345X02/doc4.xml,FORM 4 SUBMISSION
0001209191-08-020231,2008-03-26,2008-03-25,2008-03-26T20:22:53.000Z,,4,,,,4,7400,0,0,,xslF345X02/doc4.xml,FORM 4 SUBMISSION
0001209191-08-020555,2008-03-28,2008-03-26,2008-03-28T16:34:37.000Z,,4,,,,4,4897,0,0,,xslF345X02/doc4.xml,FORM 4 SUBMISSION
0001209191-08-021228,2008-04-01,2008-03-28,2008-04-01T23:02:41.000Z,,4,,,,4,7947,0,0,,xslF345X02/doc4.xml,FORM 4 SUBMISSION
0000950137-08-005469,2008-04-16,2008-02-02,2008-04-16T19:27:31.000Z,34,10-K,001-33764,08759783,,10-K,705309,0,0,,c25684e10vk.htm,ANNUAL REPORT
0001209191-08-025117,2008-04-22,2008-04-18,2008-04-22T21:10:47.000Z,,4,,,,4,10747,0,0,,xslF345X02/doc4.xml,FORM 4 SUBMISSION
0001209191-08-029033,2008-05-09,2008-03-24,2008-05-10T00:43:34.000Z,,4/A,,,,4/A,6302,0,0,,xslF345X02/doc4a.xml,FORM 4/A SUBMISSION
0001209191-08-029037,2008-05-09,2008-03-24,2008-05-10T00:46:18.000Z,,4/A,,,,4/A,6609,0,0,,xslF345X02/doc4a.xml,FORM 4/A SUBMISSION
0000950137-08-007319,2008-05-13,2008-03-17,2008-05-13T17:02:14.000Z,34,8-K/A,001-33764,08826638,5.02,8-K/A,13005,0,0,,c26069ae8vkza.htm,AMENDMENT TO CURRENT REPORT
0000950137-08-008001,2008-05-30,2008-07-16,2008-05-30T13:43:19.000Z,34,DEF 14A,001-33764,08868581,,DEF 14A,397345,0,0,,c26864def14a.htm,DEFINITIVE NOTICE AND PROXY
0000950137-08-008176,2008-06-04,2008-06-04,2008-06-04T20:20:13.000Z,34,8-K,001-33764,08880836,"2.02,9.01",8-K,95444,0,0,,c27259e8vk.htm,CURRENT REPORT
0000950134-08-011302,2008-06-17,2008-05-03,2008-06-16T23:57:19.000Z,34,10-Q,001-33764,08901712,,10-Q,1578471,0,0,,c27351e10vq.htm,QUARTERLY REPORT
0001183752-08-000002,2008-06-27,2008-06-26,2008-06-27T18:15:57.000Z,,4,,,,4,12634,0,0,,xslF345X03/edgar.xml,PRIMARY DOCUMENT
9999999997-08-033316,2008-07-24,,2008-07-24T12:26:52.000Z,34,CT ORDER,001-33764,08967025,"20080724,20080724",CT ORDER,19759,0,0,,filename1.pdf,
0001209191-08-043572,2008-07-24,2008-07-16,2008-07-24T16:30:00.000Z,,3,,,,3,7147,0,0,,xslF345X02/doc3.xml,FORM 3 SUBMISSION
0001183752-08-000003,2008-08-06,2008-08-05,2008-08-06T18:28:20.000Z,,4,,,,4,5264,0,0,,xslF345X03/edgar.xml,PRIMARY DOCUMENT
0000950137-08-010933,2008-08-20,2008-08-15,2008-08-20T16:33:35.000Z,34,8-K,001-33764,081029459,"1.01,9.01",8-K,43388,0,0,,c35005e8vk.htm,FORM 8-K
0000950137-08-011435,2008-09-04,2008-09-04,2008-09-04T20:20:20.000Z,34,8-K,001-33764,081056680,"2.02,9.01",8-K,125555,0,0,,c35317e8vk.htm,FORM 8-K
0000950137-08-011572,2008-09-10,2008-08-02,2008-09-10T20:48:27.000Z,34,10-Q,001-33764,081065620,,10-Q,265181,0,0,,c35421e10vq.htm,10-Q
0001209191-08-051416,2008-09-11,2008-09-09,2008-09-11T15:36:15.000Z,,4,,,,4,5735,0,0,,xslF345X03/doc4.xml,FORM 4 SUBMISSION
0001209191-08-051418,2008-09-11,2008-09-09,2008-09-11T15:38:58.000Z,,4,,,,4,5745,0,0,,xslF345X03/doc4.xml,FORM 4 SUBMISSION
0001209191-08-052590,2008-09-18,2008-09-18,2008-09-18T21:16:34.000Z,,4,,,,4,4978,0,0,,xslF345X03/doc4.xml,FORM 4 SUBMISSION
0001183752-08-000004,2008-09-25,2008-09-24,2008-09-25T15:29:57.000Z,,4,,,,4,8246,0,0,,xslF345X03/edgar.xml,PRIMARY DOCUMENT
0001209191-08-053847,2008-09-30,2008-06-26,2008-09-30T19:34:00.000Z,,4,,,,4,9477,0,0,,xslF345X03/doc4.xml,FORM 4 SUBMISSION
0001209191-08-054822,2008-10-02,2008-09-29,2008-10-02T21:08:16.000Z,,4,,,,4,4977,0,0,,xslF345X03/doc4.xml,FORM 4 SUBMISSION
0001209191-08-055103,2008-10-03,2008-10-01,2008-10-03T18:40:07.000Z,,4,,,,4,9545,0,0,,xslF345X03/doc4.xml,FORM 4 SUBMISSION
0001209191-08-055750,2008-10-08,2008-10-06,2008-10-08T14:53:33.000Z,,4,,,,4,4977,0,0,,xslF345X03/doc4.xml,FORM 4 SUBMISSION
0001209191-08-056983,2008-10-20,2008-10-17,2008-10-20T22:04:13.000Z,,4,,,,4,4977,0,0,,xslF345X03/doc4.xml,FORM 4 SUBMISSION
0000950152-08-009981,2008-12-04,2008-12-04,2008-12-04T21:44:57.000Z,34,8-K,001-33764,081230294,"2.02,9.01",8-K,125981,0,0,,c48083e8vk.htm,FORM 8-K
0001209191-08-064201,2008-12-04,2008-12-02,2008-12-05T00:47:38.000Z,,4,,,,4,7428,0,0,,xslF345X03/doc4.xml,FORM 4 SUBMISSION
0000950137-08-014339,2008-12-10,2008-11-01,2008-12-10T20:46:15.000Z,34,10-Q,001-33764,081241061,,10-Q,262076,0,0,,c48130e10vq.htm,10-Q
0001183752-08-000005,2008-12-11,2008-12-10,2008-12-11T21:25:26.000Z,,4,,,,4,8191,0,0,,xslF345X03/edgar.xml,PRIMARY DOCUMENT
0001209191-08-065632,2008-12-12,2008-06-26,2008-12-12T22:31:27.000Z,,4,,,,4,14630,0,0,,xslF345X03/doc4.xml,FORM 4 SUBMISSION
0001183752-08-000006,2008-12-18,2008-12-10,2008-12-18T21:38:29.000Z,,4/A,,,,4/A,5938,0,0,,xslF345X03/edgar.xml,PRIMARY DOCUMENT
0000950137-09-000145,2009-01-08,2009-01-08,2009-01-08T22:28:40.000Z,34,8-K,001-33764,09516466,"7.01,9.01",8-K,31594,0,0,,c48620e8vk.htm,FORM 8-K
0000950137-09-001032,2009-02-12,,2009-02-12T22:06:18.000Z,34,SC 13G/A,005-83683,09595893,,SC 13G/A,93637,0,0,,c49352asc13gza.htm,AMENDMENT TO SCHEDULE 13G
0000950137-09-001033,2009-02-12,,2009-02-12T22:18:23.000Z,34,SC 13G/A,005-83683,09596125,,SC 13G/A,156331,0,0,,c49352bsc13gza.htm,AMENDMENT TO SCHEDULE 13G
0001405086-09-000171,2009-02-13,,2009-02-13T00:05:41.000Z,34,SC 13G,005-83683,09596979,,SC 13G,24254,0,0,,f00698595.txt,
0000824468-09-000067,2009-02-18,,2009-02-18T01:22:27.000Z,34,SC 13G/A,005-83683,09616924,,SC 13G/A,54061,0,0,,ultasalonrevised13ga.htm,
0000950137-09-002036,2009-03-19,2009-03-19,2009-03-19T20:53:06.000Z,34,8-K,001-33764,09693888,"2.02,9.01",8-K,105385,0,0,,c50154e8vk.htm,8-K
0001209191-09-018848,2009-03-30,2009-03-26,2009-03-30T23:05:42.000Z,,4,,,,4,5230,0,0,,xslF345X03/doc4.xml,FORM 4 SUBMISSION
0001209191-09-018850,2009-03-30,2009-03-26,2009-03-30T23:08:21.000Z,,4,,,,4,11342,0,0,,xslF345X03/doc4.xml,FORM 4 SUBMISSION
0001209191-09-018852,2009-03-30,2009-03-26,2009-03-30T23:10:58.000Z,,4,,,,4,8706,0,0,,xslF345X03/doc4.xml,FORM 4 SUBMISSION
0001209191-09-018855,2009-03-30,2009-03-26,2009-03-30T23:13:44.000Z,,4,,,,4,13660,0,0,,xslF345X03/doc4.xml,FORM 4 SUBMISSION
0000950137-09-002518,2009-04-02,2009-01-31,2009-04-02T16:42:31.000Z,34,10-K,001-33764,09726240,,10-K,1113665,0,0,,c50340e10vk.htm,10-K
0000950137-09-002786,2009-04-09,2009-04-03,2009-04-09T16:07:20.000Z,34,8-K,001-33764,09741747,5.02,8-K,9826,0,0,,c50485e8vk.htm,FORM 8-K
0001183752-09-000001,2009-04-14,2009-04-14,2009-04-14T20:56:03.000Z,,4,,,,4,8187,0,0,,xslF345X03/edgar.xml,PRIMARY DOCUMENT
0001209191-09-021609,2009-04-15,2009-04-14,2009-04-15T20:49:42.000Z,,4,,,,4,10766,0,0,,xslF345X03/doc4.xml,FORM 4 SUBMISSION
0000950137-09-003640,2009-05-06,2009-06-17,2009-05-06T15:56:21.000Z,34,DEF 14A,001-33764,09800309,,DEF 14A,419759,0,0,,c50411ddef14a.htm,DEF 14A
9999999997-09-019618,2009-05-11,2009-01-31,2009-05-20T20:53:50.000Z,34,ARS,001-33764,09011258,,ARS,1724,0,0,,9999999997-09-019618.paper,AUTO-GENERATED PAPER DOCUMENT
0000950123-09-011420,2009-06-04,2009-06-04,2009-06-04T20:35:38.000Z,34,8-K,001-33764,09874489,"8.01,9.01",8-K,27367,0,0,,c51741e8vk.htm,8-K
0000950123-09-011424,2009-06-04,2009-06-04,2009-06-04T20:41:44.000Z,34,8-K,001-33764,09874527,"2.02,9.01",8-K,93329,0,0,,c51737e8vk.htm,FORM 8-K
0001209191-09-031492,2009-06-09,2009-06-08,2009-06-09T22:17:39.000Z,,4,,,,4,10764,0,0,,xslF345X03/doc4.xml,FORM 4 SUBMISSION
0001183752-09-000002,2009-06-10,2009-06-09,2009-06-10T18:57:05.000Z,,4,,,,4,9411,0,0,,xslF345X03/edgar.xml,PRIMARY DOCUMENT
0001209191-09-031636,2009-06-10,2009-06-08,2009-06-10T19:46:03.000Z,,4,,,,4,9648,0,0,,xslF345X03/doc4.xml,FORM 4 SUBMISSION
0001209191-09-031790,2009-06-11,2009-06-09,2009-06-11T16:24:14.000Z,,4,,,,4,5887,0,0,,xslF345X03/doc4.xml,FORM 4 SUBMISSION
0000950123-09-013266,2009-06-11,2009-05-02,2009-06-11T19:19:47.000Z,34,10-Q,001-33764,09886906,,10-Q,221629,0,0,,c51798e10vq.htm,10-Q
0001209191-09-033103,2009-06-19,2009-06-17,2009-06-19T20:05:37.000Z,,4,,,,4,5682,0,0,,xslF345X03/doc4.xml,FORM 4 SUBMISSION
0001209191-09-033107,2009-06-19,2009-06-17,2009-06-19T20:08:01.000Z,,3,,,,3,7103,0,0,,xslF345X02/doc3.xml,FORM 3 SUBMISSION
0001209191-09-033113,2009-06-19,2009-06-17,2009-06-19T20:11:21.000Z,,4,,,,4,5616,0,0,,xslF345X03/doc4.xml,FORM 4 SUBMISSION
0001209191-09-033398,2009-06-23,2009-06-16,2009-06-23T16:04:38.000Z,,3,,,,3,10302,0,0,,xslF345X02/doc3.xml,FORM 3 SUBMISSION
0001209191-09-033403,2009-06-23,2009-06-16,2009-06-23T16:15:39.000Z,,3,,,,3,14909,0,0,,xslF345X02/doc3.xml,FORM 3 SUBMISSION
0001183752-09-000003,2009-06-24,2009-06-22,2009-06-24T18:19:32.000Z,,4,,,,4,8221,0,0,,xslF345X03/edgar.xml,PRIMARY DOCUMENT
0001209191-09-033734,2009-06-25,2009-06-23,2009-06-25T19:47:05.000Z,,4,,,,4,6443,0,0,,xslF345X03/doc4.xml,FORM 4 SUBMISSION
0001209191-09-036150,2009-07-09,2009-07-07,2009-07-09T21:47:35.000Z,,4,,,,4,11629,0,0,,xslF345X03/doc4.xml,FORM 4 SUBMISSION
0001183752-09-000004,2009-07-14,2009-07-10,2009-07-14T15:55:21.000Z,,4,,,,4,5932,0,0,,xslF345X03/edgar.xml,PRIMARY DOCUMENT
0000950123-09-023947,2009-07-21,2009-07-21,2009-07-21T21:01:57.000Z,34,8-K,001-33764,09955544,"8.01,9.01",8-K,27515,0,0,,c52463e8vk.htm,FORM 8-K
0001209191-09-039760,2009-08-10,2009-07-07,2009-08-10T18:40:22.000Z,,4/A,,,,4/A,22410,0,0,,xslF345X03/doc4a.xml,FORM 4/A SUBMISSION
0001209191-09-039957,2009-08-11,2009-08-07,2009-08-11T19:29:45.000Z,,4,,,,4,14954,0,0,,xslF345X03/doc4.xml,FORM 4 SUBMISSION
0001209191-09-039959,2009-08-11,2009-08-07,2009-08-11T19:31:44.000Z,,4,,,,4,8169,0,0,,xslF345X03/doc4.xml,FORM 4 SUBMISSION
0001209191-09-039961,2009-08-11,2009-08-07,2009-08-11T19:35:25.000Z,,4,,,,4,9818,0,0,,xslF345X03/doc4.xml,FORM 4 SUBMISSION
0000950123-09-040842,2009-09-03,2009-09-03,2009-09-03T20:11:58.000Z,34,8-K,001-33764,091053839,"2.02,9.01",8-K,110413,0,0,,c53451e8vk.htm,8-K
0001209191-09-043736,2009-09-10,2009-09-09,2009-09-10T17:00:57.000Z,,4,,,,4,5531,0,0,,xslF345X03/c90024_4x0.xml,MAIN DOCUMENT DESCRIPTION
0001209191-09-043737,2009-09-10,2009-09-09,2009-09-10T17:02:31.000Z,,4,,,,4,5529,0,0,,xslF345X03/c90025_4x0.xml,MAIN DOCUMENT DESCRIPTION
0001209191-09-043738,2009-09-10,2009-09-09,2009-09-10T17:03:59.000Z,,4,,,,4,5501,0,0,,xslF345X03/c90026_4x0.xml,MAIN DOCUMENT DESCRIPTION
0000950123-09-042312,2009-09-10,2009-08-01,2009-09-10T17:10:26.000Z,34,10-Q,001-33764,091062241,,10-Q,269889,0,0,,c53520e10vq.htm,FORM 10-Q
0000950123-09-050916,2009-10-16,2009-10-16,2009-10-16T18:30:34.000Z,34,8-K,001-33764,091123188,"8.01,9.01",8-K,26728,0,0,,c54078e8vk.htm,FORM 8-K
0001209191-09-050052,2009-10-28,2009-10-25,2009-10-28T22:42:15.000Z,,4,,,,4,5920,0,0,,xslF345X03/doc4.xml,FORM 4 SUBMISSION
0000950123-09-068031,2009-12-03,2009-12-03,2009-12-03T21:11:15.000Z,34,8-K,001-33764,091220304,"2.02,9.01",8-K,108756,0,0,,c54961e8vk.htm,FORM 8-K
0000950123-09-069837,2009-12-10,2009-10-31,2009-12-10T20:17:38.000Z,34,10-Q,001-33764,091233621,,10-Q,261653,0,0,,c55038e10vq.htm,FORM 10-Q
0001209191-09-058639,2009-12-23,2009-12-22,2009-12-24T00:45:35.000Z,,3,,,,3,12875,0,0,,xslF345X02/doc3.xml,FORM 3 SUBMISSION
0001209191-09-058640,2009-12-23,2009-12-22,2009-12-24T00:47:25.000Z,,4,,,,4,5884,0,0,,xslF345X03/doc4.xml,FORM 4 SUBMISSION
0000950123-10-000883,2010-01-07,2010-01-07,2010-01-07T17:34:34.000Z,34,8-K,001-33764,10514106,"7.01,9.01",8-K,26228,0,0,,c55420e8vk.htm,FORM 8-K
0001209191-10-002557,2010-01-08,2010-01-07,2010-01-09T00:07:38.000Z,,4,,,,4,7518,0,0,,xslF345X03/doc4.xml,FORM 4 SUBMISSION
0001209191-10-002825,2010-01-12,2010-01-08,2010-01-12T20:00:55.000Z,,4,,,,4,6706,0,0,,xslF345X03/doc4.xml,FORM 4 SUBMISSION
0000950123-10-011594,2010-02-11,,2010-02-11T21:48:31.000Z,34,SC 13G/A,005-83683,10592475,,SC 13G/A,86062,0,0,,c56216asc13gza.htm,SC 13/A
0000950123-10-011602,2010-02-11,,2010-02-11T21:51:31.000Z,34,SC 13G,005-83683,10592513,,SC 13G,29810,0,0,,c56216bsc13g.htm,SC 13G
0000950123-10-013084,2010-02-16,,2010-02-16T19:31:58.000Z,34,SC 13G/A,005-83683,10606462,,SC 13G/A,192976,0,0,,c56216csc13gza.htm,SC 13G/A
0001140361-10-006560,2010-02-16,,2010-02-16T20:16:26.000Z,34,SC 13G/A,005-83683,10606943,,SC 13G/A,68179,0,0,,doc1.htm,
0001209191-10-015466,2010-03-09,2010-03-05,2010-03-09T16:07:09.000Z,,4,,,,4,7133,0,0,,xslF345X03/doc4.xml,FORM 4 SUBMISSION
0001209191-10-016279,2010-03-11,2010-03-10,2010-03-11T20:30:30.000Z,,4,,,,4,5141,0,0,,xslF345X03/doc4.xml,FORM 4 SUBMISSION
0000950123-10-023583,2010-03-11,2010-03-11,2010-03-11T21:10:49.000Z,34,8-K,001-33764,10674203,"2.02,9.01",8-K,109311,0,0,,c56925e8vk.htm,FORM 8-K
0001209191-10-017054,2010-03-15,2010-03-12,2010-03-15T22:41:17.000Z,,4,,,,4,23020,0,0,,xslF345X03/doc4.xml,FORM 4 SUBMISSION
0001209191-10-017057,2010-03-15,2010-03-12,2010-03-15T22:43:41.000Z,,4,,,,4,5570,0,0,,xslF345X03/doc4.xml,FORM 4 SUBMISSION
0001209191-10-017067,2010-03-15,2010-01-30,2010-03-15T23:08:35.000Z,,5,,,,5,8696,0,0,,xslF345X03/doc5.xml,FORM 5 SUBMISSION
0000950123-10-030932,2010-03-31,2010-01-30,2010-03-31T20:57:02.000Z,34,10-K,001-33764,10720035,,10-K,1676051,0,0,,c57102e10vk.htm,FORM 10-K
0001209191-10-019696,2010-04-01,2010-03-30,2010-04-01T18:23:15.000Z,,4,,,,4,7091,0,0,,xslF345X03/doc4.xml,FORM 4 SUBMISSION
0000950123-10-038854,2010-04-27,2010-04-12,2010-04-27T20:36:47.000Z,34,8-K,001-33764,10773842,"5.02,9.01",8-K,160626,0,0,,c57745e8vk.htm,FORM 8-K
0000950123-10-046076,2010-05-07,2010-06-16,2010-05-07T15:13:02.000Z,34,DEF 14A,001-33764,10810784,,DEF 14A,484207,0,0,,c57300def14a.htm,DEF 14A
9999999997-10-011835,2010-05-11,2010-01-30,2010-05-24T20:45:14.000Z,34,ARS,001-33764,10012243,,ARS,1724,0,0,,9999999997-10-011835.paper,AUTO-GENERATED PAPER DOCUMENT
0001209191-10-027369,2010-05-12,2010-05-10,2010-05-12T22:44:27.000Z,,3,,,,3,7100,0,0,,xslF345X02/doc3.xml,FORM 3 SUBMISSION
0001209191-10-027371,2010-05-12,2010-05-10,2010-05-12T22:49:22.000Z,,4,,,,4,7418,0,0,,xslF345X03/doc4.xml,FORM 4 SUBMISSION
0000950123-10-055624,2010-06-03,2010-06-03,2010-06-03T20:21:11.000Z,34,8-K,001-33764,10876129,"2.02,9.01",8-K,81088,0,0,,c58530e8vk.htm,FORM 8-K
0000950123-10-055636,2010-06-03,2010-05-01,2010-06-03T20:26:03.000Z,34,10-Q,001-33764,10876166,,10-Q,231703,0,0,,c58527e10vq.htm,FORM 10-Q
0000950123-10-055646,2010-06-03,,2010-06-03T20:40:10.000Z,33,S-3ASR,333-167291,10876359,,S-3ASR,233299,0,0,,c58408sv3asr.htm,FORM S-3ASR
0000950123-10-055650,2010-06-03,,2010-06-03T20:48:38.000Z,33,424B5,333-167291,10876457,,424B5,1232000,0,0,,c58408b5e424b5.htm,424B5
0001209191-10-033514,2010-06-10,2010-06-08,2010-06-10T15:06:23.000Z,,4,,,,4,5819,0,0,,xslF345X03/doc4.xml,FORM 4 SUBMISSION
0000950123-10-057466,2010-06-11,,2010-06-11T15:25:05.000Z,33,424B3,333-167291,10891908,,424B3,1077711,0,0,,c58408b3e424b3.htm,424B3
0000950123-10-057650,2010-06-11,2010-06-10,2010-06-11T21:14:01.000Z,34,8-K,001-33764,10893160,"1.01,9.01",8-K,189064,0,0,,c58633e8vk.htm,FORM 8-K
0001209191-10-034946,2010-06-18,2010-06-17,2010-06-18T20:27:06.000Z,,4,,,,4,5617,0,0,,xslF345X03/doc4.xml,FORM 4 SUBMISSION
0001209191-10-034975,2010-06-18,2010-06-16,2010-06-18T20:52:10.000Z,,4,,,,4,5087,0,0,,xslF345X03/doc4.xml,FORM 4 SUBMISSION
0001209191-10-034989,2010-06-18,2010-06-16,2010-06-18T21:24:17.000Z,,4,,,,4,16235,0,0,,xslF345X03/doc4.xml,FORM 4 SUBMISSION
0001209191-10-034992,2010-06-18,2010-06-16,2010-06-18T21:28:36.000Z,,4,,,,4,6122,0,0,,xslF345X03/doc4.xml,FORM 4 SUBMISSION
0001209191-10-034996,2010-06-18,2010-06-16,2010-06-18T21:32:15.000Z,,4,,,,4,6119,0,0,,xslF345X03/doc4.xml,FORM 4 SUBMISSION
0000950123-10-059911,2010-06-22,2010-06-16,2010-06-22T19:31:11.000Z,34,8-K,001-33764,10910110,5.07,8-K,11555,0,0,,c58733e8vk.htm,FORM 8-K
0000950123-10-067152,2010-07-22,2010-07-16,2010-07-22T15:44:02.000Z,34,8-K,001-33764,10964112,8.01,8-K,9142,0,0,,c59163e8vk.htm,FORM 8-K
0000950123-10-083416,2010-09-02,2010-09-02,2010-09-02T20:25:21.000Z,34,8-K,001-33764,101055256,"2.02,9.01",8-K,108442,0,0,,c60061e8vk.htm,FORM 8-K
0000950123-10-083459,2010-09-02,2010-07-31,2010-09-02T21:24:08.000Z,34,10-Q,001-33764,101055700,,10-Q,266267,0,0,,c60062e10vq.htm,FORM 10-Q
0000950123-10-083934,2010-09-07,2010-08-31,2010-09-03T21:52:13.000Z,34,8-K,001-33764,101058476,"1.01,1.02,2.03,9.01",8-K,1397853,0,0,,c60159e8vk.htm,FORM 8-K
0001209191-10-045768,2010-09-10,2010-09-08,2010-09-10T20:58:04.000Z,,4,,,,4,5712,0,0,,xslF345X03/doc4.xml,FORM 4 SUBMISSION
0001209191-10-045776,2010-09-10,2010-09-08,2010-09-10T21:02:42.000Z,,4,,,,4,5683,0,0,,xslF345X03/doc4.xml,FORM 4 SUBMISSION
0001209191-10-045779,2010-09-10,2010-09-08,2010-09-10T21:04:47.000Z,,4,,,,4,5713,0,0,,xslF345X03/doc4.xml,FORM 4 SUBMISSION
0001209191-10-047026,2010-09-20,2010-09-20,2010-09-20T23:16:29.000Z,,4,,,,4,6696,0,0,,xslF345X03/doc4.xml,FORM 4 SUBMISSION
0001209191-10-047255,2010-09-22,2010-09-20,2010-09-22T19:36:07.000Z,,4,,,,4,14914,0,0,,xslF345X03/doc4.xml,FORM 4 SUBMISSION
0001209191-10-048294,2010-10-01,2010-09-29,2010-10-01T21:40:48.000Z,,4,,,,4,13430,0,0,,xslF345X03/c06544_4x0.xml,MAIN DOCUMENT DESCRIPTION
0000950123-10-092792,2010-10-12,2010-10-05,2010-10-12T20:56:09.000Z,34,8-K,001-33764,101119751,8.01,8-K,11395,0,0,,c60626e8vk.htm,FORM 8-K
0000950123-10-110422,2010-12-02,2010-12-02,2010-12-02T21:23:14.000Z,34,8-K,001-33764,101228151,"2.02,9.01",8-K,109273,0,0,,c61583e8vk.htm,FORM 8-K
0000950123-10-110429,2010-12-02,2010-10-30,2010-12-02T21:30:01.000Z,34,10-Q,001-33764,101228206,,10-Q,261654,0,0,,c61584e10vq.htm,FORM 10-Q
0000000000-10-072516,2010-12-03,,2010-12-03T19:40:19.000Z,,UPLOAD,,,,LETTER,83879,0,0,,filename1.pdf,
0001209191-10-059094,2010-12-08,2010-12-06,2010-12-08T20:21:11.000Z,,4,,,,4,30945,0,0,,xslF345X03/doc4.xml,FORM 4 SUBMISSION
0000950123-10-111978,2010-12-08,,2010-12-08T20:43:30.000Z,,CORRESP,,,,CORRESP,11571,0,0,,filename1.htm,
0001209191-10-059605,2010-12-10,2010-12-08,2010-12-10T20:03:05.000Z,,4,,,,4,38591,0,0,,xslF345X03/doc4.xml,FORM 4 SUBMISSION
0001209191-10-060246,2010-12-14,2010-12-10,2010-12-14T21:11:34.000Z,,4,,,,4,19809,0,0,,xslF345X03/doc4.xml,FORM 4 SUBMISSION
0001209191-10-061376,2010-12-17,2010-12-15,2010-12-17T20:55:22.000Z,,4,,,,4,10515,0,0,,xslF345X03/doc4.xml,FORM 4 SUBMISSION
0001209191-10-062780,2010-12-28,2010-12-23,2010-12-29T00:11:48.000Z,,4,,,,4,9036,0,0,,xslF345X03/doc4.xml,FORM 4 SUBMISSION
0000950123-11-000291,2011-01-04,,2011-01-04T20:58:20.000Z,,CORRESP,,,,CORRESP,77442,0,0,,filename1.htm,
0000950123-11-000908,2011-01-06,2011-01-06,2011-01-06T12:42:40.000Z,34,8-K,001-33764,11512783,"7.01,9.01",8-K,27210,0,0,,c62083e8vk.htm,FORM 8-K
0001209191-11-002566,2011-01-10,2011-01-06,2011-01-10T15:50:49.000Z,,4,,,,4,9518,0,0,,xslF345X03/doc4.xml,FORM 4 SUBMISSION
0000950123-11-003732,2011-01-19,2011-01-14,2011-01-19T21:01:07.000Z,34,8-K,001-33764,11535883,8.01,8-K,9666,0,0,,c62419e8vk.htm,FORM 8-K
0000000000-11-004020,2011-01-20,,2011-01-20T18:43:06.000Z,,UPLOAD,,,,LETTER,47745,0,0,,filename1.pdf,
0000950123-11-004518,2011-01-21,2011-01-19,2011-01-21T21:52:32.000Z,34,8-K,001-33764,11541842,"5.02,7.01",8-K,8677,0,0,,c62570e8vk.htm,FORM 8-K
0000950123-11-005821,2011-01-27,2011-01-27,2011-01-27T14:02:33.000Z,34,8-K,001-33764,11550843,"7.01,9.01",8-K,2032163,0,0,,c62676e8vk.htm,FORM 8-K
0000950123-11-006844,2011-01-31,2011-01-25,2011-01-29T02:42:54.000Z,34,8-K,001-33764,11557403,"5.02,9.01",8-K,35792,0,0,,c62723e8vk.htm,FORM 8-K
0000950123-11-008603,2011-02-03,,2011-02-03T16:52:42.000Z,,CORRESP,,,,CORRESP,16582,0,0,,filename1.htm,
0000000000-11-009361,2011-02-11,,2011-02-11T19:35:51.000Z,,UPLOAD,,,,LETTER,46262,0,0,,filename1.pdf,
0000950123-11-013785,2011-02-14,,2011-02-14T23:19:40.000Z,34,SC 13G/A,005-83683,11608819,,SC 13G/A,173690,0,0,,c62997bsc13gza.htm,SC 13G/A
0000950123-11-013780,2011-02-14,,2011-02-15T00:13:22.000Z,34,SC 13G/A,005-83683,11610533,,SC 13G/A,80999,0,0,,c62997csc13gza.htm,SC 13G/A
0000950123-11-013789,2011-02-14,,2011-02-15T00:13:53.000Z,34,SC 13G/A,005-83683,11610564,,SC 13G/A,30911,0,0,,c62997asc13gza.htm,SC 13G/A
0000950123-11-022251,2011-03-04,2011-03-02,2011-03-04T22:04:43.000Z,34,8-K,001-33764,11665532,5.02,8-K,10543,0,0,,c63170e8vk.htm,FORM 8-K
0000950123-11-024145,2011-03-10,2011-03-10,2011-03-10T21:23:15.000Z,34,8-K,001-33764,11678776,"2.02,9.01",8-K,108063,0,0,,c63476e8vk.htm,FORM 8-K
0000950123-11-030900,2011-03-30,2011-01-29,2011-03-30T21:08:20.000Z,34,10-K,001-33764,11722854,,10-K,2238115,0,0,,c63694e10vk.htm,FORM 10-K
0000950123-11-042670,2011-05-02,2011-06-02,2011-05-02T15:39:33.000Z,34,DEF 14A,001-33764,11798819,,DEF 14A,833621,0,0,,c64286def14a.htm,DEF 14A
9999999997-11-010040,2011-05-03,2011-01-29,2011-05-09T23:26:48.000Z,34,ARS,001-33764,11006900,,ARS,1366,0,0,,9999999997-11-010040.paper,AUTO-GENERATED PAPER DOCUMENT
0000950123-11-057179,2011-06-07,2011-06-02,2011-06-07T15:46:34.000Z,34,8-K,001-33764,11897628,5.07,8-K,13155,0,0,,c65018e8vk.htm,FORM 8-K
0000950123-11-057269,2011-06-07,2011-06-07,2011-06-07T20:18:29.000Z,34,8-K,001-33764,11898765,"2.02,9.01",8-K,82888,0,0,,c64998e8vk.htm,FORM 8-K
0000950123-11-057275,2011-06-07,2011-04-30,2011-06-07T20:21:58.000Z,34,10-Q,001-33764,11898797,,10-Q,1270062,1,0,,c64344e10vq.htm,FORM 10-Q
0001209191-11-035667,2011-06-21,2011-06-17,2011-06-21T15:49:19.000Z,,4,,,,4,5258,0,0,,xslF345X03/doc4.xml,FORM 4 SUBMISSION
0001209191-11-041094,2011-07-27,2011-06-02,2011-07-27T17:39:39.000Z,,3,,,,3,3671,0,0,,xslF345X02/doc3.xml,FORM 3 SUBMISSION
0000950123-11-083426,2011-09-08,2011-09-08,2011-09-08T20:20:41.000Z,34,8-K,001-33764,111081326,"2.02,9.01",8-K,99750,0,0,,c66139e8vk.htm,FORM 8-K
0000950123-11-083432,2011-09-08,2011-07-30,2011-09-08T20:27:18.000Z,34,10-Q,001-33764,111081386,,10-Q,1733559,1,0,,c65431e10vq.htm,FORM 10-Q
0000950123-11-083449,2011-09-08,,2011-09-08T20:38:25.000Z,33,S-8,333-176735,111081452,,S-8,76858,0,0,,c66111sv8.htm,FORM S-8
0001209191-11-047976,2011-09-15,2011-09-13,2011-09-15T19:27:27.000Z,,4,,,,4,5354,0,0,,xslF345X03/doc4.xml,FORM 4 SUBMISSION
0001209191-11-047978,2011-09-15,2011-09-13,2011-09-15T19:29:42.000Z,,4,,,,4,5325,0,0,,xslF345X03/doc4.xml,FORM 4 SUBMISSION
0001209191-11-047980,2011-09-15,2011-09-13,2011-09-15T19:31:37.000Z,,4,,,,4,5354,0,0,,xslF345X03/doc4.xml,FORM 4 SUBMISSION
0001209191-11-047982,2011-09-15,2011-09-13,2011-09-15T19:32:44.000Z,,4,,,,4,4484,0,0,,xslF345X03/doc4.xml,FORM 4 SUBMISSION
0001209191-11-047984,2011-09-15,2011-09-13,2011-09-15T19:34:08.000Z,,4,,,,4,4485,0,0,,xslF345X03/doc4.xml,FORM 4 SUBMISSION
0001209191-11-047996,2011-09-15,2011-09-13,2011-09-15T20:06:16.000Z,,4,,,,4,4527,0,0,,xslF345X03/doc4.xml,FORM 4 SUBMISSION
0001209191-11-048000,2011-09-15,2011-09-13,2011-09-15T20:07:40.000Z,,4,,,,4,4564,0,0,,xslF345X03/doc4.xml,FORM 4 SUBMISSION
0001209191-11-048003,2011-09-15,2011-09-13,2011-09-15T20:09:25.000Z,,4,,,,4,4486,0,0,,xslF345X03/doc4.xml,FORM 4 SUBMISSION
0001209191-11-048009,2011-09-15,2011-09-13,2011-09-15T20:10:41.000Z,,4,,,,4,4505,0,0,,xslF345X03/doc4.xml,FORM 4 SUBMISSION
0001209191-11-048013,2011-09-15,2011-09-13,2011-09-15T20:11:52.000Z,,4,,,,4,4539,0,0,,xslF345X03/doc4.xml,FORM 4 SUBMISSION
0001209191-11-048875,2011-09-23,2011-09-21,2011-09-23T19:05:24.000Z,,4,,,,4,6011,0,0,,xslF345X03/doc4.xml,FORM 4 SUBMISSION
0001209191-11-049156,2011-09-27,2011-09-26,2011-09-27T20:35:37.000Z,,4,,,,4,6011,0,0,,xslF345X03/doc4.xml,FORM 4 SUBMISSION
0001209191-11-049197,2011-09-27,2011-09-23,2011-09-27T22:03:41.000Z,,4,,,,4,14175,0,0,,xslF345X03/doc4.xml,FORM 4 SUBMISSION
0001209191-11-049508,2011-09-30,2011-09-28,2011-09-30T21:02:44.000Z,,4,,,,4,6319,0,0,,xslF345X03/doc4.xml,FORM 4 SUBMISSION
0001209191-11-051535,2011-10-12,2011-10-10,2011-10-12T19:15:28.000Z,,4,,,,4,9882,0,0,,xslF345X03/doc4.xml,FORM 4 SUBMISSION
0001193125-11-272902,2011-10-17,2011-10-11,2011-10-17T21:20:33.000Z,34,8-K,001-33764,111144285,8.01,8-K,14281,0,0,,d243679d8k.htm,FORM 8-K
0001193125-11-279818,2011-10-25,2011-10-19,2011-10-25T15:46:47.000Z,34,8-K,001-33764,111156024,"1.01,2.03,9.01",8-K,1605331,0,0,,d245974d8k.htm,FORM 8-K
0001193125-11-327514,2011-12-01,2011-12-01,2011-12-01T21:19:56.000Z,34,8-K,001-33764,111237489,"2.02,9.01",8-K,177397,0,0,,d261693d8k.htm,FORM 8-K
0001193125-11-327525,2011-12-01,2011-10-29,2011-12-01T21:24:06.000Z,34,10-Q,001-33764,111237523,,10-Q,1962345,1,0,,d237357d10q.htm,10-Q
0001209191-11-061198,2011-12-14,2011-12-12,2011-12-14T16:26:53.000Z,,4,,,,4,10166,0,0,,xslF345X03/doc4.xml,FORM 4 SUBMISSION
0001193125-11-344026,2011-12-16,2011-12-14,2011-12-16T21:26:23.000Z,34,8-K,001-33764,111266662,"5.02,9.01",8-K,33493,0,0,,d270256d8k.htm,8-K
0001209191-12-000629,2012-01-03,2011-12-29,2012-01-04T00:52:18.000Z,,4,,,,4,12558,0,0,,xslF345X03/doc4.xml,FORM 4 SUBMISSION
0001193125-12-002776,2012-01-05,2012-01-05,2012-01-05T11:04:34.000Z,34,8-K,001-33764,12509173,"7.01,9.01",8-K,56881,0,0,,d276896d8k.htm,FORM 8-K
0001209191-12-002880,2012-01-09,2012-01-05,2012-01-09T23:58:24.000Z,,4,,,,4,8777,0,0,,xslF345X03/doc4.xml,FORM 4 SUBMISSION
0001193125-12-021958,2012-01-24,2012-01-20,2012-01-24T22:21:53.000Z,34,8-K,001-33764,12542613,"5.02,9.01",8-K,53796,0,0,,d289789d8k.htm,FORM 8-K
0001209191-12-005184,2012-01-24,2012-01-20,2012-01-24T22:56:00.000Z,,3,,,,3,3567,0,0,,xslF345X02/doc3.xml,FORM 3 SUBMISSION
0001209191-12-006839,2012-02-02,2012-02-01,2012-02-02T15:39:17.000Z,,4,,,,4,7045,0,0,,xslF345X03/doc4.xml,FORM 4 SUBMISSION
0001193125-12-052148,2012-02-10,,2012-02-10T19:49:21.000Z,34,SC 13G/A,005-83683,12592139,,SC 13G/A,94426,0,0,,d297800dsc13ga.htm,SC 13G/A
0000315066-12-003083,2012-02-14,,2012-02-14T17:23:46.000Z,34,SC 13G,005-83683,12606300,,SC 13G,7712,0,0,,filing.txt,
0001193125-12-066993,2012-02-17,2012-02-14,2012-02-17T18:12:20.000Z,34,8-K/A,001-33764,12621832,5.02,8-K/A,14572,0,0,,d303809d8ka.htm,FORM 8-K
0001193125-12-103852,2012-03-08,2012-03-08,2012-03-08T21:26:06.000Z,34,8-K,001-33764,12677599,"2.02,5.02,8.01,9.01",8-K,200219,0,0,,d311794d8k.htm,FORM 8-K
0001193125-12-136579,2012-03-28,2012-01-28,2012-03-28T16:14:23.000Z,34,10-K,001-33764,12719682,,10-K,6278327,1,0,,d265737d10k.htm,FORM 10-K
0001193125-12-172949,2012-04-20,2012-05-31,2012-04-20T19:23:39.000Z,34,DEF 14A,001-33764,12770721,,DEF 14A,529102,0,0,,d335794ddef14a.htm,DEF 14A
0001193125-12-172969,2012-04-20,,2012-04-20T19:29:49.000Z,34,DEFA14A,001-33764,12770744,,DEFA14A,44419,0,0,,d335794ddefa14a.htm,DEFINITIVE ADDITIONAL MATERIALS
9999999997-12-009213,2012-04-23,2012-01-28,2012-05-07T19:56:53.000Z,34,ARS,001-33764,12026959,,ARS,1366,0,0,,9999999997-12-009213.paper,AUTO-GENERATED PAPER DOCUMENT
0001193125-12-215008,2012-05-07,,2012-05-07T20:09:50.000Z,33,S-3ASR,333-181205,12817947,,S-3ASR,214941,0,0,,d346510ds3asr.htm,FORM S-3ASR
0001193125-12-215192,2012-05-07,,2012-05-07T20:37:56.000Z,33,424B5,333-181205,12818322,,424B5,370314,0,0,,d347022d424b5.htm,424B5
0001193125-12-215232,2012-05-07,,2012-05-07T20:46:00.000Z,33,POS AM,333-167291,12818393,,POS AM,26008,0,0,,d347571dposam.htm,POST EFFECTIVE AMENDMENT
0001193125-12-215259,2012-05-07,2012-05-07,2012-05-07T20:50:53.000Z,34,8-K,001-33764,12818451,"8.01,9.01",8-K,52271,0,0,,d347969d8k.htm,FORM 8-K
0001193125-12-215279,2012-05-07,2012-05-07,2012-05-07T20:54:07.000Z,34,8-K,001-33764,12818478,"8.01,9.01",8-K,56269,0,0,,d347921d8k.htm,FORM 8-K
0001193125-12-225717,2012-05-10,,2012-05-10T20:34:32.000Z,33,424B3,333-181205,12830776,,424B3,370714,0,0,,d347022d424b3.htm,424B3
0001193125-12-225740,2012-05-10,2012-05-09,2012-05-10T20:38:02.000Z,34,8-K,001-33764,12830838,"1.01,9.01",8-K,172514,0,0,,d350775d8k.htm,FORM 8-K
0001209191-12-028013,2012-05-14,2012-05-10,2012-05-14T21:53:23.000Z,,4,,,,4,6923,0,0,,xslF345X03/doc4.xml,FORM 4 SUBMISSION
0001209191-12-028015,2012-05-14,2012-05-10,2012-05-14T21:54:55.000Z,,4,,,,4,6897,0,0,,xslF345X03/doc4.xml,FORM 4 SUBMISSION
0001209191-12-028017,2012-05-14,2012-05-10,2012-05-14T21:56:05.000Z,,4,,,,4,6923,0,0,,xslF345X03/doc4.xml,FORM 4 SUBMISSION
0001140361-12-026167,2012-05-17,2012-05-15,2012-05-17T23:09:19.000Z,,4,,,,4,11366,0,0,,xslF345X03/doc1.xml,FORM 4
0000902664-12-000826,2012-05-21,,2012-05-21T20:54:57.000Z,34,SC 13G,005-83683,12859442,,SC 13G,281316,0,0,,p12-1205sc13g.htm,"ULTA SALON, COSMETICS & FRAGRANCE, INC."
0001209191-12-031646,2012-06-01,2012-05-31,2012-06-01T20:02:20.000Z,,4,,,,4,4504,0,0,,xslF345X03/doc4.xml,FORM 4 SUBMISSION
0001209191-12-031649,2012-06-01,2012-05-31,2012-06-01T20:03:52.000Z,,4,,,,4,4483,0,0,,xslF345X03/doc4.xml,FORM 4 SUBMISSION
0001209191-12-031653,2012-06-01,2012-05-31,2012-06-01T20:04:59.000Z,,4,,,,4,4511,0,0,,xslF345X03/doc4.xml,FORM 4 SUBMISSION
0001209191-12-031655,2012-06-01,2012-05-31,2012-06-01T20:06:06.000Z,,4,,,,4,5764,0,0,,xslF345X03/doc4.xml,FORM 4 SUBMISSION
0001209191-12-031657,2012-06-01,2012-05-31,2012-06-01T20:07:08.000Z,,4,,,,4,4486,0,0,,xslF345X03/doc4.xml,FORM 4 SUBMISSION
0001209191-12-031661,2012-06-01,2012-05-31,2012-06-01T20:08:06.000Z,,4,,,,4,4563,0,0,,xslF345X03/doc4.xml,FORM 4 SUBMISSION
0001209191-12-031665,2012-06-01,2012-05-31,2012-06-01T20:09:23.000Z,,4,,,,4,4527,0,0,,xslF345X03/doc4.xml,FORM 4 SUBMISSION
0001193125-12-257221,2012-06-01,2012-05-31,2012-06-01T20:11:53.000Z,34,8-K,001-33764,12883546,5.07,8-K,19870,0,0,,d362222d8k.htm,FORM 8-K
0001193125-12-260184,2012-06-05,2012-06-05,2012-06-05T20:15:53.000Z,34,8-K,001-33764,12889287,"2.02,9.01",8-K,144601,0,0,,d362761d8k.htm,FORM 8-K
0001193125-12-260203,2012-06-05,2012-04-28,2012-06-05T20:21:31.000Z,34,10-Q,001-33764,12889353,,10-Q,1912795,1,0,,d354441d10q.htm,10-Q
0001209191-12-033212,2012-06-11,2012-06-08,2012-06-11T20:14:33.000Z,,4,,,,4,21867,0,0,,xslF345X03/doc4.xml,FORM 4 SUBMISSION
0001209191-12-034760,2012-06-20,2012-06-18,2012-06-20T22:20:17.000Z,,4,,,,4,6869,0,0,,xslF345X03/doc4.xml,FORM 4 SUBMISSION
0001209191-12-037527,2012-07-06,2012-07-05,2012-07-06T20:14:42.000Z,,4,,,,4,8516,0,0,,xslF345X03/doc4.xml,FORM 4 SUBMISSION
0001193125-12-365373,2012-08-22,2012-08-20,2012-08-22T20:30:37.000Z,34,8-K,001-33764,121050076,"5.02,9.01",8-K,59256,0,0,,d401555d8k.htm,8-K
0001209191-12-044405,2012-09-06,2012-09-04,2012-09-06T16:15:23.000Z,,3,,,,3,3656,0,0,,xslF345X02/doc3.xml,FORM 3 SUBMISSION
0001193125-12-382968,2012-09-06,2012-09-06,2012-09-06T20:21:39.000Z,34,8-K,001-33764,121077148,"2.02,9.01",8-K,181698,0,0,,d406918d8k.htm,8-K
0001193125-12-382984,2012-09-06,2012-07-28,2012-09-06T20:27:41.000Z,34,10-Q,001-33764,121077184,,10-Q,2084710,1,0,,d380346d10q.htm,10-Q
0001209191-12-045552,2012-09-14,2012-09-12,2012-09-14T16:41:28.000Z,,4,,,,4,7075,0,0,,xslF345X03/doc4.xml,FORM 4 SUBMISSION
0001209191-12-045553,2012-09-14,2012-09-12,2012-09-14T16:43:43.000Z,,4,,,,4,8989,0,0,,xslF345X03/doc4.xml,FORM 4 SUBMISSION
0001209191-12-045554,2012-09-14,2012-09-12,2012-09-14T16:44:41.000Z,,4,,,,4,7586,0,0,,xslF345X03/doc4.xml,FORM 4 SUBMISSION
0001209191-12-045714,2012-09-17,2012-09-13,2012-09-17T18:53:26.000Z,,4,,,,4,8400,0,0,,xslF345X03/doc4.xml,FORM 4 SUBMISSION
0001209191-12-046083,2012-09-18,2012-09-14,2012-09-18T23:03:43.000Z,,4,,,,4,7590,0,0,,xslF345X03/doc4.xml,FORM 4 SUBMISSION
0001209191-12-046826,2012-09-27,2012-09-25,2012-09-27T20:29:38.000Z,,4,,,,4,5463,0,0,,xslF345X03/doc4.xml,FORM 4 SUBMISSION
0001209191-12-046855,2012-09-27,2012-09-25,2012-09-27T22:55:14.000Z,,4,,,,4,18275,0,0,,xslF345X03/doc4.xml,FORM 4 SUBMISSION
0001209191-12-048553,2012-10-05,2012-10-04,2012-10-05T20:39:42.000Z,,4,,,,4,7587,0,0,,xslF345X03/doc4.xml,FORM 4 SUBMISSION
0001209191-12-048556,2012-10-05,2012-10-03,2012-10-05T20:42:04.000Z,,4,,,,4,18092,0,0,,xslF345X03/doc4.xml,FORM 4 SUBMISSION
0001193125-12-426654,2012-10-18,2012-10-17,2012-10-18T11:38:53.000Z,34,8-K,001-33764,121149511,"5.02,9.01",8-K,61400,0,0,,d428024d8k.htm,FORM 8-K
0001209191-12-050605,2012-10-26,2012-10-18,2012-10-26T15:01:37.000Z,,3,,,,3,8409,0,0,,xslF345X02/doc3.xml,FORM 3 SUBMISSION
0001193125-12-438726,2012-10-29,2012-10-24,2012-10-29T13:18:33.000Z,34,8-K,001-33764,121165784,"5.02,9.01",8-K,64396,0,0,,d430465d8k.htm,FORM 8-K
0001209191-12-050747,2012-10-29,2012-10-24,2012-10-29T15:39:42.000Z,,3,,,,3,3553,0,0,,xslF345X02/doc3.xml,FORM 3 SUBMISSION
0001193125-12-485684,2012-11-29,2012-11-29,2012-11-29T21:08:35.000Z,34,8-K,001-33764,121231960,"2.02,9.01",8-K,195656,0,0,,d446005d8k.htm,8-K
0001193125-12-485695,2012-11-29,2012-10-27,2012-11-29T21:13:02.000Z,34,10-Q,001-33764,121231991,,10-Q,2208873,1,0,,d418173d10q.htm,10-Q
0001193125-12-504743,2012-12-17,2012-12-12,2012-12-17T20:04:58.000Z,34,8-K/A,001-33764,121268450,"5.02,8.01",8-K/A,14905,0,0,,d455223d8ka.htm,FORM 8-K AMENDMENT NO. 1
0001193125-13-002951,2013-01-04,2013-01-04,2013-01-04T13:20:13.000Z,34,8-K,001-33764,13509763,"7.01,9.01",8-K,58082,0,0,,d460702d8k.htm,FORM 8-K
0001209191-13-002680,2013-01-09,2013-01-08,2013-01-09T20:53:39.000Z,,4,,,,4,22830,0,0,,xslF345X03/doc4.xml,FORM 4 SUBMISSION
0000072971-13-000150,2013-02-13,,2013-02-13T20:47:14.000Z,34,SC 13G/A,005-83683,13602878,,SC 13G/A,18683,0,0,,wf_ultasalonc-90384s303.htm,
0001193125-13-057437,2013-02-14,2013-02-13,2013-02-14T12:16:53.000Z,34,8-K,001-33764,13606204,"2.02,5.02,9.01",8-K,67440,0,0,,d487099d8k.htm,FORM 8-K
0001193125-13-058434,2013-02-14,,2013-02-14T16:37:38.000Z,34,SC 13G/A,005-83683,13608327,,SC 13G/A,91386,0,0,,d486511dsc13ga.htm,SC 13G/A
0000315066-13-002856,2013-02-14,,2013-02-14T19:13:35.000Z,34,SC 13G/A,005-83683,13611614,,SC 13G/A,8046,0,0,,filing.txt,
0000902664-13-000933,2013-02-14,,2013-02-14T20:11:06.000Z,34,SC 13G/A,005-83683,13612629,,SC 13G/A,99683,0,0,,p13-0073sc13ga.htm,"ULTA SALON, COSMETICS & FRAGRANCE, INC."
0001209191-13-010462,2013-02-21,2013-02-02,2013-02-21T18:32:06.000Z,,5,,,,5,4612,0,0,,xslF345X03/doc5.xml,FORM 5 SUBMISSION
0001209191-13-010463,2013-02-21,2013-02-02,2013-02-21T18:33:00.000Z,,5,,,,5,5353,0,0,,xslF345X03/doc5.xml,FORM 5 SUBMISSION
0001193125-13-103709,2013-03-13,2013-03-12,2013-03-13T00:36:37.000Z,34,8-K,001-33764,13685801,"5.02,9.01",8-K,53630,0,0,,d501767d8k.htm,8-K
0001193125-13-107354,2013-03-14,2013-03-14,2013-03-14T20:11:20.000Z,34,8-K,001-33764,13690583,"2.02,5.02,9.01",8-K,188634,0,0,,d502755d8k.htm,FORM 8-K
0001193125-13-111214,2013-03-18,2013-03-15,2013-03-18T12:12:37.000Z,34,8-K,001-33764,13696145,"8.01,9.01",8-K,57647,0,0,,d503662d8k.htm,FORM 8-K
0001140361-13-013599,2013-03-21,2013-03-19,2013-03-21T20:15:33.000Z,,4,,,,4,5748,0,0,,xslF345X03/doc1.xml,FORM 4
0001209191-13-017915,2013-03-21,2013-03-19,2013-03-21T20:58:00.000Z,,4,,,,4,6946,0,0,,xslF345X03/doc4.xml,FORM 4 SUBMISSION
0001209191-13-017919,2013-03-21,2013-03-20,2013-03-21T21:01:58.000Z,,4,,,,4,4566,0,0,,xslF345X03/doc4.xml,FORM 4 SUBMISSION
0001209191-13-017921,2013-03-21,2013-03-19,2013-03-21T21:09:03.000Z,,4,,,,4,6985,0,0,,xslF345X03/doc4.xml,FORM 4 SUBMISSION
0001209191-13-017968,2013-03-21,2013-03-19,2013-03-21T23:02:13.000Z,,4,,,,4,5974,0,0,,xslF345X03/doc4.xml,FORM 4 SUBMISSION
0000072971-13-000322,2013-03-29,,2013-03-29T20:14:18.000Z,34,SC 13G/A,005-83683,13727879,,SC 13G/A,19000,0,0,,wf_ultasalonc-90384s303.htm,
0001193125-13-140116,2013-04-03,2013-02-02,2013-04-03T18:12:08.000Z,34,10-K,001-33764,13739006,,10-K,6341411,1,0,,d466694d10k.htm,10-K
0001193125-13-169524,2013-04-24,2013-06-06,2013-04-24T16:21:18.000Z,34,DEF 14A,001-33764,13778454,,DEF 14A,560303,0,0,,d478599ddef14a.htm,DEFINITIVE PROXY STATEMENT
0001193125-13-169545,2013-04-24,,2013-04-24T16:26:49.000Z,34,DEFA14A,001-33764,13778463,,DEFA14A,66447,0,0,,d478599ddefa14a.htm,DEFINITIVE ADDITIONAL MATERIALS
9999999997-13-009080,2013-04-25,2013-02-02,2013-04-30T20:22:11.000Z,34,ARS,001-33764,13001396,,ARS,1366,0,0,,9999999997-13-009080.paper,AUTO-GENERATED PAPER DOCUMENT
0001209191-13-031422,2013-06-10,2013-06-06,2013-06-10T23:03:06.000Z,,4,,,,4,4536,0,0,,xslF345X03/doc4.xml,FORM 4 SUBMISSION
0001209191-13-031424,2013-06-10,2013-06-06,2013-06-10T23:05:28.000Z,,4,,,,4,5602,0,0,,xslF345X03/doc4.xml,FORM 4 SUBMISSION
0001209191-13-031426,2013-06-10,2013-06-06,2013-06-10T23:07:46.000Z,,4,,,,4,4511,0,0,,xslF345X03/doc4.xml,FORM 4 SUBMISSION
0001209191-13-031427,2013-06-10,2013-06-06,2013-06-10T23:09:38.000Z,,4,,,,4,5756,0,0,,xslF345X03/doc4.xml,FORM 4 SUBMISSION
0001209191-13-031428,2013-06-10,2013-06-06,2013-06-10T23:10:52.000Z,,4,,,,4,4496,0,0,,xslF345X03/doc4.xml,FORM 4 SUBMISSION
0001209191-13-031429,2013-06-10,2013-06-06,2013-06-10T23:12:01.000Z,,4,,,,4,4486,0,0,,xslF345X03/doc4.xml,FORM 4 SUBMISSION
0001209191-13-031430,2013-06-10,2013-06-06,2013-06-10T23:13:09.000Z,,4,,,,4,4563,0,0,,xslF345X03/doc4.xml,FORM 4 SUBMISSION
0001209191-13-031431,2013-06-10,2013-06-06,2013-06-10T23:14:27.000Z,,4,,,,4,4527,0,0,,xslF345X03/doc4.xml,FORM 4 SUBMISSION
0001193125-13-253702,2013-06-11,2013-06-06,2013-06-10T23:01:52.000Z,34,8-K,001-33764,13904629,"5.07,8.01",8-K,19629,0,0,,d551242d8k.htm,FORM 8-K
0001193125-13-254742,2013-06-11,2013-06-11,2013-06-11T20:08:53.000Z,34,8-K,001-33764,13906194,"2.02,9.01",8-K,181957,0,0,,d548716d8k.htm,FORM 8-K
0001193125-13-254753,2013-06-11,2013-05-04,2013-06-11T20:16:29.000Z,34,10-Q,001-33764,13906267,,10-Q,2165874,1,0,,d535909d10q.htm,FORM 10-Q
0001209191-13-032253,2013-06-14,2013-06-06,2013-06-14T20:49:11.000Z,,3,,,,3,6036,0,0,,xslF345X02/doc3.xml,FORM 3 SUBMISSION
0001209191-13-032257,2013-06-14,2013-06-06,2013-06-14T20:50:34.000Z,,3,,,,3,10749,0,0,,xslF345X02/doc3.xml,FORM 3 SUBMISSION
0001193125-13-268175,2013-06-24,2013-06-20,2013-06-24T12:10:56.000Z,34,8-K,001-33764,13928459,"5.02,9.01",8-K,139268,0,0,,d557328d8k.htm,FORM 8-K
0001209191-13-034043,2013-06-28,2013-06-26,2013-06-28T18:44:55.000Z,,4,,,,4,8958,0,0,,xslF345X03/doc4.xml,FORM 4 SUBMISSION
0001209191-13-035440,2013-07-03,2013-07-01,2013-07-03T19:00:33.000Z,,3,,,,3,3621,0,0,,xslF345X02/doc3.xml,FORM 3 SUBMISSION
0001209191-13-035442,2013-07-03,2013-07-01,2013-07-03T19:03:35.000Z,,4,,,,4,9411,0,0,,xslF345X03/doc4.xml,FORM 4 SUBMISSION
0001020066-13-000011,2013-07-09,,2013-07-09T20:14:13.000Z,34,SC 13G,005-83683,13959832,,SC 13G,6842,0,0,,ulta0713.txt,ULTA 13G
0000072971-13-000528,2013-09-10,,2013-09-10T20:17:41.000Z,34,SC 13G/A,005-83683,131088317,,SC 13G/A,18658,0,0,,wf_ultasalonc-90384s303x.htm,
0001193125-13-365286,2013-09-12,2013-09-12,2013-09-12T20:09:11.000Z,34,8-K,001-33764,131094298,"2.02,9.01",8-K,156650,0,0,,d596874d8k.htm,FORM 8-K
0001193125-13-365298,2013-09-12,2013-08-03,2013-09-12T20:14:20.000Z,34,10-Q,001-33764,131094331,,10-Q,3494778,1,0,,d582936d10q.htm,FORM 10-Q
0001209191-13-044892,2013-09-19,2013-09-17,2013-09-19T20:15:09.000Z,,4,,,,4,5604,0,0,,xslF345X03/doc4.xml,FORM 4 SUBMISSION
0001209191-13-044894,2013-09-19,2013-09-17,2013-09-19T20:16:05.000Z,,4,,,,4,4528,0,0,,xslF345X03/doc4.xml,FORM 4 SUBMISSION
0001209191-13-045119,2013-09-20,2013-09-18,2013-09-20T20:59:15.000Z,,4,,,,4,10727,0,0,,xslF345X03/doc4.xml,FORM 4 SUBMISSION
0001209191-13-045122,2013-09-20,2013-09-18,2013-09-20T21:00:28.000Z,,4,,,,4,14783,0,0,,xslF345X03/doc4.xml,FORM 4 SUBMISSION
0000000000-13-052289,2013-09-23,,2013-09-23T19:12:14.000Z,,UPLOAD,,,,LETTER,253420,0,0,,filename1.pdf,
0001193125-13-378172,2013-09-25,,2013-09-25T17:35:35.000Z,,CORRESP,,,,CORRESP,14271,0,0,,filename1.htm,
0001209191-13-047306,2013-10-03,2013-10-01,2013-10-03T21:56:08.000Z,,3,,,,3,3617,0,0,,xslF345X02/doc3.xml,FORM 3 SUBMISSION
0001209191-13-047307,2013-10-03,2013-10-01,2013-10-03T21:57:26.000Z,,4,,,,4,6962,0,0,,xslF345X03/doc4.xml,FORM 4 SUBMISSION
0001193125-13-405199,2013-10-21,,2013-10-21T19:13:33.000Z,,CORRESP,,,,CORRESP,84494,0,0,,filename1.htm,
0000000000-13-060220,2013-11-01,,2013-11-01T19:12:05.000Z,,UPLOAD,,,,LETTER,34216,0,0,,filename1.pdf,
0001193125-13-463540,2013-12-05,2013-12-05,2013-12-05T21:10:32.000Z,34,8-K,001-33764,131260013,"2.02,9.01",8-K,159011,0,0,,d638503d8k.htm,8-K
0001193125-13-463551,2013-12-05,2013-11-02,2013-12-05T21:15:46.000Z,34,10-Q,001-33764,131260065,,10-Q,2083479,1,0,,d623534d10q.htm,10-Q
0001193125-13-465445,2013-12-09,2013-12-05,2013-12-06T22:59:52.000Z,34,8-K,001-33764,131264110,"1.01,2.03,7.01,9.01",8-K,40178,0,0,,d640921d8k.htm,FORM 8-K
0001209191-14-007566,2014-02-05,2014-02-03,2014-02-05T21:34:54.000Z,,3,,,,3,3607,0,0,,xslF345X02/doc3.xml,FORM 3 SUBMISSION
0000932471-14-004109,2014-02-12,,2014-02-12T16:05:38.000Z,34,SC 13G,005-83683,14597679,,SC 13G,52003,0,0,,ultasaloncosmeticsandfrag.htm,
0000902664-14-001146,2014-02-14,,2014-02-14T21:13:42.000Z,34,SC 13G/A,005-83683,14616621,,SC 13G/A,61487,0,0,,p14-0132sc13ga.htm,"ULTA SALON, COSMETICS & FRAGRANCE, INC."
0001193125-14-097688,2014-03-13,2014-03-13,2014-03-13T20:09:34.000Z,34,8-K,001-33764,14691113,"2.02,9.01",8-K,164482,0,0,,d690979d8k.htm,8-K
0001209191-14-021719,2014-03-19,2014-03-18,2014-03-19T15:32:15.000Z,,4,,,,4,5006,0,0,,xslF345X03/doc4.xml,FORM 4 SUBMISSION
0001209191-14-022228,2014-03-20,2014-03-18,2014-03-20T21:00:48.000Z,,4,,,,4,6958,0,0,,xslF345X03/doc4.xml,FORM 4 SUBMISSION
0001209191-14-022519,2014-03-21,2014-03-19,2014-03-21T22:07:55.000Z,,4,,,,4,8929,0,0,,xslF345X03/doc4.xml,FORM 4 SUBMISSION
0001209191-14-023301,2014-03-26,2014-03-23,2014-03-26T23:02:25.000Z,,4,,,,4,10753,0,0,,xslF345X03/doc4.xml,FORM 4 SUBMISSION
0001209191-14-024237,2014-04-01,2014-03-28,2014-04-01T22:29:29.000Z,,4,,,,4,6970,0,0,,xslF345X03/doc4.xml,FORM 4 SUBMISSION
0001209191-14-024240,2014-04-01,2014-03-28,2014-04-01T22:30:38.000Z,,4,,,,4,6990,0,0,,xslF345X03/doc4.xml,FORM 4 SUBMISSION
0001209191-14-024241,2014-04-01,2014-03-28,2014-04-01T22:31:25.000Z,,4,,,,4,6959,0,0,,xslF345X03/doc4.xml,FORM 4 SUBMISSION
0001209191-14-024242,2014-04-01,2014-03-28,2014-04-01T22:32:09.000Z,,4,,,,4,6951,0,0,,xslF345X03/doc4.xml,FORM 4 SUBMISSION
0001209191-14-024243,2014-04-01,2014-03-28,2014-04-01T22:32:57.000Z,,4,,,,4,6950,0,0,,xslF345X03/doc4.xml,FORM 4 SUBMISSION
0001209191-14-024248,2014-04-01,2014-03-28,2014-04-01T22:34:31.000Z,,4,,,,4,6974,0,0,,xslF345X03/doc4.xml,FORM 4 SUBMISSION
0001193125-14-127781,2014-04-02,2014-02-01,2014-04-02T18:20:56.000Z,34,10-K,001-33764,14737414,,10-K,6552666,1,0,,d661459d10k.htm,10-K
0001209191-14-024747,2014-04-02,2014-04-01,2014-04-02T21:37:36.000Z,,4,,,,4,4837,0,0,,xslF345X03/doc4.xml,FORM 4 SUBMISSION
0001209191-14-024749,2014-04-02,2014-04-01,2014-04-02T21:38:18.000Z,,4,,,,4,4830,0,0,,xslF345X03/doc4.xml,FORM 4 SUBMISSION
0001209191-14-024751,2014-04-02,2014-04-01,2014-04-02T21:39:35.000Z,,4,,,,4,4821,0,0,,xslF345X03/doc4.xml,FORM 4 SUBMISSION
0001193125-14-136858,2014-04-09,2014-04-03,2014-04-09T18:39:32.000Z,34,8-K,001-33764,14753239,5.02,8-K,13523,0,0,,d709573d8k.htm,8-K
0001193125-14-154264,2014-04-23,2014-06-05,2014-04-23T16:45:35.000Z,34,DEF 14A,001-33764,14778217,,DEF 14A,631566,0,0,,d709292ddef14a.htm,DEF 14A
0001193125-14-154283,2014-04-23,,2014-04-23T16:53:33.000Z,34,DEFA14A,001-33764,14778239,,DEFA14A,147908,0,0,,d709292ddefa14a.htm,DEFA14A
9999999997-14-009459,2014-04-24,2014-02-01,2014-05-08T14:55:19.000Z,34,ARS,001-33764,14006902,,ARS,1366,0,0,,9999999997-14-009459.paper,AUTO-GENERATED PAPER DOCUMENT
0001020066-14-000013,2014-05-08,,2014-05-08T15:35:27.000Z,34,SC 13G/A,005-83683,14823664,,SC 13G/A,6900,0,0,,ulta0414.txt,SCM 13G/A-1
0001193125-14-228476,2014-06-06,2014-06-05,2014-06-06T17:55:33.000Z,34,8-K,001-33764,14896071,"5.02,5.07,9.01",8-K,32504,0,0,,d739213d8k.htm,8-K
0001193125-14-231947,2014-06-10,2014-06-10,2014-06-10T20:12:34.000Z,34,8-K,001-33764,14902207,"2.02,9.01",8-K,114014,0,0,,d741189d8k.htm,8-K
0001193125-14-231957,2014-06-10,2014-05-03,2014-06-10T20:16:16.000Z,34,10-Q,001-33764,14902277,,10-Q,2069113,1,0,,d725605d10q.htm,10-Q
0001209191-14-040661,2014-06-11,2014-06-05,2014-06-11T22:19:47.000Z,,3,,,,3,3615,0,0,,xslF345X02/doc3.xml,FORM 3 SUBMISSION
0001209191-14-041850,2014-06-17,2014-06-13,2014-06-17T15:35:38.000Z,,4,,,,4,5602,0,0,,xslF345X03/doc4.xml,FORM 4 SUBMISSION
0001209191-14-041851,2014-06-17,2014-06-13,2014-06-17T15:37:15.000Z,,4,,,,4,4484,0,0,,xslF345X03/doc4.xml,FORM 4 SUBMISSION
0001209191-14-041853,2014-06-17,2014-06-13,2014-06-17T15:38:26.000Z,,4,,,,4,4513,0,0,,xslF345X03/doc4.xml,FORM 4 SUBMISSION
0001209191-14-041854,2014-06-17,2014-06-13,2014-06-17T15:39:32.000Z,,4,,,,4,5757,0,0,,xslF345X03/doc4.xml,FORM 4 SUBMISSION
0001209191-14-041855,2014-06-17,2014-06-13,2014-06-17T15:41:48.000Z,,4,,,,4,4497,0,0,,xslF345X03/doc4.xml,FORM 4 SUBMISSION
0001209191-14-041856,2014-06-17,2014-06-13,2014-06-17T15:42:44.000Z,,4,,,,4,4487,0,0,,xslF345X03/doc4.xml,FORM 4 SUBMISSION
0001209191-14-041857,2014-06-17,2014-06-13,2014-06-17T15:43:41.000Z,,4,,,,4,4564,0,0,,xslF345X03/doc4.xml,FORM 4 SUBMISSION
0001209191-14-041859,2014-06-17,2014-06-13,2014-06-17T15:45:18.000Z,,4,,,,4,4560,0,0,,xslF345X03/doc4.xml,FORM 4 SUBMISSION
0001209191-14-045764,2014-07-03,2014-07-01,2014-07-03T16:11:54.000Z,,4,,,,4,6360,0,0,,xslF345X03/doc4.xml,FORM 4 SUBMISSION
0001193125-14-339127,2014-09-11,2014-09-11,2014-09-11T20:08:35.000Z,34,8-K,001-33764,141098274,"2.02,9.01",8-K,161001,0,0,,d787064d8k.htm,8-K
0001193125-14-339142,2014-09-11,2014-08-02,2014-09-11T20:14:52.000Z,34,10-Q,001-33764,141098323,,10-Q,2206829,1,0,,d779314d10q.htm,FORM 10-Q
0001209191-14-058598,2014-09-18,2014-09-16,2014-09-18T21:03:53.000Z,,4,,,,4,6035,0,0,,xslF345X03/doc4.xml,FORM 4 SUBMISSION
0001209191-14-058599,2014-09-18,2014-09-17,2014-09-18T21:04:47.000Z,,4,,,,4,5010,0,0,,xslF345X03/doc4.xml,FORM 4 SUBMISSION
0001209191-14-058600,2014-09-18,2014-09-17,2014-09-18T21:05:54.000Z,,4,,,,4,4928,0,0,,xslF345X03/doc4.xml,FORM 4 SUBMISSION
0001209191-14-059445,2014-09-23,2014-09-19,2014-09-23T22:26:54.000Z,,4,,,,4,5006,0,0,,xslF345X03/doc4.xml,FORM 4 SUBMISSION
0001193125-14-370075,2014-10-14,2014-10-13,2014-10-14T10:08:59.000Z,34,8-K,001-33764,141153552,"5.02,9.01",8-K,30929,0,0,,d803696d8k.htm,8-K
0001209191-14-062974,2014-10-14,2014-10-13,2014-10-14T10:10:18.000Z,,3,,,,3,3746,0,0,,xslF345X02/doc3.xml,FORM 3 SUBMISSION
0001209191-14-063123,2014-10-14,2014-10-13,2014-10-14T21:20:41.000Z,,4,,,,4,4691,0,0,,xslF345X03/doc4.xml,FORM 4 SUBMISSION
0001193125-14-433475,2014-12-04,2014-12-04,2014-12-04T21:13:00.000Z,34,8-K,001-33764,141266620,"2.02,9.01",8-K,154365,0,0,,d832024d8k.htm,8-K
0001193125-14-433486,2014-12-04,2014-11-01,2014-12-04T21:17:51.000Z,34,10-Q,001-33764,141266662,,10-Q,2202184,1,0,,d823754d10q.htm,FORM 10-Q
0000900973-14-000031,2014-12-05,,2014-12-05T17:04:11.000Z,34,SC 13G,005-83683,141268454,,SC 13G,8724,0,0,,sc13gulta.txt,WINSLOW CAPITAL MANAGEMENT LLC 12-05-14 ULTA 13G
0000932471-15-004232,2015-02-10,,2015-02-10T18:45:06.000Z,34,SC 13G/A,005-83683,15592528,,SC 13G/A,39820,0,0,,ultasaloncosmeticsfragrance.htm,
0000902664-15-001129,2015-02-17,,2015-02-17T22:06:42.000Z,34,SC 13G/A,005-83683,15624140,,SC 13G/A,63894,0,0,,p15-0494sc13ga.htm,LONE PINE CAPITAL LLC
0001193125-15-089243,2015-03-12,2015-03-12,2015-03-12T20:13:33.000Z,34,8-K,001-33764,15696042,"2.02,5.02,9.01",8-K,150141,0,0,,d889169d8k.htm,FORM 8-K
0001209191-15-026422,2015-03-16,2015-01-31,2015-03-16T19:30:24.000Z,,5,,,,5,7724,0,0,,xslF345X03/doc5.xml,FORM 5 SUBMISSION
0001209191-15-027865,2015-03-19,2015-03-17,2015-03-19T20:17:06.000Z,,4,,,,4,22144,0,0,,xslF345X03/doc4.xml,FORM 4 SUBMISSION
0001209191-15-028290,2015-03-20,2015-03-18,2015-03-20T21:38:27.000Z,,4,,,,4,8849,0,0,,xslF345X03/doc4.xml,FORM 4 SUBMISSION
0001209191-15-028814,2015-03-24,2015-03-23,2015-03-24T20:38:06.000Z,,4,,,,4,5462,0,0,,xslF345X03/doc4.xml,FORM 4 SUBMISSION
0001209191-15-029311,2015-03-25,2015-03-23,2015-03-25T23:05:56.000Z,,4,,,,4,4843,0,0,,xslF345X03/doc4.xml,FORM 4 SUBMISSION
0001193125-15-114430,2015-03-31,2015-03-25,2015-03-31T21:21:59.000Z,34,8-K,001-33764,15740441,"5.02,9.01",8-K,47384,0,0,,d898526d8k.htm,FORM 8-K
0001209191-15-030505,2015-03-31,2015-03-27,2015-03-31T22:38:29.000Z,,4,,,,4,7150,0,0,,xslF345X03/doc4.xml,FORM 4 SUBMISSION
0001209191-15-030508,2015-03-31,2015-03-27,2015-03-31T22:42:49.000Z,,4,,,,4,7153,0,0,,xslF345X03/doc4.xml,FORM 4 SUBMISSION
0001209191-15-030510,2015-03-31,2015-03-27,2015-03-31T22:44:25.000Z,,4,,,,4,7156,0,0,,xslF345X03/doc4.xml,FORM 4 SUBMISSION
0001209191-15-030511,2015-03-31,2015-03-27,2015-03-31T22:45:12.000Z,,4,,,,4,7124,0,0,,xslF345X03/doc4.xml,FORM 4 SUBMISSION
0001209191-15-030513,2015-03-31,2015-03-27,2015-03-31T22:52:16.000Z,,4,,,,4,8868,0,0,,xslF345X03/doc4.xml,FORM 4 SUBMISSION
0001193125-15-115602,2015-04-01,2015-01-31,2015-04-01T16:30:24.000Z,34,10-K,001-33764,15742107,,10-K,7036792,1,0,,d842591d10k.htm,FORM 10-K
0001209191-15-032268,2015-04-03,2015-04-01,2015-04-03T20:17:36.000Z,,4,,,,4,4830,0,0,,xslF345X03/doc4.xml,FORM 4 SUBMISSION
0001209191-15-032276,2015-04-03,2015-04-01,2015-04-03T20:20:56.000Z,,4,,,,4,4848,0,0,,xslF345X03/doc4.xml,FORM 4 SUBMISSION
0001193125-15-141953,2015-04-22,2015-06-03,2015-04-22T20:09:34.000Z,34,DEF 14A,001-33764,15785715,,DEF 14A,484306,0,0,,d909875ddef14a.htm,DEF 14A
0001193125-15-141967,2015-04-22,,2015-04-22T20:14:33.000Z,34,DEFA14A,001-33764,15785848,,DEFA14A,52649,0,0,,d909875ddefa14a.htm,DEFA14A
9999999997-15-009340,2015-04-23,2015-01-31,2015-05-07T19:57:46.000Z,34,ARS,001-33764,15007076,,ARS,1366,0,0,,9999999997-15-009340.paper,AUTO-GENERATED PAPER DOCUMENT
0001209191-15-041793,2015-05-12,2015-05-08,2015-05-12T21:08:11.000Z,,4,,,,4,4856,0,0,,xslF345X03/doc4.xml,FORM 4 SUBMISSION
0001193125-15-204061,2015-05-28,2015-05-28,2015-05-28T20:11:33.000Z,34,8-K,001-33764,15895615,"2.02,9.01",8-K,124248,0,0,,d932926d8k.htm,FORM 8-K
0001193125-15-213217,2015-06-04,2015-05-02,2015-06-04T19:07:18.000Z,34,10-Q,001-33764,15912844,,10-Q,2288469,1,0,,d914024d10q.htm,FORM 10-Q
0001193125-15-215009,2015-06-05,2015-06-03,2015-06-05T20:36:59.000Z,34,8-K,001-33764,15916354,5.07,8-K,17405,0,0,,d938735d8k.htm,FORM 8-K
0001209191-15-050718,2015-06-05,2015-06-03,2015-06-05T21:36:19.000Z,,4,,,,4,4722,0,0,,xslF345X03/doc4.xml,FORM 4 SUBMISSION
0001209191-15-050722,2015-06-05,2015-06-03,2015-06-05T21:38:02.000Z,,4,,,,4,5749,0,0,,xslF345X03/doc4.xml,FORM 4 SUBMISSION
0001209191-15-050724,2015-06-05,2015-06-03,2015-06-05T21:39:04.000Z,,4,,,,4,4658,0,0,,xslF345X03/doc4.xml,FORM 4 SUBMISSION
0001209191-15-050726,2015-06-05,2015-06-03,2015-06-05T21:39:46.000Z,,4,,,,4,6330,0,0,,xslF345X03/doc4.xml,FORM 4 SUBMISSION
0001209191-15-050727,2015-06-05,2015-06-03,2015-06-05T21:40:41.000Z,,4,,,,4,4673,0,0,,xslF345X03/doc4.xml,FORM 4 SUBMISSION
0001209191-15-050728,2015-06-05,2015-06-03,2015-06-05T21:41:16.000Z,,4,,,,4,4855,0,0,,xslF345X03/doc4.xml,FORM 4 SUBMISSION
0001209191-15-050730,2015-06-05,2015-06-03,2015-06-05T21:43:25.000Z,,4,,,,4,4724,0,0,,xslF345X03/doc4.xml,FORM 4 SUBMISSION
0001209191-15-050732,2015-06-05,2015-06-03,2015-06-05T21:44:01.000Z,,4,,,,4,4648,0,0,,xslF345X03/doc4.xml,FORM 4 SUBMISSION
0001209191-15-050734,2015-06-05,2015-06-03,2015-06-05T21:45:10.000Z,,4,,,,4,5886,0,0,,xslF345X03/doc4.xml,FORM 4 SUBMISSION
0001209191-15-064190,2015-08-05,2015-08-03,2015-08-05T23:07:35.000Z,,3,,,,3,3603,0,0,,xslF345X02/doc3.xml,FORM 3 SUBMISSION
0001209191-15-064193,2015-08-05,2015-08-03,2015-08-05T23:28:11.000Z,,4,,,,4,7099,0,0,,xslF345X03/doc4.xml,FORM 4 SUBMISSION
0001193125-15-304943,2015-08-27,2015-08-27,2015-08-27T20:17:59.000Z,34,8-K,001-33764,151078985,"2.02,9.01",8-K,154586,0,0,,d17692d8k.htm,8-K
0001193125-15-311849,2015-09-03,2015-08-01,2015-09-03T20:10:50.000Z,34,10-Q,001-33764,151092064,,10-Q,1888959,1,0,,d67045d10q.htm,10-Q
0001209191-15-069516,2015-09-03,2015-09-02,2015-09-03T21:49:43.000Z,,4,,,,4,8765,0,0,,xslF345X03/doc4.xml,FORM 4 SUBMISSION
0001209191-15-069802,2015-09-08,2015-09-03,2015-09-08T21:14:08.000Z,,4,,,,4,7447,0,0,,xslF345X03/doc4.xml,FORM 4 SUBMISSION
0001209191-15-070782,2015-09-15,2015-09-09,2015-09-15T21:12:31.000Z,,4,,,,4,4653,0,0,,xslF345X03/doc4.xml,FORM 4 SUBMISSION
0001193125-15-320833,2015-09-16,2015-09-15,2015-09-16T10:06:53.000Z,34,8-K,001-33764,151108921,"5.02,9.01",8-K,37664,0,0,,d47174d8k.htm,FORM 8-K
0001209191-15-071030,2015-09-17,2015-09-15,2015-09-17T12:35:07.000Z,,3,,,,3,3585,0,0,,xslF345X02/doc3.xml,FORM 3 SUBMISSION
0001209191-15-071031,2015-09-17,2015-09-15,2015-09-17T12:41:34.000Z,,4,,,,4,4689,0,0,,xslF345X03/doc4.xml,FORM 4 SUBMISSION
0001193125-15-322564,2015-09-17,2015-09-15,2015-09-17T21:18:32.000Z,34,8-K,001-33764,151113334,5.02,8-K,17153,0,0,,d25233d8k.htm,8-K
0001209191-15-071221,2015-09-17,2015-09-15,2015-09-17T21:28:18.000Z,,4,,,,4,5450,0,0,,xslF345X03/doc4.xml,FORM 4 SUBMISSION
0001193125-15-394298,2015-12-03,2015-12-03,2015-12-03T21:08:35.000Z,34,8-K,001-33764,151267506,"2.02,9.01",8-K,157362,0,0,,d32963d8k.htm,FORM 8-K
0001193125-15-394322,2015-12-03,2015-10-31,2015-12-03T21:13:56.000Z,34,10-Q,001-33764,151267559,,10-Q,1912736,1,0,,d26958d10q.htm,10-Q
0000932471-16-011870,2016-02-11,,2016-02-11T12:46:07.000Z,34,SC 13G/A,005-83683,161407924,,SC 13G/A,39783,0,0,,ultasaloncosandfraginc.htm,
0000902664-16-005878,2016-02-16,,2016-02-16T21:17:19.000Z,34,SC 13G/A,005-83683,161428504,,SC 13G/A,61844,0,0,,p16-0642sc13ga.htm,"ULTA SALON, COSMETICS & FRAGRANCE, INC."
0001193125-16-500119,2016-03-10,2016-03-10,2016-03-10T21:11:02.000Z,34,8-K,001-33764,161497906,"2.02,9.01",8-K,148194,0,0,,d84337d8k.htm,8-K
0001209191-16-108521,2016-03-15,2016-03-12,2016-03-15T20:26:24.000Z,,4,,,,4,4859,0,0,,xslF345X03/doc4.xml,FORM 4 SUBMISSION
0001209191-16-109103,2016-03-17,2016-03-15,2016-03-17T20:12:59.000Z,,4,,,,4,4843,0,0,,xslF345X03/doc4.xml,FORM 4 SUBMISSION
0001209191-16-109106,2016-03-17,2016-03-15,2016-03-17T20:14:50.000Z,,4,,,,4,7439,0,0,,xslF345X03/doc4.xml,FORM 4 SUBMISSION
0001209191-16-110258,2016-03-23,2016-03-21,2016-03-23T21:55:56.000Z,,4,,,,4,4646,0,0,,xslF345X03/doc4.xml,FORM 4 SUBMISSION
0001209191-16-110403,2016-03-24,2016-03-19,2016-03-24T20:02:13.000Z,,4,,,,4,4827,0,0,,xslF345X03/doc4.xml,FORM 4 SUBMISSION
0001209191-16-110815,2016-03-28,2016-03-28,2016-03-28T22:15:50.000Z,,4,,,,4,4532,0,0,,xslF345X03/doc4.xml,FORM 4 SUBMISSION
0001209191-16-110950,2016-03-29,2016-03-25,2016-03-29T21:00:52.000Z,,4,,,,4,7138,0,0,,xslF345X03/doc4.xml,FORM 4 SUBMISSION
0001209191-16-110954,2016-03-29,2016-03-25,2016-03-29T21:08:59.000Z,,4,,,,4,7183,0,0,,xslF345X03/doc4.xml,FORM 4 SUBMISSION
0001209191-16-110956,2016-03-29,2016-03-25,2016-03-29T21:15:41.000Z,,4,,,,4,7163,0,0,,xslF345X03/doc4.xml,FORM 4 SUBMISSION
0001209191-16-110957,2016-03-29,2016-03-25,2016-03-29T21:23:56.000Z,,4,,,,4,7196,0,0,,xslF345X03/doc4.xml,FORM 4 SUBMISSION
0001209191-16-110960,2016-03-29,2016-03-25,2016-03-29T21:29:24.000Z,,4,,,,4,7197,0,0,,xslF345X03/doc4.xml,FORM 4 SUBMISSION
0001193125-16-523101,2016-03-30,2016-01-30,2016-03-30T16:19:07.000Z,34,10-K,001-33764,161537960,,10-K,5519660,1,0,,d101485d10k.htm,FORM 10-K
0001193125-16-548224,2016-04-20,2016-06-01,2016-04-20T20:05:08.000Z,34,DEF 14A,001-33764,161581410,,DEF 14A,987722,0,0,,d101608ddef14a.htm,DEF 14A
0001193125-16-548242,2016-04-20,,2016-04-20T20:09:06.000Z,34,DEFA14A,001-33764,161581467,,DEFA14A,50109,0,0,,d101608ddefa14a.htm,DEFA14A
0001193125-16-604238,2016-05-26,2016-05-26,2016-05-26T20:12:01.000Z,34,8-K,001-33764,161678296,"2.02,9.01",8-K,123364,1,0,,d187849d8k.htm,FORM 8-K
0001193125-16-611186,2016-06-02,2016-04-30,2016-06-02T20:18:28.000Z,34,10-Q,001-33764,161692677,,10-Q,1933955,1,0,,d194350d10q.htm,10-Q
0001209191-16-125318,2016-06-02,2016-06-01,2016-06-02T23:38:42.000Z,,4,,,,4,4718,0,0,,xslF345X03/doc4.xml,FORM 4 SUBMISSION
0001209191-16-125327,2016-06-02,2016-06-01,2016-06-03T00:43:05.000Z,,4,,,,4,5747,0,0,,xslF345X03/doc4.xml,FORM 4 SUBMISSION
0001209191-16-125328,2016-06-02,2016-06-01,2016-06-03T00:50:10.000Z,,4,,,,4,4641,0,0,,xslF345X03/doc4.xml,FORM 4 SUBMISSION
0001209191-16-125330,2016-06-02,2016-06-01,2016-06-03T01:00:38.000Z,,4,,,,4,5884,0,0,,xslF345X03/doc4.xml,FORM 4 SUBMISSION
0001209191-16-125334,2016-06-02,2016-06-01,2016-06-03T01:12:43.000Z,,4,,,,4,4852,0,0,,xslF345X03/doc4.xml,FORM 4 SUBMISSION
0001209191-16-125339,2016-06-02,2016-06-01,2016-06-03T01:18:50.000Z,,4,,,,4,4722,0,0,,xslF345X03/doc4.xml,FORM 4 SUBMISSION
0001209191-16-125343,2016-06-02,2016-06-01,2016-06-03T01:23:58.000Z,,4,,,,4,4645,0,0,,xslF345X03/doc4.xml,FORM 4 SUBMISSION
0001209191-16-125345,2016-06-02,2016-06-01,2016-06-03T01:28:31.000Z,,4,,,,4,4692,0,0,,xslF345X03/doc4.xml,FORM 4 SUBMISSION
0001209191-16-125346,2016-06-02,2016-06-01,2016-06-03T01:34:41.000Z,,4,,,,4,4651,0,0,,xslF345X03/doc4.xml,FORM 4 SUBMISSION
0001209191-16-125349,2016-06-02,2016-06-01,2016-06-03T01:38:31.000Z,,4,,,,4,4671,0,0,,xslF345X03/doc4.xml,FORM 4 SUBMISSION
0001193125-16-613958,2016-06-06,2016-06-01,2016-06-06T20:10:33.000Z,34,8-K,001-33764,161698664,5.07,8-K,40493,0,0,,d180485d8k.htm,8-K
0001209191-16-126302,2016-06-07,2016-06-03,2016-06-07T21:09:34.000Z,,4,,,,4,5206,0,0,,xslF345X03/doc4.xml,FORM 4 SUBMISSION
0001209191-16-131316,2016-07-05,2016-07-01,2016-07-05T23:27:32.000Z,,4,,,,4,4853,0,0,,xslF345X03/doc4.xml,FORM 4 SUBMISSION
0000000000-16-086252,2016-07-28,,2016-07-28T20:54:54.000Z,,UPLOAD,,,,LETTER,167080,0,0,,filename1.pdf,
0001193125-16-681668,2016-08-15,,2016-08-15T17:38:55.000Z,,CORRESP,,,,CORRESP,65730,0,0,,filename1.htm,
0001193125-16-691676,2016-08-25,2016-08-25,2016-08-25T20:10:06.000Z,34,8-K,001-33764,161851720,"2.02,9.01",8-K,155260,0,0,,d233047d8k.htm,FORM 8-K
0001193125-16-691686,2016-08-25,2016-07-30,2016-08-25T20:13:53.000Z,34,10-Q,001-33764,161851744,,10-Q,2007881,1,0,,d208916d10q.htm,FORM 10-Q
0001209191-16-139458,2016-09-01,2016-08-30,2016-09-01T20:36:26.000Z,,4,,,,4,12738,0,0,,xslF345X03/doc4.xml,FORM 4 SUBMISSION
0001209191-16-139465,2016-09-01,2016-08-30,2016-09-01T20:53:09.000Z,,4,,,,4,22280,0,0,,xslF345X03/doc4.xml,FORM 4 SUBMISSION
0001209191-16-139467,2016-09-01,2016-08-30,2016-09-01T20:58:12.000Z,,4,,,,4,5603,0,0,,xslF345X03/doc4.xml,FORM 4 SUBMISSION
0000000000-16-091532,2016-09-06,,2016-09-06T18:54:08.000Z,,UPLOAD,,,,LETTER,36023,0,0,,filename1.pdf,
0001209191-16-140598,2016-09-08,2016-09-07,2016-09-08T21:24:31.000Z,,4,,,,4,4920,0,0,,xslF345X03/doc4.xml,FORM 4 SUBMISSION
0001209191-16-141499,2016-09-15,2016-09-14,2016-09-15T16:42:35.000Z,,4,,,,4,6640,0,0,,xslF345X03/doc4.xml,FORM 4 SUBMISSION
0001209191-16-142198,2016-09-20,2016-09-16,2016-09-20T22:57:11.000Z,,4,,,,4,6007,0,0,,xslF345X03/doc4.xml,FORM 4 SUBMISSION
0001209191-16-142567,2016-09-23,2016-09-21,2016-09-23T17:37:54.000Z,,4,,,,4,4510,0,0,,xslF345X03/doc4.xml,FORM 4 SUBMISSION
0001193125-16-737204,2016-10-13,2016-10-13,2016-10-13T12:07:32.000Z,34,8-K,001-33764,161934082,"7.01,9.01",8-K,39485,0,0,,d271826d8k.htm,8-K
0001193125-16-782510,2016-12-01,2016-12-01,2016-12-01T21:11:56.000Z,34,8-K,001-33764,162028473,"2.02,9.01",8-K,166655,0,0,,d288008d8k.htm,FORM 8-K
0001193125-16-782523,2016-12-01,2016-10-29,2016-12-01T21:16:54.000Z,34,10-Q,001-33764,162028515,,10-Q,2041071,1,0,,d287538d10q.htm,10-Q
0001193125-17-022507,2017-01-30,2017-01-27,2017-01-30T11:28:34.000Z,34,8-K12B,001-33764,17555337,"1.01,3.03,5.02,5.03,8.01,9.01",8-K12B,828590,0,0,,d336813d8k12b.htm,8-K12B
0001193125-17-022513,2017-01-30,,2017-01-30T11:39:03.000Z,34,15-12B,001-33764,17555346,,15-12B,9789,0,0,,d336649d1512b.htm,15-12B
0001354457-17-000026,2017-01-30,,2017-01-30T13:08:32.000Z,34,25-NSE,001-33764,17555399,,25-NSE,2860,0,0,,xslF25X02/primary_doc.xml,
0001193125-17-022801,2017-01-30,,2017-01-30T15:23:55.000Z,33,S-8 POS,333-176735,17555683,,S-8 POS,95566,0,0,,d335992ds8pos.htm,S-8 POS
0001193125-17-022811,2017-01-30,,2017-01-30T15:29:03.000Z,33,S-8 POS,333-147127,17555692,,S-8 POS,104746,0,0,,d335307ds8pos.htm,S-8 POS
0000215457-17-002713,2017-01-30,,2017-01-30T20:40:58.000Z,34,SC 13G,005-83683,17557257,,SC 13G,13682,0,0,,ulta.salon.cosmetics.txt,
0000932471-17-002943,2017-02-13,,2017-02-13T17:42:37.000Z,34,SC 13G/A,005-83683,17597448,,SC 13G/A,48547,0,0,,ultasaloncosmeticsfragrancei.htm,
0001422849-17-000127,2017-02-13,,2017-02-14T15:21:33.000Z,34,SC 13G,005-83683,17603648,,SC 13G,8651,0,0,,edgulta.txt,SC 13G
0001061165-17-000022,2017-02-14,,2017-02-14T20:25:52.000Z,34,SC 13G/A,005-83683,17607877,,SC 13G/A,79556,0,0,,sc13gaultasalon.htm,
0001193125-17-076882,2017-03-09,2017-03-09,2017-03-09T21:11:03.000Z,34,8-K,001-33764,17678401,"2.02,9.01",8-K,151418,0,0,,d353652d8k.htm,8-K
0001209191-17-020790,2017-03-15,2017-03-14,2017-03-15T20:16:30.000Z,,4,,,,4,5991,0,0,,xslF345X03/doc4.xml,FORM 4 SUBMISSION
0001209191-17-020936,2017-03-15,2017-03-15,2017-03-15T23:48:56.000Z,,4,,,,4,6561,0,0,,xslF345X03/doc4.xml,FORM 4 SUBMISSION
0001209191-17-021434,2017-03-17,2017-03-16,2017-03-17T21:01:02.000Z,,4,,,,4,4861,0,0,,xslF345X03/doc4.xml,FORM 4 SUBMISSION
0001209191-17-021438,2017-03-17,2017-03-16,2017-03-17T21:02:24.000Z,,4,,,,4,4887,0,0,,xslF345X03/doc4.xml,FORM 4 SUBMISSION
0001209191-17-021439,2017-03-17,2017-03-15,2017-03-17T21:03:40.000Z,,4,,,,4,6442,0,0,,xslF345X03/doc4.xml,FORM 4 SUBMISSION
0001209191-17-021839,2017-03-20,2017-03-18,2017-03-20T22:46:29.000Z,,4,,,,4,4878,0,0,,xslF345X03/doc4.xml,FORM 4 SUBMISSION
0001209191-17-021850,2017-03-20,2017-03-16,2017-03-20T23:31:04.000Z,,4,,,,4,6931,0,0,,xslF345X03/doc4.xml,FORM 4 SUBMISSION
0001209191-17-021853,2017-03-20,2017-03-17,2017-03-20T23:32:54.000Z,,4,,,,4,8734,0,0,,xslF345X03/doc4.xml,FORM 4 SUBMISSION
0001209191-17-021855,2017-03-20,2017-03-20,2017-03-20T23:34:04.000Z,,4,,,,4,12783,0,0,,xslF345X03/doc4.xml,FORM 4 SUBMISSION
0001193125-17-099261,2017-03-28,2017-01-28,2017-03-28T16:35:05.000Z,34,10-K,001-33764,17718116,,10-K,5866013,1,0,,d329810d10k.htm,FORM 10-K
0001209191-17-023190,2017-03-28,2017-03-24,2017-03-28T22:19:41.000Z,,4,,,,4,9423,0,0,,xslF345X03/doc4.xml,FORM 4 SUBMISSION
0001209191-17-023191,2017-03-28,2017-03-24,2017-03-28T22:20:35.000Z,,4,,,,4,9441,0,0,,xslF345X03/doc4.xml,FORM 4 SUBMISSION
0001209191-17-023192,2017-03-28,2017-03-24,2017-03-28T22:21:17.000Z,,4,,,,4,7223,0,0,,xslF345X03/doc4.xml,FORM 4 SUBMISSION
0001209191-17-023194,2017-03-28,2017-03-24,2017-03-28T22:22:04.000Z,,4,,,,4,9444,0,0,,xslF345X03/doc4.xml,FORM 4 SUBMISSION
0001209191-17-023195,2017-03-28,2017-03-24,2017-03-28T22:22:50.000Z,,4,,,,4,9406,0,0,,xslF345X03/doc4.xml,FORM 4 SUBMISSION
0001209191-17-023198,2017-03-28,2017-03-27,2017-03-28T22:44:48.000Z,,4,,,,4,4517,0,0,,xslF345X03/doc4.xml,FORM 4 SUBMISSION
0001209191-17-023900,2017-03-31,2017-03-30,2017-03-31T21:08:58.000Z,,4,,,,4,12857,0,0,,xslF345X03/doc4.xml,FORM 4 SUBMISSION
0001209191-17-023901,2017-03-31,2017-03-29,2017-03-31T21:10:15.000Z,,4,,,,4,12909,0,0,,xslF345X03/doc4.xml,FORM 4 SUBMISSION
0001209191-17-026612,2017-04-11,2017-04-10,2017-04-11T23:08:11.000Z,,4,,,,4,6227,0,0,,xslF345X03/doc4.xml,FORM 4 SUBMISSION
0001193125-17-128797,2017-04-19,,2017-04-19T20:13:02.000Z,34,DEFA14A,001-33764,17770110,,DEFA14A,62026,0,0,,d353198ddefa14a.htm,DEFA14A
0001193125-17-128806,2017-04-19,2017-06-01,2017-04-19T20:16:58.000Z,34,DEF 14A,001-33764,17770153,,DEF 14A,1179517,0,0,,d353198ddef14a.htm,DEF 14A
0001193125-17-183714,2017-05-25,2017-05-25,2017-05-25T20:11:57.000Z,34,8-K,001-33764,17870090,"2.02,9.01",8-K,131559,0,0,,d377264d8k.htm,8-K
0001193125-17-191202,2017-06-01,2017-04-29,2017-06-01T20:19:53.000Z,34,10-Q,001-33764,17884958,,10-Q,2073527,1,0,,d383633d10q.htm,FORM 10-Q
0001193125-17-194684,2017-06-05,2017-06-01,2017-06-05T20:40:05.000Z,34,8-K,001-33764,17891712,5.07,8-K,43584,0,0,,d407194d8k.htm,FORM 8-K
0001209191-17-037876,2017-06-05,2017-06-01,2017-06-05T21:43:44.000Z,,4,,,,4,5905,0,0,,xslF345X03/doc4.xml,FORM 4 SUBMISSION
0001209191-17-037877,2017-06-05,2017-06-01,2017-06-05T21:44:43.000Z,,4,,,,4,4886,0,0,,xslF345X03/doc4.xml,FORM 4 SUBMISSION
0001209191-17-037881,2017-06-05,2017-06-01,2017-06-05T21:49:04.000Z,,4,,,,4,4685,0,0,,xslF345X03/doc4.xml,FORM 4 SUBMISSION
0001209191-17-037883,2017-06-05,2017-06-01,2017-06-05T21:49:51.000Z,,4,,,,4,4726,0,0,,xslF345X03/doc4.xml,FORM 4 SUBMISSION
0001209191-17-037885,2017-06-05,2017-06-01,2017-06-05T21:50:37.000Z,,4,,,,4,4679,0,0,,xslF345X03/doc4.xml,FORM 4 SUBMISSION
0001209191-17-037889,2017-06-05,2017-06-01,2017-06-05T21:51:23.000Z,,4,,,,4,4756,0,0,,xslF345X03/doc4.xml,FORM 4 SUBMISSION
0001209191-17-037902,2017-06-05,2017-06-01,2017-06-05T21:54:38.000Z,,4,,,,4,4752,0,0,,xslF345X03/doc4.xml,FORM 4 SUBMISSION
0001209191-17-037908,2017-06-05,2017-06-01,2017-06-05T21:58:05.000Z,,4,,,,4,7166,0,0,,xslF345X03/doc4.xml,FORM 4 SUBMISSION
0001209191-17-037910,2017-06-05,2017-06-01,2017-06-05T21:59:09.000Z,,4,,,,4,6655,0,0,,xslF345X03/doc4.xml,FORM 4 SUBMISSION
0001209191-17-037917,2017-06-05,2017-06-01,2017-06-05T22:03:28.000Z,,4,,,,4,4675,0,0,,xslF345X03/doc4.xml,FORM 4 SUBMISSION
0001209191-17-038188,2017-06-06,2017-06-05,2017-06-06T21:43:14.000Z,,4,,,,4,4953,0,0,,xslF345X03/doc4.xml,FORM 4 SUBMISSION
0001209191-17-039488,2017-06-13,2017-06-12,2017-06-13T20:33:05.000Z,,4,,,,4,4664,0,0,,xslF345X03/doc4.xml,FORM 4 SUBMISSION
0000000000-17-022432,2017-06-27,,2017-06-27T18:20:27.000Z,,UPLOAD,,,,LETTER,41803,0,0,,filename1.pdf,
0001193125-17-218034,2017-06-29,,2017-06-29T18:34:03.000Z,,CORRESP,,,,CORRESP,18581,0,0,,filename1.htm,
0000000000-17-023084,2017-06-30,,2017-06-30T17:42:51.000Z,,UPLOAD,,,,LETTER,33041,0,0,,filename1.pdf,
0001140361-17-027127,2017-07-05,2017-07-01,2017-07-05T20:17:48.000Z,,4,,,,4,4824,0,0,,xslF345X03/doc1.xml,FORM 4
0001193125-17-266830,2017-08-24,2017-08-24,2017-08-24T20:09:05.000Z,34,8-K,001-33764,171049477,"2.02,9.01",8-K,164170,0,0,,d456469d8k.htm,FORM 8-K
0001193125-17-266839,2017-08-24,2017-08-23,2017-08-24T20:15:06.000Z,34,8-K,001-33764,171049519,"1.01,2.03,9.01",8-K,1300555,0,0,,d444687d8k.htm,8-K
0001140361-17-033770,2017-08-30,2017-08-29,2017-08-30T20:24:29.000Z,,4,,,,4,4510,0,0,,xslF345X03/doc1.xml,FORM 4
0001140361-17-033771,2017-08-30,2017-08-29,2017-08-30T20:25:18.000Z,,4,,,,4,5072,0,0,,xslF345X03/doc1.xml,FORM 4
0001193125-17-274347,2017-08-31,2017-07-29,2017-08-31T20:11:27.000Z,34,10-Q,001-33764,171063507,,10-Q,2172749,1,0,,d377957d10q.htm,10-Q
0001140361-17-038770,2017-10-16,2017-10-12,2017-10-16T20:16:52.000Z,,4,,,,4,8154,0,0,,xslF345X03/doc1.xml,FORM 4
0001558370-17-009135,2017-11-30,2017-11-30,2017-11-30T21:15:30.000Z,34,8-K,001-33764,171231446,"2.02,9.01",8-K,636583,0,0,,f8-k.htm,8-K
0001558370-17-009136,2017-11-30,2017-10-28,2017-11-30T21:17:04.000Z,34,10-Q,001-33764,171231462,,10-Q,3587766,1,0,,ulta-20171028x10q.htm,10-Q
0001558370-17-009210,2017-12-06,2017-12-06,2017-12-06T21:18:54.000Z,34,8-K,001-33764,171242456,"5.02,9.01",8-K,77139,0,0,,f8-k.htm,8-K
0001140361-17-045339,2017-12-07,2017-12-06,2017-12-07T21:59:00.000Z,,3,,,,3,11244,0,0,,xslF345X02/doc1.xml,FORM 3
0001140361-17-045344,2017-12-07,2017-12-06,2017-12-07T22:01:32.000Z,,4,,,,4,4666,0,0,,xslF345X03/doc1.xml,FORM 4
0000215457-18-002294,2018-01-23,,2018-01-23T22:08:09.000Z,34,SC 13G/A,005-83683,18543102,,SC 13G/A,13696,0,0,,us90384s3031_012318.txt,
0000932471-18-003484,2018-02-09,,2018-02-09T14:14:32.000Z,34,SC 13G/A,005-83683,18588487,,SC 13G/A,45460,0,0,,ultabeautyinc.htm,
0001422849-18-000130,2018-02-14,,2018-02-13T22:35:02.000Z,34,SC 13G/A,005-83683,18605300,,SC 13G/A,8403,0,0,,edgulta.txt,SC 13G/A
0001558370-18-002126,2018-03-15,2018-03-15,2018-03-15T20:21:00.000Z,34,8-K,001-33764,18692673,"2.02,9.01",8-K,665286,0,0,,f8-k.htm,8-K
0001140361-18-014122,2018-03-19,2018-03-15,2018-03-19T22:44:12.000Z,,4,,,,4,4795,0,0,,xslF345X03/doc1.xml,FORM 4
0001140361-18-014124,2018-03-19,2018-03-15,2018-03-19T22:45:20.000Z,,4,,,,4,5960,0,0,,xslF345X03/doc1.xml,FORM 4
0001140361-18-014126,2018-03-19,2018-03-15,2018-03-19T22:46:22.000Z,,4,,,,4,4841,0,0,,xslF345X03/doc1.xml,FORM 4
0001140361-18-014129,2018-03-19,2018-03-15,2018-03-19T22:48:29.000Z,,4,,,,4,4826,0,0,,xslF345X03/doc1.xml,FORM 4
0001140361-18-016426,2018-04-02,2018-03-29,2018-04-02T20:41:49.000Z,,4,,,,4,10700,0,0,,xslF345X03/doc1.xml,FORM 4
0001140361-18-016431,2018-04-02,2018-03-29,2018-04-02T20:42:46.000Z,,4,,,,4,9091,0,0,,xslF345X03/doc1.xml,FORM 4
0001140361-18-016436,2018-04-02,2018-03-29,2018-04-02T20:44:29.000Z,,4,,,,4,11761,0,0,,xslF345X03/doc1.xml,FORM 4
0001140361-18-016438,2018-04-02,2018-03-29,2018-04-02T20:45:27.000Z,,4,,,,4,9145,0,0,,xslF345X03/doc1.xml,FORM 4
0001140361-18-016441,2018-04-02,2018-03-29,2018-04-02T20:46:27.000Z,,4,,,,4,9130,0,0,,xslF345X03/doc1.xml,FORM 4
0001558370-18-002733,2018-04-03,2018-02-03,2018-04-03T18:32:45.000Z,34,10-K,001-33764,18732770,,10-K,10374848,1,0,,ulta-20180203x10k.htm,10-K
0001140361-18-017718,2018-04-09,2018-04-05,2018-04-09T13:18:44.000Z,,4,,,,4,13283,0,0,,xslF345X03/doc1.xml,FORM 4
0001140361-18-018213,2018-04-11,2018-04-09,2018-04-11T21:18:08.000Z,,4,,,,4,8763,0,0,,xslF345X03/doc1.xml,FORM 4
0001140361-18-018537,2018-04-13,2018-04-12,2018-04-13T20:15:16.000Z,,4,,,,4,4516,0,0,,xslF345X03/doc1.xml,FORM 4
0001140361-18-018541,2018-04-13,2018-04-11,2018-04-13T20:17:01.000Z,,4,,,,4,6757,0,0,,xslF345X03/doc1.xml,FORM 4
0001140361-18-018837,2018-04-17,2018-04-16,2018-04-17T21:27:25.000Z,,4,,,,4,8599,0,0,,xslF345X03/doc1.xml,FORM 4
0001140361-18-019045,2018-04-19,2018-04-17,2018-04-19T20:15:57.000Z,,4,,,,4,5917,0,0,,xslF345X03/doc1.xml,FORM 4
0001104659-18-026609,2018-04-25,,2018-04-25T20:12:15.000Z,34,DEFA14A,001-33764,18774476,,DEFA14A,251018,0,0,,a18-3530_3defa14a.htm,DEFA14A
0001047469-18-003171,2018-04-25,2018-06-06,2018-04-25T20:25:15.000Z,34,DEF 14A,001-33764,18774662,,DEF 14A,1765154,0,0,,a2235318zdef14a.htm,DEF 14A
0001558370-18-005061,2018-05-31,2018-05-31,2018-05-31T20:16:13.000Z,34,8-K,001-33764,18871801,"2.02,9.01",8-K,562326,0,0,,f8-k.htm,8-K
0001558370-18-005078,2018-06-01,2018-05-05,2018-06-01T15:20:26.000Z,34,10-Q,001-33764,18873949,,10-Q,3687925,1,0,,ulta-20180505x10q.htm,10-Q
0001140361-18-027715,2018-06-07,2018-06-06,2018-06-07T21:08:20.000Z,,4,,,,4,4664,0,0,,xslF345X03/doc1.xml,FORM 4
0001140361-18-027717,2018-06-07,2018-06-06,2018-06-07T21:09:33.000Z,,4,,,,4,4860,0,0,,xslF345X03/doc1.xml,FORM 4
0001140361-18-027720,2018-06-07,2018-06-06,2018-06-07T21:12:04.000Z,,4,,,,4,5762,0,0,,xslF345X03/doc1.xml,FORM 4
0001140361-18-027723,2018-06-07,2018-06-06,2018-06-07T21:13:28.000Z,,4,,,,4,4649,0,0,,xslF345X03/doc1.xml,FORM 4
0001140361-18-027725,2018-06-07,2018-06-05,2018-06-07T21:14:26.000Z,,4,,,,4,6098,0,0,,xslF345X03/doc1.xml,FORM 4
0001140361-18-027728,2018-06-07,2018-06-06,2018-06-07T21:15:18.000Z,,4,,,,4,5904,0,0,,xslF345X03/doc1.xml,FORM 4
0001140361-18-027732,2018-06-07,2018-06-06,2018-06-07T21:16:13.000Z,,4,,,,4,4663,0,0,,xslF345X03/doc1.xml,FORM 4
0001140361-18-027736,2018-06-07,2018-06-06,2018-06-07T21:17:06.000Z,,4,,,,4,5726,0,0,,xslF345X03/doc1.xml,FORM 4
0001140361-18-027738,2018-06-07,2018-06-06,2018-06-07T21:17:55.000Z,,4,,,,4,4653,0,0,,xslF345X03/doc1.xml,FORM 4
0001140361-18-027741,2018-06-07,2018-06-06,2018-06-07T21:18:55.000Z,,4,,,,4,4730,0,0,,xslF345X03/doc1.xml,FORM 4
0001140361-18-027745,2018-06-07,2018-06-05,2018-06-07T21:22:05.000Z,,4,,,,4,8678,0,0,,xslF345X03/doc1.xml,FORM 4
0001140361-18-027757,2018-06-07,2018-06-06,2018-06-07T21:43:21.000Z,,4,,,,4,4727,0,0,,xslF345X03/doc1.xml,FORM 4
0001558370-18-005223,2018-06-11,2018-06-06,2018-06-11T20:25:07.000Z,34,8-K,001-33764,18892267,"5.02,5.07",8-K,109018,0,0,,f8-k.htm,8-K
0001140361-18-028073,2018-06-11,2018-06-08,2018-06-11T20:57:02.000Z,,4,,,,4,4574,0,0,,xslF345X03/doc1.xml,FORM 4
0001140361-18-028429,2018-06-13,2018-06-11,2018-06-13T20:44:43.000Z,,4,,,,4,12170,0,0,,xslF345X03/doc1.xml,FORM 4
0001140361-18-028431,2018-06-13,2018-06-11,2018-06-13T20:48:27.000Z,,4,,,,4,10548,0,0,,xslF345X03/doc1.xml,FORM 4
0001140361-18-029461,2018-06-21,2018-06-20,2018-06-21T20:39:45.000Z,,4,,,,4,6616,0,0,,xslF345X03/doc1.xml,FORM 4
0001140361-18-029788,2018-06-25,2018-06-21,2018-06-25T20:27:15.000Z,,4,,,,4,7482,0,0,,xslF345X03/doc1.xml,FORM 4
0000000000-18-019595,2018-06-26,,2018-06-26T15:52:39.000Z,,UPLOAD,,,,LETTER,144477,0,0,,filename1.pdf,
0001140361-18-031246,2018-07-03,2018-07-01,2018-07-03T19:45:57.000Z,,4,,,,4,5740,0,0,,xslF345X03/doc1.xml,FORM 4
0001558370-18-005648,2018-07-20,,2018-07-20T15:57:00.000Z,,CORRESP,,,,CORRESP,131363,0,0,,filename1.htm,
0000000000-18-023119,2018-07-27,,2018-07-27T12:40:41.000Z,,UPLOAD,,,,LETTER,35823,0,0,,filename1.pdf,
0001140361-18-035593,2018-08-06,2018-08-03,2018-08-06T20:29:32.000Z,,4,,,,4,4746,0,0,,xslF345X03/doc1.xml,FORM 4
0001558370-18-007308,2018-08-30,2018-08-30,2018-08-30T20:10:17.000Z,34,8-K,001-33764,181047205,"2.02,9.01",8-K,687957,0,0,,f8-k.htm,8-K
0001558370-18-007310,2018-08-30,2018-08-04,2018-08-30T20:23:28.000Z,34,10-Q,001-33764,181047378,,10-Q,4354493,1,0,,ulta-20180804x10q.htm,10-Q
0001567619-18-002361,2018-09-10,2018-09-06,2018-09-10T20:19:35.000Z,,4,,,,4,4520,0,0,,xslF345X03/doc1.xml,FORM 4
0001567619-18-002370,2018-09-10,2018-09-06,2018-09-10T20:34:43.000Z,,4,,,,4,8600,0,0,,xslF345X03/doc1.xml,FORM 4
0001567619-18-002564,2018-09-13,2018-09-11,2018-09-13T22:15:57.000Z,,4,,,,4,8333,0,0,,xslF345X03/doc1.xml,FORM 4
0001567619-18-002814,2018-09-18,2018-09-17,2018-09-18T20:17:42.000Z,,4,,,,4,4528,0,0,,xslF345X03/doc1.xml,FORM 4
0001567619-18-002902,2018-09-19,2018-09-18,2018-09-19T22:04:08.000Z,,4,,,,4,10247,0,0,,xslF345X03/doc1.xml,FORM 4
0001567619-18-002939,2018-09-20,2018-09-11,2018-09-20T20:20:17.000Z,,4,,,,4,4491,0,0,,xslF345X03/doc1.xml,FORM 4
0001558370-18-007534,2018-09-24,2018-09-22,2018-09-24T20:26:11.000Z,34,8-K,001-33764,181083796,"5.02,9.01",8-K,72852,0,0,,f8-k.htm,8-K
0001558370-18-008912,2018-11-08,2018-11-08,2018-11-08T14:16:53.000Z,34,8-K,001-33764,181168432,"7.01,9.01",8-K,93187,0,0,,f8-k.htm,8-K
0001558370-18-009608,2018-12-06,2018-12-06,2018-12-06T21:07:03.000Z,34,8-K,001-33764,181220711,"2.02,9.01",8-K,711461,0,0,,f8-k.htm,8-K
0001558370-18-009611,2018-12-06,2018-11-03,2018-12-06T21:10:53.000Z,34,10-Q,001-33764,181220767,,10-Q,4325532,1,0,,ulta-20181103x10q.htm,10-Q
0000215457-19-005770,2019-02-06,,2019-02-06T22:28:48.000Z,34,SC 13G/A,005-83683,19572665,,SC 13G/A,13665,0,0,,us90384s3031_020619.txt,
0000932471-19-004443,2019-02-11,,2019-02-11T14:19:13.000Z,34,SC 13G/A,005-83683,19582349,,SC 13G/A,34344,0,0,,ultabeautyinc.htm,
0001532155-19-000100,2019-02-13,,2019-02-13T17:52:56.000Z,34,SC 13G,005-83683,19595627,,SC 13G,19000,0,0,,SEC13G_Filing.htm,SEC SCHEDULE 13G
0001422849-19-000132,2019-02-14,,2019-02-13T23:36:32.000Z,34,SC 13G/A,005-83683,19599681,,SC 13G/A,8404,0,0,,edgulta.txt,SC 13G/A
0001558370-19-002006,2019-03-14,2019-03-14,2019-03-14T20:11:56.000Z,34,8-K,001-33764,19681196,"2.02,9.01",8-K,717958,0,0,,f8-k.htm,8-K
0001558370-19-002237,2019-03-18,2019-03-15,2019-03-18T20:18:43.000Z,34,8-K,001-33764,19688455,5.02,8-K,28648,0,0,,f8-k.htm,8-K
0001567619-19-007151,2019-03-19,2019-03-15,2019-03-19T11:34:46.000Z,,4,,,,4,4747,0,0,,xslF345X03/doc1.xml,FORM 4
0001567619-19-007153,2019-03-19,2019-03-15,2019-03-19T11:36:47.000Z,,4,,,,4,4796,0,0,,xslF345X03/doc1.xml,FORM 4
0001567619-19-007155,2019-03-19,2019-03-15,2019-03-19T11:40:16.000Z,,4,,,,4,6055,0,0,,xslF345X03/doc1.xml,FORM 4
0001567619-19-007157,2019-03-19,2019-03-15,2019-03-19T11:42:05.000Z,,4,,,,4,4843,0,0,,xslF345X03/doc1.xml,FORM 4
0001567619-19-007159,2019-03-19,2019-03-15,2019-03-19T11:45:25.000Z,,4,,,,4,4827,0,0,,xslF345X03/doc1.xml,FORM 4
0001567619-19-007366,2019-03-21,2019-03-19,2019-03-21T20:20:28.000Z,,4,,,,4,8641,0,0,,xslF345X03/doc1.xml,FORM 4
0001567619-19-007369,2019-03-21,2019-03-19,2019-03-21T20:25:21.000Z,,4,,,,4,13314,0,0,,xslF345X03/doc1.xml,FORM 4
0001567619-19-007371,2019-03-21,2019-03-19,2019-03-21T20:29:33.000Z,,4,,,,4,8158,0,0,,xslF345X03/doc1.xml,FORM 4
0001567619-19-007374,2019-03-21,2019-03-19,2019-03-21T20:32:56.000Z,,4,,,,4,6416,0,0,,xslF345X03/doc1.xml,FORM 4
0001567619-19-007377,2019-03-21,2019-03-19,2019-03-21T20:41:29.000Z,,4,,,,4,5937,0,0,,xslF345X03/doc1.xml,FORM 4
0001567619-19-007402,2019-03-21,2019-03-19,2019-03-21T21:49:29.000Z,,4,,,,4,24484,0,0,,xslF345X03/doc1.xml,FORM 4
0001567619-19-007406,2019-03-21,2019-03-19,2019-03-21T21:55:47.000Z,,4,,,,4,34424,0,0,,xslF345X03/doc1.xml,FORM 4
0001567619-19-007411,2019-03-21,2019-03-19,2019-03-21T22:01:28.000Z,,4,,,,4,8349,0,0,,xslF345X03/doc1.xml,FORM 4
0001567619-19-007479,2019-03-22,2019-03-20,2019-03-22T20:25:48.000Z,,4,,,,4,6111,0,0,,xslF345X03/doc1.xml,FORM 4
0001567619-19-007567,2019-03-25,2019-03-21,2019-03-25T21:07:54.000Z,,4,,,,4,5000,0,0,,xslF345X03/doc1.xml,FORM 4
0001567619-19-007570,2019-03-25,2019-03-21,2019-03-25T21:13:22.000Z,,4,,,,4,8347,0,0,,xslF345X03/doc1.xml,FORM 4
0001567619-19-007574,2019-03-25,2019-03-22,2019-03-25T21:21:01.000Z,,4,,,,4,4519,0,0,,xslF345X03/doc1.xml,FORM 4
0001567619-19-007709,2019-03-27,2019-03-25,2019-03-27T20:39:18.000Z,,4,,,,4,8205,0,0,,xslF345X03/doc1.xml,FORM 4
0001567619-19-007711,2019-03-27,2019-03-25,2019-03-27T20:44:13.000Z,,4,,,,4,6918,0,0,,xslF345X03/doc1.xml,FORM 4
0001567619-19-007714,2019-03-27,2019-03-26,2019-03-27T20:48:41.000Z,,4,,,,4,4526,0,0,,xslF345X03/doc1.xml,FORM 4
0001567619-19-007718,2019-03-27,2019-03-25,2019-03-27T20:51:12.000Z,,4,,,,4,6257,0,0,,xslF345X03/doc1.xml,FORM 4
0001567619-19-007720,2019-03-27,2019-03-25,2019-03-27T20:54:44.000Z,,4,,,,4,19754,0,0,,xslF345X03/doc1.xml,FORM 4
0001567619-19-007968,2019-04-01,2019-03-28,2019-04-01T20:16:09.000Z,,4,,,,4,4495,0,0,,xslF345X03/doc1.xml,FORM 4
0001558370-19-002739,2019-04-02,2019-02-02,2019-04-02T17:31:13.000Z,34,10-K,001-33764,19723705,,10-K,11090795,1,0,,ulta-20190202x10k.htm,10-K
0001567619-19-008168,2019-04-02,2019-03-29,2019-04-02T20:48:25.000Z,,4,,,,4,8989,0,0,,xslF345X03/doc1.xml,FORM 4
0001567619-19-008170,2019-04-02,2019-03-29,2019-04-02T20:51:47.000Z,,4,,,,4,9037,0,0,,xslF345X03/doc1.xml,FORM 4
0001567619-19-008175,2019-04-02,2019-03-29,2019-04-02T20:55:06.000Z,,4,,,,4,9993,0,0,,xslF345X03/doc1.xml,FORM 4
0001567619-19-008177,2019-04-02,2019-04-01,2019-04-02T20:56:40.000Z,,4,,,,4,5001,0,0,,xslF345X03/doc1.xml,FORM 4
0001567619-19-008179,2019-04-02,2019-03-29,2019-04-02T20:59:36.000Z,,4,,,,4,9095,0,0,,xslF345X03/doc1.xml,FORM 4
0001567619-19-008185,2019-04-02,2019-03-29,2019-04-02T21:03:53.000Z,,4,,,,4,9071,0,0,,xslF345X03/doc1.xml,FORM 4
0001567619-19-008323,2019-04-03,2019-04-02,2019-04-03T20:22:38.000Z,,4,,,,4,5705,0,0,,xslF345X03/doc1.xml,FORM 4
0001558370-19-002984,2019-04-15,2019-04-12,2019-04-15T13:13:23.000Z,34,8-K,001-33764,19747688,"5.02,9.01",8-K,78157,0,0,,f8-k.htm,8-K
0001558370-19-003244,2019-04-24,,2019-04-24T20:35:25.000Z,34,DEFA14A,001-33764,19764264,,DEFA14A,299345,0,0,,defa14a.htm,DEFA14A
0001558370-19-003247,2019-04-24,2019-06-05,2019-04-24T20:45:03.000Z,34,DEF 14A,001-33764,19764347,,DEF 14A,5131605,0,0,,def14a.htm,DEF 14A
0001144204-19-025158,2019-05-10,,2019-05-10T16:07:00.000Z,34,SC 13G/A,005-83683,19813688,,SC 13G/A,13706,0,0,,tv0016-ultabeautyinc.htm,SCHEDULE 13G/A
0001558370-19-005387,2019-05-30,2019-05-30,2019-05-30T20:10:26.000Z,34,8-K,001-33764,19866649,"2.02,9.01",8-K,538199,0,0,,f8-k.htm,8-K
0001558370-19-005390,2019-05-30,2019-05-04,2019-05-30T20:22:03.000Z,34,10-Q,001-33764,19866818,,10-Q,4891048,1,0,,ulta-20190504x10q.htm,10-Q
0001567619-19-012932,2019-06-06,2019-06-05,2019-06-06T20:33:18.000Z,,4,,,,4,4665,0,0,,xslF345X03/doc1.xml,FORM 4
0001567619-19-012934,2019-06-06,2019-06-05,2019-06-06T20:37:36.000Z,,4,,,,4,4860,0,0,,xslF345X03/doc1.xml,FORM 4
0001567619-19-012938,2019-06-06,2019-06-05,2019-06-06T20:39:28.000Z,,4,,,,4,5762,0,0,,xslF345X03/doc1.xml,FORM 4
0001567619-19-012940,2019-06-06,2019-06-05,2019-06-06T20:41:45.000Z,,4,,,,4,4680,0,0,,xslF345X03/doc1.xml,FORM 4
0001567619-19-012943,2019-06-06,2019-06-05,2019-06-06T20:43:34.000Z,,4,,,,4,5907,0,0,,xslF345X03/doc1.xml,FORM 4
0001567619-19-012945,2019-06-06,2019-06-05,2019-06-06T20:48:11.000Z,,4,,,,4,4663,0,0,,xslF345X03/doc1.xml,FORM 4
0001567619-19-012947,2019-06-06,2019-06-05,2019-06-06T20:50:43.000Z,,4,,,,4,5518,0,0,,xslF345X03/doc1.xml,FORM 4
0001567619-19-012949,2019-06-06,2019-06-05,2019-06-06T20:52:40.000Z,,4,,,,4,4647,0,0,,xslF345X03/doc1.xml,FORM 4
0001558370-19-005590,2019-06-10,2019-06-05,2019-06-10T20:12:21.000Z,34,8-K,001-33764,19888724,"5.03,5.07,9.01",8-K,213908,0,0,,f8-k.htm,
0001567619-19-013154,2019-06-10,2019-06-07,2019-06-10T20:17:50.000Z,,4,,,,4,4527,0,0,,xslF345X03/doc1.xml,FORM 4
0001567619-19-013235,2019-06-11,2019-06-10,2019-06-11T21:56:41.000Z,,4,,,,4,4518,0,0,,xslF345X03/doc1.xml,FORM 4
0001567619-19-013513,2019-06-17,2019-06-14,2019-06-17T21:45:16.000Z,,4,,,,4,8108,0,0,,xslF345X03/doc1.xml,FORM 4
0001567619-19-013886,2019-06-24,2019-06-17,2019-06-24T20:22:08.000Z,,4,,,,4,5931,0,0,,xslF345X03/doc1.xml,FORM 4
0001567619-19-013888,2019-06-24,2019-06-21,2019-06-24T20:24:00.000Z,,4,,,,4,4509,0,0,,xslF345X03/doc1.xml,FORM 4
0001558370-19-008392,2019-08-29,2019-08-29,2019-08-29T20:15:07.000Z,34,8-K,001-33764,191066544,"2.02,9.01",XBRL,793750,1,1,,ulta-20190829x8k.htm,8-K
0001558370-19-008397,2019-08-29,2019-08-03,2019-08-29T20:27:46.000Z,34,10-Q,001-33764,191066685,,XBRL,5428684,1,1,,ulta-20190803x10q.htm,10-Q
0001558370-19-008655,2019-09-19,2019-09-18,2019-09-19T13:18:50.000Z,34,8-K,001-33764,191101044,"5.02,9.01",XBRL,208246,1,1,,ulta-20190918x8k.htm,8-K
0001567619-19-018536,2019-09-19,2019-09-18,2019-09-19T20:16:33.000Z,,3,,,,3,9729,0,0,,xslF345X02/doc1.xml,FORM 3
0001567619-19-018538,2019-09-19,2019-09-18,2019-09-19T20:18:06.000Z,,4,,,,4,4701,0,0,,xslF345X03/doc1.xml,FORM 4
0001567619-19-018807,2019-09-27,2019-09-26,2019-09-27T12:25:58.000Z,,4,,,,4,5479,0,0,,xslF345X03/doc1.xml,FORM 4
0001567619-19-018892,2019-09-30,2019-09-26,2019-09-30T22:12:20.000Z,,4,,,,4,40647,0,0,,xslF345X03/doc1.xml,FORM 4
0001558370-19-011229,2019-11-27,2019-11-27,2019-11-27T14:16:49.000Z,34,8-K,001-33764,191253328,"5.02,9.01",XBRL,198592,1,1,,ulta-20191127x8kfa989ae.htm,8-K
0001567619-19-022450,2019-12-02,2019-11-27,2019-12-02T21:04:42.000Z,,3,,,,3,9418,0,0,,xslF345X02/doc1.xml,FORM 3
0001567619-19-022452,2019-12-02,2019-11-27,2019-12-02T21:10:52.000Z,,4,,,,4,4667,0,0,,xslF345X03/doc1.xml,FORM 4
0001558370-19-011362,2019-12-05,2019-12-05,2019-12-05T21:53:22.000Z,34,8-K,001-33764,191270878,"2.02,9.01",XBRL,795339,1,1,,ulta-20190605x8kd5bedaa.htm,8-K
0001558370-19-011366,2019-12-05,2019-11-02,2019-12-05T22:01:10.000Z,34,10-Q,001-33764,191270917,,XBRL,5623488,1,1,,ulta-20191102x10qdf6081.htm,10-Q
0001567619-19-023432,2019-12-19,2019-12-18,2019-12-19T21:08:30.000Z,,4,,,,4,8130,0,0,,xslF345X03/doc1.xml,FORM 4
0000834237-20-006857,2020-02-06,,2020-02-06T14:10:20.000Z,34,SC 13G/A,005-83683,20581353,,SC 13G/A,13665,0,0,,us90384s3031_020520.txt,
0001104659-20-017193,2020-02-12,,2020-02-12T00:19:45.000Z,34,SC 13G/A,005-83683,20599080,,SC 13G/A,13722,0,0,,tv0692-ultabeautyinc.htm,SCHEDULE 13G/A
0001532155-20-000065,2020-02-18,,2020-02-15T01:29:32.000Z,34,SC 13G/A,005-83683,20622976,,SC 13G/A,18909,0,0,,SEC13G_Filing.htm,SEC SCHEDULE 13G
0001558370-20-002538,2020-03-12,2020-03-12,2020-03-12T20:13:00.000Z,34,8-K,001-33764,20708913,"2.02,9.01",XBRL,791751,1,1,,ulta-20200312x8k5f04d14.htm,8-K
0001558370-20-002785,2020-03-16,2020-03-11,2020-03-16T20:45:47.000Z,34,8-K,001-33764,20717801,"1.01,2.03",XBRL,156862,1,1,,ulta-20200311x8kceeba63.htm,8-K
0001558370-20-002823,2020-03-17,2020-03-17,2020-03-17T13:10:02.000Z,34,8-K,001-33764,20719403,"7.01,9.01",XBRL,210333,1,1,,ulta-20200317x8k6587eb7.htm,8-K
0001567619-20-006598,2020-03-17,2020-03-15,2020-03-17T21:12:44.000Z,,4,,,,4,4747,0,0,,xslF345X03/doc1.xml,FORM 4
0001567619-20-006601,2020-03-17,2020-03-15,2020-03-17T21:14:35.000Z,,4,,,,4,4795,0,0,,xslF345X03/doc1.xml,FORM 4
0001567619-20-006604,2020-03-17,2020-03-15,2020-03-17T21:17:14.000Z,,4,,,,4,5741,0,0,,xslF345X03/doc1.xml,FORM 4
0001567619-20-006606,2020-03-17,2020-03-15,2020-03-17T21:20:50.000Z,,4,,,,4,4774,0,0,,xslF345X03/doc1.xml,FORM 4
0001567619-20-006611,2020-03-17,2020-03-15,2020-03-17T21:26:25.000Z,,4,,,,4,4826,0,0,,xslF345X03/doc1.xml,FORM 4
0001558370-20-003007,2020-03-23,2020-03-18,2020-03-23T12:28:55.000Z,34,8-K,001-33764,20733744,"2.03,9.01",XBRL,212999,1,1,,ulta-20200318x8kb30f930.htm,8-K
0001558370-20-003272,2020-03-27,2020-02-01,2020-03-27T20:43:34.000Z,34,10-K,001-33764,20752416,,XBRL,14172203,1,1,,ulta-20200201x10k11b4b7.htm,10-K
0001567619-20-007236,2020-03-31,2020-03-27,2020-03-31T22:16:05.000Z,,4,,,,4,8992,0,0,,xslF345X03/doc1.xml,FORM 4
0001567619-20-007238,2020-03-31,2020-03-27,2020-03-31T22:17:52.000Z,,4,,,,4,9040,0,0,,xslF345X03/doc1.xml,FORM 4
0001567619-20-007240,2020-03-31,2020-03-27,2020-03-31T22:20:19.000Z,,4,,,,4,9995,0,0,,xslF345X03/doc1.xml,FORM 4
0001567619-20-007242,2020-03-31,2020-03-27,2020-03-31T22:22:52.000Z,,4,,,,4,9029,0,0,,xslF345X03/doc1.xml,FORM 4
0001567619-20-007244,2020-03-31,2020-03-27,2020-03-31T22:26:22.000Z,,4,,,,4,9079,0,0,,xslF345X03/doc1.xml,FORM 4
0001558370-20-003545,2020-04-02,2020-04-02,2020-04-02T12:15:47.000Z,34,8-K,001-33764,20767410,"7.01,9.01",XBRL,232656,1,1,,ulta-20200402x8k54b4acf.htm,8-K
0001558370-20-003717,2020-04-08,2020-04-08,2020-04-08T20:44:44.000Z,34,8-K,001-33764,20782356,"5.02,8.01,9.01",XBRL,231270,1,1,,ulta-20200407x8k1c92464.htm,8-K
0001558370-20-004149,2020-04-22,,2020-04-22T20:15:07.000Z,34,DEFA14A,001-33764,20808087,,DEFA14A,661670,0,0,,tmb-20200422xdefa14a.htm,DEFA14A
0001558370-20-004152,2020-04-22,2020-06-03,2020-04-22T20:23:39.000Z,34,DEF 14A,001-33764,20808181,,DEF 14A,6218616,0,0,,tmb-20200603xdef14a.htm,DEF 14A
0001558370-20-005574,2020-05-07,2020-05-07,2020-05-07T13:21:58.000Z,34,8-K,001-33764,20854848,"7.01,9.01",XBRL,229257,1,1,,ulta-20200507x8k.htm,8-K
0001558370-20-007082,2020-05-28,2020-05-28,2020-05-28T20:16:47.000Z,34,8-K,001-33764,20921264,"2.02,9.01",XBRL,682422,1,1,,ulta-20200528x8k.htm,8-K
0001558370-20-007085,2020-05-28,2020-05-02,2020-05-28T20:25:48.000Z,34,10-Q,001-33764,20921403,,XBRL,4152452,1,1,,ulta-20200528x10q.htm,10-Q
0001567619-20-011702,2020-06-04,2020-06-03,2020-06-04T20:35:04.000Z,,4,,,,4,4700,0,0,,xslF345X03/doc1.xml,FORM 4
0001567619-20-011706,2020-06-04,2020-06-03,2020-06-04T20:39:16.000Z,,4,,,,4,4657,0,0,,xslF345X03/doc1.xml,FORM 4
0001567619-20-011711,2020-06-04,2020-06-03,2020-06-04T20:42:38.000Z,,4,,,,4,5779,0,0,,xslF345X03/doc1.xml,FORM 4
0001567619-20-011713,2020-06-04,2020-06-03,2020-06-04T20:45:20.000Z,,4,,,,4,5427,0,0,,xslF345X03/doc1.xml,FORM 4
0001567619-20-011715,2020-06-04,2020-06-03,2020-06-04T20:51:00.000Z,,4,,,,4,5622,0,0,,xslF345X03/doc1.xml,FORM 4
0001567619-20-011717,2020-06-04,2020-06-03,2020-06-04T20:53:18.000Z,,4,,,,4,4663,0,0,,xslF345X03/doc1.xml,FORM 4
0001567619-20-011719,2020-06-04,2020-06-03,2020-06-04T20:55:24.000Z,,4,,,,4,5907,0,0,,xslF345X03/doc1.xml,FORM 4
0001567619-20-011721,2020-06-04,2020-06-03,2020-06-04T20:59:02.000Z,,4,,,,4,4680,0,0,,xslF345X03/doc1.xml,FORM 4
0001567619-20-011724,2020-06-04,2020-06-02,2020-06-04T21:02:06.000Z,,4,,,,4,10174,0,0,,xslF345X03/doc1.xml,FORM 4
0001567619-20-011726,2020-06-04,2020-06-03,2020-06-04T21:07:41.000Z,,4,,,,4,5762,0,0,,xslF345X03/doc1.xml,FORM 4
0001558370-20-007347,2020-06-08,2020-06-03,2020-06-08T20:12:23.000Z,34,8-K,001-33764,20949246,"5.03,5.07,9.01",XBRL,547162,1,1,,ulta-20200608x8k.htm,8-K
0001567619-20-011846,2020-06-08,2020-06-05,2020-06-08T20:29:53.000Z,,4,,,,4,4526,0,0,,xslF345X03/doc1.xml,FORM 4
0001567619-20-011964,2020-06-10,2020-06-09,2020-06-10T20:48:05.000Z,,4,,,,4,5031,0,0,,xslF345X03/doc1.xml,FORM 4
0001558370-20-007685,2020-06-22,2020-06-18,2020-06-22T12:38:35.000Z,34,8-K,001-33764,20977228,"5.02,8.01",XBRL,156117,1,1,,ulta-20200622x8k.htm,8-K
0001567619-20-012634,2020-06-29,2020-06-26,2020-06-29T21:27:56.000Z,,4,,,,4,4110,0,0,,xslF345X03/form4.xml,
0001558370-20-008243,2020-07-20,2020-07-20,2020-07-20T20:51:52.000Z,34,8-K,001-33764,201036844,"7.01,9.01",XBRL,198489,1,1,,ulta-20200720x8k.htm,8-K
0001558370-20-010879,2020-08-27,2020-08-27,2020-08-27T20:15:50.000Z,34,8-K,001-33764,201143026,"2.02,9.01",XBRL,716893,1,1,,ulta-20200827x8k.htm,8-K
0001558370-20-010881,2020-08-27,2020-08-01,2020-08-27T20:21:53.000Z,34,10-Q,001-33764,201143139,,XBRL,5032309,1,1,,ulta-20200801x10q.htm,10-Q
0001567619-20-016334,2020-09-02,2020-09-01,2020-09-02T20:38:00.000Z,,4,,,,4,4523,0,0,,xslF345X03/doc1.xml,FORM 4
0001567619-20-016418,2020-09-03,2020-09-02,2020-09-03T20:16:54.000Z,,4,,,,4,5628,0,0,,xslF345X03/doc1.xml,FORM 4
0001567619-20-016543,2020-09-08,2020-09-04,2020-09-08T20:32:56.000Z,,4,,,,4,8111,0,0,,xslF345X03/doc1.xml,FORM 4
0001558370-20-011249,2020-09-23,2020-09-23,2020-09-23T20:30:25.000Z,34,8-K,001-33764,201192327,8.01,XBRL,158163,1,1,,ulta-20200923x8k.htm,8-K
0001558370-20-014167,2020-12-03,2020-12-03,2020-12-03T21:06:10.000Z,34,8-K,001-33764,201366972,"2.02,9.01",XBRL,756812,1,1,,ulta-20201203x8k.htm,8-K
0001558370-20-014169,2020-12-03,2020-10-31,2020-12-03T21:15:38.000Z,34,10-Q,001-33764,201367091,,XBRL,5715591,1,1,,ulta-20201031x10q.htm,10-Q
0001567619-20-020860,2020-12-10,2020-12-08,2020-12-10T21:19:45.000Z,,4,,,,4,11790,0,0,,xslF345X03/doc1.xml,FORM 4
0001567619-20-020862,2020-12-10,2020-12-09,2020-12-10T21:22:45.000Z,,4,,,,4,8109,0,0,,xslF345X03/doc1.xml,FORM 4
0001567619-20-021042,2020-12-14,2020-12-11,2020-12-14T21:50:36.000Z,,4,,,,4,9191,0,0,,xslF345X03/doc1.xml,FORM 4
0001567619-20-021275,2020-12-17,2020-12-16,2020-12-17T21:19:32.000Z,,4,,,,4,4528,0,0,,xslF345X03/doc1.xml,FORM 4
0001567619-20-021443,2020-12-21,2020-12-17,2020-12-21T22:33:06.000Z,,4,,,,4,9655,0,0,,xslF345X03/doc1.xml,FORM 4
0000834237-21-005660,2021-02-01,,2021-02-01T13:30:03.000Z,34,SC 13G/A,005-83683,21574653,,SC 13G/A,13622,0,0,,us90384s3031_013121.txt,
0001532155-21-000072,2021-02-08,,2021-02-08T19:32:28.000Z,34,SC 13G/A,005-83683,21600874,,SC 13G/A,18218,0,0,,SEC13G_Filing.htm,SEC SCHEDULE 13G
0001104659-21-019287,2021-02-10,,2021-02-10T16:57:25.000Z,34,SC 13G/A,005-83683,21612259,,SC 13G/A,13902,0,0,,tv02030-ultabeautyinc.htm,SCHEDULE 13G/A
0001348883-21-000036,2021-02-11,,2021-02-11T18:19:04.000Z,34,SC 13G,005-83683,21618333,,SC 13G,83482,0,0,,ulta20in.htm,
0001558370-21-002812,2021-03-11,2021-03-11,2021-03-11T21:05:41.000Z,34,8-K,001-33764,21733271,"5.02,9.01",XBRL,196640,1,1,,ulta-20210311x8k.htm,8-K
0001558370-21-002815,2021-03-11,2021-03-11,2021-03-11T21:09:07.000Z,34,8-K,001-33764,21733356,"2.02,9.01",XBRL,775851,1,1,,ulta-20210311x8k.htm,8-K
0001567619-21-006504,2021-03-17,2021-03-15,2021-03-17T20:58:49.000Z,,4,,,,4,6056,0,0,,xslF345X03/doc1.xml,FORM 4
0001567619-21-006508,2021-03-17,2021-03-15,2021-03-17T21:01:59.000Z,,4,,,,4,4747,0,0,,xslF345X03/doc1.xml,FORM 4
0001567619-21-006513,2021-03-17,2021-03-15,2021-03-17T21:03:33.000Z,,4,,,,4,4795,0,0,,xslF345X03/doc1.xml,FORM 4
0001567619-21-006515,2021-03-17,2021-03-15,2021-03-17T21:05:17.000Z,,4,,,,4,4775,0,0,,xslF345X03/doc1.xml,FORM 4
0001567619-21-006517,2021-03-17,2021-03-15,2021-03-17T21:07:08.000Z,,4,,,,4,4827,0,0,,xslF345X03/doc1.xml,FORM 4
0001567619-21-006606,2021-03-18,2021-03-17,2021-03-18T20:08:55.000Z,,4,,,,4,8606,0,0,,xslF345X03/doc1.xml,FORM 4
0001558370-21-003523,2021-03-26,2021-01-30,2021-03-26T17:07:31.000Z,34,10-K,001-33764,21776129,,XBRL,12273769,1,1,,ulta-20210130x10k.htm,10-K
0001567619-21-007043,2021-03-26,2021-03-24,2021-03-26T20:06:15.000Z,,4,,,,4,8349,0,0,,xslF345X03/doc1.xml,FORM 4
0001567619-21-007145,2021-03-29,2021-03-25,2021-03-29T22:29:25.000Z,,4,,,,4,8990,0,0,,xslF345X03/doc1.xml,FORM 4
0001567619-21-007147,2021-03-29,2021-03-25,2021-03-29T22:31:39.000Z,,4,,,,4,9038,0,0,,xslF345X03/doc1.xml,FORM 4
0001567619-21-007151,2021-03-29,2021-03-25,2021-03-29T22:35:30.000Z,,4,,,,4,9027,0,0,,xslF345X03/doc1.xml,FORM 4
0001567619-21-007154,2021-03-29,2021-03-25,2021-03-29T22:36:49.000Z,,4,,,,4,9074,0,0,,xslF345X03/doc1.xml,FORM 4
0001567619-21-007157,2021-03-29,2021-03-25,2021-03-29T22:38:08.000Z,,4,,,,4,9993,0,0,,xslF345X03/doc1.xml,FORM 4
0001558370-21-003654,2021-03-30,2021-03-25,2021-03-29T23:55:46.000Z,34,8-K,001-33764,21783203,"5.02,9.01",XBRL,562814,1,1,,ulta-20210325x8k.htm,8-K
0001567619-21-007200,2021-03-30,2021-03-26,2021-03-30T21:06:44.000Z,,4,,,,4,8350,0,0,,xslF345X03/doc1.xml,FORM 4
0001567619-21-007393,2021-04-01,2021-03-30,2021-04-01T21:36:07.000Z,,4,,,,4,6259,0,0,,xslF345X03/doc1.xml,FORM 4
0001567619-21-007710,2021-04-06,2021-04-05,2021-04-06T22:04:20.000Z,,4,,,,4,8605,0,0,,xslF345X03/doc1.xml,FORM 4
0001567619-21-007828,2021-04-08,2021-04-06,2021-04-08T21:17:27.000Z,,4,,,,4,8349,0,0,,xslF345X03/doc1.xml,FORM 4
0001567619-21-007914,2021-04-12,2021-04-08,2021-04-12T20:57:12.000Z,,4,,,,4,8350,0,0,,xslF345X03/doc1.xml,FORM 4
0001567619-21-008043,2021-04-14,2021-04-12,2021-04-14T20:27:43.000Z,,4,,,,4,8347,0,0,,xslF345X03/doc1.xml,FORM 4
0001567619-21-008146,2021-04-15,2021-04-14,2021-04-15T20:21:01.000Z,,4,,,,4,6257,0,0,,xslF345X03/doc1.xml,FORM 4
0001558370-21-004552,2021-04-21,,2021-04-21T20:05:23.000Z,34,DEFA14A,001-33764,21841468,,DEFA14A,280240,0,0,,tmb-20210421xdefa14a.htm,DEFA14A
0001558370-21-004554,2021-04-21,2021-06-02,2021-04-21T20:08:40.000Z,34,DEF 14A,001-33764,21841600,,DEF 14A,2994815,0,0,,tmb-20210602xdef14a.htm,DEF 14A
0001558370-21-007799,2021-05-27,2021-05-27,2021-05-27T20:06:08.000Z,34,8-K,001-33764,21972656,"2.02,9.01",XBRL,609715,1,1,,ulta-20210527x8k.htm,8-K
0001558370-21-007802,2021-05-27,2021-05-01,2021-05-27T20:19:38.000Z,34,10-Q,001-33764,21972973,,XBRL,4332069,1,1,,ulta-20210501x10q.htm,10-Q
0001567619-21-011630,2021-06-03,2021-06-02,2021-06-03T21:35:16.000Z,,4,,,,4,5428,0,0,,xslF345X03/doc1.xml,FORM 4
0001567619-21-011632,2021-06-03,2021-06-02,2021-06-03T21:36:23.000Z,,4,,,,4,5623,0,0,,xslF345X03/doc1.xml,FORM 4
0001567619-21-011634,2021-06-03,2021-06-02,2021-06-03T21:39:26.000Z,,4,,,,4,4680,0,0,,xslF345X03/doc1.xml,FORM 4
0001567619-21-011636,2021-06-03,2021-06-02,2021-06-03T21:40:54.000Z,,4,,,,4,5906,0,0,,xslF345X03/doc1.xml,FORM 4
0001567619-21-011638,2021-06-03,2021-06-02,2021-06-03T21:42:33.000Z,,4,,,,4,5420,0,0,,xslF345X03/doc1.xml,FORM 4
0001567619-21-011640,2021-06-03,2021-06-02,2021-06-03T21:43:07.000Z,,4,,,,4,4663,0,0,,xslF345X03/doc1.xml,FORM 4
0001567619-21-011642,2021-06-03,2021-06-02,2021-06-03T21:44:44.000Z,,4,,,,4,4700,0,0,,xslF345X03/doc1.xml,FORM 4
0001567619-21-011644,2021-06-03,2021-06-02,2021-06-03T21:46:09.000Z,,4,,,,4,4647,0,0,,xslF345X03/doc1.xml,FORM 4
0001567619-21-011646,2021-06-03,2021-06-02,2021-06-03T21:47:39.000Z,,4,,,,4,4700,0,0,,xslF345X03/doc1.xml,FORM 4
0001558370-21-007990,2021-06-04,2021-06-02,2021-06-04T12:07:39.000Z,34,8-K,001-33764,21994906,"5.02,5.07",XBRL,232758,1,1,,ulta-20210602x8k.htm,8-K
0001567619-21-011770,2021-06-07,2021-06-04,2021-06-07T20:19:33.000Z,,4,,,,4,24428,0,0,,xslF345X03/doc1.xml,FORM 4
0001567619-21-011773,2021-06-07,2021-06-03,2021-06-07T20:21:13.000Z,,4,,,,4,10051,0,0,,xslF345X03/doc1.xml,FORM 4
0001567619-21-012061,2021-06-14,2021-06-02,2021-06-14T20:54:55.000Z,,3,,,,3,16514,0,0,,xslF345X02/doc1.xml,FORM 3
0001567619-21-012471,2021-06-22,2021-06-21,2021-06-22T20:09:20.000Z,,4,,,,4,5524,0,0,,xslF345X03/doc1.xml,FORM 4
0001567619-21-014774,2021-08-09,2021-08-05,2021-08-09T21:07:14.000Z,,4,,,,4,5198,0,0,,xslF345X03/doc1.xml,FORM 4
0001558370-21-012063,2021-08-25,2021-08-25,2021-08-25T20:05:53.000Z,34,8-K,001-33764,211206967,"2.02,9.01",XBRL,750360,1,1,,ulta-20210825x8k.htm,8-K
0001558370-21-012066,2021-08-25,2021-07-31,2021-08-25T20:12:33.000Z,34,10-Q,001-33764,211207028,,XBRL,5492967,1,1,,ulta-20210731x10q.htm,10-Q
0001567619-21-016549,2021-09-01,2021-08-30,2021-09-01T20:10:46.000Z,,4,,,,4,10123,0,0,,xslF345X03/doc1.xml,FORM 4
0001567619-21-016551,2021-09-01,2021-08-30,2021-09-01T20:12:16.000Z,,4,,,,4,8755,0,0,,xslF345X03/doc1.xml,FORM 4
0001567619-21-016790,2021-09-07,2021-09-03,2021-09-07T20:22:34.000Z,,4,,,,4,4521,0,0,,xslF345X03/doc1.xml,FORM 4
0001567619-21-017549,2021-09-23,2021-09-22,2021-09-23T20:20:50.000Z,,4,,,,4,17858,0,0,,xslF345X03/doc1.xml,FORM 4
0001567619-21-017859,2021-10-04,2021-09-30,2021-10-04T21:35:52.000Z,,4,,,,4,9246,0,0,,xslF345X03/doc1.xml,FORM 4
0001558370-21-013270,2021-10-19,2021-10-19,2021-10-19T12:14:31.000Z,34,8-K,001-33764,211329676,"7.01,9.01",XBRL,224202,1,1,,ulta-20211019x8k.htm,8-K
0001558370-21-016475,2021-12-02,2021-12-02,2021-12-02T21:13:39.000Z,34,8-K,001-33764,211466763,"2.02,9.01",XBRL,777613,1,1,,ulta-20211202x8k.htm,8-K
0001558370-21-016478,2021-12-02,2021-10-30,2021-12-02T21:17:19.000Z,34,10-Q,001-33764,211466808,,XBRL,5947812,1,1,,ulta-20211030x10q.htm,10-Q
0001567619-21-021837,2021-12-09,2021-12-07,2021-12-09T21:37:38.000Z,,4,,,,4,4521,0,0,,xslF345X03/doc1.xml,FORM 4
0001567619-21-021840,2021-12-09,2021-12-08,2021-12-09T21:43:20.000Z,,4,,,,4,18720,0,0,,xslF345X03/doc1.xml,FORM 4
0001567619-21-021842,2021-12-09,2021-12-08,2021-12-09T21:46:03.000Z,,4,,,,4,12479,0,0,,xslF345X03/doc1.xml,FORM 4
0001558370-22-000288,2022-01-18,2022-01-17,2022-01-18T21:14:00.000Z,34,8-K,001-33764,22535334,5.02,XBRL,162193,1,1,,ulta-20220117x8k.htm,8-K
0000834237-22-007939,2022-02-07,,2022-02-07T21:41:07.000Z,34,SC 13G/A,005-83683,22598113,,SC 13G/A,13641,0,0,,us90384s3031_020722.txt,
0001104659-22-018769,2022-02-10,,2022-02-10T13:42:45.000Z,34,SC 13G/A,005-83683,22611076,,SC 13G/A,13036,0,0,,tv02094-ultabeautyinc.htm,SCHEDULE 13G/A
0001348883-22-000020,2022-02-10,,2022-02-10T14:59:04.000Z,34,SC 13G/A,005-83683,22611719,,SC 13G/A,81783,0,0,,ulta21a1.htm,
0001558370-22-001273,2022-02-16,2022-02-16,2022-02-16T21:11:45.000Z,34,8-K,001-33764,22643689,"5.02,9.01",XBRL,194835,1,1,,ulta-20220216x8k.htm,8-K
0001567619-22-005089,2022-02-18,2022-02-16,2022-02-18T21:21:42.000Z,,3,,,,3,6275,0,0,,xslF345X02/doc1.xml,FORM 3
0001567619-22-005093,2022-02-18,2022-02-16,2022-02-18T21:26:03.000Z,,4,,,,4,4656,0,0,,xslF345X03/doc1.xml,FORM 4
0001567619-22-005098,2022-02-18,2022-02-16,2022-02-18T21:32:41.000Z,,3,,,,3,6303,0,0,,xslF345X02/doc1.xml,FORM 3
0001567619-22-005103,2022-02-18,2022-02-16,2022-02-18T21:35:00.000Z,,4,,,,4,4690,0,0,,xslF345X03/doc1.xml,FORM 4
0001558370-22-003282,2022-03-10,2022-03-10,2022-03-10T21:10:37.000Z,34,8-K,001-33764,22729165,"2.02,9.01",XBRL,785331,1,1,,ulta-20220310x8k.htm,8-K
0001567619-22-007153,2022-03-17,2022-03-15,2022-03-17T21:17:09.000Z,,4,,,,4,4788,0,0,,xslF345X03/doc1.xml,FORM 4
0001567619-22-007155,2022-03-17,2022-03-15,2022-03-17T21:17:51.000Z,,4,,,,4,4795,0,0,,xslF345X03/doc1.xml,FORM 4
0001567619-22-007157,2022-03-17,2022-03-15,2022-03-17T21:19:45.000Z,,4,,,,4,10389,0,0,,xslF345X03/doc1.xml,FORM 4
0001567619-22-007159,2022-03-17,2022-03-15,2022-03-17T21:21:33.000Z,,4,,,,4,5718,0,0,,xslF345X03/doc1.xml,FORM 4
0001567619-22-007161,2022-03-17,2022-03-15,2022-03-17T21:23:43.000Z,,4,,,,4,4803,0,0,,xslF345X03/doc1.xml,FORM 4
0001567619-22-007163,2022-03-17,2022-03-15,2022-03-17T21:24:37.000Z,,4,,,,4,4827,0,0,,xslF345X03/doc1.xml,FORM 4
0001558370-22-004330,2022-03-25,2022-01-29,2022-03-25T13:38:09.000Z,34,10-K,001-33764,22768570,,XBRL,11775753,1,1,,ulta-20220129x10k.htm,10-K
0001567619-22-007583,2022-03-28,2022-03-24,2022-03-28T20:31:40.000Z,,4,,,,4,6989,0,0,,xslF345X03/doc1.xml,FORM 4
0001567619-22-007585,2022-03-28,2022-03-24,2022-03-28T20:32:22.000Z,,4,,,,4,7000,0,0,,xslF345X03/doc1.xml,FORM 4
0001567619-22-007587,2022-03-28,2022-03-24,2022-03-28T20:34:11.000Z,,4,,,,4,7021,0,0,,xslF345X03/doc1.xml,FORM 4
0001567619-22-007589,2022-03-28,2022-03-24,2022-03-28T20:34:33.000Z,,4,,,,4,6944,0,0,,xslF345X03/doc1.xml,FORM 4
0001558370-22-005642,2022-04-20,,2022-04-20T20:06:17.000Z,34,DEFA14A,001-33764,22838071,,DEFA14A,458265,0,0,,tmb-20220420xdefa14a.htm,DEFA14A
0001558370-22-005644,2022-04-20,2022-06-01,2022-04-20T20:09:08.000Z,34,DEF 14A,001-33764,22838112,,DEF 14A,3367516,0,0,,tmb-20220601xdef14a.htm,DEF 14A
0001558370-22-009395,2022-05-26,2022-05-26,2022-05-26T20:15:06.000Z,34,8-K,001-33764,22970157,"2.02,9.01",XBRL,571794,1,1,,ulta-20220526x8k.htm,8-K
0001558370-22-009401,2022-05-26,2022-04-30,2022-05-26T20:19:56.000Z,34,10-Q,001-33764,22970377,,XBRL,4353573,1,1,,ulta-20220430x10q.htm,10-Q
0001567619-22-012131,2022-06-02,2022-06-01,2022-06-02T20:34:33.000Z,,4,,,,4,4860,0,0,,xslF345X03/doc1.xml,FORM 4
0001567619-22-012134,2022-06-02,2022-06-01,2022-06-02T20:38:39.000Z,,4,,,,4,4655,0,0,,xslF345X03/doc1.xml,FORM 4
0001567619-22-012137,2022-06-02,2022-06-01,2022-06-02T20:45:26.000Z,,4,,,,4,4680,0,0,,xslF345X03/doc1.xml,FORM 4
0001567619-22-012140,2022-06-02,2022-06-01,2022-06-02T20:46:54.000Z,,4,,,,4,5420,0,0,,xslF345X03/doc1.xml,FORM 4
0001567619-22-012146,2022-06-02,2022-06-01,2022-06-02T20:48:21.000Z,,4,,,,4,4663,0,0,,xslF345X03/doc1.xml,FORM 4
0001567619-22-012152,2022-06-02,2022-06-01,2022-06-02T20:49:27.000Z,,4,,,,4,4700,0,0,,xslF345X03/doc1.xml,FORM 4
0001567619-22-012159,2022-06-02,2022-06-01,2022-06-02T20:51:42.000Z,,4,,,,4,4647,0,0,,xslF345X03/doc1.xml,FORM 4
0001567619-22-012163,2022-06-02,2022-06-01,2022-06-02T20:54:38.000Z,,4,,,,4,4689,0,0,,xslF345X03/doc1.xml,FORM 4
0001558370-22-009681,2022-06-02,2022-06-01,2022-06-02T20:55:05.000Z,34,8-K,001-33764,22991634,5.07,XBRL,228162,1,1,,ulta-20220601x8k.htm,8-K
0001567619-22-012174,2022-06-02,2022-06-01,2022-06-02T21:04:09.000Z,,4,,,,4,4700,0,0,,xslF345X03/doc1.xml,FORM 4
0001567619-22-012479,2022-06-07,2022-06-03,2022-06-07T21:39:54.000Z,,4,,,,4,12470,0,0,,xslF345X03/doc1.xml,FORM 4
0001567619-22-012483,2022-06-07,2022-06-01,2022-06-07T21:41:40.000Z,,3,,,,3,14679,0,0,,xslF345X02/doc1.xml,FORM 3
0001567619-22-012768,2022-06-13,2022-06-09,2022-06-13T20:16:52.000Z,,4,,,,4,31187,0,0,,xslF345X03/doc1.xml,FORM 4
0001567619-22-012771,2022-06-13,2022-06-09,2022-06-13T20:18:52.000Z,,4,,,,4,4521,0,0,,xslF345X03/doc1.xml,FORM 4
0001567619-22-012773,2022-06-13,2022-06-08,2022-06-13T20:20:07.000Z,,4,,,,4,4531,0,0,,xslF345X03/doc1.xml,FORM 4
0001567619-22-012840,2022-06-14,2022-06-13,2022-06-14T20:52:31.000Z,,4,,,,4,4548,0,0,,xslF345X03/doc1.xml,FORM 4
0001558370-22-013980,2022-08-25,2022-08-25,2022-08-25T20:05:54.000Z,34,8-K,001-33764,221197433,"2.02,9.01",XBRL,786309,1,1,,ulta-20220825x8k.htm,8-K
0001558370-22-013983,2022-08-25,2022-07-30,2022-08-25T20:09:20.000Z,34,10-Q,001-33764,221197488,,XBRL,5113832,1,1,,ulta-20220730x10q.htm,10-Q
0001567619-22-016912,2022-09-01,2022-08-30,2022-09-01T20:48:50.000Z,,4,,,,4,13310,0,0,,xslF345X03/doc1.xml,FORM 4
0001567619-22-016915,2022-09-01,2022-08-31,2022-09-01T20:53:42.000Z,,4,,,,4,4521,0,0,,xslF345X03/doc1.xml,FORM 4
0001567619-22-017069,2022-09-06,2022-09-02,2022-09-06T21:21:38.000Z,,4,,,,4,16333,0,0,,xslF345X03/doc1.xml,FORM 4
0001567619-22-017072,2022-09-06,2022-09-02,2022-09-06T21:28:22.000Z,,4,,,,4,16333,0,0,,xslF345X03/doc1.xml,FORM 4
0001567619-22-017076,2022-09-06,2022-09-02,2022-09-06T21:37:17.000Z,,4,,,,4,4528,0,0,,xslF345X03/doc1.xml,FORM 4
0001567619-22-017185,2022-09-08,2022-09-07,2022-09-08T21:06:58.000Z,,4,,,,4,8271,0,0,,xslF345X03/doc1.xml,FORM 4
0001567619-22-017238,2022-09-09,2022-09-08,2022-09-09T21:14:14.000Z,,4,,,,4,4528,0,0,,xslF345X03/doc1.xml,FORM 4
0001558370-22-018315,2022-12-01,2022-12-01,2022-12-01T21:06:29.000Z,34,8-K,001-33764,221438885,"2.02,9.01",XBRL,787633,1,1,,ulta-20221201x8k.htm,8-K
0001558370-22-018318,2022-12-01,2022-10-29,2022-12-01T21:09:56.000Z,34,10-Q,001-33764,221438937,,XBRL,5268866,1,1,,ulta-20221029x10q.htm,10-Q
0001567619-22-021454,2022-12-09,2022-12-07,2022-12-09T20:09:21.000Z,,4,,,,4,16195,0,0,,xslF345X03/doc1.xml,FORM 4
0001567619-22-021566,2022-12-14,2022-12-13,2022-12-14T21:07:36.000Z,,4,,,,4,12599,0,0,,xslF345X03/doc1.xml,FORM 4
0001558370-22-018764,2022-12-16,2022-12-16,2022-12-16T21:11:39.000Z,34,8-K,001-33764,221468075,"5.02,9.01",XBRL,192652,1,1,,ulta-20221216x8k.htm,8-K
0001567619-22-021809,2022-12-19,2022-12-16,2022-12-19T22:16:43.000Z,,3,,,,3,10014,0,0,,xslF345X02/doc1.xml,FORM 3
0001567619-22-021813,2022-12-19,2022-12-16,2022-12-19T22:32:46.000Z,,4,,,,4,4654,0,0,,xslF345X03/doc1.xml,FORM 4
0001306550-23-007807,2023-02-03,,2023-02-03T21:27:55.000Z,34,SC 13G/A,005-83683,23586344,,SC 13G/A,13641,0,0,,us90384s3031_020323.txt,
0001104659-23-017166,2023-02-09,,2023-02-09T16:35:19.000Z,34,SC 13G/A,005-83683,23604552,,SC 13G/A,13042,0,0,,tv02108-ultabeautyinc.htm,SCHEDULE 13G/A
0001558370-23-003308,2023-03-09,2023-03-09,2023-03-09T21:05:21.000Z,34,8-K,001-33764,23719712,"2.02,9.01",XBRL,764375,1,1,,ulta-20230309x8k.htm,8-K
0001567619-23-005186,2023-03-16,2023-03-14,2023-03-16T20:51:20.000Z,,4,,,,4,4547,0,0,,xslF345X03/doc1.xml,FORM 4
0001567619-23-005263,2023-03-17,2023-03-15,2023-03-17T21:01:51.000Z,,4,,,,4,4747,0,0,,xslF345X03/doc1.xml,FORM 4
0001567619-23-005265,2023-03-17,2023-03-15,2023-03-17T21:03:58.000Z,,4,,,,4,4804,0,0,,xslF345X03/doc1.xml,FORM 4
0001567619-23-005267,2023-03-17,2023-03-15,2023-03-17T21:06:32.000Z,,4,,,,4,4828,0,0,,xslF345X03/doc1.xml,FORM 4
0001567619-23-005269,2023-03-17,2023-03-15,2023-03-17T21:09:47.000Z,,4,,,,4,4813,0,0,,xslF345X03/doc1.xml,FORM 4
0001567619-23-005271,2023-03-17,2023-03-15,2023-03-17T21:12:21.000Z,,4,,,,4,4789,0,0,,xslF345X03/doc1.xml,FORM 4
0001140361-23-013091,2023-03-22,2023-03-20,2023-03-22T20:47:01.000Z,,4,,,,4,10057,0,0,,xslF345X04/form4.xml,
0001558370-23-004581,2023-03-24,2023-01-28,2023-03-24T20:46:46.000Z,34,10-K,001-33764,23760474,,XBRL,12135745,1,1,,ulta-20230128x10k.htm,10-K
0001558370-23-004813,2023-03-28,,2023-03-28T21:19:30.000Z,34,PRE 14A,001-33764,23770681,,XBRL,6178495,1,1,,tmb-20230601xpre14a.htm,PRE 14A
0000897069-23-000221,2023-04-04,2023-03-31,2023-04-04T22:13:47.000Z,,4,,,,4,6690,0,0,,xslF345X04/form4.xml,
0000897069-23-000223,2023-04-04,2023-03-31,2023-04-04T22:15:42.000Z,,4,,,,4,6031,0,0,,xslF345X04/form4.xml,
0000897069-23-000225,2023-04-04,2023-03-31,2023-04-04T22:17:26.000Z,,4,,,,4,6715,0,0,,xslF345X04/form4.xml,
0000897069-23-000227,2023-04-04,2023-03-31,2023-04-04T22:19:34.000Z,,4,,,,4,6725,0,0,,xslF345X04/form4.xml,
0000897069-23-000229,2023-04-04,2023-03-31,2023-04-04T22:21:34.000Z,,4,,,,4,6633,0,0,,xslF345X04/form4.xml,
0000897069-23-000231,2023-04-04,2023-03-31,2023-04-04T22:26:14.000Z,,4,,,,4,15749,0,0,,xslF345X04/form4.xml,
0001558370-23-006269,2023-04-20,,2023-04-20T12:00:19.000Z,34,DEFA14A,001-33764,23831432,,DEFA14A,473109,0,0,,tmb-20230420xdefa14a.htm,DEFA14A
0001558370-23-006272,2023-04-20,,2023-04-20T12:02:50.000Z,34,DEF 14A,001-33764,23831444,,XBRL,6162503,1,1,,tmb-20230601xdef14a.htm,DEF 14A
0001558370-23-006313,2023-04-20,2022-12-31,2023-04-20T19:34:00.000Z,34,ARS,001-33764,23832930,,ARS,4168494,0,0,,tmb-20221231xars.pdf,ARS
0001558370-23-010462,2023-05-25,2023-05-25,2023-05-25T20:10:19.000Z,34,8-K,001-33764,23960553,"2.02,9.01",XBRL,655589,1,1,,ulta-20230525x8k.htm,8-K
0001558370-23-010464,2023-05-25,2023-04-29,2023-05-25T20:13:31.000Z,34,10-Q,001-33764,23960639,,XBRL,4532327,1,1,,ulta-20230429x10q.htm,10-Q
0001921094-23-000239,2023-06-05,,2023-06-05T20:08:24.000Z,33,144,001-33764,23992526,,144,4237,0,0,,xsl144X01/primary_doc.xml,
0000897069-23-000646,2023-06-05,2023-06-01,2023-06-05T22:12:44.000Z,,4,,,,4,4357,0,0,,xslF345X04/form4.xml,
0000897069-23-000648,2023-06-05,2023-06-01,2023-06-05T22:15:59.000Z,,4,,,,4,4316,0,0,,xslF345X04/form4.xml,
0000897069-23-000650,2023-06-05,2023-06-01,2023-06-05T22:19:34.000Z,,4,,,,4,4315,0,0,,xslF345X04/form4.xml,
0000897069-23-000652,2023-06-05,2023-06-01,2023-06-05T22:21:28.000Z,,4,,,,4,4366,0,0,,xslF345X04/form4.xml,
0000897069-23-000654,2023-06-05,2023-06-01,2023-06-05T22:23:19.000Z,,4,,,,4,4328,0,0,,xslF345X04/form4.xml,
0000897069-23-000656,2023-06-05,2023-06-01,2023-06-05T22:28:29.000Z,,4,,,,4,4323,0,0,,xslF345X04/form4.xml,
0000897069-23-000658,2023-06-05,2023-06-01,2023-06-05T22:30:52.000Z,,4,,,,4,5281,0,0,,xslF345X04/form4.xml,
0000897069-23-000660,2023-06-05,2023-06-01,2023-06-05T22:33:04.000Z,,4,,,,4,4346,0,0,,xslF345X04/form4.xml,
0000897069-23-000662,2023-06-05,2023-06-01,2023-06-05T22:34:57.000Z,,4,,,,4,5083,0,0,,xslF345X04/form4.xml,
0000897069-23-000664,2023-06-05,2023-06-01,2023-06-05T22:37:21.000Z,,4,,,,4,4364,0,0,,xslF345X04/form4.xml,
0000897069-23-000676,2023-06-06,2023-06-05,2023-06-06T20:35:24.000Z,,4,,,,4,4184,0,0,,xslF345X04/form4.xml,
0001558370-23-010870,2023-06-07,2023-06-01,2023-06-07T20:05:25.000Z,34,8-K,001-33764,23998996,"5.03,5.07,9.01",XBRL,613883,1,1,,ulta-20230601x8k.htm,8-K
0001921094-23-000304,2023-06-15,,2023-06-15T22:22:50.000Z,33,144,001-33764,231018859,,144,4220,0,0,,xsl144X01/primary_doc.xml,
0000897069-23-000760,2023-06-20,2023-06-15,2023-06-20T20:45:16.000Z,,4,,,,4,4160,0,0,,xslF345X04/form4.xml,
0001558370-23-015251,2023-08-24,2023-08-24,2023-08-24T20:08:32.000Z,34,8-K,001-33764,231202245,"2.02,9.01",XBRL,767842,1,1,,ulta-20230824x8k.htm,8-K
0001558370-23-015253,2023-08-24,2023-07-29,2023-08-24T20:11:23.000Z,34,10-Q,001-33764,231202290,,XBRL,5180486,1,1,,ulta-20230729x10q.htm,10-Q
0001558370-23-015855,2023-09-18,2023-09-13,2023-09-18T20:08:58.000Z,34,8-K,001-33764,231261275,"5.02,9.01",XBRL,193328,1,1,,ulta-20230913x8k.htm,8-K
0000897069-23-001425,2023-10-06,2023-10-05,2023-10-06T20:40:22.000Z,,4,,,,4,4504,0,0,,xslF345X05/form4.xml,
0001558370-23-019391,2023-11-30,2023-11-30,2023-11-30T21:08:15.000Z,34,8-K,001-33764,231455885,"2.02,9.01",XBRL,688190,1,1,,ulta-20231130x8k.htm,8-K
0001558370-23-019392,2023-11-30,2023-11-30,2023-11-30T21:09:16.000Z,34,8-K,001-33764,231455900,"5.02,9.01",XBRL,199945,1,1,,ulta-20231130x8k.htm,8-K
0001558370-23-019393,2023-11-30,2023-10-28,2023-11-30T21:10:30.000Z,34,10-Q,001-33764,231455919,,XBRL,5377660,1,1,,ulta-20231028x10q.htm,10-Q
0000897069-23-001723,2023-12-06,2023-12-05,2023-12-06T21:45:27.000Z,,4,,,,4,4676,0,0,,xslF345X05/form4.xml,
0001921094-23-001059,2023-12-12,,2023-12-12T21:13:20.000Z,33,144,001-33764,231481378,,144,4213,0,0,,xsl144X01/primary_doc.xml,
0001921094-23-001064,2023-12-13,,2023-12-13T21:31:50.000Z,33,144,001-33764,231484400,,144,4189,0,0,,xsl144X01/primary_doc.xml,
0000897069-23-001757,2023-12-13,2023-12-12,2023-12-13T21:33:32.000Z,,4,,,,4,7847,0,0,,xslF345X05/form4.xml,
0000897069-23-001774,2023-12-14,2023-12-13,2023-12-14T21:57:39.000Z,,4,,,,4,4134,0,0,,xslF345X05/form4.xml,
0001086364-24-002720,2024-01-24,,2024-01-24T22:23:57.000Z,34,SC 13G,005-83683,24557843,,SC 13G,13892,0,0,,us90384s3031_012424.txt,
0001104659-24-022164,2024-02-13,,2024-02-13T22:16:15.000Z,34,SC 13G/A,005-83683,24629848,,SC 13G/A,13126,0,0,,tv02142-ultabeautyinc.htm,SCHEDULE 13G/A
0000897069-24-000449,2024-02-21,2024-02-19,2024-02-21T21:59:43.000Z,,4,,,,4,4999,0,0,,xslF345X05/form4.xml,
0000897069-24-000455,2024-02-21,2024-02-19,2024-02-21T22:05:31.000Z,,4,,,,4,4994,0,0,,xslF345X05/form4.xml,
0000897069-24-000459,2024-02-21,2024-02-19,2024-02-21T22:08:03.000Z,,4,,,,4,4919,0,0,,xslF345X05/form4.xml,
0000897069-24-000462,2024-02-21,2024-02-19,2024-02-21T22:13:10.000Z,,4,,,,4,4975,0,0,,xslF345X05/form4.xml,
0000897069-24-000466,2024-02-21,2024-02-19,2024-02-21T22:16:53.000Z,,4,,,,4,4961,0,0,,xslF345X05/form4.xml,
0001558370-24-003233,2024-03-14,2024-03-14,2024-03-14T20:07:13.000Z,34,8-K,001-33764,24750120,"2.02,9.01",XBRL,677397,1,1,,ulta-20240314x8k.htm,8-K
0000897069-24-000702,2024-03-19,2024-03-15,2024-03-19T20:37:37.000Z,,4,,,,4,6190,0,0,,xslF345X05/form4.xml,
0000897069-24-000704,2024-03-19,2024-03-15,2024-03-19T20:39:49.000Z,,4,,,,4,6270,0,0,,xslF345X05/form4.xml,
0000897069-24-000706,2024-03-19,2024-03-15,2024-03-19T20:42:27.000Z,,4,,,,4,6233,0,0,,xslF345X05/form4.xml,
0000897069-24-000708,2024-03-19,2024-03-15,2024-03-19T20:45:06.000Z,,4,,,,4,6248,0,0,,xslF345X05/form4.xml,
0000897069-24-000710,2024-03-19,2024-03-15,2024-03-19T20:47:39.000Z,,4,,,,4,6266,0,0,,xslF345X05/form4.xml,
0001921094-24-000433,2024-03-19,,2024-03-19T22:11:00.000Z,33,144,001-33764,24765422,,144,5414,0,0,,xsl144X01/primary_doc.xml,
0001921094-24-000434,2024-03-19,,2024-03-19T22:11:46.000Z,33,144,001-33764,24765426,,144,4942,0,0,,xsl144X01/primary_doc.xml,
0001921094-24-000435,2024-03-19,,2024-03-19T22:22:02.000Z,33,144,001-33764,24765491,,144,6521,0,0,,xsl144X01/primary_doc.xml,
0000897069-24-000730,2024-03-21,2024-03-19,2024-03-21T20:39:26.000Z,,4,,,,4,4249,0,0,,xslF345X05/form4.xml,
0000897069-24-000732,2024-03-21,2024-03-19,2024-03-21T20:42:14.000Z,,4,,,,4,13943,0,0,,xslF345X05/form4.xml,
0000897069-24-000734,2024-03-21,2024-03-19,2024-03-21T20:46:37.000Z,,4,,,,4,26772,0,0,,xslF345X05/form4.xml,
0001558370-24-003941,2024-03-26,2024-02-03,2024-03-26T20:02:48.000Z,34,10-K,001-33764,24783457,,XBRL,14178140,1,1,,ulta-20240203x10k.htm,10-K
0000897069-24-000809,2024-04-02,2024-04-01,2024-04-02T20:53:33.000Z,,3,,,,3,16683,0,0,,xslF345X02/form3.xml,
0000897069-24-000811,2024-04-02,2024-03-29,2024-04-02T20:57:17.000Z,,4,,,,4,6809,0,0,,xslF345X05/form4.xml,
0000897069-24-000813,2024-04-02,2024-03-29,2024-04-02T20:59:13.000Z,,4,,,,4,6770,0,0,,xslF345X05/form4.xml,
0000897069-24-000815,2024-04-02,2024-03-29,2024-04-02T21:01:43.000Z,,4,,,,4,6725,0,0,,xslF345X05/form4.xml,
0000897069-24-000817,2024-04-02,2024-03-29,2024-04-02T21:03:50.000Z,,4,,,,4,6784,0,0,,xslF345X05/form4.xml,
0001558370-24-004685,2024-04-04,2024-04-03,2024-04-03T23:21:48.000Z,34,8-K,001-33764,24820910,8.01,XBRL,164512,1,1,,ulta-20240403x8k.htm,8-K
0001086364-24-007394,2024-04-05,,2024-04-05T16:21:51.000Z,34,SC 13G/A,005-83683,24825608,,SC 13G/A,13897,0,0,,us90384s3031_040424.txt,
0001558370-24-005583,2024-04-24,,2024-04-24T20:05:47.000Z,34,DEFA14A,001-33764,24870560,,DEFA14A,412491,0,0,,tmb-20240424xdefa14a.htm,DEFA14A
0001558370-24-005588,2024-04-24,2024-06-11,2024-04-24T20:10:02.000Z,34,DEF 14A,001-33764,24870647,,XBRL,5551612,1,1,,tmb-20240611xdef14a.htm,DEF 14A
0001558370-24-008776,2024-05-30,2024-05-30,2024-05-30T20:06:38.000Z,34,8-K,001-33764,241005228,"2.02,9.01",XBRL,569287,1,1,,ulta-20240530x8k.htm,8-K
0001558370-24-008777,2024-05-30,2024-05-04,2024-05-30T20:09:32.000Z,34,10-Q,001-33764,241005403,,XBRL,4532977,1,1,,ulta-20240504x10q.htm,10-Q
0001921094-24-000728,2024-06-04,,2024-06-04T20:13:02.000Z,33,144,001-33764,241018145,,144,4326,0,0,,xsl144X01/primary_doc.xml,
0000897069-24-001308,2024-06-05,2024-06-04,2024-06-05T20:45:23.000Z,,4,,,,4,4268,0,0,,xslF345X05/form4.xml,
0001921094-24-000777,2024-06-11,,2024-06-11T20:32:05.000Z,33,144,001-33764,241036251,,144,4485,0,0,,xsl144X01/primary_doc.xml,
0000897069-24-001354,2024-06-12,2024-06-11,2024-06-12T21:00:46.000Z,,4,,,,4,5947,0,0,,xslF345X05/form4.xml,
0000897069-24-001356,2024-06-12,2024-06-11,2024-06-12T21:02:25.000Z,,4,,,,4,4451,0,0,,xslF345X05/form4.xml,
0000897069-24-001358,2024-06-12,2024-06-11,2024-06-12T21:03:48.000Z,,4,,,,4,4445,0,0,,xslF345X05/form4.xml,
0000897069-24-001360,2024-06-12,2024-06-11,2024-06-12T21:05:33.000Z,,4,,,,4,4404,0,0,,xslF345X05/form4.xml,
0000897069-24-001362,2024-06-12,2024-06-11,2024-06-12T21:11:03.000Z,,4,,,,4,4402,0,0,,xslF345X05/form4.xml,
0000897069-24-001364,2024-06-12,2024-06-11,2024-06-12T21:13:00.000Z,,4,,,,4,4452,0,0,,xslF345X05/form4.xml,
0000897069-24-001366,2024-06-12,2024-06-11,2024-06-12T21:14:44.000Z,,4,,,,4,4415,0,0,,xslF345X05/form4.xml,
0000897069-24-001368,2024-06-12,2024-06-11,2024-06-12T21:16:11.000Z,,4,,,,4,4433,0,0,,xslF345X05/form4.xml,
0000897069-24-001370,2024-06-12,2024-06-11,2024-06-12T21:17:53.000Z,,4,,,,4,4411,0,0,,xslF345X05/form4.xml,
0000897069-24-001372,2024-06-12,2024-06-11,2024-06-12T21:19:35.000Z,,4,,,,4,5406,0,0,,xslF345X05/form4.xml,
0001558370-24-009248,2024-06-17,2024-06-11,2024-06-17T20:22:10.000Z,34,8-K,001-33764,241048575,5.07,XBRL,235446,1,1,,ulta-20240611x8k.htm,8-K
0001921094-24-000854,2024-06-25,,2024-06-25T21:02:40.000Z,33,144,001-33764,241069763,,144,4355,0,0,,xsl144X01/primary_doc.xml,
0000897069-24-001453,2024-06-27,2024-06-25,2024-06-27T21:00:23.000Z,,4,,,,4,4251,0,0,,xslF345X05/form4.xml,
0001921094-24-000879,2024-07-02,,2024-07-02T20:15:35.000Z,33,144,001-33764,241095472,,144,4389,0,0,,xsl144X01/primary_doc.xml,
0000897069-24-001477,2024-07-03,2024-07-02,2024-07-03T20:54:15.000Z,,4,,,,4,4248,0,0,,xslF345X05/form4.xml,
0001558370-24-012541,2024-08-29,2024-08-29,2024-08-29T20:06:28.000Z,34,8-K,001-33764,241263648,"2.02,9.01",XBRL,686420,1,1,,ulta-20240829x8k.htm,8-K
0001558370-24-012542,2024-08-29,2024-08-03,2024-08-29T20:08:25.000Z,34,10-Q,001-33764,241263696,,XBRL,5326340,1,1,,ulta-20240803x10q.htm,10-Q
0001558370-24-013325,2024-10-16,2024-10-16,2024-10-16T12:10:24.000Z,34,8-K,001-33764,241373333,"7.01,9.01",XBRL,247513,1,1,,ulta-20241016x8k.htm,8-K
0001558370-24-016047,2024-12-05,2024-12-05,2024-12-05T21:06:40.000Z,34,8-K,001-33764,241529136,"2.02,9.01",XBRL,696135,1,1,,ulta-20241205x8k.htm,8-K
0001558370-24-016048,2024-12-05,2024-11-02,2024-12-05T21:09:36.000Z,34,10-Q,001-33764,241529174,,XBRL,5527128,1,1,,ulta-20241102x10q.htm,10-Q
0001104659-25-001305,2025-01-06,2025-01-06,2025-01-06T21:05:24.000Z,34,8-K,001-33764,25511069,"5.02,9.01",XBRL,238817,1,1,,tm252061d1_8k.htm,FORM 8-K
0000093751-25-000089,2025-02-05,,2025-02-05T12:50:42.000Z,34,SCHEDULE 13G,005-83683,25590932,,SCHEDULE 13G,8304,0,0,,xslSCHEDULE_13G_X01/primary_doc.xml,
0001558370-25-002905,2025-03-13,2025-03-13,2025-03-13T20:07:15.000Z,34,8-K,001-33764,25735781,"2.02,9.01",XBRL,676069,1,1,,ulta-20250313x8k.htm,8-K
0001558370-25-003009,2025-03-14,2025-03-13,2025-03-14T20:31:12.000Z,34,8-K,001-33764,25740506,5.02,XBRL,160648,1,1,,ulta-20250313x8k.htm,8-K
0000897069-25-000619,2025-03-17,2025-01-31,2025-03-17T21:34:05.000Z,,4,,,,4,12018,0,0,,xslF345X05/form4.xml,
0000897069-25-000652,2025-03-18,2025-03-15,2025-03-18T22:44:20.000Z,,4,,,,4,8244,0,0,,xslF345X05/form4.xml,
0000897069-25-000654,2025-03-18,2025-03-15,2025-03-18T22:47:13.000Z,,4,,,,4,8239,0,0,,xslF345X05/form4.xml,
0000897069-25-000656,2025-03-18,2025-03-15,2025-03-18T22:50:23.000Z,,4,,,,4,8230,0,0,,xslF345X05/form4.xml,
0000897069-25-000658,2025-03-18,2025-03-15,2025-03-18T22:52:38.000Z,,4,,,,4,8225,0,0,,xslF345X05/form4.xml,
0000897069-25-000678,2025-03-24,2025-03-20,2025-03-24T21:33:56.000Z,,4,,,,4,4287,0,0,,xslF345X05/form4.xml,
0001558370-25-003810,2025-03-27,2025-02-01,2025-03-27T20:05:28.000Z,34,10-K,001-33764,25779269,,XBRL,13032393,1,1,,ulta-20250201x10k.htm,10-K
0001921094-25-000365,2025-04-01,,2025-04-01T20:08:06.000Z,33,144,001-33764,25799673,,144,4288,0,0,,xsl144X01/primary_doc.xml,
0000897069-25-000738,2025-04-02,2025-03-31,2025-04-02T21:25:16.000Z,,4,,,,4,6769,0,0,,xslF345X05/form4.xml,
0000897069-25-000740,2025-04-02,2025-03-31,2025-04-02T21:27:45.000Z,,4,,,,4,6780,0,0,,xslF345X05/form4.xml,
0000897069-25-000742,2025-04-02,2025-03-31,2025-04-02T21:30:26.000Z,,4,,,,4,10567,0,0,,xslF345X05/form4.xml,
0000897069-25-000744,2025-04-02,2025-04-01,2025-04-02T21:32:19.000Z,,4,,,,4,7920,0,0,,xslF345X05/form4.xml,
0001558370-25-005256,2025-04-23,,2025-04-23T20:02:18.000Z,34,DEFA14A,001-33764,25861348,,DEFA14A,377869,0,0,,tmb-20250423xdefa14a.htm,DEFA14A
0001558370-25-005260,2025-04-23,2025-06-11,2025-04-23T20:05:22.000Z,34,DEF 14A,001-33764,25861394,,XBRL,5776751,1,1,,tmb-20250611xdef14a.htm,DEF 14A
0001104659-25-038002,2025-04-23,2025-02-01,2025-04-23T20:09:47.000Z,34,ARS,001-33764,25861533,,ARS,28180085,0,0,,tm2512916d1_ars.pdf,ARS
0000897069-25-000901,2025-05-02,2025-04-28,2025-05-02T20:34:02.000Z,,3,,,,3,12531,0,0,,xslF345X02/form3.xml,
0000897069-25-000903,2025-05-02,2025-04-28,2025-05-02T20:55:21.000Z,,3/A,,,,3/A,12687,0,0,,xslF345X02/form3.xml,
0000093751-25-000328,2025-05-13,,2025-05-13T16:28:23.000Z,34,SCHEDULE 13G,005-83683,25938603,,SCHEDULE 13G,8264,0,0,,xslSCHEDULE_13G_X01/primary_doc.xml,
0001558370-25-008242,2025-05-29,2025-05-29,2025-05-29T20:07:11.000Z,34,8-K,001-33764,251003342,"2.02,9.01",XBRL,566477,1,1,,ulta-20250529x8k.htm,8-K
0001558370-25-008243,2025-05-29,2025-05-03,2025-05-29T20:08:34.000Z,34,10-Q,001-33764,251003361,,XBRL,4973648,1,1,,ulta-20250503x10q.htm,10-Q
0001921094-25-000598,2025-06-03,,2025-06-03T20:44:17.000Z,33,144,001-33764,251020358,,144,5699,0,0,,xsl144X01/primary_doc.xml,
0000897069-25-001088,2025-06-12,2025-06-11,2025-06-12T21:26:49.000Z,,4,,,,4,5402,0,0,,xslF345X05/form4.xml,
0000897069-25-001090,2025-06-12,2025-06-11,2025-06-12T21:29:23.000Z,,4,,,,4,4405,0,0,,xslF345X05/form4.xml,
0000897069-25-001092,2025-06-12,2025-06-11,2025-06-12T21:31:52.000Z,,4,,,,4,4423,0,0,,xslF345X05/form4.xml,
0000897069-25-001094,2025-06-12,2025-06-11,2025-06-12T21:34:35.000Z,,4,,,,4,5938,0,0,,xslF345X05/form4.xml,
0000897069-25-001096,2025-06-12,2025-06-11,2025-06-12T21:38:16.000Z,,4,,,,4,4443,0,0,,xslF345X05/form4.xml,
0000897069-25-001098,2025-06-12,2025-06-11,2025-06-12T21:41:12.000Z,,4,,,,4,4392,0,0,,xslF345X05/form4.xml,
0000897069-25-001100,2025-06-12,2025-06-11,2025-06-12T21:43:55.000Z,,4,,,,4,4394,0,0,,xslF345X05/form4.xml,
0000897069-25-001102,2025-06-12,2025-06-11,2025-06-12T21:47:16.000Z,,4,,,,4,5814,0,0,,xslF345X05/form4.xml,
0000897069-25-001104,2025-06-12,2025-06-11,2025-06-12T21:49:37.000Z,,4,,,,4,4442,0,0,,xslF345X05/form4.xml,
0001558370-25-008584,2025-06-13,2025-06-11,2025-06-12T22:32:47.000Z,34,8-K,001-33764,251044213,5.07,XBRL,236337,1,1,,ulta-20250611x8k.htm,8-K
0001558370-25-009003,2025-06-30,2025-06-24,2025-06-30T20:32:48.000Z,34,8-K,001-33764,251092559,"5.02,8.01,9.01",XBRL,212331,1,1,,ulta-20250624x8k.htm,8-K
0000897069-25-001163,2025-07-07,2025-06-27,2025-07-07T21:09:17.000Z,,3,,,,3,19679,0,0,,xslF345X02/form3.xml,
0002052113-25-003137,2025-07-17,,2025-07-18T00:12:40.000Z,34,SCHEDULE 13G/A,005-83683,251132303,,SCHEDULE 13G/A,11314,0,0,,xslSCHEDULE_13G_X01/primary_doc.xml,
0001558370-25-009612,2025-07-25,2025-07-21,2025-07-25T20:08:01.000Z,34,8-K,001-33764,251151762,5.02,XBRL,156824,1,1,,ulta-20250721x8k.htm,8-K
0001104659-25-078160,2025-08-14,2025-08-14,2025-08-14T13:03:43.000Z,34,8-K,001-33764,251214754,"8.01,9.01",XBRL,215349,1,1,,tm2523455d1_8k.htm,FORM 8-K
0001558370-25-011702,2025-08-21,2025-08-20,2025-08-21T13:10:31.000Z,34,8-K,001-33764,251238617,"5.02,8.01,9.01",XBRL,200131,1,1,,ulta-20250820x8k.htm,8-K
0001558370-25-011803,2025-08-28,2025-08-28,2025-08-28T20:07:22.000Z,34,8-K,001-33764,251273431,"2.02,9.01",XBRL,701716,1,1,,ulta-20250828x8k.htm,8-K
0001558370-25-011804,2025-08-28,2025-08-02,2025-08-28T20:09:10.000Z,34,10-Q,001-33764,251273465,,XBRL,8253278,1,1,,ulta-20250802x10q.htm,10-Q
0000897069-25-001420,2025-09-03,2025-09-01,2025-09-03T21:31:36.000Z,,3,,,,3,11336,0,0,,xslF345X02/form3.xml,
0000897069-25-001422,2025-09-03,2025-09-01,2025-09-03T21:34:24.000Z,,3,,,,3,11369,0,0,,xslF345X02/form3.xml,
0000897069-25-001424,2025-09-03,2025-09-01,2025-09-03T21:36:02.000Z,,4,,,,4,4380,0,0,,xslF345X05/form4.xml,
0000897069-25-001426,2025-09-03,2025-09-01,2025-09-03T21:37:55.000Z,,4,,,,4,4410,0,0,,xslF345X05/form4.xml,
0001921094-25-001085,2025-09-04,,2025-09-04T20:29:46.000Z,33,144,001-33764,251293808,,144,4868,0,0,,xsl144X01/primary_doc.xml,
0000897069-25-001442,2025-09-08,2025-09-04,2025-09-08T20:53:06.000Z,,4,,,,4,4262,0,0,,xslF345X05/form4.xml,
0001921094-25-001134,2025-09-11,,2025-09-11T20:04:25.000Z,33,144,001-33764,251308535,,144,4329,0,0,,xsl144X01/primary_doc.xml,
0001921094-25-001191,2025-09-22,,2025-09-22T20:21:15.000Z,33,144,001-33764,251330274,,144,5082,0,0,,xsl144X01/primary_doc.xml,
0001104659-25-099926,2025-10-16,2025-10-10,2025-10-16T13:00:43.000Z,34,8-K,001-33764,251396561,"5.02,8.01,9.01",XBRL,221584,1,1,,tm2528762d2_8k.htm,FORM 8-K
0001104659-25-118457,2025-12-04,2025-12-04,2025-12-04T21:07:38.000Z,34,8-K,001-33764,251549459,"2.02,9.01",XBRL,702557,1,1,,ulta-20251204x8k.htm,8-K
0001104659-25-118458,2025-12-04,2025-11-01,2025-12-04T21:09:51.000Z,34,10-Q,001-33764,251549480,,XBRL,6492543,1,1,,ulta-20251101x10q.htm,10-Q
0000897069-25-001788,2025-12-10,2025-12-05,2025-12-10T21:41:13.000Z,,3,,,,3,10540,0,0,,xslF345X02/form3.xml,
0000897069-25-001790,2025-12-10,2025-12-09,2025-12-10T21:43:05.000Z,,4,,,,4,6156,0,0,,xslF345X05/form4.xml,
0000897069-25-001812,2025-12-17,2025-12-15,2025-12-17T21:39:45.000Z,,4,,,,4,4263,0,0,,xslF345X05/form4.xml,
0001104659-25-122603,2025-12-18,2025-12-15,2025-12-18T22:08:38.000Z,34,8-K,001-33764,251583906,"5.02,9.01",XBRL,427238,1,1,,ulta-20251215x8k.htm,8-K
0000897069-26-000385,2026-02-17,2026-02-12,2026-02-17T22:05:57.000Z,,4,,,,4,5131,0,0,,xslF345X05/form4.xml,FORM 4
0000897069-26-000396,2026-02-17,2026-02-12,2026-02-17T22:29:44.000Z,,4,,,,4,13990,0,0,,xslF345X05/form4.xml,FORM 4
0001104659-26-027061,2026-03-12,2026-03-12,2026-03-12T20:07:33.000Z,34,8-K,001-33764,26747696,"2.02,9.01",XBRL,652493,1,1,,ulta-20260312x8k.htm,8-K
0000897069-26-000701,2026-03-17,2026-03-15,2026-03-17T21:15:31.000Z,,4,,,,4,6409,0,0,,xslF345X05/form4.xml,FORM 4
0000897069-26-000703,2026-03-17,2026-03-15,2026-03-17T21:17:36.000Z,,4,,,,4,6394,0,0,,xslF345X05/form4.xml,FORM 4
0001104659-26-035243,2026-03-26,2026-01-31,2026-03-26T20:33:00.000Z,34,10-K,001-33764,26798767,,XBRL,13269365,1,1,,ulta-20260131x10k.htm,10-K
0000102909-26-002570,2026-03-27,,2026-03-27T17:54:33.000Z,34,SCHEDULE 13G/A,005-83683,26805146,,SCHEDULE 13G/A,7247,0,0,,xslSCHEDULE_13G_X02/primary_doc.xml,
0000897069-26-000769,2026-04-02,2026-03-31,2026-04-02T20:42:39.000Z,,4,,,,4,7068,0,0,,xslF345X06/form4.xml,FORM 4
0000897069-26-000771,2026-04-02,2026-03-31,2026-04-02T20:45:44.000Z,,4,,,,4,7134,0,0,,xslF345X06/form4.xml,FORM 4
0000897069-26-000773,2026-04-02,2026-03-31,2026-04-02T20:47:22.000Z,,4,,,,4,7086,0,0,,xslF345X06/form4.xml,FORM 4
0000897069-26-000776,2026-04-02,2026-03-31,2026-04-02T20:49:17.000Z,,4,,,,4,9720,0,0,,xslF345X06/form4.xml,FORM 4
0000897069-26-000783,2026-04-02,2026-03-31,2026-04-03T00:25:36.000Z,,4,,,,4,7079,0,0,,xslF345X06/form4.xml,FORM 4
0001104659-26-039665,2026-04-03,2026-06-09,2026-04-03T20:55:02.000Z,34,PRE 14A,001-33764,26838776,,XBRL,5978536,1,1,,tmb-20260609xpre14a.htm,PRE 14A
0001959173-26-002798,2026-04-06,,2026-04-06T20:19:21.000Z,33,144,001-33764,26841461,,144,4527,0,0,0.0,xsl144X01/primary_doc.xml,
0000897069-26-000823,2026-04-07,2026-04-07,2026-04-07T21:02:09.000Z,,4,,,,4,12078,0,0,0.0,xslF345X06/form4.xml,FORM 4
0000000000-26-003541,2026-04-08,,2026-04-08T19:00:14.000Z,,UPLOAD,001-33764,,,LETTER,42747,0,0,0.0,filename1.pdf,
0001104659-26-041990,2026-04-10,,2026-04-10T20:08:22.000Z,34,PRER14A,001-33764,26854923,,XBRL,5980932,1,1,0.0,tmb-20260131xprer14a.htm,PRER14A
0001104659-26-041998,2026-04-10,,2026-04-10T20:10:12.000Z,,CORRESP,,,,CORRESP,49945,0,0,0.0,filename1.htm,
0001104659-26-046308,2026-04-22,2026-06-09,2026-04-22T10:30:31.000Z,34,DEF 14A,001-33764,26881246,,XBRL,6190243,1,1,0.0,tmb-20260609xdef14a.htm,DEF 14A
0001104659-26-046311,2026-04-22,,2026-04-22T10:31:30.000Z,34,DEFA14A,001-33764,26881248,,DEFA14A,413792,0,0,0.0,tmb-20260421xdefa14a.htm,DEFA14A
0000000000-26-004064,2026-04-22,,2026-04-22T12:30:12.000Z,,UPLOAD,001-33764,,,LETTER,142846,0,0,0.0,filename1.pdf,
0001104659-26-046620,2026-04-22,2026-01-31,2026-04-22T17:14:09.000Z,34,ARS,001-33764,26882585,,ARS,41124043,0,0,0.0,tmb-20260131xars.pdf,ARS
0002100119-26-001101,2026-04-30,,2026-04-30T17:57:25.000Z,34,SCHEDULE 13G,005-83683,26923013,,SCHEDULE 13G,7480,0,0,0.0,xslSCHEDULE_13G_X02/primary_doc.xml,
0001104659-26-069464,2026-06-02,2026-06-02,2026-06-02T20:06:38.000Z,34,8-K,001-33764,261055966,"2.02,9.01",XBRL,544220,1,1,0.0,ulta-20260602x8k.htm,8-K
0001104659-26-069491,2026-06-02,2026-05-02,2026-06-02T20:19:33.000Z,34,10-Q,001-33764,261056313,,XBRL,5191095,1,1,1.0,ulta-20260502x10q.htm,10-Q
0001104659-26-071026,2026-06-05,,2026-06-05T21:00:05.000Z,34,DEFA14A,001-33764,261070045,,DEFA14A,20087,0,0,0.0,tmb-20260605xdefa14a.htm,DEFA14A
0001104659-26-071896,2026-06-09,2026-06-09,2026-06-09T21:01:03.000Z,34,8-K,001-33764,261076947,"5.02,5.03,5.07,9.01",XBRL,470504,1,1,0.0,ulta-20260609x8k.htm,8-K
0001104659-26-072404,2026-06-10,,2026-06-10T20:56:24.000Z,33,S-8,333-296682,261080434,,S-8,270798,1,1,0.0,tmb-20260610xs8.htm,S-8
0001104659-26-072405,2026-06-10,,2026-06-10T20:57:38.000Z,33,S-8 POS,333-176735,261080447,,S-8 POS,141266,0,0,0.0,tmb-20260610xs8pos.htm,S-8 POS
0000897069-26-001367,2026-06-11,2026-06-10,2026-06-11T21:31:28.000Z,,4,,,,4,4731,0,0,0.0,xslF345X06/form4.xml,FORM 4
0000897069-26-001369,2026-06-11,2026-06-10,2026-06-11T21:32:39.000Z,,4,,,,4,4744,0,0,0.0,xslF345X06/form4.xml,FORM 4
0000897069-26-001371,2026-06-11,2026-06-10,2026-06-11T21:33:52.000Z,,4,,,,4,4790,0,0,0.0,xslF345X06/form4.xml,FORM 4
0000897069-26-001373,2026-06-11,2026-06-10,2026-06-11T21:35:01.000Z,,4,,,,4,4758,0,0,0.0,xslF345X06/form4.xml,FORM 4
0000897069-26-001376,2026-06-11,2026-06-10,2026-06-11T21:38:17.000Z,,4,,,,4,6081,0,0,0.0,xslF345X06/form4.xml,FORM 4
0000897069-26-001378,2026-06-11,2026-06-10,2026-06-11T21:39:37.000Z,,4,,,,4,4786,0,0,0.0,xslF345X06/form4.xml,FORM 4
0000897069-26-001380,2026-06-11,2026-06-10,2026-06-11T21:42:20.000Z,,4,,,,4,4735,0,0,0.0,xslF345X06/form4.xml,FORM 4
0000897069-26-001382,2026-06-11,2026-06-10,2026-06-11T21:43:55.000Z,,4,,,,4,6111,0,0,0.0,xslF345X06/form4.xml,FORM 4
0000897069-26-001384,2026-06-11,2026-06-10,2026-06-11T21:45:17.000Z,,4,,,,4,4785,0,0,0.0,xslF345X06/form4.xml,FORM 4
0001921094-26-000651,2026-06-15,,2026-06-15T20:07:43.000Z,33,144,001-33764,261090834,,144,4968,0,0,0.0,xsl144X01/primary_doc.xml,
0000897069-26-001418,2026-06-16,2026-06-15,2026-06-16T21:19:56.000Z,,4,,,,4,4562,0,0,0.0,xslF345X06/form4.xml,FORM 4
0001104659-26-083524,2026-07-14,2026-07-14,2026-07-14T20:30:25.000Z,34,8-K,001-33764,261174587,"5.02,7.01,9.01",XBRL,188619,1,1,0.0,ulta-20260714x8k.htm,8-K
0001172661-26-003044,2026-08-04,,2026-08-04T16:25:32.000Z,34,SCHEDULE 13G,005-83683,261236876,,SCHEDULE 13G,8356,0,0,0.0,xslSCHEDULE_13G_X02/primary_doc.xml,
0001104659-26-097497,2026-08-17,2026-08-13,2026-08-17T10:30:42.000Z,34,8-K,001-33764,261284699,"5.02,8.01,9.01",XBRL,189860,1,1,0.0,ulta-20260813x8k.htm,8-K
0001104659-26-102438,2026-08-27,2026-08-27,2026-08-27T20:07:37.000Z,34,8-K,001-33764,261330210,"2.02,9.01",XBRL,658894,1,1,0.0,ulta-20260827x8k.htm,8-K
0001104659-26-102442,2026-08-27,2026-08-01,2026-08-27T20:09:11.000Z,34,10-Q,001-33764,261330323,,XBRL,6352361,1,1,1.0,ulta-20260801x10q.htm,10-Q
0000897069-26-001737,2026-09-02,2026-08-31,2026-09-02T21:52:11.000Z,,3,,,,3,10135,0,0,0.0,xslF345X06/form3.xml,FORM 3
0000897069-26-001739,2026-09-02,2026-09-01,2026-09-02T21:55:47.000Z,,4,,,,4,4733,0,0,0.0,xslF345X06/form4.xml,FORM 4
0000897069-26-001748,2026-09-03,2026-09-01,2026-09-03T20:46:10.000Z,,4,,,,4,7099,0,0,0.0,xslF345X06/form4.xml,FORM 4
0001921094-26-001008,2026-09-11,,2026-09-11T20:25:47.000Z,33,144,001-33764,261374670,,144,4267,0,0,0.0,xsl144X01/primary_doc.xml,
0000897069-26-001776,2026-09-14,2026-09-11,2026-09-14T20:36:46.000Z,,4,,,,4,5041,0,0,0.0,xslF345X06/form4.xml,FORM 4
0001921094-26-001034,2026-09-17,,2026-09-17T20:44:54.000Z,33,144,001-33764,261387434,,144,4279,0,0,0.0,xsl144X01/primary_doc.xml,
0000897069-26-001790,2026-09-21,2026-09-17,2026-09-21T21:16:10.000Z,,4,,,,4,5124,0,0,0.0,xslF345X06/form4.xml,FORM 4
