accessionNumber,filingDate,reportDate,acceptanceDateTime,act,form,fileNumber,filmNumber,items,core_type,size,isXBRL,isInlineXBRL,isXBRLNumeric,primaryDocument,primaryDocDescription
0000766524-95-000110,1995-02-06,,1995-02-06T05:00:00.000Z,,SC 13G,005-34746,95505442,,SC 13G,19303,0,0,,,5% MONTHLY HOLDINGS REPORT
0000080255-95-000032,1995-02-14,,1995-02-14T05:00:00.000Z,,SC 13G/A,005-34746,95510061,,SC 13G/A,16101,0,0,,,
0000723531-95-000006,1995-03-22,1995-05-31,1995-03-22T05:00:00.000Z,,8-K,000-11330,95522324,5,8-K,4840,0,0,,,
0000723531-95-000009,1995-03-24,1995-02-28,1995-03-24T05:00:00.000Z,,10-Q,000-11330,95522865,,10-Q,26506,0,0,,,
0000723531-95-000011,1995-04-14,,1995-04-14T04:00:00.000Z,,S-4,033-58619,95528840,,S-4,474155,0,0,,,
0000723531-95-000017,1995-05-18,,1995-05-18T04:00:00.000Z,,S-4/A,033-58619,95540916,,S-4/A,446593,0,0,,,
0000950148-95-000296,1995-05-24,,1995-05-24T04:00:00.000Z,,424B3,033-58619,95541944,,424B3,462334,0,0,,,FORM 424(B)(3)
0000723531-95-000021,1995-06-15,,1995-06-15T04:00:00.000Z,,S-8,033-60255,95547275,,S-8,32249,0,0,,,
0000723531-95-000024,1995-08-08,1995-08-11,1995-08-08T04:00:00.000Z,,PRE 14A,000-11330,95559668,,PRE 14A,66358,0,0,,,
0000723531-95-000026,1995-08-18,1995-05-31,1995-08-18T04:00:00.000Z,,10-K,000-11330,95565077,,10-K,77847,0,0,,,
0000723531-95-000028,1995-08-22,1995-08-11,1995-08-22T04:00:00.000Z,,DEF 14A,000-11330,95565743,,DEF 14A,66793,0,0,,,
0000723531-95-000030,1995-08-25,1995-07-31,1995-08-25T04:00:00.000Z,,8-K,000-11330,95566945,5,8-K,3574,0,0,,,
0000723531-95-000032,1995-10-13,1995-08-31,1995-10-13T04:00:00.000Z,,10-Q,000-11330,95580327,,10-Q,25093,0,0,,,
0000723531-95-000034,1995-11-17,,1995-11-17T05:00:00.000Z,,S-8,033-64389,95594610,,S-8,48203,0,0,,,
0000723531-96-000002,1996-01-10,1995-11-30,1996-01-10T05:00:00.000Z,,10-Q,000-11330,96502471,,10-Q,30448,0,0,,,
0000766524-96-000059,1996-01-19,,1996-01-19T05:00:00.000Z,,SC 13G/A,005-34746,96505543,,SC 13G/A,19310,0,0,,,5% MONTHLY HOLDINGS REPORT
0000903201-96-000002,1996-02-01,,1996-02-01T05:00:00.000Z,,SC 13G/A,005-34746,96509743,,SC 13G/A,7079,0,0,,,
0000080255-96-000215,1996-02-15,,1996-02-15T05:00:00.000Z,,SC 13G/A,005-34746,96521110,,SC 13G/A,12339,0,0,,,
0000723531-96-000008,1996-04-11,1996-02-29,1996-04-11T04:00:00.000Z,,10-Q,000-11330,96546197,,10-Q,26712,0,0,,,
0000723531-96-000010,1996-07-09,1996-06-25,1996-07-09T04:00:00.000Z,,8-K,000-11330,96592420,"2,7",8-K,196277,0,0,,,
0000723531-96-000017,1996-08-08,1996-08-05,1996-08-08T04:00:00.000Z,,DEF 14A,000-11330,96605538,,DEF 14A,37667,0,0,,,
0000723531-96-000018,1996-08-14,1996-05-31,1996-08-14T04:00:00.000Z,,10-K,000-11330,96611997,,10-K,87902,0,0,,,
0000723531-96-000020,1996-10-15,1996-08-31,1996-10-15T04:00:00.000Z,,10-Q,000-11330,96642894,,10-Q,33396,0,0,,,
0000723531-96-000022,1996-10-22,1996-09-30,1996-10-22T04:00:00.000Z,,8-K,000-11330,96646096,5,8-K,9344,0,0,,,
0000723531-96-000024,1996-10-30,1996-08-31,1996-10-30T05:00:00.000Z,,10-Q/A,000-11330,96649888,,10-Q/A,6085,0,0,,,
0000723531-96-000027,1996-10-30,,1996-10-30T05:00:00.000Z,,S-3,333-15105,96650400,,S-3,130981,0,0,,,
0000723531-97-000002,1997-01-14,1996-11-30,1997-01-14T05:00:00.000Z,,10-Q,000-11330,97505447,,10-Q,37807,0,0,,,
0000723531-97-000004,1997-01-21,1996-12-31,1997-01-21T05:00:00.000Z,,8-K,000-11330,97508235,5,8-K,4046,0,0,,,
0000766524-97-000201,1997-01-30,,1997-01-30T05:00:00.000Z,,SC 13G/A,005-34746,97514204,,SC 13G/A,20508,0,0,,,5% MONTHLY HOLDINGS
0000723531-97-000006,1997-01-31,,1997-01-31T05:00:00.000Z,,S-3,333-20797,97515057,,S-3,120120,0,0,,,
0000080835-97-000015,1997-02-12,,1997-02-12T05:00:00.000Z,,SC 13G,005-34746,97526237,,SC 13G,14046,0,0,,,
0000080255-97-000215,1997-02-13,,1997-02-13T05:00:00.000Z,,SC 13G/A,005-34746,97528474,,SC 13G/A,10209,0,0,,,
0000080835-97-000021,1997-02-18,,1997-02-18T05:00:00.000Z,,SC 13G/A,005-34746,97536612,,SC 13G/A,14046,0,0,,,
0000903201-97-000002,1997-02-21,,1997-02-21T05:00:00.000Z,,SC 13G/A,005-34746,97540637,,SC 13G/A,7080,0,0,,,
0000723531-97-000010,1997-03-26,1997-02-28,1997-03-26T05:00:00.000Z,,10-Q,000-11330,97563350,,10-Q,38628,0,0,,,
0000723531-97-000012,1997-03-27,,1997-03-27T05:00:00.000Z,,S-3/A,333-20797,97565339,,S-3/A,121180,0,0,,,
0000723531-97-000014,1997-04-25,1997-04-22,1997-04-25T04:00:00.000Z,,8-K,000-11330,97587763,5,8-K,3559,0,0,,,
0000080835-97-000038,1997-05-12,,1997-05-12T04:00:00.000Z,,SC 13G/A,005-34746,97600848,,SC 13G/A,14041,0,0,,,
0000723531-97-000021,1997-05-22,,1997-05-22T04:00:00.000Z,,S-3/A,333-20797,97613180,,S-3/A,160114,0,0,,,
0000723531-97-000022,1997-05-22,,1997-05-22T04:00:00.000Z,,POS AM,333-15105,97613145,,POS AM,163451,0,0,,,
0000723531-97-000024,1997-06-26,1996-12-31,1997-06-26T04:00:00.000Z,,11-K,000-11330,97630369,,11-K,39088,0,0,,,
0000723531-97-000026,1997-07-22,1997-08-08,1997-07-22T04:00:00.000Z,,PRE 14A,000-11330,97643651,,PRE 14A,47823,0,0,,,TEXT OF PROXY
0000723531-97-000028,1997-08-07,1997-08-08,1997-08-07T04:00:00.000Z,,DEF 14A,000-11330,97653024,,DEF 14A,47986,0,0,,,
0000723531-97-000030,1997-08-15,1997-05-31,1997-08-15T04:00:00.000Z,,10-K,000-11330,97664607,,10-K,138012,0,0,,,
0000080835-97-000079,1997-09-18,,1997-09-18T04:00:00.000Z,,SC 13G/A,005-34746,97682070,,SC 13G/A,14021,0,0,,,
0000723531-97-000033,1997-10-14,1997-08-31,1997-10-14T04:00:00.000Z,,10-Q,000-11330,97695202,,10-Q,51368,0,0,,,
0000723531-98-000002,1998-01-14,1997-11-30,1998-01-14T05:00:00.000Z,,10-Q,000-11330,98506844,,10-Q,51426,0,0,,,
0000903201-98-000002,1998-01-15,,1998-01-15T05:00:00.000Z,,SC 13G/A,005-34746,98507321,,SC 13G/A,7079,0,0,,,
0000766524-98-000282,1998-01-26,,1998-01-26T05:00:00.000Z,,SC 13G/A,005-34746,98512784,,SC 13G/A,20288,0,0,,,MONTHLY 5% HOLDINGS REPORT
0000723531-98-000005,1998-04-07,1998-02-28,1998-04-07T04:00:00.000Z,,10-Q,000-11330,98588945,,10-Q,56468,0,0,,,
0000723531-98-000008,1998-06-29,1997-12-31,1998-06-29T04:00:00.000Z,,11-K,000-11330,98655990,,11-K,40767,0,0,,,
0000723531-98-000010,1998-07-02,1998-05-31,1998-07-02T04:00:00.000Z,,8-K,000-11330,98659668,5,8-K,27675,0,0,,,
0000723531-98-000012,1998-08-07,1998-08-07,1998-08-07T04:00:00.000Z,,DEF 14A,000-11330,98679501,,DEF 14A,61216,0,0,,,
0000723531-98-000014,1998-08-27,1998-05-31,1998-08-27T04:00:00.000Z,,10-K,000-11330,98698765,,10-K,123040,0,0,,,
0000723531-98-000016,1998-09-15,1998-08-31,1998-09-15T04:00:00.000Z,,8-K,000-11330,98709519,5,8-K,18176,0,0,,,
0000723531-98-000019,1998-10-01,,1998-10-01T04:00:00.000Z,,S-8,333-65191,98719506,,S-8,36995,0,0,,,
0000723531-98-000021,1998-10-02,1998-10-01,1998-10-02T04:00:00.000Z,,8-K,000-11330,98720133,5,8-K,5970,0,0,,,
0000723531-98-000023,1998-10-15,1998-08-31,1998-10-15T04:00:00.000Z,,10-Q,000-11330,98725848,,10-Q,46740,0,0,,,
0000723531-98-000025,1998-12-15,1998-11-30,1998-12-15T05:00:00.000Z,,10-Q,000-11330,98769346,,10-Q,56972,0,0,,,
0000903201-99-000002,1999-02-03,,1999-02-03T05:00:00.000Z,,SC 13G/A,005-34746,99519935,,SC 13G/A,6943,0,0,,,
0000766524-99-000513,1999-02-09,,1999-02-09T05:00:00.000Z,,SC 13G/A,005-34746,99526142,,SC 13G/A,20272,0,0,,,5% MONTHLY HOLDINGS REPORT
0000723531-99-000002,1999-03-17,1999-02-28,1999-03-17T05:00:00.000Z,,10-Q,000-11330,99566652,,10-Q,58510,0,0,,,
0000723531-99-000005,1999-06-25,1998-12-31,1999-06-25T04:00:00.000Z,,11-K,000-11330,99652079,,11-K,32923,0,0,,,
0000723531-99-000006,1999-06-29,1999-05-31,1999-06-29T04:00:00.000Z,,8-K,000-11330,99654201,5,8-K,49765,0,0,,,
0000723531-99-000013,1999-07-30,,1999-07-30T04:00:00.000Z,,S-8,333-84055,99673568,,S-8,423655,0,0,,,
0000723531-99-000015,1999-07-30,1999-10-07,1999-07-30T04:00:00.000Z,,PRE 14A,000-11330,99675406,,PRE 14A,44028,0,0,,,
0000723531-99-000018,1999-08-13,1999-10-07,1999-08-13T04:00:00.000Z,,DEF 14A,000-11330,99687570,,DEF 14A,44035,0,0,,,
0000723531-99-000020,1999-08-27,1999-05-31,1999-08-27T04:00:00.000Z,,10-K,000-11330,99701117,,10-K,126072,0,0,,,
0000059519-99-000015,1999-09-09,,1999-09-09T04:00:00.000Z,,SC 13G,005-34746,99708662,,SC 13G,10466,0,0,,,
0000812295-99-000103,1999-09-10,,1999-09-10T04:00:00.000Z,,SC 13G,005-34746,99709428,,SC 13G,11544,0,0,,,
0000723531-99-000022,1999-09-16,1999-08-31,1999-09-16T04:00:00.000Z,,10-Q,000-11330,99712367,,10-Q,59553,0,0,,,
0000059519-99-000021,1999-11-12,,1999-11-12T05:00:00.000Z,,SC 13G,005-34746,99750150,,SC 13G,10464,0,0,,,
0000723531-99-000024,1999-11-19,,1999-11-19T05:00:00.000Z,,POS AM,333-15105,99761208,,POS AM,6350,0,0,,,
0000723531-99-000026,1999-12-16,1999-11-30,1999-12-16T05:00:00.000Z,,10-Q,000-11330,99775601,,10-Q,69422,0,0,,,
0000723531-00-000003,2000-01-27,2000-01-26,2000-01-27T05:00:00.000Z,,8-K,000-11330,514120,5,8-K,5729,0,0,,,FORM 8-K
0000903201-00-000005,2000-02-04,,2000-02-04T05:00:00.000Z,,SC 13G/A,005-34746,523565,,SC 13G/A,6985,0,0,,,FORM SC 13G/A
0000812295-00-000077,2000-02-15,,2000-02-15T05:00:00.000Z,,SC 13G/A,005-34746,545146,,SC 13G/A,11355,0,0,,,
0000812295-00-000122,2000-03-10,,2000-03-10T05:00:00.000Z,,SC 13G/A,005-34746,566820,,SC 13G/A,11349,0,0,,,
0000723531-00-000006,2000-03-16,2000-02-29,2000-03-16T05:00:00.000Z,,10-Q,000-11330,571143,,10-Q,67270,0,0,,,FORM 10-Q
0000723531-00-000008,2000-04-14,2000-04-13,2000-04-14T04:00:00.000Z,,8-K,000-11330,601407,5,8-K,5200,0,0,,,FORM 8-K
0000723531-00-000010,2000-05-26,1999-12-31,2000-05-26T04:00:00.000Z,,11-K,000-11330,644569,,11-K,21102,0,0,,,FORM 11-K
0000723531-00-000014,2000-06-26,2000-05-31,2000-06-26T04:00:00.000Z,,8-K,000-11330,660379,5,8-K,49834,0,0,,0001.txt,FORM 8-K
0000723531-00-000016,2000-06-27,2000-05-31,2000-06-27T04:00:00.000Z,,8-K,000-11330,661248,5,8-K,16064,0,0,,0001.txt,FORM 8-K
0000723531-00-000018,2000-08-28,2000-10-10,2000-08-28T04:00:00.000Z,,DEF 14A,000-11330,710569,,DEF 14A,41866,0,0,,0001.txt,FORM DEF 14A DEFINITIVE PROXY STATEMENT
0000723531-00-000020,2000-08-28,2000-05-31,2000-08-28T04:00:00.000Z,,10-K,000-11330,710765,,10-K,181919,0,0,,0001.txt,ANNUAL REPORT ON FORM 10-K
0000723531-00-000022,2000-09-20,2000-08-31,2000-09-20T04:00:00.000Z,,10-Q,000-11330,725515,,10-Q,65346,0,0,,0001.txt,FORM 10-Q
0000723531-00-000024,2000-10-10,2000-10-10,2000-10-10T04:00:00.000Z,,8-K,000-11330,736617,5,8-K,5199,0,0,,0001.txt,FORM 8-K
0000723531-00-000027,2000-12-20,2000-11-30,2000-12-20T05:00:00.000Z,,10-Q,000-11330,792118,,10-Q,62906,0,0,,0001.txt,FORM 10-Q
0000723531-00-000028,2000-12-20,2000-12-20,2000-12-20T05:00:00.000Z,,8-K,000-11330,792120,9,8-K,20746,0,0,,0001.txt,
0000903201-01-000003,2001-02-09,,2001-02-09T05:00:00.000Z,,SC 13G/A,005-34746,1530009,,SC 13G/A,7689,0,0,,0001.txt,FORM SC 13G/A
0000812295-01-000050,2001-02-15,,2001-02-15T05:00:00.000Z,,SC 13G/A,005-34746,1547431,,SC 13G/A,11465,0,0,,0001.txt,
0000723531-01-000003,2001-03-19,2001-02-28,2001-03-19T05:00:00.000Z,,10-Q,000-11330,1570928,,10-Q,67151,0,0,,0001.txt,
0000723531-01-000004,2001-03-19,2001-03-19,2001-03-19T05:00:00.000Z,,8-K,000-11330,1570932,9,8-K,21037,0,0,,0001.txt,FORM 8-K
0000723531-01-500005,2001-06-13,2000-12-31,2001-06-13T04:00:00.000Z,,11-K,000-11330,1660148,,11-K,64938,0,0,,payx11k00a.htm,
0000723531-01-500008,2001-06-25,2001-06-25,2001-06-25T04:00:00.000Z,,8-K,000-11330,1666167,9,8-K,54921,0,0,,payx8k.txt,"PAYCHEX, INC. FORM 8-K FILING"
0000723531-01-500012,2001-08-24,2001-10-11,2001-08-24T04:00:00.000Z,,DEF 14A,000-11330,1722368,,DEF 14A,72434,0,0,,payx01proxy.txt,"PAYCHEX, INC. DEFINITIVE PROXY MATERIALS"
0000723531-01-500014,2001-08-24,2001-05-31,2001-08-24T04:00:00.000Z,,10-K,000-11330,1722497,,10-K,203482,0,0,,body10k.txt,PAYCHEX 2001 FORM 10-K
0000723531-01-500018,2001-09-20,2001-09-20,2001-09-20T04:00:00.000Z,,8-K,000-11330,1740761,9,8-K,17323,0,0,,payx8k1q.txt,FORM 8-K
0000723531-01-500020,2001-09-20,2001-08-31,2001-09-20T04:00:00.000Z,,10-Q,000-11330,1740769,,10-Q,68185,0,0,,payx10q1q02.txt,"PAYCHEX, INC. FIRST QUARTER FISCAL 2002 FORM 10-Q"
0000723531-01-500023,2001-10-12,2001-10-11,2001-10-12T04:00:00.000Z,,8-K,000-11330,1757924,9,8-K,4935,0,0,,divinc8k.txt,FORM 8-K
0000723531-01-500024,2001-10-12,2001-10-11,2001-10-12T04:00:00.000Z,,8-K,000-11330,1757927,9,8-K,6081,0,0,,newdirector8k.txt,FORM 8-K
0000723531-01-500028,2001-12-19,2001-11-30,2001-12-19T05:00:00.000Z,,10-Q,000-11330,1817058,,10-Q,66981,0,0,,payx10q2q02edgar.txt,"PAYCHEX, INC. FORM 10-Q"
0000723531-01-500029,2001-12-19,2001-12-19,2001-12-19T05:00:00.000Z,,8-K,000-11330,1817075,9,8-K,21116,0,0,,payx2q8kedgar.txt,"PAYCHEX, INC. FORM 8-K"
0000903201-02-000002,2002-02-01,,2002-02-01T05:00:00.000Z,,SC 13G/A,005-34746,02524646,,SC 13G/A,7953,0,0,,btg13g01.txt,FORM SC 13G/A
0000812295-02-000011,2002-02-08,,2002-02-08T05:00:00.000Z,,SC 13G/A,005-34746,02531985,,SC 13G/A,11406,0,0,,paychex4.txt,
0000950152-02-001911,2002-03-19,2002-02-28,2002-03-19T05:00:00.000Z,,10-Q,000-11330,02578217,,10-Q,628806,0,0,,l93124ae10-q.htm,"PAYCHEX, INC.   10-Q/QUARTER END 2-28-02"
0000950152-02-001912,2002-03-19,2002-03-19,2002-03-19T05:00:00.000Z,,8-K,000-11330,02578218,9,8-K,198277,0,0,,l93350ae8-k.htm,"PAYCHEX, INC.       FORM 8-K DATED 3-19-2002"
0000950152-02-004919,2002-06-19,2001-12-31,2002-06-19T19:48:06.000Z,,11-K,000-11330,02682305,,11-K,218243,0,0,,l94865ae11vk.htm,"PAYCHEX, INC. | FORM 11-K"
0000950128-02-000434,2002-06-25,2002-06-25,2002-06-25T12:18:42.000Z,,8-K,000-11330,02685923,9,8-K,248325,0,0,,l94864ae8vk.htm,"PAYCHEX, INC.    8-K"
0000950152-02-005612,2002-07-22,2002-05-31,2002-07-22T18:00:34.000Z,,10-K,000-11330,02707636,,10-K,1353614,0,0,,l95299ae10vk.htm,"PAYCHEX, INC.   10-K/PERIOD ENDING 5-31-2002"
0000950152-02-006023,2002-08-09,2002-08-08,2002-08-09T18:28:55.000Z,,8-K,000-11330,02724513,9,8-K,81674,0,0,,l95736ae8vk.htm,"PAYCHEX, INC.                         FORM 8-K"
0000950152-02-006810,2002-09-05,2002-10-17,2002-09-05T13:44:38.000Z,,DEF 14A,000-11330,02757038,,DEF 14A,500356,0,0,,l95775adef14a.htm,"PAYCHEX, INC. DEFINITIVE PROXY;MTG ON 10-17-02"
0000950152-02-007083,2002-09-19,2002-08-31,2002-09-19T13:40:12.000Z,,10-Q,000-11330,02767373,,10-Q,673770,0,0,,l96298ae10vq.htm,"PAYCHEX, INC. FORM 10-Q    PERIOD ENDED 8-31-02"
0000950152-02-007084,2002-09-19,2002-09-18,2002-09-19T13:44:44.000Z,,8-K,000-11330,02767384,9,8-K,196273,0,0,,l96297ae8vk.htm,"PAYCHEX, INC. * FORM 8-K"
0000950152-02-007139,2002-09-23,2002-09-20,2002-09-23T14:35:20.000Z,,8-K,000-11330,02769597,9,8-K,67917,0,0,,l96337ae8vk.htm,"PAYCHEX, INC. FORM 8-K"
0000950152-02-008137,2002-11-07,,2002-11-07T20:54:41.000Z,,S-8,333-101074,02812652,,S-8,137362,0,0,,l97002asv8.htm,"PAYCHEX, INC. * FORM S-8"
0000950152-02-009471,2002-12-19,2002-11-30,2002-12-19T21:15:02.000Z,,10-Q,000-11330,02863236,,10-Q,811324,0,0,,l97784ae10vq.htm,"PAYCHEX, INC.   10-Q/QUARTER END 11-30-2002"
0000950152-02-009472,2002-12-19,2002-12-19,2002-12-19T21:26:14.000Z,,8-K,000-11330,02863288,9,8-K,108986,0,0,,l97785ae8vk.htm,"PAYCHEX, INC                FORM 8-K"
0000950152-03-001549,2003-02-11,,2003-02-11T22:24:02.000Z,,SC 13G/A,005-34746,03550991,,SC 13G/A,91158,0,0,,l98518asc13gza.htm,"PAYCHEX, INC./B. THOMAS GOLISANO   SCHEDULE 13G/A"
0000315066-03-001861,2003-02-14,,2003-02-13T22:47:32.000Z,,SC 13G,005-34746,03561377,,SC 13G,15155,0,0,,filing.txt,DOC ONE
0000950152-03-003034,2003-03-18,2003-03-17,2003-03-18T15:56:44.000Z,,8-K,000-11330,03607147,9,8-K,91162,0,0,,l99628ae8vk.htm,"PAYCHEX, INC.      8-K"
0000950152-03-003161,2003-03-21,2003-02-28,2003-03-20T23:17:20.000Z,,10-Q,000-11330,03611175,,10-Q,1263531,0,0,,l99629ae10vq.htm,"PAYCHEX, INC.                             10-Q"
0000950152-03-003164,2003-03-21,2003-03-20,2003-03-21T00:10:22.000Z,,8-K,000-11330,03611210,9,8-K,65133,0,0,,l99777ae8vk.htm,"PAYCHEX, INC.              8-K"
0000950152-03-003822,2003-04-01,2003-04-01,2003-04-01T19:14:55.000Z,,8-K,000-11330,03633753,9,8-K,43061,0,0,,l99976ae8vk.htm,"PAYCHEX, INC. - CURRENT REPORT ON FORM 8-K"
0000950152-03-006141,2003-06-13,2002-12-31,2003-06-13T18:21:44.000Z,,11-K,000-11330,03743498,,11-K,272414,0,0,,l01376ae11vk.htm,"PAYCHEX, INC."
0000950152-03-006304,2003-06-24,2003-06-24,2003-06-24T20:26:02.000Z,,8-K,000-11330,03755284,9,8-K,279843,0,0,,l01580ae8vk.htm,"PAYCHEX, INC.    8-K"
0001209191-03-011627,2003-07-11,2003-07-10,2003-07-11T15:12:26.000Z,,4,,,,4,4169,0,0,,xslF345X01/doc4.xml,FORM 4 SUBMISSION
0001209191-03-011628,2003-07-11,2003-07-10,2003-07-11T15:13:38.000Z,,4,,,,4,8229,0,0,,xslF345X01/doc4.xml,FORM 4 SUBMISSION
0001209191-03-011629,2003-07-11,2003-07-10,2003-07-11T15:19:00.000Z,,4,,,,4,4204,0,0,,xslF345X01/doc4.xml,FORM 4 SUBMISSION
0001209191-03-011630,2003-07-11,2003-07-10,2003-07-11T15:20:19.000Z,,4,,,,4,4187,0,0,,xslF345X01/doc4.xml,FORM 4 SUBMISSION
0001209191-03-011631,2003-07-11,2003-07-10,2003-07-11T15:27:27.000Z,,4,,,,4,4305,0,0,,xslF345X01/doc4.xml,FORM 4 SUBMISSION
0001209191-03-011632,2003-07-11,2003-07-10,2003-07-11T15:31:29.000Z,,4,,,,4,4269,0,0,,xslF345X01/doc4.xml,FORM 4 SUBMISSION
0001209191-03-011633,2003-07-11,2003-07-10,2003-07-11T15:35:09.000Z,,4,,,,4,4201,0,0,,xslF345X01/doc4.xml,FORM 4 SUBMISSION
0001209191-03-011634,2003-07-11,2003-07-10,2003-07-11T15:37:17.000Z,,4,,,,4,4191,0,0,,xslF345X01/doc4.xml,FORM 4 SUBMISSION
0001209191-03-011635,2003-07-11,2003-07-10,2003-07-11T15:39:28.000Z,,4,,,,4,4198,0,0,,xslF345X01/doc4.xml,FORM 4 SUBMISSION
0001209191-03-011636,2003-07-11,2003-07-10,2003-07-11T15:41:19.000Z,,4,,,,4,4194,0,0,,xslF345X01/doc4.xml,FORM 4 SUBMISSION
0001209191-03-011637,2003-07-11,2003-07-10,2003-07-11T15:43:02.000Z,,4,,,,4,4159,0,0,,xslF345X01/doc4.xml,FORM 4 SUBMISSION
0001209191-03-011638,2003-07-11,2003-07-10,2003-07-11T15:44:49.000Z,,4,,,,4,4205,0,0,,xslF345X01/doc4.xml,FORM 4 SUBMISSION
0001209191-03-011639,2003-07-11,2003-07-10,2003-07-11T15:46:55.000Z,,4,,,,4,4283,0,0,,xslF345X01/doc4.xml,FORM 4 SUBMISSION
0001209191-03-011640,2003-07-11,2003-07-10,2003-07-11T15:49:08.000Z,,4,,,,4,4200,0,0,,xslF345X01/doc4.xml,FORM 4 SUBMISSION
0001209191-03-011641,2003-07-11,2003-05-31,2003-07-11T15:54:10.000Z,,5,,,,5,4387,0,0,,xslF345X01/doc5.xml,FORM 5 SUBMISSION
0001209191-03-011674,2003-07-11,2003-05-31,2003-07-11T19:01:54.000Z,,5,,,,5,4354,0,0,,xslF345X01/doc5.xml,FORM 5 SUBMISSION
0000950152-03-007265,2003-08-01,2003-05-31,2003-08-01T19:25:25.000Z,,10-K,000-11330,03817964,,10-K,1287541,0,0,,l01352ae10vk.htm,"PAYCHEX, INC.             10-K"
0001209191-03-015002,2003-08-01,2003-08-01,2003-08-01T20:37:56.000Z,,4,,,,4,4017,0,0,,xslF345X02/doc4.xml,FORM 4 SUBMISSION
0001209191-03-015265,2003-08-04,2003-08-01,2003-08-04T19:52:53.000Z,,4/A,,,,4/A,4195,0,0,,xslF345X02/doc4a.xml,FORM 4/A SUBMISSION
0000950152-03-007875,2003-08-22,2003-10-02,2003-08-22T12:51:14.000Z,,DEF 14A,000-11330,03861315,,DEF 14A,486996,0,0,,l02253bdef14a.htm,"PAYCHEX, INC.   DEFINITIVE PROXY"
0000950152-03-008394,2003-09-23,2003-09-23,2003-09-23T20:22:12.000Z,,8-K,000-11330,03906307,12,8-K,98125,0,0,,l03141ae8vk.htm,"PAYCHEX, INC.     8-K"
0000950152-03-008396,2003-09-24,2003-08-31,2003-09-23T22:18:59.000Z,,10-Q,000-11330,03906766,,10-Q,1044452,0,0,,l03142ae10vq.htm,"PAYCHEX, INC.    10-Q/QUARTER END 8-31-2003"
0000950152-03-008592,2003-10-03,2003-10-02,2003-10-03T16:48:54.000Z,,8-K,000-11330,03927089,9,8-K,42758,0,0,,l03325ae8vk.htm,"PAYCHEX, INC."
0001209191-03-024836,2003-10-06,2003-10-06,2003-10-06T20:21:40.000Z,,4,,,,4,5401,0,0,,xslF345X02/doc4.xml,FORM 4 SUBMISSION
0001209191-03-027620,2003-10-30,2003-10-29,2003-10-30T16:16:16.000Z,,4,,,,4,4164,0,0,,xslF345X02/doc4.xml,FORM 4 SUBMISSION
0001209191-03-027691,2003-10-30,2003-10-30,2003-10-30T19:57:57.000Z,,4,,,,4,5834,0,0,,xslF345X02/doc4.xml,FORM 4 SUBMISSION
0001209191-03-027724,2003-10-30,2003-10-30,2003-10-30T22:03:43.000Z,,4,,,,4,4079,0,0,,xslF345X02/doc4.xml,FORM 4 SUBMISSION
0001209191-03-027800,2003-10-31,2003-10-31,2003-10-31T17:42:59.000Z,,4,,,,4,5074,0,0,,xslF345X02/doc4.xml,FORM 4 SUBMISSION
0001209191-03-028929,2003-11-06,2003-11-05,2003-11-06T17:25:43.000Z,,4,,,,4,3938,0,0,,xslF345X02/doc4.xml,FORM 4 SUBMISSION
0001209191-03-029272,2003-11-07,2003-11-06,2003-11-07T20:56:05.000Z,,4,,,,4,4888,0,0,,xslF345X02/doc4.xml,FORM 4 SUBMISSION
0001209191-03-030135,2003-11-13,2003-11-13,2003-11-13T19:36:53.000Z,,4,,,,4,4925,0,0,,xslF345X02/doc4.xml,FORM 4 SUBMISSION
0001209191-03-030391,2003-11-14,2003-11-13,2003-11-14T18:29:04.000Z,,4,,,,4,5011,0,0,,xslF345X02/doc4.xml,FORM 4 SUBMISSION
0001209191-03-030478,2003-11-14,2003-11-13,2003-11-14T20:42:01.000Z,,4,,,,4,5906,0,0,,xslF345X02/doc4.xml,FORM 4 SUBMISSION
0001209191-03-031562,2003-11-21,2003-11-20,2003-11-21T16:58:14.000Z,,4,,,,4,4167,0,0,,xslF345X02/doc4.xml,FORM 4 SUBMISSION
0001209191-03-031566,2003-11-21,2003-11-20,2003-11-21T17:07:50.000Z,,4,,,,4,4117,0,0,,xslF345X02/doc4.xml,FORM 4 SUBMISSION
0001209191-03-032227,2003-11-25,2003-11-25,2003-11-25T21:37:37.000Z,,4,,,,4,4117,0,0,,xslF345X02/doc4.xml,FORM 4 SUBMISSION
0001209191-03-035591,2003-12-17,2003-12-17,2003-12-17T21:58:44.000Z,,4,,,,4,4178,0,0,,xslF345X02/doc4.xml,FORM 4 SUBMISSION
0000950152-03-010390,2003-12-18,2003-12-18,2003-12-18T21:42:25.000Z,,8-K,000-11330,031062814,12,8-K,94832,0,0,,l04603ae8vk.htm,PAYCHEX  8-K
0000950152-03-010395,2003-12-19,2003-11-30,2003-12-18T23:11:18.000Z,,10-Q,000-11330,031063314,,10-Q,1213654,0,0,,l04602ae10vq.htm,"PAYCHEX, INC.    10-Q/QUARTER END 11-30-03"
0001209191-04-002374,2004-01-09,2004-01-09,2004-01-09T20:26:42.000Z,,3,,,,3,6006,0,0,,xslF345X02/doc3.xml,FORM 3 SUBMISSION
0001209191-04-002387,2004-01-09,2004-01-09,2004-01-09T20:49:17.000Z,,3,,,,3,4703,0,0,,xslF345X02/doc3.xml,FORM 3 SUBMISSION
0001209191-04-002485,2004-01-12,2004-01-09,2004-01-12T15:42:53.000Z,,3,,,,3,5580,0,0,,xslF345X02/doc3.xml,FORM 3 SUBMISSION
0001209191-04-003175,2004-01-15,2004-01-15,2004-01-15T21:38:46.000Z,,4,,,,4,3866,0,0,,xslF345X02/doc4.xml,FORM 4 SUBMISSION
0001209191-04-003327,2004-01-16,2004-01-15,2004-01-16T16:54:11.000Z,,4/A,,,,4/A,4835,0,0,,xslF345X02/doc4a.xml,FORM 4/A SUBMISSION
0001209191-04-005668,2004-01-30,2004-01-15,2004-01-30T22:06:57.000Z,,4,,,,4,7914,0,0,,xslF345X02/doc4.xml,FORM 4 SUBMISSION
0000950152-04-000881,2004-02-10,,2004-02-10T19:18:53.000Z,,SC 13G/A,005-34746,04581273,,SC 13G/A,117416,0,0,,l05517asc13gza.htm,"PAYCHEX, INC."
0000315066-04-000903,2004-02-17,,2004-02-17T14:52:09.000Z,,SC 13G/A,005-34746,04603786,,SC 13G/A,14233,0,0,,filing.txt,DOC ONE
0001209191-04-011679,2004-02-20,2004-02-19,2004-02-20T19:35:32.000Z,,4,,,,4,4863,0,0,,xslF345X02/doc4.xml,FORM 4 SUBMISSION
0000950152-04-002072,2004-03-18,2004-03-18,2004-03-18T21:29:06.000Z,,8-K,000-11330,04678059,12,8-K,57105,0,0,,l06388ae8vk.htm,"PAYCHEX, INC.    8-K"
0000950152-04-002076,2004-03-18,2004-02-29,2004-03-18T21:44:09.000Z,,10-Q,000-11330,04678168,,10-Q,313617,0,0,,l06387ae10vq.htm,"PAYCHEX, INC.   10-Q/QTR END 2-29-04"
0001209191-04-017253,2004-03-24,2004-03-22,2004-03-24T19:22:54.000Z,,4,,,,4,6796,0,0,,xslF345X02/doc4.xml,FORM 4 SUBMISSION
0001209191-04-022399,2004-04-28,2004-04-27,2004-04-28T19:18:43.000Z,,4,,,,4,5586,0,0,,xslF345X02/doc4.xml,FORM 4 SUBMISSION
0001209191-04-024056,2004-05-06,2004-05-04,2004-05-06T13:29:15.000Z,,4,,,,4,6210,0,0,,xslF345X02/doc4.xml,FORM 4 SUBMISSION
0001209191-04-025543,2004-05-13,2004-05-12,2004-05-13T20:43:36.000Z,,4,,,,4,5557,0,0,,xslF345X02/doc4.xml,FORM 4 SUBMISSION
0001209191-04-028799,2004-06-01,2004-06-01,2004-06-01T19:12:59.000Z,,3,,,,3,7828,0,0,,xslF345X02/doc3.xml,FORM 3 SUBMISSION
0001209191-04-029321,2004-06-03,2004-06-02,2004-06-03T14:07:26.000Z,,4,,,,4,6962,0,0,,xslF345X02/doc4.xml,FORM 4 SUBMISSION
0001209191-04-029341,2004-06-03,2004-06-01,2004-06-03T15:35:35.000Z,,4,,,,4,7541,0,0,,xslF345X02/doc4.xml,FORM 4 SUBMISSION
0001209191-04-029435,2004-06-03,2004-05-31,2004-06-03T18:42:10.000Z,,5,,,,5,9989,0,0,,xslF345X02/doc5.xml,FORM 5 SUBMISSION
0001209191-04-029665,2004-06-04,2004-05-31,2004-06-04T13:52:18.000Z,,5,,,,5,5950,0,0,,xslF345X02/doc5.xml,FORM 5 SUBMISSION
0001209191-04-030261,2004-06-08,2004-05-31,2004-06-08T18:34:54.000Z,,5,,,,5,5151,0,0,,xslF345X02/doc5.xml,FORM 5 SUBMISSION
0001209191-04-030922,2004-06-14,2004-06-11,2004-06-14T16:26:45.000Z,,4,,,,4,4918,0,0,,xslF345X02/doc4.xml,FORM 4 SUBMISSION
0000950152-04-004753,2004-06-21,2004-06-21,2004-06-21T21:13:54.000Z,,8-K,000-11330,04873105,9,8-K,14437,0,0,,l08171ae8vk.htm,"PAYCHEX, INC.     8-K"
0000950128-04-000654,2004-06-25,2004-06-24,2004-06-25T11:27:23.000Z,,8-K,000-11330,04880768,12,8-K,236939,0,0,,l08172ae8vk.htm,PAYCHEX
0000950152-04-004905,2004-06-25,2003-12-31,2004-06-25T19:07:22.000Z,,11-K,000-11330,04881988,,11-K,70980,0,0,,l08173ae11vk.htm,PAYCHEX
0001209191-04-033425,2004-06-30,2004-06-01,2004-06-30T12:46:27.000Z,,3/A,,,,3/A,6853,0,0,,xslF345X02/doc3a.xml,FORM 3/A SUBMISSION
0001209191-04-033927,2004-07-01,2004-06-30,2004-07-01T20:26:24.000Z,,4,,,,4,18271,0,0,,xslF345X02/doc4.xml,FORM 4 SUBMISSION
0001209191-04-035414,2004-07-09,2004-07-08,2004-07-09T18:13:20.000Z,,4,,,,4,7509,0,0,,xslF345X02/doc4.xml,FORM 4 SUBMISSION
0001209191-04-035416,2004-07-09,2004-07-08,2004-07-09T18:16:13.000Z,,4,,,,4,9518,0,0,,xslF345X02/doc4.xml,FORM 4 SUBMISSION
0001209191-04-035417,2004-07-09,2004-07-08,2004-07-09T18:18:27.000Z,,4,,,,4,7590,0,0,,xslF345X02/doc4.xml,FORM 4 SUBMISSION
0001209191-04-035418,2004-07-09,2004-07-08,2004-07-09T18:21:14.000Z,,4,,,,4,6989,0,0,,xslF345X02/doc4.xml,FORM 4 SUBMISSION
0001209191-04-035420,2004-07-09,2004-07-08,2004-07-09T18:24:55.000Z,,4,,,,4,8137,0,0,,xslF345X02/doc4.xml,FORM 4 SUBMISSION
0001209191-04-035424,2004-07-09,2004-07-08,2004-07-09T18:41:37.000Z,,4,,,,4,6046,0,0,,xslF345X02/doc4.xml,FORM 4 SUBMISSION
0001209191-04-035425,2004-07-09,2004-07-08,2004-07-09T18:43:17.000Z,,4,,,,4,6742,0,0,,xslF345X02/doc4.xml,FORM 4 SUBMISSION
0001209191-04-035428,2004-07-09,2004-07-08,2004-07-09T18:46:07.000Z,,4,,,,4,7673,0,0,,xslF345X02/doc4.xml,FORM 4 SUBMISSION
0001209191-04-035429,2004-07-09,2004-07-08,2004-07-09T18:49:05.000Z,,4,,,,4,6833,0,0,,xslF345X02/doc4.xml,FORM 4 SUBMISSION
0001209191-04-035432,2004-07-09,2004-07-08,2004-07-09T18:50:52.000Z,,4,,,,4,6620,0,0,,xslF345X02/doc4.xml,FORM 4 SUBMISSION
0001209191-04-035433,2004-07-09,2004-07-08,2004-07-09T18:55:47.000Z,,4,,,,4,6308,0,0,,xslF345X02/doc4.xml,FORM 4 SUBMISSION
0001209191-04-035434,2004-07-09,2004-07-08,2004-07-09T18:57:41.000Z,,4,,,,4,6304,0,0,,xslF345X02/doc4.xml,FORM 4 SUBMISSION
0001209191-04-035435,2004-07-09,2004-07-08,2004-07-09T18:59:47.000Z,,4,,,,4,6876,0,0,,xslF345X02/doc4.xml,FORM 4 SUBMISSION
0001209191-04-035438,2004-07-09,2004-07-08,2004-07-09T19:05:51.000Z,,4,,,,4,6330,0,0,,xslF345X02/doc4.xml,FORM 4 SUBMISSION
0001209191-04-035439,2004-07-09,2004-07-08,2004-07-09T19:12:46.000Z,,4,,,,4,5526,0,0,,xslF345X02/doc4.xml,FORM 4 SUBMISSION
0001209191-04-035440,2004-07-09,2004-07-08,2004-07-09T19:15:47.000Z,,4,,,,4,7569,0,0,,xslF345X02/doc4.xml,FORM 4 SUBMISSION
0001209191-04-035441,2004-07-09,2004-07-08,2004-07-09T19:26:25.000Z,,4,,,,4,6298,0,0,,xslF345X02/doc4.xml,FORM 4 SUBMISSION
0001209191-04-036021,2004-07-15,2004-07-08,2004-07-15T16:11:47.000Z,,4/A,,,,4/A,7879,0,0,,xslF345X02/doc4a.xml,FORM 4/A SUBMISSION
0000950152-04-005452,2004-07-20,2004-05-31,2004-07-20T00:03:53.000Z,,10-K,000-11330,04920857,,10-K,873248,0,0,,l08538ae10vk.htm,"PAYCHEX, INC.        10-K"
0001209191-04-037633,2004-07-28,2004-07-27,2004-07-28T15:00:05.000Z,,4,,,,4,5658,0,0,,xslF345X02/doc4.xml,FORM 4 SUBMISSION
0000950152-04-006560,2004-08-31,2004-10-06,2004-08-31T00:47:45.000Z,,DEF 14A,000-11330,041006545,,DEF 14A,243150,0,0,,l08939adef14a.htm,"PAYCHEX, INC."
0001209191-04-042667,2004-08-31,2004-08-30,2004-08-31T19:02:45.000Z,,4,,,,4,6279,0,0,,xslF345X02/doc4.xml,FORM 4 SUBMISSION
0000950152-04-006993,2004-09-21,2004-09-21,2004-09-21T20:53:24.000Z,,8-K,000-11330,041039704,"2.02,9.01",8-K,55423,0,0,,l09629ae8vk.htm,"PAYCHEX, INC.               8-K"
0000950152-04-006996,2004-09-22,2004-08-31,2004-09-21T23:45:51.000Z,,10-Q,000-11330,041040134,,10-Q,270601,0,0,,l09630ae10vq.htm,"PAYCHEX, INC.   10-Q/QUARTER END 8-31-04"
0000950152-04-007179,2004-10-04,2004-10-01,2004-10-04T20:25:58.000Z,,8-K,000-11330,041062843,"1.01,5.02,5.03,7.01,9.01",8-K,86893,0,0,,l09766ae8vk.htm,"PAYCHEX, INC.     8-K"
0000950152-04-007220,2004-10-06,2004-10-06,2004-10-06T17:02:44.000Z,,8-K,000-11330,041067784,"7.01,9.01",8-K,10270,0,0,,l09802ae8vk.htm,"PAYCHEX, INC."
0001209191-04-047794,2004-10-07,2004-10-01,2004-10-07T19:25:30.000Z,,3,,,,3,9364,0,0,,xslF345X02/doc3.xml,FORM 3 SUBMISSION
0000950152-04-007264,2004-10-08,2004-10-06,2004-10-08T16:19:52.000Z,34,8-K,000-11330,041071608,"5.02,7.01,9.01",8-K,14880,0,0,,l09859ae8vk.htm,PAYCHEX
0001209191-04-049732,2004-10-27,2004-10-27,2004-10-27T20:25:45.000Z,,4,,,,4,6966,0,0,,xslF345X02/doc4.xml,FORM 4 SUBMISSION
0001209191-04-050531,2004-11-02,2004-11-01,2004-11-02T15:33:50.000Z,,4,,,,4,18327,0,0,,xslF345X02/doc4.xml,FORM 4 SUBMISSION
0001209191-04-055932,2004-12-03,2004-12-01,2004-12-03T21:48:43.000Z,,4,,,,4,11796,0,0,,xslF345X02/doc4.xml,FORM 4 SUBMISSION
0000950152-04-008956,2004-12-14,2004-12-13,2004-12-14T21:29:33.000Z,34,8-K,000-11330,041201826,5.02,8-K,8273,0,0,,l10840ae8vk.htm,"PAYCHEX, INC.    8-K"
0001209191-04-058025,2004-12-16,2004-12-15,2004-12-16T16:03:48.000Z,,4,,,,4,7044,0,0,,xslF345X02/doc4.xml,FORM 4 SUBMISSION
0000950152-04-009105,2004-12-21,2004-12-21,2004-12-21T21:43:49.000Z,34,8-K,000-11330,041217885,"2.02,9.01",8-K,57896,0,0,,l11074ae8vk.htm,"PAYCHEX, INC.   8-K"
0001209191-04-058936,2004-12-21,2004-12-21,2004-12-21T21:45:50.000Z,,4,,,,4,6965,0,0,,xslF345X02/doc4.xml,FORM 4 SUBMISSION
0000950152-04-009117,2004-12-22,2004-11-30,2004-12-22T01:02:55.000Z,34,10-Q,000-11330,041218885,,10-Q,333235,0,0,,l11075ae10vq.htm,"PAYCHEX, INC.  10-Q/QUARTER END 11-30-04"
0001209191-04-059309,2004-12-23,2004-12-23,2004-12-23T17:53:10.000Z,,4,,,,4,7493,0,0,,xslF345X02/doc4.xml,FORM 4 SUBMISSION
0001209191-04-059596,2004-12-28,2004-12-27,2004-12-28T20:36:13.000Z,,4,,,,4,6332,0,0,,xslF345X02/doc4.xml,FORM 4 SUBMISSION
0001209191-04-059849,2004-12-30,2004-12-29,2004-12-30T16:48:27.000Z,,4,,,,4,6394,0,0,,xslF345X02/doc4.xml,FORM 4 SUBMISSION
0000950152-05-000314,2005-01-19,2005-01-14,2005-01-19T20:17:12.000Z,34,8-K,000-11330,05536171,1.01,8-K,10488,0,0,,l11374ae8vk.htm,"PAYCHEX, INC.      8-K"
0001209191-05-003767,2005-01-20,2005-01-18,2005-01-20T16:08:09.000Z,,3,,,,3,10202,0,0,,xslF345X02/doc3.xml,FORM 3 SUBMISSION
0001209191-05-003771,2005-01-20,2005-01-18,2005-01-20T16:53:12.000Z,,3,,,,3,17699,0,0,,xslF345X02/doc3.xml,FORM 3 SUBMISSION
0001209191-05-003772,2005-01-20,2005-01-18,2005-01-20T17:01:11.000Z,,3,,,,3,15179,0,0,,xslF345X02/doc3.xml,FORM 3 SUBMISSION
0001209191-05-003775,2005-01-20,2005-01-18,2005-01-20T17:24:24.000Z,,3,,,,3,18843,0,0,,xslF345X02/doc3.xml,FORM 3 SUBMISSION
0001209191-05-004122,2005-01-21,2005-01-18,2005-01-21T20:10:15.000Z,,3,,,,3,15018,0,0,,xslF345X02/doc3.xml,FORM 3 SUBMISSION
0001209191-05-005624,2005-01-31,2005-01-31,2005-01-31T22:26:03.000Z,,4,,,,4,7045,0,0,,xslF345X02/doc4.xml,FORM 4 SUBMISSION
0000950152-05-000678,2005-02-02,2005-01-31,2005-02-02T21:19:35.000Z,34,8-K,000-11330,05569662,8.01,8-K,12036,0,0,,l11733ae8vk.htm,"PAYCHEX, INC.           8-K"
0000950152-05-000967,2005-02-10,,2005-02-10T18:40:09.000Z,34,SC 13G/A,005-34746,05592028,,SC 13G/A,38956,0,0,,l11904asc13gza.htm,"PAYCHEX, INC.   AMENDMENT TO SCHEDULE 13G"
0001209191-05-012731,2005-03-01,2005-02-28,2005-03-01T16:06:45.000Z,,3,,,,3,7306,0,0,,xslF345X02/doc3.xml,FORM 3 SUBMISSION
0000950152-05-001692,2005-03-02,2005-02-28,2005-03-02T21:01:12.000Z,34,8-K,000-11330,05654377,"5.02,9.01",8-K,12249,0,0,,l12429ae8vk.htm,"PAYCHEX, INC.               8-K"
0001209191-05-013414,2005-03-03,2005-03-02,2005-03-03T16:51:42.000Z,,4,,,,4,6686,0,0,,xslF345X02/doc4.xml,FORM 4 SUBMISSION
0000950152-05-002347,2005-03-21,2005-03-21,2005-03-21T22:10:33.000Z,34,8-K,000-11330,05694824,"2.02,9.01",8-K,63177,0,0,,l12885ae8vk.htm,"PAYCHEX, INC.    8-K"
0000950152-05-002355,2005-03-22,2005-02-28,2005-03-22T01:43:24.000Z,34,10-Q,000-11330,05695370,,10-Q,323999,0,0,,l12884ae10vq.htm,"PAYCHEX, INC.   10-Q/QUARTER END 2-28-05"
0001209191-05-017837,2005-03-29,2005-03-28,2005-03-29T19:59:35.000Z,,4,,,,4,6934,0,0,,xslF345X02/doc4.xml,FORM 4 SUBMISSION
0001209191-05-018033,2005-03-30,2005-03-29,2005-03-30T20:49:51.000Z,,4,,,,4,7049,0,0,,xslF345X02/doc4.xml,FORM 4 SUBMISSION
0001209191-05-018190,2005-03-31,2005-03-30,2005-03-31T20:24:26.000Z,,4,,,,4,6934,0,0,,xslF345X02/doc4.xml,FORM 4 SUBMISSION
0001209191-05-019727,2005-04-06,2005-04-05,2005-04-06T19:13:43.000Z,,4,,,,4,12529,0,0,,xslF345X02/doc4.xml,FORM 4 SUBMISSION
0000950152-05-003007,2005-04-07,2005-04-01,2005-04-07T17:45:53.000Z,34,8-K,000-11330,05738844,1.01,8-K,8794,0,0,,l13174ae8vk.htm,"PAYCHEX, INC."
0001209191-05-020398,2005-04-12,2005-04-12,2005-04-12T19:54:08.000Z,,4,,,,4,6564,0,0,,xslF345X02/doc4.xml,FORM 4 SUBMISSION
0001209191-05-023078,2005-05-02,2005-04-29,2005-05-02T18:47:14.000Z,,4,,,,4,7985,0,0,,xslF345X02/doc4.xml,FORM 4 SUBMISSION
0001209191-05-030426,2005-06-07,2005-06-07,2005-06-07T14:17:43.000Z,,5,,,,5,9236,0,0,,xslF345X02/doc5.xml,FORM 5 SUBMISSION
0001209191-05-031750,2005-06-14,2005-06-13,2005-06-14T14:37:06.000Z,,5,,,,5,8335,0,0,,xslF345X02/doc5.xml,FORM 5 SUBMISSION
0001209191-05-031990,2005-06-15,2005-06-14,2005-06-15T13:23:13.000Z,,5,,,,5,9397,0,0,,xslF345X02/doc5.xml,FORM 5 SUBMISSION
0001209191-05-032456,2005-06-17,2005-06-14,2005-06-17T12:49:04.000Z,,5,,,,5,6066,0,0,,xslF345X02/doc5.xml,FORM 5 SUBMISSION
0000950152-05-005382,2005-06-24,2004-12-31,2005-06-24T20:15:38.000Z,34,11-K,000-11330,05915321,,11-K,80169,0,0,,l14581ae11vk.htm,"PAYCHEX, INC.                    11-K"
0000950152-05-005447,2005-06-28,2005-06-27,2005-06-27T22:22:44.000Z,34,8-K,000-11330,05918574,2.02,8-K,228070,0,0,,l14580ae8vk.htm,"PAYCHEX, INC.                 8-K"
0001209191-05-034335,2005-07-01,2005-07-01,2005-07-01T14:15:09.000Z,,4,,,,4,10949,0,0,,xslF345X02/doc4.xml,FORM 4 SUBMISSION
0001209191-05-034519,2005-07-01,2005-07-01,2005-07-01T18:08:55.000Z,,4,,,,4,20573,0,0,,xslF345X02/doc4.xml,FORM 4 SUBMISSION
0001209191-05-036486,2005-07-11,2005-07-07,2005-07-11T19:27:07.000Z,,4,,,,4,6987,0,0,,xslF345X02/doc4.xml,FORM 4 SUBMISSION
0001209191-05-036488,2005-07-11,2005-07-07,2005-07-11T19:29:55.000Z,,4,,,,4,11625,0,0,,xslF345X02/doc4.xml,FORM 4 SUBMISSION
0001209191-05-036489,2005-07-11,2005-07-07,2005-07-11T19:31:38.000Z,,4,,,,4,9497,0,0,,xslF345X02/doc4.xml,FORM 4 SUBMISSION
0001209191-05-036491,2005-07-11,2005-07-07,2005-07-11T19:33:07.000Z,,4,,,,4,10383,0,0,,xslF345X02/doc4.xml,FORM 4 SUBMISSION
0001209191-05-036493,2005-07-11,2005-07-07,2005-07-11T19:34:42.000Z,,4,,,,4,8254,0,0,,xslF345X02/doc4.xml,FORM 4 SUBMISSION
0001209191-05-036497,2005-07-11,2005-07-07,2005-07-11T19:36:56.000Z,,4,,,,4,10934,0,0,,xslF345X02/doc4.xml,FORM 4 SUBMISSION
0001209191-05-036499,2005-07-11,2005-07-07,2005-07-11T19:38:18.000Z,,4,,,,4,10354,0,0,,xslF345X02/doc4.xml,FORM 4 SUBMISSION
0001209191-05-036500,2005-07-11,2005-07-07,2005-07-11T19:39:40.000Z,,4,,,,4,10922,0,0,,xslF345X02/doc4.xml,FORM 4 SUBMISSION
0001209191-05-036501,2005-07-11,2005-07-07,2005-07-11T19:41:12.000Z,,4,,,,4,10688,0,0,,xslF345X02/doc4.xml,FORM 4 SUBMISSION
0001209191-05-036503,2005-07-11,2005-07-07,2005-07-11T19:42:56.000Z,,4,,,,4,6752,0,0,,xslF345X02/doc4.xml,FORM 4 SUBMISSION
0001209191-05-036504,2005-07-11,2005-07-07,2005-07-11T19:45:06.000Z,,4,,,,4,10449,0,0,,xslF345X02/doc4.xml,FORM 4 SUBMISSION
0001209191-05-036505,2005-07-11,2005-07-07,2005-07-11T19:46:53.000Z,,4,,,,4,11723,0,0,,xslF345X02/doc4.xml,FORM 4 SUBMISSION
0001209191-05-036506,2005-07-11,2005-07-07,2005-07-11T19:49:13.000Z,,4,,,,4,9573,0,0,,xslF345X02/doc4.xml,FORM 4 SUBMISSION
0001209191-05-036509,2005-07-11,2005-07-07,2005-07-11T19:51:56.000Z,,4,,,,4,10714,0,0,,xslF345X02/doc4.xml,FORM 4 SUBMISSION
0001209191-05-036511,2005-07-11,2005-07-07,2005-07-11T19:53:12.000Z,,4,,,,4,6975,0,0,,xslF345X02/doc4.xml,FORM 4 SUBMISSION
0001209191-05-036512,2005-07-11,2005-07-07,2005-07-11T19:54:43.000Z,,4,,,,4,9549,0,0,,xslF345X02/doc4.xml,FORM 4 SUBMISSION
0001209191-05-036513,2005-07-11,2005-07-07,2005-07-11T19:56:11.000Z,,4,,,,4,10633,0,0,,xslF345X02/doc4.xml,FORM 4 SUBMISSION
0001209191-05-036514,2005-07-11,2005-07-07,2005-07-11T19:57:43.000Z,,4,,,,4,12162,0,0,,xslF345X02/doc4.xml,FORM 4 SUBMISSION
0001209191-05-036517,2005-07-11,2005-07-07,2005-07-11T19:59:02.000Z,,4,,,,4,6809,0,0,,xslF345X02/doc4.xml,FORM 4 SUBMISSION
0001209191-05-036522,2005-07-11,2005-07-07,2005-07-11T20:00:32.000Z,,4,,,,4,10425,0,0,,xslF345X02/doc4.xml,FORM 4 SUBMISSION
0000950152-05-005855,2005-07-11,2005-07-11,2005-07-11T20:34:43.000Z,34,8-K,000-11330,05948441,"1.01,5.02",8-K,13349,0,0,,l14909ae8vk.htm,"PAYCHEX, INC.    8-K"
0001209191-05-036570,2005-07-11,2005-07-07,2005-07-11T20:52:57.000Z,,4,,,,4,10187,0,0,,xslF345X02/doc4.xml,FORM 4 SUBMISSION
0001209191-05-037288,2005-07-15,2005-07-14,2005-07-15T18:37:58.000Z,,4,,,,4,14061,0,0,,xslF345X02/doc4.xml,FORM 4 SUBMISSION
0001209191-05-037524,2005-07-18,2005-07-15,2005-07-18T20:06:15.000Z,,4,,,,4,13048,0,0,,xslF345X02/doc4.xml,FORM 4 SUBMISSION
9999999997-05-036075,2005-07-18,2005-06-10,2005-08-19T14:07:27.000Z,34,NO ACT,000-11330,05062241,,NO ACT,1750,0,0,,9999999997-05-036075.paper,AUTO-GENERATED PAPER DOCUMENT
0001209191-05-037688,2005-07-19,2005-07-19,2005-07-19T19:55:33.000Z,,4,,,,4,22074,0,0,,xslF345X02/doc4.xml,FORM 4 SUBMISSION
0000950152-05-006110,2005-07-22,2005-05-31,2005-07-22T17:29:19.000Z,34,10-K,000-11330,05968198,,10-K,871797,0,0,,l14112ae10vk.htm,"PAYCHEX, INC.      10-K"
0000950152-05-007393,2005-08-31,2005-08-26,2005-08-31T13:02:59.000Z,34,8-K,000-11330,051060241,"5.03,9.01",8-K,13279,0,0,,l15844ae8vk.htm,"PAYCHEX, INC.             8-K"
0000950152-05-007394,2005-08-31,2005-10-12,2005-08-31T13:07:47.000Z,34,DEF 14A,000-11330,051060252,,DEF 14A,327881,0,0,,l14023adef14a.htm,"PAYCHEX, INC.   DEFINITIVE PROXY"
9999999997-05-037764,2005-09-02,2005-05-31,2005-09-06T13:51:36.000Z,34,ARS,000-11330,05065419,,ARS,1741,0,0,,9999999997-05-037764.paper,AUTO-GENERATED PAPER DOCUMENT
0000950152-05-007847,2005-09-27,2005-09-27,2005-09-27T20:29:40.000Z,34,8-K,000-11330,051105690,2.02,8-K,64607,0,0,,l16143ae8vk.htm,"PAYCHEX, INC.                8-K"
0000950152-05-007850,2005-09-27,2005-08-31,2005-09-27T21:11:14.000Z,34,10-Q,000-11330,051106074,,10-Q,338738,0,0,,l16075ae10vq.htm,"PAYCHEX, INC.  10-Q/QUARTER END 8-31-05"
0001209191-05-050140,2005-10-04,2005-10-03,2005-10-04T13:23:57.000Z,,4,,,,4,21386,0,0,,xslF345X02/doc4.xml,FORM 4 SUBMISSION
0001209191-05-050141,2005-10-04,2005-10-03,2005-10-04T13:27:43.000Z,,4,,,,4,43404,0,0,,xslF345X02/doc4.xml,FORM 4 SUBMISSION
0001209191-05-050143,2005-10-04,2005-10-03,2005-10-04T13:29:46.000Z,,4,,,,4,22073,0,0,,xslF345X02/doc4.xml,FORM 4 SUBMISSION
0001209191-05-051570,2005-10-07,2005-10-07,2005-10-07T15:26:41.000Z,,4,,,,4,14167,0,0,,xslF345X02/doc4.xml,FORM 4 SUBMISSION
0001209191-05-052211,2005-10-13,2005-10-12,2005-10-13T16:28:05.000Z,,4,,,,4,6363,0,0,,xslF345X02/doc4.xml,FORM 4 SUBMISSION
0000950152-05-008190,2005-10-17,2005-10-12,2005-10-17T19:58:03.000Z,34,8-K,000-11330,051140986,"1.01,7.01",8-K,118598,0,0,,l16411ae8vk.htm,"PAYCHEX, INC.     8-K"
0001209191-05-054264,2005-10-28,2005-10-27,2005-10-28T19:21:01.000Z,,4,,,,4,11595,0,0,,xslF345X02/doc4.xml,FORM 4 SUBMISSION
0001209191-05-054586,2005-11-01,2005-10-31,2005-11-01T15:56:59.000Z,,4,,,,4,20031,0,0,,xslF345X02/doc4.xml,FORM 4 SUBMISSION
0001209191-05-054590,2005-11-01,2005-10-28,2005-11-01T16:05:04.000Z,,4,,,,4,11583,0,0,,xslF345X02/doc4.xml,FORM 4 SUBMISSION
0001209191-05-054884,2005-11-02,2005-10-31,2005-11-02T14:22:03.000Z,,4,,,,4,5101,0,0,,xslF345X02/doc4.xml,FORM 4 SUBMISSION
0001209191-05-054993,2005-11-02,2005-10-31,2005-11-02T19:15:13.000Z,,4,,,,4,6286,0,0,,xslF345X02/doc4.xml,FORM 4 SUBMISSION
0000950152-05-008941,2005-11-08,,2005-11-08T22:27:36.000Z,33,S-8,333-129571,051187205,,S-8,72852,0,0,,l16841asv8.htm,"PAYCHEX, INC.          S-8"
0000950152-05-008942,2005-11-08,,2005-11-08T22:28:47.000Z,33,S-8,333-129572,051187220,,S-8,113731,0,0,,l16840asv8.htm,"PAYCHEX, INC.          S-8"
0000950152-05-009523,2005-11-23,2005-11-23,2005-11-23T19:11:16.000Z,34,8-K,000-11330,051224315,5.02,8-K,17822,0,0,,l17180ae8vk.htm,"PAYCHEX, INC.    8-K"
0001209191-05-060398,2005-12-01,2005-11-22,2005-12-01T20:31:00.000Z,,4,,,,4,4951,0,0,,xslF345X02/doc4.xml,FORM 4 SUBMISSION
0001209191-05-061696,2005-12-07,2005-11-23,2005-12-07T19:32:58.000Z,,3,,,,3,7564,0,0,,xslF345X02/doc3.xml,FORM 3 SUBMISSION
0000950152-05-010146,2005-12-21,2005-12-21,2005-12-21T22:16:57.000Z,34,8-K,000-11330,051279310,"2.02,7.01",8-K,110965,0,0,,l17503ae8vk.htm,"PAYCHEX, INC.    8-K"
0000950152-05-010147,2005-12-21,2005-11-30,2005-12-21T22:20:53.000Z,34,10-Q,000-11330,051279349,,10-Q,358099,0,0,,l17504ae10vq.htm,"PAYCHEX, INC.   10-Q/QUARTER END 11-30-05"
0001209191-05-065869,2005-12-29,2005-12-27,2005-12-29T20:15:15.000Z,,4,,,,4,10282,0,0,,xslF345X02/doc4.xml,FORM 4 SUBMISSION
0001209191-05-066005,2005-12-30,2005-12-29,2005-12-30T16:35:56.000Z,,4,,,,4,7640,0,0,,xslF345X02/doc4.xml,FORM 4 SUBMISSION
0001209191-06-000018,2006-01-03,2005-12-30,2006-01-03T14:33:43.000Z,,4,,,,4,7640,0,0,,xslF345X02/doc4.xml,FORM 4 SUBMISSION
0000950152-06-000053,2006-01-05,2006-01-04,2006-01-05T14:16:47.000Z,34,8-K,000-11330,06510623,7.01,8-K,48699,0,0,,l17706ae8vk.htm,"PAYCHEX, INC.       8-K"
0001209191-06-002427,2006-01-06,2006-01-05,2006-01-06T19:50:13.000Z,,4,,,,4,4807,0,0,,xslF345X02/doc4.xml,FORM 4 SUBMISSION
0001209191-06-003879,2006-01-18,2006-01-12,2006-01-18T20:36:15.000Z,,3,,,,3,14301,0,0,,xslF345X02/doc3.xml,FORM 3 SUBMISSION
0001209191-06-004279,2006-01-20,2006-01-12,2006-01-20T13:53:25.000Z,,3,,,,3,17012,0,0,,xslF345X02/doc3.xml,FORM 3 SUBMISSION
0001209191-06-005552,2006-01-27,2006-01-26,2006-01-27T19:18:35.000Z,,4,,,,4,35137,0,0,,xslF345X02/doc4.xml,FORM 4 SUBMISSION
0001209191-06-007740,2006-02-03,2006-02-03,2006-02-03T21:14:48.000Z,,4,,,,4,21668,0,0,,xslF345X02/doc4.xml,FORM 4 SUBMISSION
0000950152-06-000797,2006-02-07,,2006-02-07T19:42:56.000Z,34,SC 13G/A,005-34746,06585167,,SC 13G/A,44268,0,0,,l18293asc13gza.htm,PAYCHEX INC/B. THOMAS GOLISANO  SC 13G/A
0000950152-06-001001,2006-02-10,2006-02-10,2006-02-10T22:05:00.000Z,34,8-K,000-11330,06599541,1.01,8-K,9951,0,0,,l18527ae8vk.htm,"PAYCHEX, INC.                  FORM 8-K"
0000950152-06-001858,2006-03-08,2006-03-08,2006-03-08T21:51:36.000Z,34,8-K,000-11330,06673642,5.04,8-K,19275,0,0,,l19059ae8vk.htm,"PAYCHEX, INC.    8-K"
0000950152-06-002604,2006-03-28,2006-03-28,2006-03-28T21:44:09.000Z,34,8-K,000-11330,06715534,2.02,8-K,80221,0,0,,l19269ae8vk.htm,"PAYCHEX, INC.   8-K"
0000950152-06-002607,2006-03-28,2006-02-28,2006-03-28T21:52:45.000Z,34,10-Q,000-11330,06715633,,10-Q,341748,0,0,,l19268ae10vq.htm,"PAYCHEX, INC.   10-Q/QTR END 2-28-06"
0001209191-06-021775,2006-04-04,2006-03-31,2006-04-04T19:33:26.000Z,,4,,,,4,26153,0,0,,xslF345X02/doc4.xml,FORM 4 SUBMISSION
0001209191-06-022280,2006-04-05,2006-04-04,2006-04-05T15:29:55.000Z,,4,,,,4,22889,0,0,,xslF345X02/doc4.xml,FORM 4 SUBMISSION
0001209191-06-023053,2006-04-07,2006-04-06,2006-04-07T18:39:50.000Z,,4,,,,4,20285,0,0,,xslF345X02/doc4.xml,FORM 4 SUBMISSION
0001209191-06-023076,2006-04-07,2006-04-07,2006-04-07T19:33:56.000Z,,4,,,,4,22303,0,0,,xslF345X02/doc4.xml,FORM 4 SUBMISSION
0001209191-06-024052,2006-04-14,2006-04-13,2006-04-14T15:03:45.000Z,,4,,,,4,18964,0,0,,xslF345X02/doc4.xml,FORM 4 SUBMISSION
0000950152-06-003235,2006-04-17,2006-04-13,2006-04-17T21:05:43.000Z,34,8-K,000-11330,06762916,5.03,8-K,25372,0,0,,l19645ae8vk.htm,"PAYCHEX, INC.    8-K"
0000950152-06-005299,2006-06-23,2005-12-31,2006-06-23T18:17:24.000Z,34,11-K,000-11330,06921782,,11-K,72398,0,0,,l20830ae11vk.htm,"PAYCHEX, INC.   11-K/401(K) INCENTIVE RETIREMENT PLAN"
0000950152-06-005445,2006-06-28,2006-06-28,2006-06-28T20:50:02.000Z,34,8-K,000-11330,06930519,2.02,8-K,266327,0,0,,l20829ae8vk.htm,"PAYCHEX, INC.     8-K"
0001209191-06-038510,2006-06-29,2006-06-28,2006-06-29T13:22:07.000Z,,4,,,,4,7814,0,0,,xslF345X02/doc4.xml,FORM 4 SUBMISSION
0001209191-06-038511,2006-06-29,2006-06-22,2006-06-29T13:27:28.000Z,,4,,,,4,15816,0,0,,xslF345X02/doc4.xml,FORM 4 SUBMISSION
0001209191-06-040278,2006-07-06,2006-07-06,2006-07-06T20:26:55.000Z,,4,,,,4,5031,0,0,,xslF345X02/doc4.xml,FORM 4 SUBMISSION
0001209191-06-040296,2006-07-06,2006-05-31,2006-07-06T20:45:29.000Z,,5,,,,5,5202,0,0,,xslF345X02/doc5.xml,FORM 5 SUBMISSION
0001209191-06-040301,2006-07-06,2006-05-31,2006-07-06T20:46:43.000Z,,5,,,,5,4272,0,0,,xslF345X02/doc5.xml,FORM 5 SUBMISSION
0001209191-06-040303,2006-07-06,2006-05-31,2006-07-06T20:47:56.000Z,,5,,,,5,5199,0,0,,xslF345X02/doc5.xml,FORM 5 SUBMISSION
0001209191-06-040306,2006-07-06,2006-05-31,2006-07-06T20:49:15.000Z,,5,,,,5,4335,0,0,,xslF345X02/doc5.xml,FORM 5 SUBMISSION
0001209191-06-040309,2006-07-06,2006-05-31,2006-07-06T20:50:11.000Z,,5,,,,5,5381,0,0,,xslF345X02/doc5.xml,FORM 5 SUBMISSION
0001209191-06-041387,2006-07-17,2006-07-13,2006-07-17T19:54:29.000Z,,4,,,,4,11469,0,0,,xslF345X02/doc4.xml,FORM 4 SUBMISSION
0001209191-06-041388,2006-07-17,2006-07-13,2006-07-17T19:56:14.000Z,,4,,,,4,15252,0,0,,xslF345X02/doc4.xml,FORM 4 SUBMISSION
0001209191-06-041389,2006-07-17,2006-07-13,2006-07-17T19:57:28.000Z,,4,,,,4,15049,0,0,,xslF345X02/doc4.xml,FORM 4 SUBMISSION
0001209191-06-041392,2006-07-17,2006-07-13,2006-07-17T20:01:14.000Z,,4,,,,4,20569,0,0,,xslF345X02/doc4.xml,FORM 4 SUBMISSION
0001209191-06-041397,2006-07-17,2006-07-13,2006-07-17T20:03:32.000Z,,4,,,,4,20061,0,0,,xslF345X02/doc4.xml,FORM 4 SUBMISSION
0001209191-06-041398,2006-07-17,2006-07-13,2006-07-17T20:04:49.000Z,,4,,,,4,8535,0,0,,xslF345X02/doc4.xml,FORM 4 SUBMISSION
0001209191-06-041399,2006-07-17,2006-07-13,2006-07-17T20:06:07.000Z,,4,,,,4,15032,0,0,,xslF345X02/doc4.xml,FORM 4 SUBMISSION
0001209191-06-041402,2006-07-17,2006-07-13,2006-07-17T20:08:23.000Z,,4,,,,4,13866,0,0,,xslF345X02/doc4.xml,FORM 4 SUBMISSION
0001209191-06-041406,2006-07-17,2006-07-13,2006-07-17T20:12:38.000Z,,4,,,,4,7429,0,0,,xslF345X02/doc4.xml,FORM 4 SUBMISSION
0001209191-06-041407,2006-07-17,2006-07-13,2006-07-17T20:16:34.000Z,,4,,,,4,16523,0,0,,xslF345X02/doc4.xml,FORM 4 SUBMISSION
0001209191-06-041408,2006-07-17,2006-07-13,2006-07-17T20:17:41.000Z,,4,,,,4,14489,0,0,,xslF345X02/doc4.xml,FORM 4 SUBMISSION
0001209191-06-041431,2006-07-17,2006-07-13,2006-07-17T20:44:25.000Z,,4,,,,4,15038,0,0,,xslF345X02/doc4.xml,FORM 4 SUBMISSION
0000950152-06-005922,2006-07-19,2006-07-13,2006-07-19T20:30:38.000Z,34,8-K,000-11330,06969680,"1.01,5.02",8-K,24713,0,0,,l21421ae8vk.htm,"PAYCHEX, INC.     8-K"
0000950152-06-005992,2006-07-21,2006-05-31,2006-07-21T14:32:39.000Z,34,10-K,000-11330,06973187,,10-K,898630,0,0,,l20831ae10vk.htm,PAYCHEX           10-K
0001209191-06-045089,2006-08-09,2006-08-07,2006-08-09T15:51:20.000Z,,4,,,,4,6287,0,0,,xslF345X02/doc4.xml,FORM 4 SUBMISSION
0000950152-06-007348,2006-08-31,2006-10-05,2006-08-31T13:36:54.000Z,34,DEF 14A,000-11330,061066881,,DEF 14A,257956,0,0,,l20832adef14a.htm,"PAYCHEX, INC.                  DEF 14A"
9999999997-06-037297,2006-09-01,2006-05-31,2006-09-02T13:35:01.000Z,34,ARS,000-11330,06046190,,ARS,1741,0,0,,9999999997-06-037297.paper,AUTO-GENERATED PAPER DOCUMENT
0000950152-06-007528,2006-09-08,2006-05-31,2006-09-08T21:09:08.000Z,34,10-K/A,000-11330,061082434,,10-K/A,44465,0,0,,l22137ae10vkza.htm,"PAYCHEX, INC.             10-K/A"
0000950152-06-007804,2006-09-26,2006-09-26,2006-09-26T20:26:08.000Z,34,8-K,000-11330,061108945,2.02,8-K,66489,0,0,,l22383ae8vk.htm,"PAYCHEX, INC.   8-K"
0000950152-06-007806,2006-09-26,2006-08-31,2006-09-26T21:14:27.000Z,34,10-Q,000-11330,061109384,,10-Q,350851,0,0,,l22384ae10vq.htm,"PAYCHEX, INC.   10-Q"
0000950152-06-007955,2006-10-03,,2006-10-02T21:43:36.000Z,33,S-8 POS,333-129571,061121667,,S-8 POS,104684,0,0,,l22444asv8pos.htm,"PAYCHEX, INC.             S-8 POS"
0000950152-06-007956,2006-10-03,,2006-10-02T21:48:12.000Z,33,S-8 POS,333-129572,061121688,,S-8 POS,104710,0,0,,l22444bsv8pos.htm,"PAYCHEX, INC.             S-8 POS   333-129572"
0001209191-06-053211,2006-10-04,2006-10-02,2006-10-04T14:04:59.000Z,,4,,,,4,20833,0,0,,xslF345X02/doc4.xml,FORM 4 SUBMISSION
0001209191-06-054205,2006-10-10,2006-10-04,2006-10-10T14:44:56.000Z,,4,,,,4,6286,0,0,,xslF345X02/doc4.xml,FORM 4 SUBMISSION
0000950152-06-010307,2006-12-20,2006-12-20,2006-12-20T21:16:11.000Z,34,8-K,000-11330,061290161,2.02,8-K,81948,0,0,,l23653ae8vk.htm,"PAYCHEX, INC.     8-K"
0000950152-06-010316,2006-12-20,2006-11-30,2006-12-20T22:08:12.000Z,34,10-Q,000-11330,061290616,,10-Q,381318,0,0,,l23652ae10vq.htm,"PAYCHEX, INC.    10-Q"
0001209191-06-067027,2006-12-27,2006-12-27,2006-12-27T16:30:39.000Z,,4,,,,4,9339,0,0,,xslF345X02/doc4.xml,FORM 4 SUBMISSION
0001209191-07-003745,2007-01-17,2007-01-16,2007-01-17T14:28:48.000Z,,4,,,,4,21395,0,0,,xslF345X02/doc4.xml,FORM 4 SUBMISSION
0001209191-07-003896,2007-01-17,2007-01-12,2007-01-17T21:31:22.000Z,,4,,,,4,21716,0,0,,xslF345X02/doc4.xml,FORM 4 SUBMISSION
0001209191-07-004831,2007-01-24,2007-01-18,2007-01-24T17:00:06.000Z,,3,,,,3,7480,0,0,,xslF345X02/doc3.xml,FORM 3 SUBMISSION
0000950152-07-000452,2007-01-24,2007-01-18,2007-01-24T21:34:30.000Z,34,8-K,000-11330,07550110,5.02,8-K,23612,0,0,,l24186ae8vk.htm,"PAYCHEX, INC.       8-K"
0000950152-07-001087,2007-02-13,,2007-02-13T19:47:04.000Z,34,SC 13G/A,005-34746,07608725,,SC 13G/A,31302,0,0,,l24470asc13gza.htm,"PAYCHEX, INC./THOMAS GOLISANO    SC 13G/A"
0000000000-07-010425,2007-02-28,,2007-02-28T14:15:29.000Z,,UPLOAD,,,,LETTER,52196,0,0,,filename1.pdf,
0000950152-07-001736,2007-03-02,,2007-03-02T18:42:25.000Z,,CORRESP,,,,CORRESP,7796,0,0,,filename1.htm,
0000000000-07-011362,2007-03-05,,2007-03-05T21:50:17.000Z,,UPLOAD,,,,LETTER,35258,0,0,,filename1.pdf,
0000950152-07-002707,2007-03-28,2007-03-28,2007-03-28T21:15:57.000Z,34,8-K,000-11330,07725017,2.02,8-K,83475,0,0,,l25366ae8vk.htm,"PAYCHEX, INC.    8-K"
0000950152-07-002709,2007-03-28,2007-02-28,2007-03-28T21:18:18.000Z,34,10-Q,000-11330,07725045,,10-Q,384329,0,0,,l25367ae10vq.htm,"PAYCHEX, INC.   10-Q"
0001209191-07-023925,2007-04-16,2007-04-16,2007-04-16T15:22:13.000Z,,4,,,,4,6356,0,0,,xslF345X02/doc4.xml,FORM 4 SUBMISSION
0000950152-07-005383,2007-06-26,2006-12-31,2007-06-26T18:56:30.000Z,34,11-K,000-11330,07940972,,11-K,96872,0,0,,l26588ae11vk.htm,"PAYCHEX, INC.         11-K"
0000950152-07-005455,2007-06-27,2007-06-27,2007-06-27T21:26:13.000Z,34,8-K,000-11330,07944521,"2.02,9.01",8-K,274892,0,0,,l26589ae8vk.htm,"PAYCHEX, INC.   8-K"
0000950152-07-005752,2007-07-11,2007-06-27,2007-07-11T21:05:43.000Z,34,8-K/A,000-11330,07974752,"2.02,9.01",8-K/A,340285,0,0,,l26979ae8vkza.htm,"PAYCHEX, INC.    8-K/A"
0001209191-07-042154,2007-07-12,2007-05-31,2007-07-12T19:30:24.000Z,,5,,,,5,6773,0,0,,xslF345X02/doc5.xml,FORM 5 SUBMISSION
0001209191-07-042155,2007-07-12,2007-05-31,2007-07-12T19:32:01.000Z,,5,,,,5,5190,0,0,,xslF345X02/doc5.xml,FORM 5 SUBMISSION
0001209191-07-042157,2007-07-12,2007-05-31,2007-07-12T19:33:20.000Z,,5,,,,5,4379,0,0,,xslF345X02/doc5.xml,FORM 5 SUBMISSION
0001209191-07-042158,2007-07-12,2007-05-31,2007-07-12T19:34:36.000Z,,5,,,,5,4377,0,0,,xslF345X02/doc5.xml,FORM 5 SUBMISSION
0001209191-07-042160,2007-07-12,2007-05-31,2007-07-12T19:35:51.000Z,,5,,,,5,4268,0,0,,xslF345X02/doc5.xml,FORM 5 SUBMISSION
0001209191-07-042863,2007-07-17,2007-07-17,2007-07-17T21:11:38.000Z,,4,,,,4,12673,0,0,,xslF345X02/doc4.xml,FORM 4 SUBMISSION
0001209191-07-042868,2007-07-17,2007-07-17,2007-07-17T21:14:13.000Z,,4,,,,4,17834,0,0,,xslF345X02/doc4.xml,FORM 4 SUBMISSION
0001209191-07-042871,2007-07-17,2007-07-17,2007-07-17T21:15:28.000Z,,4,,,,4,19183,0,0,,xslF345X02/doc4.xml,FORM 4 SUBMISSION
0001209191-07-042873,2007-07-17,2007-07-17,2007-07-17T21:16:54.000Z,,4,,,,4,19492,0,0,,xslF345X02/doc4.xml,FORM 4 SUBMISSION
0001209191-07-042874,2007-07-17,2007-07-17,2007-07-17T21:18:25.000Z,,4,,,,4,20050,0,0,,xslF345X02/doc4.xml,FORM 4 SUBMISSION
0001209191-07-042875,2007-07-17,2007-07-17,2007-07-17T21:19:36.000Z,,4,,,,4,16236,0,0,,xslF345X02/doc4.xml,FORM 4 SUBMISSION
0001209191-07-042876,2007-07-17,2007-07-17,2007-07-17T21:20:43.000Z,,4,,,,4,15070,0,0,,xslF345X02/doc4.xml,FORM 4 SUBMISSION
0001209191-07-042877,2007-07-17,2007-07-17,2007-07-17T21:21:59.000Z,,4,,,,4,14549,0,0,,xslF345X02/doc4.xml,FORM 4 SUBMISSION
0001209191-07-042878,2007-07-17,2007-07-17,2007-07-17T21:23:16.000Z,,4,,,,4,8633,0,0,,xslF345X02/doc4.xml,FORM 4 SUBMISSION
0001209191-07-042879,2007-07-17,2007-07-17,2007-07-17T21:24:36.000Z,,4,,,,4,15693,0,0,,xslF345X02/doc4.xml,FORM 4 SUBMISSION
0001209191-07-042880,2007-07-17,2007-07-17,2007-07-17T21:26:17.000Z,,4,,,,4,15693,0,0,,xslF345X02/doc4.xml,FORM 4 SUBMISSION
0001209191-07-042885,2007-07-17,2007-07-17,2007-07-17T21:38:43.000Z,,4,,,,4,7233,0,0,,xslF345X02/doc4.xml,FORM 4 SUBMISSION
0000950152-07-005860,2007-07-18,2007-07-12,2007-07-18T20:13:21.000Z,34,8-K,000-11330,07986656,"1.01,9.01",8-K,67048,0,0,,l27037ae8vk.htm,"PAYCHEX, INC.    8-K"
0001209191-07-043198,2007-07-19,2007-07-17,2007-07-19T18:51:27.000Z,,4,,,,4,13743,0,0,,xslF345X02/doc4.xml,FORM 4 SUBMISSION
0001209191-07-043288,2007-07-20,2007-07-19,2007-07-20T15:42:35.000Z,,4,,,,4,25284,0,0,,xslF345X02/doc4.xml,FORM 4 SUBMISSION
0000950152-07-005944,2007-07-20,2007-05-31,2007-07-20T20:45:30.000Z,34,10-K,000-11330,07991903,,10-K,1134303,0,0,,l26913ae10vk.htm,"PAYCHEX, INC.      10-K"
0001209191-07-044894,2007-08-01,2007-07-30,2007-08-01T14:38:00.000Z,,4,,,,4,13922,0,0,,xslF345X02/doc4.xml,FORM 4 SUBMISSION
0000950152-07-006721,2007-08-10,2007-08-08,2007-08-10T20:14:13.000Z,34,8-K,000-11330,071045531,"1.01,9.01",8-K,43366,0,0,,l27455ae8vk.htm,"PAYCHEX, INC.    8-K"
0000950152-07-007279,2007-08-31,2007-10-03,2007-08-31T13:08:47.000Z,34,DEF 14A,000-11330,071093054,,DEF 14A,640647,0,0,,l26914adef14a.htm,"PAYCHEX, INC.    DEF 14A"
9999999997-07-039581,2007-09-04,2007-05-31,2007-09-06T19:20:09.000Z,34,ARS,000-11330,07076975,,ARS,1741,0,0,,9999999997-07-039581.paper,AUTO-GENERATED PAPER DOCUMENT
0000950152-07-007740,2007-09-26,2007-09-26,2007-09-26T20:18:34.000Z,34,8-K,000-11330,071136790,2.02,8-K,70402,0,0,,l28067ae8vk.htm,"PAYCHEX, INC.   8-K"
0000950152-07-007744,2007-09-26,2007-08-31,2007-09-26T20:40:41.000Z,34,10-Q,000-11330,071136937,,10-Q,304152,0,0,,l28068ae10vq.htm,FORM 10-Q
0001209191-07-055597,2007-10-01,2007-10-01,2007-10-01T20:33:26.000Z,,4,,,,4,20828,0,0,,xslF345X02/doc4.xml,FORM 4 SUBMISSION
0001209191-07-057429,2007-10-09,2007-10-05,2007-10-09T14:28:03.000Z,,4,,,,4,17140,0,0,,xslF345X02/doc4.xml,FORM 4 SUBMISSION
0000950152-07-008627,2007-11-06,2007-11-05,2007-11-06T21:46:04.000Z,34,8-K,000-11330,071218482,"1.01,9.01",8-K,34964,0,0,,l28598ae8vk.htm,"PAYCHEX, INC.    8-K"
0000950152-07-009416,2007-12-04,2007-11-30,2007-12-04T21:30:51.000Z,34,8-K,000-11330,071284015,"5.02,9.01",8-K,36431,0,0,,l28987ae8vk.htm,"PAYCHEX, INC.    8-K"
0000950152-07-009725,2007-12-19,2007-12-19,2007-12-19T21:28:18.000Z,34,8-K,000-11330,071316609,2.02,8-K,90836,0,0,,l29190ae8vk.htm,"PAYCHEX, INC.    8-K"
0000950152-07-009727,2007-12-19,2007-11-30,2007-12-19T21:35:18.000Z,34,10-Q,000-11330,071316663,,10-Q,354120,0,0,,l29191ae10vq.htm,"PAYCHEX, INC.    10-Q"
0001209191-08-000566,2008-01-03,2007-12-28,2008-01-03T15:07:24.000Z,,4,,,,4,4860,0,0,,xslF345X02/doc4.xml,FORM 4 SUBMISSION
0001209191-08-003443,2008-01-14,2008-01-10,2008-01-14T18:25:23.000Z,,4,,,,4,20743,0,0,,xslF345X02/doc4.xml,FORM 4 SUBMISSION
0000950152-08-000773,2008-02-05,,2008-02-05T20:21:11.000Z,34,SC 13G/A,005-34746,08575835,,SC 13G/A,45996,0,0,,l29715asc13gza.htm,"PAYCHEX, INC./B. THOMAS GOLISANO  SC 13G/A"
0001422849-08-000311,2008-02-11,,2008-02-11T19:59:07.000Z,34,SC 13G,005-34746,08592911,,SC 13G,9335,0,0,,edgpayx.txt,SC 13G
0000000000-08-008743,2008-02-19,,2008-02-19T17:17:29.000Z,,UPLOAD,,,,LETTER,46297,0,0,,filename1.pdf,
0000950152-08-002319,2008-03-26,2008-03-26,2008-03-26T20:48:09.000Z,34,8-K,000-11330,08712541,2.02,8-K,97420,0,0,,l30715ae8vk.htm,"PAYCHEX, INC. 8-K"
0000950152-08-002321,2008-03-26,2008-02-29,2008-03-26T20:53:36.000Z,34,10-Q,000-11330,08712590,,10-Q,367699,0,0,,l30716ae10vq.htm,"PAYCHEX, INC. 10-Q"
0000950152-08-002398,2008-03-28,,2008-03-28T16:43:58.000Z,,CORRESP,,,,CORRESP,16468,0,0,,filename1.htm,
0000000000-08-017345,2008-04-03,,2008-04-03T15:36:19.000Z,,UPLOAD,,,,LETTER,37141,0,0,,filename1.pdf,
0000950152-08-003217,2008-04-30,,2008-04-30T14:55:45.000Z,,CORRESP,,,,CORRESP,7419,0,0,,filename1.htm,
0000950152-08-004052,2008-05-15,,2008-05-15T18:37:12.000Z,,CORRESP,,,,CORRESP,16359,0,0,,filename1.htm,
0000000000-08-025631,2008-05-20,,2008-05-20T16:02:37.000Z,,UPLOAD,,,,LETTER,33869,0,0,,filename1.pdf,
0001209191-08-039108,2008-06-26,2008-05-31,2008-06-26T20:28:35.000Z,,5,,,,5,4961,0,0,,xslF345X03/doc5.xml,FORM 5 SUBMISSION
0000950152-08-004935,2008-06-26,2008-06-26,2008-06-26T20:31:48.000Z,34,8-K,000-11330,08919689,"2.02,9.01",8-K,301203,0,0,,l32134ae8vk.htm,"PAYCHEX, INC.    8-K"
0001209191-08-039115,2008-06-26,2008-05-31,2008-06-26T20:33:36.000Z,,5,,,,5,6685,0,0,,xslF345X03/doc5.xml,FORM 5 SUBMISSION
0001209191-08-039121,2008-06-26,2008-05-31,2008-06-26T20:37:37.000Z,,5,,,,5,5070,0,0,,xslF345X03/doc5.xml,FORM 5 SUBMISSION
0001209191-08-039124,2008-06-26,2008-05-31,2008-06-26T20:43:58.000Z,,5,,,,5,5887,0,0,,xslF345X03/doc5.xml,FORM 5 SUBMISSION
0000950152-08-004997,2008-06-27,2007-12-31,2008-06-27T16:43:51.000Z,34,11-K,000-11330,08921684,,11-K,100227,0,0,,l32067ae11vk.htm,"PAYCHEX, INC.       11-K"
0001209191-08-040580,2008-07-02,2008-07-02,2008-07-02T20:06:48.000Z,,4,,,,4,25060,0,0,,xslF345X03/doc4.xml,FORM 4 SUBMISSION
0001209191-08-041872,2008-07-09,2008-07-08,2008-07-09T13:26:10.000Z,,4,,,,4,23296,0,0,,xslF345X03/doc4.xml,FORM 4 SUBMISSION
0001422849-08-000391,2008-07-10,,2008-07-10T00:05:47.000Z,34,SC 13G/A,005-34746,08945904,,SC 13G/A,9349,0,0,,edgpayx.txt,SC 13G/A
0001209191-08-042335,2008-07-14,2008-07-10,2008-07-14T18:31:00.000Z,,4,,,,4,17440,0,0,,xslF345X03/doc4.xml,FORM 4 SUBMISSION
0001209191-08-042337,2008-07-14,2008-07-10,2008-07-14T18:34:18.000Z,,4,,,,4,16274,0,0,,xslF345X03/doc4.xml,FORM 4 SUBMISSION
0001209191-08-042338,2008-07-14,2008-07-10,2008-07-14T18:36:32.000Z,,4,,,,4,17838,0,0,,xslF345X03/doc4.xml,FORM 4 SUBMISSION
0001209191-08-042340,2008-07-14,2008-07-10,2008-07-14T18:38:31.000Z,,4,,,,4,9837,0,0,,xslF345X03/doc4.xml,FORM 4 SUBMISSION
0001209191-08-042342,2008-07-14,2008-07-10,2008-07-14T18:40:41.000Z,,4,,,,4,16897,0,0,,xslF345X03/doc4.xml,FORM 4 SUBMISSION
0001209191-08-042343,2008-07-14,2008-07-10,2008-07-14T18:42:49.000Z,,4,,,,4,8437,0,0,,xslF345X03/doc4.xml,FORM 4 SUBMISSION
0001209191-08-042378,2008-07-14,2008-07-10,2008-07-14T20:47:40.000Z,,4,,,,4,12685,0,0,,xslF345X03/doc4.xml,FORM 4 SUBMISSION
0001209191-08-042380,2008-07-14,2008-07-10,2008-07-14T20:51:22.000Z,,4,,,,4,16804,0,0,,xslF345X03/doc4.xml,FORM 4 SUBMISSION
0001209191-08-042384,2008-07-14,2008-07-10,2008-07-14T20:54:04.000Z,,4,,,,4,21790,0,0,,xslF345X03/doc4.xml,FORM 4 SUBMISSION
0001209191-08-042385,2008-07-14,2008-07-10,2008-07-14T20:56:00.000Z,,4,,,,4,16921,0,0,,xslF345X03/doc4.xml,FORM 4 SUBMISSION
0001209191-08-042386,2008-07-14,2008-07-10,2008-07-14T20:57:41.000Z,,4,,,,4,18284,0,0,,xslF345X03/doc4.xml,FORM 4 SUBMISSION
0001209191-08-042387,2008-07-14,2008-07-10,2008-07-14T20:59:27.000Z,,4,,,,4,15623,0,0,,xslF345X03/doc4.xml,FORM 4 SUBMISSION
0000950152-08-005453,2008-07-16,2008-07-10,2008-07-16T19:49:54.000Z,34,8-K,000-11330,08955077,"5.02,9.01",8-K,48159,0,0,,l32435ae8vk.htm,"PAYCHEX, INC. 8-K"
0000950152-08-005502,2008-07-18,2008-05-31,2008-07-18T21:22:53.000Z,34,10-K,000-11330,08960002,,10-K,1202750,0,0,,l32343ae10vk.htm,"PAYCHEX, INC. 10-K"
0001209191-08-043077,2008-07-21,2008-07-21,2008-07-21T17:24:07.000Z,,4,,,,4,21704,0,0,,xslF345X03/doc4.xml,FORM 4 SUBMISSION
0001209191-08-043379,2008-07-23,2008-07-22,2008-07-23T14:41:36.000Z,,4,,,,4,5716,0,0,,xslF345X03/doc4.xml,FORM 4 SUBMISSION
0001209191-08-047054,2008-08-13,2008-08-12,2008-08-13T18:24:02.000Z,,4,,,,4,5781,0,0,,xslF345X03/doc4.xml,FORM 4 SUBMISSION
0000950152-08-006849,2008-08-29,2008-10-07,2008-08-29T13:43:15.000Z,34,DEF 14A,000-11330,081047200,,DEF 14A,560123,0,0,,l32345adef14a.htm,"PAYCHEX, INC.   DEF 14A"
9999999997-08-038342,2008-09-02,2008-05-31,2008-09-05T21:48:16.000Z,34,ARS,000-11330,08060042,,ARS,1741,0,0,,9999999997-08-038342.paper,AUTO-GENERATED PAPER DOCUMENT
0000950152-08-007012,2008-09-05,2008-08-29,2008-09-05T18:00:02.000Z,34,8-K,000-11330,081058313,"5.02,9.01",8-K,35858,0,0,,l32789ae8vk.htm,"PAYCHEX, INC.   8-K"
0000950152-08-007407,2008-09-24,2008-09-24,2008-09-24T20:20:15.000Z,34,8-K,000-11330,081086689,"2.02,9.01",8-K,80634,0,0,,l33238ae8vk.htm,"PAYCHEX, INC. 8-K"
0000950152-08-007408,2008-09-24,2008-08-31,2008-09-24T20:30:48.000Z,34,10-Q,000-11330,081086753,,10-Q,567229,0,0,,l33239ae10vq.htm,"PAYCHEX, INC. 10-Q"
0000950152-08-007842,2008-10-10,2008-10-06,2008-10-10T21:06:01.000Z,34,8-K,000-11330,081118941,"1.01,9.01",8-K,155417,0,0,,l34043ae8vk.htm,FORM 8-K
0001209191-08-062489,2008-11-24,2008-11-14,2008-11-24T21:56:37.000Z,,4,,,,4,5588,0,0,,xslF345X03/doc4.xml,FORM 4 SUBMISSION
0000950152-08-010384,2008-12-17,2008-12-17,2008-12-17T22:15:59.000Z,34,8-K,000-11330,081255785,"2.02,9.01",8-K,123070,0,0,,l34829ae8vk.htm,FORM 8-K
0000950152-08-010385,2008-12-17,2008-11-30,2008-12-17T22:19:30.000Z,34,10-Q,000-11330,081255814,,10-Q,380345,0,0,,l34830ae10vq.htm,FORM 10-Q
0000950152-09-000324,2009-01-16,2009-01-13,2009-01-15T22:36:52.000Z,34,8-K,000-11330,09529299,5.02,8-K,10971,0,0,,l35136ae8vk.htm,FORM 8-K
0000950152-09-000486,2009-01-22,,2009-01-22T20:17:02.000Z,34,SC 13G/A,005-34746,09539167,,SC 13G/A,37561,0,0,,l35168asc13gza.htm,FORM SC 13G/A
0000000000-09-004282,2009-01-28,,2009-01-28T16:14:25.000Z,,UPLOAD,,,,LETTER,52932,0,0,,filename1.pdf,
0001209191-09-005208,2009-01-28,2009-01-26,2009-01-28T21:22:00.000Z,,4,,,,4,19072,0,0,,xslF345X03/doc4.xml,FORM 4 SUBMISSION
0000950152-09-001106,2009-02-09,,2009-02-09T22:16:04.000Z,,CORRESP,,,,CORRESP,24141,0,0,,filename1.htm,
0001422849-09-000215,2009-02-12,,2009-02-12T21:30:21.000Z,34,SC 13G/A,005-34746,09595251,,SC 13G/A,9350,0,0,,edgpayx.txt,SC 13G/A
0001422849-09-000285,2009-02-12,,2009-02-12T21:49:08.000Z,34,SC 13G,005-34746,09595607,,SC 13G,9575,0,0,,edgpayx.txt,SC 13G
0000000000-09-007802,2009-02-13,,2009-02-13T19:48:21.000Z,,UPLOAD,,,,LETTER,45268,0,0,,filename1.pdf,
0001209191-09-008949,2009-02-13,2009-02-12,2009-02-13T20:05:55.000Z,,4,,,,4,5780,0,0,,xslF345X03/doc4.xml,FORM 4 SUBMISSION
0001422848-09-000308,2009-02-17,,2009-02-13T23:28:20.000Z,34,SC 13G,005-34746,09606045,,SC 13G,9389,0,0,,edgpayx.txt,SC 13G
0000950152-09-002048,2009-03-02,,2009-03-02T19:25:20.000Z,,CORRESP,,,,CORRESP,13792,0,0,,filename1.htm,
0000000000-09-012063,2009-03-09,,2009-03-09T18:14:05.000Z,,UPLOAD,,,,LETTER,34456,0,0,,filename1.pdf,
0000950152-09-003087,2009-03-25,2009-03-25,2009-03-25T21:03:03.000Z,34,8-K,000-11330,09704583,"2.02,9.01",8-K,117867,0,0,,l35907ae8vk.htm,FORM 8-K
0000950152-09-003088,2009-03-25,2009-02-28,2009-03-25T21:07:42.000Z,34,10-Q,000-11330,09704619,,10-Q,366563,0,0,,l35905ae10vq.htm,FORM 10-Q
0000950152-09-003729,2009-04-14,2009-04-13,2009-04-14T20:14:51.000Z,34,8-K,000-11330,09748865,5.02,8-K,9825,0,0,,l36106ae8vk.htm,FORM 8-K
0001209191-09-024004,2009-05-04,2009-05-04,2009-05-04T18:19:06.000Z,,3,,,,3,8261,0,0,,xslF345X02/doc3.xml,FORM 3 SUBMISSION
0001209191-09-024424,2009-05-05,2009-05-04,2009-05-05T19:53:51.000Z,,4,,,,4,7256,0,0,,xslF345X03/doc4.xml,FORM 4 SUBMISSION
0000950152-09-004722,2009-05-05,2009-05-04,2009-05-05T20:34:46.000Z,34,8-K,000-11330,09798097,"5.02,9.01",8-K,17326,0,0,,l36339ae8vk.htm,FORM 8-K
0001209191-09-024703,2009-05-06,2009-05-06,2009-05-06T18:52:46.000Z,,4,,,,4,20809,0,0,,xslF345X03/doc4.xml,FORM 4 SUBMISSION
0001209191-09-026583,2009-05-14,2009-05-13,2009-05-14T19:13:51.000Z,,4,,,,4,5637,0,0,,xslF345X03/doc4.xml,FORM 4 SUBMISSION
0001209191-09-031861,2009-06-11,2009-06-08,2009-06-11T20:35:43.000Z,,4,,,,4,17689,0,0,,xslF345X03/doc4.xml,FORM 4 SUBMISSION
0000950123-09-016794,2009-06-24,2009-06-24,2009-06-24T20:58:01.000Z,34,8-K,000-11330,09907839,"2.02,9.01",8-K,340839,0,0,,l36814ae8vk.htm,FORM 8-K
0000950123-09-017615,2009-06-26,2008-12-31,2009-06-26T14:12:09.000Z,34,11-K,000-11330,09911207,,11-K,109092,0,0,,l36729ae11vk.htm,FORM 11-K
0001209191-09-034376,2009-07-01,2009-05-31,2009-07-01T15:14:14.000Z,,5,,,,5,16997,0,0,,xslF345X03/doc5.xml,FORM 5 SUBMISSION
0001209191-09-034377,2009-07-01,2009-05-31,2009-07-01T15:16:08.000Z,,5,,,,5,13006,0,0,,xslF345X03/doc5.xml,FORM 5 SUBMISSION
0001209191-09-034378,2009-07-01,2009-05-31,2009-07-01T15:18:51.000Z,,5,,,,5,17899,0,0,,xslF345X03/doc5.xml,FORM 5 SUBMISSION
0001209191-09-034386,2009-07-01,2009-05-31,2009-07-01T15:23:38.000Z,,5,,,,5,14433,0,0,,xslF345X03/doc5.xml,FORM 5 SUBMISSION
0001209191-09-034482,2009-07-01,2009-06-30,2009-07-01T18:57:57.000Z,,4,,,,4,18768,0,0,,xslF345X03/doc4.xml,FORM 4 SUBMISSION
0001209191-09-034983,2009-07-02,2009-07-01,2009-07-02T17:58:28.000Z,,4,,,,4,8342,0,0,,xslF345X03/doc4.xml,FORM 4 SUBMISSION
0001209191-09-036324,2009-07-13,2009-07-09,2009-07-13T19:22:21.000Z,,4,,,,4,17253,0,0,,xslF345X03/doc4.xml,FORM 4 SUBMISSION
0001209191-09-036325,2009-07-13,2009-07-09,2009-07-13T19:25:00.000Z,,4,,,,4,21637,0,0,,xslF345X03/doc4.xml,FORM 4 SUBMISSION
0001209191-09-036326,2009-07-13,2009-07-09,2009-07-13T19:27:11.000Z,,4,,,,4,18431,0,0,,xslF345X03/doc4.xml,FORM 4 SUBMISSION
0001209191-09-036328,2009-07-13,2009-07-09,2009-07-13T19:28:48.000Z,,4,,,,4,18549,0,0,,xslF345X03/doc4.xml,FORM 4 SUBMISSION
0001209191-09-036329,2009-07-13,2009-07-09,2009-07-13T19:34:44.000Z,,4,,,,4,8483,0,0,,xslF345X03/doc4.xml,FORM 4 SUBMISSION
0001209191-09-036330,2009-07-13,2009-07-09,2009-07-13T19:36:43.000Z,,4,,,,4,17438,0,0,,xslF345X03/doc4.xml,FORM 4 SUBMISSION
0001209191-09-036331,2009-07-13,2009-07-09,2009-07-13T19:38:26.000Z,,4,,,,4,18076,0,0,,xslF345X03/doc4.xml,FORM 4 SUBMISSION
0001209191-09-036333,2009-07-13,2009-07-09,2009-07-13T19:41:01.000Z,,4,,,,4,9514,0,0,,xslF345X03/doc4.xml,FORM 4 SUBMISSION
0001209191-09-036335,2009-07-13,2009-07-09,2009-07-13T19:42:36.000Z,,4,,,,4,10990,0,0,,xslF345X03/doc4.xml,FORM 4 SUBMISSION
0001209191-09-036338,2009-07-13,2009-07-09,2009-07-13T19:44:08.000Z,,4,,,,4,17425,0,0,,xslF345X03/doc4.xml,FORM 4 SUBMISSION
0001209191-09-036340,2009-07-13,2009-07-09,2009-07-13T19:46:04.000Z,,4,,,,4,18914,0,0,,xslF345X03/doc4.xml,FORM 4 SUBMISSION
0000950123-09-022316,2009-07-15,2009-07-09,2009-07-15T13:37:53.000Z,34,8-K,000-11330,09944983,5.02,8-K,14685,0,0,,l36992ae8vk.htm,FORM 8-K
0000950123-09-023519,2009-07-20,2009-05-31,2009-07-20T20:24:51.000Z,34,10-K,000-11330,09953297,,10-K,1379003,0,0,,l36954ae10vk.htm,FORM 10-K
0000950123-09-037239,2009-08-21,2009-08-18,2009-08-21T21:03:49.000Z,34,8-K,000-11330,091029135,5.02,8-K,11501,0,0,,l37403e8vk.htm,8-K
0001209191-09-041854,2009-08-25,2009-08-21,2009-08-25T15:28:20.000Z,,4,,,,4,5648,0,0,,xslF345X03/doc4.xml,FORM 4 SUBMISSION
0000950123-09-040642,2009-09-03,2009-10-13,2009-09-03T13:15:12.000Z,34,DEF 14A,000-11330,091052319,,DEF 14A,660540,0,0,,l36953def14a.htm,DEF 14A
0001209191-09-043216,2009-09-03,2009-09-01,2009-09-03T18:03:55.000Z,,4,,,,4,6224,0,0,,xslF345X03/doc4.xml,FORM 4 SUBMISSION
9999999997-09-024536,2009-09-08,2009-05-31,2009-09-09T20:23:03.000Z,34,ARS,000-11330,09012273,,ARS,1741,0,0,,9999999997-09-024536.paper,AUTO-GENERATED PAPER DOCUMENT
0000950123-09-043321,2009-09-15,2009-09-14,2009-09-15T20:43:08.000Z,34,8-K,000-11330,091070280,"8.01,9.01",8-K,17034,0,0,,l37565e8vk.htm,8-K
0001209191-09-044722,2009-09-17,2009-09-14,2009-09-17T17:51:35.000Z,,3,,,,3,7583,0,0,,xslF345X02/doc3.xml,FORM 3 SUBMISSION
0000950123-09-045258,2009-09-23,2009-09-23,2009-09-23T21:05:57.000Z,34,8-K,000-11330,091083106,"2.02,9.01",8-K,101122,0,0,,l37615e8vk.htm,8-K
0000950123-09-045262,2009-09-23,2009-08-31,2009-09-23T21:11:52.000Z,34,10-Q,000-11330,091083138,,10-Q,1476211,1,0,,l37560e10vq.htm,10-Q
0001209191-09-046122,2009-09-30,2009-09-28,2009-09-30T18:31:33.000Z,,4,,,,4,7279,0,0,,xslF345X03/doc4.xml,FORM 4 SUBMISSION
0001209191-09-053575,2009-11-19,2009-11-17,2009-11-19T15:56:04.000Z,,4,,,,4,5648,0,0,,xslF345X03/doc4.xml,FORM 4 SUBMISSION
0000950123-09-071274,2009-12-16,2009-12-16,2009-12-16T21:51:33.000Z,34,8-K,000-11330,091245132,"2.02,9.01",8-K,126249,0,0,,l38274e8vk.htm,FORM 8-K
0000950123-09-071276,2009-12-16,2009-11-30,2009-12-16T21:53:28.000Z,34,10-Q,000-11330,091245152,,10-Q,1542445,1,0,,l37753e10vq.htm,FORM 10-Q
0001209191-09-058501,2009-12-23,2009-12-21,2009-12-23T19:04:13.000Z,,4,,,,4,21471,0,0,,xslF345X03/doc4.xml,FORM 4 SUBMISSION
0000950123-10-006577,2010-01-29,,2010-01-29T16:50:09.000Z,34,SC 13G/A,005-34746,10556432,,SC 13G/A,35294,0,0,,l38694sc13gza.htm,SC 13G/A
0001422848-10-000076,2010-02-09,,2010-02-09T22:24:57.000Z,34,SC 13G/A,005-34746,10585346,,SC 13G/A,9253,0,0,,edgpayx.txt,SC 13G/A
0001422849-10-000326,2010-02-10,,2010-02-10T00:07:36.000Z,34,SC 13G/A,005-34746,10585804,,SC 13G/A,9203,0,0,,edgpayx.txt,SC 13G/A
0000044201-10-000039,2010-02-12,,2010-02-11T22:58:56.000Z,34,SC 13G/A,005-34746,10593225,,SC 13G/A,9536,0,0,,edgpayx.txt,SC 13G/A
0001209191-10-015419,2010-03-09,2010-02-19,2010-03-09T13:57:02.000Z,,4,,,,4,5647,0,0,,xslF345X03/doc4.xml,FORM 4 SUBMISSION
0000950123-10-027757,2010-03-24,2010-03-24,2010-03-24T21:00:44.000Z,34,8-K,000-11330,10702322,"2.02,9.01",8-K,132743,0,0,,l39188e8vk.htm,FORM 8-K
0000950123-10-027758,2010-03-24,2010-02-28,2010-03-24T21:01:32.000Z,34,10-Q,000-11330,10702332,,10-Q,1678151,1,0,,l39187e10vq.htm,FORM 10-Q
0001209191-10-029325,2010-05-20,2010-05-19,2010-05-20T20:33:43.000Z,,4,,,,4,5636,0,0,,xslF345X03/doc4.xml,FORM 4 SUBMISSION
0000950123-10-060324,2010-06-23,2010-06-23,2010-06-23T21:08:17.000Z,34,8-K,000-11330,10913191,"2.02,9.01",8-K,317134,0,0,,l40034e8vk.htm,FORM 8-K
0000950123-10-060721,2010-06-24,2009-12-31,2010-06-24T20:52:21.000Z,34,11-K,000-11330,10915423,,11-K,128216,0,0,,l39850e11vk.htm,FORM 11-K
0001209191-10-037858,2010-07-08,2010-07-06,2010-07-08T20:39:28.000Z,,4,,,,4,15477,0,0,,xslF345X03/doc4.xml,FORM 4 SUBMISSION
0001209191-10-037860,2010-07-08,2010-07-06,2010-07-08T20:41:30.000Z,,4,,,,4,19068,0,0,,xslF345X03/doc4.xml,FORM 4 SUBMISSION
0001209191-10-037862,2010-07-08,2010-07-06,2010-07-08T20:47:19.000Z,,4,,,,4,16543,0,0,,xslF345X03/doc4.xml,FORM 4 SUBMISSION
0001209191-10-037863,2010-07-08,2010-07-06,2010-07-08T20:49:11.000Z,,4,,,,4,16775,0,0,,xslF345X03/doc4.xml,FORM 4 SUBMISSION
0001209191-10-037864,2010-07-08,2010-07-06,2010-07-08T20:50:21.000Z,,4,,,,4,10027,0,0,,xslF345X03/doc4.xml,FORM 4 SUBMISSION
0001209191-10-037972,2010-07-09,2010-07-07,2010-07-09T20:07:35.000Z,,4,,,,4,20327,0,0,,xslF345X03/doc4.xml,FORM 4 SUBMISSION
0001209191-10-037973,2010-07-09,2010-07-07,2010-07-09T20:08:36.000Z,,4,,,,4,12195,0,0,,xslF345X03/doc4.xml,FORM 4 SUBMISSION
0001209191-10-037974,2010-07-09,2010-07-07,2010-07-09T20:09:22.000Z,,4,,,,4,19398,0,0,,xslF345X03/doc4.xml,FORM 4 SUBMISSION
0001209191-10-037976,2010-07-09,2010-07-07,2010-07-09T20:10:18.000Z,,4,,,,4,10718,0,0,,xslF345X03/doc4.xml,FORM 4 SUBMISSION
0001209191-10-037978,2010-07-09,2010-07-07,2010-07-09T20:11:14.000Z,,4,,,,4,19043,0,0,,xslF345X03/doc4.xml,FORM 4 SUBMISSION
0001209191-10-037979,2010-07-09,2010-07-07,2010-07-09T20:13:01.000Z,,4,,,,4,8485,0,0,,xslF345X03/doc4.xml,FORM 4 SUBMISSION
0001209191-10-037980,2010-07-09,2010-07-07,2010-07-09T20:14:02.000Z,,4,,,,4,16518,0,0,,xslF345X03/doc4.xml,FORM 4 SUBMISSION
0001209191-10-037981,2010-07-09,2010-07-07,2010-07-09T20:14:54.000Z,,4,,,,4,18798,0,0,,xslF345X03/doc4.xml,FORM 4 SUBMISSION
0001209191-10-037983,2010-07-09,2010-07-07,2010-07-09T20:16:12.000Z,,4,,,,4,10369,0,0,,xslF345X03/doc4.xml,FORM 4 SUBMISSION
0001209191-10-037996,2010-07-09,2010-07-07,2010-07-09T20:41:00.000Z,,4,,,,4,20118,0,0,,xslF345X03/doc4.xml,FORM 4 SUBMISSION
0000950123-10-064753,2010-07-12,2010-07-07,2010-07-12T13:08:00.000Z,34,8-K,000-11330,10947294,5.02,8-K,16439,0,0,,l40159e8vk.htm,FORM 8-K
0000950123-10-066009,2010-07-16,2010-05-31,2010-07-16T20:17:20.000Z,34,10-K,000-11330,10956626,,10-K,4625778,1,0,,l39983e10vk.htm,FORM 10-K
0001209191-10-041019,2010-08-04,2010-08-02,2010-08-04T13:33:05.000Z,,4,,,,4,16871,0,0,,xslF345X03/doc4.xml,FORM 4 SUBMISSION
0001209191-10-043614,2010-08-23,2010-08-19,2010-08-23T19:07:03.000Z,,4,,,,4,5649,0,0,,xslF345X03/doc4.xml,FORM 4 SUBMISSION
0000950123-10-083775,2010-09-03,2010-10-13,2010-09-03T18:12:31.000Z,34,DEF 14A,000-11330,101057264,,DEF 14A,803133,0,0,,l40502def14a.htm,DEF 14A
9999999997-10-017817,2010-09-07,2010-05-31,2010-09-15T20:32:17.000Z,34,ARS,000-11330,10012443,,ARS,1741,0,0,,9999999997-10-017817.paper,AUTO-GENERATED PAPER DOCUMENT
0000950123-10-089214,2010-09-27,2010-09-27,2010-09-27T20:35:26.000Z,34,8-K,000-11330,101091220,"2.02,9.01",8-K,102159,0,0,,l40720e8vk.htm,FORM 8-K
0000950123-10-089222,2010-09-27,2010-08-31,2010-09-27T20:42:40.000Z,34,10-Q,000-11330,101091271,,10-Q,4050819,1,0,,l39291e10vq.htm,FORM 10-Q
0001209191-10-047892,2010-09-30,2010-09-28,2010-09-30T14:38:45.000Z,,4,,,,4,7555,0,0,,xslF345X03/doc4.xml,FORM 4 SUBMISSION
0000950123-10-090428,2010-09-30,2010-09-30,2010-09-30T20:04:00.000Z,34,8-K,000-11330,101099361,"5.02,9.01",8-K,19694,0,0,,l40800e8vk.htm,FORM 8-K
0001209191-10-048569,2010-10-04,2010-10-01,2010-10-04T18:55:35.000Z,,4,,,,4,16545,0,0,,xslF345X03/doc4.xml,FORM 4 SUBMISSION
0001209191-10-050419,2010-10-14,2010-10-12,2010-10-14T20:49:41.000Z,,4,,,,4,20009,0,0,,xslF345X03/doc4.xml,FORM 4 SUBMISSION
0001209191-10-050506,2010-10-15,2010-10-13,2010-10-15T19:34:50.000Z,,3,,,,3,9468,0,0,,xslF345X02/doc3.xml,FORM 3 SUBMISSION
0000950123-10-093554,2010-10-15,2010-10-12,2010-10-15T21:09:21.000Z,34,8-K,000-11330,101126313,"5.02,5.07,9.01",8-K,35616,0,0,,l40879e8vk.htm,FORM 8-K
0000000000-10-061828,2010-10-20,,2010-10-20T17:26:00.000Z,,UPLOAD,,,,LETTER,69152,0,0,,filename1.pdf,
0000950123-10-098777,2010-11-01,,2010-11-01T20:05:50.000Z,,CORRESP,,,,CORRESP,19174,0,0,,filename1.htm,
0000000000-10-068753,2010-11-17,,2010-11-17T19:34:29.000Z,,UPLOAD,,,,LETTER,50038,0,0,,filename1.pdf,
0001209191-10-056107,2010-11-19,2010-11-19,2010-11-19T20:21:59.000Z,,4,,,,4,5649,0,0,,xslF345X03/doc4.xml,FORM 4 SUBMISSION
0000950123-10-109743,2010-11-30,,2010-11-30T21:07:30.000Z,33,S-8,333-170871,101222074,,S-8,127379,0,0,,l41226sv8.htm,FORM S-8
0000950123-10-112245,2010-12-09,2010-12-09,2010-12-09T14:02:24.000Z,34,8-K,000-11330,101241265,"1.01,7.01,9.01",8-K,34951,0,0,,l41307e8vk.htm,FORM 8-K
0001209191-10-059823,2010-12-13,2010-10-13,2010-12-13T16:42:32.000Z,,3/A,,,,3/A,5144,0,0,,xslF345X02/doc3a.xml,FORM 3/A SUBMISSION
0000950123-10-115021,2010-12-20,2010-12-20,2010-12-20T21:25:34.000Z,34,8-K,000-11330,101263179,"2.02,9.01",8-K,132466,0,0,,l41339e8vk.htm,FORM 8-K
0000950123-10-115032,2010-12-20,2010-11-30,2010-12-20T21:36:03.000Z,34,10-Q,000-11330,101263269,,10-Q,3328396,1,0,,l41227e10vq.htm,FORM 10-Q
0000950123-11-005509,2011-01-26,,2011-01-26T19:03:37.000Z,34,SC 13G/A,005-34746,11548989,,SC 13G/A,43413,0,0,,l41562sc13gza.htm,SC 13G/A
0001209191-11-005250,2011-01-27,2011-01-27,2011-01-27T19:39:18.000Z,,4,,,,4,19126,0,0,,xslF345X03/doc4.xml,FORM 4 SUBMISSION
0000950123-11-007404,2011-01-31,2011-01-31,2011-01-31T22:30:35.000Z,34,8-K,000-11330,11560634,"5.02,9.01",8-K,20627,0,0,,l41740e8vk.htm,FORM 8-K
0001422848-11-000173,2011-02-11,,2011-02-11T18:51:33.000Z,34,SC 13G/A,005-34746,11597356,,SC 13G/A,9035,0,0,,edgpayx.txt,SC 13G/A
0001422849-11-000277,2011-02-14,,2011-02-12T00:52:20.000Z,34,SC 13G/A,005-34746,11601580,,SC 13G/A,8981,0,0,,edgpayx.txt,SC 13G/A
0001209191-11-011049,2011-02-18,2011-02-17,2011-02-18T19:39:22.000Z,,4,,,,4,5444,0,0,,xslF345X03/doc4.xml,FORM 4 SUBMISSION
0001209191-11-017348,2011-03-11,2011-03-07,2011-03-11T21:27:10.000Z,,3,,,,3,7121,0,0,,xslF345X02/doc3.xml,FORM 3 SUBMISSION
0000950123-11-028292,2011-03-23,2011-03-23,2011-03-23T20:55:46.000Z,34,8-K,000-11330,11707014,"2.02,9.01",8-K,126575,0,0,,l42180e8vk.htm,FORM 8-K
0000950123-11-028301,2011-03-23,2011-02-28,2011-03-23T21:04:19.000Z,34,10-Q,000-11330,11707079,,10-Q,4445830,1,0,,l41845e10vq.htm,FORM 10-Q
0001209191-11-019908,2011-03-29,2011-03-28,2011-03-29T19:15:36.000Z,,4,,,,4,6862,0,0,,xslF345X03/doc4.xml,FORM 4 SUBMISSION
0000950123-11-034624,2011-04-11,2011-04-06,2011-04-11T20:20:04.000Z,34,8-K,000-11330,11752875,5.02,8-K,12429,0,0,,l42388e8vk.htm,FORM 8-K
0000950123-11-044371,2011-05-04,2011-05-04,2011-05-04T14:30:21.000Z,34,8-K,000-11330,11808594,"5.02,9.01",8-K,20670,0,0,,l42598e8vk.htm,FORM 8-K
0000950123-11-053902,2011-05-25,2011-05-25,2011-05-25T20:10:56.000Z,34,8-K,000-11330,11871077,"5.02,9.01",8-K,16565,0,0,,l42785e8vk.htm,FORM 8-K
0001209191-11-031802,2011-05-31,2011-05-17,2011-05-31T18:49:56.000Z,,4,,,,4,5236,0,0,,xslF345X03/doc4.xml,FORM 4 SUBMISSION
0001209191-11-032480,2011-06-02,2011-06-01,2011-06-02T19:47:31.000Z,,3,,,,3,7744,0,0,,xslF345X02/doc3.xml,FORM 3 SUBMISSION
0001209191-11-032491,2011-06-02,2011-06-01,2011-06-02T20:05:35.000Z,,3,,,,3,7768,0,0,,xslF345X02/doc3.xml,FORM 3 SUBMISSION
0000950123-11-057593,2011-06-08,2011-06-06,2011-06-08T21:16:13.000Z,34,8-K,000-11330,11901609,8.01,8-K,8475,0,0,,l42872e8vk.htm,FORM 8-K
0000950123-11-060860,2011-06-22,2011-06-22,2011-06-22T20:36:44.000Z,34,8-K,000-11330,11925921,"2.02,9.01",8-K,275148,0,0,,l42912e8vk.htm,FORM 8-K
0000950123-11-062021,2011-06-27,2010-12-31,2011-06-27T21:15:26.000Z,34,11-K,000-11330,11933724,,11-K,122908,0,0,,l42913e11vk.htm,FORM 11-K
0001209191-11-038781,2011-07-08,2011-07-06,2011-07-08T13:12:10.000Z,,3,,,,3,14681,0,0,,xslF345X02/doc3.xml,FORM 3 SUBMISSION
0001209191-11-038819,2011-07-08,2011-07-07,2011-07-08T16:14:50.000Z,,4,,,,4,8033,0,0,,xslF345X03/doc4.xml,FORM 4 SUBMISSION
0001209191-11-038820,2011-07-08,2011-07-07,2011-07-08T16:16:37.000Z,,4,,,,4,19918,0,0,,xslF345X03/doc4.xml,FORM 4 SUBMISSION
0001209191-11-038822,2011-07-08,2011-07-07,2011-07-08T16:19:56.000Z,,4,,,,4,15236,0,0,,xslF345X03/doc4.xml,FORM 4 SUBMISSION
0001209191-11-038823,2011-07-08,2011-07-07,2011-07-08T16:21:17.000Z,,4,,,,4,19706,0,0,,xslF345X03/doc4.xml,FORM 4 SUBMISSION
0001209191-11-038825,2011-07-08,2011-07-07,2011-07-08T16:23:01.000Z,,4,,,,4,12990,0,0,,xslF345X03/doc4.xml,FORM 4 SUBMISSION
0001209191-11-038826,2011-07-08,2011-07-07,2011-07-08T16:24:01.000Z,,4,,,,4,17660,0,0,,xslF345X03/doc4.xml,FORM 4 SUBMISSION
0001209191-11-038829,2011-07-08,2011-07-07,2011-07-08T16:26:21.000Z,,4,,,,4,12719,0,0,,xslF345X03/doc4.xml,FORM 4 SUBMISSION
0001209191-11-038868,2011-07-08,2011-07-06,2011-07-08T19:11:26.000Z,,4,,,,4,26645,0,0,,xslF345X03/doc4.xml,FORM 4 SUBMISSION
0001209191-11-038869,2011-07-08,2011-07-06,2011-07-08T19:12:28.000Z,,4,,,,4,9281,0,0,,xslF345X03/doc4.xml,FORM 4 SUBMISSION
0001209191-11-038871,2011-07-08,2011-07-06,2011-07-08T19:14:17.000Z,,4,,,,4,16492,0,0,,xslF345X03/doc4.xml,FORM 4 SUBMISSION
0001209191-11-038878,2011-07-08,2011-07-06,2011-07-08T19:22:46.000Z,,4,,,,4,18686,0,0,,xslF345X03/doc4.xml,FORM 4 SUBMISSION
0001209191-11-038881,2011-07-08,2011-07-06,2011-07-08T19:25:10.000Z,,4,,,,4,10490,0,0,,xslF345X03/doc4.xml,FORM 4 SUBMISSION
0001193125-11-186008,2011-07-11,2011-07-06,2011-07-11T21:14:08.000Z,34,8-K,000-11330,11962309,5.02,8-K,15904,0,0,,d8k.htm,8-K
0001209191-11-039615,2011-07-15,2011-07-13,2011-07-15T13:49:57.000Z,,4,,,,4,16002,0,0,,xslF345X03/doc4.xml,FORM 4 SUBMISSION
0001209191-11-039616,2011-07-15,2011-07-13,2011-07-15T13:51:19.000Z,,4,,,,4,21080,0,0,,xslF345X03/doc4.xml,FORM 4 SUBMISSION
0000950123-11-065947,2011-07-15,2011-05-31,2011-07-15T21:24:01.000Z,34,10-K,000-11330,11971238,,10-K,8545913,1,0,,l42678e10vk.htm,FORM 10-K
0001193125-11-192464,2011-07-20,2011-07-18,2011-07-20T20:06:53.000Z,34,8-K,000-11330,11977687,5.02,8-K,14905,0,0,,d8k.htm,8-K
0001209191-11-040588,2011-07-22,2011-07-18,2011-07-22T12:55:46.000Z,,3,,,,3,12775,0,0,,xslF345X02/doc3.xml,FORM 3 SUBMISSION
0001209191-11-043522,2011-08-10,2011-08-09,2011-08-10T21:27:08.000Z,,4,,,,4,6883,0,0,,xslF345X03/doc4.xml,FORM 4 SUBMISSION
0001209191-11-044739,2011-08-18,2011-08-16,2011-08-18T12:34:46.000Z,,4,,,,4,5237,0,0,,xslF345X03/doc4.xml,FORM 4 SUBMISSION
0000950123-11-081664,2011-08-31,2011-10-11,2011-08-31T17:54:58.000Z,34,DEF 14A,000-11330,111068108,,DEF 14A,867175,0,0,,l42914def14a.htm,DEF 14A
9999999997-11-015479,2011-09-01,2011-05-31,2011-09-14T17:09:13.000Z,34,ARS,000-11330,11008316,,ARS,1329,0,0,,9999999997-11-015479.paper,AUTO-GENERATED PAPER DOCUMENT
0001193125-11-250392,2011-09-16,2011-09-15,2011-09-16T20:20:42.000Z,34,8-K,000-11330,111095478,"5.02,9.01",8-K,77401,0,0,,d233288d8k.htm,8-K
0001193125-11-257508,2011-09-27,2011-09-27,2011-09-27T21:05:39.000Z,34,8-K,000-11330,111110239,"2.02,9.01",8-K,198391,0,0,,d235070d8k.htm,8-K
0000950123-11-087071,2011-09-27,2011-08-31,2011-09-27T21:13:36.000Z,34,10-Q,000-11330,111110291,,10-Q,3033826,1,0,,l43115e10vq.htm,FORM 10-Q
0001209191-11-051691,2011-10-13,2011-10-12,2011-10-13T20:20:56.000Z,,4,,,,4,21082,0,0,,xslF345X03/doc4.xml,FORM 4 SUBMISSION
0001193125-11-271124,2011-10-14,2011-10-11,2011-10-14T12:31:04.000Z,34,8-K,000-11330,111140901,5.07,8-K,42457,0,0,,d242533d8k.htm,FORM 8-K
0001209191-11-052109,2011-10-19,2011-10-11,2011-10-19T12:52:11.000Z,,3,,,,3,13601,0,0,,xslF345X02/doc3.xml,FORM 3 SUBMISSION
0001209191-11-052375,2011-10-21,2011-10-17,2011-10-21T18:43:28.000Z,,3,,,,3,9627,0,0,,xslF345X02/doc3.xml,FORM 3 SUBMISSION
0000000000-11-063296,2011-10-31,,2011-10-31T13:45:39.000Z,,UPLOAD,,,,LETTER,55883,0,0,,filename1.pdf,
0001193125-11-306206,2011-11-10,,2011-11-10T17:20:37.000Z,,CORRESP,,,,CORRESP,15495,0,0,,filename1.htm,
0000000000-11-067343,2011-11-21,,2011-11-21T16:16:41.000Z,,UPLOAD,,,,LETTER,45361,0,0,,filename1.pdf,
0001209191-11-057813,2011-11-23,2011-11-22,2011-11-23T14:19:05.000Z,,4,,,,4,5237,0,0,,xslF345X03/doc4.xml,FORM 4 SUBMISSION
0001193125-11-347313,2011-12-20,2011-12-20,2011-12-20T21:36:39.000Z,34,8-K,000-11330,111272401,"2.02,9.01",8-K,228910,0,0,,d272202d8k.htm,8-K
0001193125-11-347321,2011-12-20,2011-11-30,2011-12-20T21:39:52.000Z,34,10-Q,000-11330,111272421,,10-Q,4076074,1,0,,d258874d10q.htm,10-Q
0001193125-12-034474,2012-02-01,,2012-02-01T21:39:50.000Z,34,SC 13G/A,005-34746,12563008,,SC 13G/A,39605,0,0,,d290404dsc13ga.htm,SC 13G/A
0001209191-12-007691,2012-02-06,2012-02-02,2012-02-06T16:04:12.000Z,,4,,,,4,13016,0,0,,xslF345X03/doc4.xml,FORM 4 SUBMISSION
0001422849-12-000287,2012-02-10,,2012-02-10T18:22:08.000Z,34,SC 13G/A,005-34746,12591368,,SC 13G/A,8557,0,0,,edgpayx.txt,SC 13G/A
0001193125-12-137472,2012-03-28,2012-03-28,2012-03-28T20:40:41.000Z,34,8-K,000-11330,12721045,"2.02,9.01",8-K,243972,0,0,,d321871d8k.htm,FORM 8-K
0001193125-12-137499,2012-03-28,2012-02-29,2012-03-28T20:47:51.000Z,34,10-Q,000-11330,12721106,,10-Q,4128411,1,0,,d299747d10q.htm,FORM 10-Q
0001209191-12-023144,2012-04-16,2012-04-16,2012-04-16T20:34:36.000Z,,4,,,,4,23485,0,0,,xslF345X03/doc4.xml,FORM 4 SUBMISSION
0001209191-12-026127,2012-05-07,2012-05-04,2012-05-07T13:54:34.000Z,,4,,,,4,21179,0,0,,xslF345X03/doc4.xml,FORM 4 SUBMISSION
0001193125-12-285719,2012-06-27,2012-06-27,2012-06-27T21:11:46.000Z,34,8-K,000-11330,12930288,"2.02,9.01",8-K,473349,0,0,,d370907d8k.htm,8-K
0001193125-12-287722,2012-06-28,2011-12-31,2012-06-28T20:14:38.000Z,34,11-K,000-11330,12932781,,11-K,202698,0,0,,d364936d11k.htm,FORM 11-K
0001209191-12-037255,2012-07-05,2012-07-05,2012-07-05T16:24:34.000Z,,4,,,,4,17609,0,0,,xslF345X03/doc4.xml,FORM 4 SUBMISSION
0001209191-12-037479,2012-07-06,2012-07-05,2012-07-06T14:33:02.000Z,,4,,,,4,16709,0,0,,xslF345X03/doc4.xml,FORM 4 SUBMISSION
0001209191-12-037600,2012-07-09,2012-07-06,2012-07-09T18:18:36.000Z,,4,,,,4,19286,0,0,,xslF345X03/doc4.xml,FORM 4 SUBMISSION
0001209191-12-037601,2012-07-09,2012-07-06,2012-07-09T18:20:37.000Z,,4,,,,4,14807,0,0,,xslF345X03/doc4.xml,FORM 4 SUBMISSION
0001209191-12-037602,2012-07-09,2012-07-06,2012-07-09T18:21:56.000Z,,4,,,,4,13510,0,0,,xslF345X03/doc4.xml,FORM 4 SUBMISSION
0001209191-12-037603,2012-07-09,2012-07-06,2012-07-09T18:23:30.000Z,,4,,,,4,12323,0,0,,xslF345X03/doc4.xml,FORM 4 SUBMISSION
0001209191-12-037604,2012-07-09,2012-07-06,2012-07-09T18:24:47.000Z,,4,,,,4,7136,0,0,,xslF345X03/doc4.xml,FORM 4 SUBMISSION
0001209191-12-037605,2012-07-09,2012-07-06,2012-07-09T18:26:14.000Z,,4,,,,4,21554,0,0,,xslF345X03/doc4.xml,FORM 4 SUBMISSION
0001209191-12-038011,2012-07-13,2012-07-12,2012-07-13T16:03:08.000Z,,4,,,,4,9239,0,0,,xslF345X03/doc4.xml,FORM 4 SUBMISSION
0001209191-12-038012,2012-07-13,2012-07-12,2012-07-13T16:04:49.000Z,,4,,,,4,18233,0,0,,xslF345X03/doc4.xml,FORM 4 SUBMISSION
0001209191-12-038013,2012-07-13,2012-07-12,2012-07-13T16:06:10.000Z,,4,,,,4,15238,0,0,,xslF345X03/doc4.xml,FORM 4 SUBMISSION
0001209191-12-038019,2012-07-13,2012-07-12,2012-07-13T16:29:42.000Z,,4,,,,4,19709,0,0,,xslF345X03/doc4.xml,FORM 4 SUBMISSION
0001209191-12-038020,2012-07-13,2012-07-12,2012-07-13T16:31:14.000Z,,4,,,,4,14196,0,0,,xslF345X03/doc4.xml,FORM 4 SUBMISSION
0001209191-12-038021,2012-07-13,2012-07-12,2012-07-13T16:32:37.000Z,,4,,,,4,17663,0,0,,xslF345X03/doc4.xml,FORM 4 SUBMISSION
0001209191-12-038022,2012-07-13,2012-07-12,2012-07-13T16:33:54.000Z,,4,,,,4,12719,0,0,,xslF345X03/doc4.xml,FORM 4 SUBMISSION
0001209191-12-038037,2012-07-13,2012-07-11,2012-07-13T18:55:46.000Z,,4,,,,4,23754,0,0,,xslF345X03/doc4.xml,FORM 4 SUBMISSION
0001209191-12-038038,2012-07-13,2012-07-11,2012-07-13T18:57:24.000Z,,4,,,,4,9273,0,0,,xslF345X03/doc4.xml,FORM 4 SUBMISSION
0001209191-12-038039,2012-07-13,2012-07-11,2012-07-13T18:58:29.000Z,,4,,,,4,14632,0,0,,xslF345X03/doc4.xml,FORM 4 SUBMISSION
0001209191-12-038040,2012-07-13,2012-07-11,2012-07-13T18:59:36.000Z,,4,,,,4,15316,0,0,,xslF345X03/doc4.xml,FORM 4 SUBMISSION
0001209191-12-038041,2012-07-13,2012-07-11,2012-07-13T19:01:09.000Z,,4,,,,4,15819,0,0,,xslF345X03/doc4.xml,FORM 4 SUBMISSION
0001209191-12-038042,2012-07-13,2012-07-11,2012-07-13T19:05:05.000Z,,4,,,,4,10078,0,0,,xslF345X03/doc4.xml,FORM 4 SUBMISSION
0001209191-12-038043,2012-07-13,2012-07-11,2012-07-13T19:06:13.000Z,,4,,,,4,10482,0,0,,xslF345X03/doc4.xml,FORM 4 SUBMISSION
0001209191-12-038618,2012-07-19,2012-07-17,2012-07-19T13:44:59.000Z,,4,,,,4,21084,0,0,,xslF345X03/doc4.xml,FORM 4 SUBMISSION
0001193125-12-309041,2012-07-20,2012-05-31,2012-07-20T20:48:58.000Z,34,10-K,000-11330,12972767,,10-K,9328091,1,0,,d336374d10k.htm,FORM 10-K
0001193125-12-391805,2012-09-14,2012-10-23,2012-09-14T13:21:22.000Z,34,DEF 14A,000-11330,121091368,,DEF 14A,1275985,0,0,,d395153ddef14a.htm,DEF 14A
9999999997-12-013710,2012-09-18,2012-05-31,2012-09-19T15:45:43.000Z,34,ARS,000-11330,12028141,,ARS,1329,0,0,,9999999997-12-013710.paper,AUTO-GENERATED PAPER DOCUMENT
0001193125-12-401618,2012-09-24,2012-09-24,2012-09-24T20:35:51.000Z,34,8-K,000-11330,121106840,"2.02,9.01",8-K,183707,0,0,,d413901d8k.htm,FORM 8-K
0001193125-12-401628,2012-09-24,2012-08-31,2012-09-24T20:39:54.000Z,34,10-Q,000-11330,121106866,,10-Q,3728251,1,0,,d385388d10q.htm,FORM 10-Q
0001209191-12-048703,2012-10-09,2012-10-08,2012-10-09T18:48:40.000Z,,4,,,,4,30047,0,0,,xslF345X03/doc4.xml,FORM 4 SUBMISSION
0001209191-12-049377,2012-10-15,2012-10-12,2012-10-15T20:00:44.000Z,,4,,,,4,21085,0,0,,xslF345X03/doc4.xml,FORM 4 SUBMISSION
0001209191-12-049913,2012-10-18,2012-10-17,2012-10-18T19:19:22.000Z,,4,,,,4,9034,0,0,,xslF345X03/doc4.xml,FORM 4 SUBMISSION
0000723531-12-000003,2012-10-26,2012-10-23,2012-10-26T19:27:46.000Z,34,8-K,000-11330,121164311,5.07,8-K,76476,0,0,,payx-102312x8k.htm,8-K
0000723531-12-000006,2012-12-10,2012-12-10,2012-12-10T21:15:14.000Z,34,8-K,000-11330,121253278,"8.01,9.01",8-K,45004,0,0,,a8-k12x10x12dividend.htm,8-K
0000723531-12-000009,2012-12-19,2012-12-19,2012-12-19T22:29:13.000Z,34,8-K,000-11330,121275315,"2.02,9.01",8-K,445625,0,0,,payxq220138-k.htm,8-K
0000723531-12-000011,2012-12-20,2012-11-30,2012-12-19T22:32:03.000Z,34,10-Q,000-11330,121275335,,10-Q,5396671,1,0,,payx-11302012x10q.htm,10-Q
0001209191-12-059699,2012-12-31,2012-12-28,2012-12-31T14:36:10.000Z,,4,,,,4,22225,0,0,,xslF345X03/doc4.xml,FORM 4 SUBMISSION
0001209191-13-005799,2013-02-04,2012-12-27,2013-02-04T14:05:18.000Z,,4,,,,4,5034,0,0,,xslF345X03/doc4.xml,FORM 4 SUBMISSION
0001445305-13-000145,2013-02-04,,2013-02-04T18:24:05.000Z,34,SC 13G,005-34746,13569162,,SC 13G,77807,0,0,,tgsc13gdec12.htm,SC 13G
0000315066-13-002676,2013-02-14,,2013-02-14T19:07:39.000Z,34,SC 13G,005-34746,13611355,,SC 13G,10306,0,0,,filing.txt,
0001209191-13-008894,2013-02-14,2013-02-14,2013-02-14T21:09:38.000Z,,4,,,,4,23489,0,0,,xslF345X03/doc4.xml,FORM 4 SUBMISSION
0000723531-13-000004,2013-03-27,2013-03-27,2013-03-27T20:23:53.000Z,34,8-K,000-11330,13720280,"2.02,9.01",8-K,448941,0,0,,payxq320138-k.htm,8-K
0000723531-13-000006,2013-03-27,2013-02-28,2013-03-27T21:09:20.000Z,34,10-Q,000-11330,13720677,,10-Q,5792381,1,0,,payx-02282013x10q.htm,10-Q
0000723531-13-000008,2013-03-29,2013-03-26,2013-03-29T16:16:39.000Z,34,8-K,000-11330,13726933,"1.01,9.01",8-K,78445,0,0,,payx8-ksharerepurchaseagre.htm,8-K
0001209191-13-020378,2013-04-04,2013-04-03,2013-04-04T15:17:29.000Z,,4,,,,4,19707,0,0,,xslF345X03/doc4.xml,FORM 4 SUBMISSION
0001209191-13-020482,2013-04-05,2013-04-04,2013-04-05T14:52:48.000Z,,4,,,,4,11740,0,0,,xslF345X03/doc4.xml,FORM 4 SUBMISSION
0000723531-13-000012,2013-05-16,2013-05-16,2013-05-16T15:13:38.000Z,34,8-K,000-11330,13849959,"5.02,9.01",8-K,37391,0,0,,paychex8-ksvp.htm,8-K
0001209191-13-028977,2013-05-28,2013-05-20,2013-05-28T18:14:01.000Z,,3,,,,3,8022,0,0,,xslF345X02/doc3.xml,FORM 3 SUBMISSION
0000723531-13-000015,2013-06-26,2013-06-26,2013-06-26T20:33:42.000Z,34,8-K,000-11330,13934755,"2.02,9.01",8-K,819981,0,0,,payx-form8xkx062613.htm,8-K
0000723531-13-000017,2013-06-27,2012-12-31,2013-06-27T19:35:03.000Z,34,11-K,000-11330,13937373,,11-K,330885,0,0,,payx11-k123112.htm,11-K
0001209191-13-034762,2013-07-02,2013-07-01,2013-07-02T19:12:19.000Z,,4,,,,4,6000,0,0,,xslF345X03/doc4.xml,FORM 4 SUBMISSION
0001209191-13-034764,2013-07-02,2013-07-01,2013-07-02T19:18:20.000Z,,4,,,,4,17612,0,0,,xslF345X03/doc4.xml,FORM 4 SUBMISSION
0001209191-13-035852,2013-07-08,2013-07-06,2013-07-08T19:55:26.000Z,,4,,,,4,16011,0,0,,xslF345X03/doc4.xml,FORM 4 SUBMISSION
0001209191-13-035853,2013-07-08,2013-07-06,2013-07-08T19:56:27.000Z,,4,,,,4,14716,0,0,,xslF345X03/doc4.xml,FORM 4 SUBMISSION
0001209191-13-035854,2013-07-08,2013-07-06,2013-07-08T19:58:19.000Z,,4,,,,4,13525,0,0,,xslF345X03/doc4.xml,FORM 4 SUBMISSION
0001209191-13-035855,2013-07-08,2013-07-06,2013-07-08T19:59:37.000Z,,4,,,,4,8342,0,0,,xslF345X03/doc4.xml,FORM 4 SUBMISSION
0001209191-13-035856,2013-07-08,2013-07-06,2013-07-08T20:01:06.000Z,,4,,,,4,21557,0,0,,xslF345X03/doc4.xml,FORM 4 SUBMISSION
0001209191-13-036424,2013-07-12,2013-07-10,2013-07-12T19:28:26.000Z,,4,,,,4,27061,0,0,,xslF345X03/doc4.xml,FORM 4 SUBMISSION
0001209191-13-036425,2013-07-12,2013-07-10,2013-07-12T19:29:52.000Z,,4,,,,4,13952,0,0,,xslF345X03/doc4.xml,FORM 4 SUBMISSION
0001209191-13-036427,2013-07-12,2013-07-10,2013-07-12T19:31:07.000Z,,4,,,,4,17570,0,0,,xslF345X03/doc4.xml,FORM 4 SUBMISSION
0001209191-13-036428,2013-07-12,2013-07-10,2013-07-12T19:32:54.000Z,,4,,,,4,20326,0,0,,xslF345X03/doc4.xml,FORM 4 SUBMISSION
0001209191-13-036429,2013-07-12,2013-07-10,2013-07-12T19:34:24.000Z,,4,,,,4,18257,0,0,,xslF345X03/doc4.xml,FORM 4 SUBMISSION
0001209191-13-036430,2013-07-12,2013-07-10,2013-07-12T19:35:40.000Z,,4,,,,4,13429,0,0,,xslF345X03/doc4.xml,FORM 4 SUBMISSION
0001209191-13-036431,2013-07-12,2013-07-10,2013-07-12T19:36:54.000Z,,4,,,,4,13023,0,0,,xslF345X03/doc4.xml,FORM 4 SUBMISSION
0001209191-13-036433,2013-07-12,2013-07-10,2013-07-12T19:38:43.000Z,,4,,,,4,8097,0,0,,xslF345X03/doc4.xml,FORM 4 SUBMISSION
0001209191-13-036434,2013-07-12,2013-07-11,2013-07-12T19:40:32.000Z,,4,,,,4,10445,0,0,,xslF345X03/doc4.xml,FORM 4 SUBMISSION
0001209191-13-036435,2013-07-12,2013-07-11,2013-07-12T19:42:09.000Z,,4,,,,4,18479,0,0,,xslF345X03/doc4.xml,FORM 4 SUBMISSION
0001209191-13-036437,2013-07-12,2013-07-11,2013-07-12T19:43:20.000Z,,4,,,,4,9214,0,0,,xslF345X03/doc4.xml,FORM 4 SUBMISSION
0001209191-13-036439,2013-07-12,2013-07-11,2013-07-12T19:44:43.000Z,,4,,,,4,19709,0,0,,xslF345X03/doc4.xml,FORM 4 SUBMISSION
0001209191-13-036441,2013-07-12,2013-07-11,2013-07-12T19:46:01.000Z,,4,,,,4,15402,0,0,,xslF345X03/doc4.xml,FORM 4 SUBMISSION
0001209191-13-036442,2013-07-12,2013-07-11,2013-07-12T19:47:12.000Z,,4,,,,4,17663,0,0,,xslF345X03/doc4.xml,FORM 4 SUBMISSION
0001209191-13-036444,2013-07-12,2013-07-11,2013-07-12T19:48:48.000Z,,4,,,,4,13900,0,0,,xslF345X03/doc4.xml,FORM 4 SUBMISSION
0000723531-13-000021,2013-07-22,2013-05-31,2013-07-22T17:56:25.000Z,34,10-K,000-11330,13978967,,10-K,18821263,1,0,,payx-053113x10k.htm,10-K
0001209191-13-040695,2013-08-14,2013-08-13,2013-08-14T21:35:43.000Z,,4,,,,4,23349,0,0,,xslF345X03/doc4.xml,FORM 4 SUBMISSION
0000723531-13-000023,2013-08-23,2013-08-20,2013-08-23T17:00:34.000Z,34,8-K,000-11330,131057224,"4.01,9.01",8-K,29165,0,0,,payx-form8xkxchangeinaccou.htm,8-K
0000723531-13-000025,2013-09-10,2013-10-16,2013-09-10T19:25:10.000Z,34,DEF 14A,000-11330,131087975,,DEF 14A,2789387,0,0,,a2013proxystatement.htm,DEF 14A
9999999997-13-014787,2013-09-13,2013-05-31,2013-09-27T19:49:57.000Z,34,ARS,000-11330,13003386,,ARS,1329,0,0,,9999999997-13-014787.paper,AUTO-GENERATED PAPER DOCUMENT
0000723531-13-000029,2013-09-30,2013-09-30,2013-09-30T20:51:48.000Z,34,8-K,000-11330,131123859,"2.02,9.01",8-K,362993,0,0,,payxq120148-k.htm,8-K
0000723531-13-000033,2013-09-30,2013-08-31,2013-09-30T21:21:08.000Z,34,10-Q,000-11330,131124148,,10-Q,5807489,1,0,,payx-83113x10q.htm,10-Q
0001209191-13-048277,2013-10-15,2013-10-12,2013-10-15T15:16:00.000Z,,4,,,,4,21078,0,0,,xslF345X03/doc4.xml,FORM 4 SUBMISSION
0001445305-13-002452,2013-10-21,2013-10-16,2013-10-21T18:25:49.000Z,34,8-K,000-11330,131161155,5.07,8-K,78327,0,0,,payx-8kxannualmeeting.htm,8-K
0001209191-13-048875,2013-10-22,2013-10-21,2013-10-22T13:01:27.000Z,,4,,,,4,16619,0,0,,xslF345X03/doc4.xml,FORM 4 SUBMISSION
0001209191-13-048878,2013-10-22,2013-10-16,2013-10-22T13:14:48.000Z,,3,,,,3,18517,0,0,,xslF345X02/doc3.xml,FORM 3 SUBMISSION
0001209191-13-051519,2013-11-12,2013-11-10,2013-11-12T14:12:02.000Z,,4,,,,4,13158,0,0,,xslF345X03/doc4.xml,FORM 4 SUBMISSION
0000723531-13-000039,2013-12-18,2013-12-18,2013-12-18T22:20:47.000Z,34,8-K,000-11330,131286079,"2.02,9.01",8-K,440568,0,0,,payxq220148-k.htm,8-K
0000723531-13-000043,2013-12-20,2013-11-30,2013-12-20T16:59:19.000Z,34,10-Q,000-11330,131290557,,10-Q,6214858,1,0,,payx-113013x10q2.htm,10-Q
0001209191-14-005288,2014-01-28,2014-01-27,2014-01-28T20:44:46.000Z,,4,,,,4,15424,0,0,,xslF345X03/doc4.xml,FORM 4 SUBMISSION
0001086364-14-001330,2014-01-30,,2014-01-30T16:21:39.000Z,34,SC 13G,005-34746,14559370,,SC 13G,13312,0,0,,paychex.inc..txt,
0001445305-14-000162,2014-01-30,,2014-01-30T22:00:46.000Z,34,SC 13G,005-34746,14561435,,SC 13G,77790,0,0,,tgsc13gdec13.htm,SC 13G
0000315066-14-002409,2014-02-14,,2014-02-14T11:55:38.000Z,34,SC 13G/A,005-34746,14610075,,SC 13G/A,10992,0,0,,filing.txt,
0001209191-14-016190,2014-03-04,2014-02-26,2014-03-04T14:49:18.000Z,,4,,,,4,5236,0,0,,xslF345X03/doc4.xml,FORM 4 SUBMISSION
0000723531-14-000004,2014-03-26,2014-03-26,2014-03-26T20:14:56.000Z,34,8-K,000-11330,14718803,"2.02,9.01",8-K,440204,0,0,,payxq320148-k.htm,8-K
0000723531-14-000005,2014-03-26,2014-02-28,2014-03-26T20:30:03.000Z,34,10-Q,000-11330,14718948,,10-Q,6528612,1,0,,payx-022814x10q3.htm,10-Q
0001209191-14-024508,2014-04-02,2014-04-02,2014-04-02T18:50:15.000Z,,4,,,,4,19124,0,0,,xslF345X03/doc4.xml,FORM 4 SUBMISSION
0001209191-14-024510,2014-04-02,2014-04-02,2014-04-02T18:55:16.000Z,,4,,,,4,24956,0,0,,xslF345X03/doc4.xml,FORM 4 SUBMISSION
0001209191-14-025951,2014-04-04,2014-04-04,2014-04-04T20:07:52.000Z,,4,,,,4,23491,0,0,,xslF345X03/doc4.xml,FORM 4 SUBMISSION
0001209191-14-027879,2014-04-16,2014-04-15,2014-04-16T19:18:14.000Z,,4,,,,4,17612,0,0,,xslF345X03/doc4.xml,FORM 4 SUBMISSION
0001209191-14-030158,2014-05-01,2014-04-30,2014-05-01T20:01:50.000Z,,4,,,,4,19660,0,0,,xslF345X03/doc4.xml,FORM 4 SUBMISSION
0001209191-14-031419,2014-05-06,2014-05-02,2014-05-06T15:10:03.000Z,,4,,,,4,13846,0,0,,xslF345X03/doc4.xml,FORM 4 SUBMISSION
0001209191-14-032887,2014-05-12,2014-05-09,2014-05-12T19:29:37.000Z,,4,,,,4,21182,0,0,,xslF345X03/doc4.xml,FORM 4 SUBMISSION
0001209191-14-038283,2014-06-02,2014-05-29,2014-06-02T17:51:08.000Z,,4,,,,4,5226,0,0,,xslF345X03/doc4.xml,FORM 4 SUBMISSION
0000723531-14-000007,2014-06-10,2013-12-31,2014-06-10T21:05:51.000Z,34,11-K,000-11330,14902730,,11-K,335023,0,0,,payx11-k123113.htm,11-K
0000723531-14-000009,2014-07-01,2014-07-01,2014-07-01T21:17:10.000Z,34,8-K,000-11330,14953509,"2.02,9.01",8-K,567925,0,0,,payx-q42014x8xk.htm,8-K
0001209191-14-046366,2014-07-08,2014-07-06,2014-07-08T18:46:35.000Z,,4,,,,4,21553,0,0,,xslF345X03/doc4.xml,FORM 4 SUBMISSION
0001209191-14-046370,2014-07-08,2014-07-06,2014-07-08T18:53:22.000Z,,4,,,,4,14723,0,0,,xslF345X03/doc4.xml,FORM 4 SUBMISSION
0001209191-14-046372,2014-07-08,2014-07-06,2014-07-08T18:57:15.000Z,,4,,,,4,11106,0,0,,xslF345X03/doc4.xml,FORM 4 SUBMISSION
0001209191-14-046376,2014-07-08,2014-07-06,2014-07-08T19:04:13.000Z,,4,,,,4,19555,0,0,,xslF345X03/doc4.xml,FORM 4 SUBMISSION
0001209191-14-046379,2014-07-08,2014-07-06,2014-07-08T19:06:21.000Z,,4,,,,4,17212,0,0,,xslF345X03/doc4.xml,FORM 4 SUBMISSION
0001209191-14-046766,2014-07-11,2014-07-09,2014-07-11T20:10:23.000Z,,4,,,,4,18233,0,0,,xslF345X03/doc4.xml,FORM 4 SUBMISSION
0001209191-14-046767,2014-07-11,2014-07-09,2014-07-11T20:11:40.000Z,,4,,,,4,17663,0,0,,xslF345X03/doc4.xml,FORM 4 SUBMISSION
0001209191-14-046768,2014-07-11,2014-07-09,2014-07-11T20:12:59.000Z,,4,,,,4,15131,0,0,,xslF345X03/doc4.xml,FORM 4 SUBMISSION
0001209191-14-046769,2014-07-11,2014-07-09,2014-07-11T20:14:19.000Z,,4,,,,4,16608,0,0,,xslF345X03/doc4.xml,FORM 4 SUBMISSION
0001209191-14-046772,2014-07-11,2014-07-09,2014-07-11T20:15:50.000Z,,4,,,,4,19709,0,0,,xslF345X03/doc4.xml,FORM 4 SUBMISSION
0001209191-14-046773,2014-07-11,2014-07-09,2014-07-11T20:17:23.000Z,,4,,,,4,10420,0,0,,xslF345X03/doc4.xml,FORM 4 SUBMISSION
0001209191-14-046774,2014-07-11,2014-07-09,2014-07-11T20:19:03.000Z,,4,,,,4,11652,0,0,,xslF345X03/doc4.xml,FORM 4 SUBMISSION
0001209191-14-046775,2014-07-11,2014-07-09,2014-07-11T20:21:51.000Z,,4,,,,4,27062,0,0,,xslF345X03/doc4.xml,FORM 4 SUBMISSION
0001209191-14-046777,2014-07-11,2014-07-09,2014-07-11T20:23:12.000Z,,4,,,,4,20340,0,0,,xslF345X03/doc4.xml,FORM 4 SUBMISSION
0001209191-14-046778,2014-07-11,2014-07-09,2014-07-11T20:24:27.000Z,,4,,,,4,15158,0,0,,xslF345X03/doc4.xml,FORM 4 SUBMISSION
0001209191-14-046779,2014-07-11,2014-07-09,2014-07-11T20:25:46.000Z,,4,,,,4,15963,0,0,,xslF345X03/doc4.xml,FORM 4 SUBMISSION
0001209191-14-046781,2014-07-11,2014-07-09,2014-07-11T20:27:08.000Z,,4,,,,4,11032,0,0,,xslF345X03/doc4.xml,FORM 4 SUBMISSION
0001209191-14-046782,2014-07-11,2014-07-09,2014-07-11T20:28:52.000Z,,4,,,,4,25154,0,0,,xslF345X03/doc4.xml,FORM 4 SUBMISSION
0001209191-14-046783,2014-07-11,2014-07-09,2014-07-11T20:30:27.000Z,,4,,,,4,21027,0,0,,xslF345X03/doc4.xml,FORM 4 SUBMISSION
0001209191-14-046785,2014-07-11,2014-07-09,2014-07-11T20:32:21.000Z,,4,,,,4,16366,0,0,,xslF345X03/doc4.xml,FORM 4 SUBMISSION
0001209191-14-046942,2014-07-14,2014-07-11,2014-07-14T19:47:11.000Z,,4,,,,4,11955,0,0,,xslF345X03/doc4.xml,FORM 4 SUBMISSION
0001209191-14-046943,2014-07-14,2014-07-11,2014-07-14T19:48:51.000Z,,4,,,,4,15051,0,0,,xslF345X03/doc4.xml,FORM 4 SUBMISSION
0001209191-14-046944,2014-07-14,2014-07-11,2014-07-14T19:50:22.000Z,,4,,,,4,19177,0,0,,xslF345X03/doc4.xml,FORM 4 SUBMISSION
0001209191-14-046945,2014-07-14,2014-07-11,2014-07-14T19:51:46.000Z,,4,,,,4,10746,0,0,,xslF345X03/doc4.xml,FORM 4 SUBMISSION
0001209191-14-046946,2014-07-14,2014-07-11,2014-07-14T19:53:30.000Z,,4,,,,4,14363,0,0,,xslF345X03/doc4.xml,FORM 4 SUBMISSION
0001209191-14-046947,2014-07-14,2014-07-11,2014-07-14T19:54:44.000Z,,4,,,,4,11437,0,0,,xslF345X03/doc4.xml,FORM 4 SUBMISSION
0001209191-14-046948,2014-07-14,2014-07-11,2014-07-14T19:56:07.000Z,,4,,,,4,21079,0,0,,xslF345X03/doc4.xml,FORM 4 SUBMISSION
0000723531-14-000014,2014-07-22,2014-05-31,2014-07-22T20:54:23.000Z,34,10-K,000-11330,14987065,,10-K,14328595,1,0,,payx-053114x10k.htm,10-K
0000723531-14-000016,2014-07-25,2014-07-22,2014-07-25T16:34:45.000Z,34,8-K,000-11330,14993495,"1.01,9.01",8-K,52375,0,0,,payx-8kx072214.htm,8-K
0001209191-14-050860,2014-08-06,2014-08-06,2014-08-06T20:16:48.000Z,,4,,,,4,14841,0,0,,xslF345X03/doc4.xml,FORM 4 SUBMISSION
0001193125-14-336266,2014-09-09,2014-10-15,2014-09-09T13:53:39.000Z,34,DEF 14A,000-11330,141092516,,DEF 14A,1754795,0,0,,d731259ddef14a.htm,DEF 14A
9999999997-14-013516,2014-09-11,2014-05-31,2014-09-11T20:32:47.000Z,34,ARS,000-11330,14007696,,ARS,1329,0,0,,9999999997-14-013516.paper,AUTO-GENERATED PAPER DOCUMENT
0000723531-14-000021,2014-09-24,2014-09-24,2014-09-24T18:29:34.000Z,34,8-K,000-11330,141118200,"2.02,9.01",8-K,355666,0,0,,payxq120158-k.htm,8-K
0000723531-14-000023,2014-09-24,2014-08-31,2014-09-24T18:38:36.000Z,34,10-Q,000-11330,141118216,,10-Q,6178953,1,0,,payx-083114x10q1fy15.htm,10-Q
0001209191-14-060096,2014-09-29,2014-09-26,2014-09-29T19:43:32.000Z,,4,,,,4,19708,0,0,,xslF345X03/doc4.xml,FORM 4 SUBMISSION
0001209191-14-060097,2014-09-29,2014-08-21,2014-09-29T19:47:27.000Z,,4,,,,4,5227,0,0,,xslF345X03/doc4.xml,FORM 4 SUBMISSION
0000000000-14-049603,2014-10-02,,2014-10-02T19:55:54.000Z,,UPLOAD,,,,LETTER,159887,0,0,,filename1.pdf,
0000723531-14-000025,2014-10-20,2014-10-15,2014-10-20T19:30:03.000Z,34,8-K,000-11330,141163899,5.07,8-K,78617,0,0,,payx-8kx2014annualmeeting.htm,8-K
0001209191-14-063964,2014-10-20,2014-10-17,2014-10-20T19:44:40.000Z,,4,,,,4,11438,0,0,,xslF345X03/doc4.xml,FORM 4 SUBMISSION
0000723531-14-000027,2014-10-27,,2014-10-27T19:31:40.000Z,,CORRESP,,,,CORRESP,23736,0,0,,filename1.htm,
0001209191-14-065066,2014-10-28,2014-10-27,2014-10-28T20:01:46.000Z,,4,,,,4,23494,0,0,,xslF345X03/doc4.xml,FORM 4 SUBMISSION
0001209191-14-066161,2014-11-04,2014-11-03,2014-11-04T20:55:49.000Z,,4,,,,4,14226,0,0,,xslF345X03/doc4.xml,FORM 4 SUBMISSION
0001209191-14-066165,2014-11-04,2014-11-03,2014-11-04T20:57:37.000Z,,4,,,,4,21590,0,0,,xslF345X03/doc4.xml,FORM 4 SUBMISSION
0000000000-14-055480,2014-11-06,,2014-11-06T17:55:21.000Z,,UPLOAD,,,,LETTER,128441,0,0,,filename1.pdf,
0001209191-14-067568,2014-11-10,2014-11-10,2014-11-10T21:04:35.000Z,,4,,,,4,14841,0,0,,xslF345X03/doc4.xml,FORM 4 SUBMISSION
0001209191-14-072248,2014-12-02,2014-11-26,2014-12-02T19:49:20.000Z,,4,,,,4,5227,0,0,,xslF345X03/doc4.xml,FORM 4 SUBMISSION
0000723531-14-000029,2014-12-19,2014-12-19,2014-12-19T18:54:06.000Z,34,8-K,000-11330,141298677,"2.02,9.01",8-K,432968,0,0,,payxq220158-k.htm,8-K
0000723531-14-000031,2014-12-19,2014-11-30,2014-12-19T20:17:41.000Z,34,10-Q,000-11330,141299071,,10-Q,6933403,1,0,,payx-113014x10q2fy15.htm,10-Q
0001209191-14-077917,2014-12-24,2014-12-23,2014-12-24T15:56:41.000Z,,4,,,,4,23669,0,0,,xslF345X03/doc4.xml,FORM 4 SUBMISSION
0001628280-15-000477,2015-02-05,,2015-02-05T15:39:49.000Z,34,SC 13G,005-34746,15578475,,SC 13G,77848,0,0,,tgsc13gdec14.htm,SC 13G
0001209191-15-010176,2015-02-06,2015-02-04,2015-02-06T16:12:49.000Z,,4,,,,4,22918,0,0,,xslF345X03/doc4.xml,FORM 4 SUBMISSION
0000215457-15-000260,2015-02-09,,2015-02-06T22:52:47.000Z,34,SC 13G/A,005-34746,15586077,,SC 13G/A,13315,0,0,,paychex.inc.txt,
0000315066-15-002233,2015-02-13,,2015-02-13T15:30:41.000Z,34,SC 13G/A,005-34746,15610350,,SC 13G/A,9455,0,0,,filing.txt,
0001209191-15-017146,2015-02-23,2015-02-20,2015-02-23T21:02:30.000Z,,4,,,,4,14220,0,0,,xslF345X03/doc4.xml,FORM 4 SUBMISSION
0001209191-15-022163,2015-03-04,2015-02-27,2015-03-04T20:28:52.000Z,,4,,,,4,5226,0,0,,xslF345X03/doc4.xml,FORM 4 SUBMISSION
0001209191-15-026965,2015-03-17,2015-03-16,2015-03-17T19:51:06.000Z,,4,,,,4,14350,0,0,,xslF345X03/doc4.xml,FORM 4 SUBMISSION
0000723531-15-000002,2015-03-25,2015-03-25,2015-03-25T20:00:21.000Z,34,8-K,000-11330,15724708,"2.02,9.01",8-K,441697,0,0,,payxq320158-k.htm,8-K
0000723531-15-000004,2015-03-25,2015-02-28,2015-03-25T20:49:56.000Z,34,10-Q,000-11330,15725178,,10-Q,7102630,1,0,,payx-022815x10q3fy15.htm,10-Q
0001209191-15-035324,2015-04-21,2015-04-20,2015-04-21T19:53:45.000Z,,4,,,,4,24638,0,0,,xslF345X03/doc4.xml,FORM 4 SUBMISSION
0001209191-15-043704,2015-05-18,2015-05-15,2015-05-18T19:57:25.000Z,,4,,,,4,21322,0,0,,xslF345X03/doc4.xml,FORM 4 SUBMISSION
0001209191-15-048292,2015-06-01,2015-05-27,2015-06-01T19:57:19.000Z,,4,,,,4,5226,0,0,,xslF345X03/doc4.xml,FORM 4 SUBMISSION
0000723531-15-000006,2015-06-10,2014-12-31,2015-06-10T19:54:59.000Z,34,11-K,000-11330,15923508,,11-K,318909,0,0,,payx11-k123114.htm,11-K
0000723531-15-000008,2015-07-01,2015-07-01,2015-07-01T14:53:52.000Z,34,8-K,000-11330,15963620,"2.02,9.01",8-K,469639,0,0,,payx-q42015x8xk.htm,8-K
0001209191-15-059461,2015-07-06,2015-07-06,2015-07-06T20:09:21.000Z,,4,,,,4,19136,0,0,,xslF345X03/doc4.xml,FORM 4 SUBMISSION
0001209191-15-060411,2015-07-10,2015-07-09,2015-07-10T19:39:51.000Z,,4,,,,4,12858,0,0,,xslF345X03/doc4.xml,FORM 4 SUBMISSION
0001209191-15-060412,2015-07-10,2015-07-09,2015-07-10T19:41:14.000Z,,4,,,,4,18233,0,0,,xslF345X03/doc4.xml,FORM 4 SUBMISSION
0001209191-15-060413,2015-07-10,2015-07-09,2015-07-10T19:43:25.000Z,,4,,,,4,12635,0,0,,xslF345X03/doc4.xml,FORM 4 SUBMISSION
0001209191-15-060414,2015-07-10,2015-07-09,2015-07-10T19:44:42.000Z,,4,,,,4,19849,0,0,,xslF345X03/doc4.xml,FORM 4 SUBMISSION
0001209191-15-060416,2015-07-10,2015-07-09,2015-07-10T19:51:48.000Z,,4,,,,4,17814,0,0,,xslF345X03/doc4.xml,FORM 4 SUBMISSION
0001209191-15-060417,2015-07-10,2015-07-09,2015-07-10T19:53:17.000Z,,4,,,,4,17663,0,0,,xslF345X03/doc4.xml,FORM 4 SUBMISSION
0001209191-15-060419,2015-07-10,2015-07-09,2015-07-10T19:54:42.000Z,,4,,,,4,16337,0,0,,xslF345X03/doc4.xml,FORM 4 SUBMISSION
0001209191-15-060421,2015-07-10,2015-07-08,2015-07-10T19:57:04.000Z,,4,,,,4,25609,0,0,,xslF345X03/doc4.xml,FORM 4 SUBMISSION
0001209191-15-060422,2015-07-10,2015-07-08,2015-07-10T19:58:35.000Z,,4,,,,4,19979,0,0,,xslF345X03/doc4.xml,FORM 4 SUBMISSION
0001209191-15-060423,2015-07-10,2015-07-08,2015-07-10T20:00:11.000Z,,4,,,,4,16364,0,0,,xslF345X03/doc4.xml,FORM 4 SUBMISSION
0001209191-15-060424,2015-07-10,2015-07-08,2015-07-10T20:01:38.000Z,,4,,,,4,17169,0,0,,xslF345X03/doc4.xml,FORM 4 SUBMISSION
0001209191-15-060425,2015-07-10,2015-07-08,2015-07-10T20:02:59.000Z,,4,,,,4,13982,0,0,,xslF345X03/doc4.xml,FORM 4 SUBMISSION
0001209191-15-060428,2015-07-10,2015-07-08,2015-07-10T20:04:34.000Z,,4,,,,4,23590,0,0,,xslF345X03/doc4.xml,FORM 4 SUBMISSION
0001209191-15-060429,2015-07-10,2015-07-08,2015-07-10T20:06:17.000Z,,4,,,,4,22469,0,0,,xslF345X03/doc4.xml,FORM 4 SUBMISSION
0001209191-15-060431,2015-07-10,2015-07-08,2015-07-10T20:09:04.000Z,,4,,,,4,17568,0,0,,xslF345X03/doc4.xml,FORM 4 SUBMISSION
0001209191-15-060761,2015-07-14,2015-07-10,2015-07-14T17:59:40.000Z,,4,,,,4,22647,0,0,,xslF345X03/doc4.xml,FORM 4 SUBMISSION
0001209191-15-060762,2015-07-14,2015-07-10,2015-07-14T18:01:00.000Z,,4,,,,4,14209,0,0,,xslF345X03/doc4.xml,FORM 4 SUBMISSION
0001209191-15-060763,2015-07-14,2015-07-10,2015-07-14T18:03:46.000Z,,4,,,,4,9570,0,0,,xslF345X03/doc4.xml,FORM 4 SUBMISSION
0001209191-15-060764,2015-07-14,2015-07-10,2015-07-14T18:05:32.000Z,,4,,,,4,17133,0,0,,xslF345X03/doc4.xml,FORM 4 SUBMISSION
0001209191-15-060765,2015-07-14,2015-07-10,2015-07-14T18:10:04.000Z,,4,,,,4,13518,0,0,,xslF345X03/doc4.xml,FORM 4 SUBMISSION
0001209191-15-060766,2015-07-14,2015-07-10,2015-07-14T18:12:45.000Z,,4,,,,4,20745,0,0,,xslF345X03/doc4.xml,FORM 4 SUBMISSION
0001209191-15-060768,2015-07-14,2015-07-10,2015-07-14T18:16:00.000Z,,4,,,,4,17823,0,0,,xslF345X03/doc4.xml,FORM 4 SUBMISSION
0001209191-15-060769,2015-07-14,2015-07-10,2015-07-14T18:17:55.000Z,,4,,,,4,14723,0,0,,xslF345X03/doc4.xml,FORM 4 SUBMISSION
0000723531-15-000011,2015-07-21,2015-05-31,2015-07-21T20:39:00.000Z,34,10-K,000-11330,15998185,,10-K,10888037,1,0,,payx-053115x10k.htm,10-K
0001209191-15-068339,2015-08-28,2015-08-25,2015-08-28T13:24:38.000Z,,4,,,,4,5227,0,0,,xslF345X03/doc4.xml,FORM 4 SUBMISSION
0001193125-15-316827,2015-09-10,2015-10-14,2015-09-10T15:00:39.000Z,34,DEF 14A,000-11330,151100452,,DEF 14A,2609710,0,0,,d925067ddef14a.htm,DEF 14A
9999999997-15-014376,2015-09-21,2015-05-31,2015-10-30T20:24:23.000Z,34,ARS,000-11330,15008159,,ARS,1329,0,0,,9999999997-15-014376.paper,AUTO-GENERATED PAPER DOCUMENT
0000723531-15-000013,2015-09-30,2015-09-30,2015-09-30T19:52:25.000Z,34,8-K,000-11330,151133707,"2.02,9.01",8-K,366621,0,0,,payxq120168-k.htm,8-K
0000723531-15-000015,2015-09-30,2015-08-31,2015-09-30T21:06:47.000Z,34,10-Q,000-11330,151134494,,10-Q,4855453,1,0,,payx-083115x10q1fy16.htm,10-Q
0001209191-15-074974,2015-10-09,2015-10-08,2015-10-09T19:04:48.000Z,,4,,,,4,15554,0,0,,xslF345X03/doc4.xml,FORM 4 SUBMISSION
0000723531-15-000017,2015-10-15,2015-10-14,2015-10-15T20:39:34.000Z,34,8-K,000-11330,151160418,5.07,8-K,93947,0,0,,payx-8kx2015annualmeeting.htm,8-K
0001209191-15-075698,2015-10-16,2015-10-15,2015-10-16T18:40:31.000Z,,4,,,,4,28561,0,0,,xslF345X03/doc4.xml,FORM 4 SUBMISSION
0001209191-15-076351,2015-10-21,2015-10-21,2015-10-21T20:15:31.000Z,,4,,,,4,21594,0,0,,xslF345X03/doc4.xml,FORM 4 SUBMISSION
0000723531-15-000019,2015-10-23,,2015-10-23T20:43:45.000Z,33,S-8,333-207592,151173254,,S-8,200339,0,0,,s-82002stockincentiveplan.htm,S-8
0000723531-15-000021,2015-10-23,,2015-10-23T21:05:22.000Z,33,S-8,333-207594,151173349,,S-8,155375,0,0,,s-82015qualifiedstockplan.htm,S-8
0001209191-15-076700,2015-10-26,2015-10-22,2015-10-26T19:11:19.000Z,,4,,,,4,14353,0,0,,xslF345X03/doc4.xml,FORM 4 SUBMISSION
0001209191-15-077114,2015-10-28,2015-10-26,2015-10-28T20:06:27.000Z,,4,,,,4,14350,0,0,,xslF345X03/doc4.xml,FORM 4 SUBMISSION
0001209191-15-077275,2015-10-29,2015-10-27,2015-10-29T19:54:51.000Z,,4,,,,4,28243,0,0,,xslF345X03/doc4.xml,FORM 4 SUBMISSION
0001209191-15-077410,2015-10-30,2015-10-28,2015-10-30T19:46:55.000Z,,4,,,,4,22288,0,0,,xslF345X03/doc4.xml,FORM 4 SUBMISSION
0001209191-15-081504,2015-11-20,2015-11-19,2015-11-20T21:00:29.000Z,,4,,,,4,13152,0,0,,xslF345X03/doc4.xml,FORM 4 SUBMISSION
0001209191-15-082643,2015-12-01,2015-11-27,2015-12-01T21:06:20.000Z,,4,,,,4,5227,0,0,,xslF345X03/doc4.xml,FORM 4 SUBMISSION
0000723531-15-000024,2015-12-02,2015-12-02,2015-12-02T21:13:41.000Z,34,8-K,000-11330,151264883,"8.01,9.01",8-K,75469,0,0,,a8k-payxx120215.htm,8-K
0000723531-15-000026,2015-12-22,2015-12-22,2015-12-22T17:44:57.000Z,34,8-K,000-11330,151301462,"2.02,9.01",8-K,439725,0,0,,payxq220168-k.htm,8-K
0000723531-15-000028,2015-12-23,2015-12-22,2015-12-22T23:06:30.000Z,34,8-K,000-11330,151303868,"8.01,9.01",8-K,69776,0,0,,a8k-payxx122215.htm,8-K
0000723531-15-000030,2015-12-23,2015-11-30,2015-12-23T18:50:37.000Z,34,10-Q,000-11330,151305210,,10-Q,5313584,1,0,,payx-113015x10q2fy16.htm,10-Q
0001628280-16-010741,2016-02-04,,2016-02-04T19:15:13.000Z,34,SC 13G,005-34746,161387918,,SC 13G,77745,0,0,,tgsc13gdec15.htm,SC 13G
0000215457-16-005702,2016-02-10,,2016-02-10T15:26:47.000Z,34,SC 13G/A,005-34746,161403177,,SC 13G/A,13520,0,0,,paychex.inc.2015.txt,
0000932471-16-012019,2016-02-11,,2016-02-11T14:16:36.000Z,34,SC 13G,005-34746,161408340,,SC 13G,39530,0,0,,paychexinc.htm,
0001209191-16-103811,2016-03-01,2016-02-26,2016-03-01T20:10:28.000Z,,4,,,,4,5227,0,0,,xslF345X03/doc4.xml,FORM 4 SUBMISSION
0000723531-16-000032,2016-03-30,2016-03-30,2016-03-30T14:18:16.000Z,34,8-K,000-11330,161537367,"2.02,9.01",8-K,463014,1,0,,payxq320168-k.htm,8-K
0000723531-16-000034,2016-03-30,2016-02-29,2016-03-30T21:24:20.000Z,34,10-Q,000-11330,161540853,,10-Q,5472519,1,0,,payx-022916x10q3fy16.htm,10-Q
0001209191-16-112170,2016-04-04,2016-04-01,2016-04-04T20:01:30.000Z,,4,,,,4,19706,0,0,,xslF345X03/doc4.xml,FORM 4 SUBMISSION
0001209191-16-113433,2016-04-06,2016-04-05,2016-04-06T20:05:13.000Z,,4,,,,4,17839,0,0,,xslF345X03/doc4.xml,FORM 4 SUBMISSION
0001209191-16-115925,2016-04-27,2016-04-27,2016-04-27T20:24:22.000Z,,4,,,,4,21322,0,0,,xslF345X03/doc4.xml,FORM 4 SUBMISSION
0001209191-16-119881,2016-05-13,2016-05-12,2016-05-13T19:50:02.000Z,,4,,,,4,19287,0,0,,xslF345X03/doc4.xml,FORM 4 SUBMISSION
0001209191-16-127982,2016-06-15,2016-06-07,2016-06-15T20:32:10.000Z,,4,,,,4,5227,0,0,,xslF345X03/doc4.xml,FORM 4 SUBMISSION
0001209191-16-128496,2016-06-17,2016-06-16,2016-06-17T19:34:04.000Z,,4,,,,4,13150,0,0,,xslF345X03/doc4.xml,FORM 4 SUBMISSION
0000723531-16-000037,2016-06-20,2015-12-31,2016-06-20T18:49:30.000Z,34,11-K,000-11330,161721916,,11-K,292588,0,0,,payx11-k123115.htm,11-K
0001209191-16-129056,2016-06-21,2016-06-20,2016-06-21T20:38:04.000Z,,4,,,,4,13150,0,0,,xslF345X03/doc4.xml,FORM 4 SUBMISSION
0000723531-16-000043,2016-06-30,2016-06-30,2016-06-30T17:54:29.000Z,34,8-K,000-11330,161742573,"2.02,9.01",8-K,761774,0,0,,payx-20160630x8k.htm,8-K
0001209191-16-130427,2016-07-01,2016-06-30,2016-07-01T18:48:42.000Z,,4,,,,4,17197,0,0,,xslF345X03/doc4.xml,FORM 4 SUBMISSION
0001209191-16-132133,2016-07-08,2016-07-07,2016-07-08T19:08:50.000Z,,4,,,,4,14065,0,0,,xslF345X03/doc4.xml,FORM 4 SUBMISSION
0001209191-16-132134,2016-07-08,2016-07-07,2016-07-08T19:11:51.000Z,,4,,,,4,18236,0,0,,xslF345X03/doc4.xml,FORM 4 SUBMISSION
0001209191-16-132135,2016-07-08,2016-07-07,2016-07-08T19:14:23.000Z,,4,,,,4,13554,0,0,,xslF345X03/doc4.xml,FORM 4 SUBMISSION
0001209191-16-132138,2016-07-08,2016-07-07,2016-07-08T19:16:10.000Z,,4,,,,4,19852,0,0,,xslF345X03/doc4.xml,FORM 4 SUBMISSION
0001209191-16-132140,2016-07-08,2016-07-07,2016-07-08T19:18:38.000Z,,4,,,,4,17817,0,0,,xslF345X03/doc4.xml,FORM 4 SUBMISSION
0001209191-16-132141,2016-07-08,2016-07-07,2016-07-08T19:20:50.000Z,,4,,,,4,18870,0,0,,xslF345X03/doc4.xml,FORM 4 SUBMISSION
0001209191-16-132142,2016-07-08,2016-07-07,2016-07-08T19:22:02.000Z,,4,,,,4,17544,0,0,,xslF345X03/doc4.xml,FORM 4 SUBMISSION
0001209191-16-132144,2016-07-08,2016-07-06,2016-07-08T19:29:31.000Z,,4,,,,4,39046,0,0,,xslF345X03/doc4.xml,FORM 4 SUBMISSION
0001209191-16-132145,2016-07-08,2016-07-06,2016-07-08T19:31:10.000Z,,4,,,,4,20200,0,0,,xslF345X03/doc4.xml,FORM 4 SUBMISSION
0001209191-16-132146,2016-07-08,2016-07-06,2016-07-08T19:32:14.000Z,,4,,,,4,22654,0,0,,xslF345X03/doc4.xml,FORM 4 SUBMISSION
0001209191-16-132147,2016-07-08,2016-07-06,2016-07-08T19:34:35.000Z,,4,,,,4,23815,0,0,,xslF345X03/doc4.xml,FORM 4 SUBMISSION
0001209191-16-132148,2016-07-08,2016-07-06,2016-07-08T19:35:40.000Z,,4,,,,4,17816,0,0,,xslF345X03/doc4.xml,FORM 4 SUBMISSION
0001209191-16-132149,2016-07-08,2016-07-06,2016-07-08T19:37:30.000Z,,4,,,,4,22598,0,0,,xslF345X03/doc4.xml,FORM 4 SUBMISSION
0001209191-16-132150,2016-07-08,2016-07-06,2016-07-08T19:40:06.000Z,,4,,,,4,26299,0,0,,xslF345X03/doc4.xml,FORM 4 SUBMISSION
0001209191-16-132151,2016-07-08,2016-07-06,2016-07-08T19:41:52.000Z,,4,,,,4,18988,0,0,,xslF345X03/doc4.xml,FORM 4 SUBMISSION
0001209191-16-132383,2016-07-12,2016-07-08,2016-07-12T19:58:07.000Z,,4,,,,4,14398,0,0,,xslF345X03/doc4.xml,FORM 4 SUBMISSION
0001209191-16-132384,2016-07-12,2016-07-08,2016-07-12T19:59:19.000Z,,4,,,,4,15087,0,0,,xslF345X03/doc4.xml,FORM 4 SUBMISSION
0001209191-16-132385,2016-07-12,2016-07-08,2016-07-12T20:01:06.000Z,,4,,,,4,18013,0,0,,xslF345X03/doc4.xml,FORM 4 SUBMISSION
0001209191-16-132386,2016-07-12,2016-07-08,2016-07-12T20:02:19.000Z,,4,,,,4,12014,0,0,,xslF345X03/doc4.xml,FORM 4 SUBMISSION
0001209191-16-132387,2016-07-12,2016-07-08,2016-07-12T20:04:31.000Z,,4,,,,4,16799,0,0,,xslF345X03/doc4.xml,FORM 4 SUBMISSION
0001209191-16-132388,2016-07-12,2016-07-08,2016-07-12T20:05:31.000Z,,4,,,,4,18699,0,0,,xslF345X03/doc4.xml,FORM 4 SUBMISSION
0001209191-16-132389,2016-07-12,2016-07-08,2016-07-12T20:07:12.000Z,,4,,,,4,13189,0,0,,xslF345X03/doc4.xml,FORM 4 SUBMISSION
0001209191-16-132392,2016-07-12,2016-07-08,2016-07-12T20:08:31.000Z,,4,,,,4,17497,0,0,,xslF345X03/doc4.xml,FORM 4 SUBMISSION
0001209191-16-132393,2016-07-12,2016-07-08,2016-07-12T20:10:11.000Z,,4,,,,4,20342,0,0,,xslF345X03/doc4.xml,FORM 4 SUBMISSION
0001209191-16-132701,2016-07-14,2016-07-14,2016-07-14T20:16:02.000Z,,4,,,,4,20935,0,0,,xslF345X03/doc4.xml,FORM 4 SUBMISSION
0001209191-16-133699,2016-07-22,2016-07-22,2016-07-22T19:51:00.000Z,,4,,,,4,32599,0,0,,xslF345X03/doc4.xml,FORM 4 SUBMISSION
0001209191-16-133700,2016-07-22,2016-07-21,2016-07-22T19:53:15.000Z,,4,,,,4,21455,0,0,,xslF345X03/doc4.xml,FORM 4 SUBMISSION
0001209191-16-133701,2016-07-22,2016-07-19,2016-07-22T19:54:23.000Z,,4,,,,4,12545,0,0,,xslF345X03/doc4.xml,FORM 4 SUBMISSION
0000723531-16-000046,2016-07-22,2016-05-31,2016-07-22T21:28:47.000Z,34,10-K,000-11330,161780353,,10-K,14333189,1,0,,payx-20160531x10k.htm,10-K
0001209191-16-134452,2016-07-29,2016-07-29,2016-07-29T20:34:46.000Z,,4,,,,4,13427,0,0,,xslF345X03/doc4.xml,FORM 4 SUBMISSION
0001209191-16-140072,2016-09-06,2016-08-25,2016-09-06T20:33:02.000Z,,4,,,,4,5227,0,0,,xslF345X03/doc4.xml,FORM 4 SUBMISSION
0001193125-16-706078,2016-09-09,2016-10-12,2016-09-09T14:02:12.000Z,34,DEF 14A,000-11330,161877965,,DEF 14A,3789252,0,0,,d175488ddef14a.htm,DEF 14A
0000723531-16-000049,2016-09-28,2016-09-28,2016-09-28T17:22:04.000Z,34,8-K,000-11330,161906499,"2.02,9.01",8-K,497186,0,0,,payx-20160928x8k.htm,8-K
0000723531-16-000053,2016-09-30,2016-08-31,2016-09-30T21:28:42.000Z,34,10-Q,000-11330,161913766,,10-Q,6962816,1,0,,payx-20160831x10q.htm,10-Q
0000723531-16-000056,2016-10-14,2016-10-14,2016-10-14T16:04:18.000Z,34,8-K,000-11330,161936442,5.07,8-K,97788,0,0,,payx-20161014x8k.htm,8-K
0001209191-16-153860,2016-12-07,2016-12-01,2016-12-07T20:41:38.000Z,,4,,,,4,5227,0,0,,xslF345X03/doc4.xml,FORM 4 SUBMISSION
0000723531-16-000059,2016-12-21,2016-12-21,2016-12-21T18:42:13.000Z,34,8-K,000-11330,162063513,"2.02,9.01",8-K,761407,0,0,,payx-20161221x8k.htm,8-K
0000723531-16-000061,2016-12-23,2016-11-30,2016-12-23T19:52:52.000Z,34,10-Q,000-11330,162068876,,10-Q,8016260,1,0,,payx-20161130x10q.htm,10-Q
0001209191-17-003345,2017-01-11,2017-01-10,2017-01-11T21:02:33.000Z,,4,,,,4,27141,0,0,,xslF345X03/doc4.xml,FORM 4 SUBMISSION
0000723531-17-000003,2017-01-17,2017-01-13,2017-01-17T15:00:09.000Z,34,8-K,000-11330,17529492,"5.02,9.01",8-K,187241,0,0,,payx-20170113x8k.htm,8-K
0001209191-17-004108,2017-01-18,2017-01-15,2017-01-18T20:50:45.000Z,,3,,,,3,9444,0,0,,xslF345X02/doc3.xml,FORM 3 SUBMISSION
0001209191-17-004110,2017-01-18,2017-01-17,2017-01-18T20:53:34.000Z,,4,,,,4,20248,0,0,,xslF345X03/doc4.xml,FORM 4 SUBMISSION
0001209191-17-004113,2017-01-18,2017-01-17,2017-01-18T20:57:19.000Z,,4,,,,4,23124,0,0,,xslF345X03/doc4.xml,FORM 4 SUBMISSION
0000353480-17-001555,2017-01-25,,2017-01-25T22:23:07.000Z,34,SC 13G/A,005-34746,17547179,,SC 13G/A,13472,0,0,,paychex.inc.txt,
0001209191-17-005724,2017-01-26,2017-01-25,2017-01-26T21:32:20.000Z,,4,,,,4,17250,0,0,,xslF345X03/doc4.xml,FORM 4 SUBMISSION
0001209191-17-005726,2017-01-26,2017-01-25,2017-01-26T21:33:55.000Z,,4,,,,4,10570,0,0,,xslF345X03/doc4.xml,FORM 4 SUBMISSION
0001562762-17-000017,2017-02-10,,2017-02-10T18:57:21.000Z,34,SC 13G/A,005-34746,17591977,,SC 13G/A,87024,0,0,,code-20170210x8k.htm,
0000932471-17-002079,2017-02-10,,2017-02-10T20:16:45.000Z,34,SC 13G/A,005-34746,17592636,,SC 13G/A,48170,0,0,,paychexinc.htm,
0001209191-17-016596,2017-03-02,2017-02-23,2017-03-02T21:26:19.000Z,,4,,,,4,5226,0,0,,xslF345X03/doc4.xml,FORM 4 SUBMISSION
0000723531-17-000006,2017-03-29,2017-02-28,2017-03-29T18:46:27.000Z,34,8-K,000-11330,17721868,"2.02,9.01",8-K,770693,0,0,,payx-20170228x8k.htm,8-K
0000723531-17-000008,2017-03-29,2017-03-23,2017-03-29T19:43:56.000Z,34,8-K,000-11330,17722139,5.02,8-K,36536,0,0,,payx-20170323x8k.htm,8-K
0000723531-17-000010,2017-03-31,2017-02-28,2017-03-31T18:33:58.000Z,34,10-Q,000-11330,17729777,,10-Q,8144104,1,0,,payx-20170228x10q.htm,10-Q
0001209191-17-027789,2017-04-21,2017-04-20,2017-04-21T14:41:25.000Z,,4,,,,4,19015,0,0,,xslF345X03/doc4.xml,FORM 4 SUBMISSION
0001209191-17-028674,2017-04-28,2016-12-23,2017-04-28T19:47:42.000Z,,4,,,,4,18982,0,0,,xslF345X03/doc4.xml,FORM 4 SUBMISSION
0001209191-17-030337,2017-05-05,2017-05-05,2017-05-05T20:23:47.000Z,,4,,,,4,19732,0,0,,xslF345X03/doc4.xml,FORM 4 SUBMISSION
0001209191-17-031540,2017-05-11,2017-05-10,2017-05-11T20:27:58.000Z,,4,,,,4,26276,0,0,,xslF345X03/doc4.xml,FORM 4 SUBMISSION
0001209191-17-037140,2017-06-02,2017-05-26,2017-06-02T20:02:47.000Z,,4,,,,4,5226,0,0,,xslF345X03/doc4.xml,FORM 4 SUBMISSION
0000723531-17-000012,2017-06-12,2016-12-31,2017-06-12T18:40:46.000Z,34,11-K,000-11330,17905981,,11-K,442987,0,0,,payx-20161231x11k.htm,11-K
0000723531-17-000014,2017-06-28,2017-06-28,2017-06-28T20:33:55.000Z,34,8-K,000-11330,17935652,"2.02,9.01",8-K,824561,0,0,,payx-20170628x8k.htm,8-K
0001209191-17-044571,2017-07-10,2017-07-06,2017-07-10T20:31:14.000Z,,4,,,,4,16735,0,0,,xslF345X03/doc4.xml,FORM 4 SUBMISSION
0001209191-17-044576,2017-07-10,2017-07-06,2017-07-10T20:32:49.000Z,,4,,,,4,13548,0,0,,xslF345X03/doc4.xml,FORM 4 SUBMISSION
0001209191-17-044579,2017-07-10,2017-07-06,2017-07-10T20:33:55.000Z,,4,,,,4,18341,0,0,,xslF345X03/doc4.xml,FORM 4 SUBMISSION
0001209191-17-044582,2017-07-10,2016-12-28,2017-07-10T20:35:29.000Z,,4,,,,4,20791,0,0,,xslF345X03/doc4.xml,FORM 4 SUBMISSION
0001209191-17-044587,2017-07-10,2017-07-06,2017-07-10T20:36:33.000Z,,4,,,,4,15932,0,0,,xslF345X03/doc4.xml,FORM 4 SUBMISSION
0001209191-17-044593,2017-07-10,2017-07-06,2017-07-10T20:38:37.000Z,,4,,,,4,18333,0,0,,xslF345X03/doc4.xml,FORM 4 SUBMISSION
0001209191-17-044597,2017-07-10,2017-07-06,2017-07-10T20:40:10.000Z,,4,,,,4,20827,0,0,,xslF345X03/doc4.xml,FORM 4 SUBMISSION
0001209191-17-044600,2017-07-10,2017-07-06,2017-07-10T20:41:24.000Z,,4,,,,4,14723,0,0,,xslF345X03/doc4.xml,FORM 4 SUBMISSION
0001209191-17-044603,2017-07-10,2017-07-10,2017-07-10T20:42:58.000Z,,4,,,,4,19137,0,0,,xslF345X03/doc4.xml,FORM 4 SUBMISSION
0001209191-17-045186,2017-07-14,2017-07-13,2017-07-14T19:22:33.000Z,,4,,,,4,8557,0,0,,xslF345X03/doc4.xml,FORM 4 SUBMISSION
0001209191-17-045187,2017-07-14,2017-07-13,2017-07-14T19:24:07.000Z,,4,,,,4,9240,0,0,,xslF345X03/doc4.xml,FORM 4 SUBMISSION
0001209191-17-045188,2017-07-14,2017-07-13,2017-07-14T19:26:19.000Z,,4,,,,4,17030,0,0,,xslF345X03/doc4.xml,FORM 4 SUBMISSION
0001209191-17-045189,2017-07-14,2017-07-13,2017-07-14T19:28:58.000Z,,4,,,,4,14756,0,0,,xslF345X03/doc4.xml,FORM 4 SUBMISSION
0001209191-17-045190,2017-07-14,2017-07-13,2017-07-14T19:30:26.000Z,,4,,,,4,17442,0,0,,xslF345X03/doc4.xml,FORM 4 SUBMISSION
0001209191-17-045191,2017-07-14,2017-07-13,2017-07-14T19:35:56.000Z,,4,,,,4,17664,0,0,,xslF345X03/doc4.xml,FORM 4 SUBMISSION
0001209191-17-045192,2017-07-14,2017-07-13,2017-07-14T19:36:59.000Z,,4,,,,4,17542,0,0,,xslF345X03/doc4.xml,FORM 4 SUBMISSION
0001209191-17-045194,2017-07-14,2017-07-12,2017-07-14T19:52:10.000Z,,4,,,,4,18942,0,0,,xslF345X03/doc4.xml,FORM 4 SUBMISSION
0001209191-17-045195,2017-07-14,2017-07-12,2017-07-14T19:53:03.000Z,,4,,,,4,20662,0,0,,xslF345X03/doc4.xml,FORM 4 SUBMISSION
0001209191-17-045196,2017-07-14,2017-07-12,2017-07-14T19:54:36.000Z,,4,,,,4,15869,0,0,,xslF345X03/doc4.xml,FORM 4 SUBMISSION
0001209191-17-045197,2017-07-14,2017-07-12,2017-07-14T19:57:36.000Z,,4,,,,4,25503,0,0,,xslF345X03/doc4.xml,FORM 4 SUBMISSION
0001209191-17-045198,2017-07-14,2017-07-12,2017-07-14T19:58:34.000Z,,4,,,,4,18821,0,0,,xslF345X03/doc4.xml,FORM 4 SUBMISSION
0001209191-17-045199,2017-07-14,2017-07-12,2017-07-14T20:00:25.000Z,,4,,,,4,20654,0,0,,xslF345X03/doc4.xml,FORM 4 SUBMISSION
0001209191-17-045200,2017-07-14,2017-07-12,2017-07-14T20:01:41.000Z,,4,,,,4,19633,0,0,,xslF345X03/doc4.xml,FORM 4 SUBMISSION
0001209191-17-045201,2017-07-14,2017-07-12,2017-07-14T20:03:35.000Z,,4,,,,4,17044,0,0,,xslF345X03/doc4.xml,FORM 4 SUBMISSION
0000723531-17-000020,2017-07-19,2017-07-19,2017-07-19T19:02:32.000Z,34,8-K,000-11330,17972186,"5.02,9.01",8-K,190763,1,1,,payx-20170719x8k.htm,8-K
0001209191-17-045974,2017-07-21,2017-07-13,2017-07-21T20:35:27.000Z,,3,,,,3,9075,0,0,,xslF345X02/doc3.xml,FORM 3 SUBMISSION
0000723531-17-000023,2017-07-21,2017-05-31,2017-07-21T21:29:04.000Z,34,10-K,000-11330,17977249,,10-K,15342105,1,0,,payx-20170531x10k.htm,10-K
0000723531-17-000025,2017-08-21,2017-08-21,2017-08-21T16:13:24.000Z,34,8-K,000-11330,171042630,"7.01,9.01",8-K,190712,0,0,,payx-20170821x8k.htm,8-K
0001209191-17-050576,2017-08-29,2017-08-25,2017-08-29T20:24:37.000Z,,4,,,,4,5227,0,0,,xslF345X03/doc4.xml,FORM 4 SUBMISSION
0001193125-17-280378,2017-09-08,2017-10-11,2017-09-08T18:22:08.000Z,34,DEF 14A,000-11330,171076112,,DEF 14A,3853616,0,0,,d373579ddef14a.htm,DEF 14A
0000723531-17-000029,2017-09-08,2017-09-08,2017-09-08T18:58:15.000Z,34,8-K,000-11330,171076310,"5.02,9.01",8-K,136923,0,0,,payx-20170908x8k.htm,8-K
0001209191-17-052217,2017-09-11,2017-09-07,2017-09-11T20:05:42.000Z,,4,,,,4,13749,0,0,,xslF345X03/doc4.xml,FORM 4 SUBMISSION
0000723531-17-000031,2017-09-11,2017-09-11,2017-09-11T21:26:20.000Z,34,8-K,000-11330,171079645,7.01,8-K,43034,0,0,,payx-20170911x8k.htm,8-K
0001209191-17-053965,2017-09-26,2017-09-25,2017-09-26T20:13:31.000Z,,4,,,,4,16766,0,0,,xslF345X03/doc4.xml,FORM 4 SUBMISSION
0000723531-17-000034,2017-10-03,2017-10-03,2017-10-03T15:53:09.000Z,34,8-K,000-11330,171116679,"2.02,9.01",8-K,562913,0,0,,payx-20171003x8k.htm,8-K
0001209191-17-055768,2017-10-04,2017-10-03,2017-10-04T20:13:00.000Z,,4,,,,4,16765,0,0,,xslF345X03/doc4.xml,FORM 4 SUBMISSION
0000723531-17-000038,2017-10-06,2017-08-31,2017-10-05T21:38:05.000Z,34,10-Q,000-11330,171125384,,10-Q,7709420,1,0,,payx-20170831x10q.htm,10-Q
0001209191-17-056433,2017-10-10,2017-10-06,2017-10-10T20:22:25.000Z,,4,,,,4,24255,0,0,,xslF345X03/doc4.xml,FORM 4 SUBMISSION
0001209191-17-056436,2017-10-10,2017-10-05,2017-10-10T20:24:14.000Z,,4,,,,4,19735,0,0,,xslF345X03/doc4.xml,FORM 4 SUBMISSION
0001209191-17-056629,2017-10-11,2017-10-09,2017-10-11T20:19:27.000Z,,4,,,,4,26045,0,0,,xslF345X03/doc4.xml,FORM 4 SUBMISSION
0000723531-17-000041,2017-10-12,2017-10-11,2017-10-12T21:21:18.000Z,34,8-K,000-11330,171135102,5.07,8-K,115928,0,0,,payx-20171011x8k.htm,8-K
0000723531-17-000043,2017-10-16,2017-10-16,2017-10-16T17:11:25.000Z,34,8-K,000-11330,171138246,8.01,8-K,69491,0,0,,payx-20171016x8k.htm,8-K
0000723531-17-000048,2017-10-17,,2017-10-17T21:28:48.000Z,33,S-3ASR,333-220996,171141341,,S-3ASR,279489,0,0,,payx-20171017.htm,FORM S-3ASR
0000723531-17-000051,2017-10-18,,2017-10-17T21:54:34.000Z,33,424B7,333-220996,171141401,,424B7,421354,0,0,,payx-20171017.htm,PROSPECTUS SUPPLEMENT ON FORM 424B7
0000723531-17-000053,2017-10-30,2017-10-11,2017-10-30T20:57:39.000Z,34,8-K/A,000-11330,171163035,5.07,8-K/A,41418,0,0,,payx-20171011x8ka.htm,8-K/A
0001209191-17-058593,2017-11-01,2017-10-31,2017-11-01T20:15:13.000Z,,4,,,,4,12978,0,0,,xslF345X03/doc4.xml,FORM 4 SUBMISSION
0001209191-17-062566,2017-11-27,2017-11-20,2017-11-27T21:29:08.000Z,,4,,,,4,5227,0,0,,xslF345X03/doc4.xml,FORM 4 SUBMISSION
0000723531-17-000057,2017-12-21,2017-12-21,2017-12-21T19:49:40.000Z,34,8-K,000-11330,171269155,"2.02,9.01",8-K,714723,0,0,,payx-20171221x8k.htm,8-K
0000723531-17-000059,2017-12-21,2017-11-30,2017-12-21T22:09:08.000Z,34,10-Q,000-11330,171270169,,10-Q,9060488,1,0,,payx-20171130x10q.htm,10-Q
0001209191-18-002430,2018-01-05,2018-01-04,2018-01-05T21:01:36.000Z,,4,,,,4,24252,0,0,,xslF345X03/doc4.xml,FORM 4 SUBMISSION
0001209191-18-003565,2018-01-16,2018-01-16,2018-01-16T21:02:52.000Z,,4,,,,4,23726,0,0,,xslF345X03/doc4.xml,FORM 4 SUBMISSION
0001562762-18-000020,2018-01-18,,2018-01-18T21:04:49.000Z,34,SC 13G/A,005-34746,18534047,,SC 13G/A,87811,0,0,,payx-20180118sc13ga.htm,
0000215457-18-005087,2018-02-08,,2018-02-08T14:45:47.000Z,34,SC 13G/A,005-34746,18583135,,SC 13G/A,13545,0,0,,us7043261079_012418.txt,
0000932471-18-004102,2018-02-09,,2018-02-09T18:43:50.000Z,34,SC 13G/A,005-34746,18590492,,SC 13G/A,45165,0,0,,paychexinc.htm,
0000723531-18-000003,2018-03-01,2018-03-01,2018-03-01T16:56:11.000Z,34,8-K,000-11330,18655488,"7.01,9.01",8-K,196145,0,0,,payx-20180301x8k.htm,8-K
0001209191-18-015516,2018-03-02,2018-03-01,2018-03-02T20:14:20.000Z,,4,,,,4,5226,0,0,,xslF345X03/doc4.xml,FORM 4 SUBMISSION
0000723531-18-000005,2018-03-26,2018-03-26,2018-03-26T20:13:42.000Z,34,8-K,000-11330,18712885,"2.02,9.01",8-K,834102,0,0,,payx-20180326x8k.htm,8-K
0000723531-18-000009,2018-03-28,2018-02-28,2018-03-28T20:37:36.000Z,34,10-Q,000-11330,18719324,,10-Q,9182107,1,0,,payx-20180228x10q.htm,10-Q
0001209191-18-022133,2018-03-29,2018-03-29,2018-03-29T22:32:23.000Z,,4,,,,4,19051,0,0,,xslF345X03/doc4.xml,FORM 4 SUBMISSION
0000723531-18-000012,2018-04-30,2018-04-26,2018-04-30T20:35:11.000Z,34,8-K,000-11330,18790403,"5.02,9.01",8-K,191609,0,0,,payx-20180426x8k.htm,8-K
0001209191-18-027081,2018-05-01,2018-04-26,2018-05-01T20:21:33.000Z,,3,,,,3,9581,0,0,,xslF345X02/doc3.xml,FORM 3 SUBMISSION
0001209191-18-031367,2018-05-18,2018-05-18,2018-05-18T19:38:04.000Z,,4,,,,4,19016,0,0,,xslF345X03/doc4.xml,FORM 4 SUBMISSION
0001209191-18-034305,2018-05-31,2018-05-25,2018-05-31T17:27:32.000Z,,4,,,,4,5226,0,0,,xslF345X03/doc4.xml,FORM 4 SUBMISSION
0000723531-18-000015,2018-06-11,2017-12-31,2018-06-11T20:52:11.000Z,34,11-K,000-11330,18892552,,11-K,457530,0,0,,payx-20171231x11k.htm,11-K
0000723531-18-000019,2018-06-27,2018-06-27,2018-06-27T21:01:10.000Z,34,8-K,000-11330,18922379,"2.02,9.01",8-K,809038,0,0,,payx-20180627x8k.htm,8-K
0000723531-18-000022,2018-06-28,2018-06-27,2018-06-28T21:17:01.000Z,34,8-K,000-11330,18926318,"7.01,9.01",8-K,2051303,0,0,,payx-20180627x8k.htm,8-K
0001209191-18-041860,2018-07-06,2018-07-05,2018-07-06T20:10:22.000Z,,4,,,,4,19137,0,0,,xslF345X03/doc4.xml,FORM 4 SUBMISSION
0001209191-18-042130,2018-07-10,2017-12-07,2018-07-10T20:07:29.000Z,,4,,,,4,18026,0,0,,xslF345X03/doc4.xml,FORM 4 SUBMISSION
0001209191-18-042133,2018-07-10,2018-07-06,2018-07-10T20:09:14.000Z,,4,,,,4,17321,0,0,,xslF345X03/doc4.xml,FORM 4 SUBMISSION
0001209191-18-042136,2018-07-10,2018-07-06,2018-07-10T20:11:24.000Z,,4,,,,4,16776,0,0,,xslF345X03/doc4.xml,FORM 4 SUBMISSION
0001209191-18-042141,2018-07-10,2017-12-11,2018-07-10T20:13:30.000Z,,4,,,,4,22046,0,0,,xslF345X03/doc4.xml,FORM 4 SUBMISSION
0001209191-18-042144,2018-07-10,2017-12-12,2018-07-10T20:14:29.000Z,,4,,,,4,17226,0,0,,xslF345X03/doc4.xml,FORM 4 SUBMISSION
0001209191-18-042146,2018-07-10,2018-07-06,2018-07-10T20:16:55.000Z,,4,,,,4,21976,0,0,,xslF345X03/doc4.xml,FORM 4 SUBMISSION
0001209191-18-042147,2018-07-10,2018-07-06,2018-07-10T20:18:42.000Z,,4,,,,4,19581,0,0,,xslF345X03/doc4.xml,FORM 4 SUBMISSION
0001209191-18-042151,2018-07-10,2018-07-06,2018-07-10T20:20:43.000Z,,4,,,,4,20129,0,0,,xslF345X03/doc4.xml,FORM 4 SUBMISSION
0001209191-18-042518,2018-07-13,2018-07-12,2018-07-13T19:50:26.000Z,,4,,,,4,10878,0,0,,xslF345X03/doc4.xml,FORM 4 SUBMISSION
0001209191-18-042519,2018-07-13,2018-07-12,2018-07-13T19:53:00.000Z,,4,,,,4,10445,0,0,,xslF345X03/doc4.xml,FORM 4 SUBMISSION
0001209191-18-042520,2018-07-13,2018-07-12,2018-07-13T19:54:25.000Z,,4,,,,4,18234,0,0,,xslF345X03/doc4.xml,FORM 4 SUBMISSION
0001209191-18-042521,2018-07-13,2018-07-12,2018-07-13T19:55:59.000Z,,4,,,,4,14203,0,0,,xslF345X03/doc4.xml,FORM 4 SUBMISSION
0001209191-18-042522,2018-07-13,2018-07-12,2018-07-13T19:57:32.000Z,,4,,,,4,17664,0,0,,xslF345X03/doc4.xml,FORM 4 SUBMISSION
0001209191-18-042523,2018-07-13,2018-07-12,2018-07-13T19:59:18.000Z,,4,,,,4,17542,0,0,,xslF345X03/doc4.xml,FORM 4 SUBMISSION
0001209191-18-042524,2018-07-13,2018-07-12,2018-07-13T20:00:31.000Z,,4,,,,4,8045,0,0,,xslF345X03/doc4.xml,FORM 4 SUBMISSION
0001209191-18-042525,2018-07-13,2018-07-11,2018-07-13T20:02:25.000Z,,4,,,,4,21885,0,0,,xslF345X03/doc4.xml,FORM 4 SUBMISSION
0001209191-18-042526,2018-07-13,2018-07-11,2018-07-13T20:03:27.000Z,,4,,,,4,21878,0,0,,xslF345X03/doc4.xml,FORM 4 SUBMISSION
0001209191-18-042527,2018-07-13,2018-07-11,2018-07-13T20:04:50.000Z,,4,,,,4,18805,0,0,,xslF345X03/doc4.xml,FORM 4 SUBMISSION
0001209191-18-042528,2018-07-13,2018-07-11,2018-07-13T20:06:10.000Z,,4,,,,4,22392,0,0,,xslF345X03/doc4.xml,FORM 4 SUBMISSION
0001209191-18-042529,2018-07-13,2018-07-11,2018-07-13T20:08:11.000Z,,4,,,,4,19476,0,0,,xslF345X03/doc4.xml,FORM 4 SUBMISSION
0001209191-18-042530,2018-07-13,2018-07-11,2018-07-13T20:09:09.000Z,,4,,,,4,22384,0,0,,xslF345X03/doc4.xml,FORM 4 SUBMISSION
0001209191-18-042531,2018-07-13,2018-07-11,2018-07-13T20:11:11.000Z,,4,,,,4,16266,0,0,,xslF345X03/doc4.xml,FORM 4 SUBMISSION
0001209191-18-042532,2018-07-13,2018-07-11,2018-07-13T20:12:01.000Z,,4,,,,4,16362,0,0,,xslF345X03/doc4.xml,FORM 4 SUBMISSION
0000723531-18-000026,2018-07-20,2018-05-31,2018-07-20T21:11:56.000Z,34,10-K,000-11330,18963055,,10-K,16360025,1,0,,payx-20180531x10k.htm,10-K
0001209191-18-044029,2018-07-26,2018-07-26,2018-07-26T20:06:56.000Z,,4,,,,4,22769,0,0,,xslF345X03/doc4.xml,FORM 4 SUBMISSION
0001209191-18-044031,2018-07-26,2018-07-25,2018-07-26T20:08:37.000Z,,4,,,,4,18398,0,0,,xslF345X03/doc4.xml,FORM 4 SUBMISSION
0001209191-18-044544,2018-07-31,2018-07-30,2018-07-31T20:10:38.000Z,,4,,,,4,22039,0,0,,xslF345X03/doc4.xml,FORM 4 SUBMISSION
0001209191-18-046025,2018-08-09,2018-08-07,2018-08-09T20:17:20.000Z,,4,,,,4,19739,0,0,,xslF345X03/doc4.xml,FORM 4 SUBMISSION
0001209191-18-046754,2018-08-15,2018-08-15,2018-08-15T20:11:03.000Z,,4,,,,4,18523,0,0,,xslF345X03/doc4.xml,FORM 4 SUBMISSION
0001209191-18-048674,2018-08-28,2018-08-24,2018-08-28T20:13:58.000Z,,4,,,,4,5227,0,0,,xslF345X03/doc4.xml,FORM 4 SUBMISSION
0001209191-18-049797,2018-09-06,2018-09-05,2018-09-06T20:20:19.000Z,,4,,,,4,16793,0,0,,xslF345X03/doc4.xml,FORM 4 SUBMISSION
0001193125-18-268853,2018-09-07,2018-10-11,2018-09-07T15:09:07.000Z,34,DEF 14A,000-11330,181059203,,DEF 14A,3596523,0,0,,d562942ddef14a.htm,DEF 14A
0000723531-18-000029,2018-10-02,2018-10-02,2018-10-02T20:40:27.000Z,34,8-K,000-11330,181101900,"2.02,9.01",8-K,569964,0,0,,payx-20181002x8k.htm,8-K
0000723531-18-000034,2018-10-05,2018-08-31,2018-10-05T21:05:29.000Z,34,10-Q,000-11330,181111208,,10-Q,10133603,1,0,,payx-20180831x10q.htm,10-Q
0000723531-18-000037,2018-10-12,2018-10-11,2018-10-12T19:40:01.000Z,34,8-K,000-11330,181120187,5.07,8-K,101669,0,0,,payx-20181011x8k.htm,8-K
0001209191-18-056037,2018-10-24,2018-10-23,2018-10-24T19:41:19.000Z,,4,,,,4,9296,0,0,,xslF345X03/doc4.xml,FORM 4 SUBMISSION
0001209191-18-056279,2018-10-26,2018-10-24,2018-10-26T19:54:00.000Z,,4,,,,4,10820,0,0,,xslF345X03/doc4.xml,FORM 4 SUBMISSION
0000723531-18-000043,2018-11-26,2018-11-26,2018-11-26T14:11:58.000Z,34,8-K,000-11330,181200033,"1.01,7.01,9.01",8-K,174522,0,0,,payx-20181126x8k.htm,8-K
0000723531-18-000045,2018-12-19,2018-12-19,2018-12-19T21:45:10.000Z,34,8-K,000-11330,181243874,"2.02,9.01",8-K,767241,0,0,,payx-20181219x8k.htm,8-K
0000723531-18-000048,2018-12-21,2018-11-30,2018-12-21T22:03:06.000Z,34,10-Q,000-11330,181250356,,10-Q,12645442,1,0,,payx-20181130x10q.htm,10-Q
0001209191-18-064187,2018-12-27,2018-11-21,2018-12-27T21:28:56.000Z,,4,,,,4,5227,0,0,,xslF345X03/doc4.xml,FORM 4 SUBMISSION
0000723531-19-000006,2019-01-11,2019-01-09,2019-01-11T22:09:58.000Z,34,8-K,000-11330,19522874,"1.01,2.03,9.01",8-K,3083954,0,0,,payx-20190109x8k.htm,8-K
0001209191-19-004751,2019-01-22,2019-01-18,2019-01-22T21:31:48.000Z,,4,,,,4,18522,0,0,,xslF345X03/doc4.xml,FORM 4 SUBMISSION
0001209191-19-004957,2019-01-23,2018-11-07,2019-01-23T21:21:40.000Z,,4,,,,4,6563,0,0,,xslF345X03/doc4.xml,FORM 4 SUBMISSION
0001209191-19-007316,2019-02-05,2019-02-05,2019-02-05T21:13:14.000Z,,4,,,,4,18522,0,0,,xslF345X03/doc4.xml,FORM 4 SUBMISSION
0001209191-19-007319,2019-02-05,2019-02-04,2019-02-05T21:15:01.000Z,,4,,,,4,19739,0,0,,xslF345X03/doc4.xml,FORM 4 SUBMISSION
0000215457-19-004869,2019-02-06,,2019-02-06T20:04:12.000Z,34,SC 13G/A,005-34746,19571133,,SC 13G/A,13571,0,0,,us7043261079_020519.txt,
0000932471-19-005742,2019-02-12,,2019-02-11T22:34:20.000Z,34,SC 13G/A,005-34746,19586715,,SC 13G/A,34107,0,0,,paychexinc.htm,
0000723531-19-000009,2019-02-12,,2019-02-12T21:51:00.000Z,34,SC 13G/A,005-34746,19591594,,SC 13G/A,83325,0,0,,payx-20190212SC13GA.htm,SCHEDULE 13-G/A
0001209191-19-009597,2019-02-13,2019-02-12,2019-02-13T21:13:26.000Z,,4,,,,4,11773,0,0,,xslF345X03/doc4.xml,FORM 4 SUBMISSION
0001209191-19-009625,2019-02-13,2019-02-13,2019-02-13T21:24:37.000Z,,4,,,,4,17320,0,0,,xslF345X03/doc4.xml,FORM 4 SUBMISSION
0001209191-19-011067,2019-02-19,2019-02-15,2019-02-19T21:17:08.000Z,,4,,,,4,19738,0,0,,xslF345X03/doc4.xml,FORM 4 SUBMISSION
0001209191-19-018441,2019-03-11,2019-03-05,2019-03-11T20:46:56.000Z,,4,,,,4,5226,0,0,,xslF345X03/doc4.xml,FORM 4 SUBMISSION
0000723531-19-000012,2019-03-27,2019-03-27,2019-03-27T20:45:03.000Z,34,8-K,000-11330,19708831,"2.02,9.01",8-K,902556,0,0,,payx-20190327x8k.htm,8-K
0000723531-19-000015,2019-03-29,2019-02-28,2019-03-29T21:08:58.000Z,34,10-Q,000-11330,19717555,,10-Q,17230551,1,0,,payx-20190228x10q.htm,10-Q
0001209191-19-023088,2019-04-03,2019-04-02,2019-04-03T20:16:44.000Z,,4,,,,4,24395,0,0,,xslF345X03/doc4.xml,FORM 4 SUBMISSION
0001209191-19-023096,2019-04-03,2019-04-03,2019-04-03T20:18:17.000Z,,4,,,,4,14216,0,0,,xslF345X03/doc4.xml,FORM 4 SUBMISSION
0001209191-19-024089,2019-04-09,2019-04-08,2019-04-09T20:20:09.000Z,,4,,,,4,17320,0,0,,xslF345X03/doc4.xml,FORM 4 SUBMISSION
0001209191-19-024093,2019-04-09,2019-04-08,2019-04-09T20:24:10.000Z,,4,,,,4,19015,0,0,,xslF345X03/doc4.xml,FORM 4 SUBMISSION
0001209191-19-024335,2019-04-11,2019-04-08,2019-04-11T16:47:23.000Z,,4/A,,,,4/A,19278,0,0,,xslF345X03/doc4a.xml,FORM 4/A SUBMISSION
0001209191-19-024345,2019-04-11,2019-04-11,2019-04-11T19:55:00.000Z,,4,,,,4,19529,0,0,,xslF345X03/doc4.xml,FORM 4 SUBMISSION
0001209191-19-024580,2019-04-15,2019-04-15,2019-04-15T20:20:52.000Z,,4,,,,4,19137,0,0,,xslF345X03/doc4.xml,FORM 4 SUBMISSION
0001209191-19-027960,2019-05-07,2019-05-06,2019-05-07T20:10:48.000Z,,4,,,,4,22358,0,0,,xslF345X03/doc4.xml,FORM 4 SUBMISSION
0000723531-19-000018,2019-05-07,2019-05-03,2019-05-07T20:31:48.000Z,34,8-K,000-11330,19803579,"5.03,8.01,9.01",8-K,209520,0,0,,payx-20190503x8k.htm,8-K
0001209191-19-028217,2019-05-08,2019-05-08,2019-05-08T20:04:13.000Z,,4,,,,4,17320,0,0,,xslF345X03/doc4.xml,FORM 4 SUBMISSION
0001209191-19-029599,2019-05-14,2019-05-14,2019-05-14T20:09:14.000Z,,4,,,,4,13120,0,0,,xslF345X03/doc4.xml,FORM 4 SUBMISSION
0001209191-19-030349,2019-05-16,2019-05-16,2019-05-16T20:15:48.000Z,,4,,,,4,20240,0,0,,xslF345X03/doc4.xml,FORM 4 SUBMISSION
0001209191-19-033869,2019-06-03,2019-05-31,2019-06-03T20:09:53.000Z,,4,,,,4,5226,0,0,,xslF345X03/doc4.xml,FORM 4 SUBMISSION
0000723531-19-000022,2019-06-10,2018-12-31,2019-06-10T20:03:32.000Z,34,11-K,000-11330,19888611,,11-K,455819,0,0,,payx-20181231x11k.htm,11-K
0000723531-19-000025,2019-06-26,2019-06-26,2019-06-26T20:21:43.000Z,34,8-K,000-11330,19921867,"2.02,9.01",8-K,853967,0,0,,payx-20190626x8k.htm,8-K
0001209191-19-040304,2019-07-02,2019-07-01,2019-07-02T20:30:59.000Z,,4,,,,4,13144,0,0,,xslF345X03/doc4.xml,FORM 4 SUBMISSION
0001209191-19-041531,2019-07-09,2018-12-13,2019-07-09T20:02:17.000Z,,4,,,,4,19234,0,0,,xslF345X03/doc4.xml,FORM 4 SUBMISSION
0001209191-19-041533,2019-07-09,2019-07-06,2019-07-09T20:05:00.000Z,,4,,,,4,13189,0,0,,xslF345X03/doc4.xml,FORM 4 SUBMISSION
0001209191-19-041534,2019-07-09,2019-07-05,2019-07-09T20:06:59.000Z,,4,,,,4,23581,0,0,,xslF345X03/doc4.xml,FORM 4 SUBMISSION
0001209191-19-041538,2019-07-09,2019-07-06,2019-07-09T20:08:57.000Z,,4,,,,4,19246,0,0,,xslF345X03/doc4.xml,FORM 4 SUBMISSION
0001209191-19-041539,2019-07-09,2018-12-10,2019-07-09T20:11:38.000Z,,4,,,,4,19957,0,0,,xslF345X03/doc4.xml,FORM 4 SUBMISSION
0001209191-19-041541,2019-07-09,2019-07-06,2019-07-09T20:12:59.000Z,,4,,,,4,16768,0,0,,xslF345X03/doc4.xml,FORM 4 SUBMISSION
0001209191-19-041543,2019-07-09,2019-07-06,2019-07-09T20:15:19.000Z,,4,,,,4,16851,0,0,,xslF345X03/doc4.xml,FORM 4 SUBMISSION
0001209191-19-041547,2019-07-09,2019-07-06,2019-07-09T20:16:55.000Z,,4,,,,4,10746,0,0,,xslF345X03/doc4.xml,FORM 4 SUBMISSION
0000723531-19-000028,2019-07-10,2019-07-10,2019-07-10T20:50:52.000Z,34,8-K,000-11330,19949853,5.02,8-K,45271,0,0,,payx-20190710x8k.htm,8-K
0001209191-19-041892,2019-07-12,2019-07-11,2019-07-12T19:41:56.000Z,,4,,,,4,12085,0,0,,xslF345X03/doc4.xml,FORM 4 SUBMISSION
0001209191-19-041893,2019-07-12,2019-07-11,2019-07-12T19:43:40.000Z,,4,,,,4,10442,0,0,,xslF345X03/doc4.xml,FORM 4 SUBMISSION
0001209191-19-041894,2019-07-12,2019-07-11,2019-07-12T19:45:39.000Z,,4,,,,4,15823,0,0,,xslF345X03/doc4.xml,FORM 4 SUBMISSION
0001209191-19-041897,2019-07-12,2019-07-11,2019-07-12T19:49:11.000Z,,4,,,,4,12987,0,0,,xslF345X03/doc4.xml,FORM 4 SUBMISSION
0001209191-19-041898,2019-07-12,2019-07-11,2019-07-12T19:50:39.000Z,,4,,,,4,17667,0,0,,xslF345X03/doc4.xml,FORM 4 SUBMISSION
0001209191-19-041899,2019-07-12,2019-07-11,2019-07-12T19:52:12.000Z,,4,,,,4,17541,0,0,,xslF345X03/doc4.xml,FORM 4 SUBMISSION
0001209191-19-041901,2019-07-12,2019-07-11,2019-07-12T19:53:37.000Z,,4,,,,4,9248,0,0,,xslF345X03/doc4.xml,FORM 4 SUBMISSION
0001209191-19-041903,2019-07-12,2019-07-10,2019-07-12T19:56:28.000Z,,4,,,,4,22408,0,0,,xslF345X03/doc4.xml,FORM 4 SUBMISSION
0001209191-19-041904,2019-07-12,2019-07-10,2019-07-12T19:57:46.000Z,,4,,,,4,18805,0,0,,xslF345X03/doc4.xml,FORM 4 SUBMISSION
0001209191-19-041905,2019-07-12,2019-07-10,2019-07-12T19:59:13.000Z,,4,,,,4,19987,0,0,,xslF345X03/doc4.xml,FORM 4 SUBMISSION
0001209191-19-041906,2019-07-12,2019-07-10,2019-07-12T20:02:29.000Z,,4,,,,4,23096,0,0,,xslF345X03/doc4.xml,FORM 4 SUBMISSION
0001209191-19-041909,2019-07-12,2019-07-10,2019-07-12T20:04:21.000Z,,4,,,,4,20671,0,0,,xslF345X03/doc4.xml,FORM 4 SUBMISSION
0001209191-19-041914,2019-07-12,2019-07-10,2019-07-12T20:05:50.000Z,,4,,,,4,22384,0,0,,xslF345X03/doc4.xml,FORM 4 SUBMISSION
0001209191-19-041918,2019-07-12,2019-07-10,2019-07-12T20:08:22.000Z,,4,,,,4,16390,0,0,,xslF345X03/doc4.xml,FORM 4 SUBMISSION
0001209191-19-042056,2019-07-15,2019-07-12,2019-07-15T20:05:36.000Z,,4,,,,4,18674,0,0,,xslF345X03/doc4.xml,FORM 4 SUBMISSION
0001209191-19-042058,2019-07-15,2019-07-12,2019-07-15T20:07:05.000Z,,4,,,,4,14394,0,0,,xslF345X03/doc4.xml,FORM 4 SUBMISSION
0001209191-19-042063,2019-07-15,2019-07-12,2019-07-15T20:09:08.000Z,,4,,,,4,15570,0,0,,xslF345X03/doc4.xml,FORM 4 SUBMISSION
0001209191-19-042066,2019-07-15,2019-07-12,2019-07-15T20:11:50.000Z,,4,,,,4,18675,0,0,,xslF345X03/doc4.xml,FORM 4 SUBMISSION
0001209191-19-042068,2019-07-15,2019-07-12,2019-07-15T20:13:43.000Z,,4,,,,4,17984,0,0,,xslF345X03/doc4.xml,FORM 4 SUBMISSION
0001209191-19-042069,2019-07-15,2019-07-12,2019-07-15T20:15:03.000Z,,4,,,,4,17973,0,0,,xslF345X03/doc4.xml,FORM 4 SUBMISSION
0001209191-19-042072,2019-07-15,2019-07-12,2019-07-15T20:16:45.000Z,,4,,,,4,11951,0,0,,xslF345X03/doc4.xml,FORM 4 SUBMISSION
0001209191-19-042631,2019-07-18,2019-07-10,2019-07-18T20:44:49.000Z,,3,,,,3,9447,0,0,,xslF345X02/doc3.xml,FORM 3 SUBMISSION
0001209191-19-042851,2019-07-22,2019-07-19,2019-07-22T13:49:37.000Z,,4,,,,4,13118,0,0,,xslF345X03/doc4.xml,FORM 4 SUBMISSION
0000723531-19-000032,2019-07-24,2019-05-31,2019-07-24T21:25:48.000Z,34,10-K,000-11330,19971811,,10-K,21650499,1,0,,payx-20190531x10k.htm,10-K
0000723531-19-000036,2019-08-01,2019-07-31,2019-08-01T20:23:07.000Z,34,8-K,000-11330,19993015,"1.01,2.03,9.01",8-K,1981320,0,0,,payx-20190731x8k.htm,8-K
0001209191-19-044527,2019-08-05,2019-08-01,2019-08-05T20:20:11.000Z,,4,,,,4,7493,0,0,,xslF345X03/doc4.xml,FORM 4 SUBMISSION
0001209191-19-048170,2019-09-04,2019-08-27,2019-09-04T20:07:59.000Z,,4,,,,4,5227,0,0,,xslF345X03/doc4.xml,FORM 4 SUBMISSION
0001193125-19-248311,2019-09-18,2019-10-17,2019-09-18T20:29:39.000Z,34,DEF 14A,000-11330,191100016,,DEF 14A,4142816,0,0,,d798512ddef14a.htm,DEF 14A
0000723531-19-000041,2019-10-03,2019-10-02,2019-10-02T22:41:19.000Z,34,8-K,000-11330,191133772,"2.02,9.01",8-K,723724,0,0,,payx-20191002x8k.htm,8-K
0000723531-19-000046,2019-10-04,2019-08-31,2019-10-04T21:22:56.000Z,34,10-Q,000-11330,191139246,,XBRL,17311223,1,1,,payx-20190831x10q.htm,10-Q
0000834237-19-000169,2019-10-09,,2019-10-09T20:14:37.000Z,34,SC 13G/A,005-34746,191144606,,SC 13G/A,13618,0,0,,us7043261079_100919.txt,
0001209191-19-053153,2019-10-15,2019-10-11,2019-10-15T20:30:50.000Z,,4,,,,4,15914,0,0,,xslF345X03/doc4.xml,FORM 4 SUBMISSION
0000723531-19-000050,2019-10-18,2019-10-17,2019-10-18T19:55:55.000Z,34,8-K,000-11330,191157750,5.07,XBRL,305501,1,1,,payx-20191017x8k.htm,8-K
0001209191-19-053610,2019-10-18,2019-10-17,2019-10-18T20:19:58.000Z,,4,,,,4,26160,0,0,,xslF345X03/doc4.xml,FORM 4 SUBMISSION
0001209191-19-054234,2019-10-28,2019-10-25,2019-10-28T20:13:48.000Z,,4,,,,4,17153,0,0,,xslF345X03/doc4.xml,FORM 4 SUBMISSION
0001209191-19-059442,2019-12-06,2019-12-04,2019-12-06T19:22:44.000Z,,4,,,,4,5227,0,0,,xslF345X03/doc4.xml,FORM 4 SUBMISSION
0000723531-19-000054,2019-12-18,2019-12-18,2019-12-18T14:02:15.000Z,34,8-K,000-11330,191291427,"2.02,9.01",XBRL,1116671,1,1,,payx-20191218x8k.htm,8-K
0000723531-19-000057,2019-12-20,2019-11-30,2019-12-20T21:03:03.000Z,34,10-Q,000-11330,191301128,,XBRL,20160235,1,1,,payx-20191130x10q.htm,10-Q
0001209191-20-003190,2020-01-13,2019-11-05,2020-01-13T21:28:04.000Z,,4,,,,4,32706,0,0,,xslF345X03/doc4.xml,FORM 4 SUBMISSION
0001209191-20-003668,2020-01-16,2020-01-15,2020-01-16T21:21:15.000Z,,4,,,,4,6610,0,0,,xslF345X03/doc4.xml,FORM 4 SUBMISSION
0001209191-20-003952,2020-01-17,2019-12-12,2020-01-17T21:12:01.000Z,,4,,,,4,26597,0,0,,xslF345X03/doc4.xml,FORM 4 SUBMISSION
0001209191-20-004628,2020-01-23,2020-01-22,2020-01-23T21:11:20.000Z,,4,,,,4,18221,0,0,,xslF345X03/doc4.xml,FORM 4 SUBMISSION
0000834237-20-002339,2020-02-04,,2020-02-04T17:17:08.000Z,34,SC 13G/A,005-34746,20572010,,SC 13G/A,13617,0,0,,us7043261079_020320.txt,
0000723531-20-000002,2020-02-04,,2020-02-04T20:56:57.000Z,34,SC 13G/A,005-34746,20573573,,SC 13G/A,83269,0,0,,payx-20200204sc13ga.htm,SC 13G/A
0000723531-20-000005,2020-02-11,2020-02-06,2020-02-11T21:58:50.000Z,34,8-K,000-11330,20597870,"1.01,2.03,9.01",XBRL,2267981,1,1,,payx-20200206x8k.htm,8-K
0001104659-20-018512,2020-02-12,,2020-02-12T16:01:06.000Z,34,SC 13G/A,005-34746,20601384,,SC 13G/A,13617,0,0,,tv01762-paychexinc.htm,SCHEDULE 13G/A
0001209191-20-011928,2020-02-24,2020-02-20,2020-02-24T21:02:56.000Z,,4,,,,4,19137,0,0,,xslF345X03/doc4.xml,FORM 4 SUBMISSION
0000000000-20-001792,2020-02-27,,2020-02-27T19:59:30.000Z,,UPLOAD,,,,LETTER,49462,0,0,,filename1.pdf,
0001209191-20-013764,2020-02-28,2020-02-27,2020-02-28T21:05:19.000Z,,4,,,,4,5226,0,0,,xslF345X03/doc4.xml,FORM 4 SUBMISSION
0000723531-20-000009,2020-03-11,,2020-03-11T14:28:30.000Z,,CORRESP,,,,CORRESP,86708,0,0,,filename1.htm,
0000000000-20-002425,2020-03-19,,2020-03-19T15:54:32.000Z,,UPLOAD,,,,LETTER,42705,0,0,,filename1.pdf,
0000723531-20-000013,2020-03-25,2020-03-25,2020-03-25T12:59:05.000Z,34,8-K,000-11330,20740115,"2.02,9.01",XBRL,1135141,1,1,,payx-20200325x8k.htm,8-K
0001209191-20-021370,2020-03-27,2020-03-27,2020-03-27T20:02:02.000Z,,4,,,,4,9249,0,0,,xslF345X03/doc4.xml,FORM 4 SUBMISSION
0000723531-20-000017,2020-03-27,2020-02-29,2020-03-27T20:25:35.000Z,34,10-Q,000-11330,20752134,,XBRL,20140542,1,1,,payx-20200229x10q.htm,10-Q
0001209191-20-022500,2020-04-02,2020-04-02,2020-04-02T20:06:01.000Z,,4,,,,4,17491,0,0,,xslF345X03/doc4.xml,FORM 4 SUBMISSION
0000723531-20-000021,2020-04-08,,2020-04-08T18:05:19.000Z,,CORRESP,,,,CORRESP,25774,0,0,,filename1.htm,
0000000000-20-003084,2020-04-09,,2020-04-09T19:03:04.000Z,,UPLOAD,,,,LETTER,45454,0,0,,filename1.pdf,
0000723531-20-000025,2020-05-05,2020-05-01,2020-05-05T20:45:01.000Z,34,8-K,000-11330,20849621,"5.03,9.01",XBRL,388860,1,1,,payx-20200501x8k.htm,8-K
0000723531-20-000032,2020-05-19,2020-05-19,2020-05-19T13:03:31.000Z,34,8-K,000-11330,20891683,"7.01,9.01",XBRL,1525708,1,1,,payx-20200519x8k.htm,8-K
0001209191-20-033919,2020-06-03,2020-06-02,2020-06-03T19:59:23.000Z,,4,,,,4,5226,0,0,,xslF345X03/doc4.xml,FORM 4 SUBMISSION
0000723531-20-000036,2020-06-12,2019-12-31,2020-06-12T20:02:04.000Z,34,11-K,000-11330,20960214,,11-K,457771,0,0,,payx-20191231x11k.htm,11-K
0000723531-20-000045,2020-07-07,2020-07-07,2020-07-07T14:02:16.000Z,34,8-K,000-11330,201015438,"2.02,9.01",XBRL,1037472,1,1,,payx-20200707x8k.htm,8-K
0001209191-20-042348,2020-07-14,2020-07-10,2020-07-14T19:49:02.000Z,,4,,,,4,21971,0,0,,xslF345X03/doc4.xml,FORM 4 SUBMISSION
0001209191-20-042349,2020-07-14,2020-07-10,2020-07-14T19:51:01.000Z,,4,,,,4,20692,0,0,,xslF345X03/doc4.xml,FORM 4 SUBMISSION
0001209191-20-042350,2020-07-14,2020-07-10,2020-07-14T19:52:14.000Z,,4,,,,4,16601,0,0,,xslF345X03/doc4.xml,FORM 4 SUBMISSION
0001209191-20-042351,2020-07-14,2020-07-10,2020-07-14T19:54:13.000Z,,4,,,,4,48302,0,0,,xslF345X03/doc4.xml,FORM 4 SUBMISSION
0001209191-20-042352,2020-07-14,2020-07-10,2020-07-14T19:55:24.000Z,,4,,,,4,22612,0,0,,xslF345X03/doc4.xml,FORM 4 SUBMISSION
0001209191-20-042353,2020-07-14,2020-07-10,2020-07-14T19:56:40.000Z,,4,,,,4,6719,0,0,,xslF345X03/doc4.xml,FORM 4 SUBMISSION
0001209191-20-042354,2020-07-14,2020-07-10,2020-07-14T19:57:44.000Z,,4,,,,4,15384,0,0,,xslF345X03/doc4.xml,FORM 4 SUBMISSION
0001209191-20-042355,2020-07-14,2020-07-10,2020-07-14T19:59:10.000Z,,4,,,,4,22223,0,0,,xslF345X03/doc4.xml,FORM 4 SUBMISSION
0001209191-20-042761,2020-07-17,2020-07-15,2020-07-17T19:55:20.000Z,,4,,,,4,13291,0,0,,xslF345X03/doc4.xml,FORM 4 SUBMISSION
0001209191-20-042762,2020-07-17,2020-07-15,2020-07-17T19:57:31.000Z,,4,,,,4,14045,0,0,,xslF345X03/doc4.xml,FORM 4 SUBMISSION
0001209191-20-042763,2020-07-17,2020-07-15,2020-07-17T19:58:47.000Z,,4,,,,4,15823,0,0,,xslF345X03/doc4.xml,FORM 4 SUBMISSION
0001209191-20-042767,2020-07-17,2020-07-15,2020-07-17T20:00:13.000Z,,4,,,,4,9377,0,0,,xslF345X03/doc4.xml,FORM 4 SUBMISSION
0001209191-20-042773,2020-07-17,2020-07-15,2020-07-17T20:01:22.000Z,,4,,,,4,17665,0,0,,xslF345X03/doc4.xml,FORM 4 SUBMISSION
0001209191-20-042774,2020-07-17,2020-07-15,2020-07-17T20:02:29.000Z,,4,,,,4,17543,0,0,,xslF345X03/doc4.xml,FORM 4 SUBMISSION
0001209191-20-042778,2020-07-17,2020-07-15,2020-07-17T20:03:44.000Z,,4,,,,4,10454,0,0,,xslF345X03/doc4.xml,FORM 4 SUBMISSION
0001209191-20-042784,2020-07-17,2020-07-15,2020-07-17T20:05:53.000Z,,4,,,,4,27634,0,0,,xslF345X03/doc4.xml,FORM 4 SUBMISSION
0001209191-20-042787,2020-07-17,2020-07-15,2020-07-17T20:07:01.000Z,,4,,,,4,18416,0,0,,xslF345X03/doc4.xml,FORM 4 SUBMISSION
0001209191-20-042790,2020-07-17,2020-07-15,2020-07-17T20:08:14.000Z,,4,,,,4,16542,0,0,,xslF345X03/doc4.xml,FORM 4 SUBMISSION
0001209191-20-042794,2020-07-17,2020-07-15,2020-07-17T20:09:44.000Z,,4,,,,4,14109,0,0,,xslF345X03/doc4.xml,FORM 4 SUBMISSION
0001209191-20-042797,2020-07-17,2020-07-15,2020-07-17T20:11:34.000Z,,4,,,,4,21552,0,0,,xslF345X03/doc4.xml,FORM 4 SUBMISSION
0001209191-20-042800,2020-07-17,2020-07-15,2020-07-17T20:12:53.000Z,,4,,,,4,20120,0,0,,xslF345X03/doc4.xml,FORM 4 SUBMISSION
0001209191-20-042804,2020-07-17,2020-07-15,2020-07-17T20:14:12.000Z,,4,,,,4,8752,0,0,,xslF345X03/doc4.xml,FORM 4 SUBMISSION
0001209191-20-042810,2020-07-17,2020-07-15,2020-07-17T20:15:28.000Z,,4,,,,4,12892,0,0,,xslF345X03/doc4.xml,FORM 4 SUBMISSION
0000723531-20-000048,2020-07-17,2020-05-31,2020-07-17T20:53:00.000Z,34,10-K,000-11330,201034219,,XBRL,28546964,1,1,,payx-20200531x10k.htm,10-K
0001209191-20-045068,2020-08-05,2020-08-04,2020-08-05T19:53:50.000Z,,4,,,,4,12952,0,0,,xslF345X03/doc4.xml,FORM 4 SUBMISSION
0001209191-20-045917,2020-08-10,2020-08-01,2020-08-10T19:56:27.000Z,,4,,,,4,9383,0,0,,xslF345X03/doc4.xml,FORM 4 SUBMISSION
0001209191-20-048060,2020-08-24,2020-08-21,2020-08-24T19:50:07.000Z,,4,,,,4,16497,0,0,,xslF345X03/doc4.xml,FORM 4 SUBMISSION
0001193125-20-239834,2020-09-04,2020-10-15,2020-09-04T16:11:58.000Z,34,DEF 14A,000-11330,201161287,,DEF 14A,4386450,0,0,,d941007ddef14a.htm,DEF 14A
0001193125-20-239839,2020-09-04,,2020-09-04T16:14:59.000Z,34,DEFA14A,000-11330,201161294,,DEFA14A,69049,0,0,,d941007ddefa14a.htm,DEFA14A
0001209191-20-049953,2020-09-10,2020-09-08,2020-09-10T19:44:44.000Z,,4,,,,4,5227,0,0,,xslF345X03/doc4.xml,FORM 4 SUBMISSION
0000723531-20-000053,2020-10-06,2020-10-06,2020-10-06T12:56:12.000Z,34,8-K,000-11330,201225655,"2.02,9.01",XBRL,958369,1,1,,payx-20201006x8k.htm,8-K
0001209191-20-054276,2020-10-08,2020-10-08,2020-10-08T19:59:10.000Z,,4,,,,4,17872,0,0,,xslF345X03/doc4.xml,FORM 4 SUBMISSION
0001209191-20-054451,2020-10-09,2020-10-08,2020-10-09T20:25:14.000Z,,4,,,,4,21448,0,0,,xslF345X03/doc4.xml,FORM 4 SUBMISSION
0000723531-20-000059,2020-10-09,2020-08-31,2020-10-09T20:46:37.000Z,34,10-Q,000-11330,201233706,,XBRL,11140913,1,1,,payx-20200831x10q.htm,10-Q
0001209191-20-054617,2020-10-13,2020-10-12,2020-10-13T20:00:08.000Z,,4,,,,4,19740,0,0,,xslF345X03/doc4.xml,FORM 4 SUBMISSION
0000723531-20-000065,2020-10-16,2020-10-15,2020-10-16T20:51:11.000Z,34,8-K,000-11330,201244459,"5.07,9.01",XBRL,339023,1,1,,payx-20201015x8k.htm,8-K
0001209191-20-055253,2020-10-19,2020-10-16,2020-10-19T20:03:17.000Z,,4,,,,4,22229,0,0,,xslF345X03/doc4.xml,FORM 4 SUBMISSION
0001209191-20-055557,2020-10-22,2020-10-22,2020-10-22T19:57:44.000Z,,4,,,,4,24243,0,0,,xslF345X03/doc4.xml,FORM 4 SUBMISSION
0001209191-20-055911,2020-10-27,2020-10-26,2020-10-27T20:12:01.000Z,,4,,,,4,19737,0,0,,xslF345X03/doc4.xml,FORM 4 SUBMISSION
0001209191-20-055913,2020-10-27,2020-10-26,2020-10-27T20:13:14.000Z,,4,,,,4,12952,0,0,,xslF345X03/doc4.xml,FORM 4 SUBMISSION
0001209191-20-057435,2020-11-09,2020-11-09,2020-11-09T21:06:18.000Z,,4,,,,4,21831,0,0,,xslF345X03/doc4.xml,FORM 4 SUBMISSION
0001209191-20-057606,2020-11-10,2020-11-10,2020-11-10T21:08:12.000Z,,4,,,,4,19739,0,0,,xslF345X03/doc4.xml,FORM 4 SUBMISSION
0001209191-20-057884,2020-11-12,2020-11-11,2020-11-12T19:46:00.000Z,,4,,,,4,13705,0,0,,xslF345X03/doc4.xml,FORM 4 SUBMISSION
0001209191-20-058264,2020-11-13,2020-11-12,2020-11-13T20:55:59.000Z,,4,,,,4,25872,0,0,,xslF345X03/doc4.xml,FORM 4 SUBMISSION
0001209191-20-058447,2020-11-16,2020-11-16,2020-11-16T20:53:08.000Z,,4,,,,4,17871,0,0,,xslF345X03/doc4.xml,FORM 4 SUBMISSION
0001209191-20-059034,2020-11-18,2020-11-18,2020-11-18T20:54:10.000Z,,4,,,,4,18531,0,0,,xslF345X03/doc4.xml,FORM 4 SUBMISSION
0001209191-20-060734,2020-11-30,2020-11-25,2020-11-30T21:20:39.000Z,,4,,,,4,5227,0,0,,xslF345X03/doc4.xml,FORM 4 SUBMISSION
0000723531-20-000071,2020-12-23,2020-12-23,2020-12-23T13:47:33.000Z,34,8-K,000-11330,201409871,"2.02,9.01",XBRL,1114321,1,1,,payx-20201223x8k.htm,8-K
0000723531-20-000075,2020-12-23,2020-11-30,2020-12-23T21:28:07.000Z,34,10-Q,000-11330,201412638,,XBRL,13414512,1,1,,payx-20201130x10q.htm,10-Q
0001209191-20-065164,2020-12-28,2020-12-28,2020-12-28T20:49:38.000Z,,4,,,,4,7600,0,0,,xslF345X03/doc4.xml,FORM 4 SUBMISSION
0000723531-21-000003,2021-01-25,,2021-01-25T21:31:02.000Z,34,SC 13G/A,005-34746,21549958,,SC 13G/A,83889,0,0,,payx-20210125formsc13ga.htm,SCHEDULE 13G/A
0000834237-21-004754,2021-01-29,,2021-01-29T22:22:54.000Z,34,SC 13G/A,005-34746,21572674,,SC 13G/A,13615,0,0,,us7043261079_012921.txt,
0001209191-21-006708,2021-02-02,2021-02-02,2021-02-02T20:54:32.000Z,,4,,,,4,18251,0,0,,xslF345X03/doc4.xml,FORM 4 SUBMISSION
0001104659-21-018832,2021-02-10,,2021-02-10T16:40:08.000Z,34,SC 13G/A,005-34746,21611666,,SC 13G/A,13796,0,0,,tv01582-paychexinc.htm,SCHEDULE 13G/A
0000723531-21-000006,2021-02-23,2021-02-23,2021-02-23T21:58:52.000Z,34,8-K,000-11330,21666501,"1.01,9.01",XBRL,272762,1,1,,payx-20210223x8k.htm,8-K
0001209191-21-014673,2021-02-26,2021-02-26,2021-02-26T20:58:29.000Z,,4,,,,4,21406,0,0,,xslF345X03/doc4.xml,FORM 4 SUBMISSION
0001209191-21-021748,2021-03-18,2021-03-16,2021-03-18T20:08:28.000Z,,4,,,,4,5226,0,0,,xslF345X03/doc4.xml,FORM 4 SUBMISSION
0000723531-21-000011,2021-04-06,2021-04-06,2021-04-06T12:53:17.000Z,34,8-K,000-11330,21808213,"2.02,9.01",XBRL,1004751,1,1,,payx-20210406x8k.htm,8-K
0000723531-21-000016,2021-04-07,2021-02-28,2021-04-07T20:44:39.000Z,34,10-Q,000-11330,21812634,,XBRL,13743261,1,1,,payx-20210228x10q.htm,10-Q
0001209191-21-026632,2021-04-14,2021-04-12,2021-04-14T19:56:21.000Z,,4,,,,4,27692,0,0,,xslF345X03/doc4.xml,FORM 4 SUBMISSION
0001209191-21-026927,2021-04-16,2021-04-12,2021-04-16T18:48:11.000Z,,3,,,,3,7890,0,0,,xslF345X02/doc3.xml,FORM 3 SUBMISSION
0001209191-21-026928,2021-04-16,2021-04-15,2021-04-16T18:51:47.000Z,,4,,,,4,19016,0,0,,xslF345X03/doc4.xml,FORM 4 SUBMISSION
0001209191-21-029818,2021-05-04,2021-05-04,2021-05-04T19:56:50.000Z,,4,,,,4,11840,0,0,,xslF345X03/doc4.xml,FORM 4 SUBMISSION
0001209191-21-030595,2021-05-06,2021-05-06,2021-05-06T19:57:50.000Z,,4,,,,4,23143,0,0,,xslF345X03/doc4.xml,FORM 4 SUBMISSION
0001209191-21-036791,2021-06-01,2021-05-28,2021-06-01T19:50:15.000Z,,4,,,,4,5227,0,0,,xslF345X03/doc4.xml,FORM 4 SUBMISSION
0000723531-21-000019,2021-06-08,2020-12-31,2021-06-08T20:18:34.000Z,34,11-K,000-11330,211002375,,11-K,463719,0,0,,payx-20201231x11k.htm,11-K
0000723531-21-000027,2021-06-25,2021-06-25,2021-06-25T13:31:59.000Z,34,8-K,000-11330,211044927,"2.02,9.01",XBRL,1061731,1,1,,payx-20210625x8k.htm,8-K
0000723531-21-000031,2021-07-08,2021-07-07,2021-07-08T13:26:54.000Z,34,8-K,000-11330,211079115,"5.02,8.01",XBRL,514175,1,1,,payx-20210707x8k.htm,8-K
0001209191-21-046279,2021-07-12,2021-07-09,2021-07-12T19:50:55.000Z,,4,,,,4,15179,0,0,,xslF345X03/doc4.xml,FORM 4 SUBMISSION
0001209191-21-046280,2021-07-12,2021-07-09,2021-07-12T19:52:06.000Z,,4,,,,4,8365,0,0,,xslF345X03/doc4.xml,FORM 4 SUBMISSION
0001209191-21-046281,2021-07-12,2021-04-20,2021-07-12T19:54:52.000Z,,4,,,,4,13620,0,0,,xslF345X03/doc4.xml,FORM 4 SUBMISSION
0001209191-21-046282,2021-07-12,2021-07-09,2021-07-12T19:56:10.000Z,,4,,,,4,17590,0,0,,xslF345X03/doc4.xml,FORM 4 SUBMISSION
0001209191-21-046283,2021-07-12,2020-11-10,2021-07-12T19:57:47.000Z,,4,,,,4,9994,0,0,,xslF345X03/doc4.xml,FORM 4 SUBMISSION
0001209191-21-046285,2021-07-12,2021-07-09,2021-07-12T19:59:00.000Z,,4,,,,4,13152,0,0,,xslF345X03/doc4.xml,FORM 4 SUBMISSION
0001209191-21-046286,2021-07-12,2021-07-09,2021-07-12T20:00:29.000Z,,4,,,,4,7926,0,0,,xslF345X03/doc4.xml,FORM 4 SUBMISSION
0000723531-21-000035,2021-07-16,2021-05-31,2021-07-16T20:25:18.000Z,34,10-K,000-11330,211095722,,XBRL,25079212,1,1,,payx-20210531x10k.htm,10-K
0001209191-21-047128,2021-07-19,2021-07-15,2021-07-19T19:43:38.000Z,,4,,,,4,14498,0,0,,xslF345X03/doc4.xml,FORM 4 SUBMISSION
0001209191-21-047129,2021-07-19,2021-07-15,2021-07-19T19:45:21.000Z,,4,,,,4,12376,0,0,,xslF345X03/doc4.xml,FORM 4 SUBMISSION
0001209191-21-047130,2021-07-19,2021-07-15,2021-07-19T19:47:21.000Z,,4,,,,4,20544,0,0,,xslF345X03/doc4.xml,FORM 4 SUBMISSION
0001209191-21-047131,2021-07-19,2021-07-15,2021-07-19T19:48:43.000Z,,4,,,,4,10582,0,0,,xslF345X03/doc4.xml,FORM 4 SUBMISSION
0001209191-21-047132,2021-07-19,2021-07-08,2021-07-19T19:49:59.000Z,,3,,,,3,8835,0,0,,xslF345X02/doc3.xml,FORM 3 SUBMISSION
0001209191-21-047133,2021-07-19,2021-07-15,2021-07-19T19:51:57.000Z,,4,,,,4,16458,0,0,,xslF345X03/doc4.xml,FORM 4 SUBMISSION
0001209191-21-047135,2021-07-19,2021-07-15,2021-07-19T19:53:23.000Z,,4,,,,4,17542,0,0,,xslF345X03/doc4.xml,FORM 4 SUBMISSION
0001209191-21-047136,2021-07-19,2021-07-15,2021-07-19T19:55:14.000Z,,4,,,,4,11659,0,0,,xslF345X03/doc4.xml,FORM 4 SUBMISSION
0001209191-21-047137,2021-07-19,2021-07-15,2021-07-19T20:00:42.000Z,,4,,,,4,20696,0,0,,xslF345X03/doc4.xml,FORM 4 SUBMISSION
0001209191-21-047138,2021-07-19,2021-07-15,2021-07-19T20:01:53.000Z,,4,,,,4,13984,0,0,,xslF345X03/doc4.xml,FORM 4 SUBMISSION
0001209191-21-047140,2021-07-19,2021-07-15,2021-07-19T20:03:02.000Z,,4,,,,4,17593,0,0,,xslF345X03/doc4.xml,FORM 4 SUBMISSION
0001209191-21-047141,2021-07-19,2021-07-15,2021-07-19T20:04:49.000Z,,4,,,,4,6898,0,0,,xslF345X03/doc4.xml,FORM 4 SUBMISSION
0001209191-21-047142,2021-07-19,2021-07-15,2021-07-19T20:06:22.000Z,,4,,,,4,31126,0,0,,xslF345X03/doc4.xml,FORM 4 SUBMISSION
0001209191-21-047143,2021-07-19,2021-07-15,2021-07-19T20:09:09.000Z,,4,,,,4,27522,0,0,,xslF345X03/doc4.xml,FORM 4 SUBMISSION
0001209191-21-047144,2021-07-19,2021-07-15,2021-07-19T20:11:04.000Z,,4,,,,4,18770,0,0,,xslF345X03/doc4.xml,FORM 4 SUBMISSION
0001209191-21-047146,2021-07-19,2021-07-15,2021-07-19T20:12:36.000Z,,4,,,,4,13429,0,0,,xslF345X03/doc4.xml,FORM 4 SUBMISSION
0001209191-21-048373,2021-07-27,2021-07-15,2021-07-27T23:52:15.000Z,,4/A,,,,4/A,4723,0,0,,xslF345X03/doc4a.xml,FORM 4/A SUBMISSION
0001209191-21-049045,2021-08-02,2021-08-01,2021-08-02T19:56:43.000Z,,4,,,,4,9024,0,0,,xslF345X03/doc4.xml,FORM 4 SUBMISSION
0001209191-21-049049,2021-08-02,2021-07-30,2021-08-02T20:02:01.000Z,,4,,,,4,13703,0,0,,xslF345X03/doc4.xml,FORM 4 SUBMISSION
0001209191-21-049280,2021-08-03,2021-08-03,2021-08-03T20:07:13.000Z,,4,,,,4,8807,0,0,,xslF345X03/doc4.xml,FORM 4 SUBMISSION
0001193125-21-265231,2021-09-03,2021-10-14,2021-09-03T15:27:06.000Z,34,DEF 14A,000-11330,211235510,,DEF 14A,4846799,0,0,,d194529ddef14a.htm,DEF 14A
0001193125-21-265235,2021-09-03,,2021-09-03T15:30:57.000Z,34,DEFA14A,000-11330,211235523,,DEFA14A,160728,0,0,,d194529ddefa14a.htm,DEFA14A
0001209191-21-054688,2021-09-03,2021-08-30,2021-09-03T18:56:18.000Z,,4,,,,4,5228,0,0,,xslF345X03/doc4.xml,FORM 4 SUBMISSION
0000723531-21-000038,2021-09-20,2021-09-17,2021-09-17T21:41:25.000Z,34,8-K,000-11330,211261502,"1.01,2.03",XBRL,2915307,1,1,,payx-20210917x8k.htm,8-K
0000723531-21-000042,2021-09-24,,2021-09-24T20:09:25.000Z,34,DEFA14A,000-11330,211277362,,DEFA14A,997188,0,0,,payx-20210924xdefa14a.htm,DEFA14A
0000723531-21-000046,2021-09-30,2021-09-30,2021-09-30T12:45:10.000Z,34,8-K,000-11330,211293741,"2.02,9.01",XBRL,837819,1,1,,payx-20210930x8k.htm,8-K
0000723531-21-000050,2021-10-01,2021-08-31,2021-10-01T20:06:46.000Z,34,10-Q,000-11330,211298929,,XBRL,11613079,1,1,,payx-20210831x10q.htm,10-Q
0001209191-21-060527,2021-10-15,2021-10-15,2021-10-15T19:51:45.000Z,,4,,,,4,20063,0,0,,xslF345X03/doc4.xml,FORM 4 SUBMISSION
0001209191-21-060528,2021-10-15,2021-10-15,2021-10-15T19:55:36.000Z,,4,,,,4,12951,0,0,,xslF345X03/doc4.xml,FORM 4 SUBMISSION
0000723531-21-000053,2021-10-15,2021-10-14,2021-10-15T20:10:02.000Z,34,8-K,000-11330,211326153,"5.07,9.01",XBRL,323951,1,1,,payx-20211014x8k.htm,8-K
0000723531-21-000056,2021-11-23,2021-11-23,2021-11-23T21:56:18.000Z,34,8-K,000-11330,211439296,"5.02,9.01",XBRL,332898,1,1,,payx-20211123x8k.htm,8-K
0001209191-21-067756,2021-12-03,2021-11-30,2021-12-03T19:11:40.000Z,,4,,,,4,5228,0,0,,xslF345X03/doc4.xml,FORM 4 SUBMISSION
0001209191-21-068745,2021-12-09,2021-12-08,2021-12-09T21:10:07.000Z,,4,,,,4,16271,0,0,,xslF345X03/doc4.xml,FORM 4 SUBMISSION
0001209191-21-068748,2021-12-09,2021-12-08,2021-12-09T21:12:06.000Z,,4,,,,4,13168,0,0,,xslF345X03/doc4.xml,FORM 4 SUBMISSION
0001209191-21-068749,2021-12-09,2021-12-08,2021-12-09T21:13:47.000Z,,4,,,,4,17478,0,0,,xslF345X03/doc4.xml,FORM 4 SUBMISSION
0001209191-21-068762,2021-12-09,2021-12-08,2021-12-09T21:18:12.000Z,,4,,,,4,8341,0,0,,xslF345X03/doc4.xml,FORM 4 SUBMISSION
0000723531-21-000061,2021-12-22,2021-12-22,2021-12-22T13:37:28.000Z,34,8-K,000-11330,211511070,"2.02,9.01",XBRL,1060099,1,1,,payx-20211222x8k.htm,8-K
0000723531-21-000064,2021-12-22,2021-11-30,2021-12-22T21:21:25.000Z,34,10-Q,000-11330,211513514,,XBRL,14010443,1,1,,payx-20211130x10q.htm,10-Q
0001209191-21-071371,2021-12-28,2021-12-27,2021-12-28T20:56:47.000Z,,4,,,,4,24632,0,0,,xslF345X03/doc4.xml,FORM 4 SUBMISSION
0001209191-21-071372,2021-12-28,2021-12-27,2021-12-28T20:58:27.000Z,,4,,,,4,19738,0,0,,xslF345X03/doc4.xml,FORM 4 SUBMISSION
0000834237-22-003971,2022-02-01,,2022-01-31T22:50:00.000Z,34,SC 13G/A,005-34746,22575693,,SC 13G/A,13634,0,0,,us7043261079_013122.txt,
0000723531-22-000002,2022-02-03,,2022-02-03T21:32:04.000Z,34,SC 13G,005-34746,22588896,,SC 13G,89070,0,0,,payx-20220203sc13g.htm,SC 13G
0001104659-22-018300,2022-02-10,,2022-02-10T13:32:47.000Z,34,SC 13G/A,005-34746,22610586,,SC 13G/A,12920,0,0,,tv01631-paychexinc.htm,SCHEDULE 13G/A
0001209191-22-014583,2022-03-02,2022-03-01,2022-03-02T19:35:12.000Z,,4,,,,4,5227,0,0,,xslF345X03/doc4.xml,FORM 4 SUBMISSION
0000950170-22-004979,2022-03-30,2022-03-30,2022-03-30T12:38:05.000Z,34,8-K,000-11330,22783381,"2.02,9.01",XBRL,1348190,1,1,,payx-20220330.htm,8-K
0000950170-22-005198,2022-03-31,2022-02-28,2022-03-31T20:08:11.000Z,34,10-Q,000-11330,22792497,,XBRL,12660123,1,1,,payx-20220228.htm,10-Q
0001209191-22-022951,2022-04-05,2022-04-05,2022-04-05T19:53:47.000Z,,4,,,,4,15432,0,0,,xslF345X03/doc4.xml,FORM 4 SUBMISSION
0001209191-22-024615,2022-04-18,2022-04-15,2022-04-18T19:48:58.000Z,,4,,,,4,5958,0,0,,xslF345X03/doc4.xml,FORM 4 SUBMISSION
0001209191-22-033115,2022-06-01,2022-05-31,2022-06-01T19:45:14.000Z,,4,,,,4,5227,0,0,,xslF345X03/doc4.xml,FORM 4 SUBMISSION
0000950170-22-011339,2022-06-08,2021-12-31,2022-06-08T20:50:41.000Z,34,11-K,000-11330,221004041,,11-K,688235,0,0,,payx_12-31-2021_form_11-.htm,11-K
0000950170-22-012296,2022-06-29,2022-06-29,2022-06-29T12:34:51.000Z,34,8-K,000-11330,221051925,"2.02,9.01",XBRL,1431628,1,1,,payx-20220629.htm,8-K
0001209191-22-041033,2022-07-06,2022-07-05,2022-07-06T19:56:48.000Z,,4,,,,4,19017,0,0,,xslF345X03/doc4.xml,FORM 4 SUBMISSION
0001209191-22-041513,2022-07-07,2022-07-06,2022-07-07T21:45:54.000Z,,4,,,,4,12951,0,0,,xslF345X03/doc4.xml,FORM 4 SUBMISSION
0001209191-22-041880,2022-07-12,2022-07-08,2022-07-12T19:11:15.000Z,,4,,,,4,16386,0,0,,xslF345X03/doc4.xml,FORM 4 SUBMISSION
0001209191-22-041881,2022-07-12,2022-07-08,2022-07-12T19:12:54.000Z,,4,,,,4,14181,0,0,,xslF345X03/doc4.xml,FORM 4 SUBMISSION
0001209191-22-041882,2022-07-12,2022-07-08,2022-07-12T19:14:16.000Z,,4,,,,4,13169,0,0,,xslF345X03/doc4.xml,FORM 4 SUBMISSION
0001209191-22-041883,2022-07-12,2022-06-01,2022-07-12T19:15:05.000Z,,5,,,,5,12695,0,0,,xslF345X03/doc5.xml,FORM 5 SUBMISSION
0001209191-22-041884,2022-07-12,2022-07-08,2022-07-12T19:16:33.000Z,,4,,,,4,16382,0,0,,xslF345X03/doc4.xml,FORM 4 SUBMISSION
0001209191-22-041885,2022-07-12,2022-07-08,2022-07-12T19:17:44.000Z,,4,,,,4,8342,0,0,,xslF345X03/doc4.xml,FORM 4 SUBMISSION
0001209191-22-041886,2022-07-12,2022-07-08,2022-07-12T19:19:09.000Z,,4,,,,4,10741,0,0,,xslF345X03/doc4.xml,FORM 4 SUBMISSION
0001209191-22-041887,2022-07-12,2022-07-08,2022-07-12T19:20:20.000Z,,4,,,,4,9132,0,0,,xslF345X03/doc4.xml,FORM 4 SUBMISSION
0000950170-22-012734,2022-07-15,2022-05-31,2022-07-15T20:24:49.000Z,34,10-K,000-11330,221087179,,XBRL,22459225,1,1,,payx-20220531.htm,10-K
0001209191-22-042524,2022-07-19,2022-07-15,2022-07-19T18:46:13.000Z,,4,,,,4,20156,0,0,,xslF345X03/doc4.xml,FORM 4 SUBMISSION
0001209191-22-042525,2022-07-19,2022-07-15,2022-07-19T18:46:58.000Z,,4,,,,4,14663,0,0,,xslF345X03/doc4.xml,FORM 4 SUBMISSION
0001209191-22-042526,2022-07-19,2022-07-15,2022-07-19T18:48:06.000Z,,4,,,,4,17053,0,0,,xslF345X03/doc4.xml,FORM 4 SUBMISSION
0001209191-22-042527,2022-07-19,2022-07-15,2022-07-19T18:49:10.000Z,,4,,,,4,20154,0,0,,xslF345X03/doc4.xml,FORM 4 SUBMISSION
0001209191-22-042529,2022-07-19,2022-07-15,2022-07-19T18:50:05.000Z,,4,,,,4,21763,0,0,,xslF345X03/doc4.xml,FORM 4 SUBMISSION
0001209191-22-042530,2022-07-19,2022-07-15,2022-07-19T18:50:54.000Z,,4,,,,4,9839,0,0,,xslF345X03/doc4.xml,FORM 4 SUBMISSION
0001209191-22-042531,2022-07-19,2022-07-15,2022-07-19T18:51:57.000Z,,4,,,,4,14622,0,0,,xslF345X03/doc4.xml,FORM 4 SUBMISSION
0001209191-22-042532,2022-07-19,2022-07-15,2022-07-19T18:52:54.000Z,,4,,,,4,12897,0,0,,xslF345X03/doc4.xml,FORM 4 SUBMISSION
0001209191-22-042533,2022-07-19,2022-07-15,2022-07-19T18:53:40.000Z,,4,,,,4,14020,0,0,,xslF345X03/doc4.xml,FORM 4 SUBMISSION
0001209191-22-042535,2022-07-19,2022-07-15,2022-07-19T18:54:53.000Z,,4,,,,4,12383,0,0,,xslF345X03/doc4.xml,FORM 4 SUBMISSION
0001209191-22-042536,2022-07-19,2022-07-15,2022-07-19T18:55:46.000Z,,4,,,,4,16547,0,0,,xslF345X03/doc4.xml,FORM 4 SUBMISSION
0001209191-22-042537,2022-07-19,2022-07-15,2022-07-19T18:56:41.000Z,,4,,,,4,11793,0,0,,xslF345X03/doc4.xml,FORM 4 SUBMISSION
0001209191-22-042538,2022-07-19,2022-07-15,2022-07-19T18:57:41.000Z,,4,,,,4,8008,0,0,,xslF345X03/doc4.xml,FORM 4 SUBMISSION
0001209191-22-042539,2022-07-19,2022-07-15,2022-07-19T18:58:41.000Z,,4,,,,4,17669,0,0,,xslF345X03/doc4.xml,FORM 4 SUBMISSION
0001209191-22-042540,2022-07-19,2022-07-15,2022-07-19T18:59:31.000Z,,4,,,,4,17547,0,0,,xslF345X03/doc4.xml,FORM 4 SUBMISSION
0001209191-22-042541,2022-07-19,2022-07-15,2022-07-19T19:00:57.000Z,,4,,,,4,12870,0,0,,xslF345X03/doc4.xml,FORM 4 SUBMISSION
0001209191-22-044143,2022-08-03,2022-08-01,2022-08-03T19:33:49.000Z,,4,,,,4,10228,0,0,,xslF345X03/doc4.xml,FORM 4 SUBMISSION
0000950170-22-017720,2022-08-24,2022-08-23,2022-08-24T17:29:40.000Z,34,8-K,000-11330,221190783,5.02,XBRL,284171,1,1,,payx-20220823.htm,8-K
0001209191-22-048192,2022-08-31,2022-08-26,2022-08-31T23:57:42.000Z,,4,,,,4,20614,0,0,,xslF345X03/doc4.xml,FORM 4 SUBMISSION
0001193125-22-237057,2022-09-02,2022-10-13,2022-09-02T12:00:59.000Z,34,DEF 14A,000-11330,221223253,,DEF 14A,5217791,0,0,,d358071ddef14a.htm,DEF 14A
0001193125-22-237070,2022-09-02,,2022-09-02T12:02:54.000Z,34,DEFA14A,000-11330,221223257,,DEFA14A,136965,0,0,,d358071ddefa14a.htm,DEFA14A
0001209191-22-049069,2022-09-07,2022-08-29,2022-09-07T23:03:00.000Z,,4,,,,4,5228,0,0,,xslF345X03/doc4.xml,FORM 4 SUBMISSION
0000950170-22-018869,2022-09-27,,2022-09-27T14:31:21.000Z,34,DEFA14A,000-11330,221267790,,DEFA14A,1000141,0,0,,payx_fy2022_proxy_supple.htm,DEFA14A
0000950170-22-018938,2022-09-28,2022-09-28,2022-09-28T12:35:42.000Z,34,8-K,000-11330,221272849,"2.02,9.01",XBRL,1052278,1,1,,payx-20220928.htm,8-K
0000950170-22-019048,2022-09-29,2022-08-31,2022-09-29T20:13:19.000Z,34,10-Q,000-11330,221280695,,XBRL,12204383,1,1,,payx-20220831.htm,10-Q
0000950170-22-019059,2022-09-29,,2022-09-29T21:29:26.000Z,34,DEFA14A,000-11330,221281626,,DEFA14A,29927,0,0,,payx_fy2022_proxy_supple.htm,DEFA14A
0001209191-22-053256,2022-10-11,2022-10-07,2022-10-11T19:45:40.000Z,,4,,,,4,17077,0,0,,xslF345X03/doc4.xml,FORM 4 SUBMISSION
0000950170-22-019571,2022-10-14,2022-10-12,2022-10-14T20:03:41.000Z,34,8-K,000-11330,221311365,"5.02,5.07,9.01",XBRL,409975,1,1,,payx-20221012.htm,8-K
0001209191-22-053951,2022-10-18,2022-10-15,2022-10-18T19:54:19.000Z,,4,,,,4,12932,0,0,,xslF345X03/doc4.xml,FORM 4 SUBMISSION
0001209191-22-053952,2022-10-18,2022-10-14,2022-10-18T20:01:28.000Z,,4,,,,4,22266,0,0,,xslF345X03/doc4.xml,FORM 4 SUBMISSION
0001209191-22-054388,2022-10-24,2022-10-14,2022-10-24T19:59:48.000Z,,4,,,,4,16025,0,0,,xslF345X03/doc4.xml,FORM 4 SUBMISSION
0001209191-22-054389,2022-10-24,2022-10-20,2022-10-24T20:01:09.000Z,,4,,,,4,17478,0,0,,xslF345X03/doc4.xml,FORM 4 SUBMISSION
0001209191-22-054392,2022-10-24,2022-10-20,2022-10-24T20:04:02.000Z,,4,,,,4,8342,0,0,,xslF345X03/doc4.xml,FORM 4 SUBMISSION
0001209191-22-059168,2022-12-01,2022-11-30,2022-12-01T20:51:02.000Z,,4,,,,4,5228,0,0,,xslF345X03/doc4.xml,FORM 4 SUBMISSION
0000950170-22-026913,2022-12-22,2022-12-22,2022-12-22T13:32:31.000Z,34,8-K,000-11330,221479794,"2.02,9.01",XBRL,1312281,1,1,,payx-20221222.htm,8-K
0000950170-22-026948,2022-12-22,2022-11-30,2022-12-22T21:05:47.000Z,34,10-Q,000-11330,221482013,,XBRL,13586414,1,1,,payx-20221130.htm,10-Q
0001209191-22-062807,2022-12-28,2022-12-28,2022-12-28T20:59:57.000Z,,4,,,,4,14159,0,0,,xslF345X03/doc4.xml,FORM 4 SUBMISSION
0001209191-23-003513,2023-01-17,2023-01-13,2023-01-17T20:58:31.000Z,,4,,,,4,13197,0,0,,xslF345X03/doc4.xml,FORM 4 SUBMISSION
0000950170-23-001055,2023-01-24,2023-01-20,2023-01-24T14:09:56.000Z,34,8-K,000-11330,23546043,"5.02,9.01",XBRL,528324,1,1,,payx-20230120.htm,8-K
0001209191-23-004815,2023-01-25,2023-01-20,2023-01-25T21:07:18.000Z,,3,,,,3,7822,0,0,,xslF345X02/doc3.xml,FORM 3 SUBMISSION
0000950170-23-001689,2023-02-02,,2023-02-02T20:12:56.000Z,34,SC 13G,005-34746,23580418,,SC 13G,105618,0,0,,tg_2022_sc_13ga.htm,SC 13G
0001306550-23-007702,2023-02-03,,2023-02-03T21:27:51.000Z,34,SC 13G,005-34746,23586208,,SC 13G,13604,0,0,,us7043261079_020323.txt,
0000950170-23-001997,2023-02-07,2023-02-03,2023-02-07T21:26:50.000Z,34,8-K,000-11330,23595422,"1.01,2.03,9.01",XBRL,2863263,1,1,,payx-20230203.htm,8-K
0001104659-23-016691,2023-02-09,,2023-02-09T16:30:19.000Z,34,SC 13G/A,005-34746,23603976,,SC 13G/A,12925,0,0,,tv01635-paychexinc.htm,SCHEDULE 13G/A
0001209191-23-018438,2023-03-14,2023-03-13,2023-03-14T20:17:17.000Z,,4,,,,4,5227,0,0,,xslF345X03/doc4.xml,FORM 4 SUBMISSION
0000950170-23-010449,2023-03-29,2023-03-29,2023-03-29T12:47:05.000Z,34,8-K,000-11330,23771894,"2.02,9.01",XBRL,1373769,1,1,,payx-20230329.htm,8-K
0000950170-23-010925,2023-03-30,2023-02-28,2023-03-30T20:05:43.000Z,34,10-Q,000-11330,23780649,,XBRL,13704376,1,1,,payx-20230228.htm,10-Q
0001209191-23-024475,2023-04-17,2023-04-14,2023-04-17T19:51:42.000Z,,4,,,,4,7201,0,0,,xslF345X04/doc4.xml,FORM 4 SUBMISSION
0000950170-23-022089,2023-05-15,2023-05-15,2023-05-15T17:05:13.000Z,34,8-K,000-11330,23920420,"5.02,9.01",XBRL,334093,1,1,,payx-20230515.htm,8-K
0001209191-23-029436,2023-05-15,2023-05-15,2023-05-15T20:14:33.000Z,,3,,,,3,7291,0,0,,xslF345X02/doc3.xml,FORM 3 SUBMISSION
0001959173-23-001283,2023-05-23,,2023-05-23T17:34:19.000Z,33,144,000-11330,23947989,,144,4048,0,0,,xsl144X01/primary_doc.xml,
0001209191-23-031876,2023-05-24,2023-05-23,2023-05-24T20:06:00.000Z,,4,,,,4,19047,0,0,,xslF345X04/doc4.xml,FORM 4 SUBMISSION
0000950170-23-026825,2023-06-07,2022-12-31,2023-06-07T20:37:00.000Z,34,11-K,000-11330,23999475,,11-K,698428,0,0,,payx_12-31-2022_form_11-.htm,11-K
0001209191-23-037282,2023-06-15,2023-06-14,2023-06-15T19:51:51.000Z,,4,,,,4,5260,0,0,,xslF345X04/doc4.xml,FORM 4 SUBMISSION
0000950170-23-030544,2023-06-29,2023-06-29,2023-06-29T12:38:29.000Z,34,8-K,000-11330,231054415,"2.02,9.01",XBRL,1399131,1,1,,payx-20230629.htm,8-K
0001959173-23-002270,2023-07-06,,2023-07-06T15:13:13.000Z,33,144,000-11330,231072547,,144,4178,0,0,,xsl144X01/primary_doc.xml,
0001959173-23-002313,2023-07-10,,2023-07-10T15:51:18.000Z,33,144,000-11330,231078910,,144,4765,0,0,,xsl144X01/primary_doc.xml,
0001209191-23-041905,2023-07-10,2023-07-06,2023-07-10T19:46:52.000Z,,4,,,,4,19171,0,0,,xslF345X04/doc4.xml,FORM 4 SUBMISSION
0001209191-23-042000,2023-07-11,2023-07-10,2023-07-11T19:48:54.000Z,,4,,,,4,17818,0,0,,xslF345X04/doc4.xml,FORM 4 SUBMISSION
0001959173-23-002428,2023-07-14,,2023-07-14T14:48:35.000Z,33,144,000-11330,231088332,,144,4145,0,0,,xsl144X01/primary_doc.xml,
0000950170-23-032988,2023-07-14,2023-05-31,2023-07-14T20:02:30.000Z,34,10-K,000-11330,231089116,,XBRL,23897100,1,1,,payx-20230531.htm,10-K
0001959173-23-002444,2023-07-17,,2023-07-17T14:14:01.000Z,33,144,000-11330,231090781,,144,4690,0,0,,xsl144X01/primary_doc.xml,
0001209191-23-042382,2023-07-17,2023-07-15,2023-07-17T19:44:00.000Z,,4,,,,4,15257,0,0,,xslF345X05/doc4.xml,FORM 4 SUBMISSION
0001209191-23-042383,2023-07-17,2023-07-15,2023-07-17T19:45:12.000Z,,4,,,,4,13621,0,0,,xslF345X05/doc4.xml,FORM 4 SUBMISSION
0001209191-23-042384,2023-07-17,2023-07-15,2023-07-17T19:46:20.000Z,,4,,,,4,19232,0,0,,xslF345X05/doc4.xml,FORM 4 SUBMISSION
0001209191-23-042385,2023-07-17,2023-07-15,2023-07-17T19:47:24.000Z,,4,,,,4,13031,0,0,,xslF345X05/doc4.xml,FORM 4 SUBMISSION
0001209191-23-042386,2023-07-17,2023-07-15,2023-07-17T19:48:28.000Z,,4,,,,4,6844,0,0,,xslF345X05/doc4.xml,FORM 4 SUBMISSION
0001209191-23-042387,2023-07-17,2023-07-15,2023-07-17T19:49:30.000Z,,4,,,,4,9245,0,0,,xslF345X05/doc4.xml,FORM 4 SUBMISSION
0001209191-23-042388,2023-07-17,2023-07-15,2023-07-17T19:50:34.000Z,,4,,,,4,16494,0,0,,xslF345X05/doc4.xml,FORM 4 SUBMISSION
0001209191-23-042389,2023-07-17,2023-07-15,2023-07-17T19:51:37.000Z,,4,,,,4,17578,0,0,,xslF345X05/doc4.xml,FORM 4 SUBMISSION
0001209191-23-042390,2023-07-17,2023-07-15,2023-07-17T19:52:53.000Z,,4,,,,4,14107,0,0,,xslF345X05/doc4.xml,FORM 4 SUBMISSION
0001209191-23-042391,2023-07-17,2023-07-14,2023-07-17T19:54:29.000Z,,4,,,,4,23256,0,0,,xslF345X05/doc4.xml,FORM 4 SUBMISSION
0001209191-23-042392,2023-07-17,2023-07-14,2023-07-17T19:55:52.000Z,,4,,,,4,27242,0,0,,xslF345X05/doc4.xml,FORM 4 SUBMISSION
0001209191-23-042394,2023-07-17,2023-07-14,2023-07-17T19:57:07.000Z,,4,,,,4,16014,0,0,,xslF345X05/doc4.xml,FORM 4 SUBMISSION
0001209191-23-042533,2023-07-18,2023-07-15,2023-07-18T18:48:51.000Z,,4,,,,4,6909,0,0,,xslF345X05/doc4.xml,FORM 4 SUBMISSION
0001209191-23-042534,2023-07-18,2023-07-14,2023-07-18T18:49:51.000Z,,4,,,,4,12841,0,0,,xslF345X05/doc4.xml,FORM 4 SUBMISSION
0001209191-23-042535,2023-07-18,2023-07-14,2023-07-18T18:50:48.000Z,,4,,,,4,20607,0,0,,xslF345X05/doc4.xml,FORM 4 SUBMISSION
0001209191-23-042536,2023-07-18,2023-07-14,2023-07-18T18:52:21.000Z,,4,,,,4,18876,0,0,,xslF345X05/doc4.xml,FORM 4 SUBMISSION
0001209191-23-042537,2023-07-18,2023-07-14,2023-07-18T18:53:29.000Z,,4,,,,4,19536,0,0,,xslF345X05/doc4.xml,FORM 4 SUBMISSION
0001209191-23-042538,2023-07-18,2023-07-14,2023-07-18T18:54:37.000Z,,4,,,,4,17625,0,0,,xslF345X05/doc4.xml,FORM 4 SUBMISSION
0001209191-23-043797,2023-07-31,2023-07-28,2023-07-31T19:39:39.000Z,,4,,,,4,17405,0,0,,xslF345X05/doc4.xml,FORM 4 SUBMISSION
0001959173-23-002740,2023-08-01,,2023-08-01T15:51:31.000Z,33,144,000-11330,231130369,,144,4686,0,0,,xsl144X01/primary_doc.xml,
0001969223-23-000234,2023-08-01,,2023-08-01T21:06:19.000Z,33,144,000-11330,231132691,,144,9001,0,0,,xsl144X01/primary_doc.xml,
0001209191-23-044172,2023-08-02,2023-08-01,2023-08-02T19:49:39.000Z,,4,,,,4,11466,0,0,,xslF345X05/doc4.xml,FORM 4 SUBMISSION
0001209191-23-044173,2023-08-02,2023-08-01,2023-08-02T19:52:27.000Z,,4,,,,4,23409,0,0,,xslF345X05/doc4.xml,FORM 4 SUBMISSION
0001209191-23-045150,2023-08-09,2023-08-07,2023-08-09T19:53:46.000Z,,4,,,,4,12737,0,0,,xslF345X05/doc4.xml,FORM 4 SUBMISSION
0001209191-23-047502,2023-08-28,2023-08-28,2023-08-28T20:09:46.000Z,,4,,,,4,5259,0,0,,xslF345X05/doc4.xml,FORM 4 SUBMISSION
0001193125-23-226898,2023-09-01,2023-10-12,2023-09-01T12:01:10.000Z,34,DEF 14A,000-11330,231230653,,XBRL,9813757,1,1,,d474083ddef14a.htm,DEF 14A
0001193125-23-226900,2023-09-01,,2023-09-01T12:02:58.000Z,34,DEFA14A,000-11330,231230656,,DEFA14A,369409,0,0,,d474083ddefa14a.htm,DEFA14A
0001193125-23-226901,2023-09-01,2023-05-31,2023-09-01T12:03:58.000Z,34,ARS,000-11330,231230657,,ARS,2560292,0,0,,d474043dars.pdf,ARS
0000950170-23-046398,2023-09-05,2023-09-05,2023-09-05T20:16:37.000Z,34,8-K,000-11330,231235967,"5.02,9.01",XBRL,280655,1,1,,payx-20230905.htm,8-K
0000950170-23-047262,2023-09-08,2023-09-08,2023-09-08T20:05:43.000Z,34,8-K,000-11330,231245329,"5.02,9.01",XBRL,172746,1,1,,payx-20230908.htm,8-K
0000950170-23-050045,2023-09-27,2023-09-27,2023-09-27T12:38:30.000Z,34,8-K,000-11330,231281925,"2.02,9.01",XBRL,913925,1,1,,payx-20230927.htm,8-K
0000950170-23-050438,2023-09-28,2023-08-31,2023-09-28T20:07:01.000Z,34,10-Q,000-11330,231289593,,XBRL,10741742,1,1,,payx-20230831.htm,10-Q
0000950170-23-052380,2023-10-06,2023-10-06,2023-10-06T19:21:05.000Z,34,8-K,000-11330,231314076,"7.01,9.01",XBRL,5685259,1,1,,payx-20231006.htm,8-K
0001959173-23-004256,2023-10-06,,2023-10-06T19:31:20.000Z,33,144,000-11330,231314103,,144,4750,0,0,,xsl144X01/primary_doc.xml,
0001209191-23-052525,2023-10-10,2023-10-06,2023-10-10T20:20:00.000Z,,4,,,,4,17873,0,0,,xslF345X05/doc4.xml,FORM 4 SUBMISSION
0000950170-23-053313,2023-10-13,2023-10-12,2023-10-13T20:19:57.000Z,34,8-K,000-11330,231325276,"5.07,9.01",XBRL,290879,1,1,,payx-20231012.htm,8-K
0001209191-23-052937,2023-10-17,2023-10-15,2023-10-17T19:57:42.000Z,,4,,,,4,8140,0,0,,xslF345X05/doc4.xml,FORM 4 SUBMISSION
0001209191-23-052938,2023-10-17,2023-10-15,2023-10-17T19:59:01.000Z,,4,,,,4,13635,0,0,,xslF345X05/doc4.xml,FORM 4 SUBMISSION
0001209191-23-052939,2023-10-17,2023-10-13,2023-10-17T20:01:27.000Z,,3,,,,3,10948,0,0,,xslF345X02/doc3.xml,FORM 3 SUBMISSION
0001209191-23-052941,2023-10-17,2023-10-13,2023-10-17T20:03:15.000Z,,4,,,,4,14437,0,0,,xslF345X05/doc4.xml,FORM 4 SUBMISSION
0001209191-23-053322,2023-10-23,2023-10-19,2023-10-23T19:56:17.000Z,,4,,,,4,19396,0,0,,xslF345X05/doc4.xml,FORM 4 SUBMISSION
0001209191-23-053323,2023-10-23,2023-10-19,2023-10-23T19:58:09.000Z,,4,,,,4,14406,0,0,,xslF345X05/doc4.xml,FORM 4 SUBMISSION
0001209191-23-053324,2023-10-23,2023-10-19,2023-10-23T19:59:50.000Z,,4,,,,4,17487,0,0,,xslF345X05/doc4.xml,FORM 4 SUBMISSION
0001209191-23-056721,2023-11-27,2023-11-27,2023-11-27T23:30:35.000Z,,4,,,,4,19198,0,0,,xslF345X05/doc4.xml,FORM 4 SUBMISSION
0001209191-23-057628,2023-12-06,2023-12-06,2023-12-06T21:48:24.000Z,,4,,,,4,5259,0,0,,xslF345X05/doc4.xml,FORM 4 SUBMISSION
0000950170-23-072066,2023-12-21,2023-12-21,2023-12-21T13:48:08.000Z,34,8-K,000-11330,231502917,"2.02,9.01",XBRL,925139,1,1,,payx-20231221.htm,8-K
0000950170-23-072195,2023-12-21,2023-11-30,2023-12-21T21:05:09.000Z,34,10-Q,000-11330,231505294,,XBRL,9946095,1,1,,payx-20231130.htm,10-Q
0001959173-23-005742,2023-12-28,,2023-12-28T21:19:16.000Z,33,144,000-11330,231522916,,144,5321,0,0,,xsl144X01/primary_doc.xml,
0001209191-23-059989,2023-12-29,2023-12-28,2023-12-29T21:13:04.000Z,,4,,,,4,27922,0,0,,xslF345X05/doc4.xml,FORM 4 SUBMISSION
0001209191-24-001611,2024-01-16,2024-01-12,2024-01-16T20:55:17.000Z,,4,,,,4,14515,0,0,,xslF345X05/doc4.xml,FORM 4 SUBMISSION
0000950170-24-005590,2024-01-19,2024-01-19,2024-01-19T14:16:40.000Z,34,8-K,000-11330,24543938,"8.01,9.01",XBRL,248261,1,1,,payx-20240119.htm,8-K
0000950170-24-007357,2024-01-25,,2024-01-25T20:33:12.000Z,34,SC 13G,005-34746,24561859,,SC 13G,76782,0,0,,tg_2023_sc_13ga.htm,SC 13G
0001086364-24-004317,2024-01-26,,2024-01-26T16:49:41.000Z,34,SC 13G/A,005-34746,24565809,,SC 13G/A,13840,0,0,,us7043261079_012624.txt,
0001959173-24-000481,2024-01-29,,2024-01-29T17:43:00.000Z,33,144,000-11330,24572180,,144,4254,0,0,,xsl144X01/primary_doc.xml,
0000950170-24-009367,2024-01-31,2024-01-29,2024-01-31T21:00:12.000Z,,4,,,,4,21338,0,0,,xslF345X05/ownership.xml,4
0001959173-24-000769,2024-02-07,,2024-02-07T19:28:57.000Z,33,144,000-11330,24603805,,144,4241,0,0,,xsl144X01/primary_doc.xml,
0000950170-24-012746,2024-02-08,2024-02-07,2024-02-08T21:00:06.000Z,,4,,,,4,16174,0,0,,xslF345X05/ownership.xml,4
0001422848-24-000168,2024-02-09,,2024-02-09T23:05:54.000Z,34,SC 13G,005-34746,24616660,,SC 13G,18412,0,0,,SEC13G_Filing.htm,SEC SCHEDULE 13G
0001104659-24-021677,2024-02-13,,2024-02-13T22:12:03.000Z,34,SC 13G/A,005-34746,24629198,,SC 13G/A,13009,0,0,,tv01663-paychexinc.htm,SCHEDULE 13G/A
0000950170-24-027110,2024-03-06,2024-03-05,2024-03-06T21:00:06.000Z,,4,,,,4,5113,0,0,,xslF345X05/ownership.xml,4
0000950170-24-028607,2024-03-08,2022-11-23,2024-03-08T21:00:09.000Z,,4,,,,4,28583,0,0,,xslF345X05/ownership.xml,4
0000950170-24-031432,2024-03-14,2024-03-11,2024-03-14T20:00:10.000Z,,3,,,,3,20804,0,0,,xslF345X02/ownership.xml,3
0000950170-24-039769,2024-04-02,2024-04-02,2024-04-02T12:49:23.000Z,34,8-K,000-11330,24812336,"2.02,9.01",XBRL,926658,1,1,,payx-20240402.htm,8-K
0000950170-24-040129,2024-04-02,2024-02-29,2024-04-02T20:03:41.000Z,34,10-Q,000-11330,24814095,,XBRL,10006750,1,1,,payx-20240229.htm,10-Q
0000950170-24-044821,2024-04-16,2024-04-12,2024-04-16T20:41:47.000Z,34,8-K,000-11330,24848345,"1.01,2.03,9.01",XBRL,4058207,1,1,,payx-20240412.htm,8-K
0000950170-24-045085,2024-04-17,2024-04-15,2024-04-17T20:00:08.000Z,,4,,,,4,6605,0,0,,xslF345X05/ownership.xml,4
0000950170-24-045525,2024-04-18,2024-04-15,2024-04-18T20:00:06.000Z,,3,,,,3,21662,0,0,,xslF345X02/ownership.xml,3
0001959173-24-003664,2024-05-17,,2024-05-17T16:57:16.000Z,33,144,000-11330,24958667,,144,4131,0,0,,xsl144X01/primary_doc.xml,
0000950170-24-061607,2024-05-17,2024-05-16,2024-05-17T20:03:09.000Z,34,8-K,000-11330,24959475,"5.02,9.01",XBRL,146743,1,1,,payx-20240516.htm,8-K
0000950170-24-062360,2024-05-20,2024-05-17,2024-05-20T20:00:07.000Z,,4,,,,4,18581,0,0,,xslF345X05/ownership.xml,4
0001959173-24-003871,2024-05-24,,2024-05-24T17:22:34.000Z,33,144,000-11330,24983008,,144,4784,0,0,,xsl144X01/primary_doc.xml,
0000950170-24-065164,2024-05-28,2024-05-24,2024-05-28T20:00:05.000Z,,4,,,,4,22004,0,0,,xslF345X05/ownership.xml,4
0000950170-24-067286,2024-05-31,2024-05-29,2024-05-31T20:00:04.000Z,,4,,,,4,14498,0,0,,xslF345X05/ownership.xml,4
0000950170-24-068630,2024-06-04,2024-05-31,2024-06-04T20:00:03.000Z,,4,,,,4,5115,0,0,,xslF345X05/ownership.xml,4
0000950170-24-069851,2024-06-06,2024-05-30,2024-06-06T20:00:05.000Z,,3,,,,3,20709,0,0,,xslF345X02/ownership.xml,3
0000950170-24-071265,2024-06-10,2023-12-31,2024-06-10T20:01:19.000Z,34,11-K,000-11330,241032592,,11-K,474982,0,0,,payx_12-31-2023_form_11-.htm,11-K
0000950170-24-074230,2024-06-17,2024-06-12,2024-06-17T20:04:18.000Z,34,8-K,000-11330,241048168,"5.02,9.01",XBRL,146635,1,1,,payx-20240612.htm,8-K
0000950170-24-077622,2024-06-26,2024-06-26,2024-06-26T12:35:34.000Z,34,8-K,000-11330,241070708,"2.02,9.01",XBRL,1056866,1,1,,payx-20240626.htm,8-K
0001959173-24-004697,2024-07-01,,2024-07-01T20:14:10.000Z,33,144,000-11330,241090744,,144,4241,0,0,,xsl144X01/primary_doc.xml,
0001959173-24-004717,2024-07-02,,2024-07-02T15:23:33.000Z,33,144,000-11330,241093454,,144,4825,0,0,,xsl144X01/primary_doc.xml,
0001959173-24-004722,2024-07-02,,2024-07-02T17:35:10.000Z,33,144,000-11330,241094094,,144,4826,0,0,,xsl144X01/primary_doc.xml,
0000950170-24-081473,2024-07-03,2024-05-31,2024-07-03T20:00:04.000Z,,5,,,,5,17266,0,0,,xslF345X05/ownership.xml,5
0000950170-24-081474,2024-07-03,2024-05-31,2024-07-03T20:00:06.000Z,,5,,,,5,11741,0,0,,xslF345X05/ownership.xml,5
0000950170-24-081476,2024-07-03,2024-07-01,2024-07-03T20:00:09.000Z,,4,,,,4,28893,0,0,,xslF345X05/ownership.xml,4
0000950170-24-082958,2024-07-11,2024-05-31,2024-07-11T20:03:59.000Z,34,10-K,000-11330,241112081,,XBRL,18323751,1,1,,payx-20240531.htm,10-K
0001959173-24-004896,2024-07-15,,2024-07-15T16:20:11.000Z,33,144,000-11330,241116525,,144,7028,0,0,,xsl144X01/primary_doc.xml,
0000950170-24-084227,2024-07-17,2024-07-15,2024-07-17T20:00:03.000Z,,4,,,,4,22237,0,0,,xslF345X05/ownership.xml,4
0000950170-24-084234,2024-07-17,2024-07-15,2024-07-17T20:00:04.000Z,,4,,,,4,17392,0,0,,xslF345X05/ownership.xml,4
0000950170-24-084228,2024-07-17,2024-07-15,2024-07-17T20:00:05.000Z,,4,,,,4,10597,0,0,,xslF345X05/ownership.xml,4
0000950170-24-084244,2024-07-17,2024-07-15,2024-07-17T20:00:05.000Z,,4,,,,4,17270,0,0,,xslF345X05/ownership.xml,4
0000950170-24-084229,2024-07-17,2024-07-15,2024-07-17T20:00:06.000Z,,4,,,,4,17691,0,0,,xslF345X05/ownership.xml,4
0000950170-24-084235,2024-07-17,2024-07-15,2024-07-17T20:00:06.000Z,,4,,,,4,6680,0,0,,xslF345X05/ownership.xml,4
0000950170-24-084230,2024-07-17,2024-07-15,2024-07-17T20:00:08.000Z,,4,,,,4,13398,0,0,,xslF345X05/ownership.xml,4
0000950170-24-084231,2024-07-17,2024-07-15,2024-07-17T20:00:10.000Z,,4,,,,4,16155,0,0,,xslF345X05/ownership.xml,4
0000950170-24-084232,2024-07-17,2024-07-15,2024-07-17T20:00:11.000Z,,4,,,,4,13949,0,0,,xslF345X05/ownership.xml,4
0000950170-24-084236,2024-07-17,2024-07-15,2024-07-17T20:00:11.000Z,,4,,,,4,18221,0,0,,xslF345X05/ownership.xml,4
0000950170-24-084237,2024-07-17,2024-07-15,2024-07-17T20:00:13.000Z,,4,,,,4,23109,0,0,,xslF345X05/ownership.xml,4
0000950170-24-084233,2024-07-17,2024-07-15,2024-07-17T20:00:16.000Z,,4,,,,4,10144,0,0,,xslF345X05/ownership.xml,4
0000950170-24-084239,2024-07-17,2024-07-15,2024-07-17T20:00:18.000Z,,4,,,,4,7812,0,0,,xslF345X05/ownership.xml,4
0000950170-24-084238,2024-07-17,2024-07-15,2024-07-17T20:00:19.000Z,,4,,,,4,7814,0,0,,xslF345X05/ownership.xml,4
0000950170-24-084240,2024-07-17,2024-07-15,2024-07-17T20:00:21.000Z,,4,,,,4,14519,0,0,,xslF345X05/ownership.xml,4
0000950170-24-084241,2024-07-17,2024-07-15,2024-07-17T20:00:22.000Z,,4,,,,4,7745,0,0,,xslF345X05/ownership.xml,4
0000950170-24-084242,2024-07-17,2024-07-15,2024-07-17T20:00:24.000Z,,4,,,,4,19719,0,0,,xslF345X05/ownership.xml,4
0000950170-24-084243,2024-07-17,2024-07-15,2024-07-17T20:00:26.000Z,,4,,,,4,15005,0,0,,xslF345X05/ownership.xml,4
0000950170-24-084565,2024-07-18,2024-07-17,2024-07-18T20:00:04.000Z,,4,,,,4,14466,0,0,,xslF345X05/ownership.xml,4
0001969223-24-000527,2024-07-24,,2024-07-24T17:35:17.000Z,33,144,000-11330,241137394,,144,5930,0,0,,xsl144X01/primary_doc.xml,
0000950170-24-086478,2024-07-25,2024-07-24,2024-07-25T20:00:04.000Z,,4,,,,4,18895,0,0,,xslF345X05/ownership.xml,4
0001959173-24-005121,2024-07-26,,2024-07-26T20:35:28.000Z,33,144,000-11330,241147564,,144,4842,0,0,,xsl144X01/primary_doc.xml,
0000950170-24-087826,2024-07-30,2024-07-26,2024-07-30T20:00:03.000Z,,4,,,,4,12128,0,0,,xslF345X05/ownership.xml,4
0001959173-24-005319,2024-08-05,,2024-08-05T15:19:13.000Z,33,144,000-11330,241173625,,144,5973,0,0,,xsl144X01/primary_doc.xml,
0002007317-24-000507,2024-08-05,,2024-08-05T19:53:11.000Z,33,144,000-11330,241174574,,144,4552,0,0,,xsl144X01/primary_doc.xml,
0000950170-24-091717,2024-08-06,2024-07-15,2024-08-06T20:00:05.000Z,,4/A,,,,4/A,34976,0,0,,xslF345X05/ownership.xml,4/A
0000950170-24-091719,2024-08-06,2024-08-05,2024-08-06T20:00:07.000Z,,4,,,,4,33619,0,0,,xslF345X05/ownership.xml,4
0000950170-24-091718,2024-08-06,2024-07-15,2024-08-06T20:00:08.000Z,,4/A,,,,4/A,37216,0,0,,xslF345X05/ownership.xml,4/A
0000950170-24-091720,2024-08-06,2024-07-15,2024-08-06T20:00:10.000Z,,4/A,,,,4/A,31822,0,0,,xslF345X05/ownership.xml,4/A
0000950170-24-091721,2024-08-06,2024-07-15,2024-08-06T20:00:12.000Z,,4/A,,,,4/A,33069,0,0,,xslF345X05/ownership.xml,4/A
0000950170-24-091722,2024-08-06,2024-07-15,2024-08-06T20:00:13.000Z,,4/A,,,,4/A,27554,0,0,,xslF345X05/ownership.xml,4/A
0000950170-24-091723,2024-08-06,2024-08-02,2024-08-06T20:00:15.000Z,,4,,,,4,34714,0,0,,xslF345X05/ownership.xml,4
0001959173-24-005700,2024-08-16,,2024-08-16T18:22:58.000Z,33,144,000-11330,241215900,,144,6418,0,0,,xsl144X01/primary_doc.xml,
0000950170-24-098482,2024-08-19,2024-08-15,2024-08-19T20:00:04.000Z,,4,,,,4,10817,0,0,,xslF345X05/ownership.xml,4
0000950170-24-100159,2024-08-23,2024-08-19,2024-08-23T20:00:03.000Z,,3,,,,3,20958,0,0,,xslF345X02/ownership.xml,3
0001959173-24-005942,2024-08-26,,2024-08-26T14:52:31.000Z,33,144,000-11330,241238405,,144,4274,0,0,,xsl144X01/primary_doc.xml,
0000950170-24-101372,2024-08-28,2024-08-26,2024-08-28T20:00:03.000Z,,4,,,,4,33492,0,0,,xslF345X05/ownership.xml,4
0001193125-24-210377,2024-08-30,2024-10-10,2024-08-30T12:00:47.000Z,34,DEF 14A,000-11330,241266000,,XBRL,11363001,1,1,,d826431ddef14a.htm,DEF 14A
0001193125-24-210391,2024-08-30,,2024-08-30T12:05:26.000Z,34,DEFA14A,000-11330,241266020,,DEFA14A,341066,0,0,,d826431ddefa14a.htm,DEFA14A
0001193125-24-210394,2024-08-30,2024-05-31,2024-08-30T12:10:31.000Z,34,ARS,000-11330,241266029,,ARS,12940585,0,0,,d659696dars.pdf,ARS
0000950170-24-102310,2024-08-30,2024-08-29,2024-08-30T20:00:06.000Z,,4,,,,4,15701,0,0,,xslF345X05/ownership.xml,4
0000950170-24-104472,2024-09-06,2024-08-30,2024-09-06T22:26:50.000Z,,4,,,,4,23090,0,0,,xslF345X05/ownership.xml,4
0000950170-24-110559,2024-10-01,2024-10-01,2024-10-01T12:42:13.000Z,34,8-K,000-11330,241341420,"2.02,9.01",XBRL,744221,1,1,,payx-20241001.htm,8-K
0000950170-24-110834,2024-10-01,2024-08-31,2024-10-01T20:21:36.000Z,34,10-Q,000-11330,241343591,,XBRL,8772805,1,1,,payx-20240831.htm,10-Q
0001959173-24-006881,2024-10-04,,2024-10-04T20:48:59.000Z,33,144,000-11330,241355430,,144,4246,0,0,,xsl144X01/primary_doc.xml,
0000950170-24-113519,2024-10-08,2024-10-04,2024-10-08T20:00:03.000Z,,4,,,,4,16899,0,0,,xslF345X05/ownership.xml,4
0001959173-24-006932,2024-10-09,,2024-10-09T17:38:42.000Z,33,144,000-11330,241362310,,144,4836,0,0,,xsl144X01/primary_doc.xml,
0000950170-24-114045,2024-10-10,2024-10-09,2024-10-10T20:00:03.000Z,,4,,,,4,16895,0,0,,xslF345X05/ownership.xml,4
0000950170-24-114406,2024-10-11,2024-10-10,2024-10-11T21:23:15.000Z,34,8-K,000-11330,241368273,"5.07,9.01",XBRL,220309,1,1,,payx-20241010.htm,8-K
0001959173-24-007010,2024-10-15,,2024-10-15T15:37:00.000Z,33,144,000-11330,241370690,,144,4248,0,0,,xsl144X01/primary_doc.xml,
0001971857-24-000671,2024-10-15,,2024-10-15T20:55:35.000Z,33,144,000-11330,241372442,,144,4162,0,0,,xsl144X01/primary_doc.xml,
0001959173-24-007060,2024-10-16,,2024-10-16T20:27:25.000Z,33,144,000-11330,241374944,,144,4252,0,0,,xsl144X01/primary_doc.xml,
0000950170-24-115285,2024-10-17,2024-10-15,2024-10-17T20:00:03.000Z,,4,,,,4,9448,0,0,,xslF345X05/ownership.xml,4
0000950170-24-115286,2024-10-17,2024-10-15,2024-10-17T20:00:05.000Z,,4,,,,4,18620,0,0,,xslF345X05/ownership.xml,4
0000950170-24-115287,2024-10-17,2024-10-15,2024-10-17T20:00:06.000Z,,4,,,,4,26213,0,0,,xslF345X05/ownership.xml,4
0000950170-24-115288,2024-10-17,2024-10-15,2024-10-17T20:00:08.000Z,,4,,,,4,6616,0,0,,xslF345X05/ownership.xml,4
0000950170-24-115289,2024-10-17,2024-10-15,2024-10-17T20:00:09.000Z,,4,,,,4,15490,0,0,,xslF345X05/ownership.xml,4
0000950170-24-115585,2024-10-18,2024-10-17,2024-10-18T20:00:04.000Z,,4,,,,4,5054,0,0,,xslF345X05/ownership.xml,4
0000950170-24-115586,2024-10-18,2024-10-16,2024-10-18T20:00:06.000Z,,4,,,,4,13774,0,0,,xslF345X05/ownership.xml,4
0000950170-24-115587,2024-10-18,2024-10-16,2024-10-18T20:00:07.000Z,,4,,,,4,24288,0,0,,xslF345X05/ownership.xml,4
0001971857-24-000684,2024-10-21,,2024-10-21T13:11:45.000Z,33,144,000-11330,241382123,,144,4761,0,0,,xsl144X01/primary_doc.xml,
0000950170-24-116627,2024-10-23,2024-10-21,2024-10-23T20:00:03.000Z,,4,,,,4,6468,0,0,,xslF345X05/ownership.xml,4
0001971857-24-000702,2024-10-28,,2024-10-28T16:55:10.000Z,33,144,000-11330,241399904,,144,6006,0,0,,xsl144X01/primary_doc.xml,
0001971857-24-000706,2024-10-29,,2024-10-29T19:24:43.000Z,33,144,000-11330,241405307,,144,5979,0,0,,xsl144X01/primary_doc.xml,
0001971857-24-000709,2024-10-30,,2024-10-30T15:46:59.000Z,33,144/A,000-11330,241408457,,144/A,6068,0,0,,xsl144X01/primary_doc.xml,
0000950170-24-118945,2024-10-30,2024-10-29,2024-10-30T20:00:03.000Z,,4,,,,4,5056,0,0,,xslF345X05/ownership.xml,4
0002007317-24-000577,2024-11-12,,2024-11-12T16:39:31.000Z,33,144,000-11330,241445638,,144,6589,0,0,,xsl144X01/primary_doc.xml,
0001562230-24-000058,2024-11-13,,2024-11-13T15:27:58.000Z,34,SC 13G/A,005-34746,241451797,,SC 13G/A,18205,0,0,,SEC13G_Filing.htm,SEC SCHEDULE 13G
0002007317-24-000606,2024-11-13,,2024-11-13T21:34:39.000Z,33,144,000-11330,241454998,,144,7202,0,0,,xsl144X01/primary_doc.xml,
0000950170-24-127003,2024-11-14,2024-11-12,2024-11-14T21:00:06.000Z,,4,,,,4,35400,0,0,,xslF345X05/ownership.xml,4
0000950170-24-127010,2024-11-14,2024-11-12,2024-11-14T21:00:09.000Z,,4,,,,4,6470,0,0,,xslF345X05/ownership.xml,4
0002007317-24-000622,2024-11-14,,2024-11-14T21:57:56.000Z,33,144,000-11330,241463907,,144,7805,0,0,,xsl144X01/primary_doc.xml,
0000950170-24-127630,2024-11-15,2024-11-14,2024-11-15T21:30:10.000Z,,4,,,,4,5054,0,0,,xslF345X05/ownership.xml,4
0000950170-24-133222,2024-12-04,2024-12-02,2024-12-04T21:00:04.000Z,,4,,,,4,5339,0,0,,xslF345X05/ownership.xml,4
0000950170-24-138255,2024-12-19,2024-12-19,2024-12-19T13:40:48.000Z,34,8-K,000-11330,241561072,"2.02,9.01",XBRL,1001552,1,1,,payx-20241219.htm,8-K
0000950170-24-138425,2024-12-19,2024-11-30,2024-12-19T21:04:27.000Z,34,10-Q,000-11330,241563290,,XBRL,11043271,1,1,,payx-20241130.htm,10-Q
0000950103-25-000267,2025-01-07,2025-01-07,2025-01-07T22:15:50.000Z,34,8-K,000-11330,25515713,"1.01,7.01,9.01",XBRL,7934044,1,1,,dp223210_8k.htm,FORM 8-K
0001971857-25-000102,2025-01-10,,2025-01-10T20:01:54.000Z,33,144,000-11330,25522504,,144,7836,0,0,,xsl144X01/primary_doc.xml,
0000950170-25-005318,2025-01-14,2025-01-10,2025-01-14T21:00:04.000Z,,4,,,,4,5054,0,0,,xslF345X05/ownership.xml,4
0002007317-25-000007,2025-01-15,,2025-01-15T16:53:21.000Z,33,144,000-11330,25532153,,144,9050,0,0,,xsl144X01/primary_doc.xml,
0000950170-25-006276,2025-01-16,2025-01-15,2025-01-16T22:30:04.000Z,,4,,,,4,15490,0,0,,xslF345X05/ownership.xml,4
0000950170-25-006817,2025-01-17,2025-01-15,2025-01-17T22:30:05.000Z,,4,,,,4,7880,0,0,,xslF345X05/ownership.xml,4
0002007317-25-000056,2025-02-03,,2025-02-03T19:49:39.000Z,33,144,000-11330,25582065,,144,8777,0,0,,xsl144X01/primary_doc.xml,
0000950170-25-013663,2025-02-04,2025-01-31,2025-02-04T22:00:04.000Z,,4,,,,4,5054,0,0,,xslF345X05/ownership.xml,4
0000950103-25-002608,2025-02-27,2025-02-21,2025-02-27T21:26:18.000Z,34,8-K,000-11330,25679400,"8.01,9.01",XBRL,267496,1,1,,dp225458_8k.htm,FORM 8-K
0000950170-25-033499,2025-03-05,2025-03-03,2025-03-05T21:00:03.000Z,,4,,,,4,5110,0,0,,xslF345X05/ownership.xml,4
0000950170-25-044818,2025-03-26,2025-03-26,2025-03-26T12:43:11.000Z,34,8-K,000-11330,25770298,"2.02,9.01",XBRL,1338158,1,1,,payx-20250326.htm,8-K
0000950170-25-045216,2025-03-26,2025-02-28,2025-03-26T20:08:16.000Z,34,10-Q,000-11330,25773234,,XBRL,12168470,1,1,,payx-20250228.htm,10-Q
0001193125-25-067979,2025-03-31,,2025-03-31T13:16:35.000Z,33,S-3ASR,333-286249,25789242,,S-3ASR,767606,1,1,,d900964ds3asr.htm,S-3ASR
0001959173-25-002495,2025-04-03,,2025-04-03T14:39:37.000Z,33,144,000-11330,25807905,,144,4237,0,0,,xsl144X01/primary_doc.xml,
0000950170-25-051628,2025-04-07,2025-04-03,2025-04-07T20:30:05.000Z,,4,,,,4,17048,0,0,,xslF345X05/ownership.xml,4
0001193125-25-075132,2025-04-08,2025-04-08,2025-04-08T12:27:26.000Z,34,8-K,000-11330,25820368,"8.01,9.01",XBRL,146758,1,1,,d901656d8k.htm,8-K
0001193125-25-075170,2025-04-08,,2025-04-08T12:46:23.000Z,33,424B2,333-286249,25820392,,424B2,647963,0,0,,d901202d424b2.htm,424B2
0001193125-25-075892,2025-04-08,,2025-04-08T21:15:33.000Z,34,FWP,333-286249,25822861,,FWP,29257,0,0,,d901430dfwp.htm,FWP
0001193125-25-076822,2025-04-09,,2025-04-09T20:05:43.000Z,33,424B2,333-286249,25825232,,424B2,838066,1,1,,d901202d424b2.htm,424B2
0001193125-25-077948,2025-04-10,2025-04-08,2025-04-10T20:05:20.000Z,34,8-K,000-11330,25828355,"8.01,9.01",XBRL,1150677,1,1,,d912764d8k.htm,8-K
0000950103-25-004790,2025-04-14,2025-04-14,2025-04-14T14:58:26.000Z,34,8-K,000-11330,25834638,"2.01,8.01,9.01",XBRL,255090,1,1,,dp227639_8k.htm,FORM 8-K
0000950103-25-004792,2025-04-14,,2025-04-14T15:19:04.000Z,33,S-8,333-286518,25834727,,S-8,212846,1,1,,dp227619_s8.htm,FORM S-8
0001959173-25-002610,2025-04-15,,2025-04-15T15:02:44.000Z,33,144,000-11330,25838124,,144,4227,0,0,,xsl144X01/primary_doc.xml,
0000950170-25-054767,2025-04-16,2025-04-15,2025-04-16T20:30:06.000Z,,4,,,,4,26267,0,0,,xslF345X05/ownership.xml,4
0000950170-25-054768,2025-04-16,2025-04-15,2025-04-16T20:30:08.000Z,,4,,,,4,26808,0,0,,xslF345X05/ownership.xml,4
0000950170-25-054773,2025-04-16,2025-04-15,2025-04-16T20:30:21.000Z,,4,,,,4,38156,0,0,,xslF345X05/ownership.xml,4
0000950103-25-004954,2025-04-16,2025-04-14,2025-04-16T21:07:51.000Z,,3,,,,3,10832,0,0,,xslF345X02/dp227765_3-ante.xml,FORM 3
0000950103-25-004955,2025-04-16,2025-04-14,2025-04-16T21:08:15.000Z,,3,,,,3,10780,0,0,,xslF345X02/dp227768_3-bergstrom.xml,FORM 3
0000950103-25-004956,2025-04-16,2025-04-14,2025-04-16T21:14:21.000Z,,4,,,,4,7031,0,0,,xslF345X05/dp227767_4-bergstrom.xml,FORM 4
0000950103-25-004957,2025-04-16,2025-04-14,2025-04-16T21:18:27.000Z,,4,,,,4,7024,0,0,,xslF345X05/dp227766_4-ante.xml,FORM 4
0000950103-25-006123,2025-05-16,2025-05-15,2025-05-16T20:28:29.000Z,34,8-K,000-11330,25959715,"5.02,9.01",XBRL,223375,1,1,,dp228939_8k.htm,FORM 8-K
0000950170-25-080207,2025-06-02,2025-05-30,2025-06-02T20:00:04.000Z,,4,,,,4,5208,0,0,,xslF345X05/ownership.xml,4
0000950170-25-083153,2025-06-06,2024-12-31,2025-06-06T20:35:02.000Z,34,11-K,000-11330,251031268,,11-K,729391,0,0,,payx_12-31-2024_form_11-.htm,11-K
0000950170-25-089743,2025-06-25,2025-06-25,2025-06-25T12:35:10.000Z,34,8-K,000-11330,251071111,"2.02,9.01",XBRL,1422103,1,1,,payx-20250625.htm,8-K
0000950103-25-007996,2025-06-27,2025-04-14,2025-06-27T20:17:16.000Z,34,8-K/A,000-11330,251086549,9.01,XBRL,596197,1,1,,dp230646_8ka.htm,FORM 8-K/A
0000950170-25-093827,2025-07-03,2025-07-01,2025-07-03T20:00:06.000Z,,4,,,,4,4582,0,0,,xslF345X05/ownership.xml,4
0000950170-25-093830,2025-07-03,2025-07-01,2025-07-03T20:00:11.000Z,,4,,,,4,4587,0,0,,xslF345X05/ownership.xml,4
0001959173-25-004532,2025-07-10,,2025-07-10T17:58:20.000Z,33,144,000-11330,251115820,,144,4221,0,0,,xsl144X01/primary_doc.xml,
0000950170-25-095300,2025-07-11,2025-05-31,2025-07-11T20:19:29.000Z,34,10-K,000-11330,251119213,,XBRL,25319310,1,1,,payx-20250531.htm,10-K
0000950170-25-095380,2025-07-11,2025-05-31,2025-07-11T21:30:04.000Z,,5,,,,5,11729,0,0,,xslF345X05/ownership.xml,5
0000950170-25-095381,2025-07-11,2025-05-31,2025-07-11T21:30:06.000Z,,5,,,,5,6807,0,0,,xslF345X05/ownership.xml,5
0000950170-25-095382,2025-07-11,2025-05-31,2025-07-11T21:30:07.000Z,,5,,,,5,6407,0,0,,xslF345X05/ownership.xml,5
0000950170-25-095383,2025-07-11,2025-07-10,2025-07-11T21:30:09.000Z,,4,,,,4,24051,0,0,,xslF345X05/ownership.xml,4
0002007317-25-000705,2025-07-14,,2025-07-14T16:02:02.000Z,33,144,000-11330,251120675,,144,6876,0,0,,xsl144X01/primary_doc.xml,
0000950170-25-095576,2025-07-14,2025-07-08,2025-07-14T20:03:02.000Z,34,8-K,000-11330,251121765,"5.02,7.01,9.01",XBRL,184394,1,1,,payx-20250708.htm,8-K
0000950170-25-095887,2025-07-15,2025-05-31,2025-07-15T20:30:04.000Z,,5,,,,5,17310,0,0,,xslF345X05/ownership.xml,5
0000950170-25-095888,2025-07-15,2025-07-14,2025-07-15T20:30:06.000Z,,4,,,,4,14154,0,0,,xslF345X05/ownership.xml,4
0001959173-25-004597,2025-07-16,,2025-07-16T15:58:12.000Z,33,144,000-11330,251126670,,144,4789,0,0,,xsl144X01/primary_doc.xml,
0001959173-25-004599,2025-07-16,,2025-07-16T16:11:51.000Z,33,144,000-11330,251126706,,144,4242,0,0,,xsl144X01/primary_doc.xml,
0001959173-25-004602,2025-07-16,,2025-07-16T17:44:19.000Z,33,144,000-11330,251126906,,144,4335,0,0,,xsl144X01/primary_doc.xml,
0000950170-25-096584,2025-07-17,2025-07-15,2025-07-17T20:00:04.000Z,,4,,,,4,36616,0,0,,xslF345X05/ownership.xml,4
0000950170-25-096585,2025-07-17,2025-07-15,2025-07-17T20:00:06.000Z,,4,,,,4,34419,0,0,,xslF345X05/ownership.xml,4
0000950170-25-096586,2025-07-17,2025-07-15,2025-07-17T20:00:07.000Z,,4,,,,4,28219,0,0,,xslF345X05/ownership.xml,4
0000950170-25-096587,2025-07-17,2025-07-15,2025-07-17T20:00:09.000Z,,4,,,,4,29709,0,0,,xslF345X05/ownership.xml,4
0000950170-25-096590,2025-07-17,2025-07-15,2025-07-17T20:00:10.000Z,,4,,,,4,17377,0,0,,xslF345X05/ownership.xml,4
0000950170-25-096588,2025-07-17,2025-07-15,2025-07-17T20:00:11.000Z,,4,,,,4,14505,0,0,,xslF345X05/ownership.xml,4
0000950170-25-096591,2025-07-17,2025-07-15,2025-07-17T20:00:11.000Z,,4,,,,4,17359,0,0,,xslF345X05/ownership.xml,4
0000950170-25-096589,2025-07-17,2025-07-15,2025-07-17T20:00:12.000Z,,4,,,,4,16215,0,0,,xslF345X05/ownership.xml,4
0000950170-25-096592,2025-07-17,2025-07-15,2025-07-17T20:00:13.000Z,,4,,,,4,35462,0,0,,xslF345X05/ownership.xml,4
0000950170-25-096593,2025-07-17,2025-07-15,2025-07-17T20:00:15.000Z,,4,,,,4,6596,0,0,,xslF345X05/ownership.xml,4
0000950170-25-096594,2025-07-17,2025-07-15,2025-07-17T20:00:16.000Z,,4,,,,4,11270,0,0,,xslF345X05/ownership.xml,4
0000950170-25-096595,2025-07-17,2025-07-15,2025-07-17T20:00:18.000Z,,4,,,,4,6601,0,0,,xslF345X05/ownership.xml,4
0000950170-25-096596,2025-07-17,2025-07-15,2025-07-17T20:00:19.000Z,,4,,,,4,9456,0,0,,xslF345X05/ownership.xml,4
0000950170-25-096597,2025-07-17,2025-07-15,2025-07-17T20:00:21.000Z,,4,,,,4,22010,0,0,,xslF345X05/ownership.xml,4
0000950170-25-096598,2025-07-17,2025-07-15,2025-07-17T20:00:23.000Z,,4,,,,4,14782,0,0,,xslF345X05/ownership.xml,4
0000950170-25-096599,2025-07-17,2025-07-15,2025-07-17T20:00:25.000Z,,4,,,,4,9176,0,0,,xslF345X05/ownership.xml,4
0000950170-25-096600,2025-07-17,2025-07-15,2025-07-17T20:00:27.000Z,,4,,,,4,20441,0,0,,xslF345X05/ownership.xml,4
0000950170-25-096601,2025-07-17,2025-07-15,2025-07-17T20:00:29.000Z,,4,,,,4,17363,0,0,,xslF345X05/ownership.xml,4
0000950170-25-096602,2025-07-17,2025-07-15,2025-07-17T20:00:30.000Z,,4,,,,4,10589,0,0,,xslF345X05/ownership.xml,4
0000950170-25-097216,2025-07-21,2025-07-17,2025-07-21T20:00:05.000Z,,4,,,,4,14454,0,0,,xslF345X05/ownership.xml,4
0001562230-25-000111,2025-08-13,,2025-08-13T16:49:42.000Z,34,SCHEDULE 13G/A,005-34746,251210139,,SCHEDULE 13G/A,7461,0,0,,xslSCHEDULE_13G_X01/primary_doc.xml,
0000950170-25-109704,2025-08-18,2025-08-15,2025-08-18T20:00:19.000Z,,4,,,,4,10648,0,0,,xslF345X05/ownership.xml,4
0001193125-25-191789,2025-08-29,2025-10-09,2025-08-29T12:00:53.000Z,34,DEF 14A,000-11330,251276068,,XBRL,15093084,1,1,,d946290ddef14a.htm,DEF 14A
0001193125-25-191795,2025-08-29,,2025-08-29T12:05:08.000Z,34,DEFA14A,000-11330,251276081,,DEFA14A,344326,0,0,,d947681ddefa14a.htm,DEFA14A
0001193125-25-191882,2025-08-29,2025-05-31,2025-08-29T12:10:11.000Z,34,ARS,000-11330,251276170,,ARS,3143316,0,0,,d52856dars.pdf,ARS
0000903201-25-000005,2025-09-03,2025-09-02,2025-09-03T20:00:13.000Z,,4,,,,4,5209,0,0,,xslF345X05/ownership.xml,4
0001193125-25-224146,2025-09-30,2025-09-30,2025-09-30T12:41:46.000Z,34,8-K,000-11330,251358252,"2.02,9.01",XBRL,1011794,1,1,,payx-20250930.htm,8-K
0001193125-25-224997,2025-09-30,2025-08-31,2025-09-30T20:02:42.000Z,34,10-Q,000-11330,251360369,,XBRL,13018712,1,1,,payx-20250831.htm,10-Q
0001193125-25-230054,2025-10-03,2025-10-01,2025-10-03T20:00:02.000Z,,4,,,,4,5841,0,0,,xslF345X05/ownership.xml,4
0001193125-25-230055,2025-10-03,2025-10-01,2025-10-03T20:00:04.000Z,,4,,,,4,5836,0,0,,xslF345X05/ownership.xml,4
0000102909-25-000019,2025-10-06,,2025-10-06T21:18:35.000Z,34,SCHEDULE 13G/A,005-34746,251377665,,SCHEDULE 13G/A,6149,0,0,,xslSCHEDULE_13G_X01/primary_doc.xml,
0001193125-25-239171,2025-10-14,2025-10-09,2025-10-14T21:27:28.000Z,34,8-K,000-11330,251392744,5.07,XBRL,235241,1,1,,payx-20251009.htm,8-K
0001193125-25-242455,2025-10-17,2025-10-15,2025-10-17T20:00:03.000Z,,4,,,,4,17402,0,0,,xslF345X05/ownership.xml,4
0001193125-25-242456,2025-10-17,2025-10-15,2025-10-17T20:00:05.000Z,,4,,,,4,10647,0,0,,xslF345X05/ownership.xml,4
0001193125-25-242457,2025-10-17,2025-10-15,2025-10-17T20:00:06.000Z,,4,,,,4,17421,0,0,,xslF345X05/ownership.xml,4
0001193125-25-242458,2025-10-17,2025-10-15,2025-10-17T20:00:08.000Z,,4,,,,4,16691,0,0,,xslF345X05/ownership.xml,4
0001193125-25-242461,2025-10-17,2025-10-15,2025-10-17T20:00:09.000Z,,4,,,,4,15711,0,0,,xslF345X05/ownership.xml,4
0001193125-25-242459,2025-10-17,2025-10-15,2025-10-17T20:00:11.000Z,,4,,,,4,10142,0,0,,xslF345X05/ownership.xml,4
0001193125-25-242460,2025-10-17,2025-10-15,2025-10-17T20:00:13.000Z,,4,,,,4,18583,0,0,,xslF345X05/ownership.xml,4
0001193125-25-242462,2025-10-17,2025-10-15,2025-10-17T20:00:14.000Z,,4,,,,4,18552,0,0,,xslF345X05/ownership.xml,4
0001193125-25-242463,2025-10-17,2025-10-09,2025-10-17T20:00:16.000Z,,3,,,,3,25264,0,0,,xslF345X02/ownership.xml,3
0001193125-25-242464,2025-10-17,2025-10-15,2025-10-17T20:00:17.000Z,,4,,,,4,12541,0,0,,xslF345X05/ownership.xml,4
0001193125-25-242465,2025-10-17,2025-10-15,2025-10-17T20:00:19.000Z,,4,,,,4,13720,0,0,,xslF345X05/ownership.xml,4
0001193125-25-242466,2025-10-17,2025-10-15,2025-10-17T20:00:20.000Z,,4,,,,4,16346,0,0,,xslF345X05/ownership.xml,4
0001193125-25-242467,2025-10-17,2025-10-15,2025-10-17T20:00:22.000Z,,4,,,,4,18565,0,0,,xslF345X05/ownership.xml,4
0001193125-25-242468,2025-10-17,2025-10-15,2025-10-17T20:00:24.000Z,,4,,,,4,9433,0,0,,xslF345X05/ownership.xml,4
0001628280-25-046229,2025-10-24,,2025-10-24T18:10:49.000Z,33,144,000-11330,251415600,,144,4819,0,0,,xsl144X01/primary_doc.xml,
0001193125-25-250128,2025-10-24,2025-10-22,2025-10-24T21:00:03.000Z,,4,,,,4,5154,0,0,,xslF345X05/ownership.xml,4
0001193125-25-258475,2025-10-30,2025-10-28,2025-10-30T20:00:03.000Z,,4,,,,4,5151,0,0,,xslF345X05/ownership.xml,4
0000903201-25-000006,2025-11-12,,2025-11-12T14:42:49.000Z,33,144,000-11330,251469956,,144,5425,0,0,,xsl144X01/primary_doc.xml,
0001628280-25-051698,2025-11-12,,2025-11-12T22:12:14.000Z,33,144,000-11330,251474193,,144,6027,0,0,,xsl144X01/primary_doc.xml,
0001193125-25-278034,2025-11-12,2025-11-10,2025-11-12T22:33:05.000Z,,4,,,,4,6568,0,0,,xslF345X05/ownership.xml,4
0001562230-25-000136,2025-11-13,,2025-11-13T16:04:42.000Z,34,SCHEDULE 13G/A,005-34746,251476257,,SCHEDULE 13G/A,7403,0,0,,xslSCHEDULE_13G_X01/primary_doc.xml,
0001193125-25-306638,2025-12-03,2025-12-01,2025-12-03T21:00:04.000Z,,4,,,,4,5209,0,0,,xslF345X05/ownership.xml,4
0001193125-25-325838,2025-12-19,2025-12-19,2025-12-19T13:36:17.000Z,34,8-K,000-11330,251585155,"2.02,9.01",XBRL,1316167,1,1,,payx-20251219.htm,8-K
0001193125-25-328698,2025-12-22,2025-11-30,2025-12-22T21:03:09.000Z,34,10-Q,000-11330,251592415,,XBRL,15115554,1,1,,payx-20251130.htm,10-Q
0001193125-25-335266,2025-12-29,2025-12-23,2025-12-29T21:00:03.000Z,,4,,,,4,16561,0,0,,xslF345X05/ownership.xml,4
0001193125-26-002356,2026-01-05,2025-12-31,2026-01-05T21:00:22.000Z,,4,,,,4,5840,0,0,,xslF345X05/ownership.xml,4
0001193125-26-002358,2026-01-05,2025-12-31,2026-01-05T21:00:26.000Z,,4,,,,4,5835,0,0,,xslF345X05/ownership.xml,4
0001193125-26-015292,2026-01-16,2026-01-15,2026-01-16T21:00:04.000Z,,4,,,,4,8227,0,0,,xslF345X05/ownership.xml,4
0001193125-26-016044,2026-01-20,2026-01-16,2026-01-20T14:05:03.000Z,34,8-K,000-11330,26541281,"5.02,8.01,9.01",XBRL,211868,1,1,,payx-20260116.htm,8-K
0001628280-26-003202,2026-01-23,,2026-01-23T13:58:35.000Z,33,144,000-11330,26553498,,144,6618,0,0,,xsl144X01/primary_doc.xml,
0001193125-26-021013,2026-01-23,2026-01-16,2026-01-23T21:00:02.000Z,,3,,,,3,23113,0,0,,xslF345X02/ownership.xml,3
0001193125-26-021014,2026-01-23,2026-01-21,2026-01-23T21:00:04.000Z,,4,,,,4,5153,0,0,,xslF345X05/ownership.xml,4
0001193125-26-021794,2026-01-26,2026-01-23,2026-01-26T14:24:08.000Z,34,8-K,000-11330,26558668,"1.01,1.02,2.03",XBRL,5190200,1,1,,payx-20260123.htm,8-K
0001193125-26-022539,2026-01-26,2026-01-23,2026-01-26T21:00:02.000Z,,4,,,,4,5151,0,0,,xslF345X05/ownership.xml,4
0000102909-26-000198,2026-01-30,,2026-01-30T19:19:28.000Z,34,SCHEDULE 13G/A,005-34746,26582371,,SCHEDULE 13G/A,6944,0,0,,xslSCHEDULE_13G_X01/primary_doc.xml,
0001628280-26-004540,2026-02-02,,2026-02-02T19:40:23.000Z,33,144,000-11330,26587255,,144,7217,0,0,,xsl144X01/primary_doc.xml,
0001193125-26-033571,2026-02-02,2026-01-30,2026-02-02T21:00:02.000Z,,4,,,,4,5152,0,0,,xslF345X05/ownership.xml,4
0001193125-26-039336,2026-02-05,2026-02-04,2026-02-05T21:00:03.000Z,,4,,,,4,17527,0,0,,xslF345X05/ownership.xml,4
0001193125-26-039338,2026-02-05,2026-02-04,2026-02-05T21:00:05.000Z,,4,,,,4,15419,0,0,,xslF345X05/ownership.xml,4
0001562230-26-000034,2026-02-13,,2026-02-13T21:30:00.000Z,34,SCHEDULE 13G/A,005-34746,26633516,,SCHEDULE 13G/A,7460,0,0,,xslSCHEDULE_13G_X01/primary_doc.xml,
0001193125-26-091439,2026-03-04,2026-03-03,2026-03-04T21:00:06.000Z,,4,,,,4,5661,0,0,,xslF345X05/ownership.xml,4
0001193125-26-122887,2026-03-25,2026-03-25,2026-03-25T12:34:56.000Z,34,8-K,000-11330,26788491,"2.02,9.01",XBRL,1345691,1,1,,payx-20260325.htm,8-K
0001193125-26-126204,2026-03-26,2026-02-28,2026-03-26T20:05:40.000Z,34,10-Q,000-11330,26798100,,XBRL,15781694,1,1,,payx-20260228.htm,10-Q
0000102909-26-002011,2026-03-27,,2026-03-27T15:18:11.000Z,34,SCHEDULE 13G/A,005-34746,26802843,,SCHEDULE 13G/A,7099,0,0,,xslSCHEDULE_13G_X02/primary_doc.xml,
0001193125-26-142076,2026-04-03,2026-04-01,2026-04-03T20:00:02.000Z,,4,,,,4,5976,0,0,,xslF345X06/ownership.xml,4
0001193125-26-142077,2026-04-03,2026-04-01,2026-04-03T20:00:05.000Z,,4,,,,4,5971,0,0,,xslF345X06/ownership.xml,4
0001193125-26-161469,2026-04-17,2026-04-15,2026-04-17T20:00:03.000Z,,4,,,,4,9049,0,0,0.0,xslF345X06/ownership.xml,4
0002100119-26-000909,2026-04-30,,2026-04-30T16:02:16.000Z,34,SCHEDULE 13G,005-34746,26921888,,SCHEDULE 13G,7339,0,0,0.0,xslSCHEDULE_13G_X02/primary_doc.xml,
0001193125-26-206305,2026-05-05,2026-05-04,2026-05-05T20:00:05.000Z,,4,,,,4,5289,0,0,0.0,xslF345X06/ownership.xml,4
0001628280-26-030715,2026-05-05,,2026-05-05T21:03:51.000Z,33,144,000-11330,26944429,,144,5131,0,0,0.0,xsl144X01/primary_doc.xml,
0001628280-26-032767,2026-05-08,,2026-05-08T19:00:07.000Z,33,144,000-11330,26957773,,144,5802,0,0,0.0,xsl144X01/primary_doc.xml,
0001193125-26-214563,2026-05-08,2026-05-06,2026-05-08T20:00:13.000Z,,4,,,,4,5289,0,0,0.0,xslF345X06/ownership.xml,4
0001193125-26-219325,2026-05-12,2026-05-08,2026-05-12T20:00:03.000Z,,4,,,,4,18645,0,0,0.0,xslF345X06/ownership.xml,4
0001959173-26-003577,2026-05-13,,2026-05-13T20:20:15.000Z,33,144,000-11330,26973638,,144,4876,0,0,0.0,xsl144X01/primary_doc.xml,
0001193125-26-226571,2026-05-15,2026-05-13,2026-05-15T20:00:04.000Z,,4,,,,4,9319,0,0,0.0,xslF345X06/ownership.xml,4
0001193125-26-253432,2026-06-02,2026-06-01,2026-06-02T20:00:03.000Z,,4,,,,4,5346,0,0,0.0,xslF345X06/ownership.xml,4
0001193125-26-269509,2026-06-12,2025-12-31,2026-06-12T20:22:56.000Z,34,11-K,000-11330,261087080,,XBRL,4383865,1,1,1.0,payx-20251231.htm,11-K
0001193125-26-280314,2026-06-24,2026-06-24,2026-06-24T12:38:56.000Z,34,8-K,000-11330,261113196,"2.02,9.01",XBRL,1364759,1,1,0.0,payx-20260624.htm,8-K
0001959173-26-004909,2026-06-26,,2026-06-26T15:46:17.000Z,33,144,000-11330,261125775,,144,4246,0,0,0.0,xsl144X01/primary_doc.xml,
0001193125-26-290440,2026-06-30,2026-06-26,2026-06-30T20:00:04.000Z,,4,,,,4,21920,0,0,0.0,xslF345X06/ownership.xml,4
0001193125-26-294437,2026-07-02,2026-07-01,2026-07-02T20:00:11.000Z,,4,,,,4,5978,0,0,0.0,xslF345X06/ownership.xml,4
0001193125-26-294439,2026-07-02,2026-07-01,2026-07-02T20:00:14.000Z,,4,,,,4,5973,0,0,0.0,xslF345X06/ownership.xml,4
0001193125-26-300862,2026-07-10,2026-05-31,2026-07-10T20:00:03.000Z,,5,,,,5,8152,0,0,0.0,xslF345X06/ownership.xml,5
0001193125-26-300865,2026-07-10,2026-05-31,2026-07-10T20:00:05.000Z,,5,,,,5,13073,0,0,0.0,xslF345X06/ownership.xml,5
0001959173-26-005218,2026-07-14,,2026-07-14T17:16:17.000Z,33,144,000-11330,261173553,,144,4213,0,0,0.0,xsl144X01/primary_doc.xml,
0001193125-26-304913,2026-07-15,2026-07-14,2026-07-15T21:00:11.000Z,,4,,,,4,20638,0,0,0.0,xslF345X06/ownership.xml,4
0001959173-26-005266,2026-07-17,,2026-07-17T15:48:19.000Z,33,144,000-11330,261182585,,144,5325,0,0,0.0,xsl144X01/primary_doc.xml,
0001193125-26-307755,2026-07-17,2026-07-15,2026-07-17T20:00:03.000Z,,4,,,,4,17416,0,0,0.0,xslF345X06/ownership.xml,4
0001193125-26-307756,2026-07-17,2026-07-15,2026-07-17T20:00:04.000Z,,4,,,,4,9569,0,0,0.0,xslF345X06/ownership.xml,4
0001193125-26-307757,2026-07-17,2026-07-15,2026-07-17T20:00:06.000Z,,4,,,,4,7233,0,0,0.0,xslF345X06/ownership.xml,4
0001193125-26-307758,2026-07-17,2026-07-15,2026-07-17T20:00:07.000Z,,4,,,,4,9511,0,0,0.0,xslF345X06/ownership.xml,4
0001193125-26-307759,2026-07-17,2026-07-15,2026-07-17T20:00:09.000Z,,4,,,,4,15710,0,0,0.0,xslF345X06/ownership.xml,4
0001193125-26-307760,2026-07-17,2026-07-15,2026-07-17T20:00:11.000Z,,4,,,,4,11922,0,0,0.0,xslF345X06/ownership.xml,4
0001193125-26-307762,2026-07-17,2026-07-15,2026-07-17T20:00:12.000Z,,4,,,,4,12602,0,0,0.0,xslF345X06/ownership.xml,4
0001193125-26-307763,2026-07-17,2026-07-15,2026-07-17T20:00:14.000Z,,4,,,,4,9516,0,0,0.0,xslF345X06/ownership.xml,4
0001193125-26-307764,2026-07-17,2026-07-15,2026-07-17T20:00:16.000Z,,4,,,,4,20389,0,0,0.0,xslF345X06/ownership.xml,4
0001193125-26-307785,2026-07-17,2026-05-31,2026-07-17T20:05:21.000Z,34,10-K,000-11330,261183758,,XBRL,26269781,1,1,1.0,payx-20260531.htm,10-K
0001628280-26-048681,2026-07-17,,2026-07-17T20:54:55.000Z,33,144,000-11330,261184335,,144,5772,0,0,0.0,xsl144X01/primary_doc.xml,
0001959173-26-005286,2026-07-20,,2026-07-20T19:00:40.000Z,33,144,000-11330,261186412,,144,4245,0,0,0.0,xsl144X01/primary_doc.xml,
0001193125-26-310268,2026-07-21,2026-07-20,2026-07-21T20:00:02.000Z,,4,,,,4,14815,0,0,0.0,xslF345X06/ownership.xml,4
0001193125-26-310269,2026-07-21,2026-07-20,2026-07-21T20:00:03.000Z,,4,,,,4,16530,0,0,0.0,xslF345X06/ownership.xml,4
0001193125-26-310270,2026-07-21,2026-07-17,2026-07-21T20:00:05.000Z,,4,,,,4,15492,0,0,0.0,xslF345X06/ownership.xml,4
0001193125-26-310277,2026-07-21,2026-07-16,2026-07-21T20:03:27.000Z,34,8-K,000-11330,261190204,"5.02,9.01",XBRL,147861,1,1,0.0,payx-20260716.htm,8-K
0001193125-26-353992,2026-08-17,2026-08-14,2026-08-17T20:00:08.000Z,,4,,,,4,31076,0,0,0.0,xslF345X06/ownership.xml,4
0001193125-26-380142,2026-09-02,2026-09-01,2026-09-02T20:00:09.000Z,,4,,,,4,26129,0,0,0.0,xslF345X06/ownership.xml,4
0001193125-26-382805,2026-09-04,2026-10-15,2026-09-04T12:03:43.000Z,34,DEF 14A,000-11330,261360191,,XBRL,9366292,1,1,0.0,d111983ddef14a.htm,DEF 14A
0001193125-26-382807,2026-09-04,,2026-09-04T12:05:50.000Z,34,DEFA14A,000-11330,261360194,,DEFA14A,254795,0,0,0.0,d112120ddefa14a.htm,DEFA14A
0001193125-26-382815,2026-09-04,2026-05-31,2026-09-04T12:09:18.000Z,34,ARS,000-11330,261360195,,ARS,2786148,0,0,0.0,d112171dars.pdf,ARS
0000723531-26-000004,2026-09-23,2026-09-23,2026-09-23T12:41:28.000Z,34,8-K,000-11330,261398294,2.02,XBRL,885614,1,1,0.0,payx-20260923.htm,8-K
0000723531-26-000006,2026-09-24,2026-08-31,2026-09-24T20:06:01.000Z,34,10-Q,000-11330,261404824,,XBRL,12507207,1,1,1.0,payx-20260831.htm,10-Q
0001628280-26-063810,2026-09-29,,2026-09-29T20:12:32.000Z,33,144,000-11330,261423950,,144,5138,0,0,0.0,xsl144X01/primary_doc.xml,
