accessionNumber,filingDate,reportDate,acceptanceDateTime,act,form,fileNumber,filmNumber,items,core_type,size,isXBRL,isInlineXBRL,isXBRLNumeric,primaryDocument,primaryDocDescription
0000950131-94-000039,1994-01-21,1994-02-22,1994-01-21T05:00:00.000Z,,DEF 14A,001-04423,94502200,,DEF 14A,278662,0,0,,,DEFINITIVE PROXY STMT.
0000047217-94-000002,1994-01-26,1993-07-31,1994-01-26T05:00:00.000Z,,11-K,001-04423,94502695,,11-K,103920,0,0,,,HEWLETT-PACKARD COMPANY
0000899243-94-000006,1994-01-28,1993-10-31,1994-01-28T05:00:00.000Z,,10-K,001-04423,94503496,,10-K,183517,0,0,,,FORM 10-K
0000047217-94-000006,1994-02-16,,1994-02-16T05:00:00.000Z,,S-8,033-52291,94509882,,S-8,23854,0,0,,,REGISTRATION STATEMENT UNDER THE SECURITIES ACT OF
0000047217-94-000007,1994-03-16,1994-01-31,1994-03-16T05:00:00.000Z,,10-Q,001-04423,94516351,,10-Q,26907,0,0,,,"10-Q FILING FOR QUARTER ENDING JANUARY 31, 1994"
0000047217-94-000009,1994-06-01,,1994-06-01T04:00:00.000Z,,SC 13D/A,,,,SC 13D/A,45839,0,0,,,SCHEDULE 13D AMENDMENT NO. 1
0000047217-94-000011,1994-06-14,1994-04-30,1994-06-14T04:00:00.000Z,,10-Q,001-04423,94534189,,10-Q,26109,0,0,,,"10-Q FILING FOR QUARTER ENDING APRIL 30, 1994"
0000047217-94-000014,1994-08-25,,1994-08-25T04:00:00.000Z,,SC 13G,,,,SC 13G,8419,0,0,,,STATEMENT OF OWNERSHIP
0000047217-94-000016,1994-09-14,1994-07-31,1994-09-14T04:00:00.000Z,,10-Q,001-04423,94549063,,10-Q,31740,0,0,,,"10-Q FILING FOR QUARTER ENDING JULY 31, 1994"
0000047217-94-000018,1994-12-21,1994-07-31,1994-12-21T05:00:00.000Z,,11-K,001-04423,94565693,,11-K,112248,0,0,,,
0000898430-95-000027,1995-01-13,1995-02-28,1995-01-13T05:00:00.000Z,,DEF 14A,001-04423,95501262,,DEF 14A,147906,0,0,,,DEFINITIVE PROXY STATEMENT
0000891618-95-000009,1995-01-27,1994-10-31,1995-01-27T05:00:00.000Z,,10-K,001-04423,95503451,,10-K,179808,0,0,,,FORM 10-K
0000047217-95-000001,1995-02-01,,1995-02-01T05:00:00.000Z,,SC 13G,,,,SC 13G,8173,0,0,,,STATEMENT OF OWNERSHIP
0000047217-95-000005,1995-02-09,,1995-02-09T05:00:00.000Z,,SC 13G,,,,SC 13G,8653,0,0,,,STATEMENT OF OWNERSHIP
0000047217-95-000007,1995-02-13,,1995-02-13T05:00:00.000Z,,S-8 POS,002-73867,95509434,,S-8 POS,5121,0,0,,,REGISTRATION STATEMENT UNDER THE SECURITIES ACT OF
0000047217-95-000010,1995-03-20,1995-01-31,1995-03-20T05:00:00.000Z,,10-Q,001-04423,95521703,,10-Q,34044,0,0,,,"10-Q FILING FOR QUARTER ENDING JANUARY 31, 1995"
0000047217-95-000011,1995-04-05,,1995-04-05T04:00:00.000Z,,S-8,033-58447,95527173,,S-8,24775,0,0,,,REGISTRATION STATEMENT UNDER THE SECURITIES ACT OF 1933
0000047217-95-000016,1995-06-14,1995-04-30,1995-06-14T04:00:00.000Z,,10-Q,001-04423,95547083,,10-Q,121452,0,0,,,"10-Q FILING FOR QUARTER ENDING APRIL 30, 1995"
0000047217-95-000018,1995-06-22,,1995-06-22T04:00:00.000Z,,SC 13D/A,,,,SC 13D/A,25324,0,0,,,SCHEDULE 13D AMENDMENT NO. 4
0000047217-95-000020,1995-06-29,1994-12-31,1995-06-29T04:00:00.000Z,,11-K,001-04423,95550429,,,783,0,0,,,
0000047217-95-000023,1995-08-07,,1995-08-07T04:00:00.000Z,,SC 13D,,,,SC 13D,172405,0,0,,,SCHEDULE 13D - ISTAT
0000047217-95-000027,1995-09-14,1995-07-31,1995-09-14T04:00:00.000Z,,10-Q,001-04423,95573739,,10-Q,30656,0,0,,,"10-Q FILING FOR QUARTER ENDING JULY 31, 1995"
0000891618-95-000607,1995-10-24,,1995-10-24T04:00:00.000Z,,S-4,033-63643,95583641,,S-4,345957,0,0,,,FORM S-4
0000047217-95-000029,1995-10-27,,1995-10-27T04:00:00.000Z,,SC 13D,,,,SC 13D,13378,0,0,,,SCHEDULE 13D - CONVEX
0000047217-95-000031,1995-11-02,,1995-11-02T05:00:00.000Z,,SC 13D/A,,,,SC 13D/A,9987,0,0,,,AMENDMENT NO. 1 TO SCHEDULE 13D - CONVEX
0000891618-95-000649,1995-11-08,,1995-11-08T05:00:00.000Z,,S-4/A,033-63643,95588413,,S-4/A,351792,0,0,,,AMENDMENT #1 TO FORM S-4
0000047217-95-000034,1995-12-20,,1995-12-20T05:00:00.000Z,,S-8,033-65179,95602956,,S-8,23000,0,0,,,
0000047217-95-000036,1995-12-22,,1995-12-22T05:00:00.000Z,,15-12G,000-20593,95603912,,15-12G,4351,0,0,,,
0000898430-96-000110,1996-01-12,1996-02-27,1996-01-12T05:00:00.000Z,,DEF 14A,000-20593,96503264,,DEF 14A,88185,0,0,,,DEFINITIVE PROXY STATEMENT
0000898430-96-000245,1996-01-29,1995-10-31,1996-01-29T05:00:00.000Z,,10-K,000-20593,96508290,,10-K,191987,0,0,,,FORM 10-K
0000047217-96-000006,1996-02-14,,1996-02-14T05:00:00.000Z,,SC 13G/A,,,,SC 13G/A,7090,0,0,,,FORM SC 13G/A
0000900941-96-000004,1996-02-14,,1996-02-14T05:00:00.000Z,,SC 13G/A,005-11885,96518924,,SC 13G/A,9428,0,0,,,FORM SC 13G/A
0000047217-96-000008,1996-03-15,1996-01-31,1996-03-15T05:00:00.000Z,,10-Q,001-04423,96535120,,10-Q,90056,0,0,,,"10-Q FILING FOR QUARTER ENDING JANUARY 31, 1996"
0000950008-96-000104,1996-04-23,,1996-04-23T04:00:00.000Z,,SC 13D,005-11885,96549832,,SC 13D,16499,0,0,,,SCHEDULE 13 D - NANCY PACKARD BURNETT
0000950008-96-000107,1996-04-24,,1996-04-24T04:00:00.000Z,,SC 13D,005-11885,96549948,,SC 13D,16481,0,0,,,SCHEDULE 13D - JULIE PACKARD STEPHENS
0000950008-96-000108,1996-04-24,,1996-04-24T04:00:00.000Z,,SC 13D,005-11885,96549949,,SC 13D,16513,0,0,,,SCHEDULE 13D - DAVID WOODLEY PACKARD
0000950008-96-000110,1996-04-24,,1996-04-24T04:00:00.000Z,,SC 13D,005-11885,96550207,,SC 13D,16444,0,0,,,SCHEDULE 13D - SUSAN PACKARD ORR
0000047217-96-000010,1996-06-13,1996-04-30,1996-06-13T04:00:00.000Z,,10-Q,001-04423,96580510,,10-Q,41221,0,0,,,"10-Q FILING FOR QUARTER ENDED APRIL 30, 1996"
0000047217-96-000013,1996-07-01,1995-12-31,1996-07-01T04:00:00.000Z,,11-K,001-04423,96589732,,11-K,107652,0,0,,,TAXCAP FILING
0000047217-96-000017,1996-07-31,1996-07-10,1996-07-31T04:00:00.000Z,,8-K,001-04423,96601947,1,8-K,3628,0,0,,,
0000047217-96-000019,1996-09-16,1996-07-31,1996-09-16T04:00:00.000Z,,10-Q,001-04423,96630599,,10-Q,43429,0,0,,,"10-Q FILING FOR QUARTER ENDED JULY 31, 1996"
0000047217-96-000021,1996-09-17,1996-07-31,1996-09-17T04:00:00.000Z,,10-Q/A,001-04423,96631100,,10-Q/A,43593,0,0,,,"FORM 10-Q/A, AMENDMENT NO. 1"
0001012870-97-000053,1997-01-13,1997-02-25,1997-01-13T05:00:00.000Z,,DEF 14A,001-04423,97504744,,DEF 14A,125990,0,0,,,DEFINITIVE PROXY MATERIALS FOR HEWLETT PACKARD
0000891618-97-000198,1997-01-29,1996-10-31,1997-01-29T05:00:00.000Z,,10-K,001-04423,97512687,,10-K,364737,0,0,,,"FORM 10-K FISCAL YEAR ENDED OCTOBER 31, 1996"
0000047217-97-000007,1997-02-13,,1997-02-13T05:00:00.000Z,,SC 13G,,,,SC 13G,9871,0,0,,,STATEMENT OF OWNERSHIP
0000047217-97-000008,1997-02-13,,1997-02-13T05:00:00.000Z,,SC 13G,,,,SC 13G,9946,0,0,,,STATEMENT OF OWNERSHIP
0000047217-97-000010,1997-02-13,,1997-02-13T05:00:00.000Z,,SC 13G,,,,SC 13G,9991,0,0,,,STATEMENT OF OWNERSHIP
0000047217-97-000012,1997-03-07,,1997-03-07T05:00:00.000Z,,S-8,333-22947,97552624,,S-8,38970,0,0,,,
0000047217-97-000015,1997-03-12,1996-10-31,1997-03-12T05:00:00.000Z,,10-K/A,001-04423,97555085,,10-K/A,5561,0,0,,,
0000047217-97-000018,1997-03-17,1997-01-31,1997-03-17T05:00:00.000Z,,10-Q,001-04423,97557314,,10-Q,41944,0,0,,,"10-Q FILING FOR QUARTER ENDED JANUARY 31, 1997"
0000912057-97-018615,1997-05-22,,1997-05-22T04:00:00.000Z,,S-4,333-27683,97613319,,S-4,519427,0,0,,,S-4
0000047217-97-000021,1997-06-16,1997-04-30,1997-06-16T04:00:00.000Z,,10-Q,001-04423,97624144,,10-Q,45362,0,0,,,"10-Q FILING FOR QUARTER ENDED APRIL 30, 1997"
0000047217-97-000023,1997-06-26,1996-12-31,1997-06-26T04:00:00.000Z,,11-K,001-04423,97629817,,11-K,122369,0,0,,,TAXCAP FILING
0000047217-97-000028,1997-07-01,,1997-07-01T04:00:00.000Z,,S-8,333-30459,97633647,,S-8,274217,0,0,,,
0000047217-97-000031,1997-09-12,1997-07-31,1997-09-12T04:00:00.000Z,,10-Q,001-04423,97679796,,10-Q,45707,0,0,,,"10-Q FILING FOR QUARTER ENDING JULY 31, 1997"
0000047217-97-000033,1997-10-09,1997-10-07,1997-10-09T04:00:00.000Z,,8-K,001-04423,97693170,1,8-K,6847,0,0,,,
0000950109-97-007536,1997-12-15,1998-02-24,1997-12-15T05:00:00.000Z,,PRE 14A,001-04423,97738690,,PRE 14A,343912,0,0,,,PRELIMINARY PROXY STATEMENT
0001012870-98-000033,1998-01-12,1998-02-24,1998-01-12T05:00:00.000Z,,DEF 14A,001-04423,98504780,,DEF 14A,344683,0,0,,,NOTICE & PROXY
0001012870-98-000037,1998-01-12,,1998-01-12T05:00:00.000Z,,S-3,333-44113,98505088,,S-3,665580,0,0,,,FORM S-3
0000891618-98-000244,1998-01-27,1997-10-31,1998-01-27T05:00:00.000Z,,10-K405,001-04423,98514491,,10-K405,277922,0,0,,,"FORM 10-K FOR FISCAL YEAR ENDED OCTOBER 31, 1997"
0000047217-98-000002,1998-01-30,,1998-01-30T05:00:00.000Z,,S-8,333-45231,98517229,,S-8,38351,0,0,,,
0000047217-98-000004,1998-02-11,,1998-02-11T05:00:00.000Z,,DEFA14A,001-04423,98530173,,DEFA14A,7194,0,0,,,PERSONAL SOLICITATION LETTERS
0000047217-98-000006,1998-02-12,,1998-02-12T05:00:00.000Z,,SC 13G,,,,SC 13G,9830,0,0,,,STATEMENT OF OWNERSHIP
0001047469-98-007403,1998-02-24,,1998-02-24T05:00:00.000Z,,S-4,333-46817,98548306,,S-4,497462,0,0,,,S-4
0001012870-98-000558,1998-02-25,,1998-02-25T05:00:00.000Z,,S-3/A,333-44113,98549362,,S-3/A,169278,0,0,,,AMENDMENT NO. 1 TO THE FORM S-3
0001047469-98-007736,1998-02-26,,1998-02-26T05:00:00.000Z,,424B3,333-46817,98550123,,424B3,407148,0,0,,,424B3
0001012870-98-000585,1998-03-02,,1998-03-02T05:00:00.000Z,,8-A12B,001-04423,98554734,,8-A12B,7036,0,0,,,FORM 8-A12B
0001012870-98-000677,1998-03-17,1998-01-31,1998-03-17T05:00:00.000Z,,10-Q,001-04423,98566813,,10-Q,55242,0,0,,,FORM 10-Q FOR 01/31/1998
0001012870-98-000689,1998-03-17,,1998-03-17T05:00:00.000Z,,424B3,333-44113,98567511,,424B3,137476,0,0,,,FINAL PROSPECTUS
0001012870-98-000707,1998-03-19,,1998-03-19T05:00:00.000Z,,POS AM,333-44113,98569277,,POS AM,16338,0,0,,,POST EFFECTIVE AMENDMENT NO. 1
0001012870-98-000720,1998-03-23,,1998-03-23T05:00:00.000Z,,424B3,333-44113,98571226,,424B3,3043,0,0,,,PROSPECTUS SUPPLEMENT
0001012870-98-000741,1998-03-25,,1998-03-25T05:00:00.000Z,,424B3,333-44113,98573251,,424B3,3033,0,0,,,PROSPECTUS SUPPLEMENT
0001012870-98-000758,1998-03-27,,1998-03-27T05:00:00.000Z,,424B3,333-44113,98575836,,424B3,8089,0,0,,,PROSPECTUS SUPPLEMENT
0001012870-98-000833,1998-03-31,,1998-03-31T05:00:00.000Z,,424B3,333-44113,98582753,,424B3,3018,0,0,,,PROSPECTUS SUPPLEMENT
0001012870-98-000854,1998-04-01,,1998-04-01T05:00:00.000Z,,424B3,333-44113,98585019,,424B3,8063,0,0,,,PROSPECTUS SUPPLEMENT
0001012870-98-000875,1998-04-02,,1998-04-02T05:00:00.000Z,,424B3,333-44113,98586644,,424B3,3079,0,0,,,PROSPECTUS SUPPLEMENT
0001012870-98-000883,1998-04-03,,1998-04-03T05:00:00.000Z,,424B3,333-44113,98587093,,424B3,3250,0,0,,,PROSPECTUS SUPPLEMENT
0001012870-98-000909,1998-04-07,,1998-04-07T04:00:00.000Z,,424B3,333-44113,98588912,,424B3,3242,0,0,,,PROSPECTUS SUPPLEMENT
0001012870-98-000917,1998-04-08,,1998-04-08T04:00:00.000Z,,424B3,333-44113,98589723,,424B3,3088,0,0,,,PROSPECTUS SUPPLEMENT
0001012870-98-000921,1998-04-08,,1998-04-08T04:00:00.000Z,,424B3,333-44113,98589941,,424B3,3077,0,0,,,PROSPECTUS SUPPLEMENT
0001012870-98-000956,1998-04-14,,1998-04-14T04:00:00.000Z,,424B3,333-44113,98593209,,424B3,3028,0,0,,,PROSPECTUS SUPPLEMENT
0000047217-98-000009,1998-05-20,1998-05-15,1998-05-20T04:00:00.000Z,,8-K,001-04423,98628678,1,8-K,31723,0,0,,,
0000047217-98-000011,1998-05-20,1998-05-20,1998-05-20T04:00:00.000Z,,8-K,001-04423,98628745,1,8-K,28456,0,0,,,
0000047217-98-000013,1998-05-20,,1998-05-20T04:00:00.000Z,,S-3/A,333-44113,98629105,,S-3/A,13974,0,0,,,
0001012870-98-001391,1998-05-20,,1998-05-20T04:00:00.000Z,,424B3,333-44113,98629247,,424B3,25987,0,0,,,424B3 FOR HEWLETT PACKARD
0000047217-98-000014,1998-05-21,,1998-05-21T04:00:00.000Z,,S-8 POS,002-66780,98630752,,S-8 POS,19818,0,0,,,
0000047217-98-000015,1998-05-21,,1998-05-21T04:00:00.000Z,,S-8 POS,002-96361,98630600,,S-8 POS,19732,0,0,,,
0000047217-98-000016,1998-05-21,,1998-05-21T04:00:00.000Z,,S-8 POS,002-90239,98630601,,S-8 POS,22115,0,0,,,
0000047217-98-000017,1998-05-21,,1998-05-21T04:00:00.000Z,,S-8 POS,002-92331,98630604,,S-8 POS,19575,0,0,,,
0001012870-98-001400,1998-05-21,,1998-05-21T04:00:00.000Z,,424B3,333-44113,98629803,,424B3,6347,0,0,,,424B3 FOR HEWLETT-PACKARD COMPANY
0001012870-98-001419,1998-05-22,,1998-05-22T04:00:00.000Z,,424B3,333-44113,98630699,,424B3,3048,0,0,,,424B3 FOR HEWLETT-PACKARD COMPANY
0001012870-98-001430,1998-05-26,,1998-05-26T04:00:00.000Z,,424B3,333-44113,98631444,,424B3,3037,0,0,,,424B3 FOR HEWLETT-PACKARD COMPANY
0001012870-98-001439,1998-05-27,,1998-05-27T04:00:00.000Z,,424B3,333-44113,98632383,,424B3,6462,0,0,,,424B3 FOR HEWLETT-PACKARD COMPANY
0000929624-98-001057,1998-05-28,,1998-05-28T04:00:00.000Z,,424B3,333-44113,98633348,,424B3,3071,0,0,,,424B3 FOR HEWLETT-PACKARD COMPANY
0001012870-98-001459,1998-05-29,,1998-05-29T04:00:00.000Z,,424B3,333-44113,98634680,,424B3,4877,0,0,,,424B3 FOR HEWLETT-PACKARD COMPANY
0001012870-98-001495,1998-06-03,,1998-06-03T04:00:00.000Z,,424B3,333-44113,98641977,,424B3,4704,0,0,,,PROSPECTUS SUPPLEMENT
0001012870-98-001559,1998-06-11,,1998-06-11T04:00:00.000Z,,424B3,333-44113,98646472,,424B3,6251,0,0,,,PROSPECTUS SUPPLEMENT
0000047217-98-000019,1998-06-12,1998-04-30,1998-06-12T04:00:00.000Z,,10-Q,001-04423,98647357,,10-Q,138832,0,0,,,"10-Q FILING FOR QUARTER ENDING APRIL 30, 1998"
0001012870-98-001593,1998-06-15,,1998-06-15T04:00:00.000Z,,424B3,333-44113,98648394,,424B3,3004,0,0,,,PROSPECTUS SUPPLEMENT
0001012870-98-001654,1998-06-22,,1998-06-22T04:00:00.000Z,,424B3,333-44113,98651949,,424B3,3044,0,0,,,PROSPECTUS SUPPLEMENT
0001012870-98-001663,1998-06-23,,1998-06-23T04:00:00.000Z,,424B3,333-44113,98652515,,424B3,3033,0,0,,,PROSPECTUS SUPPLEMENT
0000047217-98-000021,1998-06-24,1997-12-31,1998-06-24T04:00:00.000Z,,11-K,001-04423,98653150,,11-K,126976,0,0,,,TAXCAP FILING
0001012870-98-001682,1998-06-25,,1998-06-25T04:00:00.000Z,,424B3,333-44113,98654035,,424B3,3034,0,0,,,PROSPECTUS SUPPLEMENT
0000929624-98-001180,1998-06-26,,1998-06-26T04:00:00.000Z,,424B3,333-44113,98655459,,424B3,4652,0,0,,,PROSPECTUS SUPPLEMENT
0001012870-98-001724,1998-06-30,,1998-06-30T04:00:00.000Z,,424B3,333-44113,98658148,,424B3,3055,0,0,,,PROSPECTUS SUPPLEMENT
0001012870-98-001734,1998-07-01,,1998-07-01T04:00:00.000Z,,424B3,333-44113,98659320,,424B3,4666,0,0,,,PROSPECTUS SUPPLEMENT
0001012870-98-001760,1998-07-06,,1998-07-06T04:00:00.000Z,,424B3,333-44113,98660801,,424B3,3034,0,0,,,PROSPECTUS SUPPLEMENT
0001012870-98-001777,1998-07-08,,1998-07-08T04:00:00.000Z,,424B3,333-44113,98662098,,424B3,3032,0,0,,,PROSPECTUS SUPPLEMENT
0000950008-98-000305,1998-07-09,,1998-07-09T04:00:00.000Z,,SC 13G,005-11885,98663136,,SC 13G,13508,0,0,,,SCHEDULE 13G
0001012870-98-001787,1998-07-09,,1998-07-09T04:00:00.000Z,,424B3,333-44113,98663496,,424B3,3050,0,0,,,PROSPECTUS SUPPLEMENT
0001012870-98-002199,1998-08-19,,1998-08-19T04:00:00.000Z,,424B3,333-44113,98694580,,424B3,4760,0,0,,,424B3 FOR HEWLETT PACKARD
0001012870-98-002212,1998-08-20,,1998-08-20T04:00:00.000Z,,424B3,333-44113,98695181,,424B3,3022,0,0,,,424B3 FOR HEWLETT PACKARD
0001012870-98-002228,1998-08-21,,1998-08-21T04:00:00.000Z,,424B3,333-44113,98695978,,424B3,3017,0,0,,,424B3 FOR HEWLETT PACKARD
0001012870-98-002286,1998-08-28,,1998-08-28T04:00:00.000Z,,424B3,333-44113,98700841,,424B3,4653,0,0,,,424B3 FOR HEWLETT PACKARD
0000047217-98-000023,1998-09-14,1998-07-31,1998-09-14T04:00:00.000Z,,10-Q,001-04423,98708445,,10-Q,59003,0,0,,,"10-Q FILING FOR QUARTER ENDING JULY 31, 1998"
0000047217-98-000025,1998-09-14,1998-07-31,1998-09-14T04:00:00.000Z,,10-Q/A,001-04423,98709026,,10-Q/A,5038,0,0,,,"10-Q AMENDED FILING FOR QUARTER ENDING JULY 31, 1998"
0001012870-98-002398,1998-09-14,,1998-09-14T04:00:00.000Z,,424B3,333-44113,98709073,,424B3,3088,0,0,,,424B3 FOR HEWLETT PACKARD
0000950008-98-000376,1998-09-17,,1998-09-17T04:00:00.000Z,,SC 13D/A,005-11885,98710669,,SC 13D/A,9923,0,0,,,AMENDMENT NO. 1 SCHEDULE 13D
0000950008-98-000377,1998-09-17,,1998-09-17T04:00:00.000Z,,SC 13D/A,005-11885,98710680,,SC 13D/A,9892,0,0,,,AMENDMENT NO. 1 TO SCHEDULE 13D
0000950008-98-000381,1998-09-18,,1998-09-18T04:00:00.000Z,,SC 13G,005-11885,98711163,,SC 13G,12986,0,0,,,SCHEDULE 13G
0001012870-98-002418,1998-09-18,,1998-09-18T04:00:00.000Z,,424B3,333-44113,98711870,,424B3,3065,0,0,,,424B3 FOR HEWLETT PACKARD
0001012870-98-002442,1998-09-22,,1998-09-22T04:00:00.000Z,,424B3,333-44113,98712995,,424B3,3026,0,0,,,424B3 FOR HEWLETT PACKARD
0000950008-98-000390,1998-09-25,,1998-09-25T04:00:00.000Z,,SC 13G,005-11885,98715274,,SC 13G,13482,0,0,,,SCHEDULE 13G
0001012870-98-002721,1998-10-27,,1998-10-27T05:00:00.000Z,,POS AM,333-44113,98731570,,POS AM,71485,0,0,,,POST EFFECTIVE AMENDMENT NO. 3
0000950149-98-002024,1998-12-22,,1998-12-22T05:00:00.000Z,,SC 13G,005-11885,98773863,,SC 13G,27828,0,0,,,SCHEDULE 13G FOR WILLIAM R. HEWLETT
0001047469-99-000720,1999-01-11,1999-02-23,1999-01-11T05:00:00.000Z,,DEF 14A,001-04423,99504118,,DEF 14A,152129,0,0,,,DEF 14A
0001047469-99-001318,1999-01-15,1998-10-31,1999-01-15T05:00:00.000Z,,10-K,001-04423,99507086,,10-K,298689,0,0,,,FORM 10-K
0001047469-99-002067,1999-01-26,,1999-01-26T05:00:00.000Z,,DEFA14A,001-04423,99512401,,DEFA14A,8105,0,0,,,DEFA14A
0000950008-99-000042,1999-02-12,,1999-02-12T05:00:00.000Z,,SC 13G/A,005-11885,99535228,,SC 13G/A,9825,0,0,,,SCHEDULE 13G/A
0000047217-99-000003,1999-02-26,1999-01-31,1999-02-26T05:00:00.000Z,,10-Q,001-04423,99552699,,10-Q,64660,0,0,,,"10-Q FILING FOR QUARTER ENDING JANUARY 31, 1999"
0000047217-99-000004,1999-03-02,1999-03-02,1999-03-02T05:00:00.000Z,,8-K,001-04423,99555442,1,8-K,14218,0,0,,,
0000047217-99-000007,1999-06-11,1999-04-30,1999-06-11T04:00:00.000Z,,10-Q,001-04423,99644735,,10-Q,70902,0,0,,,"10-Q FILING FOR QUARTER ENDING APRIL 30, 1999"
0000047217-99-000009,1999-06-18,1998-12-31,1999-06-18T04:00:00.000Z,,11-K,001-04423,99648629,,11-K,138371,0,0,,,TAXCAP FILING
0001047469-99-026748,1999-07-08,,1999-07-08T04:00:00.000Z,,SC 13D,,,,SC 13D,150303,0,0,,,SCHEDULE 13-D
0001012870-99-003191,1999-09-15,1999-07-31,1999-09-15T04:00:00.000Z,,NT 10-Q,001-04423,99712183,,NT 10-Q,9695,0,0,,,FORM 12B-25
0001012870-99-003266,1999-09-20,1999-07-31,1999-09-20T04:00:00.000Z,,10-Q,001-04423,99714134,,10-Q,357297,0,0,,,FORM 10-Q
0001012870-99-003765,1999-10-20,,1999-10-20T04:00:00.000Z,,POS AM,333-44113,99731359,,POS AM,12009,0,0,,,AMENDMENT NO. 4 TO THE FORM S-3
0001012870-99-004152,1999-11-12,,1999-11-12T05:00:00.000Z,,SC 13D/A,,,,SC 13D/A,19604,0,0,,,FORM SC 13D/A
0001012870-99-004153,1999-11-12,,1999-11-12T05:00:00.000Z,,SC 13D/A,,,,SC 13D/A,19616,0,0,,,FORM SC 13D/A
0001012870-99-004759,1999-12-22,1999-03-31,1999-12-22T05:00:00.000Z,,13F-HR,028-02187,99779193,,13F-HR,17585,0,0,,,FORM 13-F
0001012870-99-004760,1999-12-22,1999-06-30,1999-12-22T05:00:00.000Z,,13F-HR,028-02187,99779195,,13F-HR,17038,0,0,,,FORM 13-F
0001012870-99-004761,1999-12-22,1999-09-30,1999-12-22T05:00:00.000Z,,13F-HR,028-02187,99779196,,13F-HR,16022,0,0,,,FORM 13-F
0000912057-00-001251,2000-01-14,2000-02-29,2000-01-14T05:00:00.000Z,,DEF 14A,001-04423,507237,,DEF 14A,272271,0,0,,,DEF 14A
0000912057-00-001645,2000-01-19,,2000-01-19T05:00:00.000Z,,DEFA14A,001-04423,509603,,DEFA14A,20207,0,0,,,DEF14A
0000912057-00-002692,2000-01-27,1999-10-31,2000-01-27T05:00:00.000Z,,10-K,001-04423,515020,,10-K,587052,0,0,,,10-K
0000912057-00-004347,2000-02-08,,2000-02-08T05:00:00.000Z,,DEFA14A,001-04423,526112,,DEFA14A,13473,0,0,,,DEFA14A
0001012870-00-000466,2000-02-09,,2000-02-09T05:00:00.000Z,,SC 13G/A,,,,SC 13G/A,9288,0,0,,,AMENDMENT TO SCHEDULE 13G
0000047217-00-000004,2000-02-10,,2000-02-10T05:00:00.000Z,,SC 13G,,,,SC 13G,10042,0,0,,,STATEMENT OF OWNERSHIP
0001012870-00-000626,2000-02-14,,2000-02-14T05:00:00.000Z,,SC 13G/A,005-11885,538043,,SC 13G/A,8560,0,0,,,AMENDMENT #2 TO SCHEDULE 13G
0001012870-00-000627,2000-02-14,,2000-02-14T05:00:00.000Z,,SC 13G/A,005-11885,538049,,SC 13G/A,8780,0,0,,,AMENDMENT #1 TO SCHEDULE 13G
0001012870-00-000629,2000-02-14,,2000-02-14T05:00:00.000Z,,SC 13G/A,005-11885,538104,,SC 13G/A,8792,0,0,,,AMENDMENT #1 TO SCHEDULE 13G
0000047217-00-000011,2000-02-18,1999-12-31,2000-02-18T05:00:00.000Z,,13F-HR,028-02187,549406,,13F-HR,16927,0,0,,,FORM 13-F
0000912057-00-007748,2000-02-18,,2000-02-18T05:00:00.000Z,,S-3,333-30786,549767,,S-3,134088,0,0,,,FORM S-3
0001012870-00-001379,2000-03-15,2000-01-31,2000-03-15T05:00:00.000Z,,10-Q,001-04423,570866,,10-Q,84922,0,0,,,FORM 10-Q
0000912057-00-012070,2000-03-17,,2000-03-17T05:00:00.000Z,,S-3/A,333-30786,571972,,S-3/A,631332,0,0,,,FORM S-3/A
0001012870-00-001559,2000-03-23,,2000-03-23T05:00:00.000Z,,SC 13D/A,,,,SC 13D/A,9554,0,0,,,AMENDMENT NO. 2 TO SCHEDULE 13D
0001012870-00-002036,2000-04-11,2000-04-07,2000-04-11T04:00:00.000Z,,8-K,001-04423,598645,"5,7",8-K,8584,0,0,,,FORM 8-K
0000912057-00-020334,2000-04-28,,2000-04-28T04:00:00.000Z,,S-8,333-35836,612545,,S-8,87788,0,0,,,FORM S-8
0000891618-00-002782,2000-05-12,2000-05-11,2000-05-12T04:00:00.000Z,,8-K,001-04423,628555,"5,7",8-K,34622,0,0,,,FORM 8-K
0000047217-00-000023,2000-05-16,2000-03-31,2000-05-16T04:00:00.000Z,,13F-HR,028-02187,637136,,13F-HR,14798,0,0,,,FORM 13-F
0000891618-00-003151,2000-06-05,2000-06-02,2000-06-05T04:00:00.000Z,,8-K,001-04423,648886,"2,5,7",8-K,8774,0,0,,0001.txt,FORM 8-K
0000912057-00-027827,2000-06-08,2000-04-30,2000-06-08T04:00:00.000Z,,10-Q,001-04423,651604,,10-Q,114142,0,0,,a10-q.txt,10-Q
0000912057-00-027833,2000-06-08,,2000-06-08T04:00:00.000Z,,424B5,333-30786,651648,,424B5,146159,0,0,,a424b5.txt,424B5
0000912057-00-028783,2000-06-15,2000-06-09,2000-06-15T04:00:00.000Z,,8-K,001-04423,655854,"5,7",8-K,124230,0,0,,a8-k.txt,FORM 8-K
0000912057-00-030156,2000-06-28,1999-12-31,2000-06-28T04:00:00.000Z,,11-K,001-04423,662906,,11-K,143838,0,0,,a11-k.txt,FORM 11-K
0000950172-00-001236,2000-07-10,,2000-07-10T04:00:00.000Z,,SC 13D,,,,SC 13D,113487,0,0,,0001.txt,SCHEDULE 13D
0000047217-00-000027,2000-07-12,2000-03-31,2000-07-12T04:00:00.000Z,,13F-HR/A,028-02187,671558,,13F-HR/A,4535,0,0,,0001.txt,
0000047217-00-000063,2000-08-18,2000-06-30,2000-08-18T04:00:00.000Z,,13F-HR,028-02187,705452,,13F-HR,6043,0,0,,0001.txt,FORM 13-F
0000912057-00-038195,2000-08-18,2000-08-16,2000-08-18T04:00:00.000Z,,8-K,001-04423,705261,5,8-K,4297,0,0,,a8-k.txt,FORM 8-K
0000912057-00-040911,2000-09-12,2000-09-11,2000-09-12T04:00:00.000Z,,8-K,001-04423,720912,"5,7",8-K,9791,0,0,,a2025498z8-k.txt,FORM 8-K
0000912057-00-041091,2000-09-12,2000-07-31,2000-09-12T04:00:00.000Z,,10-Q,001-04423,721524,,10-Q,155621,0,0,,a10-q.txt,10-Q
0000912057-00-041233,2000-09-13,2000-07-31,2000-09-13T04:00:00.000Z,,10-Q/A,001-04423,722296,,10-Q/A,113035,0,0,,a2025607z10-qa.txt,10-Q/A
0000912057-00-041708,2000-09-18,2000-09-18,2000-09-18T04:00:00.000Z,,8-K,001-04423,724565,"5,7",8-K,26523,0,0,,a2025976z8-k.txt,8-K
0000912057-00-041709,2000-09-18,,2000-09-18T04:00:00.000Z,,425,001-04423,724582,,425,25272,0,0,,a2025970z425.txt,FORM 425
0000912057-00-042358,2000-09-22,2000-09-21,2000-09-22T04:00:00.000Z,,8-K,001-04423,727566,"4,7",8-K,11452,0,0,,a2026346z8-k.txt,FORM 8-K
0000912057-00-043194,2000-09-29,,2000-09-29T04:00:00.000Z,,SC 13G/A,005-11885,732684,,SC 13G/A,10118,0,0,,a2026905zsc13ga.txt,SC 13G/A
0000912057-00-045737,2000-10-25,,2000-10-25T04:00:00.000Z,,425,,,,425,10621,0,0,,a2028560z425.txt,FORM 425
0000912057-00-045877,2000-10-25,,2000-10-25T04:00:00.000Z,,425,,,,425,17032,0,0,,a2028593z425.txt,425
0000912057-00-045879,2000-10-25,,2000-10-25T04:00:00.000Z,,425,,,,425,25739,0,0,,a2028595z425.txt,FORM 425
0000912057-00-045880,2000-10-25,2000-10-24,2000-10-25T04:00:00.000Z,,8-K,001-04423,745758,5,8-K,12506,0,0,,a2028597z8-k.txt,8-K
0000912057-00-045894,2000-10-25,,2000-10-25T04:00:00.000Z,,425,001-04423,745866,,425,25729,0,0,,a2028664z425.txt,FORM 425
0000912057-00-045895,2000-10-25,,2000-10-25T04:00:00.000Z,,425,001-04423,745864,,425,17022,0,0,,a2028663z425.txt,425
0000912057-00-046228,2000-10-27,,2000-10-27T04:00:00.000Z,,SC 13D,,,,SC 13D,380666,0,0,,a2028192zsc13d.txt,SCHEDULE 13D
0000912057-00-046658,2000-10-31,,2000-10-31T05:00:00.000Z,,425,,,,425,34893,0,0,,a2029127z425.txt,425
0000047217-00-000066,2000-11-01,2000-09-30,2000-11-01T05:00:00.000Z,,13F-HR,028-02187,750769,,13F-HR,6007,0,0,,0001.txt,FORM 13-F
0000912057-00-047100,2000-11-03,,2000-11-03T05:00:00.000Z,,SC 13D,,,,SC 13D,242592,0,0,,a2029284zsc13d.txt,SC 13D
0000912057-00-048280,2000-11-09,,2000-11-09T05:00:00.000Z,,S-4,333-49678,757730,,S-4,482926,0,0,,a2029744zs-4.txt,S-4
0000912057-00-048651,2000-11-13,2000-11-13,2000-11-13T05:00:00.000Z,,8-K,001-04423,758796,"5,7,9",8-K,58899,0,0,,a2030897z8-k.txt,8-K
0000912057-00-048867,2000-11-13,,2000-11-13T05:00:00.000Z,,425,,,,425,29796,0,0,,a2030900z425.txt,425
0000047217-00-000084,2000-11-20,2000-09-30,2000-11-20T05:00:00.000Z,,13F-HR/A,028-02187,773091,,13F-HR/A,4589,0,0,,0001.txt,
0000047217-00-000085,2000-11-20,2000-06-30,2000-11-20T05:00:00.000Z,,13F-HR/A,028-02187,773095,,13F-HR/A,4609,0,0,,0001.txt,FORM 13-F
0000047217-00-000088,2000-11-20,2000-03-31,2000-11-20T05:00:00.000Z,,13F-HR/A,028-02187,773108,,13F-HR/A,4638,0,0,,0001.txt,FORM 13-F
0000047217-00-000089,2000-11-20,1999-12-31,2000-11-20T05:00:00.000Z,,13F-HR/A,028-02187,773110,,13F-HR/A,4642,0,0,,0001.txt,FORM 13-F
0000912057-00-052452,2000-12-06,2000-12-06,2000-12-06T05:00:00.000Z,,8-K,001-04423,784503,9,8-K,12427,0,0,,a2032645z8-k.txt,8-K
0000912057-00-052845,2000-12-08,,2000-12-08T05:00:00.000Z,,S-4/A,333-49678,786193,,S-4/A,501287,0,0,,a2032643zs-4a.txt,S-4/A
0000912057-00-053137,2000-12-12,,2000-12-12T05:00:00.000Z,,424B4,333-49678,787634,,424B4,445009,0,0,,a2033061z424b4.txt,424B4
0000912057-01-000457,2001-01-05,2001-02-27,2001-01-05T05:00:00.000Z,,PRE 14A,001-04423,1502964,,PRE 14A,507899,0,0,,a2033467zpre14a.htm,PRE 14A
0000912057-01-001204,2001-01-11,2001-01-11,2001-01-11T05:00:00.000Z,,8-K,001-04423,1507375,"5,7",8-K,18104,0,0,,a2035056z8-k.txt,FORM 8-K
0000912057-01-002020,2001-01-18,,2001-01-18T05:00:00.000Z,,POS EX,333-49678,1511070,,POS AM,50137,0,0,,a2035751zposam.txt,POS AM
0000912057-01-002700,2001-01-25,2001-02-27,2001-01-25T05:00:00.000Z,,DEF 14A,001-04423,1514532,,DEF 14A,164224,0,0,,a2034882zdef14a.txt,DEF 14A
0000912057-01-002796,2001-01-25,2000-10-31,2001-01-25T05:00:00.000Z,,10-K,001-04423,1515031,,10-K,378844,0,0,,a2032630z10-k.txt,10-K
0000912057-01-003466,2001-01-30,,2001-01-30T05:00:00.000Z,,SC 13G,,,,SC 13G,11159,0,0,,a2036666zsc13g.txt,SC 13G
0001012870-01-000321,2001-01-30,,2001-01-30T05:00:00.000Z,,SC 13G/A,005-11885,1519422,,SC 13G/A,12142,0,0,,0001.txt,AMENDMENT #3 TO SCHEDULE 13G
0000912057-01-004213,2001-02-07,,2001-02-07T05:00:00.000Z,,SC 13G,,,,SC 13G,9644,0,0,,a2037322zsc13g.txt,SC 13G
0000912057-01-004215,2001-02-07,,2001-02-07T05:00:00.000Z,,SC 13G/A,,,,SC 13G/A,10157,0,0,,a2037324zsc13ga.txt,SC 13G/A
0000912057-01-004337,2001-02-08,2001-02-02,2001-02-08T05:00:00.000Z,,8-K,001-04423,1528745,5,8-K,5265,0,0,,a2037706z8-k.txt,8-K
0000047217-01-500003,2001-02-12,2000-12-31,2001-02-12T05:00:00.000Z,,13F-HR,028-02187,1534210,,13F-HR,6082,0,0,,hpattach.txt,Q4
0000912057-01-005703,2001-02-14,,2001-02-14T05:00:00.000Z,,SC 13G/A,005-11885,1543808,,SC 13G/A,26606,0,0,,a2038927zsc13ga.txt,SCHEDULE 13G
0000912057-01-006096,2001-02-15,2001-02-15,2001-02-15T05:00:00.000Z,,8-K,001-04423,1548491,"5,7",8-K,28867,0,0,,a2039093z8-k.txt,8-K
0000912057-01-007696,2001-03-16,2001-01-31,2001-03-16T05:00:00.000Z,,10-Q,001-04423,1570693,,10-Q,136573,0,0,,a2040165z10-q.txt,10-Q
0000912057-01-509288,2001-04-18,2001-04-18,2001-04-18T04:00:00.000Z,,8-K,001-04423,1605061,"5,7",8-K,20912,0,0,,a2045957z8-k.txt,8-K
0000047217-01-500007,2001-05-14,2001-03-30,2001-05-14T04:00:00.000Z,,13F-HR,028-02187,1632699,,13F-HR,6769,0,0,,form13-f_033001.txt,"COVER LETTER, SUMMARY, TABLE"
0000912057-01-516545,2001-05-16,2001-05-16,2001-05-16T04:00:00.000Z,,8-K,001-04423,1641925,"5,7",8-K,38871,0,0,,a2049892z8-k.txt,FORM 8-K
0001012870-01-500890,2001-05-16,,2001-05-16T04:00:00.000Z,,424B2,333-30786,1641989,,424B2,219760,0,0,,d424b2.txt,FORM 424B2 PROSPECTUS SUPPLEMENT
0001021408-01-501334,2001-05-24,2001-05-24,2001-05-24T04:00:00.000Z,,8-K,001-04423,1647570,"5,7",8-K,316340,0,0,,d8k.txt,FORM 8-K
0000912057-01-518444,2001-06-04,2001-06-04,2001-06-04T04:00:00.000Z,,8-K,001-04423,1653226,"5,7",8-K,12207,0,0,,a2051112z8-k.txt,FORM 8-K
0000912057-01-518596,2001-06-05,2001-06-04,2001-06-05T04:00:00.000Z,,8-K,001-04423,1654026,"5,7",8-K,8498,0,0,,a2051166z8-k.txt,8-K
0000912057-01-518760,2001-06-06,2001-06-06,2001-06-06T04:00:00.000Z,,8-K,001-04423,1654853,"5,7",8-K,8664,0,0,,a2051293z8-k.txt,8-K
0000912057-01-519769,2001-06-13,2001-04-30,2001-06-13T04:00:00.000Z,,10-Q,001-04423,1660241,,10-Q,230092,0,0,,a2050788z10-q.txt,10-Q
0000047217-01-500009,2001-06-28,2000-12-31,2001-06-28T04:00:00.000Z,,11-K,001-04423,1669890,,11-K,116221,0,0,,form_11k-123100.txt,BODY
0001012870-01-501362,2001-06-28,,2001-06-28T04:00:00.000Z,,424B3,333-30786,1670337,,424B3,5796,0,0,,d424b3.txt,FILED PURSUANT TO RULE 424(B)(3)
0000912057-01-522798,2001-07-05,2001-07-05,2001-07-05T04:00:00.000Z,,8-K,001-04423,1675691,5,8-K,4275,0,0,,a2053635z8-k.txt,CURRENT REPORT
0000912057-01-525270,2001-07-26,2001-07-26,2001-07-26T04:00:00.000Z,,8-K,001-04423,1689286,"5,7",8-K,9803,0,0,,a2055210z8-k.txt,8-K
0000912057-01-525388,2001-07-26,2001-07-26,2001-07-26T04:00:00.000Z,,8-K,001-04423,1690107,"5,7",8-K,26332,0,0,,a2055213z8-k.txt,8-K
0000047217-01-500011,2001-08-03,2001-06-30,2001-08-03T04:00:00.000Z,,13F-HR,028-02187,1696593,,13F-HR,7201,0,0,,form13-f_063001.txt,COVER LETTER; SUMMARY; TABLE
0000912057-01-529273,2001-08-16,2001-08-16,2001-08-16T04:00:00.000Z,,8-K,001-04423,1717147,"5,7",8-K,43122,0,0,,a2057359z8-k.txt,8-K
0001012870-01-501771,2001-08-31,,2001-08-31T04:00:00.000Z,,424B3,333-30786,1729629,,424B3,6024,0,0,,d424b3.txt,PRICING SUPPLEMENT
0000912057-01-531160,2001-09-04,,2001-09-04T04:00:00.000Z,,425,,,,425,19442,0,0,,a2058603z425.txt,RULE 425
0000912057-01-531188,2001-09-04,,2001-09-04T04:00:00.000Z,,425,,,,425,14365,0,0,,a2058607z425.txt,425
0000912057-01-531193,2001-09-04,2001-08-31,2001-09-04T04:00:00.000Z,,8-K,001-04423,1730182,"5,7",8-K,426401,0,0,,a2058600z8-k.txt,8-K
0000912057-01-531199,2001-09-04,,2001-09-04T04:00:00.000Z,,8-A12B,001-04423,1730232,,8-A12B,289988,0,0,,a2058601z8-a12b.txt,FORM 8-A
0001012870-01-501792,2001-09-04,,2001-09-04T04:00:00.000Z,,424B3,333-30786,1730646,,424B3,5671,0,0,,d424b3.txt,PRICING SUPPLEMENT NO. 3
0000912057-01-531328,2001-09-05,,2001-09-05T04:00:00.000Z,,425,,,,425,310667,0,0,,a2058608z425.htm,FORM 425
0000912057-01-531677,2001-09-07,,2001-09-07T04:00:00.000Z,,425,,,,425,12918,0,0,,a2058845z425.txt,425
0000912057-01-531684,2001-09-07,2001-09-06,2001-09-07T04:00:00.000Z,,8-K,001-04423,1733633,"5,7",8-K,294517,0,0,,a2058854z8-k.txt,FORM 8-K
0000047217-01-500015,2001-09-10,,2001-09-10T04:00:00.000Z,,SC 13G/A,005-11885,1734922,,SC 13G/A,9639,0,0,,schedule13ga_091001.txt,AMENDMENT #2 TO SCHEDULE 13G
0000912057-01-531699,2001-09-10,,2001-09-10T04:00:00.000Z,,SC 13D/A,,,,SC 13D/A,444119,0,0,,a2058850zsc13da.txt,SC 13D/A
0000912057-01-532057,2001-09-13,2001-08-31,2001-09-13T04:00:00.000Z,,8-K/A,001-04423,1736043,5,8-K/A,5262,0,0,,a2059108z8-ka.txt,8-K/A
0000912057-01-532182,2001-09-14,2001-07-31,2001-09-14T04:00:00.000Z,,10-Q,001-04423,1736851,,10-Q,172866,0,0,,a2058428z10-q.txt,10-Q
0000912057-01-532596,2001-09-18,2001-09-17,2001-09-18T04:00:00.000Z,,8-K,001-04423,1739844,"5,7",8-K,6490,0,0,,a2059499z8-k.txt,FORM 8-K
0000912057-01-532597,2001-09-18,,2001-09-18T04:00:00.000Z,,425,001-04423,1739860,,425,11321,0,0,,a2059498z425.txt,425
0000912057-01-532711,2001-09-19,2001-09-06,2001-09-19T04:00:00.000Z,,8-K/A,001-04423,1740565,7,8-K/A,416096,0,0,,a2059315z8-ka.txt,8-K/A
0000912057-01-532733,2001-09-19,,2001-09-19T04:00:00.000Z,,425,001-04423,1740659,,425,10048,0,0,,a2059593z425.txt,425
0000912057-01-532735,2001-09-19,,2001-09-19T04:00:00.000Z,,425,001-04423,1740662,,425,12473,0,0,,a2059594z425.txt,425
0000912057-01-532736,2001-09-19,,2001-09-19T04:00:00.000Z,,425,001-04423,1740663,,425,11666,0,0,,a2059597z425.txt,425
0000912057-01-532743,2001-09-19,,2001-09-19T04:00:00.000Z,,SC 13D/A,,,,SC 13D/A,172359,0,0,,a2058850zsc13da.txt,SC 13D/A
0000912057-01-532771,2001-09-20,,2001-09-20T04:00:00.000Z,,425,001-04423,1740751,,425,18684,0,0,,a2059600z425.txt,425
0000912057-01-532772,2001-09-20,,2001-09-20T04:00:00.000Z,,425,001-04423,1740752,,425,13736,0,0,,a2059598z425.txt,425
0000912057-01-532773,2001-09-20,,2001-09-20T04:00:00.000Z,,425,001-04423,1740753,,425,22160,0,0,,a2059599z425.txt,425
0000912057-01-533390,2001-09-25,,2001-09-25T04:00:00.000Z,,425,001-04423,1744269,,425,49996,0,0,,a2059759z425.txt,425
0000891554-01-505168,2001-09-26,,2001-09-26T04:00:00.000Z,,S-8,333-70232,1745435,,S-8,71339,0,0,,forms-8_092501.txt,FORM S-8
0000912057-01-534096,2001-10-01,,2001-10-01T04:00:00.000Z,,425,001-04423,1749860,,425,13590,0,0,,a2060287z425.txt,425
0000912057-01-534317,2001-10-03,,2001-10-03T04:00:00.000Z,,425,001-04423,1751407,,425,10999,0,0,,a2060438z425.txt,425
0000047217-01-500019,2001-10-09,,2001-10-09T04:00:00.000Z,,S-8 POS,333-70232,1754576,,S-8 POS,11326,0,0,,form-s8pos_100801.txt,
0000912057-01-534835,2001-10-09,,2001-10-09T04:00:00.000Z,,425,001-04423,1754868,,425,18541,0,0,,a2060796z425.txt,425
0000912057-01-535541,2001-10-16,,2001-10-16T04:00:00.000Z,,425,001-04423,1759894,,425,26790,0,0,,a2060647z425.txt,425
0000912057-01-536664,2001-10-25,,2001-10-25T04:00:00.000Z,,425,001-04423,1766719,,425,19111,0,0,,a2061812z425.txt,425
0000047217-01-500022,2001-11-06,2001-09-30,2001-11-06T05:00:00.000Z,,13F-HR,028-02187,1775810,,13F-HR,6643,0,0,,form13-f_093001cover.txt,"COVER PAGE,SUMMARY PAGE AND INFORMATION TABLE"
0000912057-01-537734,2001-11-06,2001-11-05,2001-11-06T05:00:00.000Z,,8-K,001-04423,1775487,"5,7",8-K,89427,0,0,,a2062512z8-k.txt,8-K
0000912057-01-538067,2001-11-07,,2001-11-07T05:00:00.000Z,,425,001-04423,1777408,,425,9804,0,0,,a2062843z425.txt,FORM 425
0001012870-01-502602,2001-11-07,,2001-11-07T05:00:00.000Z,,425,001-04423,1776389,,425,7244,0,0,,d425.txt,FORM 425
0000912057-01-538679,2001-11-13,,2001-11-13T05:00:00.000Z,,425,001-04423,1781244,,425,17784,0,0,,a2063145z425.txt,425
0000912057-01-539246,2001-11-13,,2001-11-13T05:00:00.000Z,,425,001-04423,1785226,,425,8502,0,0,,a2063653z425.txt,425
0000891618-01-502250,2001-11-14,,2001-11-14T05:00:00.000Z,,SC 13D,005-11885,1790252,,SC 13D,49402,0,0,,f77263sc13d.txt,SC 13D
0000912057-01-539603,2001-11-14,2001-11-14,2001-11-14T05:00:00.000Z,,8-K,001-04423,1788088,"5,7",8-K,96918,0,0,,a2063765z8-k.txt,8-K
0000912057-01-539917,2001-11-14,,2001-11-14T05:00:00.000Z,,425,001-04423,1791813,,425,77225,0,0,,a2063829z425.txt,FORM 425
0000912057-01-540069,2001-11-15,,2001-11-15T05:00:00.000Z,,425,001-04423,1792900,,425,23744,0,0,,a2063948z425.txt,FORM 425
0000950109-01-505083,2001-11-15,,2001-11-15T05:00:00.000Z,,S-4,333-73454,1793261,,S-4,755287,0,0,,ds4.txt,FORM S-4
0000891618-01-502282,2001-11-16,,2001-11-16T05:00:00.000Z,,DFAN14A,001-04423,1793630,,DFAN14A,12860,0,0,,f77263d2dfan14a.htm,WALTER B. HEWLETT SOLICITING MATERIALS
0000891618-01-502286,2001-11-16,,2001-11-16T05:00:00.000Z,,DFAN14A,001-04423,1793634,,DFAN14A,5204570,0,0,,f77263dfdfan14a.htm,WALTER B. HEWLETT SOLICITING MATERIALS
0001012870-01-502883,2001-11-16,2001-11-15,2001-11-16T05:00:00.000Z,,8-K,001-04423,1794182,"5,7",8-K,99704,0,0,,d8k.txt,FORM 8-K
0000912057-01-540444,2001-11-19,,2001-11-19T05:00:00.000Z,,425,001-04423,1795918,,425,20064,0,0,,a2064117z425.txt,425
0000912057-01-540446,2001-11-19,,2001-11-19T05:00:00.000Z,,425,001-04423,1795923,,425,15832,0,0,,a2063963z425.txt,425
0001012870-01-502918,2001-11-20,,2001-11-20T05:00:00.000Z,,S-4,333-73786,1796933,,S-4,1264305,0,0,,ds4.txt,FORM S-4
0000912057-01-541201,2001-11-28,,2001-11-28T05:00:00.000Z,,425,001-04423,1800994,,425,16999,0,0,,a2064704z425.txt,425
0000891618-01-502396,2001-11-29,,2001-11-29T05:00:00.000Z,,DFRN14A,001-04423,1801450,,DFRN14A,13681,0,0,,f77503d1dfrn14a.htm,AMENDMENT 1 WALTER B. HEWLETT SOLICITING MATERIALS
0000891618-01-502397,2001-11-29,,2001-11-29T05:00:00.000Z,,DFRN14A,001-04423,1801451,,DFRN14A,40033,0,0,,f77503d2dfrn14a.htm,AMENDMENT 1 WALTER B. HEWLETT SOLICITING MATERIALS
0000891618-01-502398,2001-11-29,,2001-11-29T05:00:00.000Z,,SC 13D/A,005-11885,1801464,,SC 13D/A,8721,0,0,,f77503a1sc13da.txt,AMENDMENT NO. 1 TO SCHEDULE 13D
0000912057-01-541558,2001-11-30,2001-11-29,2001-11-30T05:00:00.000Z,,8-K,001-04423,1803857,"5,7",8-K,179907,0,0,,a2064791z8-k.txt,8-K
0000912057-01-541615,2001-11-30,,2001-11-30T05:00:00.000Z,,425,001-04423,1804344,,425,30236,0,0,,a2064960z425.txt,FORM 425
0000912057-01-541616,2001-11-30,,2001-11-30T05:00:00.000Z,,425,001-04423,1804352,,425,15136,0,0,,a2064976z425.txt,425
0000912057-01-541728,2001-12-03,,2001-12-03T05:00:00.000Z,,425,001-04423,1804875,,425,11550,0,0,,a2065094z425.txt,425
0000912057-01-541773,2001-12-03,,2001-12-03T05:00:00.000Z,,425,001-04423,1805283,,425,19184,0,0,,a2064920z425.txt,425
0000912057-01-541884,2001-12-04,,2001-12-04T05:00:00.000Z,,424B5,333-30786,1805906,,424B5,167386,0,0,,a2064810z424b5.txt,424B5
0001012870-01-503034,2001-12-04,,2001-12-04T05:00:00.000Z,,S-4/A,333-73454,1806267,,S-4/A,31611,0,0,,ds4a.txt,AMENDMENT #1 TO FORM S-4
0000891618-01-502477,2001-12-05,,2001-12-05T05:00:00.000Z,,DFAN14A,001-04423,1806321,,DFAN14A,79843,0,0,,f77503d3dfan14a.htm,WALTER B. HEWLETT SOLICITING MATERIALS
0000912057-01-542488,2001-12-07,2001-12-07,2001-12-07T05:00:00.000Z,,8-K,001-04423,1809039,"5,7",8-K,131276,0,0,,a2065532z8-k.txt,8-K
0000912057-01-542500,2001-12-07,,2001-12-07T05:00:00.000Z,,425,001-04423,1809182,,425,17399,0,0,,a2065503z425.txt,425
0000912057-01-542501,2001-12-07,,2001-12-07T05:00:00.000Z,,425,001-04423,1809185,,425,15316,0,0,,a2065505z425.txt,425
0000912057-01-542502,2001-12-07,,2001-12-07T05:00:00.000Z,,425,001-04423,1809189,,425,17416,0,0,,a2065538z425.txt,425
0000891618-01-502539,2001-12-10,,2001-12-10T05:00:00.000Z,,DFAN14A,001-04423,1809323,,DFAN14A,17385,0,0,,f77503d4dfan14a.htm,DFAN14A
0000912057-01-542534,2001-12-10,,2001-12-10T05:00:00.000Z,,425,001-04423,1809327,,425,10833,0,0,,a2065622z425.txt,425
0000912057-01-542535,2001-12-10,,2001-12-10T05:00:00.000Z,,425,001-04423,1809328,,425,12004,0,0,,a2065620z425.txt,425
0000912057-01-542658,2001-12-10,,2001-12-10T05:00:00.000Z,,425,001-04423,1810518,,425,14161,0,0,,a2065507z425.txt,425
0000912057-01-542659,2001-12-10,,2001-12-10T05:00:00.000Z,,425,001-04423,1810524,,425,14559,0,0,,a2065690z425.txt,425
0000912057-01-542745,2001-12-11,,2001-12-11T05:00:00.000Z,,425,001-04423,1811158,,425,12640,0,0,,a2065754z425.txt,425
0000891618-01-502587,2001-12-13,,2001-12-13T05:00:00.000Z,,DFAN14A,001-04423,1812534,,DFAN14A,14172,0,0,,f77503d6dfan14a.htm,DFAN14A
0000891618-01-502593,2001-12-13,,2001-12-13T05:00:00.000Z,,DFRN14A,001-04423,1812542,,DFRN14A,117179,0,0,,f77503d5dfrn14a.htm,DFRAN14A
0000912057-01-542968,2001-12-13,,2001-12-13T05:00:00.000Z,,425,001-04423,1812507,,425,1734290,0,0,,a2065840z425.htm,425
0000912057-01-543102,2001-12-13,,2001-12-13T05:00:00.000Z,,425,001-04423,1813195,,425,12812,0,0,,a2065998z425.txt,425
0000912057-01-543236,2001-12-14,,2001-12-14T05:00:00.000Z,,425,001-04423,1813886,,425,16977,0,0,,a2066075z425.txt,425
0000912057-01-543295,2001-12-14,,2001-12-14T05:00:00.000Z,,425,001-04423,1814657,,425,19179,0,0,,a2066130z425.txt,425
0000912057-01-543324,2001-12-17,,2001-12-17T05:00:00.000Z,,425,001-04423,1814797,,425,17397,0,0,,a2066154z425.txt,425
9999999997-02-006021,2001-12-17,2001-10-30,2001-12-17T05:00:00.000Z,,NO ACT,001-04423,02011016,,NO ACT,1632,0,0,,9999999997-02-006021.paper,AUTO-GENERATED PAPER DOCUMENT
9999999997-02-006026,2001-12-17,2001-10-30,2001-12-17T05:00:00.000Z,,NO ACT,001-04423,02011020,,NO ACT,1632,0,0,,9999999997-02-006026.paper,AUTO-GENERATED PAPER DOCUMENT
9999999997-02-006030,2001-12-17,2001-10-30,2001-12-17T05:00:00.000Z,,NO ACT,001-04423,02011015,,NO ACT,1632,0,0,,9999999997-02-006030.paper,AUTO-GENERATED PAPER DOCUMENT
0000891618-01-502653,2001-12-18,,2001-12-18T05:00:00.000Z,,DFAN14A,001-04423,1816414,,DFAN14A,14453,0,0,,f77503d7dfan14a.htm,DFAN14A
0000912057-01-543714,2001-12-18,,2001-12-18T05:00:00.000Z,,425,001-04423,1816098,,425,14192,0,0,,a2066289z425.txt,425
0000912057-01-543717,2001-12-18,,2001-12-18T05:00:00.000Z,,425,001-04423,1816120,,425,14192,0,0,,a2066289z425.txt,425
0000912057-01-543890,2001-12-19,,2001-12-19T05:00:00.000Z,,425,001-04423,1817030,,425,85087,0,0,,a2066307z425.htm,425
0000912057-01-543892,2001-12-19,,2001-12-19T05:00:00.000Z,,425,001-04423,1817031,,425,9321,0,0,,a2066402z425.txt,425
0000950109-01-505755,2001-12-19,,2001-12-19T05:00:00.000Z,,425,001-04423,1817051,,425,7807326,0,0,,d425.htm,POWER POINT SLIDES FILED PURSUANT TO RULE 425
0001012870-01-503216,2001-12-19,,2001-12-19T05:00:00.000Z,,425,,,,425,12248,0,0,,d425.txt,FILED PURSUANT TO RULE 425
0001012870-01-503237,2001-12-20,,2001-12-20T05:00:00.000Z,,425,001-04423,1820040,,425,12511,0,0,,d425.txt,FILED PURSUANT TO RULE 425
0001012870-01-503238,2001-12-20,,2001-12-20T05:00:00.000Z,,425,001-04423,1820073,,425,19464,0,0,,d425.txt,FILED PURSUANT TO RULE 425
0001012870-01-503239,2001-12-20,,2001-12-20T05:00:00.000Z,,425,001-04423,1820082,,425,11989,0,0,,d425.txt,FILED PURSUANT TO RULE 425
0001012870-01-503246,2001-12-21,,2001-12-21T05:00:00.000Z,,425,001-04423,1820210,,425,13207,0,0,,d425.txt,FILED PURSUANT TO RULE 425
0001012870-01-503248,2001-12-21,,2001-12-21T05:00:00.000Z,,425,001-04423,1820211,,425,33628,0,0,,d425.txt,FILED PURSUANT TO RULE 425
0001012870-01-503249,2001-12-21,,2001-12-21T05:00:00.000Z,,425,001-04423,1820214,,425,26395,0,0,,d425.txt,FILED PURSUANT TO RULE 425
0001012870-01-503257,2001-12-21,,2001-12-21T05:00:00.000Z,,425,001-04423,1821948,,425,12643,0,0,,d425.txt,FILED PURSUANT TO RULE 425
0000950144-01-510261,2001-12-27,,2001-12-27T05:00:00.000Z,,PREC14A,001-04423,1823496,,PREC14A,215372,0,0,,g73449prec14a.htm,"WALTER B. HEWLETT, ET. AL."
0001012870-01-503283,2001-12-28,,2001-12-28T05:00:00.000Z,,425,001-04423,1824408,,425,11207,0,0,,d425.txt,FILED PURSUANT TO RULE 425
0000891618-02-000037,2002-01-07,,2002-01-07T05:00:00.000Z,,DFRN14A,001-04423,2502630,,DFRN14A,53064,0,0,,f77503d8dfrn14a.htm,DFRN14A
0001012870-02-000026,2002-01-07,,2002-01-07T05:00:00.000Z,,425,001-04423,2502568,,425,11995,0,0,,d425.txt,FILED PURSUANT TO RULE 425
0001012870-02-000036,2002-01-07,,2002-01-07T05:00:00.000Z,,425,001-04423,2503048,,425,11327,0,0,,d425.txt,FILED PURSUANT TO RULE 425
0000891618-02-000052,2002-01-08,,2002-01-08T05:00:00.000Z,,DFAN14A,001-04423,2503507,,DFAN14A,19777,0,0,,f77503d9dfan14a.htm,DFAN14A
0001012870-02-000041,2002-01-08,,2002-01-08T05:00:00.000Z,,425,001-04423,2503479,,425,12835,0,0,,d425.txt,FILED PURSUANT TO RULE 425
0000950109-02-000171,2002-01-10,,2002-01-10T05:00:00.000Z,,425,001-04423,2505726,,425,173215,0,0,,d425.htm,FILED PURSUANT TO RULE 425
0001012870-02-000090,2002-01-11,,2002-01-11T05:00:00.000Z,,425,001-04423,2507132,,425,16424,0,0,,d425.txt,FILED PURSUANT TO RULE 425
0000891618-02-000112,2002-01-14,,2002-01-14T05:00:00.000Z,,PRRN14A,001-04423,2508706,,PRRN14A,269444,0,0,,f78079pnprrn14a.htm,REVISED PRELIMINARY PROXY MATERIALS
0001012870-02-000114,2002-01-14,,2002-01-14T05:00:00.000Z,,S-4/A,333-73454,2508046,,S-4/A,815215,0,0,,ds4a.txt,AMENDMENT #2 TO FORM S-4
0001012870-02-000135,2002-01-14,,2002-01-14T05:00:00.000Z,,425,001-04423,2509073,,425,12048,0,0,,d425.txt,FILED PURSUANT TO RULE 425
0001012870-02-000136,2002-01-14,,2002-01-14T05:00:00.000Z,,425,001-04423,2509088,,425,15019,0,0,,d425.txt,FILED PURSUANT TO RULE 425
0000891618-02-000146,2002-01-17,,2002-01-17T05:00:00.000Z,,DFAN14A,001-04423,2511090,,DFAN14A,23864,0,0,,f78079d1dfan14a.htm,DFAN14A
0001012870-02-000155,2002-01-17,,2002-01-17T05:00:00.000Z,,425,001-04423,2511062,,425,14869,0,0,,d425.txt,FILED PURSUANT TO RULE 425
0001012870-02-000159,2002-01-17,,2002-01-17T05:00:00.000Z,,425,001-04423,2511107,,425,13953,0,0,,d425.txt,FILED PURSUANT TO RULE 425
0001012870-02-000165,2002-01-17,,2002-01-17T05:00:00.000Z,,425,001-04423,2511588,,425,13847,0,0,,d425.txt,FORM 425
0001012870-02-000168,2002-01-17,,2002-01-17T05:00:00.000Z,,425,001-04423,2511670,,425,10364,0,0,,d425.txt,FILED PURSUANT TO RULE 425
0001021408-02-000526,2002-01-17,,2002-01-17T05:00:00.000Z,,425,001-04423,2511206,,425,560066,0,0,,d425.htm,FILED PURSUANT TO RULE 425
0001012870-02-000187,2002-01-18,,2002-01-18T05:00:00.000Z,,425,001-04423,2512957,,425,17134,0,0,,d425.txt,FILED PURSUANT TO RULE 425
0000898430-02-000226,2002-01-22,,2002-01-22T05:00:00.000Z,,425,001-04423,02514371,,425,11115,0,0,,d425.txt,FILED PURSUANT TO RULE 425
0000950109-02-000327,2002-01-22,,2002-01-22T05:00:00.000Z,,425,001-04423,2513053,,425,1429230,0,0,,d425.htm,FILED PURSUANT TO RULE 425
0000047217-02-000003,2002-01-23,2001-12-31,2002-01-23T05:00:00.000Z,,13F-HR,028-02187,02515224,,13F-HR,7055,0,0,,form13-f_123101.txt,"COVER PAGE, SUMMARY PAGE, INFORMATION TABLE"
0000891618-02-000202,2002-01-23,,2002-01-23T05:00:00.000Z,,DFAN14A,001-04423,02515319,,DFAN14A,16472,0,0,,f77503e1dfan14a.htm,DFAN14A
0000891618-02-000208,2002-01-24,,2002-01-24T05:00:00.000Z,,DFAN14A,001-04423,02515496,,DFAN14A,22983,0,0,,f77503e2dfan14a.htm,DFAN14A
0000891618-02-000214,2002-01-24,,2002-01-24T05:00:00.000Z,,DFAN14A,001-04423,02515602,,DFAN14A,483906,0,0,,f77503e3dfan14a.htm,DFAN14A
0000950109-02-000403,2002-01-24,,2002-01-24T05:00:00.000Z,,425,001-04423,02516093,,425,482495,0,0,,d425.htm,FILED PURSUANT TO RULE 425
0001012870-02-000231,2002-01-24,,2002-01-24T05:00:00.000Z,,425,001-04423,02515981,,425,15067,0,0,,d425.txt,FILED PURSUANT TO RULE 425
0001012870-02-000232,2002-01-24,,2002-01-24T05:00:00.000Z,,425,001-04423,02515989,,425,24020,0,0,,d425.txt,FILED PURSUANT TO RULE 425
0001012870-02-000233,2002-01-24,,2002-01-24T05:00:00.000Z,,425,001-04423,02515997,,425,11874,0,0,,d425.txt,FILED PURSUANT TO RULE 425
0001012870-02-000241,2002-01-24,,2002-01-24T05:00:00.000Z,,425,001-04423,02516466,,425,17167,0,0,,d425.txt,FILED PURSUANT TO RULE 425
0000891618-02-000256,2002-01-25,,2002-01-25T05:00:00.000Z,,DFAN14A,001-04423,02517241,,DFAN14A,58815,0,0,,f77503e4dfan14a.htm,DFAN14A
0001012870-02-000244,2002-01-25,,2002-01-25T05:00:00.000Z,,425,001-04423,02516771,,425,15621,0,0,,d425.txt,FILED PURSUANT TO RULE 425
0001012870-02-000246,2002-01-25,,2002-01-25T05:00:00.000Z,,425,001-04423,02516776,,425,11844,0,0,,d425.txt,FILED PURSUANT TO RULE 425
0001012870-02-000258,2002-01-25,,2002-01-25T05:00:00.000Z,,S-4/A,333-73786,02517898,,S-4/A,1683555,0,0,,ds4a.txt,AMENDMENT # 1 TO FORM S-4
0000950109-02-000451,2002-01-28,,2002-01-28T05:00:00.000Z,,425,001-04423,02518379,,425,97178,0,0,,d425.htm,FILED PURSUANT TO RULE 425
0000891618-02-000289,2002-01-29,,2002-01-29T05:00:00.000Z,,DFRN14A,001-04423,02519754,,DFRN14A,206945,0,0,,f77503e5dfrn14a.htm,DFRN14A
0001012870-02-000282,2002-01-29,,2002-01-29T05:00:00.000Z,,425,001-04423,02519691,,425,24007,0,0,,d425.txt,FILED PURSUANT TO RULE 425
0001012870-02-000283,2002-01-29,,2002-01-29T05:00:00.000Z,,425,001-04423,02519696,,425,24128,0,0,,d425.txt,FILED PURSUANT TO RULE 425
0001012870-02-000299,2002-01-29,2001-10-31,2002-01-29T05:00:00.000Z,,10-K,001-04423,02521065,,10-K,633744,0,0,,d10k.txt,FORM 10-K FOR PERIOD ENDED 10/31/2001
0001012870-02-000300,2002-01-29,,2002-01-29T05:00:00.000Z,,425,001-04423,02521115,,425,37760,0,0,,d425.txt,FILED PURSUANT TO RULE 425
0001021408-02-001014,2002-01-29,,2002-01-29T05:00:00.000Z,,425,001-04423,02519728,,425,365141,0,0,,d425.htm,FILED PURSUANT TO RULE 425
0001021408-02-001086,2002-01-29,,2002-01-29T05:00:00.000Z,,425,001-04423,02521196,,425,687732,0,0,,d425.htm,FILED PURSUANT TO RULE 425
0000891618-02-000319,2002-01-30,,2002-01-30T05:00:00.000Z,,DFAN14A,001-04423,02522297,,DFAN14A,368325,0,0,,f77503e6dfan14a.htm,FORM DFAN14A
0000891618-02-000324,2002-01-30,,2002-01-30T05:00:00.000Z,,DFAN14A,001-04423,02522492,,DFAN14A,22557,0,0,,f77503e7dfan14a.htm,FORM DFAN14A
0001012870-02-000302,2002-01-30,,2002-01-30T05:00:00.000Z,,425,001-04423,02521317,,425,11458,0,0,,d425.txt,FILED PURSUANT TO RULE 425
0001012870-02-000303,2002-01-30,,2002-01-30T05:00:00.000Z,,425,001-04423,02521320,,425,30679,0,0,,d425.txt,FILED PURSUANT TO RULE 425
0001012870-02-000308,2002-01-30,2001-10-31,2002-01-30T05:00:00.000Z,,10-K/A,001-04423,02521353,,10-K/A,470872,0,0,,d10ka.txt,FORM 10-K/A FOR PERIOD ENDED 10/31/2001
0001012870-02-000325,2002-01-30,,2002-01-30T05:00:00.000Z,,425,001-04423,02522602,,425,37112,0,0,,d425.txt,FILED PURSUANT TO RULE 425
0001021408-02-001138,2002-01-30,,2002-01-30T05:00:00.000Z,,425,001-04423,02522202,,425,295972,0,0,,d425.htm,FILED PURSUANT TO RULE 425
0000891618-02-000345,2002-01-31,,2002-01-31T05:00:00.000Z,,DFAN14A,001-04423,02523535,,DFAN14A,10983,0,0,,f77503e9dfan14a.htm,FORM DFAN14A
0000891618-02-000348,2002-01-31,,2002-01-31T05:00:00.000Z,,DFAN14A,001-04423,02523704,,DFAN14A,18032,0,0,,f77503e8dfan14a.htm,FORM DFAN14A
0000891618-02-000349,2002-01-31,,2002-01-31T05:00:00.000Z,,DFAN14A,001-04423,02523712,,DFAN14A,16819,0,0,,f77503f1dfan14a.htm,FORM DFAN14A
0001012870-02-000341,2002-01-31,,2002-01-31T05:00:00.000Z,,S-4/A,333-73454,02524033,,S-4/A,862353,0,0,,ds4a.txt,AMENDMENT #3 TO FORM S-4
0001021408-02-001188,2002-01-31,,2002-01-31T05:00:00.000Z,,425,001-04423,02524068,,425,98401,0,0,,d425.htm,FILED PURSUANT TO RULE 425
0001012870-02-000355,2002-02-01,,2002-02-01T05:00:00.000Z,,425,001-04423,02525280,,425,13271,0,0,,d425.txt,FILED PURSUANT TO RULE 425
0001012870-02-000356,2002-02-01,,2002-02-01T05:00:00.000Z,,425,001-04423,02525305,,425,12599,0,0,,d425.txt,FILED PURSUANT TO RULE 425
0001012870-02-000357,2002-02-01,,2002-02-01T05:00:00.000Z,,425,001-04423,02525450,,425,19287,0,0,,d425.txt,FILED PURSUANT TO RULE 425
0001012870-02-000358,2002-02-01,,2002-02-01T05:00:00.000Z,,425,001-04423,02525461,,425,16953,0,0,,d425.txt,FILED PURSUANT TO RULE 425
0001012870-02-000359,2002-02-01,,2002-02-01T05:00:00.000Z,,425,001-04423,02525470,,425,18176,0,0,,d425.txt,FILED PURSUANT TO RULE 425
0001012870-02-000360,2002-02-01,,2002-02-01T05:00:00.000Z,,425,001-04423,02525488,,425,15565,0,0,,d425.txt,FILED PURSUANT TO RULE 425
0001012870-02-000361,2002-02-01,,2002-02-01T05:00:00.000Z,,425,001-04423,02525507,,425,14993,0,0,,d425.txt,FILED PURSUANT TO RULE 425
0000891618-02-000383,2002-02-04,,2002-02-04T05:00:00.000Z,,PRRN14A,001-04423,02525717,,PRRN14A,245362,0,0,,f78079a2prrn14a.htm,REVISED PRELIMINARY PROXY MATERIALS
0000891618-02-000386,2002-02-04,,2002-02-04T05:00:00.000Z,,DFRN14A,001-04423,02525736,,DFRN14A,137779,0,0,,f77503f2dfrn14a.htm,DFRN14A
0000891618-02-000397,2002-02-04,,2002-02-04T05:00:00.000Z,,DFAN14A,001-04423,02526322,,DFAN14A,15745,0,0,,f77503f3dfan14a.htm,FORM DFAN14A
0000891618-02-000400,2002-02-04,,2002-02-04T05:00:00.000Z,,DFAN14A,001-04423,02526403,,DFAN14A,10983,0,0,,f77503f4dfan14a.htm,FORM DFAN14A
0001012870-02-000368,2002-02-04,,2002-02-04T05:00:00.000Z,,425,001-04423,02526317,,425,13331,0,0,,d425.txt,FILED PURSUANT TO RULE 425
0000891618-02-000413,2002-02-05,,2002-02-05T05:00:00.000Z,,DFAN14A,001-04423,02527514,,DFAN14A,37607,0,0,,f78079d4dfan14a.htm,DFAN14A
0000891618-02-000417,2002-02-05,,2002-02-05T05:00:00.000Z,,DEFC14A,001-04423,02527710,,DEFC14A,365892,0,0,,f78079dedefc14a.htm,DEFINITIVE PROXY MATERIALS
0001012870-02-000378,2002-02-05,,2002-02-05T05:00:00.000Z,,S-4/A,333-73454,02526898,,S-4/A,867570,0,0,,ds4a.txt,AMENDMENT #4 TO FORM S-4
0001012870-02-000379,2002-02-05,,2002-02-05T05:00:00.000Z,,425,001-04423,02526965,,425,8224,0,0,,d425.txt,FILED PURSUANT TO RULE 425
0001012870-02-000380,2002-02-05,,2002-02-05T05:00:00.000Z,,425,001-04423,02527031,,425,10449,0,0,,d425.txt,FILED PURSUANT TO RULE 425
0001012870-02-000387,2002-02-05,,2002-02-05T05:00:00.000Z,,POS EX,333-73454,02527760,,POS EX,22434,0,0,,dposex.txt,POST EFFECTIVE AMENDMENT NO. 1 TO FORM S-4
0000891618-02-000432,2002-02-06,,2002-02-06T05:00:00.000Z,,DFAN14A,001-04423,02528350,,DFAN14A,10983,0,0,,f77503f5dfan14a.htm,FORM DFAN14A
0001012870-02-000399,2002-02-06,,2002-02-06T05:00:00.000Z,,425,001-04423,02528977,,425,131140,0,0,,d425.txt,FILED PURSUANT TO RULE 425
0001012870-02-000400,2002-02-06,,2002-02-06T05:00:00.000Z,,425,001-04423,02529029,,425,16447,0,0,,d425.txt,FILED PURSUANT TO RULE 425
0001012870-02-000401,2002-02-06,,2002-02-06T05:00:00.000Z,,425,001-04423,02529050,,425,13382,0,0,,d425.txt,FILED PURSUANT TO RULE 425
0000891618-02-000464,2002-02-07,,2002-02-07T05:00:00.000Z,,DFAN14A,001-04423,02530327,,DFAN14A,26188,0,0,,f77503f6dfan14a.htm,FORM DFAN14A
0001012870-02-000405,2002-02-07,,2002-02-07T05:00:00.000Z,,425,001-04423,02530312,,425,6574,0,0,,d425.txt,FILED PURSUANT TO RULE 425
0001012870-02-000406,2002-02-07,,2002-02-07T05:00:00.000Z,,425,001-04423,02530338,,425,39163,0,0,,d425.txt,FILED PURSUANT TO RULE 425
0000047217-02-000006,2002-02-08,,2002-02-08T05:00:00.000Z,,SC 13G/A,005-11885,02532320,,SC 13G/A,9230,0,0,,schedule13ga_020502.txt,AMENDMENT #3 TO SCHEDULE 13G
0000047217-02-000007,2002-02-08,,2002-02-08T05:00:00.000Z,,SC 13G/A,005-11885,02532453,,SC 13G/A,9213,0,0,,schedule13ga_020502ap.txt,AMENDMENT #1 TO SCHEDULE 13G
0000891618-02-000498,2002-02-08,,2002-02-08T05:00:00.000Z,,DFAN14A,001-04423,02531332,,DFAN14A,10983,0,0,,f77503g1dfan14a.htm,FORM DFAN14A
0000891618-02-000552,2002-02-11,,2002-02-11T05:00:00.000Z,,DFAN14A,001-04423,02534818,,DFAN14A,41343,0,0,,f77503f8dfan14a.htm,FORM DFAN14A
0000950109-02-000715,2002-02-11,,2002-02-11T05:00:00.000Z,,425,001-04423,02535067,,425,605388,0,0,,d425.htm,FILED PURSUANT TO RULE 425
0001012870-02-000471,2002-02-11,,2002-02-11T05:00:00.000Z,,425,001-04423,02534997,,425,110643,0,0,,d425.htm,FILED PURSUANT TO RULE 425
0001021408-02-001796,2002-02-11,,2002-02-11T05:00:00.000Z,,425,001-04423,02534278,,425,28408,0,0,,d425.htm,FILED PURSUANT TO RULE 425
0000891618-02-000564,2002-02-12,,2002-02-12T05:00:00.000Z,,DFAN14A,001-04423,02535275,,DFAN14A,16912,0,0,,f77503g2dfan14a.htm,FORM DFAN14A
0000891618-02-000582,2002-02-12,,2002-02-12T05:00:00.000Z,,DFAN14A,001-04423,02536668,,DFAN14A,10983,0,0,,f77503g3dfan14a.htm,FORM DFAN14A
0001012870-02-000479,2002-02-12,,2002-02-12T05:00:00.000Z,,425,001-04423,02535273,,425,19169,0,0,,d425.txt,FILED PURSUANT TO RULE 425
0001012870-02-000519,2002-02-12,,2002-02-12T05:00:00.000Z,,425,001-04423,02539179,,425,28285,0,0,,d425.txt,FILED PURSUANT TO RULE 425
0001021408-02-001923,2002-02-12,,2002-02-12T05:00:00.000Z,,425,001-04423,02539133,,425,11316,0,0,,d425.txt,FILED PURSUANT TO RULE 425
0001021408-02-001925,2002-02-12,,2002-02-12T05:00:00.000Z,,425,001-04423,02539163,,425,10403,0,0,,d425.txt,FILED PURSUANT TO RULE 425
0000891618-02-000675,2002-02-13,,2002-02-13T05:00:00.000Z,,DFAN14A,001-04423,02541680,,DFAN14A,195598,0,0,,f77503g6dfan14a.htm,FORM DFAN14A
0001021408-02-002095,2002-02-13,,2002-02-13T05:00:00.000Z,,425,001-04423,02541611,,425,10306,0,0,,d425.txt,FILED PURSUANT TO RULE 425
0000891618-02-000779,2002-02-14,,2002-02-14T05:00:00.000Z,,DFAN14A,001-04423,02549422,,DFAN14A,10983,0,0,,f77503h2dfan14a.htm,FORM DFAN14A
0000891618-02-000780,2002-02-14,,2002-02-14T05:00:00.000Z,,DFAN14A,001-04423,02549547,,DFAN14A,182278,0,0,,f77503g5dfan14a.htm,FORM DFAN14A
0000891618-02-000782,2002-02-14,,2002-02-14T05:00:00.000Z,,DFAN14A,001-04423,02549556,,DFAN14A,20062,0,0,,f77503g7dfan14a.htm,FORM DFAN14A
0000891618-02-000783,2002-02-14,,2002-02-14T05:00:00.000Z,,DFAN14A,001-04423,02549570,,DFAN14A,76857,0,0,,f77503g8dfan14a.htm,FORM DFAN14A
0000891618-02-000789,2002-02-14,,2002-02-14T05:00:00.000Z,,DFAN14A,001-04423,02550108,,DFAN14A,19395,0,0,,f77503g9dfan14a.htm,FORM DFAN14A
0000891618-02-000790,2002-02-14,,2002-02-14T05:00:00.000Z,,DFAN14A,001-04423,02550113,,DFAN14A,79369,0,0,,f77503h1dfan14a.htm,FORM DFAN14A
0001012870-02-000588,2002-02-14,2002-02-13,2002-02-14T05:00:00.000Z,,8-K,001-04423,02543780,"5,7,9",8-K,71956,0,0,,d8k.txt,FORM 8-K
0001012870-02-000692,2002-02-14,2002-02-14,2002-02-14T05:00:00.000Z,,8-K,001-04423,02549029,"5,7",8-K,193663,0,0,,d8k.txt,FORM 8-K
0001012870-02-000697,2002-02-14,,2002-02-14T05:00:00.000Z,,425,001-04423,02549396,,425,20258,0,0,,d425.txt,FILED PURSUANT TO RULE 425
0001012870-02-000699,2002-02-14,,2002-02-14T05:00:00.000Z,,S-4/A,333-73786,02549560,,S-4/A,1602635,0,0,,ds4a.txt,AMENDMENT # 2 TO FORM S-4
0001021408-02-002125,2002-02-14,,2002-02-14T05:00:00.000Z,,425,001-04423,02542780,,425,18059,0,0,,d425.txt,FILED PURSUANT TO RULE 425
0000891618-02-000814,2002-02-15,,2002-02-15T05:00:00.000Z,,DFAN14A,001-04423,02551860,,DFAN14A,11372,0,0,,f77503h4dfan14a.htm,FORM DFAN14A
0000891618-02-000817,2002-02-15,,2002-02-15T05:00:00.000Z,,DFAN14A,001-04423,02552147,,DFAN14A,729218,0,0,,f77503h3dfan14a.htm,FORM DFAN14A
0000950109-02-000841,2002-02-15,,2002-02-15T05:00:00.000Z,,425,001-04423,02550545,,425,77805,0,0,,d425.htm,FILED PURSUANT TO RULE 425
0001012870-02-000724,2002-02-15,,2002-02-15T05:00:00.000Z,,425,001-04423,02551120,,425,10099,0,0,,d425.txt,FILED PURSUANT TO RULE 425
0000891618-02-000838,2002-02-19,,2002-02-19T05:00:00.000Z,,DFAN14A,001-04423,02553506,,DFAN14A,37442,0,0,,f77503h9dfan14a.htm,FORM DFAN14A
0000891618-02-000839,2002-02-19,,2002-02-19T05:00:00.000Z,,DFAN14A,001-04423,02553516,,DFAN14A,15645,0,0,,f77503i1dfan14a.htm,FORM DFAN14A
0000891618-02-000840,2002-02-19,,2002-02-19T05:00:00.000Z,,DFAN14A,001-04423,02553532,,DFAN14A,41172,0,0,,f77503h5dfan14a.htm,FORM DFAN14A
0000891618-02-000842,2002-02-19,,2002-02-19T05:00:00.000Z,,DFAN14A,001-04423,02553549,,DFAN14A,245519,0,0,,f77503h7dfan14a.htm,FORM DFAN14A
0000891618-02-000843,2002-02-19,,2002-02-19T05:00:00.000Z,,DFAN14A,001-04423,02553660,,DFAN14A,32235,0,0,,f77503h6dfan14a.htm,FORM DFAN14A
0001012870-02-000751,2002-02-19,,2002-02-19T05:00:00.000Z,,425,001-04423,02552500,,425,11794,0,0,,d425.txt,FILED PURSUANT TO RULE 425
0001012870-02-000752,2002-02-19,,2002-02-19T05:00:00.000Z,,425,001-04423,02552503,,425,42602,0,0,,d425.txt,FILED PURSUANT TO RULE 425
0001012870-02-000766,2002-02-19,,2002-02-19T05:00:00.000Z,,425,001-04423,02553009,,425,8752,0,0,,d425.txt,FILED PURSUANT TO RULE 425
0001012870-02-000777,2002-02-19,,2002-02-19T05:00:00.000Z,,425,001-04423,02553625,,425,9542,0,0,,d425.txt,FILED PURSUANT TO RULE 425
0000891618-02-000847,2002-02-20,,2002-02-20T05:00:00.000Z,,DFAN14A,001-04423,02553791,,DFAN14A,560631,0,0,,f77503h8dfan14a.htm,FORM DFAN14A
0001012870-02-000781,2002-02-20,,2002-02-20T05:00:00.000Z,,425,001-04423,02553787,,425,8285,0,0,,d425.txt,FILED PURSUANT TO RULE 425
0001012870-02-000783,2002-02-20,,2002-02-20T05:00:00.000Z,,425,001-04423,02553795,,425,25120,0,0,,d425.txt,FILED PURSUANT TO RULE 425
0001012870-02-000788,2002-02-20,,2002-02-20T05:00:00.000Z,,425,001-04423,02554201,,425,16006,0,0,,d425.txt,FILED PURSUANT TO RULE 425
0000891618-02-000862,2002-02-21,,2002-02-21T05:00:00.000Z,,DFAN14A,001-04423,02555100,,DFAN14A,10983,0,0,,f77503i5dfan14a.htm,FORM DFAN14A
0000891618-02-000876,2002-02-21,,2002-02-21T05:00:00.000Z,,DFAN14A,001-04423,02555467,,DFAN14A,62488,0,0,,f77503i2dfan14a.htm,FORM DFAN14A
0000891618-02-000877,2002-02-21,,2002-02-21T05:00:00.000Z,,DFRN14A,001-04423,02555468,,DFRN14A,21863,0,0,,f77503i6dfrn14a.htm,DFRN14A
0000891618-02-000878,2002-02-21,,2002-02-21T05:00:00.000Z,,DFRN14A,001-04423,02555479,,DFRN14A,42290,0,0,,f77503i7dfrn14a.htm,DFRN14A
0000891618-02-000879,2002-02-21,,2002-02-21T05:00:00.000Z,,DFAN14A,001-04423,02555480,,DFAN14A,88225,0,0,,f77503i3dfan14a.htm,FORM DFAN14A
0000891618-02-000880,2002-02-21,,2002-02-21T05:00:00.000Z,,DFAN14A,001-04423,02555485,,DFAN14A,49992,0,0,,f77503i4dfan14a.htm,FORM DFAN14A
0001012870-02-000823,2002-02-21,,2002-02-21T05:00:00.000Z,,SC TO-T,,,,SC TO-T,33203,0,0,,dsctot.txt,SCHEDULE TO-T
0001012870-02-000824,2002-02-21,,2002-02-21T05:00:00.000Z,,424B3,333-73786,02554932,,424B3,1418514,0,0,,d424b3.txt,424B3
0001012870-02-000827,2002-02-21,,2002-02-21T05:00:00.000Z,,425,001-04423,02554974,,425,9659,0,0,,d425.txt,FILED PURSUANT TO RULE 425
0001012870-02-000829,2002-02-21,,2002-02-21T05:00:00.000Z,,425,001-04423,02554984,,425,8175,0,0,,d425.txt,FILED PURSUANT TO RULE 425
0001012870-02-000835,2002-02-21,,2002-02-21T05:00:00.000Z,,425,001-04423,02555105,,425,10729,0,0,,d425.txt,FILED PURSUANT TO RULE 425
0001012870-02-000836,2002-02-21,,2002-02-21T05:00:00.000Z,,425,001-04423,02555109,,425,14195,0,0,,d425.txt,FILED PURSUANT TO RULE 425
0001012870-02-000839,2002-02-21,,2002-02-21T05:00:00.000Z,,425,001-04423,02555390,,425,9255,0,0,,d425.txt,FILED PURSUANT TO RULE 425
0001012870-02-000840,2002-02-21,,2002-02-21T05:00:00.000Z,,425,001-04423,02555415,,425,10567,0,0,,d425.txt,FILED PURSUANT TO RULE 425
0001032210-02-000280,2002-02-21,,2002-02-21T05:00:00.000Z,,425,001-04423,02555200,,425,8500,0,0,,d425.txt,FILED PURSUANT TO RULE 425
0001032210-02-000284,2002-02-21,,2002-02-21T05:00:00.000Z,,425,001-04423,02555275,,425,10466,0,0,,d425.txt,FILED PURSUANT TO RULE 425
0000891618-02-000889,2002-02-22,,2002-02-22T05:00:00.000Z,,DFAN14A,001-04423,02556353,,DFAN14A,34402,0,0,,f77503i8dfan14a.htm,FORM DFAN14A
0001012870-02-000844,2002-02-22,,2002-02-22T05:00:00.000Z,,425,,,,425,9732,0,0,,d425.txt,PRESS RELEASE FILED PURSUANT TO RULE 425
0001012870-02-000856,2002-02-22,,2002-02-22T05:00:00.000Z,,425,001-04423,02556143,,425,90452,0,0,,d425.htm,FILED PURSUANT TO RULE 425
0001012870-02-000863,2002-02-22,,2002-02-22T05:00:00.000Z,,425,001-04423,02556435,,425,10541,0,0,,d425.txt,FILED PURSUANT TO RULE 425
0001012870-02-000865,2002-02-22,,2002-02-22T05:00:00.000Z,,425,001-04423,02556523,,425,8627,0,0,,d425.txt,FILED PURSUANT TO RULE 425
0001032210-02-000290,2002-02-22,,2002-02-22T05:00:00.000Z,,425,001-04423,02556531,,425,8261,0,0,,d425.txt,FILED PURSUANT TO RULE 425
0000891618-02-000911,2002-02-25,,2002-02-25T05:00:00.000Z,,DFAN14A,001-04423,02557797,,DFAN14A,22444,0,0,,f77503j1dfan14a.htm,FORM DFAN14A
0000912057-02-007485,2002-02-25,,2002-02-25T05:00:00.000Z,,S-3,333-83346,02557573,,S-3,223705,0,0,,a2071291zs-3.txt,S-3
0001012870-02-000873,2002-02-25,,2002-02-25T05:00:00.000Z,,425,001-04423,02556987,,425,12477,0,0,,d425.txt,FILED PURSUANT TO RULE 425
0001012870-02-000874,2002-02-25,,2002-02-25T05:00:00.000Z,,425,001-04423,02557019,,425,27581,0,0,,d425.txt,FILED PURSUANT TO RULE 425
0001012870-02-000878,2002-02-25,,2002-02-25T05:00:00.000Z,,425,001-04423,02557248,,425,10501,0,0,,d425.txt,FILED PURSUANT TO RULE 425
0001012870-02-000883,2002-02-25,,2002-02-25T05:00:00.000Z,,425,001-04423,02557560,,425,17794,0,0,,d425.txt,FILED PURSUANT TO RULE 425
0001021408-02-002794,2002-02-25,,2002-02-25T05:00:00.000Z,,425,001-04423,02557597,,425,31319,0,0,,d425.htm,FILED PURSUANT TO RULE 425
0000891618-02-000916,2002-02-26,,2002-02-26T05:00:00.000Z,,DFAN14A,001-04423,02557947,,DFAN14A,12827,0,0,,f77503j3dfan14a.htm,DFAN14A
0000891618-02-000921,2002-02-26,,2002-02-26T05:00:00.000Z,,DFAN14A,001-04423,02558784,,DFAN14A,34478,0,0,,f77503j8dfan14a.htm,DFAN14A
0000891618-02-000923,2002-02-26,,2002-02-26T05:00:00.000Z,,DFAN14A,001-04423,02558911,,DFAN14A,48696,0,0,,f77503j7dfan14a.htm,DFAN14A
0000950109-02-001029,2002-02-26,,2002-02-26T05:00:00.000Z,,425,001-04423,02559162,,425,568982,0,0,,d425.htm,FILED PURSUANT TO RULE 425
0001032210-02-000303,2002-02-26,,2002-02-26T05:00:00.000Z,,425,001-04423,02559011,,425,146517,0,0,,d425.htm,FILED PURSUANT TO RULE 425
0000891618-02-000929,2002-02-27,,2002-02-27T05:00:00.000Z,,DFAN14A,001-04423,02559312,,DFAN14A,683548,0,0,,f77503j6dfan14a.htm,DFAN14A
0000891618-02-000932,2002-02-27,,2002-02-27T05:00:00.000Z,,DFAN14A,001-04423,02559331,,DFAN14A,77899,0,0,,f77503j9dfan14a.htm,DFAN14A
0000891618-02-000937,2002-02-27,,2002-02-27T05:00:00.000Z,,DFRN14A,001-04423,02559733,,DFRN14A,186898,0,0,,f77503j2dfrn14a.htm,DFRN14A
0000891618-02-000939,2002-02-27,,2002-02-27T05:00:00.000Z,,DFAN14A,001-04423,02559858,,DFAN14A,10983,0,0,,f77503k1dfan14a.htm,FORM DFAN14A
0000891618-02-000944,2002-02-27,,2002-02-27T05:00:00.000Z,,DFRN14A,001-04423,02560795,,DFRN14A,27404,0,0,,f77503k3dfrn14a.htm,DFRN14A
0001012870-02-000898,2002-02-27,,2002-02-27T05:00:00.000Z,,425,001-04423,02559319,,425,9854,0,0,,d425.txt,FILED PURSUANT TO RULE 425
0001012870-02-000918,2002-02-27,,2002-02-27T05:00:00.000Z,,425,001-04423,02560376,,425,8216,0,0,,d425.txt,FILED PURSUANT TO RULE 425
0001021408-02-002880,2002-02-27,2002-02-27,2002-02-27T05:00:00.000Z,,8-K,001-04423,02559355,"5,7",8-K,117040,0,0,,d8k.htm,FORM 8-K
0001021408-02-002883,2002-02-27,,2002-02-27T05:00:00.000Z,,425,001-04423,02559366,,425,1311031,0,0,,d425.htm,FILED PURSUANT TO RULE 425
0001021408-02-002886,2002-02-27,,2002-02-27T05:00:00.000Z,,425,001-04423,02559386,,425,1090619,0,0,,d425.htm,FILED PURSUANT TO RULE 425
0001021408-02-002890,2002-02-27,,2002-02-27T05:00:00.000Z,,425,001-04423,02559403,,425,481675,0,0,,d425.htm,FILED PURSUANT TO RULE 425
0001021408-02-002898,2002-02-27,,2002-02-27T05:00:00.000Z,,425,001-04423,02559541,,425,1895836,0,0,,d425.htm,FILED PURSUANT TO RULE 425
0001021408-02-002900,2002-02-27,,2002-02-27T05:00:00.000Z,,425,001-04423,02559640,,425,49484,0,0,,d425.htm,FILED PURSUANT TO RULE 425
0001021408-02-002903,2002-02-27,,2002-02-27T05:00:00.000Z,,425,001-04423,02559925,,425,3104801,0,0,,d425.htm,FILED PURSUANT TO RULE 425
0000891618-02-000960,2002-02-28,,2002-02-28T05:00:00.000Z,,DFAN14A,001-04423,02562674,,DFAN14A,133678,0,0,,f77503k2dfan14a.htm,DFAN14A
0000891618-02-000963,2002-02-28,,2002-02-28T05:00:00.000Z,,DFAN14A,001-04423,02562975,,DFAN14A,50481,0,0,,a77503k6dfan14a.htm,FORM DFAN14A
0000891618-02-000964,2002-02-28,,2002-02-28T05:00:00.000Z,,DFAN14A,001-04423,02562997,,DFAN14A,248314,0,0,,a77503k5dfan14a.htm,FORM DFAN14A
0000891618-02-000966,2002-02-28,,2002-02-28T05:00:00.000Z,,DFAN14A,001-04423,02563023,,DFAN14A,89117,0,0,,a77503k4dfan14a.htm,FORM DFAN14A
0001012870-02-000928,2002-02-28,,2002-02-28T05:00:00.000Z,,425,001-04423,02560986,,425,13204,0,0,,d425.txt,FILED PURSUANT TO RULE 425
0001012870-02-000943,2002-02-28,,2002-02-28T05:00:00.000Z,,425,001-04423,02561958,,425,12814,0,0,,d425.txt,FILED PURSUANT TO RULE 425
0001012870-02-000948,2002-02-28,,2002-02-28T05:00:00.000Z,,425,001-04423,02562245,,425,9461,0,0,,d425.txt,FILED PURSUANT TO RULE 425
0001012870-02-000950,2002-02-28,,2002-02-28T05:00:00.000Z,,425,001-04423,02562655,,425,75380,0,0,,d425.txt,FILED PURSUANT TO RULE 425
0001012870-02-000956,2002-02-28,,2002-02-28T05:00:00.000Z,,425,001-04423,02563228,,425,17812,0,0,,d425.txt,FILED PURSUANT TO RULE 425
0000891618-02-000976,2002-03-01,,2002-03-01T05:00:00.000Z,,DFAN14A,001-04423,02563609,,DFAN14A,157470,0,0,,f77503j5dfan14a.htm,DFAN14A
0000950109-02-001067,2002-03-01,,2002-03-01T05:00:00.000Z,,425,001-04423,02563345,,425,806682,0,0,,d425.htm,FILED PURSUANT TO RULE 425
0000950109-02-001085,2002-03-01,,2002-03-01T05:00:00.000Z,,425,001-04423,02564204,,425,31467,0,0,,d425.htm,FILED PURSUANT TO RULE 425
0001012870-02-000962,2002-03-01,,2002-03-01T05:00:00.000Z,,425,001-04423,02563595,,425,10934,0,0,,d425.txt,FILED PURSUANT TO RULE 425
0001012870-02-000971,2002-03-01,,2002-03-01T05:00:00.000Z,,425,001-04423,02564318,,425,122601,0,0,,d425.htm,FILED PURSUANT TO RULE 425
0000891618-02-000993,2002-03-04,,2002-03-04T05:00:00.000Z,,DFAN14A,001-04423,02565352,,DFAN14A,95136,0,0,,f79585a1dfan14a.htm,FORM DFAN14A
0000891618-02-000997,2002-03-04,,2002-03-04T05:00:00.000Z,,DFAN14A,001-04423,02565592,,DFAN14A,11600,0,0,,f79585a2dfan14a.htm,FORM DFAN14A
0000891618-02-001011,2002-03-04,,2002-03-04T05:00:00.000Z,,DFAN14A,001-04423,02566411,,DFAN14A,28809,0,0,,f79585a3dfan14a.htm,FORM DFAN14A
0000891618-02-001012,2002-03-04,,2002-03-04T05:00:00.000Z,,DFAN14A,001-04423,02566414,,DFAN14A,42076,0,0,,f79585a4dfan14a.htm,FORM DFAN14A
0000891618-02-001013,2002-03-04,,2002-03-04T05:00:00.000Z,,DFRN14A,001-04423,02566422,,DFRN14A,46219,0,0,,f79585a5dfrn14a.htm,DFRN14A
0001012870-02-000990,2002-03-04,,2002-03-04T05:00:00.000Z,,425,001-04423,02565696,,425,9288,0,0,,d425.txt,FILED PURSUANT TO RULE 425
0001012870-02-000994,2002-03-04,,2002-03-04T05:00:00.000Z,,425,001-04423,02566000,,425,30568,0,0,,d425.txt,FILED PURSUANT TO RULE 425
0001012870-02-000995,2002-03-04,,2002-03-04T05:00:00.000Z,,425,001-04423,02566019,,425,39907,0,0,,d425.txt,FILED PURSUANT TO RULE 425
0000891618-02-001023,2002-03-05,,2002-03-05T05:00:00.000Z,,DFAN14A,001-04423,02566805,,DFAN14A,29221,0,0,,f79585a6dfan14a.htm,FORM DFAN14A
0000891618-02-001027,2002-03-05,,2002-03-05T05:00:00.000Z,,DFAN14A,001-04423,02567186,,DFAN14A,38183,0,0,,f79585a7dfan14a.htm,FORM DFAN14A
0000891618-02-001028,2002-03-05,,2002-03-05T05:00:00.000Z,,DFAN14A,001-04423,02567192,,DFAN14A,10983,0,0,,f79585a8dfan14a.htm,FORM DFAN14A
0000891618-02-001032,2002-03-05,,2002-03-05T05:00:00.000Z,,DFAN14A,001-04423,02567508,,DFAN14A,17034,0,0,,f79585b1dfan14a.htm,FORM DFAN14A
0000950109-02-001136,2002-03-05,,2002-03-05T05:00:00.000Z,,425,001-04423,02566531,,425,129736,0,0,,d425.htm,FILED PURSUANT TO RULE 425
0001012870-02-001002,2002-03-05,,2002-03-05T05:00:00.000Z,,425,001-04423,02566550,,425,8061,0,0,,d425.txt,FILED PURSUANT TO RULE 425
0001012870-02-001010,2002-03-05,,2002-03-05T05:00:00.000Z,,425,001-04423,02566901,,425,33985,0,0,,d425.txt,FILED PURSUANT TO RULE 425
0001012870-02-001011,2002-03-05,,2002-03-05T05:00:00.000Z,,425,001-04423,02566925,,425,38398,0,0,,d425.txt,FILED PURSUANT TO RULE 425
0001012870-02-001012,2002-03-05,,2002-03-05T05:00:00.000Z,,425,001-04423,02566935,,425,38711,0,0,,d425.txt,FILED PURSUANT TO RULE 425
0001012870-02-001013,2002-03-05,,2002-03-05T05:00:00.000Z,,425,001-04423,02566939,,425,43715,0,0,,d425.txt,FILED PURSUANT TO RULE 425
0000891618-02-001044,2002-03-06,,2002-03-06T05:00:00.000Z,,DFAN14A,001-04423,02568103,,DFAN14A,44909,0,0,,f79585b3dfan14a.htm,FORM DFAN14A
0000891618-02-001049,2002-03-06,,2002-03-06T05:00:00.000Z,,DFAN14A,001-04423,02568474,,DFAN14A,117712,0,0,,f79585a9dfan14a.htm,FORM DFAN14A
0000891618-02-001050,2002-03-06,,2002-03-06T05:00:00.000Z,,DFAN14A,001-04423,02568476,,DFAN14A,153202,0,0,,f79585b2dfan14a.htm,FORM DFAN14A
0001012870-02-001027,2002-03-06,,2002-03-06T05:00:00.000Z,,425,001-04423,02567753,,425,11608,0,0,,d425.txt,FILED PURSUANT TO RULE 425
0001012870-02-001028,2002-03-06,,2002-03-06T05:00:00.000Z,,425,001-04423,02567765,,425,19548,0,0,,d425.txt,FILED PURSUANT TO RULE 425
0001012870-02-001041,2002-03-06,,2002-03-06T05:00:00.000Z,,425,001-04423,02568623,,425,11631,0,0,,d425.txt,FILED PURSUANT TO RULE 425
0001021408-02-003113,2002-03-06,,2002-03-06T05:00:00.000Z,,425,001-04423,02568139,,425,202511,0,0,,d425.htm,FILED PURSUANT TO RULE 425
0001021408-02-003125,2002-03-06,,2002-03-06T05:00:00.000Z,,425,001-04423,02568336,,425,447488,0,0,,d425.htm,FILED PURSUANT TO RULE 425
0000891618-02-001062,2002-03-07,,2002-03-07T05:00:00.000Z,,DFAN14A,001-04423,02569561,,DFAN14A,42922,0,0,,f79585b4dfan14a.htm,FORM DFAN14A
0000891618-02-001064,2002-03-07,,2002-03-07T05:00:00.000Z,,DFAN14A,001-04423,02569657,,DFAN14A,63102,0,0,,f79585b6dfan14a.htm,FORM DFAN14A
0000891618-02-001065,2002-03-07,,2002-03-07T05:00:00.000Z,,DFAN14A,001-04423,02569685,,DFAN14A,39781,0,0,,f79585b5dfan14a.htm,FORM DFAN14A
0000891618-02-001069,2002-03-07,,2002-03-07T05:00:00.000Z,,DFAN14A,001-04423,02569713,,DFAN14A,10983,0,0,,f79585b8dfan14a.htm,FORM DFAN14A
0001012870-02-001047,2002-03-07,,2002-03-07T05:00:00.000Z,,425,001-04423,02568762,,425,8636,0,0,,d425.txt,FILED PURSUANT TO RULE 425
0001012870-02-001060,2002-03-07,,2002-03-07T05:00:00.000Z,,425,001-04423,02569233,,425,9500,0,0,,d425.txt,FILED PURSUANT TO RULE 425
0001012870-02-001064,2002-03-07,,2002-03-07T05:00:00.000Z,,425,001-04423,02569275,,425,21954,0,0,,d425.txt,FILED PURSUANT TO RULE 425
0001021408-02-003177,2002-03-07,,2002-03-07T05:00:00.000Z,,425,001-04423,02569157,,425,212367,0,0,,d425.htm,FILED PURSUANT TO RULE 425
0001021408-02-003185,2002-03-07,,2002-03-07T05:00:00.000Z,,425,001-04423,02569341,,425,50795,0,0,,d425.htm,FILED PURSUANT TO RULE 425
0000891618-02-001089,2002-03-08,,2002-03-08T05:00:00.000Z,,DFAN14A,001-04423,02570592,,DFAN14A,1795305,0,0,,f79585b9dfan14a.htm,FORM DFAN14A
0000891618-02-001090,2002-03-08,,2002-03-08T05:00:00.000Z,,DFAN14A,001-04423,02570595,,DFAN14A,36539,0,0,,f79585b7dfan14a.htm,FORM DFAN14A
0000891618-02-001096,2002-03-08,,2002-03-08T05:00:00.000Z,,DFAN14A,001-04423,02571092,,DFAN14A,10983,0,0,,f79585c5dfan14a.htm,FORM DFAN14A
0000891618-02-001097,2002-03-08,,2002-03-08T05:00:00.000Z,,DFAN14A,001-04423,02571265,,DFAN14A,50346,0,0,,f79585c2dfan14a.htm,FORM DFAN14A
0001012870-02-001079,2002-03-08,,2002-03-08T05:00:00.000Z,,425,001-04423,02569874,,425,8041,0,0,,d425.txt,FILED PURSUANT TO RULE 425
0001012870-02-001097,2002-03-08,,2002-03-08T05:00:00.000Z,,425,001-04423,02571162,,425,10035,0,0,,d425.txt,FILED PURSUANT TO RULE 425
0001021408-02-003238,2002-03-08,,2002-03-08T05:00:00.000Z,,425,001-04423,02570136,,425,229301,0,0,,d425.htm,FILED PURSUANT TO RULE 425
0001021408-02-003247,2002-03-08,,2002-03-08T05:00:00.000Z,,425,001-04423,02570319,,425,23188,0,0,,d425.htm,FILED PURSUANT TO RULE 425
0000891618-02-001104,2002-03-11,,2002-03-11T05:00:00.000Z,,DFAN14A,001-04423,02571518,,DFAN14A,41892,0,0,,f79585c6dfan14a.htm,FORM DFAN14A
0000891618-02-001110,2002-03-11,,2002-03-11T05:00:00.000Z,,DFAN14A,001-04423,02572169,,DFAN14A,17131,0,0,,f79585c7dfan14a.htm,FORM DFAN14A
0000891618-02-001116,2002-03-11,,2002-03-11T05:00:00.000Z,,DFAN14A,001-04423,02572715,,DFAN14A,40706,0,0,,f79585d1dfan14a.htm,FORM DFAN14A
0000912057-02-009408,2002-03-11,,2002-03-11T05:00:00.000Z,,S-3/A,333-83346,02572468,,S-3/A,122378,0,0,,a2072719zs-3a.txt,S-3/A
0001012870-02-001106,2002-03-11,,2002-03-11T05:00:00.000Z,,425,001-04423,02572181,,425,8524,0,0,,d425.txt,FILED PURSUANT TO RULE 425
0001012870-02-001109,2002-03-11,,2002-03-11T05:00:00.000Z,,425,001-04423,02572467,,425,14128,0,0,,d425.txt,FILED PURSUANT TO RULE 425
0001021408-02-003340,2002-03-11,,2002-03-11T05:00:00.000Z,,425,001-04423,02572027,,425,377221,0,0,,d425.htm,FILED PURSUANT TO RULE 425
0001021408-02-003355,2002-03-11,,2002-03-11T05:00:00.000Z,,425,001-04423,02572250,,425,5140600,0,0,,d425.htm,FILED PURSUANT TO RULE 425
0000891618-02-001117,2002-03-12,,2002-03-12T05:00:00.000Z,,DFAN14A,001-04423,02572760,,DFAN14A,91786,0,0,,f79585c9dfan14a.htm,FORM DFAN14A
0000891618-02-001136,2002-03-12,,2002-03-12T05:00:00.000Z,,DFAN14A,001-04423,02573227,,DFAN14A,40036,0,0,,f79585c8dfan14a.htm,FORM DFAN14A
0000891618-02-001138,2002-03-12,,2002-03-12T05:00:00.000Z,,DFAN14A,001-04423,02573321,,DFAN14A,127137,0,0,,f79585d5dfan14a.htm,FORM DFAN14A
0000891618-02-001140,2002-03-12,,2002-03-12T05:00:00.000Z,,DFAN14A,001-04423,02573322,,DFAN14A,233727,0,0,,f79585d6dfan14a.htm,FORM DFAN14A
0000891618-02-001141,2002-03-12,,2002-03-12T05:00:00.000Z,,DFAN14A,001-04423,02573324,,DFAN14A,91795,0,0,,f79585d8dfan14a.htm,FORM DFAN14A
0000891618-02-001142,2002-03-12,,2002-03-12T05:00:00.000Z,,DFAN14A,001-04423,02573459,,DFAN14A,40111,0,0,,f79585d7dfan14a.htm,FORM DFAN14A
0000891618-02-001146,2002-03-12,,2002-03-12T05:00:00.000Z,,DFAN14A,001-04423,02573698,,DFAN14A,877124,0,0,,f79585d2dfan14a.htm,FORM DFAN14A
0000912057-02-009662,2002-03-12,2002-01-31,2002-03-12T05:00:00.000Z,,10-Q,001-04423,02573689,,10-Q,183738,0,0,,a2072639z10-q.txt,FORM 10-Q
0001012870-02-001119,2002-03-12,,2002-03-12T05:00:00.000Z,,425,001-04423,02572908,,425,8195,0,0,,d425.txt,FILED PURSUANT TO RULE 425
0001021408-02-003442,2002-03-12,,2002-03-12T05:00:00.000Z,,425,001-04423,02573280,,425,455933,0,0,,d425.htm,FILED PURSUANT TO RULE 425
0001021408-02-003449,2002-03-12,,2002-03-12T05:00:00.000Z,,425,001-04423,02573694,,425,14811,0,0,,d425.txt,FILED PURSUANT TO RULE 425
0000891618-02-001158,2002-03-13,,2002-03-13T05:00:00.000Z,,DFAN14A,001-04423,02573981,,DFAN14A,10983,0,0,,f79585d9dfan14a.htm,FORM DFAN14A
0000891618-02-001170,2002-03-13,,2002-03-13T05:00:00.000Z,,DFAN14A,001-04423,02574369,,DFAN14A,54158,0,0,,f79585e2dfan14a.htm,FORM DFAN14A
0000891618-02-001172,2002-03-13,,2002-03-13T05:00:00.000Z,,DFAN14A,001-04423,02574476,,DFAN14A,20443,0,0,,f79585e1dfan14a.htm,FORM DFAN14A
0001012870-02-001151,2002-03-13,,2002-03-13T05:00:00.000Z,,425,001-04423,02573999,,425,8554,0,0,,d425.txt,FILED PURSUANT TO RULE 425
0001012870-02-001156,2002-03-13,,2002-03-13T05:00:00.000Z,,425,001-04423,02574148,,425,9212,0,0,,d425.txt,FILED PURSUANT TO RULE 425
0001021408-02-003452,2002-03-13,,2002-03-13T05:00:00.000Z,,425,001-04423,02573795,,425,1617926,0,0,,d425.htm,FILED PURSUANT TO RULE 425
0001021408-02-003504,2002-03-13,,2002-03-13T05:00:00.000Z,,425,001-04423,02573994,,425,196361,0,0,,d425.htm,FILED PURSUANT TO RULE 425
0000891618-02-001178,2002-03-14,,2002-03-14T05:00:00.000Z,,DFAN14A,001-04423,02574663,,DFAN14A,16262,0,0,,f79585e4dfan14a.htm,FORM DFAN14A
0000891618-02-001189,2002-03-14,,2002-03-14T05:00:00.000Z,,DFAN14A,001-04423,02575248,,DFAN14A,79368,0,0,,f79585e3dfan14a.htm,FORM DFAN14A
0000891618-02-001190,2002-03-14,,2002-03-14T05:00:00.000Z,,DFAN14A,001-04423,02575327,,DFAN14A,18000,0,0,,f79585e5dfan14a.htm,FORM DFAN14A
0000891618-02-001191,2002-03-14,,2002-03-14T05:00:00.000Z,,DFAN14A,001-04423,02575354,,DFAN14A,33395,0,0,,f79585e6dfan14a.htm,FORM DFAN14A
0001012870-02-001178,2002-03-14,,2002-03-14T05:00:00.000Z,,425,001-04423,02574953,,425,12493,0,0,,d425.txt,FILED PURSUANT TO RULE 425
0001012870-02-001182,2002-03-14,,2002-03-14T05:00:00.000Z,,425,001-04423,02575002,,425,59149,0,0,,d425.txt,FILED PURSUANT TO RULE 425
0001012870-02-001184,2002-03-14,,2002-03-14T05:00:00.000Z,,425,001-04423,02575079,,425,9778,0,0,,d425.txt,FILED PURSUANT TO RULE 425
0001012870-02-001187,2002-03-14,,2002-03-14T05:00:00.000Z,,425,001-04423,02575292,,425,19034,0,0,,d425.txt,FILED PURSUANT TO RULE 425
0001021408-02-003592,2002-03-14,,2002-03-14T05:00:00.000Z,,425,001-04423,02574856,,425,291388,0,0,,d425.htm,FILED PURSUANT TO RULE 425
0000891618-02-001217,2002-03-15,,2002-03-15T05:00:00.000Z,,DFAN14A,001-04423,02576725,,DFAN14A,47113,0,0,,f79585e8dfan14a.htm,FORM DFAN14A
0001012870-02-001191,2002-03-15,,2002-03-15T05:00:00.000Z,,425,001-04423,02575562,,425,10038,0,0,,d425.txt,FILED PURSUANT TO RULE 425
0001012870-02-001195,2002-03-15,,2002-03-15T05:00:00.000Z,,425,001-04423,02575586,,425,10709,0,0,,d425.txt,FILED PURSUANT TO RULE 425
0001012870-02-001196,2002-03-15,2002-03-14,2002-03-15T05:00:00.000Z,,8-K,001-04423,02575588,"5,7",8-K,52734,0,0,,d8k.txt,FORM 8-K
0001012870-02-001224,2002-03-15,,2002-03-15T05:00:00.000Z,,425,001-04423,02576313,,425,9860,0,0,,d425.txt,FILED PURSUANT TO RULE 425
0001012870-02-001226,2002-03-15,,2002-03-15T05:00:00.000Z,,425,001-04423,02576589,,425,16594,0,0,,d425.txt,FILED PURSUANT TO RULE 425
0001012870-02-001227,2002-03-15,,2002-03-15T05:00:00.000Z,,425,001-04423,02576680,,425,8957,0,0,,d425.txt,FILED PURSUANT TO RULE 425
0000891618-02-001233,2002-03-18,,2002-03-18T05:00:00.000Z,,DFAN14A,001-04423,02577360,,DFAN14A,41037,0,0,,f79585e9dfan14a.htm,FORM DFAN14A
0000891618-02-001235,2002-03-18,,2002-03-18T05:00:00.000Z,,DFAN14A,001-04423,02577376,,DFAN14A,10983,0,0,,f79585f3dfan14a.htm,FORM DFAN14A
0000891618-02-001245,2002-03-18,,2002-03-18T05:00:00.000Z,,DFAN14A,001-04423,02577553,,DFAN14A,28390,0,0,,f79585f1dfan14a.htm,FORM DFAN14A
0000891618-02-001247,2002-03-18,,2002-03-18T05:00:00.000Z,,DFAN14A,001-04423,02577566,,DFAN14A,31609,0,0,,f79585f2dfan14a.htm,FORM DFAN14A
0001012870-02-001240,2002-03-18,,2002-03-18T05:00:00.000Z,,425,001-04423,02577069,,425,34892,0,0,,d425.txt,FILED PURSUANT TO RULE 425
0001012870-02-001241,2002-03-18,,2002-03-18T05:00:00.000Z,,425,001-04423,02577073,,425,30836,0,0,,d425.txt,FILED PURSUANT TO RULE 425
0001012870-02-001251,2002-03-18,,2002-03-18T05:00:00.000Z,,425,001-04423,02577348,,425,9576,0,0,,d425.txt,FILED PURSUANT TO RULE 425
0001021408-02-003725,2002-03-18,,2002-03-18T05:00:00.000Z,,425,001-04423,02577315,,425,310423,0,0,,d425.htm,FILED PURSUANT TO RULE 425
0001021408-02-003740,2002-03-18,,2002-03-18T05:00:00.000Z,,425,001-04423,02577560,,425,10093,0,0,,d425.txt,FILED PURSUANT TO RULE 425
0001021408-02-003742,2002-03-18,,2002-03-18T05:00:00.000Z,,425,001-04423,02577580,,425,9571,0,0,,d425.txt,FILED PURSUANT TO RULE 425
0000891618-02-001271,2002-03-19,,2002-03-19T05:00:00.000Z,,DFAN14A,001-04423,02578206,,DFAN14A,29863,0,0,,f79585f4dfan14a.htm,FORM DFAN14A
0000891618-02-001273,2002-03-19,,2002-03-19T05:00:00.000Z,,DFAN14A,001-04423,02578208,,DFAN14A,27558,0,0,,f79585f5dfan14a.htm,FORM DFAN14A
0001012870-02-001262,2002-03-19,,2002-03-19T05:00:00.000Z,,425,001-04423,02578162,,425,13205,0,0,,d425.txt,FILED PURSUANT TO RULE 425
0001012870-02-001288,2002-03-19,,2002-03-19T05:00:00.000Z,,425,001-04423,02578877,,425,9577,0,0,,d425.txt,FILED PURSUANT TO RULE 425
0000891618-02-001297,2002-03-20,,2002-03-20T05:00:00.000Z,,DFAN14A,001-04423,02579547,,DFAN14A,28502,0,0,,f79585f6dfan14a.htm,FORM DFAN14A
0000891618-02-001299,2002-03-20,,2002-03-20T05:00:00.000Z,,DFAN14A,001-04423,02579549,,DFAN14A,12038,0,0,,f79585f7dfan14a.htm,FORM DFAN14A
0000891618-02-001300,2002-03-20,,2002-03-20T05:00:00.000Z,,DFAN14A,001-04423,02579552,,DFAN14A,12641,0,0,,f79585f8dfan14a.htm,FORM DFAN14A
0001012870-02-001323,2002-03-20,,2002-03-20T05:00:00.000Z,,425,001-04423,02580152,,425,10584,0,0,,d425.txt,FILED PURSUANT TO RULE 425
0001012870-02-001325,2002-03-20,,2002-03-20T05:00:00.000Z,,425,,,,425,8577,0,0,,d425.txt,FILED PURSUANT TO RULE 425
0001012870-02-001333,2002-03-21,,2002-03-21T05:00:00.000Z,,425,001-04423,02580432,,425,8723,0,0,,d425.txt,FILED PURSUANT TO RULE 425
0001012870-02-001360,2002-03-21,,2002-03-21T05:00:00.000Z,,SC TO-T/A,,,,SC TO-T/A,106847,0,0,,dsctota.htm,AMENDMENT NO. 1 SCHEDULE TO-T
0001012870-02-001440,2002-03-26,,2002-03-26T05:00:00.000Z,,SC TO-T/A,,,,SC TO-T/A,91188,0,0,,dsctota.htm,AMENDMENT NO. 2 TO SCHEDULE TO-T
0001012870-02-001462,2002-03-26,,2002-03-26T05:00:00.000Z,,425,001-04423,02587000,,425,12881,0,0,,d425.txt,FILED PURSUANT TO RULE 425
0001012870-02-001490,2002-03-27,,2002-03-27T05:00:00.000Z,,425,001-04423,02588394,,425,11657,0,0,,d425.txt,FILED PURSUANT TO RULE 425
0000912057-02-012258,2002-03-28,,2002-03-28T05:00:00.000Z,,S-8,333-85136,02591562,,S-8,94880,0,0,,a2074431zs-8.htm,S-8
0001021408-02-004308,2002-03-28,,2002-03-28T05:00:00.000Z,,425,001-04423,02591475,,425,8308,0,0,,d425.txt,FILED PURSUANT TO RULE 425
0001021408-02-004505,2002-03-29,2002-03-28,2002-03-29T05:00:00.000Z,,8-K,001-04423,02595028,"5,7",8-K,8400,0,0,,d8k.txt,FORM 8-K
0001012870-02-001599,2002-04-01,,2002-04-01T05:00:00.000Z,,425,001-04423,02597233,,425,10682,0,0,,d425.txt,FILED PURSUANT TO RULE 425
0001012870-02-001626,2002-04-02,,2002-04-02T05:00:00.000Z,,425,001-04423,02600421,,425,12735,0,0,,d425.txt,FILED PURSUANT TO RULE 425
0001012870-02-001635,2002-04-03,2002-04-01,2002-04-03T05:00:00.000Z,,8-K,001-04423,02601277,"5,7",8-K,226840,0,0,,d8k.txt,FORM 8-K
0000912057-02-013641,2002-04-04,2002-04-26,2002-04-04T05:00:00.000Z,,DEF 14A,001-04423,02601997,,DEF 14A,208891,0,0,,a2073756zdef14a.txt,DEF 14A
0001012870-02-001646,2002-04-04,,2002-04-04T05:00:00.000Z,,425,001-04423,02602215,,425,16638,0,0,,d425.txt,FILED PURSUANT TO RULE 425
9999999997-02-022298,2002-04-05,2001-12-31,2002-04-05T05:00:00.000Z,,ARS,001-04423,02029722,,ARS,1623,0,0,,9999999997-02-022298.paper,AUTO-GENERATED PAPER DOCUMENT
0001012870-02-001685,2002-04-09,,2002-04-09T04:00:00.000Z,,425,001-04423,02605117,,425,8253,0,0,,d425.txt,FILED PURSUANT TO RULE 425
0001012870-02-001702,2002-04-09,,2002-04-09T04:00:00.000Z,,425,001-04423,02606151,,425,12861,0,0,,d425.txt,FILED PURSUANT TO RULE 425
0000047217-02-000010,2002-04-12,2002-03-31,2002-04-12T04:00:00.000Z,,13F-HR,028-02187,02608612,,13F-HR,6824,0,0,,form13-f_033102.txt,"COVER PAGE, SUMMARY PAGE, INFORMATION TABLE"
0001012870-02-001745,2002-04-12,,2002-04-12T04:00:00.000Z,,425,001-04423,02608932,,425,9552,0,0,,d425.txt,FILED PURSUANT TO RULE 425
0000912057-02-015015,2002-04-15,2002-04-12,2002-04-15T04:00:00.000Z,,8-K,001-04423,02610301,5,8-K,6298,0,0,,a2076751z8-k.txt,FORM 8-K
0001012870-02-001775,2002-04-15,,2002-04-15T04:00:00.000Z,,425,001-04423,02610371,,425,8346,0,0,,d425.txt,FILED PURSUANT TO RULE 425
0000047217-02-000012,2002-04-16,2002-03-31,2002-04-16T04:00:00.000Z,,13F-HR/A,028-02187,02612087,,13F-HR/A,5269,0,0,,form13-fa_033102.txt,"COVER PAGE, SUMMARY PAGE, INFORMATION TABLE"
0000912057-02-015382,2002-04-17,,2002-04-17T04:00:00.000Z,,S-3,333-86378,02613038,,S-3,108440,0,0,,a2077063zs-3.txt,FORM S-3
0000912057-02-015627,2002-04-18,,2002-04-18T04:00:00.000Z,,S-3/A,333-86378,02614779,,S-3/A,324623,0,0,,a2077124zs-3a.txt,S-3/A
0001012870-02-001840,2002-04-18,2002-04-17,2002-04-18T04:00:00.000Z,,8-K,001-04423,02614011,"5,7",8-K,13758,0,0,,d8k.txt,FORM 8-K
0001012870-02-001841,2002-04-18,,2002-04-18T04:00:00.000Z,,425,001-04423,02614015,,425,9078,0,0,,d425.txt,FILED PURSUANT TO RULE 425
0001012870-02-002074,2002-05-02,,2002-05-02T00:48:56.000Z,,425,001-04423,02630816,,425,6960,0,0,,d425.txt,FILED PURSUANT TO RULE 425
0001012870-02-002088,2002-05-02,,2002-05-02T20:55:27.000Z,,425,001-04423,02632027,,425,6273,0,0,,d425.txt,FILED PURSUANT TO RULE 425
0000912057-02-018174,2002-05-02,2002-05-01,2002-05-02T21:08:13.000Z,,8-K,001-04423,02632231,"5,7",8-K,14168,0,0,,a2078809z8-k.txt,8-K
0000912057-02-018930,2002-05-07,2002-05-03,2002-05-07T19:23:35.000Z,,8-K,001-04423,02636679,"2,7",8-K,42680,0,0,,a2078894z8-k.txt,FORM 8-K
0000047217-02-000016,2002-05-07,,2002-05-07T20:03:42.000Z,,S-8,333-87742,02636792,,S-8,267252,0,0,,forms-8_050602k401.txt,COMPAQ 401K
0000912057-02-019003,2002-05-08,,2002-05-08T01:57:34.000Z,,S-3/A,333-86378,02637515,,S-3/A,183885,0,0,,a2077124zs-3a.txt,FORM S-3/A
0000047217-02-000019,2002-05-08,,2002-05-08T15:49:26.000Z,,S-8,333-87788,02637761,,S-8,41378,0,0,,forms-8_050702stock.txt,STOCK PLANS
0001012870-02-002184,2002-05-09,,2002-05-09T21:13:09.000Z,,POS AM,333-73786,02640156,,POS AM,41716,0,0,,dposam.htm,POST-EFFECTIVE AMENDMENT TO FORM S-4
0000912057-02-020418,2002-05-15,2002-05-14,2002-05-15T12:05:04.000Z,,8-K,001-04423,02648378,"5,7",8-K,42424,0,0,,a2080286z8-k.txt,8-K
0000891618-02-002630,2002-05-30,,2002-05-30T00:50:13.000Z,,SC 13G,005-11885,02665347,,SC 13G,86838,0,0,,f81954sc13g.htm,SCHEDULE 13G
0000912057-02-024138,2002-06-13,2002-04-30,2002-06-13T21:26:24.000Z,,10-Q,001-04423,02678644,,10-Q,769003,0,0,,a2081435z10-q.htm,10-Q
0000912057-02-024615,2002-06-18,2002-06-18,2002-06-18T21:15:29.000Z,,8-K,001-04423,02681744,"5,7",8-K,66778,0,0,,a2082468z8-k.txt,FORM 8-K
0000912057-02-024767,2002-06-20,,2002-06-20T01:52:04.000Z,,424B3,333-83346,02682701,,424B3,244318,0,0,,a2082470z424b3.txt,424B3
0000047217-02-000023,2002-06-24,2001-12-31,2002-06-24T19:10:19.000Z,,11-K,001-04423,02685355,,11-K,39232,0,0,,form11-k_123101cpq.txt,"COVER, REQUIRED INFORMATION"
0000912057-02-025139,2002-06-25,,2002-06-24T23:50:35.000Z,,424B5,333-83346,02685890,,424B5,247149,0,0,,a2083027z424b5.txt,424B5
0000047217-02-000025,2002-06-25,2001-12-31,2002-06-25T17:11:48.000Z,,11-K,001-04423,02686312,,11-K,30373,0,0,,form11-k_123101.txt,2001 TAXCAP
0000912057-02-025610,2002-06-27,2002-06-26,2002-06-27T21:25:49.000Z,,8-K,001-04423,02689742,"5,7",8-K,84601,0,0,,a2083292z8-k.txt,FORM 8-K
0000047217-02-000030,2002-08-05,2002-06-30,2002-08-02T22:45:00.000Z,,13F-HR,028-02187,02718942,,13F-HR,7819,0,0,,form13-f_063002.txt,"COVER PAGE, SUMMARY PAGE, INFORMATION TABLE"
0000912057-02-035524,2002-09-13,2002-07-31,2002-09-13T21:04:08.000Z,,10-Q,001-04423,02764153,,10-Q,1028919,0,0,,a2088541z10-q.htm,10-Q
0000912057-02-035527,2002-09-13,2002-09-13,2002-09-13T21:11:20.000Z,,8-K,001-04423,02764181,"5,7",8-K,10719,0,0,,a2089175z8-k.txt,8-K
0000047217-02-000039,2002-09-20,,2002-09-20T21:11:23.000Z,,SC 13D/A,005-11885,02769306,,SC 13D/A,144828,0,0,,sc13da_092002.txt,
9999999997-02-055707,2002-10-15,,2002-10-28T16:22:00.000Z,,REGDEX,021-04721-7L,02062741,06,REGDEX,1684,0,0,,9999999997-02-055707.paper,AUTO-GENERATED PAPER DOCUMENT
9999999997-02-055790,2002-10-22,,2002-10-28T19:32:08.000Z,,REGDEX/A,021-04721-7L,02062618,06,REGDEX/A,1690,0,0,,9999999997-02-055790.paper,AUTO-GENERATED PAPER DOCUMENT
0000047217-02-000043,2002-11-13,2002-09-30,2002-11-13T17:37:24.000Z,,13F-HR,028-02187,02819087,,13F-HR,8176,0,0,,form13-f_093002.txt,"COVER PAGE, SUMMARY PAGE, INFORMATION TABLE"
0000047217-02-000046,2002-11-14,2002-11-11,2002-11-14T00:08:02.000Z,,8-K,001-04423,02821525,5,8-K,4081,0,0,,form8-k_111302.txt,
0001047469-02-003825,2002-11-20,2002-11-20,2002-11-20T22:29:31.000Z,,8-K,001-04423,02835276,"5,7",8-K,146618,0,0,,a2094290z8-k.htm,FORM 8-K
0001047469-02-006050,2002-12-06,,2002-12-06T21:24:48.000Z,,424B2,333-83346,02851204,,424B2,378081,0,0,,a2095472z424b2.htm,424B2
0001047469-02-006584,2002-12-11,2002-12-06,2002-12-11T21:28:42.000Z,,8-K,001-04423,02854830,"5,7",8-K,434564,0,0,,a2095979z8-k.htm,FORM 8-K
0001047469-02-006914,2002-12-13,,2002-12-13T20:54:38.000Z,,424B2,333-30786,02857155,,424B2,26997,0,0,,a2096139z424b2.htm,424B2
0001047469-02-006915,2002-12-13,,2002-12-13T20:55:19.000Z,,424B2,333-30786,02857159,,424B2,25217,0,0,,a2096140z424b2.htm,424B2
9999999997-03-000888,2002-12-17,2002-11-05,2003-01-09T19:46:20.000Z,,NO ACT,001-04423,02068232,,NO ACT,1698,0,0,,9999999997-03-000888.paper,AUTO-GENERATED PAPER DOCUMENT
0000047217-02-000048,2002-12-20,,2002-12-20T21:15:20.000Z,,SC 13G,005-11885,02865146,,SC 13G,16539,0,0,,sc13-g_122002.txt,
9999999997-03-002019,2002-12-24,2002-12-09,2003-01-16T19:10:11.000Z,,NO ACT,001-04423,02068252,,NO ACT,1698,0,0,,9999999997-03-002019.paper,AUTO-GENERATED PAPER DOCUMENT
9999999997-03-000880,2002-12-27,2002-12-03,2003-01-09T19:37:57.000Z,,NO ACT,001-04423,02068267,,NO ACT,1698,0,0,,9999999997-03-000880.paper,AUTO-GENERATED PAPER DOCUMENT
9999999997-03-000885,2002-12-27,2002-12-09,2003-01-09T19:41:31.000Z,,NO ACT,001-04423,02068262,,NO ACT,1698,0,0,,9999999997-03-000885.paper,AUTO-GENERATED PAPER DOCUMENT
9999999997-03-002023,2003-01-07,2002-12-09,2003-01-16T19:14:15.000Z,,NO ACT,001-04423,03004544,,NO ACT,1698,0,0,,9999999997-03-002023.paper,AUTO-GENERATED PAPER DOCUMENT
9999999997-03-002040,2003-01-07,2002-12-09,2003-01-16T19:43:26.000Z,,NO ACT,001-04423,03004537,,NO ACT,1698,0,0,,9999999997-03-002040.paper,AUTO-GENERATED PAPER DOCUMENT
9999999997-03-002539,2003-01-10,2002-12-09,2003-01-23T16:27:16.000Z,,NO ACT,001-04423,03004525,,NO ACT,1698,0,0,,9999999997-03-002539.paper,AUTO-GENERATED PAPER DOCUMENT
0001047469-03-001829,2003-01-21,2003-01-21,2003-01-21T14:27:03.000Z,,8-K,001-04423,03518696,"5,7",8-K,29159,0,0,,a2093442z8-k.htm,8-K
0001047469-03-002015,2003-01-21,2002-10-31,2003-01-21T22:26:08.000Z,,10-K,001-04423,03519974,,10-K,3568621,0,0,,a2096381z10-k.htm,FORM 10-K
9999999997-03-004808,2003-01-24,2002-12-20,2003-02-13T16:14:40.000Z,,NO ACT,001-04423,03006059,,NO ACT,1698,0,0,,9999999997-03-004808.paper,AUTO-GENERATED PAPER DOCUMENT
0001047469-03-003672,2003-02-03,,2003-02-03T19:35:42.000Z,,SC 13G/A,005-11885,03536277,,SC 13G/A,56402,0,0,,a2102263zsc13ga.htm,SC 13G/A
0000047217-03-000004,2003-02-14,2002-12-31,2003-02-13T22:36:46.000Z,,13F-HR,028-02187,03561232,,13F-HR,8573,0,0,,form13-f_123102.txt,"COVER PAGE, SUMMARY PAGE, INFORMATION TABLE"
0000047217-03-000008,2003-02-20,2003-02-18,2003-02-20T21:39:37.000Z,,4,001-04423,03574649,,4,29123,0,0,,form-4_022003.htm,
0000047217-03-000010,2003-02-24,2002-09-20,2003-02-24T22:25:40.000Z,,3/A,001-04423,03578081,,3/A,32828,0,0,,form-3a_022403.htm,
0001047469-03-006751,2003-02-26,2003-02-25,2003-02-26T02:51:43.000Z,,8-K,001-04423,03579896,"5,7,9",8-K,545800,0,0,,a2104441z8-k.htm,FORM 8-K
0001047469-03-007135,2003-02-27,2003-04-02,2003-02-27T22:14:48.000Z,,DEF 14A,001-04423,03584097,,DEF 14A,571697,0,0,,a2104291zdef14a.htm,DEF 14A
9999999997-03-007115,2003-03-03,2002-10-31,2003-03-06T16:00:42.000Z,,ARS,001-04423,03016119,,ARS,1689,0,0,,9999999997-03-007115.paper,AUTO-GENERATED PAPER DOCUMENT
0000047217-03-000013,2003-03-06,2003-03-05,2003-03-06T20:54:52.000Z,,4,001-04423,03594717,,4,29597,0,0,,form-4_030503.htm,
0000047217-03-000015,2003-03-10,2003-03-07,2003-03-10T19:29:57.000Z,,4,001-04423,03597771,,4,28601,0,0,,form-4_030603.htm,
0001047469-03-008239,2003-03-10,,2003-03-10T22:23:38.000Z,,424B5,333-83346,03598537,,424B5,310600,0,0,,a2105113z424b5.htm,424B5
0001047469-03-008500,2003-03-12,2003-01-31,2003-03-12T22:29:12.000Z,,10-Q,001-04423,03601454,,10-Q,647631,0,0,,a2104837z10-q.htm,10-Q
0001047469-03-008778,2003-03-14,2003-03-13,2003-03-14T20:44:24.000Z,,8-K,001-04423,03604191,"5,7",8-K,335199,0,0,,a2105673z8-k.htm,8-K
0001047469-03-009682,2003-03-21,,2003-03-21T22:26:41.000Z,,DEFA14A,001-04423,03612886,,DEFA14A,31427,0,0,,a2106336zdefa14a.htm,DEFA14A
0000047217-03-000017,2003-04-01,2003-03-28,2003-04-01T21:22:07.000Z,,4,001-04423,03634591,,4,28687,0,0,,form-4_032803.htm,
0000047217-03-000019,2003-04-01,2003-03-28,2003-04-01T21:28:26.000Z,,4,001-04423,03634624,,4,28451,0,0,,form-4_032803.htm,
0000047217-03-000021,2003-04-01,2003-03-28,2003-04-01T21:35:51.000Z,,4,001-04423,03634692,,4,29470,0,0,,form-4_032803.htm,
0000047217-03-000023,2003-04-03,2003-04-02,2003-04-03T20:08:22.000Z,,4,001-04423,03638470,,4,30644,0,0,,form-4_040203.htm,
0000047217-03-000026,2003-05-01,2003-04-28,2003-04-30T22:01:43.000Z,,4,001-04423,03674494,,4,28950,0,0,,form-4_042803.htm,FORM 4
0001005477-03-000338,2003-05-06,2003-05-02,2003-05-06T21:05:40.000Z,,4,,,,4,5533,0,0,,xslF345X01/edgar123.xml,FORM 4
0001005477-03-000346,2003-05-06,2003-05-02,2003-05-06T21:25:05.000Z,,4,,,,4,5237,0,0,,xslF345X01/edgar123.xml,FORM 4
0001005477-03-000354,2003-05-07,2003-05-02,2003-05-06T21:49:25.000Z,,4,,,,4,4787,0,0,,xslF345X01/edgar123.xml,FORM 4
0001005477-03-000358,2003-05-07,2003-05-02,2003-05-06T22:42:19.000Z,,4,,,,4,4389,0,0,,xslF345X01/edgar123.xml,FORM 4
0001005477-03-000360,2003-05-07,2003-05-02,2003-05-06T22:52:06.000Z,,4,,,,4,4571,0,0,,xslF345X01/edgar123.xml,FORM 4
0001005477-03-000362,2003-05-07,2003-05-02,2003-05-06T23:02:16.000Z,,4,,,,4,5381,0,0,,xslF345X01/edgar123.xml,FORM 4
0001005477-03-000365,2003-05-07,2003-05-02,2003-05-07T00:13:32.000Z,,4,,,,4,5363,0,0,,xslF345X01/edgar123.xml,FORM 4
0001005477-03-000367,2003-05-07,2003-05-02,2003-05-07T00:22:57.000Z,,4,,,,4,4575,0,0,,xslF345X01/edgar123.xml,FORM 4
0001005477-03-000369,2003-05-07,2003-05-02,2003-05-07T00:34:48.000Z,,4,,,,4,5523,0,0,,xslF345X01/edgar123.xml,FORM 4
0001005477-03-000373,2003-05-07,2003-05-02,2003-05-07T00:49:28.000Z,,4,,,,4,5206,0,0,,xslF345X01/edgar123.xml,FORM 4
0000047217-03-000028,2003-05-09,2003-03-31,2003-05-09T20:39:12.000Z,,13F-HR,028-02187,03690768,,13F-HR,7372,0,0,,form13-f_033103.txt,
0001005477-03-001017,2003-05-15,2003-04-16,2003-05-14T22:59:21.000Z,,4,,,,4,5522,0,0,,xslF345X01/edgar123.xml,FORM 4
0001005477-03-001019,2003-05-15,2003-04-16,2003-05-14T23:04:47.000Z,,4,,,,4,5683,0,0,,xslF345X01/edgar123.xml,FORM 4
0001005477-03-001021,2003-05-15,2003-04-16,2003-05-14T23:09:55.000Z,,4,,,,4,5509,0,0,,xslF345X01/edgar123.xml,FORM 4
0001005477-03-001023,2003-05-15,2003-04-16,2003-05-14T23:14:01.000Z,,4,,,,4,5658,0,0,,xslF345X01/edgar123.xml,FORM 4
0001005477-03-001026,2003-05-15,2003-04-16,2003-05-14T23:19:25.000Z,,4,,,,4,5506,0,0,,xslF345X01/edgar123.xml,FORM 4
0001005477-03-001029,2003-05-15,2003-04-16,2003-05-14T23:25:05.000Z,,4,,,,4,5609,0,0,,xslF345X01/edgar123.xml,FORM 4
0001005477-03-001035,2003-05-15,2003-04-16,2003-05-14T23:53:49.000Z,,4,,,,4,5527,0,0,,xslF345X01/edgar123.xml,FORM 4
0001005477-03-001037,2003-05-15,2003-04-16,2003-05-15T00:10:09.000Z,,4,,,,4,5512,0,0,,xslF345X01/edgar123.xml,FORM 4
0001005477-03-001040,2003-05-15,2003-04-16,2003-05-15T00:26:05.000Z,,4,,,,4,5511,0,0,,xslF345X01/edgar123.xml,FORM 4
0001005477-03-001042,2003-05-15,2003-04-16,2003-05-15T00:33:43.000Z,,4,,,,4,5523,0,0,,xslF345X01/edgar123.xml,FORM 4
0001005477-03-001044,2003-05-15,2003-04-16,2003-05-15T00:51:42.000Z,,4,,,,4,5525,0,0,,xslF345X01/edgar123.xml,FORM 4
0001005477-03-001046,2003-05-15,2003-04-16,2003-05-15T01:07:03.000Z,,4,,,,4,5501,0,0,,xslF345X01/edgar123.xml,FORM 4
0001005477-03-001048,2003-05-15,2003-04-16,2003-05-15T01:12:46.000Z,,4,,,,4,5308,0,0,,xslF345X01/edgar123.xml,FORM 4
0001005477-03-001050,2003-05-15,2003-04-16,2003-05-15T01:18:37.000Z,,4,,,,4,5506,0,0,,xslF345X01/edgar123.xml,FORM 4
0001005477-03-001053,2003-05-15,2003-04-16,2003-05-15T01:32:01.000Z,,4,,,,4,5679,0,0,,xslF345X01/edgar123.xml,FORM 4
0001005477-03-001056,2003-05-15,2003-04-16,2003-05-15T01:49:21.000Z,,4,,,,4,5528,0,0,,xslF345X01/edgar123.xml,FORM 4
0001005477-03-001060,2003-05-15,2003-04-16,2003-05-15T01:58:28.000Z,,4,,,,4,5468,0,0,,xslF345X01/edgar123.xml,FORM 4
0001005477-03-001084,2003-05-15,2003-04-16,2003-05-15T16:44:50.000Z,,4,,,,4,5446,0,0,,xslF345X01/edgar123.xml,FORM 4
0001005477-03-001089,2003-05-15,2003-04-16,2003-05-15T17:31:25.000Z,,4,,,,4,5523,0,0,,xslF345X01/edgar123.xml,FORM 4
0001127691-03-000001,2003-05-19,2003-05-15,2003-05-19T21:23:12.000Z,,4,,,,4,5651,0,0,,xslF345X01/primary_doc.xml,PRIMARY DOCUMENT
0001127691-03-000002,2003-05-20,2003-05-15,2003-05-19T21:38:15.000Z,,4,,,,4,5694,0,0,,xslF345X01/primary_doc.xml,PRIMARY DOCUMENT
0000047217-03-000031,2003-05-20,2003-05-20,2003-05-20T21:19:38.000Z,,8-K,001-04423,03713284,"5,7,9",8-K,43965,0,0,,form8-k_052003.txt,
0001207614-03-000001,2003-05-22,2003-05-22,2003-05-22T18:50:22.000Z,,4,,,,4,4620,0,0,,xslF345X01/primary_doc.xml,PRIMARY DOCUMENT
0001207627-03-000001,2003-05-23,2003-05-22,2003-05-22T22:11:40.000Z,,4,,,,4,4854,0,0,,xslF345X01/primary_doc.xml,PRIMARY DOCUMENT
0001207627-03-000002,2003-05-23,2003-05-02,2003-05-22T22:38:29.000Z,,4/A,,,,4/A,5210,0,0,,xslF345X01/primary_doc.xml,PRIMARY DOCUMENT
0001207627-03-000003,2003-05-23,2002-10-31,2003-05-22T23:48:38.000Z,,5/A,,,,5/A,5252,0,0,,xslF345X01/primary_doc.xml,PRIMARY DOCUMENT
0001207627-03-000004,2003-05-23,2003-05-02,2003-05-23T00:10:42.000Z,,4/A,,,,4/A,5210,0,0,,xslF345X01/primary_doc.xml,PRIMARY DOCUMENT
0001207628-03-000001,2003-06-02,2003-05-30,2003-05-30T21:51:08.000Z,,4,,,,4,8631,0,0,,xslF345X01/primary_doc.xml,PRIMARY DOCUMENT
0001207618-03-000001,2003-06-12,2003-06-11,2003-06-11T22:30:16.000Z,,4,,,,4,5207,0,0,,xslF345X01/primary_doc.xml,PRIMARY DOCUMENT
0001207618-03-000002,2003-06-12,2003-06-10,2003-06-11T23:02:07.000Z,,4,,,,4,5056,0,0,,xslF345X01/primary_doc.xml,PRIMARY DOCUMENT
0001047469-03-021213,2003-06-12,2003-04-30,2003-06-12T20:52:23.000Z,,10-Q,001-04423,03742477,,10-Q,989293,0,0,,a2112234z10-q.htm,10-Q
0000047217-03-000033,2003-06-27,2002-12-31,2003-06-26T22:41:55.000Z,,11-K,001-04423,03759396,,11-K,121831,0,0,,form11-k_123102.htm,
0000047217-03-000036,2003-06-30,2002-12-31,2003-06-27T21:34:46.000Z,,11-K,001-04423,03762314,,11-K,161142,0,0,,cpqform11-k_123102.htm,
0001018792-03-000001,2003-07-23,2003-07-21,2003-07-23T20:59:15.000Z,,4,,,,4,5542,0,0,,xslF345X01/primary_doc.xml,PRIMARY DOCUMENT
0001256991-03-000003,2003-07-28,2003-07-18,2003-07-28T20:20:29.000Z,,3,,,,3,23567,0,0,,xslF345X02/primary_doc.xml,PRIMARY DOCUMENT
0000047217-03-000038,2003-08-08,2003-06-30,2003-08-08T18:20:53.000Z,,13F-HR,028-02187,03831296,,13F-HR,7001,0,0,,form13-f_063003.txt,
0000047217-03-000040,2003-08-19,2003-08-19,2003-08-19T21:11:04.000Z,,8-K,001-04423,03856363,"12,7",8-K,254098,0,0,,form8-k_081903.htm,
0001256991-03-000004,2003-09-03,2003-08-26,2003-09-03T22:12:43.000Z,,3,000-27597,03879974,,3,4742,0,0,,xslF345X02/primary_doc.xml,PRIMARY DOCUMENT
0000047217-03-000042,2003-09-05,,2003-09-05T19:48:07.000Z,,SC 13G/A,005-11885,03883840,,SC 13G/A,59529,0,0,,schedule-13ga_090203.htm,
0001256991-03-000005,2003-09-08,2003-09-05,2003-09-08T23:56:56.000Z,,4,,,,4,10377,0,0,,xslF345X02/primary_doc.xml,PRIMARY DOCUMENT
0001047469-03-030355,2003-09-11,2003-07-31,2003-09-11T13:02:42.000Z,,10-Q,001-04423,03890961,,10-Q,805345,0,0,,a2117743z10-q.htm,10-Q
0001256991-03-000006,2003-09-30,2003-09-18,2003-09-30T23:13:10.000Z,,4,,,,4,5788,0,0,,xslF345X02/primary_doc.xml,PRIMARY DOCUMENT
0000047217-03-000045,2003-10-23,,2003-10-22T22:57:22.000Z,,SC 13G,005-11885,03952830,,SC 13G,76253,0,0,,schedule-13g_102203.htm,
0001256991-03-000007,2003-10-29,2003-10-28,2003-10-29T22:54:06.000Z,,4,,,,4,5830,0,0,,xslF345X02/primary_doc.xml,PRIMARY DOCUMENT
0000047217-03-000047,2003-10-31,,2003-10-30T22:32:16.000Z,,SC 13G,,,,SC 13G,76894,0,0,,schedule-13g_103003.htm,
0000047217-03-000049,2003-11-14,2003-09-30,2003-11-13T23:12:36.000Z,,13F-HR,028-02187,03999663,,13F-HR,6673,0,0,,form13-f_093003.txt,
0000047217-03-000051,2003-11-14,2000-06-30,2003-11-13T23:46:05.000Z,,13F-HR/A,028-02187,03999822,,13F-HR/A,6799,0,0,,form13-fa_063000.txt,
0000047217-03-000053,2003-11-14,2000-09-30,2003-11-13T23:50:14.000Z,,13F-HR/A,028-02187,03999838,,13F-HR/A,6899,0,0,,form13-fa_093000.txt,
0000047217-03-000055,2003-11-14,2000-12-31,2003-11-13T23:53:27.000Z,,13F-HR/A,028-02187,03999854,,13F-HR/A,7012,0,0,,form13-fa_123100.txt,
0000047217-03-000057,2003-11-14,2001-03-31,2003-11-13T23:56:48.000Z,,13F-HR/A,028-02187,03999865,,13F-HR/A,6900,0,0,,form13-fa_033101.txt,
0000047217-03-000059,2003-11-14,2001-06-30,2003-11-13T23:59:33.000Z,,13F-HR/A,028-02187,03999870,,13F-HR/A,7313,0,0,,form13-fa_063001.txt,
0000047217-03-000061,2003-11-14,2001-09-30,2003-11-14T00:10:56.000Z,,13F-HR/A,028-02187,03999896,,13F-HR/A,7143,0,0,,form13-fa_093001.txt,
0000047217-03-000064,2003-11-17,2003-09-30,2003-11-14T23:22:37.000Z,,13F-HR/A,028-02187,031006318,,13F-HR/A,6681,0,0,,form13-fa1_093003.txt,
0000047217-03-000066,2003-11-17,2000-06-30,2003-11-14T23:36:02.000Z,,13F-HR/A,028-02187,031006361,,13F-HR/A,6846,0,0,,form13-fa3_063000.txt,
0000047217-03-000068,2003-11-17,2000-09-30,2003-11-14T23:39:57.000Z,,13F-HR/A,028-02187,031006375,,13F-HR/A,6946,0,0,,form13-fa3_093000.txt,
0000047217-03-000071,2003-11-17,2000-12-31,2003-11-14T23:57:10.000Z,,13F-HR/A,028-02187,031006410,,13F-HR/A,7060,0,0,,form13-fa2_123100.txt,
0000047217-03-000073,2003-11-17,2001-03-31,2003-11-15T00:06:00.000Z,,13F-HR/A,028-02187,031006424,,13F-HR/A,6949,0,0,,form13-fa2_033101.txt,
0000047217-03-000075,2003-11-17,2001-06-30,2003-11-15T00:11:23.000Z,,13F-HR/A,028-02187,031006431,,13F-HR/A,7359,0,0,,form13-fa2_063001.txt,
0000047217-03-000077,2003-11-17,2001-09-30,2003-11-15T00:33:33.000Z,,13F-HR/A,028-02187,031006463,,13F-HR/A,7190,0,0,,form13-fa2_093001.txt,
0000047217-03-000079,2003-11-17,2001-12-31,2003-11-15T00:47:53.000Z,,13F-HR/A,028-02187,031006482,,13F-HR/A,7143,0,0,,form13-fa_123101.txt,
0000047217-03-000081,2003-11-17,2002-03-31,2003-11-15T00:53:03.000Z,,13F-HR/A,028-02187,031006487,,13F-HR/A,7036,0,0,,form13-fa2_033102.txt,
0000047217-03-000084,2003-11-17,2002-06-30,2003-11-15T01:00:07.000Z,,13F-HR/A,028-02187,031006492,,13F-HR/A,7879,0,0,,form13-fa_063002.txt,
0000047217-03-000086,2003-11-17,2002-09-30,2003-11-15T01:04:07.000Z,,13F-HR/A,028-02187,031006495,,13F-HR/A,8195,0,0,,form13-fa_093002.txt,
0000047217-03-000088,2003-11-17,2002-12-31,2003-11-15T01:13:37.000Z,,13F-HR/A,028-02187,031006503,,13F-HR/A,8523,0,0,,form13-fa_123102.txt,
0000047217-03-000090,2003-11-17,2003-03-31,2003-11-15T01:26:21.000Z,,13F-HR/A,028-02187,031006510,,13F-HR/A,7385,0,0,,form13-fa_033103.txt,
0000047217-03-000092,2003-11-17,2003-06-30,2003-11-15T01:34:02.000Z,,13F-HR/A,028-02187,031006515,,13F-HR/A,7030,0,0,,form13-fa_063003.txt,
0000047217-03-000094,2003-11-19,2003-11-19,2003-11-19T22:00:30.000Z,,8-K,001-04423,031013503,"12,7",8-K,301106,0,0,,form8-k_111903.htm,
0001256991-03-000008,2003-11-21,2003-11-21,2003-11-22T00:12:09.000Z,,5,,,,5,5550,0,0,,xslF345X02/primary_doc.xml,PRIMARY DOCUMENT
0001256991-03-000009,2003-11-21,2003-11-21,2003-11-22T00:55:18.000Z,,4,,,,4,14356,0,0,,xslF345X02/primary_doc.xml,PRIMARY DOCUMENT
0001256991-03-000010,2003-11-24,2003-11-21,2003-11-24T20:38:16.000Z,,4,,,,4,5324,0,0,,xslF345X02/primary_doc.xml,PRIMARY DOCUMENT
0001256991-03-000011,2003-11-25,2003-11-25,2003-11-25T22:56:46.000Z,,4,,,,4,4894,0,0,,xslF345X02/primary_doc.xml,PRIMARY DOCUMENT
0001256991-03-000012,2003-11-25,2003-11-25,2003-11-25T23:28:50.000Z,,4,,,,4,5391,0,0,,xslF345X02/primary_doc.xml,PRIMARY DOCUMENT
0000047217-03-000096,2003-11-26,,2003-11-26T18:03:09.000Z,,S-8 POS,333-87788,031025606,,S-8 POS,36639,0,0,,forms-8pos_112503.htm,
0001256991-03-000013,2003-11-26,2003-11-25,2003-11-26T19:01:25.000Z,,4,,,,4,6108,0,0,,xslF345X02/primary_doc.xml,PRIMARY DOCUMENT
0001256991-03-000014,2003-12-04,2003-12-03,2003-12-04T20:59:00.000Z,,4,,,,4,10396,0,0,,xslF345X02/primary_doc.xml,PRIMARY DOCUMENT
0001256991-03-000015,2003-12-05,2003-12-04,2003-12-06T00:42:26.000Z,,4,,,,4,7468,0,0,,xslF345X02/primary_doc.xml,PRIMARY DOCUMENT
0001256991-03-000016,2003-12-10,2003-12-08,2003-12-10T20:11:17.000Z,,4,,,,4,10471,0,0,,xslF345X02/primary_doc.xml,PRIMARY DOCUMENT
0000047217-03-000099,2003-12-11,,2003-12-11T02:30:35.000Z,,SC 13D/A,,,,SC 13D/A,25389,0,0,,sch13d-a_121003.htm,
0001256991-03-000017,2003-12-15,2003-10-31,2003-12-16T01:57:00.000Z,,5,,,,5,12976,0,0,,xslF345X02/primary_doc.xml,PRIMARY DOCUMENT
0001256991-03-000018,2003-12-16,2003-12-15,2003-12-16T19:07:53.000Z,,4,,,,4,5216,0,0,,xslF345X02/primary_doc.xml,PRIMARY DOCUMENT
0001256991-03-000019,2003-12-16,2003-12-15,2003-12-16T19:29:58.000Z,,4,,,,4,5525,0,0,,xslF345X02/primary_doc.xml,PRIMARY DOCUMENT
0001256991-03-000020,2003-12-16,2003-12-15,2003-12-16T19:52:29.000Z,,4,,,,4,5546,0,0,,xslF345X02/primary_doc.xml,PRIMARY DOCUMENT
0001256991-03-000021,2003-12-16,2003-12-15,2003-12-16T20:23:50.000Z,,4,,,,4,5726,0,0,,xslF345X02/primary_doc.xml,PRIMARY DOCUMENT
0001256991-03-000022,2003-12-16,2003-12-15,2003-12-16T21:05:16.000Z,,4,,,,4,5548,0,0,,xslF345X02/primary_doc.xml,PRIMARY DOCUMENT
0001256991-03-000023,2003-12-16,2003-12-15,2003-12-16T22:16:00.000Z,,4,,,,4,5667,0,0,,xslF345X02/primary_doc.xml,PRIMARY DOCUMENT
0001256991-03-000024,2003-12-16,2003-12-15,2003-12-16T23:43:41.000Z,,4,,,,4,5792,0,0,,xslF345X02/primary_doc.xml,PRIMARY DOCUMENT
0001256991-03-000025,2003-12-16,2003-12-15,2003-12-17T00:13:25.000Z,,4,,,,4,5502,0,0,,xslF345X02/primary_doc.xml,PRIMARY DOCUMENT
0001256991-03-000026,2003-12-16,2003-12-15,2003-12-17T00:45:47.000Z,,4,,,,4,5810,0,0,,xslF345X02/primary_doc.xml,PRIMARY DOCUMENT
0001256991-03-000027,2003-12-17,2003-11-17,2003-12-17T22:02:25.000Z,,4,,,,4,13353,0,0,,xslF345X02/primary_doc.xml,PRIMARY DOCUMENT
0001256991-03-000028,2003-12-17,2003-11-01,2003-12-17T22:23:45.000Z,,4,,,,4,7628,0,0,,xslF345X02/primary_doc.xml,PRIMARY DOCUMENT
0001256991-03-000029,2003-12-17,2003-11-03,2003-12-17T22:42:28.000Z,,4,,,,4,7181,0,0,,xslF345X02/primary_doc.xml,PRIMARY DOCUMENT
0001256991-03-000030,2003-12-17,2003-12-15,2003-12-17T22:51:14.000Z,,4,,,,4,5064,0,0,,xslF345X02/primary_doc.xml,PRIMARY DOCUMENT
0001256991-03-000031,2003-12-17,2003-12-15,2003-12-17T23:18:33.000Z,,4,,,,4,5978,0,0,,xslF345X02/primary_doc.xml,PRIMARY DOCUMENT
0001256991-03-000032,2003-12-17,2002-11-01,2003-12-17T23:46:45.000Z,,4,,,,4,7850,0,0,,xslF345X02/primary_doc.xml,PRIMARY DOCUMENT
0001256991-03-000033,2003-12-18,2002-10-31,2003-12-19T00:25:32.000Z,,5/A,,,,5/A,14832,0,0,,xslF345X02/primary_doc.xml,PRIMARY DOCUMENT
0000047217-03-000101,2003-12-19,,2003-12-18T23:16:22.000Z,,SC 13G/A,,,,SC 13G/A,60127,0,0,,schedule-13ga_121803.htm,
0001256991-04-000001,2004-01-16,2004-01-16,2004-01-16T23:11:53.000Z,,3,,,,3,7337,0,0,,xslF345X02/primary_doc.xml,PRIMARY DOCUMENT
0001256991-04-000002,2004-01-16,2004-01-15,2004-01-16T23:54:12.000Z,,4,,,,4,7580,0,0,,xslF345X02/primary_doc.xml,PRIMARY DOCUMENT
0001047469-04-001113,2004-01-20,2003-10-31,2004-01-17T00:34:55.000Z,,10-K,001-04423,04530627,,10-K,1384158,0,0,,a2125373z10-k.htm,10 K
0001047469-04-001602,2004-01-23,2004-03-17,2004-01-23T01:24:08.000Z,,DEF 14A,001-04423,04538850,,DEF 14A,651987,0,0,,a2126744zdef14a.htm,DEF 14A
0001256991-04-000003,2004-01-23,2004-01-16,2004-01-23T23:28:39.000Z,,3,,,,3,21327,0,0,,xslF345X02/primary_doc.xml,PRIMARY DOCUMENT
9999999997-04-002947,2004-01-26,2003-10-31,2004-01-27T14:55:58.000Z,,ARS,001-04423,04006610,,ARS,1689,0,0,,9999999997-04-002947.paper,AUTO-GENERATED PAPER DOCUMENT
0001047469-04-003199,2004-02-04,,2004-02-04T22:25:46.000Z,,DEFA14A,001-04423,04567769,,DEFA14A,23237,0,0,,a2128052zdefa14a.htm,DEFA14A
0001104659-04-002806,2004-02-06,,2004-02-05T22:55:39.000Z,,SC 13D/A,,,,SC 13D/A,801966,0,0,,a04-1917_1sc13da.htm,SC 13D/A
0001104659-04-002872,2004-02-06,,2004-02-06T18:14:20.000Z,,SC 13G/A,005-12061,04572913,,SC 13G/A,62632,0,0,,a04-1964_1sc13ga.htm,SC 13G/A
0000047217-04-000002,2004-02-12,2004-02-11,2004-02-11T22:35:17.000Z,,8-K,001-04423,04587496,"12,7",8-K,35898,0,0,,form8-k_021104.htm,
0000047217-04-000004,2004-02-13,2003-12-31,2004-02-13T20:54:29.000Z,,13F-HR,028-02187,04598971,,13F-HR,7042,0,0,,form13-f_123103.txt,
0001256991-04-000004,2004-02-13,2004-02-04,2004-02-14T01:03:23.000Z,,3,000-26156,04601802,,3,5933,0,0,,xslF345X02/primary_doc.xml,PRIMARY DOCUMENT
0000047217-04-000006,2004-02-19,2004-02-19,2004-02-19T21:42:27.000Z,,8-K,001-04423,04616572,"12,7",8-K,241415,0,0,,form8-k_021904.htm,
0000047217-04-000009,2004-02-20,2004-02-20,2004-02-20T17:10:19.000Z,,8-K,001-04423,04618375,"12,7",8-K,114898,0,0,,form8-k_022004.htm,
0001047469-04-005331,2004-02-23,,2004-02-23T22:29:23.000Z,,DFAN14A,,,,DFAN14A,208131,0,0,,a2128182zdfan14a.htm,DFAN14A
0000047217-04-000012,2004-02-27,,2004-02-27T21:08:28.000Z,,S-8,333-113148,04635336,,S-8,153163,0,0,,forms-8_022704.htm,
0001256991-04-000005,2004-03-01,2004-02-26,2004-03-01T22:22:16.000Z,,4,,,,4,14267,0,0,,xslF345X02/primary_doc.xml,PRIMARY DOCUMENT
0001256991-04-000006,2004-03-08,2004-03-05,2004-03-09T00:34:53.000Z,,4,,,,4,11975,0,0,,xslF345X02/primary_doc.xml,PRIMARY DOCUMENT
0001047469-04-007523,2004-03-11,2004-01-31,2004-03-11T22:15:05.000Z,,10-Q,001-04423,04663603,,10-Q,667138,0,0,,a2130012z10-q.htm,10-Q
0001256991-04-000007,2004-03-22,2004-03-18,2004-03-22T21:53:16.000Z,,4,,,,4,6059,0,0,,xslF345X02/primary_doc.xml,PRIMARY DOCUMENT
0001256991-04-000008,2004-03-22,2004-03-18,2004-03-22T22:10:29.000Z,,4,,,,4,5981,0,0,,xslF345X02/primary_doc.xml,PRIMARY DOCUMENT
0001256991-04-000009,2004-03-22,2004-03-18,2004-03-22T22:31:24.000Z,,4,,,,4,5861,0,0,,xslF345X02/primary_doc.xml,PRIMARY DOCUMENT
0001256991-04-000010,2004-03-22,2004-03-18,2004-03-22T22:40:33.000Z,,4,,,,4,6005,0,0,,xslF345X02/primary_doc.xml,PRIMARY DOCUMENT
0001256991-04-000011,2004-03-22,2004-03-18,2004-03-22T22:51:34.000Z,,4,,,,4,5798,0,0,,xslF345X02/primary_doc.xml,PRIMARY DOCUMENT
0001256991-04-000012,2004-03-22,2004-03-18,2004-03-22T23:04:19.000Z,,4,,,,4,6028,0,0,,xslF345X02/primary_doc.xml,PRIMARY DOCUMENT
0001256991-04-000013,2004-03-22,2004-03-18,2004-03-22T23:16:30.000Z,,4,,,,4,6018,0,0,,xslF345X02/primary_doc.xml,PRIMARY DOCUMENT
0001256991-04-000014,2004-03-22,2004-03-18,2004-03-22T23:33:23.000Z,,4,,,,4,6010,0,0,,xslF345X02/primary_doc.xml,PRIMARY DOCUMENT
0001256991-04-000015,2004-03-22,2004-03-18,2004-03-22T23:45:25.000Z,,4,,,,4,5818,0,0,,xslF345X02/primary_doc.xml,PRIMARY DOCUMENT
0001256991-04-000016,2004-03-22,2004-03-18,2004-03-22T23:54:35.000Z,,4,,,,4,6014,0,0,,xslF345X02/primary_doc.xml,PRIMARY DOCUMENT
0001256991-04-000017,2004-03-22,2004-03-18,2004-03-23T00:09:28.000Z,,4,,,,4,6008,0,0,,xslF345X02/primary_doc.xml,PRIMARY DOCUMENT
0001256991-04-000018,2004-03-22,2004-03-18,2004-03-23T00:19:47.000Z,,4,,,,4,6143,0,0,,xslF345X02/primary_doc.xml,PRIMARY DOCUMENT
0001256991-04-000019,2004-03-22,2004-03-18,2004-03-23T00:29:24.000Z,,4,,,,4,6024,0,0,,xslF345X02/primary_doc.xml,PRIMARY DOCUMENT
0001256991-04-000020,2004-03-22,2004-03-18,2004-03-23T01:04:06.000Z,,4,,,,4,7958,0,0,,xslF345X02/primary_doc.xml,PRIMARY DOCUMENT
0001256991-04-000021,2004-03-23,2004-03-18,2004-03-23T18:08:15.000Z,,4,,,,4,5926,0,0,,xslF345X02/primary_doc.xml,PRIMARY DOCUMENT
0001256991-04-000022,2004-03-23,2004-03-18,2004-03-23T21:51:59.000Z,,4,,,,4,6163,0,0,,xslF345X02/primary_doc.xml,PRIMARY DOCUMENT
0001024354-04-000001,2004-03-26,2004-03-17,2004-03-26T18:25:13.000Z,,3,,,,3,6829,0,0,,xslF345X02/primary_doc.xml,PRIMARY DOCUMENT
0000047217-04-000016,2004-04-07,,2004-04-06T22:27:36.000Z,,S-8,333-114253,04721127,,S-8,186059,0,0,,forms-8_031804.htm,
0000047217-04-000018,2004-04-07,,2004-04-06T22:46:24.000Z,,S-8,333-114254,04721143,,S-8,98760,0,0,,trulogicaforms-8_031804.htm,
0000047217-04-000020,2004-04-07,,2004-04-06T23:30:47.000Z,,S-8,333-114255,04721211,,S-8,171598,0,0,,dgsforms-8_031804.htm,
0000047217-04-000023,2004-04-08,,2004-04-08T21:46:52.000Z,,S-8,333-114346,04725720,,S-8,217165,0,0,,novaforms-8_033004.htm,
0001256991-04-000023,2004-04-21,2004-04-19,2004-04-21T19:09:28.000Z,,4,,,,4,5079,0,0,,xslF345X02/primary_doc.xml,PRIMARY DOCUMENT
0001256991-04-000024,2004-04-21,2004-04-19,2004-04-21T19:20:28.000Z,,4,,,,4,5862,0,0,,xslF345X02/primary_doc.xml,PRIMARY DOCUMENT
0001256991-04-000025,2004-04-21,2004-04-19,2004-04-21T19:29:39.000Z,,4,,,,4,5065,0,0,,xslF345X02/primary_doc.xml,PRIMARY DOCUMENT
0001256991-04-000026,2004-04-21,2004-04-19,2004-04-21T19:37:37.000Z,,4,,,,4,5886,0,0,,xslF345X02/primary_doc.xml,PRIMARY DOCUMENT
0001256991-04-000027,2004-04-21,2004-04-19,2004-04-21T19:44:37.000Z,,4,,,,4,5230,0,0,,xslF345X02/primary_doc.xml,PRIMARY DOCUMENT
0001256991-04-000028,2004-04-21,2004-04-19,2004-04-21T19:49:42.000Z,,4,,,,4,5118,0,0,,xslF345X02/primary_doc.xml,PRIMARY DOCUMENT
0001256991-04-000029,2004-04-21,2004-04-19,2004-04-21T20:01:00.000Z,,4,,,,4,5414,0,0,,xslF345X02/primary_doc.xml,PRIMARY DOCUMENT
0001256991-04-000030,2004-04-21,2004-04-19,2004-04-21T20:09:15.000Z,,4,,,,4,6023,0,0,,xslF345X02/primary_doc.xml,PRIMARY DOCUMENT
0001256991-04-000031,2004-04-27,2004-04-19,2004-04-27T20:51:56.000Z,,4/A,,,,4/A,6201,0,0,,xslF345X02/primary_doc.xml,PRIMARY DOCUMENT
0001256991-04-000032,2004-04-27,2004-04-19,2004-04-27T22:43:31.000Z,,4/A,,,,4/A,6071,0,0,,xslF345X02/primary_doc.xml,PRIMARY DOCUMENT
0001256991-04-000033,2004-04-27,2004-04-19,2004-04-27T22:58:09.000Z,,4/A,,,,4/A,6041,0,0,,xslF345X02/primary_doc.xml,PRIMARY DOCUMENT
0000047217-04-000025,2004-05-10,2004-03-31,2004-05-10T18:07:17.000Z,,13F-HR,028-02187,04792243,,13F-HR,5860,0,0,,form13-f_033104.txt,
0000047217-04-000028,2004-05-18,2004-05-18,2004-05-18T20:57:24.000Z,,8-K,001-04423,04816627,"12,7",8-K,341078,0,0,,form8-k_051804.htm,
0001256991-04-000034,2004-06-01,2004-05-28,2004-06-01T23:23:25.000Z,,4,,,,4,10788,0,0,,xslF345X02/primary_doc.xml,PRIMARY DOCUMENT
0001256991-04-000035,2004-06-01,2004-05-28,2004-06-02T00:09:13.000Z,,4,,,,4,5550,0,0,,xslF345X02/primary_doc.xml,PRIMARY DOCUMENT
0001256991-04-000036,2004-06-01,2004-06-01,2004-06-02T00:25:33.000Z,,4,,,,4,10802,0,0,,xslF345X02/primary_doc.xml,PRIMARY DOCUMENT
0001256991-04-000037,2004-06-01,2004-06-01,2004-06-02T00:49:49.000Z,,4,,,,4,15711,0,0,,xslF345X02/primary_doc.xml,PRIMARY DOCUMENT
0001256991-04-000038,2004-06-04,2004-06-04,2004-06-04T23:04:18.000Z,,4,,,,4,9222,0,0,,xslF345X02/primary_doc.xml,PRIMARY DOCUMENT
0001047469-04-019957,2004-06-09,2004-04-30,2004-06-09T21:02:12.000Z,,10-Q,001-04423,04856472,,10-Q,1011835,0,0,,a2137541z10-q.htm,10-Q
0000047217-04-000033,2004-06-18,2003-12-31,2004-06-18T20:09:34.000Z,,11-K,001-04423,04870944,,11-K,92020,0,0,,cpqform11-k_123103.htm,
0000047217-04-000035,2004-06-18,2003-12-31,2004-06-18T20:28:57.000Z,,11-K,001-04423,04871014,,11-K,115494,0,0,,taxcapform11-k_123103.htm,
0001256991-04-000039,2004-07-09,2004-07-07,2004-07-09T17:06:18.000Z,,4,,,,4,6225,0,0,,xslF345X02/primary_doc.xml,PRIMARY DOCUMENT
0001256991-04-000040,2004-07-19,2004-07-16,2004-07-20T00:07:54.000Z,,3,,,,3,18553,0,0,,xslF345X02/primary_doc.xml,PRIMARY DOCUMENT
0001256991-04-000041,2004-07-19,2004-07-15,2004-07-20T00:20:35.000Z,,4,,,,4,5842,0,0,,xslF345X02/primary_doc.xml,PRIMARY DOCUMENT
0001256991-04-000042,2004-07-19,2004-07-15,2004-07-20T00:28:10.000Z,,4,,,,4,5273,0,0,,xslF345X02/primary_doc.xml,PRIMARY DOCUMENT
0001256991-04-000043,2004-07-20,2004-07-17,2004-07-21T00:57:10.000Z,,4,,,,4,9707,0,0,,xslF345X02/primary_doc.xml,PRIMARY DOCUMENT
0001256991-04-000044,2004-07-23,1999-10-31,2004-07-23T23:05:45.000Z,,5/A,,,,5/A,12922,0,0,,xslF345X02/primary_doc.xml,PRIMARY DOCUMENT
0001256991-04-000045,2004-08-04,2004-01-22,2004-08-04T21:09:54.000Z,,4,,,,4,5921,0,0,,xslF345X02/primary_doc.xml,PRIMARY DOCUMENT
0000047217-04-000037,2004-08-05,2004-06-30,2004-08-05T20:50:24.000Z,,13F-HR,028-02187,04955250,,13F-HR,5624,0,0,,form13-f_063004.txt,
0001104659-04-023950,2004-08-12,2004-08-12,2004-08-12T12:17:27.000Z,,8-K,001-04423,04968502,"12,7,9",8-K,641828,0,0,,a04-9466_18k.htm,8-K
0001256991-04-000046,2004-09-02,2004-08-31,2004-09-02T22:09:48.000Z,,4,,,,4,5164,0,0,,xslF345X02/primary_doc.xml,PRIMARY DOCUMENT
0001256991-04-000047,2004-09-08,2004-09-07,2004-09-08T20:47:27.000Z,,4,,,,4,8696,0,0,,xslF345X02/primary_doc.xml,PRIMARY DOCUMENT
0001047469-04-028470,2004-09-10,2004-07-31,2004-09-10T20:30:00.000Z,,10-Q,001-04423,041025861,,10-Q,757668,0,0,,a2142989z10-q.htm,10-Q
0001256991-04-000048,2004-09-10,2004-08-17,2004-09-10T22:52:41.000Z,,4,,,,4,5071,0,0,,xslF345X02/primary_doc.xml,PRIMARY DOCUMENT
0001256991-04-000049,2004-09-20,2004-07-16,2004-09-20T18:46:47.000Z,,3/A,,,,3/A,15378,0,0,,xslF345X02/primary_doc.xml,PRIMARY DOCUMENT
9999999997-04-042071,2004-10-15,2004-09-03,2004-11-01T19:50:01.000Z,34,NO ACT,001-04423,04047290,,NO ACT,1748,0,0,,9999999997-04-042071.paper,AUTO-GENERATED PAPER DOCUMENT
0000047217-04-000041,2004-10-18,2004-09-30,2004-10-15T23:11:57.000Z,34,13F-HR,028-02187,041081993,,13F-HR,5566,0,0,,form13-f_093004.txt,
0001256991-04-000050,2004-11-12,2004-11-09,2004-11-13T00:42:49.000Z,,4,,,,4,11062,0,0,,xslF345X02/primary_doc.xml,PRIMARY DOCUMENT
0000047217-04-000044,2004-11-16,2004-11-16,2004-11-16T22:24:34.000Z,34,8-K,001-04423,041150337,"2.02,9.01",8-K,429175,0,0,,q404form8-k_1104.htm,
0000047217-04-000046,2004-11-17,2004-11-16,2004-11-17T01:49:22.000Z,34,8-K/A,001-04423,041150737,"2.02,9.01",8-K/A,54714,0,0,,q404form8-ka_1104.htm,
0001256991-04-000051,2004-11-19,2004-11-17,2004-11-19T23:39:19.000Z,,4,,,,4,8990,0,0,,xslF345X02/primary_doc.xml,PRIMARY DOCUMENT
0001256991-04-000052,2004-11-22,2004-11-18,2004-11-23T01:27:00.000Z,,4,,,,4,5465,0,0,,xslF345X02/primary_doc.xml,PRIMARY DOCUMENT
0000047217-04-000049,2004-11-23,2004-11-16,2004-11-22T22:36:02.000Z,34,8-K,001-04423,041161844,2.05,8-K,13549,0,0,,q404form8-k_111804.htm,
0001256991-04-000053,2004-11-23,2004-11-22,2004-11-24T00:06:23.000Z,,4,,,,4,5179,0,0,,xslF345X02/primary_doc.xml,PRIMARY DOCUMENT
0001256991-04-000054,2004-12-02,2004-12-01,2004-12-02T22:21:28.000Z,,4,,,,4,7182,0,0,,xslF345X02/primary_doc.xml,PRIMARY DOCUMENT
0001256991-04-000055,2004-12-07,2004-11-23,2004-12-07T18:37:10.000Z,,4,,,,4,5244,0,0,,xslF345X02/primary_doc.xml,PRIMARY DOCUMENT
0001256991-04-000056,2004-12-07,2004-12-06,2004-12-07T18:45:32.000Z,,4,,,,4,5242,0,0,,xslF345X02/primary_doc.xml,PRIMARY DOCUMENT
0001256991-04-000057,2004-12-08,2004-12-06,2004-12-08T18:36:24.000Z,,4,,,,4,4940,0,0,,xslF345X02/primary_doc.xml,PRIMARY DOCUMENT
0001256991-04-000058,2004-12-08,2004-12-07,2004-12-08T19:18:52.000Z,,4,,,,4,17697,0,0,,xslF345X02/primary_doc.xml,PRIMARY DOCUMENT
0001256991-04-000059,2004-12-16,2004-12-15,2004-12-16T23:01:50.000Z,,4,,,,4,5818,0,0,,xslF345X02/primary_doc.xml,PRIMARY DOCUMENT
0001256991-04-000060,2004-12-16,2004-12-15,2004-12-16T23:43:17.000Z,,4,,,,4,5905,0,0,,xslF345X02/primary_doc.xml,PRIMARY DOCUMENT
0001256991-04-000061,2004-12-16,2004-12-15,2004-12-16T23:49:44.000Z,,4,,,,4,5286,0,0,,xslF345X02/primary_doc.xml,PRIMARY DOCUMENT
0001256991-04-000062,2004-12-16,2004-12-15,2004-12-16T23:57:10.000Z,,4,,,,4,5155,0,0,,xslF345X02/primary_doc.xml,PRIMARY DOCUMENT
0001256991-04-000063,2004-12-16,2004-12-15,2004-12-17T00:03:19.000Z,,4,,,,4,4919,0,0,,xslF345X02/primary_doc.xml,PRIMARY DOCUMENT
0001256991-04-000064,2004-12-16,2004-12-15,2004-12-17T00:07:44.000Z,,4,,,,4,4960,0,0,,xslF345X02/primary_doc.xml,PRIMARY DOCUMENT
0001256991-04-000065,2004-12-16,2004-12-15,2004-12-17T00:16:21.000Z,,4,,,,4,5475,0,0,,xslF345X02/primary_doc.xml,PRIMARY DOCUMENT
0001256991-04-000066,2004-12-16,2004-12-15,2004-12-17T00:24:40.000Z,,4,,,,4,5399,0,0,,xslF345X02/primary_doc.xml,PRIMARY DOCUMENT
0001256991-04-000067,2004-12-16,2004-12-15,2004-12-17T00:32:27.000Z,,4,,,,4,5290,0,0,,xslF345X02/primary_doc.xml,PRIMARY DOCUMENT
0001256991-04-000068,2004-12-16,2004-12-15,2004-12-17T00:40:07.000Z,,4,,,,4,4952,0,0,,xslF345X02/primary_doc.xml,PRIMARY DOCUMENT
0001256991-04-000069,2004-12-16,2004-12-15,2004-12-17T00:45:07.000Z,,4,,,,4,5058,0,0,,xslF345X02/primary_doc.xml,PRIMARY DOCUMENT
0001256991-04-000070,2004-12-16,2004-12-15,2004-12-17T00:52:07.000Z,,4,,,,4,5220,0,0,,xslF345X02/primary_doc.xml,PRIMARY DOCUMENT
0001256991-04-000071,2004-12-16,2004-12-15,2004-12-17T00:57:24.000Z,,4,,,,4,4981,0,0,,xslF345X02/primary_doc.xml,PRIMARY DOCUMENT
0001256991-04-000072,2004-12-16,2004-12-15,2004-12-17T01:01:54.000Z,,4,,,,4,4971,0,0,,xslF345X02/primary_doc.xml,PRIMARY DOCUMENT
0001256991-04-000073,2004-12-16,2004-12-15,2004-12-17T01:16:22.000Z,,4,,,,4,5897,0,0,,xslF345X02/primary_doc.xml,PRIMARY DOCUMENT
0001256991-04-000074,2004-12-17,2004-12-17,2004-12-17T17:58:02.000Z,,4,,,,4,5149,0,0,,xslF345X02/primary_doc.xml,PRIMARY DOCUMENT
0001256991-04-000075,2004-12-17,2004-12-17,2004-12-17T18:05:51.000Z,,4,,,,4,5288,0,0,,xslF345X02/primary_doc.xml,PRIMARY DOCUMENT
0001256991-04-000076,2004-12-17,2004-12-17,2004-12-17T18:12:42.000Z,,4,,,,4,5221,0,0,,xslF345X02/primary_doc.xml,PRIMARY DOCUMENT
0001256991-04-000077,2004-12-17,2004-12-17,2004-12-17T18:18:59.000Z,,4,,,,4,4972,0,0,,xslF345X02/primary_doc.xml,PRIMARY DOCUMENT
0001256991-04-000078,2004-12-17,2004-12-17,2004-12-17T18:27:02.000Z,,4,,,,4,5100,0,0,,xslF345X02/primary_doc.xml,PRIMARY DOCUMENT
0001104659-04-041175,2004-12-23,2004-12-22,2004-12-23T21:49:13.000Z,,4,,,,4,5358,0,0,,xslF345X02/a4.xml,4
0001104659-04-041178,2004-12-23,2004-12-22,2004-12-23T21:51:40.000Z,,4,,,,4,5291,0,0,,xslF345X02/a4.xml,4
0001104659-04-041198,2004-12-23,2004-12-22,2004-12-23T22:10:57.000Z,,4,,,,4,5098,0,0,,xslF345X02/a4.xml,4
0001104659-04-041199,2004-12-23,2004-12-22,2004-12-23T22:11:12.000Z,,4,,,,4,5299,0,0,,xslF345X02/a4.xml,4
0001104659-04-041200,2004-12-23,2004-12-22,2004-12-23T22:11:33.000Z,,4,,,,4,5088,0,0,,xslF345X02/a4.xml,4
0001104659-04-041201,2004-12-23,2004-12-22,2004-12-23T22:11:43.000Z,,4,,,,4,5053,0,0,,xslF345X02/a4.xml,4
0001104659-04-041202,2004-12-23,2004-12-22,2004-12-23T22:11:57.000Z,,4,,,,4,5106,0,0,,xslF345X02/a4.xml,4
9999999997-05-001538,2005-01-10,2004-11-05,2005-01-12T17:23:33.000Z,34,NO ACT,001-04423,05000849,,NO ACT,1748,0,0,,9999999997-05-001538.paper,AUTO-GENERATED PAPER DOCUMENT
0001047469-05-000929,2005-01-14,2004-10-31,2005-01-14T21:49:57.000Z,34,10-K,001-04423,05531178,,10-K,1791031,0,0,,a2148694z10-k.htm,FORM 10-K
0000047217-05-000002,2005-01-19,,2005-01-19T18:32:41.000Z,33,S-8 POS,033-65179,05535724,,S-8 POS,46640,0,0,,convex95forms-8pos_0105.htm,
0000047217-05-000004,2005-01-19,,2005-01-19T18:38:20.000Z,33,S-8 POS,333-30459,05535745,,S-8 POS,56728,0,0,,verifoneforms-8pos_0105.htm,
0000047217-05-000006,2005-01-19,,2005-01-19T18:43:04.000Z,33,S-8 POS,033-31500,05535769,,S-8 POS,46531,0,0,,apolloforms-8pos_0105.htm,
0000047217-05-000008,2005-01-19,,2005-01-19T19:11:10.000Z,33,S-8 POS,033-58447,05535841,,S-8 POS,47582,0,0,,incentive95forms-8pos_0105.htm,
0000047217-05-000010,2005-01-19,,2005-01-19T19:18:25.000Z,33,S-8 POS,033-50699,05535860,,S-8 POS,47697,0,0,,metrixforms-8pos_0105.htm,
0000047217-05-000012,2005-01-19,,2005-01-19T19:20:56.000Z,33,S-8 POS,333-45231,05535865,,S-8 POS,47685,0,0,,verifone97forms-8pos_0105.htm,
0000047217-05-000014,2005-01-19,,2005-01-19T19:35:55.000Z,33,S-8 POS,033-52291,05535946,,S-8 POS,46503,0,0,,eesofforms-8pos_0105.htm,
0000047217-05-000016,2005-01-19,,2005-01-19T20:16:01.000Z,33,S-8 POS,033-31496,05536162,,S-8 POS,49651,0,0,,employeeannforms-8pos_0105.htm,
0000047217-05-000018,2005-01-19,,2005-01-19T20:21:49.000Z,33,S-8 POS,333-22947,05536204,,S-8 POS,47648,0,0,,direct97forms-8pos_0105.htm,
0000047217-05-000020,2005-01-19,,2005-01-19T20:26:02.000Z,33,S-8 POS,033-30769,05536217,,S-8 POS,48692,0,0,,director87forms-8pos_0105.htm,
0000047217-05-000022,2005-01-19,,2005-01-19T20:32:30.000Z,33,S-8 POS,033-38579,05536246,,S-8 POS,47642,0,0,,incent90forms-8pos_0105.htm,
0000047217-05-000026,2005-01-20,2005-01-15,2005-01-20T21:57:35.000Z,,4,,,,4,4779,0,0,,xslF345X02/form4_012005ex.xml,
0000047217-05-000029,2005-01-21,2005-01-15,2005-01-21T22:01:35.000Z,34,8-K,001-04423,05542209,5.02,8-K,11723,0,0,,litvackform8-k_012105.htm,
0001104659-05-002680,2005-01-26,,2005-01-26T22:16:42.000Z,34,SC 13G/A,005-12061,05550985,,SC 13G/A,65493,0,0,,a05-1719_1sc13ga.htm,SC 13G/A
0000047217-05-000031,2005-01-27,2005-01-20,2005-01-26T23:10:40.000Z,34,8-K,001-04423,05551298,"8.01,9.01",8-K,22437,0,0,,intgphform8-k_0105.htm,
0000047217-05-000033,2005-01-31,2005-01-27,2005-02-01T01:45:37.000Z,,4,,,,4,9574,0,0,,xslF345X02/form4_0105ex.xml,
0000047217-05-000035,2005-02-07,2005-02-02,2005-02-07T22:10:42.000Z,34,8-K,001-04423,05581272,"5.02,8.01",8-K,12378,0,0,,litvackform8-k_020705.htm,
0000047217-05-000042,2005-02-09,2004-11-15,2005-02-10T00:18:16.000Z,,4,,,,4,9053,0,0,,xslF345X02/form-4_020805ex.xml,
0000047217-05-000044,2005-02-10,2002-05-03,2005-02-10T22:39:41.000Z,,3/A,,,,3/A,7323,0,0,,xslF345X02/form3-a_0205ex.xml,
0000047217-05-000046,2005-02-10,2002-05-06,2005-02-10T22:52:21.000Z,,4,,,,4,12724,0,0,,xslF345X02/form-4_012405ex.xml,
0000047217-05-000048,2005-02-11,2004-12-31,2005-02-11T01:15:55.000Z,34,13F-HR,028-02187,05594831,,13F-HR,5594,0,0,,form13-f_123104.txt,
0001047469-05-003326,2005-02-11,2005-03-16,2005-02-11T22:28:32.000Z,34,DEF 14A,001-04423,05600382,,DEF 14A,658977,0,0,,a2150058zdef14a.htm,DEF 14A
0000017283-05-000168,2005-02-14,,2005-02-14T18:56:58.000Z,34,SC 13G,005-12061,05607069,,SC 13G,9196,0,0,,edghpq.txt,SC 13G
0001104659-05-007003,2005-02-16,2005-02-16,2005-02-16T21:04:26.000Z,34,8-K,001-04423,05621074,"2.02,9.01",8-K,912040,0,0,,a05-3716_18k.htm,8-K
0000047217-05-000052,2005-02-16,2005-02-15,2005-02-16T22:01:08.000Z,34,8-K,001-04423,05621573,"2.02,9.01",8-K,281175,0,0,,q105form8-k_021605.htm,
9999999997-05-006064,2005-02-16,2004-10-31,2005-02-18T18:26:39.000Z,34,ARS,001-04423,05004909,,ARS,1739,0,0,,9999999997-05-006064.paper,AUTO-GENERATED PAPER DOCUMENT
0000047217-05-000055,2005-02-17,2005-02-07,2005-02-17T21:49:14.000Z,,3,,,,3,30867,0,0,,xslF345X02/form3_0205ex.xml,
0001104659-05-007559,2005-02-22,2005-02-08,2005-02-19T01:01:07.000Z,34,8-K,001-04423,05629042,"8.01,9.01",8-K,92738,0,0,,a05-3388_18k.htm,8-K
0001104659-05-009180,2005-03-03,2005-02-28,2005-03-03T00:01:25.000Z,34,8-K,001-04423,05655761,5.02,8-K,22691,0,0,,a05-4460_18k.htm,8-K
0000047217-05-000058,2005-03-04,2005-03-02,2005-03-04T21:35:27.000Z,,4,,,,4,10118,0,0,,xslF345X02/form-4_030205ex.xml,
0001047469-05-006240,2005-03-11,2005-01-31,2005-03-11T22:27:34.000Z,34,10-Q,001-04423,05676449,,10-Q,682974,0,0,,a2152338z10-q.htm,FORM 10-Q
0001104659-05-012253,2005-03-21,2005-03-17,2005-03-22T01:36:16.000Z,,4,,,,4,6244,0,0,,xslF345X02/a4.xml,4
0001104659-05-012254,2005-03-21,2005-03-17,2005-03-22T01:36:42.000Z,,4,,,,4,4884,0,0,,xslF345X02/a4.xml,4
0001104659-05-012255,2005-03-21,2005-03-17,2005-03-22T01:36:46.000Z,,4,,,,4,6834,0,0,,xslF345X02/a4.xml,4
0001104659-05-012256,2005-03-21,2005-03-17,2005-03-22T01:36:46.000Z,,4,,,,4,6181,0,0,,xslF345X02/a4.xml,4
0001104659-05-012258,2005-03-21,2005-03-17,2005-03-22T01:37:12.000Z,,4,,,,4,5485,0,0,,xslF345X02/a4.xml,4
0001104659-05-012257,2005-03-21,2005-03-17,2005-03-22T01:37:15.000Z,,4,,,,4,4916,0,0,,xslF345X02/a4.xml,4
0001104659-05-012259,2005-03-22,2005-03-17,2005-03-22T01:38:12.000Z,34,8-K,001-04423,05695355,"1.01,9.01",8-K,133625,0,0,,a05-5396_18k.htm,8-K
9999999997-05-015433,2005-03-24,2005-01-07,2005-03-30T15:24:09.000Z,34,NO ACT,001-04423,05048924,,NO ACT,1748,0,0,,9999999997-05-015433.paper,AUTO-GENERATED PAPER DOCUMENT
0000047217-05-000061,2005-03-25,,2005-03-25T00:26:20.000Z,33,S-8 POS,002-90239,05703337,,S-8 POS,13695,0,0,,foreignforms-8pos_1104.htm,
0000047217-05-000063,2005-03-25,,2005-03-25T00:42:31.000Z,33,S-8 POS,002-96361,05703367,,S-8 POS,13163,0,0,,incentiveforms-8pos_1104.htm,
0000047217-05-000065,2005-03-25,,2005-03-25T00:47:56.000Z,33,S-8 POS,333-30459,05703371,,S-8 POS,13853,0,0,,eitforms-8pos_1104.htm,
0000047217-05-000067,2005-03-25,,2005-03-25T01:01:40.000Z,33,S-8 POS,033-50699,05703381,,S-8 POS,13208,0,0,,metrixforms-8pos_1104.htm,
0000047217-05-000069,2005-03-25,,2005-03-25T01:07:19.000Z,33,S-8 POS,033-52291,05703392,,S-8 POS,13249,0,0,,eesofforms-8pos_1104.htm,
0000047217-05-000071,2005-03-25,,2005-03-25T01:13:58.000Z,33,S-8 POS,033-31500,05703403,,S-8 POS,13576,0,0,,apolloforms-8pos_1104.htm,
0001104659-05-013473,2005-03-30,2005-03-29,2005-03-29T22:33:36.000Z,34,8-K,001-04423,05710749,"1.01,5.02,9.01",8-K,209550,0,0,,a05-5910_18k.htm,8-K
0000047217-05-000074,2005-03-31,2005-03-30,2005-03-31T22:22:50.000Z,,4,,,,4,8581,0,0,,xslF345X02/form-4_033005ex.xml,
0000047217-05-000077,2005-04-05,2005-04-01,2005-04-05T20:09:58.000Z,,3,,,,3,9708,0,0,,xslF345X02/form-3_0405ex.xml,
0000047217-05-000079,2005-04-05,2005-04-01,2005-04-05T20:14:35.000Z,,4,,,,4,9211,0,0,,xslF345X02/form-4_0405ex.xml,
0001104659-05-015200,2005-04-05,2005-03-30,2005-04-05T20:15:35.000Z,34,8-K,001-04423,05734261,"1.01,5.03,9.01",8-K,247393,0,0,,a05-6052_18k.htm,8-K
0001104659-05-016929,2005-04-18,2005-04-14,2005-04-19T00:54:32.000Z,,4,,,,4,5709,0,0,,xslF345X02/a4.xml,4
0001104659-05-016930,2005-04-18,2005-04-14,2005-04-19T00:54:47.000Z,,4,,,,4,5662,0,0,,xslF345X02/a4.xml,4
0001104659-05-016931,2005-04-18,2005-04-14,2005-04-19T00:55:36.000Z,,4,,,,4,5666,0,0,,xslF345X02/a4.xml,4
0001104659-05-016932,2005-04-18,2005-04-14,2005-04-19T00:56:02.000Z,,4,,,,4,5687,0,0,,xslF345X02/a4.xml,4
0001104659-05-016933,2005-04-18,2005-04-14,2005-04-19T00:56:50.000Z,,4,,,,4,5654,0,0,,xslF345X02/a4.xml,4
0001104659-05-016934,2005-04-18,2005-04-14,2005-04-19T00:57:01.000Z,,4,,,,4,5690,0,0,,xslF345X02/a4.xml,4
0001104659-05-016935,2005-04-18,2005-04-14,2005-04-19T00:57:33.000Z,,4,,,,4,5667,0,0,,xslF345X02/a4.xml,4
0001104659-05-016936,2005-04-18,2005-04-14,2005-04-19T00:57:50.000Z,,4,,,,4,5955,0,0,,xslF345X02/a4.xml,4
0001104659-05-016937,2005-04-18,2004-12-17,2005-04-19T00:59:02.000Z,,4,,,,4,10506,0,0,,xslF345X02/a4.xml,4
0001104659-05-016938,2005-04-18,2005-04-14,2005-04-19T01:05:32.000Z,,4,,,,4,5693,0,0,,xslF345X02/a4.xml,4
0001104659-05-016939,2005-04-18,2005-04-14,2005-04-19T01:08:33.000Z,,4,,,,4,5706,0,0,,xslF345X02/a4.xml,4
0000047217-05-000087,2005-04-19,2005-03-31,2005-04-18T21:38:34.000Z,34,13F-HR,028-02187,05757686,,13F-HR,5479,0,0,,form13-f_033105.txt,
0001104659-05-017353,2005-04-20,2005-04-18,2005-04-21T00:10:47.000Z,,4,,,,4,5137,0,0,,xslF345X02/a4.xml,4
0001104659-05-017354,2005-04-20,2005-04-18,2005-04-21T00:11:58.000Z,,4,,,,4,5201,0,0,,xslF345X02/a4.xml,4
0001104659-05-017355,2005-04-20,2005-04-18,2005-04-21T00:12:58.000Z,,4,,,,4,4860,0,0,,xslF345X02/a4.xml,4
0001104659-05-017356,2005-04-20,2005-04-18,2005-04-21T00:14:47.000Z,,4,,,,4,5608,0,0,,xslF345X02/a4.xml,4
0001104659-05-017357,2005-04-20,2005-04-18,2005-04-21T00:15:29.000Z,,4,,,,4,4864,0,0,,xslF345X02/a4.xml,4
0001104659-05-017358,2005-04-20,2005-04-18,2005-04-21T00:17:00.000Z,,4,,,,4,5868,0,0,,xslF345X02/a4.xml,4
0001104659-05-017359,2005-04-20,2005-04-18,2005-04-21T00:18:04.000Z,,4,,,,4,4992,0,0,,xslF345X02/a4.xml,4
0001104659-05-017360,2005-04-20,2005-04-18,2005-04-21T00:18:44.000Z,,4,,,,4,5009,0,0,,xslF345X02/a4.xml,4
9999999997-05-020209,2005-04-20,,2005-04-22T15:22:51.000Z,34,REGDEX,021-04721-7L,05051546,06,REGDEX,1734,0,0,,9999999997-05-020209.paper,AUTO-GENERATED PAPER DOCUMENT
0000047217-05-000091,2005-04-25,,2005-04-22T23:27:11.000Z,33,S-8,333-124280,05768639,,S-8,49475,0,0,,esppforms-8_0305.htm,
0000047217-05-000093,2005-04-25,,2005-04-22T23:33:16.000Z,33,S-8,333-124281,05768651,,S-8,57164,0,0,,edcpforms-8_0105.htm,
0000047217-05-000095,2005-04-25,,2005-04-22T23:39:30.000Z,33,S-8,333-124282,05768659,,S-8,52760,0,0,,forms-8_0305.htm,
0000047217-05-000097,2005-04-25,,2005-04-22T23:48:13.000Z,33,S-8 POS,002-92331,05768680,,S-8 POS,641942,0,0,,taxcapforms-8pos_1104.htm,
0000047217-05-000099,2005-04-26,,2005-04-26T20:17:52.000Z,33,S-8 POS,333-87742,05773336,,S-8 POS,21021,0,0,,cpqforms-8pos_1204.htm,
0001104659-05-018245,2005-04-26,2005-04-22,2005-04-26T22:42:04.000Z,,4,,,,4,10252,0,0,,xslF345X02/a4.xml,4
0001104659-05-019653,2005-05-02,2005-04-29,2005-05-02T20:31:04.000Z,34,8-K,001-04423,05791130,"2.03,8.01,9.01",8-K,69541,0,0,,a05-7810_18k.htm,8-K
0000047217-05-000103,2005-05-17,2005-05-17,2005-05-17T20:56:28.000Z,34,8-K,001-04423,05839385,"2.02,2.05,9.01",8-K,365778,0,0,,form8-k_q205.htm,
0000047217-05-000105,2005-05-18,2005-04-14,2005-05-18T22:21:12.000Z,,4/A,,,,4/A,4345,0,0,,xslF345X02/form-4a_0505ex.xml,
0000047217-05-000107,2005-05-18,2005-04-22,2005-05-18T22:24:32.000Z,,4/A,,,,4/A,4458,0,0,,xslF345X02/form-4a_0505ex.xml,
0000047217-05-000109,2005-05-26,2005-05-24,2005-05-26T22:02:05.000Z,,4,,,,4,5153,0,0,,xslF345X02/form-4_0505ex.xml,
0000047217-05-000112,2005-05-26,2005-05-24,2005-05-27T01:41:47.000Z,,4,,,,4,13291,0,0,,xslF345X02/form-4_0505ex.xml,
0000047217-05-000115,2005-05-27,2005-05-26,2005-05-27T23:12:22.000Z,,4,,,,4,17977,0,0,,xslF345X02/form-4_0505ex.xml,
0001047469-05-016805,2005-06-08,2005-04-30,2005-06-08T21:14:17.000Z,34,10-Q,001-04423,05885783,,10-Q,875951,0,0,,a2155974z10-q.htm,EXHIBIT 10-Q
0000047217-05-000117,2005-06-09,2005-06-07,2005-06-10T00:06:58.000Z,,4,,,,4,42420,0,0,,xslF345X02/form-4_0605ex.xml,
0000047217-05-000119,2005-06-15,2005-06-06,2005-06-15T20:34:09.000Z,34,3,001-15503,05897860,,3,4496,0,0,,xslF345X02/form-3_0605ex.xml,
0000047217-05-000121,2005-06-15,,2005-06-15T20:41:38.000Z,,SC 13G,,,,SC 13G,41093,0,0,,schedule-13g_0605.htm,
0001104659-05-028457,2005-06-15,2005-06-09,2005-06-15T21:26:02.000Z,34,8-K,001-04423,05898387,"1.01,8.01",8-K,37991,0,0,,a05-10885_18k.htm,8-K
0000047217-05-000123,2005-06-16,2005-06-09,2005-06-16T21:42:35.000Z,,3,,,,3,9066,0,0,,xslF345X02/form-3_0605ex.xml,
0000047217-05-000125,2005-06-16,2005-06-14,2005-06-16T21:49:10.000Z,,4,,,,4,7050,0,0,,xslF345X02/form-4_0605ex.xml,
0000047217-05-000127,2005-06-20,2005-06-16,2005-06-20T20:25:57.000Z,,4,,,,4,8693,0,0,,xslF345X02/form-4_0605ex.xml,
0000047217-05-000129,2005-06-23,2005-06-21,2005-06-23T22:28:46.000Z,,4,,,,4,9467,0,0,,xslF345X02/form-4_0605ex.xml,
0000047217-05-000132,2005-06-29,2004-12-31,2005-06-29T21:19:30.000Z,34,11-K,001-04423,05925865,,11-K,807855,0,0,,form11-k_123104.htm,
0001104659-05-032617,2005-07-15,2005-07-11,2005-07-15T21:13:09.000Z,34,8-K,001-04423,05957900,"1.01,8.01",8-K,52946,0,0,,a05-12087_18k.htm,8-K
0001104659-05-032855,2005-07-19,2005-07-16,2005-07-19T12:14:25.000Z,34,8-K,001-04423,05960495,"2.05,8.01,9.01",8-K,67831,0,0,,a05-12386_18k.htm,8-K
0001104659-05-034417,2005-07-27,2005-07-21,2005-07-27T20:05:40.000Z,34,8-K,001-04423,05977373,"1.01,9.01",8-K,222075,0,0,,a05-13283_28k.htm,8-K
0001104659-05-034760,2005-07-28,2005-07-22,2005-07-28T20:07:57.000Z,,3,,,,3,23320,0,0,,xslF345X02/a3.xml,3
0001104659-05-035409,2005-08-01,2005-07-22,2005-08-01T20:30:23.000Z,,3,,,,3,13275,0,0,,xslF345X02/a3.xml,3
0000047217-05-000134,2005-08-10,2005-06-30,2005-08-10T21:19:56.000Z,34,13F-HR,028-02187,051014320,,13F-HR,5594,0,0,,form13-f_063005.txt,
0000047217-05-000136,2005-08-16,2005-08-16,2005-08-16T20:12:40.000Z,34,8-K,001-04423,051030925,"2.02,9.01",8-K,381973,0,0,,form8-k_q305.htm,
0000047217-05-000138,2005-08-16,2005-08-12,2005-08-17T00:01:27.000Z,,4,,,,4,10360,0,0,,xslF345X02/form-4_0805ex.xml,
0000047217-05-000140,2005-08-22,2005-08-18,2005-08-22T20:20:23.000Z,,4,,,,4,10024,0,0,,xslF345X02/form-4_0805ex.xml,
0000047217-05-000142,2005-08-22,2005-08-18,2005-08-22T20:32:58.000Z,,4,,,,4,5040,0,0,,xslF345X02/form-4_0805ex.xml,
0000047217-05-000144,2005-08-22,2005-08-18,2005-08-22T20:37:43.000Z,,4,,,,4,30203,0,0,,xslF345X02/form-4_0805ex.xml,
0000047217-05-000146,2005-08-22,2005-08-18,2005-08-22T20:43:03.000Z,,4,,,,4,15530,0,0,,xslF345X02/form-4_0805ex.xml,
0000047217-05-000148,2005-08-23,2005-08-19,2005-08-24T00:35:18.000Z,,4,,,,4,10408,0,0,,xslF345X02/form-4_0805ex.xml,
0000047217-05-000150,2005-08-23,2005-08-19,2005-08-24T00:39:37.000Z,,4,,,,4,18248,0,0,,xslF345X02/form-4_0805ex.xml,
0000047217-05-000152,2005-08-26,2005-08-24,2005-08-26T20:15:32.000Z,,4,,,,4,8618,0,0,,xslF345X02/form-4_082605ex.xml,
0000047217-05-000154,2005-08-26,2005-08-24,2005-08-26T20:20:32.000Z,,4,,,,4,13010,0,0,,xslF345X02/form-4_0805ex.xml,
0000047217-05-000156,2005-08-26,2005-08-24,2005-08-26T20:25:54.000Z,,4,,,,4,19261,0,0,,xslF345X02/form-4_0805ex.xml,
0000047217-05-000158,2005-08-30,2005-08-29,2005-08-30T20:20:39.000Z,,4,,,,4,5709,0,0,,xslF345X02/form-4_083005ex.xml,
0000047217-05-000160,2005-09-06,2005-09-01,2005-09-06T20:07:38.000Z,,4,,,,4,11506,0,0,,xslF345X02/form-4_0905ex.xml,
0000047217-05-000162,2005-09-06,2005-09-01,2005-09-06T20:12:21.000Z,34,4,001-15503,051070546,,4,8023,0,0,,xslF345X02/form-4_0905ex.xml,
0001047469-05-022690,2005-09-08,2005-07-31,2005-09-08T21:15:05.000Z,34,10-Q,001-04423,051075958,,10-Q,984521,0,0,,a2160914z10-q.htm,10-Q
0000047217-05-000164,2005-09-26,2005-09-22,2005-09-27T00:09:25.000Z,,4,,,,4,5657,0,0,,xslF345X02/form-4_0905ex.xml,
0000047217-05-000167,2005-09-28,2005-09-22,2005-09-28T11:53:35.000Z,34,8-K,001-04423,051106617,"1.01,5.02,5.03,9.01",8-K,143390,0,0,,form8-k_092705.htm,
0000047217-05-000170,2005-10-21,2003-05-15,2005-10-21T20:16:03.000Z,,4/A,,,,4/A,6318,0,0,,xslF345X02/form-4a_1005ex.xml,
0000047217-05-000173,2005-11-07,,2005-11-07T21:04:55.000Z,,SC 13G/A,,,,SC 13G/A,41178,0,0,,schedule-13ga_1105.htm,
0000047217-05-000175,2005-11-10,2005-09-30,2005-11-10T22:06:12.000Z,34,13F-HR,028-02187,051194810,,13F-HR,5712,0,0,,form13-f_093005.txt,
0000047217-05-000180,2005-11-17,2005-11-17,2005-11-17T21:06:07.000Z,34,8-K,001-04423,051212796,"2.02,8.01,9.01",8-K,375039,0,0,,form8-k_q405.htm,
0000047217-05-000182,2005-11-21,,2005-11-21T21:32:02.000Z,33,S-8,333-129863,051218388,,S-8,80670,0,0,,appiqforms-8_1105.htm,
0001104659-05-057353,2005-11-23,2005-11-17,2005-11-23T02:39:28.000Z,34,8-K,001-04423,051222793,"1.01,5.02,5.03,9.01",8-K,541550,0,0,,a05-20651_18k.htm,CURRENT REPORT OF MATERIAL EVENTS OR CORPORATE CHANGES
0000047217-05-000185,2005-11-23,2005-11-22,2005-11-23T21:04:35.000Z,,3,,,,3,8924,0,0,,xslF345X02/form-3_1105ex.xml,
0000047217-05-000186,2005-11-23,2005-11-22,2005-11-23T21:07:13.000Z,,4,,,,4,4679,0,0,,xslF345X02/form-4_1105ex.xml,
0000047217-05-000188,2005-11-30,2005-11-28,2005-12-01T01:02:47.000Z,,4,,,,4,5156,0,0,,xslF345X02/form-4_1105ex.xml,
0000047217-05-000190,2005-12-01,2005-11-29,2005-12-02T01:04:36.000Z,,4,,,,4,19691,0,0,,xslF345X02/form-4_1205ex.xml,
0000047217-05-000192,2005-12-06,2005-12-02,2005-12-07T01:03:38.000Z,,4,,,,4,16025,0,0,,xslF345X02/form-4_1205ex.xml,
0000047217-05-000195,2005-12-08,2005-12-06,2005-12-09T01:03:31.000Z,,4,,,,4,33526,0,0,,xslF345X02/form-4_1205ex.xml,
0000047217-05-000196,2005-12-08,2005-12-07,2005-12-09T01:05:02.000Z,,4,,,,4,8355,0,0,,xslF345X02/form-4_1205ex.xml,
0000047217-05-000199,2005-12-20,2005-12-16,2005-12-21T01:25:07.000Z,,4,,,,4,5662,0,0,,xslF345X02/form-4_1205ex.xml,
0000047217-05-000201,2005-12-20,2005-12-16,2005-12-21T01:31:52.000Z,,4,,,,4,5520,0,0,,xslF345X02/form-4_122005ex.xml,
0000047217-05-000203,2005-12-20,2005-12-16,2005-12-21T01:36:08.000Z,,4,,,,4,5195,0,0,,xslF345X02/form-4_1205ex.xml,
0000047217-05-000205,2005-12-20,2005-12-16,2005-12-21T01:39:32.000Z,,4,,,,4,5011,0,0,,xslF345X02/form-4_1205ex.xml,
0000047217-05-000207,2005-12-20,2005-12-16,2005-12-21T01:42:57.000Z,,4,,,,4,6125,0,0,,xslF345X02/form-4_1205ex.xml,
0001047469-05-028479,2005-12-21,2005-10-31,2005-12-20T23:43:27.000Z,34,10-K,001-04423,051276653,,10-K,1535707,0,0,,a2165549z10-k.htm,FORM 10-K
0000047217-05-000209,2005-12-21,,2005-12-21T01:49:12.000Z,33,144,001-04423,051276820,,144,11426,0,0,,form-144_1205.txt,
0000047217-05-000211,2005-12-21,,2005-12-21T01:52:26.000Z,33,144,001-04423,051276823,,144,11720,0,0,,form-144_1205.txt,
0000047217-05-000217,2005-12-22,2005-11-21,2005-12-22T21:05:00.000Z,,4,,,,4,5353,0,0,,xslF345X02/form-4_1105ex.xml,
0000047217-05-000218,2005-12-22,2005-12-09,2005-12-22T21:06:28.000Z,,4,,,,4,6069,0,0,,xslF345X02/form-4_1205ex.xml,
0000047217-05-000219,2005-12-22,2005-12-21,2005-12-22T21:08:18.000Z,,4,,,,4,4959,0,0,,xslF345X02/form-4_122105ex.xml,
0000047217-05-000220,2005-12-22,2005-12-21,2005-12-22T21:09:04.000Z,,4,,,,4,5985,0,0,,xslF345X02/form-4_122105ex.xml,
0000047217-05-000221,2005-12-22,2005-12-07,2005-12-22T21:10:05.000Z,,4,,,,4,11959,0,0,,xslF345X02/form-4_122005ex.xml,
0000047217-05-000223,2005-12-22,,2005-12-22T22:30:29.000Z,,SC 13G/A,,,,SC 13G/A,41129,0,0,,schedule-13ga2_1205.htm,
9999999997-06-000693,2005-12-22,2005-12-01,2006-01-06T15:46:41.000Z,34,NO ACT,001-04423,05076130,,NO ACT,1748,0,0,,9999999997-06-000693.paper,AUTO-GENERATED PAPER DOCUMENT
0000047217-06-000002,2006-01-18,2005-11-22,2006-01-19T00:15:18.000Z,,3/A,,,,3/A,4091,0,0,,xslF345X02/form-3a_011306ex.xml,
0001104659-06-002894,2006-01-19,2006-01-12,2006-01-19T21:06:24.000Z,34,8-K/A,001-04423,06538341,5.02,8-K/A,21738,0,0,,a06-2808_18ka.htm,AMENDMENT TO FORM 8-K
0001047469-06-000760,2006-01-23,2006-03-15,2006-01-23T22:25:13.000Z,34,DEF 14A,001-04423,06544337,,DEF 14A,813334,0,0,,a2166479zdef14a.htm,DEF 14A
0000047217-06-000017,2006-01-25,2006-01-23,2006-01-26T01:31:27.000Z,,4,,,,4,8950,0,0,,xslF345X02/form-4_0106ex.xml,
0000047217-06-000018,2006-01-25,2006-01-23,2006-01-26T01:32:45.000Z,,4,,,,4,7035,0,0,,xslF345X02/form-4_0106ex.xml,
0000047217-06-000020,2006-01-25,2006-01-23,2006-01-26T01:35:12.000Z,,4,,,,4,7086,0,0,,xslF345X02/form-4_0106ex.xml,
0000047217-06-000019,2006-01-25,2006-01-23,2006-01-26T01:39:46.000Z,,4,,,,4,6608,0,0,,xslF345X02/form-4_0106ex.xml,
0000047217-06-000021,2006-01-25,2006-01-23,2006-01-26T01:45:14.000Z,,4,,,,4,7723,0,0,,xslF345X02/form-4_0106ex.xml,
0000047217-06-000022,2006-01-25,2006-01-23,2006-01-26T01:46:14.000Z,,4,,,,4,5583,0,0,,xslF345X02/form-4_0106ex.xml,
0000047217-06-000024,2006-01-25,2006-01-23,2006-01-26T01:47:44.000Z,,4,,,,4,9282,0,0,,xslF345X02/form-4_0106ex.xml,
0000047217-06-000025,2006-01-25,2006-01-23,2006-01-26T01:48:27.000Z,,4,,,,4,6999,0,0,,xslF345X02/form-4_0106ex.xml,
0000047217-06-000026,2006-01-25,2006-01-23,2006-01-26T01:49:22.000Z,,4,,,,4,7027,0,0,,xslF345X02/form-4_0106ex.xml,
0000047217-06-000023,2006-01-25,2006-01-23,2006-01-26T01:50:39.000Z,,4,,,,4,5569,0,0,,xslF345X02/form-4_0106ex.xml,
0000047217-06-000027,2006-01-25,2006-01-23,2006-01-26T01:50:45.000Z,,4,,,,4,7048,0,0,,xslF345X02/form-4_0106ex.xml,
0000047217-06-000028,2006-01-25,2006-01-23,2006-01-26T01:51:37.000Z,,4,,,,4,8000,0,0,,xslF345X02/form-4_0106ex.xml,
0000047217-06-000030,2006-01-25,2006-01-23,2006-01-26T02:10:57.000Z,,4,,,,4,7102,0,0,,xslF345X02/form-4_012305ex.xml,
9999999997-06-003597,2006-01-26,2005-10-31,2006-01-31T18:37:28.000Z,34,ARS,001-04423,06023015,,ARS,1739,0,0,,9999999997-06-003597.paper,AUTO-GENERATED PAPER DOCUMENT
0000047217-06-000033,2006-01-31,,2006-01-31T21:35:43.000Z,33,S-8,333-131406,06566382,,S-8,225012,0,0,,pereforms-8_0106.htm,
0000047217-06-000035,2006-02-02,2005-12-31,2006-02-02T19:09:39.000Z,34,13F-HR,028-02187,06572882,,13F-HR,5452,0,0,,form13-f_123105.txt,
0000017283-06-000205,2006-02-10,,2006-02-10T19:14:59.000Z,34,SC 13G/A,005-12061,06597447,,SC 13G/A,9510,0,0,,edghpq.txt,SC 13G/A
0000047217-06-000037,2006-02-10,2006-02-08,2006-02-11T01:04:56.000Z,,4,,,,4,5607,0,0,,xslF345X02/form-4_0206ex.xml,
0000047217-06-000041,2006-02-15,2006-02-14,2006-02-15T21:18:52.000Z,34,8-K,001-04423,06622085,"2.02,8.01,9.01",8-K,1551146,0,0,,form8-k_q106.htm,
0000047217-06-000043,2006-02-27,2006-02-27,2006-02-27T22:26:05.000Z,34,8-K/A,001-04423,06647684,"2.02,9.01",8-K/A,50201,0,0,,form8-ka_q106.htm,
0001104659-06-015103,2006-03-08,2006-03-06,2006-03-09T01:19:08.000Z,,4,,,,4,36855,0,0,,xslF345X02/a4.xml,4
0001047469-06-003210,2006-03-10,2006-01-31,2006-03-10T22:26:07.000Z,34,10-Q,001-04423,06680292,,10-Q,825853,0,0,,a2167734z10-q.htm,10-Q
0001104659-06-017753,2006-03-17,2006-03-15,2006-03-17T22:27:57.000Z,34,8-K,001-04423,06696961,"5.03,9.01",8-K,200741,0,0,,a06-6907_18k.htm,CURRENT REPORT OF MATERIAL EVENTS OR CORPORATE CHANGES
0000047217-06-000045,2006-03-27,2006-03-15,2006-03-27T21:34:22.000Z,,3,,,,3,9963,0,0,,xslF345X02/form-3_0306ex.xml,
0000047217-06-000050,2006-04-03,2006-04-01,2006-04-04T00:12:19.000Z,,4,,,,4,6396,0,0,,xslF345X02/form-4_0406ex.xml,
0000047217-06-000049,2006-04-04,,2006-04-04T00:04:57.000Z,33,144,001-04423,06735270,,144,11072,0,0,,form-144_0406.txt,
0000047217-06-000052,2006-04-11,2006-04-10,2006-04-12T00:01:57.000Z,,4,,,,4,7241,0,0,,xslF345X02/form-4_041006ex.xml,
0000047217-06-000062,2006-04-19,2006-04-17,2006-04-20T00:03:12.000Z,,4,,,,4,4994,0,0,,xslF345X02/form-4_041906ex.xml,
0000047217-06-000063,2006-04-19,2006-04-17,2006-04-20T00:04:35.000Z,,4,,,,4,5610,0,0,,xslF345X02/form-4_041906ex.xml,
0000047217-06-000064,2006-04-19,2006-04-17,2006-04-20T00:05:59.000Z,,4,,,,4,5116,0,0,,xslF345X02/form-4_041906ex.xml,
0000047217-06-000065,2006-04-19,2006-04-17,2006-04-20T00:07:24.000Z,,4,,,,4,4774,0,0,,xslF345X02/form-4_041906ex.xml,
0000047217-06-000066,2006-04-19,2006-04-17,2006-04-20T00:08:36.000Z,,4,,,,4,5640,0,0,,xslF345X02/form-4_041906ex.xml,
0000047217-06-000067,2006-04-19,2006-04-17,2006-04-20T00:09:51.000Z,,4,,,,4,5649,0,0,,xslF345X02/form-4_041906ex.xml,
0000047217-06-000068,2006-04-19,2006-04-17,2006-04-20T00:11:16.000Z,,4,,,,4,5914,0,0,,xslF345X02/form-4_041906ex.xml,
0000047217-06-000069,2006-04-19,2006-04-17,2006-04-20T00:12:19.000Z,,4,,,,4,4886,0,0,,xslF345X02/form-4_041906ex.xml,
0000047217-06-000070,2006-04-19,2006-04-17,2006-04-20T00:13:32.000Z,,4,,,,4,4923,0,0,,xslF345X02/form-4_041906ex.xml,
0000047217-06-000074,2006-05-16,2006-05-16,2006-05-16T20:13:28.000Z,34,8-K,001-04423,06846002,"2.02,9.01",8-K,450167,0,0,,form8-k_q206.htm,
0001104659-06-036450,2006-05-22,2006-05-18,2006-05-20T00:13:17.000Z,34,8-K,001-04423,06856667,"5.02,5.03,9.01",8-K,225203,0,0,,a06-12355_18k.htm,CURRENT REPORT OF MATERIAL EVENTS OR CORPORATE CHANGES
0001047469-06-007476,2006-05-22,,2006-05-20T00:27:34.000Z,33,S-3ASR,333-134327,06856680,,S-3ASR,251687,0,0,,a2170577zs-3asr.htm,S-3ASR
0000047217-06-000080,2006-05-22,2006-05-19,2006-05-23T00:30:44.000Z,,4,,,,4,46665,0,0,,xslF345X02/form-4_0506ex.xml,
0000047217-06-000081,2006-05-22,2006-05-18,2006-05-23T00:31:39.000Z,,4,,,,4,10235,0,0,,xslF345X02/form-4_0506ex.xml,
0000047217-06-000079,2006-05-23,,2006-05-22T23:52:57.000Z,34,25,001-04423,06859918,,25,12900,0,0,,form-25_0506.htm,
0001047469-06-007535,2006-05-23,,2006-05-23T18:06:29.000Z,33,424B2,333-134327,06861021,,424B2,283515,0,0,,a2170675z424b2.htm,424B2
0001047469-06-007555,2006-05-23,,2006-05-23T21:27:38.000Z,34,FWP,333-134327,06862301,,FWP,8319,0,0,,a2170720zfwp.htm,FWP
0000047217-06-000087,2006-05-24,2006-05-22,2006-05-25T00:00:54.000Z,,4,,,,4,13125,0,0,,xslF345X02/form-4_0506ex.xml,
0000047217-06-000088,2006-05-24,2006-05-23,2006-05-25T00:02:36.000Z,,4,,,,4,9847,0,0,,xslF345X02/form-4_0506ex.xml,
0000047217-06-000089,2006-05-24,2006-05-15,2006-05-25T00:03:23.000Z,,4,,,,4,6065,0,0,,xslF345X02/form-4_0506ex.xml,
0000047217-06-000090,2006-05-24,2006-05-23,2006-05-25T00:04:17.000Z,,4,,,,4,14566,0,0,,xslF345X02/form-4_052306ex.xml,
0001047469-06-007621,2006-05-25,,2006-05-24T23:21:50.000Z,33,424B5,333-134327,06865416,,424B5,284026,0,0,,a2170728z424b5.htm,424B5
0001104659-06-039885,2006-06-06,2006-06-06,2006-06-06T12:08:42.000Z,34,8-K,001-04423,06887894,"2.02,9.01",8-K,655739,0,0,,a06-13191_18k.htm,CURRENT REPORT OF MATERIAL EVENTS OR CORPORATE CHANGES
0001047469-06-008140,2006-06-07,,2006-06-07T21:24:06.000Z,33,POSASR,333-134327,06892213,,POSASR,591219,0,0,,a2171005zposasr.htm,POSASR
0000047217-06-000092,2006-06-07,2006-06-05,2006-06-08T00:37:45.000Z,,4,,,,4,34557,0,0,,xslF345X02/edgar.xml,PRIMARY DOCUMENT
0001047469-06-008201,2006-06-08,2006-04-30,2006-06-08T21:25:52.000Z,34,10-Q,001-04423,06894788,,10-Q,923874,0,0,,a2170661z10-q.htm,10-Q
0000047217-06-000094,2006-06-09,2006-06-05,2006-06-10T00:03:13.000Z,,4/A,,,,4/A,6663,0,0,,xslF345X02/edgar.xml,PRIMARY DOCUMENT
0000047217-06-000097,2006-06-16,2006-06-14,2006-06-17T00:00:37.000Z,,4,,,,4,52743,0,0,,xslF345X02/edgar.xml,PRIMARY DOCUMENT
0000047217-06-000098,2006-06-16,2006-06-14,2006-06-17T00:01:27.000Z,,4,,,,4,18966,0,0,,xslF345X02/edgar.xml,PRIMARY DOCUMENT
0000047217-06-000101,2006-06-23,,2006-06-23T20:04:55.000Z,34,8-A12B/A,001-04423,06922404,,8-A12B/A,168841,0,0,,form8a-a_0606.htm,
0000047217-06-000102,2006-06-23,2006-06-23,2006-06-23T20:06:53.000Z,34,8-K,001-04423,06922419,8.01,8-K,25940,0,0,,form8-k_0606.htm,
0000047217-06-000105,2006-06-29,2005-12-31,2006-06-29T17:41:52.000Z,34,11-K,001-04423,06932886,,11-K,769504,0,0,,form11-k_123105.htm,
0000047217-06-000107,2006-07-13,2006-07-11,2006-07-14T00:01:22.000Z,,4,,,,4,4858,0,0,,xslF345X02/edgar.xml,PRIMARY DOCUMENT
0001047469-06-009901,2006-07-25,,2006-07-25T21:09:36.000Z,,SC TO-C,,,,SC TO-C,490780,0,0,,a2172084z8-k.htm,FORM 8-K
0001047469-06-009900,2006-07-25,2006-07-25,2006-07-25T21:11:28.000Z,34,8-K,001-04423,06979738,"1.01,7.01,9.01",8-K,490280,0,0,,a2172084z8-k.htm,FORM 8-K
0001047469-06-009905,2006-07-25,,2006-07-25T21:26:29.000Z,,SC TO-C,,,,SC TO-C,3167020,0,0,,a2172089zscto-c.htm,SC TO-C
0001047469-06-009918,2006-07-26,,2006-07-26T10:00:40.000Z,,SC TO-C,,,,SC TO-C,133806,0,0,,a2172119zscto-c.htm,SC TO-C
0001047469-06-009951,2006-07-26,,2006-07-26T20:12:54.000Z,,SC TO-C,,,,SC TO-C,34414,0,0,,a2172143zscto-c.htm,SC TO-C
0000047217-06-000109,2006-07-31,,2006-07-31T20:29:45.000Z,,CORRESP,,,,CORRESP,8710,0,0,,filename1.htm,
0001047469-06-010582,2006-08-08,,2006-08-08T21:14:22.000Z,,SC TO-C,,,,SC TO-C,12371,0,0,,a2172478zscto-c.htm,SC TO-C
0000047217-06-000111,2006-08-08,2006-08-07,2006-08-09T00:06:48.000Z,,4,,,,4,6113,0,0,,xslF345X02/edgar.xml,PRIMARY DOCUMENT
0001047469-06-010715,2006-08-10,,2006-08-10T20:14:51.000Z,,SC TO-C,,,,SC TO-C,12517,0,0,,a2172576zscto-c.htm,SC TO-C
0000047217-06-000113,2006-08-16,2006-08-15,2006-08-16T20:07:22.000Z,34,8-K,001-04423,061038387,"2.02,8.01,9.01",8-K,468264,0,0,,form8-k_q306.htm,
0001047469-06-011062,2006-08-17,,2006-08-17T20:14:37.000Z,,SC TO-T,,,,SC TO-T,767093,0,0,,a2172718zscto-t.htm,SC TO-T
0000047217-06-000115,2006-08-18,,2006-08-18T20:07:22.000Z,,CORRESP,,,,CORRESP,24980,0,0,,filename1.htm,
0000047217-06-000118,2006-08-21,2006-08-17,2006-08-22T00:58:34.000Z,,4,,,,4,47305,0,0,,xslF345X02/edgar.xml,PRIMARY DOCUMENT
0000047217-06-000120,2006-08-22,2006-08-21,2006-08-23T00:02:16.000Z,,4,,,,4,18048,0,0,,xslF345X02/edgar.xml,PRIMARY DOCUMENT
0000047217-06-000122,2006-08-23,2006-08-22,2006-08-24T00:01:41.000Z,,4,,,,4,20863,0,0,,xslF345X02/edgar.xml,PRIMARY DOCUMENT
0001047469-06-011247,2006-08-24,,2006-08-24T21:03:57.000Z,,SC TO-T/A,,,,SC TO-T/A,16306,0,0,,a2172874zscto-ta.htm,SC TO-T/A
0000047217-06-000124,2006-08-28,2006-08-24,2006-08-29T00:30:06.000Z,,4,,,,4,18958,0,0,,xslF345X02/edgar.xml,PRIMARY DOCUMENT
0000047217-06-000126,2006-08-28,2006-08-25,2006-08-29T00:36:24.000Z,,4,,,,4,22210,0,0,,xslF345X02/edgar.xml,PRIMARY DOCUMENT
0000047217-06-000128,2006-08-29,2006-08-25,2006-08-30T00:09:33.000Z,,4,,,,4,21438,0,0,,xslF345X02/edgar.xml,PRIMARY DOCUMENT
0000047217-06-000130,2006-09-01,2006-08-30,2006-09-01T22:30:47.000Z,,4,,,,4,14081,0,0,,xslF345X02/edgar.xml,PRIMARY DOCUMENT
0001104659-06-059471,2006-09-06,2006-08-31,2006-09-06T10:03:50.000Z,34,8-K,001-04423,061075349,8.01,8-K,26808,0,0,,a06-19246_18k.htm,CURRENT REPORT OF MATERIAL EVENTS OR CORPORATE CHANGES
0000047217-06-000137,2006-09-06,2006-08-31,2006-09-06T20:50:26.000Z,,4,,,,4,42699,0,0,,xslF345X02/edgar.xml,PRIMARY DOCUMENT
0000047217-06-000139,2006-09-06,2006-09-05,2006-09-06T22:31:39.000Z,,4,,,,4,18177,0,0,,xslF345X02/edgar.xml,PRIMARY DOCUMENT
0000000000-06-043232,2006-09-08,,2006-09-08T14:07:50.000Z,,UPLOAD,,,,LETTER,63494,0,0,,filename1.pdf,
0000000000-06-043242,2006-09-08,,2006-09-08T14:28:35.000Z,,UPLOAD,,,,LETTER,27304,0,0,,filename1.pdf,
0001047469-06-011706,2006-09-11,2006-07-31,2006-09-11T10:09:43.000Z,34,10-Q,001-04423,061082981,,10-Q,884312,0,0,,a2172808z10-q.htm,FORM 10-Q
0001104659-06-060568,2006-09-12,2006-09-12,2006-09-12T15:49:56.000Z,34,8-K,001-04423,061085741,"5.02,5.03,8.01,9.01",8-K,179378,0,0,,a06-19530_18k.htm,CURRENT REPORT OF MATERIAL EVENTS OR CORPORATE CHANGES
0001047469-06-011810,2006-09-15,,2006-09-15T10:02:25.000Z,,SC TO-T/A,,,,SC TO-T/A,34390,0,0,,a2173195zscto-ta.htm,SC TO-T/A
0001104659-06-062392,2006-09-21,2006-09-16,2006-09-21T20:42:31.000Z,34,8-K,001-04423,061102508,"1.01,7.01,8.01,9.01",8-K,191769,0,0,,a06-20056_18k.htm,CURRENT REPORT OF MATERIAL EVENTS OR CORPORATE CHANGES
0001104659-06-062623,2006-09-22,2006-09-22,2006-09-22T21:02:38.000Z,34,8-K,001-04423,061104936,"5.02,5.03,9.01",8-K,188149,0,0,,a06-20135_18k.htm,CURRENT REPORT OF MATERIAL EVENTS OR CORPORATE CHANGES
0000047217-06-000141,2006-09-25,2006-09-21,2006-09-25T20:45:14.000Z,,4,,,,4,5255,0,0,,xslF345X02/edgar.xml,PRIMARY DOCUMENT
0000047217-06-000143,2006-09-25,2006-09-22,2006-09-25T20:49:16.000Z,,4,,,,4,11506,0,0,,xslF345X02/edgar.xml,PRIMARY DOCUMENT
0001104659-06-063490,2006-09-27,2006-09-22,2006-09-27T21:27:24.000Z,34,8-K,001-04423,061111968,8.01,8-K,38680,0,0,,a06-20344_18k.htm,CURRENT REPORT OF MATERIAL EVENTS OR CORPORATE CHANGES
0001104659-06-063569,2006-09-28,2006-09-28,2006-09-28T12:25:12.000Z,34,8-K,001-04423,061112420,"1.01,8.01,9.01",8-K,141559,0,0,,a06-20427_18k.htm,CURRENT REPORT OF MATERIAL EVENTS OR CORPORATE CHANGES
0001047469-06-012230,2006-09-29,,2006-09-29T10:11:57.000Z,,SC TO-T/A,,,,SC TO-T/A,53907,0,0,,a2173435zscto-ta.htm,SC TO T/A
0001047469-06-012777,2006-10-16,,2006-10-16T10:06:57.000Z,,SC TO-T/A,,,,SC TO-T/A,30878,0,0,,a2173814zscto-ta.htm,SC TO-T/A
0000047217-06-000146,2006-10-23,,2006-10-23T21:16:10.000Z,,SC 13G/A,,,,SC 13G/A,63511,0,0,,sch13g-a1_1006.htm,
0001047469-06-013107,2006-10-25,,2006-10-25T20:55:06.000Z,,SC TO-T/A,,,,SC TO-T/A,34437,0,0,,a2174011zscto-ta.htm,SC TO-T/A
0001047469-06-013277,2006-10-30,,2006-10-30T22:28:08.000Z,,SC TO-T/A,,,,SC TO-T/A,30135,0,0,,a2174124zscto-ta.htm,SC TO-T/A
0001047469-06-013411,2006-11-02,,2006-11-02T13:08:54.000Z,,SC TO-T/A,,,,SC TO-T/A,30499,0,0,,a2174190zscto-ta.htm,SC TO-T/A
0001047469-06-013604,2006-11-07,,2006-11-07T14:09:07.000Z,,SC TO-T/A,,,,SC TO-T/A,39044,0,0,,a2174345zscto-ta.htm,SC TO-T/A
0001104659-06-072215,2006-11-07,,2006-11-07T21:28:13.000Z,,SC 13D,,,,SC 13D,102767,0,0,,a06-23500_1sc13d.htm,BENEFICIAL OWNERSHIP OF 5% OR MORE
0000047217-06-000153,2006-11-07,2006-11-02,2006-11-07T21:41:34.000Z,34,3,000-22350,061194399,,3,4638,0,0,,xslF345X02/edgar.xml,PRIMARY DOCUMENT
0000047217-06-000160,2006-11-07,2006-11-06,2006-11-07T22:12:34.000Z,34,4,000-22350,061194732,,4,5654,0,0,,xslF345X02/edgar.xml,PRIMARY DOCUMENT
0000047217-06-000163,2006-11-13,,2006-11-13T21:28:27.000Z,,CORRESP,,,,CORRESP,16219,0,0,,filename1.htm,
0000047217-06-000165,2006-11-13,2006-10-31,2006-11-14T00:04:05.000Z,,5,,,,5,4532,0,0,,xslF345X02/edgar.xml,PRIMARY DOCUMENT
0000047217-06-000167,2006-11-13,2006-11-09,2006-11-14T00:07:30.000Z,,4,,,,4,5983,0,0,,xslF345X02/edgar.xml,PRIMARY DOCUMENT
0001047469-06-014179,2006-11-14,,2006-11-14T22:13:31.000Z,34,SC TO-C,005-12061,061216681,,SC TO-C,14358,0,0,,a2174635zscto-c.htm,SC TO-C
0000047217-06-000170,2006-11-16,2006-11-16,2006-11-16T21:54:31.000Z,34,8-K,001-04423,061223756,"2.02,8.01,9.01",8-K,668447,0,0,,form8-k_q406.htm,
0001104659-06-075980,2006-11-17,2006-11-16,2006-11-17T13:06:04.000Z,34,8-K,001-04423,061224886,"5.02,5.03,9.01",8-K,167367,0,0,,a06-24249_18k.htm,CURRENT REPORT OF MATERIAL EVENTS OR CORPORATE CHANGES
0001104659-06-075982,2006-11-17,,2006-11-17T13:09:10.000Z,33,S-8,333-138783,061224888,,S-8,555582,0,0,,a06-24116_1s8.htm,SECURITIES TO BE OFFERED TO EMPLOYEES PURSUANT TO EMPLOYEE BENEFIT PLANS
0001047469-06-014322,2006-11-17,,2006-11-17T13:27:56.000Z,34,SC TO-I,005-12061,061224903,,SC TO-I,2280273,0,0,,a2174650zscto-i.htm,SC TO-I
0000047217-06-000172,2006-11-17,2006-11-09,2006-11-18T01:28:55.000Z,,4,,,,4,5894,0,0,,xslF345X02/edgar.xml,PRIMARY DOCUMENT
0001104659-06-076319,2006-11-20,,2006-11-20T11:14:42.000Z,33,S-8 POS,333-138783,061228326,,S-8 POS,234562,0,0,,a06-24336_1s8pos.htm,POST-EFFECTIVE AMENDMENT TO A S-8 REGISTRATION STATEMENT
0001047469-06-014362,2006-11-20,,2006-11-20T11:26:37.000Z,34,SC TO-I/A,005-12061,061228334,,SC TO-I/A,82358,0,0,,a2174782zscto-ia.htm,SC TO-I/A
0000047217-06-000175,2006-11-22,2006-11-03,2006-11-22T21:04:59.000Z,,4,,,,4,49284,0,0,,xslF345X02/edgar.xml,PRIMARY DOCUMENT
0000047217-06-000177,2006-11-22,2006-11-21,2006-11-22T21:07:46.000Z,,4,,,,4,25521,0,0,,xslF345X02/edgar.xml,PRIMARY DOCUMENT
0000047217-06-000179,2006-11-22,2006-11-21,2006-11-22T21:12:22.000Z,,4,,,,4,13552,0,0,,xslF345X02/edgar.xml,PRIMARY DOCUMENT
0000047217-06-000182,2006-11-22,2006-11-16,2006-11-22T21:45:11.000Z,,3,,,,3,6976,0,0,,xslF345X02/edgar.xml,PRIMARY DOCUMENT
0000000000-06-057683,2006-11-24,,2006-11-24T17:08:10.000Z,,UPLOAD,,,,LETTER,18992,0,0,,filename1.pdf,
0001104659-06-078068,2006-11-28,2006-11-27,2006-11-28T21:09:27.000Z,34,8-K/A,001-04423,061242356,5.02,8-K/A,21570,0,0,,a06-24620_18ka.htm,AMENDMENT TO FORM 8-K/A
0001047469-06-014727,2006-12-05,,2006-12-05T02:15:14.000Z,34,SC TO-I/A,005-12061,061255829,,SC TO-I/A,324509,0,0,,a2174990zscto-ia.htm,SC TO-I/A
0001104659-06-080186,2006-12-07,2006-12-07,2006-12-07T21:58:25.000Z,34,8-K,001-04423,061263233,"8.01,9.01",8-K,58610,0,0,,a06-25174_18k.htm,CURRENT REPORT OF MATERIAL EVENTS OR CORPORATE CHANGES
0000047217-06-000184,2006-12-07,2006-12-05,2006-12-08T01:06:01.000Z,,4,,,,4,20316,0,0,,xslF345X02/edgar.xml,PRIMARY DOCUMENT
0000047217-06-000186,2006-12-07,2006-12-05,2006-12-08T01:09:13.000Z,,4,,,,4,10199,0,0,,xslF345X02/edgar.xml,PRIMARY DOCUMENT
0001047469-06-014882,2006-12-08,,2006-12-08T22:24:13.000Z,34,SC TO-I/A,005-12061,061266596,,SC TO-I/A,318275,0,0,,a2175061zscto-ia.htm,SC TO-I/A
0001104659-06-080577,2006-12-11,2006-12-08,2006-12-11T14:06:49.000Z,34,8-K,001-04423,061267221,"5.02,9.01",8-K,47983,0,0,,a06-25366_18k.htm,CURRENT REPORT OF MATERIAL EVENTS OR CORPORATE CHANGES
0000047217-06-000188,2006-12-11,2006-12-07,2006-12-11T21:32:14.000Z,,4,,,,4,5301,0,0,,xslF345X02/edgar.xml,PRIMARY DOCUMENT
0001047469-06-015058,2006-12-15,,2006-12-15T22:29:42.000Z,34,SC TO-I/A,005-12061,061281507,,SC TO-I/A,384281,0,0,,a2175195zscto-ia.htm,SC TO-I/A
0000047217-06-000190,2006-12-19,2006-12-15,2006-12-19T22:03:45.000Z,,4,,,,4,5247,0,0,,xslF345X02/edgar.xml,PRIMARY DOCUMENT
9999999997-07-002739,2006-12-21,2006-11-03,2007-01-17T19:05:30.000Z,34,NO ACT,001-04423,06066230,,NO ACT,1748,0,0,,9999999997-07-002739.paper,AUTO-GENERATED PAPER DOCUMENT
0000047217-06-000192,2006-12-22,2006-06-13,2006-12-22T21:07:51.000Z,,4,,,,4,7803,0,0,,xslF345X02/edgar.xml,PRIMARY DOCUMENT
0001047469-06-015253,2006-12-22,2006-10-31,2006-12-22T21:55:42.000Z,34,10-K,001-04423,061297618,,10-K,1584031,0,0,,a2174889z10-k.htm,10-K
0001047469-06-015258,2006-12-22,,2006-12-22T22:05:26.000Z,34,SC TO-I/A,005-12061,061297683,,SC TO-I/A,22631,0,0,,a2175325zscto-ia.htm,SC TO-I/A
0000047217-07-000002,2007-01-03,2006-12-07,2007-01-04T00:10:56.000Z,,4/A,,,,4/A,5129,0,0,,xslF345X02/edgar.xml,PRIMARY DOCUMENT
0000047217-07-000004,2007-01-17,2007-01-15,2007-01-17T22:37:55.000Z,,4,,,,4,4896,0,0,,xslF345X02/edgar.xml,PRIMARY DOCUMENT
0000047217-07-000007,2007-01-22,2007-01-18,2007-01-23T02:01:12.000Z,,4,,,,4,7719,0,0,,xslF345X02/edgar.xml,PRIMARY DOCUMENT
0000047217-07-000009,2007-01-22,2007-01-18,2007-01-23T02:03:48.000Z,,4,,,,4,7355,0,0,,xslF345X02/edgar.xml,PRIMARY DOCUMENT
0000047217-07-000011,2007-01-22,2007-01-18,2007-01-23T02:05:30.000Z,,4,,,,4,8210,0,0,,xslF345X02/edgar.xml,PRIMARY DOCUMENT
0000047217-07-000013,2007-01-22,2007-01-18,2007-01-23T02:07:31.000Z,,4,,,,4,7415,0,0,,xslF345X02/edgar.xml,PRIMARY DOCUMENT
0000047217-07-000015,2007-01-22,2007-01-18,2007-01-23T02:10:45.000Z,,4,,,,4,8044,0,0,,xslF345X02/edgar.xml,PRIMARY DOCUMENT
0000047217-07-000017,2007-01-22,2007-01-18,2007-01-23T02:16:17.000Z,,4,,,,4,8649,0,0,,xslF345X02/edgar.xml,PRIMARY DOCUMENT
0000047217-07-000019,2007-01-22,2007-01-18,2007-01-23T02:18:44.000Z,,4,,,,4,7373,0,0,,xslF345X02/edgar.xml,PRIMARY DOCUMENT
0000047217-07-000021,2007-01-22,2007-01-18,2007-01-23T02:20:54.000Z,,4,,,,4,7336,0,0,,xslF345X02/edgar.xml,PRIMARY DOCUMENT
0000047217-07-000023,2007-01-22,2007-01-18,2007-01-23T02:23:23.000Z,,4,,,,4,7320,0,0,,xslF345X02/edgar.xml,PRIMARY DOCUMENT
0000047217-07-000025,2007-01-22,2007-01-18,2007-01-23T02:26:14.000Z,,4,,,,4,8238,0,0,,xslF345X02/edgar.xml,PRIMARY DOCUMENT
0000047217-07-000027,2007-01-22,2007-01-18,2007-01-23T02:28:50.000Z,,4,,,,4,8232,0,0,,xslF345X02/edgar.xml,PRIMARY DOCUMENT
9999999997-07-005271,2007-01-22,2006-11-03,2007-02-05T20:19:28.000Z,34,NO ACT,001-04423,07043062,,NO ACT,1748,0,0,,9999999997-07-005271.paper,AUTO-GENERATED PAPER DOCUMENT
9999999997-07-005273,2007-01-22,2006-12-26,2007-02-05T20:21:40.000Z,34,NO ACT,001-04423,07043064,,NO ACT,1748,0,0,,9999999997-07-005273.paper,AUTO-GENERATED PAPER DOCUMENT
0000913414-07-001842,2007-01-23,,2007-01-23T21:09:02.000Z,34,SC 13G,005-12061,07546626,,SC 13G,25898,0,0,,hewlett123106.txt,
0001104659-07-003960,2007-01-23,2007-01-18,2007-01-23T21:43:45.000Z,34,8-K,001-04423,07547086,"5.02,5.03,9.01",8-K,191375,0,0,,a07-2312_18k.htm,8-K
0001047469-07-000347,2007-01-23,2007-03-14,2007-01-23T22:23:55.000Z,34,DEF 14A,001-04423,07547615,,DEF 14A,689240,0,0,,a2175536zdef14a.htm,DEF 14A
0000047217-07-000029,2007-01-24,2007-01-23,2007-01-25T01:03:42.000Z,,4,,,,4,4842,0,0,,xslF345X02/edgar.xml,PRIMARY DOCUMENT
0000047217-07-000031,2007-01-24,2007-01-23,2007-01-25T01:09:20.000Z,,4,,,,4,5562,0,0,,xslF345X02/edgar.xml,PRIMARY DOCUMENT
0000047217-07-000033,2007-01-24,2007-01-23,2007-01-25T01:12:26.000Z,,4,,,,4,7240,0,0,,xslF345X02/edgar.xml,PRIMARY DOCUMENT
0000047217-07-000034,2007-01-24,2007-01-23,2007-01-25T01:14:00.000Z,,4,,,,4,5830,0,0,,xslF345X02/edgar.xml,PRIMARY DOCUMENT
0000047217-07-000035,2007-01-24,2007-01-23,2007-01-25T01:16:35.000Z,,4,,,,4,4897,0,0,,xslF345X02/edgar.xml,PRIMARY DOCUMENT
0000047217-07-000036,2007-01-24,2007-01-23,2007-01-25T01:18:37.000Z,,4,,,,4,4933,0,0,,xslF345X02/edgar.xml,PRIMARY DOCUMENT
0000047217-07-000038,2007-01-24,2007-01-23,2007-01-25T01:21:09.000Z,,4,,,,4,4857,0,0,,xslF345X02/edgar.xml,PRIMARY DOCUMENT
0000047217-07-000040,2007-01-25,2007-01-23,2007-01-25T22:01:27.000Z,,4,,,,4,48309,0,0,,xslF345X02/edgar.xml,PRIMARY DOCUMENT
0000047217-07-000042,2007-01-25,2007-01-23,2007-01-25T22:04:24.000Z,,4,,,,4,37132,0,0,,xslF345X02/edgar.xml,PRIMARY DOCUMENT
0000047217-07-000045,2007-01-26,2007-01-24,2007-01-26T23:31:23.000Z,34,4,000-27597,07558044,,4,5766,0,0,,xslF345X02/edgar.xml,PRIMARY DOCUMENT
9999999997-07-004776,2007-01-26,2006-10-31,2007-01-31T17:06:40.000Z,34,ARS,001-04423,07042464,,ARS,1739,0,0,,9999999997-07-004776.paper,AUTO-GENERATED PAPER DOCUMENT
0000047217-07-000046,2007-01-29,,2007-01-26T23:37:58.000Z,,SC 13G/A,,,,SC 13G/A,59958,0,0,,schedule-13ga_0107.htm,
0000047217-07-000049,2007-02-02,2007-02-01,2007-02-02T22:03:56.000Z,,4,,,,4,4774,0,0,,xslF345X02/edgar.xml,PRIMARY DOCUMENT
0000047217-07-000052,2007-02-12,,2007-02-12T21:16:52.000Z,34,25,001-04423,07603213,,25,12932,0,0,,form-25_0207.htm,
0000315066-07-001850,2007-02-14,,2007-02-14T21:48:13.000Z,34,SC 13G,005-12061,07621788,,SC 13G,12551,0,0,,filing.txt,DOC ONE
0001188112-07-000442,2007-02-20,,2007-02-20T16:20:31.000Z,34,PX14A6G,001-04423,07634229,,PX14A6G,40807,0,0,,t13068_px14a6g.htm,NOTICE OF EXEMPT SOLICITATION
0000047217-07-000055,2007-02-20,2007-02-15,2007-02-20T21:13:39.000Z,34,8-K,001-04423,07635709,"2.02,2.05,8.01,9.01",8-K,844986,0,0,,form8-k_q107.htm,
0001047469-07-001334,2007-02-22,,2007-02-22T01:20:44.000Z,33,424B2,333-134327,07640285,,424B2,297334,0,0,,a2176295z424b2.htm,424B2
0001104659-07-013241,2007-02-23,,2007-02-23T00:11:18.000Z,34,FWP,333-134327,07643570,,FWP,17275,0,0,,a07-5351_1fwp.htm,FWP
0001104659-07-013242,2007-02-23,,2007-02-23T00:12:33.000Z,34,FWP,333-134327,07643573,,FWP,21826,0,0,,a07-5351_2fwp.htm,FWP
0001104659-07-013243,2007-02-23,,2007-02-23T00:13:19.000Z,34,FWP,333-134327,07643575,,FWP,17646,0,0,,a07-5351_3fwp.htm,FWP
0001104659-07-013460,2007-02-23,,2007-02-23T21:10:51.000Z,33,S-8,333-140857,07645887,,S-8,196970,0,0,,a07-4732_1s8.htm,S-8
0001047469-07-001383,2007-02-26,,2007-02-24T01:45:44.000Z,33,424B5,333-134327,07647395,,424B5,296660,0,0,,a2176344z424b5.htm,424B5
0001188112-07-000493,2007-02-26,,2007-02-26T13:54:17.000Z,34,PX14A6G,001-04423,07647577,,PX14A6G,67409,0,0,,t13104_px14a6g.htm,NOTICE OF EXEMPT SOLICITATION
0000047217-07-000062,2007-02-26,2007-02-23,2007-02-26T22:07:41.000Z,,4,,,,4,12207,0,0,,xslF345X02/edgar.xml,PRIMARY DOCUMENT
0000047217-07-000064,2007-02-26,2007-02-22,2007-02-26T22:10:55.000Z,,3,,,,3,6178,0,0,,xslF345X02/edgar.xml,PRIMARY DOCUMENT
0000047217-07-000066,2007-02-26,2007-02-22,2007-02-26T22:13:47.000Z,,4,,,,4,7375,0,0,,xslF345X02/edgar.xml,PRIMARY DOCUMENT
0001188112-07-000513,2007-02-27,,2007-02-27T01:37:22.000Z,34,PX14A6G,001-04423,07651061,,PX14A6G,67574,0,0,,t13153_px14a6g.htm,NOTICE OF EXEMPT SOLICITATION
0001104659-07-014950,2007-02-28,2007-02-22,2007-02-28T21:34:05.000Z,34,8-K,001-04423,07658331,"8.01,9.01",8-K,541267,0,0,,a07-6709_18k.htm,8-K
0001188112-07-000579,2007-03-02,,2007-03-02T19:30:36.000Z,34,PX14A6G,001-04423,07667147,,PX14A6G,19748,0,0,,t13208_calpers.htm,NOTICE OF EXEMPT SOLITICATION
0001104659-07-017087,2007-03-07,,2007-03-07T21:21:55.000Z,34,DEFA14A,001-04423,07678054,,DEFA14A,45246,0,0,,a07-7438_1defa14a.htm,DEFA14A
0000047217-07-000069,2007-03-07,2007-03-01,2007-03-07T22:01:22.000Z,,3,,,,3,26041,0,0,,xslF345X02/edgar.xml,PRIMARY DOCUMENT
0000047217-07-000070,2007-03-07,2007-03-01,2007-03-07T22:03:24.000Z,,3,,,,3,20360,0,0,,xslF345X02/edgar.xml,PRIMARY DOCUMENT
0000047217-07-000072,2007-03-07,2007-03-05,2007-03-07T22:08:46.000Z,,4,,,,4,21745,0,0,,xslF345X02/edgar.xml,PRIMARY DOCUMENT
0000047217-07-000074,2007-03-07,2006-12-05,2007-03-07T22:15:06.000Z,,4,,,,4,48244,0,0,,xslF345X02/edgar.xml,PRIMARY DOCUMENT
0000047217-07-000075,2007-03-07,2007-03-05,2007-03-07T22:17:57.000Z,,4,,,,4,46485,0,0,,xslF345X02/edgar.xml,PRIMARY DOCUMENT
0000047217-07-000076,2007-03-07,2007-03-05,2007-03-07T22:20:16.000Z,,4,,,,4,10436,0,0,,xslF345X02/edgar.xml,PRIMARY DOCUMENT
0000047217-07-000078,2007-03-07,2007-03-06,2007-03-07T22:40:16.000Z,,4,,,,4,18821,0,0,,xslF345X02/edgar.xml,PRIMARY DOCUMENT
0001104659-07-017867,2007-03-09,2007-01-31,2007-03-09T22:27:05.000Z,34,10-Q,001-04423,07685549,,10-Q,2121615,0,0,,a07-6571_310q.htm,10-Q
0001104659-07-019765,2007-03-16,2007-03-14,2007-03-16T12:45:43.000Z,34,8-K,001-04423,07698062,"5.03,8.01,9.01",8-K,169510,0,0,,a07-8276_18k.htm,8-K
0000047217-07-000080,2007-03-20,2007-03-17,2007-03-20T21:03:09.000Z,,4,,,,4,6120,0,0,,xslF345X02/edgar.xml,PRIMARY DOCUMENT
0000047217-07-000082,2007-03-20,2007-03-17,2007-03-20T21:06:54.000Z,,4,,,,4,5763,0,0,,xslF345X02/edgar.xml,PRIMARY DOCUMENT
0000047217-07-000084,2007-03-20,2007-03-17,2007-03-20T21:11:32.000Z,,4,,,,4,5810,0,0,,xslF345X02/edgar.xml,PRIMARY DOCUMENT
0000047217-07-000086,2007-03-20,2007-03-17,2007-03-20T21:15:47.000Z,,4,,,,4,6589,0,0,,xslF345X02/edgar.xml,PRIMARY DOCUMENT
0000047217-07-000088,2007-04-03,2007-04-01,2007-04-03T21:04:33.000Z,,4,,,,4,4941,0,0,,xslF345X02/edgar.xml,PRIMARY DOCUMENT
0001104659-07-028893,2007-04-17,,2007-04-17T21:17:26.000Z,33,S-8,333-142175,07771620,,S-8,270402,0,0,,a07-10366_1s8.htm,S-8
0000047217-07-000091,2007-04-18,2007-04-17,2007-04-18T23:09:13.000Z,,4,,,,4,12306,0,0,,xslF345X02/form-4_0407ex.xml,
0000047217-07-000094,2007-04-25,2007-04-23,2007-04-25T21:01:14.000Z,,4,,,,4,5961,0,0,,xslF345X02/edgar.xml,PRIMARY DOCUMENT
0000047217-07-000096,2007-04-25,2007-04-23,2007-04-25T21:04:30.000Z,,4,,,,4,4774,0,0,,xslF345X02/edgar.xml,PRIMARY DOCUMENT
0000047217-07-000098,2007-04-25,2007-04-23,2007-04-25T21:07:45.000Z,,4,,,,4,4815,0,0,,xslF345X02/edgar.xml,PRIMARY DOCUMENT
0000047217-07-000100,2007-04-25,2007-04-23,2007-04-25T21:10:37.000Z,,4,,,,4,5739,0,0,,xslF345X02/edgar.xml,PRIMARY DOCUMENT
0000047217-07-000102,2007-04-25,2006-12-15,2007-04-25T21:13:25.000Z,,4,,,,4,6390,0,0,,xslF345X02/edgar.xml,PRIMARY DOCUMENT
0000047217-07-000104,2007-04-25,2007-04-23,2007-04-25T21:16:41.000Z,,4,,,,4,5247,0,0,,xslF345X02/edgar.xml,PRIMARY DOCUMENT
0000047217-07-000106,2007-04-25,2007-04-23,2007-04-25T21:19:43.000Z,,4,,,,4,5056,0,0,,xslF345X02/edgar.xml,PRIMARY DOCUMENT
0001104659-07-036792,2007-05-08,2007-05-08,2007-05-08T14:05:18.000Z,34,8-K,001-04423,07826440,"2.02,9.01",8-K,73475,0,0,,a07-13569_18k.htm,8-K
0000047217-07-000108,2007-05-11,2007-04-18,2007-05-11T23:01:39.000Z,,4,,,,4,5142,0,0,,xslF345X02/edgar.xml,PRIMARY DOCUMENT
0000047217-07-000111,2007-05-16,2007-05-16,2007-05-16T20:11:50.000Z,34,8-K,001-04423,07857964,"2.02,9.01",8-K,563060,0,0,,form8-k_q207.htm,
0001104659-07-041277,2007-05-18,2007-05-17,2007-05-18T13:25:41.000Z,34,8-K,001-04423,07863186,"5.02,5.03,9.01",8-K,176818,0,0,,a07-14585_18k.htm,8-K
0000047217-07-000113,2007-05-21,2007-05-18,2007-05-21T23:42:13.000Z,,4,,,,4,49280,0,0,,xslF345X02/edgar.xml,PRIMARY DOCUMENT
0000047217-07-000115,2007-05-21,2007-05-18,2007-05-21T23:44:23.000Z,,4,,,,4,16909,0,0,,xslF345X02/edgar.xml,PRIMARY DOCUMENT
0001104659-07-042488,2007-05-23,2007-05-23,2007-05-23T21:27:18.000Z,34,8-K,001-04423,07874694,"8.01,9.01",8-K,42071,0,0,,a07-15029_18k.htm,8-K
0000047217-07-000117,2007-05-24,2007-05-22,2007-05-24T23:06:58.000Z,,4,,,,4,20506,0,0,,xslF345X02/edgar.xml,PRIMARY DOCUMENT
0000047217-07-000119,2007-05-24,2007-03-06,2007-05-24T23:10:49.000Z,,4,,,,4,9087,0,0,,xslF345X02/edgar.xml,PRIMARY DOCUMENT
0000047217-07-000122,2007-05-24,2007-05-17,2007-05-24T23:19:53.000Z,,3,,,,3,6236,0,0,,xslF345X02/edgar.xml,PRIMARY DOCUMENT
0000047217-07-000124,2007-05-24,2007-05-17,2007-05-24T23:31:31.000Z,,3,,,,3,7992,0,0,,xslF345X02/edgar.xml,PRIMARY DOCUMENT
0000047217-07-000126,2007-05-25,2007-05-24,2007-05-25T22:39:22.000Z,,4,,,,4,51908,0,0,,xslF345X02/edgar.xml,PRIMARY DOCUMENT
0000047217-07-000128,2007-05-25,2007-05-24,2007-05-25T22:41:37.000Z,,4,,,,4,39252,0,0,,xslF345X02/edgar.xml,PRIMARY DOCUMENT
0000047217-07-000129,2007-05-25,2007-05-24,2007-05-25T22:42:56.000Z,,4,,,,4,12751,0,0,,xslF345X02/edgar.xml,PRIMARY DOCUMENT
0000047217-07-000131,2007-05-25,2007-05-24,2007-05-25T22:48:02.000Z,,4,,,,4,23821,0,0,,xslF345X02/edgar.xml,PRIMARY DOCUMENT
0000047217-07-000133,2007-05-25,2007-05-23,2007-05-25T22:52:37.000Z,,4,,,,4,35556,0,0,,xslF345X02/edgar.xml,PRIMARY DOCUMENT
0000047217-07-000135,2007-05-25,2007-05-23,2007-05-25T22:59:32.000Z,,4,,,,4,25189,0,0,,xslF345X02/edgar.xml,PRIMARY DOCUMENT
0000047217-07-000137,2007-05-31,2007-05-29,2007-05-31T22:02:00.000Z,,4,,,,4,30065,0,0,,xslF345X02/edgar.xml,PRIMARY DOCUMENT
0000047217-07-000139,2007-06-04,2007-05-31,2007-06-04T21:07:00.000Z,,4,,,,4,7949,0,0,,xslF345X02/edgar.xml,PRIMARY DOCUMENT
0000047217-07-000141,2007-06-04,2007-05-31,2007-06-04T21:14:35.000Z,,4,,,,4,15347,0,0,,xslF345X02/edgar.xml,PRIMARY DOCUMENT
0000047217-07-000143,2007-06-04,2007-06-01,2007-06-04T21:19:59.000Z,,4,,,,4,14071,0,0,,xslF345X02/edgar.xml,PRIMARY DOCUMENT
0000047217-07-000145,2007-06-04,2007-06-01,2007-06-04T21:24:14.000Z,,4,,,,4,8713,0,0,,xslF345X02/edgar.xml,PRIMARY DOCUMENT
0000047217-07-000147,2007-06-04,2007-05-31,2007-06-04T21:29:16.000Z,,4,,,,4,14630,0,0,,xslF345X02/edgar.xml,PRIMARY DOCUMENT
0000047217-07-000149,2007-06-06,2007-06-04,2007-06-06T21:02:42.000Z,,4,,,,4,35022,0,0,,xslF345X02/edgar.xml,PRIMARY DOCUMENT
0000047217-07-000151,2007-06-06,2007-06-04,2007-06-06T21:05:24.000Z,,4,,,,4,5514,0,0,,xslF345X02/edgar.xml,PRIMARY DOCUMENT
0000047217-07-000153,2007-06-06,2007-06-01,2007-06-06T21:14:03.000Z,,4,,,,4,9709,0,0,,xslF345X02/edgar.xml,PRIMARY DOCUMENT
0001047469-07-004865,2007-06-08,2007-04-30,2007-06-08T21:21:51.000Z,34,10-Q,001-04423,07910701,,10-Q,1390357,0,0,,a2178097z10-q.htm,10-Q
0001104659-07-046627,2007-06-08,,2007-06-08T21:24:16.000Z,33,S-8,333-143632,07910720,,S-8,305266,0,0,,a07-15463_1s8.htm,S-8
0001047469-07-004935,2007-06-12,,2007-06-12T12:39:10.000Z,33,424B5,333-134327,07913814,,424B5,267342,0,0,,a2178403z424b5.htm,424B5
0001047469-07-004972,2007-06-13,,2007-06-13T11:05:19.000Z,34,FWP,333-134327,07916326,,FWP,8759,0,0,,a2178454zfwp.htm,FWP
0001047469-07-004973,2007-06-13,,2007-06-13T11:05:39.000Z,34,FWP,333-134327,07916327,,FWP,8759,0,0,,a2178453zfwp.htm,FWP
0001047469-07-004987,2007-06-13,,2007-06-13T19:00:18.000Z,33,424B5,333-134327,07917316,,424B5,268754,0,0,,a2178403z424b5.htm,424B5
0000047217-07-000155,2007-06-15,2007-06-14,2007-06-15T21:32:43.000Z,,4,,,,4,29661,0,0,,xslF345X02/edgar.xml,PRIMARY DOCUMENT
0000047217-07-000158,2007-06-18,2007-06-12,2007-06-18T20:38:23.000Z,34,8-K,001-04423,07926170,"8.01,9.01",8-K,272933,0,0,,form8-k_061207.htm,
0000047217-07-000160,2007-06-18,2007-06-14,2007-06-18T22:37:40.000Z,,4,,,,4,4915,0,0,,xslF345X02/edgar.xml,PRIMARY DOCUMENT
0000047217-07-000162,2007-06-18,2007-06-14,2007-06-18T22:40:46.000Z,,4,,,,4,6629,0,0,,xslF345X02/edgar.xml,PRIMARY DOCUMENT
0000047217-07-000165,2007-06-29,2006-12-31,2007-06-29T20:56:51.000Z,34,11-K,001-04423,07951696,,11-K,901769,0,0,,form11-k_123106.htm,
0000047217-07-000167,2007-07-13,2007-07-11,2007-07-13T21:06:13.000Z,,4,,,,4,7660,0,0,,xslF345X02/edgar.xml,PRIMARY DOCUMENT
0000047217-07-000169,2007-07-13,2007-07-12,2007-07-13T21:10:35.000Z,,4,,,,4,9683,0,0,,xslF345X02/edgar.xml,PRIMARY DOCUMENT
0000047217-07-000171,2007-07-16,2007-07-15,2007-07-16T21:39:36.000Z,,4,,,,4,5578,0,0,,xslF345X02/edgar.xml,PRIMARY DOCUMENT
0000047217-07-000173,2007-07-20,2007-07-19,2007-07-20T21:12:21.000Z,,4,,,,4,4893,0,0,,xslF345X02/edgar.xml,PRIMARY DOCUMENT
0000047217-07-000175,2007-07-20,2007-07-19,2007-07-20T21:16:20.000Z,,4,,,,4,5511,0,0,,xslF345X02/edgar.xml,PRIMARY DOCUMENT
0001047469-07-005777,2007-07-23,,2007-07-23T13:49:37.000Z,,SC TO-C,,,,SC TO-C,455332,0,0,,a2178943z8-k.htm,SC TO-C
0001047469-07-005776,2007-07-23,2007-07-20,2007-07-23T13:51:30.000Z,34,8-K,001-04423,07992829,"8.01,9.01",8-K,454829,0,0,,a2178943z8-k.htm,8-K
0001047469-07-005796,2007-07-23,,2007-07-23T21:10:17.000Z,,SC TO-C,,,,SC TO-C,3624326,0,0,,a2178938zscto-c.htm,SC TO-C
0001104659-07-055453,2007-07-23,,2007-07-23T21:18:27.000Z,,DFAN14A,,,,DFAN14A,57432,0,0,,a07-20035_1dfan14a.htm,DFAN14A
0001047469-07-005798,2007-07-23,,2007-07-23T21:21:14.000Z,,DFAN14A,,,,DFAN14A,908758,0,0,,a2178979zdfan14a.htm,DFAN14A
0001104659-07-055460,2007-07-23,,2007-07-23T21:25:27.000Z,,DFAN14A,,,,DFAN14A,134307,0,0,,a07-20035_3dfan14a.htm,DFAN14A
0001104659-07-055461,2007-07-23,,2007-07-23T21:27:12.000Z,,DFAN14A,,,,DFAN14A,33903,0,0,,a07-20035_4dfan14a.htm,DFAN14A
0001104659-07-055462,2007-07-23,,2007-07-23T21:28:11.000Z,,DFAN14A,,,,DFAN14A,33838,0,0,,a07-20035_5dfan14a.htm,DFAN14A
0001104659-07-055463,2007-07-23,,2007-07-23T21:28:12.000Z,,DFAN14A,,,,DFAN14A,82596,0,0,,a07-20035_2dfan14a.htm,DFAN14A
0001104659-07-055464,2007-07-23,,2007-07-23T21:29:27.000Z,,DFAN14A,,,,DFAN14A,33815,0,0,,a07-20035_6dfan14a.htm,DFAN14A
0001047469-07-005808,2007-07-24,,2007-07-24T01:35:30.000Z,,SC TO-C,,,,SC TO-C,48000,0,0,,a2178993zscto-c.htm,SC TO-C
0001104659-07-055717,2007-07-24,,2007-07-24T20:19:32.000Z,,DFAN14A,,,,DFAN14A,134264,0,0,,a07-20035_7dfan14a.htm,DFAN14A
0001104659-07-057218,2007-07-30,,2007-07-30T21:13:05.000Z,,SC 13D,,,,SC 13D,198705,0,0,,a07-20594_1sc13d.htm,SC 13D
0001047469-07-006047,2007-08-03,,2007-08-03T13:15:56.000Z,,SC TO-T,,,,SC TO-T,561731,0,0,,a2179028zscto-t.htm,SC TO-T
0001047469-07-006310,2007-08-10,,2007-08-10T20:12:42.000Z,,SC TO-T/A,,,,SC TO-T/A,39302,0,0,,a2179330zscto-ta.htm,SC TO-T/A
0000047217-07-000178,2007-08-16,2007-08-16,2007-08-16T20:06:45.000Z,34,8-K,001-04423,071062645,"2.02,9.01",8-K,772013,0,0,,q3form8-k_081607.htm,
0000912057-07-000192,2007-08-17,,2007-08-17T21:05:44.000Z,,SC TO-T/A,,,,SC TO-T/A,102340,0,0,,a2179474zscto-ta.htm,SC TO-T/A
0000912057-07-000218,2007-08-21,,2007-08-21T13:01:21.000Z,,SC TO-T/A,,,,SC TO-T/A,17805,0,0,,a2179491zscto-ta.htm,SC TO-T/A
0000047217-07-000180,2007-08-21,2007-08-20,2007-08-21T23:01:42.000Z,,4,,,,4,50170,0,0,,xslF345X02/edgar.xml,PRIMARY DOCUMENT
0000047217-07-000182,2007-08-21,2007-08-20,2007-08-21T23:05:56.000Z,,4,,,,4,47673,0,0,,xslF345X02/edgar.xml,PRIMARY DOCUMENT
0000047217-07-000184,2007-08-21,2007-08-20,2007-08-21T23:09:24.000Z,,4,,,,4,46167,0,0,,xslF345X02/edgar.xml,PRIMARY DOCUMENT
0000047217-07-000186,2007-08-21,2007-08-20,2007-08-21T23:12:42.000Z,,4,,,,4,47667,0,0,,xslF345X02/edgar.xml,PRIMARY DOCUMENT
0000047217-07-000188,2007-08-21,2007-08-20,2007-08-21T23:15:48.000Z,,4,,,,4,8399,0,0,,xslF345X02/edgar.xml,PRIMARY DOCUMENT
0000047217-07-000190,2007-08-21,2007-08-20,2007-08-21T23:18:52.000Z,,4,,,,4,11564,0,0,,xslF345X02/edgar.xml,PRIMARY DOCUMENT
0000047217-07-000192,2007-08-24,2007-08-23,2007-08-24T23:07:03.000Z,,4,,,,4,9733,0,0,,xslF345X02/edgar.xml,PRIMARY DOCUMENT
0001047469-07-006698,2007-08-27,,2007-08-27T21:25:41.000Z,,SC TO-T/A,,,,SC TO-T/A,3848324,0,0,,a2179555zscto-ta.htm,FORM SC TO-T/A
0001047469-07-006784,2007-08-31,,2007-08-31T12:05:30.000Z,,SC TO-T/A,,,,SC TO-T/A,35825,0,0,,a2179597zscto-ta.htm,SC TO-T/A
0001047469-07-006838,2007-09-05,,2007-09-05T20:37:25.000Z,,DFAN14A,,,,DFAN14A,369259,0,0,,a2179626zdfan14a.htm,DFAN14A
0000047217-07-000195,2007-09-06,2007-09-04,2007-09-06T21:31:56.000Z,,4,,,,4,14914,0,0,,xslF345X02/edgar.xml,PRIMARY DOCUMENT
0000047217-07-000197,2007-09-06,2007-09-04,2007-09-06T21:35:23.000Z,,4,,,,4,21836,0,0,,xslF345X02/edgar.xml,PRIMARY DOCUMENT
0001047469-07-006879,2007-09-07,2007-07-31,2007-09-07T20:16:45.000Z,34,10-Q,001-04423,071106186,,10-Q,959853,0,0,,a2179502z10-q.htm,FORM 10-Q
0000047217-07-000199,2007-09-07,,2007-09-07T20:25:55.000Z,33,S-8,333-145920,071106404,,S-8,253831,0,0,,spis-8_0907.htm,
0000047217-07-000201,2007-09-11,2007-09-07,2007-09-11T21:03:04.000Z,,4,,,,4,7146,0,0,,xslF345X02/edgar.xml,PRIMARY DOCUMENT
0001047469-07-007002,2007-09-13,,2007-09-13T20:02:23.000Z,,SC TO-T/A,,,,SC TO-T/A,15903,0,0,,a2179726zscto-ta.htm,SC TO-T/A
0001047469-07-007048,2007-09-17,,2007-09-17T12:02:33.000Z,,SC TO-T/A,,,,SC TO-T/A,41962,0,0,,a2179764zscto-ta.htm,SC TO-T/A
0001104659-07-070413,2007-09-21,2007-09-20,2007-09-21T11:48:32.000Z,34,8-K,001-04423,071128136,"5.03,8.01,9.01",8-K,184557,0,0,,a07-24166_18k.htm,8-K
0000047217-07-000203,2007-09-25,2007-09-21,2007-09-25T21:35:27.000Z,,4,,,,4,33746,0,0,,xslF345X02/edgar.xml,PRIMARY DOCUMENT
0000047217-07-000208,2007-10-02,2007-10-01,2007-10-02T21:30:45.000Z,,4,,,,4,13456,0,0,,xslF345X02/edgar.xml,PRIMARY DOCUMENT
0000047217-07-000210,2007-10-03,2007-10-01,2007-10-04T01:49:14.000Z,,4/A,,,,4/A,5078,0,0,,xslF345X02/edgar.xml,PRIMARY DOCUMENT
0000047217-07-000213,2007-10-11,,2007-10-11T20:06:29.000Z,33,S-8,333-146630,071167393,,S-8,394282,0,0,,opsforms-8_1007.htm,
0000047217-07-000215,2007-10-23,2007-10-22,2007-10-23T23:32:35.000Z,,4,,,,4,5788,0,0,,xslF345X02/edgar.xml,PRIMARY DOCUMENT
0000047217-07-000218,2007-11-19,2007-11-19,2007-11-19T21:10:05.000Z,34,8-K,001-04423,071256521,"2.02,9.01",8-K,871303,0,0,,q4form8-k_1107.htm,
0001104659-07-084122,2007-11-19,2007-11-15,2007-11-19T21:15:37.000Z,34,8-K,001-04423,071256575,"5.03,8.01,9.01",8-K,165064,0,0,,a07-29599_18k.htm,8-K
0000047217-07-000220,2007-11-19,2007-11-15,2007-11-19T23:51:29.000Z,,4,,,,4,7811,0,0,,xslF345X02/edgar.xml,PRIMARY DOCUMENT
0000047217-07-000222,2007-11-19,2007-11-15,2007-11-19T23:55:47.000Z,,4,,,,4,6414,0,0,,xslF345X02/edgar.xml,PRIMARY DOCUMENT
0000047217-07-000224,2007-11-19,2007-11-15,2007-11-19T23:58:36.000Z,,4,,,,4,7608,0,0,,xslF345X02/edgar.xml,PRIMARY DOCUMENT
0000047217-07-000226,2007-11-19,2007-11-15,2007-11-20T00:02:14.000Z,,4,,,,4,6365,0,0,,xslF345X02/edgar.xml,PRIMARY DOCUMENT
0000047217-07-000228,2007-11-19,2007-11-15,2007-11-20T00:04:58.000Z,,4,,,,4,9089,0,0,,xslF345X02/edgar.xml,PRIMARY DOCUMENT
0000047217-07-000230,2007-11-26,2007-11-21,2007-11-26T23:05:31.000Z,,4,,,,4,47625,0,0,,xslF345X02/edgar.xml,PRIMARY DOCUMENT
0000047217-07-000232,2007-11-26,2007-11-21,2007-11-26T23:09:08.000Z,,4,,,,4,43696,0,0,,xslF345X02/edgar.xml,PRIMARY DOCUMENT
0000047217-07-000234,2007-11-26,2007-11-21,2007-11-26T23:13:33.000Z,,4,,,,4,45153,0,0,,xslF345X02/edgar.xml,PRIMARY DOCUMENT
0000047217-07-000236,2007-11-26,2007-11-21,2007-11-26T23:16:21.000Z,,4,,,,4,9812,0,0,,xslF345X02/edgar.xml,PRIMARY DOCUMENT
0000047217-07-000238,2007-11-29,2007-11-28,2007-11-29T23:01:34.000Z,,4,,,,4,4874,0,0,,xslF345X02/edgar.xml,PRIMARY DOCUMENT
9999999997-07-050538,2007-11-30,2007-10-19,2007-12-06T13:48:55.000Z,34,NO ACT,001-04423,07085502,,NO ACT,1748,0,0,,9999999997-07-050538.paper,AUTO-GENERATED PAPER DOCUMENT
0000047217-07-000240,2007-12-04,2007-11-30,2007-12-04T23:12:11.000Z,,4,,,,4,6794,0,0,,xslF345X02/edgar.xml,PRIMARY DOCUMENT
0000047217-07-000242,2007-12-04,2007-12-03,2007-12-04T23:16:58.000Z,,4,,,,4,44455,0,0,,xslF345X02/edgar.xml,PRIMARY DOCUMENT
0000047217-07-000244,2007-12-04,2007-12-03,2007-12-04T23:21:19.000Z,,4,,,,4,7630,0,0,,xslF345X02/edgar.xml,PRIMARY DOCUMENT
0000047217-07-000246,2007-12-05,2007-11-29,2007-12-05T23:32:37.000Z,,4,,,,4,4922,0,0,,xslF345X02/edgar.xml,PRIMARY DOCUMENT
0000047217-07-000248,2007-12-07,2007-12-05,2007-12-07T23:16:48.000Z,,4,,,,4,14436,0,0,,xslF345X02/edgar.xml,PRIMARY DOCUMENT
0000047217-07-000250,2007-12-11,2007-12-07,2007-12-11T23:00:36.000Z,,4,,,,4,5967,0,0,,xslF345X02/edgar.xml,PRIMARY DOCUMENT
0000047217-07-000252,2007-12-11,2007-12-07,2007-12-11T23:04:29.000Z,,4,,,,4,6566,0,0,,xslF345X02/edgar.xml,PRIMARY DOCUMENT
9999999997-07-051358,2007-12-11,2007-12-01,2007-12-13T12:46:59.000Z,34,NO ACT,001-04423,07085531,,NO ACT,1748,0,0,,9999999997-07-051358.paper,AUTO-GENERATED PAPER DOCUMENT
9999999997-07-051359,2007-12-11,2007-11-02,2007-12-13T12:48:17.000Z,34,NO ACT,001-04423,07085532,,NO ACT,1748,0,0,,9999999997-07-051359.paper,AUTO-GENERATED PAPER DOCUMENT
0001047469-07-010151,2007-12-18,2007-10-31,2007-12-18T22:28:37.000Z,34,10-K,001-04423,071314047,,10-K,1557784,0,0,,a2181429z10-k.htm,10-K
0000047217-07-000254,2007-12-18,2007-12-16,2007-12-18T23:47:17.000Z,,4,,,,4,5515,0,0,,xslF345X02/edgar.xml,PRIMARY DOCUMENT
0000047217-07-000256,2007-12-18,2007-12-16,2007-12-18T23:50:14.000Z,,4,,,,4,4877,0,0,,xslF345X02/edgar.xml,PRIMARY DOCUMENT
0000047217-07-000258,2007-12-18,2007-12-16,2007-12-18T23:53:44.000Z,,4,,,,4,6226,0,0,,xslF345X02/edgar.xml,PRIMARY DOCUMENT
0000047217-07-000260,2007-12-18,2007-12-16,2007-12-18T23:56:55.000Z,,4,,,,4,5830,0,0,,xslF345X02/edgar.xml,PRIMARY DOCUMENT
0000047217-07-000262,2007-12-18,2007-12-16,2007-12-19T00:00:23.000Z,,4,,,,4,6206,0,0,,xslF345X02/edgar.xml,PRIMARY DOCUMENT
0000047217-07-000264,2007-12-19,2007-12-18,2007-12-20T02:14:24.000Z,,4,,,,4,5095,0,0,,xslF345X02/edgar.xml,PRIMARY DOCUMENT
0000047217-07-000266,2007-12-26,2007-12-24,2007-12-26T21:33:03.000Z,,4,,,,4,5794,0,0,,xslF345X02/edgar.xml,PRIMARY DOCUMENT
0000913414-08-001579,2008-01-22,,2008-01-22T19:19:30.000Z,34,SC 13G/A,005-12061,08541359,,SC 13G/A,37402,0,0,,hewlett123107.txt,
0000047217-08-000002,2008-01-22,2008-01-17,2008-01-22T22:37:14.000Z,,4,,,,4,5746,0,0,,xslF345X02/edgar.xml,PRIMARY DOCUMENT
0000047217-08-000004,2008-01-22,2008-01-17,2008-01-22T22:43:14.000Z,,4,,,,4,4893,0,0,,xslF345X02/edgar.xml,PRIMARY DOCUMENT
0000047217-08-000006,2008-01-22,2008-01-17,2008-01-22T22:46:39.000Z,,4,,,,4,5554,0,0,,xslF345X02/edgar.xml,PRIMARY DOCUMENT
0000047217-08-000008,2008-01-22,2008-01-17,2008-01-22T22:50:36.000Z,,4,,,,4,5847,0,0,,xslF345X02/edgar.xml,PRIMARY DOCUMENT
0000047217-08-000010,2008-01-22,2008-01-17,2008-01-22T22:54:39.000Z,,4,,,,4,5752,0,0,,xslF345X02/edgar.xml,PRIMARY DOCUMENT
0000047217-08-000012,2008-01-22,2008-01-17,2008-01-22T22:59:05.000Z,,4,,,,4,4853,0,0,,xslF345X02/edgar.xml,PRIMARY DOCUMENT
0000047217-08-000014,2008-01-22,2008-01-17,2008-01-22T23:03:17.000Z,,4,,,,4,4893,0,0,,xslF345X02/edgar.xml,PRIMARY DOCUMENT
0000047217-08-000016,2008-01-22,2008-01-17,2008-01-22T23:08:00.000Z,,4,,,,4,4938,0,0,,xslF345X02/edgar.xml,PRIMARY DOCUMENT
0000047217-08-000018,2008-01-23,2008-01-18,2008-01-24T01:30:49.000Z,,4,,,,4,4870,0,0,,xslF345X02/edgar.xml,PRIMARY DOCUMENT
0000047217-08-000020,2008-01-23,2008-01-18,2008-01-24T01:34:20.000Z,,4,,,,4,5577,0,0,,xslF345X02/edgar.xml,PRIMARY DOCUMENT
0000047217-08-000022,2008-01-23,2008-01-18,2008-01-24T01:37:57.000Z,,4,,,,4,4942,0,0,,xslF345X02/edgar.xml,PRIMARY DOCUMENT
0000047217-08-000024,2008-01-23,2008-01-18,2008-01-24T01:40:19.000Z,,4,,,,4,5557,0,0,,xslF345X02/edgar.xml,PRIMARY DOCUMENT
0000047217-08-000026,2008-01-23,2008-01-18,2008-01-24T01:42:53.000Z,,4,,,,4,5850,0,0,,xslF345X02/edgar.xml,PRIMARY DOCUMENT
0000047217-08-000028,2008-01-23,2008-01-18,2008-01-24T01:45:39.000Z,,4,,,,4,5755,0,0,,xslF345X02/edgar.xml,PRIMARY DOCUMENT
0000047217-08-000030,2008-01-23,2008-01-18,2008-01-24T01:48:02.000Z,,4,,,,4,4856,0,0,,xslF345X02/edgar.xml,PRIMARY DOCUMENT
0000047217-08-000032,2008-01-23,2008-01-18,2008-01-24T01:50:22.000Z,,4,,,,4,5773,0,0,,xslF345X02/edgar.xml,PRIMARY DOCUMENT
0000047217-08-000034,2008-01-23,2008-01-18,2008-01-24T01:52:50.000Z,,4,,,,4,4896,0,0,,xslF345X02/edgar.xml,PRIMARY DOCUMENT
0000047217-08-000036,2008-01-23,2008-01-18,2008-01-24T01:54:58.000Z,,4,,,,4,5828,0,0,,xslF345X02/edgar.xml,PRIMARY DOCUMENT
0001104659-08-004386,2008-01-24,2008-01-17,2008-01-24T22:11:14.000Z,34,8-K,001-04423,08548327,"5.02,9.01",8-K,169193,0,0,,a08-3596_18k.htm,8-K
0000047217-08-000038,2008-01-25,2008-01-23,2008-01-25T23:04:26.000Z,,4,,,,4,4870,0,0,,xslF345X02/edgar.xml,PRIMARY DOCUMENT
0000047217-08-000040,2008-01-25,2008-01-23,2008-01-25T23:08:29.000Z,,4,,,,4,4942,0,0,,xslF345X02/edgar.xml,PRIMARY DOCUMENT
0000047217-08-000042,2008-01-25,2008-01-23,2008-01-25T23:12:57.000Z,,4,,,,4,5557,0,0,,xslF345X02/edgar.xml,PRIMARY DOCUMENT
0000047217-08-000044,2008-01-25,2008-01-23,2008-01-25T23:17:08.000Z,,4,,,,4,5755,0,0,,xslF345X02/edgar.xml,PRIMARY DOCUMENT
0000047217-08-000046,2008-01-25,2008-01-23,2008-01-25T23:21:34.000Z,,4,,,,4,4856,0,0,,xslF345X02/edgar.xml,PRIMARY DOCUMENT
0000047217-08-000048,2008-01-25,2008-01-23,2008-01-25T23:24:49.000Z,,4,,,,4,4896,0,0,,xslF345X02/edgar.xml,PRIMARY DOCUMENT
0000047217-08-000050,2008-01-25,2008-01-23,2008-01-25T23:29:35.000Z,,4,,,,4,5828,0,0,,xslF345X02/edgar.xml,PRIMARY DOCUMENT
0001047469-08-000640,2008-01-29,2008-03-19,2008-01-29T21:30:49.000Z,34,DEF 14A,001-04423,08558357,,DEF 14A,571329,0,0,,a2182154zdef14a.htm,DEF 14A
0001047469-08-000641,2008-01-29,,2008-01-29T21:33:06.000Z,34,DEFA14A,001-04423,08558384,,DEFA14A,287943,0,0,,a2182308zdefa14a.htm,DEFA14A
9999999997-08-005031,2008-01-30,2007-10-31,2008-02-04T22:12:01.000Z,34,ARS,001-04423,08023574,,ARS,1739,0,0,,9999999997-08-005031.paper,AUTO-GENERATED PAPER DOCUMENT
0000315066-08-001716,2008-02-14,,2008-02-14T21:25:17.000Z,34,SC 13G/A,005-12061,08616682,,SC 13G/A,12106,0,0,,filing.txt,DOC ONE
0000047217-08-000052,2008-02-19,2008-02-19,2008-02-19T21:12:14.000Z,34,8-K,001-04423,08626704,"2.02,9.01",8-K,1645663,0,0,,q108form8-k_0208.htm,
0001047469-08-001682,2008-02-25,,2008-02-25T21:22:43.000Z,33,424B5,333-134327,08639718,,424B5,306528,0,0,,a2182970z424b5.htm,424B5
0000047217-08-000054,2008-02-25,2008-02-21,2008-02-26T01:03:24.000Z,,4,,,,4,46312,0,0,,xslF345X02/edgar.xml,PRIMARY DOCUMENT
0000047217-08-000056,2008-02-25,2008-02-21,2008-02-26T01:06:28.000Z,,4,,,,4,41902,0,0,,xslF345X02/edgar.xml,PRIMARY DOCUMENT
0000047217-08-000058,2008-02-25,2008-02-22,2008-02-26T01:11:07.000Z,,4,,,,4,5782,0,0,,xslF345X02/edgar.xml,PRIMARY DOCUMENT
0000047217-08-000060,2008-02-25,2008-02-22,2008-02-26T01:16:29.000Z,,4,,,,4,4884,0,0,,xslF345X02/edgar.xml,PRIMARY DOCUMENT
0000047217-08-000062,2008-02-25,2008-02-21,2008-02-26T01:28:39.000Z,,4,,,,4,49089,0,0,,xslF345X02/edgar.xml,PRIMARY DOCUMENT
0000047217-08-000064,2008-02-25,2008-02-21,2008-02-26T01:32:32.000Z,,4,,,,4,46612,0,0,,xslF345X02/edgar.xml,PRIMARY DOCUMENT
0000047217-08-000066,2008-02-25,2008-02-21,2008-02-26T01:36:45.000Z,,4,,,,4,46611,0,0,,xslF345X02/edgar.xml,PRIMARY DOCUMENT
0000047217-08-000068,2008-02-25,2008-02-21,2008-02-26T01:42:23.000Z,,4,,,,4,33359,0,0,,xslF345X02/edgar.xml,PRIMARY DOCUMENT
0001104659-08-012893,2008-02-26,,2008-02-26T21:02:52.000Z,34,FWP,333-134327,08642989,,FWP,32248,0,0,,a08-6591_1fwp.htm,FWP
0001104659-08-012894,2008-02-26,,2008-02-26T21:04:51.000Z,34,FWP,333-134327,08643008,,FWP,16779,0,0,,a08-6591_2fwp.htm,FWP
0001104659-08-012900,2008-02-26,,2008-02-26T21:06:51.000Z,34,FWP,333-134327,08643026,,FWP,17730,0,0,,a08-6591_3fwp.htm,FWP
0001047469-08-001848,2008-02-27,,2008-02-27T22:21:46.000Z,33,424B5,333-134327,08647558,,424B5,328125,0,0,,a2182970z424b5.htm,424B5
0000047217-08-000070,2008-02-28,,2008-02-28T21:12:27.000Z,33,S-8,333-149437,08650775,,S-8,226317,0,0,,eyps-8_0208.htm,
0000047217-08-000072,2008-02-28,2008-02-26,2008-02-28T23:03:28.000Z,,4,,,,4,7827,0,0,,xslF345X02/edgar.xml,PRIMARY DOCUMENT
0000047217-08-000074,2008-02-29,2008-02-25,2008-02-29T21:07:14.000Z,34,8-K,001-04423,08655788,"8.01,9.01",8-K,383485,0,0,,bondform8-k_0208.htm,
0000047217-08-000076,2008-03-04,2008-02-29,2008-03-04T23:06:37.000Z,,4,,,,4,22083,0,0,,xslF345X02/edgar.xml,PRIMARY DOCUMENT
0000047217-08-000078,2008-03-05,2008-03-03,2008-03-05T23:39:24.000Z,,4,,,,4,23237,0,0,,xslF345X02/edgar.xml,PRIMARY DOCUMENT
0000047217-08-000080,2008-03-05,2008-03-03,2008-03-05T23:43:22.000Z,,4,,,,4,23546,0,0,,xslF345X02/edgar.xml,PRIMARY DOCUMENT
0001047469-08-002445,2008-03-10,2008-01-31,2008-03-10T21:26:54.000Z,34,10-Q,001-04423,08678706,,10-Q,1126772,0,0,,a2183022z10-q.htm,10-Q
0000047217-08-000082,2008-03-20,2008-03-18,2008-03-20T21:11:22.000Z,,4,,,,4,49086,0,0,,xslF345X02/edgar.xml,PRIMARY DOCUMENT
0000047217-08-000084,2008-03-20,2008-03-18,2008-03-20T21:16:38.000Z,,4,,,,4,16050,0,0,,xslF345X02/edgar.xml,PRIMARY DOCUMENT
0000876661-08-000163,2008-03-31,,2008-03-31T20:33:01.000Z,34,25-NSE,001-04423,08725202,,25-NSE,4056,0,0,,xslF25X02/primary_doc.xml,
0000047217-08-000086,2008-04-03,2008-04-01,2008-04-03T23:05:27.000Z,,4,,,,4,4938,0,0,,xslF345X02/edgar.xml,PRIMARY DOCUMENT
0000047217-08-000089,2008-04-16,2008-04-14,2008-04-16T22:17:15.000Z,,4,,,,4,51518,0,0,,xslF345X02/form-4_0408ex.xml,
0000047217-08-000090,2008-04-16,2008-04-14,2008-04-16T22:18:57.000Z,,4,,,,4,11732,0,0,,xslF345X02/form-4_0408aex.xml,
0000047217-08-000092,2008-04-18,2008-04-17,2008-04-18T22:04:30.000Z,,4,,,,4,18999,0,0,,xslF345X02/edgar.xml,PRIMARY DOCUMENT
0000047217-08-000094,2008-04-30,2008-04-28,2008-04-30T22:37:21.000Z,,4,,,,4,7477,0,0,,xslF345X02/edgar.xml,PRIMARY DOCUMENT
0000047217-08-000096,2008-04-30,2008-04-28,2008-04-30T22:40:31.000Z,,4,,,,4,5172,0,0,,xslF345X02/edgar.xml,PRIMARY DOCUMENT
0000047217-08-000098,2008-04-30,2008-04-28,2008-04-30T22:44:49.000Z,,4,,,,4,4811,0,0,,xslF345X02/edgar.xml,PRIMARY DOCUMENT
0000047217-08-000100,2008-04-30,2008-04-28,2008-04-30T22:47:52.000Z,,4,,,,4,7953,0,0,,xslF345X02/edgar.xml,PRIMARY DOCUMENT
0000047217-08-000102,2008-04-30,2008-04-28,2008-04-30T22:51:29.000Z,,4,,,,4,6993,0,0,,xslF345X02/edgar.xml,PRIMARY DOCUMENT
0000047217-08-000104,2008-04-30,2008-04-28,2008-04-30T22:54:19.000Z,,4,,,,4,4915,0,0,,xslF345X02/edgar.xml,PRIMARY DOCUMENT
0000047217-08-000106,2008-04-30,2008-04-28,2008-04-30T22:59:07.000Z,,4,,,,4,4917,0,0,,xslF345X02/edgar.xml,PRIMARY DOCUMENT
0000047217-08-000108,2008-04-30,2008-04-28,2008-04-30T23:02:50.000Z,,4,,,,4,7777,0,0,,xslF345X02/edgar.xml,PRIMARY DOCUMENT
0000047217-08-000110,2008-04-30,2008-04-28,2008-04-30T23:06:54.000Z,,4,,,,4,7648,0,0,,xslF345X02/edgar.xml,PRIMARY DOCUMENT
0001047469-08-006461,2008-05-13,,2008-05-13T11:46:20.000Z,,DFAN14A,,,,DFAN14A,76057,0,0,,a2185723z8-k.htm,FORM 8-K
0001047469-08-006460,2008-05-13,2008-05-13,2008-05-13T11:48:14.000Z,34,8-K,001-04423,08825756,"1.01,9.01",8-K,75432,0,0,,a2185723z8-k.htm,FORM 8-K
0001104659-08-032619,2008-05-13,2008-05-13,2008-05-13T11:51:39.000Z,34,8-K,001-04423,08825758,"2.02,9.01",8-K,58779,0,0,,a08-14163_18k.htm,8-K
0001104659-08-032624,2008-05-13,,2008-05-13T11:59:43.000Z,,DFAN14A,,,,DFAN14A,749500,0,0,,a08-14273_1dfan14a.htm,DEFN14A
0001104659-08-032855,2008-05-13,,2008-05-13T21:04:28.000Z,,DFAN14A,,,,DFAN14A,71321,0,0,,a08-14273_3dfan14a.htm,DFAN14A
0001104659-08-032856,2008-05-13,,2008-05-13T21:06:29.000Z,,DFAN14A,,,,DFAN14A,63736,0,0,,a08-14273_2dfan14a.htm,DFAN14A
0001047469-08-006512,2008-05-13,,2008-05-13T21:22:04.000Z,,DFAN14A,,,,DFAN14A,466600,0,0,,a2185780z8-ka.htm,DFAN14A
0001047469-08-006511,2008-05-13,2008-05-13,2008-05-13T21:23:58.000Z,34,8-K/A,001-04423,08828663,"1.01,9.01",8-K/A,465979,0,0,,a2185780z8-ka.htm,8-K/A
0001104659-08-033162,2008-05-14,,2008-05-14T20:17:37.000Z,,DFAN14A,,,,DFAN14A,289687,0,0,,a08-14273_4dfan14a.htm,DFAN14A
0000047217-08-000112,2008-05-19,2008-05-15,2008-05-19T22:27:46.000Z,,4,,,,4,6177,0,0,,xslF345X02/edgar.xml,PRIMARY DOCUMENT
0000047217-08-000117,2008-05-20,2008-05-15,2008-05-20T20:05:54.000Z,34,8-K,001-04423,08848797,"2.02,5.02,9.01",8-K,824996,0,0,,q2form8-k_0508.htm,
0000047217-08-000119,2008-05-27,2008-05-22,2008-05-27T22:03:34.000Z,,4,,,,4,22813,0,0,,xslF345X02/form-4_0508ex.xml,
0000047217-08-000121,2008-06-02,2008-05-29,2008-06-02T22:12:40.000Z,,4,,,,4,11657,0,0,,xslF345X02/edgar.xml,PRIMARY DOCUMENT
0001047469-08-007277,2008-06-06,2008-04-30,2008-06-06T21:19:43.000Z,34,10-Q,001-04423,08886502,,10-Q,1174094,0,0,,a2185913z10-q.htm,FORM 10-Q
0001047469-08-007285,2008-06-09,,2008-06-07T01:43:07.000Z,33,424B3,333-134327,08886922,,424B3,194497,0,0,,a2186176z424b3.htm,424B3
0000047217-08-000123,2008-06-17,2008-06-14,2008-06-17T20:59:48.000Z,,4,,,,4,4871,0,0,,xslF345X02/edgar.xml,PRIMARY DOCUMENT
0001104659-08-042779,2008-06-27,2007-12-31,2008-06-27T20:19:18.000Z,34,11-K,001-04423,08922850,,11-K,3141102,0,0,,a08-16459_111k.htm,11-K
0001104659-08-043105,2008-06-30,,2008-06-30T20:16:05.000Z,,DFAN14A,,,,DFAN14A,60594,0,0,,a08-14273_5dfan14a.htm,DFAN14A
0000047217-08-000125,2008-07-15,2008-07-11,2008-07-15T21:58:13.000Z,,4,,,,4,4866,0,0,,xslF345X03/edgar.xml,PRIMARY DOCUMENT
0000047217-08-000129,2008-07-22,,2008-07-22T21:30:54.000Z,34,15-15D,333-44113,08964117,,15-15D,12081,0,0,,form-15_0708.htm,
0001104659-08-047811,2008-07-25,2008-07-24,2008-07-25T21:24:17.000Z,34,8-K,001-04423,08971519,"5.03,8.01,9.01",8-K,272168,0,0,,a08-20061_18k.htm,8-K
0001104659-08-047815,2008-07-25,,2008-07-25T21:25:32.000Z,,DFAN14A,,,,DFAN14A,56376,0,0,,a08-20141_1dfan14a.htm,DFAN14A
0000047217-08-000132,2008-08-19,2008-08-19,2008-08-19T20:13:22.000Z,34,8-K,001-04423,081027813,"2.02,9.01",8-K,829787,0,0,,q3form8-k_0808.htm,
0000047217-08-000134,2008-08-25,2008-08-21,2008-08-25T22:36:50.000Z,,4,,,,4,9668,0,0,,xslF345X03/edgar.xml,PRIMARY DOCUMENT
0001104659-08-054987,2008-08-26,2008-08-26,2008-08-26T12:15:19.000Z,34,8-K,001-04423,081037873,"2.01,7.01,9.01",8-K,65698,0,0,,a08-22295_18k.htm,8-K
0000047217-08-000136,2008-08-26,2008-08-21,2008-08-26T23:32:40.000Z,,4,,,,4,5027,0,0,,xslF345X03/edgar.xml,PRIMARY DOCUMENT
0000047217-08-000138,2008-08-26,2008-08-22,2008-08-26T23:36:08.000Z,,4,,,,4,15449,0,0,,xslF345X03/edgar.xml,PRIMARY DOCUMENT
0001104659-08-055465,2008-08-27,2008-08-22,2008-08-27T20:18:45.000Z,34,8-K,001-04423,081042266,"5.02,9.01",8-K,36615,0,0,,a08-22416_18k.htm,8-K
0000047217-08-000142,2008-09-02,,2008-09-02T21:21:24.000Z,33,S-8,333-153302,081052132,,S-8,634340,0,0,,eds-s8_0908.htm,
0001047469-08-009811,2008-09-02,,2008-09-02T21:26:05.000Z,33,424B5,333-134327,081052170,,424B5,216136,0,0,,a2187699z424b5.htm,424B5
0000047217-08-000144,2008-09-02,2008-08-28,2008-09-02T23:05:55.000Z,,4,,,,4,6504,0,0,,xslF345X03/edgar.xml,PRIMARY DOCUMENT
0000047217-08-000146,2008-09-03,2008-08-26,2008-09-03T22:00:12.000Z,,3,,,,3,6485,0,0,,xslF345X02/edgar.xml,PRIMARY DOCUMENT
0001047469-08-009881,2008-09-05,2008-07-31,2008-09-05T01:57:43.000Z,34,10-Q,001-04423,081057485,,10-Q,1215424,0,0,,a2187623z10-q.htm,10-Q
0000047217-08-000148,2008-09-05,2008-09-03,2008-09-05T21:50:58.000Z,,4,,,,4,7556,0,0,,xslF345X03/edgar.xml,PRIMARY DOCUMENT
0001104659-08-057427,2008-09-08,2008-09-05,2008-09-08T14:04:05.000Z,34,8-K,001-04423,081059947,"8.01,9.01",8-K,29427,0,0,,a08-23092_18k.htm,8-K
0001104659-08-059031,2008-09-16,2008-09-15,2008-09-16T21:16:09.000Z,34,8-K,001-04423,081074719,8.01,8-K,27452,0,0,,a08-23604_18k.htm,8-K
0000047217-08-000150,2008-09-18,2008-09-16,2008-09-18T22:08:28.000Z,,4,,,,4,10667,0,0,,xslF345X03/edgar.xml,PRIMARY DOCUMENT
0001104659-08-059713,2008-09-22,2008-09-19,2008-09-22T12:58:52.000Z,34,8-K,001-04423,081081472,8.01,8-K,22092,0,0,,a08-23981_18k.htm,8-K
0000047217-08-000152,2008-09-23,2008-09-21,2008-09-23T23:58:58.000Z,,4,,,,4,5266,0,0,,xslF345X03/edgar.xml,PRIMARY DOCUMENT
0001104659-08-060212,2008-09-24,2008-09-19,2008-09-24T20:38:10.000Z,34,8-K,001-04423,081086794,5.02,8-K,27428,0,0,,a08-24087_18k.htm,8-K
0001104659-08-069953,2008-11-12,2008-08-26,2008-11-12T13:00:37.000Z,34,8-K/A,001-04423,081178136,9.01,8-K/A,2574623,0,0,,a08-26095_18ka.htm,8-K/A
0001104659-08-071390,2008-11-18,2008-11-18,2008-11-18T13:11:26.000Z,34,8-K,001-04423,081197006,"2.02,9.01",8-K,56132,0,0,,a08-28682_18k.htm,8-K
0000047217-08-000154,2008-11-19,2002-05-03,2008-11-20T02:10:07.000Z,,3/A,,,,3/A,6710,0,0,,xslF345X02/edgar.xml,PRIMARY DOCUMENT
0000047217-08-000156,2008-11-19,2003-05-15,2008-11-20T02:12:38.000Z,,4/A,,,,4/A,10641,0,0,,xslF345X03/edgar.xml,PRIMARY DOCUMENT
0000047217-08-000160,2008-11-24,2008-11-24,2008-11-24T21:08:46.000Z,34,8-K,001-04423,081210618,"2.02,9.01",8-K,841102,0,0,,q4form8-k_1108.htm,
0001047469-08-012684,2008-12-02,,2008-12-02T21:30:04.000Z,33,424B3,333-134327,081225394,,424B3,330257,0,0,,a2187910z424b3.htm,424B3
0001047469-08-012701,2008-12-03,,2008-12-03T11:07:49.000Z,34,FWP,333-134327,081226328,,FWP,12246,0,0,,a2189435zfwp.htm,FWP
0001047469-08-012748,2008-12-03,,2008-12-03T22:26:23.000Z,33,424B5,333-134327,081228247,,424B5,322965,0,0,,a2189439z424b5.htm,424B5
0000047217-08-000163,2008-12-03,2008-12-01,2008-12-04T00:12:01.000Z,,3,,,,3,6158,0,0,,xslF345X02/edgar.xml,PRIMARY DOCUMENT
0000047217-08-000166,2008-12-03,2008-12-01,2008-12-04T00:15:59.000Z,,4,,,,4,7252,0,0,,xslF345X03/edgar.xml,PRIMARY DOCUMENT
0000047217-08-000168,2008-12-04,2008-12-02,2008-12-05T00:59:07.000Z,,4,,,,4,10148,0,0,,xslF345X03/edgar.xml,PRIMARY DOCUMENT
0001104659-08-075339,2008-12-08,2008-12-02,2008-12-08T21:48:49.000Z,34,8-K,001-04423,081236258,"8.01,9.01",8-K,433762,0,0,,a08-29965_18k.htm,8-K
0000047217-08-000170,2008-12-09,2008-12-07,2008-12-09T22:00:49.000Z,,4,,,,4,5266,0,0,,xslF345X03/edgar.xml,PRIMARY DOCUMENT
0001047469-08-013240,2008-12-18,2008-10-31,2008-12-18T02:57:13.000Z,34,10-K,001-04423,081256259,,10-K,2541044,0,0,,a2189375z10-k.htm,10-K
0000047217-08-000175,2008-12-18,,2008-12-18T02:59:01.000Z,33,S-8,333-156257,081256260,,S-8,239136,0,0,,lefthandforms-8_1208.htm,
0001047469-09-000257,2009-01-20,2009-03-18,2009-01-20T22:20:47.000Z,34,DEF 14A,001-04423,09534929,,DEF 14A,799821,0,0,,a2190057zdef14a.htm,DEF 14A
0000047217-09-000003,2009-01-20,2009-01-14,2009-01-20T22:22:17.000Z,34,8-K,001-04423,09534944,"5.02,5.03,9.01",8-K,189775,0,0,,bylawsform8-k_0109.htm,
0001179706-09-000017,2009-01-20,2009-01-15,2009-01-21T02:45:00.000Z,,4,,,,4,5208,0,0,,xslF345X03/edgar.xml,PRIMARY DOCUMENT
0001179706-09-000018,2009-01-20,2009-01-15,2009-01-21T02:45:21.000Z,,4,,,,4,5211,0,0,,xslF345X03/edgar.xml,PRIMARY DOCUMENT
0001179706-09-000019,2009-01-20,2009-01-15,2009-01-21T02:45:38.000Z,,4,,,,4,5293,0,0,,xslF345X03/edgar.xml,PRIMARY DOCUMENT
0001179706-09-000020,2009-01-20,2009-01-15,2009-01-21T02:45:55.000Z,,4,,,,4,6388,0,0,,xslF345X03/edgar.xml,PRIMARY DOCUMENT
0001179706-09-000021,2009-01-20,2009-01-15,2009-01-21T02:46:17.000Z,,4,,,,4,6355,0,0,,xslF345X03/edgar.xml,PRIMARY DOCUMENT
0001179706-09-000022,2009-01-20,2009-01-15,2009-01-21T02:46:32.000Z,,4,,,,4,6714,0,0,,xslF345X03/edgar.xml,PRIMARY DOCUMENT
0001179706-09-000023,2009-01-20,2009-01-15,2009-01-21T02:46:51.000Z,,4,,,,4,5282,0,0,,xslF345X03/edgar.xml,PRIMARY DOCUMENT
0001179706-09-000024,2009-01-20,2009-01-15,2009-01-21T02:47:07.000Z,,4,,,,4,5201,0,0,,xslF345X03/edgar.xml,PRIMARY DOCUMENT
0001179706-09-000025,2009-01-20,2009-01-15,2009-01-21T02:47:22.000Z,,4,,,,4,6447,0,0,,xslF345X03/edgar.xml,PRIMARY DOCUMENT
0001179706-09-000026,2009-01-20,2009-01-15,2009-01-21T02:50:54.000Z,,4,,,,4,5217,0,0,,xslF345X03/edgar.xml,PRIMARY DOCUMENT
0001179706-09-000027,2009-01-20,2009-01-15,2009-01-21T02:51:19.000Z,,4,,,,4,6327,0,0,,xslF345X03/edgar.xml,PRIMARY DOCUMENT
0001179706-09-000028,2009-01-20,2009-01-14,2009-01-21T02:51:58.000Z,,3,,,,3,9884,0,0,,xslF345X02/edgar.xml,PRIMARY DOCUMENT
0001179706-09-000029,2009-01-20,2009-01-15,2009-01-21T02:52:06.000Z,,4,,,,4,7433,0,0,,xslF345X03/edgar.xml,PRIMARY DOCUMENT
0001179706-09-000030,2009-01-21,2009-01-18,2009-01-22T01:39:07.000Z,,4,,,,4,6846,0,0,,xslF345X03/edgar.xml,PRIMARY DOCUMENT
0001179706-09-000031,2009-01-21,2009-01-18,2009-01-22T01:39:33.000Z,,4,,,,4,6935,0,0,,xslF345X03/edgar.xml,PRIMARY DOCUMENT
0001179706-09-000032,2009-01-21,2009-01-18,2009-01-22T01:39:52.000Z,,4,,,,4,7681,0,0,,xslF345X03/edgar.xml,PRIMARY DOCUMENT
0001179706-09-000033,2009-01-21,2009-01-18,2009-01-22T01:40:10.000Z,,4,,,,4,7478,0,0,,xslF345X03/edgar.xml,PRIMARY DOCUMENT
0001179706-09-000034,2009-01-21,2009-01-18,2009-01-22T01:40:26.000Z,,4,,,,4,8157,0,0,,xslF345X03/edgar.xml,PRIMARY DOCUMENT
0001179706-09-000035,2009-01-21,2009-01-18,2009-01-22T01:40:54.000Z,,4,,,,4,6839,0,0,,xslF345X03/edgar.xml,PRIMARY DOCUMENT
0001179706-09-000036,2009-01-21,2009-01-18,2009-01-22T01:41:13.000Z,,4,,,,4,8175,0,0,,xslF345X03/edgar.xml,PRIMARY DOCUMENT
0001179706-09-000037,2009-01-21,2009-01-18,2009-01-22T01:41:38.000Z,,4,,,,4,6855,0,0,,xslF345X03/edgar.xml,PRIMARY DOCUMENT
0001179706-09-000038,2009-01-21,2009-01-18,2009-01-22T01:41:57.000Z,,4,,,,4,7979,0,0,,xslF345X03/edgar.xml,PRIMARY DOCUMENT
0001104659-09-004369,2009-01-27,,2009-01-27T22:01:29.000Z,34,DEFA14A,001-04423,09548759,,DEFA14A,56445,0,0,,a09-2899_3defa14a.htm,DEFA14A
0001179706-09-000039,2009-01-27,2009-01-23,2009-01-28T00:59:40.000Z,,4,,,,4,4899,0,0,,xslF345X03/edgar.xml,PRIMARY DOCUMENT
0001179706-09-000040,2009-01-27,2009-01-23,2009-01-28T01:00:02.000Z,,4,,,,4,4988,0,0,,xslF345X03/edgar.xml,PRIMARY DOCUMENT
0001179706-09-000041,2009-01-27,2009-01-23,2009-01-28T01:00:20.000Z,,4,,,,4,5748,0,0,,xslF345X03/edgar.xml,PRIMARY DOCUMENT
0001179706-09-000042,2009-01-27,2009-01-23,2009-01-28T01:00:37.000Z,,4,,,,4,6221,0,0,,xslF345X03/edgar.xml,PRIMARY DOCUMENT
0001179706-09-000043,2009-01-27,2009-01-23,2009-01-28T01:00:55.000Z,,4,,,,4,4893,0,0,,xslF345X03/edgar.xml,PRIMARY DOCUMENT
0001179706-09-000044,2009-01-27,2009-01-23,2009-01-28T01:01:11.000Z,,4,,,,4,4909,0,0,,xslF345X03/edgar.xml,PRIMARY DOCUMENT
0001179706-09-000045,2009-01-27,2009-01-23,2009-01-28T01:01:25.000Z,,4,,,,4,6047,0,0,,xslF345X03/edgar.xml,PRIMARY DOCUMENT
9999999997-09-002715,2009-01-27,2008-10-31,2009-02-02T18:16:31.000Z,34,ARS,001-04423,09002521,,ARS,1739,0,0,,9999999997-09-002715.paper,AUTO-GENERATED PAPER DOCUMENT
0001104659-09-006063,2009-02-03,,2009-02-03T22:25:38.000Z,34,DEFA14A,001-04423,09565875,,DEFA14A,193126,0,0,,a09-4501_1defa14a.htm,DEFA14A
0000000000-09-007122,2009-02-10,,2009-02-10T22:54:06.000Z,,UPLOAD,,,,LETTER,81802,0,0,,filename1.pdf,
0000315066-09-001780,2009-02-17,,2009-02-17T20:15:06.000Z,34,SC 13G/A,005-12061,09611990,,SC 13G/A,11998,0,0,,filing.txt,DOC ONE
0000093748-09-000089,2009-02-17,,2009-02-17T22:02:19.000Z,34,SC 13G,005-12061,09615241,,SC 13G,7506,0,0,,hewlt08.txt,
0000047217-09-000006,2009-02-18,2009-02-18,2009-02-18T21:14:56.000Z,34,8-K,001-04423,09618825,"2.02,9.01",8-K,1852829,0,0,,q109form8-k_021809.htm,
0001047469-09-001704,2009-02-24,,2009-02-24T02:38:36.000Z,33,424B2,333-134327,09629393,,424B2,365644,0,0,,a2190814z424b2.htm,424B2
0001047469-09-001722,2009-02-24,,2009-02-24T11:55:34.000Z,34,FWP,333-134327,09629461,,FWP,21128,0,0,,a2190970zfwp.htm,FWP
0001047469-09-001723,2009-02-24,,2009-02-24T12:00:03.000Z,34,FWP,333-134327,09629462,,FWP,12634,0,0,,a2190971zfwp.htm,FWP
0001047469-09-001724,2009-02-24,,2009-02-24T12:02:21.000Z,34,FWP,333-134327,09629467,,FWP,12627,0,0,,a2190972zfwp.htm,FWP
0001179706-09-000046,2009-02-24,2009-02-22,2009-02-24T22:47:14.000Z,,4,,,,4,6852,0,0,,xslF345X03/edgar.xml,PRIMARY DOCUMENT
0001047469-09-001761,2009-02-25,,2009-02-25T11:04:23.000Z,33,424B5,333-134327,09632199,,424B5,396083,0,0,,a2190973z424b5.htm,424B5
0000047217-09-000008,2009-02-27,,2009-02-27T20:38:47.000Z,,CORRESP,,,,CORRESP,10006,0,0,,filename1.htm,
0001104659-09-013153,2009-02-27,2009-02-23,2009-02-27T22:06:08.000Z,34,8-K,001-04423,09644067,"8.01,9.01",8-K,775283,0,0,,a09-6414_18k.htm,8-K
0001104659-09-013487,2009-03-02,,2009-03-02T21:20:06.000Z,34,DEFA14A,001-04423,09647669,,DEFA14A,32122,0,0,,a09-6662_1defa14a.htm,DEFA14A
0001179706-09-000047,2009-03-09,2009-03-05,2009-03-10T01:18:26.000Z,,4,,,,4,9371,0,0,,xslF345X03/edgar.xml,PRIMARY DOCUMENT
0001047469-09-002433,2009-03-10,2009-01-31,2009-03-10T21:20:25.000Z,34,10-Q,001-04423,09670424,,10-Q,1196017,0,0,,a2190921z10-q.htm,FORM 10-Q
0000047217-09-000011,2009-03-12,,2009-03-12T21:52:09.000Z,,CORRESP,,,,CORRESP,61437,0,0,,filename1.htm,
0000047217-09-000014,2009-03-23,2009-03-18,2009-03-23T21:27:45.000Z,34,8-K,001-04423,09699540,"5.03,9.01",8-K,182138,0,0,,bylawsform8-k_0309.htm,
0000000000-09-016274,2009-03-30,,2009-03-30T22:11:29.000Z,,UPLOAD,,,,LETTER,31059,0,0,,filename1.pdf,
0001104659-09-023649,2009-04-10,2009-04-10,2009-04-10T17:11:34.000Z,34,8-K,001-04423,09744759,"7.01,9.01",8-K,41956,0,0,,a09-9894_18k.htm,8-K
0001179706-09-000048,2009-04-20,2009-04-16,2009-04-20T19:45:54.000Z,,4,,,,4,5069,0,0,,xslF345X03/edgar.xml,PRIMARY DOCUMENT
0001179706-09-000049,2009-04-21,2009-04-17,2009-04-21T22:12:42.000Z,,4,,,,4,10639,0,0,,xslF345X03/edgar.xml,PRIMARY DOCUMENT
0000047217-09-000017,2009-04-21,,2009-04-21T23:18:33.000Z,,CORRESP,,,,CORRESP,22739,0,0,,filename1.htm,
0001179706-09-000061,2009-04-22,2009-04-20,2009-04-22T22:21:17.000Z,,4,,,,4,13622,0,0,,xslF345X03/edgar.xml,PRIMARY DOCUMENT
0001179706-09-000062,2009-04-22,2009-04-20,2009-04-22T22:21:40.000Z,,4,,,,4,6848,0,0,,xslF345X03/edgar.xml,PRIMARY DOCUMENT
0001179706-09-000063,2009-04-22,2009-04-20,2009-04-22T22:22:06.000Z,,4,,,,4,9001,0,0,,xslF345X03/edgar.xml,PRIMARY DOCUMENT
0001179706-09-000064,2009-04-22,2009-04-20,2009-04-22T22:22:26.000Z,,4,,,,4,7434,0,0,,xslF345X03/edgar.xml,PRIMARY DOCUMENT
0001179706-09-000065,2009-04-22,2009-04-20,2009-04-22T22:22:49.000Z,,4,,,,4,8754,0,0,,xslF345X03/edgar.xml,PRIMARY DOCUMENT
0001179706-09-000066,2009-04-22,2009-04-20,2009-04-22T22:23:14.000Z,,4,,,,4,6696,0,0,,xslF345X03/edgar.xml,PRIMARY DOCUMENT
0001179706-09-000067,2009-04-22,2009-04-20,2009-04-22T22:23:35.000Z,,4,,,,4,6686,0,0,,xslF345X03/edgar.xml,PRIMARY DOCUMENT
0001179706-09-000068,2009-04-22,2009-04-20,2009-04-22T22:24:12.000Z,,4,,,,4,9181,0,0,,xslF345X03/edgar.xml,PRIMARY DOCUMENT
0001179706-09-000069,2009-04-22,2009-04-20,2009-04-22T22:24:28.000Z,,4,,,,4,6858,0,0,,xslF345X03/edgar.xml,PRIMARY DOCUMENT
0001179706-09-000070,2009-05-04,2009-04-30,2009-05-05T01:13:31.000Z,,4,,,,4,4852,0,0,,xslF345X03/edgar.xml,PRIMARY DOCUMENT
0001179706-09-000071,2009-05-04,2009-04-30,2009-05-05T01:15:22.000Z,,4,,,,4,4843,0,0,,xslF345X03/edgar.xml,PRIMARY DOCUMENT
0001179706-09-000072,2009-05-04,2009-04-30,2009-05-05T01:15:50.000Z,,4,,,,4,4840,0,0,,xslF345X03/edgar.xml,PRIMARY DOCUMENT
0001179706-09-000073,2009-05-04,2009-04-30,2009-05-05T01:16:17.000Z,,4,,,,4,4858,0,0,,xslF345X03/edgar.xml,PRIMARY DOCUMENT
0001179706-09-000074,2009-05-04,2009-04-30,2009-05-05T01:50:41.000Z,,4,,,,4,8086,0,0,,xslF345X03/edgar.xml,PRIMARY DOCUMENT
0001179706-09-000075,2009-05-04,2009-04-30,2009-05-05T01:51:12.000Z,,4,,,,4,5892,0,0,,xslF345X03/edgar.xml,PRIMARY DOCUMENT
0001179706-09-000076,2009-05-04,2009-04-30,2009-05-05T01:51:40.000Z,,4,,,,4,11692,0,0,,xslF345X03/edgar.xml,PRIMARY DOCUMENT
0000000000-09-025260,2009-05-11,,2009-05-11T21:38:32.000Z,,UPLOAD,,,,LETTER,28803,0,0,,filename1.pdf,
0000047217-09-000020,2009-05-19,2009-05-19,2009-05-19T20:08:58.000Z,34,8-K,001-04423,09839667,"2.02,9.01",8-K,824090,0,0,,form8-k_q209.htm,
0001179706-09-000077,2009-05-19,2009-05-15,2009-05-20T01:03:48.000Z,,4,,,,4,4846,0,0,,xslF345X03/edgar.xml,PRIMARY DOCUMENT
0001179706-09-000078,2009-05-19,2009-05-15,2009-05-20T01:04:11.000Z,,4,,,,4,6472,0,0,,xslF345X03/edgar.xml,PRIMARY DOCUMENT
0001179706-09-000079,2009-05-19,2009-05-15,2009-05-20T01:04:36.000Z,,4,,,,4,6256,0,0,,xslF345X03/edgar.xml,PRIMARY DOCUMENT
0001193125-09-115792,2009-05-20,,2009-05-20T20:43:11.000Z,33,S-3ASR,333-159366,09843040,,S-3ASR,386480,0,0,,ds3asr.htm,FORM S-3ASR
0001193125-09-116667,2009-05-21,,2009-05-21T20:15:14.000Z,33,424B2,333-159366,09845639,,424B2,447765,0,0,,d424b2.htm,"PRELIMINARY PROSPECTUS SUPPLEMENT TO PROSPECTUS DATED MAY 20, 2009"
0001193125-09-116812,2009-05-22,,2009-05-21T22:13:27.000Z,34,FWP,333-159366,09846422,,FWP,10808,0,0,,dfwp.htm,FREE WRITING PROSPECTUS
0001193125-09-116813,2009-05-22,,2009-05-21T22:16:28.000Z,34,FWP,333-159366,09846428,,FWP,11498,0,0,,dfwp.htm,FREE WRITING PROSPECTUS
0001193125-09-116815,2009-05-22,,2009-05-21T22:20:07.000Z,34,FWP,333-159366,09846443,,FWP,12714,0,0,,dfwp.htm,FREE WRITING PROSPECTUS
0001193125-09-117682,2009-05-22,,2009-05-22T21:16:39.000Z,33,424B5,333-159366,09849954,,424B5,454461,0,0,,d424b5.htm,"PROSPECTUS SUPPLEMENT TO PROSPECTUS DATED MAY 20, 2009"
0001104659-09-035438,2009-05-28,2009-05-21,2009-05-28T20:32:41.000Z,34,8-K,001-04423,09857849,"8.01,9.01",8-K,728330,0,0,,a09-14330_18k.htm,8-K
0001179706-09-000085,2009-05-28,2009-04-20,2009-05-29T00:18:56.000Z,,4/A,,,,4/A,4526,0,0,,xslF345X03/edgar.xml,PRIMARY DOCUMENT
0001179706-09-000086,2009-05-28,2009-04-20,2009-05-29T00:19:18.000Z,,4/A,,,,4/A,7299,0,0,,xslF345X03/edgar.xml,PRIMARY DOCUMENT
0001179706-09-000087,2009-05-28,2009-05-26,2009-05-29T00:19:35.000Z,,4,,,,4,6367,0,0,,xslF345X03/edgar.xml,PRIMARY DOCUMENT
0001179706-09-000088,2009-05-28,2009-05-26,2009-05-29T00:20:00.000Z,,4,,,,4,5069,0,0,,xslF345X03/edgar.xml,PRIMARY DOCUMENT
0001179706-09-000090,2009-06-04,2009-06-02,2009-06-05T00:06:15.000Z,,4,,,,4,9922,0,0,,xslF345X03/edgar.xml,PRIMARY DOCUMENT
0001047469-09-006186,2009-06-05,2009-04-30,2009-06-05T20:39:31.000Z,34,10-Q,001-04423,09877519,,10-Q,1461996,0,0,,a2193216z10-q.htm,10-Q
0000047217-09-000022,2009-06-05,,2009-06-05T22:42:28.000Z,,CORRESP,,,,CORRESP,10147,0,0,,filename1.htm,
0001179706-09-000092,2009-06-08,2009-06-05,2009-06-09T00:20:05.000Z,,4,,,,4,14133,0,0,,xslF345X03/edgar.xml,PRIMARY DOCUMENT
0000047217-09-000024,2009-06-12,,2009-06-12T22:50:48.000Z,,CORRESP,,,,CORRESP,17901,0,0,,filename1.htm,
0001179706-09-000094,2009-06-23,2009-06-19,2009-06-23T22:23:33.000Z,,4,,,,4,10514,0,0,,xslF345X03/edgar.xml,PRIMARY DOCUMENT
0000047217-09-000027,2009-06-30,2008-12-31,2009-06-30T20:13:40.000Z,34,11-K,001-04423,09919355,,11-K,1805272,0,0,,form11-k_2008.htm,
0000000000-09-034989,2009-07-01,,2009-07-01T17:57:42.000Z,,UPLOAD,,,,LETTER,20275,0,0,,filename1.pdf,
0001179706-09-000096,2009-07-06,2009-07-01,2009-07-06T22:12:56.000Z,,4,,,,4,10510,0,0,,xslF345X03/edgar.xml,PRIMARY DOCUMENT
0001179706-09-000098,2009-07-14,2009-07-11,2009-07-14T22:21:26.000Z,,4,,,,4,4841,0,0,,xslF345X03/edgar.xml,PRIMARY DOCUMENT
0001179706-09-000101,2009-07-21,2009-07-17,2009-07-22T01:28:42.000Z,,4,,,,4,19536,0,0,,xslF345X03/edgar.xml,PRIMARY DOCUMENT
0001179706-09-000102,2009-07-21,2009-07-17,2009-07-22T01:29:46.000Z,,4,,,,4,20465,0,0,,xslF345X03/edgar.xml,PRIMARY DOCUMENT
0001179706-09-000104,2009-07-27,2009-07-23,2009-07-27T23:21:03.000Z,,4,,,,4,12979,0,0,,xslF345X03/edgar.xml,PRIMARY DOCUMENT
0000047217-09-000030,2009-08-18,2009-08-18,2009-08-18T20:06:55.000Z,34,8-K,001-04423,091021741,"2.02,9.01",8-K,826051,0,0,,q309form8-k_0809.htm,
0001179706-09-000106,2009-08-24,2009-08-20,2009-08-24T22:33:49.000Z,,4,,,,4,12302,0,0,,xslF345X03/edgar.xml,PRIMARY DOCUMENT
0001179706-09-000108,2009-08-24,2009-08-20,2009-08-25T00:31:31.000Z,,4,,,,4,26030,0,0,,xslF345X03/edgar.xml,PRIMARY DOCUMENT
0001179706-09-000112,2009-08-25,2009-08-21,2009-08-25T21:38:26.000Z,,4,,,,4,12219,0,0,,xslF345X03/edgar.xml,PRIMARY DOCUMENT
0001179706-09-000113,2009-08-25,2009-08-21,2009-08-25T21:38:51.000Z,,4,,,,4,19476,0,0,,xslF345X03/edgar.xml,PRIMARY DOCUMENT
0001179706-09-000114,2009-08-25,2009-08-21,2009-08-25T21:39:12.000Z,,4,,,,4,7894,0,0,,xslF345X03/edgar.xml,PRIMARY DOCUMENT
0001179706-09-000116,2009-08-26,2009-08-24,2009-08-27T00:03:02.000Z,,4,,,,4,16552,0,0,,xslF345X03/edgar.xml,PRIMARY DOCUMENT
0001179706-09-000119,2009-09-01,2009-08-28,2009-09-01T23:21:23.000Z,,4,,,,4,10114,0,0,,xslF345X03/edgar.xml,PRIMARY DOCUMENT
0001179706-09-000120,2009-09-01,2009-08-28,2009-09-01T23:21:42.000Z,,4,,,,4,10647,0,0,,xslF345X03/edgar.xml,PRIMARY DOCUMENT
0001047469-09-008160,2009-09-04,2009-07-31,2009-09-04T21:27:24.000Z,34,10-Q,001-04423,091056796,,10-Q,1528781,0,0,,a2194317z10-q.htm,FORM 10-Q
0001047469-09-008166,2009-09-08,2009-07-31,2009-09-05T01:13:17.000Z,34,10-Q/A,001-04423,091056971,,10-Q/A,3077432,1,0,,a2194478z10-qa.htm,10-Q/A
0000047217-09-000032,2009-09-17,2009-09-17,2009-09-17T20:12:34.000Z,34,8-K,001-04423,091074687,"5.02,5.03,9.01",8-K,186298,0,0,,form8-k_091709.htm,
0000047217-09-000035,2009-09-24,2009-09-24,2009-09-24T20:52:31.000Z,34,8-K,001-04423,091085397,"7.01,9.01",8-K,47228,0,0,,form8-k_092409.htm,
0001179706-09-000123,2009-09-24,2009-09-17,2009-09-24T23:06:24.000Z,,3,,,,3,12422,0,0,,xslF345X02/edgar.xml,PRIMARY DOCUMENT
0001179706-09-000125,2009-10-09,2009-10-07,2009-10-09T23:09:30.000Z,,4,,,,4,10437,0,0,,xslF345X03/edgar.xml,PRIMARY DOCUMENT
0001179706-09-000127,2009-10-14,2009-10-09,2009-10-14T23:50:04.000Z,,4,,,,4,12823,0,0,,xslF345X03/edgar.xml,PRIMARY DOCUMENT
0001179706-09-000129,2009-10-19,2009-10-15,2009-10-19T22:31:40.000Z,,4,,,,4,9705,0,0,,xslF345X03/edgar.xml,PRIMARY DOCUMENT
0001179706-09-000132,2009-10-23,2009-10-21,2009-10-23T23:42:11.000Z,,4,,,,4,11778,0,0,,xslF345X03/edgar.xml,PRIMARY DOCUMENT
0001179706-09-000133,2009-10-23,2009-10-21,2009-10-23T23:42:22.000Z,,4,,,,4,9705,0,0,,xslF345X03/edgar.xml,PRIMARY DOCUMENT
0001179706-09-000135,2009-10-27,2009-10-23,2009-10-27T22:37:54.000Z,,4,,,,4,10252,0,0,,xslF345X03/edgar.xml,PRIMARY DOCUMENT
0001179706-09-000138,2009-11-03,2009-10-31,2009-11-03T22:17:33.000Z,,4,,,,4,8541,0,0,,xslF345X03/edgar.xml,PRIMARY DOCUMENT
0001179706-09-000139,2009-11-03,2009-10-31,2009-11-03T22:17:50.000Z,,4,,,,4,5672,0,0,,xslF345X03/edgar.xml,PRIMARY DOCUMENT
0001179706-09-000141,2009-11-04,2009-11-02,2009-11-05T00:06:44.000Z,,4,,,,4,5797,0,0,,xslF345X03/edgar.xml,PRIMARY DOCUMENT
0001104659-09-064196,2009-11-12,,2009-11-12T11:12:21.000Z,,DFAN14A,,,,DFAN14A,762256,0,0,,a09-33402_28k.htm,DFAN14A
0001104659-09-064194,2009-11-12,2009-11-11,2009-11-12T11:14:16.000Z,34,8-K,001-04423,091173787,"8.01,9.01",8-K,761775,0,0,,a09-33402_28k.htm,8-K
0001104659-09-064200,2009-11-12,2009-11-11,2009-11-12T11:17:36.000Z,34,8-K,001-04423,091173812,"2.02,9.01",8-K,58783,0,0,,a09-33402_18k.htm,8-K
0001104659-09-064211,2009-11-12,,2009-11-12T11:25:15.000Z,,DFAN14A,,,,DFAN14A,2683697,0,0,,a09-33440_1dfan14a.htm,DFAN14A
0001104659-09-064213,2009-11-12,,2009-11-12T11:28:37.000Z,,DFAN14A,,,,DFAN14A,143246,0,0,,a09-33440_2dfan14a.htm,DFAN14A
0000047217-09-000039,2009-11-23,2009-11-23,2009-11-23T21:06:59.000Z,34,8-K,001-04423,091201855,"2.02,8.01,9.01",8-K,1974818,0,0,,form8k_q409.htm,Q409 FORM 8-K
0001179706-09-000144,2009-11-30,2009-11-25,2009-11-30T23:29:10.000Z,,4,,,,4,12148,0,0,,xslF345X03/edgar.xml,PRIMARY DOCUMENT
0001179706-09-000145,2009-11-30,2009-11-25,2009-11-30T23:29:36.000Z,,4,,,,4,38226,0,0,,xslF345X03/edgar.xml,PRIMARY DOCUMENT
0001179706-09-000147,2009-12-08,2009-12-04,2009-12-09T02:45:37.000Z,,4,,,,4,15998,0,0,,xslF345X03/edgar.xml,PRIMARY DOCUMENT
0001179706-09-000149,2009-12-09,2009-12-07,2009-12-09T23:13:35.000Z,,4,,,,4,7930,0,0,,xslF345X03/edgar.xml,PRIMARY DOCUMENT
0001179706-09-000162,2009-12-14,2009-12-10,2009-12-15T02:36:39.000Z,,4,,,,4,6945,0,0,,xslF345X03/edgar.xml,PRIMARY DOCUMENT
0001179706-09-000163,2009-12-14,2009-12-10,2009-12-15T02:36:59.000Z,,4,,,,4,14415,0,0,,xslF345X03/edgar.xml,PRIMARY DOCUMENT
0001179706-09-000164,2009-12-14,2009-12-10,2009-12-15T02:37:18.000Z,,4,,,,4,6834,0,0,,xslF345X03/edgar.xml,PRIMARY DOCUMENT
0001179706-09-000165,2009-12-14,2009-12-11,2009-12-15T02:37:40.000Z,,4,,,,4,6843,0,0,,xslF345X03/edgar.xml,PRIMARY DOCUMENT
0001179706-09-000166,2009-12-14,2009-12-10,2009-12-15T02:38:05.000Z,,4,,,,4,13328,0,0,,xslF345X03/edgar.xml,PRIMARY DOCUMENT
0001179706-09-000167,2009-12-14,2009-12-10,2009-12-15T02:38:19.000Z,,4,,,,4,7519,0,0,,xslF345X03/edgar.xml,PRIMARY DOCUMENT
0001179706-09-000168,2009-12-14,2009-12-10,2009-12-15T02:38:38.000Z,,4,,,,4,10811,0,0,,xslF345X03/edgar.xml,PRIMARY DOCUMENT
0001179706-09-000169,2009-12-14,2009-12-10,2009-12-15T02:39:03.000Z,,4,,,,4,11929,0,0,,xslF345X03/edgar.xml,PRIMARY DOCUMENT
0001179706-09-000170,2009-12-14,2009-12-10,2009-12-15T02:39:23.000Z,,4,,,,4,9755,0,0,,xslF345X03/edgar.xml,PRIMARY DOCUMENT
0001179706-09-000171,2009-12-14,2009-12-10,2009-12-15T02:39:46.000Z,,4,,,,4,12290,0,0,,xslF345X03/edgar.xml,PRIMARY DOCUMENT
0001179706-09-000172,2009-12-14,2009-12-10,2009-12-15T02:40:05.000Z,,4,,,,4,7805,0,0,,xslF345X03/edgar.xml,PRIMARY DOCUMENT
0001179706-09-000173,2009-12-14,2009-12-10,2009-12-15T02:40:25.000Z,,4,,,,4,10530,0,0,,xslF345X03/edgar.xml,PRIMARY DOCUMENT
0001179706-09-000177,2009-12-16,2009-12-15,2009-12-16T23:55:12.000Z,,4,,,,4,9860,0,0,,xslF345X03/edgar.xml,PRIMARY DOCUMENT
0001179706-09-000178,2009-12-16,2009-12-14,2009-12-16T23:55:35.000Z,,4,,,,4,10404,0,0,,xslF345X03/edgar.xml,PRIMARY DOCUMENT
0001179706-09-000179,2009-12-16,2009-12-14,2009-12-16T23:56:25.000Z,,4,,,,4,10045,0,0,,xslF345X03/edgar.xml,PRIMARY DOCUMENT
0001047469-09-010806,2009-12-17,2009-10-31,2009-12-17T22:23:54.000Z,34,10-K,001-04423,091247992,,10-K,7168677,1,0,,a2195472z10-k.htm,10-K
0001179706-09-000182,2009-12-23,2009-12-21,2009-12-24T01:31:54.000Z,,4,,,,4,9015,0,0,,xslF345X03/edgar.xml,PRIMARY DOCUMENT
0001179706-09-000183,2009-12-23,2009-12-21,2009-12-24T01:32:14.000Z,,4,,,,4,17706,0,0,,xslF345X03/edgar.xml,PRIMARY DOCUMENT
0001179706-09-000186,2009-12-24,2009-12-22,2009-12-24T22:58:13.000Z,,4,,,,4,10067,0,0,,xslF345X03/edgar.xml,PRIMARY DOCUMENT
0001179706-09-000187,2009-12-24,2009-12-22,2009-12-24T22:58:34.000Z,,4,,,,4,10397,0,0,,xslF345X03/edgar.xml,PRIMARY DOCUMENT
0001179706-10-000002,2010-01-06,2010-01-04,2010-01-07T00:38:02.000Z,,4,,,,4,9014,0,0,,xslF345X03/edgar.xml,PRIMARY DOCUMENT
0001047469-10-000129,2010-01-12,2010-03-17,2010-01-12T21:35:30.000Z,34,PRE 14A,001-04423,10523019,,PRE 14A,1040430,0,0,,a2196012zpre14a.htm,PRE 14A
0000000000-10-003633,2010-01-20,,2010-01-20T22:42:21.000Z,,UPLOAD,,,,LETTER,58339,0,0,,filename1.pdf,
0001179706-10-000014,2010-01-20,2010-01-15,2010-01-21T02:47:46.000Z,,4,,,,4,18998,0,0,,xslF345X03/edgar.xml,PRIMARY DOCUMENT
0001179706-10-000015,2010-01-20,2010-01-15,2010-01-21T02:48:23.000Z,,4,,,,4,11907,0,0,,xslF345X03/edgar.xml,PRIMARY DOCUMENT
0001179706-10-000016,2010-01-20,2010-01-15,2010-01-21T02:48:41.000Z,,4,,,,4,13404,0,0,,xslF345X03/edgar.xml,PRIMARY DOCUMENT
0001179706-10-000017,2010-01-20,2010-01-15,2010-01-21T02:49:05.000Z,,4,,,,4,16894,0,0,,xslF345X03/edgar.xml,PRIMARY DOCUMENT
0001179706-10-000018,2010-01-20,2010-01-15,2010-01-21T02:49:28.000Z,,4,,,,4,14200,0,0,,xslF345X03/edgar.xml,PRIMARY DOCUMENT
0001179706-10-000019,2010-01-20,2010-01-15,2010-01-21T02:49:51.000Z,,4,,,,4,14872,0,0,,xslF345X03/edgar.xml,PRIMARY DOCUMENT
0001179706-10-000020,2010-01-20,2010-01-15,2010-01-21T02:50:15.000Z,,4,,,,4,13375,0,0,,xslF345X03/edgar.xml,PRIMARY DOCUMENT
0001179706-10-000021,2010-01-20,2010-01-15,2010-01-21T02:50:33.000Z,,4,,,,4,13369,0,0,,xslF345X03/edgar.xml,PRIMARY DOCUMENT
0001179706-10-000022,2010-01-20,2010-01-15,2010-01-21T02:50:52.000Z,,4,,,,4,14849,0,0,,xslF345X03/edgar.xml,PRIMARY DOCUMENT
0001179706-10-000023,2010-01-20,2010-01-15,2010-01-21T02:51:12.000Z,,4,,,,4,14259,0,0,,xslF345X03/edgar.xml,PRIMARY DOCUMENT
0001179706-10-000024,2010-01-20,2010-01-15,2010-01-21T02:51:29.000Z,,4,,,,4,14641,0,0,,xslF345X03/edgar.xml,PRIMARY DOCUMENT
0001047469-10-000270,2010-01-22,,2010-01-22T22:29:25.000Z,,CORRESP,,,,CORRESP,64096,0,0,,filename1.htm,
0001179706-10-000028,2010-01-22,2010-01-20,2010-01-22T23:46:10.000Z,,4,,,,4,7061,0,0,,xslF345X03/edgar.xml,PRIMARY DOCUMENT
0001179706-10-000029,2010-01-22,2010-01-20,2010-01-22T23:46:25.000Z,,4,,,,4,5063,0,0,,xslF345X03/edgar.xml,PRIMARY DOCUMENT
0001179706-10-000030,2010-01-22,2010-01-20,2010-01-22T23:46:44.000Z,,4,,,,4,6100,0,0,,xslF345X03/edgar.xml,PRIMARY DOCUMENT
0001104659-10-003094,2010-01-27,2010-01-26,2010-01-27T11:01:51.000Z,34,8-K,001-04423,10548989,8.01,8-K,22244,0,0,,a10-2545_18k.htm,8-K
0001047469-10-000369,2010-01-27,2010-03-17,2010-01-27T22:24:51.000Z,34,DEF 14A,001-04423,10551394,,DEF 14A,1157853,0,0,,a2196150zdef14a.htm,DEF 14A
0001104659-10-003347,2010-01-27,,2010-01-27T22:25:40.000Z,34,DEFA14A,001-04423,10551402,,DEFA14A,54799,0,0,,a10-1514_4defa14a.htm,DEFA14A
0000000000-10-005429,2010-01-27,,2010-01-27T23:52:48.000Z,,UPLOAD,,,,LETTER,38797,0,0,,filename1.pdf,
0001179706-10-000033,2010-01-27,2010-01-25,2010-01-28T00:50:33.000Z,,4,,,,4,9919,0,0,,xslF345X03/edgar.xml,PRIMARY DOCUMENT
0001179706-10-000034,2010-01-27,2010-01-25,2010-01-28T00:50:51.000Z,,4,,,,4,9023,0,0,,xslF345X03/edgar.xml,PRIMARY DOCUMENT
0001086364-10-007433,2010-01-29,,2010-01-29T19:49:45.000Z,34,SC 13G,005-12061,10557885,,SC 13G,15397,0,0,,hewlettpackard123109.txt,
0001104659-10-005204,2010-02-05,2009-10-31,2010-02-05T22:06:02.000Z,34,10-K/A,001-04423,10578003,,10-K/A,4690614,1,0,,a09-33446_610ka.htm,10-K/A
0000093748-10-000026,2010-02-09,,2010-02-09T20:57:14.000Z,34,SC 13G/A,005-12061,10584362,,SC 13G/A,7440,0,0,,hewltext09.txt,
0000047217-10-000003,2010-02-17,2010-02-17,2010-02-17T21:07:37.000Z,34,8-K,001-04423,10612906,"2.02,9.01",8-K,1933909,0,0,,q1form8-k_0210.htm,Q110 FORM 8-K
0001179706-10-000038,2010-02-23,2010-02-19,2010-02-24T00:55:21.000Z,,4,,,,4,9016,0,0,,xslF345X03/edgar.xml,PRIMARY DOCUMENT
0001179706-10-000039,2010-02-23,2010-02-22,2010-02-24T00:55:41.000Z,,4,,,,4,4853,0,0,,xslF345X03/edgar.xml,PRIMARY DOCUMENT
0001179706-10-000040,2010-02-23,2010-02-19,2010-02-24T00:55:55.000Z,,4,,,,4,8875,0,0,,xslF345X03/edgar.xml,PRIMARY DOCUMENT
0001179706-10-000041,2010-02-25,2010-02-23,2010-02-26T01:24:27.000Z,,4,,,,4,9577,0,0,,xslF345X03/edgar.xml,PRIMARY DOCUMENT
0001179706-10-000043,2010-02-26,2010-02-24,2010-02-27T00:16:37.000Z,,4,,,,4,12388,0,0,,xslF345X03/edgar.xml,PRIMARY DOCUMENT
0001179706-10-000044,2010-03-02,2010-02-26,2010-03-03T01:54:07.000Z,,4,,,,4,4840,0,0,,xslF345X03/edgar.xml,PRIMARY DOCUMENT
0001179706-10-000045,2010-03-03,2010-03-01,2010-03-03T22:49:48.000Z,,4,,,,4,9012,0,0,,xslF345X03/edgar.xml,PRIMARY DOCUMENT
0001179706-10-000046,2010-03-03,2010-03-01,2010-03-03T22:50:12.000Z,,4,,,,4,12248,0,0,,xslF345X03/edgar.xml,PRIMARY DOCUMENT
0001179706-10-000047,2010-03-03,2010-03-01,2010-03-03T22:50:42.000Z,,4,,,,4,9916,0,0,,xslF345X03/edgar.xml,PRIMARY DOCUMENT
0000047217-10-000006,2010-03-05,2010-03-05,2010-03-05T21:15:41.000Z,34,8-K,001-04423,10660918,"2.02,9.01",8-K,780885,0,0,,form8-k_0310.htm,FORM 8-K
0001179706-10-000049,2010-03-08,2010-03-04,2010-03-09T02:18:33.000Z,,4,,,,4,15913,0,0,,xslF345X03/edgar.xml,PRIMARY DOCUMENT
0001047469-10-002073,2010-03-11,2010-01-31,2010-03-11T21:16:22.000Z,34,10-Q,001-04423,10674249,,10-Q,4148693,1,0,,a2196584z10-q.htm,FORM 10-Q
0001179706-10-000050,2010-03-16,2010-03-15,2010-03-16T21:10:06.000Z,,4,,,,4,9012,0,0,,xslF345X03/edgar.xml,PRIMARY DOCUMENT
0001179706-10-000051,2010-03-19,2010-03-17,2010-03-19T20:12:39.000Z,,4,,,,4,9916,0,0,,xslF345X03/edgar.xml,PRIMARY DOCUMENT
0001104659-10-015887,2010-03-23,2010-03-17,2010-03-23T20:46:31.000Z,34,8-K,001-04423,10699708,"5.02,5.07,9.01",8-K,309107,0,0,,a10-6739_18k.htm,8-K
0001179706-10-000052,2010-03-24,2010-03-22,2010-03-24T21:27:10.000Z,,4,,,,4,9015,0,0,,xslF345X03/edgar.xml,PRIMARY DOCUMENT
0001179706-10-000053,2010-03-24,2010-03-22,2010-03-24T21:27:36.000Z,,4,,,,4,10182,0,0,,xslF345X03/edgar.xml,PRIMARY DOCUMENT
0001179706-10-000057,2010-03-31,2010-03-29,2010-03-31T22:21:55.000Z,,4,,,,4,9012,0,0,,xslF345X03/edgar.xml,PRIMARY DOCUMENT
0001179706-10-000058,2010-04-08,2010-04-06,2010-04-09T00:22:25.000Z,,4,,,,4,10046,0,0,,xslF345X03/edgar.xml,PRIMARY DOCUMENT
0001179706-10-000062,2010-04-14,2010-04-12,2010-04-15T01:39:40.000Z,,4,,,,4,21218,0,0,,xslF345X03/edgar.xml,PRIMARY DOCUMENT
0001179706-10-000063,2010-04-14,2010-04-12,2010-04-15T01:40:14.000Z,,4,,,,4,19635,0,0,,xslF345X03/edgar.xml,PRIMARY DOCUMENT
0001179706-10-000064,2010-04-14,2010-04-12,2010-04-15T01:40:43.000Z,,4,,,,4,14457,0,0,,xslF345X03/edgar.xml,PRIMARY DOCUMENT
0001179706-10-000066,2010-04-16,2010-04-14,2010-04-16T21:54:13.000Z,,4,,,,4,17242,0,0,,xslF345X03/edgar.xml,PRIMARY DOCUMENT
0001179706-10-000068,2010-04-19,2010-04-16,2010-04-19T22:51:12.000Z,,4,,,,4,10349,0,0,,xslF345X03/edgar.xml,PRIMARY DOCUMENT
0001179706-10-000078,2010-04-21,2010-04-19,2010-04-22T01:48:26.000Z,,4,,,,4,9057,0,0,,xslF345X03/edgar.xml,PRIMARY DOCUMENT
0001179706-10-000079,2010-04-21,2010-04-19,2010-04-22T01:48:40.000Z,,4,,,,4,15515,0,0,,xslF345X03/edgar.xml,PRIMARY DOCUMENT
0001179706-10-000080,2010-04-21,2010-04-19,2010-04-22T01:48:54.000Z,,4,,,,4,16001,0,0,,xslF345X03/edgar.xml,PRIMARY DOCUMENT
0001179706-10-000081,2010-04-21,2010-04-19,2010-04-22T01:49:06.000Z,,4,,,,4,13128,0,0,,xslF345X03/edgar.xml,PRIMARY DOCUMENT
0001179706-10-000082,2010-04-21,2010-04-19,2010-04-22T01:49:18.000Z,,4,,,,4,16636,0,0,,xslF345X03/edgar.xml,PRIMARY DOCUMENT
0001179706-10-000083,2010-04-21,2010-04-19,2010-04-22T01:49:32.000Z,,4,,,,4,15461,0,0,,xslF345X03/edgar.xml,PRIMARY DOCUMENT
0001179706-10-000084,2010-04-21,2010-04-19,2010-04-22T01:49:50.000Z,,4,,,,4,13165,0,0,,xslF345X03/edgar.xml,PRIMARY DOCUMENT
0001179706-10-000085,2010-04-21,2010-04-19,2010-04-22T01:50:06.000Z,,4,,,,4,16502,0,0,,xslF345X03/edgar.xml,PRIMARY DOCUMENT
0001179706-10-000086,2010-04-21,2010-04-19,2010-04-22T01:50:22.000Z,,4,,,,4,15835,0,0,,xslF345X03/edgar.xml,PRIMARY DOCUMENT
0001179706-10-000087,2010-04-21,2010-04-19,2010-04-22T01:50:32.000Z,,4,,,,4,13439,0,0,,xslF345X03/edgar.xml,PRIMARY DOCUMENT
0000047217-10-000011,2010-04-23,,2010-04-23T20:12:54.000Z,33,S-8,333-166269,10767432,,S-8,1091541,0,0,,form-s8_0410.htm,3COM FORM S-8
0000047217-10-000013,2010-04-23,,2010-04-23T20:14:51.000Z,33,S-8,333-166270,10767451,,S-8,148235,0,0,,sipforms-8_0410.htm,FORM S-8
0001104659-10-022577,2010-04-28,,2010-04-28T21:03:16.000Z,,DFAN14A,,,,DFAN14A,69588,0,0,,a10-8994_18k.htm,DFAN14A
0001104659-10-022576,2010-04-28,2010-04-28,2010-04-28T21:05:12.000Z,34,8-K,001-04423,10777685,"8.01,9.01",8-K,68960,0,0,,a10-8994_18k.htm,8-K
0001179706-10-000088,2010-04-28,2010-04-26,2010-04-29T01:44:46.000Z,,4,,,,4,9012,0,0,,xslF345X03/edgar.xml,PRIMARY DOCUMENT
0001104659-10-022677,2010-04-29,,2010-04-29T10:07:37.000Z,,DFAN14A,,,,DFAN14A,706386,0,0,,a10-8994_28ka.htm,8-K
0001104659-10-022676,2010-04-29,2010-04-28,2010-04-29T10:09:30.000Z,34,8-K/A,001-04423,10778729,"8.01,9.01",8-K/A,705768,0,0,,a10-8994_28ka.htm,8-K
0001104659-10-022693,2010-04-29,,2010-04-29T10:32:33.000Z,,DFAN14A,,,,DFAN14A,1073678,0,0,,a10-9017_1dfan14a.htm,DFAN14A
0001104659-10-022694,2010-04-29,,2010-04-29T10:35:08.000Z,,DFAN14A,,,,DFAN14A,112002,0,0,,a10-9017_2dfan14a.htm,DFAN14A
0001104659-10-022698,2010-04-29,,2010-04-29T10:39:14.000Z,,DFAN14A,,,,DFAN14A,55258,0,0,,a10-9017_3dfan14a.htm,DFAN14A
0001179706-10-000096,2010-05-04,2010-04-30,2010-05-04T21:30:42.000Z,,4,,,,4,4852,0,0,,xslF345X03/edgar.xml,PRIMARY DOCUMENT
0001179706-10-000097,2010-05-04,2010-04-30,2010-05-04T21:32:17.000Z,,4,,,,4,10342,0,0,,xslF345X03/edgar.xml,PRIMARY DOCUMENT
0001179706-10-000098,2010-05-04,2010-04-30,2010-05-04T21:32:35.000Z,,4,,,,4,13825,0,0,,xslF345X03/edgar.xml,PRIMARY DOCUMENT
0001179706-10-000099,2010-05-04,2010-04-30,2010-05-04T21:32:52.000Z,,4,,,,4,6441,0,0,,xslF345X03/edgar.xml,PRIMARY DOCUMENT
0001179706-10-000100,2010-05-04,2010-04-30,2010-05-04T21:33:13.000Z,,4,,,,4,6302,0,0,,xslF345X03/edgar.xml,PRIMARY DOCUMENT
0001179706-10-000101,2010-05-04,2010-04-30,2010-05-04T21:33:35.000Z,,4,,,,4,10309,0,0,,xslF345X03/edgar.xml,PRIMARY DOCUMENT
0001179706-10-000102,2010-05-04,2010-04-30,2010-05-04T21:34:01.000Z,,4,,,,4,11195,0,0,,xslF345X03/edgar.xml,PRIMARY DOCUMENT
0000047217-10-000016,2010-05-10,,2010-05-10T21:21:51.000Z,,SC 13D,,,,SC 13D,110322,0,0,,sch13-d_0510.htm,"PALM, INC. SCHEDULE 13-D"
0000047217-10-000018,2010-05-18,2010-05-18,2010-05-18T20:09:56.000Z,34,8-K,001-04423,10842679,"2.02,9.01",8-K,1500419,0,0,,q2form8-k_051810.htm,Q210 FORM 8-K
0001179706-10-000106,2010-05-18,2010-05-15,2010-05-18T23:30:16.000Z,,4,,,,4,4846,0,0,,xslF345X03/edgar.xml,PRIMARY DOCUMENT
0001179706-10-000107,2010-05-18,2010-05-15,2010-05-18T23:30:41.000Z,,4,,,,4,11780,0,0,,xslF345X03/edgar.xml,PRIMARY DOCUMENT
0001179706-10-000108,2010-05-18,2010-05-15,2010-05-18T23:31:02.000Z,,4,,,,4,11570,0,0,,xslF345X03/edgar.xml,PRIMARY DOCUMENT
0001179706-10-000110,2010-05-21,2010-05-20,2010-05-21T23:47:02.000Z,,4,,,,4,9036,0,0,,xslF345X03/edgar.xml,PRIMARY DOCUMENT
0001104659-10-031672,2010-06-01,2010-06-01,2010-06-01T11:31:14.000Z,34,8-K,001-04423,10868089,8.01,8-K,31166,0,0,,a10-11066_18k.htm,8-K
0001047469-10-005835,2010-06-08,2010-04-30,2010-06-08T20:46:15.000Z,34,10-Q,001-04423,10884919,,10-Q,5443655,1,0,,a2198904z10-q.htm,FORM 10-Q
0001179706-10-000112,2010-06-08,2010-06-04,2010-06-08T23:18:44.000Z,,4,,,,4,9286,0,0,,xslF345X03/edgar.xml,PRIMARY DOCUMENT
0000047217-10-000021,2010-06-25,2009-12-31,2010-06-25T21:24:31.000Z,34,11-K,001-04423,10918339,,11-K,3165435,0,0,,form11-k_2009.htm,2009 FORM 11-K
0001179706-10-000114,2010-07-13,2010-07-11,2010-07-13T21:53:11.000Z,,4,,,,4,11536,0,0,,xslF345X03/edgar.xml,PRIMARY DOCUMENT
0000047217-10-000023,2010-07-14,,2010-07-14T20:45:28.000Z,33,S-8,333-168101,10952529,,S-8,504454,0,0,,forms-8_0710.htm,FORM S-8
9999999997-10-016563,2010-07-28,2010-06-28,2010-08-09T16:30:15.000Z,34,NO ACT,001-04423,10013123,,NO ACT,1748,0,0,,9999999997-10-016563.paper,AUTO-GENERATED PAPER DOCUMENT
0000047217-10-000025,2010-08-02,2010-08-02,2010-08-02T21:12:37.000Z,34,8-K,001-04423,10984779,"7.01,9.01",8-K,62852,0,0,,rilleform8-k_080210.htm,FORM 8-K
0001179706-10-000116,2010-08-03,2010-07-30,2010-08-03T21:42:12.000Z,,4,,,,4,12910,0,0,,xslF345X03/edgar.xml,PRIMARY DOCUMENT
0001047469-10-007177,2010-08-06,2010-08-06,2010-08-06T21:29:53.000Z,34,8-K,001-04423,10999412,"2.02,5.02,5.03,9.01",8-K,348074,0,0,,a2199755z8-k.htm,FORM 8-K
0000047217-10-000028,2010-08-19,2010-08-19,2010-08-19T20:33:33.000Z,34,8-K,001-04423,101028177,"2.02,9.01",8-K,1456717,0,0,,q3form8-k_081910.htm,Q3 FORM 8-K
0001104659-10-045436,2010-08-23,,2010-08-23T11:47:53.000Z,,SC TO-C,,,,SC TO-C,69728,0,0,,a10-16253_18k.htm,SC TO-C
0001104659-10-045435,2010-08-23,2010-08-23,2010-08-23T11:49:47.000Z,34,8-K,001-04423,101031310,"8.01,9.01",8-K,69294,0,0,,a10-16253_18k.htm,8-K
0001104659-10-045599,2010-08-23,,2010-08-23T21:22:19.000Z,,SC TO-C,,,,SC TO-C,148256,0,0,,a10-16264_1sctoc.htm,SC TO-C
0001104659-10-045600,2010-08-23,,2010-08-23T21:23:35.000Z,,SC TO-C,,,,SC TO-C,108978,0,0,,a10-16264_2sctoc.htm,SC TO-C
0001104659-10-046113,2010-08-26,,2010-08-26T21:16:15.000Z,,SC TO-C,,,,SC TO-C,47052,0,0,,a10-16264_11sctoc.htm,SC TO-C
0001104659-10-046115,2010-08-26,,2010-08-26T21:18:00.000Z,,SC TO-C,,,,SC TO-C,61351,0,0,,a10-16264_10sctoc.htm,SC TO-C
0001047469-10-007762,2010-08-27,,2010-08-27T21:25:00.000Z,,SC TO-T,,,,SC TO-T,1802575,0,0,,a2200018zscto-t.htm,SC TO-T
0001047469-10-007763,2010-08-27,,2010-08-27T21:28:23.000Z,,SC TO-T/A,,,,SC TO-T/A,1500732,0,0,,a2200035zscto-ta.htm,SC TO-T/A
0001104659-10-046428,2010-08-30,2010-08-30,2010-08-30T13:02:52.000Z,34,8-K,001-04423,101045454,"7.01,8.01,9.01",8-K,54726,0,0,,a10-16253_28k.htm,8-K
0001047469-10-007859,2010-09-02,,2010-09-02T20:19:04.000Z,,SC TO-T/A,,,,SC TO-T/A,382498,0,0,,a2200078zscto-ta.htm,SC T0-T/A
0001104659-10-047382,2010-09-07,2010-09-02,2010-09-07T11:01:23.000Z,34,8-K,001-04423,101058953,"8.01,9.01",8-K,37220,0,0,,a10-16253_38k.htm,8-K
0001047469-10-007912,2010-09-07,,2010-09-07T11:17:15.000Z,,SC TO-T/A,,,,SC TO-T/A,774578,0,0,,a2200094zscto-ta.htm,SC TO-T/A
0001193125-10-206753,2010-09-08,,2010-09-08T20:54:58.000Z,33,424B2,333-159366,101062733,,424B2,458698,0,0,,d424b2.htm,FILED PURSUANT TO RULE 424(B)(2)
0001193125-10-206937,2010-09-09,,2010-09-09T00:49:43.000Z,34,FWP,333-159366,101063261,,FWP,12305,0,0,,dfwp.htm,FREE WRITING PROSPECTUS
0001193125-10-206938,2010-09-09,,2010-09-09T00:50:48.000Z,34,FWP,333-159366,101063262,,FWP,12273,0,0,,dfwp.htm,FREE WRITING PROSPECTUS
0001193125-10-206939,2010-09-09,,2010-09-09T00:51:48.000Z,34,FWP,333-159366,101063263,,FWP,12275,0,0,,dfwp.htm,FREE WRITING PROSPECTUS
0001047469-10-007964,2010-09-09,2010-07-31,2010-09-09T10:05:01.000Z,34,10-Q,001-04423,101063332,,10-Q,18943281,1,0,,a2199982z10-q.htm,FORM 10-Q
0001193125-10-207517,2010-09-09,,2010-09-09T21:22:04.000Z,33,424B5,333-159366,101065028,,424B5,467490,0,0,,d424b5.htm,FILED PURSUANT TO RULE 424(B)(5)
0001104659-10-048313,2010-09-13,,2010-09-13T20:38:11.000Z,,SC 13D,,,,SC 13D,112507,0,0,,a10-17772_1sc13d.htm,SC 13D
0001104659-10-048319,2010-09-13,2010-09-08,2010-09-13T20:48:35.000Z,34,8-K,001-04423,101069546,"8.01,9.01",8-K,606303,0,0,,a10-17763_18k.htm,8-K
0001104659-10-048328,2010-09-13,,2010-09-13T21:06:34.000Z,,SC TO-C,,,,SC TO-C,861437,0,0,,a10-17787_18k.htm,SC TO-C
0001104659-10-048327,2010-09-13,2010-09-13,2010-09-13T21:08:28.000Z,34,8-K,001-04423,101069686,"8.01,9.01",8-K,861007,0,0,,a10-17787_18k.htm,8-K
0001104659-10-048334,2010-09-13,,2010-09-13T21:12:36.000Z,,SC TO-C,,,,SC TO-C,1463659,0,0,,a10-17787_2sctoc.htm,SC TO-C
0001047469-10-008102,2010-09-15,,2010-09-15T21:10:47.000Z,,SC TO-T/A,,,,SC TO-T/A,54594,0,0,,a2200183zscto-ta.htm,SC TO-T/A
0001104659-10-048715,2010-09-15,,2010-09-15T21:17:47.000Z,,CORRESP,,,,CORRESP,75856,0,0,,filename1.htm,
0001104659-10-048717,2010-09-15,,2010-09-15T21:23:35.000Z,,SC TO-C,,,,SC TO-C,57493,0,0,,a10-17977_1sctoc.htm,SC TO-C
0001104659-10-049154,2010-09-20,,2010-09-20T20:16:17.000Z,,SC TO-C,,,,SC TO-C,545367,0,0,,a10-17977_2sctoc.htm,SC TO-C
0001104659-10-049172,2010-09-20,2010-09-20,2010-09-20T21:00:18.000Z,34,8-K,001-04423,101080907,8.01,8-K,23249,0,0,,a10-16253_48k.htm,8-K
0001047469-10-008224,2010-09-22,,2010-09-22T21:13:58.000Z,,SC TO-T/A,,,,SC TO-T/A,1020842,0,0,,a2200256zscto-ta.htm,SC TO-T/A
0001047469-10-008226,2010-09-22,,2010-09-22T21:22:09.000Z,,SC TO-T,,,,SC TO-T,1352726,0,0,,a2200234zscto-t.htm,SC TO-T
0001104659-10-049550,2010-09-23,,2010-09-23T00:06:44.000Z,,SC 13D,,,,SC 13D,182659,0,0,,a10-17977_3sc13d.htm,SC 13D
0001047469-10-008292,2010-09-27,,2010-09-27T20:05:50.000Z,,SC TO-T/A,,,,SC TO-T/A,112435,0,0,,a2200290zscto-ta.htm,SC TO-T/A
0000047217-10-000030,2010-09-28,2010-09-28,2010-09-28T20:42:08.000Z,34,8-K,001-04423,101094178,7.01,8-K,36811,0,0,,sam8-k_092810.htm,FORM 8-K
0001104659-10-050820,2010-10-01,2010-09-29,2010-10-01T12:01:11.000Z,34,8-K,001-04423,101100688,"5.02,5.03,9.01",8-K,224272,0,0,,a10-18763_18k.htm,8-K
0001047469-10-008439,2010-10-05,,2010-10-05T21:29:18.000Z,,SC TO-T/A,,,,SC TO-T/A,88866,0,0,,a2200405zscto-ta.htm,SC TO-T/A
0000047217-10-000035,2010-10-08,,2010-10-08T20:52:40.000Z,33,S-8,333-169853,101116511,,S-8,297547,0,0,,forms-8_0910.htm,FORTIFY FORM S-8
0000047217-10-000036,2010-10-08,,2010-10-08T20:54:29.000Z,33,S-8,333-169854,101116527,,S-8,605663,0,0,,forms-8_0910.htm,3PAR FORM S-8
0001047469-10-008593,2010-10-14,,2010-10-14T12:00:32.000Z,,SC TO-T/A,,,,SC TO-T/A,40686,0,0,,a2200489zscto-ta.htm,SC TO-T/A
0001047469-10-008705,2010-10-19,,2010-10-19T20:28:25.000Z,,SC TO-T/A,,,,SC TO-T/A,37852,0,0,,a2200544zscto-ta.htm,SC TO-T/A
0001047469-10-008747,2010-10-21,,2010-10-21T12:38:17.000Z,,SC TO-T/A,,,,SC TO-T/A,68432,0,0,,a2200572zscto-ta.htm,SC TO-T/A
0001104659-10-053961,2010-10-27,,2010-10-27T18:48:47.000Z,,SC 13D/A,,,,SC 13D/A,84210,0,0,,a10-17977_4sc13da.htm,SC 13D/A
0001179706-10-000121,2010-11-03,2010-11-01,2010-11-03T22:59:06.000Z,,3,,,,3,13317,0,0,,xslF345X02/edgar.xml,PRIMARY DOCUMENT
0001179706-10-000122,2010-11-03,2010-11-01,2010-11-03T22:59:12.000Z,,4,,,,4,4841,0,0,,xslF345X03/edgar.xml,PRIMARY DOCUMENT
0001179706-10-000123,2010-11-03,2010-11-01,2010-11-03T22:59:28.000Z,,3,,,,3,13362,0,0,,xslF345X02/edgar.xml,PRIMARY DOCUMENT
0001179706-10-000124,2010-11-03,2010-11-01,2010-11-03T22:59:38.000Z,,4,,,,4,6151,0,0,,xslF345X03/edgar.xml,PRIMARY DOCUMENT
0000047217-10-000038,2010-11-04,,2010-11-04T21:24:33.000Z,33,S-8,333-170373,101165942,,S-8,425120,0,0,,forms-8_1110.htm,"ARCSIGHT, INC. FORM S-8"
0001179706-10-000125,2010-11-04,2010-11-02,2010-11-04T23:36:02.000Z,,4,,,,4,13326,0,0,,xslF345X03/edgar.xml,PRIMARY DOCUMENT
0000047217-10-000041,2010-11-22,2010-11-22,2010-11-22T21:07:15.000Z,34,8-K,001-04423,101208876,"2.02,9.01",8-K,1485763,0,0,,q4form8-k_112210.htm,Q410 FORM 8-K
0001179706-10-000126,2010-11-24,2010-11-22,2010-11-25T02:40:18.000Z,,4,,,,4,12276,0,0,,xslF345X03/edgar.xml,PRIMARY DOCUMENT
0001179706-10-000127,2010-11-24,2010-11-22,2010-11-25T02:40:51.000Z,,4,,,,4,12243,0,0,,xslF345X03/edgar.xml,PRIMARY DOCUMENT
0001179706-10-000128,2010-11-24,2010-11-22,2010-11-25T02:41:16.000Z,,4,,,,4,15928,0,0,,xslF345X03/edgar.xml,PRIMARY DOCUMENT
0001179706-10-000129,2010-11-24,2010-11-22,2010-11-25T02:41:42.000Z,,4,,,,4,13609,0,0,,xslF345X03/edgar.xml,PRIMARY DOCUMENT
0001179706-10-000130,2010-11-24,2010-11-22,2010-11-25T02:42:04.000Z,,4,,,,4,15082,0,0,,xslF345X03/edgar.xml,PRIMARY DOCUMENT
0001179706-10-000131,2010-11-24,2010-11-22,2010-11-25T02:42:26.000Z,,4,,,,4,12445,0,0,,xslF345X03/edgar.xml,PRIMARY DOCUMENT
0001179706-10-000132,2010-11-24,2010-11-22,2010-11-25T02:42:50.000Z,,4,,,,4,13240,0,0,,xslF345X03/edgar.xml,PRIMARY DOCUMENT
0001179706-10-000133,2010-11-24,2010-11-22,2010-11-25T02:43:09.000Z,,4,,,,4,15285,0,0,,xslF345X03/edgar.xml,PRIMARY DOCUMENT
0001179706-10-000134,2010-11-24,2010-11-22,2010-11-25T02:43:35.000Z,,4,,,,4,13509,0,0,,xslF345X03/edgar.xml,PRIMARY DOCUMENT
0001179706-10-000135,2010-11-24,2010-11-22,2010-11-25T02:43:51.000Z,,4,,,,4,13787,0,0,,xslF345X03/edgar.xml,PRIMARY DOCUMENT
0001179706-10-000136,2010-11-24,2010-11-01,2010-11-25T02:46:08.000Z,,3/A,,,,3/A,4421,0,0,,xslF345X02/edgar.xml,PRIMARY DOCUMENT
0001193125-10-270224,2010-11-29,,2010-11-29T21:41:06.000Z,33,424B2,333-159366,101219323,,424B2,454578,0,0,,d424b2.htm,FILED PURSUANT TO RULE 424 (B) (2)
0001179706-10-000137,2010-11-29,2010-11-24,2010-11-30T01:23:15.000Z,,4,,,,4,4854,0,0,,xslF345X03/edgar.xml,PRIMARY DOCUMENT
0001179706-10-000138,2010-11-29,2010-11-24,2010-11-30T01:23:43.000Z,,4,,,,4,11263,0,0,,xslF345X03/edgar.xml,PRIMARY DOCUMENT
0001179706-10-000139,2010-11-29,2010-11-24,2010-11-30T01:25:36.000Z,,4,,,,4,6177,0,0,,xslF345X03/edgar.xml,PRIMARY DOCUMENT
0001179706-10-000140,2010-11-29,2010-11-24,2010-11-30T01:30:10.000Z,,4,,,,4,7810,0,0,,xslF345X03/edgar.xml,PRIMARY DOCUMENT
0001193125-10-270499,2010-11-30,,2010-11-30T01:15:02.000Z,34,FWP,333-159366,101220290,,FWP,12261,0,0,,dfwp.htm,FREE WRITING PROSPECTUS
0001193125-10-270501,2010-11-30,,2010-11-30T01:17:02.000Z,34,FWP,333-159366,101220300,,FWP,12253,0,0,,dfwp.htm,FREE WRITING PROSPECTUS
0001193125-10-271342,2010-11-30,,2010-11-30T21:53:19.000Z,33,424B5,333-159366,101222377,,424B5,463839,0,0,,d424b5.htm,FILED PURSUANT TO RULE 424(B)(5)
0001104659-10-060931,2010-12-02,2010-11-29,2010-12-02T21:49:25.000Z,34,8-K,001-04423,101228386,"8.01,9.01",8-K,493990,0,0,,a10-22326_18k.htm,8-K
0001179706-10-000141,2010-12-03,2010-12-01,2010-12-04T01:06:23.000Z,,4,,,,4,8511,0,0,,xslF345X03/edgar.xml,PRIMARY DOCUMENT
0001179706-10-000142,2010-12-03,2010-12-01,2010-12-04T01:06:49.000Z,,4,,,,4,7204,0,0,,xslF345X03/edgar.xml,PRIMARY DOCUMENT
9999999997-10-020643,2010-12-07,2010-12-02,2010-12-14T15:58:00.000Z,34,NO ACT,001-04423,10013777,,NO ACT,1748,0,0,,9999999997-10-020643.paper,AUTO-GENERATED PAPER DOCUMENT
0001179706-10-000143,2010-12-08,2010-12-06,2010-12-09T01:27:38.000Z,,4,,,,4,14511,0,0,,xslF345X03/edgar.xml,PRIMARY DOCUMENT
0001179706-10-000144,2010-12-14,2010-12-10,2010-12-15T02:12:44.000Z,,4,,,,4,11574,0,0,,xslF345X03/edgar.xml,PRIMARY DOCUMENT
0001179706-10-000145,2010-12-14,2010-12-10,2010-12-15T02:13:16.000Z,,4,,,,4,11620,0,0,,xslF345X03/edgar.xml,PRIMARY DOCUMENT
0001179706-10-000146,2010-12-14,2010-12-10,2010-12-15T02:13:39.000Z,,4,,,,4,11643,0,0,,xslF345X03/edgar.xml,PRIMARY DOCUMENT
0001179706-10-000147,2010-12-14,2010-12-10,2010-12-15T02:14:06.000Z,,4,,,,4,16349,0,0,,xslF345X03/edgar.xml,PRIMARY DOCUMENT
0001179706-10-000148,2010-12-14,2010-12-10,2010-12-15T02:14:34.000Z,,4,,,,4,13237,0,0,,xslF345X03/edgar.xml,PRIMARY DOCUMENT
0001179706-10-000149,2010-12-14,2010-12-10,2010-12-15T02:15:02.000Z,,4,,,,4,14299,0,0,,xslF345X03/edgar.xml,PRIMARY DOCUMENT
0001179706-10-000150,2010-12-14,2010-12-10,2010-12-15T02:15:30.000Z,,4,,,,4,11609,0,0,,xslF345X03/edgar.xml,PRIMARY DOCUMENT
0001179706-10-000151,2010-12-14,2010-12-10,2010-12-15T02:15:52.000Z,,4,,,,4,12845,0,0,,xslF345X03/edgar.xml,PRIMARY DOCUMENT
0001179706-10-000152,2010-12-14,2010-12-10,2010-12-15T02:16:13.000Z,,4,,,,4,12776,0,0,,xslF345X03/edgar.xml,PRIMARY DOCUMENT
0001179706-10-000153,2010-12-14,2010-12-10,2010-12-15T02:16:38.000Z,,4,,,,4,14139,0,0,,xslF345X03/edgar.xml,PRIMARY DOCUMENT
0001179706-10-000154,2010-12-14,2010-12-10,2010-12-15T02:17:05.000Z,,4,,,,4,12626,0,0,,xslF345X03/edgar.xml,PRIMARY DOCUMENT
0001047469-10-010444,2010-12-15,2010-10-31,2010-12-15T22:28:03.000Z,34,10-K,001-04423,101254397,,10-K,31384279,1,0,,a2201180z10-k.htm,10-K
0001179706-11-000003,2011-01-06,2011-01-04,2011-01-07T00:58:59.000Z,,4,,,,4,19338,0,0,,xslF345X03/edgar.xml,PRIMARY DOCUMENT
0001179706-11-000004,2011-01-06,2011-01-05,2011-01-07T00:59:17.000Z,,4,,,,4,19218,0,0,,xslF345X03/edgar.xml,PRIMARY DOCUMENT
0001179706-11-000009,2011-01-11,2011-01-07,2011-01-12T01:55:05.000Z,,4,,,,4,18446,0,0,,xslF345X03/edgar.xml,PRIMARY DOCUMENT
0001179706-11-000010,2011-01-11,2011-01-07,2011-01-12T01:55:36.000Z,,4,,,,4,18552,0,0,,xslF345X03/edgar.xml,PRIMARY DOCUMENT
0001179706-11-000011,2011-01-11,2011-01-07,2011-01-12T01:56:03.000Z,,4,,,,4,14955,0,0,,xslF345X03/edgar.xml,PRIMARY DOCUMENT
0001179706-11-000012,2011-01-11,2011-01-07,2011-01-12T01:57:30.000Z,,4,,,,4,21953,0,0,,xslF345X03/edgar.xml,PRIMARY DOCUMENT
0001179706-11-000015,2011-01-12,2011-01-11,2011-01-12T23:00:44.000Z,,4,,,,4,6657,0,0,,xslF345X03/edgar.xml,PRIMARY DOCUMENT
0001179706-11-000016,2011-01-12,2011-01-11,2011-01-12T23:00:54.000Z,,4,,,,4,10954,0,0,,xslF345X03/edgar.xml,PRIMARY DOCUMENT
0001179706-11-000027,2011-01-19,2011-01-15,2011-01-20T02:38:45.000Z,,4,,,,4,9154,0,0,,xslF345X03/edgar.xml,PRIMARY DOCUMENT
0001179706-11-000028,2011-01-19,2011-01-15,2011-01-20T02:39:02.000Z,,4,,,,4,14686,0,0,,xslF345X03/edgar.xml,PRIMARY DOCUMENT
0001179706-11-000029,2011-01-19,2011-01-15,2011-01-20T02:39:16.000Z,,4,,,,4,13870,0,0,,xslF345X03/edgar.xml,PRIMARY DOCUMENT
0001179706-11-000030,2011-01-19,2011-01-15,2011-01-20T02:39:33.000Z,,4,,,,4,10745,0,0,,xslF345X03/edgar.xml,PRIMARY DOCUMENT
0001179706-11-000031,2011-01-19,2011-01-15,2011-01-20T02:39:48.000Z,,4,,,,4,14628,0,0,,xslF345X03/edgar.xml,PRIMARY DOCUMENT
0001179706-11-000032,2011-01-19,2011-01-15,2011-01-20T02:40:04.000Z,,4,,,,4,16283,0,0,,xslF345X03/edgar.xml,PRIMARY DOCUMENT
0001179706-11-000033,2011-01-19,2011-01-15,2011-01-20T02:40:21.000Z,,4,,,,4,10504,0,0,,xslF345X03/edgar.xml,PRIMARY DOCUMENT
0001179706-11-000034,2011-01-19,2011-01-15,2011-01-20T02:40:35.000Z,,4,,,,4,20967,0,0,,xslF345X03/edgar.xml,PRIMARY DOCUMENT
0001179706-11-000035,2011-01-19,2011-01-15,2011-01-20T02:40:51.000Z,,4,,,,4,11866,0,0,,xslF345X03/edgar.xml,PRIMARY DOCUMENT
0001179706-11-000036,2011-01-19,2011-01-15,2011-01-20T02:47:24.000Z,,4,,,,4,22424,0,0,,xslF345X03/edgar.xml,PRIMARY DOCUMENT
0001104659-11-002211,2011-01-20,2011-01-20,2011-01-20T22:26:19.000Z,34,8-K,001-04423,11539465,"5.02,5.03,8.01,9.01",8-K,74456,0,0,,a11-4364_18k.htm,8-K
0001179706-11-000041,2011-01-21,2011-01-21,2011-01-22T02:21:43.000Z,,4,,,,4,17141,0,0,,xslF345X03/edgar.xml,PRIMARY DOCUMENT
0001179706-11-000042,2011-01-21,2011-01-21,2011-01-22T02:22:08.000Z,,4,,,,4,10956,0,0,,xslF345X03/edgar.xml,PRIMARY DOCUMENT
0001179706-11-000043,2011-01-21,2011-01-21,2011-01-22T02:22:28.000Z,,4,,,,4,10365,0,0,,xslF345X03/edgar.xml,PRIMARY DOCUMENT
0001179706-11-000044,2011-01-21,2011-01-20,2011-01-22T02:22:48.000Z,,4,,,,4,5947,0,0,,xslF345X03/edgar.xml,PRIMARY DOCUMENT
0001179706-11-000052,2011-01-31,2011-01-21,2011-01-31T22:00:25.000Z,,3,,,,3,13336,0,0,,xslF345X02/edgar.xml,PRIMARY DOCUMENT
0001179706-11-000053,2011-01-31,2011-01-21,2011-01-31T22:00:49.000Z,,3,,,,3,13165,0,0,,xslF345X02/edgar.xml,PRIMARY DOCUMENT
0001179706-11-000054,2011-01-31,2011-01-21,2011-01-31T22:01:12.000Z,,3,,,,3,13319,0,0,,xslF345X02/edgar.xml,PRIMARY DOCUMENT
0001179706-11-000055,2011-01-31,2011-01-21,2011-01-31T22:01:41.000Z,,3,,,,3,13301,0,0,,xslF345X02/edgar.xml,PRIMARY DOCUMENT
0001179706-11-000056,2011-01-31,2011-01-21,2011-01-31T22:01:48.000Z,,3,,,,3,13966,0,0,,xslF345X02/edgar.xml,PRIMARY DOCUMENT
0001047469-11-000421,2011-02-01,2011-03-23,2011-02-01T22:22:29.000Z,34,DEF 14A,001-04423,11564038,,DEF 14A,1028336,0,0,,a2201545zdef14a.htm,DEF 14A
0001104659-11-004181,2011-02-01,,2011-02-01T22:25:17.000Z,34,DEFA14A,001-04423,11564063,,DEFA14A,61884,0,0,,a10-24220_4defa14a.htm,DEFA14A
0000000000-11-006931,2011-02-02,,2011-02-02T21:41:33.000Z,,UPLOAD,,,,LETTER,61961,0,0,,filename1.pdf,
9999999997-11-000837,2011-02-03,2010-10-31,2011-02-08T20:00:32.000Z,34,ARS,001-04423,11005237,,ARS,1739,0,0,,9999999997-11-000837.paper,AUTO-GENERATED PAPER DOCUMENT
0001086364-11-003044,2011-02-04,,2011-02-04T19:44:00.000Z,34,SC 13G/A,005-12061,11574147,,SC 13G/A,13915,0,0,,hewlettpackardco123110.txt,
0000093748-11-000017,2011-02-11,,2011-02-11T15:10:15.000Z,34,SC 13G,005-12061,11595439,,SC 13G,9539,0,0,,hewlett10.txt,
0001104659-11-007874,2011-02-16,,2011-02-17T02:02:12.000Z,,CORRESP,,,,CORRESP,45687,0,0,,filename1.htm,
0000047217-11-000002,2011-02-22,2011-02-17,2011-02-22T21:09:17.000Z,34,8-K,001-04423,11628625,"2.02,5.02,9.01",8-K,3714251,0,0,,q1form8-k_022211.htm,Q111 FORM 8-K
0001179706-11-000058,2011-02-28,2011-02-24,2011-02-28T23:54:20.000Z,,4,,,,4,6504,0,0,,xslF345X03/edgar.xml,PRIMARY DOCUMENT
0001179706-11-000061,2011-03-01,2011-02-25,2011-03-02T02:26:32.000Z,,4,,,,4,10054,0,0,,xslF345X03/edgar.xml,PRIMARY DOCUMENT
0001179706-11-000062,2011-03-01,2011-02-25,2011-03-02T02:26:50.000Z,,4,,,,4,12204,0,0,,xslF345X03/edgar.xml,PRIMARY DOCUMENT
0001179706-11-000064,2011-03-04,2011-03-02,2011-03-04T23:24:31.000Z,,4,,,,4,8599,0,0,,xslF345X03/edgar.xml,PRIMARY DOCUMENT
0001179706-11-000066,2011-03-07,2011-03-03,2011-03-08T00:18:33.000Z,,4,,,,4,9962,0,0,,xslF345X03/edgar.xml,PRIMARY DOCUMENT
0000000000-11-014643,2011-03-08,,2011-03-08T21:44:37.000Z,,UPLOAD,,,,LETTER,52497,0,0,,filename1.pdf,
0001104659-11-013016,2011-03-08,,2011-03-08T21:51:48.000Z,34,DEFA14A,001-04423,11672550,,DEFA14A,44712,0,0,,a11-7478_1defa14a.htm,DEFA14A
0001179706-11-000068,2011-03-08,2011-03-04,2011-03-09T02:45:36.000Z,,4,,,,4,6778,0,0,,xslF345X03/edgar.xml,PRIMARY DOCUMENT
0001047469-11-002006,2011-03-11,2011-01-31,2011-03-11T02:52:39.000Z,34,10-Q,001-04423,11680084,,10-Q,17337164,1,0,,a2202283z10-q.htm,10-Q
0001104659-11-013713,2011-03-11,,2011-03-11T02:54:56.000Z,34,DEFA14A,001-04423,11680088,,DEFA14A,54027,0,0,,a11-7793_1defa14a.htm,DEFA14A
0001104659-11-015649,2011-03-22,2011-03-22,2011-03-22T10:02:42.000Z,34,8-K,001-04423,11702590,7.01,8-K,23975,0,0,,a11-8440_18k.htm,8-K
0000047217-11-000004,2011-03-25,,2011-03-25T22:50:49.000Z,,CORRESP,,,,CORRESP,24069,0,0,,filename1.htm,
0000047217-11-000007,2011-03-28,2011-03-23,2011-03-28T20:50:42.000Z,34,8-K,001-04423,11716360,"5.03,5.07",8-K,111262,0,0,,form8-k_032811.htm,FORM 8-K
0000047217-11-000010,2011-03-31,,2011-03-31T22:33:18.000Z,,CORRESP,,,,CORRESP,64452,0,0,,filename1.htm,
0001179706-11-000070,2011-04-15,2011-04-13,2011-04-15T22:24:10.000Z,,4,,,,4,15063,0,0,,xslF345X03/edgar.xml,PRIMARY DOCUMENT
0001179706-11-000077,2011-04-21,2011-04-19,2011-04-21T20:26:23.000Z,,4,,,,4,10088,0,0,,xslF345X03/edgar.xml,PRIMARY DOCUMENT
0001179706-11-000078,2011-04-21,2011-04-19,2011-04-21T20:26:52.000Z,,4,,,,4,9970,0,0,,xslF345X03/edgar.xml,PRIMARY DOCUMENT
0001179706-11-000079,2011-04-21,2011-04-19,2011-04-21T20:27:06.000Z,,4,,,,4,10901,0,0,,xslF345X03/edgar.xml,PRIMARY DOCUMENT
0001179706-11-000080,2011-04-21,2011-04-19,2011-04-21T20:27:19.000Z,,4,,,,4,9934,0,0,,xslF345X03/edgar.xml,PRIMARY DOCUMENT
0001179706-11-000081,2011-04-21,2011-04-19,2011-04-21T20:27:30.000Z,,4,,,,4,11583,0,0,,xslF345X03/edgar.xml,PRIMARY DOCUMENT
0001179706-11-000082,2011-04-21,2011-04-19,2011-04-21T20:27:44.000Z,,4,,,,4,10169,0,0,,xslF345X03/edgar.xml,PRIMARY DOCUMENT
0000000000-11-025126,2011-04-21,,2011-04-21T20:30:13.000Z,,UPLOAD,,,,LETTER,51315,0,0,,filename1.pdf,
0001179706-11-000084,2011-04-22,2011-04-20,2011-04-23T01:47:19.000Z,,4,,,,4,14033,0,0,,xslF345X03/edgar.xml,PRIMARY DOCUMENT
0001179706-11-000087,2011-04-25,2011-04-25,2011-04-25T21:25:00.000Z,,3,,,,3,12829,0,0,,xslF345X02/edgar.xml,PRIMARY DOCUMENT
0001179706-11-000100,2011-04-27,2011-04-25,2011-04-27T21:16:04.000Z,,4,,,,4,6438,0,0,,xslF345X03/edgar.xml,PRIMARY DOCUMENT
0001179706-11-000101,2011-04-27,2011-04-25,2011-04-27T21:16:35.000Z,,4,,,,4,9025,0,0,,xslF345X03/edgar.xml,PRIMARY DOCUMENT
0001179706-11-000102,2011-04-27,2011-04-25,2011-04-27T21:16:54.000Z,,4,,,,4,6296,0,0,,xslF345X03/edgar.xml,PRIMARY DOCUMENT
0001179706-11-000103,2011-04-27,2011-04-25,2011-04-27T21:17:13.000Z,,4,,,,4,5433,0,0,,xslF345X03/edgar.xml,PRIMARY DOCUMENT
0001179706-11-000104,2011-04-27,2011-04-25,2011-04-27T21:17:34.000Z,,4,,,,4,8876,0,0,,xslF345X03/edgar.xml,PRIMARY DOCUMENT
0001179706-11-000105,2011-04-27,2011-04-25,2011-04-27T21:17:55.000Z,,4,,,,4,6354,0,0,,xslF345X03/edgar.xml,PRIMARY DOCUMENT
0001179706-11-000106,2011-04-27,2011-04-25,2011-04-27T21:18:14.000Z,,4,,,,4,8330,0,0,,xslF345X03/edgar.xml,PRIMARY DOCUMENT
0001179706-11-000107,2011-04-27,2011-04-25,2011-04-27T21:18:43.000Z,,4,,,,4,7882,0,0,,xslF345X03/edgar.xml,PRIMARY DOCUMENT
0001179706-11-000108,2011-04-27,2011-04-25,2011-04-27T21:18:59.000Z,,4,,,,4,5431,0,0,,xslF345X03/edgar.xml,PRIMARY DOCUMENT
0001179706-11-000109,2011-04-27,2011-04-25,2011-04-27T21:19:16.000Z,,4,,,,4,5445,0,0,,xslF345X03/edgar.xml,PRIMARY DOCUMENT
0001179706-11-000110,2011-04-27,2011-04-25,2011-04-27T21:19:33.000Z,,4,,,,4,6303,0,0,,xslF345X03/edgar.xml,PRIMARY DOCUMENT
0001179706-11-000111,2011-04-27,2011-04-25,2011-04-27T21:19:52.000Z,,4,,,,4,6335,0,0,,xslF345X03/edgar.xml,PRIMARY DOCUMENT
0001179706-11-000112,2011-04-27,2011-04-25,2011-04-27T21:20:55.000Z,,4,,,,4,5358,0,0,,xslF345X03/edgar.xml,PRIMARY DOCUMENT
0000047217-11-000012,2011-04-28,,2011-04-28T20:59:16.000Z,33,S-8,333-173784,11789314,,S-8,175489,0,0,,esppforms-8_032011.htm,2011 EMPLOYEE STOCK PURCHASE PLAN FORM S-8
0000047217-11-000016,2011-05-12,,2011-05-12T22:09:21.000Z,,CORRESP,,,,CORRESP,64847,0,0,,filename1.htm,
0000047217-11-000019,2011-05-17,2011-05-17,2011-05-17T11:45:14.000Z,34,8-K,001-04423,11849815,"2.02,9.01",8-K,1484012,0,0,,q2form8-k_0511.htm,Q211 FORM 8-K
0001179706-11-000114,2011-05-17,2011-05-15,2011-05-17T22:58:46.000Z,,4,,,,4,5913,0,0,,xslF345X03/edgar.xml,PRIMARY DOCUMENT
0000000000-11-031083,2011-05-18,,2011-05-18T17:07:38.000Z,,UPLOAD,,,,LETTER,46999,0,0,,filename1.pdf,
0000047217-11-000022,2011-05-20,,2011-05-20T20:32:45.000Z,33,S-8,333-174389,11861982,,S-8,259135,0,0,,verticas-8_052011.htm,"VERTICA SYSTEMS, INC. FORM S-8"
0001193125-11-150388,2011-05-25,,2011-05-25T20:09:28.000Z,33,424B2,333-159366,11871063,,424B2,511377,0,0,,d424b2.htm,FILED PURSUANT TO RULE 424(B)(2)
0001193125-11-150741,2011-05-26,,2011-05-26T01:49:15.000Z,34,FWP,333-159366,11872441,,FWP,12232,0,0,,dfwp.htm,FREE WRITING PROSPECTUS
0001193125-11-150742,2011-05-26,,2011-05-26T01:50:15.000Z,34,FWP,333-159366,11872444,,FWP,13373,0,0,,dfwp.htm,FREE WRITING PROSPECTUS
0001193125-11-150747,2011-05-26,,2011-05-26T01:53:16.000Z,34,FWP,333-159366,11872448,,FWP,13330,0,0,,dfwp.htm,FREE WRITING PROSPECTUS
0001193125-11-150748,2011-05-26,,2011-05-26T01:54:48.000Z,34,FWP,333-159366,11872449,,FWP,13332,0,0,,dfwp.htm,FREE WRITING PROSPECTUS
0001193125-11-150751,2011-05-26,,2011-05-26T01:56:46.000Z,34,FWP,333-159366,11872451,,FWP,13331,0,0,,dfwp.htm,FREE WRITING PROSPECTUS
0001193125-11-151871,2011-05-26,,2011-05-26T21:15:43.000Z,33,424B5,333-159366,11875246,,424B5,540690,0,0,,d424b5.htm,FILED PURSUANT TO RULE 424(B)(5)
0001104659-11-032677,2011-06-01,2011-05-25,2011-06-01T21:11:27.000Z,34,8-K,001-04423,11885984,"8.01,9.01",8-K,830732,0,0,,a11-13596_18k.htm,8-K
0001179706-11-000120,2011-06-03,2011-06-01,2011-06-03T22:43:39.000Z,,3,,,,3,13017,0,0,,xslF345X02/edgar.xml,PRIMARY DOCUMENT
0001179706-11-000121,2011-06-03,2011-06-01,2011-06-03T22:43:49.000Z,,4,,,,4,5510,0,0,,xslF345X03/edgar.xml,PRIMARY DOCUMENT
0001047469-11-005755,2011-06-08,2011-04-30,2011-06-08T21:15:37.000Z,34,10-Q,001-04423,11901603,,10-Q,16577110,1,0,,a2204286z10-q.htm,10-Q
0000047217-11-000025,2011-06-16,2011-06-10,2011-06-16T21:05:41.000Z,34,8-K,001-04423,11915850,"5.02,5.03,8.01,9.01",8-K,326192,0,0,,form8-k_0611.htm,FORM 8-K
0000047217-11-000028,2011-06-29,2010-12-31,2011-06-29T20:06:09.000Z,34,11-K,001-04423,11939045,,11-K,11638336,0,0,,form11-k_2010.htm,2010 FORM 11-K
0001179706-11-000127,2011-06-29,2011-06-27,2011-06-29T23:57:29.000Z,,4,,,,4,11800,0,0,,xslF345X03/edgar.xml,PRIMARY DOCUMENT
0001179706-11-000128,2011-06-29,2011-06-27,2011-06-29T23:57:51.000Z,,4,,,,4,11825,0,0,,xslF345X03/edgar.xml,PRIMARY DOCUMENT
0001179706-11-000129,2011-06-29,2011-06-27,2011-06-29T23:58:17.000Z,,4,,,,4,17333,0,0,,xslF345X03/edgar.xml,PRIMARY DOCUMENT
0001179706-11-000130,2011-06-29,2011-06-27,2011-06-29T23:58:39.000Z,,4,,,,4,14022,0,0,,xslF345X03/edgar.xml,PRIMARY DOCUMENT
0001179706-11-000131,2011-06-29,2011-06-27,2011-06-29T23:59:01.000Z,,4,,,,4,13555,0,0,,xslF345X03/edgar.xml,PRIMARY DOCUMENT
0000047217-11-000032,2011-07-21,2011-07-21,2011-07-21T20:48:09.000Z,34,8-K,001-04423,11980254,8.01,8-K,26405,0,0,,form8-k_072111.htm,FORM 8-K
0000047217-11-000035,2011-07-22,2011-03-28,2011-07-22T21:22:13.000Z,34,8-K/A,001-04423,11983185,5.07,8-K/A,27214,0,0,,form8-ka_072011.htm,FORM 8-K/A
0001179706-11-000134,2011-07-26,2011-07-21,2011-07-27T01:27:33.000Z,,3,,,,3,26832,0,0,,xslF345X02/edgar.xml,PRIMARY DOCUMENT
0001179706-11-000135,2011-07-26,2011-07-23,2011-07-27T01:27:49.000Z,,4,,,,4,7355,0,0,,xslF345X03/edgar.xml,PRIMARY DOCUMENT
0001179706-11-000138,2011-08-01,2011-07-21,2011-08-02T00:13:29.000Z,,3,,,,3,18991,0,0,,xslF345X02/edgar.xml,PRIMARY DOCUMENT
0001179706-11-000141,2011-08-03,2011-08-01,2011-08-03T21:06:20.000Z,,4,,,,4,13108,0,0,,xslF345X03/edgar.xml,PRIMARY DOCUMENT
0001179706-11-000142,2011-08-03,2011-08-01,2011-08-03T21:06:42.000Z,,4,,,,4,12070,0,0,,xslF345X03/edgar.xml,PRIMARY DOCUMENT
0001086364-11-005077,2011-08-08,,2011-08-08T15:36:02.000Z,34,SC 13G/A,005-12061,111016177,,SC 13G/A,12546,0,0,,hewlettpackard07292011.txt,
0000047217-11-000039,2011-08-18,2011-08-18,2011-08-18T21:19:52.000Z,34,8-K,001-04423,111045636,"2.02,2.05,7.01,8.01,9.01",8-K,1542116,0,0,,q3form8-k_082011.htm,Q32011 FORM 8-K
0001104659-11-047805,2011-08-19,2011-08-18,2011-08-19T11:02:16.000Z,34,8-K,001-04423,111046014,"1.01,2.03,7.01,9.01",8-K,618363,0,0,,a11-24706_18k.htm,8-K
0001179706-11-000147,2011-08-24,2011-08-22,2011-08-24T23:16:21.000Z,,4,,,,4,9966,0,0,,xslF345X03/edgar.xml,PRIMARY DOCUMENT
0001179706-11-000148,2011-08-24,2011-08-16,2011-08-24T23:16:32.000Z,,3,,,,3,17548,0,0,,xslF345X02/edgar.xml,PRIMARY DOCUMENT
0001179706-11-000149,2011-08-24,2011-08-16,2011-08-24T23:16:58.000Z,,3,,,,3,17679,0,0,,xslF345X02/edgar.xml,PRIMARY DOCUMENT
0001179706-11-000150,2011-08-24,2011-07-21,2011-08-24T23:17:16.000Z,,3/A,,,,3/A,3812,0,0,,xslF345X02/edgar.xml,PRIMARY DOCUMENT
0001047469-11-007947,2011-09-09,2011-07-31,2011-09-09T20:55:48.000Z,34,10-Q,001-04423,111084069,,10-Q,16497510,1,0,,a2205371z10-q.htm,10-Q
0001104659-11-051404,2011-09-13,2011-09-13,2011-09-13T11:00:52.000Z,34,8-K,001-04423,111086856,8.01,8-K,23990,0,0,,a11-26363_18k.htm,8-K
0001193125-11-246876,2011-09-13,,2011-09-13T20:15:07.000Z,33,424B2,333-159366,111088251,,424B2,534602,0,0,,d228942d424b2.htm,FILED PURSUANT TO RULE 424B2
0001193125-11-247249,2011-09-14,,2011-09-14T01:36:03.000Z,34,FWP,333-159366,111089213,,FWP,22486,0,0,,d231916dfwp.htm,FREE WRITING PROSPECTUS
0001193125-11-247251,2011-09-14,,2011-09-14T01:38:51.000Z,34,FWP,333-159366,111089214,,FWP,14385,0,0,,d231916dfwp.htm,FREE WRITING PROSPECTUS
0001193125-11-247253,2011-09-14,,2011-09-14T01:41:21.000Z,34,FWP,333-159366,111089216,,FWP,14547,0,0,,d231916dfwp.htm,FREE WRITING PROSPECTUS
0001193125-11-247256,2011-09-14,,2011-09-14T01:44:26.000Z,34,FWP,333-159366,111089218,,FWP,15211,0,0,,d231916dfwp.htm,FREE WRITING PROSPECTUS
0001193125-11-247258,2011-09-14,,2011-09-14T01:47:24.000Z,34,FWP,333-159366,111089221,,FWP,15209,0,0,,d231916dfwp.htm,FREE WRITING PROSPECTUS
0001193125-11-248114,2011-09-14,,2011-09-14T21:08:39.000Z,33,424B5,333-159366,111091090,,424B5,571314,0,0,,d228942d424b5.htm,FILED PURSUANT TO RULE 424(B)(5)
0001193125-11-250713,2011-09-19,2011-09-13,2011-09-19T10:01:39.000Z,34,8-K,001-04423,111096371,"8.01,9.01",8-K,512914,0,0,,d233385d8k.htm,FORM 8-K
0001193125-11-251419,2011-09-19,2011-09-13,2011-09-19T21:07:04.000Z,34,8-K/A,001-04423,111097820,"8.01,9.01",8-K/A,22557,0,0,,d233385d8ka.htm,AMENDMENT TO FORM 8-K
0001104659-11-052939,2011-09-22,2011-09-22,2011-09-22T20:38:20.000Z,34,8-K,001-04423,111103359,"5.02,5.03,7.01,8.01,9.01",8-K,278903,0,0,,a11-26875_18k.htm,8-K
0001104659-11-053829,2011-09-28,2011-09-28,2011-09-28T21:18:08.000Z,34,8-K,001-04423,111112897,8.01,8-K,22669,0,0,,a11-27056_28k.htm,8-K
0001104659-11-054013,2011-09-29,2011-09-27,2011-09-29T21:19:43.000Z,34,8-K,001-04423,111115234,"5.02,9.01",8-K,219630,0,0,,a11-27056_18k.htm,8-K
0001179706-11-000156,2011-09-29,2011-09-27,2011-09-29T23:36:51.000Z,,4,,,,4,6287,0,0,,xslF345X03/edgar.xml,PRIMARY DOCUMENT
0001179706-11-000157,2011-09-29,2011-09-27,2011-09-29T23:37:16.000Z,,4,,,,4,7473,0,0,,xslF345X03/edgar.xml,PRIMARY DOCUMENT
0001179706-11-000158,2011-09-29,2011-09-27,2011-09-29T23:39:00.000Z,,4,,,,4,16376,0,0,,xslF345X03/edgar.xml,PRIMARY DOCUMENT
0001179706-11-000159,2011-09-29,2011-09-27,2011-09-29T23:39:43.000Z,,4,,,,4,14367,0,0,,xslF345X03/edgar.xml,PRIMARY DOCUMENT
0001104659-11-054593,2011-10-03,2011-10-03,2011-10-03T20:29:28.000Z,34,8-K,001-04423,111120528,"2.01,7.01,9.01",8-K,64720,0,0,,a11-27333_18k.htm,8-K
0000047217-11-000045,2011-10-12,,2011-10-12T20:53:05.000Z,33,S-8,333-177263,111137981,,S-8,1466495,0,0,,forms-8_102011.htm,AUTONOMY CORPORATION PLC FORM S-8
0000047217-11-000047,2011-10-27,2011-10-27,2011-10-27T20:07:14.000Z,34,8-K,001-04423,111161979,"8.01,9.01",8-K,89950,0,0,,form8-k_102711.htm,FORM 8-K
0001179706-11-000165,2011-11-02,2011-10-31,2011-11-03T01:38:13.000Z,,4,,,,4,14549,0,0,,xslF345X03/edgar.xml,PRIMARY DOCUMENT
0001179706-11-000166,2011-11-02,2011-10-31,2011-11-03T01:38:53.000Z,,4,,,,4,14235,0,0,,xslF345X03/edgar.xml,PRIMARY DOCUMENT
0001179706-11-000167,2011-11-02,2011-10-31,2011-11-03T01:39:19.000Z,,4,,,,4,15755,0,0,,xslF345X03/edgar.xml,PRIMARY DOCUMENT
0001179706-11-000168,2011-11-02,2011-10-31,2011-11-03T01:39:45.000Z,,4,,,,4,12134,0,0,,xslF345X03/edgar.xml,PRIMARY DOCUMENT
0001179706-11-000169,2011-11-02,2011-10-31,2011-11-03T01:40:16.000Z,,4,,,,4,14299,0,0,,xslF345X03/edgar.xml,PRIMARY DOCUMENT
0001179706-11-000172,2011-11-03,2011-11-01,2011-11-03T22:12:37.000Z,,4,,,,4,11566,0,0,,xslF345X03/edgar.xml,PRIMARY DOCUMENT
0001179706-11-000174,2011-11-03,2011-11-01,2011-11-04T00:47:35.000Z,,4/A,,,,4/A,4946,0,0,,xslF345X03/edgar.xml,PRIMARY DOCUMENT
0001104659-11-064899,2011-11-17,2011-11-17,2011-11-17T21:59:07.000Z,34,8-K,001-04423,111213662,"5.02,5.03,9.01",8-K,390012,0,0,,a11-29982_18k.htm,8-K
9999999997-11-017196,2011-11-18,2011-10-25,2011-12-05T16:53:40.000Z,34,NO ACT,001-04423,11008189,,NO ACT,1336,0,0,,9999999997-11-017196.paper,AUTO-GENERATED PAPER DOCUMENT
0000047217-11-000050,2011-11-21,2011-11-21,2011-11-21T21:12:07.000Z,34,8-K,001-04423,111219159,"2.02,9.01",8-K,1522562,0,0,,q4form8-k_11212011.htm,FORM 8-K
0001179706-11-000179,2011-11-28,2011-11-17,2011-11-29T02:13:21.000Z,,3,,,,3,16295,0,0,,xslF345X02/edgar.xml,PRIMARY DOCUMENT
0001179706-11-000180,2011-11-28,2011-11-17,2011-11-29T02:13:40.000Z,,3,,,,3,12986,0,0,,xslF345X02/edgar.xml,PRIMARY DOCUMENT
0001179706-11-000181,2011-11-28,2011-11-17,2011-11-29T02:13:58.000Z,,3,,,,3,14624,0,0,,xslF345X02/edgar.xml,PRIMARY DOCUMENT
0001179706-11-000183,2011-12-01,2011-11-29,2011-12-02T00:37:14.000Z,,4,,,,4,9964,0,0,,xslF345X03/edgar.xml,PRIMARY DOCUMENT
9999999997-11-017212,2011-12-01,2011-11-22,2011-12-05T18:20:20.000Z,34,NO ACT,001-04423,11008623,,NO ACT,1336,0,0,,9999999997-11-017212.paper,AUTO-GENERATED PAPER DOCUMENT
0001179706-11-000185,2011-12-02,2011-11-30,2011-12-02T23:42:34.000Z,,4,,,,4,21691,0,0,,xslF345X03/edgar.xml,PRIMARY DOCUMENT
0001047469-11-009947,2011-12-06,,2011-12-06T21:33:49.000Z,33,424B2,333-159366,111246118,,424B2,413667,0,0,,a2206606z424b2.htm,424B2
0001179706-11-000187,2011-12-06,2011-12-02,2011-12-06T23:56:08.000Z,,4,,,,4,8148,0,0,,xslF345X03/edgar.xml,PRIMARY DOCUMENT
0001104659-11-067948,2011-12-07,,2011-12-07T01:11:45.000Z,34,FWP,333-159366,111246944,,FWP,31837,0,0,,a11-31142_4fwp.htm,FWP
0001104659-11-067949,2011-12-07,,2011-12-07T01:12:16.000Z,34,FWP,333-159366,111246945,,FWP,31168,0,0,,a11-31142_5fwp.htm,FWP
0001104659-11-067950,2011-12-07,,2011-12-07T01:12:31.000Z,34,FWP,333-159366,111246946,,FWP,31787,0,0,,a11-31142_6fwp.htm,FWP
0001047469-11-009975,2011-12-07,,2011-12-07T22:06:46.000Z,33,424B5,333-159366,111249146,,424B5,430238,0,0,,a2206627z424b5.htm,424B5
0001104659-11-068991,2011-12-12,2011-12-06,2011-12-12T21:34:50.000Z,34,8-K,001-04423,111256479,"8.01,9.01",8-K,604664,0,0,,a11-31142_78k.htm,8-K
0001179706-11-000207,2011-12-13,2011-12-10,2011-12-14T02:36:43.000Z,,4,,,,4,14797,0,0,,xslF345X03/edgar.xml,PRIMARY DOCUMENT
0001179706-11-000208,2011-12-13,2011-12-10,2011-12-14T02:37:14.000Z,,4,,,,4,8870,0,0,,xslF345X03/edgar.xml,PRIMARY DOCUMENT
0001179706-11-000209,2011-12-13,2011-12-10,2011-12-14T02:37:37.000Z,,4,,,,4,16837,0,0,,xslF345X03/edgar.xml,PRIMARY DOCUMENT
0001179706-11-000210,2011-12-13,2011-12-10,2011-12-14T02:37:59.000Z,,4,,,,4,15295,0,0,,xslF345X03/edgar.xml,PRIMARY DOCUMENT
0001179706-11-000211,2011-12-13,2011-12-10,2011-12-14T02:38:17.000Z,,4,,,,4,16364,0,0,,xslF345X03/edgar.xml,PRIMARY DOCUMENT
0001179706-11-000212,2011-12-13,2011-12-10,2011-12-14T02:38:40.000Z,,4,,,,4,11505,0,0,,xslF345X03/edgar.xml,PRIMARY DOCUMENT
0001179706-11-000213,2011-12-13,2011-12-10,2011-12-14T02:39:03.000Z,,4,,,,4,12693,0,0,,xslF345X03/edgar.xml,PRIMARY DOCUMENT
0001179706-11-000214,2011-12-13,2011-12-10,2011-12-14T02:39:35.000Z,,4,,,,4,8817,0,0,,xslF345X03/edgar.xml,PRIMARY DOCUMENT
0001179706-11-000215,2011-12-13,2011-12-10,2011-12-14T02:40:04.000Z,,4,,,,4,13298,0,0,,xslF345X03/edgar.xml,PRIMARY DOCUMENT
0001179706-11-000216,2011-12-13,2011-12-10,2011-12-14T02:41:53.000Z,,4,,,,4,15213,0,0,,xslF345X03/edgar.xml,PRIMARY DOCUMENT
0001047469-11-010094,2011-12-14,2011-10-31,2011-12-14T22:26:45.000Z,34,10-K,001-04423,111261808,,10-K,26113162,1,0,,a2206500z10-k.htm,10-K
0001179706-11-000229,2011-12-14,2011-12-12,2011-12-15T02:33:41.000Z,,4,,,,4,9081,0,0,,xslF345X03/edgar.xml,PRIMARY DOCUMENT
0001179706-11-000230,2011-12-14,2011-12-12,2011-12-15T02:34:02.000Z,,4,,,,4,11674,0,0,,xslF345X03/edgar.xml,PRIMARY DOCUMENT
0001179706-11-000231,2011-12-14,2011-12-12,2011-12-15T02:34:23.000Z,,4,,,,4,8854,0,0,,xslF345X03/edgar.xml,PRIMARY DOCUMENT
0001179706-11-000232,2011-12-14,2011-12-12,2011-12-15T02:34:43.000Z,,4,,,,4,14129,0,0,,xslF345X03/edgar.xml,PRIMARY DOCUMENT
0001179706-11-000233,2011-12-14,2011-12-12,2011-12-15T02:35:00.000Z,,4,,,,4,12138,0,0,,xslF345X03/edgar.xml,PRIMARY DOCUMENT
0001179706-11-000234,2011-12-14,2011-12-12,2011-12-15T02:35:21.000Z,,4,,,,4,14038,0,0,,xslF345X03/edgar.xml,PRIMARY DOCUMENT
0001179706-11-000235,2011-12-14,2011-12-12,2011-12-15T02:35:44.000Z,,4,,,,4,10574,0,0,,xslF345X03/edgar.xml,PRIMARY DOCUMENT
0001179706-11-000236,2011-12-14,2011-12-12,2011-12-15T02:36:03.000Z,,4,,,,4,8930,0,0,,xslF345X03/edgar.xml,PRIMARY DOCUMENT
0001179706-11-000237,2011-12-14,2011-12-12,2011-12-15T02:36:27.000Z,,4,,,,4,10156,0,0,,xslF345X03/edgar.xml,PRIMARY DOCUMENT
0001179706-11-000238,2011-12-14,2011-12-12,2011-12-15T02:36:54.000Z,,4,,,,4,9119,0,0,,xslF345X03/edgar.xml,PRIMARY DOCUMENT
0001179706-11-000239,2011-12-14,2011-12-12,2011-12-15T02:37:17.000Z,,4,,,,4,9067,0,0,,xslF345X03/edgar.xml,PRIMARY DOCUMENT
0001179706-11-000240,2011-12-14,2011-12-12,2011-12-15T02:37:39.000Z,,4,,,,4,9083,0,0,,xslF345X03/edgar.xml,PRIMARY DOCUMENT
0001179706-11-000242,2011-12-16,2011-12-14,2011-12-16T23:12:54.000Z,,4,,,,4,12352,0,0,,xslF345X03/edgar.xml,PRIMARY DOCUMENT
9999999997-11-017830,2011-12-16,2011-12-08,2011-12-29T15:44:37.000Z,34,NO ACT,001-04423,11008766,,NO ACT,1336,0,0,,9999999997-11-017830.paper,AUTO-GENERATED PAPER DOCUMENT
0000047217-12-000003,2012-01-20,2012-01-18,2012-01-20T21:03:52.000Z,34,8-K,001-04423,12537121,5.02,8-K,25677,0,0,,form8-k_012012.htm,FORM 8-K
0000047217-12-000006,2012-01-30,2012-01-24,2012-01-30T21:07:18.000Z,34,8-K,001-04423,12555668,5.02,8-K,25843,0,0,,form8-k_01302012.htm,FORM 8-K
0001179706-12-000003,2012-01-30,2012-01-19,2012-01-30T23:46:21.000Z,,3,,,,3,16085,0,0,,xslF345X02/edgar.xml,PRIMARY DOCUMENT
0001179706-12-000007,2012-01-31,2012-01-27,2012-02-01T01:30:25.000Z,,4,,,,4,17955,0,0,,xslF345X03/edgar.xml,PRIMARY DOCUMENT
0001179706-12-000008,2012-01-31,2012-01-30,2012-02-01T01:30:52.000Z,,4,,,,4,17761,0,0,,xslF345X03/edgar.xml,PRIMARY DOCUMENT
0001047469-12-000593,2012-02-03,2012-03-21,2012-02-03T13:01:41.000Z,34,DEF 14A,001-04423,12567934,,DEF 14A,1141115,0,0,,a2207020zdef14a.htm,DEF 14A
0001104659-12-006581,2012-02-03,,2012-02-03T21:31:29.000Z,34,DEFA14A,001-04423,12570365,,DEFA14A,68976,0,0,,a12-1446_4defa14a.htm,DEFA14A
9999999997-12-001057,2012-02-06,2011-10-31,2012-02-21T18:51:00.000Z,34,ARS,001-04423,12025471,,ARS,1327,0,0,,9999999997-12-001057.paper,AUTO-GENERATED PAPER DOCUMENT
0001086364-12-000539,2012-02-09,,2012-02-09T18:12:17.000Z,34,SC 13G,005-12061,12585808,,SC 13G,13322,0,0,,hewlett-packard.co..txt,
0001519058-12-000039,2012-02-09,,2012-02-09T19:03:38.000Z,34,SC 13G,005-12061,12586217,,SC 13G,9110,0,0,,hpq.txt,HEWLETT PACKARD ANNUAL
0001193125-12-052119,2012-02-10,,2012-02-10T19:42:57.000Z,34,SC 13G,005-12061,12592088,,SC 13G,37564,0,0,,d291326dsc13g.htm,SCHEDULE 13G
0000047217-12-000009,2012-02-22,2012-02-22,2012-02-22T21:08:06.000Z,34,8-K,001-04423,12630373,"2.02,9.01",8-K,3893005,0,0,,q1form8-k_022012.htm,Q12012 FORM 8-K
0001179706-12-000010,2012-03-01,2012-02-28,2012-03-01T22:46:07.000Z,,4,,,,4,10136,0,0,,xslF345X03/edgar.xml,PRIMARY DOCUMENT
0001179706-12-000015,2012-03-05,2012-03-01,2012-03-05T23:53:50.000Z,,4,,,,4,21033,0,0,,xslF345X03/edgar.xml,PRIMARY DOCUMENT
0001047469-12-002228,2012-03-07,,2012-03-07T21:22:37.000Z,33,424B2,333-159366,12674474,,424B2,404384,0,0,,a2207816z424b2.htm,424B2
0001104659-12-016317,2012-03-08,,2012-03-07T23:48:33.000Z,34,FWP,333-159366,12675435,,FWP,32212,0,0,,a12-6434_4fwp.htm,FWP
0001104659-12-016318,2012-03-08,,2012-03-07T23:49:06.000Z,34,FWP,333-159366,12675436,,FWP,31286,0,0,,a12-6434_5fwp.htm,FWP
0001047469-12-002309,2012-03-08,,2012-03-08T22:24:47.000Z,33,424B5,333-159366,12678175,,424B5,413522,0,0,,a2207980z424b5.htm,424B25
0001104659-12-017553,2012-03-12,2012-03-07,2012-03-12T20:26:33.000Z,34,8-K,001-04423,12684294,"8.01,9.01",8-K,512918,0,0,,a12-6434_68k.htm,8-K
0001047469-12-002476,2012-03-12,2012-01-31,2012-03-12T20:55:32.000Z,34,10-Q,001-04423,12684587,,10-Q,14920756,1,0,,a2207600z10-q.htm,10-Q
0000047217-12-000013,2012-03-23,2012-03-19,2012-03-23T21:18:27.000Z,34,8-K,001-04423,12712655,"5.02,5.03,5.07,7.01,8.01,9.01",8-K,325842,0,0,,form8-k_032012.htm,FORM 8-K
0001179706-12-000019,2012-03-27,2012-03-23,2012-03-27T22:42:18.000Z,,4,,,,4,25434,0,0,,xslF345X03/edgar.xml,PRIMARY DOCUMENT
0001179706-12-000028,2012-04-24,2012-04-20,2012-04-25T00:28:17.000Z,,4,,,,4,9383,0,0,,xslF345X03/edgar.xml,PRIMARY DOCUMENT
0001179706-12-000029,2012-04-24,2012-04-20,2012-04-25T00:28:34.000Z,,4,,,,4,8374,0,0,,xslF345X03/edgar.xml,PRIMARY DOCUMENT
0001179706-12-000030,2012-04-24,2012-04-20,2012-04-25T00:28:50.000Z,,4,,,,4,11811,0,0,,xslF345X03/edgar.xml,PRIMARY DOCUMENT
0001179706-12-000031,2012-04-24,2012-04-20,2012-04-25T00:29:07.000Z,,4,,,,4,10126,0,0,,xslF345X03/edgar.xml,PRIMARY DOCUMENT
0001179706-12-000032,2012-04-24,2012-04-20,2012-04-25T00:29:28.000Z,,4,,,,4,10813,0,0,,xslF345X03/edgar.xml,PRIMARY DOCUMENT
0001179706-12-000033,2012-04-24,2012-04-20,2012-04-25T00:29:47.000Z,,4,,,,4,8365,0,0,,xslF345X03/edgar.xml,PRIMARY DOCUMENT
0001179706-12-000034,2012-04-24,2012-04-20,2012-04-25T00:30:11.000Z,,4,,,,4,9244,0,0,,xslF345X03/edgar.xml,PRIMARY DOCUMENT
0001179706-12-000035,2012-04-24,2012-04-20,2012-04-25T01:41:16.000Z,,4,,,,4,7543,0,0,,xslF345X03/edgar.xml,PRIMARY DOCUMENT
0001179706-12-000046,2012-04-27,2012-04-25,2012-04-28T00:27:28.000Z,,4,,,,4,7343,0,0,,xslF345X03/edgar.xml,PRIMARY DOCUMENT
0001179706-12-000047,2012-04-27,2012-04-25,2012-04-28T00:27:50.000Z,,4,,,,4,7230,0,0,,xslF345X03/edgar.xml,PRIMARY DOCUMENT
0001179706-12-000048,2012-04-27,2012-04-25,2012-04-28T00:28:05.000Z,,4,,,,4,7181,0,0,,xslF345X03/edgar.xml,PRIMARY DOCUMENT
0001179706-12-000049,2012-04-27,2012-04-25,2012-04-28T00:28:27.000Z,,4,,,,4,12631,0,0,,xslF345X03/edgar.xml,PRIMARY DOCUMENT
0001179706-12-000050,2012-04-27,2012-04-25,2012-04-28T00:29:01.000Z,,4,,,,4,7124,0,0,,xslF345X03/edgar.xml,PRIMARY DOCUMENT
0001179706-12-000051,2012-04-27,2012-04-25,2012-04-28T00:29:15.000Z,,4,,,,4,7227,0,0,,xslF345X03/edgar.xml,PRIMARY DOCUMENT
0001179706-12-000052,2012-04-27,2012-04-25,2012-04-28T00:29:36.000Z,,4,,,,4,7199,0,0,,xslF345X03/edgar.xml,PRIMARY DOCUMENT
0001179706-12-000053,2012-04-27,2012-04-25,2012-04-28T00:29:54.000Z,,4,,,,4,13602,0,0,,xslF345X03/edgar.xml,PRIMARY DOCUMENT
0001179706-12-000054,2012-04-27,2012-04-25,2012-04-28T00:30:59.000Z,,4,,,,4,16723,0,0,,xslF345X03/edgar.xml,PRIMARY DOCUMENT
0001179706-12-000055,2012-04-27,2012-04-25,2012-04-28T00:32:12.000Z,,4,,,,4,8140,0,0,,xslF345X03/edgar.xml,PRIMARY DOCUMENT
0001179706-12-000057,2012-05-09,2012-05-01,2012-05-09T23:09:46.000Z,,3,,,,3,24221,0,0,,xslF345X02/edgar.xml,PRIMARY DOCUMENT
0001179706-12-000059,2012-05-15,2012-05-13,2012-05-15T21:20:09.000Z,,4,,,,4,5780,0,0,,xslF345X03/edgar.xml,PRIMARY DOCUMENT
0000047217-12-000018,2012-05-23,2012-05-23,2012-05-23T20:12:17.000Z,34,8-K,001-04423,12864473,"2.02,2.05,2.06,9.01",8-K,1400050,0,0,,q2form8-k_052012.htm,FORM 8-K
0001047469-12-006292,2012-05-24,,2012-05-24T21:07:12.000Z,33,S-3ASR,333-181669,12868416,,S-3ASR,714294,0,0,,a2209715zs-3asr.htm,S-3ASR
0001179706-12-000061,2012-05-24,2012-05-17,2012-05-25T00:31:23.000Z,,3,,,,3,25032,0,0,,xslF345X02/edgar.xml,PRIMARY DOCUMENT
0001179706-12-000066,2012-05-30,2012-05-28,2012-05-30T22:43:44.000Z,,3,,,,3,12972,0,0,,xslF345X02/edgar.xml,PRIMARY DOCUMENT
0001179706-12-000067,2012-05-30,2012-05-28,2012-05-30T22:43:56.000Z,,4,,,,4,8922,0,0,,xslF345X03/edgar.xml,PRIMARY DOCUMENT
0001179706-12-000068,2012-05-30,2012-05-25,2012-05-30T22:44:26.000Z,,4,,,,4,11396,0,0,,xslF345X03/edgar.xml,PRIMARY DOCUMENT
0001179706-12-000072,2012-06-04,2012-05-31,2012-06-04T22:18:10.000Z,,4,,,,4,10482,0,0,,xslF345X03/edgar.xml,PRIMARY DOCUMENT
0001179706-12-000073,2012-06-04,2012-05-31,2012-06-04T22:18:47.000Z,,4,,,,4,8572,0,0,,xslF345X03/edgar.xml,PRIMARY DOCUMENT
0001179706-12-000074,2012-06-04,2012-06-01,2012-06-04T22:33:18.000Z,,4,,,,4,16754,0,0,,xslF345X03/edgar.xml,PRIMARY DOCUMENT
0001179706-12-000076,2012-06-07,2012-06-05,2012-06-07T21:42:28.000Z,,4,,,,4,4528,0,0,,xslF345X03/edgar.xml,PRIMARY DOCUMENT
0001047469-12-006550,2012-06-08,2012-04-30,2012-06-08T21:19:52.000Z,34,10-Q,001-04423,12898667,,10-Q,16697290,1,0,,a2209764z10-q.htm,10-Q
0000047217-12-000022,2012-06-27,2011-12-31,2012-06-27T17:47:34.000Z,34,11-K,001-04423,12929104,,11-K,6075536,0,0,,form11-k_2011.htm,2011 FORM 11-K
0001104659-12-055587,2012-08-08,2012-08-07,2012-08-08T13:15:34.000Z,34,8-K,001-04423,121015252,"2.06,7.01,8.01,9.01",8-K,63051,0,0,,a12-17833_18k.htm,8-K
0000047217-12-000025,2012-08-22,2012-08-22,2012-08-22T20:09:40.000Z,34,8-K,001-04423,121049937,"2.02,9.01",8-K,1403911,0,0,,q3form8-k_082012.htm,Q32012 FORM 8-K
0000000000-12-048665,2012-09-07,,2012-09-07T14:43:40.000Z,,UPLOAD,,,,LETTER,161595,0,0,,filename1.pdf,
0001047469-12-008732,2012-09-10,2012-07-31,2012-09-08T01:51:12.000Z,34,10-Q,001-04423,121081418,,10-Q,17462868,1,0,,a2210845z10-q.htm,10-Q
0000047217-12-000028,2012-10-03,2012-10-03,2012-10-03T16:22:23.000Z,34,8-K,001-04423,121125853,7.01,8-K,29169,0,0,,form8-k_102012.htm,FORM 8-K
0000047217-12-000031,2012-10-09,,2012-10-09T23:36:40.000Z,,CORRESP,,,,CORRESP,88722,0,0,,filename1.htm,
0000000000-12-056511,2012-10-12,,2012-10-12T18:37:37.000Z,,UPLOAD,,,,LETTER,73565,0,0,,filename1.pdf,
0001179706-12-000082,2012-11-02,2012-10-31,2012-11-02T23:57:25.000Z,,4,,,,4,21019,0,0,,xslF345X03/edgar.xml,PRIMARY DOCUMENT
0001179706-12-000083,2012-11-02,2012-10-31,2012-11-02T23:57:51.000Z,,4,,,,4,16265,0,0,,xslF345X03/edgar.xml,PRIMARY DOCUMENT
0001179706-12-000084,2012-11-02,2012-10-31,2012-11-02T23:58:23.000Z,,4,,,,4,15475,0,0,,xslF345X03/edgar.xml,PRIMARY DOCUMENT
0001179706-12-000085,2012-11-02,2012-10-31,2012-11-02T23:58:47.000Z,,4,,,,4,18226,0,0,,xslF345X03/edgar.xml,PRIMARY DOCUMENT
0001179706-12-000086,2012-11-02,2012-10-31,2012-11-02T23:59:22.000Z,,4,,,,4,14746,0,0,,xslF345X03/edgar.xml,PRIMARY DOCUMENT
0001179706-12-000089,2012-11-19,2012-11-15,2012-11-19T22:19:06.000Z,,4,,,,4,12417,0,0,,xslF345X03/edgar.xml,PRIMARY DOCUMENT
0000047217-12-000033,2012-11-20,2012-11-20,2012-11-20T12:41:01.000Z,34,8-K,001-04423,121216522,"2.02,8.01,9.01",8-K,1538758,0,0,,q4form8-k_112012.htm,Q42012 FORM 8-K
0000047217-12-000035,2012-11-20,,2012-11-20T21:11:24.000Z,,CORRESP,,,,CORRESP,45387,0,0,,filename1.htm,
0001179706-12-000091,2012-12-05,2012-12-03,2012-12-05T21:42:48.000Z,,4,,,,4,8024,0,0,,xslF345X03/edgar.xml,PRIMARY DOCUMENT
0001179706-12-000105,2012-12-10,2012-12-06,2012-12-11T01:38:43.000Z,,4,,,,4,19154,0,0,,xslF345X03/edgar.xml,PRIMARY DOCUMENT
0001179706-12-000106,2012-12-10,2012-12-06,2012-12-11T01:39:30.000Z,,4,,,,4,9046,0,0,,xslF345X03/edgar.xml,PRIMARY DOCUMENT
0001179706-12-000107,2012-12-10,2012-12-06,2012-12-11T01:39:56.000Z,,4,,,,4,11871,0,0,,xslF345X03/edgar.xml,PRIMARY DOCUMENT
0001179706-12-000108,2012-12-10,2012-12-06,2012-12-11T01:40:12.000Z,,4,,,,4,8983,0,0,,xslF345X03/edgar.xml,PRIMARY DOCUMENT
0001179706-12-000109,2012-12-10,2012-12-06,2012-12-11T01:40:34.000Z,,4,,,,4,17454,0,0,,xslF345X03/edgar.xml,PRIMARY DOCUMENT
0001179706-12-000110,2012-12-10,2012-12-06,2012-12-11T01:40:52.000Z,,4,,,,4,11753,0,0,,xslF345X03/edgar.xml,PRIMARY DOCUMENT
0001179706-12-000111,2012-12-10,2012-12-06,2012-12-11T01:41:10.000Z,,4,,,,4,17268,0,0,,xslF345X03/edgar.xml,PRIMARY DOCUMENT
0001179706-12-000112,2012-12-10,2012-12-06,2012-12-11T01:41:27.000Z,,4,,,,4,20101,0,0,,xslF345X03/edgar.xml,PRIMARY DOCUMENT
0001179706-12-000113,2012-12-10,2012-12-06,2012-12-11T01:41:47.000Z,,4,,,,4,10099,0,0,,xslF345X03/edgar.xml,PRIMARY DOCUMENT
0001179706-12-000114,2012-12-10,2012-12-06,2012-12-11T01:42:08.000Z,,4,,,,4,8930,0,0,,xslF345X03/edgar.xml,PRIMARY DOCUMENT
0001179706-12-000115,2012-12-10,2012-12-06,2012-12-11T01:42:37.000Z,,4,,,,4,9097,0,0,,xslF345X03/edgar.xml,PRIMARY DOCUMENT
0001179706-12-000116,2012-12-10,2012-12-06,2012-12-11T01:42:59.000Z,,4,,,,4,9785,0,0,,xslF345X03/edgar.xml,PRIMARY DOCUMENT
0001179706-12-000117,2012-12-10,2012-12-06,2012-12-11T01:43:22.000Z,,4,,,,4,10064,0,0,,xslF345X03/edgar.xml,PRIMARY DOCUMENT
0001179706-12-000120,2012-12-11,2012-12-07,2012-12-11T21:38:57.000Z,,4,,,,4,10168,0,0,,xslF345X03/edgar.xml,PRIMARY DOCUMENT
0001179706-12-000121,2012-12-11,2012-12-07,2012-12-11T21:39:17.000Z,,4,,,,4,8815,0,0,,xslF345X03/edgar.xml,PRIMARY DOCUMENT
0001179706-12-000130,2012-12-12,2012-12-10,2012-12-13T01:09:55.000Z,,4,,,,4,9639,0,0,,xslF345X03/edgar.xml,PRIMARY DOCUMENT
0001179706-12-000131,2012-12-12,2012-12-10,2012-12-13T01:10:20.000Z,,4,,,,4,8827,0,0,,xslF345X03/edgar.xml,PRIMARY DOCUMENT
0001179706-12-000132,2012-12-12,2012-12-10,2012-12-13T01:10:48.000Z,,4,,,,4,10377,0,0,,xslF345X03/edgar.xml,PRIMARY DOCUMENT
0001179706-12-000133,2012-12-12,2012-12-10,2012-12-13T01:11:08.000Z,,4,,,,4,10137,0,0,,xslF345X03/edgar.xml,PRIMARY DOCUMENT
0001179706-12-000134,2012-12-12,2012-12-10,2012-12-13T01:11:37.000Z,,4,,,,4,8758,0,0,,xslF345X03/edgar.xml,PRIMARY DOCUMENT
0001179706-12-000135,2012-12-12,2012-12-10,2012-12-13T01:11:59.000Z,,4,,,,4,8787,0,0,,xslF345X03/edgar.xml,PRIMARY DOCUMENT
0001179706-12-000136,2012-12-12,2012-12-10,2012-12-13T01:12:17.000Z,,4,,,,4,9665,0,0,,xslF345X03/edgar.xml,PRIMARY DOCUMENT
0001179706-12-000137,2012-12-12,2012-12-10,2012-12-13T01:12:36.000Z,,4,,,,4,12461,0,0,,xslF345X03/edgar.xml,PRIMARY DOCUMENT
0001179706-12-000146,2012-12-14,2012-12-12,2012-12-14T23:54:11.000Z,,4,,,,4,9687,0,0,,xslF345X03/edgar.xml,PRIMARY DOCUMENT
0001179706-12-000147,2012-12-14,2012-12-12,2012-12-14T23:54:32.000Z,,4,,,,4,11595,0,0,,xslF345X03/edgar.xml,PRIMARY DOCUMENT
0001179706-12-000148,2012-12-14,2012-12-12,2012-12-14T23:54:57.000Z,,4,,,,4,8813,0,0,,xslF345X03/edgar.xml,PRIMARY DOCUMENT
0001179706-12-000149,2012-12-14,2012-12-12,2012-12-14T23:55:15.000Z,,4,,,,4,11547,0,0,,xslF345X03/edgar.xml,PRIMARY DOCUMENT
0001179706-12-000150,2012-12-14,2012-12-12,2012-12-14T23:55:36.000Z,,4,,,,4,11393,0,0,,xslF345X03/edgar.xml,PRIMARY DOCUMENT
0001179706-12-000151,2012-12-14,2012-12-12,2012-12-14T23:56:09.000Z,,4,,,,4,10423,0,0,,xslF345X03/edgar.xml,PRIMARY DOCUMENT
0001179706-12-000152,2012-12-14,2012-12-12,2012-12-14T23:56:28.000Z,,4,,,,4,8803,0,0,,xslF345X03/edgar.xml,PRIMARY DOCUMENT
0001179706-12-000153,2012-12-14,2012-12-12,2012-12-14T23:56:52.000Z,,4,,,,4,10133,0,0,,xslF345X03/edgar.xml,PRIMARY DOCUMENT
0001179706-12-000155,2012-12-18,2012-12-14,2012-12-18T23:51:27.000Z,,4,,,,4,9669,0,0,,xslF345X03/edgar.xml,PRIMARY DOCUMENT
0001047469-12-011417,2012-12-27,2012-10-31,2012-12-27T21:55:25.000Z,34,10-K,001-04423,121287831,,10-K,28346359,1,0,,a2211959z10-k.htm,10-K
0001179706-13-000002,2013-01-04,2013-01-02,2013-01-04T22:58:06.000Z,,4,,,,4,9674,0,0,,xslF345X03/edgar.xml,PRIMARY DOCUMENT
0001047469-13-000179,2013-01-11,2013-03-20,2013-01-11T22:20:13.000Z,34,PRE 14A,001-04423,13526137,,PRE 14A,1791289,0,0,,a2212404zpre14a.htm,PRE 14A
0001179706-13-000006,2013-01-18,2013-01-16,2013-01-19T00:01:50.000Z,,4,,,,4,17058,0,0,,xslF345X03/edgar.xml,PRIMARY DOCUMENT
0001179706-13-000007,2013-01-18,2013-01-16,2013-01-19T00:02:08.000Z,,3,,,,3,22859,0,0,,xslF345X02/edgar.xml,PRIMARY DOCUMENT
0001179706-13-000008,2013-01-18,2013-01-16,2013-01-19T00:02:19.000Z,,4,,,,4,9780,0,0,,xslF345X03/edgar.xml,PRIMARY DOCUMENT
0001179706-13-000010,2013-01-23,2013-01-18,2013-01-24T00:21:25.000Z,,4,,,,4,11657,0,0,,xslF345X03/edgar.xml,PRIMARY DOCUMENT
0001179706-13-000012,2013-01-29,2013-01-27,2013-01-29T22:34:37.000Z,,4,,,,4,5340,0,0,,xslF345X03/edgar.xml,PRIMARY DOCUMENT
0001047469-13-000585,2013-01-31,2013-03-20,2013-01-31T22:18:10.000Z,34,DEF 14A,001-04423,13563654,,DEF 14A,1761190,0,0,,a2212649zdef14a.htm,DEF 14A
0001104659-13-006549,2013-01-31,,2013-01-31T22:23:49.000Z,34,DEFA14A,001-04423,13563797,,DEFA14A,288844,0,0,,a13-1519_4defa14a.htm,DEFA14A
9999999997-13-000793,2013-02-04,2012-10-31,2013-02-08T13:58:13.000Z,34,ARS,001-04423,13000139,,ARS,1327,0,0,,9999999997-13-000793.paper,AUTO-GENERATED PAPER DOCUMENT
0001086364-13-002758,2013-02-06,,2013-02-06T14:55:43.000Z,34,SC 13G/A,005-12061,13576433,,SC 13G/A,13414,0,0,,hewlett-packard.co..txt,
0001519058-13-000068,2013-02-11,,2013-02-11T21:17:02.000Z,34,SC 13G,005-12061,13591903,,SC 13G,9008,0,0,,hpq.txt,
0001193125-13-055188,2013-02-13,,2013-02-13T20:50:56.000Z,34,SC 13G/A,005-12061,13602914,,SC 13G/A,35806,0,0,,d479745dsc13ga.htm,FORM SC 13G AMENDMENT NO. 1
0000047217-13-000004,2013-02-21,2013-02-21,2013-02-21T13:32:37.000Z,34,8-K,001-04423,13628901,"2.02,9.01",8-K,2466265,0,0,,realignform8-k_22013.htm,FORM 8-K
0000047217-13-000007,2013-02-21,2013-02-21,2013-02-21T21:10:58.000Z,34,8-K,001-04423,13630558,"2.02,9.01",8-K,1011599,0,0,,q1form8-k_022013.htm,Q12013 FORM 8-K
0001377739-13-000003,2013-02-26,,2013-02-26T22:00:46.000Z,34,PX14A6G,001-04423,13643486,,PX14A6G,7037,0,0,,hpltrfebthirteen.txt,SHAREHOLDER LETTER
0001104659-13-016493,2013-03-01,,2013-03-01T14:00:42.000Z,34,DEFA14A,001-04423,13654821,,DEFA14A,222935,0,0,,a13-6414_1defa14a.htm,DEFA14A
0001214659-13-001312,2013-03-08,,2013-03-08T20:16:57.000Z,34,PX14A6G,001-04423,13677195,,PX14A6G,61446,0,0,,a38131px14a6g.htm,
0001104659-13-019356,2013-03-11,,2013-03-11T21:21:15.000Z,34,DEFA14A,001-04423,13681752,,DEFA14A,48683,0,0,,a13-7187_1defa14a.htm,DEFA14A
0001047469-13-002541,2013-03-11,2013-01-31,2013-03-11T21:29:05.000Z,34,10-Q,001-04423,13681864,,10-Q,16259198,1,0,,a2213220z10-q.htm,10-Q
0001104659-13-019801,2013-03-12,,2013-03-12T21:19:47.000Z,34,DEFA14A,001-04423,13685140,,DEFA14A,41081,0,0,,a13-7340_1defa14a.htm,DEFA14A
0001104659-13-020201,2013-03-13,,2013-03-13T20:15:02.000Z,34,DEFA14A,001-04423,13687655,,DEFA14A,39626,0,0,,a13-7340_2defa14a.htm,DEFA14A
0000047217-13-000012,2013-03-21,2013-03-20,2013-03-21T21:26:27.000Z,34,8-K,001-04423,13708471,"5.02,5.07,7.01,9.01",8-K,304507,0,0,,annualmeeting_032013.htm,ANNUAL MEETING FORM 8-K
0001179706-13-000014,2013-03-22,2013-03-20,2013-03-22T23:07:22.000Z,,4,,,,4,9926,0,0,,xslF345X03/edgar.xml,PRIMARY DOCUMENT
0000047217-13-000015,2013-04-04,2013-04-04,2013-04-04T20:49:52.000Z,34,8-K,001-04423,13743516,"5.02,7.01,8.01,9.01",8-K,81825,0,0,,form8-k_042013.htm,FORM 8-K
0001166598-13-000002,2013-04-23,2013-04-20,2013-04-24T01:44:39.000Z,,4,,,,4,11625,0,0,,xslF345X03/edgar.xml,PRIMARY DOCUMENT
0001166598-13-000003,2013-04-23,2013-04-20,2013-04-24T01:45:11.000Z,,4,,,,4,10356,0,0,,xslF345X03/edgar.xml,PRIMARY DOCUMENT
0001166598-13-000004,2013-04-23,2013-04-20,2013-04-24T01:45:50.000Z,,4,,,,4,12934,0,0,,xslF345X03/edgar.xml,PRIMARY DOCUMENT
0001166598-13-000005,2013-04-23,2013-04-20,2013-04-24T01:46:09.000Z,,4,,,,4,11258,0,0,,xslF345X03/edgar.xml,PRIMARY DOCUMENT
0001166598-13-000006,2013-04-23,2013-04-20,2013-04-24T01:46:35.000Z,,4,,,,4,10388,0,0,,xslF345X03/edgar.xml,PRIMARY DOCUMENT
0001166598-13-000007,2013-04-23,2013-04-20,2013-04-24T01:46:56.000Z,,4,,,,4,10362,0,0,,xslF345X03/edgar.xml,PRIMARY DOCUMENT
0001166598-13-000008,2013-04-23,2013-04-20,2013-04-24T01:47:13.000Z,,4,,,,4,12178,0,0,,xslF345X03/edgar.xml,PRIMARY DOCUMENT
0001166598-13-000009,2013-04-23,2013-04-22,2013-04-24T01:49:24.000Z,,4,,,,4,9459,0,0,,xslF345X03/edgar.xml,PRIMARY DOCUMENT
0001179706-13-000032,2013-04-24,2013-04-20,2013-04-24T13:22:51.000Z,,4,,,,4,12837,0,0,,xslF345X03/edgar.xml,PRIMARY DOCUMENT
0000047217-13-000021,2013-04-24,,2013-04-24T20:53:44.000Z,33,S-8,333-188108,13779795,,S-8,150324,0,0,,sips-8_042013.htm,FORM S-8
0001179706-13-000035,2013-04-29,2013-04-25,2013-04-29T20:18:02.000Z,,4,,,,4,17515,0,0,,xslF345X03/edgar.xml,PRIMARY DOCUMENT
0001179706-13-000041,2013-05-02,2013-04-30,2013-05-03T00:12:32.000Z,,4,,,,4,20410,0,0,,xslF345X03/edgar.xml,PRIMARY DOCUMENT
0001179706-13-000042,2013-05-02,2013-04-30,2013-05-03T00:12:52.000Z,,4,,,,4,16063,0,0,,xslF345X03/edgar.xml,PRIMARY DOCUMENT
0001179706-13-000043,2013-05-02,2013-04-30,2013-05-03T00:13:12.000Z,,4,,,,4,21795,0,0,,xslF345X03/edgar.xml,PRIMARY DOCUMENT
0001179706-13-000044,2013-05-02,2013-04-30,2013-05-03T00:13:33.000Z,,4,,,,4,20989,0,0,,xslF345X03/edgar.xml,PRIMARY DOCUMENT
0001179706-13-000045,2013-05-02,2013-04-30,2013-05-03T00:13:53.000Z,,4,,,,4,16597,0,0,,xslF345X03/edgar.xml,PRIMARY DOCUMENT
0001179706-13-000049,2013-05-20,2013-05-19,2013-05-20T22:49:22.000Z,,4,,,,4,4662,0,0,,xslF345X03/edgar.xml,PRIMARY DOCUMENT
0001179706-13-000048,2013-05-20,2013-05-16,2013-05-20T22:52:17.000Z,,4,,,,4,9039,0,0,,xslF345X03/edgar.xml,PRIMARY DOCUMENT
0000047217-13-000031,2013-05-22,2013-05-22,2013-05-22T20:08:00.000Z,34,8-K,001-04423,13864887,"2.02,9.01",8-K,1447225,0,0,,q2form8-k_52013.htm,Q213 FORM 8-K
0000047217-13-000037,2013-05-29,2013-05-24,2013-05-29T12:17:59.000Z,34,8-K,001-04423,13876721,"5.03,9.01",8-K,279920,0,0,,form8-k_05242013.htm,FORM 8-K
0001179706-13-000053,2013-05-31,2013-05-29,2013-05-31T23:45:40.000Z,,4,,,,4,12168,0,0,,xslF345X03/edgar.xml,PRIMARY DOCUMENT
0001179706-13-000054,2013-05-31,2013-05-29,2013-05-31T23:46:02.000Z,,4,,,,4,17624,0,0,,xslF345X03/edgar.xml,PRIMARY DOCUMENT
0001179706-13-000056,2013-06-05,2013-06-03,2013-06-05T22:46:43.000Z,,4,,,,4,14587,0,0,,xslF345X03/edgar.xml,PRIMARY DOCUMENT
0001047469-13-006802,2013-06-06,2013-04-30,2013-06-06T21:27:24.000Z,34,10-Q,001-04423,13898314,,10-Q,18682292,1,0,,a2215416z10-q.htm,10-Q
0001104659-13-049976,2013-06-18,2013-06-18,2013-06-18T21:18:15.000Z,34,8-K,001-04423,13920192,"5.02,8.01",8-K,22415,0,0,,a13-15178_18k.htm,8-K
0000047217-13-000047,2013-06-24,2012-12-31,2013-06-24T21:03:11.000Z,34,11-K,001-04423,13930189,,11-K,6141831,0,0,,form11-k_2012.htm,2012 FORM 11-K
0001179706-13-000060,2013-07-11,2013-07-01,2013-07-11T20:22:08.000Z,,3,,,,3,22860,0,0,,xslF345X02/edgar.xml,PRIMARY DOCUMENT
0000047217-13-000051,2013-07-15,2013-07-10,2013-07-15T12:01:25.000Z,34,8-K,001-04423,13967051,"5.02,5.03,9.01",8-K,288676,0,0,,form8-k_072013.htm,FORM 8-K
0001179706-13-000078,2013-07-18,2013-07-15,2013-07-18T20:47:56.000Z,,3,,,,3,12952,0,0,,xslF345X02/edgar.xml,PRIMARY DOCUMENT
0001179706-13-000079,2013-07-18,2013-07-17,2013-07-18T20:48:04.000Z,,4,,,,4,6120,0,0,,xslF345X03/edgar.xml,PRIMARY DOCUMENT
0001179706-13-000080,2013-07-18,2013-07-15,2013-07-18T20:48:28.000Z,,3,,,,3,12981,0,0,,xslF345X02/edgar.xml,PRIMARY DOCUMENT
0001179706-13-000081,2013-07-18,2013-07-17,2013-07-18T20:48:36.000Z,,4,,,,4,6158,0,0,,xslF345X03/edgar.xml,PRIMARY DOCUMENT
0001179706-13-000082,2013-07-18,2013-07-15,2013-07-18T20:48:52.000Z,,3,,,,3,12967,0,0,,xslF345X02/edgar.xml,PRIMARY DOCUMENT
0001179706-13-000083,2013-07-18,2013-07-17,2013-07-18T20:48:59.000Z,,4,,,,4,6142,0,0,,xslF345X03/edgar.xml,PRIMARY DOCUMENT
0001179706-13-000087,2013-07-29,2013-07-17,2013-07-29T22:25:13.000Z,,3,,,,3,19078,0,0,,xslF345X02/edgar.xml,PRIMARY DOCUMENT
0001179706-13-000091,2013-08-05,2013-08-01,2013-08-05T16:23:48.000Z,,4,,,,4,8823,0,0,,xslF345X03/edgar.xml,PRIMARY DOCUMENT
0000047217-13-000054,2013-08-21,2013-08-16,2013-08-21T20:10:21.000Z,34,8-K,001-04423,131052959,"2.02,5.02,8.01,9.01",8-K,1389329,0,0,,q3form8-k_082013.htm,Q32013 FORM 8-K
0001179706-13-000096,2013-08-29,2013-08-27,2013-08-29T20:50:45.000Z,,4,,,,4,17540,0,0,,xslF345X03/edgar.xml,PRIMARY DOCUMENT
0001047469-13-008916,2013-09-09,2013-07-31,2013-09-07T01:44:02.000Z,34,10-Q,001-04423,131084142,,10-Q,26865126,1,0,,a2216474z10-q.htm,10-Q
0001179706-13-000102,2013-09-20,2013-09-18,2013-09-20T22:59:23.000Z,,4,,,,4,14041,0,0,,xslF345X03/edgar.xml,PRIMARY DOCUMENT
0001179706-13-000103,2013-09-20,2013-09-18,2013-09-20T22:59:40.000Z,,4,,,,4,14558,0,0,,xslF345X03/edgar.xml,PRIMARY DOCUMENT
0001179706-13-000106,2013-09-23,2013-09-19,2013-09-23T21:01:53.000Z,,4,,,,4,18363,0,0,,xslF345X03/edgar.xml,PRIMARY DOCUMENT
0000047217-13-000057,2013-09-24,2013-09-18,2013-09-24T20:45:24.000Z,34,8-K,001-04423,131112639,"5.02,5.03,9.01",8-K,300943,0,0,,form8-k_92013.htm,FORM 8-K
0000047217-13-000064,2013-10-09,2013-10-09,2013-10-09T20:42:16.000Z,34,8-K,001-04423,131143698,"7.01,9.01",8-K,1198574,0,0,,form8-k_10082013.htm,FORM 8-K
0001179706-13-000108,2013-10-15,2013-10-10,2013-10-15T21:53:34.000Z,,4,,,,4,15886,0,0,,xslF345X03/edgar.xml,PRIMARY DOCUMENT
0001179706-13-000110,2013-10-24,2013-10-22,2013-10-24T22:32:47.000Z,,4,,,,4,4657,0,0,,xslF345X03/edgar.xml,PRIMARY DOCUMENT
0001179706-13-000114,2013-11-04,2013-10-31,2013-11-04T21:56:58.000Z,,4,,,,4,18985,0,0,,xslF345X03/edgar.xml,PRIMARY DOCUMENT
0000047217-13-000067,2013-11-05,2013-11-01,2013-11-04T22:58:12.000Z,34,8-K,001-04423,131190316,"5.02,8.01",8-K,34867,0,0,,form8-k_112013.htm,FORM 8-K
0001179706-13-000119,2013-11-12,2013-11-01,2013-11-13T00:42:04.000Z,,3,,,,3,16251,0,0,,xslF345X02/edgar.xml,PRIMARY DOCUMENT
0001179706-13-000120,2013-11-12,2013-11-01,2013-11-13T00:43:47.000Z,,3,,,,3,24788,0,0,,xslF345X02/edgar.xml,PRIMARY DOCUMENT
0001179706-13-000126,2013-11-14,2013-10-01,2013-11-14T22:23:00.000Z,,4,,,,4,8569,0,0,,xslF345X03/edgar.xml,PRIMARY DOCUMENT
0001179706-13-000128,2013-11-19,2013-11-15,2013-11-19T22:16:04.000Z,,4,,,,4,17888,0,0,,xslF345X03/edgar.xml,PRIMARY DOCUMENT
0000047217-13-000070,2013-11-26,2013-11-20,2013-11-26T21:08:01.000Z,34,8-K,001-04423,131244277,"2.02,5.03,9.01",8-K,1724736,0,0,,q4form8-k_112013.htm,Q42013 FORM 8-K
0001179706-13-000131,2013-12-03,2013-11-29,2013-12-04T02:03:37.000Z,,4,,,,4,16352,0,0,,xslF345X03/edgar.xml,PRIMARY DOCUMENT
0001179706-13-000145,2013-12-10,2013-12-06,2013-12-11T00:11:58.000Z,,4,,,,4,11757,0,0,,xslF345X03/edgar.xml,PRIMARY DOCUMENT
0001179706-13-000146,2013-12-10,2013-12-06,2013-12-11T00:12:22.000Z,,4,,,,4,13702,0,0,,xslF345X03/edgar.xml,PRIMARY DOCUMENT
0001179706-13-000147,2013-12-10,2013-12-06,2013-12-11T00:12:47.000Z,,4,,,,4,14657,0,0,,xslF345X03/edgar.xml,PRIMARY DOCUMENT
0001179706-13-000148,2013-12-10,2013-12-06,2013-12-11T00:13:04.000Z,,4,,,,4,10429,0,0,,xslF345X03/edgar.xml,PRIMARY DOCUMENT
0001179706-13-000149,2013-12-10,2013-12-06,2013-12-11T00:13:21.000Z,,4,,,,4,14445,0,0,,xslF345X03/edgar.xml,PRIMARY DOCUMENT
0001179706-13-000150,2013-12-10,2013-12-06,2013-12-11T00:13:45.000Z,,4,,,,4,14686,0,0,,xslF345X03/edgar.xml,PRIMARY DOCUMENT
0001179706-13-000151,2013-12-10,2013-12-06,2013-12-11T00:14:08.000Z,,4,,,,4,12100,0,0,,xslF345X03/edgar.xml,PRIMARY DOCUMENT
0001179706-13-000152,2013-12-10,2013-12-06,2013-12-11T00:14:33.000Z,,4,,,,4,12995,0,0,,xslF345X03/edgar.xml,PRIMARY DOCUMENT
0001179706-13-000153,2013-12-10,2013-12-07,2013-12-11T00:20:22.000Z,,4,,,,4,19259,0,0,,xslF345X03/edgar.xml,PRIMARY DOCUMENT
0001179706-13-000154,2013-12-10,2013-12-06,2013-12-11T00:20:42.000Z,,4,,,,4,15787,0,0,,xslF345X03/edgar.xml,PRIMARY DOCUMENT
0001179706-13-000158,2013-12-12,2013-12-10,2013-12-12T21:46:17.000Z,,4,,,,4,9705,0,0,,xslF345X03/edgar.xml,PRIMARY DOCUMENT
0001179706-13-000159,2013-12-12,2013-12-10,2013-12-12T21:47:25.000Z,,4,,,,4,8737,0,0,,xslF345X03/edgar.xml,PRIMARY DOCUMENT
0001179706-13-000160,2013-12-12,2013-12-10,2013-12-12T21:47:41.000Z,,4,,,,4,8778,0,0,,xslF345X03/edgar.xml,PRIMARY DOCUMENT
0001179706-13-000172,2013-12-13,2013-12-11,2013-12-14T00:00:31.000Z,,4,,,,4,11789,0,0,,xslF345X03/edgar.xml,PRIMARY DOCUMENT
0001179706-13-000173,2013-12-13,2013-12-11,2013-12-14T00:00:55.000Z,,4,,,,4,12805,0,0,,xslF345X03/edgar.xml,PRIMARY DOCUMENT
0001179706-13-000174,2013-12-13,2013-12-11,2013-12-14T00:01:20.000Z,,4,,,,4,11654,0,0,,xslF345X03/edgar.xml,PRIMARY DOCUMENT
0001179706-13-000175,2013-12-13,2013-12-11,2013-12-14T00:01:40.000Z,,4,,,,4,13241,0,0,,xslF345X03/edgar.xml,PRIMARY DOCUMENT
0001179706-13-000176,2013-12-13,2013-12-11,2013-12-14T00:02:01.000Z,,4,,,,4,8767,0,0,,xslF345X03/edgar.xml,PRIMARY DOCUMENT
0001179706-13-000177,2013-12-13,2013-12-11,2013-12-14T00:02:23.000Z,,4,,,,4,15042,0,0,,xslF345X03/edgar.xml,PRIMARY DOCUMENT
0001179706-13-000178,2013-12-13,2013-12-11,2013-12-14T00:02:41.000Z,,4,,,,4,8890,0,0,,xslF345X03/edgar.xml,PRIMARY DOCUMENT
0001179706-13-000179,2013-12-13,2013-12-11,2013-12-14T00:03:09.000Z,,4,,,,4,11813,0,0,,xslF345X03/edgar.xml,PRIMARY DOCUMENT
0001179706-13-000180,2013-12-13,2013-12-11,2013-12-14T00:03:30.000Z,,4,,,,4,11815,0,0,,xslF345X03/edgar.xml,PRIMARY DOCUMENT
0001179706-13-000181,2013-12-13,2013-12-11,2013-12-14T00:03:51.000Z,,4,,,,4,11800,0,0,,xslF345X03/edgar.xml,PRIMARY DOCUMENT
0001179706-13-000182,2013-12-13,2013-12-11,2013-12-14T00:04:08.000Z,,4,,,,4,12508,0,0,,xslF345X03/edgar.xml,PRIMARY DOCUMENT
0001179706-13-000187,2013-12-16,2013-12-12,2013-12-16T22:22:20.000Z,,4,,,,4,8817,0,0,,xslF345X03/edgar.xml,PRIMARY DOCUMENT
0001179706-13-000188,2013-12-16,2013-12-12,2013-12-16T22:22:36.000Z,,4,,,,4,11388,0,0,,xslF345X03/edgar.xml,PRIMARY DOCUMENT
0001179706-13-000189,2013-12-16,2013-12-12,2013-12-16T22:22:53.000Z,,4,,,,4,10406,0,0,,xslF345X03/edgar.xml,PRIMARY DOCUMENT
0001179706-13-000190,2013-12-16,2013-12-12,2013-12-16T22:23:13.000Z,,4,,,,4,8823,0,0,,xslF345X03/edgar.xml,PRIMARY DOCUMENT
0000047217-13-000073,2013-12-17,2013-12-11,2013-12-17T22:15:46.000Z,34,8-K,001-04423,131283004,5.02,8-K,26963,0,0,,form8-k_122013.htm,FORM 8-K
0001179706-13-000193,2013-12-17,2013-12-16,2013-12-17T22:43:39.000Z,,4,,,,4,7183,0,0,,xslF345X03/edgar.xml,PRIMARY DOCUMENT
0001179706-13-000194,2013-12-17,2013-12-14,2013-12-17T22:43:56.000Z,,4,,,,4,9687,0,0,,xslF345X03/edgar.xml,PRIMARY DOCUMENT
9999999997-14-000065,2013-12-18,2013-11-15,2014-01-09T17:12:26.000Z,34,NO ACT,001-04423,13003303,,NO ACT,1336,0,0,,9999999997-14-000065.paper,AUTO-GENERATED PAPER DOCUMENT
9999999997-14-000041,2013-12-19,2013-11-15,2014-01-08T16:48:26.000Z,34,NO ACT,001-04423,13003880,,NO ACT,1336,0,0,,9999999997-14-000041.paper,AUTO-GENERATED PAPER DOCUMENT
0001047469-13-011417,2013-12-30,2013-10-31,2013-12-28T02:39:08.000Z,34,10-K,001-04423,131301417,,10-K,28495491,1,0,,a2217554z10-k.htm,10-K
0001179706-14-000003,2014-01-06,2014-01-02,2014-01-06T23:25:49.000Z,,4,,,,4,10111,0,0,,xslF345X03/edgar.xml,PRIMARY DOCUMENT
0001047469-14-000094,2014-01-09,,2014-01-09T21:26:57.000Z,33,424B2,333-181669,14519061,,424B2,393627,0,0,,a2217645z424b2.htm,424B2
0001104659-14-001466,2014-01-09,,2014-01-09T22:28:16.000Z,34,FWP,333-181669,14519512,,FWP,28144,0,0,,a13-25853_3fwp.htm,FWP
0001104659-14-001468,2014-01-09,,2014-01-09T22:28:45.000Z,34,FWP,333-181669,14519516,,FWP,25407,0,0,,a13-25853_4fwp.htm,FWP
0001047469-14-000123,2014-01-10,,2014-01-10T22:28:03.000Z,33,424B5,333-181669,14522686,,424B5,427513,0,0,,a2217925z424b5.htm,424B5
0000047217-14-000003,2014-01-14,2014-01-09,2014-01-14T22:08:10.000Z,34,8-K,001-04423,14527977,"8.01,9.01",8-K,581706,0,0,,form8-k_122013.htm,
0001179706-14-000006,2014-01-21,2014-01-16,2014-01-21T22:18:26.000Z,,4,,,,4,19630,0,0,,xslF345X03/edgar.xml,PRIMARY DOCUMENT
0001179706-14-000007,2014-01-21,2014-01-16,2014-01-21T22:19:21.000Z,,4,,,,4,21915,0,0,,xslF345X03/edgar.xml,PRIMARY DOCUMENT
0001179706-14-000009,2014-01-22,2014-01-18,2014-01-22T23:33:26.000Z,,4,,,,4,15646,0,0,,xslF345X03/edgar.xml,PRIMARY DOCUMENT
0001047469-14-000517,2014-02-03,2014-03-19,2014-02-01T00:19:47.000Z,34,DEF 14A,001-04423,14566224,,DEF 14A,1481804,0,0,,a2218098zdef14a.htm,DEF 14A
0001104659-14-005794,2014-02-03,,2014-02-01T00:24:25.000Z,34,DEFA14A,001-04423,14566228,,DEFA14A,304234,0,0,,a14-3878_3defa14a.htm,DEFA14A
0001519058-14-000075,2014-02-03,,2014-02-03T19:24:17.000Z,34,SC 13G,005-12061,14567755,,SC 13G,9034,0,0,,hpq.txt,HEWLETT PACKARD
9999999997-14-001114,2014-02-06,2013-10-31,2014-02-20T22:12:49.000Z,34,ARS,001-04423,14005352,,ARS,1327,0,0,,9999999997-14-001114.paper,AUTO-GENERATED PAPER DOCUMENT
0001086364-14-002049,2014-02-07,,2014-02-07T17:49:04.000Z,34,SC 13G/A,005-12061,14583094,,SC 13G/A,13320,0,0,,hewlett-packard.co..txt,
0001086364-14-002093,2014-02-07,,2014-02-07T17:57:33.000Z,34,SC 13G/A,005-12061,14583158,,SC 13G/A,12509,0,0,,hewlett-packard.co..txt,
0001193125-14-051272,2014-02-13,,2014-02-13T21:37:52.000Z,34,SC 13G/A,005-12061,14606708,,SC 13G/A,36940,0,0,,d673704dsc13ga.htm,FORM SC 13G AMENDMENT NO. 2
0000047217-14-000006,2014-02-20,2014-02-20,2014-02-20T21:08:03.000Z,34,8-K,001-04423,14629670,"2.02,9.01",8-K,2928535,0,0,,q1form8-k_22014.htm,Q114 FORM 8-K
0001179706-14-000011,2014-02-21,2014-02-19,2014-02-21T22:49:28.000Z,,4,,,,4,16943,0,0,,xslF345X03/edgar.xml,PRIMARY DOCUMENT
0001179706-14-000013,2014-02-26,2014-02-24,2014-02-27T00:09:54.000Z,,4,,,,4,9843,0,0,,xslF345X03/edgar.xml,PRIMARY DOCUMENT
0001179706-14-000015,2014-03-05,2014-03-04,2014-03-05T23:22:51.000Z,,4,,,,4,4656,0,0,,xslF345X03/edgar.xml,PRIMARY DOCUMENT
0001047469-14-002153,2014-03-11,2014-01-31,2014-03-11T21:19:30.000Z,34,10-Q,001-04423,14685176,,10-Q,20410197,1,0,,a2218511z10-q.htm,10-Q
0000047217-14-000008,2014-03-20,2014-03-19,2014-03-20T21:07:50.000Z,34,8-K,001-04423,14707381,"5.07,7.01",8-K,69205,0,0,,form8-k_03192014.htm,FORM 8-K
0001179706-14-000017,2014-03-20,2014-03-18,2014-03-20T23:14:00.000Z,,4,,,,4,15796,0,0,,xslF345X03/edgar.xml,PRIMARY DOCUMENT
0001179706-14-000019,2014-03-24,2014-03-20,2014-03-24T22:34:15.000Z,,4,,,,4,27218,0,0,,xslF345X03/edgar.xml,PRIMARY DOCUMENT
0001179706-14-000025,2014-03-31,2014-03-19,2014-03-31T22:48:25.000Z,,3,,,,3,35029,0,0,,xslF345X02/edgar.xml,PRIMARY DOCUMENT
0001179706-14-000026,2014-03-31,2014-03-19,2014-03-31T22:48:36.000Z,,3,,,,3,27202,0,0,,xslF345X02/edgar.xml,PRIMARY DOCUMENT
0000047217-14-000010,2014-04-09,2014-04-09,2014-04-09T16:43:23.000Z,34,8-K,001-04423,14753021,"7.01,9.01",8-K,67698,0,0,,form8-k_42014.htm,FORM 8-K
0000047217-14-000014,2014-04-21,2014-04-17,2014-04-21T20:07:44.000Z,34,8-K,001-04423,14773971,5.02,8-K,29231,0,0,,form8-k_042014.htm,FORM 8-K
0001179706-14-000040,2014-04-23,2014-04-21,2014-04-23T23:25:59.000Z,,4,,,,4,20634,0,0,,xslF345X03/edgar.xml,PRIMARY DOCUMENT
0001179706-14-000041,2014-04-23,2014-04-21,2014-04-23T23:26:32.000Z,,4,,,,4,18576,0,0,,xslF345X03/edgar.xml,PRIMARY DOCUMENT
0001179706-14-000042,2014-04-23,2014-04-21,2014-04-23T23:26:49.000Z,,4,,,,4,18257,0,0,,xslF345X03/edgar.xml,PRIMARY DOCUMENT
0001179706-14-000043,2014-04-23,2014-04-21,2014-04-23T23:27:05.000Z,,4,,,,4,21182,0,0,,xslF345X03/edgar.xml,PRIMARY DOCUMENT
0001179706-14-000044,2014-04-23,2014-04-21,2014-04-23T23:27:20.000Z,,4,,,,4,18746,0,0,,xslF345X03/edgar.xml,PRIMARY DOCUMENT
0001179706-14-000045,2014-04-23,2014-04-21,2014-04-23T23:27:43.000Z,,4,,,,4,18348,0,0,,xslF345X03/edgar.xml,PRIMARY DOCUMENT
0001179706-14-000046,2014-04-23,2014-04-21,2014-04-23T23:27:57.000Z,,4,,,,4,21092,0,0,,xslF345X03/edgar.xml,PRIMARY DOCUMENT
0001179706-14-000047,2014-04-23,2014-04-21,2014-04-23T23:28:13.000Z,,4,,,,4,18610,0,0,,xslF345X03/edgar.xml,PRIMARY DOCUMENT
0001179706-14-000048,2014-04-23,2014-04-21,2014-04-23T23:28:33.000Z,,4,,,,4,20914,0,0,,xslF345X03/edgar.xml,PRIMARY DOCUMENT
0001179706-14-000049,2014-04-23,2014-04-21,2014-04-23T23:28:51.000Z,,4,,,,4,20185,0,0,,xslF345X03/edgar.xml,PRIMARY DOCUMENT
0001179706-14-000057,2014-04-24,2014-04-22,2014-04-24T22:00:18.000Z,,4,,,,4,8844,0,0,,xslF345X03/edgar.xml,PRIMARY DOCUMENT
0001179706-14-000058,2014-04-24,2014-04-22,2014-04-24T22:00:36.000Z,,4,,,,4,7589,0,0,,xslF345X03/edgar.xml,PRIMARY DOCUMENT
0001179706-14-000059,2014-04-24,2014-04-22,2014-04-24T22:00:55.000Z,,4,,,,4,7535,0,0,,xslF345X03/edgar.xml,PRIMARY DOCUMENT
0001179706-14-000060,2014-04-24,2014-04-22,2014-04-24T22:01:13.000Z,,4,,,,4,7688,0,0,,xslF345X03/edgar.xml,PRIMARY DOCUMENT
0001179706-14-000061,2014-04-24,2014-04-22,2014-04-24T22:01:35.000Z,,4,,,,4,7440,0,0,,xslF345X03/edgar.xml,PRIMARY DOCUMENT
0001179706-14-000062,2014-04-24,2014-04-22,2014-04-24T22:01:53.000Z,,4,,,,4,8529,0,0,,xslF345X03/edgar.xml,PRIMARY DOCUMENT
0001179706-14-000063,2014-04-24,2014-04-22,2014-04-24T22:02:16.000Z,,4,,,,4,8941,0,0,,xslF345X03/edgar.xml,PRIMARY DOCUMENT
0001179706-14-000067,2014-05-20,2014-05-16,2014-05-20T23:26:21.000Z,,4,,,,4,26678,0,0,,xslF345X03/edgar.xml,PRIMARY DOCUMENT
0000047217-14-000017,2014-05-22,2014-05-22,2014-05-22T19:59:03.000Z,34,8-K,001-04423,14863652,"2.02,9.01",8-K,1390410,0,0,,q2form8-k_52014.htm,FORM 8-K
0001104659-14-042006,2014-05-28,,2014-05-28T20:14:16.000Z,34,SD,001-04423,14872972,,SD,251030,0,0,,a14-13437_1sd.htm,SD
0001179706-14-000070,2014-05-28,2014-05-23,2014-05-28T22:40:41.000Z,,4,,,,4,27335,0,0,,xslF345X03/edgar.xml,PRIMARY DOCUMENT
0001179706-14-000071,2014-05-28,2014-05-23,2014-05-28T22:40:59.000Z,,4,,,,4,17140,0,0,,xslF345X03/edgar.xml,PRIMARY DOCUMENT
0001179706-14-000073,2014-05-29,2014-05-27,2014-05-29T21:21:48.000Z,,4,,,,4,9962,0,0,,xslF345X03/edgar.xml,PRIMARY DOCUMENT
0001179706-14-000076,2014-06-02,2014-05-29,2014-06-02T21:51:19.000Z,,4,,,,4,25418,0,0,,xslF345X03/edgar.xml,PRIMARY DOCUMENT
0001179706-14-000079,2014-06-06,2014-06-04,2014-06-06T21:18:51.000Z,,4,,,,4,35510,0,0,,xslF345X03/edgar.xml,PRIMARY DOCUMENT
0001047469-14-005424,2014-06-09,2014-04-30,2014-06-06T22:46:13.000Z,34,10-Q,001-04423,14897842,,10-Q,22589561,1,0,,a2220300z10-q.htm,10-Q
0001179706-14-000083,2014-06-11,2014-06-02,2014-06-11T21:40:47.000Z,,3,,,,3,21688,0,0,,xslF345X02/edgar.xml,PRIMARY DOCUMENT
0000047217-14-000020,2014-06-30,2013-12-31,2014-06-27T23:30:41.000Z,34,11-K,001-04423,14947176,,11-K,7562905,0,0,,form11-k_2013.htm,2013 FORM 11-K
0001179706-14-000085,2014-07-08,2014-07-03,2014-07-08T21:58:27.000Z,,4,,,,4,18180,0,0,,xslF345X03/edgar.xml,PRIMARY DOCUMENT
0000047217-14-000023,2014-07-15,2014-07-15,2014-07-15T12:02:51.000Z,34,8-K,001-04423,14974678,"5.02,7.01,9.01",8-K,69559,0,0,,form8-k_072014.htm,FORM 8-K
0000047217-14-000027,2014-07-17,2014-07-16,2014-07-17T20:58:49.000Z,34,8-K,001-04423,14980877,"5.02,7.01,8.01,9.01",8-K,92366,0,0,,form8-k_72014.htm,FORM 8-K
0001179706-14-000092,2014-07-17,2014-07-15,2014-07-17T23:08:14.000Z,,4,,,,4,10254,0,0,,xslF345X03/edgar.xml,PRIMARY DOCUMENT
0001179706-14-000093,2014-07-17,2014-07-15,2014-07-17T23:08:29.000Z,,4,,,,4,10262,0,0,,xslF345X03/edgar.xml,PRIMARY DOCUMENT
0001179706-14-000094,2014-07-17,2014-07-15,2014-07-17T23:08:44.000Z,,4,,,,4,10224,0,0,,xslF345X03/edgar.xml,PRIMARY DOCUMENT
0001179706-14-000099,2014-07-21,2014-07-16,2014-07-21T20:46:30.000Z,,3,,,,3,12818,0,0,,xslF345X02/edgar.xml,PRIMARY DOCUMENT
0001179706-14-000100,2014-07-21,2014-07-17,2014-07-21T20:46:38.000Z,,4,,,,4,6062,0,0,,xslF345X03/edgar.xml,PRIMARY DOCUMENT
0001179706-14-000101,2014-07-21,2014-07-17,2014-07-21T20:46:52.000Z,,4,,,,4,12107,0,0,,xslF345X03/edgar.xml,PRIMARY DOCUMENT
0001179706-14-000102,2014-07-21,2014-07-17,2014-07-21T20:47:11.000Z,,4,,,,4,16780,0,0,,xslF345X03/edgar.xml,PRIMARY DOCUMENT
0001179706-14-000105,2014-08-05,2014-08-01,2014-08-05T22:15:14.000Z,,4,,,,4,24828,0,0,,xslF345X03/edgar.xml,PRIMARY DOCUMENT
0000047217-14-000030,2014-08-20,2014-08-20,2014-08-20T20:10:12.000Z,34,8-K,001-04423,141054993,"2.02,9.01",8-K,1396711,0,0,,q3form8-k_82014.htm,FORM 8-K
0001179706-14-000108,2014-08-26,2014-08-22,2014-08-26T23:34:58.000Z,,4,,,,4,15789,0,0,,xslF345X03/edgar.xml,PRIMARY DOCUMENT
0001179706-14-000110,2014-09-05,2014-09-03,2014-09-05T21:21:18.000Z,,4,,,,4,25006,0,0,,xslF345X03/edgar.xml,PRIMARY DOCUMENT
0001047469-14-007462,2014-09-09,2014-07-31,2014-09-08T23:16:37.000Z,34,10-Q,001-04423,141092046,,10-Q,24076583,1,0,,a2221140z10-q.htm,10-Q
0001179706-14-000115,2014-09-22,2014-09-19,2014-09-22T21:07:10.000Z,,4,,,,4,23216,0,0,,xslF345X03/edgar.xml,PRIMARY DOCUMENT
0001179706-14-000116,2014-09-22,2014-09-19,2014-09-22T21:07:27.000Z,,4,,,,4,9758,0,0,,xslF345X03/edgar.xml,PRIMARY DOCUMENT
0001179706-14-000117,2014-09-22,2014-09-18,2014-09-22T21:07:48.000Z,,4,,,,4,18454,0,0,,xslF345X03/edgar.xml,PRIMARY DOCUMENT
0001179706-14-000118,2014-09-22,2014-09-19,2014-09-22T21:08:08.000Z,,4,,,,4,8785,0,0,,xslF345X03/edgar.xml,PRIMARY DOCUMENT
0001179706-14-000123,2014-09-30,2014-09-26,2014-10-01T00:29:06.000Z,,4,,,,4,8719,0,0,,xslF345X03/edgar.xml,PRIMARY DOCUMENT
0001179706-14-000124,2014-09-30,2014-09-26,2014-10-01T00:29:24.000Z,,4,,,,4,8693,0,0,,xslF345X03/edgar.xml,PRIMARY DOCUMENT
0001104659-14-070141,2014-10-06,2014-10-06,2014-10-06T10:36:31.000Z,34,8-K,001-04423,141141719,"7.01,9.01",8-K,1814472,0,0,,a14-21836_18k.htm,8-K
0001179706-14-000126,2014-10-08,2014-10-06,2014-10-08T23:17:59.000Z,,4,,,,4,20577,0,0,,xslF345X03/edgar.xml,PRIMARY DOCUMENT
0001104659-14-071679,2014-10-15,2014-10-15,2014-10-15T12:12:21.000Z,34,8-K,001-04423,141156524,"7.01,9.01",8-K,58614,0,0,,a14-22461_18k.htm,8-K
0001179706-14-000129,2014-10-20,2014-10-16,2014-10-20T21:37:13.000Z,,4,,,,4,33197,0,0,,xslF345X03/edgar.xml,PRIMARY DOCUMENT
0001179706-14-000130,2014-10-20,2014-10-16,2014-10-20T21:37:35.000Z,,4,,,,4,27265,0,0,,xslF345X03/edgar.xml,PRIMARY DOCUMENT
0001179706-14-000133,2014-10-21,2014-10-17,2014-10-21T21:01:25.000Z,,4,,,,4,37039,0,0,,xslF345X03/edgar.xml,PRIMARY DOCUMENT
0001179706-14-000134,2014-10-21,2014-10-17,2014-10-21T21:01:46.000Z,,4,,,,4,15757,0,0,,xslF345X03/edgar.xml,PRIMARY DOCUMENT
0001179706-14-000136,2014-10-23,2014-10-22,2014-10-23T22:14:08.000Z,,4,,,,4,16384,0,0,,xslF345X03/edgar.xml,PRIMARY DOCUMENT
0001179706-14-000139,2014-10-28,2014-10-24,2014-10-28T21:52:51.000Z,,4,,,,4,10880,0,0,,xslF345X03/edgar.xml,PRIMARY DOCUMENT
0001179706-14-000140,2014-10-28,2014-10-24,2014-10-28T21:53:06.000Z,,4,,,,4,21001,0,0,,xslF345X03/edgar.xml,PRIMARY DOCUMENT
0001179706-14-000142,2014-10-31,2014-10-29,2014-10-31T20:14:40.000Z,,4,,,,4,4659,0,0,,xslF345X03/edgar.xml,PRIMARY DOCUMENT
0001179706-14-000145,2014-11-18,2014-11-15,2014-11-18T22:26:02.000Z,,4,,,,4,38868,0,0,,xslF345X03/edgar.xml,PRIMARY DOCUMENT
0000047217-14-000034,2014-11-25,2014-11-25,2014-11-25T21:10:53.000Z,34,8-K,001-04423,141249768,"2.02,9.01",8-K,1394169,0,0,,q4form8-k_112014.htm,Q4 FORM 8-K
0001179706-14-000154,2014-11-28,2014-11-25,2014-11-28T21:00:42.000Z,,4,,,,4,6129,0,0,,xslF345X03/edgar.xml,PRIMARY DOCUMENT
0001179706-14-000155,2014-11-28,2014-11-25,2014-11-28T21:01:00.000Z,,4,,,,4,6157,0,0,,xslF345X03/edgar.xml,PRIMARY DOCUMENT
0001179706-14-000156,2014-11-28,2014-11-25,2014-11-28T21:01:17.000Z,,4,,,,4,27580,0,0,,xslF345X03/edgar.xml,PRIMARY DOCUMENT
0001179706-14-000157,2014-11-28,2014-11-25,2014-11-28T21:01:34.000Z,,4,,,,4,18313,0,0,,xslF345X03/edgar.xml,PRIMARY DOCUMENT
0001179706-14-000158,2014-11-28,2014-11-25,2014-11-28T21:02:05.000Z,,4,,,,4,18798,0,0,,xslF345X03/edgar.xml,PRIMARY DOCUMENT
0001179706-14-000159,2014-11-28,2014-11-25,2014-11-28T21:02:24.000Z,,4,,,,4,18275,0,0,,xslF345X03/edgar.xml,PRIMARY DOCUMENT
0001179706-14-000160,2014-11-28,2014-11-25,2014-11-28T21:02:42.000Z,,4,,,,4,6156,0,0,,xslF345X03/edgar.xml,PRIMARY DOCUMENT
0001179706-14-000161,2014-11-28,2014-11-25,2014-11-28T21:03:00.000Z,,4,,,,4,18815,0,0,,xslF345X03/edgar.xml,PRIMARY DOCUMENT
0001179706-14-000163,2014-12-01,2014-11-27,2014-12-01T22:01:04.000Z,,4,,,,4,8782,0,0,,xslF345X03/edgar.xml,PRIMARY DOCUMENT
0001179706-14-000168,2014-12-02,2014-12-01,2014-12-02T21:33:14.000Z,,4,,,,4,4810,0,0,,xslF345X03/edgar.xml,PRIMARY DOCUMENT
0001179706-14-000169,2014-12-02,2014-11-28,2014-12-02T21:33:29.000Z,,4,,,,4,15475,0,0,,xslF345X03/edgar.xml,PRIMARY DOCUMENT
0001179706-14-000170,2014-12-02,2014-12-01,2014-12-02T21:33:42.000Z,,4,,,,4,4672,0,0,,xslF345X03/edgar.xml,PRIMARY DOCUMENT
0001179706-14-000171,2014-12-02,2014-11-28,2014-12-02T21:34:00.000Z,,4,,,,4,4659,0,0,,xslF345X03/edgar.xml,PRIMARY DOCUMENT
0001179706-14-000173,2014-12-04,2014-12-03,2014-12-04T22:52:09.000Z,,4,,,,4,11026,0,0,,xslF345X03/edgar.xml,PRIMARY DOCUMENT
0001179706-14-000185,2014-12-09,2014-12-06,2014-12-09T22:30:17.000Z,,4,,,,4,14396,0,0,,xslF345X03/edgar.xml,PRIMARY DOCUMENT
0001179706-14-000186,2014-12-09,2014-12-06,2014-12-09T22:30:35.000Z,,4,,,,4,8786,0,0,,xslF345X03/edgar.xml,PRIMARY DOCUMENT
0001179706-14-000187,2014-12-09,2014-12-06,2014-12-09T22:30:51.000Z,,4,,,,4,10294,0,0,,xslF345X03/edgar.xml,PRIMARY DOCUMENT
0001179706-14-000188,2014-12-09,2014-12-06,2014-12-09T22:31:06.000Z,,4,,,,4,8659,0,0,,xslF345X03/edgar.xml,PRIMARY DOCUMENT
0001179706-14-000189,2014-12-09,2014-12-06,2014-12-09T22:31:21.000Z,,4,,,,4,9639,0,0,,xslF345X03/edgar.xml,PRIMARY DOCUMENT
0001179706-14-000190,2014-12-09,2014-12-07,2014-12-09T22:31:40.000Z,,4,,,,4,9708,0,0,,xslF345X03/edgar.xml,PRIMARY DOCUMENT
0001179706-14-000191,2014-12-09,2014-12-06,2014-12-09T22:32:03.000Z,,4,,,,4,22824,0,0,,xslF345X03/edgar.xml,PRIMARY DOCUMENT
0001179706-14-000192,2014-12-09,2014-12-06,2014-12-09T22:32:24.000Z,,4,,,,4,14402,0,0,,xslF345X03/edgar.xml,PRIMARY DOCUMENT
0001179706-14-000193,2014-12-09,2014-12-05,2014-12-09T22:32:49.000Z,,4,,,,4,14803,0,0,,xslF345X03/edgar.xml,PRIMARY DOCUMENT
0001179706-14-000194,2014-12-09,2014-12-06,2014-12-09T22:33:28.000Z,,4,,,,4,7332,0,0,,xslF345X03/edgar.xml,PRIMARY DOCUMENT
0001179706-14-000195,2014-12-09,2014-12-06,2014-12-09T22:33:49.000Z,,4,,,,4,9697,0,0,,xslF345X03/edgar.xml,PRIMARY DOCUMENT
0001179706-14-000203,2014-12-10,2014-12-08,2014-12-10T23:47:49.000Z,,4,,,,4,8936,0,0,,xslF345X03/edgar.xml,PRIMARY DOCUMENT
0001179706-14-000204,2014-12-10,2014-12-09,2014-12-10T23:48:06.000Z,,4,,,,4,10533,0,0,,xslF345X03/edgar.xml,PRIMARY DOCUMENT
0001179706-14-000205,2014-12-10,2014-12-08,2014-12-10T23:48:23.000Z,,4,,,,4,8808,0,0,,xslF345X03/edgar.xml,PRIMARY DOCUMENT
0001179706-14-000206,2014-12-10,2014-12-08,2014-12-10T23:48:45.000Z,,4,,,,4,21200,0,0,,xslF345X03/edgar.xml,PRIMARY DOCUMENT
0001179706-14-000207,2014-12-10,2014-12-09,2014-12-10T23:49:05.000Z,,4,,,,4,20616,0,0,,xslF345X03/edgar.xml,PRIMARY DOCUMENT
0001179706-14-000208,2014-12-10,2014-12-08,2014-12-10T23:49:31.000Z,,4,,,,4,8975,0,0,,xslF345X03/edgar.xml,PRIMARY DOCUMENT
0001179706-14-000209,2014-12-10,2014-12-08,2014-12-10T23:49:55.000Z,,4,,,,4,8561,0,0,,xslF345X03/edgar.xml,PRIMARY DOCUMENT
0001179706-14-000222,2014-12-11,2014-12-10,2014-12-11T21:46:32.000Z,,4,,,,4,23555,0,0,,xslF345X03/edgar.xml,PRIMARY DOCUMENT
0001179706-14-000223,2014-12-11,2014-12-10,2014-12-11T21:46:52.000Z,,4,,,,4,11743,0,0,,xslF345X03/edgar.xml,PRIMARY DOCUMENT
0001179706-14-000224,2014-12-11,2014-12-10,2014-12-11T21:47:57.000Z,,4,,,,4,11781,0,0,,xslF345X03/edgar.xml,PRIMARY DOCUMENT
0001179706-14-000225,2014-12-11,2014-12-10,2014-12-11T21:48:17.000Z,,4,,,,4,14060,0,0,,xslF345X03/edgar.xml,PRIMARY DOCUMENT
0001179706-14-000226,2014-12-11,2014-12-10,2014-12-11T21:48:33.000Z,,4,,,,4,12464,0,0,,xslF345X03/edgar.xml,PRIMARY DOCUMENT
0001179706-14-000227,2014-12-11,2014-12-10,2014-12-11T21:48:53.000Z,,4,,,,4,8940,0,0,,xslF345X03/edgar.xml,PRIMARY DOCUMENT
0001179706-14-000228,2014-12-11,2014-12-10,2014-12-11T21:49:15.000Z,,4,,,,4,12544,0,0,,xslF345X03/edgar.xml,PRIMARY DOCUMENT
0001179706-14-000229,2014-12-11,2014-12-10,2014-12-11T21:49:35.000Z,,4,,,,4,8923,0,0,,xslF345X03/edgar.xml,PRIMARY DOCUMENT
0001179706-14-000230,2014-12-11,2014-12-10,2014-12-11T21:49:57.000Z,,4,,,,4,12580,0,0,,xslF345X03/edgar.xml,PRIMARY DOCUMENT
0001179706-14-000231,2014-12-11,2014-12-10,2014-12-11T21:50:15.000Z,,4,,,,4,12597,0,0,,xslF345X03/edgar.xml,PRIMARY DOCUMENT
0001179706-14-000232,2014-12-11,2014-12-10,2014-12-11T21:50:37.000Z,,4,,,,4,12510,0,0,,xslF345X03/edgar.xml,PRIMARY DOCUMENT
0001179706-14-000233,2014-12-11,2014-12-10,2014-12-11T21:50:58.000Z,,4,,,,4,11782,0,0,,xslF345X03/edgar.xml,PRIMARY DOCUMENT
0001179706-14-000247,2014-12-15,2014-12-11,2014-12-16T00:45:52.000Z,,4,,,,4,14750,0,0,,xslF345X03/edgar.xml,PRIMARY DOCUMENT
0001179706-14-000248,2014-12-15,2014-12-11,2014-12-16T00:46:14.000Z,,4,,,,4,10463,0,0,,xslF345X03/edgar.xml,PRIMARY DOCUMENT
0001179706-14-000249,2014-12-15,2014-12-11,2014-12-16T00:46:33.000Z,,4,,,,4,8825,0,0,,xslF345X03/edgar.xml,PRIMARY DOCUMENT
0001179706-14-000250,2014-12-15,2014-12-11,2014-12-16T00:46:55.000Z,,4,,,,4,8676,0,0,,xslF345X03/edgar.xml,PRIMARY DOCUMENT
0001179706-14-000251,2014-12-15,2014-12-11,2014-12-16T00:47:10.000Z,,4,,,,4,9636,0,0,,xslF345X03/edgar.xml,PRIMARY DOCUMENT
0001179706-14-000252,2014-12-15,2014-12-11,2014-12-16T00:47:27.000Z,,4,,,,4,14371,0,0,,xslF345X03/edgar.xml,PRIMARY DOCUMENT
0001179706-14-000253,2014-12-15,2014-12-11,2014-12-16T00:47:46.000Z,,4,,,,4,15330,0,0,,xslF345X03/edgar.xml,PRIMARY DOCUMENT
0001179706-14-000254,2014-12-15,2014-12-11,2014-12-16T00:48:00.000Z,,4,,,,4,8804,0,0,,xslF345X03/edgar.xml,PRIMARY DOCUMENT
0001179706-14-000255,2014-12-15,2014-12-11,2014-12-16T00:48:15.000Z,,4,,,,4,14794,0,0,,xslF345X03/edgar.xml,PRIMARY DOCUMENT
0001179706-14-000256,2014-12-15,2014-12-11,2014-12-16T00:48:32.000Z,,4,,,,4,8814,0,0,,xslF345X03/edgar.xml,PRIMARY DOCUMENT
0001179706-14-000257,2014-12-15,2014-12-11,2014-12-16T00:48:47.000Z,,4,,,,4,12886,0,0,,xslF345X03/edgar.xml,PRIMARY DOCUMENT
0001179706-14-000258,2014-12-15,2014-12-11,2014-12-16T00:49:02.000Z,,4,,,,4,9680,0,0,,xslF345X03/edgar.xml,PRIMARY DOCUMENT
0001179706-14-000259,2014-12-15,2014-12-11,2014-12-16T00:49:16.000Z,,4,,,,4,8837,0,0,,xslF345X03/edgar.xml,PRIMARY DOCUMENT
0001179706-14-000267,2014-12-16,2014-12-12,2014-12-16T22:06:56.000Z,,4,,,,4,8784,0,0,,xslF345X03/edgar.xml,PRIMARY DOCUMENT
0001179706-14-000268,2014-12-16,2014-12-12,2014-12-16T22:07:15.000Z,,4,,,,4,14271,0,0,,xslF345X03/edgar.xml,PRIMARY DOCUMENT
0001179706-14-000269,2014-12-16,2014-12-12,2014-12-16T22:07:35.000Z,,4,,,,4,9631,0,0,,xslF345X03/edgar.xml,PRIMARY DOCUMENT
0001179706-14-000270,2014-12-16,2014-12-15,2014-12-16T22:07:56.000Z,,4,,,,4,4663,0,0,,xslF345X03/edgar.xml,PRIMARY DOCUMENT
0001179706-14-000271,2014-12-16,2014-12-12,2014-12-16T22:08:20.000Z,,4,,,,4,10246,0,0,,xslF345X03/edgar.xml,PRIMARY DOCUMENT
0001179706-14-000272,2014-12-16,2014-12-12,2014-12-16T22:08:48.000Z,,4,,,,4,8819,0,0,,xslF345X03/edgar.xml,PRIMARY DOCUMENT
0001179706-14-000273,2014-12-16,2014-12-14,2014-12-16T22:09:20.000Z,,4,,,,4,9675,0,0,,xslF345X03/edgar.xml,PRIMARY DOCUMENT
0001047469-14-009977,2014-12-18,2014-10-31,2014-12-18T00:07:33.000Z,34,10-K,001-04423,141293844,,10-K,49934943,1,0,,a2222365z10-k.htm,10-K
0001179706-14-000278,2014-12-18,2014-12-16,2014-12-18T21:58:58.000Z,,4,,,,4,4636,0,0,,xslF345X03/edgar.xml,PRIMARY DOCUMENT
0001179706-14-000279,2014-12-18,2014-12-16,2014-12-18T21:59:22.000Z,,4,,,,4,4624,0,0,,xslF345X03/edgar.xml,PRIMARY DOCUMENT
0001179706-14-000280,2014-12-18,2014-12-16,2014-12-18T21:59:42.000Z,,4,,,,4,4657,0,0,,xslF345X03/edgar.xml,PRIMARY DOCUMENT
0001179706-14-000281,2014-12-18,2014-12-16,2014-12-18T22:00:02.000Z,,4,,,,4,4641,0,0,,xslF345X03/edgar.xml,PRIMARY DOCUMENT
0001179706-14-000284,2014-12-22,2014-12-19,2014-12-22T22:10:56.000Z,,4,,,,4,13731,0,0,,xslF345X03/edgar.xml,PRIMARY DOCUMENT
0001179706-14-000285,2014-12-22,2014-12-18,2014-12-22T22:11:15.000Z,,4,,,,4,8583,0,0,,xslF345X03/edgar.xml,PRIMARY DOCUMENT
0001179706-15-000002,2015-01-05,2015-01-02,2015-01-05T22:48:54.000Z,,4,,,,4,8968,0,0,,xslF345X03/edgar.xml,PRIMARY DOCUMENT
0001179706-15-000004,2015-01-13,2015-01-09,2015-01-13T23:10:43.000Z,,4,,,,4,16787,0,0,,xslF345X03/edgar.xml,PRIMARY DOCUMENT
0001179706-15-000006,2015-01-20,2015-01-15,2015-01-20T23:33:50.000Z,,4,,,,4,33240,0,0,,xslF345X03/edgar.xml,PRIMARY DOCUMENT
0001179706-15-000013,2015-01-21,2015-01-18,2015-01-21T23:16:22.000Z,,4,,,,4,19453,0,0,,xslF345X03/edgar.xml,PRIMARY DOCUMENT
0001179706-15-000014,2015-01-21,2015-01-16,2015-01-21T23:16:36.000Z,,4,,,,4,16842,0,0,,xslF345X03/edgar.xml,PRIMARY DOCUMENT
0001179706-15-000015,2015-01-21,2015-01-16,2015-01-21T23:16:50.000Z,,4,,,,4,24146,0,0,,xslF345X03/edgar.xml,PRIMARY DOCUMENT
0001179706-15-000016,2015-01-21,2015-01-18,2015-01-21T23:17:09.000Z,,4,,,,4,18011,0,0,,xslF345X03/edgar.xml,PRIMARY DOCUMENT
0001179706-15-000017,2015-01-21,2015-01-16,2015-01-21T23:17:25.000Z,,4,,,,4,19547,0,0,,xslF345X03/edgar.xml,PRIMARY DOCUMENT
0001179706-15-000019,2015-01-22,2015-01-20,2015-01-23T00:03:09.000Z,,4,,,,4,10071,0,0,,xslF345X03/edgar.xml,PRIMARY DOCUMENT
9999999997-15-000525,2015-01-23,2014-11-14,2015-01-29T19:40:49.000Z,34,NO ACT,001-04423,15005025,,NO ACT,1336,0,0,,9999999997-15-000525.paper,AUTO-GENERATED PAPER DOCUMENT
0001179706-15-000021,2015-01-27,2015-01-23,2015-01-27T21:41:03.000Z,,4,,,,4,10045,0,0,,xslF345X03/edgar.xml,PRIMARY DOCUMENT
0001193125-15-028338,2015-02-02,2015-03-18,2015-02-02T11:02:01.000Z,34,DEF 14A,001-04423,15564799,,DEF 14A,1464835,0,0,,d849848ddef14a.htm,DEFINITIVE PROXY STATEMENT
0001193125-15-028536,2015-02-02,,2015-02-02T11:04:59.000Z,34,DEFA14A,001-04423,15564802,,DEFA14A,452908,0,0,,d862309ddefa14a.htm,DEFINITIVE ADDITIONAL MATERIALS
9999999997-15-000722,2015-02-04,2014-10-31,2015-02-04T20:38:23.000Z,34,ARS,001-04423,15005414,,ARS,1327,0,0,,9999999997-15-000722.paper,AUTO-GENERATED PAPER DOCUMENT
0000215457-15-000040,2015-02-06,,2015-02-06T22:24:14.000Z,34,SC 13G,005-12061,15585632,,SC 13G,13347,0,0,,hewlett.packard.txt,
0000932471-15-003664,2015-02-10,,2015-02-10T16:12:18.000Z,34,SC 13G,005-12061,15591115,,SC 13G,39583,0,0,,hewlettpackardco.htm,
0001519058-15-000141,2015-02-12,,2015-02-12T19:29:17.000Z,34,SC 13G,005-12061,15605118,,SC 13G,9076,0,0,,hpq.txt,HPQ
0001193125-15-050103,2015-02-13,,2015-02-13T21:26:53.000Z,34,SC 13G/A,005-12061,15615070,,SC 13G/A,36884,0,0,,d867665dsc13ga.htm,FORM SC 13G AMENDMENT NO. 3
0001179706-15-000023,2015-02-23,2015-02-19,2015-02-23T22:31:54.000Z,,4,,,,4,19662,0,0,,xslF345X03/edgar.xml,PRIMARY DOCUMENT
0000047217-15-000004,2015-02-24,2015-02-24,2015-02-24T21:16:40.000Z,34,8-K,001-04423,15643694,"2.02,9.01",8-K,2911376,0,0,,q1form8-k_22015.htm,Q115 FORM 8-K
0001179706-15-000025,2015-03-02,2015-02-26,2015-03-02T21:51:12.000Z,,4,,,,4,4649,0,0,,xslF345X03/edgar.xml,PRIMARY DOCUMENT
0001104659-15-015870,2015-03-02,2015-03-02,2015-03-02T22:20:06.000Z,34,8-K,001-04423,15665946,"1.01,7.01,9.01",8-K,1022070,0,0,,a15-5693_18k.htm,8-K
0001179706-15-000027,2015-03-05,2015-03-04,2015-03-05T23:35:54.000Z,,4,,,,4,5554,0,0,,xslF345X03/edgar.xml,PRIMARY DOCUMENT
0000047217-15-000007,2015-03-10,2015-03-10,2015-03-10T20:05:43.000Z,34,8-K,001-04423,15688810,"8.01,9.01",8-K,44931,0,0,,dismissal8-k_32015.htm,FORM 8-K
0001047469-15-001999,2015-03-11,2015-01-31,2015-03-11T21:23:41.000Z,34,10-Q,001-04423,15693668,,10-Q,27704826,1,0,,a2223235z10-q.htm,10-Q
0000047217-15-000010,2015-03-17,,2015-03-17T21:20:27.000Z,33,S-8,333-202834,15707887,,S-8,247469,0,0,,voltages-8_32015.htm,VOLTAGE S-8
0000047217-15-000013,2015-03-19,2015-03-18,2015-03-19T12:25:52.000Z,34,8-K,001-04423,15711651,7.01,8-K,26089,0,0,,dividend8-k_3-2015.htm,FORM 8-K
0000047217-15-000016,2015-03-20,2015-03-18,2015-03-20T00:01:24.000Z,34,8-K,001-04423,15714235,5.07,8-K,61737,0,0,,annualmeetingform8-k.htm,2015 ANNUAL MEETING OF SHAREHOLDERS FORM 8-K
0000047217-15-000019,2015-03-24,2015-03-23,2015-03-24T01:43:03.000Z,34,8-K,001-04423,15720339,"8.01,9.01",8-K,82029,0,0,,autonomy8-k_32015.htm,FORM 8-K
0001179706-15-000029,2015-03-24,2015-03-20,2015-03-24T22:34:20.000Z,,4,,,,4,17723,0,0,,xslF345X03/edgar.xml,PRIMARY DOCUMENT
0001179706-15-000052,2015-04-22,2015-04-20,2015-04-22T20:40:51.000Z,,4,,,,4,11235,0,0,,xslF345X03/edgar.xml,PRIMARY DOCUMENT
0001179706-15-000053,2015-04-22,2015-04-20,2015-04-22T20:41:07.000Z,,4,,,,4,9106,0,0,,xslF345X03/edgar.xml,PRIMARY DOCUMENT
0001179706-15-000054,2015-04-22,2015-04-20,2015-04-22T20:41:21.000Z,,4,,,,4,9003,0,0,,xslF345X03/edgar.xml,PRIMARY DOCUMENT
0001179706-15-000055,2015-04-22,2015-04-20,2015-04-22T20:41:35.000Z,,4,,,,4,11648,0,0,,xslF345X03/edgar.xml,PRIMARY DOCUMENT
0001179706-15-000056,2015-04-22,2015-04-20,2015-04-22T20:41:52.000Z,,4,,,,4,11320,0,0,,xslF345X03/edgar.xml,PRIMARY DOCUMENT
0001179706-15-000057,2015-04-22,2015-04-20,2015-04-22T20:42:09.000Z,,4,,,,4,9205,0,0,,xslF345X03/edgar.xml,PRIMARY DOCUMENT
0001179706-15-000058,2015-04-22,2015-04-20,2015-04-22T20:42:24.000Z,,4,,,,4,9041,0,0,,xslF345X03/edgar.xml,PRIMARY DOCUMENT
0001179706-15-000059,2015-04-22,2015-04-20,2015-04-22T20:42:42.000Z,,4,,,,4,11551,0,0,,xslF345X03/edgar.xml,PRIMARY DOCUMENT
0001179706-15-000060,2015-04-22,2015-04-20,2015-04-22T20:42:57.000Z,,4,,,,4,11057,0,0,,xslF345X03/edgar.xml,PRIMARY DOCUMENT
0001179706-15-000061,2015-04-22,2015-04-20,2015-04-22T20:43:14.000Z,,4,,,,4,11628,0,0,,xslF345X03/edgar.xml,PRIMARY DOCUMENT
0001179706-15-000071,2015-04-23,2015-04-21,2015-04-23T21:01:50.000Z,,4,,,,4,8534,0,0,,xslF345X03/edgar.xml,PRIMARY DOCUMENT
0001179706-15-000072,2015-04-23,2015-04-21,2015-04-23T21:02:11.000Z,,4,,,,4,7360,0,0,,xslF345X03/edgar.xml,PRIMARY DOCUMENT
0001179706-15-000073,2015-04-23,2015-04-21,2015-04-23T21:02:24.000Z,,4,,,,4,7321,0,0,,xslF345X03/edgar.xml,PRIMARY DOCUMENT
0001179706-15-000074,2015-04-23,2015-04-21,2015-04-23T21:02:41.000Z,,4,,,,4,7422,0,0,,xslF345X03/edgar.xml,PRIMARY DOCUMENT
0001179706-15-000075,2015-04-23,2015-04-21,2015-04-23T21:03:21.000Z,,4,,,,4,7459,0,0,,xslF345X03/edgar.xml,PRIMARY DOCUMENT
0001179706-15-000076,2015-04-23,2015-04-21,2015-04-23T21:03:37.000Z,,4,,,,4,7359,0,0,,xslF345X03/edgar.xml,PRIMARY DOCUMENT
0001179706-15-000077,2015-04-23,2015-04-21,2015-04-23T21:03:56.000Z,,4,,,,4,7214,0,0,,xslF345X03/edgar.xml,PRIMARY DOCUMENT
0001179706-15-000078,2015-04-23,2015-04-21,2015-04-23T21:04:18.000Z,,4,,,,4,8420,0,0,,xslF345X03/edgar.xml,PRIMARY DOCUMENT
0001179706-15-000079,2015-04-23,2015-04-21,2015-04-23T21:04:31.000Z,,4,,,,4,7351,0,0,,xslF345X03/edgar.xml,PRIMARY DOCUMENT
0000047217-15-000022,2015-05-05,2015-04-30,2015-05-05T20:13:37.000Z,34,8-K,001-04423,15833127,"1.01,2.03",8-K,30094,0,0,,termloan8-k_2015.htm,TERM LOAN FORM 8-K
0001179706-15-000084,2015-05-13,2015-05-11,2015-05-13T20:50:04.000Z,,3,,,,3,12976,0,0,,xslF345X02/edgar.xml,PRIMARY DOCUMENT
0001179706-15-000085,2015-05-13,2015-05-11,2015-05-13T20:50:18.000Z,,4,,,,4,6268,0,0,,xslF345X03/edgar.xml,PRIMARY DOCUMENT
0000000000-15-026576,2015-05-15,,2015-05-15T16:52:26.000Z,,UPLOAD,,,,LETTER,157499,0,0,,filename1.pdf,
0001104659-15-039183,2015-05-19,2015-05-18,2015-05-19T10:03:54.000Z,34,8-K,001-04423,15874976,8.01,8-K,26272,0,0,,a15-11609_18k.htm,8-K
0001104659-15-039187,2015-05-19,,2015-05-19T10:06:24.000Z,,CORRESP,,,,CORRESP,18321,0,0,,filename1.htm,
0001179706-15-000087,2015-05-19,2015-05-16,2015-05-19T22:07:59.000Z,,4,,,,4,17763,0,0,,xslF345X03/edgar.xml,PRIMARY DOCUMENT
0000047217-15-000026,2015-05-21,2015-05-21,2015-05-21T20:30:54.000Z,34,8-K,001-04423,15883168,"2.02,9.01",8-K,1341579,0,0,,q2form8-k_52015.htm,Q2 FY2015 FORM 8-K
0001104659-15-041202,2015-05-27,2015-05-21,2015-05-27T20:16:53.000Z,34,8-K,001-04423,15892581,"7.01,8.01,9.01",8-K,59583,0,0,,a15-12605_18k.htm,8-K
0001179706-15-000089,2015-05-27,2015-05-23,2015-05-27T22:04:26.000Z,,4,,,,4,19693,0,0,,xslF345X03/edgar.xml,PRIMARY DOCUMENT
0001104659-15-041583,2015-05-28,,2015-05-28T20:16:21.000Z,34,SD,001-04423,15895682,,SD,462656,0,0,,a15-12603_1sd.htm,SD
0001179706-15-000092,2015-05-28,2015-05-26,2015-05-28T21:21:24.000Z,,4,,,,4,4654,0,0,,xslF345X03/edgar.xml,PRIMARY DOCUMENT
0001179706-15-000093,2015-05-28,2015-05-26,2015-05-28T21:21:40.000Z,,4,,,,4,32502,0,0,,xslF345X03/edgar.xml,PRIMARY DOCUMENT
0001179706-15-000096,2015-06-01,2015-05-28,2015-06-01T21:37:22.000Z,,4,,,,4,6625,0,0,,xslF345X03/edgar.xml,PRIMARY DOCUMENT
0001179706-15-000097,2015-06-01,2015-05-28,2015-06-01T21:37:40.000Z,,4,,,,4,4650,0,0,,xslF345X03/edgar.xml,PRIMARY DOCUMENT
0001179706-15-000100,2015-06-04,2015-06-02,2015-06-04T20:47:47.000Z,,4,,,,4,35128,0,0,,xslF345X03/edgar.xml,PRIMARY DOCUMENT
0001179706-15-000101,2015-06-04,2015-06-02,2015-06-04T20:48:04.000Z,,4,,,,4,4869,0,0,,xslF345X03/edgar.xml,PRIMARY DOCUMENT
0001047469-15-005313,2015-06-08,2015-04-30,2015-06-08T21:18:50.000Z,34,10-Q,001-04423,15919164,,10-Q,34203473,1,0,,a2224881z10-q.htm,10-Q
0001179706-15-000103,2015-06-09,2015-06-04,2015-06-09T22:29:39.000Z,,4,,,,4,13510,0,0,,xslF345X03/edgar.xml,PRIMARY DOCUMENT
0001104659-15-044377,2015-06-09,,2015-06-09T23:48:30.000Z,,CORRESP,,,,CORRESP,35257,0,0,,filename1.htm,
0000047217-15-000032,2015-06-10,,2015-06-10T20:06:03.000Z,33,S-8,333-204851,15923589,,S-8,283848,0,0,,arubas-8_2015.htm,ARUBA S-8
0001179706-15-000105,2015-06-10,2015-06-10,2015-06-10T21:26:57.000Z,,4,,,,4,4647,0,0,,xslF345X03/edgar.xml,PRIMARY DOCUMENT
0000047217-15-000035,2015-06-24,2014-12-31,2015-06-24T20:06:44.000Z,34,11-K,001-04423,15949278,,11-K,6907183,0,0,,form11-k_2014.htm,2014 FORM 11-K
0001179706-15-000107,2015-06-29,2015-06-27,2015-06-29T21:03:52.000Z,,4,,,,4,17700,0,0,,xslF345X03/edgar.xml,PRIMARY DOCUMENT
0000047217-15-000038,2015-07-01,2015-06-30,2015-07-01T20:06:37.000Z,34,8-K,001-04423,15965122,5.02,8-K,24484,0,0,,form8-k_6-30-2015.htm,FORM 8-K
0001179706-15-000109,2015-07-20,2015-07-16,2015-07-20T22:13:54.000Z,,4,,,,4,9834,0,0,,xslF345X03/edgar.xml,PRIMARY DOCUMENT
0001179706-15-000111,2015-07-21,2015-07-17,2015-07-21T22:28:07.000Z,,4,,,,4,21400,0,0,,xslF345X03/edgar.xml,PRIMARY DOCUMENT
0000912057-15-000244,2015-08-03,2015-07-29,2015-08-03T21:07:45.000Z,34,8-K,001-04423,151023124,5.02,8-K,34174,0,0,,a15-16046_18k.htm,8-K
0001179706-15-000113,2015-08-04,2015-08-01,2015-08-04T23:19:57.000Z,,4,,,,4,16047,0,0,,xslF345X03/edgar.xml,PRIMARY DOCUMENT
0001179706-15-000115,2015-08-06,2015-08-01,2015-08-07T00:16:25.000Z,,3,,,,3,28174,0,0,,xslF345X02/edgar.xml,PRIMARY DOCUMENT
0001193125-15-288076,2015-08-12,2015-08-11,2015-08-12T20:04:35.000Z,34,8-K,001-04423,151047037,"5.02,7.01,9.01",8-K,42553,0,0,,d78875d8k.htm,8-K
0000047217-15-000042,2015-08-20,2015-08-20,2015-08-20T20:24:35.000Z,34,8-K,001-04423,151066570,"2.02,9.01",8-K,1399483,0,0,,q3form8-k_82015.htm,Q3-2015 FORM 8-K
0001193125-15-306319,2015-08-28,,2015-08-28T16:51:52.000Z,34,SC 13G/A,005-12061,151081199,,SC 13G/A,33323,0,0,,d23091dsc13ga.htm,SCHEDULE 13G AMENDMENT NO. 4
0000000000-15-044213,2015-09-03,,2015-09-03T16:20:26.000Z,,UPLOAD,,,,LETTER,146571,0,0,,filename1.pdf,
0001193125-15-313132,2015-09-04,2015-09-04,2015-09-04T20:51:05.000Z,34,8-K,001-04423,151094931,7.01,8-K,17688,0,0,,d80157d8k.htm,FORM 8-K
0001047469-15-007197,2015-09-08,2015-07-31,2015-09-08T21:21:06.000Z,34,10-Q,001-04423,151097529,,10-Q,23140834,1,0,,a2225780z10-q.htm,10-Q
0001193125-15-318758,2015-09-11,,2015-09-12T01:56:36.000Z,,CORRESP,,,,CORRESP,67687,0,0,,filename1.htm,
0001193125-15-320831,2015-09-16,2015-09-14,2015-09-16T10:05:06.000Z,34,8-K,001-04423,151108916,"2.05,7.01,9.01",8-K,114518,0,0,,d92008d8k.htm,FORM 8-K
0001179706-15-000127,2015-09-21,2015-09-17,2015-09-21T22:39:09.000Z,,4,,,,4,44641,0,0,,xslF345X03/edgar.xml,PRIMARY DOCUMENT
0001179706-15-000128,2015-09-21,2015-09-17,2015-09-21T22:39:27.000Z,,4,,,,4,30619,0,0,,xslF345X03/edgar.xml,PRIMARY DOCUMENT
0001179706-15-000129,2015-09-21,2015-09-17,2015-09-21T22:39:44.000Z,,4,,,,4,24355,0,0,,xslF345X03/edgar.xml,PRIMARY DOCUMENT
0001179706-15-000130,2015-09-21,2015-09-17,2015-09-21T22:40:00.000Z,,4,,,,4,24047,0,0,,xslF345X03/edgar.xml,PRIMARY DOCUMENT
0001179706-15-000131,2015-09-21,2015-09-17,2015-09-21T22:40:17.000Z,,4,,,,4,26356,0,0,,xslF345X03/edgar.xml,PRIMARY DOCUMENT
0001179706-15-000132,2015-09-21,2015-09-17,2015-09-21T22:40:34.000Z,,4,,,,4,14550,0,0,,xslF345X03/edgar.xml,PRIMARY DOCUMENT
0001179706-15-000133,2015-09-21,2015-09-17,2015-09-21T22:40:52.000Z,,4,,,,4,20567,0,0,,xslF345X03/edgar.xml,PRIMARY DOCUMENT
0001179706-15-000134,2015-09-21,2015-09-17,2015-09-21T22:41:10.000Z,,4,,,,4,21720,0,0,,xslF345X03/edgar.xml,PRIMARY DOCUMENT
0001179706-15-000135,2015-09-21,2015-09-17,2015-09-21T22:41:25.000Z,,4,,,,4,17576,0,0,,xslF345X03/edgar.xml,PRIMARY DOCUMENT
0001179706-15-000136,2015-09-21,2015-09-17,2015-09-21T22:41:41.000Z,,4,,,,4,25222,0,0,,xslF345X03/edgar.xml,PRIMARY DOCUMENT
0001179706-15-000137,2015-09-21,2015-09-17,2015-09-21T22:42:00.000Z,,4,,,,4,16296,0,0,,xslF345X03/edgar.xml,PRIMARY DOCUMENT
0001179706-15-000139,2015-09-22,2015-09-21,2015-09-22T23:12:56.000Z,,4,,,,4,20984,0,0,,xslF345X03/edgar.xml,PRIMARY DOCUMENT
0001179706-15-000143,2015-09-25,2015-09-23,2015-09-25T21:59:04.000Z,,4,,,,4,6496,0,0,,xslF345X03/edgar.xml,PRIMARY DOCUMENT
0001179706-15-000144,2015-09-25,2015-09-23,2015-09-25T21:59:17.000Z,,4,,,,4,10071,0,0,,xslF345X03/edgar.xml,PRIMARY DOCUMENT
0001179706-15-000145,2015-09-25,2015-09-23,2015-09-25T21:59:33.000Z,,4,,,,4,4668,0,0,,xslF345X03/edgar.xml,PRIMARY DOCUMENT
0001193125-15-333291,2015-09-30,2015-09-30,2015-09-30T11:49:59.000Z,34,8-K,001-04423,151132750,"7.01,8.01,9.01",8-K,101672,0,0,,d142741d8k.htm,FORM 8-K
0001179706-15-000147,2015-09-30,2015-09-28,2015-09-30T23:09:41.000Z,,4,,,,4,10311,0,0,,xslF345X03/edgar.xml,PRIMARY DOCUMENT
0001193125-15-334295,2015-10-01,2015-09-30,2015-10-01T01:33:35.000Z,34,8-K,001-04423,151135196,"8.01,9.01",8-K,45872,0,0,,d99122d8k.htm,FORM 8-K
0001193125-15-334592,2015-10-01,2015-09-30,2015-10-01T11:59:58.000Z,34,8-K,001-04423,151135302,"8.01,9.01",8-K,49498,0,0,,d88067d8k.htm,FORM 8-K
0001179706-15-000149,2015-10-02,2015-09-30,2015-10-02T21:47:11.000Z,,4,,,,4,8731,0,0,,xslF345X03/edgar.xml,PRIMARY DOCUMENT
0001179706-15-000151,2015-10-05,2015-10-01,2015-10-06T00:10:35.000Z,,4,,,,4,12613,0,0,,xslF345X03/edgar.xml,PRIMARY DOCUMENT
0001179706-15-000166,2015-10-08,2015-10-08,2015-10-08T20:57:14.000Z,34,3,001-37483,151151274,,3,3869,0,0,,xslF345X02/edgar.xml,PRIMARY DOCUMENT
0001193125-15-341966,2015-10-13,2015-10-09,2015-10-13T10:16:58.000Z,34,8-K,001-04423,151154499,"1.01,2.03,9.01",8-K,36135,0,0,,d129568d8k.htm,FORM 8-K
0001193125-15-344807,2015-10-15,2015-10-14,2015-10-15T21:06:35.000Z,34,8-K,001-04423,151160571,"8.01,9.01",8-K,104192,0,0,,d96270d8k.htm,FORM 8-K
0001193125-15-350839,2015-10-22,2015-10-20,2015-10-22T20:49:00.000Z,34,8-K,001-04423,151170687,"3.02,5.03,9.01",8-K,187640,0,0,,d84170d8k.htm,FORM 8-K
0001179706-15-000212,2015-10-23,2015-10-21,2015-10-23T22:14:48.000Z,34,4,001-37483,151173637,,4,5358,0,0,,xslF345X03/edgar.xml,PRIMARY DOCUMENT
0001179706-15-000255,2015-11-04,2015-11-02,2015-11-04T22:24:32.000Z,,4,,,,4,18418,0,0,,xslF345X03/edgar.xml,PRIMARY DOCUMENT
0001179706-15-000256,2015-11-04,2015-11-02,2015-11-04T22:24:46.000Z,,4,,,,4,20505,0,0,,xslF345X03/edgar.xml,PRIMARY DOCUMENT
0001179706-15-000257,2015-11-04,2015-11-02,2015-11-04T22:25:05.000Z,,4,,,,4,18637,0,0,,xslF345X03/edgar.xml,PRIMARY DOCUMENT
0001193125-15-368382,2015-11-05,2015-10-31,2015-11-05T21:34:18.000Z,34,8-K,001-04423,151201212,"1.01,2.01,2.03,5.02,8.01,9.01",8-K,3002963,0,0,,d86365d8k.htm,FORM 8-K
0001193125-15-374512,2015-11-12,2015-11-11,2015-11-12T11:18:09.000Z,34,8-K,001-04423,151221225,"7.01,8.01,9.01",8-K,35479,0,0,,d19709d8k.htm,FORM 8-K
0001179706-15-000287,2015-11-12,2015-11-01,2015-11-12T23:02:23.000Z,,3,,,,3,13040,0,0,,xslF345X02/edgar.xml,PRIMARY DOCUMENT
0001179706-15-000288,2015-11-12,2015-11-10,2015-11-12T23:02:32.000Z,,4,,,,4,6263,0,0,,xslF345X03/edgar.xml,PRIMARY DOCUMENT
0001179706-15-000289,2015-11-12,2015-11-01,2015-11-12T23:02:56.000Z,,3,,,,3,13054,0,0,,xslF345X02/edgar.xml,PRIMARY DOCUMENT
0001179706-15-000290,2015-11-12,2015-11-10,2015-11-12T23:03:03.000Z,,4,,,,4,6263,0,0,,xslF345X03/edgar.xml,PRIMARY DOCUMENT
0001179706-15-000291,2015-11-12,2015-11-01,2015-11-12T23:03:25.000Z,,3,,,,3,12980,0,0,,xslF345X02/edgar.xml,PRIMARY DOCUMENT
0001179706-15-000292,2015-11-12,2015-11-10,2015-11-12T23:03:32.000Z,,4,,,,4,6262,0,0,,xslF345X03/edgar.xml,PRIMARY DOCUMENT
0001179706-15-000293,2015-11-12,2015-11-01,2015-11-12T23:04:01.000Z,,3,,,,3,12949,0,0,,xslF345X02/edgar.xml,PRIMARY DOCUMENT
0001179706-15-000294,2015-11-12,2015-11-10,2015-11-12T23:04:08.000Z,,4,,,,4,6252,0,0,,xslF345X03/edgar.xml,PRIMARY DOCUMENT
0001179706-15-000296,2015-11-12,2015-11-10,2015-11-12T23:04:40.000Z,,4,,,,4,6275,0,0,,xslF345X03/edgar.xml,PRIMARY DOCUMENT
0001179706-15-000295,2015-11-12,2015-11-01,2015-11-12T23:04:44.000Z,,3,,,,3,12959,0,0,,xslF345X02/edgar.xml,PRIMARY DOCUMENT
0001179706-15-000297,2015-11-12,2015-11-01,2015-11-12T23:05:07.000Z,,3,,,,3,13024,0,0,,xslF345X02/edgar.xml,PRIMARY DOCUMENT
0001179706-15-000298,2015-11-12,2015-11-10,2015-11-12T23:05:15.000Z,,4,,,,4,6244,0,0,,xslF345X03/edgar.xml,PRIMARY DOCUMENT
0001179706-15-000299,2015-11-12,2015-11-10,2015-11-12T23:08:07.000Z,,4,,,,4,7188,0,0,,xslF345X03/edgar.xml,PRIMARY DOCUMENT
0001179706-15-000300,2015-11-12,2015-11-01,2015-11-12T23:32:13.000Z,,3,,,,3,31261,0,0,,xslF345X02/edgar.xml,PRIMARY DOCUMENT
0001179706-15-000301,2015-11-12,2015-11-01,2015-11-12T23:32:36.000Z,,3,,,,3,25091,0,0,,xslF345X02/edgar.xml,PRIMARY DOCUMENT
0001179706-15-000302,2015-11-12,2015-11-01,2015-11-12T23:32:50.000Z,,3,,,,3,26314,0,0,,xslF345X02/edgar.xml,PRIMARY DOCUMENT
0001179706-15-000303,2015-11-12,2015-11-01,2015-11-12T23:33:08.000Z,,3,,,,3,29347,0,0,,xslF345X02/edgar.xml,PRIMARY DOCUMENT
0001179706-15-000304,2015-11-12,2015-11-01,2015-11-12T23:33:23.000Z,,3,,,,3,26316,0,0,,xslF345X02/edgar.xml,PRIMARY DOCUMENT
0001179706-15-000307,2015-11-13,2015-11-01,2015-11-13T21:16:30.000Z,,3,,,,3,13007,0,0,,xslF345X02/edgar.xml,PRIMARY DOCUMENT
0001179706-15-000308,2015-11-13,2015-11-10,2015-11-13T21:16:39.000Z,,4,,,,4,6228,0,0,,xslF345X03/edgar.xml,PRIMARY DOCUMENT
0001179706-15-000310,2015-11-16,2015-11-11,2015-11-16T23:41:52.000Z,,3,,,,3,14592,0,0,,xslF345X02/edgar.xml,PRIMARY DOCUMENT
0000000000-15-054329,2015-11-17,,2015-11-17T17:36:34.000Z,,UPLOAD,,,,LETTER,38743,0,0,,filename1.pdf,
0000047217-15-000058,2015-11-24,2015-11-24,2015-11-24T21:18:25.000Z,34,8-K,001-04423,151252936,"2.02,9.01",8-K,1479496,0,0,,q415form8-k_1115.htm,Q415 FORM 8-K
0001179706-15-000317,2015-12-04,2015-12-02,2015-12-04T23:33:51.000Z,,4,,,,4,4806,0,0,,xslF345X03/edgar.xml,PRIMARY DOCUMENT
0001209191-15-084124,2015-12-08,2015-12-06,2015-12-09T00:19:51.000Z,,4,,,,4,10953,0,0,,xslF345X03/doc4.xml,FORM 4 SUBMISSION
0001209191-15-084125,2015-12-08,2015-12-06,2015-12-09T00:20:22.000Z,,4,,,,4,9382,0,0,,xslF345X03/doc4.xml,FORM 4 SUBMISSION
0001209191-15-084746,2015-12-11,2015-12-09,2015-12-11T22:08:54.000Z,,4,,,,4,6501,0,0,,xslF345X03/doc4.xml,FORM 4 SUBMISSION
0001209191-15-084753,2015-12-11,2015-12-09,2015-12-11T22:10:48.000Z,,4,,,,4,9234,0,0,,xslF345X03/doc4.xml,FORM 4 SUBMISSION
0001209191-15-084758,2015-12-11,2015-12-09,2015-12-11T22:12:10.000Z,,4,,,,4,7222,0,0,,xslF345X03/doc4.xml,FORM 4 SUBMISSION
0001209191-15-084767,2015-12-11,2015-12-09,2015-12-11T22:14:21.000Z,,4,,,,4,10697,0,0,,xslF345X03/doc4.xml,FORM 4 SUBMISSION
0001209191-15-084771,2015-12-11,2015-12-09,2015-12-11T22:16:39.000Z,,4,,,,4,8432,0,0,,xslF345X03/doc4.xml,FORM 4 SUBMISSION
0001209191-15-084775,2015-12-11,2015-12-09,2015-12-11T22:18:06.000Z,,4,,,,4,9269,0,0,,xslF345X03/doc4.xml,FORM 4 SUBMISSION
0001209191-15-084779,2015-12-11,2015-12-09,2015-12-11T22:20:06.000Z,,4,,,,4,9113,0,0,,xslF345X03/doc4.xml,FORM 4 SUBMISSION
0001209191-15-084793,2015-12-11,2015-12-09,2015-12-11T22:35:21.000Z,,4,,,,4,14660,0,0,,xslF345X03/doc4.xml,FORM 4 SUBMISSION
0001209191-15-084795,2015-12-11,2015-12-09,2015-12-11T22:36:31.000Z,,4,,,,4,16223,0,0,,xslF345X03/doc4.xml,FORM 4 SUBMISSION
0001209191-15-085066,2015-12-14,2015-12-11,2015-12-14T22:10:04.000Z,,4,,,,4,9408,0,0,,xslF345X03/doc4.xml,FORM 4 SUBMISSION
0001209191-15-085069,2015-12-14,2015-12-11,2015-12-14T22:11:30.000Z,,4,,,,4,11033,0,0,,xslF345X03/doc4.xml,FORM 4 SUBMISSION
0001047469-15-009251,2015-12-16,2015-10-31,2015-12-16T22:25:42.000Z,34,10-K,001-04423,151291743,,10-K,36541168,1,0,,a2226745z10-k.htm,10-K
0000215457-16-002910,2016-01-26,,2016-01-26T19:09:43.000Z,34,SC 13G/A,005-12061,161361140,,SC 13G/A,13470,0,0,,hp.inc.2015.txt,
0001104659-16-094686,2016-02-08,2016-02-08,2016-02-08T21:41:20.000Z,34,8-K,001-04423,161396089,"5.02,5.03,9.01",8-K,232501,0,0,,a16-3731_18k.htm,8-K
0001193125-16-453979,2016-02-08,2016-04-04,2016-02-08T22:08:09.000Z,34,PRE 14A,001-04423,161396343,,PRE 14A,2200481,0,0,,d118074dpre14a.htm,PRELIMINARY PROXY MATERIALS
0000932471-16-012434,2016-02-11,,2016-02-11T18:07:07.000Z,34,SC 13G/A,005-12061,161410193,,SC 13G/A,39573,0,0,,hpinc.htm,
0000932471-16-012496,2016-02-11,,2016-02-11T19:05:21.000Z,34,SC 13G,005-12061,161410656,,SC 13G,39633,0,0,,hewlettpackardco.htm,
0001193125-16-462434,2016-02-12,,2016-02-12T21:21:05.000Z,34,SC 13G/A,005-12061,161419476,,SC 13G/A,33571,0,0,,d282025dsc13ga.htm,FORM SC 13G AMENDMENT NO. 5
0001209191-16-099448,2016-02-17,2016-02-08,2016-02-17T23:00:33.000Z,,3,,,,3,6790,0,0,,xslF345X02/doc3.xml,FORM 3 SUBMISSION
0001193125-16-470017,2016-02-19,2016-04-04,2016-02-19T21:14:13.000Z,34,DEF 14A,001-04423,161442024,,DEF 14A,1980448,0,0,,d118074ddef14a.htm,DEFINITIVE PROXY STATEMENT
0001193125-16-470026,2016-02-19,,2016-02-19T21:18:06.000Z,34,DEFA14A,001-04423,161442076,,DEFA14A,345627,0,0,,d145046ddefa14a.htm,DEFA14A
0000047217-16-000062,2016-02-24,2016-02-24,2016-02-24T21:13:59.000Z,34,8-K,001-04423,161452114,"2.02,9.01",8-K,654855,0,0,,q1form8-k_22016.htm,Q116 FORM 8-K
0001104659-16-101196,2016-03-01,2016-03-01,2016-02-29T23:34:57.000Z,34,8-K/A,001-04423,161470302,"2.02,9.01",8-K/A,817913,0,0,,a16-5521_18ka.htm,8-K/A
0001047469-16-010678,2016-03-03,2016-01-31,2016-03-02T23:03:18.000Z,34,10-Q,001-04423,161478768,,10-Q,17088947,1,0,,a2227395z10-q.htm,10-Q
0000047217-16-000065,2016-03-08,2016-03-03,2016-03-08T21:08:05.000Z,34,8-K,001-04423,161491666,"8.01,9.01",8-K,60197,0,0,,form8-k_32016.htm,FORM 8-K
0001209191-16-109761,2016-03-21,2016-03-17,2016-03-21T20:31:02.000Z,,4,,,,4,16045,0,0,,xslF345X03/doc4.xml,FORM 4 SUBMISSION
0001562180-16-002015,2016-03-22,2016-03-18,2016-03-22T20:44:23.000Z,,4,,,,4,10800,0,0,,xslF345X03/primarydocument.xml,PRIMARY DOCUMENT
0001562180-16-002029,2016-03-24,2016-03-23,2016-03-24T23:04:06.000Z,,4,,,,4,5610,0,0,,xslF345X03/primarydocument.xml,PRIMARY DOCUMENT
0000047217-16-000068,2016-04-07,2016-04-04,2016-04-07T20:05:42.000Z,34,8-K,001-04423,161560120,"5.03,5.07,9.01",8-K,180079,0,0,,annualmeeting8-k_42016.htm,2016 ANNUAL MEETING
0001562180-16-002157,2016-04-21,2016-04-20,2016-04-21T21:21:22.000Z,,4,,,,4,7579,0,0,,xslF345X03/primarydocument.xml,PRIMARY DOCUMENT
0001562180-16-002158,2016-04-21,2016-04-20,2016-04-21T21:21:46.000Z,,4,,,,4,7670,0,0,,xslF345X03/primarydocument.xml,PRIMARY DOCUMENT
0001562180-16-002159,2016-04-21,2016-04-20,2016-04-21T21:22:05.000Z,,4,,,,4,7464,0,0,,xslF345X03/primarydocument.xml,PRIMARY DOCUMENT
0001104659-16-114711,2016-04-27,2016-04-27,2016-04-27T20:44:54.000Z,34,8-K,001-04423,161595952,"8.01,9.01",8-K,27022811,1,0,,a16-2910_18k.htm,8-K
0001562180-16-002187,2016-04-28,2016-04-27,2016-04-28T22:11:20.000Z,,4,,,,4,9346,0,0,,xslF345X03/primarydocument.xml,PRIMARY DOCUMENT
0001562180-16-002247,2016-05-09,2016-05-05,2016-05-09T22:13:18.000Z,,4,,,,4,5702,0,0,,xslF345X03/primarydocument.xml,PRIMARY DOCUMENT
0001562180-16-002248,2016-05-09,2016-05-05,2016-05-09T22:13:44.000Z,,4,,,,4,6259,0,0,,xslF345X03/primarydocument.xml,PRIMARY DOCUMENT
0001562180-16-002249,2016-05-09,2016-05-05,2016-05-09T22:14:19.000Z,,4,,,,4,8045,0,0,,xslF345X03/primarydocument.xml,PRIMARY DOCUMENT
0001562180-16-002250,2016-05-09,2016-05-05,2016-05-09T22:14:37.000Z,,4,,,,4,6476,0,0,,xslF345X03/primarydocument.xml,PRIMARY DOCUMENT
0001562180-16-002251,2016-05-09,2016-05-05,2016-05-09T22:14:52.000Z,,4,,,,4,8201,0,0,,xslF345X03/primarydocument.xml,PRIMARY DOCUMENT
0001562180-16-002252,2016-05-09,2016-05-05,2016-05-09T22:17:29.000Z,,4,,,,4,5700,0,0,,xslF345X03/primarydocument.xml,PRIMARY DOCUMENT
0001562180-16-002253,2016-05-09,2016-05-05,2016-05-09T22:17:47.000Z,,4,,,,4,5688,0,0,,xslF345X03/primarydocument.xml,PRIMARY DOCUMENT
0001562180-16-002254,2016-05-09,2016-05-05,2016-05-09T22:18:08.000Z,,4,,,,4,8271,0,0,,xslF345X03/primarydocument.xml,PRIMARY DOCUMENT
0001562180-16-002255,2016-05-09,2016-05-05,2016-05-09T22:18:24.000Z,,4,,,,4,8732,0,0,,xslF345X03/primarydocument.xml,PRIMARY DOCUMENT
0001562180-16-002256,2016-05-09,2016-05-05,2016-05-09T22:18:39.000Z,,4,,,,4,5873,0,0,,xslF345X03/primarydocument.xml,PRIMARY DOCUMENT
0001562180-16-002257,2016-05-09,2016-05-05,2016-05-09T22:19:01.000Z,,4,,,,4,5679,0,0,,xslF345X03/primarydocument.xml,PRIMARY DOCUMENT
0001562180-16-002258,2016-05-09,2016-05-05,2016-05-09T22:19:18.000Z,,4,,,,4,9589,0,0,,xslF345X03/primarydocument.xml,PRIMARY DOCUMENT
0000047217-16-000071,2016-05-25,2016-05-25,2016-05-25T20:41:21.000Z,34,8-K,001-04423,161675109,"2.02,8.01,9.01",8-K,1133122,1,0,,q2form8-k_52016.htm,Q2 FORM 8-K
0001104659-16-123722,2016-05-26,,2016-05-26T21:07:00.000Z,34,SD,001-04423,161679040,,SD,717545,0,0,,a16-11881_1sd.htm,SD
0001562180-16-002438,2016-05-31,2016-05-27,2016-05-31T23:02:16.000Z,,4,,,,4,8873,0,0,,xslF345X03/primarydocument.xml,PRIMARY DOCUMENT
0001047469-16-013586,2016-06-03,2016-04-30,2016-06-02T21:33:55.000Z,34,10-Q,001-04423,161693605,,10-Q,18241023,1,0,,a2228818z10-q.htm,10-Q
0001104659-16-128609,2016-06-21,2016-06-21,2016-06-21T20:08:07.000Z,34,8-K,001-04423,161724466,"7.01,9.01",8-K,528670,1,0,,a16-13753_18k.htm,8-K
0000047217-16-000074,2016-06-27,2015-12-31,2016-06-27T20:09:30.000Z,34,11-K,001-04423,161733475,,11-K,496536,0,0,,form11-k_62016.htm,
0001562180-16-002827,2016-07-20,2016-07-19,2016-07-21T01:25:18.000Z,,4,,,,4,8568,0,0,,xslF345X03/primarydocument.xml,PRIMARY DOCUMENT
0001104659-16-134126,2016-07-25,2016-07-19,2016-07-25T20:34:08.000Z,34,8-K,001-04423,161782389,"5.03,9.01",8-K,260272,0,0,,a16-15186_18k.htm,8-K
0001562180-16-002852,2016-07-28,2016-07-26,2016-07-28T22:49:04.000Z,,4,,,,4,9058,0,0,,xslF345X03/primarydocument.xml,PRIMARY DOCUMENT
0001562180-16-002853,2016-07-28,2016-07-26,2016-07-28T23:13:12.000Z,,4,,,,4,9103,0,0,,xslF345X03/primarydocument.xml,PRIMARY DOCUMENT
0001562180-16-002882,2016-08-02,2016-08-01,2016-08-02T20:42:10.000Z,,4,,,,4,9130,0,0,,xslF345X03/primarydocument.xml,PRIMARY DOCUMENT
0001562180-16-003008,2016-08-16,2016-08-15,2016-08-16T20:41:05.000Z,,4,,,,4,8567,0,0,,xslF345X03/primarydocument.xml,PRIMARY DOCUMENT
0000047217-16-000078,2016-08-24,2016-08-24,2016-08-24T20:10:24.000Z,34,8-K,001-04423,161849449,"2.02,9.01",8-K,1104841,0,0,,q3form8-k_82016.htm,Q316 FORM 8-K
0001562180-16-003069,2016-08-31,2016-08-29,2016-08-31T20:20:20.000Z,,4,,,,4,8524,0,0,,xslF345X03/primarydocument.xml,PRIMARY DOCUMENT
0000047217-16-000082,2016-09-01,2016-07-31,2016-09-01T20:47:26.000Z,34,10-Q,001-04423,161866250,,10-Q,14624188,1,0,,hp-73116x10q.htm,10-Q
0001104659-16-144072,2016-09-12,2016-09-12,2016-09-12T10:08:26.000Z,34,8-K,001-04423,161879896,"7.01,9.01",8-K,56823,0,0,,a16-18209_18k.htm,8-K
0001562180-16-003158,2016-09-23,2016-09-22,2016-09-23T20:28:05.000Z,,4,,,,4,8567,0,0,,xslF345X03/primarydocument.xml,PRIMARY DOCUMENT
0001104659-16-150081,2016-10-13,2016-10-10,2016-10-13T20:34:56.000Z,34,8-K,001-04423,161935266,"2.05,7.01,8.01,9.01",8-K,101055,0,0,,a16-19790_18k.htm,8-K
0001562180-16-003330,2016-11-01,2016-10-30,2016-11-01T21:10:35.000Z,,4,,,,4,9346,0,0,,xslF345X03/primarydocument.xml,PRIMARY DOCUMENT
0001562180-16-003331,2016-11-01,2016-10-30,2016-11-01T21:11:25.000Z,,4,,,,4,9296,0,0,,xslF345X03/primarydocument.xml,PRIMARY DOCUMENT
0001562180-16-003332,2016-11-01,2015-10-30,2016-11-01T21:12:11.000Z,,4,,,,4,9299,0,0,,xslF345X03/primarydocument.xml,PRIMARY DOCUMENT
0001562180-16-003333,2016-11-01,2016-10-30,2016-11-01T21:13:05.000Z,,4,,,,4,9102,0,0,,xslF345X03/primarydocument.xml,PRIMARY DOCUMENT
0001562180-16-003366,2016-11-02,2016-10-31,2016-11-03T00:47:28.000Z,,4,,,,4,9250,0,0,,xslF345X03/primarydocument.xml,PRIMARY DOCUMENT
0001562180-16-003367,2016-11-02,2016-10-31,2016-11-03T00:47:47.000Z,,4,,,,4,9106,0,0,,xslF345X03/primarydocument.xml,PRIMARY DOCUMENT
0001562180-16-003368,2016-11-02,2016-10-31,2016-11-03T00:48:11.000Z,,4,,,,4,10814,0,0,,xslF345X03/primarydocument.xml,PRIMARY DOCUMENT
0001562180-16-003390,2016-11-03,2016-11-02,2016-11-03T20:43:10.000Z,,4,,,,4,9326,0,0,,xslF345X03/primarydocument.xml,PRIMARY DOCUMENT
0001562180-16-003391,2016-11-03,2016-11-02,2016-11-03T20:43:22.000Z,,4,,,,4,10888,0,0,,xslF345X03/primarydocument.xml,PRIMARY DOCUMENT
0001562180-16-003392,2016-11-03,2016-11-02,2016-11-03T20:44:23.000Z,,4,,,,4,9177,0,0,,xslF345X03/primarydocument.xml,PRIMARY DOCUMENT
0001562180-16-003474,2016-11-14,2016-11-09,2016-11-14T21:58:18.000Z,,4,,,,4,8884,0,0,,xslF345X03/primarydocument.xml,PRIMARY DOCUMENT
0001562180-16-003497,2016-11-15,2016-11-10,2016-11-15T21:08:21.000Z,,4,,,,4,7544,0,0,,xslF345X03/primarydocument.xml,PRIMARY DOCUMENT
0001562180-16-003498,2016-11-15,2016-11-10,2016-11-15T21:08:35.000Z,,4,,,,4,7544,0,0,,xslF345X03/primarydocument.xml,PRIMARY DOCUMENT
0001562180-16-003499,2016-11-15,2016-11-10,2016-11-15T21:08:44.000Z,,4,,,,4,7543,0,0,,xslF345X03/primarydocument.xml,PRIMARY DOCUMENT
0001562180-16-003500,2016-11-15,2016-11-10,2016-11-15T21:08:52.000Z,,4,,,,4,7533,0,0,,xslF345X03/primarydocument.xml,PRIMARY DOCUMENT
0001562180-16-003501,2016-11-15,2016-11-10,2016-11-15T21:08:59.000Z,,4,,,,4,7556,0,0,,xslF345X03/primarydocument.xml,PRIMARY DOCUMENT
0001562180-16-003502,2016-11-15,2016-11-10,2016-11-15T21:09:06.000Z,,4,,,,4,7525,0,0,,xslF345X03/primarydocument.xml,PRIMARY DOCUMENT
0001562180-16-003503,2016-11-15,2016-11-10,2016-11-15T21:09:15.000Z,,4,,,,4,7522,0,0,,xslF345X03/primarydocument.xml,PRIMARY DOCUMENT
0001562180-16-003504,2016-11-15,2016-11-10,2016-11-15T21:09:22.000Z,,4,,,,4,8431,0,0,,xslF345X03/primarydocument.xml,PRIMARY DOCUMENT
0000047217-16-000086,2016-11-22,2016-11-22,2016-11-22T21:35:45.000Z,34,8-K,001-04423,162013585,"2.02,9.01",8-K,877622,0,0,,hp-form8xk.htm,8-K
0001562180-16-003673,2016-12-05,2016-12-01,2016-12-05T21:22:46.000Z,,4,,,,4,4576,0,0,,xslF345X03/primarydocument.xml,PRIMARY DOCUMENT
0001562180-16-003703,2016-12-08,2016-12-07,2016-12-08T21:35:51.000Z,,4,,,,4,11136,0,0,,xslF345X03/primarydocument.xml,PRIMARY DOCUMENT
0001562180-16-003724,2016-12-09,2016-12-07,2016-12-10T01:12:34.000Z,,4,,,,4,8575,0,0,,xslF345X03/primarydocument.xml,PRIMARY DOCUMENT
0001562180-16-003725,2016-12-09,2016-12-07,2016-12-10T01:12:44.000Z,,4,,,,4,8582,0,0,,xslF345X03/primarydocument.xml,PRIMARY DOCUMENT
0001562180-16-003726,2016-12-09,2016-12-07,2016-12-10T01:12:52.000Z,,4,,,,4,8600,0,0,,xslF345X03/primarydocument.xml,PRIMARY DOCUMENT
0001562180-16-003727,2016-12-09,2016-12-07,2016-12-10T01:12:59.000Z,,4,,,,4,8470,0,0,,xslF345X03/primarydocument.xml,PRIMARY DOCUMENT
0001562180-16-003728,2016-12-09,2016-12-07,2016-12-10T01:13:07.000Z,,4,,,,4,8585,0,0,,xslF345X03/primarydocument.xml,PRIMARY DOCUMENT
0001562180-16-003729,2016-12-09,2016-12-07,2016-12-10T01:13:21.000Z,,4,,,,4,5721,0,0,,xslF345X03/primarydocument.xml,PRIMARY DOCUMENT
0001562180-16-003730,2016-12-09,2016-12-07,2016-12-10T01:13:39.000Z,,4,,,,4,8586,0,0,,xslF345X03/primarydocument.xml,PRIMARY DOCUMENT
0001562180-16-003731,2016-12-09,2016-12-07,2016-12-10T01:13:52.000Z,,4,,,,4,8691,0,0,,xslF345X03/primarydocument.xml,PRIMARY DOCUMENT
0001562180-16-003756,2016-12-13,2016-11-29,2016-12-14T00:26:12.000Z,,4,,,,4,22912,0,0,,xslF345X03/primarydocument.xml,PRIMARY DOCUMENT
0001562180-16-003757,2016-12-13,2016-11-29,2016-12-14T00:27:02.000Z,,4,,,,4,20471,0,0,,xslF345X03/primarydocument.xml,PRIMARY DOCUMENT
0001562180-16-003758,2016-12-13,2016-11-29,2016-12-14T00:27:44.000Z,,4,,,,4,21852,0,0,,xslF345X03/primarydocument.xml,PRIMARY DOCUMENT
0001562180-16-003760,2016-12-13,2016-12-09,2016-12-14T00:51:50.000Z,,4,,,,4,14471,0,0,,xslF345X03/primarydocument.xml,PRIMARY DOCUMENT
0001562180-16-003761,2016-12-13,2016-12-09,2016-12-14T00:52:21.000Z,,4,,,,4,14462,0,0,,xslF345X03/primarydocument.xml,PRIMARY DOCUMENT
0001562180-16-003762,2016-12-13,2016-12-09,2016-12-14T00:57:35.000Z,,4,,,,4,8792,0,0,,xslF345X03/primarydocument.xml,PRIMARY DOCUMENT
0001562180-16-003763,2016-12-13,2016-12-09,2016-12-14T01:16:23.000Z,,4,,,,4,14445,0,0,,xslF345X03/primarydocument.xml,PRIMARY DOCUMENT
0001562180-16-003765,2016-12-13,2016-12-09,2016-12-14T01:33:55.000Z,,4,,,,4,14468,0,0,,xslF345X03/primarydocument.xml,PRIMARY DOCUMENT
0001562180-16-003804,2016-12-15,2016-12-13,2016-12-15T21:09:15.000Z,,4,,,,4,5045,0,0,,xslF345X03/primarydocument.xml,PRIMARY DOCUMENT
0000047217-16-000093,2016-12-15,2016-10-31,2016-12-15T21:44:36.000Z,34,10-K,001-04423,162054161,,10-K,26626067,1,0,,hp-103116x10k1.htm,10-K
0000047217-16-000095,2016-12-15,,2016-12-15T21:52:37.000Z,33,S-3ASR,333-215116,162054236,,S-3ASR,1825576,0,0,,hpq2016forms-31021draft.htm,S-3ASR
9999999997-17-000773,2016-12-28,2016-11-16,2017-02-15T21:11:54.000Z,34,NO ACT,001-04423,20160025,,NO ACT,1385,0,0,,9999999997-17-000773.paper,AUTO-GENERATED PAPER DOCUMENT
0000353480-17-000782,2017-01-24,,2017-01-23T22:46:47.000Z,34,SC 13G/A,005-12061,17542048,,SC 13G/A,13527,0,0,,hp.inc.txt,
0001562180-17-000614,2017-02-10,2016-11-25,2017-02-10T22:38:41.000Z,,4,,,,4,11842,0,0,,xslF345X03/primarydocument.xml,PRIMARY DOCUMENT
0001562180-17-000615,2017-02-10,2016-12-11,2017-02-10T22:38:57.000Z,,4,,,,4,8736,0,0,,xslF345X03/primarydocument.xml,PRIMARY DOCUMENT
0001562180-17-000616,2017-02-10,2016-12-11,2017-02-10T22:39:09.000Z,,4,,,,4,9092,0,0,,xslF345X03/primarydocument.xml,PRIMARY DOCUMENT
0001562180-17-000617,2017-02-10,2016-12-11,2017-02-10T22:39:19.000Z,,4,,,,4,8797,0,0,,xslF345X03/primarydocument.xml,PRIMARY DOCUMENT
0001562180-17-000618,2017-02-10,2016-12-11,2017-02-10T22:39:26.000Z,,4,,,,4,8914,0,0,,xslF345X03/primarydocument.xml,PRIMARY DOCUMENT
0001562180-17-000619,2017-02-10,2016-12-11,2017-02-10T22:39:35.000Z,,4,,,,4,8894,0,0,,xslF345X03/primarydocument.xml,PRIMARY DOCUMENT
0001562180-17-000620,2017-02-10,2016-12-11,2017-02-10T22:39:45.000Z,,4,,,,4,9757,0,0,,xslF345X03/primarydocument.xml,PRIMARY DOCUMENT
0000932471-17-002828,2017-02-13,,2017-02-13T15:46:59.000Z,34,SC 13G/A,005-12061,17596791,,SC 13G/A,48860,0,0,,hpinc.htm,
0001193125-17-043461,2017-02-14,,2017-02-14T21:19:04.000Z,34,SC 13G/A,005-12061,17609187,,SC 13G/A,33434,0,0,,d344518dsc13ga.htm,SCHEDULE 13G AMENDMENT NO. 6
0001206774-17-000465,2017-02-17,2017-04-17,2017-02-17T22:12:33.000Z,34,DEF 14A,001-04423,17622306,,DEF 14A,5226304,0,0,,hp3146891-def14a.htm,DEFINITIVE PROXY STATEMENT
0001206774-17-000466,2017-02-17,,2017-02-17T22:13:01.000Z,34,DEFA14A,001-04423,17622310,,DEFA14A,52250,0,0,,hp3146891-defa14a.htm,DEFINITIVE ADDITIONAL PROXY SOLICITING MATERIALS
0000047217-17-000004,2017-02-22,2017-02-22,2017-02-22T21:09:49.000Z,34,8-K,001-04423,17628432,"2.02,9.01",8-K,550593,0,0,,hp-form8xkx13117.htm,8-K
0001562180-17-000934,2017-02-27,2017-02-24,2017-02-28T00:48:04.000Z,,4,,,,4,4943,0,0,,xslF345X03/primarydocument.xml,PRIMARY DOCUMENT
0001562180-17-000937,2017-02-27,2017-02-24,2017-02-28T00:51:05.000Z,,4,,,,4,5045,0,0,,xslF345X03/primarydocument.xml,PRIMARY DOCUMENT
0000047217-17-000008,2017-03-02,2017-01-31,2017-03-02T21:44:18.000Z,34,10-Q,001-04423,17659519,,10-Q,12157984,1,0,,hp-13117x10q.htm,10-Q
0001193125-17-089001,2017-03-20,,2017-03-20T16:59:55.000Z,34,SC 13G/A,005-12061,17700912,,SC 13G/A,34017,0,0,,d347152dsc13ga.htm,SCHEDULE 13G AMENDMENT NO. 7
0001562180-17-001298,2017-03-21,2016-03-18,2017-03-21T20:09:26.000Z,,4,,,,4,8773,0,0,,xslF345X03/primarydocument.xml,PRIMARY DOCUMENT
0001562180-17-001326,2017-03-24,2017-03-23,2017-03-24T20:08:41.000Z,,4,,,,4,7281,0,0,,xslF345X03/primarydocument.xml,PRIMARY DOCUMENT
0001562180-17-001474,2017-04-05,2017-04-03,2017-04-05T20:39:07.000Z,,4,,,,4,4580,0,0,,xslF345X03/primarydocument.xml,PRIMARY DOCUMENT
0001562180-17-001476,2017-04-05,2017-04-03,2017-04-05T20:55:21.000Z,,4,,,,4,13855,0,0,,xslF345X03/primarydocument.xml,PRIMARY DOCUMENT
0001562180-17-001504,2017-04-13,2017-04-12,2017-04-13T20:57:42.000Z,,4,,,,4,4580,0,0,,xslF345X03/primarydocument.xml,PRIMARY DOCUMENT
0001562180-17-001506,2017-04-14,2017-04-12,2017-04-14T20:39:25.000Z,,4,,,,4,9575,0,0,,xslF345X03/primarydocument.xml,PRIMARY DOCUMENT
0000047217-17-000010,2017-04-20,2017-04-17,2017-04-20T20:56:39.000Z,34,8-K,001-04423,17773492,5.07,8-K,110522,0,0,,a8-k41817filing.htm,8-K
0001562180-17-001597,2017-05-01,2017-04-27,2017-05-01T20:45:09.000Z,,4,,,,4,8963,0,0,,xslF345X03/primarydocument.xml,PRIMARY DOCUMENT
0001562180-17-001646,2017-05-02,2017-05-01,2017-05-02T20:30:02.000Z,,4,,,,4,4799,0,0,,xslF345X03/primarydocument.xml,PRIMARY DOCUMENT
0001562180-17-001657,2017-05-02,2017-05-01,2017-05-02T21:57:26.000Z,,4,,,,4,9569,0,0,,xslF345X03/primarydocument.xml,PRIMARY DOCUMENT
0001562180-17-001706,2017-05-03,2017-05-02,2017-05-03T20:54:47.000Z,,4,,,,4,9565,0,0,,xslF345X03/primarydocument.xml,PRIMARY DOCUMENT
0001562180-17-001924,2017-05-09,2017-05-05,2017-05-09T23:34:19.000Z,,4,,,,4,7291,0,0,,xslF345X03/primarydocument.xml,PRIMARY DOCUMENT
0001562180-17-001925,2017-05-09,2017-05-05,2017-05-09T23:34:46.000Z,,4,,,,4,7286,0,0,,xslF345X03/primarydocument.xml,PRIMARY DOCUMENT
0001562180-17-001926,2017-05-09,2017-05-05,2017-05-09T23:35:21.000Z,,4,,,,4,8185,0,0,,xslF345X03/primarydocument.xml,PRIMARY DOCUMENT
0001562180-17-001927,2017-05-09,2017-05-05,2017-05-09T23:36:07.000Z,,4,,,,4,7288,0,0,,xslF345X03/primarydocument.xml,PRIMARY DOCUMENT
0001562180-17-001928,2017-05-09,2017-05-05,2017-05-09T23:39:01.000Z,,4,,,,4,7325,0,0,,xslF345X03/primarydocument.xml,PRIMARY DOCUMENT
0001562180-17-001929,2017-05-09,2017-05-05,2017-05-09T23:42:50.000Z,,4,,,,4,7299,0,0,,xslF345X03/primarydocument.xml,PRIMARY DOCUMENT
0001562180-17-002042,2017-05-22,2017-05-18,2017-05-22T21:19:04.000Z,,4,,,,4,5711,0,0,,xslF345X03/primarydocument.xml,PRIMARY DOCUMENT
0001562180-17-002043,2017-05-22,2017-05-18,2017-05-22T21:19:15.000Z,,4,,,,4,5745,0,0,,xslF345X03/primarydocument.xml,PRIMARY DOCUMENT
0001562180-17-002044,2017-05-22,2017-05-18,2017-05-22T21:19:23.000Z,,4,,,,4,5706,0,0,,xslF345X03/primarydocument.xml,PRIMARY DOCUMENT
0001562180-17-002045,2017-05-22,2017-05-18,2017-05-22T21:19:36.000Z,,4,,,,4,5708,0,0,,xslF345X03/primarydocument.xml,PRIMARY DOCUMENT
0001562180-17-002046,2017-05-22,2017-05-18,2017-05-22T21:19:45.000Z,,4,,,,4,5700,0,0,,xslF345X03/primarydocument.xml,PRIMARY DOCUMENT
0001562180-17-002048,2017-05-22,2017-05-18,2017-05-22T21:20:02.000Z,,4,,,,4,8087,0,0,,xslF345X03/primarydocument.xml,PRIMARY DOCUMENT
0001562180-17-002049,2017-05-22,2017-05-18,2017-05-22T21:20:09.000Z,,4,,,,4,5719,0,0,,xslF345X03/primarydocument.xml,PRIMARY DOCUMENT
0001562180-17-002050,2017-05-22,2017-05-18,2017-05-22T21:20:15.000Z,,4,,,,4,8067,0,0,,xslF345X03/primarydocument.xml,PRIMARY DOCUMENT
0001562180-17-002051,2017-05-22,2017-05-18,2017-05-22T21:20:20.000Z,,4,,,,4,8079,0,0,,xslF345X03/primarydocument.xml,PRIMARY DOCUMENT
0001562180-17-002052,2017-05-22,2017-05-18,2017-05-22T21:20:27.000Z,,4,,,,4,5718,0,0,,xslF345X03/primarydocument.xml,PRIMARY DOCUMENT
0001562180-17-002055,2017-05-22,2017-05-18,2017-05-22T22:30:54.000Z,,4,,,,4,5718,0,0,,xslF345X03/primarydocument.xml,PRIMARY DOCUMENT
0000047217-17-000014,2017-05-24,2017-05-24,2017-05-24T20:14:37.000Z,34,8-K,001-04423,17866833,"2.02,9.01",8-K,835005,0,0,,hp-form8xkx43017.htm,8-K
0000047217-17-000016,2017-05-25,,2017-05-25T20:10:50.000Z,34,SD,001-04423,17870073,,SD,980686,0,0,,a2017formsd.htm,SD
0001562180-17-002082,2017-05-30,2017-05-26,2017-05-30T21:07:51.000Z,,4,,,,4,5285,0,0,,xslF345X03/primarydocument.xml,PRIMARY DOCUMENT
0000047217-17-000019,2017-06-01,2017-04-30,2017-06-01T20:15:07.000Z,34,10-Q,001-04423,17884904,,10-Q,13635360,1,0,,hp-43017x10q.htm,10-Q
0001562180-17-002142,2017-06-02,2016-05-31,2017-06-02T20:10:16.000Z,,4,,,,4,5040,0,0,,xslF345X03/primarydocument.xml,PRIMARY DOCUMENT
0001562180-17-002304,2017-06-21,2017-06-20,2017-06-22T00:54:47.000Z,,4,,,,4,10031,0,0,,xslF345X03/primarydocument.xml,PRIMARY DOCUMENT
0000047217-17-000023,2017-06-22,2016-12-31,2017-06-22T20:40:47.000Z,34,11-K,001-04423,17925513,,11-K,328622,0,0,,hp2017form11-k.htm,11-K
0001562180-17-002311,2017-06-23,2017-06-21,2017-06-23T20:15:02.000Z,,4,,,,4,10030,0,0,,xslF345X03/primarydocument.xml,PRIMARY DOCUMENT
0001562180-17-002313,2017-06-26,2017-06-26,2017-06-26T22:09:28.000Z,,4,,,,4,9571,0,0,,xslF345X03/primarydocument.xml,PRIMARY DOCUMENT
0001562180-17-002348,2017-06-30,2017-06-28,2017-06-30T20:57:36.000Z,,4,,,,4,12222,0,0,,xslF345X03/primarydocument.xml,PRIMARY DOCUMENT
0001562180-17-002470,2017-07-13,2017-07-11,2017-07-13T22:20:49.000Z,,4,,,,4,15790,0,0,,xslF345X03/primarydocument.xml,PRIMARY DOCUMENT
0001562180-17-002497,2017-07-21,2017-07-20,2017-07-21T21:56:26.000Z,,4,,,,4,9605,0,0,,xslF345X03/primarydocument.xml,PRIMARY DOCUMENT
0001193125-17-236541,2017-07-26,2017-07-25,2017-07-26T20:18:57.000Z,34,8-K,001-04423,17983061,"5.02,5.03,9.01",8-K,195391,1,1,,d415193d8k.htm,8-K
0001562180-17-002522,2017-07-26,2017-07-25,2017-07-26T22:54:16.000Z,,4,,,,4,15787,0,0,,xslF345X03/primarydocument.xml,PRIMARY DOCUMENT
0001562180-17-002637,2017-08-09,2017-08-09,2017-08-09T20:21:14.000Z,,4,,,,4,13093,0,0,,xslF345X03/primarydocument.xml,PRIMARY DOCUMENT
0000047217-17-000026,2017-08-23,2017-08-23,2017-08-23T20:08:51.000Z,34,8-K,001-04423,171047228,"2.02,9.01",8-K,822927,0,0,,hp-form8xkx73117.htm,8-K
0000047217-17-000029,2017-08-31,2017-07-31,2017-08-31T20:08:39.000Z,34,10-Q,001-04423,171063482,,10-Q,14157360,1,0,,hp-73117x10q.htm,10-Q
0001562180-17-002916,2017-09-07,2017-09-05,2017-09-07T22:06:05.000Z,,4,,,,4,8492,0,0,,xslF345X03/primarydocument.xml,PRIMARY DOCUMENT
0001562180-17-002965,2017-09-18,2017-09-15,2017-09-18T20:26:50.000Z,,4,,,,4,8591,0,0,,xslF345X03/primarydocument.xml,PRIMARY DOCUMENT
0001562180-17-002999,2017-09-22,2017-09-21,2017-09-22T21:24:53.000Z,,4,,,,4,8591,0,0,,xslF345X03/primarydocument.xml,PRIMARY DOCUMENT
0000047217-17-000031,2017-09-27,2017-09-26,2017-09-27T20:06:25.000Z,34,8-K,001-04423,171104333,5.02,8-K,51810,0,0,,form8-k9262017.htm,8-K
0001562180-17-003028,2017-09-27,2017-09-25,2017-09-27T20:23:32.000Z,,4,,,,4,17883,0,0,,xslF345X03/primarydocument.xml,PRIMARY DOCUMENT
0001562180-17-003037,2017-09-28,2017-09-26,2017-09-28T22:12:14.000Z,,4,,,,4,7382,0,0,,xslF345X03/primarydocument.xml,PRIMARY DOCUMENT
0001562180-17-003063,2017-09-29,2017-09-27,2017-09-29T21:14:05.000Z,,4,,,,4,12571,0,0,,xslF345X03/primarydocument.xml,PRIMARY DOCUMENT
0001562180-17-003236,2017-10-10,2017-10-06,2017-10-10T21:37:52.000Z,,4,,,,4,4792,0,0,,xslF345X03/primarydocument.xml,PRIMARY DOCUMENT
0000047217-17-000034,2017-10-13,2017-10-12,2017-10-12T23:52:27.000Z,34,8-K,001-04423,171135372,"7.01,9.01",8-K,119183,0,0,,samform8-k_2017.htm,8-K
0001562180-17-003264,2017-10-16,2017-10-13,2017-10-16T13:05:15.000Z,,4,,,,4,9209,0,0,,xslF345X03/primarydocument.xml,PRIMARY DOCUMENT
0001562180-17-003265,2017-10-16,2017-10-13,2017-10-16T13:06:23.000Z,,4,,,,4,4792,0,0,,xslF345X03/primarydocument.xml,PRIMARY DOCUMENT
0000047217-17-000037,2017-11-01,2017-11-01,2017-11-01T10:03:22.000Z,34,8-K,001-04423,171167219,"7.01,9.01",8-K,85842,0,0,,samsung8-k102017.htm,8-K
0001562180-17-003421,2017-11-01,2017-10-30,2017-11-01T20:39:58.000Z,,4,,,,4,9340,0,0,,xslF345X03/primarydocument.xml,PRIMARY DOCUMENT
0001562180-17-003422,2017-11-01,2017-10-30,2017-11-01T20:40:24.000Z,,4,,,,4,9329,0,0,,xslF345X03/primarydocument.xml,PRIMARY DOCUMENT
0001562180-17-003423,2017-11-01,2017-10-30,2017-11-01T20:40:34.000Z,,4,,,,4,9328,0,0,,xslF345X03/primarydocument.xml,PRIMARY DOCUMENT
0001562180-17-003424,2017-11-01,2017-10-30,2017-11-01T20:40:45.000Z,,4,,,,4,9403,0,0,,xslF345X03/primarydocument.xml,PRIMARY DOCUMENT
0001562180-17-003493,2017-11-06,2017-11-02,2017-11-07T00:43:46.000Z,,4,,,,4,10189,0,0,,xslF345X03/primarydocument.xml,PRIMARY DOCUMENT
0001562180-17-003494,2017-11-06,2017-11-02,2017-11-07T00:43:54.000Z,,4,,,,4,9233,0,0,,xslF345X03/primarydocument.xml,PRIMARY DOCUMENT
0001562180-17-003496,2017-11-06,2017-11-02,2017-11-07T01:07:57.000Z,,4,,,,4,15824,0,0,,xslF345X03/primarydocument.xml,PRIMARY DOCUMENT
0001562180-17-003512,2017-11-08,2017-11-06,2017-11-08T21:44:26.000Z,,4,,,,4,5459,0,0,,xslF345X03/primarydocument.xml,PRIMARY DOCUMENT
0001562180-17-003546,2017-11-13,2017-11-09,2017-11-13T21:17:05.000Z,,4,,,,4,11060,0,0,,xslF345X03/primarydocument.xml,PRIMARY DOCUMENT
0000047217-17-000040,2017-11-21,2017-11-21,2017-11-21T21:10:21.000Z,34,8-K,001-04423,171216960,"2.02,9.01",8-K,857344,0,0,,hp-form8xk10k17.htm,8-K
0001562180-17-003667,2017-11-22,2017-11-21,2017-11-22T23:26:49.000Z,,4,,,,4,4990,0,0,,xslF345X03/primarydocument.xml,PRIMARY DOCUMENT
0001562180-17-003700,2017-11-30,2017-11-28,2017-11-30T22:05:32.000Z,,4,,,,4,17990,0,0,,xslF345X03/primarydocument.xml,PRIMARY DOCUMENT
0001562180-17-003746,2017-12-05,2017-12-01,2017-12-05T23:46:57.000Z,,4,,,,4,5263,0,0,,xslF345X03/primarydocument.xml,PRIMARY DOCUMENT
0001562180-17-003775,2017-12-06,2017-12-04,2017-12-06T23:57:45.000Z,,4,,,,4,14973,0,0,,xslF345X03/primarydocument.xml,PRIMARY DOCUMENT
0001562180-17-003776,2017-12-06,2017-12-04,2017-12-06T23:57:52.000Z,,4,,,,4,14667,0,0,,xslF345X03/primarydocument.xml,PRIMARY DOCUMENT
0001562180-17-003777,2017-12-06,2017-12-04,2017-12-06T23:57:59.000Z,,4,,,,4,15629,0,0,,xslF345X03/primarydocument.xml,PRIMARY DOCUMENT
0001562180-17-003778,2017-12-06,2017-12-04,2017-12-06T23:58:05.000Z,,4,,,,4,8998,0,0,,xslF345X03/primarydocument.xml,PRIMARY DOCUMENT
0001562180-17-003779,2017-12-06,2017-12-04,2017-12-06T23:58:12.000Z,,4,,,,4,9019,0,0,,xslF345X03/primarydocument.xml,PRIMARY DOCUMENT
0001562180-17-003780,2017-12-06,2017-12-04,2017-12-06T23:58:19.000Z,,4,,,,4,8987,0,0,,xslF345X03/primarydocument.xml,PRIMARY DOCUMENT
0001562180-17-003781,2017-12-06,2017-12-04,2017-12-06T23:58:29.000Z,,4,,,,4,8993,0,0,,xslF345X03/primarydocument.xml,PRIMARY DOCUMENT
0001562180-17-003832,2017-12-11,2017-12-07,2017-12-11T22:14:48.000Z,,4,,,,4,11345,0,0,,xslF345X03/primarydocument.xml,PRIMARY DOCUMENT
0001562180-17-003833,2017-12-11,2017-12-07,2017-12-11T22:15:10.000Z,,4,,,,4,14271,0,0,,xslF345X03/primarydocument.xml,PRIMARY DOCUMENT
0001562180-17-003834,2017-12-11,2017-12-07,2017-12-11T22:15:30.000Z,,4,,,,4,14239,0,0,,xslF345X03/primarydocument.xml,PRIMARY DOCUMENT
0001562180-17-003836,2017-12-11,2017-12-07,2017-12-11T22:20:38.000Z,,4,,,,4,15109,0,0,,xslF345X03/primarydocument.xml,PRIMARY DOCUMENT
0001562180-17-003837,2017-12-11,2017-12-07,2017-12-11T22:21:37.000Z,,4,,,,4,14243,0,0,,xslF345X03/primarydocument.xml,PRIMARY DOCUMENT
0001562180-17-003838,2017-12-11,2017-12-07,2017-12-11T22:21:54.000Z,,4,,,,4,14161,0,0,,xslF345X03/primarydocument.xml,PRIMARY DOCUMENT
0001562180-17-003839,2017-12-11,2017-12-07,2017-12-11T23:31:02.000Z,,4,,,,4,14258,0,0,,xslF345X03/primarydocument.xml,PRIMARY DOCUMENT
0001562180-17-003840,2017-12-11,2017-12-07,2017-12-11T23:43:34.000Z,,4,,,,4,14482,0,0,,xslF345X03/primarydocument.xml,PRIMARY DOCUMENT
0001562180-17-003852,2017-12-12,2017-12-09,2017-12-12T22:49:38.000Z,,4,,,,4,14640,0,0,,xslF345X03/primarydocument.xml,PRIMARY DOCUMENT
0001562180-17-003853,2017-12-12,2017-12-09,2017-12-12T22:49:52.000Z,,4,,,,4,14723,0,0,,xslF345X03/primarydocument.xml,PRIMARY DOCUMENT
0001562180-17-003854,2017-12-12,2017-12-09,2017-12-12T22:50:04.000Z,,4,,,,4,15601,0,0,,xslF345X03/primarydocument.xml,PRIMARY DOCUMENT
0001562180-17-003855,2017-12-12,2017-12-09,2017-12-12T22:50:19.000Z,,4,,,,4,14636,0,0,,xslF345X03/primarydocument.xml,PRIMARY DOCUMENT
0001562180-17-003856,2017-12-12,2017-12-09,2017-12-12T22:50:36.000Z,,4,,,,4,20260,0,0,,xslF345X03/primarydocument.xml,PRIMARY DOCUMENT
0001562180-17-003857,2017-12-12,2017-12-09,2017-12-12T22:50:49.000Z,,4,,,,4,11096,0,0,,xslF345X03/primarydocument.xml,PRIMARY DOCUMENT
0001562180-17-003858,2017-12-12,2017-12-09,2017-12-12T22:51:05.000Z,,4,,,,4,14646,0,0,,xslF345X03/primarydocument.xml,PRIMARY DOCUMENT
0001562180-17-003859,2017-12-12,2017-12-09,2017-12-12T23:29:15.000Z,,4,,,,4,14853,0,0,,xslF345X03/primarydocument.xml,PRIMARY DOCUMENT
0000047217-17-000043,2017-12-14,2017-10-31,2017-12-14T21:27:00.000Z,34,10-K,001-04423,171256477,,10-K,4662712,0,0,,hp-103117x10k1.htm,10-K
0000047217-17-000045,2017-12-15,2017-10-31,2017-12-15T01:57:22.000Z,34,10-K/A,001-04423,171257485,,10-K/A,25514400,1,0,,hp-103117x10ka.htm,10-K/A
0001562180-17-003978,2017-12-20,2017-12-19,2017-12-21T00:17:09.000Z,,4,,,,4,4611,0,0,,xslF345X03/primarydocument.xml,PRIMARY DOCUMENT
0001562180-17-004011,2017-12-21,2017-12-20,2017-12-22T00:22:46.000Z,,4,,,,4,4583,0,0,,xslF345X03/primarydocument.xml,PRIMARY DOCUMENT
0001562180-17-004017,2017-12-22,2017-12-21,2017-12-22T21:24:19.000Z,,4,,,,4,5045,0,0,,xslF345X03/primarydocument.xml,PRIMARY DOCUMENT
0001562180-17-004030,2017-12-26,2017-12-21,2017-12-27T02:18:07.000Z,,4/A,,,,4/A,5287,0,0,,xslF345X03/primarydocument.xml,PRIMARY DOCUMENT
0001562180-18-000074,2018-01-02,2017-12-29,2018-01-02T21:50:48.000Z,,4,,,,4,4582,0,0,,xslF345X03/primarydocument.xml,PRIMARY DOCUMENT
0001562180-18-000253,2018-01-08,2018-01-05,2018-01-08T21:14:12.000Z,,4,,,,4,9685,0,0,,xslF345X03/primarydocument.xml,PRIMARY DOCUMENT
0001562180-18-000310,2018-01-16,2018-01-12,2018-01-16T21:11:54.000Z,,4,,,,4,4802,0,0,,xslF345X03/primarydocument.xml,PRIMARY DOCUMENT
0001562180-18-000311,2018-01-16,2018-01-12,2018-01-16T21:12:05.000Z,,4,,,,4,4791,0,0,,xslF345X03/primarydocument.xml,PRIMARY DOCUMENT
0001562180-18-000375,2018-01-19,2018-01-17,2018-01-20T01:14:10.000Z,,4,,,,4,38349,0,0,,xslF345X03/primarydocument.xml,PRIMARY DOCUMENT
0000215457-18-003004,2018-01-25,,2018-01-25T16:12:40.000Z,34,SC 13G/A,005-12061,18547186,,SC 13G/A,13625,0,0,,us40434l1052_012418.txt,
0000932471-18-003900,2018-02-09,,2018-02-09T16:49:30.000Z,34,SC 13G/A,005-12061,18589770,,SC 13G/A,45202,0,0,,hpinc.htm,
0001193125-18-042138,2018-02-13,,2018-02-13T19:17:02.000Z,34,SC 13G/A,005-12061,18602168,,SC 13G/A,34597,0,0,,d445907dsc13ga.htm,SCHEDULE 13G AMENDMENT NO. 8
0000047217-18-000004,2018-02-22,2018-02-22,2018-02-22T21:14:32.000Z,34,8-K,001-04423,18632675,"2.02,9.01",8-K,1494891,0,0,,hp-form8xkfy18.htm,8-K
0001206774-18-000563,2018-02-26,2018-04-24,2018-02-26T21:26:03.000Z,34,DEF 14A,001-04423,18640884,,DEF 14A,8497766,0,0,,hp3289181-def14a.htm,DEFINITIVE PROXY STATEMENT
0001206774-18-000564,2018-02-26,,2018-02-26T21:26:26.000Z,34,DEFA14A,001-04423,18640894,,DEFA14A,57009,0,0,,hp3289181-defa14a.htm,DEFINITIVE ADDITIONAL PROXY SOLICITING MATERIALS
0001562180-18-001323,2018-02-28,2018-02-26,2018-02-28T21:49:35.000Z,,4,,,,4,6065,0,0,,xslF345X03/primarydocument.xml,PRIMARY DOCUMENT
0000047217-18-000008,2018-03-01,2018-01-31,2018-03-01T21:37:26.000Z,34,10-Q,001-04423,18658009,,10-Q,12676866,1,0,,hp-13118x10q.htm,10-Q
0000047217-18-000010,2018-03-09,2018-03-09,2018-03-09T13:51:31.000Z,34,8-K,001-04423,18678544,"7.01,9.01",8-K,133300,0,0,,form8-kmarch2018.htm,8-K
0001562180-18-001625,2018-03-13,2018-03-09,2018-03-13T20:34:12.000Z,,4,,,,4,21597,0,0,,xslF345X03/primarydocument.xml,PRIMARY DOCUMENT
0001562180-18-001678,2018-03-20,2018-03-18,2018-03-20T20:24:20.000Z,,4,,,,4,8753,0,0,,xslF345X03/primarydocument.xml,PRIMARY DOCUMENT
0001193125-18-094124,2018-03-23,2018-03-23,2018-03-23T20:11:03.000Z,34,8-K,001-04423,18710214,"7.01,9.01",8-K,83147,0,0,,d556930d8k.htm,8-K
0000047217-18-000012,2018-03-30,2018-03-30,2018-03-30T17:42:46.000Z,34,8-K,001-04423,18725647,2.03,8-K,61443,0,0,,form8-krevolvingcreditmarc.htm,8-K
0000047217-18-000014,2018-03-30,2018-03-28,2018-03-30T19:20:56.000Z,34,8-K,001-04423,18725968,"8.01,9.01",8-K,35647,0,0,,form8-kflaxman3282018v3002.htm,8-K
0001214659-18-002661,2018-04-05,,2018-04-05T17:44:58.000Z,34,PX14A6G,001-04423,18740074,,PX14A6G,7284,0,0,,d45181px14a6g.htm,
0001562180-18-001990,2018-04-26,2018-04-24,2018-04-26T21:08:15.000Z,,4,,,,4,9309,0,0,,xslF345X03/primarydocument.xml,PRIMARY DOCUMENT
0001562180-18-002008,2018-04-26,2018-04-24,2018-04-26T23:50:06.000Z,,4,,,,4,9275,0,0,,xslF345X03/primarydocument.xml,PRIMARY DOCUMENT
0001562180-18-002010,2018-04-26,2018-04-24,2018-04-26T23:52:21.000Z,,4,,,,4,9270,0,0,,xslF345X03/primarydocument.xml,PRIMARY DOCUMENT
0001562180-18-002013,2018-04-26,2018-04-24,2018-04-26T23:58:26.000Z,,4,,,,4,5795,0,0,,xslF345X03/primarydocument.xml,PRIMARY DOCUMENT
0001562180-18-002014,2018-04-26,2018-04-24,2018-04-26T23:58:37.000Z,,4,,,,4,5785,0,0,,xslF345X03/primarydocument.xml,PRIMARY DOCUMENT
0001562180-18-002016,2018-04-26,2018-04-24,2018-04-27T00:03:37.000Z,,4,,,,4,5777,0,0,,xslF345X03/primarydocument.xml,PRIMARY DOCUMENT
0001562180-18-002017,2018-04-26,2018-04-24,2018-04-27T00:05:42.000Z,,4,,,,4,9282,0,0,,xslF345X03/primarydocument.xml,PRIMARY DOCUMENT
0001562180-18-002018,2018-04-26,2018-04-24,2018-04-27T00:16:09.000Z,,4,,,,4,8179,0,0,,xslF345X03/primarydocument.xml,PRIMARY DOCUMENT
0001562180-18-002020,2018-04-26,2018-04-24,2018-04-27T00:25:24.000Z,,4,,,,4,8149,0,0,,xslF345X03/primarydocument.xml,PRIMARY DOCUMENT
0000047217-18-000017,2018-04-27,2018-04-24,2018-04-27T20:02:00.000Z,34,8-K,001-04423,18783765,5.07,8-K,130188,0,0,,a8-k42718filing.htm,8-K
0001562180-18-002594,2018-05-21,2018-05-18,2018-05-21T20:09:17.000Z,,4,,,,4,7327,0,0,,xslF345X03/primarydocument.xml,PRIMARY DOCUMENT
0001562180-18-002595,2018-05-21,2018-05-18,2018-05-21T20:09:47.000Z,,4,,,,4,7288,0,0,,xslF345X03/primarydocument.xml,PRIMARY DOCUMENT
0001562180-18-002596,2018-05-21,2018-05-18,2018-05-21T20:09:59.000Z,,4,,,,4,7290,0,0,,xslF345X03/primarydocument.xml,PRIMARY DOCUMENT
0001562180-18-002597,2018-05-21,2018-05-18,2018-05-21T20:10:12.000Z,,4,,,,4,7300,0,0,,xslF345X03/primarydocument.xml,PRIMARY DOCUMENT
0000047217-18-000020,2018-05-29,2018-05-26,2018-05-29T20:09:14.000Z,34,8-K,001-04423,18864507,"2.02,2.05,9.01",8-K,837256,0,0,,hp-form8xkfy18q2.htm,8-K
0001193125-18-176926,2018-05-29,2018-05-26,2018-05-29T21:10:57.000Z,34,8-K,001-04423,18865479,"5.02,9.01",8-K,40265,0,0,,d591909d8k.htm,FORM 8-K
0000047217-18-000023,2018-05-30,,2018-05-30T20:10:44.000Z,34,SD,001-04423,18868204,,SD,738678,0,0,,formsd2018.htm,SD
0000047217-18-000026,2018-06-05,2018-04-30,2018-06-05T20:04:14.000Z,34,10-Q,001-04423,18881130,,10-Q,14828693,1,0,,hp-43018x10q.htm,10-Q
0001562180-18-002869,2018-06-05,2018-06-01,2018-06-05T20:11:33.000Z,,4,,,,4,5680,0,0,,xslF345X03/primarydocument.xml,PRIMARY DOCUMENT
0001562180-18-002924,2018-06-07,2018-06-05,2018-06-07T22:49:03.000Z,,4,,,,4,8661,0,0,,xslF345X03/primarydocument.xml,PRIMARY DOCUMENT
0001562180-18-002934,2018-06-08,2018-06-06,2018-06-08T20:11:04.000Z,,4,,,,4,4693,0,0,,xslF345X03/primarydocument.xml,PRIMARY DOCUMENT
0001562180-18-002935,2018-06-08,2018-06-06,2018-06-08T20:11:12.000Z,,4,,,,4,8506,0,0,,xslF345X03/primarydocument.xml,PRIMARY DOCUMENT
0001562180-18-002963,2018-06-12,2018-06-11,2018-06-12T20:19:14.000Z,,4,,,,4,8661,0,0,,xslF345X03/primarydocument.xml,PRIMARY DOCUMENT
0001193125-18-191668,2018-06-13,2018-06-08,2018-06-13T20:22:35.000Z,34,8-K,001-04423,18896941,"5.02,9.01",8-K,35846,0,0,,d608605d8k.htm,FORM 8-K
0000047217-18-000029,2018-06-20,2018-06-19,2018-06-20T20:39:11.000Z,34,8-K,001-04423,18909862,8.01,8-K,48106,0,0,,sharerepurchase8-k.htm,8-K
0000047217-18-000032,2018-06-21,2017-12-31,2018-06-21T20:10:46.000Z,34,11-K,001-04423,18911954,,11-K,367238,0,0,,hp2018form11-k.htm,11-K
0001562180-18-003094,2018-06-25,2018-06-13,2018-06-25T20:27:31.000Z,,3,,,,3,11597,0,0,,xslF345X02/primarydocument.xml,PRIMARY DOCUMENT
0001562180-18-003174,2018-07-02,2018-06-29,2018-07-02T21:31:46.000Z,,4,,,,4,8497,0,0,,xslF345X03/primarydocument.xml,PRIMARY DOCUMENT
0001562180-18-003209,2018-07-03,2018-07-01,2018-07-03T21:14:17.000Z,,3,,,,3,11350,0,0,,xslF345X02/primarydocument.xml,PRIMARY DOCUMENT
0001562180-18-003210,2018-07-03,2018-07-01,2018-07-03T21:14:33.000Z,,4,,,,4,8606,0,0,,xslF345X03/primarydocument.xml,PRIMARY DOCUMENT
0001562180-18-003211,2018-07-03,2018-07-01,2018-07-03T21:14:50.000Z,,4,,,,4,8589,0,0,,xslF345X03/primarydocument.xml,PRIMARY DOCUMENT
0000047217-18-000038,2018-08-23,2018-08-23,2018-08-23T20:14:57.000Z,34,8-K,001-04423,181034909,"2.02,9.01",8-K,829005,0,0,,hp-form8xkfy18q3.htm,8-K
0000047217-18-000044,2018-08-28,2018-07-31,2018-08-28T20:27:14.000Z,34,10-Q,001-04423,181041913,,10-Q,14354184,1,0,,hp-73118x10q.htm,10-Q
0001562180-18-004096,2018-10-02,2018-10-01,2018-10-02T20:07:46.000Z,,4,,,,4,14141,0,0,,xslF345X03/primarydocument.xml,PRIMARY DOCUMENT
0001193125-18-292030,2018-10-03,2018-10-03,2018-10-03T21:04:05.000Z,34,8-K,001-04423,181105806,"7.01,9.01",8-K,74224,0,0,,d631803d8k.htm,FORM 8-K
0001562180-18-004352,2018-11-01,2018-10-30,2018-11-01T20:19:11.000Z,,4,,,,4,8704,0,0,,xslF345X03/primarydocument.xml,PRIMARY DOCUMENT
0001562180-18-004353,2018-11-01,2018-10-30,2018-11-01T20:22:17.000Z,,4,,,,4,8706,0,0,,xslF345X03/primarydocument.xml,PRIMARY DOCUMENT
0001562180-18-004379,2018-11-02,2018-10-31,2018-11-02T20:21:57.000Z,,4,,,,4,9123,0,0,,xslF345X03/primarydocument.xml,PRIMARY DOCUMENT
0001562180-18-004380,2018-11-02,2018-10-31,2018-11-02T20:22:21.000Z,,4,,,,4,8917,0,0,,xslF345X03/primarydocument.xml,PRIMARY DOCUMENT
0001562180-18-004381,2018-11-02,2018-10-31,2018-11-02T20:22:48.000Z,,4,,,,4,8921,0,0,,xslF345X03/primarydocument.xml,PRIMARY DOCUMENT
0001562180-18-004382,2018-11-02,2018-10-31,2018-11-02T20:23:14.000Z,,4,,,,4,9785,0,0,,xslF345X03/primarydocument.xml,PRIMARY DOCUMENT
0001562180-18-004384,2018-11-02,2018-10-31,2018-11-02T20:24:54.000Z,,4,,,,4,8819,0,0,,xslF345X03/primarydocument.xml,PRIMARY DOCUMENT
0001562180-18-004427,2018-11-05,2018-11-02,2018-11-05T23:22:01.000Z,,4,,,,4,8715,0,0,,xslF345X03/primarydocument.xml,PRIMARY DOCUMENT
0001562180-18-004428,2018-11-05,2018-11-02,2018-11-05T23:22:36.000Z,,4,,,,4,8910,0,0,,xslF345X03/primarydocument.xml,PRIMARY DOCUMENT
0001562180-18-004429,2018-11-05,2018-11-02,2018-11-05T23:23:23.000Z,,4,,,,4,9571,0,0,,xslF345X03/primarydocument.xml,PRIMARY DOCUMENT
0001562180-18-004430,2018-11-05,2018-11-02,2018-11-05T23:23:47.000Z,,4,,,,4,8607,0,0,,xslF345X03/primarydocument.xml,PRIMARY DOCUMENT
0001562180-18-004447,2018-11-07,2018-11-06,2018-11-07T21:18:46.000Z,,4,,,,4,6991,0,0,,xslF345X03/primarydocument.xml,PRIMARY DOCUMENT
0001562180-18-004518,2018-11-13,2018-11-09,2018-11-13T21:15:22.000Z,,4,,,,4,8711,0,0,,xslF345X03/primarydocument.xml,PRIMARY DOCUMENT
0001562180-18-004579,2018-11-15,2018-11-14,2018-11-16T00:48:31.000Z,,4,,,,4,5269,0,0,,xslF345X03/primarydocument.xml,PRIMARY DOCUMENT
0001562180-18-004729,2018-11-28,2018-11-26,2018-11-28T22:05:27.000Z,,4,,,,4,11796,0,0,,xslF345X03/primarydocument.xml,PRIMARY DOCUMENT
0001562180-18-004730,2018-11-28,2018-11-26,2018-11-28T22:06:11.000Z,,4,,,,4,11793,0,0,,xslF345X03/primarydocument.xml,PRIMARY DOCUMENT
0001562180-18-004731,2018-11-28,2018-11-26,2018-11-28T22:07:56.000Z,,4,,,,4,11694,0,0,,xslF345X03/primarydocument.xml,PRIMARY DOCUMENT
0001562180-18-004732,2018-11-28,2018-11-26,2018-11-28T22:17:32.000Z,,4,,,,4,12005,0,0,,xslF345X03/primarydocument.xml,PRIMARY DOCUMENT
0001562180-18-004733,2018-11-28,2018-11-26,2018-11-28T22:18:03.000Z,,4,,,,4,12665,0,0,,xslF345X03/primarydocument.xml,PRIMARY DOCUMENT
0000047217-18-000048,2018-11-29,2018-11-29,2018-11-29T21:23:09.000Z,34,8-K,001-04423,181208711,"2.02,9.01",8-K,846054,0,0,,hp-form8xkfy18.htm,8-K
0001193125-18-341368,2018-12-04,2018-11-30,2018-12-04T00:48:59.000Z,34,8-K,001-04423,181215184,"5.02,9.01",8-K,40450,0,0,,d645199d8k.htm,FORM 8-K
0001562180-18-004823,2018-12-04,2018-12-03,2018-12-05T00:24:31.000Z,,4,,,,4,4588,0,0,,xslF345X03/primarydocument.xml,PRIMARY DOCUMENT
0001562180-18-004918,2018-12-11,2018-12-07,2018-12-12T00:31:25.000Z,,4,,,,4,22543,0,0,,xslF345X03/primarydocument.xml,PRIMARY DOCUMENT
0001562180-18-004919,2018-12-11,2018-12-07,2018-12-12T00:31:35.000Z,,4,,,,4,17180,0,0,,xslF345X03/primarydocument.xml,PRIMARY DOCUMENT
0001562180-18-004920,2018-12-11,2018-12-07,2018-12-12T00:31:51.000Z,,4,,,,4,22649,0,0,,xslF345X03/primarydocument.xml,PRIMARY DOCUMENT
0001562180-18-004921,2018-12-11,2018-11-02,2018-12-12T00:40:41.000Z,,4/A,,,,4/A,9257,0,0,,xslF345X03/primarydocument.xml,PRIMARY DOCUMENT
0001562180-18-004922,2018-12-11,2018-12-07,2018-12-12T00:40:57.000Z,,4,,,,4,25038,0,0,,xslF345X03/primarydocument.xml,PRIMARY DOCUMENT
0001562180-18-004923,2018-12-11,2018-12-07,2018-12-12T00:41:55.000Z,,4,,,,4,17564,0,0,,xslF345X03/primarydocument.xml,PRIMARY DOCUMENT
0001562180-18-004924,2018-12-11,2018-12-07,2018-12-12T00:42:09.000Z,,4,,,,4,18300,0,0,,xslF345X03/primarydocument.xml,PRIMARY DOCUMENT
0001562180-18-004925,2018-12-11,2018-12-07,2018-12-12T00:42:18.000Z,,4,,,,4,22680,0,0,,xslF345X03/primarydocument.xml,PRIMARY DOCUMENT
0001562180-18-004926,2018-12-11,2018-12-07,2018-12-12T00:42:28.000Z,,4,,,,4,22651,0,0,,xslF345X03/primarydocument.xml,PRIMARY DOCUMENT
0001562180-18-004932,2018-12-12,2018-12-10,2018-12-12T23:21:01.000Z,,4,,,,4,8813,0,0,,xslF345X03/primarydocument.xml,PRIMARY DOCUMENT
0000047217-18-000052,2018-12-13,2018-10-31,2018-12-13T21:07:39.000Z,34,10-K,001-04423,181233269,,10-K,24932328,1,0,,hp-103118x10k.htm,10-K
0001562180-18-004957,2018-12-14,2018-10-31,2018-12-15T01:02:39.000Z,,5,,,,5,4033,0,0,,xslF345X03/primarydocument.xml,PRIMARY DOCUMENT
0001562180-18-004958,2018-12-14,2018-10-31,2018-12-15T01:03:04.000Z,,5,,,,5,4021,0,0,,xslF345X03/primarydocument.xml,PRIMARY DOCUMENT
0001562180-18-004978,2018-12-17,2018-12-14,2018-12-17T21:19:07.000Z,,4,,,,4,5058,0,0,,xslF345X03/primarydocument.xml,PRIMARY DOCUMENT
0001562180-18-004982,2018-12-17,2018-12-15,2018-12-17T21:25:19.000Z,,3,,,,3,10782,0,0,,xslF345X02/primarydocument.xml,PRIMARY DOCUMENT
0001562180-19-000217,2019-01-07,2018-12-07,2019-01-07T21:19:48.000Z,,4,,,,4,9023,0,0,,xslF345X03/primarydocument.xml,PRIMARY DOCUMENT
0001562180-19-000286,2019-01-14,2019-01-11,2019-01-14T22:27:35.000Z,,4,,,,4,9016,0,0,,xslF345X03/primarydocument.xml,PRIMARY DOCUMENT
0000047217-19-000002,2019-01-23,2019-01-17,2019-01-23T21:16:35.000Z,34,8-K,001-04423,19537592,5.02,8-K,53936,0,0,,hp-form8xk1232019.htm,8-K
0001562180-19-000548,2019-01-28,2019-01-17,2019-01-28T23:45:18.000Z,,3,,,,3,3641,0,0,,xslF345X02/primarydocument.xml,PRIMARY DOCUMENT
0000215457-19-004088,2019-02-04,,2019-02-04T21:44:45.000Z,34,SC 13G/A,005-12061,19564421,,SC 13G/A,13594,0,0,,us40434l1052_020419.txt,
0000932471-19-005903,2019-02-12,,2019-02-12T16:06:37.000Z,34,SC 13G/A,005-12061,19588844,,SC 13G/A,34142,0,0,,hpinc.htm,
0000047217-19-000006,2019-02-13,2019-02-07,2019-02-13T21:13:24.000Z,34,8-K,001-04423,19597270,"5.03,9.01",8-K,252284,0,0,,bylawsform8-k.htm,8-K
0001193125-19-039994,2019-02-14,,2019-02-14T18:09:02.000Z,34,SC 13G/A,005-12061,19603830,,SC 13G/A,39158,0,0,,d681981dsc13ga.htm,SCHEDULE 13G AMENDMENT 9
0001206774-19-000588,2019-02-26,2019-04-23,2019-02-26T21:58:06.000Z,34,DEF 14A,001-04423,19634246,,DEF 14A,22960634,0,0,,hpq3459341-def14a.htm,DEFINITIVE PROXY STATEMENT
0001206774-19-000589,2019-02-26,,2019-02-26T21:58:45.000Z,34,DEFA14A,001-04423,19634252,,DEFA14A,57274,0,0,,hp3459341-defa14a.htm,DEFINITIVE ADDITIONAL PROXY SOLICITING MATERIALS
0000047217-19-000011,2019-02-27,2019-02-27,2019-02-27T21:11:35.000Z,34,8-K,001-04423,19637796,"2.02,9.01",8-K,1453367,0,0,,hp-form8xkq1fy19.htm,8-K
0000047217-19-000017,2019-03-05,2019-01-31,2019-03-05T21:19:52.000Z,34,10-Q,001-04423,19658618,,10-Q,12367775,1,0,,hp-13119x10q.htm,10-Q
0000047217-19-000018,2019-03-05,,2019-03-05T21:30:05.000Z,34,IRANNOTICE,001-04423,19658843,,IRANNOTICE,29801,0,0,,a2019-q1irannoticeletterto.htm,IRANNOTICE
0001562180-19-001983,2019-03-20,2019-03-18,2019-03-20T21:01:54.000Z,,4,,,,4,5365,0,0,,xslF345X03/primarydocument.xml,PRIMARY DOCUMENT
0001562180-19-002004,2019-03-21,2019-03-20,2019-03-21T20:13:13.000Z,,4,,,,4,7036,0,0,,xslF345X03/primarydocument.xml,PRIMARY DOCUMENT
0000047217-19-000021,2019-04-25,2019-04-23,2019-04-25T20:20:45.000Z,34,8-K,001-04423,19767715,5.07,8-K,123758,0,0,,a8-k42419filing.htm,8-K
0001562180-19-002365,2019-04-25,2019-04-23,2019-04-25T20:33:08.000Z,,4,,,,4,9270,0,0,,xslF345X03/primarydocument.xml,PRIMARY DOCUMENT
0001562180-19-002366,2019-04-25,2019-04-23,2019-04-25T20:33:26.000Z,,4,,,,4,9304,0,0,,xslF345X03/primarydocument.xml,PRIMARY DOCUMENT
0001562180-19-002367,2019-04-25,2019-04-23,2019-04-25T20:33:43.000Z,,4,,,,4,5775,0,0,,xslF345X03/primarydocument.xml,PRIMARY DOCUMENT
0001562180-19-002368,2019-04-25,2019-04-23,2019-04-25T20:33:57.000Z,,4,,,,4,8137,0,0,,xslF345X03/primarydocument.xml,PRIMARY DOCUMENT
0001562180-19-002369,2019-04-25,2019-04-23,2019-04-25T20:34:10.000Z,,4,,,,4,5787,0,0,,xslF345X03/primarydocument.xml,PRIMARY DOCUMENT
0001562180-19-002372,2019-04-25,2019-04-23,2019-04-25T21:32:55.000Z,,4,,,,4,5777,0,0,,xslF345X03/primarydocument.xml,PRIMARY DOCUMENT
0001562180-19-002373,2019-04-25,2019-04-23,2019-04-25T21:33:07.000Z,,4,,,,4,8167,0,0,,xslF345X03/primarydocument.xml,PRIMARY DOCUMENT
0001562180-19-002376,2019-04-25,2019-04-23,2019-04-25T21:47:03.000Z,,4,,,,4,9270,0,0,,xslF345X03/primarydocument.xml,PRIMARY DOCUMENT
0001562180-19-002377,2019-04-25,2019-04-23,2019-04-25T21:47:22.000Z,,4,,,,4,5769,0,0,,xslF345X03/primarydocument.xml,PRIMARY DOCUMENT
0001562180-19-002379,2019-04-25,2019-04-23,2019-04-25T21:48:24.000Z,,4,,,,4,9493,0,0,,xslF345X03/primarydocument.xml,PRIMARY DOCUMENT
0000047217-19-000025,2019-05-23,2019-05-23,2019-05-23T20:12:07.000Z,34,8-K,001-04423,19850167,"2.02,9.01",8-K,811504,0,0,,hp-43019q2form8xk.htm,8-K
0000047217-19-000029,2019-05-28,,2019-05-28T20:37:18.000Z,34,SD,001-04423,19858274,,SD,683973,0,0,,formsd2019.htm,SD
0000047217-19-000034,2019-05-30,2019-04-30,2019-05-30T20:10:52.000Z,34,10-Q,001-04423,19866655,,10-Q,14331753,1,0,,hp-43019x10qq219.htm,10-Q
0000047217-19-000036,2019-05-30,,2019-05-30T21:13:48.000Z,34,IRANNOTICE,001-04423,19867529,,IRANNOTICE,29786,0,0,,a2019-q2irannoticeletterto.htm,IRANNOTICE
0001562180-19-003501,2019-06-12,2019-06-10,2019-06-12T20:20:06.000Z,,4,,,,4,4610,0,0,,xslF345X03/primarydocument.xml,PRIMARY DOCUMENT
0001562180-19-003502,2019-06-12,2019-06-10,2019-06-12T20:22:43.000Z,,4,,,,4,4590,0,0,,xslF345X03/primarydocument.xml,PRIMARY DOCUMENT
0000047217-19-000040,2019-06-18,2018-12-31,2019-06-18T20:57:12.000Z,34,11-K,001-04423,19904180,,11-K,355209,0,0,,hp2019form11-k.htm,11-K
0001562180-19-003603,2019-06-20,2019-06-19,2019-06-20T20:51:00.000Z,,4,,,,4,5049,0,0,,xslF345X03/primarydocument.xml,PRIMARY DOCUMENT
0001562180-19-003631,2019-06-24,2019-06-20,2019-06-24T21:39:15.000Z,,4,,,,4,8926,0,0,,xslF345X03/primarydocument.xml,PRIMARY DOCUMENT
0001562180-19-003658,2019-06-27,2019-06-26,2019-06-27T20:07:16.000Z,,4,,,,4,8703,0,0,,xslF345X03/primarydocument.xml,PRIMARY DOCUMENT
0001562180-19-003678,2019-06-28,2019-06-27,2019-06-28T21:08:35.000Z,,4,,,,4,5827,0,0,,xslF345X03/primarydocument.xml,PRIMARY DOCUMENT
0001562180-19-003860,2019-07-03,2019-07-01,2019-07-03T21:47:41.000Z,,4,,,,4,8929,0,0,,xslF345X03/primarydocument.xml,PRIMARY DOCUMENT
0001562180-19-003861,2019-07-03,2019-07-01,2019-07-03T21:48:08.000Z,,4,,,,4,8949,0,0,,xslF345X03/primarydocument.xml,PRIMARY DOCUMENT
0000047217-19-000044,2019-08-22,2019-07-31,2019-08-22T20:09:53.000Z,34,8-K,001-04423,191046206,"2.02,9.01",8-K,812897,0,0,,hp-073119xform8xkq319.htm,8-K
0001193125-19-226886,2019-08-22,2019-08-20,2019-08-22T20:16:02.000Z,34,8-K,001-04423,191046266,"5.02,7.01,9.01",8-K,47407,0,0,,d795838d8k.htm,FORM 8-K
0001562180-19-004504,2019-08-27,2019-08-26,2019-08-27T20:30:30.000Z,,4,,,,4,5827,0,0,,xslF345X03/primarydocument.xml,PRIMARY DOCUMENT
0000047217-19-000048,2019-08-29,2019-07-31,2019-08-29T20:07:02.000Z,34,10-Q,001-04423,191066422,,XBRL,16159951,1,1,,hp-073119x10qxq319.htm,10-Q
0000047217-19-000050,2019-09-30,2019-09-25,2019-09-30T20:48:44.000Z,34,8-K,001-04423,191126520,5.02,8-K,53021,0,0,,september2019form8-k.htm,8-K
0000047217-19-000052,2019-10-04,2019-09-30,2019-10-03T23:11:27.000Z,34,8-K,001-04423,191137229,"2.05,7.01,8.01,9.01",8-K,135474,0,0,,sam2019form8-kv3.htm,8-K
0000047217-19-000054,2019-11-01,2019-10-30,2019-11-01T20:25:45.000Z,34,8-K,001-04423,191187116,1.02,XBRL,227948,1,1,,form8-ktmatermination.htm,8-K
0001562180-19-005470,2019-11-12,2019-11-01,2019-11-12T21:15:41.000Z,,3,,,,3,11891,0,0,,xslF345X02/primarydocument.xml,PRIMARY DOCUMENT
0001562180-19-005471,2019-11-12,2019-11-01,2019-11-12T21:16:03.000Z,,3,,,,3,16024,0,0,,xslF345X02/primarydocument.xml,PRIMARY DOCUMENT
0001562180-19-005537,2019-11-15,2019-11-13,2019-11-16T00:08:58.000Z,,4,,,,4,11507,0,0,,xslF345X03/primarydocument.xml,PRIMARY DOCUMENT
0001562180-19-005538,2019-11-15,2019-11-13,2019-11-16T00:18:40.000Z,,4,,,,4,8998,0,0,,xslF345X03/primarydocument.xml,PRIMARY DOCUMENT
0001562180-19-005539,2019-11-15,2019-11-13,2019-11-16T00:20:03.000Z,,4,,,,4,9017,0,0,,xslF345X03/primarydocument.xml,PRIMARY DOCUMENT
0001562180-19-005540,2019-11-15,2019-11-13,2019-11-16T00:21:18.000Z,,4,,,,4,11611,0,0,,xslF345X03/primarydocument.xml,PRIMARY DOCUMENT
0001562180-19-005541,2019-11-15,2019-11-13,2019-11-16T00:23:43.000Z,,4,,,,4,11607,0,0,,xslF345X03/primarydocument.xml,PRIMARY DOCUMENT
0001562180-19-005542,2019-11-15,2019-11-13,2019-11-16T00:25:21.000Z,,4,,,,4,11801,0,0,,xslF345X03/primarydocument.xml,PRIMARY DOCUMENT
0001562180-19-005543,2019-11-15,2019-11-13,2019-11-16T00:28:16.000Z,,4,,,,4,13798,0,0,,xslF345X03/primarydocument.xml,PRIMARY DOCUMENT
0001193125-19-297620,2019-11-21,,2019-11-21T21:31:30.000Z,34,425,001-04423,191237754,,425,31256,0,0,,d819494d425.htm,425
0000047217-19-000061,2019-11-26,2019-11-26,2019-11-26T21:10:25.000Z,34,8-K,001-04423,191250962,"2.02,9.01",XBRL,1050535,1,1,,hp-form8xkq4fy19.htm,8-K
0001193125-19-301182,2019-11-26,,2019-11-26T21:16:13.000Z,34,425,001-04423,191251075,,425,34615,0,0,,d840606d425.htm,425
0001193125-19-308744,2019-12-09,,2019-12-09T14:06:26.000Z,34,425,001-04423,191274443,,425,6597969,0,0,,d841827d425.htm,425
0001562180-19-005978,2019-12-10,2019-12-06,2019-12-10T23:40:59.000Z,,4,,,,4,19120,0,0,,xslF345X03/primarydocument.xml,PRIMARY DOCUMENT
0001562180-19-005979,2019-12-10,2019-12-06,2019-12-10T23:41:12.000Z,,4,,,,4,19016,0,0,,xslF345X03/primarydocument.xml,PRIMARY DOCUMENT
0001562180-19-005980,2019-12-10,2019-12-06,2019-12-10T23:41:41.000Z,,4,,,,4,20997,0,0,,xslF345X03/primarydocument.xml,PRIMARY DOCUMENT
0001562180-19-005981,2019-12-10,2019-12-06,2019-12-10T23:41:57.000Z,,4,,,,4,19286,0,0,,xslF345X03/primarydocument.xml,PRIMARY DOCUMENT
0001562180-19-005982,2019-12-10,2019-12-06,2019-12-10T23:42:09.000Z,,4,,,,4,19846,0,0,,xslF345X03/primarydocument.xml,PRIMARY DOCUMENT
0001562180-19-005984,2019-12-10,2019-12-06,2019-12-10T23:44:39.000Z,,4,,,,4,20848,0,0,,xslF345X03/primarydocument.xml,PRIMARY DOCUMENT
0001562180-19-005985,2019-12-10,2019-12-06,2019-12-10T23:44:46.000Z,,4,,,,4,19303,0,0,,xslF345X03/primarydocument.xml,PRIMARY DOCUMENT
0001562180-19-005986,2019-12-10,2019-12-06,2019-12-10T23:45:13.000Z,,4,,,,4,19037,0,0,,xslF345X03/primarydocument.xml,PRIMARY DOCUMENT
0001562180-19-005995,2019-12-10,2019-12-07,2019-12-11T02:47:54.000Z,,4,,,,4,14941,0,0,,xslF345X03/primarydocument.xml,PRIMARY DOCUMENT
0000047217-19-000071,2019-12-12,2019-10-31,2019-12-12T21:26:03.000Z,34,10-K,001-04423,191282092,,XBRL,27887031,1,1,,hp-103119x10k.htm,10-K
0000047217-19-000072,2019-12-12,,2019-12-12T21:28:05.000Z,34,IRANNOTICE,001-04423,191282106,,IRANNOTICE,29805,0,0,,a2019-q4irannoticeletterto.htm,IRANNOTICE
0000047217-19-000073,2019-12-12,,2019-12-12T21:32:20.000Z,33,S-3ASR,333-235474,191282322,,S-3ASR,522293,0,0,,hpq201form2019s-31021.htm,S-3ASR
0001562180-19-006076,2019-12-13,2019-10-31,2019-12-13T21:44:32.000Z,,5,,,,5,4020,0,0,,xslF345X03/primarydocument.xml,PRIMARY DOCUMENT
0001562180-19-006077,2019-12-13,2019-10-31,2019-12-13T21:44:56.000Z,,5,,,,5,4007,0,0,,xslF345X03/primarydocument.xml,PRIMARY DOCUMENT
0000930413-19-003097,2019-12-27,,2019-12-27T21:01:27.000Z,34,DEFA14A,001-04423,191313777,,DEFA14A,250654,0,0,,c94777_defa14a.htm,
0001193125-20-001794,2020-01-06,,2020-01-06T13:16:13.000Z,34,425,001-04423,20508103,,425,419266,0,0,,d831317d425.htm,425
0001562180-20-000274,2020-01-07,2020-01-03,2020-01-07T21:27:05.000Z,,4,,,,4,9094,0,0,,xslF345X03/primarydocument.xml,PRIMARY DOCUMENT
0001562180-20-000369,2020-01-14,2020-01-11,2020-01-14T21:22:10.000Z,,4,,,,4,12107,0,0,,xslF345X03/primarydocument.xml,PRIMARY DOCUMENT
0001193125-20-012578,2020-01-23,,2020-01-23T14:22:45.000Z,34,425,001-04423,20540593,,425,36345,0,0,,d875419d425.htm,425
0000930413-20-000138,2020-01-23,,2020-01-23T22:23:07.000Z,34,DEFA14A,001-04423,20543067,,DEFA14A,56469,0,0,,c95041_defa14a.htm,
0000930413-20-000139,2020-01-23,,2020-01-23T22:23:51.000Z,34,DEFA14A,001-04423,20543073,,DEFA14A,39424,0,0,,c95043_defa14a.htm,
0001193125-20-017099,2020-01-28,,2020-01-28T22:13:33.000Z,34,425,001-04423,20555519,,425,1314530,0,0,,d878832d425.htm,425
0001193125-20-019607,2020-01-30,,2020-01-30T21:05:38.000Z,34,425,001-04423,20561430,,425,98226,0,0,,d793820d425.htm,425
0000834237-20-005326,2020-02-05,,2020-02-05T16:45:38.000Z,34,SC 13G/A,005-12061,20577343,,SC 13G/A,13590,0,0,,us40434l1052_020420.txt,
0001193125-20-027963,2020-02-07,,2020-02-07T19:36:03.000Z,34,SC 13G/A,005-12061,20586845,,SC 13G/A,38509,0,0,,d865128dsc13ga.htm,SCHEDULE 13G AMENDMENT 10
0001193125-20-029107,2020-02-10,,2020-02-10T13:12:32.000Z,34,425,001-04423,20589618,,425,27408,0,0,,d884941d425.htm,425
0001193125-20-029556,2020-02-10,,2020-02-10T18:52:33.000Z,34,SC 13G/A,005-12061,20591122,,SC 13G/A,37424,0,0,,d881006dsc13ga.htm,FORM SC 13G/A
0001193125-20-029977,2020-02-10,,2020-02-10T22:12:21.000Z,34,425,001-04423,20592932,,425,2224005,0,0,,d884921d425.htm,425
0000930413-20-000309,2020-02-12,,2020-02-11T23:00:48.000Z,34,DEFA14A,001-04423,20598434,,DEFA14A,57478,0,0,,c95234_defa14a.htm,
0000930413-20-000310,2020-02-12,,2020-02-11T23:11:42.000Z,34,SC14D9C,005-12061,20598515,,SC14D9C,45822,0,0,,c95235_sc14d9c.htm,
0001104659-20-018007,2020-02-12,,2020-02-12T13:08:49.000Z,34,SC 13G/A,005-12061,20600119,,SC 13G/A,13652,0,0,,tv01352-hpinc.htm,SCHEDULE 13G/A
0001193125-20-038621,2020-02-14,,2020-02-14T22:21:35.000Z,34,425,001-04423,20622015,,425,223091,0,0,,d891087d425.htm,425
0000930413-20-000467,2020-02-20,2020-02-20,2020-02-20T22:14:54.000Z,34,8-K,001-04423,20636317,"1.01,3.03,5.03,8.01,9.01",XBRL,626798,1,1,,c95307_8k.htm,
0000930413-20-000468,2020-02-20,,2020-02-20T22:17:54.000Z,34,8-A12B,001-04423,20636342,,8-A12B,34236,0,0,,c95308_8a12b.htm,
0000930413-20-000470,2020-02-20,,2020-02-20T22:20:54.000Z,34,DEFA14A,001-04423,20636388,,DEFA14A,62024,0,0,,c95313_defa14a.htm,
0000930413-20-000471,2020-02-20,,2020-02-20T22:25:34.000Z,34,SC14D9C,005-12061,20636449,,SC14D9C,49937,0,0,,c95310_sc14d9c.htm,
0000930413-20-000497,2020-02-21,,2020-02-21T21:30:31.000Z,34,DEFA14A,001-04423,20640471,,DEFA14A,52395,0,0,,c95322_defa14a.htm,
0000930413-20-000498,2020-02-21,,2020-02-21T21:34:18.000Z,34,SC14D9C,005-12061,20640545,,SC14D9C,41373,0,0,,c95323_sc14d9.htm,
0001193125-20-044882,2020-02-24,,2020-02-21T22:34:34.000Z,34,425,001-04423,20641353,,425,2003219,0,0,,d886855d425.htm,425
0001193125-20-045236,2020-02-24,,2020-02-22T02:48:34.000Z,34,425,001-04423,20641915,,425,2301174,0,0,,d886855d425.htm,425
0000047217-20-000004,2020-02-24,2020-02-24,2020-02-24T21:28:57.000Z,34,8-K,001-04423,20644716,"2.02,9.01",XBRL,751062,1,1,,hp-form8xkq1fy20.htm,8-K
0001140361-20-003924,2020-02-24,2020-02-22,2020-02-24T22:18:05.000Z,34,8-K,001-04423,20645561,"7.01,8.01,9.01",XBRL,184168261,1,1,,nt10009105x3_8k.htm,8-K
0001140361-20-003925,2020-02-24,,2020-02-24T22:21:12.000Z,34,DEFA14A,001-04423,20645611,,DEFA14A,183971210,0,0,,nt10009105x3_8k.htm,DEFA14A
0001140361-20-003926,2020-02-24,,2020-02-24T22:23:58.000Z,34,SC14D9C,005-12061,20645635,,SC14D9C,183948235,0,0,,nt10009105x2_sc14d9c.htm,SC14D9C
0001140361-20-003927,2020-02-24,,2020-02-24T22:24:45.000Z,34,DEFA14A,001-04423,20645646,,DEFA14A,27919565,0,0,,nt10009105x9_defa14a.htm,DEFA14A
0001140361-20-003928,2020-02-24,,2020-02-24T22:26:16.000Z,34,SC14D9C,005-12061,20645687,,SC14D9C,27802114,0,0,,nt10009105x8_sc14d9c.htm,SC14D9C
0001140361-20-004149,2020-02-26,,2020-02-26T21:05:25.000Z,34,DEFA14A,001-04423,20655655,,DEFA14A,436665,0,0,,nt10009105x12_defa14a.htm,DEFA14A
0001140361-20-004151,2020-02-26,,2020-02-26T21:07:30.000Z,34,SC14D9C,005-12061,20655696,,SC14D9C,109533,0,0,,nt10009105x13_sc14d9c.htm,SC14D9C
0000876661-20-000144,2020-02-27,,2020-02-27T19:44:52.000Z,34,CERT,001-04423,20661114,,CERT,286568,0,0,,HPQ8A22720.pdf,NYSE CERTIFICATION
0001206774-20-000632,2020-02-27,2019-10-31,2020-02-27T21:16:50.000Z,34,10-K/A,001-04423,20662242,,XBRL,2910923,1,1,,hpq3726921-10ka.htm,AMENDMENT TO ANNUAL REPORT
0001140361-20-004271,2020-02-27,2020-02-27,2020-02-27T21:25:14.000Z,34,8-K,001-04423,20662458,"5.02,8.01,9.01",XBRL,525534,1,1,,nt10009105x14_8k.htm,8-K
0001140361-20-004276,2020-02-27,,2020-02-27T21:27:51.000Z,34,SC14D9C,005-12061,20662545,,SC14D9C,76205,0,0,,nt10009105x15_sc14d9c.htm,SC14D9C
0001140361-20-004279,2020-02-27,,2020-02-27T21:29:50.000Z,34,DEFA14A,001-04423,20662616,,DEFA14A,395559,0,0,,nt10009105x16_defa14a.htm,DEFA14A
0001206774-20-000633,2020-02-27,,2020-02-27T21:43:22.000Z,34,PREC14A,001-04423,20662942,,PREC14A,4713438,0,0,,hpq3726931-prec14a.htm,PRELIMINARY PROXY STATEMENT IN CONNECTION WITH CONTESTED SOLICITATIONS
0001562180-20-001793,2020-02-27,2020-02-25,2020-02-27T23:00:29.000Z,,4,,,,4,10150,0,0,,xslF345X03/primarydocument.xml,PRIMARY DOCUMENT
0001193125-20-056222,2020-02-28,,2020-02-28T21:05:32.000Z,34,425,001-04423,20670016,,425,15138,0,0,,d871577d425.htm,425
0001193125-20-057794,2020-03-02,,2020-03-02T11:55:48.000Z,34,425,001-04423,20674168,,425,340594,0,0,,d872551d425.htm,425
0001140361-20-004535,2020-03-02,,2020-03-02T21:35:47.000Z,34,DEFA14A,001-04423,20677433,,DEFA14A,344258,0,0,,nt10009105x17_defa14a.htm,DEFA14A
0001193125-20-059078,2020-03-02,,2020-03-02T21:48:53.000Z,34,SC TO-T,005-12061,20677677,,SC TO-T,121766,0,0,,d886900dsctot.htm,SC TO-T
0001193125-20-059102,2020-03-02,,2020-03-02T21:55:02.000Z,34,425,001-04423,20677772,,425,33069,0,0,,d871806d425.htm,425
0001193125-20-059109,2020-03-02,,2020-03-02T21:57:35.000Z,34,425,001-04423,20677823,,425,60159,0,0,,d896140d425.htm,425
0001193125-20-059199,2020-03-02,,2020-03-02T22:20:35.000Z,34,425,001-04423,20678356,,425,3013581,0,0,,d897655d425.htm,425
0001562180-20-002017,2020-03-03,2020-02-27,2020-03-03T21:44:10.000Z,,3,,,,3,3639,0,0,,xslF345X02/primarydocument.xml,PRIMARY DOCUMENT
0001140361-20-004886,2020-03-05,,2020-03-05T11:04:16.000Z,34,SC 14D9,005-12061,20689562,,SC 14D9,4363381,0,0,,nt10009105x19_sc14d9.htm,SC 14D9
0000047217-20-000006,2020-03-05,2020-01-31,2020-03-05T21:12:09.000Z,34,10-Q,001-04423,20690939,,XBRL,14123200,1,1,,hp-13120x10q.htm,10-Q
0001193125-20-066439,2020-03-09,,2020-03-09T13:21:32.000Z,34,425,001-04423,20696721,,425,28404,0,0,,d896193d425.htm,425
0001193125-20-066449,2020-03-09,,2020-03-09T13:46:11.000Z,34,PREC14A,001-04423,20696773,,PREC14A,620543,0,0,,d876742dprec14a.htm,PREC14A
0001193125-20-067141,2020-03-09,,2020-03-09T20:01:40.000Z,34,425,001-04423,20697949,,425,2736385,0,0,,d896176d425.htm,425
0001206774-20-000744,2020-03-10,,2020-03-10T10:18:21.000Z,34,PRER14A,001-04423,20699865,,PRER14A,4727695,0,0,,hpq3726931-prer14a.htm,PRELIMINARY REVISED PROXY SOLICITING MATERIALS
0001193125-20-067933,2020-03-10,,2020-03-10T13:14:02.000Z,34,425,001-04423,20700042,,425,26595,0,0,,d147591d425.htm,425
0001193125-20-071056,2020-03-12,,2020-03-12T13:20:35.000Z,34,425,001-04423,20707401,,425,70239,0,0,,d859198d425.htm,425
0001193125-20-072331,2020-03-13,,2020-03-13T12:42:33.000Z,34,425,001-04423,20710817,,425,25177,0,0,,d899024d425.htm,425
0001562180-20-002578,2020-03-17,2020-02-27,2020-03-17T20:11:35.000Z,,3/A,,,,3/A,3974,0,0,,xslF345X02/primarydocument.xml,PRIMARY DOCUMENT
0001206774-20-000851,2020-03-19,,2020-03-19T20:46:13.000Z,34,PRER14A,001-04423,20729046,,PRER14A,4735599,0,0,,hpq3726931-prer14a.htm,PRELIMINARY REVISED PROXY SOLICITING MATERIALS
0001140361-20-006594,2020-03-23,,2020-03-23T21:30:08.000Z,34,SC 14D9/A,005-12061,20735853,,SC 14D9/A,109990,0,0,,formsc14d9a.htm,SC 14D9/A
0001140361-20-006860,2020-03-25,,2020-03-25T21:18:14.000Z,34,DEFA14A,001-04423,20743177,,DEFA14A,375669,0,0,,nt10009105x25_defa14a.htm,DEFA14A
0001140361-20-006861,2020-03-25,,2020-03-25T21:18:19.000Z,34,DEFA14A,001-04423,20743178,,DEFA14A,352330,0,0,,nt10009105x26_defa14a.htm,DEFA14A
0001140361-20-006862,2020-03-25,,2020-03-25T21:19:23.000Z,34,SC 14D9,005-12061,20743189,,SC 14D9,85638,0,0,,nt10009105x24_sc14d9.htm,SC 14D9
0001206774-20-000944,2020-03-26,,2020-03-26T20:33:05.000Z,34,DEFC14A,001-04423,20746490,,DEFC14A,11126662,0,0,,hpq3726931-defc14a.htm,DEFINITIVE PROXY STATEMENT IN CONNECTION WITH CONTESTED SOLICITATIONS
0001140361-20-007086,2020-03-27,2020-03-26,2020-03-27T10:03:16.000Z,34,8-K,001-04423,20747754,7.01,XBRL,319308,1,1,,nt10009105x29_8k.htm,FORM 8-K
0001140361-20-007089,2020-03-27,,2020-03-27T10:07:13.000Z,34,SC 14D9/A,005-12061,20747770,,SC 14D9/A,1366380,0,0,,nt10009105x27_sc14d9a.htm,SC 14D9/A
0001140361-20-007091,2020-03-27,,2020-03-27T10:10:40.000Z,34,DEFA14A,001-04423,20747787,,DEFA14A,1359190,0,0,,nt10009105x28_defa14a.htm,
0001140361-20-007473,2020-03-31,,2020-03-31T01:31:09.000Z,34,DEFA14A,001-04423,20759323,,DEFA14A,51899742,0,0,,formdefa14a.htm,DEFA14A
0001193125-20-092880,2020-03-31,,2020-03-31T20:42:33.000Z,34,425,001-04423,20762320,,425,24367,0,0,,d908790d425.htm,425
0001193125-20-092896,2020-03-31,,2020-03-31T20:50:51.000Z,34,SC TO-T/A,005-12061,20762443,,SC TO-T/A,42786,0,0,,d909416dsctota.htm,SC TO-T/A
0001140361-20-008112,2020-04-06,,2020-04-06T20:15:27.000Z,34,SC 14D9/A,005-12061,20777136,,SC 14D9/A,17414,0,0,,nt10009105x34_sc14d9a.htm,SC 14D9/A
0001206774-20-001158,2020-04-13,,2020-04-13T20:37:17.000Z,34,DEFR14A,001-04423,20789093,,DEFR14A,14744392,0,0,,hpq3746661-defr14a.htm,DEFINITIVE REVISED PROXY SOLICITING MATERIALS
0001206774-20-001159,2020-04-13,,2020-04-13T20:38:19.000Z,34,DEFA14A,001-04423,20789102,,DEFA14A,287750,0,0,,hpq3749781-defa14a.htm,DEFINITIVE ADDITIONAL PROXY SOLICITING MATERIALS
0001206774-20-001359,2020-04-28,,2020-04-28T20:00:20.000Z,34,DEFA14A,001-04423,20824816,,DEFA14A,44098,0,0,,hpq3755061-defa14a.htm,DEFINITIVE ADDITIONAL PROXY SOLICITING MATERIALS
0001206774-20-001360,2020-04-28,,2020-04-28T20:15:20.000Z,34,DEFA14A,001-04423,20825171,,DEFA14A,46124,0,0,,hpq3755091-defa14a.htm,DEFINITIVE ADDITIONAL PROXY SOLICITING MATERIALS
0001562180-20-003464,2020-05-07,2020-04-30,2020-05-07T22:05:46.000Z,,4,,,,4,4956,0,0,,xslF345X03/primarydocument.xml,PRIMARY DOCUMENT
0001562180-20-003469,2020-05-07,2020-05-04,2020-05-07T22:08:18.000Z,,4,,,,4,8988,0,0,,xslF345X03/primarydocument.xml,PRIMARY DOCUMENT
0000047217-20-000009,2020-05-14,2020-05-11,2020-05-14T20:07:23.000Z,34,8-K,001-04423,20877777,5.02,XBRL,328138,1,1,,a8-k51120filing.htm,8-K
0001562180-20-003621,2020-05-14,2020-05-12,2020-05-14T20:31:05.000Z,,4,,,,4,5776,0,0,,xslF345X03/primarydocument.xml,PRIMARY DOCUMENT
0001562180-20-003622,2020-05-14,2020-05-12,2020-05-14T20:31:27.000Z,,4,,,,4,9299,0,0,,xslF345X03/primarydocument.xml,PRIMARY DOCUMENT
0001562180-20-003623,2020-05-14,2020-05-12,2020-05-14T20:31:50.000Z,,4,,,,4,5774,0,0,,xslF345X03/primarydocument.xml,PRIMARY DOCUMENT
0001562180-20-003624,2020-05-14,2020-05-12,2020-05-14T20:32:06.000Z,,4,,,,4,11676,0,0,,xslF345X03/primarydocument.xml,PRIMARY DOCUMENT
0001562180-20-003625,2020-05-14,2020-05-12,2020-05-14T20:32:22.000Z,,4,,,,4,5781,0,0,,xslF345X03/primarydocument.xml,PRIMARY DOCUMENT
0001562180-20-003626,2020-05-14,2020-05-12,2020-05-14T20:32:34.000Z,,4,,,,4,5768,0,0,,xslF345X03/primarydocument.xml,PRIMARY DOCUMENT
0001562180-20-003627,2020-05-14,2020-05-12,2020-05-14T20:32:47.000Z,,4,,,,4,5738,0,0,,xslF345X03/primarydocument.xml,PRIMARY DOCUMENT
0001562180-20-003628,2020-05-14,2020-05-12,2020-05-14T20:32:57.000Z,,4,,,,4,9270,0,0,,xslF345X03/primarydocument.xml,PRIMARY DOCUMENT
0001562180-20-003629,2020-05-14,2020-05-12,2020-05-14T20:33:14.000Z,,4,,,,4,5765,0,0,,xslF345X03/primarydocument.xml,PRIMARY DOCUMENT
0001562180-20-003630,2020-05-14,2020-05-12,2020-05-14T20:33:26.000Z,,4,,,,4,9357,0,0,,xslF345X03/primarydocument.xml,PRIMARY DOCUMENT
0001562180-20-003631,2020-05-14,2020-05-12,2020-05-14T20:33:40.000Z,,4,,,,4,5769,0,0,,xslF345X03/primarydocument.xml,PRIMARY DOCUMENT
0001140361-20-012448,2020-05-26,2020-05-11,2020-05-26T20:25:57.000Z,34,8-K/A,001-04423,20910960,"5.02,5.07",XBRL,425619,1,1,,form8ka.htm,8-K/A
0000047217-20-000012,2020-05-27,2020-05-27,2020-05-27T20:07:54.000Z,34,8-K,001-04423,20915290,"2.02,9.01",XBRL,1050488,1,1,,hp-form8xkq220.htm,8-K
0000047217-20-000016,2020-05-29,,2020-05-29T20:13:56.000Z,34,SD,001-04423,20927885,,SD,696711,0,0,,formsd2020.htm,SD
0001140361-20-012720,2020-05-29,2020-05-29,2020-05-29T20:21:04.000Z,34,8-K,001-04423,20928163,"1.01,2.03",XBRL,373596,1,1,,nc10012374x1_8k.htm,FORM 8K
0001562180-20-004097,2020-06-02,2020-05-29,2020-06-02T21:32:19.000Z,,4,,,,4,5046,0,0,,xslF345X03/primarydocument.xml,PRIMARY DOCUMENT
0001562180-20-004283,2020-06-04,2020-06-02,2020-06-04T21:03:36.000Z,,4,,,,4,5046,0,0,,xslF345X03/primarydocument.xml,PRIMARY DOCUMENT
0001562180-20-004284,2020-06-04,2020-06-02,2020-06-04T21:04:26.000Z,,4,,,,4,5055,0,0,,xslF345X03/primarydocument.xml,PRIMARY DOCUMENT
0000047217-20-000020,2020-06-05,2020-04-30,2020-06-05T20:22:43.000Z,34,10-Q,001-04423,20946635,,XBRL,15726079,1,1,,hp-43020x10q.htm,10-Q
0001140361-20-013348,2020-06-09,,2020-06-09T12:54:16.000Z,33,424B2,333-235474,20950953,,424B2,675591,0,0,,nt10012606x1_424b2.htm,424B2
0001140361-20-013351,2020-06-09,2020-06-09,2020-06-09T13:03:30.000Z,34,8-K,001-04423,20950966,"7.01,9.01",XBRL,467712,1,1,,nt10012606x3_8k.htm,8-K
0001140361-20-013433,2020-06-09,,2020-06-09T21:06:13.000Z,34,FWP,333-235474,20952664,,FWP,26598,0,0,,nt10012606x4_fwp.htm,FWP
0001140361-20-013484,2020-06-10,2020-06-09,2020-06-10T13:12:00.000Z,34,8-K,001-04423,20953631,"7.01,8.01,9.01",XBRL,717430,1,1,,nt10012606x5_8k.htm,FORM 8-K
0001140361-20-013539,2020-06-10,,2020-06-10T21:01:02.000Z,33,424B5,333-235474,20955360,,424B5,721467,0,0,,nt10012606x6_424b5.htm,424B5
0000047217-20-000022,2020-06-16,2019-12-31,2020-06-16T20:08:16.000Z,34,11-K,001-04423,20966439,,11-K,383472,0,0,,hp2020form11-k.htm,11-K
0001140361-20-014091,2020-06-17,2020-06-17,2020-06-17T21:29:48.000Z,34,8-K,001-04423,20970643,"7.01,8.01,9.01",XBRL,1869670,1,1,,nc10012855x1_8k.htm,8-K
0001562180-20-004665,2020-06-23,2020-06-20,2020-06-23T23:02:57.000Z,,4,,,,4,8966,0,0,,xslF345X03/primarydocument.xml,PRIMARY DOCUMENT
0001140361-20-014890,2020-06-26,2020-06-25,2020-06-26T20:13:52.000Z,34,8-K,001-04423,20994280,"1.01,1.02,3.03,8.01,9.01",XBRL,424272,1,1,,nc10013143x1_8k.htm,FORM 8-K
0001140361-20-014895,2020-06-26,,2020-06-26T20:17:33.000Z,34,8-A12B/A,001-04423,20994335,,8-A12B/A,113532,0,0,,nc10013143x2_8a12ba.htm,FORM 8-A12B/A
0001562180-20-004977,2020-07-06,2020-07-01,2020-07-06T20:09:18.000Z,,4,,,,4,8974,0,0,,xslF345X03/primarydocument.xml,PRIMARY DOCUMENT
0001562180-20-004978,2020-07-06,2020-07-01,2020-07-06T20:09:55.000Z,,4,,,,4,8987,0,0,,xslF345X03/primarydocument.xml,PRIMARY DOCUMENT
0000047217-20-000027,2020-08-27,2020-08-27,2020-08-27T20:08:56.000Z,34,8-K,001-04423,201142875,"2.02,9.01",XBRL,1024911,1,1,,hpq-20200827.htm,8-K
0001562180-20-005769,2020-09-02,2020-08-31,2020-09-02T20:40:40.000Z,,4,,,,4,10255,0,0,,xslF345X03/primarydocument.xml,PRIMARY DOCUMENT
0000047217-20-000034,2020-09-04,2020-07-31,2020-09-04T20:08:36.000Z,34,10-Q,001-04423,201161981,,XBRL,16547498,1,1,,hpq-20200731.htm,10-Q
0001140361-20-020028,2020-09-09,2020-09-07,2020-09-09T20:27:59.000Z,34,8-K,001-04423,201166787,"5.02,9.01",XBRL,367007,1,1,,brhc10014997_8k.htm,8-K
0001562180-20-006017,2020-09-16,2020-09-14,2020-09-16T20:47:59.000Z,,4,,,,4,5042,0,0,,xslF345X03/primarydocument.xml,PRIMARY DOCUMENT
0001562180-20-006328,2020-10-08,2020-10-01,2020-10-08T21:41:18.000Z,,3,,,,3,4987,0,0,,xslF345X02/primarydocument.xml,PRIMARY DOCUMENT
0001562180-20-006804,2020-11-19,2020-11-17,2020-11-20T01:06:52.000Z,,4,,,,4,13465,0,0,,xslF345X03/primarydocument.xml,PRIMARY DOCUMENT
0001562180-20-006805,2020-11-19,2020-11-17,2020-11-20T01:08:55.000Z,,4,,,,4,11649,0,0,,xslF345X03/primarydocument.xml,PRIMARY DOCUMENT
0001562180-20-006806,2020-11-19,2020-11-17,2020-11-20T01:17:26.000Z,,4,,,,4,11662,0,0,,xslF345X03/primarydocument.xml,PRIMARY DOCUMENT
0001562180-20-006807,2020-11-19,2020-11-17,2020-11-20T01:21:30.000Z,,4,,,,4,11748,0,0,,xslF345X03/primarydocument.xml,PRIMARY DOCUMENT
0001562180-20-006808,2020-11-19,2020-11-17,2020-11-20T01:25:45.000Z,,4,,,,4,11767,0,0,,xslF345X03/primarydocument.xml,PRIMARY DOCUMENT
0000047217-20-000039,2020-11-24,2020-11-24,2020-11-24T21:10:09.000Z,34,8-K,001-04423,201344176,"2.02,7.01,9.01",XBRL,795551,1,1,,hpq-20201124.htm,8-K
0001562180-20-006913,2020-11-25,2020-11-23,2020-11-25T21:34:01.000Z,,4,,,,4,19263,0,0,,xslF345X03/primarydocument.xml,PRIMARY DOCUMENT
0001562180-20-006962,2020-11-30,2020-11-25,2020-11-30T21:51:28.000Z,,4,,,,4,4798,0,0,,xslF345X03/primarydocument.xml,PRIMARY DOCUMENT
0001562180-20-006963,2020-11-30,2020-11-27,2020-11-30T21:54:36.000Z,,4,,,,4,4817,0,0,,xslF345X03/primarydocument.xml,PRIMARY DOCUMENT
0001562180-20-007112,2020-12-08,2020-12-04,2020-12-08T21:57:03.000Z,,4,,,,4,5058,0,0,,xslF345X03/primarydocument.xml,PRIMARY DOCUMENT
0001140361-20-027902,2020-12-09,,2020-12-09T22:10:14.000Z,33,POSASR,333-235474,201378532,,POSASR,391169,0,0,,nt10017654x1_posasr.htm,POSASR
0001562180-20-007136,2020-12-09,2020-12-07,2020-12-09T23:15:14.000Z,,4,,,,4,21601,0,0,,xslF345X03/primarydocument.xml,PRIMARY DOCUMENT
0001562180-20-007137,2020-12-09,2020-12-07,2020-12-09T23:16:06.000Z,,4,,,,4,21638,0,0,,xslF345X03/primarydocument.xml,PRIMARY DOCUMENT
0001562180-20-007138,2020-12-09,2020-12-07,2020-12-09T23:16:26.000Z,,4,,,,4,21611,0,0,,xslF345X03/primarydocument.xml,PRIMARY DOCUMENT
0001562180-20-007139,2020-12-09,2020-12-07,2020-12-09T23:17:11.000Z,,4,,,,4,10674,0,0,,xslF345X03/primarydocument.xml,PRIMARY DOCUMENT
0001562180-20-007140,2020-12-09,2020-12-07,2020-12-09T23:17:55.000Z,,4,,,,4,21533,0,0,,xslF345X03/primarydocument.xml,PRIMARY DOCUMENT
0001562180-20-007141,2020-12-09,2020-12-07,2020-12-09T23:18:19.000Z,,4,,,,4,23310,0,0,,xslF345X03/primarydocument.xml,PRIMARY DOCUMENT
0001562180-20-007142,2020-12-09,2020-12-07,2020-12-09T23:19:15.000Z,,4,,,,4,21625,0,0,,xslF345X03/primarydocument.xml,PRIMARY DOCUMENT
0001562180-20-007143,2020-12-09,2020-12-07,2020-12-09T23:19:27.000Z,,4,,,,4,19016,0,0,,xslF345X03/primarydocument.xml,PRIMARY DOCUMENT
0000047217-20-000045,2020-12-10,2020-10-31,2020-12-10T21:12:57.000Z,34,10-K,001-04423,201380698,,XBRL,23426134,1,1,,hpq-20201031.htm,10-K
0001140361-20-028030,2020-12-10,,2020-12-10T21:38:32.000Z,33,S-8,333-251265,201381054,,S-8,219332,0,0,,nt10017654x3_s8.htm,S-8
0001140361-20-028033,2020-12-10,,2020-12-10T21:41:01.000Z,33,S-8,333-251266,201381108,,S-8,94657,0,0,,nt10017654x4_s8.htm,FORM S-8
0001140361-20-028034,2020-12-10,,2020-12-10T21:42:13.000Z,33,POS AM,333-235474,201381118,,POS AM,403187,0,0,,nt10017654x2_posam.htm,POS AM
0001562180-20-007289,2020-12-15,2020-10-31,2020-12-15T22:04:30.000Z,,5,,,,5,4023,0,0,,xslF345X03/primarydocument.xml,PRIMARY DOCUMENT
0001562180-20-007290,2020-12-15,2020-10-31,2020-12-15T22:06:03.000Z,,5,,,,5,4949,0,0,,xslF345X03/primarydocument.xml,PRIMARY DOCUMENT
0001562180-20-007362,2020-12-18,2020-12-16,2020-12-18T21:57:39.000Z,,4,,,,4,4798,0,0,,xslF345X03/primarydocument.xml,PRIMARY DOCUMENT
0001562180-20-007364,2020-12-18,2020-12-16,2020-12-18T21:57:54.000Z,,4,,,,4,12366,0,0,,xslF345X03/primarydocument.xml,PRIMARY DOCUMENT
0001562180-20-007486,2020-12-30,2020-12-23,2020-12-30T18:35:46.000Z,,4,,,,4,4590,0,0,,xslF345X03/primarydocument.xml,PRIMARY DOCUMENT
0001562180-21-000090,2021-01-05,2020-12-31,2021-01-05T22:18:48.000Z,,4,,,,4,8998,0,0,,xslF345X03/primarydocument.xml,PRIMARY DOCUMENT
0001562180-21-000323,2021-01-12,2020-12-09,2021-01-12T22:28:28.000Z,,4/A,,,,4/A,5538,0,0,,xslF345X03/primarydocument.xml,PRIMARY DOCUMENT
0001140361-21-001455,2021-01-19,2021-01-12,2021-01-19T21:23:41.000Z,34,8-K,001-04423,21535774,"5.02,9.01",XBRL,372042,1,1,,brhc10019011_8k.htm,8-K
0000834237-21-003981,2021-01-29,,2021-01-29T14:57:18.000Z,34,SC 13G/A,005-12061,21568885,,SC 13G/A,13637,0,0,,us40434l1052_012921.txt,
0001140361-21-002805,2021-02-01,2021-01-29,2021-02-01T13:43:22.000Z,34,8-K,001-04423,21574819,5.02,XBRL,327469,1,1,,nc10019537x1_8k.htm,FORM 8-K
0001562180-21-000743,2021-02-02,2021-02-01,2021-02-02T23:22:58.000Z,,3,,,,3,14558,0,0,,xslF345X02/primarydocument.xml,PRIMARY DOCUMENT
0001562180-21-000875,2021-02-03,2021-02-01,2021-02-04T00:09:50.000Z,,4,,,,4,8940,0,0,,xslF345X03/primarydocument.xml,PRIMARY DOCUMENT
0001562180-21-000954,2021-02-05,2021-01-29,2021-02-05T23:41:25.000Z,,3,,,,3,7070,0,0,,xslF345X02/primarydocument.xml,PRIMARY DOCUMENT
0001104659-21-018303,2021-02-10,,2021-02-10T15:57:21.000Z,34,SC 13G/A,005-12061,21610984,,SC 13G/A,13823,0,0,,tv01086-hpinc.htm,SCHEDULE 13G/A
0001193125-21-038588,2021-02-11,,2021-02-11T21:41:00.000Z,34,SC 13G/A,005-12061,21620366,,SC 13G/A,38035,0,0,,d124528dsc13ga.htm,SC 13G/A
0001140361-21-005513,2021-02-19,2021-02-16,2021-02-19T22:00:44.000Z,34,8-K,001-04423,21656885,5.02,XBRL,177204,1,1,,brhc10020571_8k.htm,8-K
0001562180-21-001327,2021-02-19,2021-02-17,2021-02-19T22:21:25.000Z,,4,,,,4,8930,0,0,,xslF345X03/primarydocument.xml,PRIMARY DOCUMENT
0001206774-21-000494,2021-02-22,2021-04-13,2021-02-22T21:45:46.000Z,34,DEF 14A,001-04423,21660992,,DEF 14A,11994627,0,0,,hpq3871831-def14a.htm,DEFINITIVE PROXY STATEMENT
0001206774-21-000495,2021-02-22,,2021-02-22T21:47:30.000Z,34,DEFA14A,001-04423,21661020,,DEFA14A,59596,0,0,,hpq3871831-defa14a.htm,DEFINITIVE ADDITIONAL PROXY SOLICITING MATERIALS
0000047217-21-000003,2021-02-25,2021-02-25,2021-02-25T20:57:18.000Z,34,8-K,001-04423,21680091,"2.02,9.01",XBRL,602403,1,1,,hpq-20210225.htm,8-K
9999999995-21-000734,2021-02-25,,2021-02-26T05:15:21.000Z,33,EFFECT,333-235474,21683552,"POS AM,0001140361-20-028034,2021-02-25",EFFECT,1739,0,0,,xslEFFECTX01/primary_doc.xml,
0001562180-21-001940,2021-03-03,2021-03-01,2021-03-03T23:45:35.000Z,,4,,,,4,18320,0,0,,xslF345X03/primarydocument.xml,PRIMARY DOCUMENT
0001562180-21-001941,2021-03-03,2021-03-01,2021-03-03T23:46:26.000Z,,4,,,,4,8454,0,0,,xslF345X03/primarydocument.xml,PRIMARY DOCUMENT
0000047217-21-000012,2021-03-05,2021-01-31,2021-03-05T21:11:24.000Z,34,10-Q,001-04423,21718606,,XBRL,14105110,1,1,,hpq-20210131.htm,10-Q
0001562180-21-002375,2021-03-19,2021-03-17,2021-03-19T21:25:40.000Z,,4,,,,4,4815,0,0,,xslF345X03/primarydocument.xml,PRIMARY DOCUMENT
0001140361-21-011258,2021-04-01,,2021-04-01T20:32:47.000Z,34,DEFA14A,001-04423,21798518,,DEFA14A,1790567,0,0,,nc10022615x1_defa14a.htm,DEFA14A
0001562180-21-002528,2021-04-01,2021-03-30,2021-04-01T21:32:41.000Z,,4,,,,4,4951,0,0,,xslF345X03/primarydocument.xml,PRIMARY DOCUMENT
0001562180-21-002529,2021-04-01,2021-03-30,2021-04-01T21:34:41.000Z,,4,,,,4,6417,0,0,,xslF345X03/primarydocument.xml,PRIMARY DOCUMENT
0001562180-21-002824,2021-04-15,2021-04-13,2021-04-15T21:04:39.000Z,,4,,,,4,4800,0,0,,xslF345X03/primarydocument.xml,PRIMARY DOCUMENT
0001562180-21-002825,2021-04-15,2021-04-13,2021-04-15T21:06:07.000Z,,4,,,,4,6545,0,0,,xslF345X03/primarydocument.xml,PRIMARY DOCUMENT
0001562180-21-002826,2021-04-15,2021-04-13,2021-04-15T21:06:25.000Z,,4,,,,4,5807,0,0,,xslF345X03/primarydocument.xml,PRIMARY DOCUMENT
0001562180-21-002827,2021-04-15,2021-04-13,2021-04-15T21:06:42.000Z,,4,,,,4,8110,0,0,,xslF345X03/primarydocument.xml,PRIMARY DOCUMENT
0001562180-21-002828,2021-04-15,2021-04-13,2021-04-15T21:07:17.000Z,,4,,,,4,7104,0,0,,xslF345X03/primarydocument.xml,PRIMARY DOCUMENT
0001562180-21-002829,2021-04-15,2021-04-13,2021-04-15T21:08:52.000Z,,4,,,,4,4827,0,0,,xslF345X03/primarydocument.xml,PRIMARY DOCUMENT
0001562180-21-002830,2021-04-15,2021-04-13,2021-04-15T21:09:02.000Z,,4,,,,4,8195,0,0,,xslF345X03/primarydocument.xml,PRIMARY DOCUMENT
0001562180-21-002831,2021-04-15,2021-04-13,2021-04-15T21:09:25.000Z,,4,,,,4,5775,0,0,,xslF345X03/primarydocument.xml,PRIMARY DOCUMENT
0001562180-21-002832,2021-04-15,2021-04-13,2021-04-15T21:10:48.000Z,,4,,,,4,5808,0,0,,xslF345X03/primarydocument.xml,PRIMARY DOCUMENT
0001562180-21-002833,2021-04-15,2021-04-13,2021-04-15T21:11:53.000Z,,4,,,,4,5818,0,0,,xslF345X03/primarydocument.xml,PRIMARY DOCUMENT
0001562180-21-002834,2021-04-15,2021-04-13,2021-04-15T21:12:29.000Z,,4,,,,4,4811,0,0,,xslF345X03/primarydocument.xml,PRIMARY DOCUMENT
0000047217-21-000018,2021-04-16,2021-04-13,2021-04-16T20:40:06.000Z,34,8-K,001-04423,21832007,5.07,XBRL,257401,1,1,,hpq-20210413.htm,8-K
0001562180-21-002930,2021-04-23,2021-04-15,2021-04-23T22:06:12.000Z,,3,,,,3,16449,0,0,,xslF345X02/primarydocument.xml,PRIMARY DOCUMENT
0001562180-21-003143,2021-05-04,2021-04-30,2021-05-04T21:32:41.000Z,,4,,,,4,4850,0,0,,xslF345X03/primarydocument.xml,PRIMARY DOCUMENT
0001562180-21-003299,2021-05-06,2021-05-04,2021-05-06T21:03:56.000Z,,4,,,,4,8911,0,0,,xslF345X03/primarydocument.xml,PRIMARY DOCUMENT
0001140361-21-018400,2021-05-21,2021-05-18,2021-05-21T21:01:09.000Z,34,8-K,001-04423,21949978,5.02,XBRL,285107,1,1,,brhc10024963_8k.htm,8-K
0000047217-21-000024,2021-05-27,2021-05-27,2021-05-27T20:09:35.000Z,34,8-K,001-04423,21972747,"2.02,9.01",XBRL,764674,1,1,,hpq-20210527.htm,8-K
0000047217-21-000027,2021-05-28,,2021-05-28T20:11:44.000Z,34,SD,001-04423,21980304,,SD,487802,0,0,,formsd2021.htm,SD
0001140361-21-019469,2021-06-01,2021-05-26,2021-06-01T21:27:51.000Z,34,8-K,001-04423,21986634,"1.01,1.02,2.03,9.01",XBRL,1348327,1,1,,brhc10025238_8k.htm,8-K
0000047217-21-000031,2021-06-04,2021-04-30,2021-06-04T20:08:30.000Z,34,10-Q,001-04423,21996523,,XBRL,12823669,1,1,,hpq-20210430.htm,10-Q
0001140361-21-020105,2021-06-08,2021-06-07,2021-06-07T23:58:38.000Z,34,8-K,001-04423,211000925,8.01,XBRL,180973,1,1,,brhc10025545_8k.htm,8-K
0000047217-21-000037,2021-06-10,2020-12-31,2021-06-10T21:02:42.000Z,34,11-K,001-04423,211008828,,11-K,273227,0,0,,hp2020form11-kng1.htm,11-K
0001562180-21-004305,2021-06-16,2021-06-05,2021-06-16T20:49:01.000Z,,3,,,,3,12573,0,0,,xslF345X02/primarydocument.xml,PRIMARY DOCUMENT
0001140361-21-021509,2021-06-21,2021-06-16,2021-06-18T00:51:39.000Z,34,8-K,001-04423,211026786,"2.03,9.01",XBRL,964112,1,1,,brhc10025928_8k.htm,8-K
0001140361-21-021905,2021-06-22,2021-06-22,2021-06-22T21:02:05.000Z,34,8-K,001-04423,211036083,5.02,XBRL,334474,1,1,,brhc10026102_8k.htm,8-K
0001562180-21-004484,2021-06-24,2021-06-22,2021-06-24T20:58:56.000Z,,3,,,,3,7051,0,0,,xslF345X02/primarydocument.xml,PRIMARY DOCUMENT
0001562180-21-004487,2021-06-24,2021-06-22,2021-06-24T21:09:56.000Z,,4,,,,4,4826,0,0,,xslF345X03/primarydocument.xml,PRIMARY DOCUMENT
0001562180-21-004781,2021-07-06,2021-07-01,2021-07-06T21:02:03.000Z,,4,,,,4,10570,0,0,,xslF345X03/primarydocument.xml,PRIMARY DOCUMENT
0001562180-21-004927,2021-07-14,2021-07-12,2021-07-14T20:30:53.000Z,,3,,,,3,7078,0,0,,xslF345X02/primarydocument.xml,PRIMARY DOCUMENT
0001562180-21-004928,2021-07-14,2021-07-12,2021-07-14T20:32:29.000Z,,4,,,,4,8955,0,0,,xslF345X03/primarydocument.xml,PRIMARY DOCUMENT
0000047217-21-000043,2021-08-26,2021-08-26,2021-08-26T20:09:03.000Z,34,8-K,001-04423,211212431,"2.02,9.01",XBRL,766008,1,1,,hpq-20210826.htm,8-K
0000047217-21-000048,2021-09-03,2021-07-31,2021-09-03T20:11:26.000Z,34,10-Q,001-04423,211236623,,XBRL,13652236,1,1,,hpq-20210731.htm,10-Q
0001140361-21-032952,2021-09-29,2021-06-22,2021-09-29T21:14:16.000Z,34,8-K/A,001-04423,211292681,5.02,XBRL,268344,1,1,,brhc10029393_8ka.htm,8-K/A
0001562180-21-006317,2021-10-05,2021-10-01,2021-10-05T21:19:40.000Z,,4,,,,4,4800,0,0,,xslF345X03/primarydocument.xml,PRIMARY DOCUMENT
0001140361-21-035009,2021-10-20,2021-10-20,2021-10-20T21:11:07.000Z,34,8-K,001-04423,211334849,"7.01,9.01",XBRL,255392,1,1,,brhc10029949_8k.htm,8-K
0001562180-21-006773,2021-11-02,2021-10-29,2021-11-03T00:27:13.000Z,,4,,,,4,21783,0,0,,xslF345X03/primarydocument.xml,PRIMARY DOCUMENT
0001562180-21-006774,2021-11-02,2021-10-29,2021-11-03T00:28:10.000Z,,4,,,,4,12338,0,0,,xslF345X03/primarydocument.xml,PRIMARY DOCUMENT
0001562180-21-006940,2021-11-09,2021-11-05,2021-11-09T22:10:58.000Z,,4,,,,4,7269,0,0,,xslF345X03/primarydocument.xml,PRIMARY DOCUMENT
0001104659-21-136682,2021-11-10,,2021-11-10T14:08:22.000Z,34,SC 13G/A,005-12061,211394684,,SC 13G/A,13825,0,0,,tv0004-hpinc.htm,SCHEDULE 13G/A
0001140361-21-038216,2021-11-17,2021-11-16,2021-11-17T13:45:42.000Z,34,8-K,001-04423,211418498,5.02,XBRL,268574,1,1,,brhc10030863_8k.htm,8-K
0001562180-21-007155,2021-11-18,2021-11-16,2021-11-18T22:11:25.000Z,,3,,,,3,7051,0,0,,xslF345X02/primarydocument.xml,PRIMARY DOCUMENT
0001562180-21-007156,2021-11-18,2021-11-16,2021-11-18T22:25:46.000Z,,4,,,,4,4979,0,0,,xslF345X03/primarydocument.xml,PRIMARY DOCUMENT
0001562180-21-007163,2021-11-18,2021-11-16,2021-11-18T23:30:33.000Z,,4,,,,4,14296,0,0,,xslF345X03/primarydocument.xml,PRIMARY DOCUMENT
0001562180-21-007164,2021-11-18,2021-11-16,2021-11-18T23:33:23.000Z,,4,,,,4,8879,0,0,,xslF345X03/primarydocument.xml,PRIMARY DOCUMENT
0001562180-21-007165,2021-11-18,2021-11-16,2021-11-18T23:35:32.000Z,,4,,,,4,8958,0,0,,xslF345X03/primarydocument.xml,PRIMARY DOCUMENT
0000047217-21-000055,2021-11-23,2021-11-23,2021-11-23T21:08:42.000Z,34,8-K,001-04423,211438590,"2.02,9.01",XBRL,803724,1,1,,hpq-20211123.htm,8-K
0001562180-21-007288,2021-11-24,2021-11-23,2021-11-24T22:09:34.000Z,,4,,,,4,8991,0,0,,xslF345X03/primarydocument.xml,PRIMARY DOCUMENT
0001562180-21-007312,2021-11-29,2021-11-24,2021-11-29T22:21:19.000Z,,4,,,,4,4800,0,0,,xslF345X03/primarydocument.xml,PRIMARY DOCUMENT
0001562180-21-007395,2021-12-02,2021-11-30,2021-12-02T22:41:11.000Z,,4,,,,4,4636,0,0,,xslF345X03/primarydocument.xml,PRIMARY DOCUMENT
0001562180-21-007547,2021-12-08,2021-12-03,2021-12-08T12:41:26.000Z,,4,,,,4,5086,0,0,,xslF345X03/primarydocument.xml,PRIMARY DOCUMENT
0000047217-21-000060,2021-12-09,2021-10-31,2021-12-09T21:46:38.000Z,34,10-K,001-04423,211482496,,XBRL,23295714,1,1,,hpq-20211031.htm,10-K
0001140361-21-041073,2021-12-09,,2021-12-09T22:15:01.000Z,33,S-4,333-261574,211482783,,S-4,13400729,0,0,,ny20001530x1_s4.htm,S-4
0001140361-21-041080,2021-12-09,,2021-12-09T22:20:41.000Z,,CORRESP,,,,CORRESP,11514,0,0,,filename1.htm,
0001562180-21-007606,2021-12-09,2021-12-07,2021-12-09T22:58:27.000Z,,4,,,,4,21630,0,0,,xslF345X03/primarydocument.xml,PRIMARY DOCUMENT
0001562180-21-007607,2021-12-09,2021-12-07,2021-12-09T22:59:11.000Z,,4,,,,4,16471,0,0,,xslF345X03/primarydocument.xml,PRIMARY DOCUMENT
0001562180-21-007608,2021-12-09,2021-12-07,2021-12-09T22:59:25.000Z,,4,,,,4,21669,0,0,,xslF345X03/primarydocument.xml,PRIMARY DOCUMENT
0001562180-21-007609,2021-12-09,2021-12-07,2021-12-09T22:59:46.000Z,,4,,,,4,18524,0,0,,xslF345X03/primarydocument.xml,PRIMARY DOCUMENT
0001562180-21-007610,2021-12-09,2021-12-07,2021-12-09T23:00:02.000Z,,4,,,,4,25965,0,0,,xslF345X03/primarydocument.xml,PRIMARY DOCUMENT
0001562180-21-007611,2021-12-09,2021-12-07,2021-12-09T23:00:44.000Z,,4,,,,4,14224,0,0,,xslF345X03/primarydocument.xml,PRIMARY DOCUMENT
0001562180-21-007612,2021-12-09,2021-12-07,2021-12-09T23:01:40.000Z,,4,,,,4,22711,0,0,,xslF345X03/primarydocument.xml,PRIMARY DOCUMENT
0001562180-21-007613,2021-12-09,2021-12-07,2021-12-09T23:01:54.000Z,,4,,,,4,21654,0,0,,xslF345X03/primarydocument.xml,PRIMARY DOCUMENT
0001562180-21-007694,2021-12-14,2021-12-10,2021-12-14T23:01:46.000Z,,4,,,,4,5088,0,0,,xslF345X03/primarydocument.xml,PRIMARY DOCUMENT
0001562180-21-007695,2021-12-14,2021-10-31,2021-12-14T23:03:03.000Z,,5,,,,5,4007,0,0,,xslF345X03/primarydocument.xml,PRIMARY DOCUMENT
0001562180-21-007697,2021-12-14,2021-10-31,2021-12-14T23:04:50.000Z,,5,,,,5,3994,0,0,,xslF345X03/primarydocument.xml,PRIMARY DOCUMENT
0000000000-21-014986,2021-12-15,,2021-12-15T18:30:02.000Z,,UPLOAD,,,,LETTER,40357,0,0,,filename1.pdf,
0001140361-21-042192,2021-12-17,,2021-12-17T19:43:06.000Z,,CORRESP,,,,CORRESP,7570,0,0,,filename1.htm,
0001140361-21-042447,2021-12-20,,2021-12-20T21:37:24.000Z,33,424B3,333-261574,211505718,,424B3,386901,0,0,,ny20001530x4_424b3.htm,424B3
9999999995-21-004765,2021-12-20,,2021-12-21T05:15:14.000Z,33,EFFECT,333-261574,211506746,"S-4,,2021-12-20 16:00:00",EFFECT,1727,0,0,,xslEFFECTX01/primary_doc.xml,
0001562180-21-007884,2021-12-28,2021-12-23,2021-12-28T22:17:25.000Z,,4,,,,4,5054,0,0,,xslF345X03/primarydocument.xml,PRIMARY DOCUMENT
0001562180-22-000275,2022-01-05,2022-01-03,2022-01-05T22:15:37.000Z,,4,,,,4,5264,0,0,,xslF345X03/primarydocument.xml,PRIMARY DOCUMENT
0001140361-22-001625,2022-01-13,2021-11-16,2022-01-13T22:21:30.000Z,34,8-K/A,001-04423,22529820,5.02,XBRL,268591,1,1,,brhc10032789_8k-a.htm,8-K/A
0001562180-22-001082,2022-02-03,2022-02-01,2022-02-03T22:37:01.000Z,,4,,,,4,8988,0,0,,xslF345X03/primarydocument.xml,PRIMARY DOCUMENT
0000834237-22-007788,2022-02-07,,2022-02-07T21:40:59.000Z,34,SC 13G/A,005-12061,22597976,,SC 13G/A,13677,0,0,,us40434l1052_020722.txt,
0001104659-22-017771,2022-02-10,,2022-02-10T13:17:06.000Z,34,SC 13G/A,005-12061,22609994,,SC 13G/A,12947,0,0,,tv01113-hpinc.htm,SCHEDULE 13G/A
0000093751-22-000375,2022-02-14,,2022-02-14T16:20:26.000Z,34,SC 13G,005-12061,22627274,,SC 13G,8699,0,0,,HP_INC.txt,
0001193125-22-040990,2022-02-14,,2022-02-14T18:39:53.000Z,34,SC 13G/A,005-12061,22628959,,SC 13G/A,37126,0,0,,d265500dsc13ga.htm,SC 13G/A
0001209191-22-010866,2022-02-17,2022-02-15,2022-02-17T22:09:35.000Z,,4,,,,4,4785,0,0,,xslF345X03/doc4.xml,FORM 4 SUBMISSION
0001140361-22-006171,2022-02-18,2022-02-14,2022-02-18T18:53:01.000Z,34,8-K,001-04423,22652114,5.02,XBRL,327612,1,1,,brhc10034258_8k.htm,8-K
0001209191-22-011792,2022-02-22,2022-02-17,2022-02-22T22:14:58.000Z,,4,,,,4,19970,0,0,,xslF345X03/doc4.xml,FORM 4 SUBMISSION
0001206774-22-000540,2022-02-23,2022-04-19,2022-02-23T22:27:29.000Z,34,DEF 14A,001-04423,22665143,,DEF 14A,21710130,0,0,,hpq3981831-def14a.htm,DEFINITIVE PROXY STATEMENT
0001206774-22-000541,2022-02-23,,2022-02-23T22:28:29.000Z,34,DEFA14A,001-04423,22665153,,DEFA14A,125627,0,0,,hpq3981831-defa14a.htm,DEFINITIVE ADDITIONAL PROXY SOLICITING MATERIALS
0000047217-22-000006,2022-02-28,2022-02-28,2022-02-28T21:18:27.000Z,34,8-K,001-04423,22689849,"2.02,9.01",XBRL,603896,1,1,,hpq-20220228.htm,8-K
0001209191-22-016325,2022-03-04,2022-03-02,2022-03-04T21:51:42.000Z,,4,,,,4,15508,0,0,,xslF345X03/doc4.xml,FORM 4 SUBMISSION
0001209191-22-016330,2022-03-04,2022-03-03,2022-03-04T21:52:33.000Z,,4,,,,4,4733,0,0,,xslF345X03/doc4.xml,FORM 4 SUBMISSION
0000047217-22-000013,2022-03-07,2022-01-31,2022-03-07T21:16:24.000Z,34,10-Q,001-04423,22718200,,XBRL,12845544,1,1,,hpq-20220131.htm,10-Q
0000834237-22-008940,2022-03-09,,2022-03-09T22:18:51.000Z,34,SC 13G/A,005-12061,22726331,,SC 13G/A,13676,0,0,,us40434l1052_030922.txt,
0001209191-22-018649,2022-03-14,2021-12-04,2022-03-14T23:05:36.000Z,,4,,,,4,18011,0,0,,xslF345X03/doc4.xml,FORM 4 SUBMISSION
0000950103-22-005264,2022-03-28,2022-03-28,2022-03-28T11:43:02.000Z,34,8-K,001-04423,22773206,"8.01,9.01",XBRL,482991,1,1,,dp169896_8k.htm,FORM 8-K
0000950103-22-005265,2022-03-28,,2022-03-28T11:56:20.000Z,,DFAN14A,,,,DFAN14A,284139,0,0,,dp169897_dfan14a.htm,DFAN14A
0000950103-22-005298,2022-03-28,,2022-03-28T20:53:20.000Z,,DFAN14A,,,,DFAN14A,4763420,0,0,,dp169904_dfan14a.htm,FORM DFAN14A
0001140361-22-011513,2022-03-29,,2022-03-29T12:48:25.000Z,33,424B2,333-235474,22777571,,424B2,595063,0,0,,ny20003591x1_424b2.htm,424B2
0001140361-22-011660,2022-03-29,,2022-03-29T20:46:22.000Z,34,FWP,333-235474,22781596,,FWP,36766,0,0,,ny20003591x2_fwp.htm,FWP
0001140361-22-011967,2022-03-30,,2022-03-30T21:22:22.000Z,33,424B5,333-235474,22787824,,424B5,672602,0,0,,ny20003591x3_424b5.htm,424B5
0001140361-22-012297,2022-03-31,2022-03-29,2022-03-31T20:48:07.000Z,34,8-K,001-04423,22793530,"8.01,9.01",XBRL,1285254,1,1,,ny20003591x4_8k.htm,FORM 8-K
0001209191-22-022037,2022-04-01,2022-04-01,2022-04-01T21:45:29.000Z,,4,,,,4,5199,0,0,,xslF345X03/doc4.xml,FORM 4 SUBMISSION
0001209191-22-022038,2022-04-01,2022-03-31,2022-04-01T21:45:59.000Z,,4,,,,4,4965,0,0,,xslF345X03/doc4.xml,FORM 4 SUBMISSION
0001209191-22-022039,2022-04-01,2022-03-30,2022-04-01T21:46:31.000Z,,4,,,,4,14703,0,0,,xslF345X03/doc4.xml,FORM 4 SUBMISSION
0000899243-22-014157,2022-04-06,2022-04-01,2022-04-06T23:32:39.000Z,,3,,,,3,7868,0,0,,xslF345X02/doc3.xml,FORM 3 SUBMISSION
0000899243-22-014160,2022-04-06,2022-04-04,2022-04-06T23:38:32.000Z,,4,,,,4,16404,0,0,,xslF345X03/doc4.xml,FORM 4 SUBMISSION
0001140361-22-014388,2022-04-13,2022-04-11,2022-04-13T20:23:33.000Z,34,8-K,001-04423,22824941,5.02,XBRL,266382,1,1,,brhc10036312_8k.htm,8-K
0001209191-22-025193,2022-04-21,2022-04-15,2022-04-21T21:05:36.000Z,,3,,,,3,15707,0,0,,xslF345X02/doc3.xml,FORM 3 SUBMISSION
0001209191-22-025195,2022-04-21,2022-04-19,2022-04-21T21:06:16.000Z,,4,,,,4,13939,0,0,,xslF345X03/doc4.xml,FORM 4 SUBMISSION
0001209191-22-025196,2022-04-21,2022-04-19,2022-04-21T21:06:34.000Z,,4,,,,4,15798,0,0,,xslF345X03/doc4.xml,FORM 4 SUBMISSION
0001209191-22-025198,2022-04-21,2022-04-19,2022-04-21T21:06:57.000Z,,4,,,,4,14974,0,0,,xslF345X03/doc4.xml,FORM 4 SUBMISSION
0001209191-22-025199,2022-04-21,2022-04-19,2022-04-21T21:07:18.000Z,,4,,,,4,17443,0,0,,xslF345X03/doc4.xml,FORM 4 SUBMISSION
0001209191-22-025200,2022-04-21,2022-04-19,2022-04-21T21:07:42.000Z,,4,,,,4,4701,0,0,,xslF345X03/doc4.xml,FORM 4 SUBMISSION
0001209191-22-025201,2022-04-21,2022-04-19,2022-04-21T21:08:09.000Z,,4,,,,4,14986,0,0,,xslF345X03/doc4.xml,FORM 4 SUBMISSION
0001209191-22-025202,2022-04-21,2022-04-19,2022-04-21T21:08:28.000Z,,4,,,,4,5688,0,0,,xslF345X03/doc4.xml,FORM 4 SUBMISSION
0001209191-22-025203,2022-04-21,2022-04-19,2022-04-21T21:08:56.000Z,,4,,,,4,17513,0,0,,xslF345X03/doc4.xml,FORM 4 SUBMISSION
0001209191-22-025205,2022-04-21,2022-04-19,2022-04-21T21:09:20.000Z,,4,,,,4,17491,0,0,,xslF345X03/doc4.xml,FORM 4 SUBMISSION
0001209191-22-025207,2022-04-21,2022-04-19,2022-04-21T21:09:44.000Z,,4,,,,4,13992,0,0,,xslF345X03/doc4.xml,FORM 4 SUBMISSION
0001209191-22-025211,2022-04-21,2022-04-19,2022-04-21T21:10:35.000Z,,4,,,,4,13944,0,0,,xslF345X03/doc4.xml,FORM 4 SUBMISSION
0001209191-22-025231,2022-04-21,2022-04-19,2022-04-21T21:54:07.000Z,,4,,,,4,5723,0,0,,xslF345X03/doc4.xml,FORM 4 SUBMISSION
0001140361-22-015595,2022-04-22,2022-04-19,2022-04-22T20:36:43.000Z,34,8-K,001-04423,22846136,"5.02,5.07,9.01",XBRL,568862,1,1,,brhc10036624_8k.htm,8-K
0001209191-22-027146,2022-05-04,2022-05-02,2022-05-04T21:02:21.000Z,,4,,,,4,4743,0,0,,xslF345X03/doc4.xml,FORM 4 SUBMISSION
0001209191-22-028348,2022-05-11,2022-05-09,2022-05-11T21:02:23.000Z,,4,,,,4,5619,0,0,,xslF345X03/doc4.xml,FORM 4 SUBMISSION
0000950103-22-008765,2022-05-18,,2022-05-18T20:16:05.000Z,,DFAN14A,,,,DFAN14A,51301,0,0,,dp173379_dfan14a.htm,DFAN14A
0001193125-22-159669,2022-05-25,,2022-05-25T20:02:00.000Z,34,SC 13G,005-12061,22962836,,SC 13G,451857,0,0,,d355075dsc13g.htm,SC 13G
0000047217-22-000021,2022-05-27,,2022-05-27T20:20:18.000Z,34,SD,001-04423,22977848,,SD,1067122,0,0,,formsd2022sw.htm,SD
0000047217-22-000032,2022-05-31,2022-05-31,2022-05-31T20:17:48.000Z,34,8-K,001-04423,22983485,"2.02,9.01",8-K,554485,0,0,,hp43022form8-kq222.htm,8-K
0000047217-22-000037,2022-06-03,2022-04-30,2022-06-03T20:16:45.000Z,34,10-Q,001-04423,22994638,,XBRL,12544623,1,1,,hpq-20220430.htm,10-Q
0001209191-22-034187,2022-06-03,2022-06-02,2022-06-03T21:02:21.000Z,,4,,,,4,4743,0,0,,xslF345X03/doc4.xml,FORM 4 SUBMISSION
0001140361-22-021902,2022-06-06,,2022-06-06T12:52:13.000Z,33,424B2,333-235474,22996798,,424B2,659206,0,0,,ny20004428x1_424b2.htm,424B2
0001140361-22-022020,2022-06-06,,2022-06-06T20:46:58.000Z,34,FWP,333-235474,22998646,,FWP,27213,0,0,,ny20004428x2_fwp.htm,FWP
0001140361-22-022342,2022-06-08,,2022-06-08T20:16:28.000Z,33,424B5,333-235474,221003707,,424B5,724700,0,0,,ny20004428x4_424b5.htm,424B5
0001140361-22-022344,2022-06-08,2022-06-06,2022-06-08T20:17:56.000Z,34,8-K,001-04423,221003726,"8.01,9.01",XBRL,667662,1,1,,ny20004428x3_8k.htm,FORM 8-K
0001209191-22-035446,2022-06-09,2022-06-08,2022-06-09T21:04:46.000Z,,4,,,,4,4510,0,0,,xslF345X03/doc4.xml,FORM 4 SUBMISSION
0000047217-22-000043,2022-06-10,2021-12-31,2022-06-10T20:33:04.000Z,34,11-K,001-04423,221009400,,11-K,267499,0,0,,hp2022form11-k.htm,11-K
0001140361-22-023652,2022-06-21,2022-06-21,2022-06-21T20:15:30.000Z,34,8-K,001-04423,221028293,"8.01,9.01",XBRL,1208980,1,1,,ny20004428x5_8k.htm,FORM 8-K
0001209191-22-040749,2022-07-05,2022-07-01,2022-07-05T20:54:13.000Z,,4,,,,4,5200,0,0,,xslF345X03/doc4.xml,FORM 4 SUBMISSION
0001209191-22-040750,2022-07-05,2022-07-01,2022-07-05T20:54:41.000Z,,4,,,,4,4744,0,0,,xslF345X03/doc4.xml,FORM 4 SUBMISSION
0001209191-22-042144,2022-07-14,2022-07-12,2022-07-14T21:01:29.000Z,,4,,,,4,9059,0,0,,xslF345X03/doc4.xml,FORM 4 SUBMISSION
0001140361-22-026395,2022-07-19,2022-07-19,2022-07-19T21:05:04.000Z,34,8-K,001-04423,221092130,"8.01,9.01",XBRL,442170,1,1,,ny20004428x6_8k.htm,FORM 8-K
0001209191-22-043907,2022-08-02,2022-08-01,2022-08-02T21:00:53.000Z,,4,,,,4,4744,0,0,,xslF345X03/doc4.xml,FORM 4 SUBMISSION
0001140361-22-031043,2022-08-26,2022-08-23,2022-08-26T20:10:57.000Z,34,8-K,001-04423,221205288,"1.01,9.01",XBRL,1274979,1,1,,brhc10041191_8k.htm,8-K
0001209191-22-047731,2022-08-26,2022-08-24,2022-08-26T21:06:38.000Z,,4,,,,4,9030,0,0,,xslF345X03/doc4.xml,FORM 4 SUBMISSION
0000950103-22-014548,2022-08-29,2022-08-29,2022-08-29T12:49:42.000Z,34,8-K,001-04423,221207344,"8.01,9.01",XBRL,453348,1,1,,dp178974_8k.htm,FORM 8-K
0000950103-22-014666,2022-08-29,,2022-08-29T21:25:44.000Z,33,S-8,333-267151,221212177,,S-8,210899,0,0,,dp179268-s8.htm,FORM S-8
0000047217-22-000047,2022-08-30,2022-08-30,2022-08-30T20:17:44.000Z,34,8-K,001-04423,221214768,"2.02,9.01",XBRL,774882,1,1,,hpq-20220830.htm,8-K
0000047217-22-000054,2022-09-02,2022-07-31,2022-09-02T20:19:25.000Z,34,10-Q,001-04423,221225399,,XBRL,12746718,1,1,,hpq-20220731.htm,10-Q
0001140361-22-032608,2022-09-07,2022-09-01,2022-09-07T20:22:13.000Z,34,8-K,001-04423,221231422,"8.01,9.01",XBRL,605404,1,1,,brhc10041647_8k.htm,8-K
0001209191-22-052427,2022-10-04,2022-10-03,2022-10-04T21:54:02.000Z,,3,,,,3,12816,0,0,,xslF345X02/doc3.xml,FORM 3 SUBMISSION
0001209191-22-052429,2022-10-04,2022-10-03,2022-10-04T21:54:54.000Z,,4,,,,4,5643,0,0,,xslF345X03/doc4.xml,FORM 4 SUBMISSION
0001209191-22-052432,2022-10-04,2022-10-03,2022-10-04T21:55:32.000Z,,4,,,,4,5200,0,0,,xslF345X03/doc4.xml,FORM 4 SUBMISSION
0001209191-22-055538,2022-11-03,2022-11-01,2022-11-03T21:03:36.000Z,,3,,,,3,21659,0,0,,xslF345X02/doc3.xml,FORM 3 SUBMISSION
0001209191-22-055539,2022-11-03,2022-11-01,2022-11-03T21:04:24.000Z,,4,,,,4,5678,0,0,,xslF345X03/doc4.xml,FORM 4 SUBMISSION
0000047217-22-000061,2022-11-22,2022-11-18,2022-11-22T21:17:20.000Z,34,8-K,001-04423,221410588,"2.02,2.05,7.01,9.01",XBRL,823130,1,1,,hpq-20221118.htm,8-K
0001140361-22-043127,2022-11-25,2022-05-31,2022-11-25T21:26:33.000Z,34,8-K/A,001-04423,221420418,"2.02,9.01",XBRL,327931,1,1,,brhc10044681_8ka.htm,8-K/A
0001209191-22-059236,2022-12-01,2022-11-29,2022-12-01T23:18:31.000Z,,4,,,,4,11268,0,0,,xslF345X03/doc4.xml,FORM 4 SUBMISSION
0001209191-22-059237,2022-12-01,2022-11-29,2022-12-01T23:19:02.000Z,,4,,,,4,9063,0,0,,xslF345X03/doc4.xml,FORM 4 SUBMISSION
0001209191-22-059238,2022-12-01,2022-11-29,2022-12-01T23:19:57.000Z,,4,,,,4,21583,0,0,,xslF345X03/doc4.xml,FORM 4 SUBMISSION
0000047217-22-000068,2022-12-06,2022-10-31,2022-12-06T22:03:42.000Z,34,10-K,001-04423,221448367,,XBRL,23288513,1,1,,hpq-20221031.htm,10-K
0001140361-22-044620,2022-12-06,,2022-12-06T22:26:53.000Z,33,S-3,333-268692,221448514,,S-3,801516,0,0,,ny20006126x1_s3.htm,FORM S-3
0001209191-22-060100,2022-12-06,2022-12-05,2022-12-06T23:01:47.000Z,,4,,,,4,4509,0,0,,xslF345X03/doc4.xml,FORM 4 SUBMISSION
0000000000-22-013300,2022-12-09,,2022-12-09T20:30:14.000Z,,UPLOAD,,,,LETTER,40108,0,0,,filename1.pdf,
0001209191-22-060530,2022-12-09,2022-12-07,2022-12-09T22:05:36.000Z,,4,,,,4,14237,0,0,,xslF345X03/doc4.xml,FORM 4 SUBMISSION
0001209191-22-060536,2022-12-09,2022-12-07,2022-12-09T22:07:28.000Z,,4,,,,4,9026,0,0,,xslF345X03/doc4.xml,FORM 4 SUBMISSION
0001209191-22-060538,2022-12-09,2022-12-07,2022-12-09T22:07:50.000Z,,4,,,,4,14234,0,0,,xslF345X03/doc4.xml,FORM 4 SUBMISSION
0001209191-22-060541,2022-12-09,2022-12-07,2022-12-09T22:08:10.000Z,,4,,,,4,9052,0,0,,xslF345X03/doc4.xml,FORM 4 SUBMISSION
0001209191-22-060542,2022-12-09,2022-12-07,2022-12-09T22:08:34.000Z,,4,,,,4,14267,0,0,,xslF345X03/doc4.xml,FORM 4 SUBMISSION
0001209191-22-060544,2022-12-09,2022-12-07,2022-12-09T22:09:06.000Z,,4,,,,4,11615,0,0,,xslF345X03/doc4.xml,FORM 4 SUBMISSION
0001209191-22-060545,2022-12-09,2022-12-07,2022-12-09T22:09:38.000Z,,4,,,,4,15105,0,0,,xslF345X03/doc4.xml,FORM 4 SUBMISSION
0001209191-22-060805,2022-12-12,2022-12-08,2022-12-13T01:16:31.000Z,,4,,,,4,11151,0,0,,xslF345X03/doc4.xml,FORM 4 SUBMISSION
0001209191-22-060806,2022-12-12,2022-12-08,2022-12-13T01:16:42.000Z,,4,,,,4,7446,0,0,,xslF345X03/doc4.xml,FORM 4 SUBMISSION
0001209191-22-060807,2022-12-12,2022-12-08,2022-12-13T01:17:06.000Z,,4,,,,4,11147,0,0,,xslF345X03/doc4.xml,FORM 4 SUBMISSION
0001209191-22-060808,2022-12-12,2022-12-08,2022-12-13T01:17:29.000Z,,4,,,,4,11148,0,0,,xslF345X03/doc4.xml,FORM 4 SUBMISSION
0001209191-22-060810,2022-12-12,2022-12-08,2022-12-13T01:18:31.000Z,,4,,,,4,11198,0,0,,xslF345X03/doc4.xml,FORM 4 SUBMISSION
0001209191-22-060811,2022-12-12,2022-12-08,2022-12-13T01:18:59.000Z,,4,,,,4,11186,0,0,,xslF345X03/doc4.xml,FORM 4 SUBMISSION
0001209191-22-060812,2022-12-12,2022-12-08,2022-12-13T01:19:35.000Z,,4,,,,4,11142,0,0,,xslF345X03/doc4.xml,FORM 4 SUBMISSION
0001209191-22-060813,2022-12-12,2022-12-08,2022-12-13T01:20:00.000Z,,4,,,,4,14267,0,0,,xslF345X03/doc4.xml,FORM 4 SUBMISSION
0001209191-22-061272,2022-12-14,2022-12-13,2022-12-14T22:15:32.000Z,,4,,,,4,4498,0,0,,xslF345X03/doc4.xml,FORM 4 SUBMISSION
0001209191-22-061273,2022-12-14,2022-10-31,2022-12-14T22:15:56.000Z,,5,,,,5,3979,0,0,,xslF345X03/doc5.xml,FORM 5 SUBMISSION
0001209191-22-061275,2022-12-14,2022-10-31,2022-12-14T22:16:26.000Z,,5,,,,5,3968,0,0,,xslF345X03/doc5.xml,FORM 5 SUBMISSION
0001209191-22-062925,2022-12-29,2022-12-28,2022-12-29T22:11:46.000Z,,4,,,,4,5022,0,0,,xslF345X03/doc4.xml,FORM 4 SUBMISSION
0001209191-23-001070,2023-01-04,2023-01-03,2023-01-04T22:03:52.000Z,,4,,,,4,5182,0,0,,xslF345X03/doc4.xml,FORM 4 SUBMISSION
0001209191-23-001080,2023-01-04,2023-01-03,2023-01-04T22:05:32.000Z,,4,,,,4,4722,0,0,,xslF345X03/doc4.xml,FORM 4 SUBMISSION
0001306550-23-003431,2023-01-25,,2023-01-25T15:36:22.000Z,34,SC 13G/A,005-12061,23550467,,SC 13G/A,13652,0,0,,us40434l1052_012523.txt,
0001209191-23-006314,2023-02-02,2023-02-01,2023-02-02T22:47:31.000Z,,4,,,,4,4723,0,0,,xslF345X03/doc4.xml,FORM 4 SUBMISSION
0000093751-23-000127,2023-02-03,,2023-02-03T16:12:15.000Z,34,SC 13G/A,005-12061,23584337,,SC 13G/A,8717,0,0,,HP_Inc.txt,
0001104659-23-016157,2023-02-09,,2023-02-09T16:22:19.000Z,34,SC 13G/A,005-12061,23603432,,SC 13G/A,12949,0,0,,tv01106-hpinc.htm,SCHEDULE 13G/A
0001193125-23-038602,2023-02-14,,2023-02-14T19:02:02.000Z,34,SC 13G/A,005-12061,23626826,,SC 13G/A,36977,0,0,,d463902dsc13ga.htm,SC 13G/A
0001209191-23-009214,2023-02-14,2023-02-10,2023-02-14T22:01:54.000Z,,4,,,,4,9039,0,0,,xslF345X03/doc4.xml,FORM 4 SUBMISSION
0001209191-23-011762,2023-02-22,2023-02-17,2023-02-22T22:19:57.000Z,,4,,,,4,8997,0,0,,xslF345X03/doc4.xml,FORM 4 SUBMISSION
0000047217-23-000009,2023-02-24,2023-04-24,2023-02-24T21:20:50.000Z,34,DEF 14A,001-04423,23667635,,DEF 14A,44820213,0,0,,hpq2023proxy.htm,DEF 14A
0000047217-23-000011,2023-02-24,,2023-02-24T22:06:27.000Z,34,DEFA14A,001-04423,23668529,,DEFA14A,472621,0,0,,defa14acoverandnotice.htm,DEFA14A
0001140361-23-008880,2023-02-27,,2023-02-27T21:24:47.000Z,,CORRESP,,,,CORRESP,7302,0,0,,filename1.htm,
0000047217-23-000015,2023-02-28,2023-02-28,2023-02-28T21:19:29.000Z,34,8-K,001-04423,23685679,"2.02,9.01",XBRL,868547,1,1,,hpq-20230228.htm,8-K
0000047217-23-000019,2023-03-01,2023-01-31,2023-03-01T21:17:04.000Z,34,10-Q,001-04423,23693744,,XBRL,11957559,1,1,,hpq-20230131.htm,10-Q
9999999995-23-000502,2023-03-01,,2023-03-02T05:15:12.000Z,33,EFFECT,333-268692,23696237,"S-3,,2023-03-01 17:00:00",EFFECT,1726,0,0,,xslEFFECTX01/primary_doc.xml,
0001209191-23-014891,2023-03-02,2023-03-01,2023-03-02T23:01:29.000Z,,4,,,,4,4723,0,0,,xslF345X03/doc4.xml,FORM 4 SUBMISSION
0001209191-23-022353,2023-04-03,2023-04-03,2023-04-03T22:17:37.000Z,,4,,,,4,5216,0,0,,xslF345X04/doc4.xml,FORM 4 SUBMISSION
0001209191-23-022354,2023-04-03,2023-03-30,2023-04-03T22:18:34.000Z,,4,,,,4,10718,0,0,,xslF345X04/doc4.xml,FORM 4 SUBMISSION
0001209191-23-022795,2023-04-04,2023-04-01,2023-04-04T21:02:42.000Z,,4,,,,4,7419,0,0,,xslF345X04/doc4.xml,FORM 4 SUBMISSION
0001209191-23-025703,2023-04-26,2023-04-24,2023-04-26T21:09:06.000Z,,4,,,,4,13776,0,0,,xslF345X04/doc4.xml,FORM 4 SUBMISSION
0001209191-23-025704,2023-04-26,2023-04-24,2023-04-26T21:09:32.000Z,,4,,,,4,15640,0,0,,xslF345X04/doc4.xml,FORM 4 SUBMISSION
0001209191-23-025706,2023-04-26,2023-04-24,2023-04-26T21:09:52.000Z,,4,,,,4,14816,0,0,,xslF345X04/doc4.xml,FORM 4 SUBMISSION
0001209191-23-025708,2023-04-26,2023-04-24,2023-04-26T21:10:18.000Z,,4,,,,4,17263,0,0,,xslF345X04/doc4.xml,FORM 4 SUBMISSION
0001209191-23-025710,2023-04-26,2023-04-24,2023-04-26T21:10:39.000Z,,4,,,,4,15645,0,0,,xslF345X04/doc4.xml,FORM 4 SUBMISSION
0001209191-23-025713,2023-04-26,2023-04-24,2023-04-26T21:11:05.000Z,,4,,,,4,14810,0,0,,xslF345X04/doc4.xml,FORM 4 SUBMISSION
0001209191-23-025714,2023-04-26,2023-04-24,2023-04-26T21:11:31.000Z,,4,,,,4,14808,0,0,,xslF345X04/doc4.xml,FORM 4 SUBMISSION
0001209191-23-025715,2023-04-26,2023-04-24,2023-04-26T21:11:58.000Z,,4,,,,4,17371,0,0,,xslF345X04/doc4.xml,FORM 4 SUBMISSION
0001209191-23-025716,2023-04-26,2023-04-24,2023-04-26T21:12:17.000Z,,4,,,,4,17309,0,0,,xslF345X04/doc4.xml,FORM 4 SUBMISSION
0001209191-23-025717,2023-04-26,2023-04-24,2023-04-26T21:12:36.000Z,,4,,,,4,13813,0,0,,xslF345X04/doc4.xml,FORM 4 SUBMISSION
0001209191-23-025718,2023-04-26,2023-04-24,2023-04-26T21:13:02.000Z,,4,,,,4,14843,0,0,,xslF345X04/doc4.xml,FORM 4 SUBMISSION
0001209191-23-025719,2023-04-26,2023-04-24,2023-04-26T21:13:27.000Z,,4,,,,4,13787,0,0,,xslF345X04/doc4.xml,FORM 4 SUBMISSION
0000047217-23-000023,2023-04-27,2023-04-24,2023-04-27T20:16:59.000Z,34,8-K,001-04423,23857183,5.07,XBRL,234446,1,1,,hpq-20230424.htm,8-K
0001965353-23-000012,2023-05-01,,2023-05-01T18:58:25.000Z,33,144,001-04423,23872887,,144,6517,0,0,,xsl144X01/primary_doc.xml,
0001209191-23-026572,2023-05-02,2023-05-01,2023-05-02T21:03:40.000Z,,4,,,,4,13836,0,0,,xslF345X04/doc4.xml,FORM 4 SUBMISSION
0001209191-23-028511,2023-05-10,2023-05-09,2023-05-10T21:05:56.000Z,,4,,,,4,18145,0,0,,xslF345X04/doc4.xml,FORM 4 SUBMISSION
0000047217-23-000035,2023-05-30,2023-05-30,2023-05-30T20:18:01.000Z,34,8-K,001-04423,23976656,"2.02,9.01",XBRL,721495,1,1,,hpq-20230530.htm,8-K
0000047217-23-000038,2023-05-31,2023-04-30,2023-05-31T00:58:39.000Z,34,10-Q,001-04423,23978665,,XBRL,12634178,1,1,,hpq-20230430.htm,10-Q
0000047217-23-000040,2023-05-31,,2023-05-31T01:04:42.000Z,34,SD,001-04423,23978690,,SD,621512,0,0,,formsd2023.htm,SD
0001965353-23-000041,2023-06-01,,2023-06-01T19:01:29.000Z,33,144,001-04423,23984325,,144,6517,0,0,,xsl144X01/primary_doc.xml,
0001209191-23-033801,2023-06-02,2023-06-01,2023-06-02T20:34:07.000Z,,4,,,,4,4755,0,0,,xslF345X04/doc4.xml,FORM 4 SUBMISSION
0000047217-23-000045,2023-06-14,2022-12-31,2023-06-14T20:37:28.000Z,34,11-K,001-04423,231014626,,11-K,263127,0,0,,hp2023form11-k.htm,11-K
0000047217-23-000052,2023-06-23,2023-04-24,2023-06-23T20:35:23.000Z,34,8-K/A,001-04423,231038249,5.07,XBRL,170611,1,1,,hpq-20230424.htm,8-K/A
0000047217-23-000054,2023-06-23,2023-06-21,2023-06-23T20:40:57.000Z,34,8-K,001-04423,231038324,"5.03,9.01",XBRL,427450,1,1,,hpq-20230621.htm,8-K
0001140361-23-031447,2023-06-26,2023-06-26,2023-06-26T20:56:48.000Z,34,8-K,001-04423,231042995,"8.01,9.01",XBRL,233189,1,1,,brhc20054892_8k.htm,8-K
0001965353-23-000065,2023-06-30,,2023-06-30T15:00:31.000Z,33,144,001-04423,231060185,,144,4225,0,0,,xsl144X01/primary_doc.xml,
0001965353-23-000067,2023-07-03,,2023-07-03T15:48:16.000Z,33,144,001-04423,231064132,,144,5958,0,0,,xsl144X01/primary_doc.xml,
0001965353-23-000068,2023-07-03,,2023-07-03T16:02:44.000Z,33,144,001-04423,231064175,,144,4821,0,0,,xsl144X01/primary_doc.xml,
0001209191-23-041115,2023-07-05,2023-06-30,2023-07-05T20:33:33.000Z,,4,,,,4,13699,0,0,,xslF345X04/doc4.xml,FORM 4 SUBMISSION
0001209191-23-041119,2023-07-05,2023-07-03,2023-07-05T20:34:09.000Z,,4,,,,4,18302,0,0,,xslF345X04/doc4.xml,FORM 4 SUBMISSION
0001209191-23-041129,2023-07-05,2023-07-03,2023-07-05T20:35:15.000Z,,4,,,,4,4756,0,0,,xslF345X04/doc4.xml,FORM 4 SUBMISSION
0001104659-23-079472,2023-07-10,,2023-07-10T14:41:25.000Z,34,SC 13G/A,005-12061,231078659,,SC 13G/A,12946,0,0,,tv0011-hpinc.htm,SCHEDULE 13G/A
0001965353-23-000073,2023-07-11,,2023-07-11T16:23:36.000Z,33,144,001-04423,231081652,,144,6973,0,0,,xsl144X01/primary_doc.xml,
0001140361-23-034085,2023-07-11,2023-07-11,2023-07-11T21:00:45.000Z,34,8-K,001-04423,231082672,"8.01,9.01",XBRL,266888,1,1,,brhc20055698_8k.htm,8-K
0001209191-23-042104,2023-07-12,2023-07-11,2023-07-12T21:26:04.000Z,,4,,,,4,4933,0,0,,xslF345X04/doc4.xml,FORM 4 SUBMISSION
0001209191-23-042269,2023-07-14,2023-07-12,2023-07-14T20:34:14.000Z,,4,,,,4,18043,0,0,,xslF345X04/doc4.xml,FORM 4 SUBMISSION
0001965353-23-000085,2023-08-01,,2023-08-01T15:40:01.000Z,33,144,001-04423,231130309,,144,6511,0,0,,xsl144X01/primary_doc.xml,
0001209191-23-044231,2023-08-02,2023-08-01,2023-08-02T20:36:16.000Z,,4,,,,4,4756,0,0,,xslF345X05/doc4.xml,FORM 4 SUBMISSION
0001209191-23-047516,2023-08-28,2023-08-24,2023-08-28T20:31:49.000Z,,4,,,,4,9064,0,0,,xslF345X05/doc4.xml,FORM 4 SUBMISSION
0000047217-23-000060,2023-08-29,2023-08-29,2023-08-29T20:18:00.000Z,34,8-K,001-04423,231222150,"2.02,9.01",XBRL,717773,1,1,,hpq-20230829.htm,8-K
0001965353-23-000140,2023-09-01,,2023-09-01T16:18:17.000Z,33,144,001-04423,231231544,,144,6511,0,0,,xsl144X01/primary_doc.xml,
0001209191-23-048169,2023-09-05,2023-09-01,2023-09-05T20:31:59.000Z,,4,,,,4,4756,0,0,,xslF345X05/doc4.xml,FORM 4 SUBMISSION
0000047217-23-000075,2023-09-11,2022-10-31,2023-09-11T21:08:38.000Z,34,10-K/A,001-04423,231248409,,XBRL,22105913,1,1,,hpq-20221031.htm,10-K/A
0000047217-23-000076,2023-09-11,2023-07-31,2023-09-11T21:10:21.000Z,34,10-Q,001-04423,231248417,,XBRL,15021380,1,1,,hpq-20230731.htm,10-Q
0000899243-23-018843,2023-09-13,2023-09-11,2023-09-13T23:36:11.000Z,,4,,,,4,13938,0,0,,xslF345X05/doc4.xml,FORM 4 SUBMISSION
0000047217-23-000081,2023-09-21,2023-09-19,2023-09-21T21:19:46.000Z,34,8-K,001-04423,231269795,"5.02,5.03,9.01",XBRL,183004,1,1,,hpq-20230919.htm,8-K
0000950170-23-049487,2023-09-22,2023-09-20,2023-09-23T00:06:23.000Z,,4,,,,4,13413,0,0,,xslF345X05/ownership.xml,4
0000950170-23-050203,2023-09-27,2023-09-25,2023-09-27T22:33:26.000Z,,4,,,,4,13413,0,0,,xslF345X05/ownership.xml,4
0001965353-23-000166,2023-10-02,,2023-10-02T17:02:37.000Z,33,144,001-04423,231298712,,144,4812,0,0,,xsl144X01/primary_doc.xml,
0000950170-23-051239,2023-10-02,2023-09-28,2023-10-03T00:29:52.000Z,,4,,,,4,13343,0,0,,xslF345X05/ownership.xml,4
0001209191-23-051994,2023-10-04,2023-10-02,2023-10-04T20:39:19.000Z,,4,,,,4,5217,0,0,,xslF345X05/doc4.xml,FORM 4 SUBMISSION
0001209191-23-052203,2023-10-05,2023-10-03,2023-10-05T20:31:50.000Z,,4,,,,4,17991,0,0,,xslF345X05/doc4.xml,FORM 4 SUBMISSION
0000950170-23-052238,2023-10-05,2023-10-03,2023-10-05T22:30:06.000Z,,4,,,,4,8992,0,0,,xslF345X05/ownership.xml,4
0000047217-23-000086,2023-10-11,2023-10-10,2023-10-10T22:20:30.000Z,34,8-K,001-04423,231319021,"7.01,9.01",XBRL,249964,1,1,,hpq-20231010.htm,8-K
0001209191-23-053981,2023-10-31,2023-10-29,2023-10-31T22:16:48.000Z,,4,,,,4,18187,0,0,,xslF345X05/doc4.xml,FORM 4 SUBMISSION
0001209191-23-054387,2023-11-03,2023-11-01,2023-11-03T21:16:12.000Z,,3,,,,3,11836,0,0,,xslF345X02/doc3.xml,FORM 3 SUBMISSION
0001209191-23-054388,2023-11-03,2023-11-01,2023-11-03T21:17:00.000Z,,4,,,,4,4855,0,0,,xslF345X05/doc4.xml,FORM 4 SUBMISSION
0001209191-23-054389,2023-11-03,2023-11-01,2023-11-03T21:17:58.000Z,,4,,,,4,9073,0,0,,xslF345X05/doc4.xml,FORM 4 SUBMISSION
0001140361-23-053857,2023-11-17,2023-11-13,2023-11-17T21:05:57.000Z,34,8-K,001-04423,231418621,5.02,XBRL,325136,1,1,,ef20014791_8k.htm,8-K
0000047217-23-000091,2023-11-21,2023-11-21,2023-11-21T21:18:04.000Z,34,8-K,001-04423,231428342,"2.02,9.01",XBRL,753119,1,1,,hpq-20231121.htm,8-K
0001209191-23-057002,2023-11-30,2023-11-28,2023-11-30T22:55:53.000Z,,4,,,,4,9134,0,0,,xslF345X05/doc4.xml,FORM 4 SUBMISSION
0001209191-23-057003,2023-11-30,2023-11-28,2023-11-30T22:56:15.000Z,,4,,,,4,9128,0,0,,xslF345X05/doc4.xml,FORM 4 SUBMISSION
0001209191-23-057004,2023-11-30,2023-11-28,2023-11-30T22:56:35.000Z,,4,,,,4,10173,0,0,,xslF345X05/doc4.xml,FORM 4 SUBMISSION
0001209191-23-057005,2023-11-30,2023-11-28,2023-11-30T23:01:01.000Z,,4,,,,4,11333,0,0,,xslF345X05/doc4.xml,FORM 4 SUBMISSION
0001965353-23-000209,2023-12-01,,2023-12-01T14:03:41.000Z,33,144,001-04423,231457703,,144,4227,0,0,,xsl144X01/primary_doc.xml,
0001193125-23-292614,2023-12-11,,2023-12-11T21:31:28.000Z,34,SC 13G/A,005-12061,231478565,,SC 13G/A,343475,0,0,,d619180dsc13ga.htm,SC 13G/A
0001209191-23-058067,2023-12-11,2023-12-07,2023-12-11T21:44:21.000Z,,4,,,,4,14272,0,0,,xslF345X05/doc4.xml,FORM 4 SUBMISSION
0001209191-23-058068,2023-12-11,2023-12-07,2023-12-11T21:44:42.000Z,,4,,,,4,11669,0,0,,xslF345X05/doc4.xml,FORM 4 SUBMISSION
0001209191-23-058069,2023-12-11,2023-12-07,2023-12-11T21:45:04.000Z,,4,,,,4,9029,0,0,,xslF345X05/doc4.xml,FORM 4 SUBMISSION
0001209191-23-058070,2023-12-11,2023-12-07,2023-12-11T21:45:40.000Z,,4,,,,4,14268,0,0,,xslF345X05/doc4.xml,FORM 4 SUBMISSION
0001209191-23-058071,2023-12-11,2023-12-07,2023-12-11T21:45:52.000Z,,4,,,,4,11697,0,0,,xslF345X05/doc4.xml,FORM 4 SUBMISSION
0001209191-23-058072,2023-12-11,2023-12-07,2023-12-11T21:46:15.000Z,,4,,,,4,14297,0,0,,xslF345X05/doc4.xml,FORM 4 SUBMISSION
0001209191-23-058073,2023-12-11,2023-12-07,2023-12-11T21:46:32.000Z,,4,,,,4,14264,0,0,,xslF345X05/doc4.xml,FORM 4 SUBMISSION
0001209191-23-058074,2023-12-11,2023-12-07,2023-12-11T21:46:53.000Z,,4,,,,4,15140,0,0,,xslF345X05/doc4.xml,FORM 4 SUBMISSION
0001140361-23-057798,2023-12-15,2023-12-12,2023-12-15T14:00:44.000Z,34,8-K,001-04423,231488948,5.02,XBRL,253690,1,1,,ef20016689_8k.htm,8-K
0001140361-23-057799,2023-12-15,2023-11-13,2023-12-15T14:02:38.000Z,34,8-K/A,001-04423,231488953,5.02,XBRL,250164,1,1,,ef20016527_8ka.htm,8-K/A
0000047217-23-000100,2023-12-18,2023-10-31,2023-12-16T02:31:21.000Z,34,10-K,001-04423,231492075,,XBRL,21415067,1,1,,hpq-20231031.htm,10-K
0001209191-23-059479,2023-12-21,2023-12-19,2023-12-21T23:51:49.000Z,,4,,,,4,5750,0,0,,xslF345X05/doc4.xml,FORM 4 SUBMISSION
0001209191-23-059480,2023-12-21,2023-12-19,2023-12-21T23:52:16.000Z,,4,,,,4,5746,0,0,,xslF345X05/doc4.xml,FORM 4 SUBMISSION
0001209191-23-059481,2023-12-21,2023-12-15,2023-12-21T23:52:43.000Z,,3,,,,3,14696,0,0,,xslF345X02/doc3.xml,FORM 3 SUBMISSION
0001209191-23-059482,2023-12-21,2023-12-19,2023-12-21T23:53:03.000Z,,4,,,,4,8272,0,0,,xslF345X05/doc4.xml,FORM 4 SUBMISSION
0001209191-23-059483,2023-12-21,2023-12-19,2023-12-21T23:53:26.000Z,,4,,,,4,5743,0,0,,xslF345X05/doc4.xml,FORM 4 SUBMISSION
0001209191-23-059484,2023-12-21,2023-12-19,2023-12-21T23:53:54.000Z,,4,,,,4,5800,0,0,,xslF345X05/doc4.xml,FORM 4 SUBMISSION
0001209191-23-059485,2023-12-21,2023-12-19,2023-12-21T23:54:15.000Z,,4,,,,4,5785,0,0,,xslF345X05/doc4.xml,FORM 4 SUBMISSION
0001209191-23-059486,2023-12-21,2023-12-19,2023-12-21T23:54:35.000Z,,4,,,,4,5745,0,0,,xslF345X05/doc4.xml,FORM 4 SUBMISSION
0001965353-24-000002,2024-01-02,,2024-01-02T21:14:16.000Z,33,144,001-04423,24502543,,144,4889,0,0,,xsl144X01/primary_doc.xml,
0001209191-24-000391,2024-01-03,2024-01-02,2024-01-03T21:33:28.000Z,,4,,,,4,4833,0,0,,xslF345X05/doc4.xml,FORM 4 SUBMISSION
0001209191-24-001357,2024-01-10,2024-01-01,2024-01-10T21:45:59.000Z,,3,,,,3,18366,0,0,,xslF345X02/doc3.xml,FORM 3 SUBMISSION
0001086364-24-002261,2024-01-24,,2024-01-24T19:27:13.000Z,34,SC 13G/A,005-12061,24555815,,SC 13G/A,13907,0,0,,us40434l1052_012424.txt,
0000047217-24-000005,2024-02-09,2024-04-22,2024-02-09T21:57:34.000Z,34,PRE 14A,001-04423,24615865,,XBRL,56333930,1,1,,hpq-20240209.htm,PRE 14A
0001193125-24-033413,2024-02-13,,2024-02-13T18:39:56.000Z,34,SC 13G/A,005-12061,24624376,,SC 13G/A,37885,0,0,,d758890dsc13ga.htm,SC 13G/A
0001209191-24-003172,2024-02-13,2024-02-10,2024-02-13T21:32:17.000Z,,4,,,,4,9151,0,0,,xslF345X05/doc4.xml,FORM 4 SUBMISSION
0001104659-24-021143,2024-02-13,,2024-02-13T22:06:17.000Z,34,SC 13G/A,005-12061,24628574,,SC 13G/A,13031,0,0,,tv01141-hpinc.htm,SCHEDULE 13G/A
0001193125-24-036472,2024-02-14,,2024-02-14T21:52:51.000Z,34,SC 13G/A,005-12061,24639852,,SC 13G/A,202755,0,0,,d724468dsc13ga.htm,SC 13G/A
0000047217-24-000013,2024-02-26,2024-04-22,2024-02-26T21:10:16.000Z,34,DEF 14A,001-04423,24678796,,XBRL,59156112,1,1,,hpq-20240226.htm,DEF 14A
0000047217-24-000015,2024-02-26,,2024-02-26T21:13:12.000Z,34,DEFA14A,001-04423,24678869,,DEFA14A,5225152,0,0,,a2024hpnoticeandaccess.htm,DEFA14A
0001140361-24-009496,2024-02-26,2023-10-31,2024-02-26T21:24:32.000Z,34,ARS,001-04423,24679255,,ARS,3462423,0,0,,ef20022481_ars.pdf,ARS
0000047217-24-000022,2024-02-28,2024-02-28,2024-02-28T21:17:20.000Z,34,8-K,001-04423,24695642,"2.02,9.01",XBRL,758109,1,1,,hpq-20240228.htm,8-K
0000047217-24-000024,2024-02-28,2024-01-31,2024-02-28T22:27:33.000Z,34,10-Q,001-04423,24697246,,XBRL,11564717,1,1,,hpq-20240131.htm,10-Q
0001140361-24-010208,2024-02-29,,2024-02-28T23:35:55.000Z,NE,RW,333-268692,24697842,,RW,7428,0,0,,ny20022021x2_rw.htm,RW
0001140361-24-010213,2024-02-29,,2024-02-28T23:52:04.000Z,33,S-3ASR,333-277493,24697896,,S-3ASR,1299122,0,0,,ny20022021x1_s3asr.htm,S-3ASR
0001096906-24-000292,2024-03-04,2024-02-29,2024-03-04T22:51:39.000Z,,4,,,,4,10405,0,0,,xslF345X05/form4.xml,PRIMARY DOCUMENT
0001965353-24-000093,2024-03-05,,2024-03-05T21:58:31.000Z,33,144,001-04423,24721856,,144,6413,0,0,,xsl144X01/primary_doc.xml,
0001965353-24-000097,2024-03-05,,2024-03-05T22:08:05.000Z,33,144,001-04423,24722121,,144,4241,0,0,,xsl144X01/primary_doc.xml,
0001086364-24-007250,2024-03-07,,2024-03-07T17:29:51.000Z,34,SC 13G,005-12061,24729025,,SC 13G,13896,0,0,,us40434l1052_030624.txt,
0001096906-24-000357,2024-03-07,2024-03-05,2024-03-07T22:18:01.000Z,,4,,,,4,5303,0,0,,xslF345X05/form4.xml,PRIMARY DOCUMENT
0001096906-24-000359,2024-03-07,2024-03-05,2024-03-07T22:23:31.000Z,,4,,,,4,5316,0,0,,xslF345X05/form4.xml,PRIMARY DOCUMENT
0001965353-24-000110,2024-03-11,,2024-03-11T20:46:37.000Z,33,144,001-04423,24738762,,144,4218,0,0,,xsl144X01/primary_doc.xml,
0001096906-24-000414,2024-03-12,2024-03-08,2024-03-12T21:02:10.000Z,,4,,,,4,6318,0,0,,xslF345X05/form4.xml,PRIMARY DOCUMENT
0001968582-24-000238,2024-03-21,,2024-03-21T20:11:01.000Z,33,144,001-04423,24771444,,144,5570,0,0,,xsl144X01/primary_doc.xml,
0000950172-24-000092,2024-03-22,2024-03-20,2024-03-22T21:05:24.000Z,,4,,,,4,5948,0,0,,xslF345X05/form4.xml,
0000950172-24-000093,2024-03-22,2024-03-21,2024-03-22T21:08:01.000Z,,4,,,,4,4650,0,0,,xslF345X05/form4.xml,
0001096906-24-000575,2024-03-26,,2024-03-26T21:19:51.000Z,34,PX14A6G,001-04423,24784746,,PX14A6G,17421,0,0,,bowy_px14a6g.htm,BOWYER RESEARCH - PX14A6G
0001096906-24-000577,2024-03-26,,2024-03-26T21:21:56.000Z,34,PX14A6G,001-04423,24784768,,PX14A6G,18349,0,0,,bowy_px14a6g.htm,BOWYER RESEARCH - PX14A6G
0000950172-24-000172,2024-04-03,2024-04-01,2024-04-03T21:01:14.000Z,,4,,,,4,6941,0,0,,xslF345X05/form4.xml,
0000047217-24-000027,2024-04-19,2024-04-16,2024-04-19T20:18:28.000Z,34,8-K,001-04423,24858010,"5.03,9.01",XBRL,419998,1,1,,hpq-20240416.htm,8-K
0000950172-24-000221,2024-04-24,2024-04-22,2024-04-24T20:39:55.000Z,,4,,,,4,5412,0,0,,xslF345X05/form4.xml,
0000950172-24-000222,2024-04-24,2024-04-22,2024-04-24T20:46:26.000Z,,4,,,,4,7722,0,0,,xslF345X05/form4.xml,
0000950172-24-000223,2024-04-24,2024-04-22,2024-04-24T20:48:22.000Z,,4,,,,4,6078,0,0,,xslF345X05/form4.xml,
0000950172-24-000224,2024-04-24,2024-04-22,2024-04-24T20:50:16.000Z,,4,,,,4,5421,0,0,,xslF345X05/form4.xml,
0000950172-24-000225,2024-04-24,2024-04-22,2024-04-24T20:55:09.000Z,,4,,,,4,5408,0,0,,xslF345X05/form4.xml,
0000950172-24-000226,2024-04-24,2024-04-22,2024-04-24T20:57:10.000Z,,4,,,,4,7790,0,0,,xslF345X05/form4.xml,
0000950172-24-000227,2024-04-24,2024-04-22,2024-04-24T20:59:16.000Z,,4,,,,4,7766,0,0,,xslF345X05/form4.xml,
0000950172-24-000228,2024-04-24,2024-04-22,2024-04-24T21:01:38.000Z,,4,,,,4,4415,0,0,,xslF345X05/form4.xml,
0000950172-24-000229,2024-04-24,2024-04-22,2024-04-24T21:03:13.000Z,,4,,,,4,4413,0,0,,xslF345X05/form4.xml,
0000950172-24-000230,2024-04-24,2024-04-22,2024-04-24T21:04:54.000Z,,4,,,,4,5445,0,0,,xslF345X05/form4.xml,
0000950172-24-000231,2024-04-24,2024-04-22,2024-04-24T21:06:32.000Z,,4,,,,4,4384,0,0,,xslF345X05/form4.xml,
0000047217-24-000032,2024-04-25,2024-04-22,2024-04-25T20:26:55.000Z,34,8-K,001-04423,24876783,"5.02,5.03,5.07,9.01",XBRL,577680,1,1,,hpq-20240422.htm,8-K
0000047217-24-000039,2024-05-29,2024-05-29,2024-05-29T20:17:14.000Z,34,8-K,001-04423,24998650,"2.02,9.01",XBRL,716126,1,1,,hpq-20240529.htm,8-K
0000047217-24-000041,2024-05-30,2024-04-30,2024-05-29T22:45:57.000Z,34,10-Q,001-04423,241000234,,XBRL,11596433,1,1,,hpq-20240430.htm,10-Q
0001140361-24-027941,2024-05-30,,2024-05-29T23:06:34.000Z,33,S-8,333-279805,241000275,,S-8,85108,0,0,,ef20030149_s8.htm,S-8
0000047217-24-000043,2024-05-30,,2024-05-30T20:07:40.000Z,34,SD,001-04423,241005249,,SD,321682,0,0,,formsd2024.htm,SD
0000047217-24-000048,2024-06-06,2023-12-31,2024-06-06T20:55:11.000Z,34,11-K,001-04423,241026191,,11-K,266926,0,0,,hp2023form11-k.htm,11-K
0000047217-24-000052,2024-06-17,2024-06-17,2024-06-17T20:16:26.000Z,34,8-K,001-04423,241048507,"5.02,5.03,9.01",XBRL,425193,1,1,,hpq-20240617.htm,8-K
0000950172-24-000353,2024-06-18,2024-06-17,2024-06-18T20:30:27.000Z,,3,,,,3,11158,0,0,,xslF345X02/form3.xml,
0000950172-24-000354,2024-06-18,2024-06-17,2024-06-18T20:31:41.000Z,,4,,,,4,4534,0,0,,xslF345X05/form4.xml,
0001965353-24-000223,2024-06-21,,2024-06-21T17:24:29.000Z,33,144,001-04423,241059444,,144,4306,0,0,,xsl144X01/primary_doc.xml,
0000950170-24-076868,2024-06-24,2024-06-21,2024-06-24T21:06:48.000Z,,4,,,,4,8937,0,0,,xslF345X05/ownership.xml,4
0001140361-24-031387,2024-06-26,2024-06-25,2024-06-26T13:08:25.000Z,34,8-K,001-04423,241070845,"5.02,7.01,9.01",XBRL,189530,1,1,,ef20031662_8k.htm,8-K
0000950170-24-083977,2024-07-16,2024-07-12,2024-07-16T21:00:11.000Z,,4,,,,4,8620,0,0,,xslF345X05/ownership.xml,4
0001950047-24-005526,2024-07-18,,2024-07-18T20:40:19.000Z,33,144,001-04423,241125190,,144,10124,0,0,,xsl144X01/primary_doc.xml,
0000950170-24-091975,2024-08-06,2024-08-05,2024-08-06T21:05:31.000Z,,3,,,,3,11964,0,0,,xslF345X02/ownership.xml,3
0000950170-24-091982,2024-08-06,2024-08-05,2024-08-06T21:08:21.000Z,,4,,,,4,5534,0,0,,xslF345X05/ownership.xml,4
0000047217-24-000063,2024-08-06,2024-08-01,2024-08-06T21:22:00.000Z,34,8-K,001-04423,241180578,"1.01,1.02,2.03,9.01",XBRL,1201214,1,1,,hpq-20240801.htm,8-K
0000047217-24-000068,2024-08-28,2024-08-27,2024-08-28T20:18:14.000Z,34,8-K,001-04423,241255733,"2.02,8.01,9.01",XBRL,722474,1,1,,hpq-20240827.htm,8-K
0000047217-24-000070,2024-08-29,2024-07-31,2024-08-28T22:14:19.000Z,34,10-Q,001-04423,241257514,,XBRL,12283370,1,1,,hpq-20240731.htm,10-Q
0001965353-24-000292,2024-09-12,,2024-09-12T21:03:01.000Z,33,144,001-04423,241295626,,144,4315,0,0,,xsl144X01/primary_doc.xml,
0000950170-24-106437,2024-09-13,2024-09-12,2024-09-13T21:03:30.000Z,,4,,,,4,9687,0,0,,xslF345X05/ownership.xml,4
0000950170-24-113330,2024-10-07,2024-10-03,2024-10-07T21:31:02.000Z,,4,,,,4,8577,0,0,,xslF345X05/ownership.xml,4
0000093751-24-000757,2024-10-16,,2024-10-16T16:25:53.000Z,34,SC 13G,005-12061,241373947,,SC 13G,56180,0,0,,HP_Inc.htm,
0002012383-24-002301,2024-10-24,,2024-10-24T20:44:13.000Z,34,SC 13G/A,005-12061,241393207,,SC 13G/A,14214,0,0,,us40434l1052_102424.txt,
0001140361-24-044127,2024-10-24,2024-10-18,2024-10-24T21:00:42.000Z,34,8-K,001-04423,241393355,5.02,XBRL,705445,1,1,,ef20037499_8k.htm,8-K
0000932471-24-000438,2024-11-04,,2024-11-04T16:50:16.000Z,34,SC 13G/A,005-12061,241421709,,SC 13G/A,5642,0,0,,UnitedStates_13G__HPIncUS404.txt,
0000950170-24-121608,2024-11-05,2024-11-01,2024-11-05T22:00:23.000Z,,4,,,,4,8776,0,0,,xslF345X05/ownership.xml,4
0000950170-24-124231,2024-11-08,2024-11-01,2024-11-08T22:06:51.000Z,,3,,,,3,14521,0,0,,xslF345X02/ownership.xml,3
0000932471-24-001044,2024-11-12,,2024-11-12T20:53:24.000Z,34,SC 13G/A,005-12061,241447610,,SC 13G/A,6571,0,0,,UnitedStates_13G__HPIncUS404.txt,
0000950170-24-130283,2024-11-22,2024-11-20,2024-11-22T22:05:23.000Z,,4,,,,4,8674,0,0,,xslF345X05/ownership.xml,4
0000950170-24-130284,2024-11-22,2024-11-20,2024-11-22T22:05:41.000Z,,4,,,,4,8720,0,0,,xslF345X05/ownership.xml,4
0000950170-24-130285,2024-11-22,2024-11-20,2024-11-22T22:05:57.000Z,,4,,,,4,9546,0,0,,xslF345X05/ownership.xml,4
0000047217-24-000075,2024-11-26,2024-11-26,2024-11-26T21:17:51.000Z,34,8-K,001-04423,241504071,"2.02,7.01,9.01",XBRL,752293,1,1,,hpq-20241126.htm,8-K
0001965353-24-000362,2024-11-29,,2024-11-29T18:00:32.000Z,33,144,001-04423,241514778,,144,4305,0,0,,xsl144X01/primary_doc.xml,
0001965353-24-000363,2024-11-29,,2024-11-29T18:07:08.000Z,33,144,001-04423,241514989,,144,4902,0,0,,xsl144X01/primary_doc.xml,
0000950170-24-132291,2024-12-02,2024-11-29,2024-12-02T22:01:20.000Z,,4,,,,4,4618,0,0,,xslF345X05/ownership.xml,4
0001965353-24-000379,2024-12-09,,2024-12-10T01:04:39.000Z,33,144/A,001-04423,241536799,,144/A,5532,0,0,,xsl144X01/primary_doc.xml,
0000950170-24-135129,2024-12-10,2024-12-07,2024-12-11T01:13:12.000Z,,4,,,,4,8606,0,0,,xslF345X05/ownership.xml,4
0000950170-24-135130,2024-12-10,2024-12-07,2024-12-11T01:15:14.000Z,,4,,,,4,13511,0,0,,xslF345X05/ownership.xml,4
0000950170-24-135131,2024-12-10,2024-12-07,2024-12-11T01:18:29.000Z,,4,,,,4,13493,0,0,,xslF345X05/ownership.xml,4
0000950170-24-135132,2024-12-10,2024-12-07,2024-12-11T01:20:06.000Z,,4,,,,4,20093,0,0,,xslF345X05/ownership.xml,4
0000950170-24-135137,2024-12-10,2024-12-07,2024-12-11T01:24:27.000Z,,4,,,,4,9611,0,0,,xslF345X05/ownership.xml,4
0000950170-24-135139,2024-12-10,2024-12-07,2024-12-11T01:25:36.000Z,,4,,,,4,11232,0,0,,xslF345X05/ownership.xml,4
0000950170-24-135143,2024-12-10,2024-12-07,2024-12-11T01:30:41.000Z,,4,,,,4,13489,0,0,,xslF345X05/ownership.xml,4
0000950170-24-135430,2024-12-11,2024-12-09,2024-12-11T22:02:10.000Z,,4,,,,4,5517,0,0,,xslF345X05/ownership.xml,4
0000950170-24-135432,2024-12-11,2024-12-09,2024-12-11T22:02:44.000Z,,4,,,,4,5557,0,0,,xslF345X05/ownership.xml,4
0000950170-24-135435,2024-12-11,2024-12-09,2024-12-11T22:03:06.000Z,,4,,,,4,7150,0,0,,xslF345X05/ownership.xml,4
0000950170-24-135436,2024-12-11,2024-12-09,2024-12-11T22:03:25.000Z,,4,,,,4,5532,0,0,,xslF345X05/ownership.xml,4
0000950170-24-135441,2024-12-11,2024-12-09,2024-12-11T22:06:54.000Z,,4,,,,4,5546,0,0,,xslF345X05/ownership.xml,4
0000950170-24-135446,2024-12-11,2024-12-09,2024-12-11T22:08:49.000Z,,4,,,,4,5532,0,0,,xslF345X05/ownership.xml,4
0000950170-24-135450,2024-12-11,2024-12-09,2024-12-11T22:10:50.000Z,,4,,,,4,5515,0,0,,xslF345X05/ownership.xml,4
0000950170-24-135456,2024-12-11,2024-12-09,2024-12-11T22:11:51.000Z,,4,,,,4,5556,0,0,,xslF345X05/ownership.xml,4
0001965353-24-000387,2024-12-11,,2024-12-11T22:40:49.000Z,33,144,001-04423,241542561,,144,7630,0,0,,xsl144X01/primary_doc.xml,
0000047217-24-000080,2024-12-13,2024-10-31,2024-12-13T01:31:46.000Z,34,10-K,001-04423,241546496,,XBRL,20453459,1,1,,hpq-20241031.htm,10-K
0001965353-24-000403,2024-12-13,,2024-12-13T21:12:41.000Z,33,144,001-04423,241548465,,144,5300,0,0,,xsl144X01/primary_doc.xml,
0000950170-24-136743,2024-12-16,2024-12-13,2024-12-16T22:13:52.000Z,,4,,,,4,4881,0,0,,xslF345X05/ownership.xml,4
0000950170-24-139688,2024-12-23,2024-12-19,2024-12-23T22:02:40.000Z,,4,,,,4,9622,0,0,,xslF345X05/ownership.xml,4
0001965353-24-000411,2024-12-30,,2024-12-30T21:06:51.000Z,33,144,001-04423,241589803,,144,4766,0,0,,xsl144X01/primary_doc.xml,
0000950170-24-141655,2024-12-31,2024-12-30,2024-12-31T22:06:36.000Z,,4,,,,4,5921,0,0,,xslF345X05/ownership.xml,4
0000047217-25-000004,2025-02-07,2025-02-04,2025-02-07T00:11:43.000Z,34,8-K,001-04423,25598783,"5.02,5.03,9.01",XBRL,424876,1,1,,hpq-20250204.htm,8-K
0000950170-25-017155,2025-02-10,2025-02-06,2025-02-10T22:00:38.000Z,,3,,,,3,11296,0,0,,xslF345X02/ownership.xml,3
0000950170-25-017165,2025-02-10,2025-02-06,2025-02-10T22:05:30.000Z,,4,,,,4,4682,0,0,,xslF345X05/ownership.xml,4
0000047217-25-000010,2025-02-21,2025-02-21,2025-02-21T21:15:40.000Z,34,8-K,001-04423,25652091,"5.02,5.03,9.01",XBRL,424971,1,1,,hpq-20250221.htm,8-K
0000047217-25-000014,2025-02-24,2025-04-14,2025-02-24T21:09:08.000Z,34,DEF 14A,001-04423,25657052,,XBRL,72185158,1,1,,hpq-20250223.htm,DEF 14A
0000047217-25-000016,2025-02-24,,2025-02-24T21:12:33.000Z,34,DEFA14A,001-04423,25657120,,DEFA14A,3529545,0,0,,a2025hpnoticeandaccess.htm,DEFA14A
0001140361-25-005670,2025-02-24,2024-10-31,2025-02-24T21:22:14.000Z,34,ARS,001-04423,25657358,,ARS,4758815,0,0,,ef20044204_ars.pdf,ARS
0000950170-25-026816,2025-02-25,2025-02-21,2025-02-25T22:00:43.000Z,,3,,,,3,10722,0,0,,xslF345X02/ownership.xml,3
0000950170-25-026824,2025-02-25,2025-02-21,2025-02-25T22:02:47.000Z,,4,,,,4,4716,0,0,,xslF345X05/ownership.xml,4
0000047217-25-000023,2025-02-27,2025-02-27,2025-02-27T21:18:12.000Z,34,8-K,001-04423,25679103,"2.02,2.05,9.01",XBRL,548016,1,1,,hpq-20250227.htm,8-K
0000047217-25-000025,2025-02-28,2025-01-31,2025-02-27T23:38:14.000Z,34,10-Q,001-04423,25681591,,XBRL,10361730,1,1,,hpq-20250131.htm,10-Q
0001965353-25-000045,2025-03-03,,2025-03-03T21:22:22.000Z,33,144/A,001-04423,25698300,,144/A,6074,0,0,,xsl144X01/primary_doc.xml,
0000950170-25-032359,2025-03-04,2025-02-28,2025-03-04T22:00:22.000Z,,4,,,,4,9640,0,0,,xslF345X05/ownership.xml,4
0000950170-25-032366,2025-03-04,2025-03-03,2025-03-04T22:00:50.000Z,,4,,,,4,5488,0,0,,xslF345X05/ownership.xml,4
0001965353-25-000058,2025-03-24,,2025-03-24T20:06:58.000Z,33,144,001-04423,25764209,,144,5357,0,0,,xsl144X01/primary_doc.xml,
0000950170-25-044556,2025-03-25,2025-03-24,2025-03-25T21:20:08.000Z,,4,,,,4,5906,0,0,,xslF345X05/ownership.xml,4
0001965353-25-000059,2025-03-27,,2025-03-28T00:05:15.000Z,33,144,001-04423,25781123,,144,5970,0,0,,xsl144X01/primary_doc.xml,
0000950170-25-046908,2025-03-28,2025-03-27,2025-03-28T21:02:56.000Z,,4,,,,4,4642,0,0,,xslF345X05/ownership.xml,4
0000047217-25-000030,2025-04-02,2025-04-01,2025-04-02T20:05:46.000Z,34,8-K,001-04423,25804347,"5.03,9.01",XBRL,419797,1,1,,hpq-20250401.htm,8-K
0000950170-25-050673,2025-04-03,2025-04-01,2025-04-03T21:48:12.000Z,,4,,,,4,7058,0,0,,xslF345X05/ownership.xml,4
0001140361-25-013648,2025-04-14,,2025-04-14T13:24:31.000Z,33,305B2,333-277493,25834371,,305B2,426703,0,0,,ny20045886x1_305b2.htm,305B2
0001140361-25-013649,2025-04-14,,2025-04-14T13:25:30.000Z,33,424B2,333-277493,25834375,,424B2,643264,0,0,,ny20045886x2_424b2.htm,424B2
0001140361-25-013780,2025-04-14,,2025-04-14T20:35:15.000Z,34,FWP,333-277493,25836430,,FWP,24883,0,0,,ny20045886x5_fwp.htm,FWP
0001140361-25-014092,2025-04-16,,2025-04-16T13:06:20.000Z,33,424B5,333-277493,25841355,,424B5,847820,1,1,,ny20045886x6_424b5.htm,424B5
0001140361-25-014095,2025-04-16,2025-04-14,2025-04-16T13:16:15.000Z,34,8-K,001-04423,25841369,"8.01,9.01",XBRL,1700339,1,1,,ny20045886x4_8k.htm,FORM 8-K
0000950170-25-054813,2025-04-16,2025-04-14,2025-04-16T20:57:33.000Z,,4,,,,4,4575,0,0,,xslF345X05/ownership.xml,4
0000950170-25-054816,2025-04-16,2025-04-14,2025-04-16T20:59:13.000Z,,4,,,,4,7869,0,0,,xslF345X05/ownership.xml,4
0000950170-25-054821,2025-04-16,2025-04-14,2025-04-16T21:00:06.000Z,,4,,,,4,5570,0,0,,xslF345X05/ownership.xml,4
0000950170-25-054829,2025-04-16,2025-04-14,2025-04-16T21:02:06.000Z,,4,,,,4,4551,0,0,,xslF345X05/ownership.xml,4
0000950170-25-054830,2025-04-16,2025-04-14,2025-04-16T21:02:18.000Z,,4,,,,4,5568,0,0,,xslF345X05/ownership.xml,4
0000950170-25-054839,2025-04-16,2025-04-14,2025-04-16T21:04:24.000Z,,4,,,,4,5555,0,0,,xslF345X05/ownership.xml,4
0000950170-25-054843,2025-04-16,2025-04-14,2025-04-16T21:05:57.000Z,,4,,,,4,5528,0,0,,xslF345X05/ownership.xml,4
0000950170-25-054846,2025-04-16,2025-04-14,2025-04-16T21:07:35.000Z,,4,,,,4,5592,0,0,,xslF345X05/ownership.xml,4
0000950170-25-054852,2025-04-16,2025-04-14,2025-04-16T21:09:35.000Z,,4,,,,4,6226,0,0,,xslF345X05/ownership.xml,4
0000950170-25-054856,2025-04-16,2025-04-14,2025-04-16T21:10:21.000Z,,4,,,,4,7938,0,0,,xslF345X05/ownership.xml,4
0000950170-25-054861,2025-04-16,2025-04-14,2025-04-16T21:12:00.000Z,,4,,,,4,7914,0,0,,xslF345X05/ownership.xml,4
0000950170-25-054865,2025-04-16,2025-04-14,2025-04-16T21:15:38.000Z,,4,,,,4,4522,0,0,,xslF345X05/ownership.xml,4
0000047217-25-000034,2025-04-17,2025-04-14,2025-04-17T21:07:47.000Z,34,8-K,001-04423,25848225,5.07,XBRL,204454,1,1,,hpq-20250414.htm,8-K
0002052113-25-001501,2025-04-23,,2025-04-24T00:39:15.000Z,34,SCHEDULE 13G/A,005-12061,25863227,,SCHEDULE 13G/A,11305,0,0,,xslSCHEDULE_13G_X01/primary_doc.xml,
0001140361-25-015755,2025-04-25,2025-04-25,2025-04-25T20:16:53.000Z,34,8-K,001-04423,25874306,"8.01,9.01",XBRL,1718831,1,1,,ef20047830_8k.htm,8-K
0000047217-25-000041,2025-05-28,2025-05-28,2025-05-28T20:18:16.000Z,34,8-K,001-04423,25995637,"2.02,9.01",XBRL,979349,1,1,,hpq-20250528.htm,8-K
0000047217-25-000043,2025-05-29,2025-04-30,2025-05-28T22:41:59.000Z,34,10-Q,001-04423,25997036,,XBRL,11297543,1,1,,hpq-20250430.htm,10-Q
0000047217-25-000047,2025-05-30,,2025-05-30T20:22:25.000Z,34,SD,001-04423,251011311,,SD,340166,0,0,,formsd2025.htm,SD
0000047217-25-000050,2025-06-05,2024-12-31,2025-06-05T21:08:43.000Z,34,11-K,001-04423,251028061,,11-K,277746,0,0,,hp2024form11-k.htm,11-K
0000950170-25-083141,2025-06-06,2024-09-06,2025-06-06T20:31:44.000Z,,4,,,,4,9002,0,0,,xslF345X05/ownership.xml,4
0001965353-25-000103,2025-06-09,,2025-06-09T20:27:30.000Z,33,144,001-04423,251034463,,144,4740,0,0,,xsl144X01/primary_doc.xml,
0001140361-25-023655,2025-06-25,2025-06-18,2025-06-25T20:30:21.000Z,34,8-K,001-04423,251073981,"5.02,5.03,9.01",XBRL,386580,1,1,,ef20050909_8k.htm,8-K
0000950170-25-096292,2025-07-16,2025-07-14,2025-07-16T20:31:59.000Z,,3,,,,3,10932,0,0,,xslF345X02/ownership.xml,3
0000950170-25-096293,2025-07-16,2025-07-14,2025-07-16T20:32:32.000Z,,4,,,,4,5521,0,0,,xslF345X05/ownership.xml,4
0001415889-25-021255,2025-08-07,2025-08-05,2025-08-07T20:19:50.000Z,,4,,,,4,8933,0,0,,xslF345X05/form4-08072025_080820.xml,
0000047217-25-000060,2025-08-27,2025-08-27,2025-08-27T20:06:39.000Z,34,8-K,001-04423,251265255,"2.02,9.01",XBRL,977701,1,1,,hpq-20250827.htm,8-K
0000047217-25-000063,2025-08-28,2025-07-31,2025-08-27T21:37:25.000Z,34,10-Q,001-04423,251266640,,XBRL,11066448,1,1,,hpq-20250731.htm,10-Q
0001415889-25-023814,2025-09-05,2025-09-03,2025-09-05T22:07:36.000Z,,4,,,,4,8995,0,0,,xslF345X05/form4-09052025_100932.xml,
0001628280-25-043100,2025-09-29,,2025-09-29T20:28:31.000Z,33,144,001-04423,251356464,,144,4298,0,0,,xsl144X01/primary_doc.xml,
0001140361-25-036906,2025-10-01,2025-09-29,2025-10-01T15:01:28.000Z,34,8-K,001-04423,251363123,5.02,XBRL,158339,1,1,,ef20056232_8k.htm,8-K
0001656242-25-000004,2025-10-01,2025-09-29,2025-10-01T20:54:18.000Z,,4,,,,4,6125,0,0,,xslF345X05/form4-10012025_081013.xml,
0001491657-25-000005,2025-10-07,2025-10-03,2025-10-07T20:18:16.000Z,,4,,,,4,8932,0,0,,xslF345X05/form4-10072025_081012.xml,
0001628280-25-047105,2025-10-29,,2025-10-29T20:03:58.000Z,33,144,001-04423,251429919,,144,4910,0,0,,xsl144X01/primary_doc.xml,
0002043764-25-000006,2025-10-29,2025-10-27,2025-10-29T22:01:30.000Z,,4,,,,4,10637,0,0,,xslF345X05/form4-10292025_101024.xml,
0001951912-25-000005,2025-11-04,2025-11-01,2025-11-05T01:06:38.000Z,,4,,,,4,9122,0,0,,xslF345X05/form4-11052025_011133.xml,
0002093489-25-000001,2025-11-10,2025-11-01,2025-11-10T21:18:54.000Z,,3,,,,3,18638,0,0,,xslF345X02/form3-11102025_091149.xml,
0001491657-25-000007,2025-11-20,2025-11-18,2025-11-20T22:32:00.000Z,,4,,,,4,9019,0,0,,xslF345X05/form4-11202025_101155.xml,
0001656242-25-000006,2025-11-20,2025-11-18,2025-11-20T22:33:21.000Z,,4,,,,4,9894,0,0,,xslF345X05/form4-11202025_101117.xml,
0001951912-25-000006,2025-11-20,2025-11-18,2025-11-20T22:35:02.000Z,,4,,,,4,9047,0,0,,xslF345X05/form4-11202025_101158.xml,
0000047217-25-000068,2025-11-25,2025-11-25,2025-11-25T21:17:31.000Z,34,8-K,001-04423,251521490,"2.02,2.05,7.01,9.01",XBRL,1016072,1,1,,hpq-20251125.htm,8-K
0002093489-25-000002,2025-12-02,2025-11-29,2025-12-02T23:59:30.000Z,,4,,,,4,9079,0,0,,xslF345X05/form4-12022025_111225.xml,
0001628280-25-055853,2025-12-08,,2025-12-08T21:36:32.000Z,33,144,001-04423,251556561,,144,4272,0,0,,xsl144X01/primary_doc.xml,
0001628280-25-056106,2025-12-09,,2025-12-09T21:32:00.000Z,33,144,001-04423,251559509,,144,5433,0,0,,xsl144X01/primary_doc.xml,
0001491657-25-000008,2025-12-09,2025-12-07,2025-12-10T01:05:37.000Z,,4,,,,4,13942,0,0,,xslF345X05/form4-12102025_011231.xml,
0001656242-25-000007,2025-12-09,2025-12-07,2025-12-10T01:06:35.000Z,,4,,,,4,14819,0,0,,xslF345X05/form4-12102025_011229.xml,
0001951912-25-000007,2025-12-09,2025-12-07,2025-12-10T01:07:32.000Z,,4,,,,4,14012,0,0,,xslF345X05/form4-12102025_011224.xml,
0002043764-25-000007,2025-12-09,2025-12-07,2025-12-10T01:08:28.000Z,,4,,,,4,11454,0,0,,xslF345X05/form4-12102025_011219.xml,
0001527660-25-000004,2025-12-09,2025-12-07,2025-12-10T01:09:18.000Z,,4,,,,4,8941,0,0,,xslF345X05/form4-12102025_011211.xml,
0002093489-25-000003,2025-12-09,2025-12-07,2025-12-10T01:12:09.000Z,,4,,,,4,14810,0,0,,xslF345X05/form4-12102025_011201.xml,
0001656242-25-000008,2025-12-09,2025-12-05,2025-12-10T02:56:50.000Z,,4,,,,4,6275,0,0,,xslF345X05/form4-12102025_021243.xml,
0001628280-25-056308,2025-12-10,,2025-12-10T21:10:35.000Z,33,144,001-04423,251562075,,144,4830,0,0,,xsl144X01/primary_doc.xml,
0000047217-25-000071,2025-12-10,2025-10-31,2025-12-10T22:22:18.000Z,34,10-K,001-04423,251562839,,XBRL,20855082,1,1,,hpq-20251031.htm,10-K
0001700476-25-000004,2025-12-10,2025-12-08,2025-12-11T01:42:27.000Z,,4,,,,4,5727,0,0,,xslF345X05/form4-12112025_011219.xml,
0001491657-25-000009,2025-12-10,2025-12-08,2025-12-11T01:44:33.000Z,,4,,,,4,5703,0,0,,xslF345X05/form4-12112025_011225.xml,
0001656242-25-000009,2025-12-10,2025-12-08,2025-12-11T01:45:36.000Z,,4,,,,4,5693,0,0,,xslF345X05/form4-12112025_011231.xml,
0001951912-25-000008,2025-12-10,2025-12-08,2025-12-11T01:46:28.000Z,,4,,,,4,5733,0,0,,xslF345X05/form4-12112025_011220.xml,
0002043764-25-000008,2025-12-10,2025-12-08,2025-12-11T01:47:31.000Z,,4,,,,4,7417,0,0,,xslF345X05/form4-12112025_011225.xml,
0001527660-25-000005,2025-12-10,2025-12-08,2025-12-11T01:48:35.000Z,,4,,,,4,5735,0,0,,xslF345X05/form4-12112025_011228.xml,
0002093489-25-000004,2025-12-10,2025-12-08,2025-12-11T01:49:29.000Z,,4,,,,4,5724,0,0,,xslF345X05/form4-12112025_011224.xml,
0001747222-25-000003,2025-12-12,2025-12-10,2025-12-12T23:39:57.000Z,,4,,,,4,6060,0,0,,xslF345X05/form4-12122025_111253.xml,
0001628280-25-058961,2025-12-29,,2025-12-29T21:00:54.000Z,33,144,001-04423,251609048,,144,5741,0,0,,xsl144X01/primary_doc.xml,
0001140361-25-046753,2025-12-29,2025-09-29,2025-12-29T21:31:23.000Z,34,8-K/A,001-04423,251609593,5.02,XBRL,159213,1,1,,ef20061941_8ka.htm,8-K/A
0002093489-25-000005,2025-12-30,2025-12-26,2025-12-31T00:19:49.000Z,,4,,,,4,5072,0,0,,xslF345X05/form4-12312025_121243.xml,
0001140361-26-003514,2026-02-03,2026-02-02,2026-02-03T22:15:53.000Z,34,8-K,001-04423,26594473,"2.02,5.02,5.03,7.01,9.01",XBRL,416892,1,1,,ef20064653_8k.htm,8-K
0001185643-26-000002,2026-02-05,2026-02-03,2026-02-05T22:12:44.000Z,,4,,,,4,5679,0,0,,xslF345X05/form4-02052026_100240.xml,
0002093489-26-000002,2026-02-05,2026-02-03,2026-02-05T22:14:29.000Z,,4,,,,4,9084,0,0,,xslF345X05/form4-02052026_100224.xml,
0000047217-26-000009,2026-02-24,2026-02-24,2026-02-24T21:18:40.000Z,34,8-K,001-04423,26671859,"2.02,9.01",XBRL,1323060,1,1,,hpq-20260224.htm,8-K
0000047217-26-000011,2026-02-25,2026-01-31,2026-02-24T23:31:06.000Z,34,10-Q,001-04423,26673450,,XBRL,10483387,1,1,,hpq-20260131.htm,10-Q
0000047217-26-000015,2026-02-25,2026-04-16,2026-02-25T21:31:20.000Z,34,DEF 14A,001-04423,26679275,,XBRL,82154510,1,1,,hpq-20260225.htm,DEF 14A
0000047217-26-000016,2026-02-25,,2026-02-25T21:32:48.000Z,34,DEFA14A,001-04423,26679335,,DEFA14A,5562837,0,0,,a2026hpnoticeandaccess.htm,DEFA14A
0001140361-26-006809,2026-02-25,2025-10-31,2026-02-25T21:48:52.000Z,34,ARS,001-04423,26679686,,ARS,11733318,0,0,,ef20066571_ars.pdf,ARS
0001491657-26-000001,2026-03-04,2026-03-02,2026-03-04T21:36:20.000Z,,4,,,,4,5691,0,0,,xslF345X05/form4-03042026_090315.xml,
0001951912-26-000001,2026-03-04,2026-03-02,2026-03-04T21:37:54.000Z,,4,,,,4,5721,0,0,,xslF345X05/form4-03042026_090349.xml,
0002043764-26-000001,2026-03-04,2026-03-02,2026-03-04T21:39:59.000Z,,4,,,,4,5721,0,0,,xslF345X05/form4-03042026_090355.xml,
0001527660-26-000001,2026-03-04,2026-03-02,2026-03-04T21:41:10.000Z,,4,,,,4,5719,0,0,,xslF345X05/form4-03042026_090306.xml,
0002093489-26-000003,2026-03-04,2026-03-02,2026-03-04T21:42:26.000Z,,4,,,,4,5712,0,0,,xslF345X05/form4-03042026_090323.xml,
0001628280-26-016862,2026-03-11,,2026-03-11T20:38:44.000Z,33,144,001-04423,26743979,,144,4184,0,0,,xsl144X01/primary_doc.xml,
0001334494-26-000002,2026-03-13,2026-03-11,2026-03-13T20:13:00.000Z,,4,,,,4,9317,0,0,,xslF345X05/form4-03132026_080353.xml,
0000102909-26-001556,2026-03-27,,2026-03-27T13:53:01.000Z,34,SCHEDULE 13G/A,005-12061,26801675,,SCHEDULE 13G/A,7120,0,0,,xslSCHEDULE_13G_X02/primary_doc.xml,
0001436534-26-000003,2026-03-27,2026-03-25,2026-03-27T21:05:31.000Z,,4,,,,4,7042,0,0,,xslF345X06/form4-03272026_090326.xml,
0001436534-26-000005,2026-04-03,2026-04-01,2026-04-03T17:16:59.000Z,,4,,,,4,7499,0,0,,xslF345X06/form4-04032026_050454.xml,
0002012383-26-001045,2026-04-07,,2026-04-07T16:39:50.000Z,34,SCHEDULE 13G/A,005-12061,26843883,,SCHEDULE 13G/A,11397,0,0,0.0,xslSCHEDULE_13G_X02/primary_doc.xml,
0001436534-26-000007,2026-04-20,2026-04-16,2026-04-20T21:36:02.000Z,,4,,,,4,8355,0,0,0.0,xslF345X06/form4-04202026_090456.xml,
0001656243-26-000002,2026-04-20,2026-04-16,2026-04-20T21:37:10.000Z,,4,,,,4,5919,0,0,0.0,xslF345X06/form4-04202026_090404.xml,
0001257094-26-000003,2026-04-20,2026-04-16,2026-04-20T21:37:55.000Z,,4,,,,4,5881,0,0,0.0,xslF345X06/form4-04202026_090450.xml,
0001334494-26-000004,2026-04-20,2026-04-16,2026-04-20T21:38:51.000Z,,4,,,,4,8417,0,0,0.0,xslF345X06/form4-04202026_090444.xml,
0001222781-26-000002,2026-04-20,2026-04-16,2026-04-20T21:40:14.000Z,,4,,,,4,8387,0,0,0.0,xslF345X06/form4-04202026_090408.xml,
0001747222-26-000002,2026-04-20,2026-04-16,2026-04-20T21:41:41.000Z,,4,,,,4,5601,0,0,0.0,xslF345X06/form4-04202026_090435.xml,
0001444612-26-000002,2026-04-20,2026-04-16,2026-04-20T21:43:41.000Z,,4,,,,4,5843,0,0,0.0,xslF345X06/form4-04202026_090436.xml,
0001555318-26-000004,2026-04-20,2026-04-16,2026-04-20T21:44:34.000Z,,4,,,,4,4882,0,0,0.0,xslF345X06/form4-04202026_090429.xml,
0001844600-26-000003,2026-04-20,2026-04-16,2026-04-20T21:45:31.000Z,,4,,,,4,4936,0,0,0.0,xslF345X06/form4-04202026_090426.xml,
0001430329-26-000002,2026-04-20,2026-04-16,2026-04-20T21:46:34.000Z,,4,,,,4,5882,0,0,0.0,xslF345X06/form4-04202026_090428.xml,
0002055181-26-000002,2026-04-20,2026-04-16,2026-04-20T21:47:44.000Z,,4,,,,4,5838,0,0,0.0,xslF345X06/form4-04202026_090438.xml,
0000047217-26-000019,2026-04-21,2026-04-16,2026-04-21T21:07:21.000Z,34,8-K,001-04423,26880462,"5.02,5.07,9.01",XBRL,421259,1,1,0.0,hpq-20260416.htm,8-K
0002100121-26-000370,2026-04-29,,2026-04-29T17:43:48.000Z,34,SCHEDULE 13G,005-12061,26913629,,SCHEDULE 13G,7303,0,0,0.0,xslSCHEDULE_13G_X02/primary_doc.xml,
0002100119-26-000660,2026-04-30,,2026-04-30T14:40:47.000Z,34,SCHEDULE 13G,005-12061,26921151,,SCHEDULE 13G,7360,0,0,0.0,xslSCHEDULE_13G_X02/primary_doc.xml,
0000047217-26-000027,2026-05-27,2026-05-27,2026-05-27T20:17:25.000Z,34,8-K,001-04423,261026407,"2.02,9.01",XBRL,963317,1,1,0.0,hpq-20260527.htm,8-K
0000047217-26-000029,2026-05-28,2026-04-30,2026-05-27T22:53:58.000Z,34,10-Q,001-04423,261028024,,XBRL,11054577,1,1,1.0,hpq-20260430.htm,10-Q
0000047217-26-000034,2026-05-29,,2026-05-29T20:45:08.000Z,34,SD,001-04423,261045494,,SD,325577,0,0,0.0,formsd2026.htm,SD
0000047217-26-000038,2026-06-09,2025-12-31,2026-06-09T21:18:44.000Z,34,11-K,001-04423,261077166,,XBRL,2212053,1,1,1.0,hpq-20260609.htm,11-K
0001628280-26-042839,2026-06-12,,2026-06-12T20:07:39.000Z,33,144,001-04423,261086680,,144,4645,0,0,0.0,xsl144X01/primary_doc.xml,
0001951912-26-000004,2026-06-16,2026-06-12,2026-06-16T21:16:26.000Z,,4,,,,4,5127,0,0,0.0,xslF345X06/form4-06162026_090620.xml,
0000047217-26-000041,2026-06-26,2026-06-24,2026-06-26T20:23:57.000Z,34,8-K,001-04423,261129735,"5.03,9.01",XBRL,403718,1,1,0.0,hpq-20260624.htm,8-K
0001700476-26-000003,2026-07-16,2026-07-14,2026-07-16T20:07:43.000Z,,4,,,,4,9219,0,0,0.0,xslF345X06/form4-07162026_080736.xml,
0001628280-26-050145,2026-07-28,,2026-07-28T20:05:35.000Z,33,144,001-04423,261211844,,144,7115,0,0,0.0,xsl144X01/primary_doc.xml,
0001951912-26-000005,2026-07-30,2026-07-28,2026-07-30T20:44:05.000Z,,4,,,,4,4960,0,0,0.0,xslF345X06/form4-07302026_080700.xml,
0001628280-26-051949,2026-08-03,,2026-08-03T21:06:32.000Z,33,144,001-04423,261234292,,144,5947,0,0,0.0,xsl144X01/primary_doc.xml,
0001628280-26-052958,2026-08-05,,2026-08-05T13:03:45.000Z,33,144,001-04423,261241531,,144,7198,0,0,0.0,xsl144X01/primary_doc.xml,
0001951912-26-000006,2026-08-05,2026-08-03,2026-08-05T21:06:01.000Z,,4,,,,4,6471,0,0,0.0,xslF345X06/form4-08052026_090848.xml,
0001628280-26-054859,2026-08-07,,2026-08-07T20:21:08.000Z,33,144,001-04423,261254330,,144,7850,0,0,0.0,xsl144X01/primary_doc.xml,
0001527660-26-000003,2026-08-07,2026-08-05,2026-08-07T20:44:57.000Z,,4,,,,4,9076,0,0,0.0,xslF345X06/form4-08072026_080848.xml,
0001951912-26-000007,2026-08-11,2026-08-07,2026-08-11T21:07:09.000Z,,4,,,,4,4960,0,0,0.0,xslF345X06/form4-08112026_090803.xml,
0000047217-26-000048,2026-08-26,2026-08-26,2026-08-26T20:17:31.000Z,34,8-K,001-04423,261323211,"2.02,9.01",XBRL,964301,1,1,0.0,hpq-20260826.htm,8-K
0000047217-26-000051,2026-08-27,2026-07-31,2026-08-26T23:04:12.000Z,34,10-Q,001-04423,261324543,,XBRL,11258668,1,1,1.0,hpq-20260731.htm,10-Q
0001140361-26-034512,2026-08-27,,2026-08-27T00:26:51.000Z,33,S-8,333-298587,261324678,,S-8,226791,1,1,0.0,ef20081126_s8.htm,S-8
0001747222-26-000003,2026-09-02,2026-08-31,2026-09-02T20:32:11.000Z,,4,,,,4,9824,0,0,0.0,xslF345X06/form4-09022026_080907.xml,
0001140361-26-037170,2026-09-21,2026-09-21,2026-09-21T10:08:34.000Z,34,8-K,001-04423,261392205,"7.01,9.01",XBRL,150053,1,1,0.0,ef20082499_form8k.htm,8-K
