accessionNumber,filingDate,reportDate,acceptanceDateTime,act,form,fileNumber,filmNumber,items,core_type,size,isXBRL,isInlineXBRL,isXBRLNumeric,primaryDocument,primaryDocDescription
0000081033-94-000006,1994-01-21,1994-01-21,1994-01-21T05:00:00.000Z,,8-K,001-09120,94502239,5,8-K,11383,0,0,,,ITEM 5
0000950123-94-000422,1994-02-25,1993-12-31,1994-02-25T05:00:00.000Z,,10-K,001-09120,94513222,,10-K,690826,0,0,,,"FORM 10-K PSE&G, PS ENTERPRISES"
0000788784-94-000009,1994-05-13,1994-03-31,1994-05-13T04:00:00.000Z,,10-Q,001-09120,94527993,,10-Q,159582,0,0,,,"FORM 10-Q PSE&G, PS ENTERPRISE"
0000081033-94-000016,1994-06-15,1994-06-15,1994-06-15T04:00:00.000Z,,8-K,001-09120,94534289,5,8-K,9044,0,0,,,ITEM 5
0000081033-94-000021,1994-08-12,1994-06-30,1994-08-12T04:00:00.000Z,,10-Q,001-09120,94543666,,10-Q,189118,0,0,,,"FORM 10-Q PSE&G, PS ENTERPRISE"
0000081033-94-000031,1994-10-06,1994-10-06,1994-10-06T04:00:00.000Z,,8-K,001-09120,94551895,5,8-K,12065,0,0,,,ITEM 5
0000788784-94-000012,1994-11-08,1994-09-30,1994-11-08T05:00:00.000Z,,10-Q,001-09120,94558146,,10-Q,450236,0,0,,,"FORM 10-Q PSE&G, PS ENTERPRISE"
0000009749-95-000058,1995-02-16,,1995-02-16T05:00:00.000Z,,SC 13G,005-44133,95511833,,SC 13G,14051,0,0,,,PUBLIC SERVICE ENTERPRISE GROUP 13-G FILING
0000788784-95-000002,1995-02-23,1994-12-31,1995-02-23T05:00:00.000Z,,10-K,001-09120,95514662,,10-K,778859,0,0,,,"FORM 10-K PSE&G, PS ENTERPRISES"
0000788784-95-000004,1995-02-28,1994-12-31,1995-02-28T05:00:00.000Z,,U-3A-2,069-00316,95515833,,U-3A-2,280289,0,0,,,FORM U-3A-2 ENTERPRISE
0000950130-95-000379,1995-03-01,1995-04-18,1995-03-01T05:00:00.000Z,,DEF 14A,001-09120,95517676,,DEF 14A,72045,0,0,,,NOTICE AND PROXY
0000788784-95-000006,1995-05-12,1995-03-31,1995-05-12T04:00:00.000Z,,10-Q,001-09120,95537830,,10-Q,168853,0,0,,,"FORM 10-Q PSE&G, PS ENTERPRISE"
0000081033-95-000008,1995-06-14,1995-06-13,1995-06-14T04:00:00.000Z,,8-K,001-09120,95546861,5,8-K,9923,0,0,,,ITEM 5
0000081033-95-000012,1995-07-19,1995-07-19,1995-07-19T04:00:00.000Z,,8-K,001-09120,95554692,5,8-K,9506,0,0,,,ITEM 5
0000788784-95-000009,1995-08-14,1995-06-30,1995-08-14T04:00:00.000Z,,10-Q,001-09120,95562906,,10-Q,166620,0,0,,,"FORM 10-Q PSE&G, PS ENTERPRISE"
0000081033-95-000015,1995-10-18,1995-10-17,1995-10-18T04:00:00.000Z,,8-K,001-09120,95581474,5,8-K,8931,0,0,,,ITEM 5
0000081033-95-000016,1995-10-19,1995-10-17,1995-10-19T04:00:00.000Z,,8-K,001-09120,95581564,5,8-K,5625,0,0,,,ITEM 5
0000081033-95-000018,1995-11-14,1995-09-30,1995-11-14T05:00:00.000Z,,10-Q,001-09120,95592115,,10-Q,159961,0,0,,,"FORM 10-Q PSE&G, PS ENTERPRISE"
0000081033-95-000021,1995-12-12,1995-12-12,1995-12-12T05:00:00.000Z,,8-K,001-09120,95600915,5,8-K,8989,0,0,,,ITEM 5
0000081033-96-000002,1996-01-19,1996-01-19,1996-01-19T05:00:00.000Z,,8-K,001-09120,96505621,5,8-K,17301,0,0,,,ITEM 5
0000081033-96-000003,1996-01-19,1996-01-19,1996-01-19T05:00:00.000Z,,8-K,001-09120,96505669,5,8-K,17164,0,0,,,ITEM 5
0000009749-96-000104,1996-02-23,,1996-02-23T05:00:00.000Z,,SC 13G/A,005-44133,96524417,,SC 13G/A,11902,0,0,,,PUBLIC SERVICE ENTERPRISE GROUP 13-G FILING
0000788784-96-000002,1996-02-23,1995-12-31,1996-02-23T05:00:00.000Z,,10-K,001-09120,96524451,,10-K,643843,0,0,,,"FORM 10-K PSE&G, PS ENTERPRISE"
0000788784-96-000004,1996-02-29,1995-12-31,1996-02-29T05:00:00.000Z,,U-3A-2,069-00316,96528808,,U-3A-2,320266,0,0,,,FORM U-3A-2 ENTERPRISE
0000950130-96-000687,1996-03-01,1996-04-16,1996-03-01T05:00:00.000Z,,DEF 14A,001-09120,96529823,,DEF 14A,281791,0,0,,,NOTICE & PROXY STATEMENT
0000788784-96-000007,1996-03-15,1996-03-14,1996-03-15T05:00:00.000Z,,8-K,001-09120,96534981,5,8-K,10842,0,0,,,ITEM 5
0000788784-96-000015,1996-05-15,1996-03-31,1996-05-15T04:00:00.000Z,,10-Q,001-09120,96567339,,10-Q,278370,0,0,,,"FORM 10-Q PSE&G, PS ENTERPRISE"
0000081033-96-000016,1996-05-24,1996-03-14,1996-05-24T04:00:00.000Z,,8-K,001-09120,96572356,5,8-K,10370,0,0,,,ITEM 5
0000081033-96-000026,1996-06-20,1996-06-20,1996-06-20T04:00:00.000Z,,8-K,001-09120,96583280,5,8-K,8758,0,0,,,ITEM 5
0000788784-96-000019,1996-07-03,1996-07-02,1996-07-03T04:00:00.000Z,,8-K,001-09120,96590614,"5,7",8-K,6823,0,0,,,ITEM 5 7
0000081033-96-000036,1996-07-22,1996-07-22,1996-07-22T04:00:00.000Z,,8-K,001-09120,96597429,"5,7",8-K,11245,0,0,,,ITEM 5 7
0000788784-96-000024,1996-08-14,1996-06-30,1996-08-14T04:00:00.000Z,,10-Q,001-09120,96613346,,10-Q,167194,0,0,,,"FORM 10-Q PSE&G, PS ENTERPRISE"
0000788784-96-000032,1996-10-23,1996-10-22,1996-10-23T04:00:00.000Z,,8-K,001-09120,96646939,"5,7",8-K,15572,0,0,,,ITEM 5-7
0000930413-96-000368,1996-10-24,,1996-10-24T04:00:00.000Z,,POS AM,033-49123,96647488,,POS AM,61330,0,0,,,POST-EFFECTIVE AMENDMENT TO S-3
0000788784-96-000038,1996-11-14,1996-09-30,1996-11-14T05:00:00.000Z,,10-Q,001-09120,96666277,,10-Q,178176,0,0,,,FORM 10-Q
0000788784-97-000004,1997-01-24,1997-01-24,1997-01-24T05:00:00.000Z,,8-K,001-09120,97510094,5,8-K,21806,0,0,,,ITEM 5
0000788784-97-000008,1997-01-29,1997-01-29,1997-01-29T05:00:00.000Z,,8-K,001-09120,97513487,5,8-K,15611,0,0,,,ITEM 5
0000788784-97-000011,1997-02-27,1996-12-31,1997-02-27T05:00:00.000Z,,10-K,001-09120,97544710,,10-K,646754,0,0,,,1996 FORM 10-K ANNUAL REPORT
0000950123-97-001784,1997-02-28,1996-12-31,1997-02-28T05:00:00.000Z,,U-3A-2,069-00316,97547338,,U-3A-2,311044,0,0,,,PUBLIC SERVICE ENTERPRISE GROUP INC.
0000950123-97-001871,1997-03-03,1997-05-15,1997-03-03T05:00:00.000Z,,DEF 14A,001-09120,97549373,,DEF 14A,305566,0,0,,,DEFINITIVE PROXY MATERIAL FOR PSE&G
0000788784-97-000013,1997-05-15,1997-03-31,1997-05-15T04:00:00.000Z,,10-Q,001-09120,97606925,,10-Q,129106,0,0,,,FORM 10-Q
0000788784-97-000015,1997-08-14,1997-06-30,1997-08-14T04:00:00.000Z,,10-Q,001-09120,97663082,,10-Q,131122,0,0,,,FORM 10-Q
0000788784-97-000022,1997-11-14,1997-09-30,1997-11-14T05:00:00.000Z,,10-Q,001-09120,97721068,,10-Q,158421,0,0,,,FORM 10-Q
0000916641-97-001200,1997-12-24,,1997-12-24T05:00:00.000Z,,S-3,333-43241,97744177,,S-3,1410976,0,0,,,PUBLIC SERVICE ENTERPRISE S-3
0000950168-98-000069,1998-01-09,,1998-01-09T05:00:00.000Z,,424B3,333-43241,98503615,,424B3,169456,0,0,,,PSEG 424B3
0000950168-98-000142,1998-01-15,,1998-01-15T05:00:00.000Z,,424B2,333-43241,98507794,,424B2,170899,0,0,,,PSEG 424B2
0000788784-98-000006,1998-02-23,1997-12-31,1998-02-23T05:00:00.000Z,,10-K405,001-09120,98547390,,10-K405,952313,0,0,,,PSEG 1997 FORM 10-K
0000950123-98-002083,1998-02-27,1997-12-31,1998-02-27T05:00:00.000Z,,U-3A-2,069-00316,98552131,,U-3A-2,595947,0,0,,,PUBLIC SERVICE ENTERPRISE GROUP INCORPORATED
0000950123-98-002388,1998-03-09,1998-04-21,1998-03-09T05:00:00.000Z,,DEF 14A,001-09120,98559850,,DEF 14A,366686,0,0,,,PUBLIC SERVICE ENTERPRISE GROUP INCORPORATED
0000788784-98-000010,1998-05-13,1998-03-31,1998-05-13T04:00:00.000Z,,10-Q,001-09120,98618599,,10-Q,574977,0,0,,,ENTERPRISE FIRST QUARTER 1998 FORM 10-Q
0000950169-98-000553,1998-05-15,,1998-05-15T04:00:00.000Z,,S-3,333-52847,98625878,,S-3,1081070,0,0,,,ENTERPRISE S-3
0000788784-98-000014,1998-05-28,1998-03-31,1998-05-28T04:00:00.000Z,,U-7D,032-00511,98632816,,U-7D,3051,0,0,,,FORM U-7D
0000950168-98-001928,1998-06-12,,1998-06-12T04:00:00.000Z,,424B3,333-52847,98646772,,424B3,210791,0,0,,,ENTERPRISE
0000950169-98-000735,1998-06-24,,1998-06-24T04:00:00.000Z,,424B3,333-52847,98653349,,424B3,215835,0,0,,,ENTERPRISE
0000950169-98-000756,1998-06-26,,1998-06-26T04:00:00.000Z,,424B3,333-52847,98655345,,424B3,199247,0,0,,,PSEG 424B3
0000950169-98-000774,1998-07-01,,1998-07-01T04:00:00.000Z,,424B2,333-52847,98659214,,424B2,202139,0,0,,,"PUBLIC SERVICE ENTERPRISE GROUP, INC. 424B2"
0000788784-98-000016,1998-08-14,1998-06-30,1998-08-14T04:00:00.000Z,,10-Q,001-09120,98688141,,10-Q,465742,0,0,,,PSEG SECOND QUARTER 1998 FORM 10-Q
0000950168-98-003172,1998-10-02,,1998-10-02T04:00:00.000Z,,S-3,333-65261,98720294,,S-3,150015,0,0,,,PUBLIC SERVICE ENTERPRISE GROUP INC. S-3
0000788784-98-000025,1998-11-10,1998-09-30,1998-11-10T05:00:00.000Z,,10-Q,001-09120,98743201,,10-Q,215618,0,0,,,PSEG & PSE&G THIRD QUARTER FORM 10-Q
0000950168-98-003526,1998-11-13,,1998-11-13T05:00:00.000Z,,S-3/A,333-65261,98746951,,S-3/A,138769,0,0,,,PUBLIC SERVICE ENTERPRISE GROUPINC. S-3/A
0000950168-98-003654,1998-11-20,,1998-11-20T05:00:00.000Z,,424B2,333-65261,98756134,,424B2,148815,0,0,,,PSEG SERIES A - 424B2
0000950168-98-003655,1998-11-20,,1998-11-20T05:00:00.000Z,,424B2,333-65261,98756137,,424B2,148943,0,0,,,PSEG SERIES B - 424B2
0001047469-99-005962,1999-02-16,,1999-02-16T05:00:00.000Z,,SC 13G,005-44133,99540414,,SC 13G,27120,0,0,,,13G
0000950110-99-000213,1999-02-23,1998-12-31,1999-02-23T05:00:00.000Z,,10-K405,001-09120,99547243,,10-K405,1372336,0,0,,,FORM 10-K405
0000950110-99-000254,1999-03-01,1998-12-31,1999-03-01T05:00:00.000Z,,U-3A-2,069-00316,99554005,,U-3A-2,690067,0,0,,,PUBLIC SERVICE ENTERPRISE GROUP INCORPORATED
0000950110-99-000314,1999-03-09,1999-04-20,1999-03-09T05:00:00.000Z,,DEF 14A,001-09120,99560904,,DEF 14A,445984,0,0,,,NOTICE OF ANNUAL MEETING
0001047469-99-009093,1999-03-09,,1999-03-09T05:00:00.000Z,,SC 13G,005-44133,99560945,,SC 13G,26250,0,0,,,SC 13G
0000788784-99-000005,1999-03-18,1999-03-18,1999-03-18T05:00:00.000Z,,8-K,001-09120,99568136,"5,7",8-K,13866,0,0,,,OTHER EVENTS
0000788784-99-000008,1999-04-26,1999-04-26,1999-04-26T04:00:00.000Z,,8-K,001-09120,99601160,5,8-K,20932,0,0,,,OTHER EVENTS
0000788784-99-000011,1999-05-07,1999-03-31,1999-05-07T04:00:00.000Z,,10-Q,001-09120,99613054,,10-Q,204678,0,0,,,PSEG & PSE&G FIRST QUARTER FORM 10-Q
0000891092-99-000318,1999-05-21,,1999-05-21T04:00:00.000Z,,S-3,333-79101,99632431,,S-3,223661,0,0,,,FORM S-3
0000891092-99-000357,1999-06-11,,1999-06-11T04:00:00.000Z,,424B2,333-79101,99644967,,424B2,151626,0,0,,,PROSPECTUS SUPPLEMENT
0000788784-99-000018,1999-07-21,1999-07-20,1999-07-21T04:00:00.000Z,,8-K,001-09120,99667798,"5,7",8-K,16586,0,0,,,OTHER EVENTS
0000788784-99-000022,1999-07-28,1999-07-13,1999-07-28T04:00:00.000Z,,U-7D,032-00511,99671418,,U-7D,9050,0,0,,,FORM U-7D
0000788784-99-000024,1999-08-16,1999-06-30,1999-08-16T04:00:00.000Z,,10-Q,001-09120,99692293,,10-Q,313152,0,0,,,PSEG & PSE&G SECOND QUARTER FORM 10-Q
0000788784-99-000026,1999-09-14,,1999-09-14T04:00:00.000Z,,U-57,073-00066,99711235,,U-57,14200,0,0,,,NOTIFICATION OF FOREIGN UTILITY COMPANY STATUS
0000788784-99-000028,1999-09-15,1999-09-14,1999-09-15T04:00:00.000Z,,8-K,001-09120,99711642,5,8-K,10489,0,0,,,OTHER EVENTS
0000788784-99-000030,1999-10-14,1999-09-14,1999-10-14T04:00:00.000Z,,8-K,001-09120,99728358,"5,7",8-K,22800,0,0,,,OTHER EVENTS
0000788784-99-000037,1999-11-12,1999-09-30,1999-11-12T05:00:00.000Z,,10-Q,001-09120,99750265,,10-Q,676920,0,0,,,PSEG & PSE&G THIRD QUARTER FORM 10-Q
0000950110-00-000138,2000-02-28,1999-12-31,2000-02-28T05:00:00.000Z,,10-K405,001-09120,554258,,10-K405,815768,0,0,,,FORM 10-K
0000950110-00-000148,2000-02-29,1999-12-31,2000-02-29T05:00:00.000Z,,U-3A-2,069-00316,557341,,U-3A-2,804236,0,0,,,FORM U-3A-2
0000788784-00-000006,2000-03-01,2000-02-29,2000-03-01T05:00:00.000Z,,U-7D/A,032-00511,558522,,U-7D/A,4162,0,0,,,FORM U-7D/A
0000950110-00-000163,2000-03-01,2000-04-18,2000-03-01T05:00:00.000Z,,DEF 14A,001-09120,559187,,DEF 14A,374643,0,0,,,NOTICE OF ANNUAL MEETING
0000788784-00-000010,2000-05-05,2000-03-31,2000-05-05T04:00:00.000Z,,10-Q,001-09120,621080,,10-Q,143588,0,0,,,PSEG & PSE&G FIRST QUARTER FORM 10-Q
0000930413-00-000890,2000-05-18,,2000-05-18T04:00:00.000Z,,424B3,033-49123,639542,,424B3,51243,0,0,,,PROSPECTUS
0000788784-00-000013,2000-06-20,,2000-06-20T04:00:00.000Z,,S-8,333-39738,657944,,S-8,75937,0,0,,0001.txt,REGISTRATION STATEMENT
0000788784-00-000016,2000-06-29,1999-12-31,2000-06-29T04:00:00.000Z,,11-K,001-09120,665183,,11-K,255565,0,0,,0001.txt,PSEG THRIFT AND TAX-DEFERRED SAVINGS PLAN
0000788784-00-000017,2000-06-29,1999-12-31,2000-06-29T04:00:00.000Z,,11-K,001-09120,665210,,11-K,214067,0,0,,0001.txt,PSEG EMPLOYEE SAVINGS PLAN
0000788784-00-000021,2000-08-09,2000-06-30,2000-08-09T04:00:00.000Z,,10-Q,001-09120,688948,,10-Q,253986,0,0,,0001.txt,"PSEG, PSE&G AND PSEG ENERGY HOLDINGS 2ND QTR. 10-Q"
0000788784-00-000023,2000-08-22,2000-08-21,2000-08-22T04:00:00.000Z,,8-K,001-09120,707386,"2,7",8-K,6976,0,0,,0001.txt,OTHER EVENTS
0000788784-00-000033,2000-09-05,2000-09-05,2000-09-05T04:00:00.000Z,,8-K,001-09120,716766,"2,7",8-K,25228,0,0,,0001.txt,OTHER EVENTS
0000891092-00-000896,2000-10-11,,2000-10-11T04:00:00.000Z,,S-3,333-47714,738108,,S-3,153423,0,0,,0001.txt,FORM S-3
0000788784-00-000043,2000-10-19,2000-10-17,2000-10-19T04:00:00.000Z,,8-K,001-09120,742312,"5,7",8-K,16693,0,0,,0001.txt,OTHER EVENTS
0000788784-00-000045,2000-10-27,2000-10-27,2000-10-27T04:00:00.000Z,,8-K,001-09120,747896,9,8-K,9528,0,0,,0001.txt,REGULATION FD
0000788784-00-000047,2000-11-01,2000-11-01,2000-11-01T05:00:00.000Z,,8-K/A,001-09120,750818,7,8-K/A,26502,0,0,,0001.txt,NONE
0000891092-00-000995,2000-11-01,,2000-11-01T05:00:00.000Z,,S-3/A,333-47714,751249,,S-3/A,207128,0,0,,0001.txt,FORM S-3/A
0000788784-00-000050,2000-11-13,2000-09-30,2000-11-13T05:00:00.000Z,,10-Q,001-09120,758939,,10-Q,481857,0,0,,0001.txt,"PSEG, PSE&G AND PSEG ENERGY HOLDINGS 3RD QTR. 10-Q"
0000891092-00-001103,2000-11-17,,2000-11-17T05:00:00.000Z,,424B2,333-47714,772313,,424B2,101693,0,0,,0001.txt,PROSPECTUS SUPPLEMENT
0000788784-00-000055,2000-11-29,2000-11-29,2000-11-29T05:00:00.000Z,,8-K,001-09120,780038,"5,7",8-K,29000,0,0,,0001.txt,OTHER EVENTS
0000788784-00-000058,2000-12-29,,2000-12-29T05:00:00.000Z,,U-57,073-00066,798416,,U-57,17356,0,0,,0001.txt,NOTIFICATION OF FOREIGN UTILITY COMPANY STATUS
0000950110-01-000187,2001-02-28,2000-12-31,2001-02-28T05:00:00.000Z,,U-3A-2,069-00316,1558047,,U-3A-2,1011081,0,0,,0001.txt,FORM U-3A-2
0000950110-01-000215,2001-03-06,2000-12-31,2001-03-06T05:00:00.000Z,,10-K405,001-09120,1562397,,10-K405,610872,0,0,,0001.txt,FORM 10-K
0000950110-01-000224,2001-03-13,2001-04-17,2001-03-13T05:00:00.000Z,,DEF 14A,001-09120,1566815,,DEF 14A,355341,0,0,,0001.txt,NOTICE OF ANNUAL MEETING
0000788784-01-000006,2001-03-14,2001-03-14,2001-03-14T05:00:00.000Z,,8-K,001-09120,1568455,5,8-K,9395,0,0,,0001.txt,OTHER EVENTS
0000788784-01-500017,2001-05-15,2001-03-31,2001-05-15T04:00:00.000Z,,10-Q,001-09120,1640749,,10-Q,119756,0,0,,pseg-enterprise_1q.txt,PSEG FORM 10-Q
0000788784-01-500023,2001-05-16,2001-05-15,2001-05-16T04:00:00.000Z,,8-K,001-09120,1641907,7,8-K,6957,0,0,,pseg-enterprise_8k516.txt,PSEG FORM 8-K
0000788784-01-500030,2001-06-29,2000-12-31,2001-06-29T04:00:00.000Z,,11-K,001-09120,1672438,,11-K,53466,0,0,,final2-savpln.txt,PSEG EMPLOYEE SAVINGS PLAN
0000788784-01-500031,2001-06-29,2000-12-31,2001-06-29T04:00:00.000Z,,11-K,001-09120,1672450,,11-K,53846,0,0,,final2-ttdsp.txt,PSEG THRIFT AND TAX-DEFERRED SAVINGS PLAN
0000788784-01-500033,2001-07-24,2001-07-24,2001-07-24T04:00:00.000Z,,U-7D/A,032-00511,1686929,,U-7D/A,7851,0,0,,u-7da_seci.txt,AMENDED AND RESTATED
0000788784-01-500035,2001-08-01,,2001-08-01T04:00:00.000Z,,S-8,333-66426,1694810,,S-8,65312,0,0,,pseg-s8_01plan.txt,PUBLIC SERVICE ENTERPRISE GROUP INC.
0000788784-01-500046,2001-08-09,2001-06-30,2001-08-09T04:00:00.000Z,,10-Q,001-09120,1702572,,10-Q,260337,0,0,,pseg-enterprise_2qfinal.txt,
0000788784-01-500054,2001-08-30,,2001-08-30T04:00:00.000Z,,U-57,073-00066,1727974,,U-57,15874,0,0,,pseg-enterprise_u57form.txt,FORM U-57 SAESA
0000788784-01-500064,2001-10-09,,2001-10-09T04:00:00.000Z,,U-57,073-00066,1754971,,U-57,13648,0,0,,pseg_creo-u57.txt,
0000788784-01-500065,2001-10-09,,2001-10-09T04:00:00.000Z,,U-57,073-00066,1755372,,U-57,14389,0,0,,pseg_edelaysen-u57.txt,
0000788784-01-500066,2001-10-09,,2001-10-09T04:00:00.000Z,,U-57,073-00066,1755373,,U-57,14071,0,0,,pseg_edersa-u57.txt,
0000788784-01-500067,2001-10-09,,2001-10-09T04:00:00.000Z,,U-57,073-00066,1755374,,U-57,14241,0,0,,pseg_frontel-u57.txt,
0000788784-01-500068,2001-10-09,,2001-10-09T04:00:00.000Z,,U-57,073-00066,1755375,,U-57,14745,0,0,,pseg_sts-u57.txt,
0000788784-01-500074,2001-10-24,2001-10-23,2001-10-24T04:00:00.000Z,,8-K,001-09120,1765572,"5,7",8-K,12654,0,0,,pseg-enterprise8k2.txt,PUBLIC SERVICE ENTERPRISE GROUP INC.
0000788784-01-500090,2001-11-02,2001-09-30,2001-11-02T05:00:00.000Z,,10-Q,001-09120,1773522,,10-Q,155027,0,0,,enterprise_3q10q.txt,PUBLIC SERVICE ENTERPRISE GROUP
0000788784-01-500092,2001-12-10,,2001-12-10T05:00:00.000Z,,U-57,073-00066,1810285,,U-57,13621,0,0,,peru-u57.txt,
0000788784-02-000012,2002-01-18,2001-12-26,2002-01-18T05:00:00.000Z,,U-7D,032-00511,2512054,,U-7D,10060,0,0,,pseg-resources_u7d122601.txt,
0000788784-02-000015,2002-01-25,2002-01-22,2002-01-25T05:00:00.000Z,,8-K,001-09120,02517778,"5,7",8-K,16219,0,0,,pseg-enterprise_8k012202.txt,
0000788784-02-000021,2002-02-07,2002-02-06,2002-02-07T05:00:00.000Z,,8-K,001-09120,02529903,5,8-K,9671,0,0,,enterprise-8k_020702.txt,
0000930661-02-000328,2002-02-08,,2002-02-08T05:00:00.000Z,,SC 13G,005-44133,02530440,,SC 13G,10670,0,0,,dsc13g.txt,SCHEDULE 13G
0000932471-02-000228,2002-02-11,,2002-02-11T05:00:00.000Z,,SC 13G,005-44133,02533699,,SC 13G,8417,0,0,,publicserviceentgroupinc.txt,"PUBLIC SERVICE ENTERPRISE GROUP, INC."
0000950136-02-000567,2002-02-28,2001-12-31,2002-02-28T05:00:00.000Z,,U-3A-2,069-00316,02563295,,U-3A-2,1216102,0,0,,file001.txt,FORM U-3A-2
0000950136-02-000584,2002-03-04,2001-12-31,2002-03-04T05:00:00.000Z,,10-K,001-09120,02565372,,10-K,627024,0,0,,file001.txt,FORM 10-K
0000950136-02-000620,2002-03-06,2002-04-16,2002-03-06T05:00:00.000Z,,DEF 14A,001-09120,02568680,,DEF 14A,541650,0,0,,file001.txt,DEFINITIVE PROXY
9999999997-02-012448,2002-03-07,2001-12-31,2002-03-07T05:00:00.000Z,,ARS,001-09120,02014391,,ARS,1682,0,0,,9999999997-02-012448.paper,AUTO-GENERATED PAPER DOCUMENT
0000788784-02-000029,2002-04-16,2002-04-16,2002-04-16T04:00:00.000Z,,8-K,001-09120,02612168,"5,7",8-K,14537,0,0,,pseg-2qtr02earnings.txt,PSEG FIRST QUARTER 2002 EARNINGS
0000891092-02-000513,2002-04-17,,2002-04-17T04:00:00.000Z,,S-3,333-86372,02613008,,S-3,1755396,0,0,,e13314s_3.txt,FORM S-3
0000788784-02-000046,2002-05-15,2002-03-31,2002-05-15T20:57:52.000Z,,10-Q,001-09120,02653429,,10-Q,202785,0,0,,pseg-enterprise_1qtr0210q.txt,PUBLIC SERVICE ENTERPRISE GROUP INC.
0000891092-02-000747,2002-06-10,,2002-06-10T19:41:12.000Z,,S-3/A,333-86372,02675044,,S-3/A,811176,0,0,,e13474s3a.txt,FORM S-3/A
0000891092-02-000794,2002-06-26,,2002-06-25T21:45:59.000Z,,S-3/A,333-86372,02686940,,S-3/A,225780,0,0,,e13605s3a.txt,FORM S-3/A
0000788784-02-000053,2002-07-01,2001-12-31,2002-07-01T21:01:17.000Z,,11-K,001-09120,02694101,,11-K,266367,0,0,,pseg-thrift_11kfinal.txt,PSEG THRIFT AND TAX-DEFERRED SAVINGS PLAN
0000788784-02-000054,2002-07-01,2001-12-31,2002-07-01T21:06:47.000Z,,11-K,001-09120,02694143,,11-K,237254,0,0,,pseg_savings11-k.txt,PSEG EMPLOYEE SAVINGS PLAN
0000788784-02-000064,2002-07-11,2002-07-11,2002-07-11T21:26:18.000Z,,8-K,001-09120,02701359,"5,7",8-K,5583,0,0,,pseg-enterprise_pr8k.txt,PSEG ENTERPISE JULY 11TH PRESS RELEASE
0000788784-02-000068,2002-07-18,2002-07-17,2002-07-17T23:08:09.000Z,,8-K,001-09120,02705106,"5,7",8-K,64110,0,0,,pseg-enterpriserresults2q.txt,PSEG ENTERPRISE SECOND QUARTER 2002 RESULTS
0000788784-02-000074,2002-07-29,2002-06-30,2002-07-29T21:18:22.000Z,,10-Q,001-09120,02713554,,10-Q,261572,0,0,,pseg-enterprise_10q2qtr.txt,"PUBLIC SERVICE ENTERPRISE GROUP, INC. 2 QTR. 10-Q"
0000788784-02-000075,2002-07-29,2002-07-29,2002-07-29T21:23:20.000Z,,8-K/A,001-09120,02713596,"7,8",8-K/A,64607,0,0,,pseg-enterpriserresults8ka.txt,"PUBLIC SERVICE ENTERPRISE GROUP, INC."
0000788784-02-000076,2002-07-29,2002-03-31,2002-07-29T21:25:48.000Z,,10-Q/A,001-09120,02713617,,10-Q/A,211769,0,0,,pseg-enterprise_10qa1q02.txt,PSEG 10-Q/A
0000788784-02-000082,2002-07-30,2002-07-29,2002-07-30T20:41:21.000Z,,8-K,001-09120,02714951,"7,9",8-K,12478,0,0,,pseg-8k_certifications.txt,PSEG FORM 8K - CERTIFICATIONS
0000891092-02-001033,2002-09-04,,2002-09-03T23:32:58.000Z,,424B3,333-86372,02755768,,424B3,536876,0,0,,e13660_424b3.txt,PROSPECTUS SUPLEMENT
9999999997-02-050859,2002-09-05,,2002-09-16T20:42:52.000Z,,CERTNYS,001-09120,02047822,,CERTNYS,1777,0,0,,9999999997-02-050859.paper,AUTO-GENERATED PAPER DOCUMENT
0000891092-02-001050,2002-09-06,,2002-09-06T01:59:51.000Z,,8-A12B,001-09120,02757921,,8-A12B,7972,0,0,,e13802_8a.txt,FORM 8-A12B
0000891092-02-001060,2002-09-09,,2002-09-09T21:21:36.000Z,,424B2,333-86372,02759868,,424B2,539505,0,0,,e13800_424b2.txt,PROSPECTUS SUPPLEMENT
0000891092-02-001062,2002-09-10,2002-09-10,2002-09-10T13:45:36.000Z,,8-K,001-09120,02760147,7,8-K,966188,0,0,,e13808_8k.txt,8-K
0000891092-02-001064,2002-09-10,,2002-09-10T13:47:51.000Z,,8-A12B/A,001-09120,02760149,,8-A12B/A,9503,0,0,,e13811_8a.txt,AMD 1 TO FORM 8-A
0000788784-02-000097,2002-10-11,2002-10-11,2002-10-11T21:09:39.000Z,,8-K,001-09120,02787868,"5,7",8-K,19346,0,0,,pseg-enterprise_8koct11.txt,FORM 8-K
0000891092-02-001247,2002-11-04,2002-09-30,2002-11-02T01:25:36.000Z,,10-Q,001-09120,02807314,,10-Q,327509,0,0,,e13916_10q.txt,FORM 10-Q
0000891092-02-001281,2002-11-12,,2002-11-12T15:11:41.000Z,,424B3,333-86372,02815647,,424B3,233449,0,0,,e13923_424b3.txt,PROSPECTUS AND SUPPLEMENT
0000891092-02-001291,2002-11-13,,2002-11-13T19:31:47.000Z,,424B5,333-86372,02819527,,424B5,233553,0,0,,e13965_424b5.txt,PROSPECTUS SUPPLEMENT
0000788784-02-000101,2002-11-22,2002-11-22,2002-11-22T20:22:18.000Z,,8-K,001-09120,02837760,"5,7",8-K,436811,0,0,,pseg_form8-k1122.txt,PSEG FORM 8-K
0000891092-02-001354,2002-11-22,,2002-11-22T20:30:01.000Z,,S-3,333-101400,02837875,,S-3,802353,0,0,,e13726s_3.txt,FORM S-3
0000891092-02-001444,2002-12-16,,2002-12-16T19:51:17.000Z,,424B3,333-101400,02858491,,424B3,359770,0,0,,e14074_424b3.txt,PROSPECTUS SUPPLEMENT
0000891092-02-001445,2002-12-16,,2002-12-16T19:59:33.000Z,,424B5,333-101400,02858524,,424B5,364048,0,0,,e14075_424b5.txt,FINAL PROSPECTUS SUPPLEMENT
9999999997-03-000292,2002-12-23,,2003-01-03T19:28:05.000Z,,CERTNYS,001-09120,02066309,,CERTNYS,1777,0,0,,9999999997-03-000292.paper,AUTO-GENERATED PAPER DOCUMENT
0000788784-03-000002,2003-01-29,2003-01-28,2003-01-29T01:50:38.000Z,,8-K,001-09120,03528730,"5,7",8-K,66999,0,0,,pseg-enterpriserresults4q.txt,2002 EARNINGS RELEASE 8-K
0000930661-03-000568,2003-02-12,,2003-02-12T18:33:23.000Z,,SC 13G,005-44133,03553507,,SC 13G,10756,0,0,,dsc13g.txt,SCHEDULE 13G
0000932471-03-000176,2003-02-13,,2003-02-13T15:57:48.000Z,,SC 13G/A,005-44133,03557131,,SC 13G/A,8568,0,0,,publicserviceent.txt,PUBLIC SERVICE ENTERPRISE GROUP INC.
0001206774-03-000082,2003-02-26,2002-12-31,2003-02-26T21:16:06.000Z,,10-K,001-09120,03581173,,10-K,3962462,0,0,,d1200010k.htm,FORM 10-K
0001206774-03-000083,2003-02-28,2002-12-31,2003-02-28T19:33:28.000Z,,U-3A-2,069-00316,03586152,,U-3A-2,1097881,0,0,,d11999.txt,
0001206774-03-000130,2003-03-10,2003-04-15,2003-03-10T19:52:38.000Z,,DEF 14A,001-09120,03597822,,DEF 14A,663118,0,0,,d11985.htm,
9999999997-03-009739,2003-03-12,2002-12-31,2003-03-14T19:31:27.000Z,,ARS,001-09120,03017221,,ARS,1802,0,0,,9999999997-03-009739.paper,AUTO-GENERATED PAPER DOCUMENT
0000950117-03-001457,2003-04-15,2003-04-15,2003-04-15T21:05:55.000Z,,8-K,001-09120,03651093,5,8-K,39516,0,0,,a35015.txt,PSE&G ET AL
0000950117-03-001867,2003-05-02,2003-03-31,2003-05-02T19:38:53.000Z,,10-Q,001-09120,03679718,,10-Q,1304284,0,0,,a35147.htm,PUBLIC SERVICE ENTERPRISE GROUP INC.
0000950117-03-002467,2003-06-06,2003-06-06,2003-06-06T21:12:44.000Z,,8-K,001-09120,03736366,5,8-K,14997,0,0,,a35521.txt,PUBLIC SERVICE ENTERPRISE GROUP INC.
0000950117-03-002624,2003-06-17,2003-06-16,2003-06-17T21:31:31.000Z,,8-K,001-09120,03747813,5,8-K,19203,0,0,,a35576.txt,PUBLIC SERVICE ENTERPRISE GROUP INC.
0000891092-03-001362,2003-06-20,,2003-06-20T20:38:23.000Z,,S-8,333-106330,03752108,,S-8,61382,0,0,,e15026s_8.txt,FORM S-8
0000788784-03-000008,2003-06-25,2003-06-24,2003-06-25T15:12:45.000Z,,4,,,,4,6569,0,0,,xslF345X01/koe114.xml,
0001223203-03-000943,2003-06-26,2003-06-25,2003-06-26T20:01:34.000Z,,4,,,,4,5825,0,0,,xslF345X01/koe4.xml,
0001223203-03-000944,2003-06-26,2003-06-25,2003-06-26T20:15:42.000Z,,4,,,,4,4402,0,0,,xslF345X01/koe5.xml,
0000950117-03-002754,2003-06-27,2002-12-31,2003-06-27T19:33:18.000Z,,11-K,001-09120,03761160,,11-K,38426,0,0,,a35638.txt,PUBLIC SERVICE ENTERPRISE GROUP INCORPORATED
0000950117-03-002755,2003-06-27,2002-12-31,2003-06-27T19:33:52.000Z,,11-K,001-09120,03761170,,11-K,39514,0,0,,a35639.txt,PUBLIC SERVICE ENTERPRISE GROUP INCORPORATED
0000950117-03-002765,2003-06-27,,2003-06-27T21:25:59.000Z,,U-57,073-00066,03762249,,U-57,12748,0,0,,a35663.txt,PSEG INC.
0000788784-03-000011,2003-07-01,2003-06-30,2003-07-01T20:08:09.000Z,,4,,,,4,5088,0,0,,xslF345X01/gam131.xml,
0000788784-03-000012,2003-07-01,2003-06-30,2003-07-01T20:08:20.000Z,,4,,,,4,5081,0,0,,xslF345X01/hic132.xml,
0000788784-03-000013,2003-07-01,2003-06-30,2003-07-01T20:08:31.000Z,,4,,,,4,5078,0,0,,xslF345X01/ren133.xml,
0000788784-03-000014,2003-07-01,2003-06-30,2003-07-01T20:08:47.000Z,,4,,,,4,5219,0,0,,xslF345X01/swi134.xml,
0000788784-03-000016,2003-07-14,2003-07-11,2003-07-14T14:28:52.000Z,,4,,,,4,4269,0,0,,xslF345X01/rad136.xml,
0000788784-03-000025,2003-07-16,2003-07-15,2003-07-16T15:01:58.000Z,,4,,,,4,5098,0,0,,xslF345X01/gam137.xml,
0000788784-03-000026,2003-07-16,2003-07-15,2003-07-16T15:02:00.000Z,,4,,,,4,5091,0,0,,xslF345X01/hic138.xml,
0000788784-03-000027,2003-07-16,2003-07-15,2003-07-16T15:02:04.000Z,,4,,,,4,5087,0,0,,xslF345X01/ren139.xml,
0000788784-03-000028,2003-07-16,2003-07-15,2003-07-16T15:02:07.000Z,,4,,,,4,5228,0,0,,xslF345X01/swi140.xml,
0000950117-03-003110,2003-07-23,2003-07-22,2003-07-23T01:24:59.000Z,,8-K,001-09120,03797309,"5,9",8-K,44795,0,0,,a35810.txt,PUBLIC SERVICE ENTERPRISE GROUP INC.
0000788784-03-000032,2003-07-30,2003-07-29,2003-07-30T13:24:23.000Z,,4,,,,4,5396,0,0,,xslF345X02/gam141.xml,
0000788784-03-000033,2003-07-30,2003-07-29,2003-07-30T13:24:25.000Z,,4,,,,4,5391,0,0,,xslF345X02/hic142.xml,
0000788784-03-000034,2003-07-30,2003-07-29,2003-07-30T13:24:28.000Z,,4,,,,4,5404,0,0,,xslF345X02/ren143.xml,
0000950117-03-003390,2003-08-01,2003-06-30,2003-08-01T16:49:17.000Z,,10-Q,001-09120,03817169,,10-Q,1842262,0,0,,a35880.htm,PUBLIC SERVICE ENTERPRISE GROUP INC.
0000788784-03-000037,2003-08-11,2003-08-08,2003-08-11T14:04:35.000Z,,4,,,,4,4536,0,0,,xslF345X02/rad146.xml,
0000788784-03-000040,2003-09-15,2003-09-12,2003-09-15T14:01:26.000Z,,4,,,,4,4536,0,0,,xslF345X02/rad148.xml,
0000788784-03-000047,2003-09-17,2003-09-16,2003-09-17T14:30:09.000Z,,4,,,,4,5398,0,0,,xslF345X02/gam151.xml,
0000788784-03-000048,2003-09-17,2003-09-16,2003-09-17T14:30:11.000Z,,4,,,,4,5393,0,0,,xslF345X02/hic152.xml,
0000788784-03-000049,2003-09-17,2003-09-16,2003-09-17T14:30:16.000Z,,4,,,,4,5406,0,0,,xslF345X02/ren153.xml,
0000788784-03-000050,2003-09-17,2003-09-16,2003-09-17T14:30:21.000Z,,4,,,,4,5520,0,0,,xslF345X02/swi154.xml,
0000950117-03-004300,2003-09-30,2003-08-26,2003-09-30T20:53:03.000Z,,8-K,001-09120,03918113,5,8-K,28449,0,0,,a36246.txt,PUBLIC SERVICE ENTERPRISE GROUP INCORPORATED
0000891092-03-002633,2003-10-01,,2003-10-01T17:17:10.000Z,,424B3,333-101400,03919871,,424B3,231223,0,0,,e15774_424b.txt,PROSPECTUS SUPPLEMENT
0000891092-03-002675,2003-10-02,,2003-10-02T15:53:21.000Z,,424B5,333-101400,03922777,,424B5,231559,0,0,,e15793_424b5.txt,FORM 424B5
0000788784-03-000051,2003-10-14,2003-10-10,2003-10-14T14:20:57.000Z,,4,,,,4,4536,0,0,,xslF345X02/rad158.xml,
0000788784-03-000052,2003-10-15,2003-09-30,2003-10-15T17:29:18.000Z,,4,,,,4,5442,0,0,,xslF345X02/gam172.xml,
0000788784-03-000053,2003-10-15,2003-09-16,2003-10-15T17:29:20.000Z,,4/A,,,,4/A,5675,0,0,,xslF345X02/gam180.xml,
0000788784-03-000054,2003-10-15,2003-09-16,2003-10-15T17:29:23.000Z,,4/A,,,,4/A,5668,0,0,,xslF345X02/hic164.xml,
0000788784-03-000055,2003-10-15,2003-09-30,2003-10-15T17:29:25.000Z,,4,,,,4,5435,0,0,,xslF345X02/hic168.xml,
0000788784-03-000056,2003-10-15,2003-09-16,2003-10-15T17:29:28.000Z,,4/A,,,,4/A,5681,0,0,,xslF345X02/ren155.xml,
0000788784-03-000057,2003-10-15,2003-09-30,2003-10-15T17:29:29.000Z,,4,,,,4,5475,0,0,,xslF345X02/ren157.xml,
0000788784-03-000058,2003-10-15,2003-09-16,2003-10-15T17:29:35.000Z,,4/A,,,,4/A,5795,0,0,,xslF345X02/swi166.xml,
0000788784-03-000059,2003-10-15,2003-09-30,2003-10-15T17:29:37.000Z,,4,,,,4,5564,0,0,,xslF345X02/swi173.xml,
0000788784-03-000061,2003-10-21,2003-10-17,2003-10-21T12:56:24.000Z,,3,,,,3,12422,0,0,,xslF345X02/izz183.xml,
0000788784-03-000062,2003-10-22,2003-10-21,2003-10-22T13:07:12.000Z,,4,,,,4,5372,0,0,,xslF345X02/gam184.xml,
0000788784-03-000063,2003-10-22,2003-10-21,2003-10-22T13:07:17.000Z,,4,,,,4,5365,0,0,,xslF345X02/hic185.xml,
0000788784-03-000064,2003-10-22,2003-10-21,2003-10-22T13:07:21.000Z,,4,,,,4,5378,0,0,,xslF345X02/ren186.xml,
0000788784-03-000065,2003-10-22,2003-10-21,2003-10-22T13:07:23.000Z,,4,,,,4,5494,0,0,,xslF345X02/swi187.xml,
0000950117-03-004491,2003-10-23,2003-10-22,2003-10-23T00:04:52.000Z,,8-K,001-09120,03952884,"5,9",8-K,54469,0,0,,a36344.txt,PUBLIC SERVICE ENTERPRISE GROUP INCORPORATED
0000788784-03-000067,2003-10-28,2003-10-27,2003-10-28T15:49:48.000Z,,4,,,,4,5365,0,0,,xslF345X02/hic189.xml,
0000788784-03-000068,2003-10-28,2003-10-27,2003-10-28T15:49:50.000Z,,4,,,,4,5378,0,0,,xslF345X02/ren190.xml,
0000788784-03-000069,2003-10-28,2003-10-27,2003-10-28T15:49:52.000Z,,4,,,,4,5492,0,0,,xslF345X02/swi191.xml,
0000788784-03-000066,2003-10-28,2003-10-27,2003-10-28T15:50:03.000Z,,4,,,,4,5370,0,0,,xslF345X02/gam188.xml,
0000950117-03-004611,2003-10-30,2003-09-30,2003-10-30T22:18:43.000Z,,10-Q,001-09120,03967467,,10-Q,1908784,0,0,,a36380.htm,PUBLIC SERVICE ENTERPRISE GROUP INC.
0000788784-03-000071,2003-11-17,2003-11-14,2003-11-17T14:48:17.000Z,,4,,,,4,4537,0,0,,xslF345X02/rad192.xml,
0000788784-03-000072,2003-11-19,2003-11-18,2003-11-19T14:47:47.000Z,,4,,,,4,5397,0,0,,xslF345X02/gam194.xml,
0000788784-03-000073,2003-11-19,2003-11-18,2003-11-19T14:47:49.000Z,,4,,,,4,5392,0,0,,xslF345X02/hic193.xml,
0000788784-03-000074,2003-11-19,2003-11-18,2003-11-19T14:47:52.000Z,,4,,,,4,5408,0,0,,xslF345X02/ren195.xml,
0000788784-03-000075,2003-11-19,2003-11-18,2003-11-19T14:47:54.000Z,,4,,,,4,5519,0,0,,xslF345X02/swi196.xml,
0000788784-03-000076,2003-12-03,2003-12-03,2003-12-03T16:50:41.000Z,,4,,,,4,7673,0,0,,xslF345X02/sel198.xml,
0000788784-03-000077,2003-12-15,2003-12-12,2003-12-15T14:48:00.000Z,,4,,,,4,4439,0,0,,xslF345X02/rad199.xml,
0000788784-03-000078,2003-12-17,2003-12-16,2003-12-17T15:31:27.000Z,,4,,,,4,5399,0,0,,xslF345X02/gam200.xml,
0000788784-03-000079,2003-12-17,2003-12-16,2003-12-17T15:31:33.000Z,,4,,,,4,5392,0,0,,xslF345X02/hic201.xml,
0000788784-03-000080,2003-12-17,2003-12-16,2003-12-17T15:31:35.000Z,,4,,,,4,5408,0,0,,xslF345X02/ren202.xml,
0000788784-03-000081,2003-12-17,2003-12-16,2003-12-17T15:31:38.000Z,,4,,,,4,5519,0,0,,xslF345X02/swi203.xml,
0000788784-04-000002,2004-01-02,2003-12-31,2004-01-02T19:33:46.000Z,,4,,,,4,5393,0,0,,xslF345X02/hic206.xml,
0000788784-04-000001,2004-01-02,2003-12-31,2004-01-02T19:33:47.000Z,,4,,,,4,5401,0,0,,xslF345X02/gam205.xml,
0000788784-04-000003,2004-01-02,2003-12-31,2004-01-02T19:33:49.000Z,,4,,,,4,5411,0,0,,xslF345X02/ren207.xml,
0000788784-04-000004,2004-01-02,2003-12-31,2004-01-02T19:33:51.000Z,,4,,,,4,5524,0,0,,xslF345X02/swi208.xml,
0000788784-04-000005,2004-01-12,2004-01-09,2004-01-12T16:43:28.000Z,,4,,,,4,4536,0,0,,xslF345X02/rad209.xml,
0000788784-04-000006,2004-01-21,2004-01-20,2004-01-21T19:05:31.000Z,,4,,,,4,5399,0,0,,xslF345X02/gam210.xml,
0000788784-04-000007,2004-01-21,2004-01-20,2004-01-21T19:05:35.000Z,,4,,,,4,5394,0,0,,xslF345X02/hic212.xml,
0000788784-04-000008,2004-01-21,2004-01-20,2004-01-21T19:05:37.000Z,,4,,,,4,5411,0,0,,xslF345X02/ren214.xml,
0000788784-04-000009,2004-01-21,2004-01-20,2004-01-21T19:05:39.000Z,,4,,,,4,5524,0,0,,xslF345X02/swi216.xml,
0000950117-04-000500,2004-02-02,2004-01-27,2004-02-02T22:28:45.000Z,,8-K,001-09120,04560211,"12,5",8-K,51366,0,0,,a36934.txt,PUBLIC SERVICE ENTERPRISE GROUP INCORPORATED
0000932471-04-000268,2004-02-05,,2004-02-05T15:49:41.000Z,,SC 13G/A,005-44133,04568890,,SC 13G/A,8389,0,0,,publicserviceenterprise.txt,
0001193125-04-019116,2004-02-11,,2004-02-11T14:26:12.000Z,,SC 13G/A,005-44133,04583956,,SC 13G/A,10535,0,0,,dsc13ga.txt,SCHEDULE 13G/A
0000017283-04-000501,2004-02-13,,2004-02-13T02:15:40.000Z,,SC 13G,005-44133,04594310,,SC 13G,9256,0,0,,edgpeg.txt,SC 13G
0000788784-04-000011,2004-02-18,2004-02-17,2004-02-18T17:45:28.000Z,,4,,,,4,6165,0,0,,xslF345X02/hic219.xml,
0000788784-04-000010,2004-02-18,2004-02-17,2004-02-18T17:45:30.000Z,,4,,,,4,6170,0,0,,xslF345X02/gam218.xml,
0000788784-04-000012,2004-02-18,2004-02-17,2004-02-18T17:45:31.000Z,,4,,,,4,6180,0,0,,xslF345X02/ren220.xml,
0000788784-04-000013,2004-02-18,2004-02-17,2004-02-18T17:45:32.000Z,,4,,,,4,6293,0,0,,xslF345X02/swi221.xml,
0000788784-04-000014,2004-02-25,2004-02-13,2004-02-25T19:58:35.000Z,,4,,,,4,5086,0,0,,xslF345X02/rad222.xml,
0000950117-04-000775,2004-02-25,2003-12-31,2004-02-25T22:20:09.000Z,,10-K,001-09120,04628286,,10-K,6822129,0,0,,a37089.htm,PSEG
0000950117-04-000795,2004-02-27,2003-12-31,2004-02-27T19:49:17.000Z,,U-3A-2,069-00316,04634633,,U-3A-2,1103037,0,0,,a37106.txt,PUBLIC SERVICE ENTERPRISE GROUP INCORPORATED
0000788784-04-000015,2004-03-01,2004-02-27,2004-03-01T18:27:34.000Z,,4,,,,4,6528,0,0,,xslF345X02/dor228.xml,
0000788784-04-000016,2004-03-02,2004-02-27,2004-03-02T17:43:05.000Z,,4,,,,4,10250,0,0,,xslF345X02/rad230.xml,
0000788784-04-000017,2004-03-02,2004-02-27,2004-03-02T17:59:02.000Z,,4,,,,4,13127,0,0,,xslF345X02/bus231.xml,
0000950117-04-000927,2004-03-10,2004-04-20,2004-03-10T18:12:33.000Z,,DEF 14A,001-09120,04659560,,DEF 14A,601572,0,0,,a37038.htm,"PUBLIC SERVICE ENTERPRISE GROUP, INC."
9999999997-04-009309,2004-03-11,2003-12-31,2004-03-12T15:23:22.000Z,,ARS,001-09120,04011434,,ARS,1802,0,0,,9999999997-04-009309.paper,AUTO-GENERATED PAPER DOCUMENT
0000788784-04-000018,2004-03-15,2004-03-11,2004-03-15T16:20:36.000Z,,4,,,,4,6180,0,0,,xslF345X02/ren232.xml,
0000788784-04-000019,2004-03-15,2004-03-11,2004-03-15T16:21:09.000Z,,4,,,,4,6293,0,0,,xslF345X02/swi233.xml,
0000788784-04-000020,2004-03-15,2004-03-12,2004-03-15T18:08:45.000Z,,4,,,,4,5086,0,0,,xslF345X02/rad234.xml,
0000788784-04-000021,2004-03-17,2004-03-16,2004-03-17T16:47:25.000Z,,4,,,,4,6170,0,0,,xslF345X02/gam235.xml,
0000788784-04-000022,2004-03-17,2004-03-16,2004-03-17T16:47:32.000Z,,4,,,,4,6165,0,0,,xslF345X02/hic236.xml,
0000788784-04-000023,2004-03-17,2004-03-16,2004-03-17T16:47:38.000Z,,4,,,,4,6180,0,0,,xslF345X02/ren237.xml,
0000788784-04-000024,2004-03-17,2004-03-16,2004-03-17T19:50:07.000Z,,4,,,,4,6293,0,0,,xslF345X02/swi238.xml,
0000788784-04-000025,2004-04-01,2004-03-31,2004-04-01T19:54:33.000Z,,4,,,,4,6172,0,0,,xslF345X02/gam239.xml,
0000788784-04-000026,2004-04-01,2004-03-31,2004-04-01T19:54:35.000Z,,4,,,,4,6165,0,0,,xslF345X02/hic240.xml,
0000788784-04-000027,2004-04-01,2004-03-31,2004-04-01T19:54:40.000Z,,4,,,,4,6182,0,0,,xslF345X02/ren241.xml,
0000788784-04-000028,2004-04-01,2004-03-31,2004-04-01T19:54:40.000Z,,4,,,,4,6295,0,0,,xslF345X02/swi242.xml,
0000788784-04-000029,2004-04-02,2004-03-31,2004-04-02T18:59:58.000Z,,4,,,,4,13956,0,0,,xslF345X02/rad243.xml,
0000788784-04-000030,2004-04-20,2004-04-12,2004-04-20T20:04:28.000Z,,4,,,,4,5086,0,0,,xslF345X02/rad244.xml,
0000788784-04-000031,2004-04-21,2004-04-20,2004-04-21T16:06:09.000Z,,4,,,,4,6172,0,0,,xslF345X02/gam246.xml,
0000788784-04-000032,2004-04-21,2004-04-20,2004-04-21T16:06:09.000Z,,4,,,,4,6165,0,0,,xslF345X02/hic247.xml,
0000788784-04-000033,2004-04-21,2004-04-20,2004-04-21T16:06:13.000Z,,4,,,,4,6182,0,0,,xslF345X02/ren248.xml,
0000788784-04-000034,2004-04-21,2004-04-20,2004-04-21T16:06:19.000Z,,4,,,,4,6295,0,0,,xslF345X02/swi245.xml,
0001223203-04-000021,2004-04-28,2004-04-26,2004-04-28T16:01:03.000Z,,4,,,,4,6170,0,0,,xslF345X02/gam249.xml,
0001223203-04-000023,2004-04-28,2004-04-26,2004-04-28T16:01:05.000Z,,4,,,,4,6293,0,0,,xslF345X02/swi251.xml,
0001223203-04-000022,2004-04-28,2004-04-26,2004-04-28T16:01:06.000Z,,4,,,,4,6165,0,0,,xslF345X02/hic250.xml,
0000950117-04-001627,2004-04-30,2004-04-29,2004-04-29T21:38:39.000Z,,8-K,001-09120,04766530,"12,5",8-K,73223,0,0,,a37585.txt,PUBLIC SERVICE ENTERPRISE GROUP INCORPORATED
0000950117-04-001662,2004-04-30,2004-03-31,2004-04-30T20:45:01.000Z,,10-Q,001-09120,04770348,,10-Q,1158404,0,0,,a37543.htm,PUBLIC SERVICE ENTERPRISE GROUP INCORPORATED
0001223203-04-000037,2004-05-04,2004-05-03,2004-05-04T17:10:18.000Z,,4,,,,4,6838,0,0,,xslF345X02/dor258.xml,
0001223203-04-000039,2004-05-04,2004-05-03,2004-05-04T17:10:22.000Z,,4,,,,4,6770,0,0,,xslF345X02/gam255.xml,
0001223203-04-000038,2004-05-04,2004-05-03,2004-05-04T17:10:25.000Z,,4,,,,4,6981,0,0,,xslF345X02/dre252.xml,
0001223203-04-000040,2004-05-04,2004-05-03,2004-05-04T17:10:25.000Z,,4,,,,4,6739,0,0,,xslF345X02/har253.xml,
0001223203-04-000042,2004-05-04,2004-05-03,2004-05-04T17:10:31.000Z,,4,,,,4,6831,0,0,,xslF345X02/jac256.xml,
0001223203-04-000041,2004-05-04,2004-05-03,2004-05-04T17:10:32.000Z,,4,,,,4,9587,0,0,,xslF345X02/hic257.xml,
0001223203-04-000044,2004-05-04,2004-05-03,2004-05-04T17:10:35.000Z,,4,,,,4,6895,0,0,,xslF345X02/swi254.xml,
0001223203-04-000043,2004-05-04,2004-05-03,2004-05-04T17:10:37.000Z,,4,,,,4,9601,0,0,,xslF345X02/ren259.xml,
0001223203-04-000045,2004-05-05,2004-05-03,2004-05-05T14:32:51.000Z,,4,,,,4,8336,0,0,,xslF345X02/bus264.xml,
0001223203-04-000047,2004-05-05,2004-05-03,2004-05-05T14:32:55.000Z,,4,,,,4,9051,0,0,,xslF345X02/dou269.xml,
0001223203-04-000046,2004-05-05,2004-05-03,2004-05-05T14:32:57.000Z,,4,,,,4,8337,0,0,,xslF345X02/cas268.xml,
0001223203-04-000048,2004-05-05,2004-05-03,2004-05-05T14:32:58.000Z,,4,,,,4,9030,0,0,,xslF345X02/fer270.xml,
0001223203-04-000050,2004-05-05,2004-05-03,2004-05-05T14:33:02.000Z,,4,,,,4,8342,0,0,,xslF345X02/ofl267.xml,
0001223203-04-000049,2004-05-05,2004-05-03,2004-05-05T14:33:04.000Z,,4,,,,4,8292,0,0,,xslF345X02/izz266.xml,
0001223203-04-000051,2004-05-05,2004-05-03,2004-05-05T14:33:04.000Z,,4,,,,4,7630,0,0,,xslF345X02/rad271.xml,
0001223203-04-000052,2004-05-05,2004-05-03,2004-05-05T14:33:07.000Z,,4,,,,4,10408,0,0,,xslF345X02/sel265.xml,
0001223203-04-000058,2004-05-07,2004-05-06,2004-05-07T15:44:23.000Z,,4,,,,4,13021,0,0,,xslF345X02/sel274.xml,
0001223203-04-000059,2004-05-17,2004-05-14,2004-05-17T14:32:31.000Z,,4,,,,4,5085,0,0,,xslF345X02/rad275.xml,
0001223203-04-000087,2004-06-02,2004-06-01,2004-06-02T19:47:57.000Z,,4,,,,4,7731,0,0,,xslF345X02/sel277.xml,
0001223203-04-000119,2004-06-16,2004-06-15,2004-06-16T19:46:04.000Z,,4,,,,4,6170,0,0,,xslF345X02/gam279.xml,
0001223203-04-000120,2004-06-16,2004-06-15,2004-06-16T19:46:06.000Z,,4,,,,4,6165,0,0,,xslF345X02/hic280.xml,
0001223203-04-000121,2004-06-16,2004-06-14,2004-06-16T19:46:09.000Z,,4,,,,4,8511,0,0,,xslF345X02/ren281.xml,
0001223203-04-000122,2004-06-16,2004-06-14,2004-06-16T19:46:15.000Z,,4,,,,4,8626,0,0,,xslF345X02/swi282.xml,
0001223203-04-000123,2004-06-16,2004-06-14,2004-06-16T19:46:16.000Z,,4,,,,4,5086,0,0,,xslF345X02/rad278.xml,
0000950117-04-002365,2004-06-28,2003-12-31,2004-06-28T21:01:09.000Z,,11-K,001-09120,04885747,,11-K,43614,0,0,,a37906.txt,PUBLIC SERVICE ENTERPRISE GROUP INCORPORATED
0000950117-04-002364,2004-06-28,2003-12-31,2004-06-28T21:01:10.000Z,,11-K,001-09120,04885749,,11-K,42371,0,0,,a37907.txt,PUBLIC SERVICE ENTERPRISE GROUP INCORPORATED
0001223203-04-000131,2004-07-01,2004-06-30,2004-07-01T17:54:25.000Z,,4,,,,4,6172,0,0,,xslF345X02/gam283.xml,
0001223203-04-000132,2004-07-01,2004-06-30,2004-07-01T17:54:27.000Z,,4,,,,4,6165,0,0,,xslF345X02/hic284.xml,
0001223203-04-000133,2004-07-01,2004-06-30,2004-07-01T17:54:29.000Z,,4,,,,4,6182,0,0,,xslF345X02/ren285.xml,
0001223203-04-000134,2004-07-01,2004-06-30,2004-07-01T17:54:33.000Z,,4,,,,4,6295,0,0,,xslF345X02/swi286.xml,
0001223203-04-000135,2004-07-13,2004-07-09,2004-07-13T12:27:03.000Z,,4,,,,4,5086,0,0,,xslF345X02/rad295.xml,
0001223203-04-000147,2004-07-21,2004-07-19,2004-07-21T19:14:09.000Z,,4,,,,4,8501,0,0,,xslF345X02/gam296.xml,
0001223203-04-000148,2004-07-21,2004-07-19,2004-07-21T19:14:11.000Z,,4,,,,4,8496,0,0,,xslF345X02/hic297.xml,
0001223203-04-000150,2004-07-21,2004-07-20,2004-07-21T19:14:14.000Z,,4,,,,4,6295,0,0,,xslF345X02/swi299.xml,
0001223203-04-000149,2004-07-21,2004-07-19,2004-07-21T19:14:17.000Z,,4,,,,4,8513,0,0,,xslF345X02/ren298.xml,
0001223203-04-000191,2004-07-27,2004-07-26,2004-07-27T18:16:36.000Z,,4,,,,4,6170,0,0,,xslF345X02/gam300.xml,
0001223203-04-000192,2004-07-27,2004-07-26,2004-07-27T18:16:38.000Z,,4,,,,4,6165,0,0,,xslF345X02/hic301.xml,
0001223203-04-000193,2004-07-27,2004-07-26,2004-07-27T18:16:41.000Z,,4,,,,4,6180,0,0,,xslF345X02/ren302.xml,
0000950117-04-002754,2004-07-30,2004-07-30,2004-07-30T21:21:50.000Z,,8-K,001-09120,04943124,"12,5",8-K,95765,0,0,,a38125.txt,PUBLIC SERVICE ENTERPRISE GROUP INCORPORATED
0000950117-04-002771,2004-08-02,2003-12-31,2004-08-02T21:25:47.000Z,,U-3A-2/A,069-00316,04945887,,U-3A-2/A,5303,0,0,,a38147.txt,PUBLIC SERVICE ENTERPRISE GROUP INCORPORATED
0000950117-04-002772,2004-08-03,2004-06-30,2004-08-02T21:33:17.000Z,,10-Q,001-09120,04945963,,10-Q,1803282,0,0,,a38110.htm,PUBLIC SERVICE ENTERPRISE GROUP INC.
0001223203-04-000194,2004-08-18,2004-08-13,2004-08-18T12:15:29.000Z,,4,,,,4,5086,0,0,,xslF345X02/rad303.xml,
0001223203-04-000198,2004-08-31,2004-08-30,2004-08-31T19:00:55.000Z,,4,,,,4,6322,0,0,,xslF345X02/swi307.xml,
0001223203-04-000195,2004-08-31,2004-08-30,2004-08-31T19:02:06.000Z,,4,,,,4,6199,0,0,,xslF345X02/gam304.xml,
0001223203-04-000196,2004-08-31,2004-08-30,2004-08-31T19:02:09.000Z,,4,,,,4,6194,0,0,,xslF345X02/hic305.xml,
0001223203-04-000197,2004-08-31,2004-08-30,2004-08-31T19:02:19.000Z,,4,,,,4,6209,0,0,,xslF345X02/ren306.xml,
0001223203-04-000200,2004-09-03,2004-09-01,2004-09-03T16:55:37.000Z,,4,,,,4,8526,0,0,,xslF345X02/hic309.xml,
0001223203-04-000199,2004-09-03,2004-09-01,2004-09-03T16:55:38.000Z,,4,,,,4,8531,0,0,,xslF345X02/gam308.xml,
0001223203-04-000201,2004-09-03,2004-09-01,2004-09-03T16:55:39.000Z,,4,,,,4,8541,0,0,,xslF345X02/ren310.xml,
0001223203-04-000202,2004-09-03,2004-09-02,2004-09-03T16:55:43.000Z,,4,,,,4,6323,0,0,,xslF345X02/swi311.xml,
0001223203-04-000204,2004-09-14,2004-09-10,2004-09-14T19:03:00.000Z,,4,,,,4,5116,0,0,,xslF345X02/rad312.xml,
0001223203-04-000209,2004-09-22,2004-09-21,2004-09-22T13:24:08.000Z,,4,,,,4,6200,0,0,,xslF345X02/gam313.xml,
0001223203-04-000210,2004-09-22,2004-09-21,2004-09-22T13:24:11.000Z,,4,,,,4,6195,0,0,,xslF345X02/hic314.xml,
0001223203-04-000211,2004-09-22,2004-09-21,2004-09-22T13:24:14.000Z,,4,,,,4,6210,0,0,,xslF345X02/ren315.xml,
0001223203-04-000219,2004-10-01,2004-09-30,2004-10-01T17:52:15.000Z,,4,,,,4,6195,0,0,,xslF345X02/hic316.xml,
0001223203-04-000218,2004-10-01,2004-09-30,2004-10-01T17:52:17.000Z,,4,,,,4,6202,0,0,,xslF345X02/gam319.xml,
0001223203-04-000221,2004-10-01,2004-09-30,2004-10-01T17:52:19.000Z,,4,,,,4,6325,0,0,,xslF345X02/swi317.xml,
0001223203-04-000220,2004-10-01,2004-09-30,2004-10-01T17:52:21.000Z,,4,,,,4,6212,0,0,,xslF345X02/ren318.xml,
0001223203-04-000222,2004-10-12,2004-10-08,2004-10-12T18:10:49.000Z,,4,,,,4,5116,0,0,,xslF345X02/rad320.xml,
0001223203-04-000226,2004-10-20,2004-10-18,2004-10-20T18:53:20.000Z,,4,,,,4,8526,0,0,,xslF345X02/hic322.xml,
0001223203-04-000225,2004-10-20,2004-10-18,2004-10-20T18:53:22.000Z,,4,,,,4,8533,0,0,,xslF345X02/gam321.xml,
0001223203-04-000228,2004-10-20,2004-10-19,2004-10-20T18:53:23.000Z,,4,,,,4,6325,0,0,,xslF345X02/swi324.xml,
0001223203-04-000227,2004-10-20,2004-10-19,2004-10-20T18:53:24.000Z,,4,,,,4,6210,0,0,,xslF345X02/ren323.xml,
0000950117-04-003643,2004-10-22,2004-10-18,2004-10-22T20:41:50.000Z,34,8-K,001-09120,041092242,"2.02,8.01,9.01",8-K,88660,0,0,,a38571.txt,PUBLIC SERVICE ENTERPRISE GROUP INCORPORATED
0001223203-04-000229,2004-10-26,2004-10-25,2004-10-26T17:34:48.000Z,,4,,,,4,6200,0,0,,xslF345X02/gam329.xml,
0001223203-04-000230,2004-10-26,2004-10-25,2004-10-26T17:34:57.000Z,,4,,,,4,6195,0,0,,xslF345X02/hic330.xml,
0001223203-04-000231,2004-10-26,2004-10-25,2004-10-26T17:34:58.000Z,,4,,,,4,6210,0,0,,xslF345X02/ren331.xml,
0001223203-04-000232,2004-10-26,2004-10-25,2004-10-26T17:35:02.000Z,,4,,,,4,6323,0,0,,xslF345X02/swi332.xml,
0001223203-04-000233,2004-10-29,2004-10-27,2004-10-29T13:28:40.000Z,,4,,,,4,6200,0,0,,xslF345X02/gam333.xml,
0001223203-04-000234,2004-10-29,2004-10-27,2004-10-29T13:28:48.000Z,,4,,,,4,6323,0,0,,xslF345X02/swi334.xml,
0000950117-04-003736,2004-10-29,2004-09-30,2004-10-29T21:16:10.000Z,34,10-Q,001-09120,041107323,,10-Q,1720499,0,0,,a38603.htm,PSEG
0000891092-04-005241,2004-10-29,,2004-10-29T21:23:02.000Z,33,S-8,333-120100,041107487,,S-8,28779,0,0,,e19353s8.txt,FORM S-8
0000891092-04-005242,2004-10-29,,2004-10-29T21:30:29.000Z,33,S-3,333-120111,041107581,,S-3,410685,0,0,,e19336_s3.txt,FORM S-3
0001223203-04-000253,2004-11-16,2004-11-12,2004-11-16T19:06:01.000Z,,4,,,,4,5116,0,0,,xslF345X02/rad335.xml,
0001223203-04-000254,2004-11-17,2004-11-16,2004-11-17T15:41:07.000Z,,4,,,,4,6200,0,0,,xslF345X02/gam336.xml,
0001223203-04-000255,2004-11-17,2004-11-16,2004-11-17T15:41:10.000Z,,4,,,,4,6195,0,0,,xslF345X02/hic337.xml,
0001223203-04-000257,2004-11-17,2004-11-16,2004-11-17T15:41:15.000Z,,4,,,,4,6323,0,0,,xslF345X02/swi339.xml,
0001223203-04-000256,2004-11-17,2004-11-15,2004-11-17T15:41:16.000Z,,4,,,,4,8541,0,0,,xslF345X02/ren338.xml,
0001223203-04-000258,2004-11-23,2004-11-22,2004-11-23T15:11:09.000Z,,4,,,,4,6199,0,0,,xslF345X02/gam340.xml,
0001223203-04-000260,2004-11-30,2004-11-29,2004-11-30T16:14:23.000Z,,4,,,,4,6195,0,0,,xslF345X02/hic341.xml,
0000891092-04-005846,2004-12-07,,2004-12-07T20:05:22.000Z,35,U-57,073-00066,041188379,,U-57,14115,0,0,,e20115u_57.txt,FORM U-57
0001223203-04-000270,2004-12-14,2004-12-11,2004-12-14T18:11:31.000Z,,4,,,,4,8526,0,0,,xslF345X02/hic343.xml,
0001223203-04-000269,2004-12-14,2004-12-11,2004-12-14T18:11:34.000Z,,4,,,,4,8531,0,0,,xslF345X02/gam342.xml,
0001223203-04-000271,2004-12-14,2004-12-10,2004-12-14T18:11:35.000Z,,4,,,,4,5116,0,0,,xslF345X02/rad346.xml,
0001223203-04-000272,2004-12-14,2004-12-11,2004-12-14T18:11:36.000Z,,4,,,,4,8541,0,0,,xslF345X02/ren344.xml,
0001223203-04-000273,2004-12-14,2004-12-12,2004-12-14T18:11:38.000Z,,4,,,,4,6323,0,0,,xslF345X02/swi345.xml,
0000950137-04-011199,2004-12-20,,2004-12-20T14:31:35.000Z,34,425,001-09120,041212894,,425,56281,0,0,,c90619e8vk.htm,CURRENT REPORT
0000950137-04-011202,2004-12-20,,2004-12-20T17:10:40.000Z,34,425,001-09120,041213244,,425,2083010,0,0,,c90622e425.htm,PURSUANT TO RULE 425
0000950137-04-011205,2004-12-20,,2004-12-20T18:06:57.000Z,34,425,001-09120,041213410,,425,110244,0,0,,c90623e425.htm,PURSUANT TO RULE 425
0000950137-04-011208,2004-12-20,,2004-12-20T18:54:03.000Z,34,425,001-09120,041213582,,425,33926,0,0,,c90627e425.htm,FORM 425
0000950137-04-011219,2004-12-20,,2004-12-20T20:20:32.000Z,34,425,001-09120,041213968,,425,26956,0,0,,c90626e425.htm,FORM 425
0000950137-04-011238,2004-12-20,,2004-12-20T22:08:14.000Z,34,425,001-09120,041214797,,425,42817,0,0,,c90625e425.htm,FORM 425
0000950117-04-004505,2004-12-20,,2004-12-20T22:19:18.000Z,34,425,001-09120,041214902,,425,25171,0,0,,a38926.txt,"PUBLIC SERVICE ENTERPRISE GROUP, INC."
0000950117-04-004506,2004-12-20,,2004-12-20T22:21:24.000Z,34,425,001-09120,041214928,,425,10348,0,0,,a38929.txt,"PUBLIC SERVICE ENTERPRISE GROUP, INC."
0000950117-04-004508,2004-12-20,,2004-12-20T22:22:49.000Z,34,425,001-09120,041214950,,425,8086,0,0,,a38930.txt,"PUBLIC SERVICE ENTERPRISE GROUP, INC."
0000950117-04-004509,2004-12-20,,2004-12-20T22:23:02.000Z,34,425,001-09120,041214954,,425,9402,0,0,,a38928.txt,"PUBLIC SERVICE ENTERPRISE GROUP, INC."
0000950117-04-004510,2004-12-20,,2004-12-20T22:24:05.000Z,34,425,001-09120,041214969,,425,11341,0,0,,a38927.txt,"PUBLIC SERVICE ENTERPRISE GROUP, INC."
0000950117-04-004512,2004-12-20,,2004-12-20T22:25:52.000Z,34,425,001-09120,041214992,,425,11121,0,0,,a38932.txt,PUBLIC SERVICE ENTERPRISE GROUP INC.
0000950117-04-004513,2004-12-20,,2004-12-20T22:27:05.000Z,34,425,001-09120,041215011,,425,2686564,0,0,,a38931.htm,"PUBLIC SERVICE ENTEPRISE GROUP, INC."
0000950117-04-004516,2004-12-21,,2004-12-20T22:32:23.000Z,34,425,001-09120,041215166,,425,8798,0,0,,a38939.txt,PUBLIC SERVICE ENTERPRISE GROUP INC.
0000950117-04-004517,2004-12-21,,2004-12-20T23:35:54.000Z,34,425,001-09120,041215392,,425,22173,0,0,,a38933.txt,"PUBLIC SERVICE ENTERPRISE GROUP, INC."
0001223203-04-000282,2004-12-21,2004-12-19,2004-12-21T16:26:41.000Z,,4,,,,4,8526,0,0,,xslF345X02/hic348.xml,
0001223203-04-000281,2004-12-21,2004-12-19,2004-12-21T16:26:43.000Z,,4,,,,4,8531,0,0,,xslF345X02/gam347.xml,
0001223203-04-000283,2004-12-21,2004-12-19,2004-12-21T16:26:46.000Z,,4,,,,4,8541,0,0,,xslF345X02/ren349.xml,
0001223203-04-000284,2004-12-21,2004-12-19,2004-12-21T16:26:51.000Z,,4,,,,4,8654,0,0,,xslF345X02/swi350.xml,
0000950137-04-011289,2004-12-21,,2004-12-21T22:27:05.000Z,34,425,001-09120,041218353,,425,80905,0,0,,c90668e425.htm,RULE 425 FILING
0000950117-04-004538,2004-12-21,,2004-12-21T22:28:28.000Z,34,425,001-09120,041218365,,425,991032,0,0,,a38940.htm,PUBLIC SERVICE ENTERPRISE GROUP INCORPORATED
0000950117-04-004537,2004-12-21,2004-12-20,2004-12-21T22:30:13.000Z,34,8-K,001-09120,041218389,"1.01,9.01",8-K,992583,0,0,,a38940.htm,PUBLIC SERVICE ENTERPRISE GROUP INCORPORATED
0000950117-04-004541,2004-12-22,,2004-12-22T02:03:01.000Z,34,425,001-09120,041218970,,425,78174,0,0,,a38944.htm,"PUBLIC SERVICE ENTERPRISE GROUP, INC."
0000950137-04-011401,2004-12-23,,2004-12-23T21:59:29.000Z,34,425,001-09120,041224757,,425,64490,0,0,,c90667e425.htm,RULE 425 FILING
0000950137-04-011402,2004-12-23,,2004-12-23T22:00:02.000Z,34,425,001-09120,041224761,,425,33811,0,0,,c90669e425.htm,RULE 425 FILING
0000950117-04-004598,2004-12-29,,2004-12-29T22:24:15.000Z,34,425,001-09120,041231955,,425,33245,0,0,,a38979.htm,"PUBLIC SERVICE ENTERPRISE GROUP, INC."
0001223203-05-000002,2005-01-03,1997-12-16,2005-01-03T20:07:38.000Z,,4,,,,4,18785,0,0,,xslF345X02/cas352.xml,
0001223203-05-000001,2005-01-03,2001-04-24,2005-01-03T20:07:39.000Z,,4,,,,4,7910,0,0,,xslF345X02/bus351.xml,
0001223203-05-000003,2005-01-03,1998-12-03,2005-01-03T20:07:42.000Z,,4,,,,4,15148,0,0,,xslF345X02/dou353.xml,
0001223203-05-000005,2005-01-03,2004-12-31,2005-01-03T20:07:45.000Z,,4,,,,4,5644,0,0,,xslF345X02/izz355.xml,
0001223203-05-000004,2005-01-03,1997-12-16,2005-01-03T20:07:49.000Z,,4,,,,4,17303,0,0,,xslF345X02/fer354.xml,
0001223203-05-000006,2005-01-03,2001-07-01,2005-01-03T20:07:50.000Z,,4,,,,4,12265,0,0,,xslF345X02/ofl356.xml,
0001223203-05-000007,2005-01-03,2004-12-31,2005-01-03T20:07:51.000Z,,4,,,,4,4987,0,0,,xslF345X02/rad357.xml,
0001223203-05-000008,2005-01-03,1998-12-03,2005-01-03T20:07:53.000Z,,4,,,,4,16492,0,0,,xslF345X02/sel358.xml,
0001223203-05-000009,2005-01-04,2004-12-31,2005-01-04T18:20:25.000Z,,4,,,,4,6163,0,0,,xslF345X02/gam359.xml,
0001223203-05-000010,2005-01-04,2004-12-31,2005-01-04T18:20:26.000Z,,4,,,,4,6156,0,0,,xslF345X02/hic360.xml,
0001223203-05-000011,2005-01-04,2004-12-31,2005-01-04T18:20:29.000Z,,4,,,,4,6173,0,0,,xslF345X02/ren361.xml,
0001223203-05-000012,2005-01-04,2004-12-31,2005-01-04T18:20:32.000Z,,4,,,,4,6287,0,0,,xslF345X02/swi362.xml,
0000950117-05-000114,2005-01-06,,2005-01-06T22:29:14.000Z,34,425,001-09120,05516539,,425,32513,0,0,,a39009.htm,"PUBLIC SERVICE ENTERPRISE GROUP, INC."
0000950117-05-000124,2005-01-07,,2005-01-07T21:07:31.000Z,34,425,001-09120,05518420,,425,34651,0,0,,a39015.htm,"PUBLIC SERVICE ENTERPRISE GROUP, INC."
0000950117-05-000164,2005-01-10,,2005-01-10T22:22:39.000Z,34,425,001-09120,05521643,,425,87010,0,0,,a39016.htm,"PUBLIC SERVICE ENTERPRISE GROUP, INC."
0000950137-05-000246,2005-01-10,,2005-01-10T22:26:31.000Z,34,425,001-09120,05521699,,425,744077,0,0,,c91020e425.htm,FORM 425
0000950137-05-000410,2005-01-14,,2005-01-14T21:41:17.000Z,34,425,001-09120,05531124,,425,35351,0,0,,c91038e425.htm,FORM 425
0000950117-05-000238,2005-01-14,,2005-01-14T22:05:51.000Z,34,425,001-09120,05531318,,425,59398,0,0,,a39012.htm,"PUBLIC SERVICE ENTERPRISE GROUP, INC."
0001223203-05-000023,2005-01-18,2005-01-14,2005-01-18T19:00:33.000Z,,4,,,,4,5115,0,0,,xslF345X02/rad374.xml,
0000950117-05-000259,2005-01-19,,2005-01-19T00:27:45.000Z,34,425,001-09120,05534750,,425,32136,0,0,,a39089.htm,"PUBLIC SERVICE ENTERPRISE GROUP, INC."
0001223203-05-000024,2005-01-19,2005-01-18,2005-01-19T18:04:52.000Z,,4,,,,4,6267,0,0,,xslF345X02/gam375.xml,
0001223203-05-000026,2005-01-19,2005-01-18,2005-01-19T18:04:55.000Z,,4,,,,4,6278,0,0,,xslF345X02/ren377.xml,
0001223203-05-000025,2005-01-19,2005-01-18,2005-01-19T18:04:57.000Z,,4,,,,4,6262,0,0,,xslF345X02/hic376.xml,
0001223203-05-000027,2005-01-19,2005-01-18,2005-01-19T18:04:58.000Z,,4,,,,4,6391,0,0,,xslF345X02/swi378.xml,
0001223203-05-000028,2005-01-19,2005-01-18,2005-01-19T20:20:35.000Z,,4,,,,4,5809,0,0,,xslF345X02/bus385.xml,
0001223203-05-000029,2005-01-19,2005-01-18,2005-01-19T20:20:38.000Z,,4,,,,4,5810,0,0,,xslF345X02/cas381.xml,
0001223203-05-000030,2005-01-19,2005-01-18,2005-01-19T20:20:41.000Z,,4,,,,4,6524,0,0,,xslF345X02/dou380.xml,
0001223203-05-000031,2005-01-19,2005-01-18,2005-01-19T20:20:42.000Z,,4,,,,4,6499,0,0,,xslF345X02/fer379.xml,
0001223203-05-000032,2005-01-19,2005-01-18,2005-01-19T20:20:44.000Z,,4,,,,4,6473,0,0,,xslF345X02/izz383.xml,
0001223203-05-000033,2005-01-19,2005-01-18,2005-01-19T20:20:45.000Z,,4,,,,4,5815,0,0,,xslF345X02/ofl382.xml,
0001223203-05-000034,2005-01-19,2005-01-18,2005-01-19T20:20:47.000Z,,4,,,,4,5105,0,0,,xslF345X02/rad386.xml,
0001223203-05-000035,2005-01-19,2005-01-18,2005-01-19T20:20:49.000Z,,4,,,,4,7880,0,0,,xslF345X02/sel384.xml,
0000950117-05-000266,2005-01-19,,2005-01-19T22:19:39.000Z,34,425,001-09120,05537078,,425,79242,0,0,,a39096.htm,"PUBLIC SERVICES ENTERPRISE GROUP, INC."
0000950117-05-000304,2005-01-24,2005-01-18,2005-01-24T21:58:43.000Z,34,8-K,001-09120,05545067,"1.01,9.01",8-K,62745,0,0,,a39094.htm,PUBLIC SERVICE ENTERPRISE GROUP INC.
0000950117-05-000316,2005-01-25,,2005-01-25T22:11:01.000Z,34,425,001-09120,05547726,,425,46827,0,0,,a39123.htm,"PUBLIC SERVICE ENTERPRISE GROUP, INC."
0000950117-05-000343,2005-01-26,,2005-01-26T22:29:00.000Z,34,425,001-09120,05551079,,425,11236,0,0,,a39136.txt,"PUBLIC SERVICE ENTERPRISE GROUP, INC."
0000950137-05-000823,2005-01-28,,2005-01-28T15:59:37.000Z,34,425,001-09120,05556365,,425,77098,0,0,,c91556e425.htm,FORM 425
0000950137-05-000867,2005-01-28,,2005-01-28T22:22:20.000Z,34,425,001-09120,05559290,,425,77217,0,0,,c91593e425.htm,FORM 425
0000950117-05-000414,2005-02-02,,2005-02-01T23:03:11.000Z,34,425,001-09120,05566951,,425,14679,0,0,,a39169.txt,"PUBLIC SERVICE ENTERPRISE GROUP, INC."
0000950117-05-000461,2005-02-03,,2005-02-03T22:21:12.000Z,34,425,001-09120,05574290,,425,1066321,0,0,,a39181.htm,PUBLIC SERVICE ENTERPRISE GROUP INCORPORATED
0000950117-05-000460,2005-02-03,2005-02-03,2005-02-03T22:22:58.000Z,34,8-K,001-09120,05574316,"2.02,8.01,9.01",8-K,1068318,0,0,,a39181.htm,PUBLIC SERVICE ENTERPRISE GROUP INCORPORATED
0000950137-05-001210,2005-02-04,,2005-02-04T20:34:14.000Z,34,425,001-09120,05577050,,425,522609,0,0,,c91816e8vk.htm,FORM 8-K
0000950137-05-001228,2005-02-04,,2005-02-04T22:10:22.000Z,34,425,001-09120,05577967,,425,528050,0,0,,c91852e8vk.htm,CURRENT REPORT
0000950137-05-001227,2005-02-04,2005-02-04,2005-02-04T22:12:14.000Z,34,8-K,001-09120,05577995,"8.01,9.01",8-K,529980,0,0,,c91852e8vk.htm,CURRENT REPORT
0000950137-05-001244,2005-02-07,,2005-02-07T13:15:09.000Z,34,425,001-09120,05578958,,425,5776486,0,0,,c91823e425.htm,FORM 425
0000950137-05-001361,2005-02-08,,2005-02-08T21:23:10.000Z,34,425,001-09120,05584305,,425,132065,0,0,,c91972e425.htm,FORM 425
0000950117-05-000539,2005-02-08,,2005-02-08T22:25:50.000Z,34,425,001-09120,05585076,,425,133135,0,0,,a39213.htm,"PUBLIC SERVICE ENTERPRISE GROUP, INC."
0000950117-05-000556,2005-02-09,,2005-02-09T22:25:57.000Z,34,425,001-09120,05589805,,425,29882,0,0,,a39226.htm,PSEG
0000950117-05-000557,2005-02-10,,2005-02-09T23:50:08.000Z,34,425,001-09120,05590181,,425,187990,0,0,,a39224.htm,"PUBLIC SERVICE ENTERPRISE GROUP, INC."
0000950137-05-001521,2005-02-10,,2005-02-10T20:49:14.000Z,34,425,001-09120,05592900,,425,192189,0,0,,c91978e425.htm,FORM 425
0000950117-05-000572,2005-02-10,,2005-02-10T21:20:18.000Z,34,425,001-09120,05593280,,425,111045,0,0,,a39232.htm,"PUBLIC SERVICE ENTERPRISE GROUP, INC."
0000891092-05-000237,2005-02-10,,2005-02-10T22:18:34.000Z,33,S-3/A,333-120111,05594095,,S-3/A,237597,0,0,,e20367_s3a.txt,FORM S-3/A
0000017283-05-000259,2005-02-14,,2005-02-14T19:18:48.000Z,34,SC 13G/A,005-44133,05607490,,SC 13G/A,9319,0,0,,edgpeg.txt,SC 13G/A
0000950117-05-000614,2005-02-14,,2005-02-14T20:40:20.000Z,34,425,001-09120,05609503,,425,37144,0,0,,a39245.htm,"PUBLIC SERVICE ENTERPRISE GROUP, INC."
0001223203-05-000036,2005-02-15,2005-02-11,2005-02-15T21:34:19.000Z,,4,,,,4,5114,0,0,,xslF345X02/rad387.xml,
0000950117-05-000632,2005-02-15,,2005-02-15T22:17:17.000Z,34,425,001-09120,05618211,,425,120171,0,0,,a39255.htm,"PUBLIC SERVICE ENTERPRISE GROUP, INC."
0001223203-05-000037,2005-02-16,2005-02-15,2005-02-16T15:34:35.000Z,,4,,,,4,6266,0,0,,xslF345X02/gam388.xml,
0001223203-05-000039,2005-02-16,2005-02-15,2005-02-16T15:34:39.000Z,,4,,,,4,6390,0,0,,xslF345X02/swi390.xml,
0001223203-05-000038,2005-02-16,2005-02-15,2005-02-16T15:34:40.000Z,,4,,,,4,6261,0,0,,xslF345X02/hic389.xml,
0000950137-05-001901,2005-02-17,,2005-02-17T13:01:23.000Z,34,425,001-09120,05622590,,425,618765,0,0,,c92304e425.htm,FORM 425
0000950137-05-001999,2005-02-18,,2005-02-18T21:32:09.000Z,34,425,001-09120,05627982,,425,355023,0,0,,c92375e425.htm,FORM 425
0000950117-05-000682,2005-02-22,,2005-02-22T21:18:13.000Z,34,425,001-09120,05631435,,425,114506,0,0,,a39296.htm,"PUBLIC SERVICE ENTERPRISE GROUP, INC."
0000950117-05-000703,2005-02-24,,2005-02-23T22:31:21.000Z,34,425,001-09120,05635261,,425,122451,0,0,,a39307.htm,"PUBLIC SERVICE ENTERPRISE GROUP, INC."
0000950117-05-000781,2005-02-28,,2005-02-28T22:28:23.000Z,34,425,001-09120,05646911,,425,67613,0,0,,a39332.htm,PUBLIC SERVICE ENTERPRISE GROUP
0000950117-05-000790,2005-03-01,2004-12-31,2005-03-01T02:58:37.000Z,34,10-K,001-09120,05647843,,10-K,4239543,0,0,,a39290.htm,PUBLIC SERVICE ELECTRIC AND GAS COMPANY
0000950117-05-000791,2005-03-01,2004-12-31,2005-03-01T02:58:52.000Z,35,U-3A-2,069-00316,05647844,,U-3A-2,1058988,0,0,,a39302.txt,PUBLIC SERVICE ENTERPRISE GROUP INCORPORATED
0000950117-05-000802,2005-03-01,,2005-03-01T22:20:59.000Z,34,425,001-09120,05651435,,425,116116,0,0,,a39341.htm,PSE&G
0001223203-05-000041,2005-03-02,2005-03-02,2005-03-02T18:11:56.000Z,,4,,,,4,7759,0,0,,xslF345X02/sel391.xml,
0000950117-05-000818,2005-03-03,,2005-03-02T23:47:08.000Z,34,425,001-09120,05655735,,425,134989,0,0,,a39347.htm,PUBLIC SERVICE ENTERPRISE GROUP
0000950117-05-000832,2005-03-04,,2005-03-04T20:45:42.000Z,34,425,001-09120,05661262,,425,457377,0,0,,a39358.htm,PUBLIC SERVICE ENTERPRISE GROUP
0000950117-05-000842,2005-03-04,,2005-03-04T22:19:13.000Z,34,425,001-09120,05662099,,425,38146,0,0,,a39361.htm,PUBLIC SERVICE ENTERPRISE GROUP
0001223203-05-000042,2005-03-07,2005-03-03,2005-03-07T19:58:06.000Z,,4,,,,4,13173,0,0,,xslF345X02/bus392.xml,
0001223203-05-000043,2005-03-07,2005-03-03,2005-03-07T19:58:09.000Z,,4,,,,4,13172,0,0,,xslF345X02/cas393.xml,
0001223203-05-000044,2005-03-07,2005-03-03,2005-03-07T19:58:10.000Z,,4,,,,4,10173,0,0,,xslF345X02/dou394.xml,
0001223203-05-000045,2005-03-07,2005-03-03,2005-03-07T19:58:12.000Z,,4,,,,4,9465,0,0,,xslF345X02/ofl395.xml,
0001223203-05-000046,2005-03-07,2005-03-03,2005-03-07T20:31:22.000Z,,4,,,,4,17527,0,0,,xslF345X02/izz396.xml,
0000950117-05-000861,2005-03-08,,2005-03-08T01:54:06.000Z,34,425,001-09120,05665319,,425,579597,0,0,,a39363.htm,PUBLIC SERVICE ENTERPRISE GROUP
0000950117-05-000865,2005-03-08,,2005-03-08T17:14:44.000Z,34,425,001-09120,05665983,,425,45685,0,0,,a39373.htm,PUBLIC SERVICE ENTERPRISE GROUP
0000950137-05-002769,2005-03-08,,2005-03-08T22:29:15.000Z,34,425,001-09120,05667548,,425,5819670,0,0,,c92943e425.htm,FORM 425
0000891092-05-000483,2005-03-14,,2005-03-14T22:06:30.000Z,35,U-57/A,073-00066,05679075,,U-57/A,4218,0,0,,e20580u57a.txt,FORM U-57/A
0000891092-05-000484,2005-03-14,,2005-03-14T22:06:51.000Z,35,U-57/A,073-00066,05679080,,U-57/A,4030,0,0,,e20582u57a.txt,FORM U-57/A
0000891092-05-000485,2005-03-14,,2005-03-14T22:07:09.000Z,35,U-57/A,073-00066,05679082,,U-57/A,4111,0,0,,e20583u57a.txt,FORM U-57/A
0000891092-05-000486,2005-03-14,,2005-03-14T22:07:28.000Z,35,U-57/A,073-00066,05679085,,U-57/A,4157,0,0,,e20584u57a.txt,FORM U-57/A
0000891092-05-000487,2005-03-14,,2005-03-14T22:07:51.000Z,35,U-57/A,073-00066,05679093,,U-57/A,4148,0,0,,e20585u57a.txt,FORM U-57/A
0000891092-05-000488,2005-03-14,,2005-03-14T22:08:07.000Z,35,U-57/A,073-00066,05679099,,U-57/A,4154,0,0,,e20586u57a.txt,FORM U-57/A
0000891092-05-000489,2005-03-14,,2005-03-14T22:08:36.000Z,35,U-57/A,073-00066,05679106,,U-57/A,4153,0,0,,e20587u57a.txt,FORM U-57/A
0000891092-05-000490,2005-03-14,,2005-03-14T22:08:58.000Z,35,U-57/A,073-00066,05679115,,U-57/A,4167,0,0,,e20588u57a.txt,FORM U-57/A
0001223203-05-000048,2005-03-15,2005-03-11,2005-03-15T14:12:36.000Z,,4,,,,4,5113,0,0,,xslF345X02/rad397.xml,
0001223203-05-000049,2005-03-16,2005-03-15,2005-03-16T15:53:09.000Z,,4,,,,4,6266,0,0,,xslF345X02/gam398.xml,
0001223203-05-000050,2005-03-16,2005-03-15,2005-03-16T15:53:14.000Z,,4,,,,4,6261,0,0,,xslF345X02/hic399.xml,
0001223203-05-000052,2005-03-16,2005-03-15,2005-03-16T15:53:16.000Z,,4,,,,4,6390,0,0,,xslF345X02/swi401.xml,
0001223203-05-000051,2005-03-16,2005-03-15,2005-03-16T15:53:17.000Z,,4,,,,4,6276,0,0,,xslF345X02/ren400.xml,
0000891092-05-000501,2005-03-16,,2005-03-16T19:43:08.000Z,35,U-57,073-00066,05684877,,U-57,14167,0,0,,e20597_u57.txt,NOTIFICATION OF FOREIGN UTILITY COMPANY STATUS
0000950137-05-003323,2005-03-21,,2005-03-21T16:00:18.000Z,34,425,001-09120,05693335,,425,38613,0,0,,c93361e425.htm,RULE 425 FILING
0000950137-05-003593,2005-03-25,,2005-03-25T14:53:42.000Z,34,425,001-09120,05703653,,425,650809,0,0,,c93624e425.htm,FORM 425
0000950137-05-003801,2005-03-29,,2005-03-29T19:19:09.000Z,34,425,001-09120,05709204,,425,485717,0,0,,c93742e425.htm,RULE 425 FILING
0000950137-05-003923,2005-03-31,,2005-03-31T16:00:47.000Z,34,425,001-09120,05717184,,425,1400895,0,0,,c93805e425.htm,FORM 425
0001223203-05-000055,2005-04-01,2005-03-31,2005-04-01T18:40:13.000Z,,4,,,,4,6261,0,0,,xslF345X02/hic402.xml,
0001223203-05-000056,2005-04-01,2005-03-31,2005-04-01T18:40:16.000Z,,4,,,,4,6278,0,0,,xslF345X02/ren403.xml,
0001223203-05-000057,2005-04-01,2005-03-31,2005-04-01T18:40:18.000Z,,4,,,,4,6391,0,0,,xslF345X02/swi404.xml,
0001223203-05-000058,2005-04-04,2005-04-01,2005-04-04T18:52:13.000Z,,4,,,,4,9459,0,0,,xslF345X02/bus408.xml,
0001223203-05-000059,2005-04-04,2005-04-01,2005-04-04T18:52:18.000Z,,4,,,,4,13890,0,0,,xslF345X02/dou407.xml,
0001223203-05-000060,2005-04-04,2005-04-01,2005-04-04T18:52:18.000Z,,4,,,,4,10149,0,0,,xslF345X02/fer405.xml,
0001223203-05-000061,2005-04-04,2005-04-01,2005-04-04T18:52:23.000Z,,4,,,,4,11001,0,0,,xslF345X02/ofl406.xml,
0001223203-05-000064,2005-04-06,2005-04-05,2005-04-06T19:21:56.000Z,,4,,,,4,5990,0,0,,xslF345X02/bus409.xml,
0000950117-05-001335,2005-04-06,,2005-04-06T20:55:41.000Z,34,425,001-09120,05737431,,425,20329,0,0,,a39557.txt,PUBLIC SERVICE ENTERPRISE GROUP INCORPORATED
0000950117-05-001334,2005-04-06,2005-04-05,2005-04-06T20:57:43.000Z,34,8-K,001-09120,05737441,8.01,8-K,22208,0,0,,a39557.txt,PUBLIC SERVICE ENTERPRISE GROUP INCORPORATED
0000950137-05-004173,2005-04-06,,2005-04-06T20:58:28.000Z,34,425,001-09120,05737455,,425,31548,0,0,,c94010e8vk.htm,CURRENT REPORT
0001223203-05-000065,2005-04-07,2005-03-31,2005-04-07T11:35:21.000Z,,4/A,,,,4/A,6338,0,0,,xslF345X02/hic410.xml,
0001223203-05-000067,2005-04-07,2005-03-31,2005-04-07T11:35:24.000Z,,4/A,,,,4/A,6468,0,0,,xslF345X02/swi412.xml,
0001223203-05-000066,2005-04-07,2005-03-31,2005-04-07T11:35:26.000Z,,4/A,,,,4/A,6355,0,0,,xslF345X02/ren411.xml,
0001223203-05-000068,2005-04-08,2005-04-07,2005-04-08T17:53:49.000Z,,4,,,,4,9459,0,0,,xslF345X02/cas413.xml,
0001223203-05-000069,2005-04-11,2005-04-08,2005-04-11T19:21:21.000Z,,4,,,,4,16779,0,0,,xslF345X02/sel414.xml,
0001223203-05-000070,2005-04-12,2005-04-08,2005-04-12T18:41:52.000Z,,4,,,,4,5114,0,0,,xslF345X02/rad415.xml,
0001223203-05-000078,2005-04-20,2005-04-19,2005-04-20T18:12:58.000Z,,4,,,,4,6276,0,0,,xslF345X02/ren417.xml,
0001223203-05-000077,2005-04-20,2005-04-19,2005-04-20T18:13:01.000Z,,4,,,,4,6261,0,0,,xslF345X02/hic416.xml,
0001223203-05-000079,2005-04-20,2005-04-19,2005-04-20T18:13:02.000Z,,4,,,,4,6390,0,0,,xslF345X02/swi418.xml,
0000950117-05-001521,2005-04-22,2005-04-19,2005-04-21T23:57:46.000Z,34,8-K,001-09120,05765835,"1.01,9.01",8-K,105903,0,0,,a39652.txt,PUBLIC SERVICE ENTERPRISE GROUP INCORPORATED
0001223203-05-000092,2005-04-27,2005-04-26,2005-04-27T15:31:46.000Z,,4,,,,4,6390,0,0,,xslF345X02/swi420.xml,
0001223203-05-000091,2005-04-27,2005-04-26,2005-04-27T15:31:48.000Z,,4,,,,4,6261,0,0,,xslF345X02/hic419.xml,
0001047469-05-011819,2005-04-28,2004-12-30,2005-04-28T21:14:39.000Z,34,10-K/A,001-09120,05781632,,10-K/A,175163,0,0,,a2156182z10-ka.htm,10-K/A
0001223203-05-000094,2005-05-03,2005-05-02,2005-05-03T18:01:40.000Z,,4,,,,4,10173,0,0,,xslF345X02/dou423.xml,
0001223203-05-000093,2005-05-03,2005-05-02,2005-05-03T18:01:42.000Z,,4,,,,4,9459,0,0,,xslF345X02/bus422.xml,
0001223203-05-000096,2005-05-04,2005-05-02,2005-05-04T17:14:57.000Z,,4,,,,4,5701,0,0,,xslF345X02/ofl424.xml,
0000950117-05-001760,2005-05-04,2005-05-04,2005-05-04T21:09:03.000Z,34,8-K,001-09120,05800082,"2.02,8.01,9.01",8-K,671745,0,0,,a39728.htm,PUBLIC SERVICE ENTERPRISE GROUP INCORPORATED
0000950117-05-001774,2005-05-06,2005-03-31,2005-05-05T23:46:26.000Z,34,10-Q,001-09120,05805185,,10-Q,1195528,0,0,,a39733.htm,PUBLIC SERVICE ENTERPRISE GROUP INCORPORATED
0000950117-05-001814,2005-05-09,2005-05-04,2005-05-09T20:42:33.000Z,34,8-K,001-09120,05812304,"7.01,9.01",8-K,1038302,0,0,,a39768.htm,PUBLIC SERVICE ENTERPRISE GROUP INCORPORATED
0001223203-05-000102,2005-05-10,2005-05-09,2005-05-10T12:29:38.000Z,,4,,,,4,13173,0,0,,xslF345X02/cas425.xml,
0000950137-05-005625,2005-05-10,,2005-05-10T17:01:39.000Z,34,425,001-09120,05815052,,425,508863,0,0,,c95156e8vk.htm,FORM 8-K
0001223203-05-000106,2005-05-17,2005-05-13,2005-05-17T14:16:45.000Z,,4,,,,4,4993,0,0,,xslF345X02/rad426.xml,
0000950117-05-001994,2005-05-20,2005-05-16,2005-05-20T20:00:22.000Z,34,8-K,001-09120,05848337,"5.03,9.01",8-K,79352,0,0,,a39870.htm,PUBLIC SERVICE ENTERPRISE GROUP INCORPORATED
0000950117-05-002095,2005-05-24,,2005-05-24T21:16:14.000Z,34,425,001-09120,05854924,,425,44326,0,0,,a39905.htm,PUBLIC SERVICE ENTERPRISE GROUP
0000950117-05-002185,2005-05-27,2005-05-27,2005-05-27T16:03:06.000Z,34,8-K,001-09120,05862342,"2.06,9.01",8-K,37526,0,0,,a39898.htm,PUBLIC SERVICE ENTERPRISE GROUP INCORPORATED
0001223203-05-000115,2005-06-02,2005-06-01,2005-06-02T18:54:31.000Z,,4,,,,4,13886,0,0,,xslF345X02/dou427.xml,
0001223203-05-000114,2005-06-02,2005-06-01,2005-06-02T18:54:34.000Z,,4,,,,4,9455,0,0,,xslF345X02/bus429.xml,
0001223203-05-000116,2005-06-02,2005-06-01,2005-06-02T18:54:34.000Z,,4,,,,4,5700,0,0,,xslF345X02/ofl428.xml,
0001047469-05-016758,2005-06-08,2005-07-19,2005-06-08T18:38:52.000Z,34,DEF 14A,001-09120,05884866,,DEF 14A,2740519,0,0,,a2159228zdef14a.htm,DEF 14A
0001223203-05-000133,2005-06-08,2005-06-07,2005-06-08T19:45:48.000Z,,4,,,,4,9458,0,0,,xslF345X02/cas431.xml,
9999999997-05-027111,2005-06-08,2004-12-31,2005-06-09T15:12:59.000Z,34,ARS,001-09120,05057407,,ARS,1831,0,0,,9999999997-05-027111.paper,AUTO-GENERATED PAPER DOCUMENT
0001047469-05-017091,2005-06-13,,2005-06-10T21:40:01.000Z,34,DEFR14A,001-09120,05890829,,DEFR14A,2742272,0,0,,a2159586zdefr14a.htm,DEFR14A
0001223203-05-000142,2005-06-14,2005-06-10,2005-06-14T18:24:44.000Z,,4,,,,4,4993,0,0,,xslF345X02/rad432.xml,
0000950117-05-002473,2005-06-16,2005-06-13,2005-06-16T21:20:02.000Z,34,8-K,001-09120,05900962,"2.06,8.01",8-K,18069,0,0,,a40025.htm,PUBLIC SERVICE ENTERPRISE GROUP INC.
0001223203-05-000174,2005-06-23,2005-06-21,2005-06-23T17:11:03.000Z,,4,,,,4,6261,0,0,,xslF345X02/hic433.xml,
0001223203-05-000175,2005-06-23,2005-06-21,2005-06-23T17:11:07.000Z,,4,,,,4,6276,0,0,,xslF345X02/ren434.xml,
0000950137-05-008087,2005-06-29,,2005-06-29T12:00:35.000Z,34,425,001-09120,05922551,,425,95459,0,0,,c96056e425.htm,FORM 425
0000950117-05-002629,2005-06-29,2004-12-31,2005-06-29T18:58:19.000Z,34,11-K,001-09120,05924220,,11-K,185367,0,0,,a40074.htm,PUBLIC SERVICE ENTERPRISE GROUP INCORPORATED
0000950117-05-002630,2005-06-29,2004-12-31,2005-06-29T19:07:38.000Z,34,11-K,001-09120,05924284,,11-K,179952,0,0,,a40073.htm,PUBLIC SERVICE ENTERPRISE GROUP INCORPORATED
0000950137-05-008288,2005-06-30,,2005-06-30T21:25:43.000Z,34,425,001-09120,05929561,,425,42768,0,0,,c96419e8vk.htm,CURRENT REPORT
0001223203-05-000179,2005-07-01,2005-06-30,2005-07-01T15:01:49.000Z,,4,,,,4,6261,0,0,,xslF345X02/hic435.xml,
0001223203-05-000180,2005-07-01,2005-06-30,2005-07-01T15:02:23.000Z,,4,,,,4,6278,0,0,,xslF345X02/ren437.xml,
0001223203-05-000181,2005-07-01,2005-06-30,2005-07-01T15:02:33.000Z,,4,,,,4,6419,0,0,,xslF345X02/swi436.xml,
0001223203-05-000182,2005-07-05,2005-07-01,2005-07-05T18:56:58.000Z,,4,,,,4,10173,0,0,,xslF345X02/dou438.xml,
0001223203-05-000183,2005-07-05,2005-07-01,2005-07-05T18:57:18.000Z,,4,,,,4,16779,0,0,,xslF345X02/sel439.xml,
0001223203-05-000184,2005-07-05,2005-07-01,2005-07-05T18:57:29.000Z,,4,,,,4,5700,0,0,,xslF345X02/ofl440.xml,
0001223203-05-000189,2005-07-08,2005-07-07,2005-07-08T17:21:11.000Z,,4,,,,4,19954,0,0,,xslF345X02/cas441.xml,
0001223203-05-000191,2005-07-11,2005-07-08,2005-07-11T19:19:27.000Z,,4,,,,4,10149,0,0,,xslF345X02/fer442.xml,
0001223203-05-000192,2005-07-11,2005-07-08,2005-07-11T19:19:42.000Z,,4,,,,4,10286,0,0,,xslF345X02/rad443.xml,
0000950137-05-008619,2005-07-12,,2005-07-12T21:25:45.000Z,34,425,001-09120,05951002,,425,43699,0,0,,c96674e425.htm,FORM 425
0000950117-05-002782,2005-07-12,,2005-07-12T21:29:37.000Z,34,425,001-09120,05951048,,425,176315,0,0,,a40144.htm,PUBLIC SERVICE ENTERPRISE GROUP INCORPORATED
0000950117-05-002781,2005-07-12,2005-07-12,2005-07-12T21:31:31.000Z,34,8-K,001-09120,05951057,"8.01,9.01",8-K,177833,0,0,,a40144.htm,PUBLIC SERVICE ENTERPRISE GROUP INCORPORATED
0000950117-05-002862,2005-07-19,,2005-07-19T21:28:10.000Z,34,425,001-09120,05962319,,425,46484,0,0,,a40204.htm,PUBLIC SERVICE ENTERPRISE GROUP
0000950117-05-002861,2005-07-19,2005-07-19,2005-07-19T21:30:04.000Z,34,8-K,001-09120,05962325,"8.01,9.01",8-K,48002,0,0,,a40204.htm,PUBLIC SERVICE ENTERPRISE GROUP
0001223203-05-000194,2005-07-20,2005-07-19,2005-07-20T18:14:53.000Z,,4,,,,4,6261,0,0,,xslF345X02/hic444.xml,
0001223203-05-000195,2005-07-20,2005-07-19,2005-07-20T18:15:06.000Z,,4,,,,4,6276,0,0,,xslF345X02/ren445.xml,
0001223203-05-000196,2005-07-20,2005-07-19,2005-07-20T18:15:18.000Z,,4,,,,4,6417,0,0,,xslF345X02/swi446.xml,
0001223203-05-000201,2005-07-28,2005-07-26,2005-07-28T11:08:23.000Z,,4,,,,4,6261,0,0,,xslF345X02/hic447.xml,
0001223203-05-000202,2005-07-28,2005-07-26,2005-07-28T11:08:33.000Z,,4,,,,4,6417,0,0,,xslF345X02/swi448.xml,
0000891092-05-001457,2005-07-29,,2005-07-29T20:19:00.000Z,33,S-3,333-127038,05985077,,S-3,121854,0,0,,e22184s3.txt,FORM S-3
0000950117-05-002999,2005-07-29,2005-07-29,2005-07-29T20:56:47.000Z,34,8-K,001-09120,05985573,9.01,8-K,47406,0,0,,a40264.htm,PUBLIC SERVICE ENTERPRISE GROUP INC.
0000950117-05-003034,2005-08-02,2005-08-01,2005-08-02T01:47:22.000Z,34,8-K,001-09120,05989883,"2.02,9.01",8-K,660204,0,0,,a40270.htm,PUBLIC SERVICE ENTERPRISE GROUP
0000950117-05-003036,2005-08-02,2005-06-30,2005-08-02T01:57:52.000Z,34,10-Q,001-09120,05989893,,10-Q,1664077,0,0,,a40265.htm,PUBLIC SERVICE ENTERPRISE GROUP
0001223203-05-000207,2005-08-02,2005-08-01,2005-08-02T14:16:19.000Z,,4,,,,4,15418,0,0,,xslF345X02/dou449.xml,
0001223203-05-000208,2005-08-02,2005-08-01,2005-08-02T14:16:37.000Z,,4,,,,4,6894,0,0,,xslF345X02/dre452.xml,
0001223203-05-000209,2005-08-02,2005-08-01,2005-08-02T14:16:54.000Z,,4,,,,4,15401,0,0,,xslF345X02/fer450.xml,
0001223203-05-000210,2005-08-02,2005-08-01,2005-08-02T14:17:13.000Z,,4,,,,4,5700,0,0,,xslF345X02/ofl451.xml,
0001223203-05-000211,2005-08-02,2005-08-01,2005-08-02T14:17:26.000Z,,4,,,,4,6738,0,0,,xslF345X02/har453.xml,
0001223203-05-000212,2005-08-02,2005-08-01,2005-08-02T14:17:53.000Z,,4,,,,4,6951,0,0,,xslF345X02/swi454.xml,
0001223203-05-000213,2005-08-02,2005-08-01,2005-08-02T14:18:14.000Z,,4,,,,4,6799,0,0,,xslF345X02/gam455.xml,
0001223203-05-000214,2005-08-02,2005-08-01,2005-08-02T14:18:29.000Z,,4,,,,4,6830,0,0,,xslF345X02/jac456.xml,
0001223203-05-000215,2005-08-02,2005-08-01,2005-08-02T14:18:47.000Z,,4,,,,4,6794,0,0,,xslF345X02/hic457.xml,
0001223203-05-000216,2005-08-02,2005-08-01,2005-08-02T14:19:03.000Z,,4,,,,4,6867,0,0,,xslF345X02/dor458.xml,
0001223203-05-000217,2005-08-02,2005-08-01,2005-08-02T14:23:38.000Z,,4,,,,4,6809,0,0,,xslF345X02/ren459.xml,
0000891092-05-001485,2005-08-02,,2005-08-02T17:46:55.000Z,33,424B3,333-86372,05991169,,424B3,376579,0,0,,e22182_424b3.txt,PRELIMINARY PROSPECTUS SUPPLEMENT
0000891092-05-001525,2005-08-05,,2005-08-05T18:37:59.000Z,NE,RW,333-127038,051002285,,RW,4040,0,0,,e22286rw.txt,WITHDRAWAL REQUEST
0000891092-05-001526,2005-08-05,,2005-08-05T18:59:02.000Z,33,424B5,333-86372,051002434,,424B5,373776,0,0,,e22280_424b5.txt,424B5
0001223203-05-000230,2005-08-09,2005-08-08,2005-08-09T13:41:50.000Z,,4,,,,4,15368,0,0,,xslF345X02/izz460.xml,
0001223203-05-000231,2005-08-10,2005-08-10,2005-08-10T18:50:20.000Z,,4,,,,4,9456,0,0,,xslF345X02/bus461.xml,
0001223203-05-000232,2005-08-10,2005-08-09,2005-08-10T18:50:33.000Z,,4,,,,4,11653,0,0,,xslF345X02/izz462.xml,
0001223203-05-000233,2005-08-10,2005-08-08,2005-08-10T18:50:41.000Z,,4/A,,,,4/A,18514,0,0,,xslF345X02/izz464.xml,
0001223203-05-000235,2005-08-15,2005-08-12,2005-08-15T18:19:13.000Z,,4,,,,4,5115,0,0,,xslF345X02/rad465.xml,
0000950117-05-003294,2005-08-16,2005-08-11,2005-08-15T22:43:18.000Z,34,8-K,001-09120,051028634,8.01,8-K,28772,0,0,,a40362.htm,PUBLIC SERVICE ENTERPRISE GROUP INCORPORATED
0000950117-05-003485,2005-08-29,2005-08-29,2005-08-29T21:29:55.000Z,34,8-K,001-09120,051056503,"8.01,9.01",8-K,5350129,0,0,,a40437.htm,PUBLIC SERVICE ENTERPRISE GROUP INCORPORATED
0000891092-05-001724,2005-08-31,,2005-08-31T20:52:37.000Z,33,S-3,333-128002,051062364,,S-3,123396,0,0,,e22371s-3.txt,FORM S-3
0001223203-05-000267,2005-09-02,2005-09-01,2005-09-02T14:15:38.000Z,,4,,,,4,15424,0,0,,xslF345X02/dou466.xml,
0001223203-05-000268,2005-09-02,2005-09-01,2005-09-02T14:15:52.000Z,,4,,,,4,10151,0,0,,xslF345X02/fer467.xml,
0001223203-05-000269,2005-09-02,2005-09-01,2005-09-02T14:16:03.000Z,,4,,,,4,9465,0,0,,xslF345X02/ofl468.xml,
0001223203-05-000270,2005-09-06,2005-09-02,2005-09-06T13:09:26.000Z,,4,,,,4,9460,0,0,,xslF345X02/cas469.xml,
0001223203-05-000271,2005-09-06,2005-09-02,2005-09-06T13:09:42.000Z,,4,,,,4,16784,0,0,,xslF345X02/sel470.xml,
0001223203-05-000277,2005-09-12,2005-09-09,2005-09-12T13:37:53.000Z,,4,,,,4,5115,0,0,,xslF345X02/rad471.xml,
0001223203-05-000278,2005-09-12,2005-09-09,2005-09-12T16:59:55.000Z,,4,,,,4,10125,0,0,,xslF345X02/izz472.xml,
0000891092-05-001790,2005-09-15,,2005-09-15T20:26:34.000Z,33,424B3,333-120111,051086955,,424B3,275409,0,0,,e22436_424b3.txt,FORM 424B3
0000891092-05-001796,2005-09-16,,2005-09-16T19:25:42.000Z,33,424B5,333-120111,051088991,,424B5,275291,0,0,,e22459_424b5.txt,424B5
0000950117-05-003746,2005-09-20,2005-09-20,2005-09-20T20:23:24.000Z,34,8-K,001-09120,051093792,9.01,8-K,236908,0,0,,a40552.htm,PUBLIC SERVICE ENTERPRISE GROUP INCORPORATED
0001223203-05-000288,2005-09-21,2005-09-20,2005-09-21T17:09:24.000Z,,4,,,,4,6262,0,0,,xslF345X02/hic478.xml,
0001223203-05-000289,2005-09-21,2005-09-20,2005-09-21T17:09:40.000Z,,4,,,,4,6277,0,0,,xslF345X02/ren474.xml,
0001223203-05-000290,2005-09-21,2005-09-20,2005-09-21T17:09:56.000Z,,4,,,,4,6418,0,0,,xslF345X02/swi475.xml,
0000891092-05-001852,2005-09-28,,2005-09-28T17:18:01.000Z,33,424B2,333-128002,051107453,,424B2,91829,0,0,,e22469_424b2.txt,PROSPECTUS
0000891092-05-001913,2005-10-03,,2005-10-03T21:21:18.000Z,35,U-57/A,073-00066,051118601,,U-57/A,13561,0,0,,e22560u57a.txt,FORM U-57/A
0001223203-05-000292,2005-10-04,2005-10-03,2005-10-04T12:28:56.000Z,,4,,,,4,9460,0,0,,xslF345X02/cas480.xml,
0001223203-05-000293,2005-10-04,2005-10-03,2005-10-04T12:29:07.000Z,,4,,,,4,10175,0,0,,xslF345X02/dou481.xml,
0001223203-05-000294,2005-10-04,2005-10-03,2005-10-04T12:29:21.000Z,,4,,,,4,10151,0,0,,xslF345X02/fer483.xml,
0001223203-05-000295,2005-10-04,2005-10-03,2005-10-04T12:29:36.000Z,,4,,,,4,9465,0,0,,xslF345X02/ofl479.xml,
0001223203-05-000296,2005-10-04,2005-10-03,2005-10-04T12:29:50.000Z,,4,,,,4,16776,0,0,,xslF345X02/sel482.xml,
0001223203-05-000297,2005-10-04,2005-09-30,2005-10-04T13:07:25.000Z,,4,,,,4,6262,0,0,,xslF345X02/hic488.xml,
0001223203-05-000298,2005-10-04,2005-09-30,2005-10-04T13:19:38.000Z,,4,,,,4,6279,0,0,,xslF345X02/ren490.xml,
0001223203-05-000299,2005-10-04,2005-09-30,2005-10-04T13:25:55.000Z,,4,,,,4,6420,0,0,,xslF345X02/swi491.xml,
0001223203-05-000304,2005-10-17,2005-10-14,2005-10-17T15:03:45.000Z,,4,,,,4,5115,0,0,,xslF345X02/rad492.xml,
0001223203-05-000306,2005-10-20,2005-10-18,2005-10-20T14:49:12.000Z,,4,,,,4,6262,0,0,,xslF345X02/hic493.xml,
0001223203-05-000309,2005-10-27,2005-10-25,2005-10-27T11:49:28.000Z,,4,,,,4,6261,0,0,,xslF345X02/hic494.xml,
0001223203-05-000310,2005-10-27,2005-10-25,2005-10-27T11:49:46.000Z,,4,,,,4,6276,0,0,,xslF345X02/ren495.xml,
0001223203-05-000311,2005-10-27,2005-10-25,2005-10-27T11:49:54.000Z,,4,,,,4,6411,0,0,,xslF345X02/swi496.xml,
0000950117-05-004119,2005-10-28,2005-10-28,2005-10-28T21:04:42.000Z,34,8-K,001-09120,051164032,"2.02,9.01",8-K,1478732,0,0,,a40730.htm,PUBLIC SERVICE ENTERPRISE GROUP INCORPORATED
0000950117-05-004120,2005-10-28,2005-09-30,2005-10-28T21:30:09.000Z,34,10-Q,001-09120,051164340,,10-Q,1682215,0,0,,a40716.htm,PUBLIC SERVICE ENTERPRISE GROUP INCORPORATED
0001223203-05-000312,2005-11-02,2005-11-01,2005-11-02T15:55:47.000Z,,4,,,,4,10175,0,0,,xslF345X02/dou497.xml,
0001223203-05-000313,2005-11-02,2005-11-01,2005-11-02T15:55:57.000Z,,4,,,,4,10151,0,0,,xslF345X02/fer498.xml,
0001223203-05-000314,2005-11-02,2005-11-02,2005-11-02T18:28:10.000Z,,4,,,,4,19963,0,0,,xslF345X02/cas499.xml,
0001223203-05-000315,2005-11-02,2005-11-02,2005-11-02T18:28:23.000Z,,4,,,,4,16772,0,0,,xslF345X02/sel500.xml,
0001223203-05-000316,2005-11-04,2005-11-02,2005-11-04T19:04:16.000Z,,4,,,,4,7760,0,0,,xslF345X02/sel502.xml,
0000950137-05-013411,2005-11-07,2005-11-07,2005-11-07T22:29:57.000Z,34,8-K,001-09120,051184299,7.01,8-K,932952,0,0,,c99820e8vk.htm,CURRENT REPORT
0001223203-05-000325,2005-11-14,2005-11-11,2005-11-14T15:07:13.000Z,,4,,,,4,4994,0,0,,xslF345X02/rad503.xml,
0001223203-05-000326,2005-11-14,2005-11-14,2005-11-14T19:16:38.000Z,,4/A,,,,4/A,7837,0,0,,xslF345X02/sel506.xml,
0001223203-05-000327,2005-11-16,2005-11-15,2005-11-16T16:29:41.000Z,,4,,,,4,6262,0,0,,xslF345X02/hic507.xml,
0001223203-05-000328,2005-11-16,2005-11-15,2005-11-16T16:29:48.000Z,,4,,,,4,6277,0,0,,xslF345X02/ren508.xml,
0001223203-05-000329,2005-11-16,2005-11-15,2005-11-16T16:29:56.000Z,,4,,,,4,6418,0,0,,xslF345X02/swi509.xml,
9999999997-05-047167,2005-11-18,,2005-11-25T20:43:28.000Z,34,25,001-09120,05072025,,25,1791,0,0,,9999999997-05-047167.paper,AUTO-GENERATED PAPER DOCUMENT
0001223203-05-000332,2005-12-02,2005-12-01,2005-12-02T15:05:27.000Z,,4,,,,4,10174,0,0,,xslF345X02/dou511.xml,
0001223203-05-000333,2005-12-02,2005-12-01,2005-12-02T15:05:34.000Z,,4,,,,4,15399,0,0,,xslF345X02/fer510.xml,
0001223203-05-000334,2005-12-02,2005-12-02,2005-12-02T18:53:56.000Z,,4,,,,4,9461,0,0,,xslF345X02/cas512.xml,
0001223203-05-000335,2005-12-06,2005-12-05,2005-12-06T14:12:30.000Z,,4,,,,4,9461,0,0,,xslF345X02/bus513.xml,
0001223203-05-000336,2005-12-12,2005-12-09,2005-12-12T15:15:33.000Z,,4,,,,4,5115,0,0,,xslF345X02/rad514.xml,
0001104659-05-060499,2005-12-13,,2005-12-13T20:25:13.000Z,34,SC 13G,005-44133,051260913,,SC 13G,64904,0,0,,a05-21725_2sc13g.htm,BENEFICIAL OWNERSHIP OF 5% OR MORE
0001223203-05-000337,2005-12-20,2005-12-19,2005-12-20T18:03:41.000Z,,4,,,,4,11527,0,0,,xslF345X02/sel515.xml,
0001223203-05-000338,2005-12-21,2005-12-20,2005-12-21T15:20:10.000Z,,4,,,,4,6262,0,0,,xslF345X02/hic516.xml,
0001223203-05-000339,2005-12-21,2005-12-20,2005-12-21T15:20:16.000Z,,4,,,,4,6277,0,0,,xslF345X02/ren517.xml,
0001223203-05-000340,2005-12-21,2005-12-20,2005-12-21T15:20:24.000Z,,4,,,,4,6418,0,0,,xslF345X02/swi518.xml,
0001223203-05-000341,2005-12-21,2005-12-20,2005-12-21T20:26:59.000Z,,4,,,,4,5809,0,0,,xslF345X02/bus525.xml,
0001223203-05-000342,2005-12-21,2005-12-20,2005-12-21T20:27:09.000Z,,4,,,,4,5810,0,0,,xslF345X02/cas521.xml,
0001223203-05-000343,2005-12-21,2005-12-20,2005-12-21T20:27:19.000Z,,4,,,,4,6524,0,0,,xslF345X02/dou520.xml,
0001223203-05-000344,2005-12-21,2005-12-20,2005-12-21T20:27:29.000Z,,4,,,,4,6499,0,0,,xslF345X02/fer519.xml,
0001223203-05-000345,2005-12-21,2005-12-20,2005-12-21T20:27:38.000Z,,4,,,,4,6473,0,0,,xslF345X02/izz523.xml,
0001223203-05-000346,2005-12-21,2005-12-20,2005-12-21T20:27:52.000Z,,4,,,,4,5814,0,0,,xslF345X02/ofl522.xml,
0001223203-05-000347,2005-12-21,2005-12-20,2005-12-21T20:28:01.000Z,,4,,,,4,5106,0,0,,xslF345X02/rad526.xml,
0001223203-05-000348,2005-12-21,2005-12-20,2005-12-21T20:28:09.000Z,,4,,,,4,7880,0,0,,xslF345X02/sel524.xml,
0000950117-05-004860,2005-12-22,2005-12-20,2005-12-22T21:13:39.000Z,34,8-K,001-09120,051282362,1.01,8-K,27587,0,0,,a41067.htm,PSEG
0000950117-05-004943,2005-12-28,2005-12-22,2005-12-28T22:15:41.000Z,34,8-K,001-09120,051289473,8.01,8-K,20977,0,0,,a41096.htm,PUBLIC SERVICE ENTERPRISE GROUP
0001223203-06-000001,2006-01-04,2005-12-30,2006-01-04T15:16:53.000Z,,4,,,,4,5694,0,0,,xslF345X02/bus528.xml,
0001223203-06-000002,2006-01-04,2005-12-30,2006-01-04T15:17:03.000Z,,4,,,,4,5694,0,0,,xslF345X02/cas529.xml,
0001223203-06-000003,2006-01-04,2005-12-30,2006-01-04T15:17:15.000Z,,4,,,,4,6408,0,0,,xslF345X02/dou530.xml,
0001223203-06-000004,2006-01-04,2005-12-30,2006-01-04T15:17:24.000Z,,4,,,,4,6384,0,0,,xslF345X02/fer531.xml,
0001223203-06-000005,2006-01-04,2005-12-30,2006-01-04T15:17:36.000Z,,4,,,,4,6357,0,0,,xslF345X02/izz532.xml,
0001223203-06-000006,2006-01-04,2005-12-30,2006-01-04T15:17:49.000Z,,4,,,,4,5698,0,0,,xslF345X02/ofl533.xml,
0001223203-06-000007,2006-01-04,2005-12-30,2006-01-04T15:17:59.000Z,,4,,,,4,4990,0,0,,xslF345X02/rad534.xml,
0001223203-06-000008,2006-01-04,2005-12-30,2006-01-04T15:18:11.000Z,,4,,,,4,7765,0,0,,xslF345X02/sel535.xml,
0001223203-06-000009,2006-01-04,2006-01-03,2006-01-04T15:40:05.000Z,,4,,,,4,14713,0,0,,xslF345X02/cas536.xml,
0001223203-06-000010,2006-01-04,2006-01-03,2006-01-04T15:40:15.000Z,,4,,,,4,15420,0,0,,xslF345X02/dou537.xml,
0001223203-06-000011,2006-01-04,2006-01-03,2006-01-04T15:40:28.000Z,,4,,,,4,10150,0,0,,xslF345X02/fer538.xml,
0001223203-06-000012,2006-01-04,2006-01-03,2006-01-04T15:40:35.000Z,,4,,,,4,9460,0,0,,xslF345X02/ofl539.xml,
0001223203-06-000013,2006-01-04,2006-01-03,2006-01-04T15:40:51.000Z,,4,,,,4,11525,0,0,,xslF345X02/sel540.xml,
0001223203-06-000014,2006-01-04,2005-12-31,2006-01-04T16:14:18.000Z,,4,,,,4,6261,0,0,,xslF345X02/hic541.xml,
0001223203-06-000015,2006-01-04,2005-12-31,2006-01-04T16:14:31.000Z,,4,,,,4,6278,0,0,,xslF345X02/ren542.xml,
0001223203-06-000016,2006-01-04,2005-12-31,2006-01-04T16:14:40.000Z,,4,,,,4,6419,0,0,,xslF345X02/swi543.xml,
0001223203-06-000017,2006-01-09,2006-01-09,2006-01-09T20:14:04.000Z,,4,,,,4,19957,0,0,,xslF345X02/bus544.xml,
0001223203-06-000020,2006-01-17,2006-01-13,2006-01-17T12:26:37.000Z,,4,,,,4,5114,0,0,,xslF345X02/rad545.xml,
0001223203-06-000021,2006-01-19,2006-01-17,2006-01-19T15:10:12.000Z,,4,,,,4,6261,0,0,,xslF345X02/hic546.xml,
0001223203-06-000022,2006-01-19,2006-01-17,2006-01-19T15:10:24.000Z,,4,,,,4,6276,0,0,,xslF345X02/ren547.xml,
0001223203-06-000023,2006-01-19,2006-01-17,2006-01-19T15:10:31.000Z,,4,,,,4,6417,0,0,,xslF345X02/swi548.xml,
0001223203-06-000025,2006-02-02,2006-02-01,2006-02-02T16:14:05.000Z,,4,,,,4,9460,0,0,,xslF345X02/bus549.xml,
0001223203-06-000026,2006-02-02,2006-02-01,2006-02-02T16:14:15.000Z,,4,,,,4,15423,0,0,,xslF345X02/dou550.xml,
0001223203-06-000027,2006-02-02,2006-02-01,2006-02-02T16:14:26.000Z,,4,,,,4,10150,0,0,,xslF345X02/fer551.xml,
0001223203-06-000028,2006-02-02,2006-02-01,2006-02-02T16:14:36.000Z,,4,,,,4,10998,0,0,,xslF345X02/ofl552.xml,
0000950117-06-000460,2006-02-02,2006-01-27,2006-02-02T22:21:00.000Z,34,8-K,001-09120,06574608,"2.02,8.01,9.01",8-K,736465,0,0,,a41291.htm,PUBLIC SERVICE ENTERPRISE GROUP INC.
0001223203-06-000029,2006-02-03,2006-02-02,2006-02-03T13:10:49.000Z,,4,,,,4,9459,0,0,,xslF345X02/cas553.xml,
0000950117-06-000584,2006-02-09,2006-02-08,2006-02-09T19:54:33.000Z,34,8-K,001-09120,06592576,"8.01,9.01",8-K,45778,0,0,,a41327.htm,PUBLIC SERVICE ENTERPRISE GROUP INC.
0000017283-06-000299,2006-02-10,,2006-02-10T19:16:53.000Z,34,SC 13G/A,005-44133,06597549,,SC 13G/A,9620,0,0,,edgpeg.txt,SC 13G/A
0001223203-06-000031,2006-02-13,2006-02-10,2006-02-13T18:47:36.000Z,,4,,,,4,5114,0,0,,xslF345X02/rad554.xml,
0001223203-06-000033,2006-02-16,2006-01-18,2006-02-16T20:38:39.000Z,,4,,,,4,5695,0,0,,xslF345X02/bus555.xml,
0001223203-06-000034,2006-02-16,2006-01-18,2006-02-16T20:38:51.000Z,,4,,,,4,5695,0,0,,xslF345X02/cas556.xml,
0001223203-06-000035,2006-02-16,2006-01-18,2006-02-16T20:39:10.000Z,,4,,,,4,6409,0,0,,xslF345X02/dou557.xml,
0001223203-06-000036,2006-02-16,2006-01-18,2006-02-16T20:40:01.000Z,,4,,,,4,6385,0,0,,xslF345X02/fer559.xml,
0001223203-06-000037,2006-02-16,2006-01-18,2006-02-16T20:40:24.000Z,,4,,,,4,6358,0,0,,xslF345X02/izz560.xml,
0001223203-06-000038,2006-02-16,2006-01-18,2006-02-16T20:42:17.000Z,,4,,,,4,5699,0,0,,xslF345X02/ofl561.xml,
0001223203-06-000039,2006-02-16,2006-01-18,2006-02-16T20:42:39.000Z,,4,,,,4,4990,0,0,,xslF345X02/rad562.xml,
0001223203-06-000040,2006-02-16,2006-01-18,2006-02-16T20:42:58.000Z,,4,,,,4,7766,0,0,,xslF345X02/sel563.xml,
0001223203-06-000044,2006-02-23,2006-02-22,2006-02-23T15:34:52.000Z,,4,,,,4,6261,0,0,,xslF345X02/hic564.xml,
0001223203-06-000045,2006-02-23,2006-02-22,2006-02-23T15:35:18.000Z,,4,,,,4,6417,0,0,,xslF345X02/swi565.xml,
0000950117-06-000927,2006-02-28,2005-12-31,2006-02-28T02:55:54.000Z,34,10-K,001-09120,06648433,,10-K,4616205,0,0,,a41410.htm,PUBLIC SERVICE ENTERPRISE GROUP INC.
0001223203-06-000050,2006-03-02,2006-03-01,2006-03-02T12:33:13.000Z,,4,,,,4,9460,0,0,,xslF345X02/bus566.xml,
0001223203-06-000051,2006-03-02,2006-03-01,2006-03-02T12:33:21.000Z,,4,,,,4,15419,0,0,,xslF345X02/dou567.xml,
0001223203-06-000052,2006-03-02,2006-03-01,2006-03-02T12:33:31.000Z,,4,,,,4,10149,0,0,,xslF345X02/fer568.xml,
0001223203-06-000055,2006-03-02,2006-03-02,2006-03-02T18:15:51.000Z,,4,,,,4,9459,0,0,,xslF345X02/cas569.xml,
0000950137-06-002507,2006-03-03,2006-03-02,2006-03-03T01:42:31.000Z,34,8-K,001-09120,06661655,7.01,8-K,1775768,0,0,,c03047e8vk.htm,CURRENT REPORT
0001223203-06-000059,2006-03-13,2006-03-10,2006-03-13T19:18:45.000Z,,4,,,,4,5114,0,0,,xslF345X02/rad570.xml,
0000950137-06-003100,2006-03-15,2006-03-15,2006-03-15T22:30:59.000Z,34,8-K,001-09120,06689277,7.01,8-K,1132474,0,0,,c03494e8vk.htm,CURRENT REPORT
0001223203-06-000060,2006-03-17,2006-03-17,2006-03-17T18:29:56.000Z,,4,,,,4,15370,0,0,,xslF345X02/izz571.xml,
0001223203-06-000062,2006-03-23,2006-03-21,2006-03-23T12:52:17.000Z,,4,,,,4,6261,0,0,,xslF345X02/hic572.xml,
0001223203-06-000063,2006-03-23,2006-03-21,2006-03-23T12:52:27.000Z,,4,,,,4,6276,0,0,,xslF345X02/ren573.xml,
0001223203-06-000064,2006-03-23,2006-03-21,2006-03-23T12:52:38.000Z,,4,,,,4,6417,0,0,,xslF345X02/swi574.xml,
0000950117-06-001497,2006-03-30,2006-03-24,2006-03-30T21:16:28.000Z,34,8-K,001-09120,06723417,"4.01,9.01",8-K,17363,0,0,,a41680.htm,PUBLIC SERVICE ENTERPRISE GROUP INC.
0001223203-06-000069,2006-04-03,2006-04-03,2006-04-03T19:16:12.000Z,,4,,,,4,14704,0,0,,xslF345X02/cas575.xml,
0001223203-06-000070,2006-04-03,2006-04-03,2006-04-03T19:16:24.000Z,,4,,,,4,10173,0,0,,xslF345X02/dou576.xml,
0001223203-06-000071,2006-04-03,2006-04-03,2006-04-03T19:16:34.000Z,,4,,,,4,10149,0,0,,xslF345X02/fer577.xml,
0001223203-06-000072,2006-04-03,2006-04-03,2006-04-03T19:16:48.000Z,,4,,,,4,19964,0,0,,xslF345X02/ofl578.xml,
0001223203-06-000074,2006-04-04,2006-03-31,2006-04-04T13:24:38.000Z,,4,,,,4,6261,0,0,,xslF345X02/hic579.xml,
0001223203-06-000075,2006-04-04,2006-03-31,2006-04-04T13:24:54.000Z,,4,,,,4,6278,0,0,,xslF345X02/ren582.xml,
0001223203-06-000076,2006-04-04,2006-03-31,2006-04-04T13:25:04.000Z,,4,,,,4,6419,0,0,,xslF345X02/swi580.xml,
0000950117-06-001680,2006-04-07,,2006-04-07T18:58:21.000Z,,CORRESP,,,,CORRESP,8250,0,0,,filename1.htm,
0001223203-06-000118,2006-04-18,2006-04-17,2006-04-18T13:33:55.000Z,,4,,,,4,5114,0,0,,xslF345X02/rad584.xml,
0001223203-06-000119,2006-04-18,2006-04-18,2006-04-18T17:20:11.000Z,,4,,,,4,14712,0,0,,xslF345X02/bus585.xml,
0001223203-06-000120,2006-04-20,2006-04-18,2006-04-20T17:39:57.000Z,,4,,,,4,6261,0,0,,xslF345X02/hic586.xml,
0001223203-06-000121,2006-04-20,2006-04-18,2006-04-20T17:40:09.000Z,,4,,,,4,6276,0,0,,xslF345X02/ren587.xml,
0001223203-06-000122,2006-04-26,2006-04-24,2006-04-26T18:16:09.000Z,,4,,,,4,6261,0,0,,xslF345X02/hic588.xml,
0001223203-06-000123,2006-04-26,2006-04-24,2006-04-26T18:16:21.000Z,,4,,,,4,6276,0,0,,xslF345X02/ren589.xml,
0001223203-06-000124,2006-05-01,2006-05-01,2006-05-01T18:22:17.000Z,,4,,,,4,10165,0,0,,xslF345X02/dou591.xml,
0001223203-06-000125,2006-05-01,2006-05-01,2006-05-01T18:22:30.000Z,,4,,,,4,10149,0,0,,xslF345X02/fer590.xml,
0001223203-06-000126,2006-05-01,2006-05-01,2006-05-01T18:22:46.000Z,,4,,,,4,9465,0,0,,xslF345X02/ofl592.xml,
0000950117-06-001964,2006-05-02,2006-05-01,2006-05-02T01:00:58.000Z,34,8-K,001-09120,06797026,"2.02,9.01",8-K,422345,0,0,,a41914.htm,PUBLIC SERVICE ENTERPRISE GROUP INC.
0000950117-06-001966,2006-05-02,2006-03-31,2006-05-02T01:51:35.000Z,34,10-Q,001-09120,06797080,,10-Q,1335859,0,0,,a41902.htm,PUBLIC SERVICE ENTERPRISE GROUP INCORPORATED
0001223203-06-000127,2006-05-02,2006-05-02,2006-05-02T14:16:04.000Z,,4,,,,4,14708,0,0,,xslF345X02/cas593.xml,
0000950137-06-005473,2006-05-05,2006-05-05,2006-05-05T21:21:08.000Z,34,8-K,001-09120,06814082,7.01,8-K,1403986,0,0,,c05073e8vk.htm,CURRENT REPORT
0000950117-06-002181,2006-05-11,2006-05-10,2006-05-10T21:36:13.000Z,34,8-K,001-09120,06827621,"2.06,8.01,9.01",8-K,27257,0,0,,a42003.htm,PUBLIC SERVICE ENTERPRISE GROUP INCORPORATED
0001223203-06-000129,2006-05-15,2006-05-12,2006-05-15T15:19:23.000Z,,4,,,,4,5114,0,0,,xslF345X02/rad594.xml,
0001223203-06-000130,2006-05-16,2006-05-16,2006-05-16T18:51:45.000Z,,4,,,,4,14712,0,0,,xslF345X02/bus595.xml,
0000950137-06-006192,2006-05-23,2006-05-23,2006-05-23T21:28:55.000Z,34,8-K,001-09120,06862315,7.01,8-K,1153461,0,0,,c05590e8vk.htm,CURRENT REPORT
0001223203-06-000131,2006-06-01,2006-06-01,2006-06-01T16:56:05.000Z,,4,,,,4,15400,0,0,,xslF345X02/fer597.xml,
0001223203-06-000132,2006-06-01,2006-06-01,2006-06-01T16:56:16.000Z,,4,,,,4,9465,0,0,,xslF345X02/ofl598.xml,
0001223203-06-000133,2006-06-02,2006-06-02,2006-06-02T15:49:55.000Z,,4,,,,4,9459,0,0,,xslF345X02/cas599.xml,
0000950117-06-002512,2006-06-02,2006-05-29,2006-06-02T20:54:15.000Z,34,8-K,001-09120,06883858,"8.01,9.01",8-K,38754,0,0,,a42134.htm,PUBLIC SERVICE ENTERPRISE GROUP INC.
0001223203-06-000136,2006-06-12,2006-06-09,2006-06-12T15:20:59.000Z,,4,,,,4,5114,0,0,,xslF345X02/rad600.xml,
0001223203-06-000141,2006-06-15,2006-06-14,2006-06-15T19:00:37.000Z,,4,,,,4,6261,0,0,,xslF345X02/hic601.xml,
0001223203-06-000142,2006-06-15,2006-06-14,2006-06-15T19:00:59.000Z,,4,,,,4,6275,0,0,,xslF345X02/ren602.xml,
0000950137-06-007043,2006-06-21,2006-06-19,2006-06-21T00:54:26.000Z,34,8-K,001-09120,06916238,"8.01,9.01",8-K,45799,0,0,,c06173e8vk.htm,CURRENT REPORT
0001223203-06-000149,2006-06-22,2006-06-20,2006-06-22T13:49:27.000Z,,4,,,,4,6261,0,0,,xslF345X02/hic603.xml,
0001223203-06-000150,2006-06-22,2006-06-20,2006-06-22T13:49:40.000Z,,4,,,,4,6276,0,0,,xslF345X02/ren604.xml,
0000950137-06-007127,2006-06-23,2006-06-22,2006-06-23T00:20:41.000Z,34,8-K,001-09120,06920770,"8.01,9.01",8-K,55890,0,0,,c06238ae8vk.htm,CURRENT REPORT
0000950137-06-007128,2006-06-23,2006-06-22,2006-06-23T00:22:18.000Z,34,8-K,001-09120,06920774,"8.01,9.01",8-K,250691,0,0,,c06238be8vk.htm,CURRENT REPORT
0000950117-06-002801,2006-06-28,2005-12-31,2006-06-28T16:59:58.000Z,34,11-K,001-09120,06929224,,11-K,146916,0,0,,a42248.htm,PUBLIC SERVICE ENTERPRISE GROUP INC.
0000950117-06-002802,2006-06-28,2005-12-31,2006-06-28T17:00:27.000Z,34,11-K,001-09120,06929227,,11-K,141067,0,0,,a42249.htm,PUBLIC SERVICE ENTERPRISE GROUP INC.
0001223203-06-000154,2006-07-05,2006-07-03,2006-07-05T15:04:17.000Z,,4,,,,4,15401,0,0,,xslF345X02/fer609.xml,
0001223203-06-000155,2006-07-05,2006-06-30,2006-07-05T15:04:51.000Z,,4,,,,4,6261,0,0,,xslF345X02/hic606.xml,
0001223203-06-000156,2006-07-05,2006-06-30,2006-07-05T15:05:20.000Z,,4,,,,4,6278,0,0,,xslF345X02/ren607.xml,
0001223203-06-000157,2006-07-05,2006-06-30,2006-07-05T16:12:48.000Z,,4,,,,4,6419,0,0,,xslF345X02/swi610.xml,
0001223203-06-000160,2006-07-17,2006-07-14,2006-07-17T15:34:19.000Z,,4,,,,4,5114,0,0,,xslF345X02/rad611.xml,
0001223203-06-000161,2006-07-20,2006-07-18,2006-07-20T12:24:52.000Z,,4,,,,4,6261,0,0,,xslF345X02/hic612.xml,
0001223203-06-000162,2006-07-20,2006-07-18,2006-07-20T12:25:03.000Z,,4,,,,4,6276,0,0,,xslF345X02/ren613.xml,
0001223203-06-000164,2006-07-26,2006-07-25,2006-07-26T16:04:17.000Z,,4,,,,4,6261,0,0,,xslF345X02/hic614.xml,
0001223203-06-000165,2006-07-26,2006-07-25,2006-07-26T16:04:29.000Z,,4,,,,4,6276,0,0,,xslF345X02/ren615.xml,
0000950117-06-003284,2006-08-01,2006-08-01,2006-08-01T21:20:16.000Z,34,8-K,001-09120,06995284,"2.02,9.01",8-K,699598,0,0,,a42470.htm,PUBLIC SERVICE ENTERPRISE GROUP INCORPORATED
0000950117-06-003288,2006-08-02,2006-06-30,2006-08-02T01:55:26.000Z,34,10-Q,001-09120,06995909,,10-Q,1726145,0,0,,a42460.htm,PSE&G
0000950117-06-003300,2006-08-02,2006-08-02,2006-08-02T21:29:35.000Z,34,8-K,001-09120,06999114,"8.01,9.01",8-K,116494,0,0,,a42483.htm,PSEG
0001223203-06-000167,2006-08-03,2006-08-01,2006-08-03T12:39:26.000Z,,4,,,,4,10150,0,0,,xslF345X02/fer616.xml,
0000950117-06-003340,2006-08-07,2006-08-04,2006-08-05T01:28:54.000Z,34,8-K,001-09120,061007146,"8.01,9.01",8-K,60045,0,0,,a42508.htm,PUBLIC SERVICE ENTERPRISE GROUP
0001223203-06-000177,2006-08-14,2006-08-11,2006-08-14T17:41:53.000Z,,4,,,,4,5115,0,0,,xslF345X02/rad617.xml,
0001223203-06-000178,2006-08-21,2006-08-17,2006-08-21T18:39:16.000Z,,4,,,,4,6262,0,0,,xslF345X02/hic618.xml,
0001223203-06-000179,2006-08-21,2006-08-17,2006-08-21T18:39:31.000Z,,4,,,,4,6276,0,0,,xslF345X02/ren619.xml,
0000950117-06-003699,2006-08-30,2006-08-29,2006-08-30T01:50:46.000Z,34,8-K,001-09120,061063845,8.01,8-K,53334,0,0,,a42670.htm,PUBLIC SERVICE ENTERPRISE GROUP INCORPORATED
0001223203-06-000180,2006-08-30,2006-08-29,2006-08-30T17:54:59.000Z,,4,,,,4,6262,0,0,,xslF345X02/hic620.xml,
0001223203-06-000181,2006-08-30,2006-08-29,2006-08-30T17:55:12.000Z,,4,,,,4,6277,0,0,,xslF345X02/ren621.xml,
0001223203-06-000182,2006-09-05,2006-09-01,2006-09-05T19:33:27.000Z,,4,,,,4,10150,0,0,,xslF345X02/fer622.xml,
0000950137-06-009806,2006-09-06,2006-09-06,2006-09-06T21:12:09.000Z,34,8-K,001-09120,061077362,7.01,8-K,377522,0,0,,c08306e8vk.htm,CURRENT REPORT
0001223203-06-000186,2006-09-11,2006-09-08,2006-09-11T15:43:54.000Z,,4,,,,4,5113,0,0,,xslF345X02/rad623.xml,
0000950137-06-010070,2006-09-15,2006-09-14,2006-09-15T01:33:03.000Z,34,8-K,001-09120,061092043,"1.02,8.01,9.01",8-K,53304,0,0,,c08483be8vk.htm,CURRENT REPORT
0001223203-06-000198,2006-09-15,2006-09-14,2006-09-15T18:33:20.000Z,,4,,,,4,6262,0,0,,xslF345X02/hic624.xml,
0001223203-06-000199,2006-09-15,2006-09-14,2006-09-15T18:33:34.000Z,,4,,,,4,6277,0,0,,xslF345X02/ren625.xml,
0001223203-06-000209,2006-09-20,2006-09-19,2006-09-20T14:28:34.000Z,,4,,,,4,6262,0,0,,xslF345X02/hic626.xml,
0001223203-06-000210,2006-09-20,2006-09-19,2006-09-20T14:28:45.000Z,,4,,,,4,6279,0,0,,xslF345X02/ren627.xml,
0000950117-06-004013,2006-09-26,2006-09-26,2006-09-26T21:22:14.000Z,34,8-K,001-09120,061109468,7.01,8-K,746930,0,0,,a42821.htm,PUBLIC SERVICE ENTERPRISE GROUP INCORPORATED
0000950117-06-004038,2006-09-27,2006-09-25,2006-09-27T21:30:06.000Z,34,8-K,001-09120,061111984,"5.02,9.01",8-K,68891,0,0,,a42824.htm,PUBLIC SERVICE ENTERPRISE GROUP INCORPORATED
0001223203-06-000225,2006-10-02,2006-09-30,2006-10-02T20:54:09.000Z,,4,,,,4,6262,0,0,,xslF345X02/hic629.xml,
0001223203-06-000226,2006-10-02,2006-09-30,2006-10-02T20:54:24.000Z,,4,,,,4,6278,0,0,,xslF345X02/ren630.xml,
0001223203-06-000227,2006-10-02,2006-09-30,2006-10-02T20:54:35.000Z,,4,,,,4,6420,0,0,,xslF345X02/swi631.xml,
0001223203-06-000228,2006-10-02,2006-10-02,2006-10-02T21:26:14.000Z,,4,,,,4,15402,0,0,,xslF345X02/fer628.xml,
0001223203-06-000230,2006-10-03,2006-10-01,2006-10-03T18:05:19.000Z,,4,,,,4,6467,0,0,,xslF345X02/izz632.xml,
0001223203-06-000231,2006-10-04,2006-10-01,2006-10-04T21:52:52.000Z,,3,,,,3,6236,0,0,,xslF345X02/lar633.xml,
0001223203-06-000232,2006-10-04,2006-10-02,2006-10-04T21:58:39.000Z,,4,,,,4,5150,0,0,,xslF345X02/lar634.xml,
0000950117-06-004179,2006-10-10,2006-11-21,2006-10-10T15:25:32.000Z,34,DEF 14A,001-09120,061136301,,DEF 14A,962398,0,0,,a44487.htm,PUBLIC SERVICE ENTERPRISE GROUP INCORPORATED
0000950117-06-004181,2006-10-10,,2006-10-10T16:02:05.000Z,34,DEFA14A,001-09120,061136522,,DEFA14A,33046,0,0,,a44617.htm,PUBLIC SERVICE ENTERPRISE GROUP
9999999997-06-042174,2006-10-11,2005-12-31,2006-10-17T18:30:49.000Z,34,ARS,001-09120,06048351,,ARS,1831,0,0,,9999999997-06-042174.paper,AUTO-GENERATED PAPER DOCUMENT
0001223203-06-000234,2006-10-17,2006-10-13,2006-10-17T14:29:57.000Z,,4,,,,4,5160,0,0,,xslF345X02/lar636.xml,
0001223203-06-000235,2006-10-17,2006-10-13,2006-10-17T14:30:40.000Z,,4,,,,4,5115,0,0,,xslF345X02/rad635.xml,
0001223203-06-000238,2006-10-18,2006-10-16,2006-10-18T18:19:03.000Z,,4,,,,4,6262,0,0,,xslF345X02/hic638.xml,
0001223203-06-000239,2006-10-18,2006-10-16,2006-10-18T18:20:08.000Z,,4,,,,4,6277,0,0,,xslF345X02/ren637.xml,
0001223203-06-000240,2006-10-18,2006-10-17,2006-10-18T18:38:38.000Z,,4,,,,4,6262,0,0,,xslF345X02/hic639.xml,
0001223203-06-000245,2006-10-24,2006-10-01,2006-10-24T17:51:03.000Z,,3/A,,,,3/A,9333,0,0,,xslF345X02/lar647.xml,
0001223203-06-000246,2006-10-25,2006-10-24,2006-10-25T15:02:41.000Z,,4,,,,4,6262,0,0,,xslF345X02/hic648.xml,
0001223203-06-000247,2006-10-25,2006-10-24,2006-10-25T15:02:54.000Z,,4,,,,4,6277,0,0,,xslF345X02/ren649.xml,
0000000000-06-052754,2006-10-30,,2006-10-30T20:24:53.000Z,,UPLOAD,,,,LETTER,39859,0,0,,filename1.pdf,
0000950117-06-004486,2006-11-01,2006-11-01,2006-11-01T21:03:39.000Z,34,8-K,001-09120,061178916,"2.02,9.01",8-K,779408,0,0,,a45047.htm,PUBLIC SERVICE ENTERPRISE GROUP INC.
0000950117-06-004492,2006-11-02,2006-09-30,2006-11-01T22:36:53.000Z,34,10-Q,001-09120,061180035,,10-Q,2784102,0,0,,a44993.htm,PSE&G 3RD QUARTER
0001223203-06-000248,2006-11-02,2006-11-01,2006-11-02T18:52:24.000Z,,4,,,,4,10151,0,0,,xslF345X02/fer650.xml,
0000950117-06-004541,2006-11-06,2006-11-06,2006-11-06T22:10:54.000Z,34,8-K,001-09120,061191176,7.01,8-K,2193970,0,0,,a45112.htm,PUBLIC SERVICE ENTERPRISE GROUP INC.
0001223203-06-000250,2006-11-14,2006-11-10,2006-11-14T18:59:24.000Z,,4,,,,4,26833,0,0,,xslF345X02/rad651.xml,
0000930413-06-008121,2006-11-21,2006-11-21,2006-11-21T22:27:19.000Z,34,8-K,001-09120,061233746,"7.01,9.01",8-K,95453,0,0,,a45437.htm,PSEG
0001223203-06-000252,2006-11-22,2006-11-21,2006-11-22T18:42:43.000Z,,4,,,,4,6262,0,0,,xslF345X02/hic652.xml,
0001223203-06-000253,2006-11-22,2006-11-21,2006-11-22T18:42:57.000Z,,4,,,,4,6277,0,0,,xslF345X02/ren653.xml,
0000930413-06-008182,2006-11-27,2006-11-21,2006-11-27T21:56:09.000Z,34,8-K,001-09120,061239941,1.01,8-K,8249,0,0,,c45477_8k.htm,
0000930413-06-008313,2006-11-30,2006-11-30,2006-11-30T22:24:57.000Z,34,8-K,001-09120,061249037,"8.01,9.01",8-K,37487,0,0,,c45529_8k.htm,
0001223203-06-000254,2006-12-04,2006-12-01,2006-12-04T12:42:08.000Z,,4,,,,4,10151,0,0,,xslF345X02/fer654.xml,
0001223203-06-000255,2006-12-04,2006-12-01,2006-12-04T19:48:47.000Z,,4,,,,4,6895,0,0,,xslF345X02/dre656.xml,
0001223203-06-000256,2006-12-04,2006-12-01,2006-12-04T19:49:10.000Z,,4,,,,4,6741,0,0,,xslF345X02/har657.xml,
0001223203-06-000257,2006-12-04,2006-12-01,2006-12-04T19:49:27.000Z,,4,,,,4,6952,0,0,,xslF345X02/swi658.xml,
0001223203-06-000258,2006-12-04,2006-12-01,2006-12-04T19:49:41.000Z,,4,,,,4,6800,0,0,,xslF345X02/gam659.xml,
0001223203-06-000259,2006-12-04,2006-12-01,2006-12-04T19:49:56.000Z,,4,,,,4,6831,0,0,,xslF345X02/jac660.xml,
0001223203-06-000260,2006-12-04,2006-12-01,2006-12-04T19:50:09.000Z,,4,,,,4,6795,0,0,,xslF345X02/hic661.xml,
0001223203-06-000261,2006-12-04,2006-12-01,2006-12-04T19:50:31.000Z,,4,,,,4,6868,0,0,,xslF345X02/dor662.xml,
0001223203-06-000262,2006-12-04,2006-12-01,2006-12-04T19:50:43.000Z,,4,,,,4,6810,0,0,,xslF345X02/ren663.xml,
0001223203-06-000263,2006-12-05,2006-12-04,2006-12-05T17:51:00.000Z,,4,,,,4,7760,0,0,,xslF345X02/sel665.xml,
0001223203-06-000264,2006-12-07,2006-12-04,2006-12-07T18:03:38.000Z,,4/A,,,,4/A,8683,0,0,,xslF345X02/sel684.xml,
0001223203-06-000266,2006-12-12,2006-12-11,2006-12-12T16:25:29.000Z,,4,,,,4,5115,0,0,,xslF345X02/rad685.xml,
0000930413-06-008541,2006-12-12,2006-12-07,2006-12-12T21:48:47.000Z,34,8-K,001-09120,061272076,"5.02,8.01,9.01",8-K,61817,0,0,,c45725_8k.htm,
0001223203-06-000299,2006-12-18,2006-12-15,2006-12-18T15:16:07.000Z,,4,,,,4,14000,0,0,,xslF345X02/rad686.xml,
0001223203-06-000359,2006-12-20,2006-12-19,2006-12-20T19:53:28.000Z,,4,,,,4,6262,0,0,,xslF345X02/hic687.xml,
0001223203-06-000360,2006-12-20,2006-12-19,2006-12-20T19:53:41.000Z,,4,,,,4,6279,0,0,,xslF345X02/ren688.xml,
0000930413-06-008784,2006-12-21,2006-12-20,2006-12-21T21:21:32.000Z,34,8-K,001-09120,061293512,"8.01,9.01",8-K,32377,0,0,,c45860_8k.htm,PSE&G
0001223203-06-000361,2006-12-22,2006-12-20,2006-12-22T14:45:25.000Z,,4,,,,4,5695,0,0,,xslF345X02/bus696.xml,
0001223203-06-000362,2006-12-22,2006-12-20,2006-12-22T14:45:36.000Z,,4,,,,4,5696,0,0,,xslF345X02/cas691.xml,
0001223203-06-000363,2006-12-22,2006-12-20,2006-12-22T14:45:51.000Z,,4,,,,4,6410,0,0,,xslF345X02/dou689.xml,
0001223203-06-000364,2006-12-22,2006-12-20,2006-12-22T14:46:08.000Z,,4,,,,4,6385,0,0,,xslF345X02/fer693.xml,
0001223203-06-000365,2006-12-22,2006-12-20,2006-12-22T14:46:27.000Z,,4,,,,4,6354,0,0,,xslF345X02/izz694.xml,
0001223203-06-000366,2006-12-22,2006-12-20,2006-12-22T14:46:46.000Z,,4,,,,4,5036,0,0,,xslF345X02/lar690.xml,
0001223203-06-000367,2006-12-22,2006-12-20,2006-12-22T14:47:05.000Z,,4,,,,4,5700,0,0,,xslF345X02/ofl697.xml,
0001223203-06-000368,2006-12-22,2006-12-20,2006-12-22T14:47:22.000Z,,4,,,,4,4991,0,0,,xslF345X02/rad695.xml,
0001223203-06-000369,2006-12-22,2006-12-20,2006-12-22T14:47:39.000Z,,4,,,,4,7766,0,0,,xslF345X02/sel692.xml,
0001223203-07-000001,2007-01-03,2006-12-29,2007-01-03T14:29:57.000Z,,4,,,,4,5694,0,0,,xslF345X02/bus705.xml,
0001223203-07-000002,2007-01-03,2006-12-29,2007-01-03T14:30:09.000Z,,4,,,,4,5694,0,0,,xslF345X02/cas700.xml,
0001223203-07-000003,2007-01-03,2006-12-29,2007-01-03T14:30:26.000Z,,4,,,,4,6408,0,0,,xslF345X02/dou698.xml,
0001223203-07-000004,2007-01-03,2006-12-29,2007-01-03T14:30:39.000Z,,4,,,,4,6384,0,0,,xslF345X02/fer702.xml,
0001223203-07-000005,2007-01-03,2006-12-29,2007-01-03T14:30:51.000Z,,4,,,,4,6352,0,0,,xslF345X02/izz703.xml,
0001223203-07-000006,2007-01-03,2006-12-29,2007-01-03T14:31:05.000Z,,4,,,,4,5035,0,0,,xslF345X02/lar699.xml,
0001223203-07-000007,2007-01-03,2006-12-29,2007-01-03T14:31:18.000Z,,4,,,,4,5698,0,0,,xslF345X02/ofl706.xml,
0001223203-07-000008,2007-01-03,2006-12-29,2007-01-03T14:31:31.000Z,,4,,,,4,4990,0,0,,xslF345X02/rad704.xml,
0001223203-07-000009,2007-01-03,2006-12-29,2007-01-03T14:31:45.000Z,,4,,,,4,7765,0,0,,xslF345X02/sel701.xml,
0001223203-07-000010,2007-01-03,2006-12-31,2007-01-03T14:53:49.000Z,,4,,,,4,6261,0,0,,xslF345X02/hic707.xml,
0001223203-07-000011,2007-01-03,2006-12-31,2007-01-03T14:54:06.000Z,,4,,,,4,6278,0,0,,xslF345X02/ren708.xml,
0001223203-07-000012,2007-01-03,2006-12-31,2007-01-03T14:54:23.000Z,,4,,,,4,6419,0,0,,xslF345X02/swi709.xml,
0001223203-07-000013,2007-01-03,2007-01-03,2007-01-03T19:21:07.000Z,,4,,,,4,10150,0,0,,xslF345X02/fer710.xml,
0001223203-07-000014,2007-01-03,2007-01-02,2007-01-03T19:38:17.000Z,,3,,,,3,4859,0,0,,xslF345X02/dir711.xml,
0000930413-07-000082,2007-01-03,2007-01-03,2007-01-03T21:42:18.000Z,34,8-K,001-09120,07505254,8.01,8-K,12329,0,0,,c45966_8k.htm,
0000930413-07-000083,2007-01-03,2006-12-29,2007-01-03T21:44:41.000Z,34,8-K,001-09120,07505282,"2.06,9.01",8-K,48704,0,0,,c45982_8k.htm,
0001223203-07-000016,2007-01-08,2007-01-02,2007-01-08T18:07:56.000Z,,3/A,,,,3/A,5654,0,0,,xslF345X02/dir714.xml,
0001223203-07-000018,2007-01-16,2007-01-12,2007-01-16T13:57:07.000Z,,4,,,,4,5114,0,0,,xslF345X02/rad715.xml,
0001223203-07-000019,2007-01-17,2007-01-16,2007-01-17T19:54:54.000Z,,4,,,,4,6261,0,0,,xslF345X02/hic716.xml,
0001223203-07-000020,2007-01-17,2007-01-16,2007-01-17T19:55:12.000Z,,4,,,,4,6276,0,0,,xslF345X02/ren717.xml,
0001223203-07-000023,2007-01-19,2007-01-18,2007-01-19T14:04:52.000Z,,3,,,,3,6244,0,0,,xslF345X02/sim718.xml,
0001223203-07-000024,2007-01-22,2007-01-18,2007-01-22T18:30:01.000Z,,4,,,,4,5695,0,0,,xslF345X02/bus719.xml,
0001223203-07-000025,2007-01-22,2007-01-19,2007-01-22T18:30:18.000Z,,4,,,,4,5695,0,0,,xslF345X02/cas727.xml,
0001223203-07-000026,2007-01-22,2007-01-19,2007-01-22T18:30:31.000Z,,4,,,,4,5757,0,0,,xslF345X02/dir724.xml,
0001223203-07-000027,2007-01-22,2007-01-19,2007-01-22T18:30:48.000Z,,4,,,,4,6409,0,0,,xslF345X02/dou721.xml,
0001223203-07-000028,2007-01-22,2007-01-19,2007-01-22T18:31:00.000Z,,4,,,,4,6385,0,0,,xslF345X02/fer723.xml,
0001223203-07-000029,2007-01-22,2007-01-19,2007-01-22T18:31:12.000Z,,4,,,,4,6353,0,0,,xslF345X02/izz725.xml,
0001223203-07-000030,2007-01-22,2007-01-19,2007-01-22T18:31:25.000Z,,4,,,,4,5072,0,0,,xslF345X02/lar722.xml,
0001223203-07-000031,2007-01-22,2007-01-19,2007-01-22T18:31:51.000Z,,4,,,,4,6388,0,0,,xslF345X02/ofl728.xml,
0001223203-07-000032,2007-01-22,2007-01-19,2007-01-22T18:32:10.000Z,,4,,,,4,7766,0,0,,xslF345X02/sel720.xml,
0001223203-07-000033,2007-01-22,2007-01-19,2007-01-22T18:32:23.000Z,,4,,,,4,5076,0,0,,xslF345X02/sim726.xml,
0000930413-07-000854,2007-01-31,2007-01-31,2007-01-31T22:10:13.000Z,34,8-K,001-09120,07568921,"2.02,8.01,9.01",8-K,532315,0,0,,c46482_8-k.htm,
0001223203-07-000034,2007-02-01,2006-12-31,2007-02-01T18:18:24.000Z,,5,,,,5,9602,0,0,,xslF345X02/sel731.xml,
0001223203-07-000035,2007-02-01,2007-02-01,2007-02-01T18:45:12.000Z,,4,,,,4,10150,0,0,,xslF345X02/fer732.xml,
0000038777-07-000207,2007-02-05,,2007-02-05T20:40:42.000Z,34,SC 13G,005-44133,07580250,,SC 13G,148446,0,0,,publ06in.htm,PUBL06IN
0001223203-07-000036,2007-02-09,2007-02-06,2007-02-09T14:18:31.000Z,,4,,,,4,6261,0,0,,xslF345X02/hic733.xml,
0001223203-07-000037,2007-02-09,2007-02-06,2007-02-09T14:18:47.000Z,,4,,,,4,6276,0,0,,xslF345X02/ren734.xml,
0000017283-07-000646,2007-02-12,,2007-02-09T22:41:16.000Z,34,SC 13G/A,005-44133,07599626,,SC 13G/A,9545,0,0,,edgpeg.txt,SC 13G/A
0001223203-07-000044,2007-02-13,2007-02-09,2007-02-13T13:49:45.000Z,,4,,,,4,5114,0,0,,xslF345X02/rad735.xml,
0000930413-07-001321,2007-02-14,2007-02-14,2007-02-14T22:33:34.000Z,34,8-K,001-09120,07623374,7.01,8-K,2760624,0,0,,c46793_8k.htm,
0001223203-07-000045,2007-02-20,2007-02-16,2007-02-20T19:36:30.000Z,,4,,,,4,6409,0,0,,xslF345X02/dou736.xml,
0000930413-07-001560,2007-02-23,2007-04-17,2007-02-23T20:49:47.000Z,34,PRE 14A,001-09120,07645764,,PRE 14A,1349912,0,0,,c45527_pre14a.htm,
0001223203-07-000046,2007-02-26,2007-02-22,2007-02-26T14:10:07.000Z,,4,,,,4,6261,0,0,,xslF345X02/hic737.xml,
0001223203-07-000047,2007-02-26,2007-02-22,2007-02-26T14:10:24.000Z,,4,,,,4,6276,0,0,,xslF345X02/ren738.xml,
0000930413-07-001699,2007-02-28,2006-12-31,2007-02-28T02:56:09.000Z,34,10-K,001-09120,07655109,,10-K,5245019,0,0,,c46564_10k.htm,
0001223203-07-000048,2007-02-28,2007-02-27,2007-02-28T13:33:37.000Z,,4,,,,4,16235,0,0,,xslF345X02/bus739.xml,
0001223203-07-000049,2007-03-01,2007-01-16,2007-03-01T18:40:02.000Z,,4,,,,4,5718,0,0,,xslF345X02/cas740.xml,
0001223203-07-000050,2007-03-01,2007-01-16,2007-03-01T18:40:15.000Z,,4,,,,4,5849,0,0,,xslF345X02/dir741.xml,
0001223203-07-000051,2007-03-01,2007-01-16,2007-03-01T18:40:27.000Z,,4,,,,4,5719,0,0,,xslF345X02/fer742.xml,
0001223203-07-000052,2007-03-01,2007-01-16,2007-03-01T18:40:42.000Z,,4,,,,4,5688,0,0,,xslF345X02/izz743.xml,
0001223203-07-000053,2007-03-01,2007-01-16,2007-03-01T18:40:56.000Z,,4,,,,4,5805,0,0,,xslF345X02/lar744.xml,
0001223203-07-000054,2007-03-01,2007-01-16,2007-03-01T18:41:10.000Z,,4,,,,4,5724,0,0,,xslF345X02/ofl745.xml,
0001223203-07-000055,2007-03-01,2007-01-16,2007-03-01T18:41:25.000Z,,4,,,,4,5710,0,0,,xslF345X02/sel746.xml,
0001223203-07-000056,2007-03-01,2007-01-16,2007-03-01T18:41:37.000Z,,4,,,,4,5808,0,0,,xslF345X02/sim747.xml,
0000930413-07-001889,2007-03-01,2007-03-01,2007-03-01T22:26:06.000Z,34,8-K,001-09120,07664786,"7.01,9.01",8-K,1272363,0,0,,c47084_8-k.htm,
0001223203-07-000057,2007-03-02,2007-03-01,2007-03-02T14:09:18.000Z,,4,,,,4,9513,0,0,,xslF345X02/dir748.xml,
0001223203-07-000058,2007-03-02,2007-03-01,2007-03-02T14:09:28.000Z,,4,,,,4,10149,0,0,,xslF345X02/fer749.xml,
0001223203-07-000059,2007-03-02,2007-03-01,2007-03-02T20:11:08.000Z,,4,,,,4,10169,0,0,,xslF345X02/dou750.xml,
0000930413-07-002007,2007-03-06,2007-03-06,2007-03-06T22:14:07.000Z,34,8-K,001-09120,07675611,"7.01,9.01",8-K,1262089,0,0,,c47155_8-k.htm,
0000930413-07-002040,2007-03-07,2007-04-17,2007-03-07T21:45:25.000Z,34,DEF 14A,001-09120,07678290,,DEF 14A,1316327,0,0,,c45527_def14a.htm,
0001223203-07-000062,2007-03-08,2007-03-06,2007-03-08T14:11:03.000Z,,4,,,,4,6413,0,0,,xslF345X02/dou751.xml,
0001223203-07-000063,2007-03-08,2007-03-06,2007-03-08T14:17:07.000Z,,4/A,,,,4/A,6490,0,0,,xslF345X02/dou752.xml,
9999999997-07-010430,2007-03-08,2006-12-31,2007-03-09T19:56:45.000Z,34,ARS,001-09120,07046165,,ARS,1831,0,0,,9999999997-07-010430.paper,AUTO-GENERATED PAPER DOCUMENT
0001223203-07-000064,2007-03-22,2007-03-20,2007-03-22T11:23:39.000Z,,4,,,,4,6261,0,0,,xslF345X02/hic753.xml,
0001223203-07-000065,2007-03-22,2007-03-20,2007-03-22T19:48:24.000Z,,4,,,,4,5694,0,0,,xslF345X02/izz754.xml,
0000930413-07-002823,2007-03-26,2007-03-26,2007-03-26T21:24:31.000Z,34,8-K,001-09120,07719030,"7.01,9.01",8-K,8156125,0,0,,c47618_8-k.htm,
0000788784-07-000002,2007-04-03,2007-03-30,2007-04-03T12:36:14.000Z,,4,,,,4,5807,0,0,,xslF345X02/bus759.xml,
0000788784-07-000003,2007-04-03,2007-03-30,2007-04-03T12:36:30.000Z,,4,,,,4,5807,0,0,,xslF345X02/cas756.xml,
0000788784-07-000004,2007-04-03,2007-03-30,2007-04-03T12:36:52.000Z,,4,,,,4,5869,0,0,,xslF345X02/dir763.xml,
0000788784-07-000005,2007-04-03,2007-03-30,2007-04-03T12:37:11.000Z,,4,,,,4,6521,0,0,,xslF345X02/dou755.xml,
0000788784-07-000006,2007-04-03,2007-03-30,2007-04-03T12:37:27.000Z,,4,,,,4,6465,0,0,,xslF345X02/izz758.xml,
0000788784-07-000007,2007-04-03,2007-03-30,2007-04-03T12:37:46.000Z,,4,,,,4,5184,0,0,,xslF345X02/lar762.xml,
0000788784-07-000008,2007-04-03,2007-03-30,2007-04-03T12:38:05.000Z,,4,,,,4,6500,0,0,,xslF345X02/ofl757.xml,
0000788784-07-000009,2007-04-03,2007-03-30,2007-04-03T12:38:22.000Z,,4,,,,4,5104,0,0,,xslF345X02/rad761.xml,
0000788784-07-000010,2007-04-03,2007-03-30,2007-04-03T12:38:39.000Z,,4,,,,4,5189,0,0,,xslF345X02/sim760.xml,
0000788784-07-000011,2007-04-03,2007-03-30,2007-04-03T16:48:35.000Z,,4,,,,4,6385,0,0,,xslF345X02/fer764.xml,
0000788784-07-000012,2007-04-06,2007-04-05,2007-04-06T13:38:11.000Z,,4,,,,4,11045,0,0,,xslF345X02/sel765.xml,
0000788784-07-000013,2007-04-11,2007-04-09,2007-04-11T14:36:31.000Z,,4,,,,4,5802,0,0,,xslF345X02/bus766.xml,
0000788784-07-000014,2007-04-11,2007-04-09,2007-04-11T14:36:44.000Z,,4,,,,4,5802,0,0,,xslF345X02/cas767.xml,
0000788784-07-000015,2007-04-11,2007-04-09,2007-04-11T14:36:59.000Z,,4,,,,4,5864,0,0,,xslF345X02/dir768.xml,
0000788784-07-000016,2007-04-11,2007-04-09,2007-04-11T14:37:10.000Z,,4,,,,4,6515,0,0,,xslF345X02/dou769.xml,
0000788784-07-000017,2007-04-11,2007-04-09,2007-04-11T14:37:31.000Z,,4,,,,4,6460,0,0,,xslF345X02/izz770.xml,
0000788784-07-000018,2007-04-11,2007-04-09,2007-04-11T14:37:48.000Z,,4,,,,4,5179,0,0,,xslF345X02/lar772.xml,
0000788784-07-000019,2007-04-11,2007-04-09,2007-04-11T14:38:02.000Z,,4,,,,4,6495,0,0,,xslF345X02/ofl771.xml,
0000788784-07-000020,2007-04-11,2007-04-09,2007-04-11T14:38:27.000Z,,4,,,,4,5097,0,0,,xslF345X02/rad773.xml,
0000788784-07-000021,2007-04-11,2007-04-09,2007-04-11T14:38:43.000Z,,4,,,,4,5183,0,0,,xslF345X02/sim774.xml,
0000788784-07-000022,2007-04-13,2007-04-11,2007-04-13T18:04:06.000Z,,4,,,,4,5079,0,0,,xslF345X02/sim775.xml,
0000788784-07-000023,2007-04-16,2007-04-13,2007-04-16T19:39:58.000Z,,4,,,,4,5700,0,0,,xslF345X02/bus779.xml,
0000788784-07-000024,2007-04-16,2007-04-16,2007-04-16T19:40:10.000Z,,4,,,,4,14704,0,0,,xslF345X02/cas782.xml,
0000788784-07-000025,2007-04-17,2007-04-16,2007-04-17T11:51:28.000Z,,4,,,,4,8833,0,0,,xslF345X02/sim784.xml,
0000930413-07-003551,2007-04-17,2007-04-17,2007-04-17T21:29:22.000Z,34,8-K,001-09120,07771795,"7.01,9.01",8-K,88235,0,0,,c47996_8k.htm,
0000788784-07-000026,2007-04-18,2007-04-17,2007-04-18T18:26:25.000Z,,4,,,,4,6261,0,0,,xslF345X02/hic785.xml,
0000788784-07-000027,2007-04-18,2007-04-17,2007-04-18T18:26:43.000Z,,4,,,,4,6276,0,0,,xslF345X02/ren786.xml,
0000788784-07-000028,2007-04-19,2007-04-18,2007-04-19T18:17:17.000Z,,4,,,,4,6413,0,0,,xslF345X02/dou787.xml,
0000930413-07-003670,2007-04-20,2007-04-20,2007-04-20T20:58:35.000Z,34,8-K,001-09120,07779520,"3.03,5.03,9.01",8-K,106245,0,0,,c48068_8-k.htm,
0000788784-07-000029,2007-04-24,2007-04-23,2007-04-24T12:57:19.000Z,,4,,,,4,8836,0,0,,xslF345X02/sim791.xml,
0000788784-07-000030,2007-04-27,2007-04-26,2007-04-27T18:15:32.000Z,,4,,,,4,6259,0,0,,xslF345X02/hic792.xml,
0000788784-07-000031,2007-04-27,2007-04-26,2007-04-27T18:15:49.000Z,,4,,,,4,6276,0,0,,xslF345X02/ren793.xml,
0000930413-07-003911,2007-04-30,2007-04-30,2007-04-30T21:11:32.000Z,34,8-K,001-09120,07801673,"7.01,9.01",8-K,3559228,0,0,,c48227_8k.htm,
0000788784-07-000032,2007-05-02,2007-05-01,2007-05-02T18:26:14.000Z,,4,,,,4,6315,0,0,,xslF345X02/dor794.xml,
0000788784-07-000033,2007-05-02,2007-05-01,2007-05-02T18:26:38.000Z,,4,,,,4,6358,0,0,,xslF345X02/dre795.xml,
0000788784-07-000034,2007-05-02,2007-05-01,2007-05-02T18:26:59.000Z,,4,,,,4,6265,0,0,,xslF345X02/gam796.xml,
0000788784-07-000035,2007-05-02,2007-05-01,2007-05-02T18:27:19.000Z,,4,,,,4,6204,0,0,,xslF345X02/har797.xml,
0000788784-07-000036,2007-05-02,2007-03-31,2007-05-02T18:27:35.000Z,,4,,,,4,8553,0,0,,xslF345X02/hic798.xml,
0000788784-07-000037,2007-05-02,2007-05-01,2007-05-02T18:27:52.000Z,,4,,,,4,6296,0,0,,xslF345X02/jac799.xml,
0000788784-07-000038,2007-05-02,2007-03-31,2007-05-02T18:28:15.000Z,,4,,,,4,8570,0,0,,xslF345X02/ren800.xml,
0000788784-07-000039,2007-05-02,2007-03-31,2007-05-02T18:28:35.000Z,,4,,,,4,8712,0,0,,xslF345X02/swi801.xml,
0000930413-07-004131,2007-05-04,2007-05-04,2007-05-04T20:59:31.000Z,34,8-K,001-09120,07821210,"2.02,9.01",8-K,1603655,0,0,,c48335_8-k.htm,
0000930413-07-004140,2007-05-04,2007-03-31,2007-05-04T21:27:59.000Z,34,10-Q,001-09120,07821647,,10-Q,1716027,0,0,,c48311_10q.htm,
0000788784-07-000040,2007-05-10,2007-05-08,2007-05-10T12:41:56.000Z,,4,,,,4,5078,0,0,,xslF345X02/lar802.xml,
0000891092-07-001874,2007-05-11,,2007-05-11T21:19:54.000Z,33,424B3,333-128002,07843332,,424B3,86992,0,0,,e27032_424b3.txt,FORM 424B3
0000788784-07-000041,2007-05-23,2007-05-22,2007-05-23T18:23:56.000Z,,4,,,,4,6261,0,0,,xslF345X02/hic803.xml,
0000788784-07-000042,2007-05-23,2007-05-22,2007-05-23T18:24:20.000Z,,4,,,,4,6274,0,0,,xslF345X02/ren804.xml,
0000930413-07-004647,2007-05-23,2007-05-23,2007-05-23T21:16:23.000Z,34,8-K,001-09120,07874595,"7.01,9.01",8-K,4372691,0,0,,c48653_8-k.htm,
0000788784-07-000043,2007-05-29,2007-05-29,2007-05-29T19:39:54.000Z,,4,,,,4,7070,0,0,,xslF345X02/sel806.xml,
0000930413-07-004791,2007-05-29,2007-05-23,2007-05-29T20:32:32.000Z,34,8-K,001-09120,07884041,"5.02,9.01",8-K,28015,0,0,,c48717_8k.htm,
0000930413-07-004881,2007-05-30,2007-05-30,2007-05-30T21:06:54.000Z,34,8-K,001-09120,07888219,"7.01,9.01",8-K,1908543,0,0,,c48768_8-k.htm,
0000930413-07-005050,2007-06-07,2007-06-07,2007-06-07T20:54:28.000Z,34,8-K,001-09120,07907349,"7.01,9.01",8-K,3621287,0,0,,c48912_8-k.htm,
0000788784-07-000044,2007-06-20,2007-06-19,2007-06-20T15:18:07.000Z,,4,,,,4,6261,0,0,,xslF345X02/hic807.xml,
0000788784-07-000045,2007-06-20,2007-06-19,2007-06-20T15:18:20.000Z,,4,,,,4,6276,0,0,,xslF345X02/ren808.xml,
0000788784-07-000046,2007-06-21,2007-06-21,2007-06-21T11:58:05.000Z,,3,,,,3,6458,0,0,,xslF345X02/lev809.xml,
0000788784-07-000047,2007-06-25,2007-06-21,2007-06-25T13:32:27.000Z,,4,,,,4,5695,0,0,,xslF345X02/cas810.xml,
0000930413-07-005461,2007-06-25,2007-06-25,2007-06-25T19:08:13.000Z,34,8-K,001-09120,07938664,"7.01,9.01",8-K,4071456,0,0,,c49113_8k.htm,
0000930413-07-005650,2007-06-28,2006-12-31,2007-06-28T20:25:33.000Z,34,11-K,001-09120,07947170,,11-K,103939,0,0,,c49206_11-k.htm,
0000930413-07-005651,2007-06-28,2006-12-31,2007-06-28T20:27:18.000Z,34,11-K,001-09120,07947185,,11-K,96294,0,0,,c49207_11k.htm,
0000788784-07-000048,2007-07-03,2007-06-30,2007-07-03T11:36:59.000Z,,4,,,,4,6261,0,0,,xslF345X02/hic811.xml,
0000788784-07-000049,2007-07-03,2007-06-30,2007-07-03T11:37:31.000Z,,4,,,,4,6278,0,0,,xslF345X02/ren812.xml,
0000788784-07-000050,2007-07-03,2007-06-30,2007-07-03T11:38:10.000Z,,4,,,,4,6419,0,0,,xslF345X02/swi813.xml,
0000788784-07-000051,2007-07-18,2007-07-17,2007-07-18T14:21:50.000Z,,4,,,,4,6261,0,0,,xslF345X02/hic814.xml,
0000788784-07-000052,2007-07-18,2007-07-17,2007-07-18T14:22:28.000Z,,4,,,,4,6275,0,0,,xslF345X02/ren815.xml,
0000930413-07-006261,2007-07-27,2007-07-26,2007-07-27T19:22:37.000Z,34,8-K,001-09120,071006533,4.02,8-K,30790,0,0,,c49576_8k.htm,
0000788784-07-000053,2007-07-30,2007-07-26,2007-07-30T11:58:27.000Z,,4,,,,4,6260,0,0,,xslF345X02/hic816.xml,
0000930413-07-006376,2007-08-01,2007-03-31,2007-08-01T21:01:41.000Z,34,10-Q/A,001-09120,071016802,,10-Q/A,1465465,0,0,,c49544_10qa.htm,
0000930413-07-006377,2007-08-01,2007-08-01,2007-08-01T21:04:21.000Z,34,8-K,001-09120,071016830,"2.02,9.01",8-K,1828815,0,0,,c49633_8-k.htm,
0000930413-07-006384,2007-08-01,2007-06-30,2007-08-01T21:28:11.000Z,34,10-Q,001-09120,071017145,,10-Q,2407689,0,0,,c49586_10q.htm,
0000788784-07-000054,2007-08-09,2007-08-08,2007-08-09T12:33:15.000Z,,4,,,,4,6385,0,0,,xslF345X02/fer817.xml,
0000788784-07-000055,2007-08-27,2007-08-24,2007-08-27T16:50:11.000Z,,4,,,,4,9460,0,0,,xslF345X02/cas818.xml,
0000000000-07-041878,2007-08-27,,2007-08-27T18:20:37.000Z,,UPLOAD,,,,LETTER,70611,0,0,,filename1.pdf,
0000930413-07-007227,2007-09-07,2007-09-06,2007-09-06T21:38:16.000Z,34,8-K,001-09120,071103476,"7.01,9.01",8-K,2054861,0,0,,c50147_8-k.htm,
0000930413-07-007284,2007-09-07,,2007-09-07T21:28:07.000Z,,CORRESP,,,,CORRESP,9788,0,0,,filename1.htm,
0000788784-07-000056,2007-09-11,2007-09-10,2007-09-11T11:54:28.000Z,,4,,,,4,8829,0,0,,xslF345X02/lar819.xml,
0000788784-07-000057,2007-09-19,2007-09-18,2007-09-19T17:08:20.000Z,,4,,,,4,6262,0,0,,xslF345X02/hic820.xml,
0000788784-07-000058,2007-09-19,2007-09-18,2007-09-19T17:09:36.000Z,,4,,,,4,6277,0,0,,xslF345X02/ren821.xml,
0000930413-07-007538,2007-09-20,2007-09-19,2007-09-19T23:01:27.000Z,34,8-K,001-09120,071125578,"1.01,8.01,9.01",8-K,49465,0,0,,c50388_8k.htm,
0000930413-07-007698,2007-09-26,2007-09-25,2007-09-25T21:54:23.000Z,34,8-K,001-09120,071135136,"7.01,9.01",8-K,2575803,0,0,,c50437_8k.htm,
0000788784-07-000059,2007-10-01,2007-09-28,2007-10-01T19:20:50.000Z,,4,,,,4,6262,0,0,,xslF345X02/hic822.xml,
0000788784-07-000060,2007-10-01,2007-09-28,2007-10-01T19:21:43.000Z,,4,,,,4,6279,0,0,,xslF345X02/ren824.xml,
0000788784-07-000061,2007-10-01,2007-09-28,2007-10-01T19:22:19.000Z,,4,,,,4,6420,0,0,,xslF345X02/swi823.xml,
0000930413-07-007791,2007-10-02,,2007-10-02T21:36:36.000Z,,CORRESP,,,,CORRESP,53722,0,0,,filename1.htm,
0000788784-07-000062,2007-10-17,2007-10-15,2007-10-17T18:03:00.000Z,,4,,,,4,6260,0,0,,xslF345X02/hic825.xml,
0000788784-07-000063,2007-10-17,2007-10-16,2007-10-17T18:16:21.000Z,,4,,,,4,6262,0,0,,xslF345X02/hic826.xml,
0000788784-07-000064,2007-10-17,2007-10-16,2007-10-17T18:17:25.000Z,,4,,,,4,6277,0,0,,xslF345X02/ren827.xml,
0000788784-07-000065,2007-10-26,2007-10-25,2007-10-26T16:45:42.000Z,,4,,,,4,6260,0,0,,xslF345X02/hic828.xml,
0000788784-07-000066,2007-11-01,2007-10-31,2007-11-01T16:40:10.000Z,,4,,,,4,6276,0,0,,xslF345X02/ren829.xml,
0000930413-07-008340,2007-11-01,2007-11-01,2007-11-01T21:30:07.000Z,34,8-K,001-09120,071207896,"2.02,9.01",8-K,1612129,0,0,,c50991_8k.htm,
0000930413-07-008345,2007-11-02,2007-09-30,2007-11-02T01:53:21.000Z,34,10-Q,001-09120,071208417,,10-Q,2536263,0,0,,c50977_10q.htm,
0000930413-07-008409,2007-11-05,2007-11-04,2007-11-05T21:48:56.000Z,34,8-K,001-09120,071214612,"7.01,9.01",8-K,1251436,0,0,,c51038_8-k.htm,
0000788784-07-000067,2007-11-16,2007-11-15,2007-11-16T13:22:22.000Z,,4,,,,4,8837,0,0,,xslF345X02/sim830.xml,
0000788784-07-000068,2007-11-16,2007-11-14,2007-11-16T13:45:30.000Z,,4,,,,4,6382,0,0,,xslF345X02/ofl831.xml,
0000788784-07-000069,2007-11-20,2007-11-20,2007-11-20T20:56:32.000Z,,4,,,,4,14083,0,0,,xslF345X02/sim832.xml,
0000788784-07-000070,2007-11-21,2007-11-20,2007-11-21T14:23:57.000Z,,4,,,,4,6261,0,0,,xslF345X02/hic833.xml,
0000788784-07-000071,2007-11-21,2007-11-20,2007-11-21T14:25:21.000Z,,4,,,,4,6277,0,0,,xslF345X02/ren834.xml,
0000788784-07-000072,2007-11-28,2007-11-28,2007-11-28T21:20:21.000Z,,4,,,,4,8838,0,0,,xslF345X02/sim835.xml,
0000788784-07-000073,2007-12-05,2007-12-04,2007-12-05T15:14:34.000Z,,4,,,,4,6260,0,0,,xslF345X02/hic836.xml,
0000788784-07-000074,2007-12-05,2007-12-04,2007-12-05T15:15:47.000Z,,4,,,,4,6277,0,0,,xslF345X02/ren837.xml,
0000000000-07-059794,2007-12-10,,2007-12-10T21:37:59.000Z,,UPLOAD,,,,LETTER,24199,0,0,,filename1.pdf,
0000930413-07-009387,2007-12-14,,2007-12-14T19:13:35.000Z,,CORRESP,,,,CORRESP,27718,0,0,,filename1.htm,
0000788784-07-000075,2007-12-19,2007-12-18,2007-12-19T16:43:55.000Z,,4,,,,4,6261,0,0,,xslF345X02/hic838.xml,
0000930413-07-009485,2007-12-19,2007-12-14,2007-12-19T21:29:32.000Z,34,8-K,001-09120,071316618,"2.01,8.01,9.01",8-K,283639,0,0,,c51665_8k.htm,
0000788784-07-000081,2007-12-20,2007-12-18,2007-12-20T22:40:45.000Z,,4,,,,4,5862,0,0,,xslF345X02/dir845.xml,
0000788784-07-000082,2007-12-20,2007-12-18,2007-12-20T22:42:51.000Z,,4,,,,4,5736,0,0,,xslF345X02/izz839.xml,
0000788784-07-000083,2007-12-20,2007-12-18,2007-12-20T22:44:16.000Z,,4,,,,4,5853,0,0,,xslF345X02/lar842.xml,
0000788784-07-000084,2007-12-20,2007-12-18,2007-12-20T22:45:26.000Z,,4,,,,4,5848,0,0,,xslF345X02/lev841.xml,
0000788784-07-000085,2007-12-20,2007-12-18,2007-12-20T22:46:43.000Z,,4,,,,4,5772,0,0,,xslF345X02/ofl840.xml,
0000788784-07-000086,2007-12-20,2007-12-18,2007-12-20T22:50:11.000Z,,4,,,,4,5758,0,0,,xslF345X02/sel843.xml,
0000788784-07-000087,2007-12-20,2007-12-18,2007-12-20T22:51:33.000Z,,4,,,,4,5856,0,0,,xslF345X02/sim844.xml,
0000788784-07-000088,2007-12-21,2007-12-20,2007-12-21T19:21:45.000Z,,4,,,,4,5758,0,0,,xslF345X02/dir848.xml,
0000788784-07-000089,2007-12-21,2007-12-20,2007-12-21T19:23:45.000Z,,4,,,,4,6354,0,0,,xslF345X02/izz849.xml,
0000788784-07-000090,2007-12-21,2007-12-20,2007-12-21T19:25:13.000Z,,4,,,,4,5073,0,0,,xslF345X02/lar846.xml,
0000788784-07-000091,2007-12-21,2007-12-20,2007-12-21T19:26:40.000Z,,4,,,,4,6389,0,0,,xslF345X02/ofl851.xml,
0000788784-07-000092,2007-12-21,2007-12-20,2007-12-21T19:28:06.000Z,,4,,,,4,7078,0,0,,xslF345X02/sel847.xml,
0000788784-07-000093,2007-12-21,2007-12-20,2007-12-21T19:30:01.000Z,,4,,,,4,5077,0,0,,xslF345X02/sim850.xml,
0000788784-08-000001,2008-01-02,2007-12-31,2008-01-02T18:05:18.000Z,,4,,,,4,6261,0,0,,xslF345X02/hic852.xml,
0000788784-08-000002,2008-01-02,2007-12-31,2008-01-02T18:07:23.000Z,,4,,,,4,6278,0,0,,xslF345X02/ren853.xml,
0000788784-08-000003,2008-01-02,2007-12-31,2008-01-02T18:08:16.000Z,,4,,,,4,6419,0,0,,xslF345X02/swi854.xml,
0000788784-08-000004,2008-01-03,2008-01-01,2008-01-03T15:27:50.000Z,,4,,,,4,5757,0,0,,xslF345X02/dir855.xml,
0000000000-08-001035,2008-01-07,,2008-01-07T21:38:14.000Z,,UPLOAD,,,,LETTER,35381,0,0,,filename1.pdf,
0000788784-08-000005,2008-01-15,2008-01-14,2008-01-15T21:26:21.000Z,,4,,,,4,6260,0,0,,xslF345X02/hic856.xml,
0000788784-08-000006,2008-01-15,2008-01-14,2008-01-15T21:27:24.000Z,,4,,,,4,6277,0,0,,xslF345X02/ren857.xml,
0000788784-08-000007,2008-01-16,2008-01-15,2008-01-16T16:01:57.000Z,,4,,,,4,6262,0,0,,xslF345X02/hic858.xml,
0000788784-08-000008,2008-01-16,2008-01-15,2008-01-16T16:02:59.000Z,,4,,,,4,6277,0,0,,xslF345X02/ren859.xml,
0000788784-08-000009,2008-01-17,2008-01-15,2008-01-17T17:44:58.000Z,,4,,,,4,6388,0,0,,xslF345X02/ofl860.xml,
0000788784-08-000010,2008-01-22,2008-01-18,2008-01-22T15:28:09.000Z,,4,,,,4,5757,0,0,,xslF345X02/dir864.xml,
0000788784-08-000011,2008-01-22,2008-01-18,2008-01-22T15:30:01.000Z,,4,,,,4,6353,0,0,,xslF345X02/izz862.xml,
0000788784-08-000012,2008-01-22,2008-01-18,2008-01-22T15:31:52.000Z,,4,,,,4,5072,0,0,,xslF345X02/lar861.xml,
0000788784-08-000013,2008-01-22,2008-01-18,2008-01-22T15:33:21.000Z,,4,,,,4,6388,0,0,,xslF345X02/ofl866.xml,
0000788784-08-000014,2008-01-22,2008-01-18,2008-01-22T15:35:29.000Z,,4,,,,4,7077,0,0,,xslF345X02/sel863.xml,
0000788784-08-000015,2008-01-22,2008-01-18,2008-01-22T15:37:22.000Z,,4,,,,4,5076,0,0,,xslF345X02/sim865.xml,
0000930413-08-000721,2008-02-01,2008-02-01,2008-02-01T22:30:18.000Z,34,8-K,001-09120,08569707,"2.02,9.01",8-K,2677266,0,0,,c52195_8-k.htm,
0000017283-08-000255,2008-02-13,,2008-02-13T17:00:30.000Z,34,SC 13G/A,005-44133,08602362,,SC 13G/A,9772,0,0,,edgpeg.txt,SC 13G/A
0000930413-08-000943,2008-02-14,2008-02-13,2008-02-14T01:36:38.000Z,34,8-K,001-09120,08607498,"7.01,9.01",8-K,1314512,0,0,,c52340_8-k.htm,
0000788784-08-000016,2008-02-20,2008-02-18,2008-02-20T14:57:17.000Z,,4,,,,4,6374,0,0,,xslF345X02/ren867.xml,
0000788784-08-000017,2008-02-20,2008-02-19,2008-02-20T15:44:49.000Z,,4,,,,4,6276,0,0,,xslF345X02/ren868.xml,
0000038777-08-000254,2008-02-20,,2008-02-20T18:10:08.000Z,34,SC 13G/A,005-44133,08629065,,SC 13G/A,180678,0,0,,publi07a1.htm,
0000930413-08-001164,2008-02-26,2008-02-25,2008-02-25T23:20:16.000Z,34,8-K,001-09120,08640659,"7.01,9.01",8-K,2007417,0,0,,c52459_8-k.htm,
0000930413-08-001260,2008-02-28,2007-12-31,2008-02-28T02:59:11.000Z,34,10-K,001-09120,08648327,,10-K,5674372,0,0,,c52299_10k.htm,
0000930413-08-001444,2008-03-05,2008-04-15,2008-03-05T21:52:08.000Z,34,DEF 14A,001-09120,08668415,,DEF 14A,1024451,0,0,,c51834_def14a.htm,
0000788784-08-000018,2008-03-06,2008-03-05,2008-03-06T15:17:28.000Z,,4,,,,4,10127,0,0,,xslF345X02/sel869.xml,
9999999997-08-009952,2008-03-06,2007-12-31,2008-03-10T21:14:04.000Z,34,ARS,001-09120,08042762,,ARS,1831,0,0,,9999999997-08-009952.paper,AUTO-GENERATED PAPER DOCUMENT
0000788784-08-000019,2008-03-17,2008-03-14,2008-03-17T16:52:25.000Z,,4,,,,4,6492,0,0,,xslF345X02/ofl870.xml,
0000788784-08-000020,2008-03-20,2008-03-18,2008-03-20T17:52:24.000Z,,4,,,,4,6359,0,0,,xslF345X02/hic871.xml,
0000930413-08-001857,2008-03-20,2008-03-20,2008-03-20T21:13:39.000Z,34,8-K,001-09120,08703269,"7.01,9.01",8-K,14804338,0,0,,c52821_8k.htm,
0000788784-08-000021,2008-04-02,2008-03-31,2008-04-02T12:01:59.000Z,,4,,,,4,6263,0,0,,xslF345X02/hic872.xml,
0000788784-08-000022,2008-04-02,2008-03-31,2008-04-02T12:03:11.000Z,,4,,,,4,6517,0,0,,xslF345X02/swi873.xml,
0000788784-08-000023,2008-04-02,2008-03-31,2008-04-02T19:14:25.000Z,,4,,,,4,6278,0,0,,xslF345X02/ren874.xml,
0000788784-08-000024,2008-04-03,2008-03-31,2008-04-03T16:48:27.000Z,,4,,,,4,6366,0,0,,xslF345X02/gam875.xml,
0000930413-08-002206,2008-04-03,2008-04-02,2008-04-03T19:29:20.000Z,34,8-K,001-09120,08737362,"7.01,9.01",8-K,6680148,0,0,,c53032_8-k.htm,
0000930413-08-002401,2008-04-15,2008-04-15,2008-04-15T21:28:37.000Z,34,8-K,001-09120,08758268,"7.01,9.01",8-K,176111,0,0,,c53145_8k.htm,
0000788784-08-000025,2008-04-16,2008-04-15,2008-04-16T20:57:42.000Z,,4,,,,4,6268,0,0,,xslF345X02/gam876.xml,
0000788784-08-000026,2008-04-16,2008-04-15,2008-04-16T20:58:31.000Z,,4,,,,4,6261,0,0,,xslF345X02/hic877.xml,
0000788784-08-000027,2008-04-16,2008-04-15,2008-04-16T20:59:31.000Z,,4,,,,4,6278,0,0,,xslF345X02/ren878.xml,
0000930413-08-002424,2008-04-16,2008-04-15,2008-04-16T21:25:13.000Z,34,8-K,001-09120,08760540,5.02,8-K,9538,0,0,,c53169_8k.htm,
0000788784-08-000028,2008-04-17,2008-04-16,2008-04-17T14:34:21.000Z,,4,,,,4,6261,0,0,,xslF345X02/hic879.xml,
0000788784-08-000029,2008-04-22,2008-04-15,2008-04-22T17:32:58.000Z,,3,,,,3,6456,0,0,,xslF345X02/byr880.xml,
0000788784-08-000030,2008-04-24,2008-04-15,2008-04-24T13:10:52.000Z,,3,,,,3,6709,0,0,,xslF345X02/fal881.xml,
0000788784-08-000031,2008-04-28,2008-04-24,2008-04-28T11:55:44.000Z,,4,,,,4,6266,0,0,,xslF345X02/gam882.xml,
0000788784-08-000032,2008-04-28,2008-04-24,2008-04-28T11:56:48.000Z,,4,,,,4,6261,0,0,,xslF345X02/hic883.xml,
0000788784-08-000033,2008-04-28,2008-04-24,2008-04-28T11:57:31.000Z,,4,,,,4,6276,0,0,,xslF345X02/ren884.xml,
0000000000-08-022320,2008-04-30,,2008-04-30T21:15:08.000Z,,UPLOAD,,,,LETTER,33884,0,0,,filename1.pdf,
0000788784-08-000034,2008-05-01,2008-04-30,2008-05-01T14:09:30.000Z,,4,,,,4,6261,0,0,,xslF345X02/hic885.xml,
0000788784-08-000035,2008-05-02,2008-05-01,2008-05-02T15:48:22.000Z,,4,,,,4,6315,0,0,,xslF345X02/dor886.xml,
0000788784-08-000036,2008-05-02,2008-05-01,2008-05-02T15:49:15.000Z,,4,,,,4,6266,0,0,,xslF345X02/gam887.xml,
0000788784-08-000037,2008-05-02,2008-05-01,2008-05-02T15:49:50.000Z,,4,,,,4,6236,0,0,,xslF345X02/har888.xml,
0000788784-08-000038,2008-05-02,2008-05-01,2008-05-02T15:50:34.000Z,,4,,,,4,6260,0,0,,xslF345X02/hic889.xml,
0000788784-08-000039,2008-05-02,2008-05-01,2008-05-02T15:51:18.000Z,,4,,,,4,6326,0,0,,xslF345X02/jac890.xml,
0000788784-08-000040,2008-05-02,2008-05-01,2008-05-02T15:52:06.000Z,,4,,,,4,6276,0,0,,xslF345X02/ren891.xml,
0000788784-08-000041,2008-05-02,2008-05-01,2008-05-02T15:52:58.000Z,,4,,,,4,6416,0,0,,xslF345X02/swi892.xml,
0000930413-08-002869,2008-05-06,2008-05-06,2008-05-06T21:30:53.000Z,34,8-K,001-09120,08807444,"2.02,9.01",8-K,1378784,0,0,,c53431_8k.htm,
0000930413-08-002872,2008-05-07,2008-03-31,2008-05-07T01:59:12.000Z,34,10-Q,001-09120,08808071,,10-Q,1574977,0,0,,c53412_10q.htm,
0000930413-08-002992,2008-05-09,2008-05-08,2008-05-09T21:25:57.000Z,34,8-K,001-09120,08819811,5.02,8-K,9366,0,0,,c53493_8-k.htm,
0000788784-08-000042,2008-05-12,2008-05-08,2008-05-12T11:51:02.000Z,,4,,,,4,6267,0,0,,xslF345X02/gam893.xml,
0000788784-08-000043,2008-05-12,2008-05-08,2008-05-12T11:51:55.000Z,,4,,,,4,6261,0,0,,xslF345X02/hic894.xml,
0000788784-08-000044,2008-05-12,2008-05-08,2008-05-12T11:52:41.000Z,,4,,,,4,6277,0,0,,xslF345X02/ren895.xml,
0000788784-08-000045,2008-05-16,2008-05-08,2008-05-16T12:44:51.000Z,,3,,,,3,4107,0,0,,xslF345X02/shi896.xml,
0000930413-08-003254,2008-05-16,,2008-05-16T21:26:26.000Z,,CORRESP,,,,CORRESP,40120,0,0,,filename1.htm,
0000930413-08-003345,2008-05-22,2008-05-21,2008-05-22T01:06:02.000Z,34,8-K,001-09120,08853180,"7.01,9.01",8-K,2481888,0,0,,c53710_8-k.htm,
0000788784-08-000046,2008-05-27,2008-05-23,2008-05-27T13:56:28.000Z,,4,,,,4,6267,0,0,,xslF345X02/gam897.xml,
0000788784-08-000047,2008-05-27,2008-05-23,2008-05-27T13:57:44.000Z,,4,,,,4,6261,0,0,,xslF345X02/hic898.xml,
0000930413-08-003480,2008-05-28,2008-05-28,2008-05-28T21:21:05.000Z,34,8-K,001-09120,08864320,"7.01,9.01",8-K,1192619,0,0,,c53778_8k.htm,
0000930413-08-003516,2008-05-29,2008-05-29,2008-05-29T21:27:47.000Z,34,8-K,001-09120,08867681,"7.01,9.01",8-K,2706477,0,0,,c53794_8k.htm,
0000788784-08-000048,2008-06-03,2008-06-02,2008-06-03T12:48:34.000Z,,4,,,,4,6285,0,0,,xslF345X02/shi899.xml,
0000788784-08-000049,2008-06-03,2008-06-02,2008-06-03T18:57:46.000Z,,4,,,,4,6277,0,0,,xslF345X02/ren900.xml,
0000930413-08-003613,2008-06-04,2008-06-03,2008-06-04T01:00:02.000Z,34,8-K,001-09120,08879038,"7.01,9.01",8-K,956613,0,0,,c53867_8k.htm,
0000788784-08-000050,2008-06-05,2008-06-03,2008-06-05T12:22:36.000Z,,4,,,,4,6480,0,0,,xslF345X02/sel901.xml,
0000788784-08-000051,2008-06-06,2008-06-04,2008-06-06T13:50:09.000Z,,4,,,,4,8939,0,0,,xslF345X02/sim902.xml,
0000788784-08-000052,2008-06-06,2008-06-05,2008-06-06T14:07:17.000Z,,4,,,,4,8841,0,0,,xslF345X02/sim903.xml,
0000000000-08-028613,2008-06-09,,2008-06-09T14:19:11.000Z,,UPLOAD,,,,LETTER,19372,0,0,,filename1.pdf,
0000788784-08-000053,2008-06-12,2008-06-12,2008-06-12T20:23:58.000Z,,4,,,,4,8835,0,0,,xslF345X02/lev904.xml,
0000788784-08-000054,2008-06-18,2008-06-16,2008-06-18T17:35:59.000Z,,4,,,,4,6266,0,0,,xslF345X02/gam905.xml,
0000788784-08-000055,2008-06-18,2008-06-16,2008-06-18T17:36:53.000Z,,4,,,,4,6260,0,0,,xslF345X02/hic906.xml,
0000788784-08-000056,2008-06-18,2008-06-16,2008-06-18T17:37:35.000Z,,4,,,,4,6276,0,0,,xslF345X02/ren907.xml,
0000788784-08-000057,2008-06-18,2008-06-17,2008-06-18T18:05:59.000Z,,4,,,,4,6267,0,0,,xslF345X02/gam908.xml,
0000788784-08-000058,2008-06-18,2008-06-17,2008-06-18T18:06:42.000Z,,4,,,,4,6261,0,0,,xslF345X02/hic909.xml,
0000788784-08-000059,2008-06-18,2008-06-17,2008-06-18T18:07:33.000Z,,4,,,,4,6277,0,0,,xslF345X02/ren910.xml,
0000930413-08-003825,2008-06-18,2008-05-08,2008-06-18T21:29:32.000Z,34,8-K/A,001-09120,08906408,5.02,8-K/A,9610,0,0,,c54020_8-ka.htm,
0000930413-08-003826,2008-06-18,2008-06-17,2008-06-18T21:30:01.000Z,34,8-K,001-09120,08906412,"7.01,8.01,9.01",8-K,6732627,0,0,,c54016_8k.htm,
0000788784-08-000060,2008-06-23,2008-06-19,2008-06-23T15:19:25.000Z,,4,,,,4,6267,0,0,,xslF345X03/gam911.xml,
0000788784-08-000061,2008-06-23,2008-06-19,2008-06-23T15:20:10.000Z,,4,,,,4,6277,0,0,,xslF345X03/ren912.xml,
0000788784-08-000062,2008-06-23,2008-06-20,2008-06-23T15:41:58.000Z,,4,,,,4,6267,0,0,,xslF345X03/gam913.xml,
0000788784-08-000063,2008-06-23,2008-06-20,2008-06-23T15:42:33.000Z,,4,,,,4,6261,0,0,,xslF345X03/hic914.xml,
0000788784-08-000064,2008-06-23,2008-06-20,2008-06-23T15:43:13.000Z,,4,,,,4,6277,0,0,,xslF345X03/ren915.xml,
0000930413-08-003895,2008-06-24,2008-06-24,2008-06-24T21:20:17.000Z,34,8-K,001-09120,08914946,"7.01,9.01",8-K,2488583,0,0,,c54065_8-k.htm,
0000930413-08-004007,2008-06-30,2007-12-31,2008-06-30T21:26:51.000Z,34,11-K,001-09120,08926940,,11-K,103397,0,0,,c54123_11k.htm,
0000930413-08-004008,2008-06-30,2007-12-31,2008-06-30T21:27:25.000Z,34,11-K,001-09120,08926953,,11-K,116316,0,0,,c54124_11-k.htm,
0000788784-08-000065,2008-07-01,2008-06-30,2008-07-01T18:21:55.000Z,,4,,,,4,6269,0,0,,xslF345X03/gam916.xml,
0000788784-08-000066,2008-07-01,2008-06-30,2008-07-01T18:22:49.000Z,,4,,,,4,6263,0,0,,xslF345X03/hic917.xml,
0000788784-08-000067,2008-07-01,2008-06-30,2008-07-01T18:23:27.000Z,,4,,,,4,6279,0,0,,xslF345X03/ren918.xml,
0000788784-08-000068,2008-07-01,2008-06-30,2008-07-01T18:24:00.000Z,,4,,,,4,6419,0,0,,xslF345X03/swi919.xml,
0000788784-08-000069,2008-07-15,2008-07-11,2008-07-15T13:56:24.000Z,,4,,,,4,6267,0,0,,xslF345X03/gam920.xml,
0000788784-08-000070,2008-07-15,2008-07-11,2008-07-15T13:57:48.000Z,,4,,,,4,6261,0,0,,xslF345X03/hic921.xml,
0000788784-08-000071,2008-07-15,2008-07-11,2008-07-15T13:58:41.000Z,,4,,,,4,6277,0,0,,xslF345X03/ren922.xml,
0000788784-08-000072,2008-07-17,2008-07-15,2008-07-17T11:56:57.000Z,,4,,,,4,6269,0,0,,xslF345X03/gam923.xml,
0000788784-08-000073,2008-07-17,2008-07-15,2008-07-17T11:57:24.000Z,,4,,,,4,6261,0,0,,xslF345X03/hic924.xml,
0000788784-08-000074,2008-07-17,2008-07-15,2008-07-17T11:57:58.000Z,,4,,,,4,6279,0,0,,xslF345X03/ren925.xml,
0000788784-08-000075,2008-07-25,2008-07-24,2008-07-25T16:21:19.000Z,,4,,,,4,6267,0,0,,xslF345X03/gam926.xml,
0000788784-08-000076,2008-07-25,2008-07-24,2008-07-25T16:22:03.000Z,,4,,,,4,6261,0,0,,xslF345X03/hic927.xml,
0000788784-08-000077,2008-07-25,2008-07-24,2008-07-25T16:22:44.000Z,,4,,,,4,6277,0,0,,xslF345X03/ren928.xml,
0000930413-08-004613,2008-08-04,2008-08-01,2008-08-01T21:31:39.000Z,34,8-K,001-09120,08986134,"2.02,7.01,9.01",8-K,2293592,0,0,,c54450_8k.htm,
0000930413-08-004616,2008-08-04,2008-06-30,2008-08-02T01:37:21.000Z,34,10-Q,001-09120,08986464,,10-Q,2038046,0,0,,c54440_10q.htm,
0000788784-08-000078,2008-08-13,2008-08-12,2008-08-13T14:05:09.000Z,,4,,,,4,6267,0,0,,xslF345X03/gam929.xml,
0000788784-08-000079,2008-08-13,2008-08-12,2008-08-13T14:06:03.000Z,,4,,,,4,6277,0,0,,xslF345X03/ren930.xml,
0000930413-08-005316,2008-09-04,2008-09-04,2008-09-04T21:09:49.000Z,34,8-K,001-09120,081056965,"7.01,9.01",8-K,2144771,0,0,,c54838_8-k.htm,
0000788784-08-000080,2008-09-10,2008-09-08,2008-09-10T18:09:30.000Z,,3,,,,3,4120,0,0,,xslF345X02/meh931.xml,
0000788784-08-000081,2008-09-22,2008-09-18,2008-09-22T18:14:53.000Z,,4,,,,4,6262,0,0,,xslF345X03/hic932.xml,
0000788784-08-000082,2008-09-22,2008-09-18,2008-09-22T18:16:03.000Z,,4,,,,4,6240,0,0,,xslF345X03/ren933.xml,
0000788784-08-000083,2008-09-23,2008-09-22,2008-09-23T11:53:50.000Z,,4,,,,4,5768,0,0,,xslF345X03/meh934.xml,
0000930413-08-005660,2008-09-23,2008-09-23,2008-09-23T21:29:06.000Z,34,8-K,001-09120,081085219,"7.01,9.01",8-K,3702320,0,0,,c55036_8k.htm,
0000788784-08-000084,2008-09-24,2008-09-22,2008-09-24T13:56:44.000Z,,4,,,,4,6267,0,0,,xslF345X03/gam935.xml,
0000788784-08-000085,2008-09-24,2008-09-22,2008-09-24T14:22:26.000Z,,4,,,,4,6262,0,0,,xslF345X03/hic936.xml,
0000788784-08-000086,2008-09-24,2008-09-22,2008-09-24T14:23:08.000Z,,4,,,,4,6277,0,0,,xslF345X03/ren937.xml,
0000788784-08-000087,2008-10-01,2008-09-30,2008-10-01T18:44:16.000Z,,4,,,,4,6270,0,0,,xslF345X03/gam938.xml,
0000788784-08-000088,2008-10-01,2008-09-30,2008-10-01T18:45:04.000Z,,4,,,,4,6264,0,0,,xslF345X03/hic939.xml,
0000788784-08-000089,2008-10-01,2008-09-30,2008-10-01T18:45:48.000Z,,4,,,,4,6280,0,0,,xslF345X03/ren940.xml,
0000788784-08-000090,2008-10-01,2008-09-30,2008-10-01T19:03:52.000Z,,4,,,,4,6420,0,0,,xslF345X03/swi941.xml,
0000788784-08-000091,2008-10-22,2008-10-20,2008-10-22T13:48:56.000Z,,4,,,,4,6327,0,0,,xslF345X03/hic942.xml,
0000788784-08-000092,2008-10-22,2008-10-21,2008-10-22T14:01:47.000Z,,4,,,,4,6268,0,0,,xslF345X03/gam944.xml,
0000788784-08-000093,2008-10-22,2008-10-21,2008-10-22T14:02:19.000Z,,4,,,,4,6327,0,0,,xslF345X03/hic943.xml,
0000788784-08-000094,2008-10-22,2008-10-21,2008-10-22T14:02:55.000Z,,4,,,,4,6278,0,0,,xslF345X03/ren945.xml,
0000788784-08-000095,2008-10-31,2008-10-30,2008-10-31T13:37:30.000Z,,4,,,,4,6268,0,0,,xslF345X03/gam946.xml,
0000788784-08-000096,2008-10-31,2008-10-30,2008-10-31T13:38:26.000Z,,4,,,,4,6327,0,0,,xslF345X03/hic947.xml,
0000930413-08-006281,2008-10-31,2008-10-31,2008-10-31T21:27:51.000Z,34,8-K,001-09120,081155567,"2.02,7.01,9.01",8-K,2019760,0,0,,c55462_8k.htm,
0000930413-08-006282,2008-10-31,2008-09-30,2008-10-31T21:30:28.000Z,34,10-Q,001-09120,081155597,,10-Q,2510329,0,0,,c55441_10q.htm,
0000930413-08-006576,2008-11-10,2008-11-09,2008-11-10T21:38:37.000Z,34,8-K,001-09120,081176231,"7.01,9.01",8-K,3533030,0,0,,c55592_8-k.htm,
0000788784-08-000097,2008-11-19,2008-11-17,2008-11-19T15:28:51.000Z,,4,,,,4,6278,0,0,,xslF345X03/ren948.xml,
0000788784-08-000098,2008-11-19,2008-11-18,2008-11-19T15:41:08.000Z,,4,,,,4,6270,0,0,,xslF345X03/gam949.xml,
0000788784-08-000099,2008-11-19,2008-11-18,2008-11-19T15:41:42.000Z,,4,,,,4,6327,0,0,,xslF345X03/hic950.xml,
0000788784-08-000100,2008-11-19,2008-11-18,2008-11-19T15:42:20.000Z,,4,,,,4,6280,0,0,,xslF345X03/ren951.xml,
0000891092-08-005762,2008-11-25,,2008-11-25T22:00:21.000Z,33,S-3ASR,333-155677,081214503,,S-3ASR,635388,0,0,,e33330_s3asr.htm,FORM S-3ASR
0000891092-08-005790,2008-11-26,,2008-11-26T19:14:38.000Z,33,424B3,333-155677,081217226,,424B3,128046,0,0,,e33721_424b3.htm,PROSPECTUS
0000788784-08-000101,2008-12-02,2008-12-01,2008-12-02T12:50:07.000Z,,4,,,,4,5694,0,0,,xslF345X03/ofl952.xml,
0000930413-08-007121,2008-12-09,2008-12-09,2008-12-09T22:18:37.000Z,34,8-K,001-09120,081239167,"7.01,9.01",8-K,1757981,0,0,,c55901_8-k.htm,
0000930413-08-007140,2008-12-10,2008-12-10,2008-12-10T22:14:22.000Z,34,8-K,001-09120,081241685,"7.01,9.01",8-K,1838355,0,0,,c55916_8k.htm,
0000788784-08-000102,2008-12-11,2008-11-18,2008-12-11T18:06:41.000Z,,4/A,,,,4/A,6357,0,0,,xslF345X03/ren953.xml,
0000788784-08-000103,2008-12-11,2008-11-17,2008-12-11T18:07:30.000Z,,4/A,,,,4/A,6355,0,0,,xslF345X03/ren954.xml,
0000788784-08-000104,2008-12-15,2008-12-12,2008-12-15T14:39:23.000Z,,4,,,,4,6272,0,0,,xslF345X03/ren955.xml,
0000788784-08-000105,2008-12-15,2008-12-11,2008-12-15T16:48:43.000Z,,4,,,,4,5332,0,0,,xslF345X03/sim956.xml,
0000788784-08-000106,2008-12-17,2008-12-16,2008-12-17T15:49:49.000Z,,4,,,,4,5691,0,0,,xslF345X03/izz957.xml,
0000788784-08-000107,2008-12-17,2008-12-16,2008-12-17T16:18:28.000Z,,4,,,,4,5796,0,0,,xslF345X03/byr965.xml,
0000788784-08-000108,2008-12-17,2008-12-16,2008-12-17T16:19:12.000Z,,4,,,,4,5869,0,0,,xslF345X03/dir966.xml,
0000788784-08-000109,2008-12-17,2008-12-16,2008-12-17T16:19:42.000Z,,4,,,,4,5770,0,0,,xslF345X03/fal964.xml,
0000788784-08-000110,2008-12-17,2008-12-16,2008-12-17T16:20:19.000Z,,4,,,,4,5805,0,0,,xslF345X03/lar962.xml,
0000788784-08-000111,2008-12-17,2008-12-16,2008-12-17T16:21:06.000Z,,4,,,,4,5800,0,0,,xslF345X03/lev959.xml,
0000788784-08-000112,2008-12-17,2008-12-16,2008-12-17T16:21:36.000Z,,4,,,,4,5742,0,0,,xslF345X03/meh961.xml,
0000788784-08-000113,2008-12-17,2008-12-16,2008-12-17T16:22:07.000Z,,4,,,,4,5724,0,0,,xslF345X03/ofl958.xml,
0000788784-08-000114,2008-12-17,2008-12-16,2008-12-17T16:22:48.000Z,,4,,,,4,5710,0,0,,xslF345X03/sel960.xml,
0000788784-08-000115,2008-12-17,2008-12-16,2008-12-17T16:23:28.000Z,,4,,,,4,5812,0,0,,xslF345X03/sim963.xml,
0000788784-08-000116,2008-12-17,2008-12-15,2008-12-17T18:24:00.000Z,,4,,,,4,6268,0,0,,xslF345X03/gam967.xml,
0000788784-08-000117,2008-12-17,2008-12-15,2008-12-17T18:24:45.000Z,,4,,,,4,6327,0,0,,xslF345X03/hic968.xml,
0000788784-08-000118,2008-12-17,2008-12-15,2008-12-17T18:25:22.000Z,,4,,,,4,6278,0,0,,xslF345X03/ren969.xml,
0000788784-08-000119,2008-12-17,2008-12-16,2008-12-17T18:48:16.000Z,,4,,,,4,6270,0,0,,xslF345X03/gam970.xml,
0000788784-08-000120,2008-12-17,2008-12-16,2008-12-17T18:49:03.000Z,,4,,,,4,6327,0,0,,xslF345X03/hic971.xml,
0000788784-08-000121,2008-12-17,2008-12-16,2008-12-17T18:49:58.000Z,,4,,,,4,6280,0,0,,xslF345X03/ren972.xml,
0000788784-08-000122,2008-12-22,2008-12-18,2008-12-22T16:00:38.000Z,,4,,,,4,5765,0,0,,xslF345X03/dir974.xml,
0000788784-08-000123,2008-12-22,2008-12-20,2008-12-22T20:55:45.000Z,,4,,,,4,5765,0,0,,xslF345X03/dir977.xml,
0000788784-08-000124,2008-12-22,2008-12-20,2008-12-22T20:56:33.000Z,,4,,,,4,5648,0,0,,xslF345X03/izz978.xml,
0000788784-08-000125,2008-12-22,2008-12-20,2008-12-22T20:57:06.000Z,,4,,,,4,5074,0,0,,xslF345X03/lar975.xml,
0000788784-08-000126,2008-12-22,2008-12-20,2008-12-22T20:57:45.000Z,,4,,,,4,4995,0,0,,xslF345X03/ofl980.xml,
0000788784-08-000127,2008-12-22,2008-12-20,2008-12-22T20:58:30.000Z,,4,,,,4,6389,0,0,,xslF345X03/sel976.xml,
0000788784-08-000128,2008-12-22,2008-12-20,2008-12-22T20:59:24.000Z,,4,,,,4,5081,0,0,,xslF345X03/sim979.xml,
0000930413-08-007334,2008-12-22,2008-12-16,2008-12-22T22:28:41.000Z,34,8-K,001-09120,081264924,"5.02,9.01",8-K,36702,0,0,,c56057_8k.htm,
0000788784-09-000001,2009-01-02,2008-12-31,2009-01-02T14:32:52.000Z,,4,,,,4,5065,0,0,,xslF345X03/byr981.xml,
0000788784-09-000002,2009-01-02,2008-12-31,2009-01-02T16:43:20.000Z,,4,,,,4,6269,0,0,,xslF345X03/gam982.xml,
0000788784-09-000003,2009-01-02,2008-12-31,2009-01-02T16:44:09.000Z,,4,,,,4,6328,0,0,,xslF345X03/hic983.xml,
0000788784-09-000004,2009-01-02,2008-12-31,2009-01-02T16:44:43.000Z,,4,,,,4,6279,0,0,,xslF345X03/ren984.xml,
0000788784-09-000005,2009-01-02,2008-12-31,2009-01-02T16:45:13.000Z,,4,,,,4,6419,0,0,,xslF345X03/swi985.xml,
0000788784-09-000006,2009-01-05,2009-01-01,2009-01-05T16:31:40.000Z,,4,,,,4,5764,0,0,,xslF345X03/dir986.xml,
0000788784-09-000007,2009-01-05,2009-01-01,2009-01-05T16:33:02.000Z,,4,,,,4,5037,0,0,,xslF345X03/fal987.xml,
0000788784-09-000008,2009-01-06,2009-01-05,2009-01-06T14:56:07.000Z,,4,,,,4,6417,0,0,,xslF345X03/swi988.xml,
0000788784-09-000009,2009-01-08,2009-01-07,2009-01-08T13:45:43.000Z,,4,,,,4,6326,0,0,,xslF345X03/hic989.xml,
0000788784-09-000010,2009-01-27,2009-01-26,2009-01-27T12:27:25.000Z,,4,,,,4,5239,0,0,,xslF345X03/ofl990.xml,
0000788784-09-000011,2009-01-29,2009-01-28,2009-01-29T13:59:47.000Z,,4,,,,4,8760,0,0,,xslF345X03/ofl991.xml,
0000788784-09-000012,2009-01-29,2009-01-28,2009-01-29T14:32:13.000Z,,4,,,,4,6277,0,0,,xslF345X03/ren992.xml,
0000930413-09-000640,2009-02-03,2009-02-03,2009-02-03T22:27:34.000Z,34,8-K,001-09120,09565907,"2.02,7.01,9.01",8-K,2359386,0,0,,c56534_8k.htm,
0000038777-09-000145,2009-02-09,,2009-02-09T16:07:40.000Z,34,SC 13G/A,005-44133,09579381,,SC 13G/A,310422,0,0,,publ08a2.htm,
0001422848-09-000310,2009-02-17,,2009-02-13T23:28:20.000Z,34,SC 13G,005-44133,09606044,,SC 13G,9567,0,0,,edgpeg.txt,SC 13G
0000788784-09-000013,2009-02-18,2009-02-16,2009-02-18T15:16:27.000Z,,4,,,,4,6267,0,0,,xslF345X03/gam993.xml,
0000788784-09-000014,2009-02-18,2009-02-16,2009-02-18T15:17:13.000Z,,4,,,,4,6326,0,0,,xslF345X03/hic994.xml,
0000788784-09-000015,2009-02-18,2009-02-16,2009-02-18T15:17:50.000Z,,4,,,,4,6277,0,0,,xslF345X03/ren995.xml,
0000788784-09-000016,2009-02-18,2009-02-16,2009-02-18T15:18:25.000Z,,4,,,,4,6419,0,0,,xslF345X03/swi996.xml,
0000788784-09-000017,2009-02-18,2009-02-17,2009-02-18T15:47:14.000Z,,4,,,,4,6267,0,0,,xslF345X03/gam997.xml,
0000788784-09-000018,2009-02-18,2009-02-17,2009-02-18T15:47:45.000Z,,4,,,,4,6326,0,0,,xslF345X03/hic998.xml,
0000788784-09-000019,2009-02-18,2009-02-17,2009-02-18T15:48:35.000Z,,4,,,,4,6279,0,0,,xslF345X03/ren999.xml,
0000788784-09-000020,2009-02-18,2009-02-17,2009-02-18T15:49:06.000Z,,4,,,,4,6420,0,0,,xslF345X03/swi1000.xml,
0000788784-09-000021,2009-02-18,2009-01-22,2009-02-18T19:02:46.000Z,,4,,,,4,6278,0,0,,xslF345X03/ren1001.xml,
0000788784-09-000022,2009-02-18,2009-01-22,2009-02-18T19:03:33.000Z,,4,,,,4,6418,0,0,,xslF345X03/swi1002.xml,
0000930413-09-000939,2009-02-19,2009-02-17,2009-02-19T22:26:22.000Z,34,8-K,001-09120,09622487,"1.01,5.02,9.01",8-K,44224,0,0,,c56702_8k.htm,
0000930413-09-001045,2009-02-26,2008-12-31,2009-02-26T22:27:22.000Z,34,10-K,001-09120,09638818,,10-K,6243655,0,0,,c56713_10k.htm,
0001225208-09-005707,2009-03-03,2009-02-27,2009-03-03T18:48:03.000Z,,3,,,,3,6490,0,0,,xslF345X02/doc3.xml,
0000788784-09-000023,2009-03-12,2009-03-10,2009-03-12T14:39:24.000Z,,4,,,,4,5897,0,0,,xslF345X03/sim1003.xml,
0000930413-09-001435,2009-03-16,2009-04-21,2009-03-16T20:45:06.000Z,34,DEF 14A,001-09120,09684950,,DEF 14A,1072589,0,0,,c56370_def14a.htm,
0000930413-09-001459,2009-03-17,2009-03-17,2009-03-17T21:23:23.000Z,34,8-K,001-09120,09688930,"5.02,9.01",8-K,52062,0,0,,c56973_8k.htm,
9999999997-09-016361,2009-03-17,2008-12-31,2009-04-08T19:22:31.000Z,34,ARS,001-09120,09037362,,ARS,1831,0,0,,9999999997-09-016361.paper,AUTO-GENERATED PAPER DOCUMENT
0000930413-09-001476,2009-03-18,2009-03-18,2009-03-18T21:26:40.000Z,34,8-K,001-09120,09691681,"7.01,9.01",8-K,13138494,0,0,,c56961_8k.htm,
0000788784-09-000024,2009-04-01,2009-03-31,2009-04-01T14:45:17.000Z,,4,,,,4,6141,0,0,,xslF345X03/gam1005.xml,
0000788784-09-000025,2009-04-01,2009-03-31,2009-04-01T14:45:47.000Z,,4,,,,4,6276,0,0,,xslF345X03/hic1004.xml,
0000788784-09-000026,2009-04-01,2009-03-31,2009-04-01T14:47:53.000Z,,4,,,,4,6104,0,0,,xslF345X03/lil1008.xml,
0000788784-09-000027,2009-04-01,2009-03-31,2009-04-01T14:48:25.000Z,,4,,,,4,6152,0,0,,xslF345X03/ren1006.xml,
0000788784-09-000028,2009-04-01,2009-03-31,2009-04-01T14:48:53.000Z,,4,,,,4,6269,0,0,,xslF345X03/swi1007.xml,
0000788784-09-000029,2009-04-09,2009-04-08,2009-04-09T14:18:53.000Z,,4,,,,4,4902,0,0,,xslF345X03/dor1009.xml,
0000788784-09-000030,2009-04-13,2009-04-09,2009-04-13T17:47:52.000Z,,4,,,,4,7117,0,0,,xslF345X03/dor1010.xml,
0000788784-09-000031,2009-04-16,2009-04-15,2009-04-16T13:02:21.000Z,,4,,,,4,14139,0,0,,xslF345X03/ofl1011.xml,
0000930413-09-002128,2009-04-21,2009-02-17,2009-04-21T21:26:11.000Z,34,8-K/A,001-09120,09762322,5.02,8-K/A,10657,0,0,,c57316-8ka.htm,
0000788784-09-000032,2009-04-22,2009-04-20,2009-04-22T11:48:03.000Z,,4,,,,4,6138,0,0,,xslF345X03/gam1012.xml,
0000788784-09-000033,2009-04-22,2009-04-20,2009-04-22T11:48:31.000Z,,4,,,,4,6273,0,0,,xslF345X03/hic1013.xml,
0000788784-09-000034,2009-04-22,2009-04-20,2009-04-22T11:48:56.000Z,,4,,,,4,6101,0,0,,xslF345X03/lil1014.xml,
0000788784-09-000035,2009-04-22,2009-04-20,2009-04-22T11:49:28.000Z,,4,,,,4,6152,0,0,,xslF345X03/ren1015.xml,
0000788784-09-000036,2009-04-22,2009-04-20,2009-04-22T11:50:52.000Z,,4,,,,4,6266,0,0,,xslF345X03/swi1017.xml,
0000788784-09-000037,2009-04-23,2009-04-21,2009-04-23T11:40:52.000Z,,4,,,,4,6138,0,0,,xslF345X03/gam1018.xml,
0000788784-09-000038,2009-04-23,2009-04-21,2009-04-23T11:41:38.000Z,,4,,,,4,6273,0,0,,xslF345X03/hic1019.xml,
0000788784-09-000039,2009-04-23,2009-04-21,2009-04-23T11:42:08.000Z,,4,,,,4,6104,0,0,,xslF345X03/lil1020.xml,
0000788784-09-000040,2009-04-23,2009-04-21,2009-04-23T11:42:38.000Z,,4,,,,4,6152,0,0,,xslF345X03/ren1021.xml,
0000788784-09-000041,2009-04-23,2009-04-21,2009-04-23T11:43:06.000Z,,4,,,,4,6269,0,0,,xslF345X03/swi1022.xml,
0000788784-09-000042,2009-05-04,2009-04-30,2009-05-04T11:51:17.000Z,,4,,,,4,6139,0,0,,xslF345X03/gam1023.xml,
0000788784-09-000043,2009-05-04,2009-04-30,2009-05-04T11:51:55.000Z,,4,,,,4,6274,0,0,,xslF345X03/hic1024.xml,
0000788784-09-000044,2009-05-04,2009-04-30,2009-05-04T11:52:34.000Z,,4,,,,4,6102,0,0,,xslF345X03/lil1025.xml,
0000788784-09-000045,2009-05-04,2009-04-30,2009-05-04T11:53:05.000Z,,4,,,,4,6150,0,0,,xslF345X03/ren1026.xml,
0000930413-09-002396,2009-05-04,2009-05-04,2009-05-04T21:26:37.000Z,34,8-K,001-09120,09794577,"2.02,7.01,9.01",8-K,1126342,0,0,,c57489_form8-k.htm,
0000788784-09-000046,2009-05-05,2009-05-01,2009-05-05T11:47:02.000Z,,4,,,,4,6138,0,0,,xslF345X03/gam1027.xml,
0000788784-09-000047,2009-05-05,2009-05-01,2009-05-05T11:47:31.000Z,,4,,,,4,6120,0,0,,xslF345X03/har1028.xml,
0000788784-09-000048,2009-05-05,2009-05-01,2009-05-05T11:47:50.000Z,,4,,,,4,6274,0,0,,xslF345X03/hic1029.xml,
0000788784-09-000049,2009-05-05,2009-05-01,2009-05-05T11:48:17.000Z,,4,,,,4,6136,0,0,,xslF345X03/jac1030.xml,
0000788784-09-000050,2009-05-05,2009-05-01,2009-05-05T11:48:42.000Z,,4,,,,4,6102,0,0,,xslF345X03/lil1031.xml,
0000788784-09-000051,2009-05-05,2009-05-01,2009-05-05T11:49:10.000Z,,4,,,,4,6149,0,0,,xslF345X03/ren1032.xml,
0000788784-09-000052,2009-05-05,2009-05-01,2009-05-05T11:49:38.000Z,,4,,,,4,6233,0,0,,xslF345X03/shi1033.xml,
0000788784-09-000053,2009-05-05,2009-05-01,2009-05-05T11:50:05.000Z,,4,,,,4,6266,0,0,,xslF345X03/swi1034.xml,
0000930413-09-002474,2009-05-06,2009-03-31,2009-05-06T01:52:27.000Z,34,10-Q,001-09120,09799375,,10-Q,1877604,0,0,,c57480_10q.htm,
0000788784-09-000054,2009-06-03,2009-06-02,2009-06-03T14:43:27.000Z,,4,,,,4,6103,0,0,,xslF345X03/lil1035.xml,
0000930413-09-003120,2009-06-05,2009-06-05,2009-06-05T21:26:40.000Z,34,8-K,001-09120,09878072,"7.01,9.01",8-K,1658613,0,0,,c57851_8-k.htm,
0000788784-09-000055,2009-06-17,2009-06-15,2009-06-17T14:32:09.000Z,,4,,,,4,6139,0,0,,xslF345X03/gam1036.xml,
0000788784-09-000056,2009-06-17,2009-06-15,2009-06-17T14:32:44.000Z,,4,,,,4,6275,0,0,,xslF345X03/hic1037.xml,
0000788784-09-000057,2009-06-17,2009-06-15,2009-06-17T14:33:13.000Z,,4,,,,4,6103,0,0,,xslF345X03/lil1038.xml,
0000788784-09-000058,2009-06-17,2009-06-15,2009-06-17T14:33:53.000Z,,4,,,,4,5900,0,0,,xslF345X03/ren1039.xml,
0000788784-09-000059,2009-06-17,2009-06-15,2009-06-17T14:34:26.000Z,,4,,,,4,6267,0,0,,xslF345X03/swi1040.xml,
0000788784-09-000060,2009-06-17,2009-06-16,2009-06-17T15:10:47.000Z,,4,,,,4,6139,0,0,,xslF345X03/gam1041.xml,
0000788784-09-000061,2009-06-17,2009-06-16,2009-06-17T15:11:31.000Z,,4,,,,4,6237,0,0,,xslF345X03/hic1042.xml,
0000788784-09-000062,2009-06-17,2009-06-16,2009-06-17T15:11:58.000Z,,4,,,,4,6103,0,0,,xslF345X03/lil1043.xml,
0000788784-09-000063,2009-06-17,2009-06-16,2009-06-17T15:12:31.000Z,,4,,,,4,6150,0,0,,xslF345X03/ren1044.xml,
0000788784-09-000064,2009-06-17,2009-06-16,2009-06-17T15:13:02.000Z,,4,,,,4,6267,0,0,,xslF345X03/swi1045.xml,
0000930413-09-003413,2009-06-26,2008-12-31,2009-06-26T21:19:59.000Z,34,11-K,001-09120,09913826,,11-K,123744,0,0,,c58053_11k.htm,
0000930413-09-003414,2009-06-26,2008-12-31,2009-06-26T21:20:01.000Z,34,11-K,001-09120,09913828,,11-K,124734,0,0,,c58052_11k.htm,
0000930413-09-003437,2009-06-29,2009-06-29,2009-06-29T21:13:31.000Z,34,8-K,001-09120,09917089,"7.01,9.01",8-K,5420972,0,0,,c58072_8k.htm,
0000788784-09-000065,2009-07-01,2009-06-30,2009-07-01T14:44:56.000Z,,4,,,,4,6141,0,0,,xslF345X03/gam1046.xml,
0000788784-09-000066,2009-07-01,2009-06-30,2009-07-01T14:45:42.000Z,,4,,,,4,6277,0,0,,xslF345X03/hic1047.xml,
0000788784-09-000067,2009-07-01,2009-06-30,2009-07-01T14:46:19.000Z,,4,,,,4,6152,0,0,,xslF345X03/ren1048.xml,
0000788784-09-000068,2009-07-01,2009-06-30,2009-07-01T14:46:55.000Z,,4,,,,4,6269,0,0,,xslF345X03/swi1049.xml,
0000788784-09-000069,2009-07-01,2009-06-30,2009-07-01T15:07:38.000Z,,4,,,,4,6105,0,0,,xslF345X03/lil1050.xml,
0000788784-09-000070,2009-07-13,2009-07-10,2009-07-13T12:13:54.000Z,,4,,,,4,5010,0,0,,xslF345X03/fal1051.xml,
0000788784-09-000071,2009-07-22,2009-07-20,2009-07-22T11:38:33.000Z,,4,,,,4,6275,0,0,,xslF345X03/hic1052.xml,
0000788784-09-000072,2009-07-22,2009-07-20,2009-07-22T11:39:17.000Z,,4,,,,4,6103,0,0,,xslF345X03/lil1053.xml,
0000788784-09-000073,2009-07-22,2009-07-20,2009-07-22T11:40:03.000Z,,4,,,,4,6150,0,0,,xslF345X03/ren1054.xml,
0000788784-09-000074,2009-07-22,2009-07-20,2009-07-22T11:40:37.000Z,,4,,,,4,6267,0,0,,xslF345X03/swi1055.xml,
0000788784-09-000075,2009-07-22,2009-07-21,2009-07-22T15:22:31.000Z,,4,,,,4,6139,0,0,,xslF345X03/gam1056.xml,
0000788784-09-000076,2009-07-22,2009-07-21,2009-07-22T15:23:12.000Z,,4,,,,4,6275,0,0,,xslF345X03/hic1057.xml,
0000788784-09-000077,2009-07-22,2009-07-21,2009-07-22T15:23:43.000Z,,4,,,,4,6105,0,0,,xslF345X03/lil1058.xml,
0000788784-09-000078,2009-07-22,2009-07-21,2009-07-22T15:24:18.000Z,,4,,,,4,6152,0,0,,xslF345X03/ren1059.xml,
0000788784-09-000079,2009-07-22,2009-07-21,2009-07-22T15:24:51.000Z,,4,,,,4,6269,0,0,,xslF345X03/swi1060.xml,
0000788784-09-000080,2009-07-31,2009-07-30,2009-07-31T15:53:21.000Z,,4,,,,4,6267,0,0,,xslF345X03/swi1061.xml,
0000788784-09-000081,2009-07-31,2009-07-30,2009-07-31T16:24:34.000Z,,4/A,,,,4/A,6344,0,0,,xslF345X03/swi1062.xml,
0000788784-09-000082,2009-07-31,2009-07-30,2009-07-31T20:19:26.000Z,,4,,,,4,6139,0,0,,xslF345X03/gam1063.xml,
0000788784-09-000083,2009-07-31,2009-07-30,2009-07-31T20:20:12.000Z,,4,,,,4,6275,0,0,,xslF345X03/hic1064.xml,
0000788784-09-000084,2009-07-31,2009-07-30,2009-07-31T20:20:48.000Z,,4,,,,4,6103,0,0,,xslF345X03/lil1065.xml,
0000788784-09-000085,2009-07-31,2009-07-30,2009-07-31T20:21:20.000Z,,4,,,,4,6150,0,0,,xslF345X03/ren1066.xml,
0000930413-09-003972,2009-07-31,2009-07-31,2009-07-31T21:27:44.000Z,34,8-K,001-09120,09978303,"2.02,7.01,9.01",8-K,2032329,0,0,,c58391_8-k.htm,
0000930413-09-003976,2009-08-03,2009-06-30,2009-08-01T00:31:39.000Z,34,10-Q,001-09120,09978607,,10-Q,16080806,1,0,,c58378_10q.htm,
0000788784-09-000086,2009-08-11,2009-08-10,2009-08-11T13:55:15.000Z,,4,,,,4,6103,0,0,,xslF345X03/lil1067.xml,
0000788784-09-000087,2009-08-27,2009-08-27,2009-08-27T20:12:02.000Z,,4,,,,4,5738,0,0,,xslF345X03/sim1175.xml,
0000930413-09-004728,2009-09-10,2009-09-10,2009-09-10T20:55:32.000Z,34,8-K,001-09120,091063273,"7.01,9.01",8-K,6824013,0,0,,c58718_8k.htm,
0000788784-09-000088,2009-09-16,2009-09-15,2009-09-16T13:22:01.000Z,,4,,,,4,6139,0,0,,xslF345X03/gam1176.xml,
0000788784-09-000089,2009-09-16,2009-09-15,2009-09-16T13:22:45.000Z,,4,,,,4,6276,0,0,,xslF345X03/hic1177.xml,
0000788784-09-000090,2009-09-16,2009-09-15,2009-09-16T13:23:18.000Z,,4,,,,4,6106,0,0,,xslF345X03/lil1178.xml,
0000788784-09-000091,2009-09-16,2009-09-15,2009-09-16T13:23:56.000Z,,4,,,,4,6151,0,0,,xslF345X03/ren1179.xml,
0000930413-09-004846,2009-09-22,2009-09-22,2009-09-22T18:56:43.000Z,34,8-K,001-09120,091080689,"7.01,9.01",8-K,7635384,0,0,,c58802_8k.htm,
0000788784-09-000092,2009-10-01,2009-09-30,2009-10-01T14:51:26.000Z,,4,,,,4,6141,0,0,,xslF345X03/gam1180.xml,
0000788784-09-000093,2009-10-01,2009-09-30,2009-10-01T14:52:07.000Z,,4,,,,4,6277,0,0,,xslF345X03/hic1181.xml,
0000788784-09-000094,2009-10-01,2009-09-30,2009-10-01T14:52:32.000Z,,4,,,,4,6106,0,0,,xslF345X03/lil1182.xml,
0000788784-09-000095,2009-10-01,2009-09-30,2009-10-01T14:53:18.000Z,,4,,,,4,6153,0,0,,xslF345X03/ren1183.xml,
0000788784-09-000096,2009-10-01,2009-09-30,2009-10-01T14:53:47.000Z,,4,,,,4,6270,0,0,,xslF345X03/swi1184.xml,
0000930413-09-005090,2009-10-06,2009-10-06,2009-10-06T16:49:36.000Z,34,8-K,001-09120,091107553,"7.01,9.01",8-K,6496655,0,0,,c58979_8-k.htm,
0000788784-09-000097,2009-10-28,2009-10-27,2009-10-28T14:37:32.000Z,,4,,,,4,6140,0,0,,xslF345X03/gam1185.xml,
0000788784-09-000098,2009-10-28,2009-10-27,2009-10-28T14:38:19.000Z,,4,,,,4,6276,0,0,,xslF345X03/hic1186.xml,
0000788784-09-000099,2009-10-28,2009-10-27,2009-10-28T14:38:55.000Z,,4,,,,4,6104,0,0,,xslF345X03/lil1187.xml,
0000788784-09-000100,2009-10-28,2009-10-27,2009-10-28T14:39:40.000Z,,4,,,,4,6151,0,0,,xslF345X03/ren1188.xml,
0000930413-09-005414,2009-10-28,2009-10-28,2009-10-28T21:11:49.000Z,34,8-K,001-09120,091142398,"2.02,7.01,9.01",8-K,1465922,0,0,,c59187_8-k.htm,
0000930413-09-005479,2009-10-30,2009-10-30,2009-10-30T21:12:22.000Z,34,8-K,001-09120,091148923,"7.01,9.01",8-K,5033667,0,0,,c59225_8k.htm,
0000930413-09-005485,2009-10-30,2009-09-30,2009-10-30T21:24:17.000Z,34,10-Q,001-09120,091149048,,10-Q,9988144,1,0,,c58983_10q.htm,
0000788784-09-000101,2009-11-16,2009-11-12,2009-11-16T12:34:10.000Z,,4,,,,4,6140,0,0,,xslF345X03/gam1189.xml,
0000788784-09-000102,2009-11-18,2009-11-16,2009-11-18T13:18:40.000Z,,4,,,,4,6276,0,0,,xslF345X03/hic1190.xml,
0000788784-09-000103,2009-11-18,2009-11-16,2009-11-18T13:19:24.000Z,,4,,,,4,6104,0,0,,xslF345X03/lil1191.xml,
0000788784-09-000104,2009-11-18,2009-11-16,2009-11-18T13:20:15.000Z,,4,,,,4,6151,0,0,,xslF345X03/ren1192.xml,
0000788784-09-000105,2009-11-18,2009-11-16,2009-11-18T13:20:48.000Z,,4,,,,4,6268,0,0,,xslF345X03/swi1193.xml,
0000788784-09-000106,2009-11-18,2009-11-17,2009-11-18T14:39:25.000Z,,4,,,,4,6140,0,0,,xslF345X03/gam1194.xml,
0000788784-09-000107,2009-11-18,2009-11-17,2009-11-18T14:40:00.000Z,,4,,,,4,6276,0,0,,xslF345X03/hic1195.xml,
0000788784-09-000108,2009-11-18,2009-11-17,2009-11-18T14:40:29.000Z,,4,,,,4,6104,0,0,,xslF345X03/lil1196.xml,
0000788784-09-000109,2009-11-18,2009-11-17,2009-11-18T14:41:07.000Z,,4,,,,4,6153,0,0,,xslF345X03/ren1197.xml,
0000788784-09-000110,2009-11-18,2009-11-17,2009-11-18T14:41:36.000Z,,4,,,,4,6270,0,0,,xslF345X03/swi1198.xml,
0001193125-09-237635,2009-11-18,2009-11-17,2009-11-18T21:54:13.000Z,34,8-K,001-09120,091193885,"5.03,9.01",8-K,61410,0,0,,d8k.htm,FORM 8-K
0001225208-09-022545,2009-11-19,2009-11-17,2009-11-19T17:07:08.000Z,,3,,,,3,7936,0,0,,xslF345X02/doc3.xml,
0000788784-09-000111,2009-11-30,2009-11-25,2009-11-30T12:25:07.000Z,,4,,,,4,6384,0,0,,xslF345X03/sel1199.xml,
0000788784-09-000112,2009-12-07,2009-12-03,2009-12-07T12:56:15.000Z,,4,,,,4,5738,0,0,,xslF345X03/sim1200.xml,
0001193125-09-250041,2009-12-09,2009-12-09,2009-12-09T22:15:13.000Z,34,8-K,001-09120,091231545,"7.01,9.01",8-K,3698686,0,0,,d8k.htm,FORM 8-K
0000788784-09-000113,2009-12-15,2009-12-14,2009-12-15T14:55:03.000Z,,4,,,,4,6140,0,0,,xslF345X03/gam1202.xml,
0000788784-09-000114,2009-12-15,2009-12-14,2009-12-15T14:55:48.000Z,,4,,,,4,6276,0,0,,xslF345X03/hic1203.xml,
0000788784-09-000115,2009-12-15,2009-12-14,2009-12-15T14:56:18.000Z,,4,,,,4,6151,0,0,,xslF345X03/ren1204.xml,
0000788784-09-000116,2009-12-15,2009-12-14,2009-12-15T14:56:47.000Z,,4,,,,4,6268,0,0,,xslF345X03/swi1205.xml,
0000788784-09-000117,2009-12-16,2009-12-15,2009-12-16T14:25:04.000Z,,4,,,,4,6140,0,0,,xslF345X03/gam1206.xml,
0000788784-09-000118,2009-12-16,2009-12-15,2009-12-16T14:25:47.000Z,,4,,,,4,6106,0,0,,xslF345X03/lil1207.xml,
0000788784-09-000119,2009-12-16,2009-12-15,2009-12-16T14:26:34.000Z,,4,,,,4,6153,0,0,,xslF345X03/ren1208.xml,
0000788784-09-000120,2009-12-16,2009-12-15,2009-12-16T14:27:16.000Z,,4,,,,4,6268,0,0,,xslF345X03/swi1209.xml,
0000788784-09-000121,2009-12-16,2009-12-14,2009-12-16T20:52:40.000Z,,4,,,,4,5669,0,0,,xslF345X03/bou1212.xml,
0000788784-09-000122,2009-12-16,2009-12-14,2009-12-16T20:53:26.000Z,,4,,,,4,5781,0,0,,xslF345X03/dir1210.xml,
0000788784-09-000123,2009-12-16,2009-12-14,2009-12-16T20:54:01.000Z,,4,,,,4,5529,0,0,,xslF345X03/dor1213.xml,
0000788784-09-000124,2009-12-16,2009-12-14,2009-12-16T20:54:50.000Z,,4,,,,4,5611,0,0,,xslF345X03/izz1211.xml,
0000788784-09-000125,2009-12-16,2009-12-14,2009-12-16T20:55:35.000Z,,4,,,,4,5725,0,0,,xslF345X03/lar1214.xml,
0000788784-09-000126,2009-12-16,2009-12-14,2009-12-16T20:56:14.000Z,,4,,,,4,5667,0,0,,xslF345X03/lev1215.xml,
0000788784-09-000127,2009-12-16,2009-12-14,2009-12-16T20:56:53.000Z,,4,,,,4,5662,0,0,,xslF345X03/meh1216.xml,
0000788784-09-000128,2009-12-22,2009-12-18,2009-12-22T12:32:36.000Z,,4,,,,4,5771,0,0,,xslF345X03/dir1222.xml,
0000788784-10-000001,2010-01-04,2009-12-31,2010-01-04T15:50:50.000Z,,4,,,,4,6141,0,0,,xslF345X03/gam1223.xml,
0000788784-10-000002,2010-01-04,2009-12-31,2010-01-04T15:51:41.000Z,,4,,,,4,6277,0,0,,xslF345X03/hic1224.xml,
0000788784-10-000003,2010-01-04,2009-12-31,2010-01-04T15:52:13.000Z,,4,,,,4,6105,0,0,,xslF345X03/lil1225.xml,
0000788784-10-000004,2010-01-04,2009-12-31,2010-01-04T15:52:42.000Z,,4,,,,4,6152,0,0,,xslF345X03/ren1226.xml,
0000788784-10-000005,2010-01-04,2009-12-31,2010-01-04T15:53:17.000Z,,4,,,,4,6269,0,0,,xslF345X03/swi1227.xml,
0000788784-10-000006,2010-01-05,2010-01-01,2010-01-05T22:16:38.000Z,,4,,,,4,5765,0,0,,xslF345X03/dir1228.xml,
0000788784-10-000007,2010-01-05,2010-01-01,2010-01-05T22:17:16.000Z,,4,,,,4,5018,0,0,,xslF345X03/lev1229.xml,
0001193125-10-003518,2010-01-08,2010-01-08,2010-01-08T21:11:25.000Z,34,8-K,001-09120,10517848,5.02,8-K,21753,0,0,,d8k.htm,FORM 8-K
0000038777-10-000034,2010-01-25,,2010-01-25T18:22:53.000Z,34,SC 13G/A,005-44133,10544194,,SC 13G/A,253784,0,0,,publ09a3.htm,PUBL09A3
0000788784-10-000008,2010-01-26,2010-01-01,2010-01-26T12:27:39.000Z,,4/A,,,,4/A,5847,0,0,,xslF345X03/dir1235.xml,
0001422848-10-000079,2010-02-09,,2010-02-09T22:24:59.000Z,34,SC 13G/A,005-44133,10585350,,SC 13G/A,9570,0,0,,edgpeg.txt,SC 13G/A
0000788784-10-000009,2010-02-17,2010-02-15,2010-02-17T21:21:58.000Z,,4,,,,4,6139,0,0,,xslF345X03/gam1236.xml,
0000788784-10-000010,2010-02-17,2010-02-15,2010-02-17T21:22:38.000Z,,4,,,,4,6275,0,0,,xslF345X03/hic1237.xml,
0000788784-10-000011,2010-02-17,2010-02-15,2010-02-17T21:23:06.000Z,,4,,,,4,6105,0,0,,xslF345X03/lil1238.xml,
0000788784-10-000012,2010-02-17,2010-02-15,2010-02-17T21:23:34.000Z,,4,,,,4,6150,0,0,,xslF345X03/ren1239.xml,
0000788784-10-000013,2010-02-17,2010-02-15,2010-02-17T21:24:07.000Z,,4,,,,4,6269,0,0,,xslF345X03/swi1240.xml,
0000788784-10-000014,2010-02-18,2010-02-16,2010-02-18T13:01:29.000Z,,4,,,,4,6139,0,0,,xslF345X03/gam1241.xml,
0000788784-10-000015,2010-02-18,2010-02-16,2010-02-18T13:02:02.000Z,,4,,,,4,6275,0,0,,xslF345X03/hic1242.xml,
0000788784-10-000016,2010-02-18,2010-02-16,2010-02-18T13:02:33.000Z,,4,,,,4,6105,0,0,,xslF345X03/lil1243.xml,
0000788784-10-000017,2010-02-18,2010-02-16,2010-02-18T13:03:05.000Z,,4,,,,4,6152,0,0,,xslF345X03/ren1244.xml,
0000788784-10-000018,2010-02-18,2010-02-16,2010-02-18T13:03:58.000Z,,4,,,,4,6267,0,0,,xslF345X03/swi1245.xml,
0001193125-10-034258,2010-02-18,2010-02-18,2010-02-18T21:26:10.000Z,34,8-K,001-09120,10616603,"2.02,7.01,9.01",8-K,1710139,0,0,,d8k.htm,FORM 8-K
0001193125-10-040508,2010-02-25,2009-12-31,2010-02-25T20:10:11.000Z,34,10-K,001-09120,10633247,,10-K,12547285,1,0,,d10k.htm,FORM 10-K
0000788784-10-000019,2010-03-02,2010-03-01,2010-03-02T13:50:01.000Z,,4,,,,4,4879,0,0,,xslF345X03/dor1258.xml,
0001193125-10-049472,2010-03-08,2010-03-08,2010-03-08T11:41:51.000Z,34,8-K,001-09120,10662275,"7.01,9.01",8-K,7100183,0,0,,d8k.htm,FORM 8-K
0001193125-10-050083,2010-03-08,2010-04-20,2010-03-08T20:22:54.000Z,34,DEF 14A,001-09120,10663577,,DEF 14A,1304141,0,0,,ddef14a.htm,DEFINITIVE PROXY STATEMENT
9999999997-10-006801,2010-03-09,2009-12-31,2010-03-19T20:55:02.000Z,34,ARS,001-09120,10010844,,ARS,1831,0,0,,9999999997-10-006801.paper,AUTO-GENERATED PAPER DOCUMENT
0001193125-10-053556,2010-03-11,2010-03-11,2010-03-11T17:19:30.000Z,34,8-K,001-09120,10673098,"7.01,9.01",8-K,4289306,0,0,,d8k.htm,FORM 8-K
0001193125-10-054866,2010-03-12,2010-03-12,2010-03-12T16:31:47.000Z,34,8-K,001-09120,10676407,"7.01,9.01",8-K,4222087,0,0,,d8k.htm,FORM 8-K
0000788784-10-000020,2010-03-17,2010-03-15,2010-03-17T16:46:18.000Z,,4,,,,4,5018,0,0,,xslF345X03/lev1259.xml,
0001193125-10-073530,2010-03-31,2010-03-31,2010-03-31T20:44:18.000Z,34,8-K,001-09120,10719739,"7.01,9.01",8-K,4220701,0,0,,d8k.htm,FORM 8-K
0000788784-10-000021,2010-04-01,2010-03-31,2010-04-01T18:34:05.000Z,,4,,,,4,6141,0,0,,xslF345X03/gam1279.xml,
0000788784-10-000023,2010-04-01,2010-03-31,2010-04-01T18:34:31.000Z,,4,,,,4,6152,0,0,,xslF345X03/ren1281.xml,
0000788784-10-000024,2010-04-01,2010-03-31,2010-04-01T18:34:35.000Z,,4,,,,4,6269,0,0,,xslF345X03/swi1282.xml,
0000788784-10-000022,2010-04-01,2010-03-31,2010-04-01T18:34:42.000Z,,4,,,,4,6277,0,0,,xslF345X03/hic1280.xml,
0000788784-10-000025,2010-04-01,2010-03-31,2010-04-01T18:47:14.000Z,,4,,,,4,6105,0,0,,xslF345X03/lil1283.xml,
0000788784-10-000026,2010-04-20,2010-04-16,2010-04-20T20:57:57.000Z,,4,,,,4,5835,0,0,,xslF345X03/dir1286.xml,
0000788784-10-000027,2010-04-20,2010-04-16,2010-04-20T20:58:44.000Z,,4,,,,4,5718,0,0,,xslF345X03/izz1287.xml,
0000788784-10-000028,2010-04-20,2010-04-16,2010-04-20T20:59:14.000Z,,4,,,,4,5146,0,0,,xslF345X03/lar1288.xml,
0000788784-10-000029,2010-04-20,2010-04-16,2010-04-20T20:59:48.000Z,,4,,,,4,5088,0,0,,xslF345X03/lev1289.xml,
0000788784-10-000030,2010-04-21,2010-04-19,2010-04-21T13:22:58.000Z,,4,,,,4,6275,0,0,,xslF345X03/hic1290.xml,
0000788784-10-000031,2010-04-21,2010-04-19,2010-04-21T13:23:38.000Z,,4,,,,4,6103,0,0,,xslF345X03/lil1291.xml,
0000788784-10-000032,2010-04-21,2010-04-19,2010-04-21T13:24:12.000Z,,4,,,,4,6150,0,0,,xslF345X03/ren1292.xml,
0000788784-10-000034,2010-04-21,2010-04-20,2010-04-21T15:02:06.000Z,,4,,,,4,6275,0,0,,xslF345X03/hic1294.xml,
0000788784-10-000033,2010-04-21,2010-04-20,2010-04-21T15:02:48.000Z,,4,,,,4,6139,0,0,,xslF345X03/gam1293.xml,
0000788784-10-000036,2010-04-21,2010-04-20,2010-04-21T15:02:52.000Z,,4,,,,4,6152,0,0,,xslF345X03/ren1296.xml,
0000788784-10-000037,2010-04-21,2010-04-20,2010-04-21T15:02:53.000Z,,4,,,,4,6269,0,0,,xslF345X03/swi1297.xml,
0000788784-10-000039,2010-04-21,2010-04-20,2010-04-21T20:21:55.000Z,,4/A,,,,4/A,6180,0,0,,xslF345X03/lil1300.xml,
0000788784-10-000040,2010-04-23,2010-04-16,2010-04-23T14:54:10.000Z,,4/A,,,,4/A,5887,0,0,,xslF345X03/dir1301.xml,
0000788784-10-000041,2010-04-23,2010-04-16,2010-04-23T14:54:48.000Z,,4/A,,,,4/A,5770,0,0,,xslF345X03/izz1302.xml,
0001193125-10-091362,2010-04-23,2010-04-20,2010-04-23T17:10:06.000Z,34,8-K,001-09120,10766684,5.07,8-K,27325,0,0,,d8k.htm,FORM 8-K
0000788784-10-000042,2010-05-03,2010-04-29,2010-05-03T14:53:43.000Z,,4,,,,4,6138,0,0,,xslF345X03/gam1303.xml,
0000788784-10-000043,2010-05-03,2010-04-29,2010-05-03T14:54:24.000Z,,4,,,,4,6274,0,0,,xslF345X03/hic1304.xml,
0000788784-10-000044,2010-05-03,2010-04-29,2010-05-03T14:54:52.000Z,,4,,,,4,6102,0,0,,xslF345X03/lil1305.xml,
0000788784-10-000045,2010-05-03,2010-04-29,2010-05-03T14:55:24.000Z,,4,,,,4,6149,0,0,,xslF345X03/ren1306.xml,
0000788784-10-000046,2010-05-04,2010-05-03,2010-05-04T13:54:18.000Z,,4,,,,4,6138,0,0,,xslF345X03/gam1307.xml,
0000788784-10-000047,2010-05-04,2010-05-03,2010-05-04T13:54:49.000Z,,4,,,,4,6120,0,0,,xslF345X03/har1308.xml,
0000788784-10-000048,2010-05-04,2010-05-03,2010-05-04T13:55:13.000Z,,4,,,,4,6274,0,0,,xslF345X03/hic1309.xml,
0000788784-10-000049,2010-05-04,2010-05-03,2010-05-04T13:55:38.000Z,,4,,,,4,6136,0,0,,xslF345X03/jac1310.xml,
0000788784-10-000050,2010-05-04,2010-05-03,2010-05-04T13:56:01.000Z,,4,,,,4,6102,0,0,,xslF345X03/lil1311.xml,
0000788784-10-000051,2010-05-04,2010-05-03,2010-05-04T13:56:31.000Z,,4,,,,4,6149,0,0,,xslF345X03/ren1312.xml,
0000788784-10-000052,2010-05-04,2010-05-03,2010-05-04T13:57:04.000Z,,4,,,,4,6233,0,0,,xslF345X03/shi1313.xml,
0000788784-10-000053,2010-05-04,2010-05-03,2010-05-04T19:39:48.000Z,,4,,,,4,6266,0,0,,xslF345X03/swi1314.xml,
0001193125-10-108497,2010-05-05,2010-05-05,2010-05-05T18:08:50.000Z,34,8-K,001-09120,10801031,"2.02,7.01,9.01",8-K,1376505,0,0,,d8k.htm,FORM 8-K
0001193125-10-110439,2010-05-06,2010-03-31,2010-05-06T16:58:47.000Z,34,10-Q,001-09120,10805625,,10-Q,5534221,1,0,,d10q.htm,FORM 10-Q
0001193125-10-115379,2010-05-11,2010-05-11,2010-05-11T11:15:12.000Z,34,8-K,001-09120,10819002,"7.01,9.01",8-K,3821359,0,0,,d8k.htm,FORM 8-K
0001193125-10-121830,2010-05-17,2010-05-17,2010-05-17T17:17:45.000Z,34,8-K,001-09120,10837136,"7.01,9.01",8-K,4163723,0,0,,d8k.htm,FORM 8-K
0001193125-10-128126,2010-05-25,2010-05-25,2010-05-25T18:43:49.000Z,34,8-K,001-09120,10856650,"7.01,9.01",8-K,4166660,0,0,,d8k.htm,FORM 8-K
0001193125-10-133655,2010-06-07,2010-06-07,2010-06-07T15:25:27.000Z,34,8-K,001-09120,10880691,"7.01,9.01",8-K,3713727,0,0,,d8k.htm,FORM 8-K
0001193125-10-134928,2010-06-08,2010-06-07,2010-06-08T20:15:21.000Z,34,8-K,001-09120,10884728,"8.01,9.01",8-K,50970,0,0,,d8k.htm,FORM 8-K
0000788784-10-000054,2010-06-16,2010-06-14,2010-06-16T15:38:55.000Z,,4,,,,4,6139,0,0,,xslF345X03/gam1315.xml,
0000788784-10-000055,2010-06-16,2010-06-14,2010-06-16T15:39:26.000Z,,4,,,,4,6275,0,0,,xslF345X03/hic1316.xml,
0000788784-10-000056,2010-06-16,2010-06-14,2010-06-16T15:39:52.000Z,,4,,,,4,6103,0,0,,xslF345X03/lil1317.xml,
0000788784-10-000057,2010-06-16,2010-06-14,2010-06-16T15:40:18.000Z,,4,,,,4,6150,0,0,,xslF345X03/ren1318.xml,
0000788784-10-000058,2010-06-16,2010-06-14,2010-06-16T15:40:37.000Z,,4,,,,4,6267,0,0,,xslF345X03/swi1319.xml,
0000788784-10-000059,2010-06-16,2010-06-15,2010-06-16T17:05:59.000Z,,4,,,,4,6139,0,0,,xslF345X03/gam1320.xml,
0000788784-10-000060,2010-06-16,2010-06-15,2010-06-16T17:06:24.000Z,,4,,,,4,6275,0,0,,xslF345X03/hic1321.xml,
0000788784-10-000061,2010-06-16,2010-06-15,2010-06-16T17:06:50.000Z,,4,,,,4,6103,0,0,,xslF345X03/lil1322.xml,
0000788784-10-000062,2010-06-16,2010-06-15,2010-06-16T17:07:17.000Z,,4,,,,4,6150,0,0,,xslF345X03/ren1323.xml,
0000788784-10-000063,2010-06-16,2010-06-15,2010-06-16T17:07:38.000Z,,4,,,,4,6267,0,0,,xslF345X03/swi1324.xml,
0001193125-10-149544,2010-06-29,2010-06-29,2010-06-29T16:33:44.000Z,34,8-K,001-09120,10922269,"7.01,9.01",8-K,4645438,0,0,,d8k.htm,FORM 8-K
0001193125-10-149970,2010-06-29,2009-12-31,2010-06-29T20:45:34.000Z,34,11-K,001-09120,10924380,,11-K,194918,0,0,,d11k.htm,FORM 11-K
0001193125-10-149975,2010-06-29,2009-12-31,2010-06-29T20:48:33.000Z,34,11-K,001-09120,10924423,,11-K,190190,0,0,,d11k.htm,FORM 11-K
0000788784-10-000064,2010-07-01,2010-06-30,2010-07-01T13:35:13.000Z,,4,,,,4,6141,0,0,,xslF345X03/gam1325.xml,
0000788784-10-000065,2010-07-01,2010-06-30,2010-07-01T13:35:49.000Z,,4,,,,4,6277,0,0,,xslF345X03/hic1326.xml,
0000788784-10-000066,2010-07-01,2010-06-30,2010-07-01T13:36:18.000Z,,4,,,,4,6106,0,0,,xslF345X03/lil1327.xml,
0000788784-10-000067,2010-07-01,2010-06-30,2010-07-01T13:36:48.000Z,,4,,,,4,6152,0,0,,xslF345X03/ren1328.xml,
0000788784-10-000068,2010-07-01,2010-06-30,2010-07-01T13:37:18.000Z,,4,,,,4,6269,0,0,,xslF345X03/swi1329.xml,
0000788784-10-000069,2010-07-21,2010-07-19,2010-07-21T15:01:34.000Z,,4,,,,4,6139,0,0,,xslF345X03/gam1330.xml,
0000788784-10-000070,2010-07-21,2010-07-19,2010-07-21T15:02:07.000Z,,4,,,,4,6275,0,0,,xslF345X03/hic1331.xml,
0000788784-10-000071,2010-07-21,2010-07-19,2010-07-21T15:02:30.000Z,,4,,,,4,6104,0,0,,xslF345X03/lil1332.xml,
0000788784-10-000072,2010-07-21,2010-07-19,2010-07-21T15:03:01.000Z,,4,,,,4,6150,0,0,,xslF345X03/ren1333.xml,
0000788784-10-000073,2010-07-21,2010-07-19,2010-07-21T15:03:28.000Z,,4,,,,4,6267,0,0,,xslF345X03/swi1334.xml,
0000788784-10-000074,2010-07-21,2010-07-20,2010-07-21T18:14:51.000Z,,4,,,,4,6139,0,0,,xslF345X03/gam1335.xml,
0000788784-10-000075,2010-07-21,2010-07-20,2010-07-21T18:15:20.000Z,,4,,,,4,6275,0,0,,xslF345X03/hic1336.xml,
0000788784-10-000076,2010-07-21,2010-07-20,2010-07-21T18:15:42.000Z,,4,,,,4,6104,0,0,,xslF345X03/lil1337.xml,
0000788784-10-000077,2010-07-21,2010-07-20,2010-07-21T18:16:14.000Z,,4,,,,4,6152,0,0,,xslF345X03/ren1338.xml,
0000788784-10-000078,2010-07-21,2010-07-20,2010-07-21T18:16:45.000Z,,4,,,,4,6269,0,0,,xslF345X03/swi1339.xml,
0000788784-10-000079,2010-07-30,2010-07-29,2010-07-30T14:28:26.000Z,,4,,,,4,6139,0,0,,xslF345X03/gam1340.xml,
0000788784-10-000080,2010-07-30,2010-07-29,2010-07-30T14:29:10.000Z,,4,,,,4,6104,0,0,,xslF345X03/lil1341.xml,
0000788784-10-000081,2010-07-30,2010-07-29,2010-07-30T14:29:53.000Z,,4,,,,4,6150,0,0,,xslF345X03/ren1342.xml,
0001193125-10-172131,2010-07-30,2010-07-30,2010-07-30T19:12:34.000Z,34,8-K,001-09120,10981107,"2.02,7.01,9.01",8-K,1958767,0,0,,d8k.htm,FORM 8-K
0001193125-10-172309,2010-07-30,2010-06-30,2010-07-30T20:58:11.000Z,34,10-Q,001-09120,10981825,,10-Q,2268657,0,0,,d10q.htm,FORM 10-Q
0001193125-10-187117,2010-08-12,2010-08-12,2010-08-12T18:03:42.000Z,34,8-K,001-09120,101010602,"7.01,9.01",8-K,2040049,0,0,,d8k.htm,FORM 8-K
0001193125-10-194981,2010-08-23,2010-06-30,2010-08-23T20:11:16.000Z,34,10-Q/A,001-09120,101032670,,10-Q/A,18725795,1,0,,d10qa.htm,AMENDMENT NO. 1 TO FORM 10-Q
0001193125-10-205653,2010-09-07,2010-09-07,2010-09-07T19:26:44.000Z,34,8-K,001-09120,101060029,"7.01,9.01",8-K,3774214,0,0,,d8k.htm,FORM 8-K
0001193125-10-211224,2010-09-16,2010-09-16,2010-09-16T15:55:32.000Z,34,8-K,001-09120,101075277,"7.01,9.01",8-K,436485,0,0,,d8k.htm,FORM 8-K
0000788784-10-000082,2010-09-22,2010-09-21,2010-09-22T13:56:26.000Z,,4,,,,4,6140,0,0,,xslF345X03/gam1343.xml,
0000788784-10-000083,2010-09-22,2010-09-21,2010-09-22T13:56:59.000Z,,4,,,,4,6276,0,0,,xslF345X03/hic1344.xml,
0000788784-10-000084,2010-09-22,2010-09-21,2010-09-22T13:57:25.000Z,,4,,,,4,6107,0,0,,xslF345X03/lil1345.xml,
0000788784-10-000085,2010-09-22,2010-09-21,2010-09-22T13:58:09.000Z,,4,,,,4,6153,0,0,,xslF345X03/ren1346.xml,
0000788784-10-000086,2010-09-22,2010-09-21,2010-09-22T13:58:35.000Z,,4,,,,4,6268,0,0,,xslF345X03/swi1347.xml,
0001193125-10-219394,2010-09-29,2010-09-29,2010-09-29T16:48:23.000Z,34,8-K,001-09120,101095694,"7.01,9.01",8-K,408718,0,0,,d8k.htm,FORM 8-K
0000788784-10-000087,2010-09-30,2010-09-29,2010-09-30T18:54:23.000Z,,4,,,,4,6276,0,0,,xslF345X03/hic1348.xml,
0000788784-10-000088,2010-10-04,2010-09-30,2010-10-04T14:35:44.000Z,,4,,,,4,6142,0,0,,xslF345X03/gam1349.xml,
0000788784-10-000089,2010-10-04,2010-09-30,2010-10-04T14:36:23.000Z,,4,,,,4,6278,0,0,,xslF345X03/hic1350.xml,
0000788784-10-000090,2010-10-04,2010-09-30,2010-10-04T14:36:42.000Z,,4,,,,4,6106,0,0,,xslF345X03/lil1351.xml,
0000788784-10-000091,2010-10-04,2010-09-30,2010-10-04T14:37:10.000Z,,4,,,,4,6153,0,0,,xslF345X03/ren1352.xml,
0000788784-10-000092,2010-10-04,2010-09-30,2010-10-04T14:37:37.000Z,,4,,,,4,6270,0,0,,xslF345X03/swi1353.xml,
0000788784-10-000093,2010-10-18,2010-10-14,2010-10-18T11:31:39.000Z,,4,,,,4,6140,0,0,,xslF345X03/gam1354.xml,
0000788784-10-000094,2010-10-18,2010-10-14,2010-10-18T11:32:21.000Z,,4,,,,4,6151,0,0,,xslF345X03/ren1355.xml,
0000788784-10-000095,2010-10-18,2010-10-14,2010-10-18T11:32:46.000Z,,4,,,,4,6268,0,0,,xslF345X03/swi1356.xml,
0000788784-10-000096,2010-10-18,2010-10-15,2010-10-18T18:46:10.000Z,,4,,,,4,6140,0,0,,xslF345X03/gam1357.xml,
0000788784-10-000097,2010-10-18,2010-10-15,2010-10-18T18:46:48.000Z,,4,,,,4,6151,0,0,,xslF345X03/ren1358.xml,
0000788784-10-000098,2010-10-18,2010-10-15,2010-10-18T18:47:12.000Z,,4,,,,4,6268,0,0,,xslF345X03/swi1359.xml,
0001193125-10-234326,2010-10-22,,2010-10-22T15:10:21.000Z,,CORRESP,,,,CORRESP,28028,0,0,,filename1.htm,
0000000000-10-062992,2010-10-25,,2010-10-25T19:51:57.000Z,,UPLOAD,,,,LETTER,61731,0,0,,filename1.pdf,
0000000000-10-062995,2010-10-25,,2010-10-25T19:53:10.000Z,,UPLOAD,,,,LETTER,47707,0,0,,filename1.pdf,
0000788784-10-000099,2010-10-27,2010-10-26,2010-10-27T14:35:42.000Z,,4,,,,4,6138,0,0,,xslF345X03/gam1360.xml,
0000788784-10-000100,2010-10-27,2010-10-26,2010-10-27T14:36:15.000Z,,4,,,,4,6274,0,0,,xslF345X03/hic1361.xml,
0000788784-10-000101,2010-10-27,2010-10-26,2010-10-27T14:36:43.000Z,,4,,,,4,6105,0,0,,xslF345X03/lil1362.xml,
0000788784-10-000102,2010-10-27,2010-10-26,2010-10-27T14:37:15.000Z,,4,,,,4,6151,0,0,,xslF345X03/ren1363.xml,
0001193125-10-237893,2010-10-27,2010-10-27,2010-10-27T19:30:36.000Z,34,8-K,001-09120,101144870,"2.02,7.01,9.01",8-K,2030677,0,0,,d8k.htm,FORM 8-K
0001193125-10-241339,2010-10-29,2010-09-30,2010-10-29T21:04:22.000Z,34,10-Q,001-09120,101152617,,10-Q,22580724,1,0,,d10q.htm,FORM 10-Q
0001193125-10-242057,2010-11-01,2010-11-01,2010-11-01T13:52:50.000Z,34,8-K,001-09120,101153634,"7.01,9.01",8-K,3735902,0,0,,d8k.htm,FORM 8-K
0000788784-10-000103,2010-11-17,2010-11-15,2010-11-17T19:57:46.000Z,,4,,,,4,6274,0,0,,xslF345X03/hic1364.xml,
0000788784-10-000104,2010-11-17,2010-11-15,2010-11-17T19:58:25.000Z,,4,,,,4,6103,0,0,,xslF345X03/lil1365.xml,
0000788784-10-000105,2010-11-17,2010-11-15,2010-11-17T19:58:59.000Z,,4,,,,4,6266,0,0,,xslF345X03/swi1366.xml,
0000788784-10-000106,2010-11-17,2010-11-16,2010-11-17T20:24:23.000Z,,4,,,,4,6140,0,0,,xslF345X03/gam1367.xml,
0000788784-10-000107,2010-11-17,2010-11-16,2010-11-17T20:24:52.000Z,,4,,,,4,6276,0,0,,xslF345X03/hic1368.xml,
0000788784-10-000108,2010-11-17,2010-11-16,2010-11-17T20:25:22.000Z,,4,,,,4,6105,0,0,,xslF345X03/lil1369.xml,
0000788784-10-000109,2010-11-17,2010-11-16,2010-11-17T20:25:57.000Z,,4,,,,4,6153,0,0,,xslF345X03/ren1370.xml,
0000788784-10-000110,2010-11-17,2010-11-16,2010-11-17T20:26:28.000Z,,4,,,,4,6270,0,0,,xslF345X03/swi1371.xml,
0001193125-10-269794,2010-11-29,2010-11-29,2010-11-29T15:43:26.000Z,34,8-K,001-09120,101217596,"7.01,9.01",8-K,284200,0,0,,d8k.htm,FORM 8-K
0001193125-10-276234,2010-12-08,2010-12-08,2010-12-08T15:38:18.000Z,34,8-K,001-09120,101238954,"7.01,9.01",8-K,284285,0,0,,d8k.htm,FORM 8-K
0000788784-10-000111,2010-12-10,2010-12-09,2010-12-10T18:50:27.000Z,,4,,,,4,5019,0,0,,xslF345X03/lev1380.xml,
0001193125-10-284341,2010-12-20,2010-12-20,2010-12-20T20:20:59.000Z,34,8-K,001-09120,101262750,7.01,8-K,44244,0,0,,d8k.htm,FORM 8-K
0001225208-10-027650,2010-12-22,2010-12-20,2010-12-22T21:05:59.000Z,,4,,,,4,7825,0,0,,xslF345X03/doc4.xml,
0001225208-10-027651,2010-12-22,2010-12-20,2010-12-22T21:06:05.000Z,,4,,,,4,8010,0,0,,xslF345X03/doc4.xml,
0001225208-10-027652,2010-12-22,2010-12-20,2010-12-22T21:06:08.000Z,,4,,,,4,7968,0,0,,xslF345X03/doc4.xml,
0001225208-10-027653,2010-12-22,2010-12-20,2010-12-22T21:06:14.000Z,,4,,,,4,7934,0,0,,xslF345X03/doc4.xml,
0001225208-10-027706,2010-12-23,2010-12-21,2010-12-23T16:20:37.000Z,,4,,,,4,5749,0,0,,xslF345X03/doc4.xml,
0001225208-10-027716,2010-12-23,2010-12-21,2010-12-23T16:56:12.000Z,,4,,,,4,4775,0,0,,xslF345X03/doc4.xml,
0001225208-10-027717,2010-12-23,2010-12-21,2010-12-23T16:56:14.000Z,,4,,,,4,4583,0,0,,xslF345X03/doc4.xml,
0001225208-10-027718,2010-12-23,2010-12-21,2010-12-23T16:56:18.000Z,,4,,,,4,6264,0,0,,xslF345X03/doc4.xml,
0001225208-10-027719,2010-12-23,2010-12-21,2010-12-23T16:56:22.000Z,,4,,,,4,4793,0,0,,xslF345X03/doc4.xml,
0001225208-10-027720,2010-12-23,2010-12-21,2010-12-23T16:56:26.000Z,,4,,,,4,4787,0,0,,xslF345X03/doc4.xml,
0001225208-10-027721,2010-12-23,2010-12-21,2010-12-23T16:56:26.000Z,,4,,,,4,5540,0,0,,xslF345X03/doc4.xml,
0001225208-10-027722,2010-12-23,2010-12-21,2010-12-23T16:56:31.000Z,,4,,,,4,5465,0,0,,xslF345X03/doc4.xml,
0001225208-11-000205,2011-01-03,2010-12-31,2011-01-03T21:36:12.000Z,,4,,,,4,5728,0,0,,xslF345X03/doc4.xml,
0001225208-11-000206,2011-01-03,2010-12-31,2011-01-03T21:36:14.000Z,,4,,,,4,5889,0,0,,xslF345X03/doc4.xml,
0001225208-11-000207,2011-01-03,2010-12-31,2011-01-03T21:36:19.000Z,,4,,,,4,5673,0,0,,xslF345X03/doc4.xml,
0001225208-11-000208,2011-01-03,2010-12-31,2011-01-03T21:36:21.000Z,,4,,,,4,5741,0,0,,xslF345X03/doc4.xml,
0001225208-11-000209,2011-01-03,2010-12-31,2011-01-03T21:36:27.000Z,,4,,,,4,5856,0,0,,xslF345X03/doc4.xml,
0001225208-11-000624,2011-01-04,2010-06-15,2011-01-04T21:28:21.000Z,,4,,,,4,11247,0,0,,xslF345X03/doc4.xml,
0001225208-11-003682,2011-01-25,2011-01-01,2011-01-25T15:08:07.000Z,,4/A,,,,4/A,5015,0,0,,xslF345X03/doc4a.xml,
0001086364-11-002377,2011-02-02,,2011-02-02T21:31:54.000Z,34,SC 13G/A,005-44133,11567031,,SC 13G/A,13943,0,0,,publicserviceenterpris123110.txt,
0001422848-11-000053,2011-02-10,,2011-02-10T20:44:29.000Z,34,SC 13G/A,005-44133,11592291,,SC 13G/A,9181,0,0,,edgpeg.txt,SC 13G/A
0001225208-11-006069,2011-02-16,2011-02-14,2011-02-16T18:34:49.000Z,,4,,,,4,7930,0,0,,xslF345X03/doc4.xml,
0001225208-11-006071,2011-02-16,2011-02-15,2011-02-16T18:37:59.000Z,,4,,,,4,5739,0,0,,xslF345X03/doc4.xml,
0001225208-11-006124,2011-02-16,2011-02-14,2011-02-16T20:12:31.000Z,,4,,,,4,7752,0,0,,xslF345X03/doc4.xml,
0001193125-11-042016,2011-02-22,2011-02-22,2011-02-22T20:03:53.000Z,34,8-K,001-09120,11628148,"2.02,7.01,9.01",8-K,1756580,0,0,,d8k.htm,FORM 8-K
0001193125-11-047330,2011-02-25,2010-12-31,2011-02-25T20:45:24.000Z,34,10-K,001-09120,11640800,,10-K,44984113,1,0,,d10k.htm,FORM 10-K
0001193125-11-056905,2011-03-07,2011-03-07,2011-03-07T12:30:38.000Z,34,8-K,001-09120,11666656,"7.01,9.01",8-K,7326276,0,0,,d8k.htm,FORM 8-K
0001225208-11-008960,2011-03-07,2011-03-04,2011-03-07T19:19:52.000Z,,4,,,,4,5475,0,0,,xslF345X03/doc4.xml,
0001193125-11-063364,2011-03-11,2011-04-19,2011-03-11T16:18:56.000Z,34,DEF 14A,001-09120,11680740,,DEF 14A,1969003,0,0,,ddef14a.htm,DEFINITIVE PROXY STATEMENT
0001193125-11-064804,2011-03-14,2011-03-14,2011-03-14T11:30:52.000Z,34,8-K,001-09120,11683855,"7.01,9.01",8-K,370035,0,0,,d8k.htm,FORM 8-K
0001193125-11-079269,2011-03-28,2011-03-28,2011-03-28T16:13:43.000Z,34,8-K,001-09120,11714495,"7.01,9.01",8-K,2571179,0,0,,d8k.htm,FORM 8-K
0001225208-11-010684,2011-04-01,2011-03-31,2011-04-01T19:40:53.000Z,,4,,,,4,5477,0,0,,xslF345X03/doc4.xml,
0001225208-11-010685,2011-04-01,2011-03-31,2011-04-01T19:40:55.000Z,,4,,,,4,5298,0,0,,xslF345X03/doc4.xml,
0001225208-11-010687,2011-04-01,2011-03-31,2011-04-01T19:41:06.000Z,,4,,,,4,5445,0,0,,xslF345X03/doc4.xml,
0001225208-11-010686,2011-04-01,2011-03-31,2011-04-01T19:41:07.000Z,,4,,,,4,5329,0,0,,xslF345X03/doc4.xml,
0001193125-11-087607,2011-04-04,2011-04-04,2011-04-04T13:19:18.000Z,34,8-K,001-09120,11733902,"7.01,9.01",8-K,627300,0,0,,d8k.htm,FORM 8-K
0001225208-11-012016,2011-04-20,2011-04-18,2011-04-20T16:56:54.000Z,,4,,,,4,7340,0,0,,xslF345X03/doc4.xml,
0001225208-11-012017,2011-04-20,2011-04-18,2011-04-20T16:56:56.000Z,,4,,,,4,7374,0,0,,xslF345X03/doc4.xml,
0001225208-11-012018,2011-04-20,2011-04-18,2011-04-20T16:56:59.000Z,,4,,,,4,7518,0,0,,xslF345X03/doc4.xml,
0001225208-11-012104,2011-04-21,2011-04-19,2011-04-21T19:54:46.000Z,,4,,,,4,5120,0,0,,xslF345X03/doc4.xml,
0001225208-11-012105,2011-04-21,2011-04-19,2011-04-21T19:54:50.000Z,,4,,,,4,5045,0,0,,xslF345X03/doc4.xml,
0001225208-11-012106,2011-04-21,2011-04-19,2011-04-21T19:54:52.000Z,,4,,,,4,4429,0,0,,xslF345X03/doc4.xml,
0001225208-11-012107,2011-04-21,2011-04-19,2011-04-21T19:54:55.000Z,,4,,,,4,4372,0,0,,xslF345X03/doc4.xml,
0001225208-11-012108,2011-04-21,2011-04-19,2011-04-21T19:54:58.000Z,,4,,,,4,4367,0,0,,xslF345X03/doc4.xml,
0001193125-11-105329,2011-04-21,2011-04-19,2011-04-21T21:05:42.000Z,34,8-K,001-09120,11774048,"5.07,9.01",8-K,98900,0,0,,d8k.htm,FORM 8-K
0001225208-11-012560,2011-04-29,2011-04-28,2011-04-29T19:17:47.000Z,,4,,,,4,5327,0,0,,xslF345X03/doc4.xml,
0001225208-11-012561,2011-04-29,2011-04-28,2011-04-29T19:17:48.000Z,,4,,,,4,5296,0,0,,xslF345X03/doc4.xml,
0001193125-11-127759,2011-05-05,2011-05-05,2011-05-05T15:13:18.000Z,34,8-K,001-09120,11813183,"2.02,7.01,9.01",8-K,1537204,0,0,,d8k.htm,FORM 8-K
0001193125-11-128596,2011-05-05,2011-03-31,2011-05-05T20:40:59.000Z,34,10-Q,001-09120,11815217,,10-Q,19169871,1,0,,d10q.htm,FORM 10-Q
0001225208-11-013700,2011-05-10,2011-05-02,2011-05-10T15:43:48.000Z,,4,,,,4,5319,0,0,,xslF345X03/doc4.xml,
0001225208-11-013701,2011-05-10,2011-05-02,2011-05-10T15:43:53.000Z,,4,,,,4,5302,0,0,,xslF345X03/doc4.xml,
0001225208-11-013702,2011-05-10,2011-05-02,2011-05-10T15:43:58.000Z,,4,,,,4,5480,0,0,,xslF345X03/doc4.xml,
0001225208-11-013703,2011-05-10,2011-05-02,2011-05-10T15:44:00.000Z,,4,,,,4,5428,0,0,,xslF345X03/doc4.xml,
0001225208-11-013704,2011-05-10,2011-05-02,2011-05-10T15:44:02.000Z,,4,,,,4,5300,0,0,,xslF345X03/doc4.xml,
0001225208-11-013705,2011-05-10,2011-05-02,2011-05-10T15:44:05.000Z,,4,,,,4,5331,0,0,,xslF345X03/doc4.xml,
0001225208-11-013706,2011-05-10,2011-05-02,2011-05-10T15:44:22.000Z,,4,,,,4,5416,0,0,,xslF345X03/doc4.xml,
0001225208-11-013707,2011-05-10,2011-05-02,2011-05-10T15:44:22.000Z,,4,,,,4,5447,0,0,,xslF345X03/doc4.xml,
0001193125-11-134312,2011-05-10,2011-05-10,2011-05-10T20:40:07.000Z,34,8-K,001-09120,11828766,"7.01,9.01",8-K,3736474,0,0,,d8k.htm,FORM 8-K
0001193125-11-140349,2011-05-16,2011-05-16,2011-05-16T11:12:45.000Z,34,8-K,001-09120,11843451,"7.01,9.01",8-K,548729,0,0,,d8k.htm,FORM 8-K
0001225208-11-014564,2011-05-17,2011-05-16,2011-05-17T17:31:59.000Z,,4,,,,4,7772,0,0,,xslF345X03/doc4.xml,
0001193125-11-156675,2011-06-02,2011-06-02,2011-06-02T11:30:44.000Z,34,8-K,001-09120,11887100,"7.01,9.01",8-K,354039,0,0,,d8k.htm,FORM 8-K
0001225208-11-016736,2011-06-23,2011-06-22,2011-06-23T20:41:16.000Z,,4,,,,4,5476,0,0,,xslF345X03/doc4.xml,
0001225208-11-016737,2011-06-23,2011-06-22,2011-06-23T20:41:18.000Z,,4,,,,4,5296,0,0,,xslF345X03/doc4.xml,
0001225208-11-016738,2011-06-23,2011-06-22,2011-06-23T20:41:23.000Z,,4,,,,4,5327,0,0,,xslF345X03/doc4.xml,
0001225208-11-016753,2011-06-24,2011-06-23,2011-06-24T19:31:42.000Z,,4,,,,4,5476,0,0,,xslF345X03/doc4.xml,
0001225208-11-016754,2011-06-24,2011-06-23,2011-06-24T19:31:46.000Z,,4,,,,4,5296,0,0,,xslF345X03/doc4.xml,
0001225208-11-016755,2011-06-24,2011-06-23,2011-06-24T19:31:53.000Z,,4,,,,4,5327,0,0,,xslF345X03/doc4.xml,
0001193125-11-177063,2011-06-29,2010-12-31,2011-06-29T18:36:29.000Z,34,11-K,001-09120,11938476,,11-K,227350,0,0,,d11k.htm,FORM 11-K
0001193125-11-177071,2011-06-29,2010-12-31,2011-06-29T18:40:29.000Z,34,11-K,001-09120,11938505,,11-K,228713,0,0,,d11k.htm,FORM 11-K
0001225208-11-017046,2011-07-01,2011-06-30,2011-07-01T18:02:14.000Z,,4,,,,4,5478,0,0,,xslF345X03/doc4.xml,
0001225208-11-017047,2011-07-01,2011-06-30,2011-07-01T18:02:16.000Z,,4,,,,4,5329,0,0,,xslF345X03/doc4.xml,
0001225208-11-017048,2011-07-01,2011-06-30,2011-07-01T18:02:17.000Z,,4,,,,4,5298,0,0,,xslF345X03/doc4.xml,
0001225208-11-017049,2011-07-01,2011-06-30,2011-07-01T18:02:24.000Z,,4,,,,4,5445,0,0,,xslF345X03/doc4.xml,
0001225208-11-018457,2011-07-19,2011-07-18,2011-07-19T20:50:05.000Z,,4,,,,4,5476,0,0,,xslF345X03/doc4.xml,
0001225208-11-018458,2011-07-19,2011-07-18,2011-07-19T20:50:07.000Z,,4,,,,4,5327,0,0,,xslF345X03/doc4.xml,
0001225208-11-018516,2011-07-20,2011-07-19,2011-07-20T18:43:56.000Z,,4,,,,4,5327,0,0,,xslF345X03/doc4.xml,
0001225208-11-018517,2011-07-20,2011-07-19,2011-07-20T18:43:58.000Z,,4,,,,4,5476,0,0,,xslF345X03/doc4.xml,
0001225208-11-018518,2011-07-20,2011-07-19,2011-07-20T18:43:58.000Z,,4,,,,4,5296,0,0,,xslF345X03/doc4.xml,
0001193125-11-194688,2011-07-22,2011-07-22,2011-07-22T19:15:08.000Z,34,8-K,001-09120,11982460,"8.01,9.01",8-K,31672,0,0,,d8k.htm,FORM 8-K
0001225208-11-019106,2011-08-02,2011-07-28,2011-08-02T18:31:21.000Z,,4,,,,4,5297,0,0,,xslF345X03/doc4.xml,
0001225208-11-019107,2011-08-02,2011-07-28,2011-08-02T18:31:28.000Z,,4,,,,4,5328,0,0,,xslF345X03/doc4.xml,
0001193125-11-207744,2011-08-03,2011-08-03,2011-08-03T16:47:36.000Z,34,8-K,001-09120,111006313,"2.02,7.01,9.01",8-K,1961256,0,0,,d8k.htm,FORM 8-K
0001193125-11-208082,2011-08-03,2011-06-30,2011-08-03T19:37:18.000Z,34,10-Q,001-09120,111006874,,10-Q,28640751,1,0,,d10q.htm,FORM 10-Q
0000000000-11-047431,2011-08-04,,2011-08-04T19:24:17.000Z,,UPLOAD,,,,LETTER,70071,0,0,,filename1.pdf,
0001193125-11-215293,2011-08-09,2011-08-09,2011-08-09T11:30:25.000Z,34,8-K,001-09120,111018894,"7.01,9.01",8-K,3739752,0,0,,d8k.htm,FORM 8-K
0001225208-11-019591,2011-08-10,2011-08-09,2011-08-10T19:06:47.000Z,,4,,,,4,4067,0,0,,xslF345X03/doc4.xml,
0001193125-11-223415,2011-08-15,,2011-08-15T21:42:16.000Z,,CORRESP,,,,CORRESP,47190,0,0,,filename1.htm,
0000000000-11-052270,2011-08-31,,2011-08-31T19:35:21.000Z,,UPLOAD,,,,LETTER,47007,0,0,,filename1.pdf,
0001193125-11-243072,2011-09-08,2011-09-08,2011-09-08T16:09:35.000Z,34,8-K,001-09120,111080165,"7.01,9.01",8-K,5183663,0,0,,d8k.htm,FORM 8-K
0001225208-11-021943,2011-09-19,2011-09-15,2011-09-19T19:20:02.000Z,,4,,,,4,30667,0,0,,xslF345X03/doc4.xml,
0001193125-11-253232,2011-09-21,2011-09-21,2011-09-21T19:21:28.000Z,34,8-K,001-09120,111101324,"7.01,9.01",8-K,807706,0,0,,d234763d8k.htm,FORM 8-K
0001225208-11-022077,2011-09-22,2011-09-20,2011-09-22T21:56:05.000Z,,4,,,,4,5330,0,0,,xslF345X03/doc4.xml,
0001225208-11-022078,2011-09-22,2011-09-20,2011-09-22T21:56:09.000Z,,4,,,,4,5299,0,0,,xslF345X03/doc4.xml,
0001225208-11-022079,2011-09-22,2011-09-20,2011-09-22T21:56:10.000Z,,4,,,,4,5477,0,0,,xslF345X03/doc4.xml,
0001193125-11-255725,2011-09-26,2011-09-26,2011-09-26T11:24:28.000Z,34,8-K,001-09120,111106287,"7.01,9.01",8-K,351291,0,0,,d235767d8k.htm,FORM 8-K
0001225208-11-022397,2011-10-03,2011-09-30,2011-10-03T17:03:38.000Z,,4,,,,4,5479,0,0,,xslF345X03/doc4.xml,
0001225208-11-022398,2011-10-03,2011-09-30,2011-10-03T17:03:42.000Z,,4,,,,4,5299,0,0,,xslF345X03/doc4.xml,
0001225208-11-022399,2011-10-03,2011-09-30,2011-10-03T17:03:43.000Z,,4,,,,4,5330,0,0,,xslF345X03/doc4.xml,
0001225208-11-022400,2011-10-03,2011-09-30,2011-10-03T17:03:45.000Z,,4,,,,4,5446,0,0,,xslF345X03/doc4.xml,
0001225208-11-023424,2011-10-18,2011-10-17,2011-10-18T17:23:51.000Z,,4,,,,4,43043,0,0,,xslF345X03/doc4.xml,
0001225208-11-023533,2011-10-20,2011-10-19,2011-10-20T19:40:32.000Z,,4,,,,4,5328,0,0,,xslF345X03/doc4.xml,
0001225208-11-023851,2011-10-28,2011-10-27,2011-10-28T19:59:33.000Z,,4,,,,4,5297,0,0,,xslF345X03/doc4.xml,
0001225208-11-023852,2011-10-28,2011-10-27,2011-10-28T19:59:38.000Z,,4,,,,4,5328,0,0,,xslF345X03/doc4.xml,
0001193125-11-290944,2011-11-01,2011-11-01,2011-11-01T21:23:44.000Z,34,8-K,001-09120,111172275,"2.02,7.01,9.01",8-K,2275032,0,0,,d249294d8k.htm,FORM 8-K
0001193125-11-290949,2011-11-01,2011-09-30,2011-11-01T21:26:16.000Z,34,10-Q,001-09120,111172303,,10-Q,29820012,1,0,,d232218d10q.htm,FORM 10-Q
0001193125-11-298061,2011-11-07,2011-11-04,2011-11-05T01:42:04.000Z,34,8-K,001-09120,111182615,"7.01,9.01",8-K,3931525,0,0,,d253742d8k.htm,FORM 8-K
0001225208-11-024887,2011-11-16,2011-11-15,2011-11-16T17:37:05.000Z,,4,,,,4,25162,0,0,,xslF345X03/doc4.xml,
0001225208-11-024931,2011-11-16,2011-11-15,2011-11-16T20:07:59.000Z,,4,,,,4,5477,0,0,,xslF345X03/doc4.xml,
0001225208-11-024932,2011-11-16,2011-11-15,2011-11-16T20:08:01.000Z,,4,,,,4,5297,0,0,,xslF345X03/doc4.xml,
0001225208-11-024933,2011-11-16,2011-11-15,2011-11-16T20:08:04.000Z,,4,,,,4,5330,0,0,,xslF345X03/doc4.xml,
0000891092-11-007807,2011-11-23,,2011-11-23T16:11:17.000Z,33,S-3ASR,333-178143,111224123,,S-3ASR,703021,0,0,,e46258s3asr.htm,FORM S-3
0001193125-11-324157,2011-11-29,2011-11-29,2011-11-29T18:04:45.000Z,34,8-K,001-09120,111230412,"7.01,9.01",8-K,929594,0,0,,d261011d8k.htm,FORM 8-K
0001225208-11-025637,2011-12-02,2011-12-01,2011-12-02T16:43:44.000Z,,4,,,,4,21039,0,0,,xslF345X03/doc4.xml,
0001193125-11-329481,2011-12-05,2011-12-05,2011-12-05T13:00:38.000Z,34,8-K,001-09120,111241912,"7.01,9.01",8-K,474259,0,0,,d264647d8k.htm,FORM 8-K
0001193125-11-341059,2011-12-14,2011-12-14,2011-12-14T22:12:48.000Z,34,8-K,001-09120,111261688,"7.01,9.01",8-K,402730,0,0,,d269147d8k.htm,FORM 8-K
0001193125-11-348387,2011-12-21,2011-12-21,2011-12-21T17:04:25.000Z,34,8-K,001-09120,111273817,"7.01,9.01",8-K,372062,0,0,,d274487d8k.htm,FORM 8-K
0001225208-11-026781,2011-12-21,2011-12-20,2011-12-21T21:16:54.000Z,,4,,,,4,4381,0,0,,xslF345X03/doc4.xml,
0001225208-11-026846,2011-12-22,2011-12-19,2011-12-22T20:43:46.000Z,,4,,,,4,7523,0,0,,xslF345X03/doc4.xml,
0001225208-11-026847,2011-12-22,2011-12-19,2011-12-22T20:43:49.000Z,,4,,,,4,7343,0,0,,xslF345X03/doc4.xml,
0001225208-11-026848,2011-12-22,2011-12-19,2011-12-22T20:43:51.000Z,,4,,,,4,7375,0,0,,xslF345X03/doc4.xml,
0001225208-11-026849,2011-12-22,2011-12-20,2011-12-22T20:43:54.000Z,,4,,,,4,5446,0,0,,xslF345X03/doc4.xml,
0001225208-12-000321,2012-01-04,2011-12-19,2012-01-04T18:23:30.000Z,,4,,,,4,5594,0,0,,xslF345X03/doc4.xml,
0001225208-12-000717,2012-01-05,2012-01-02,2012-01-05T16:20:53.000Z,,4,,,,4,5213,0,0,,xslF345X03/doc4.xml,
0001225208-12-000718,2012-01-05,2012-01-02,2012-01-05T16:21:56.000Z,,4,,,,4,5213,0,0,,xslF345X03/doc4.xml,
0001225208-12-000786,2012-01-05,2012-01-03,2012-01-05T19:49:51.000Z,,4,,,,4,4948,0,0,,xslF345X03/doc4.xml,
0001225208-12-000787,2012-01-05,2012-01-03,2012-01-05T19:49:54.000Z,,4,,,,4,4948,0,0,,xslF345X03/doc4.xml,
0001225208-12-000788,2012-01-05,2012-01-03,2012-01-05T19:49:56.000Z,,4,,,,4,4947,0,0,,xslF345X03/doc4.xml,
0001225208-12-000789,2012-01-05,2012-01-03,2012-01-05T19:49:59.000Z,,4,,,,4,4947,0,0,,xslF345X03/doc4.xml,
0001225208-12-000790,2012-01-05,2012-01-03,2012-01-05T19:50:02.000Z,,4,,,,4,4948,0,0,,xslF345X03/doc4.xml,
0001225208-12-000791,2012-01-05,2012-01-03,2012-01-05T19:50:05.000Z,,4,,,,4,4947,0,0,,xslF345X03/doc4.xml,
0001225208-12-000792,2012-01-05,2012-01-03,2012-01-05T19:50:07.000Z,,4,,,,4,4947,0,0,,xslF345X03/doc4.xml,
0001225208-12-000793,2012-01-05,2012-01-03,2012-01-05T19:50:10.000Z,,4,,,,4,4948,0,0,,xslF345X03/doc4.xml,
0001225208-12-000794,2012-01-05,2012-01-03,2012-01-05T19:50:13.000Z,,4,,,,4,4948,0,0,,xslF345X03/doc4.xml,
0001225208-12-000795,2012-01-05,2012-01-03,2012-01-05T19:50:15.000Z,,4,,,,4,4947,0,0,,xslF345X03/doc4.xml,
0001225208-12-000796,2012-01-05,2012-01-03,2012-01-05T19:50:18.000Z,,4,,,,4,4948,0,0,,xslF345X03/doc4.xml,
0001225208-12-000797,2012-01-05,2012-01-03,2012-01-05T19:50:20.000Z,,4,,,,4,4947,0,0,,xslF345X03/doc4.xml,
0001225208-12-000798,2012-01-05,2012-01-03,2012-01-05T19:50:23.000Z,,4,,,,4,4947,0,0,,xslF345X03/doc4.xml,
0001225208-12-000799,2012-01-05,2012-01-03,2012-01-05T19:50:26.000Z,,4,,,,4,5256,0,0,,xslF345X03/doc4.xml,
0001225208-12-000800,2012-01-05,2012-01-03,2012-01-05T19:50:29.000Z,,4,,,,4,4949,0,0,,xslF345X03/doc4.xml,
0001225208-12-000801,2012-01-05,2012-01-03,2012-01-05T19:50:31.000Z,,4,,,,4,4946,0,0,,xslF345X03/doc4.xml,
0001225208-12-000802,2012-01-05,2012-01-03,2012-01-05T19:50:34.000Z,,4,,,,4,4947,0,0,,xslF345X03/doc4.xml,
0001225208-12-001686,2012-01-20,2012-01-03,2012-01-20T16:53:01.000Z,,4/A,,,,4/A,27988,0,0,,xslF345X03/doc4a.xml,
0001225208-12-001689,2012-01-20,2012-01-03,2012-01-20T17:11:16.000Z,,4/A,,,,4/A,5324,0,0,,xslF345X03/doc4a.xml,
0001225208-12-001705,2012-01-20,2012-01-03,2012-01-20T17:51:26.000Z,,4/A,,,,4/A,4635,0,0,,xslF345X03/doc4a.xml,
0001225208-12-001706,2012-01-20,2012-01-03,2012-01-20T17:51:28.000Z,,4/A,,,,4/A,4635,0,0,,xslF345X03/doc4a.xml,
0001225208-12-001707,2012-01-20,2012-01-03,2012-01-20T17:51:32.000Z,,4/A,,,,4/A,4635,0,0,,xslF345X03/doc4a.xml,
0001225208-12-001708,2012-01-20,2012-01-03,2012-01-20T17:51:34.000Z,,4/A,,,,4/A,4635,0,0,,xslF345X03/doc4a.xml,
0001225208-12-001709,2012-01-20,2012-01-03,2012-01-20T17:51:37.000Z,,4/A,,,,4/A,4635,0,0,,xslF345X03/doc4a.xml,
0001225208-12-001710,2012-01-20,2012-01-03,2012-01-20T17:51:40.000Z,,4/A,,,,4/A,4635,0,0,,xslF345X03/doc4a.xml,
0001225208-12-001711,2012-01-20,2012-01-03,2012-01-20T17:51:44.000Z,,4/A,,,,4/A,4635,0,0,,xslF345X03/doc4a.xml,
0001225208-12-001712,2012-01-20,2012-01-03,2012-01-20T17:51:45.000Z,,4/A,,,,4/A,4635,0,0,,xslF345X03/doc4a.xml,
0001225208-12-001713,2012-01-20,2012-01-03,2012-01-20T17:51:48.000Z,,4/A,,,,4/A,4635,0,0,,xslF345X03/doc4a.xml,
0001225208-12-001714,2012-01-20,2012-01-03,2012-01-20T17:51:52.000Z,,4/A,,,,4/A,4635,0,0,,xslF345X03/doc4a.xml,
0001225208-12-001715,2012-01-20,2012-01-03,2012-01-20T17:51:54.000Z,,4/A,,,,4/A,4635,0,0,,xslF345X03/doc4a.xml,
0001225208-12-001716,2012-01-20,2012-01-03,2012-01-20T17:51:59.000Z,,4/A,,,,4/A,4635,0,0,,xslF345X03/doc4a.xml,
0001225208-12-001717,2012-01-20,2012-01-03,2012-01-20T17:52:01.000Z,,4/A,,,,4/A,4635,0,0,,xslF345X03/doc4a.xml,
0001225208-12-001718,2012-01-20,2012-01-03,2012-01-20T17:52:03.000Z,,4/A,,,,4/A,4635,0,0,,xslF345X03/doc4a.xml,
0001225208-12-001719,2012-01-20,2012-01-03,2012-01-20T17:52:06.000Z,,4/A,,,,4/A,4635,0,0,,xslF345X03/doc4a.xml,
0001422848-12-000011,2012-02-08,,2012-02-08T19:48:51.000Z,34,SC 13G/A,005-44133,12581440,,SC 13G/A,8752,0,0,,edgpeg.txt,SC 13G/A
0001519058-12-000060,2012-02-09,,2012-02-09T20:19:00.000Z,34,SC 13G,005-44133,12586720,,SC 13G,9175,0,0,,peg.txt,PUBLIC SERVICE ENTERPRISE GROUP ANNUAL
0001225208-12-004613,2012-02-17,2012-02-16,2012-02-17T18:17:19.000Z,,4,,,,4,8659,0,0,,xslF345X03/doc4.xml,
0001225208-12-004974,2012-02-22,2012-02-21,2012-02-22T19:54:32.000Z,,4,,,,4,4353,0,0,,xslF345X03/doc4.xml,
0001225208-12-004975,2012-02-22,2012-02-21,2012-02-22T19:54:34.000Z,,4,,,,4,5119,0,0,,xslF345X03/doc4.xml,
0001225208-12-004977,2012-02-22,2012-02-21,2012-02-22T19:54:40.000Z,,4,,,,4,4162,0,0,,xslF345X03/doc4.xml,
0001225208-12-004978,2012-02-22,2012-02-21,2012-02-22T19:54:44.000Z,,4,,,,4,5045,0,0,,xslF345X03/doc4.xml,
0001225208-12-004979,2012-02-22,2012-02-21,2012-02-22T19:54:46.000Z,,4,,,,4,4429,0,0,,xslF345X03/doc4.xml,
0001225208-12-004980,2012-02-22,2012-02-21,2012-02-22T19:54:48.000Z,,4,,,,4,4372,0,0,,xslF345X03/doc4.xml,
0001225208-12-004981,2012-02-22,2012-02-21,2012-02-22T19:54:51.000Z,,4,,,,4,4366,0,0,,xslF345X03/doc4.xml,
0001225208-12-005019,2012-02-22,2012-02-21,2012-02-22T20:54:41.000Z,,4,,,,4,5052,0,0,,xslF345X03/doc4.xml,
0001225208-12-005020,2012-02-22,2012-02-21,2012-02-22T20:54:44.000Z,,4,,,,4,4362,0,0,,xslF345X03/doc4.xml,
0001225208-12-005021,2012-02-22,2012-02-21,2012-02-22T20:54:47.000Z,,4,,,,4,4170,0,0,,xslF345X03/doc4.xml,
0001225208-12-005023,2012-02-22,2012-02-21,2012-02-22T20:54:53.000Z,,4,,,,4,4437,0,0,,xslF345X03/doc4.xml,
0001225208-12-005024,2012-02-22,2012-02-21,2012-02-22T20:54:57.000Z,,4,,,,4,4380,0,0,,xslF345X03/doc4.xml,
0001225208-12-005025,2012-02-22,2012-02-21,2012-02-22T20:54:59.000Z,,4,,,,4,4374,0,0,,xslF345X03/doc4.xml,
0001225208-12-005026,2012-02-22,2012-02-21,2012-02-22T20:55:01.000Z,,4,,,,4,5127,0,0,,xslF345X03/doc4.xml,
0001193125-12-075482,2012-02-23,2012-02-23,2012-02-23T21:51:58.000Z,34,8-K,001-09120,12634466,"2.02,7.01,9.01",8-K,2046989,0,0,,d305842d8k.htm,FORM 8-K
0001193125-12-081813,2012-02-27,2011-12-31,2012-02-27T21:50:41.000Z,34,10-K,001-09120,12642637,,10-K,56743777,1,0,,d257198d10k.htm,FORM 10-K
0001225208-12-006395,2012-03-02,2012-03-01,2012-03-02T19:59:02.000Z,,4,,,,4,26537,0,0,,xslF345X03/doc4.xml,
0001193125-12-096235,2012-03-05,2012-04-17,2012-03-05T18:12:36.000Z,34,DEF 14A,001-09120,12665654,,DEF 14A,2400700,0,0,,d289396ddef14a.htm,DEFINITIVE PROXY STATEMENT
0001193125-12-105413,2012-03-09,2012-03-09,2012-03-09T12:58:10.000Z,34,8-K,001-09120,12678958,"7.01,9.01",8-K,7841323,0,0,,d312780d8k.htm,FORM 8K
0001225208-12-008274,2012-03-26,2012-03-23,2012-03-26T20:30:17.000Z,,4,,,,4,5298,0,0,,xslF345X03/doc4.xml,
0001193125-12-147128,2012-04-03,2012-04-03,2012-04-03T11:59:53.000Z,34,8-K,001-09120,12735362,"7.01,9.01",8-K,373859,0,0,,d324897d8k.htm,FORM 8-K
0001193125-12-170891,2012-04-19,2012-04-17,2012-04-19T21:17:45.000Z,34,8-K,001-09120,12769056,5.07,8-K,40216,0,0,,d337504d8k.htm,FORM 8-K
0001225208-12-010331,2012-04-27,2012-04-26,2012-04-27T14:38:58.000Z,,4,,,,4,8659,0,0,,xslF345X03/doc4.xml,
0001225208-12-010416,2012-04-30,2012-04-27,2012-04-30T16:31:19.000Z,,4,,,,4,8658,0,0,,xslF345X03/doc4.xml,
0001225208-12-010733,2012-05-02,2012-05-01,2012-05-02T13:50:38.000Z,,4,,,,4,19659,0,0,,xslF345X03/doc4.xml,
0001193125-12-204495,2012-05-02,2012-05-02,2012-05-02T20:07:51.000Z,34,8-K,001-09120,12805376,"2.02,7.01,9.01",8-K,1461906,0,0,,d342440d8k.htm,FORM 8-K
0001193125-12-205116,2012-05-02,2012-03-31,2012-05-02T21:26:38.000Z,34,10-Q,001-09120,12806510,,10-Q,25320418,1,0,,d320289d10q.htm,FORM 10-Q
0001225208-12-011405,2012-05-07,2012-05-01,2012-05-07T20:31:56.000Z,,4,,,,4,5319,0,0,,xslF345X03/doc4.xml,
0001225208-12-011406,2012-05-07,2012-05-01,2012-05-07T20:31:57.000Z,,4,,,,4,5302,0,0,,xslF345X03/doc4.xml,
0001225208-12-011407,2012-05-07,2012-05-01,2012-05-07T20:31:58.000Z,,4,,,,4,5480,0,0,,xslF345X03/doc4.xml,
0001225208-12-011408,2012-05-07,2012-05-01,2012-05-07T20:32:01.000Z,,4,,,,4,5428,0,0,,xslF345X03/doc4.xml,
0001225208-12-011409,2012-05-07,2012-05-01,2012-05-07T20:32:03.000Z,,4,,,,4,5301,0,0,,xslF345X03/doc4.xml,
0001225208-12-011410,2012-05-07,2012-05-01,2012-05-07T20:32:07.000Z,,4,,,,4,5331,0,0,,xslF345X03/doc4.xml,
0001225208-12-011411,2012-05-07,2012-05-01,2012-05-07T20:32:08.000Z,,4,,,,4,5416,0,0,,xslF345X03/doc4.xml,
0001225208-12-011412,2012-05-07,2012-05-01,2012-05-07T20:32:14.000Z,,4,,,,4,5447,0,0,,xslF345X03/doc4.xml,
0001225208-12-011413,2012-05-07,2012-05-01,2012-05-07T20:32:15.000Z,,4,,,,4,5431,0,0,,xslF345X03/doc4.xml,
0001193125-12-216599,2012-05-08,2012-05-08,2012-05-08T11:02:25.000Z,34,8-K,001-09120,12819588,"7.01,9.01",8-K,684570,0,0,,d347512d8k.htm,FORM 8-K
0001193125-12-229717,2012-05-14,2012-05-14,2012-05-14T11:33:31.000Z,34,8-K,001-09120,12836543,"7.01,9.01",8-K,342706,0,0,,d351344d8k.htm,FORM 8-K
0001193125-12-241969,2012-05-21,2012-05-21,2012-05-21T21:15:34.000Z,34,8-K,001-09120,12859691,"7.01,9.01",8-K,62404,0,0,,d357021d8k.htm,FORM 8-K
0001193125-12-244636,2012-05-23,2012-05-23,2012-05-23T15:59:26.000Z,34,8-K,001-09120,12863541,"7.01,9.01",8-K,376863,0,0,,d354980d8k.htm,FORM 8-K
0001225208-12-013017,2012-05-23,2012-05-22,2012-05-23T18:18:54.000Z,,4,,,,4,4066,0,0,,xslF345X03/doc4.xml,
0001225208-12-013074,2012-05-23,2012-04-17,2012-05-23T20:27:20.000Z,,3,,,,3,2867,0,0,,xslF345X02/doc3.xml,
0001193125-12-252166,2012-05-30,2012-05-30,2012-05-30T11:32:54.000Z,34,8-K,001-09120,12875705,"7.01,9.01",8-K,552884,0,0,,d360563d8k.htm,FORM 8-K
0001225208-12-013573,2012-06-04,2012-06-01,2012-06-04T15:05:08.000Z,,4,,,,4,25162,0,0,,xslF345X03/doc4.xml,
0001193125-12-259361,2012-06-05,2012-06-05,2012-06-05T11:30:57.000Z,34,8-K,001-09120,12887728,"7.01,9.01",8-K,469440,0,0,,d359941d8k.htm,FORM 8-K
0001193125-12-265886,2012-06-11,2012-06-11,2012-06-11T12:00:32.000Z,34,8-K,001-09120,12899307,"7.01,9.01",8-K,368878,0,0,,d366165d8k.htm,FORM 8-K
0001193125-12-276551,2012-06-20,2012-06-19,2012-06-20T16:13:59.000Z,34,8-K,001-09120,12916839,"5.02,9.01",8-K,42304,0,0,,d369893d8k.htm,FORM 8-K
0001225208-12-014705,2012-06-20,2012-06-19,2012-06-20T19:50:09.000Z,,3,,,,3,2878,0,0,,xslF345X02/doc3.xml,
0001225208-12-014749,2012-06-21,2012-06-19,2012-06-21T16:58:08.000Z,,4,,,,4,5442,0,0,,xslF345X03/doc4.xml,
0001193125-12-287237,2012-06-28,2011-12-31,2012-06-28T16:55:23.000Z,34,11-K,001-09120,12931735,,11-K,211051,0,0,,d371803d11k.htm,FORM 11-K
0001193125-12-287256,2012-06-28,2011-12-31,2012-06-28T17:01:27.000Z,34,11-K,001-09120,12931757,,11-K,218088,0,0,,d373093d11k.htm,FORM 11-K
0001225208-12-015215,2012-07-02,2012-06-29,2012-07-02T20:32:11.000Z,,4,,,,4,5299,0,0,,xslF345X03/doc4.xml,
0001225208-12-015434,2012-07-03,2012-07-02,2012-07-03T16:35:40.000Z,,4,,,,4,36163,0,0,,xslF345X03/doc4.xml,
0001193125-12-295810,2012-07-06,2012-07-06,2012-07-06T15:00:50.000Z,34,8-K,001-09120,12949762,"7.01,9.01",8-K,368847,0,0,,d376935d8k.htm,FORM 8-K
0001225208-12-016008,2012-07-06,2012-07-02,2012-07-06T19:25:48.000Z,,4/A,,,,4/A,5520,0,0,,xslF345X03/doc4a.xml,
0001193125-12-325340,2012-07-31,2012-07-31,2012-07-31T17:41:39.000Z,34,8-K,001-09120,12996322,"2.02,7.01,9.01",8-K,1867300,0,0,,d388333d8k.htm,FORM 8-K
0001225208-12-017126,2012-08-02,2012-08-01,2012-08-02T16:05:58.000Z,,4,,,,4,23787,0,0,,xslF345X03/doc4.xml,
0001193125-12-332159,2012-08-02,2012-06-30,2012-08-02T21:05:04.000Z,34,10-Q,001-09120,121004234,,10-Q,29849872,1,0,,d361520d10q.htm,FORM 10-Q
0001193125-12-354064,2012-08-14,2012-08-14,2012-08-14T12:27:32.000Z,34,8-K,001-09120,121029592,"7.01,9.01",8-K,3504693,0,0,,d396787d8k.htm,FORM 8-K
0001193125-12-373861,2012-08-29,,2012-08-29T18:51:24.000Z,33,424B3,333-178143,121062832,,424B3,37201,0,0,,d404413d424b3.htm,PROSPECTUS SUPPLEMENT
0001225208-12-018940,2012-09-05,2012-09-04,2012-09-05T15:07:35.000Z,,4,,,,4,44413,0,0,,xslF345X03/doc4.xml,
0001193125-12-381931,2012-09-06,2012-09-06,2012-09-06T12:01:01.000Z,34,8-K,001-09120,121075572,"7.01,9.01",8-K,3477559,0,0,,d406864d8k.htm,FORM 8-K
0001193125-12-392140,2012-09-14,2012-09-14,2012-09-14T15:56:40.000Z,34,8-K,001-09120,121091795,5.02,8-K,14256,0,0,,d405865d8k.htm,FORM 8-K
0001193125-12-396067,2012-09-19,2012-09-19,2012-09-19T11:31:56.000Z,34,8-K,001-09120,121098734,"7.01,9.01",8-K,649654,0,0,,d413122d8k.htm,FORM 8-K
0001193125-12-396720,2012-09-19,2012-06-19,2012-09-19T19:29:25.000Z,34,8-K/A,001-09120,121099755,5.02,8-K/A,15056,0,0,,d413449d8ka.htm,FORM 8-K/A
0001193125-12-409236,2012-09-28,2012-09-28,2012-09-28T21:02:00.000Z,34,8-K,001-09120,121117439,"7.01,9.01",8-K,532347,0,0,,d418169d8k.htm,FORM 8-K
0001225208-12-020336,2012-10-01,2012-09-28,2012-10-01T20:18:14.000Z,,4,,,,4,5300,0,0,,xslF345X03/doc4.xml,
0001225208-12-020602,2012-10-02,2012-10-01,2012-10-02T19:55:59.000Z,,4,,,,4,37539,0,0,,xslF345X03/doc4.xml,
0001193125-12-446604,2012-11-01,2012-11-01,2012-11-01T20:23:00.000Z,34,8-K,001-09120,121173835,"2.02,7.01,9.01",8-K,1883529,0,0,,d432025d8k.htm,8-K
0001225208-12-022241,2012-11-02,2012-11-01,2012-11-02T18:52:46.000Z,,4,,,,4,22413,0,0,,xslF345X03/doc4.xml,
0000788784-12-000003,2012-11-02,2012-09-30,2012-11-02T18:56:25.000Z,34,10-Q,001-09120,121176491,,10-Q,58864646,1,0,,pseg-9302012xq3.htm,10-Q
0001193125-12-465428,2012-11-13,2012-11-11,2012-11-13T11:40:31.000Z,34,8-K,001-09120,121195494,"7.01,9.01",8-K,3417851,0,0,,d438102d8k.htm,FORM 8-K
0001225208-12-023335,2012-11-16,2012-11-15,2012-11-16T20:14:23.000Z,,4,,,,4,12465,0,0,,xslF345X03/doc4.xml,
0001193125-12-480437,2012-11-26,2012-11-20,2012-11-26T19:02:59.000Z,34,8-K,001-09120,121224038,"5.02,9.01",8-K,34899,0,0,,d443390d8k.htm,FORM 8-K
0001193125-12-490638,2012-12-04,2012-12-04,2012-12-04T21:32:39.000Z,34,8-K,001-09120,121241001,"7.01,9.01",8-K,65128,0,0,,d446774d8k.htm,FORM 8-K
0001225208-12-024443,2012-12-04,2012-12-03,2012-12-04T21:48:48.000Z,,4,,,,4,46217,0,0,,xslF345X03/doc4.xml,
0001225208-12-024444,2012-12-04,2012-12-03,2012-12-04T21:48:49.000Z,,4,,,,4,5303,0,0,,xslF345X03/doc4.xml,
0001225208-12-026046,2012-12-27,2012-12-24,2012-12-27T18:22:15.000Z,,4,,,,4,5300,0,0,,xslF345X03/doc4.xml,
0001225208-13-000780,2013-01-04,2013-01-02,2013-01-04T19:39:04.000Z,,4,,,,4,6397,0,0,,xslF345X03/doc4.xml,
0001225208-13-000781,2013-01-04,2013-01-02,2013-01-04T19:39:05.000Z,,4,,,,4,4277,0,0,,xslF345X03/doc4.xml,
0001225208-13-002804,2013-02-04,2013-01-02,2013-02-04T15:15:47.000Z,,4/A,,,,4/A,4355,0,0,,xslF345X03/doc4a.xml,
0001519058-13-000158,2013-02-12,,2013-02-12T18:12:43.000Z,34,SC 13G,005-44133,13595904,,SC 13G,9055,0,0,,peg.txt,
0001422848-13-000114,2013-02-13,,2013-02-13T20:08:19.000Z,34,SC 13G/A,005-44133,13602414,,SC 13G/A,8746,0,0,,edgpeg.txt,SC 13G/A
0001225208-13-004921,2013-02-21,2013-02-19,2013-02-21T19:19:08.000Z,,4,,,,4,5062,0,0,,xslF345X03/doc4.xml,
0001225208-13-004922,2013-02-21,2013-02-19,2013-02-21T19:19:11.000Z,,4,,,,4,4372,0,0,,xslF345X03/doc4.xml,
0001225208-13-004923,2013-02-21,2013-02-19,2013-02-21T19:19:12.000Z,,4,,,,4,4242,0,0,,xslF345X03/doc4.xml,
0001225208-13-004924,2013-02-21,2013-02-19,2013-02-21T19:19:15.000Z,,4,,,,4,4447,0,0,,xslF345X03/doc4.xml,
0001225208-13-004925,2013-02-21,2013-02-19,2013-02-21T19:19:16.000Z,,4,,,,4,4390,0,0,,xslF345X03/doc4.xml,
0001225208-13-004926,2013-02-21,2013-02-19,2013-02-21T19:19:23.000Z,,4,,,,4,4384,0,0,,xslF345X03/doc4.xml,
0001225208-13-004927,2013-02-21,2013-02-19,2013-02-21T19:19:24.000Z,,4,,,,4,5137,0,0,,xslF345X03/doc4.xml,
0001193125-13-069050,2013-02-21,2013-02-21,2013-02-21T19:35:14.000Z,34,8-K,001-09120,13629904,"2.02,7.01,9.01",8-K,1890451,0,0,,d490262d8k.htm,FORM 8-K
0000788784-13-000003,2013-02-26,2012-12-31,2013-02-26T02:47:38.000Z,34,10-K,001-09120,13640895,,10-K,116016480,1,0,,pseg201210k.htm,10-K
0001225208-13-005735,2013-02-27,2013-02-25,2013-02-27T21:19:40.000Z,,4,,,,4,5389,0,0,,xslF345X03/doc4.xml,
0001225208-13-005736,2013-02-27,2013-02-25,2013-02-27T21:19:42.000Z,,4,,,,4,4494,0,0,,xslF345X03/doc4.xml,
0001225208-13-005737,2013-02-27,2013-02-25,2013-02-27T21:19:44.000Z,,4,,,,4,4642,0,0,,xslF345X03/doc4.xml,
0001193125-13-085952,2013-03-01,2013-03-01,2013-03-01T12:48:03.000Z,34,8-K,001-09120,13654704,"7.01,9.01",8-K,9401621,0,0,,d493977d8k.htm,FORM 8-K
0001193125-13-091171,2013-03-05,2013-03-05,2013-03-05T17:25:54.000Z,34,8-K,001-09120,13664656,"7.01,9.01",8-K,442421,0,0,,d495947d8k.htm,FORM 8-K
0001193125-13-097058,2013-03-08,2013-03-08,2013-03-08T12:01:56.000Z,34,8-K,001-09120,13675333,"7.01,9.01",8-K,303149,0,0,,d498784d8k.htm,FORM 8-K
0001193125-13-097310,2013-03-08,2013-04-16,2013-03-08T13:31:36.000Z,34,DEF 14A,001-09120,13675407,,DEF 14A,2351728,0,0,,d462254ddef14a.htm,DEFINITIVE PROXY STATEMENT
0001193125-13-104151,2013-03-13,2013-03-13,2013-03-13T10:12:37.000Z,34,8-K,001-09120,13685948,"7.01,9.01",8-K,303618,0,0,,d501353d8k.htm,FORM 8-K
0001193125-13-108599,2013-03-15,2013-03-15,2013-03-15T10:15:33.000Z,34,8-K,001-09120,13692080,"7.01,9.01",8-K,303628,0,0,,d501148d8k.htm,FORM 8-K
0001193125-13-125369,2013-03-26,2013-03-26,2013-03-26T10:14:04.000Z,34,8-K,001-09120,13715422,"7.01,9.01",8-K,303025,0,0,,d508739d8k.htm,FORM 8-K
0001193125-13-130507,2013-03-28,2013-03-28,2013-03-28T10:16:56.000Z,34,8-K,001-09120,13721560,"7.01,9.01",8-K,303385,0,0,,d509919d8k.htm,FORM 8-K
0001193125-13-139398,2013-04-03,2013-04-03,2013-04-03T10:23:00.000Z,34,8-K,001-09120,13737737,"7.01,9.01",8-K,307280,0,0,,d515593d8k.htm,FORM 8-K
0001225208-13-009610,2013-04-04,2013-03-25,2013-04-04T15:04:43.000Z,,4,,,,4,5299,0,0,,xslF345X03/doc4.xml,
0001225208-13-009611,2013-04-04,2013-03-25,2013-04-04T15:04:51.000Z,,4,,,,4,5329,0,0,,xslF345X03/doc4.xml,
0001193125-13-161232,2013-04-19,2013-04-16,2013-04-18T23:09:59.000Z,34,8-K,001-09120,13770150,5.07,8-K,37633,0,0,,d523679d8k.htm,FORM 8-K
0001193125-13-185381,2013-04-30,2013-04-30,2013-04-30T15:43:58.000Z,34,8-K,001-09120,13795387,"2.02,7.01,9.01",8-K,1441921,0,0,,d531425d8k.htm,FORM 8-K
0000788784-13-000007,2013-05-01,2013-03-31,2013-04-30T22:07:26.000Z,34,10-Q,001-09120,13799576,,10-Q,52130231,1,0,,pseg-3312013xq1.htm,10-Q
0001225208-13-011029,2013-05-02,2013-05-01,2013-05-02T20:43:18.000Z,,4,,,,4,33167,0,0,,xslF345X03/doc4.xml,
0001225208-13-011233,2013-05-03,2013-05-01,2013-05-03T18:50:01.000Z,,4,,,,4,5319,0,0,,xslF345X03/doc4.xml,
0001225208-13-011234,2013-05-03,2013-05-01,2013-05-03T18:50:03.000Z,,4,,,,4,5428,0,0,,xslF345X03/doc4.xml,
0001225208-13-011235,2013-05-03,2013-05-01,2013-05-03T18:50:07.000Z,,4,,,,4,5265,0,0,,xslF345X03/doc4.xml,
0001225208-13-011236,2013-05-03,2013-05-01,2013-05-03T18:50:07.000Z,,4,,,,4,5331,0,0,,xslF345X03/doc4.xml,
0001225208-13-011237,2013-05-03,2013-05-01,2013-05-03T18:50:09.000Z,,4,,,,4,5448,0,0,,xslF345X03/doc4.xml,
0001225208-13-011238,2013-05-03,2013-05-01,2013-05-03T18:50:11.000Z,,4,,,,4,5416,0,0,,xslF345X03/doc4.xml,
0001225208-13-011239,2013-05-03,2013-05-01,2013-05-03T18:50:13.000Z,,4,,,,4,5431,0,0,,xslF345X03/doc4.xml,
0001225208-13-011240,2013-05-03,2013-05-01,2013-05-03T18:50:15.000Z,,4,,,,4,5442,0,0,,xslF345X03/doc4.xml,
0001225208-13-011241,2013-05-03,2013-05-01,2013-05-03T18:50:18.000Z,,4,,,,4,5481,0,0,,xslF345X03/doc4.xml,
0001193125-13-198908,2013-05-03,2013-05-03,2013-05-03T19:17:17.000Z,34,8-K,001-09120,13812319,"7.01,9.01",8-K,643259,0,0,,d531635d8k.htm,8-K
0001193125-13-215380,2013-05-13,2013-05-13,2013-05-13T10:50:10.000Z,34,8-K,001-09120,13835311,"7.01,9.01",8-K,461280,0,0,,d535518d8k.htm,FORM 8-K
0001193125-13-223297,2013-05-16,2013-05-16,2013-05-16T10:10:41.000Z,34,8-K,001-09120,13849410,"7.01,9.01",8-K,541060,0,0,,d537436d8k.htm,FORM 8-K
0001193125-13-228820,2013-05-21,2013-05-21,2013-05-21T12:01:33.000Z,34,8-K,001-09120,13860147,"7.01,9.01",8-K,461645,0,0,,d541284d8k.htm,FORM 8-K
0001193125-13-247920,2013-06-05,2013-06-05,2013-06-05T13:30:53.000Z,34,8-K,001-09120,13893236,"7.01,9.01",8-K,360309,0,0,,d550057d8k.htm,FORM 8-K
0001193125-13-255424,2013-06-12,2013-06-12,2013-06-12T11:48:09.000Z,34,8-K,001-09120,13907894,"7.01,9.01",8-K,683932,0,0,,d551923d8k.htm,FORM 8-K
0001225208-13-014897,2013-06-27,2013-06-25,2013-06-27T17:49:15.000Z,,4,,,,4,5299,0,0,,xslF345X03/doc4.xml,
0001225208-13-014898,2013-06-27,2013-06-25,2013-06-27T17:49:16.000Z,,4,,,,4,5329,0,0,,xslF345X03/doc4.xml,
0001193125-13-274868,2013-06-27,2012-12-31,2013-06-27T20:33:56.000Z,34,11-K,001-09120,13937826,,11-K,206760,0,0,,d560120d11k.htm,FORM 11-K
0001193125-13-274870,2013-06-27,2012-12-31,2013-06-27T20:34:16.000Z,34,11-K,001-09120,13937831,,11-K,201745,0,0,,d560124d11k.htm,FORM 11-K
0001193125-13-296556,2013-07-22,2013-07-22,2013-07-22T12:00:34.000Z,34,8-K,001-09120,13978306,"7.01,9.01",8-K,880949,0,0,,d570806d8k.htm,FORM 8-K
0001193125-13-309090,2013-07-30,2013-07-30,2013-07-30T15:10:00.000Z,34,8-K,001-09120,13994525,"2.02,7.01,9.01",8-K,2055021,0,0,,d574462d8k.htm,FORM 8-K
0000788784-13-000010,2013-07-30,2013-06-30,2013-07-30T21:32:04.000Z,34,10-Q,001-09120,13996899,,10-Q,91760224,1,0,,pseg-6302013xq2.htm,10-Q
0001225208-13-017274,2013-08-05,2013-08-01,2013-08-05T19:08:35.000Z,,4,,,,4,20080,0,0,,xslF345X03/doc4.xml,
0001193125-13-325370,2013-08-08,2013-08-08,2013-08-08T10:14:09.000Z,34,8-K,001-09120,131019832,"7.01,9.01",8-K,6469045,0,0,,d581046d8k.htm,FORM 8-K
0001193125-13-364730,2013-09-12,2013-09-12,2013-09-12T11:30:54.000Z,34,8-K,001-09120,131092256,"7.01,9.01",8-K,1035709,0,0,,d595674d8k.htm,FORM 8-K
0001193125-13-375352,2013-09-24,2013-09-24,2013-09-24T11:30:00.000Z,34,8-K,001-09120,131111093,"7.01,9.01",8-K,506468,0,0,,d598949d8k.htm,FORM 8-K
0001193125-13-379157,2013-09-26,2013-09-26,2013-09-26T11:30:33.000Z,34,8-K,001-09120,131115649,7.01,8-K,29294,0,0,,d603572d8k.htm,FORM 8-K
0001225208-13-020579,2013-09-27,2013-09-26,2013-09-27T19:39:23.000Z,,4,,,,4,5300,0,0,,xslF345X03/doc4.xml,
0001225208-13-020580,2013-09-27,2013-09-26,2013-09-27T19:39:25.000Z,,4,,,,4,5330,0,0,,xslF345X03/doc4.xml,
0001193125-13-394276,2013-10-08,2013-10-08,2013-10-08T21:02:23.000Z,34,8-K,001-09120,131141867,"7.01,9.01",8-K,484730,0,0,,d608096d8k.htm,FORM 8-K
0001193125-13-405350,2013-10-21,2013-10-18,2013-10-21T20:40:00.000Z,34,8-K,001-09120,131161743,5.02,8-K,13586,0,0,,d615285d8k.htm,FORM 8-K
0001193125-13-417503,2013-10-30,2013-10-30,2013-10-30T14:51:01.000Z,34,8-K,001-09120,131178137,"2.02,7.01,9.01",8-K,1844950,0,0,,d619130d8k.htm,FORM 8-K
0000788784-13-000013,2013-10-31,2013-09-30,2013-10-30T22:34:23.000Z,34,10-Q,001-09120,131180383,,10-Q,67871050,1,0,,pseg-9302013xq3.htm,10-Q
0001225208-13-022497,2013-10-31,2013-10-31,2013-10-31T16:18:59.000Z,,4,,,,4,4129,0,0,,xslF345X03/doc4.xml,
0001193125-13-429637,2013-11-06,2013-11-06,2013-11-06T18:08:09.000Z,34,8-K,001-09120,131195604,"7.01,9.01",8-K,6065148,0,0,,d623737d8k.htm,FORM 8-K
0001193125-13-435492,2013-11-08,2013-11-08,2013-11-08T22:16:34.000Z,34,8-K,001-09120,131205732,"7.01,9.01",8-K,864182,0,0,,d624514d8k.htm,FORM 8-K
0001193125-13-447579,2013-11-20,2013-11-20,2013-11-20T11:06:03.000Z,34,8-K,001-09120,131231619,"7.01,9.01",8-K,828435,0,0,,d631648d8k.htm,FORM 8-K
0001225208-13-024172,2013-11-25,2013-11-22,2013-11-25T15:48:39.000Z,,4,,,,4,4100,0,0,,xslF345X03/doc4.xml,
0001225208-13-025823,2013-12-20,2013-12-18,2013-12-20T18:56:38.000Z,,4,,,,4,5300,0,0,,xslF345X03/doc4.xml,
0001225208-13-025824,2013-12-20,2013-12-18,2013-12-20T18:56:40.000Z,,4,,,,4,5330,0,0,,xslF345X03/doc4.xml,
0001193125-13-487714,2013-12-30,,2013-12-30T20:10:21.000Z,33,S-8,333-193126,131302792,,S-8,190334,0,0,,d648085ds8.htm,FORM S-8
0001193125-13-487719,2013-12-30,,2013-12-30T20:11:43.000Z,33,S-8,333-193127,131302796,,S-8,184986,0,0,,d648159ds8.htm,FORM S-8
0001225208-14-000828,2014-01-06,2014-01-02,2014-01-06T16:43:55.000Z,,4,,,,4,4258,0,0,,xslF345X03/doc4.xml,
0001225208-14-000829,2014-01-06,2014-01-02,2014-01-06T16:43:56.000Z,,4,,,,4,6398,0,0,,xslF345X03/doc4.xml,
0001225208-14-000830,2014-01-06,2014-01-02,2014-01-06T16:43:58.000Z,,4,,,,4,4128,0,0,,xslF345X03/doc4.xml,
0001225208-14-000831,2014-01-06,2014-01-02,2014-01-06T16:44:00.000Z,,4,,,,4,4949,0,0,,xslF345X03/doc4.xml,
0001225208-14-000832,2014-01-06,2014-01-02,2014-01-06T16:44:01.000Z,,4,,,,4,4333,0,0,,xslF345X03/doc4.xml,
0001225208-14-000833,2014-01-06,2014-01-02,2014-01-06T16:44:03.000Z,,4,,,,4,4276,0,0,,xslF345X03/doc4.xml,
0001086364-14-001422,2014-01-30,,2014-01-30T16:24:28.000Z,34,SC 13G/A,005-44133,14559453,,SC 13G/A,13599,0,0,,public.service.enterprise.gr.txt,
0000932471-14-004296,2014-02-12,,2014-02-12T17:24:04.000Z,34,SC 13G,005-44133,14598357,,SC 13G,52052,0,0,,publicserviceenterprisegrp.htm,
0001193125-14-060073,2014-02-20,2014-02-20,2014-02-20T16:22:04.000Z,34,8-K,001-09120,14628255,"2.02,7.01,9.01",8-K,1852690,0,0,,d678850d8k.htm,FORM 8-K
0001225208-14-005333,2014-02-20,2014-02-19,2014-02-20T20:48:22.000Z,,4,,,,4,4242,0,0,,xslF345X03/doc4.xml,
0001225208-14-005334,2014-02-20,2014-02-19,2014-02-20T20:48:24.000Z,,4,,,,4,4390,0,0,,xslF345X03/doc4.xml,
0001225208-14-005335,2014-02-20,2014-02-19,2014-02-20T20:48:25.000Z,,4,,,,4,5137,0,0,,xslF345X03/doc4.xml,
0001225208-14-005336,2014-02-20,2014-02-19,2014-02-20T20:48:27.000Z,,4,,,,4,4371,0,0,,xslF345X03/doc4.xml,
0001225208-14-005339,2014-02-20,2014-02-19,2014-02-20T20:54:42.000Z,,4,,,,4,5120,0,0,,xslF345X03/doc4.xml,
0001225208-14-005340,2014-02-20,2014-02-19,2014-02-20T20:54:43.000Z,,4,,,,4,4225,0,0,,xslF345X03/doc4.xml,
0001225208-14-005341,2014-02-20,2014-02-19,2014-02-20T20:54:45.000Z,,4,,,,4,4373,0,0,,xslF345X03/doc4.xml,
0001193125-14-062331,2014-02-21,2014-02-18,2014-02-21T17:53:33.000Z,34,8-K,001-09120,14632619,"5.02,9.01",8-K,35831,0,0,,d680299d8k.htm,FORM 8-K
0001193125-14-062880,2014-02-21,2014-04-15,2014-02-21T21:43:38.000Z,34,PRE 14A,001-09120,14634181,,PRE 14A,3606419,0,0,,d679711dpre14a.htm,PRELIMINARY PROXY STATEMENT
0001225208-14-005756,2014-02-24,2014-02-21,2014-02-24T21:07:52.000Z,,4,,,,4,44201,0,0,,xslF345X03/doc4.xml,
0001225208-14-005757,2014-02-24,2014-02-21,2014-02-24T21:07:54.000Z,,4,,,,4,44210,0,0,,xslF345X03/doc4.xml,
0001225208-14-005758,2014-02-24,2014-02-21,2014-02-24T21:07:55.000Z,,4,,,,4,5700,0,0,,xslF345X03/doc4.xml,
0000788784-14-000004,2014-02-26,2013-12-31,2014-02-26T22:26:36.000Z,34,10-K,001-09120,14645881,,10-K,119811113,1,0,,pseg201310k.htm,10-K
0001193125-14-088608,2014-03-07,2014-03-07,2014-03-07T18:40:00.000Z,34,8-K,001-09120,14676317,"7.01,9.01",8-K,7010227,0,0,,d688773d8k.htm,FORM 8-K
0001193125-14-090909,2014-03-10,2014-04-15,2014-03-10T16:52:29.000Z,34,DEF 14A,001-09120,14679872,,DEF 14A,3673165,0,0,,d679711ddef14a.htm,DEFINITIVE PROXY STATEMENT
0001193125-14-093878,2014-03-11,2014-03-11,2014-03-11T20:56:30.000Z,34,8-K,001-09120,14684874,"7.01,9.01",8-K,709981,0,0,,d691072d8k.htm,FORM 8-K
0001225208-14-008759,2014-03-24,2014-03-21,2014-03-24T19:56:00.000Z,,4,,,,4,5299,0,0,,xslF345X03/doc4.xml,
0001225208-14-008760,2014-03-24,2014-03-21,2014-03-24T19:56:02.000Z,,4,,,,4,5329,0,0,,xslF345X03/doc4.xml,
0001193125-14-117457,2014-03-27,2014-03-27,2014-03-27T11:10:25.000Z,34,8-K,001-09120,14720092,"7.01,9.01",8-K,449135,0,0,,d697073d8k.htm,FORM 8-K
0001193125-14-127166,2014-04-02,2014-04-02,2014-04-02T13:00:54.000Z,34,8-K,001-09120,14736247,"7.01,9.01",8-K,519074,0,0,,d701835d8k.htm,FORM 8-K
0001193125-14-128103,2014-04-02,2014-03-31,2014-04-02T20:31:23.000Z,34,8-K,001-09120,14738515,"5.02,9.01",8-K,41375,0,0,,d704257d8k.htm,FORM 8-K
0001225208-14-010469,2014-04-10,2014-04-09,2014-04-10T19:20:10.000Z,,4,,,,4,4128,0,0,,xslF345X03/doc4.xml,
0001193125-14-147734,2014-04-17,2014-04-15,2014-04-17T20:31:32.000Z,34,8-K,001-09120,14770417,5.07,8-K,43012,0,0,,d712357d8k.htm,FORM 8-K
0001193125-14-151731,2014-04-22,2014-04-22,2014-04-22T12:00:34.000Z,34,8-K,001-09120,14775265,"7.01,9.01",8-K,388830,0,0,,d713426d8k.htm,FORM 8-K
0001193125-14-175203,2014-05-01,2014-05-01,2014-05-01T14:26:55.000Z,34,8-K,001-09120,14802538,"2.02,7.01,9.01",8-K,1226497,0,0,,d720369d8k.htm,FORM 8-K
0000788784-14-000007,2014-05-02,2014-03-31,2014-05-01T23:13:49.000Z,34,10-Q,001-09120,14806518,,10-Q,56743119,1,0,,pseg-3312014xq1.htm,10-Q
0001225208-14-011980,2014-05-05,2014-05-01,2014-05-05T15:39:51.000Z,,4,,,,4,5320,0,0,,xslF345X03/doc4.xml,
0001225208-14-011981,2014-05-05,2014-05-01,2014-05-05T15:39:52.000Z,,4,,,,4,5481,0,0,,xslF345X03/doc4.xml,
0001225208-14-011982,2014-05-05,2014-05-01,2014-05-05T15:39:54.000Z,,4,,,,4,5431,0,0,,xslF345X03/doc4.xml,
0001225208-14-011983,2014-05-05,2014-05-01,2014-05-05T15:39:56.000Z,,4,,,,4,5301,0,0,,xslF345X03/doc4.xml,
0001225208-14-011984,2014-05-05,2014-05-01,2014-05-05T15:39:57.000Z,,4,,,,4,5417,0,0,,xslF345X03/doc4.xml,
0001225208-14-011985,2014-05-05,2014-05-01,2014-05-05T15:39:59.000Z,,4,,,,4,5448,0,0,,xslF345X03/doc4.xml,
0001225208-14-011986,2014-05-05,2014-05-01,2014-05-05T15:40:01.000Z,,4,,,,4,5442,0,0,,xslF345X03/doc4.xml,
0001225208-14-011987,2014-05-05,2014-05-01,2014-05-05T15:40:02.000Z,,4,,,,4,5431,0,0,,xslF345X03/doc4.xml,
0001225208-14-011988,2014-05-05,2014-05-01,2014-05-05T15:40:04.000Z,,4,,,,4,5331,0,0,,xslF345X03/doc4.xml,
0001193125-14-193530,2014-05-12,2014-05-12,2014-05-12T11:00:59.000Z,34,8-K,001-09120,14831154,"7.01,9.01",8-K,6167808,0,0,,d725272d8k.htm,FORM 8-K
0001193125-14-198046,2014-05-14,2014-05-14,2014-05-14T11:31:30.000Z,34,8-K,001-09120,14839203,"7.01,9.01",8-K,395879,0,0,,d727992d8k.htm,FORM 8-K
0001193125-14-203793,2014-05-19,2014-05-19,2014-05-19T11:30:01.000Z,34,8-K,001-09120,14853231,"7.01,9.01",8-K,452403,0,0,,d728189d8k.htm,FORM 8-K
0001193125-14-218530,2014-05-30,2014-05-30,2014-05-30T13:00:52.000Z,34,8-K,001-09120,14877858,"7.01,9.01",8-K,118733,0,0,,d735978d8k.htm,FORM 8-K
0001193125-14-241786,2014-06-19,2014-06-19,2014-06-19T12:02:00.000Z,34,8-K,001-09120,14929447,"7.01,9.01",8-K,747253,0,0,,d745283d8k.htm,FORM 8-K
0001193125-14-248072,2014-06-25,2014-06-25,2014-06-25T12:00:54.000Z,34,8-K,001-09120,14938718,"7.01,9.01",8-K,362120,0,0,,d746337d8k.htm,FORM 8-K
0001225208-14-015611,2014-06-26,2014-06-24,2014-06-26T20:04:18.000Z,,4,,,,4,5299,0,0,,xslF345X03/doc4.xml,
0001225208-14-015612,2014-06-26,2014-06-24,2014-06-26T20:04:20.000Z,,4,,,,4,5329,0,0,,xslF345X03/doc4.xml,
0001193125-14-255847,2014-06-30,2013-12-31,2014-06-30T20:35:02.000Z,34,11-K,001-09120,14949458,,11-K,163390,0,0,,d751046d11k.htm,FORM 11-K
0001193125-14-255853,2014-06-30,2013-12-31,2014-06-30T20:37:00.000Z,34,11-K,001-09120,14949487,,11-K,158635,0,0,,d751047d11k.htm,FORM 11-K
0001193125-14-263880,2014-07-09,2014-07-09,2014-07-09T16:01:02.000Z,34,8-K,001-09120,14966770,"7.01,9.01",8-K,757817,0,0,,d753423d8k.htm,FORM 8-K
0001225208-14-016894,2014-07-11,2014-07-02,2014-07-11T19:41:42.000Z,,3,,,,3,10681,0,0,,xslF345X02/doc3.xml,
0001225208-14-017094,2014-07-16,2014-07-14,2014-07-16T18:36:15.000Z,,4,,,,4,5137,0,0,,xslF345X03/doc4.xml,
0001193125-14-271199,2014-07-17,2014-07-16,2014-07-17T14:39:30.000Z,34,8-K,001-09120,14979514,5.02,8-K,27443,0,0,,d758480d8k.htm,FORM 8-K
0001193125-14-285966,2014-07-30,2014-07-30,2014-07-30T14:15:55.000Z,34,8-K,001-09120,141001562,"2.02,7.01,9.01",8-K,1666643,0,0,,d765207d8k.htm,FORM 8-K
0000788784-14-000010,2014-08-01,2014-06-30,2014-08-01T19:50:17.000Z,34,10-Q,001-09120,141010040,,10-Q,71285484,1,0,,pseg-6302014xq2.htm,10-Q
0001193125-14-294758,2014-08-05,2014-08-05,2014-08-05T13:16:55.000Z,34,8-K,001-09120,141014788,"7.01,9.01",8-K,1466419,0,0,,d753031d8k.htm,FORM 8-K
0001225208-14-018130,2014-08-07,2014-08-04,2014-08-07T15:21:22.000Z,,3,,,,3,8027,0,0,,xslF345X02/doc3.xml,
0001193125-14-305783,2014-08-12,2014-08-12,2014-08-12T12:30:55.000Z,34,8-K,001-09120,141032481,"7.01,9.01",8-K,459517,0,0,,d770191d8k.htm,FORM 8-K
0001193125-14-329745,2014-09-03,2014-09-03,2014-09-03T12:01:54.000Z,34,8-K,001-09120,141078986,"7.01,9.01",8-K,1073012,0,0,,d781617d8k.htm,FORM 8-K
0000000000-14-046184,2014-09-15,,2014-09-15T19:32:43.000Z,,UPLOAD,,,,LETTER,160526,0,0,,filename1.pdf,
0001193125-14-343851,2014-09-17,2014-09-17,2014-09-17T13:24:08.000Z,34,8-K,001-09120,141106901,"7.01,9.01",8-K,406379,0,0,,d786240d8k.htm,FORM 8-K
0001225208-14-020364,2014-09-23,2014-09-22,2014-09-23T20:37:08.000Z,,4,,,,4,5300,0,0,,xslF345X03/doc4.xml,
0001225208-14-020365,2014-09-23,2014-09-22,2014-09-23T20:37:10.000Z,,4,,,,4,5330,0,0,,xslF345X03/doc4.xml,
0001193125-14-353113,2014-09-25,,2014-09-25T20:08:42.000Z,,CORRESP,,,,CORRESP,11525,0,0,,filename1.htm,
0001193125-14-363990,2014-10-06,2014-10-06,2014-10-06T11:30:54.000Z,34,8-K,001-09120,141141739,"7.01,9.01",8-K,472897,0,0,,d795896d8k.htm,FORM 8-K
0001193125-14-367814,2014-10-09,,2014-10-09T19:49:35.000Z,,CORRESP,,,,CORRESP,40250,0,0,,filename1.htm,
0000000000-14-051681,2014-10-16,,2014-10-16T18:19:30.000Z,,UPLOAD,,,,LETTER,37740,0,0,,filename1.pdf,
0001193125-14-388948,2014-10-30,2014-10-30,2014-10-30T16:48:02.000Z,34,8-K,001-09120,141182451,"2.02,7.01,9.01",8-K,1855851,0,0,,d811037d8k.htm,FORM 8-K
0000788784-14-000013,2014-10-30,2014-09-30,2014-10-30T21:28:28.000Z,34,10-Q,001-09120,141184146,,10-Q,80998262,1,0,,pseg-9302014xq3.htm,10-Q
0001225208-14-023059,2014-11-12,2014-11-10,2014-11-12T11:00:57.000Z,,4,,,,4,55381,0,0,,xslF345X03/doc4.xml,
0001193125-14-407412,2014-11-12,2014-11-11,2014-11-12T11:07:55.000Z,34,8-K,001-09120,141210771,"7.01,9.01",8-K,1359097,0,0,,d819319d8k.htm,FORM 8-K
0000891092-14-008668,2014-11-18,,2014-11-18T22:21:28.000Z,33,S-3ASR,333-200352,141232785,,S-3ASR,753733,0,0,,e61450s3asr.htm,FORM S-3ASR
0000891092-14-008677,2014-11-19,,2014-11-18T22:55:32.000Z,33,424B2,333-200352,141233021,,424B2,138748,0,0,,e61537_424b2.htm,PROSPECTUS
0001193125-14-434152,2014-12-05,2014-12-05,2014-12-05T13:00:54.000Z,34,8-K,001-09120,141267810,"7.01,9.01",8-K,400873,0,0,,d829385d8k.htm,FORM 8-K
0001225208-14-025240,2014-12-16,2014-12-12,2014-12-16T21:16:18.000Z,,4,,,,4,4276,0,0,,xslF345X03/doc4.xml,
0001225208-14-025572,2014-12-22,2014-12-19,2014-12-22T21:00:41.000Z,,4,,,,4,5300,0,0,,xslF345X03/doc4.xml,
0001225208-14-025573,2014-12-22,2014-12-19,2014-12-22T21:00:43.000Z,,4,,,,4,5330,0,0,,xslF345X03/doc4.xml,
0001225208-15-000825,2015-01-06,2015-01-02,2015-01-06T21:57:49.000Z,,4,,,,4,4128,0,0,,xslF345X03/doc4.xml,
0001225208-15-000826,2015-01-06,2015-01-02,2015-01-06T21:57:51.000Z,,4,,,,4,4333,0,0,,xslF345X03/doc4.xml,
0001225208-15-000827,2015-01-06,2015-01-02,2015-01-06T21:57:53.000Z,,4,,,,4,4275,0,0,,xslF345X03/doc4.xml,
0001225208-15-000828,2015-01-06,2015-01-02,2015-01-06T21:57:54.000Z,,4,,,,4,4223,0,0,,xslF345X03/doc4.xml,
0001225208-15-000829,2015-01-06,2015-01-02,2015-01-06T21:57:56.000Z,,4,,,,4,5024,0,0,,xslF345X03/doc4.xml,
0001225208-15-000830,2015-01-06,2015-01-02,2015-01-06T21:57:57.000Z,,4,,,,4,4245,0,0,,xslF345X03/doc4.xml,
0001193125-15-004737,2015-01-08,2015-01-08,2015-01-08T17:01:36.000Z,34,8-K,001-09120,15515511,"7.01,9.01",8-K,6143876,0,0,,d845688d8k.htm,FORM 8-K
0001193125-15-015517,2015-01-21,2015-01-21,2015-01-21T13:00:53.000Z,34,8-K,001-09120,15537467,"7.01,9.01",8-K,654683,0,0,,d854764d8k.htm,8-K
0000215457-15-000272,2015-02-09,,2015-02-06T22:52:56.000Z,34,SC 13G/A,005-44133,15586094,,SC 13G/A,13591,0,0,,public.service.ent.txt,
0000932471-15-003843,2015-02-10,,2015-02-10T16:48:02.000Z,34,SC 13G/A,005-44133,15591554,,SC 13G/A,39865,0,0,,publicserviceenterprisegrp.htm,
0001519058-15-000184,2015-02-12,,2015-02-12T21:17:26.000Z,34,SC 13G,005-44133,15606420,,SC 13G,9177,0,0,,peg.txt,PEG
0001225208-15-004670,2015-02-19,2015-02-17,2015-02-19T19:55:17.000Z,,4,,,,4,4319,0,0,,xslF345X03/doc4.xml,
0001225208-15-004671,2015-02-19,2015-02-17,2015-02-19T19:55:19.000Z,,4,,,,4,4225,0,0,,xslF345X03/doc4.xml,
0001225208-15-004672,2015-02-19,2015-02-17,2015-02-19T19:55:20.000Z,,4,,,,4,4372,0,0,,xslF345X03/doc4.xml,
0001225208-15-004673,2015-02-19,2015-02-17,2015-02-19T19:55:22.000Z,,4,,,,4,4341,0,0,,xslF345X03/doc4.xml,
0001225208-15-004674,2015-02-19,2015-02-17,2015-02-19T19:55:24.000Z,,4,,,,4,5120,0,0,,xslF345X03/doc4.xml,
0001225208-15-004675,2015-02-19,2015-02-17,2015-02-19T19:55:26.000Z,,4,,,,4,4430,0,0,,xslF345X03/doc4.xml,
0001225208-15-004819,2015-02-19,2015-02-17,2015-02-19T23:22:24.000Z,,4,,,,4,4358,0,0,,xslF345X03/doc4.xml,
0001225208-15-004820,2015-02-19,2015-02-17,2015-02-19T23:22:25.000Z,,4,,,,4,4243,0,0,,xslF345X03/doc4.xml,
0001225208-15-004821,2015-02-19,2015-02-19,2015-02-19T23:22:27.000Z,,4,,,,4,4447,0,0,,xslF345X03/doc4.xml,
0001225208-15-004822,2015-02-19,2015-02-19,2015-02-19T23:22:29.000Z,,4,,,,4,4389,0,0,,xslF345X03/doc4.xml,
0001225208-15-004823,2015-02-19,2015-02-19,2015-02-19T23:22:31.000Z,,4,,,,4,5137,0,0,,xslF345X03/doc4.xml,
0001225208-15-004824,2015-02-19,2001-01-01,2015-02-19T23:22:32.000Z,,4,,,,4,4336,0,0,,xslF345X03/doc4.xml,
0001193125-15-055412,2015-02-20,2015-02-20,2015-02-20T16:29:02.000Z,34,8-K,001-09120,15634395,"2.02,7.01,9.01",8-K,1681834,0,0,,d875794d8k.htm,FORM 8-K
0001225208-15-005728,2015-02-25,2015-02-24,2015-02-25T21:07:23.000Z,,4,,,,4,33181,0,0,,xslF345X03/doc4.xml,
0000788784-15-000002,2015-02-26,2014-12-31,2015-02-25T23:45:07.000Z,34,10-K,001-09120,15649411,,10-K,127327067,1,0,,pseg201410kq4.htm,10-K
0001193125-15-071687,2015-03-02,2015-03-02,2015-03-02T12:31:00.000Z,34,8-K,001-09120,15662295,"7.01,9.01",8-K,7160838,0,0,,d879750d8k.htm,FORM 8-K
0000891092-15-001935,2015-03-06,,2015-03-06T22:20:17.000Z,33,S-8,333-202591,15682623,,S-8,580430,0,0,,e62547s8.htm,FORM S-8
0000891092-15-001937,2015-03-06,,2015-03-06T22:24:42.000Z,33,S-8,333-202594,15682653,,S-8,547623,0,0,,e62637s8.htm,FORM S-8
0001193125-15-083084,2015-03-09,2015-04-21,2015-03-09T19:51:42.000Z,34,DEF 14A,001-09120,15685070,,DEF 14A,3925063,0,0,,d849147ddef14a.htm,DEFINITIVE PROXY STATEMENT
0001193125-15-085382,2015-03-10,2015-03-10,2015-03-10T20:35:00.000Z,34,8-K,001-09120,15689566,"7.01,9.01",8-K,582880,0,0,,d885231d8k.htm,FORM 8-K
0001225208-15-007545,2015-03-11,2015-03-11,2015-03-11T19:53:02.000Z,,4,,,,4,4223,0,0,,xslF345X03/doc4.xml,
0001225208-15-008445,2015-03-24,2015-03-20,2015-03-24T21:10:07.000Z,,4,,,,4,5299,0,0,,xslF345X03/doc4.xml,
0001225208-15-008446,2015-03-24,2015-03-20,2015-03-24T21:10:09.000Z,,4,,,,4,5329,0,0,,xslF345X03/doc4.xml,
0001193125-15-139586,2015-04-21,2015-04-21,2015-04-21T16:08:00.000Z,34,8-K,001-09120,15782559,7.01,8-K,12845,0,0,,d911029d8k.htm,FORM 8-K
0001193125-15-143861,2015-04-23,2015-04-21,2015-04-23T18:19:33.000Z,34,8-K,001-09120,15788021,5.07,8-K,28185,0,0,,d914877d8k.htm,FORM 8-K
0001193125-15-165206,2015-05-01,2015-05-01,2015-05-01T15:31:55.000Z,34,8-K,001-09120,15822728,"2.02,7.01,9.01",8-K,1414851,0,0,,d919115d8k.htm,FORM 8-K
0000788784-15-000004,2015-05-04,2015-03-31,2015-05-01T22:35:59.000Z,34,10-Q,001-09120,15825896,,10-Q,56041745,1,0,,pseg-3312015xq1.htm,10-Q
0001225208-15-011103,2015-05-04,2015-05-01,2015-05-05T01:38:23.000Z,,4,,,,4,5320,0,0,,xslF345X03/doc4.xml,
0001225208-15-011104,2015-05-04,2015-05-01,2015-05-05T01:38:25.000Z,,4,,,,4,5481,0,0,,xslF345X03/doc4.xml,
0001225208-15-011105,2015-05-04,2015-05-01,2015-05-05T01:38:26.000Z,,4,,,,4,5429,0,0,,xslF345X03/doc4.xml,
0001225208-15-011106,2015-05-04,2015-05-01,2015-05-05T01:38:28.000Z,,4,,,,4,5301,0,0,,xslF345X03/doc4.xml,
0001225208-15-011107,2015-05-04,2015-05-01,2015-05-05T01:38:30.000Z,,4,,,,4,5331,0,0,,xslF345X03/doc4.xml,
0001225208-15-011108,2015-05-04,2015-05-01,2015-05-05T01:38:31.000Z,,4,,,,4,5448,0,0,,xslF345X03/doc4.xml,
0001225208-15-011109,2015-05-04,2015-05-01,2015-05-05T01:38:33.000Z,,4,,,,4,5432,0,0,,xslF345X03/doc4.xml,
0001225208-15-011110,2015-05-04,2015-05-01,2015-05-05T01:38:35.000Z,,4,,,,4,5443,0,0,,xslF345X03/doc4.xml,
0001225208-15-011112,2015-05-04,2015-05-01,2015-05-05T01:44:42.000Z,,4,,,,4,5417,0,0,,xslF345X03/doc4.xml,
0001225208-15-011727,2015-05-08,2015-05-06,2015-05-08T18:58:26.000Z,,4,,,,4,4947,0,0,,xslF345X03/doc4.xml,
0001193125-15-183082,2015-05-12,2015-05-12,2015-05-12T12:00:32.000Z,34,8-K,001-09120,15852827,"7.01,9.01",8-K,1242735,0,0,,d923067d8k.htm,FORM 8-K
0001193125-15-191891,2015-05-18,2015-05-18,2015-05-18T20:08:00.000Z,34,8-K,001-09120,15873214,"7.01,9.01",8-K,616264,0,0,,d928484d8k.htm,FORM 8-K
0001193125-15-212604,2015-06-04,2015-06-04,2015-06-04T11:45:30.000Z,34,8-K,001-09120,15911847,"7.01,9.01",8-K,524212,0,0,,d936111d8k.htm,FORM 8-K
0001225208-15-013482,2015-06-05,2015-06-05,2015-06-05T20:20:55.000Z,,4,,,,4,4276,0,0,,xslF345X03/doc4.xml,
0001225208-15-013751,2015-06-12,2015-06-10,2015-06-12T16:30:45.000Z,,4,,,,4,4947,0,0,,xslF345X03/doc4.xml,
0001225208-15-014084,2015-06-17,2015-06-15,2015-06-17T20:44:52.000Z,,4,,,,4,4275,0,0,,xslF345X03/doc4.xml,
0001225208-15-014209,2015-06-23,2015-06-22,2015-06-23T20:48:07.000Z,,4,,,,4,5329,0,0,,xslF345X03/doc4.xml,
0001225208-15-014210,2015-06-23,2015-06-22,2015-06-23T20:48:08.000Z,,4,,,,4,5299,0,0,,xslF345X03/doc4.xml,
0001193125-15-232549,2015-06-24,2015-06-24,2015-06-24T12:00:55.000Z,34,8-K,001-09120,15948264,"7.01,9.01",8-K,1637378,0,0,,d946402d8k.htm,FORM 8-K
0001193125-15-239253,2015-06-29,2014-12-31,2015-06-29T20:28:03.000Z,34,11-K,001-09120,15958601,,11-K,158626,0,0,,d947735d11k.htm,FORM 11-K
0001193125-15-239289,2015-06-29,2014-12-31,2015-06-29T20:33:00.000Z,34,11-K,001-09120,15958666,,11-K,158662,0,0,,d947817d11k.htm,FORM 11-K
0001193125-15-239331,2015-06-29,2014-12-31,2015-06-29T20:38:52.000Z,34,11-K,001-09120,15958753,,11-K,90349,0,0,,d947784d11k.htm,FORM 11-K
0001193125-15-239375,2015-06-29,2014-12-31,2015-06-29T20:46:29.000Z,34,11-K,001-09120,15958847,,11-K,87080,0,0,,d947774d11k.htm,FORM 11-K
0001193125-15-262060,2015-07-24,2015-07-24,2015-07-24T12:45:35.000Z,34,8-K,001-09120,151003491,"5.02,9.01",8-K,47693,0,0,,d14834d8k.htm,FORM 8-K
0001193125-15-272287,2015-07-31,2015-07-31,2015-07-31T15:05:54.000Z,34,8-K,001-09120,151018323,"2.02,7.01,9.01",8-K,1872294,0,0,,d17140d8k.htm,FORM 8-K
0000788784-15-000008,2015-07-31,2015-06-30,2015-07-31T21:07:09.000Z,34,10-Q,001-09120,151020046,,10-Q,45536662,1,0,,pseg-6302015xq2.htm,10-Q
0001225208-15-016513,2015-08-05,2015-08-04,2015-08-05T20:28:46.000Z,,4,,,,4,43941,0,0,,xslF345X03/doc4.xml,
0001225208-15-016542,2015-08-06,2015-08-05,2015-08-06T15:19:23.000Z,,4,,,,4,46038,0,0,,xslF345X03/doc4.xml,
0001225208-15-016543,2015-08-06,2015-08-05,2015-08-06T15:19:25.000Z,,4,,,,4,9683,0,0,,xslF345X03/doc4.xml,
0001193125-15-285869,2015-08-11,2015-08-11,2015-08-11T13:39:06.000Z,34,8-K,001-09120,151042683,"7.01,9.01",8-K,6598184,0,0,,d23463d8k.htm,FORM 8-K
0001225208-15-017890,2015-09-02,2015-09-01,2015-09-02T21:32:24.000Z,,4,,,,4,46163,0,0,,xslF345X03/doc4.xml,
0001225208-15-017891,2015-09-02,2015-09-01,2015-09-02T21:32:25.000Z,,4,,,,4,44183,0,0,,xslF345X03/doc4.xml,
0001225208-15-017892,2015-09-02,2015-09-01,2015-09-02T21:32:27.000Z,,4,,,,4,44183,0,0,,xslF345X03/doc4.xml,
0001225208-15-017893,2015-09-02,2015-09-01,2015-09-02T21:32:28.000Z,,4,,,,4,18747,0,0,,xslF345X03/doc4.xml,
0001193125-15-313567,2015-09-08,2015-09-08,2015-09-08T12:01:07.000Z,34,8-K,001-09120,151095457,"7.01,9.01",8-K,5573669,0,0,,d12501d8k.htm,FORM 8-K
0001225208-15-018309,2015-09-15,2015-09-14,2015-09-15T11:18:58.000Z,,4,,,,4,15272,0,0,,xslF345X03/doc4.xml,
0001193125-15-321907,2015-09-17,2015-09-17,2015-09-17T12:00:31.000Z,34,8-K,001-09120,151111376,"7.01,9.01",8-K,1528334,0,0,,d98518d8k.htm,FORM 8-K
0001225208-15-018516,2015-09-17,2015-09-15,2015-09-17T20:50:42.000Z,,4,,,,4,46236,0,0,,xslF345X03/doc4.xml,
0001225208-15-018517,2015-09-17,2015-09-15,2015-09-17T20:50:44.000Z,,4,,,,4,44258,0,0,,xslF345X03/doc4.xml,
0001225208-15-018518,2015-09-17,2015-09-15,2015-09-17T20:50:45.000Z,,4,,,,4,44258,0,0,,xslF345X03/doc4.xml,
0001225208-15-018519,2015-09-17,2015-09-15,2015-09-17T20:50:47.000Z,,4,,,,4,5757,0,0,,xslF345X03/doc4.xml,
0001193125-15-325983,2015-09-23,2015-09-23,2015-09-23T12:41:36.000Z,34,8-K,001-09120,151120346,"5.02,9.01",8-K,46603,0,0,,d62582d8k.htm,FORM 8-K
0001225208-15-018666,2015-09-25,2015-09-23,2015-09-25T20:24:38.000Z,,4,,,,4,5300,0,0,,xslF345X03/doc4.xml,
0001225208-15-018667,2015-09-25,2015-09-23,2015-09-25T20:24:40.000Z,,4,,,,4,5330,0,0,,xslF345X03/doc4.xml,
0001193125-15-331414,2015-09-29,2015-09-29,2015-09-29T10:09:01.000Z,34,8-K,001-09120,151128784,"7.01,9.01",8-K,1135868,0,0,,d93892d8k.htm,FORM 8-K
0001225208-15-018995,2015-10-02,2015-10-01,2015-10-02T19:09:23.000Z,,4,,,,4,46162,0,0,,xslF345X03/doc4.xml,
0001225208-15-018996,2015-10-02,2015-10-01,2015-10-02T19:09:24.000Z,,4,,,,4,13250,0,0,,xslF345X03/doc4.xml,
0001225208-15-019673,2015-10-16,2015-10-08,2015-10-16T20:56:11.000Z,,3,,,,3,9781,0,0,,xslF345X02/doc3.xml,
0001225208-15-019727,2015-10-19,2015-10-15,2015-10-19T19:32:39.000Z,,4,,,,4,48251,0,0,,xslF345X03/doc4.xml,
0001225208-15-019728,2015-10-19,2015-10-15,2015-10-19T19:32:40.000Z,,4,,,,4,44258,0,0,,xslF345X03/doc4.xml,
0001225208-15-019729,2015-10-19,2015-10-15,2015-10-19T19:32:42.000Z,,4,,,,4,36010,0,0,,xslF345X03/doc4.xml,
0001193125-15-359431,2015-10-30,2015-10-30,2015-10-30T14:55:57.000Z,34,8-K,001-09120,151185909,"2.02,7.01,9.01",8-K,2017893,0,0,,d54354d8k.htm,FORM 8-K
0000788784-15-000011,2015-10-30,2015-09-30,2015-10-30T21:26:21.000Z,34,10-Q,001-09120,151188579,,10-Q,45646661,1,0,,pseg-9302015xq3.htm,10-Q
0001225208-15-020331,2015-11-04,2015-11-02,2015-11-04T19:48:07.000Z,,4,,,,4,46157,0,0,,xslF345X03/doc4.xml,
0001225208-15-020332,2015-11-04,2015-11-02,2015-11-04T19:48:08.000Z,,4,,,,4,42126,0,0,,xslF345X03/doc4.xml,
0001225208-15-020351,2015-11-04,2015-09-28,2015-11-04T20:58:38.000Z,,4,,,,4,4948,0,0,,xslF345X03/doc4.xml,
0001193125-15-370394,2015-11-06,2015-11-06,2015-11-06T22:18:07.000Z,34,8-K,001-09120,151213312,"7.01,9.01",8-K,5674585,0,0,,d77337d8k.htm,FORM 8-K
0001225208-15-020957,2015-11-17,2015-11-16,2015-11-17T15:25:28.000Z,,4,,,,4,7737,0,0,,xslF345X03/doc4.xml,
0001225208-15-021787,2015-12-04,2015-12-01,2015-12-05T01:53:15.000Z,,4,,,,4,8555,0,0,,xslF345X03/doc4.xml,
0001193125-15-404982,2015-12-16,2015-12-15,2015-12-16T22:04:05.000Z,34,8-K,001-09120,151291579,"5.02,5.03,9.01",8-K,100905,0,0,,d44592d8k.htm,FORM 8-K
0001225208-15-022781,2015-12-21,2015-12-16,2015-12-21T21:57:10.000Z,,4,,,,4,5300,0,0,,xslF345X03/doc4.xml,
0001225208-15-022782,2015-12-21,2015-12-16,2015-12-21T21:57:12.000Z,,4,,,,4,5330,0,0,,xslF345X03/doc4.xml,
0001225208-16-023149,2016-01-04,2016-01-04,2016-01-04T20:52:12.000Z,,4,,,,4,10100,0,0,,xslF345X03/doc4.xml,
0001225208-16-023792,2016-01-06,2016-01-04,2016-01-06T21:32:23.000Z,,4,,,,4,4224,0,0,,xslF345X03/doc4.xml,
0001225208-16-023793,2016-01-06,2016-01-04,2016-01-06T21:32:25.000Z,,4,,,,4,5025,0,0,,xslF345X03/doc4.xml,
0001225208-16-023794,2016-01-06,2016-01-04,2016-01-06T21:32:27.000Z,,4,,,,4,4276,0,0,,xslF345X03/doc4.xml,
0001225208-16-023795,2016-01-06,2016-01-04,2016-01-06T21:32:28.000Z,,4,,,,4,4246,0,0,,xslF345X03/doc4.xml,
0001225208-16-023815,2016-01-06,2016-01-04,2016-01-06T22:08:42.000Z,,4,,,,4,4335,0,0,,xslF345X03/doc4.xml,
0001193125-16-422938,2016-01-07,2016-01-07,2016-01-07T13:01:01.000Z,34,8-K,001-09120,161328878,"7.01,9.01",8-K,637963,0,0,,d112592d8k.htm,FORM 8-K
0001225208-16-024046,2016-01-12,2016-01-04,2016-01-12T21:52:29.000Z,,4/A,,,,4/A,4528,0,0,,xslF345X03/doc4a.xml,
0001225208-16-024219,2016-01-15,2016-01-14,2016-01-15T21:19:46.000Z,,4,,,,4,33773,0,0,,xslF345X03/doc4.xml,
0001225208-16-025598,2016-02-03,2016-02-01,2016-02-03T19:10:48.000Z,,4,,,,4,8539,0,0,,xslF345X03/doc4.xml,
0000932471-16-011126,2016-02-10,,2016-02-10T15:56:08.000Z,34,SC 13G/A,005-44133,161403570,,SC 13G/A,39844,0,0,,publicserviceenterprisegroup.htm,
0001193125-16-465694,2016-02-16,2015-12-15,2016-02-16T22:21:07.000Z,34,8-K/A,001-09120,161430344,5.02,8-K/A,13157,0,0,,d129841d8ka.htm,FORM 8-K/A
0001225208-16-026712,2016-02-17,2016-02-16,2016-02-17T19:06:29.000Z,,4,,,,4,7920,0,0,,xslF345X03/doc4.xml,
0001225208-16-026925,2016-02-18,2016-02-16,2016-02-18T20:32:19.000Z,,4,,,,4,4320,0,0,,xslF345X03/doc4.xml,
0001225208-16-026926,2016-02-18,2016-02-16,2016-02-18T20:32:21.000Z,,4,,,,4,5121,0,0,,xslF345X03/doc4.xml,
0001225208-16-026927,2016-02-18,2016-02-16,2016-02-18T20:32:23.000Z,,4,,,,4,5749,0,0,,xslF345X03/doc4.xml,
0001225208-16-026928,2016-02-18,2016-02-16,2016-02-18T20:32:26.000Z,,4,,,,4,4342,0,0,,xslF345X03/doc4.xml,
0001225208-16-026972,2016-02-18,2016-02-16,2016-02-18T21:32:22.000Z,,4,,,,4,4449,0,0,,xslF345X03/doc4.xml,
0001225208-16-026973,2016-02-18,2016-02-16,2016-02-18T21:32:25.000Z,,4,,,,4,4390,0,0,,xslF345X03/doc4.xml,
0001225208-16-026974,2016-02-18,2016-02-16,2016-02-18T21:32:27.000Z,,4,,,,4,4359,0,0,,xslF345X03/doc4.xml,
0001225208-16-026975,2016-02-18,2016-02-16,2016-02-18T21:32:29.000Z,,4,,,,4,4334,0,0,,xslF345X03/doc4.xml,
0001225208-16-026976,2016-02-18,2016-02-16,2016-02-18T21:32:32.000Z,,4,,,,4,5138,0,0,,xslF345X03/doc4.xml,
0001225208-16-026977,2016-02-18,2001-01-01,2016-02-18T21:32:34.000Z,,4,,,,4,4337,0,0,,xslF345X03/doc4.xml,
0001193125-16-469333,2016-02-19,2016-02-19,2016-02-19T16:12:08.000Z,34,8-K,001-09120,161440768,"2.02,7.01,9.01",8-K,10175682,0,0,,d143438d8k.htm,FORM 8-K
0001225208-16-027182,2016-02-22,2016-02-19,2016-02-22T16:24:32.000Z,,4,,,,4,4482,0,0,,xslF345X03/doc4.xml,
0000093751-16-000501,2016-02-22,,2016-02-22T19:07:21.000Z,34,SC 13G/A,005-44133,161444548,,SC 13G/A,8959,0,0,,peg.txt,PUBLIC SERVICE ENTERPRISE GROUP
0000788784-16-000014,2016-02-26,2015-12-31,2016-02-26T02:14:33.000Z,34,10-K,001-09120,161457723,,10-K,82234354,1,0,,pseg201510kq4.htm,FORM 10-K
0001225208-16-028891,2016-03-02,2016-03-01,2016-03-02T18:16:50.000Z,,4,,,,4,8584,0,0,,xslF345X03/doc4.xml,
9999999997-16-018413,2016-03-03,2016-02-24,2016-03-08T15:47:32.000Z,34,NO ACT,001-09120,16004009,,NO ACT,1428,0,0,,9999999997-16-018413.paper,AUTO-GENERATED PAPER DOCUMENT
0001225208-16-029525,2016-03-09,2016-03-07,2016-03-09T20:55:06.000Z,,4,,,,4,5300,0,0,,xslF345X03/doc4.xml,
0001225208-16-029526,2016-03-09,2016-03-07,2016-03-09T20:55:08.000Z,,4,,,,4,5330,0,0,,xslF345X03/doc4.xml,
0001193125-16-500833,2016-03-11,2016-03-11,2016-03-11T12:32:02.000Z,34,8-K,001-09120,161499325,"7.01,9.01",8-K,43487181,0,0,,d158972d8k.htm,FORM 8-K
0001193125-16-502430,2016-03-14,2016-04-19,2016-03-14T12:37:07.000Z,34,DEF 14A,001-09120,161502535,,DEF 14A,3889366,0,0,,d125310ddef14a.htm,DEF 14A
0001193125-16-510479,2016-03-18,2016-03-18,2016-03-18T21:00:35.000Z,34,8-K,001-09120,161516723,"7.01,9.01",8-K,4600935,1,0,,d133395d8k.htm,FORM 8-K
0001225208-16-030702,2016-04-04,2016-04-01,2016-04-04T17:59:41.000Z,,4,,,,4,8587,0,0,,xslF345X03/doc4.xml,
0001193125-16-554214,2016-04-25,2016-04-19,2016-04-25T20:30:33.000Z,34,8-K,001-09120,161589341,5.07,8-K,31782,0,0,,d180958d8k.htm,FORM 8-K
0001193125-16-566280,2016-04-29,2016-04-29,2016-04-29T12:26:40.000Z,34,8-K,001-09120,161602640,"2.02,7.01,9.01",8-K,1563879,1,0,,d175274d8k.htm,FORM 8-K
0000788784-16-000018,2016-05-02,2016-03-31,2016-04-29T23:14:47.000Z,34,10-Q,001-09120,161609203,,10-Q,36899851,1,0,,pseg-3312016xq1.htm,10-Q
0001193125-16-571471,2016-05-02,2016-05-02,2016-05-02T13:25:03.000Z,34,8-K,001-09120,161610079,"7.01,9.01",8-K,919522,1,0,,d145005d8k.htm,FORM 8-K
0001225208-16-032074,2016-05-02,2016-02-16,2016-05-02T14:03:42.000Z,,3,,,,3,2919,0,0,,xslF345X02/doc3.xml,
0001225208-16-032408,2016-05-03,2016-05-02,2016-05-03T21:24:44.000Z,,4,,,,4,5321,0,0,,xslF345X03/doc4.xml,
0001225208-16-032409,2016-05-03,2016-05-02,2016-05-03T21:24:48.000Z,,4,,,,4,5482,0,0,,xslF345X03/doc4.xml,
0001225208-16-032410,2016-05-03,2016-05-02,2016-05-03T21:24:52.000Z,,4,,,,4,5430,0,0,,xslF345X03/doc4.xml,
0001225208-16-032411,2016-05-03,2016-05-02,2016-05-03T21:24:56.000Z,,4,,,,4,5302,0,0,,xslF345X03/doc4.xml,
0001225208-16-032412,2016-05-03,2016-05-02,2016-05-03T21:25:00.000Z,,4,,,,4,5332,0,0,,xslF345X03/doc4.xml,
0001225208-16-032413,2016-05-03,2016-05-02,2016-05-03T21:25:04.000Z,,4,,,,4,5444,0,0,,xslF345X03/doc4.xml,
0001225208-16-032414,2016-05-03,2016-05-02,2016-05-03T21:25:09.000Z,,4,,,,4,5433,0,0,,xslF345X03/doc4.xml,
0001225208-16-032415,2016-05-03,2016-05-02,2016-05-03T21:25:13.000Z,,4,,,,4,5432,0,0,,xslF345X03/doc4.xml,
0001225208-16-032416,2016-05-03,2016-05-02,2016-05-03T21:25:17.000Z,,4,,,,4,5483,0,0,,xslF345X03/doc4.xml,
0001225208-16-032417,2016-05-03,2016-05-02,2016-05-03T21:25:21.000Z,,4,,,,4,5418,0,0,,xslF345X03/doc4.xml,
0001225208-16-032447,2016-05-04,2016-05-02,2016-05-04T15:50:36.000Z,,4,,,,4,4459,0,0,,xslF345X03/doc4.xml,
0001225208-16-032448,2016-05-04,2016-05-02,2016-05-04T15:50:40.000Z,,4,,,,4,5208,0,0,,xslF345X03/doc4.xml,
0001225208-16-032449,2016-05-04,2016-05-02,2016-05-04T15:50:44.000Z,,4,,,,4,8535,0,0,,xslF345X03/doc4.xml,
0001225208-16-032718,2016-05-05,2016-05-03,2016-05-05T23:17:23.000Z,,4,,,,4,8537,0,0,,xslF345X03/doc4.xml,
0001193125-16-584713,2016-05-10,2016-05-10,2016-05-10T11:30:36.000Z,34,8-K,001-09120,161633694,"7.01,9.01",8-K,512765,1,0,,d182159d8k.htm,FORM 8-K
0001225208-16-033254,2016-05-12,2016-05-02,2016-05-12T21:11:42.000Z,,4,,,,4,6321,0,0,,xslF345X03/doc4.xml,
0001225208-16-033255,2016-05-12,2016-05-03,2016-05-12T21:11:46.000Z,,4,,,,4,4275,0,0,,xslF345X03/doc4.xml,
0001193125-16-591188,2016-05-16,2016-05-15,2016-05-16T12:00:34.000Z,34,8-K,001-09120,161650721,"7.01,9.01",8-K,550959,1,0,,d164858d8k.htm,FORM 8-K
0001193125-16-603185,2016-05-26,2016-05-26,2016-05-26T12:34:34.000Z,34,8-K,001-09120,161676325,"7.01,9.01",8-K,89026,1,0,,d199877d8k.htm,FORM 8-K
0001225208-16-034080,2016-05-26,2015-01-02,2016-05-26T21:30:52.000Z,,4/A,,,,4/A,7763,0,0,,xslF345X03/doc4a.xml,
0001225208-16-034081,2016-05-26,2016-01-04,2016-05-26T21:31:57.000Z,,4/A,,,,4/A,7764,0,0,,xslF345X03/doc4a.xml,
0001225208-16-034082,2016-05-26,2016-05-05,2016-05-26T21:32:01.000Z,,4,,,,4,5125,0,0,,xslF345X03/doc4.xml,
0001225208-16-034260,2016-06-01,2013-08-01,2016-06-01T16:31:46.000Z,,4/A,,,,4/A,6510,0,0,,xslF345X03/doc4a.xml,
0001225208-16-034592,2016-06-03,2012-08-03,2016-06-04T01:17:31.000Z,,4,,,,4,30314,0,0,,xslF345X03/doc4.xml,
0001225208-16-034612,2016-06-06,2014-02-21,2016-06-06T20:56:34.000Z,,4/A,,,,4/A,6427,0,0,,xslF345X03/doc4a.xml,
0001225208-16-034625,2016-06-07,2014-11-10,2016-06-07T13:41:15.000Z,,4/A,,,,4/A,7889,0,0,,xslF345X03/doc4a.xml,
0001225208-16-034629,2016-06-07,2015-02-24,2016-06-07T14:46:42.000Z,,4/A,,,,4/A,7889,0,0,,xslF345X03/doc4a.xml,
0001193125-16-616050,2016-06-08,2016-06-08,2016-06-08T13:00:37.000Z,34,8-K,001-09120,161702758,"7.01,9.01",8-K,577945,1,0,,d258298d8k.htm,FORM 8-K
0001225208-16-034776,2016-06-09,2016-02-16,2016-06-09T15:29:59.000Z,,3/A,,,,3/A,3029,0,0,,xslF345X02/doc3a.xml,
0001225208-16-035196,2016-06-16,2013-02-19,2016-06-16T23:41:04.000Z,,4,,,,4,18157,0,0,,xslF345X03/doc4.xml,
0001225208-16-035556,2016-06-24,2011-12-20,2016-06-24T18:44:29.000Z,,4/A,,,,4/A,4532,0,0,,xslF345X03/doc4a.xml,
0001193125-16-633768,2016-06-28,2016-06-28,2016-06-28T12:00:34.000Z,34,8-K,001-09120,161734686,"7.01,9.01",8-K,484600,0,0,,d215796d8k.htm,FORM 8-K
0000788784-16-000028,2016-06-28,2015-12-31,2016-06-28T18:44:58.000Z,34,11-K,001-09120,161735771,,11-K,218799,0,0,,form11kservcoplanii.htm,11-K
0000788784-16-000029,2016-06-28,2015-12-31,2016-06-28T18:54:10.000Z,34,11-K,001-09120,161735796,,11-K,224471,0,0,,form11kservcoplani.htm,11-K
0000788784-16-000030,2016-06-28,2015-12-31,2016-06-28T18:57:44.000Z,34,11-K,001-09120,161735810,,11-K,312888,0,0,,form11kthriftplan.htm,11-K
0000788784-16-000031,2016-06-28,2015-12-31,2016-06-28T19:02:06.000Z,34,11-K,001-09120,161735823,,11-K,309661,0,0,,form11kemployeesavingsplan.htm,11-K
0001225208-16-036338,2016-07-06,2016-07-01,2016-07-06T20:39:58.000Z,,4,,,,4,11373,0,0,,xslF345X03/doc4.xml,
0001225208-16-036438,2016-07-07,2016-07-05,2016-07-07T19:20:36.000Z,,4,,,,4,5307,0,0,,xslF345X03/doc4.xml,
0001225208-16-036439,2016-07-07,2016-07-05,2016-07-07T19:20:41.000Z,,4,,,,4,5337,0,0,,xslF345X03/doc4.xml,
0001193125-16-663438,2016-07-29,2016-07-29,2016-07-29T13:00:06.000Z,34,8-K,001-09120,161792114,"2.02,7.01,9.01",8-K,2056770,0,0,,d233207d8k.htm,FORM 8-K
0000788784-16-000034,2016-07-29,2016-06-30,2016-07-29T21:16:29.000Z,34,10-Q,001-09120,161794934,,10-Q,46083406,1,0,,pseg-6302016xq2.htm,10-Q
0001193125-16-667420,2016-08-02,2016-08-02,2016-08-02T11:01:04.000Z,34,8-K,001-09120,161798910,"7.01,9.01",8-K,1082472,0,0,,d398488d8k.htm,FORM 8-K
0001225208-16-037463,2016-08-03,2016-08-01,2016-08-03T21:03:03.000Z,,4,,,,4,14499,0,0,,xslF345X03/doc4.xml,
0001193125-16-678576,2016-08-11,2016-08-11,2016-08-11T11:00:07.000Z,34,8-K,001-09120,161822972,"7.01,9.01",8-K,5905943,0,0,,d236580d8k.htm,FORM 8-K
0001225208-16-037869,2016-08-15,2016-08-11,2016-08-15T19:33:06.000Z,,4,,,,4,6074,0,0,,xslF345X03/doc4.xml,
0001225208-16-038693,2016-09-01,2016-08-30,2016-09-01T21:17:02.000Z,,4,,,,4,4520,0,0,,xslF345X03/doc4.xml,
0001225208-16-038845,2016-09-06,2016-09-01,2016-09-06T20:52:05.000Z,,4,,,,4,11320,0,0,,xslF345X03/doc4.xml,
0001193125-16-702730,2016-09-07,2016-09-01,2016-09-07T12:30:54.000Z,34,8-K,001-09120,161872289,"7.01,8.01",8-K,27484,0,0,,d249829d8k.htm,FORM 8-K
0001193125-16-710309,2016-09-15,2016-09-15,2016-09-15T11:00:56.000Z,34,8-K,001-09120,161886229,7.01,8-K,27058,0,0,,d241666d8k.htm,FORM 8-K
0000000000-16-094215,2016-09-23,,2016-09-23T15:36:18.000Z,,UPLOAD,,,,LETTER,160399,0,0,,filename1.pdf,
0001193125-16-719073,2016-09-26,2016-09-26,2016-09-26T11:31:02.000Z,34,8-K,001-09120,161901183,7.01,8-K,27177,0,0,,d263169d8k.htm,FORM 8-K
0001225208-16-040148,2016-10-04,2016-09-30,2016-10-04T22:31:18.000Z,,4,,,,4,5308,0,0,,xslF345X03/doc4.xml,
0001225208-16-040151,2016-10-04,2016-09-30,2016-10-04T22:31:29.000Z,,4,,,,4,5340,0,0,,xslF345X03/doc4.xml,
0001193125-16-731087,2016-10-05,2016-10-03,2016-10-05T12:31:05.000Z,34,8-K,001-09120,161921408,"2.05,2.06,9.01",8-K,58499,0,0,,d253089d8k.htm,FORM 8-K
0001225208-16-040182,2016-10-05,2016-10-03,2016-10-05T19:55:54.000Z,,4,,,,4,7975,0,0,,xslF345X03/doc4.xml,
0001193125-16-731613,2016-10-05,,2016-10-05T21:03:31.000Z,,CORRESP,,,,CORRESP,26114,0,0,,filename1.htm,
0001193125-16-752544,2016-10-31,2016-10-31,2016-10-31T12:31:04.000Z,34,8-K,001-09120,161960112,"2.02,7.01,9.01",8-K,1997441,0,0,,d268519d8k.htm,FORM 8-K
0000788784-16-000038,2016-10-31,2016-09-30,2016-10-31T21:28:00.000Z,34,10-Q,001-09120,161962633,,10-Q,46167807,1,0,,pseg-9302016xq3.htm,10-Q
0000891092-16-018671,2016-11-03,,2016-11-03T12:45:47.000Z,33,424B5,333-200352,161970307,,424B5,357198,0,0,,e71406_424b5.htm,PRELIMINARY PROSPECTUS SUPPLEMENT
0001225208-16-041121,2016-11-03,2016-11-01,2016-11-03T20:52:15.000Z,,4,,,,4,8138,0,0,,xslF345X03/doc4.xml,
0000891092-16-018706,2016-11-03,,2016-11-03T21:29:31.000Z,34,FWP,333-200352,161972931,,FWP,18239,0,0,,e71844fwp.htm,FINAL TERM SHEET
0000891092-16-018727,2016-11-04,,2016-11-04T18:06:51.000Z,33,424B2,333-200352,161974640,,424B2,357390,0,0,,e71842_424b2.htm,PROSPECTUS SUPPLEMENT
0001193125-16-760302,2016-11-04,2016-11-04,2016-11-04T21:07:58.000Z,34,8-K,001-09120,161975924,"7.01,9.01",8-K,4289261,0,0,,d282533d8k.htm,FORM 8-K
0000000000-16-099981,2016-11-07,,2016-11-07T21:32:52.000Z,,UPLOAD,,,,LETTER,42725,0,0,,filename1.pdf,
0000891092-16-018791,2016-11-08,2016-11-03,2016-11-08T22:07:44.000Z,34,8-K,001-09120,161981982,"8.01,9.01",8-K,335758,0,0,,e71860_8k.htm,FORM 8-K
0001193125-16-769728,2016-11-16,,2016-11-16T20:21:01.000Z,,CORRESP,,,,CORRESP,19875,0,0,,filename1.htm,
0000000000-16-102385,2016-11-28,,2016-11-28T16:50:44.000Z,,UPLOAD,,,,LETTER,36533,0,0,,filename1.pdf,
0001225208-16-042715,2016-12-05,2016-12-01,2016-12-05T22:08:31.000Z,,4,,,,4,9350,0,0,,xslF345X03/doc4.xml,
0001225208-16-043185,2016-12-14,2016-12-12,2016-12-14T21:28:20.000Z,,4,,,,4,4521,0,0,,xslF345X03/doc4.xml,
0001225208-16-043608,2016-12-20,2016-12-16,2016-12-20T21:21:06.000Z,,4,,,,4,5307,0,0,,xslF345X03/doc4.xml,
0001225208-16-043609,2016-12-20,2016-12-16,2016-12-20T21:21:10.000Z,,4,,,,4,5339,0,0,,xslF345X03/doc4.xml,
0001193125-16-805668,2016-12-28,2016-12-21,2016-12-28T21:39:56.000Z,34,8-K,001-09120,162072894,5.02,8-K,18590,0,0,,d305222d8k.htm,FORM 8-K
0001225208-17-000743,2017-01-05,2009-11-25,2017-01-05T21:50:13.000Z,,4,,,,4,8213,0,0,,xslF345X03/doc4.xml,
0001225208-17-000744,2017-01-05,2017-01-03,2017-01-05T21:50:17.000Z,,4,,,,4,5821,0,0,,xslF345X03/doc4.xml,
0001225208-17-000745,2017-01-05,2017-01-03,2017-01-05T21:50:21.000Z,,4,,,,4,8133,0,0,,xslF345X03/doc4.xml,
0001225208-17-000746,2017-01-05,2017-01-03,2017-01-05T21:50:25.000Z,,4,,,,4,12933,0,0,,xslF345X03/doc4.xml,
0001225208-17-000747,2017-01-05,2017-01-03,2017-01-05T21:50:28.000Z,,4,,,,4,4803,0,0,,xslF345X03/doc4.xml,
0001225208-17-000748,2017-01-05,2017-01-03,2017-01-05T21:50:32.000Z,,4,,,,4,13647,0,0,,xslF345X03/doc4.xml,
0001225208-17-000753,2017-01-05,2016-01-04,2017-01-05T21:55:09.000Z,,4/A,,,,4/A,6850,0,0,,xslF345X03/doc4a.xml,
0001225208-17-000754,2017-01-05,2015-01-02,2017-01-05T21:56:19.000Z,,4/A,,,,4/A,6850,0,0,,xslF345X03/doc4a.xml,
0000353480-17-001608,2017-01-25,,2017-01-25T22:23:32.000Z,34,SC 13G/A,005-44133,17547230,,SC 13G/A,13790,0,0,,public.service.ent.txt,
0001225208-17-002235,2017-02-02,2017-02-01,2017-02-02T20:44:02.000Z,,4,,,,4,8135,0,0,,xslF345X03/doc4.xml,
0000093751-17-000158,2017-02-09,,2017-02-09T14:39:37.000Z,34,SC 13G,005-44133,17585027,,SC 13G,8900,0,0,,PUBLICSERVICE.txt,PUBLIC SERVICE ENTERPRISE GROUP INCORPORATED
0001225208-17-002753,2017-02-10,2016-12-31,2017-02-10T19:36:00.000Z,,5,,,,5,5523,0,0,,xslF345X03/doc5.xml,
0000932471-17-002336,2017-02-13,,2017-02-11T02:08:09.000Z,34,SC 13G/A,005-44133,17595499,,SC 13G/A,49357,0,0,,publicserviceenterprisegroup.htm,
0001225208-17-004397,2017-02-23,2017-02-21,2017-02-23T22:55:50.000Z,,4,,,,4,4444,0,0,,xslF345X03/doc4.xml,
0001225208-17-004399,2017-02-23,2017-02-21,2017-02-23T22:55:54.000Z,,4,,,,4,5138,0,0,,xslF345X03/doc4.xml,
0001225208-17-004410,2017-02-23,2017-02-21,2017-02-23T23:14:30.000Z,,4,,,,4,4465,0,0,,xslF345X03/doc4.xml,
0001225208-17-004411,2017-02-23,2017-02-21,2017-02-23T23:14:30.000Z,,4,,,,4,4516,0,0,,xslF345X03/doc4.xml,
0001225208-17-004412,2017-02-23,2017-02-21,2017-02-23T23:15:35.000Z,,4,,,,4,5577,0,0,,xslF345X03/doc4.xml,
0001225208-17-004413,2017-02-23,2017-02-21,2017-02-23T23:15:35.000Z,,4,,,,4,4556,0,0,,xslF345X03/doc4.xml,
0001225208-17-004416,2017-02-23,2017-02-21,2017-02-23T23:32:05.000Z,,4,,,,4,5939,0,0,,xslF345X03/doc4.xml,
0001193125-17-055082,2017-02-24,2017-02-24,2017-02-24T13:40:57.000Z,34,8-K,001-09120,17634875,"2.02,7.01,9.01",8-K,2357288,0,0,,d332606d8k.htm,FORM 8-K
0000788784-17-000003,2017-02-27,2016-12-31,2017-02-27T22:28:47.000Z,34,10-K,001-09120,17643380,,10-K,81351839,1,0,,pseg201610kq4.htm,10-K
0001225208-17-005495,2017-03-03,2017-03-01,2017-03-03T20:07:49.000Z,,4,,,,4,7970,0,0,,xslF345X03/doc4.xml,
0001225208-17-005497,2017-03-03,2017-03-01,2017-03-03T20:07:54.000Z,,4,,,,4,7932,0,0,,xslF345X03/doc4.xml,
0001193125-17-070566,2017-03-06,2017-03-06,2017-03-06T12:45:40.000Z,34,8-K,001-09120,17666486,"7.01,9.01",8-K,6540393,0,0,,d356165d8k.htm,FORM 8-K
0001225208-17-005619,2017-03-06,2017-03-02,2017-03-06T21:54:22.000Z,,4,,,,4,5553,0,0,,xslF345X03/doc4.xml,
0001225208-17-005620,2017-03-06,2017-03-02,2017-03-06T21:54:26.000Z,,4,,,,4,5624,0,0,,xslF345X03/doc4.xml,
0001225208-17-005621,2017-03-06,2017-03-02,2017-03-06T21:54:30.000Z,,4,,,,4,5939,0,0,,xslF345X03/doc4.xml,
0001225208-17-005622,2017-03-06,2017-03-02,2017-03-06T21:54:34.000Z,,4,,,,4,5901,0,0,,xslF345X03/doc4.xml,
0001225208-17-005623,2017-03-06,2017-03-02,2017-03-06T21:54:38.000Z,,4,,,,4,5509,0,0,,xslF345X03/doc4.xml,
0001225208-17-005624,2017-03-06,2017-03-02,2017-03-06T21:54:42.000Z,,4,,,,4,7375,0,0,,xslF345X03/doc4.xml,
0001225208-17-005625,2017-03-06,2017-03-02,2017-03-06T21:54:46.000Z,,4,,,,4,6574,0,0,,xslF345X03/doc4.xml,
0001225208-17-006155,2017-03-13,2017-03-09,2017-03-13T18:44:32.000Z,,4,,,,4,5173,0,0,,xslF345X03/doc4.xml,
0001193125-17-081736,2017-03-14,2017-04-18,2017-03-14T16:30:39.000Z,34,DEF 14A,001-09120,17687465,,DEF 14A,6027489,0,0,,d287735ddef14a.htm,DEF 14A
0001225208-17-006319,2017-03-15,2017-03-14,2017-03-15T23:54:46.000Z,,4,,,,4,4536,0,0,,xslF345X03/doc4.xml,
0001225208-17-007317,2017-04-04,2017-04-03,2017-04-04T19:13:09.000Z,,4,,,,4,7970,0,0,,xslF345X03/doc4.xml,
0001225208-17-007445,2017-04-04,2017-03-31,2017-04-04T20:52:38.000Z,,4,,,,4,5824,0,0,,xslF345X03/doc4.xml,
0001193125-17-130719,2017-04-20,2017-04-18,2017-04-20T20:45:32.000Z,34,8-K,001-09120,17773419,5.07,8-K,39185,0,0,,d310465d8k.htm,FORM 8-K
0001193125-17-145449,2017-04-28,2017-04-28,2017-04-28T12:34:05.000Z,34,8-K,001-09120,17791788,"2.02,7.01,9.01",8-K,1492636,0,0,,d385034d8k.htm,FORM 8-K
0000788784-17-000007,2017-04-28,2017-03-31,2017-04-28T21:25:55.000Z,34,10-Q,001-09120,17797282,,10-Q,38375588,1,0,,pseg-3312017xq1.htm,10-Q
0001225208-17-008836,2017-05-02,2017-05-01,2017-05-02T19:43:39.000Z,,4,,,,4,8132,0,0,,xslF345X03/doc4.xml,
0001225208-17-009051,2017-05-03,2017-05-01,2017-05-03T20:43:14.000Z,,4,,,,4,5751,0,0,,xslF345X03/doc4.xml,
0001225208-17-009052,2017-05-03,2017-05-01,2017-05-03T20:43:18.000Z,,4,,,,4,5701,0,0,,xslF345X03/doc4.xml,
0001225208-17-009053,2017-05-03,2017-05-01,2017-05-03T20:43:22.000Z,,4,,,,4,5893,0,0,,xslF345X03/doc4.xml,
0001225208-17-009054,2017-05-03,2017-05-01,2017-05-03T20:43:26.000Z,,4,,,,4,6054,0,0,,xslF345X03/doc4.xml,
0001225208-17-009055,2017-05-03,2017-05-01,2017-05-03T20:43:30.000Z,,4,,,,4,5829,0,0,,xslF345X03/doc4.xml,
0001225208-17-009056,2017-05-03,2017-05-01,2017-05-03T20:43:34.000Z,,4,,,,4,5874,0,0,,xslF345X03/doc4.xml,
0001225208-17-009057,2017-05-03,2017-05-01,2017-05-03T20:43:37.000Z,,4,,,,4,5904,0,0,,xslF345X03/doc4.xml,
0001225208-17-009058,2017-05-03,2017-05-01,2017-05-03T20:43:41.000Z,,4,,,,4,5817,0,0,,xslF345X03/doc4.xml,
0001225208-17-009059,2017-05-03,2017-05-01,2017-05-03T20:43:45.000Z,,4,,,,4,6016,0,0,,xslF345X03/doc4.xml,
0001225208-17-009060,2017-05-03,2017-05-01,2017-05-03T20:43:49.000Z,,4,,,,4,5700,0,0,,xslF345X03/doc4.xml,
0001225208-17-009115,2017-05-04,2017-05-02,2017-05-04T16:05:49.000Z,,4,,,,4,5898,0,0,,xslF345X03/doc4.xml,
0001193125-17-166108,2017-05-10,2017-05-09,2017-05-10T21:21:08.000Z,34,8-K,001-09120,17831585,8.01,8-K,25411,0,0,,d397113d8k.htm,8-K
0001225208-17-010125,2017-05-19,2017-05-18,2017-05-19T20:38:36.000Z,,4,,,,4,4755,0,0,,xslF345X03/doc4.xml,
0001225208-17-010888,2017-06-05,2017-06-01,2017-06-05T20:40:29.000Z,,4,,,,4,10717,0,0,,xslF345X03/doc4.xml,
0001193125-17-211061,2017-06-23,2017-06-19,2017-06-23T12:08:32.000Z,34,8-K,001-09120,17926370,"5.02,8.01,9.01",8-K,36437,0,0,,d382547d8k.htm,FORM 8-K
0000788784-17-000010,2017-06-29,2016-12-31,2017-06-29T21:02:52.000Z,34,11-K,001-09120,17939023,,11-K,324458,0,0,,form11k_thriftplan2016.htm,11-K
0000788784-17-000012,2017-06-29,2016-12-31,2017-06-29T21:13:43.000Z,34,11-K,001-09120,17939407,,11-K,320089,0,0,,form11k_employeesavingspla.htm,11-K
0000788784-17-000014,2017-06-29,2016-12-31,2017-06-29T21:26:03.000Z,34,11-K,001-09120,17939600,,11-K,222093,0,0,,form11-k_servcoplani2016.htm,11-K
0000788784-17-000016,2017-06-29,2016-12-31,2017-06-29T21:31:02.000Z,34,11-K,001-09120,17939656,,11-K,216298,0,0,,form11-k_servcoplanii2016.htm,11-K
0001225208-17-011681,2017-06-30,2017-06-28,2017-06-30T11:59:39.000Z,,4,,,,4,5446,0,0,,xslF345X03/doc4.xml,
0001225208-17-012359,2017-07-06,2017-07-03,2017-07-06T21:08:10.000Z,,4,,,,4,7969,0,0,,xslF345X03/doc4.xml,
0000000000-17-026181,2017-07-26,,2017-07-26T12:57:39.000Z,,UPLOAD,,,,LETTER,42651,0,0,,filename1.pdf,
0001193125-17-239400,2017-07-28,2017-07-28,2017-07-28T12:21:36.000Z,34,8-K,001-09120,17987922,"2.02,7.01,9.01",8-K,2079529,1,1,,d429044d8k.htm,FORM 8-K
0000788784-17-000019,2017-07-28,2017-06-30,2017-07-28T20:57:44.000Z,34,10-Q,001-09120,17990696,,10-Q,45885081,1,0,,pseg-6302017xq2.htm,10-Q
0001225208-17-013253,2017-08-03,2017-08-01,2017-08-03T20:59:56.000Z,,4,,,,4,8129,0,0,,xslF345X03/doc4.xml,
0001193125-17-247596,2017-08-03,,2017-08-03T21:13:57.000Z,,CORRESP,,,,CORRESP,12493,0,0,,filename1.htm,
0000000000-17-029798,2017-08-23,,2017-08-23T20:07:35.000Z,,UPLOAD,,,,LETTER,37010,0,0,,filename1.pdf,
0001225208-17-014365,2017-08-25,2017-08-23,2017-08-25T19:36:20.000Z,,4,,,,4,5899,0,0,,xslF345X03/doc4.xml,
0001225208-17-015446,2017-09-29,2017-09-12,2017-09-29T19:50:57.000Z,,4,,,,4,5833,0,0,,xslF345X03/doc4.xml,
0001225208-17-015680,2017-10-03,2017-09-29,2017-10-03T15:09:20.000Z,,4,,,,4,5447,0,0,,xslF345X03/doc4.xml,
0001225208-17-015924,2017-10-04,2017-10-02,2017-10-04T20:13:23.000Z,,4,,,,4,7317,0,0,,xslF345X03/doc4.xml,
0001225208-17-016214,2017-10-12,2017-10-02,2017-10-12T13:28:24.000Z,,3,,,,3,4354,0,0,,xslF345X02/doc3.xml,
0001225208-17-016252,2017-10-13,2017-10-12,2017-10-13T22:08:43.000Z,,4,,,,4,7971,0,0,,xslF345X03/doc4.xml,
0001225208-17-016279,2017-10-16,2017-10-13,2017-10-16T20:44:05.000Z,,4,,,,4,7711,0,0,,xslF345X03/doc4.xml,
0001193125-17-315075,2017-10-20,2017-10-20,2017-10-20T17:25:51.000Z,34,8-K,001-09120,171146637,7.01,8-K,21174,0,0,,d479087d8k.htm,FORM 8-K
0001225208-17-016596,2017-10-27,2017-10-26,2017-10-27T18:17:42.000Z,,4,,,,4,7707,0,0,,xslF345X03/doc4.xml,
0001225208-17-016659,2017-10-30,2017-10-27,2017-10-30T20:01:07.000Z,,4,,,,4,7970,0,0,,xslF345X03/doc4.xml,
0001193125-17-325955,2017-10-31,2017-10-31,2017-10-31T12:20:34.000Z,34,8-K,001-09120,171164108,"2.02,7.01,9.01",8-K,2099315,0,0,,d485512d8k.htm,FORM 8-K
0000788784-17-000024,2017-10-31,2017-09-30,2017-10-31T21:09:14.000Z,34,10-Q,001-09120,171166485,,10-Q,46031933,1,0,,pseg-9302017xq3.htm,10-Q
0000891092-17-007910,2017-11-02,,2017-11-02T12:43:08.000Z,33,424B5,333-200352,171170889,,424B5,382632,0,0,,e75888_424b5.htm,PRELIMINARY PROSPECTUS SUPPLEMENT
0000891092-17-007970,2017-11-02,,2017-11-02T20:34:39.000Z,34,FWP,333-200352,171172932,,FWP,15503,0,0,,e76343fwp.htm,FINAL TERM SHEET
0001225208-17-016814,2017-11-02,2017-11-01,2017-11-02T20:37:01.000Z,,4,,,,4,9761,0,0,,xslF345X03/doc4.xml,
0000891092-17-008014,2017-11-03,,2017-11-03T17:40:14.000Z,33,424B2,333-200352,171175712,,424B2,387486,0,0,,e76230_424b2.htm,FINAL PROSPECTUS SUPPLEMENT
0000891092-17-008069,2017-11-06,2017-11-02,2017-11-06T21:34:45.000Z,34,8-K,001-09120,171179833,"8.01,9.01",8-K,280089,0,0,,e76401_8k.htm,FORM 8-K
0001225208-17-017210,2017-11-13,2017-11-09,2017-11-13T20:40:19.000Z,,4,,,,4,8154,0,0,,xslF345X03/doc4.xml,
0000891092-17-008314,2017-11-17,,2017-11-17T18:28:00.000Z,33,S-3ASR,333-221638,171210387,,S-3ASR,942868,0,0,,e74559s3asr.htm,FORM S-3ASR
0001193125-17-349035,2017-11-21,2017-11-21,2017-11-21T18:10:33.000Z,34,8-K,001-09120,171216059,8.01,8-K,21902,0,0,,d497189d8k.htm,FORM 8-K
0001225208-17-017593,2017-11-21,2017-11-17,2017-11-22T01:06:51.000Z,,4,,,,4,5899,0,0,,xslF345X03/doc4.xml,
0001225208-17-018154,2017-12-04,2017-12-01,2017-12-05T00:58:36.000Z,,4,,,,4,5943,0,0,,xslF345X03/doc4.xml,
0001225208-17-019012,2017-12-21,2017-12-19,2017-12-21T23:49:08.000Z,,4,,,,4,5456,0,0,,xslF345X03/doc4.xml,
0001193125-17-377420,2017-12-22,2017-12-19,2017-12-22T18:05:55.000Z,34,8-K,001-09120,171272081,"5.02,9.01",8-K,34251,0,0,,d462141d8k.htm,FORM 8-K
0001225208-18-000394,2018-01-03,2018-01-02,2018-01-03T22:10:34.000Z,,4,,,,4,4567,0,0,,xslF345X03/doc4.xml,
0001225208-18-000738,2018-01-04,2018-01-02,2018-01-05T00:20:29.000Z,,4,,,,4,4409,0,0,,xslF345X03/doc4.xml,
0001225208-18-000739,2018-01-04,2018-01-02,2018-01-05T00:20:33.000Z,,4,,,,4,5082,0,0,,xslF345X03/doc4.xml,
0001225208-18-000740,2018-01-04,2018-01-02,2018-01-05T00:20:37.000Z,,4,,,,4,4940,0,0,,xslF345X03/doc4.xml,
0001225208-18-000741,2018-01-04,2018-01-02,2018-01-05T00:20:41.000Z,,4,,,,4,4333,0,0,,xslF345X03/doc4.xml,
0001225208-18-000742,2018-01-04,2018-01-02,2018-01-05T00:20:45.000Z,,4,,,,4,5715,0,0,,xslF345X03/doc4.xml,
0001225208-18-000743,2018-01-04,2018-01-02,2018-01-05T00:20:49.000Z,,4,,,,4,8106,0,0,,xslF345X03/doc4.xml,
0001193125-18-008613,2018-01-11,2018-01-11,2018-01-11T13:04:53.000Z,34,8-K,001-09120,18522708,7.01,8-K,37326,0,0,,d508807d8k.htm,FORM 8-K
0000215457-18-002524,2018-01-23,,2018-01-23T22:12:10.000Z,34,SC 13G/A,005-44133,18543349,,SC 13G/A,13917,0,0,,us7445731067_012318.txt,
0001225208-18-002030,2018-02-02,2018-02-01,2018-02-02T19:03:43.000Z,,4,,,,4,4730,0,0,,xslF345X03/doc4.xml,
0000891092-18-001124,2018-02-09,,2018-02-09T21:32:54.000Z,33,424B3,333-221638,18592254,,424B3,22152,0,0,,e77650_424b3.htm,SUPPLEMENT
0000932471-18-004575,2018-02-12,,2018-02-12T14:30:24.000Z,34,SC 13G/A,005-44133,18594208,,SC 13G/A,45528,0,0,,publicserviceenterprisegroup.htm,
0000093751-18-000208,2018-02-14,,2018-02-14T15:29:57.000Z,34,SC 13G,005-44133,18608471,,SC 13G,8970,0,0,,PUBLICSERVICEENTERPRISE.txt,PUBLIC SERVICE ENTERPRISE GROUP INCORPORATED
0001193125-18-054324,2018-02-22,2017-12-19,2018-02-22T22:27:55.000Z,34,8-K/A,001-09120,18633679,5.02,8-K/A,16416,0,0,,d536571d8ka.htm,AMENDMENT NO. 1 TO FORM 8-K
0001225208-18-003904,2018-02-22,2018-02-20,2018-02-23T00:48:40.000Z,,4,,,,4,4489,0,0,,xslF345X03/doc4.xml,
0001225208-18-003905,2018-02-22,2018-02-20,2018-02-23T00:48:44.000Z,,4,,,,4,4449,0,0,,xslF345X03/doc4.xml,
0001225208-18-003906,2018-02-22,2018-02-20,2018-02-23T00:48:48.000Z,,4,,,,4,5170,0,0,,xslF345X03/doc4.xml,
0001225208-18-003907,2018-02-22,2018-02-20,2018-02-23T00:48:52.000Z,,4,,,,4,5143,0,0,,xslF345X03/doc4.xml,
0001225208-18-003908,2018-02-22,2018-02-20,2018-02-23T00:48:55.000Z,,4,,,,4,5937,0,0,,xslF345X03/doc4.xml,
0001225208-18-003909,2018-02-22,2018-02-20,2018-02-23T00:48:59.000Z,,4,,,,4,4470,0,0,,xslF345X03/doc4.xml,
0001225208-18-003910,2018-02-22,2018-02-20,2018-02-23T00:49:03.000Z,,4,,,,4,5944,0,0,,xslF345X03/doc4.xml,
0001193125-18-054974,2018-02-23,2018-02-23,2018-02-23T13:31:05.000Z,34,8-K,001-09120,18634706,"2.02,7.01,9.01",8-K,2395944,0,0,,d532537d8k.htm,FORM 8-K
0000788784-18-000004,2018-02-26,2017-12-31,2018-02-26T14:22:03.000Z,34,10-K,001-09120,18638828,,10-K,81239897,1,0,,pseg201710kq4.htm,10-K
0001225208-18-004307,2018-02-27,2018-02-20,2018-02-27T15:09:08.000Z,,3,,,,3,2945,0,0,,xslF345X02/doc3.xml,
0001193125-18-068154,2018-03-02,2018-02-28,2018-03-02T13:31:00.000Z,34,8-K,001-09120,18660066,7.01,8-K,24292,0,0,,d524308d8k.htm,FORM 8-K
0001225208-18-005056,2018-03-02,2018-03-01,2018-03-02T17:35:39.000Z,,4,,,,4,4567,0,0,,xslF345X03/doc4.xml,
0001225208-18-005334,2018-03-05,2018-03-01,2018-03-06T00:13:06.000Z,,4,,,,4,4322,0,0,,xslF345X03/doc4.xml,
0001225208-18-005335,2018-03-05,2018-03-01,2018-03-06T00:13:10.000Z,,4,,,,4,5553,0,0,,xslF345X03/doc4.xml,
0001225208-18-005336,2018-03-05,2018-03-01,2018-03-06T00:13:15.000Z,,4,,,,4,4343,0,0,,xslF345X03/doc4.xml,
0001225208-18-005337,2018-03-05,2018-03-01,2018-03-06T00:13:18.000Z,,4,,,,4,4436,0,0,,xslF345X03/doc4.xml,
0001225208-18-005338,2018-03-05,2018-03-01,2018-03-06T00:13:23.000Z,,4,,,,4,5016,0,0,,xslF345X03/doc4.xml,
0001225208-18-005339,2018-03-05,2018-03-01,2018-03-06T00:13:26.000Z,,4,,,,4,5211,0,0,,xslF345X03/doc4.xml,
0001225208-18-005340,2018-03-05,2018-03-01,2018-03-06T00:13:30.000Z,,4,,,,4,5817,0,0,,xslF345X03/doc4.xml,
0001193125-18-080174,2018-03-13,2018-04-17,2018-03-13T14:02:01.000Z,34,DEF 14A,001-09120,18685466,,DEF 14A,4841184,0,0,,d506614ddef14a.htm,DEF 14A
0001225208-18-007158,2018-04-03,2018-04-02,2018-04-03T20:11:44.000Z,,4,,,,4,4567,0,0,,xslF345X03/doc4.xml,
0001225208-18-007320,2018-04-04,2018-04-02,2018-04-04T19:48:52.000Z,,4,,,,4,5510,0,0,,xslF345X03/doc4.xml,
0001225208-18-007798,2018-04-17,2018-04-16,2018-04-17T19:10:56.000Z,,4,,,,4,4549,0,0,,xslF345X03/doc4.xml,
0001193125-18-124988,2018-04-20,2018-04-17,2018-04-20T20:36:55.000Z,34,8-K,001-09120,18767165,5.07,8-K,33236,0,0,,d543903d8k.htm,FORM 8-K
0001193125-18-141096,2018-04-30,2018-04-30,2018-04-30T13:02:01.000Z,34,8-K,001-09120,18786902,"2.02,7.01,9.01",8-K,10790499,0,0,,d559700d8k.htm,FORM 8-K
0000788784-18-000007,2018-04-30,2018-03-31,2018-04-30T21:24:58.000Z,34,10-Q,001-09120,18791513,,10-Q,39903551,1,0,,pseg-3312018xq1.htm,10-Q
0001225208-18-008487,2018-05-02,2018-05-01,2018-05-02T18:59:24.000Z,,4,,,,4,5669,0,0,,xslF345X03/doc4.xml,
0001225208-18-008488,2018-05-02,2018-05-01,2018-05-02T18:59:28.000Z,,4,,,,4,5662,0,0,,xslF345X03/doc4.xml,
0001225208-18-008489,2018-05-02,2018-05-01,2018-05-02T18:59:32.000Z,,4,,,,4,5641,0,0,,xslF345X03/doc4.xml,
0001225208-18-008490,2018-05-02,2018-05-01,2018-05-02T18:59:36.000Z,,4,,,,4,5517,0,0,,xslF345X03/doc4.xml,
0001225208-18-008491,2018-05-02,2018-05-01,2018-05-02T18:59:40.000Z,,4,,,,4,5518,0,0,,xslF345X03/doc4.xml,
0001225208-18-008492,2018-05-02,2018-05-01,2018-05-02T18:59:44.000Z,,4,,,,4,5629,0,0,,xslF345X03/doc4.xml,
0001225208-18-008493,2018-05-02,2018-05-01,2018-05-02T18:59:48.000Z,,4,,,,4,5657,0,0,,xslF345X03/doc4.xml,
0001225208-18-008494,2018-05-02,2018-05-01,2018-05-02T18:59:53.000Z,,4,,,,4,5651,0,0,,xslF345X03/doc4.xml,
0001225208-18-008495,2018-05-02,2018-05-01,2018-05-02T18:59:57.000Z,,4,,,,4,5655,0,0,,xslF345X03/doc4.xml,
0001225208-18-008496,2018-05-02,2018-05-01,2018-05-02T19:00:01.000Z,,4,,,,4,5498,0,0,,xslF345X03/doc4.xml,
0001225208-18-008598,2018-05-03,2018-05-01,2018-05-03T17:14:54.000Z,,4,,,,4,4567,0,0,,xslF345X03/doc4.xml,
0001193125-18-179412,2018-05-31,2018-05-31,2018-05-31T11:01:17.000Z,34,8-K,001-09120,18869987,"7.01,9.01",8-K,46057047,0,0,,d474366d8k.htm,FORM 8-K
0001225208-18-010098,2018-06-04,2018-06-01,2018-06-04T19:11:58.000Z,,4,,,,4,4730,0,0,,xslF345X03/doc4.xml,
0000788784-18-000013,2018-06-29,2017-12-31,2018-06-29T20:28:59.000Z,34,11-K,001-09120,18929617,,11-K,218311,0,0,,form11-k_servcoplanii2017.htm,11-K
0000788784-18-000015,2018-06-29,2017-12-31,2018-06-29T20:36:32.000Z,34,11-K,001-09120,18929728,,11-K,228625,0,0,,form11-k_servcoplani2017.htm,11-K
0000788784-18-000017,2018-06-29,2017-12-31,2018-06-29T20:55:59.000Z,34,11-K,001-09120,18929928,,11-K,294265,0,0,,form11k_employeesavingspla.htm,11-K
0000788784-18-000019,2018-06-29,2017-12-31,2018-06-29T21:06:44.000Z,34,11-K,001-09120,18930038,,11-K,295925,0,0,,form11k_thrifplan2017.htm,11-K
0001225208-18-011159,2018-07-03,2018-07-02,2018-07-03T14:12:14.000Z,,4,,,,4,4567,0,0,,xslF345X03/doc4.xml,
0001225208-18-011294,2018-07-03,2018-06-29,2018-07-03T19:08:48.000Z,,4,,,,4,5485,0,0,,xslF345X03/doc4.xml,
0001193125-18-234016,2018-08-01,2018-08-01,2018-08-01T12:33:10.000Z,34,8-K,001-09120,18983140,"2.02,7.01,9.01",8-K,10794199,0,0,,d587301d8k.htm,FORM 8-K
0000788784-18-000022,2018-08-01,2018-06-30,2018-08-01T20:40:21.000Z,34,10-Q,001-09120,18985320,,10-Q,47937082,1,0,,pseg-6302018xq2.htm,10-Q
0001225208-18-012196,2018-08-02,2018-08-01,2018-08-02T20:42:26.000Z,,4,,,,4,10283,0,0,,xslF345X03/doc4.xml,
0000000000-18-025984,2018-08-21,,2018-08-21T19:29:52.000Z,,UPLOAD,,,,LETTER,48118,0,0,,filename1.pdf,
0001193125-18-265112,2018-08-31,,2018-08-31T21:00:58.000Z,,CORRESP,,,,CORRESP,26511,0,0,,filename1.htm,
0001225208-18-013197,2018-09-06,2018-09-04,2018-09-06T13:24:53.000Z,,4,,,,4,9396,0,0,,xslF345X03/doc4.xml,
0000000000-18-027883,2018-09-07,,2018-09-07T20:44:50.000Z,,UPLOAD,,,,LETTER,38089,0,0,,filename1.pdf,
0001225208-18-013931,2018-10-01,2018-09-27,2018-10-01T20:36:20.000Z,,4,,,,4,5428,0,0,,xslF345X03/doc4.xml,
0001225208-18-014038,2018-10-02,2018-10-01,2018-10-02T18:57:24.000Z,,4,,,,4,9612,0,0,,xslF345X03/doc4.xml,
0001193125-18-311364,2018-10-30,2018-10-30,2018-10-30T12:39:44.000Z,34,8-K,001-09120,181145601,"2.02,7.01,9.01",8-K,10989703,0,0,,d645180d8k.htm,FORM 8-K
0000788784-18-000026,2018-10-30,2018-09-30,2018-10-30T21:26:59.000Z,34,10-Q,001-09120,181147981,,10-Q,48417031,1,0,,pseg-9302018xq3.htm,10-Q
0001225208-18-015153,2018-11-05,2018-11-01,2018-11-05T14:22:28.000Z,,4,,,,4,9776,0,0,,xslF345X03/doc4.xml,
0001225208-18-015169,2018-11-05,2018-11-01,2018-11-05T19:21:42.000Z,,4,,,,4,5884,0,0,,xslF345X03/doc4.xml,
0001193125-18-326203,2018-11-14,2018-11-08,2018-11-14T13:30:59.000Z,34,8-K,001-09120,181180533,5.02,8-K,15735,0,0,,d652019d8k.htm,FORM 8-K
0001225208-18-016051,2018-12-03,2018-11-30,2018-12-03T16:05:58.000Z,,4,,,,4,4761,0,0,,xslF345X03/doc4.xml,
0001225208-18-016237,2018-12-06,2018-12-03,2018-12-06T11:01:35.000Z,,4,,,,4,9612,0,0,,xslF345X03/doc4.xml,
0001193125-18-354022,2018-12-20,2018-12-18,2018-12-20T14:43:35.000Z,34,8-K,001-09120,181244861,"5.02,9.01",8-K,35163,0,0,,d676186d8k.htm,FORM 8-K
0001225208-19-000336,2019-01-03,2019-01-02,2019-01-03T20:53:37.000Z,,4,,,,4,10985,0,0,,xslF345X03/doc4.xml,
0001225208-19-000421,2019-01-03,2018-12-31,2019-01-03T21:40:54.000Z,,4,,,,4,5253,0,0,,xslF345X03/doc4.xml,
0001225208-19-000611,2019-01-04,2019-01-02,2019-01-04T22:06:29.000Z,,4,,,,4,5782,0,0,,xslF345X03/doc4.xml,
0001225208-19-000612,2019-01-04,2019-01-02,2019-01-04T22:06:36.000Z,,4,,,,4,4333,0,0,,xslF345X03/doc4.xml,
0001225208-19-000613,2019-01-04,2019-01-02,2019-01-04T22:06:40.000Z,,4,,,,4,4388,0,0,,xslF345X03/doc4.xml,
0001225208-19-000614,2019-01-04,2019-01-02,2019-01-04T22:06:44.000Z,,4,,,,4,5108,0,0,,xslF345X03/doc4.xml,
0001225208-19-000615,2019-01-04,2019-01-02,2019-01-04T22:06:49.000Z,,4,,,,4,5082,0,0,,xslF345X03/doc4.xml,
0001225208-19-000616,2019-01-04,2019-01-02,2019-01-04T22:06:54.000Z,,4,,,,4,5715,0,0,,xslF345X03/doc4.xml,
0001225208-19-000669,2019-01-07,2019-01-01,2019-01-07T21:18:59.000Z,,3,,,,3,6672,0,0,,xslF345X02/doc3.xml,
0001193125-19-009834,2019-01-15,2019-01-10,2019-01-15T22:00:03.000Z,34,8-K,001-09120,19527552,"5.02,9.01",8-K,32766,0,0,,d611059d8k.htm,FORM 8-K
0001225208-19-000896,2019-01-16,2019-01-14,2019-01-16T21:48:14.000Z,,4,,,,4,12634,0,0,,xslF345X03/doc4.xml,
0001193125-19-011548,2019-01-17,2019-01-14,2019-01-17T21:31:02.000Z,34,8-K,001-09120,19531259,5.02,8-K,15636,0,0,,d658922d8k.htm,8-K
0001225208-19-001758,2019-02-05,2019-02-01,2019-02-05T13:54:45.000Z,,4,,,,4,9725,0,0,,xslF345X03/doc4.xml,
0000215457-19-004998,2019-02-06,,2019-02-06T20:16:55.000Z,34,SC 13G/A,005-44133,19571311,,SC 13G/A,13886,0,0,,us7445731067_020519.txt,
0000932471-19-005973,2019-02-12,,2019-02-12T17:07:56.000Z,34,SC 13G/A,005-44133,19589159,,SC 13G/A,34412,0,0,,publicserviceenterprisegroup.htm,
0001422849-19-000099,2019-02-14,,2019-02-13T23:36:07.000Z,34,SC 13G,005-44133,19599645,,SC 13G,8430,0,0,,edgpeg.txt,SC 13G
0000093751-19-000290,2019-02-14,,2019-02-14T15:45:12.000Z,34,SC 13G,005-44133,19602387,,SC 13G,9120,0,0,,PublicServiceEnterpriseGroup.txt,PUBLIC SERVICE ENTERPRISE GROUP INCORPORATED
0001225208-19-003516,2019-02-25,2019-02-19,2019-02-25T22:10:17.000Z,,4,,,,4,4322,0,0,,xslF345X03/doc4.xml,
0001225208-19-003517,2019-02-25,2019-02-19,2019-02-25T22:10:22.000Z,,4,,,,4,4563,0,0,,xslF345X03/doc4.xml,
0001225208-19-003518,2019-02-25,2019-02-19,2019-02-25T22:10:30.000Z,,4,,,,4,4450,0,0,,xslF345X03/doc4.xml,
0001225208-19-003519,2019-02-25,2019-02-19,2019-02-25T22:10:34.000Z,,4,,,,4,4471,0,0,,xslF345X03/doc4.xml,
0001225208-19-003520,2019-02-25,2019-02-19,2019-02-25T22:10:39.000Z,,4,,,,4,5144,0,0,,xslF345X03/doc4.xml,
0001225208-19-003521,2019-02-25,2019-02-19,2019-02-25T22:10:44.000Z,,4,,,,4,5945,0,0,,xslF345X03/doc4.xml,
0001225208-19-003522,2019-02-25,2019-02-19,2019-02-25T22:10:48.000Z,,4,,,,4,5171,0,0,,xslF345X03/doc4.xml,
0001193125-19-052958,2019-02-27,2019-02-27,2019-02-27T13:31:14.000Z,34,8-K,001-09120,19635908,"2.02,7.01,9.01",8-K,12842219,0,0,,d710229d8k.htm,FORM 8-K
0000788784-19-000005,2019-02-28,2018-12-31,2019-02-28T00:35:09.000Z,34,10-K,001-09120,19639841,,10-K,83058190,1,0,,pseg201810k.htm,10-K
0001225208-19-004389,2019-03-04,2019-03-01,2019-03-04T22:16:33.000Z,,4,,,,4,11074,0,0,,xslF345X03/doc4.xml,
0001225208-19-004623,2019-03-05,2019-03-01,2019-03-05T22:01:02.000Z,,4,,,,4,5553,0,0,,xslF345X03/doc4.xml,
0001225208-19-004624,2019-03-05,2019-03-01,2019-03-05T22:01:06.000Z,,4,,,,4,6705,0,0,,xslF345X03/doc4.xml,
0001225208-19-004625,2019-03-05,2019-03-01,2019-03-05T22:01:10.000Z,,4,,,,4,4322,0,0,,xslF345X03/doc4.xml,
0001225208-19-004626,2019-03-05,2019-03-01,2019-03-05T22:01:14.000Z,,4,,,,4,5043,0,0,,xslF345X03/doc4.xml,
0001225208-19-004627,2019-03-05,2019-03-01,2019-03-05T22:01:18.000Z,,4,,,,4,5817,0,0,,xslF345X03/doc4.xml,
0001225208-19-004628,2019-03-05,2019-03-01,2019-03-05T22:01:22.000Z,,4,,,,4,4436,0,0,,xslF345X03/doc4.xml,
0001225208-19-004629,2019-03-05,2019-03-01,2019-03-05T22:01:26.000Z,,4,,,,4,4343,0,0,,xslF345X03/doc4.xml,
0001193125-19-071951,2019-03-12,2019-04-16,2019-03-12T20:15:41.000Z,34,DEF 14A,001-09120,19675237,,DEF 14A,4685187,0,0,,d713141ddef14a.htm,DEF 14A
0001225208-19-005274,2019-03-14,2019-03-11,2019-03-14T19:31:46.000Z,,3,,,,3,4172,0,0,,xslF345X02/doc3.xml,
0001225208-19-005784,2019-03-26,2019-03-22,2019-03-26T20:00:24.000Z,,4,,,,4,5427,0,0,,xslF345X03/doc4.xml,
0001225208-19-006188,2019-04-02,2019-03-29,2019-04-02T21:33:17.000Z,,4,,,,4,4996,0,0,,xslF345X03/doc4.xml,
0001225208-19-006201,2019-04-02,2019-04-01,2019-04-02T23:12:24.000Z,,4,,,,4,9612,0,0,,xslF345X03/doc4.xml,
0001225208-19-006845,2019-04-16,2019-04-15,2019-04-16T20:21:46.000Z,,4,,,,4,4554,0,0,,xslF345X03/doc4.xml,
0001193125-19-107866,2019-04-16,2019-04-16,2019-04-16T20:26:32.000Z,34,8-K,001-09120,19751274,7.01,8-K,23392,0,0,,d632389d8k.htm,FORM 8-K
0001193125-19-110949,2019-04-18,2019-04-18,2019-04-18T20:32:03.000Z,34,8-K,001-09120,19756286,8.01,8-K,22143,0,0,,d738161d8k.htm,FORM 8-K
0001193125-19-112396,2019-04-19,2019-04-16,2019-04-19T20:30:35.000Z,34,8-K,001-09120,19758137,5.07,8-K,31149,0,0,,d728527d8k.htm,FORM 8-K
0001225208-19-007148,2019-04-24,2019-04-22,2019-04-24T19:18:45.000Z,,4,,,,4,4808,0,0,,xslF345X03/doc4.xml,
0001193125-19-133980,2019-05-02,2019-05-02,2019-05-02T12:51:04.000Z,34,8-K,001-09120,19789946,"2.02,7.01,9.01",8-K,9164442,0,0,,d734271d8k.htm,8-K
0000788784-19-000009,2019-05-02,2019-03-31,2019-05-02T20:51:04.000Z,34,10-Q,001-09120,19792684,,10-Q,43216120,1,0,,pseg-3312019q110xq.htm,10-Q
0001225208-19-007600,2019-05-02,2019-05-01,2019-05-02T21:11:30.000Z,,4,,,,4,4645,0,0,,xslF345X03/doc4.xml,
0001225208-19-007601,2019-05-02,2019-05-01,2019-05-02T21:11:34.000Z,,4,,,,4,5670,0,0,,xslF345X03/doc4.xml,
0001225208-19-007602,2019-05-02,2019-05-01,2019-05-02T21:11:38.000Z,,4,,,,4,5662,0,0,,xslF345X03/doc4.xml,
0001225208-19-007603,2019-05-02,2019-05-01,2019-05-02T21:11:42.000Z,,4,,,,4,5641,0,0,,xslF345X03/doc4.xml,
0001225208-19-007604,2019-05-02,2019-05-01,2019-05-02T21:11:46.000Z,,4,,,,4,5517,0,0,,xslF345X03/doc4.xml,
0001225208-19-007605,2019-05-02,2019-05-01,2019-05-02T21:11:49.000Z,,4,,,,4,5672,0,0,,xslF345X03/doc4.xml,
0001225208-19-007606,2019-05-02,2019-05-01,2019-05-02T21:11:54.000Z,,4,,,,4,5491,0,0,,xslF345X03/doc4.xml,
0001225208-19-007607,2019-05-02,2019-05-01,2019-05-02T21:11:58.000Z,,4,,,,4,5657,0,0,,xslF345X03/doc4.xml,
0001225208-19-007608,2019-05-02,2019-05-01,2019-05-02T21:12:02.000Z,,4,,,,4,5651,0,0,,xslF345X03/doc4.xml,
0001225208-19-007609,2019-05-02,2019-05-01,2019-05-02T21:12:06.000Z,,4,,,,4,5655,0,0,,xslF345X03/doc4.xml,
0001225208-19-007610,2019-05-02,2019-05-01,2019-05-02T21:12:10.000Z,,4,,,,4,9774,0,0,,xslF345X03/doc4.xml,
0001225208-19-008132,2019-05-17,2019-05-15,2019-05-17T14:25:22.000Z,,4,,,,4,4436,0,0,,xslF345X03/doc4.xml,
0001193125-19-158904,2019-05-29,2019-05-29,2019-05-29T12:01:52.000Z,34,8-K,001-09120,19859860,"7.01,9.01",8-K,50076795,0,0,,d753491d8k.htm,8-K
0000891092-19-006280,2019-06-03,,2019-06-03T13:14:33.000Z,33,424B5,333-221638,19872323,,424B5,383604,0,0,,e5178_424b5.htm,PRELIMINARY PRICING SUPPLEMENT
0000891092-19-006305,2019-06-03,,2019-06-03T20:21:16.000Z,34,FWP,333-221638,19873547,,FWP,14831,0,0,,e5486fwp.htm,FINAL TERM SHEET
0000891092-19-006360,2019-06-04,,2019-06-04T20:05:42.000Z,33,424B2,333-221638,19876624,,424B2,384558,0,0,,e5504_424b2.htm,FINAL PROSPECTUS
0001225208-19-008879,2019-06-05,2019-06-03,2019-06-05T18:37:45.000Z,,4,,,,4,4645,0,0,,xslF345X03/doc4.xml,
0001225208-19-008880,2019-06-05,2019-06-03,2019-06-05T18:37:50.000Z,,4,,,,4,9612,0,0,,xslF345X03/doc4.xml,
0000891092-19-006412,2019-06-05,2019-06-03,2019-06-05T20:20:57.000Z,34,8-K,001-09120,19879940,"8.01,9.01",8-K,285093,0,0,,e5510-8k.htm,CURRENT REPORT
0001225208-19-009405,2019-06-18,2019-06-17,2019-06-18T23:47:45.000Z,,4,,,,4,4268,0,0,,xslF345X03/doc4.xml,
0001193125-19-178954,2019-06-21,2019-06-20,2019-06-21T21:15:03.000Z,34,8-K,001-09120,19912377,"2.05,2.06",8-K,26360,0,0,,d765476d8k.htm,FORM 8-K
0000788784-19-000016,2019-06-28,2018-12-31,2019-06-28T20:49:39.000Z,34,11-K,001-09120,19930068,,11-K,325305,0,0,,form11k_employeesavingspla.htm,11-K
0000788784-19-000018,2019-06-28,2018-12-31,2019-06-28T20:57:46.000Z,34,11-K,001-09120,19930154,,11-K,326791,0,0,,form11k_thrifplan2018.htm,11-K
0000788784-19-000020,2019-06-28,2018-12-31,2019-06-28T21:02:56.000Z,34,11-K,001-09120,19930235,,11-K,246269,0,0,,form11-k_servcoplani2018.htm,11-K
0000788784-19-000022,2019-06-28,2018-12-31,2019-06-28T21:09:19.000Z,34,11-K,001-09120,19930334,,11-K,236582,0,0,,form11-k_servcoplanii2018.htm,11-K
0001225208-19-009888,2019-07-02,2019-07-01,2019-07-02T21:17:01.000Z,,4,,,,4,9612,0,0,,xslF345X03/doc4.xml,
0001225208-19-010250,2019-07-16,2019-07-15,2019-07-16T11:54:54.000Z,,4,,,,4,4268,0,0,,xslF345X03/doc4.xml,
0001193125-19-206292,2019-07-30,2019-07-30,2019-07-30T13:00:59.000Z,34,8-K,001-09120,19983377,"2.02,7.01,9.01",8-K,2225613,0,0,,d763237d8k.htm,FORM 8-K
0001225208-19-010711,2019-07-30,2019-07-01,2019-07-31T00:04:43.000Z,,4,,,,4,4645,0,0,,xslF345X03/doc4.xml,
0000788784-19-000028,2019-07-31,2019-06-30,2019-07-30T21:49:56.000Z,34,10-Q,001-09120,19986690,,XBRL,53834161,1,1,,pseg-6302019q210xq.htm,10-Q
0001225208-19-010800,2019-08-01,2019-08-01,2019-08-02T00:41:51.000Z,,4,,,,4,9771,0,0,,xslF345X03/doc4.xml,
0001225208-19-010818,2019-08-02,2019-08-01,2019-08-02T19:06:11.000Z,,4,,,,4,4645,0,0,,xslF345X03/doc4.xml,
0001225208-19-011578,2019-08-16,2019-08-15,2019-08-16T20:33:59.000Z,,4,,,,4,4437,0,0,,xslF345X03/doc4.xml,
0001225208-19-012052,2019-09-03,2019-08-29,2019-09-03T20:50:57.000Z,,4,,,,4,6087,0,0,,xslF345X03/doc4.xml,
0001225208-19-012183,2019-09-05,2019-09-03,2019-09-05T17:09:20.000Z,,4,,,,4,4808,0,0,,xslF345X03/doc4.xml,
0001225208-19-012633,2019-09-17,2019-09-16,2019-09-17T21:00:33.000Z,,4,,,,4,4269,0,0,,xslF345X03/doc4.xml,
0001225208-19-013121,2019-10-03,2019-10-01,2019-10-03T18:48:36.000Z,,4,,,,4,4645,0,0,,xslF345X03/doc4.xml,
0001225208-19-013427,2019-10-16,2019-10-15,2019-10-16T15:51:44.000Z,,4,,,,4,4437,0,0,,xslF345X03/doc4.xml,
0001225208-19-013453,2019-10-17,2019-10-15,2019-10-17T15:34:11.000Z,,4,,,,4,5145,0,0,,xslF345X03/doc4.xml,
0001193125-19-279757,2019-10-31,2019-10-31,2019-10-31T13:00:54.000Z,34,8-K,001-09120,191182251,"2.02,7.01,9.01",XBRL,2379772,1,1,,d785550d8k.htm,FORM 8-K
0000788784-19-000032,2019-10-31,2019-09-30,2019-10-31T20:52:39.000Z,34,10-Q,001-09120,191184281,,XBRL,54410251,1,1,,pseg-9302019q310xq.htm,10-Q
0001225208-19-014068,2019-11-04,2019-11-01,2019-11-05T01:02:32.000Z,,4,,,,4,4808,0,0,,xslF345X03/doc4.xml,
0001225208-19-014640,2019-11-18,2019-11-15,2019-11-19T02:47:23.000Z,,4,,,,4,4269,0,0,,xslF345X03/doc4.xml,
0001225208-19-014653,2019-11-19,2019-11-15,2019-11-19T20:10:03.000Z,,4,,,,4,4977,0,0,,xslF345X03/doc4.xml,
0001193125-19-298639,2019-11-22,2019-11-19,2019-11-22T21:55:10.000Z,34,8-K,001-09120,191242342,"5.02,8.01,9.01",XBRL,191349,1,1,,d722321d8k.htm,8-K
0001225208-19-014998,2019-11-27,2019-11-19,2019-11-27T18:57:43.000Z,,3,,,,3,6777,0,0,,xslF345X02/doc3.xml,
0001225208-19-015179,2019-12-03,2019-12-02,2019-12-03T20:51:40.000Z,,4,,,,4,4645,0,0,,xslF345X03/doc4.xml,
0001225208-19-015902,2019-12-17,2019-12-16,2019-12-17T20:46:54.000Z,,4,,,,4,4269,0,0,,xslF345X03/doc4.xml,
0001225208-19-015903,2019-12-17,2019-12-16,2019-12-17T20:46:58.000Z,,4,,,,4,4977,0,0,,xslF345X03/doc4.xml,
0001225208-20-000172,2020-01-03,2020-01-02,2020-01-03T19:24:11.000Z,,4,,,,4,4615,0,0,,xslF345X03/doc4.xml,
0001225208-20-000508,2020-01-06,2020-01-02,2020-01-06T21:07:25.000Z,,4,,,,4,4927,0,0,,xslF345X03/doc4.xml,
0001225208-20-000509,2020-01-06,2020-01-02,2020-01-06T21:07:29.000Z,,4,,,,4,5782,0,0,,xslF345X03/doc4.xml,
0001225208-20-000510,2020-01-06,2020-01-02,2020-01-06T21:07:33.000Z,,4,,,,4,4304,0,0,,xslF345X03/doc4.xml,
0001225208-20-000511,2020-01-06,2020-01-02,2020-01-06T21:07:37.000Z,,4,,,,4,5882,0,0,,xslF345X03/doc4.xml,
0001225208-20-000512,2020-01-06,2020-01-02,2020-01-06T21:07:41.000Z,,4,,,,4,4220,0,0,,xslF345X03/doc4.xml,
0001225208-20-000513,2020-01-06,2020-01-02,2020-01-06T21:07:45.000Z,,4,,,,4,5098,0,0,,xslF345X03/doc4.xml,
0001225208-20-000911,2020-01-17,2020-01-15,2020-01-17T22:10:51.000Z,,4,,,,4,4268,0,0,,xslF345X03/doc4.xml,
0001225208-20-000912,2020-01-17,2020-01-15,2020-01-17T22:10:55.000Z,,4,,,,4,4976,0,0,,xslF345X03/doc4.xml,
0001225208-20-001185,2020-01-27,2020-01-23,2020-01-27T21:33:12.000Z,,4,,,,4,14087,0,0,,xslF345X03/doc4.xml,
0001225208-20-001550,2020-02-04,2020-02-03,2020-02-04T20:33:04.000Z,,4,,,,4,4352,0,0,,xslF345X03/doc4.xml,
0000834237-20-006006,2020-02-05,,2020-02-05T17:16:33.000Z,34,SC 13G/A,005-44133,20577836,,SC 13G/A,13866,0,0,,us7445731067_020520.txt,
0001104659-20-018242,2020-02-12,,2020-02-12T14:23:48.000Z,34,SC 13G/A,005-44133,20600470,,SC 13G/A,13782,0,0,,tv01539-publicserviceenterpr.htm,SCHEDULE 13G/A
0000093751-20-000403,2020-02-13,,2020-02-13T17:16:34.000Z,34,SC 13G,005-44133,20608295,,SC 13G,8991,0,0,,PublicServiceEnterpriseGroup.txt,
0001422849-20-000092,2020-02-14,,2020-02-14T02:26:16.000Z,34,SC 13G/A,005-44133,20613358,,SC 13G/A,8442,0,0,,edgpeg.txt,SC 13G/A
0001225208-20-002939,2020-02-20,2020-02-18,2020-02-20T21:01:21.000Z,,4,,,,4,6019,0,0,,xslF345X03/doc4.xml,
0001225208-20-002940,2020-02-20,2020-02-18,2020-02-20T21:01:25.000Z,,4,,,,4,5956,0,0,,xslF345X03/doc4.xml,
0001225208-20-002941,2020-02-20,2020-02-18,2020-02-20T21:01:30.000Z,,4,,,,4,4507,0,0,,xslF345X03/doc4.xml,
0001225208-20-002942,2020-02-20,2020-02-18,2020-02-20T21:01:34.000Z,,4,,,,4,4571,0,0,,xslF345X03/doc4.xml,
0001225208-20-002943,2020-02-20,2020-02-18,2020-02-20T21:01:39.000Z,,4,,,,4,6727,0,0,,xslF345X03/doc4.xml,
0001225208-20-002944,2020-02-20,2020-02-18,2020-02-20T21:01:43.000Z,,4,,,,4,5197,0,0,,xslF345X03/doc4.xml,
0001225208-20-002945,2020-02-20,2020-02-18,2020-02-20T21:01:47.000Z,,4,,,,4,5980,0,0,,xslF345X03/doc4.xml,
0001193125-20-044779,2020-02-21,2020-02-17,2020-02-21T21:30:39.000Z,34,8-K,001-09120,20640472,5.02,XBRL,145278,1,1,,d881839d8k.htm,8-K
0001225208-20-003407,2020-02-25,2020-02-18,2020-02-25T19:45:07.000Z,,3,,,,3,2900,0,0,,xslF345X02/doc3.xml,
0001193125-20-049323,2020-02-26,2020-02-26,2020-02-26T14:04:28.000Z,34,8-K,001-09120,20653433,"2.02,7.01,9.01",XBRL,2150745,1,1,,d894238d8k.htm,FORM 8-K
0000788784-20-000004,2020-02-26,2019-12-31,2020-02-26T22:15:29.000Z,34,10-K,001-09120,20657094,,XBRL,86922448,1,1,,pseg201910k.htm,10-K
0001225208-20-004335,2020-03-04,2020-03-02,2020-03-04T21:11:06.000Z,,4,,,,4,5720,0,0,,xslF345X03/doc4.xml,
0001225208-20-004336,2020-03-04,2020-03-02,2020-03-04T21:11:10.000Z,,4,,,,4,7545,0,0,,xslF345X03/doc4.xml,
0001225208-20-004337,2020-03-04,2020-03-02,2020-03-04T21:11:14.000Z,,4,,,,4,7154,0,0,,xslF345X03/doc4.xml,
0001225208-20-004338,2020-03-04,2020-03-02,2020-03-04T21:11:18.000Z,,4,,,,4,5699,0,0,,xslF345X03/doc4.xml,
0001225208-20-004339,2020-03-04,2020-03-02,2020-03-04T21:11:22.000Z,,4,,,,4,6404,0,0,,xslF345X03/doc4.xml,
0001225208-20-004340,2020-03-04,2020-03-02,2020-03-04T21:11:26.000Z,,4,,,,4,6404,0,0,,xslF345X03/doc4.xml,
0001225208-20-004341,2020-03-04,2020-03-02,2020-03-04T21:11:31.000Z,,4,,,,4,5553,0,0,,xslF345X03/doc4.xml,
0001193125-20-074930,2020-03-16,2020-04-21,2020-03-16T20:32:15.000Z,34,DEF 14A,001-09120,20717633,,DEF 14A,9063670,0,0,,d866210ddef14a.htm,DEF 14A
0001193125-20-099038,2020-04-06,2020-04-06,2020-04-06T13:15:52.000Z,34,8-K,001-09120,20775983,"7.01,9.01",XBRL,907702,1,1,,d901054d8k.htm,FORM 8-K
0001193125-20-100474,2020-04-07,,2020-04-07T20:15:32.000Z,34,DEFA14A,001-09120,20779886,,DEFA14A,42586,0,0,,d912146ddefa14a.htm,DEFA14A
0001225208-20-006290,2020-04-09,2020-04-08,2020-04-09T13:50:27.000Z,,4,,,,4,4436,0,0,,xslF345X03/doc4.xml,
0001225208-20-006504,2020-04-16,2020-04-15,2020-04-16T18:42:51.000Z,,4,,,,4,4268,0,0,,xslF345X03/doc4.xml,
0001193125-20-117247,2020-04-23,2020-04-21,2020-04-23T20:30:41.000Z,34,8-K,001-09120,20811373,5.07,XBRL,180402,1,1,,d917272d8k.htm,FORM 8-K
0001193125-20-131833,2020-05-04,2020-05-04,2020-05-04T13:01:59.000Z,34,8-K,001-09120,20842967,"2.02,7.01,9.01",XBRL,9255427,1,1,,d792818d8k.htm,FORM 8-K
0001225208-20-007046,2020-05-04,2020-05-01,2020-05-05T01:33:00.000Z,,4,,,,4,5670,0,0,,xslF345X03/doc4.xml,
0001225208-20-007047,2020-05-04,2020-05-01,2020-05-05T01:33:04.000Z,,4,,,,4,5614,0,0,,xslF345X03/doc4.xml,
0001225208-20-007048,2020-05-04,2020-05-01,2020-05-05T01:33:08.000Z,,4,,,,4,5517,0,0,,xslF345X03/doc4.xml,
0001225208-20-007049,2020-05-04,2020-05-01,2020-05-05T01:33:12.000Z,,4,,,,4,5672,0,0,,xslF345X03/doc4.xml,
0001225208-20-007050,2020-05-04,2020-05-01,2020-05-05T01:33:16.000Z,,4,,,,4,5510,0,0,,xslF345X03/doc4.xml,
0001225208-20-007051,2020-05-04,2020-05-01,2020-05-05T01:33:20.000Z,,4,,,,4,5673,0,0,,xslF345X03/doc4.xml,
0001225208-20-007052,2020-05-04,2020-05-01,2020-05-05T01:33:26.000Z,,4,,,,4,5338,0,0,,xslF345X03/doc4.xml,
0001225208-20-007053,2020-05-04,2020-05-01,2020-05-05T01:33:29.000Z,,4,,,,4,5651,0,0,,xslF345X03/doc4.xml,
0001225208-20-007054,2020-05-04,2020-05-01,2020-05-05T01:33:33.000Z,,4,,,,4,4318,0,0,,xslF345X03/doc4.xml,
0000788784-20-000010,2020-05-05,2020-03-31,2020-05-05T01:10:24.000Z,34,10-Q,001-09120,20846609,,XBRL,38413928,1,1,,pseg-3312020q110q.htm,10-Q
0001225208-20-008374,2020-06-01,2020-03-26,2020-06-01T20:32:55.000Z,,4,,,,4,5408,0,0,,xslF345X03/doc4.xml,
0001225208-20-008716,2020-06-08,2020-06-05,2020-06-08T22:25:44.000Z,,4,,,,4,4742,0,0,,xslF345X03/doc4.xml,
0001225208-20-008783,2020-06-10,2020-06-08,2020-06-10T17:10:55.000Z,,4,,,,4,5144,0,0,,xslF345X03/doc4.xml,
0001225208-20-009226,2020-06-25,2020-06-24,2020-06-25T21:59:10.000Z,,4,,,,4,5408,0,0,,xslF345X03/doc4.xml,
0000788784-20-000021,2020-06-26,2019-12-31,2020-06-26T20:48:36.000Z,34,11-K,001-09120,20994686,,11-K,328624,0,0,,form11k_employeesavingspla.htm,11-K
0000788784-20-000022,2020-06-26,2019-12-31,2020-06-26T20:52:10.000Z,34,11-K,001-09120,20994725,,11-K,329713,0,0,,form11k_thrifplan2019.htm,11-K
0000788784-20-000023,2020-06-26,2019-12-31,2020-06-26T20:54:59.000Z,34,11-K,001-09120,20994758,,11-K,242859,0,0,,form11-k_servcoplani2019.htm,11-K
0000788784-20-000024,2020-06-26,2019-12-31,2020-06-26T20:57:13.000Z,34,11-K,001-09120,20994791,,11-K,240861,0,0,,form11-k_servcoplanii2019.htm,11-K
0001225208-20-009867,2020-07-20,2020-07-17,2020-07-21T01:58:38.000Z,,4,,,,4,5145,0,0,,xslF345X03/doc4.xml,
0001225208-20-009876,2020-07-21,2020-07-17,2020-07-21T16:46:28.000Z,,4,,,,4,4743,0,0,,xslF345X03/doc4.xml,
0001193125-20-205292,2020-07-31,2020-07-31,2020-07-31T12:42:50.000Z,34,8-K,001-09120,201063728,"2.02,7.01,9.01",XBRL,11275096,1,1,,d22625d8k.htm,FORM 8-K
0000788784-20-000029,2020-07-31,2020-06-30,2020-07-31T21:02:02.000Z,34,10-Q,001-09120,201066743,,XBRL,47600455,1,1,,pseg-6302020q210q.htm,10-Q
0001225208-20-010237,2020-08-04,2020-08-03,2020-08-05T00:10:37.000Z,,4,,,,4,4580,0,0,,xslF345X03/doc4.xml,
0001193125-20-217122,2020-08-12,,2020-08-12T13:03:25.000Z,33,424B5,333-221638,201094297,,424B5,490945,0,0,,d44412d424b5.htm,424B5
0001193125-20-217701,2020-08-12,,2020-08-12T20:33:58.000Z,34,FWP,333-221638,201095874,,FWP,20624,0,0,,d30183dfwp.htm,FWP
0001193125-20-218771,2020-08-13,,2020-08-13T16:27:20.000Z,33,424B2,333-221638,201098266,,424B2,491405,0,0,,d44412d424b2.htm,424B2
0001193125-20-220380,2020-08-14,2020-08-12,2020-08-14T20:16:58.000Z,34,8-K,001-09120,201105303,"8.01,9.01",XBRL,521941,1,1,,d946552d8k.htm,8-K
0001225208-20-010750,2020-08-19,2020-08-17,2020-08-19T16:40:39.000Z,,4,,,,4,4977,0,0,,xslF345X03/doc4.xml,
0001225208-20-011419,2020-09-11,2020-09-09,2020-09-11T16:36:19.000Z,,4,,,,4,4580,0,0,,xslF345X03/doc4.xml,
0001225208-20-011856,2020-09-28,2020-09-25,2020-09-28T22:29:50.000Z,,4,,,,4,5407,0,0,,xslF345X03/doc4.xml,
0001225208-20-011867,2020-09-29,2020-09-28,2020-09-29T19:54:27.000Z,,4,,,,4,4977,0,0,,xslF345X03/doc4.xml,
0001225208-20-012021,2020-10-02,2020-10-01,2020-10-02T15:45:44.000Z,,4,,,,4,4318,0,0,,xslF345X03/doc4.xml,
0001193125-20-281836,2020-10-30,2020-10-30,2020-10-30T13:01:15.000Z,34,8-K,001-09120,201275372,"2.02,7.01,9.01",XBRL,13028175,1,1,,d31763d8k.htm,FORM 8-K
0000788784-20-000033,2020-10-30,2020-09-30,2020-10-30T21:09:05.000Z,34,10-Q,001-09120,201278215,,XBRL,34184381,1,1,,pseg-20200930.htm,10-Q
0001225208-20-013026,2020-11-04,2020-11-02,2020-11-04T22:00:42.000Z,,4,,,,4,4743,0,0,,xslF345X03/doc4.xml,
0001193125-20-299444,2020-11-20,,2020-11-20T21:31:21.000Z,33,S-3ASR,333-250825,201332913,,S-3ASR,1404486,0,0,,d20313ds3asr.htm,S-3ASR
0001193125-20-300610,2020-11-23,2020-11-23,2020-11-23T13:50:34.000Z,34,8-K,001-09120,201334386,"8.01,9.01",XBRL,295382,1,1,,d92745d8k.htm,FORM 8-K
0001225208-20-014210,2020-12-03,2020-12-01,2020-12-03T20:00:14.000Z,,4,,,,4,4580,0,0,,xslF345X03/doc4.xml,
0001193125-20-310074,2020-12-04,2020-12-04,2020-12-04T13:28:01.000Z,34,8-K,001-09120,201368763,"8.01,9.01",XBRL,202604,1,1,,d88594d8k.htm,8-K
0001193125-20-312296,2020-12-08,2020-12-08,2020-12-08T12:49:34.000Z,34,8-K,001-09120,201374414,"8.01,9.01",XBRL,258260,1,1,,d57613d8k.htm,8-K
0001225208-20-014922,2020-12-21,2020-12-18,2020-12-21T21:09:01.000Z,,4,,,,4,5581,0,0,,xslF345X03/doc4.xml,
0001193125-20-326052,2020-12-23,2020-12-23,2020-12-23T21:34:03.000Z,34,8-K,001-09120,201412783,8.01,XBRL,219192,1,1,,d100961d8k.htm,8-K
0001225208-20-015147,2020-12-31,2020-12-30,2020-12-31T21:19:34.000Z,,4,,,,4,5145,0,0,,xslF345X03/doc4.xml,
0001225208-21-000504,2021-01-06,2021-01-04,2021-01-06T20:21:52.000Z,,4,,,,4,4409,0,0,,xslF345X03/doc4.xml,
0001225208-21-000505,2021-01-06,2021-01-04,2021-01-06T20:21:56.000Z,,4,,,,4,4927,0,0,,xslF345X03/doc4.xml,
0001225208-21-000506,2021-01-06,2021-01-04,2021-01-06T20:22:01.000Z,,4,,,,4,5095,0,0,,xslF345X03/doc4.xml,
0001225208-21-000507,2021-01-06,2021-01-04,2021-01-06T20:22:05.000Z,,4,,,,4,7386,0,0,,xslF345X03/doc4.xml,
0001225208-21-000508,2021-01-06,2021-01-04,2021-01-06T20:22:09.000Z,,4,,,,4,4428,0,0,,xslF345X03/doc4.xml,
0001225208-21-000510,2021-01-06,2021-01-04,2021-01-06T20:50:32.000Z,,4,,,,4,4388,0,0,,xslF345X03/doc4.xml,
0001225208-21-000605,2021-01-06,2021-01-04,2021-01-07T00:41:42.000Z,,4,,,,4,5846,0,0,,xslF345X03/doc4.xml,
0000834237-21-000112,2021-01-08,,2021-01-08T21:40:56.000Z,34,SC 13G/A,005-44133,21518029,,SC 13G/A,13888,0,0,,us7445731067_010821.txt,
0001225208-21-000872,2021-01-19,2021-01-15,2021-01-19T11:01:31.000Z,,4,,,,4,4976,0,0,,xslF345X03/doc4.xml,
0001225208-21-000982,2021-01-20,2021-01-18,2021-01-21T01:01:40.000Z,,4,,,,4,8703,0,0,,xslF345X03/doc4.xml,
0001225208-21-001672,2021-02-03,2021-02-01,2021-02-03T23:58:07.000Z,,4,,,,4,4742,0,0,,xslF345X03/doc4.xml,
0001104659-21-017265,2021-02-10,,2021-02-10T15:12:34.000Z,34,SC 13G/A,005-44133,21609805,,SC 13G/A,13965,0,0,,tv0076-publicserviceenterpri.htm,SCHEDULE 13G/A
0000093751-21-000209,2021-02-10,,2021-02-10T19:51:26.000Z,34,SC 13G,005-44133,21613231,,SC 13G,8786,0,0,,PUBLIC_SERV_ENT_GROUP_INC.txt,
0000080255-21-000980,2021-02-16,,2021-02-16T17:23:39.000Z,34,SC 13G,005-44133,,,SC 13G,6952,0,0,,peg13gdec20.txt,
0001422849-21-000118,2021-02-16,,2021-02-16T19:00:13.000Z,34,SC 13G/A,005-44133,21635990,,SC 13G/A,18244,0,0,,SEC13G_Filing.htm,SEC SCHEDULE 13G
0001225208-21-002909,2021-02-18,2021-02-16,2021-02-18T18:14:47.000Z,,4,,,,4,6727,0,0,,xslF345X03/doc4.xml,
0001225208-21-002910,2021-02-18,2021-02-16,2021-02-18T18:14:53.000Z,,4,,,,4,4486,0,0,,xslF345X03/doc4.xml,
0001225208-21-002911,2021-02-18,2021-02-16,2021-02-18T18:15:00.000Z,,4,,,,4,4526,0,0,,xslF345X03/doc4.xml,
0001225208-21-002913,2021-02-18,2021-02-16,2021-02-18T18:25:47.000Z,,4,,,,4,4507,0,0,,xslF345X03/doc4.xml,
0001225208-21-002950,2021-02-18,2021-02-16,2021-02-18T19:39:54.000Z,,4,,,,4,4367,0,0,,xslF345X03/doc4.xml,
0001225208-21-002972,2021-02-18,2021-02-16,2021-02-18T21:13:29.000Z,,4,,,,4,5193,0,0,,xslF345X03/doc4.xml,
0001193125-21-058671,2021-02-26,2021-02-26,2021-02-26T14:01:14.000Z,34,8-K,001-09120,21684051,"2.02,7.01,9.01",XBRL,13701029,1,1,,d72641d8k.htm,FORM 8-K
0000788784-21-000007,2021-03-01,2020-12-31,2021-02-26T23:54:08.000Z,34,10-K,001-09120,21692683,,XBRL,58429398,1,1,,pseg-20201231.htm,10-K
0001225208-21-004468,2021-03-03,2021-03-01,2021-03-03T20:26:27.000Z,,4,,,,4,4317,0,0,,xslF345X03/doc4.xml,
0001225208-21-004681,2021-03-04,2021-03-02,2021-03-04T20:48:58.000Z,,4,,,,4,6404,0,0,,xslF345X03/doc4.xml,
0001225208-21-004682,2021-03-04,2021-03-02,2021-03-04T20:49:13.000Z,,4,,,,4,5740,0,0,,xslF345X03/doc4.xml,
0001225208-21-004683,2021-03-04,2021-03-02,2021-03-04T20:49:21.000Z,,4,,,,4,8503,0,0,,xslF345X03/doc4.xml,
0001225208-21-004737,2021-03-04,2021-03-02,2021-03-04T22:19:41.000Z,,4,,,,4,7155,0,0,,xslF345X03/doc4.xml,
0001225208-21-004738,2021-03-04,2021-03-02,2021-03-04T22:19:41.000Z,,4,,,,4,5701,0,0,,xslF345X03/doc4.xml,
0001225208-21-004739,2021-03-04,2021-03-02,2021-03-04T22:19:45.000Z,,4,,,,4,6405,0,0,,xslF345X03/doc4.xml,
0001225208-21-004740,2021-03-04,2021-03-02,2021-03-04T22:19:49.000Z,,4,,,,4,5720,0,0,,xslF345X03/doc4.xml,
0001193125-21-081444,2021-03-15,2021-04-20,2021-03-15T20:33:10.000Z,34,DEF 14A,001-09120,21741923,,DEF 14A,10105627,0,0,,d85714ddef14a.htm,DEF 14A
0001225208-21-005403,2021-03-16,2021-03-15,2021-03-16T21:45:05.000Z,,4,,,,4,4976,0,0,,xslF345X03/doc4.xml,
0001225208-21-005418,2021-03-17,2021-03-12,2021-03-17T18:35:32.000Z,,4,,,,4,4239,0,0,,xslF345X03/doc4.xml,
0001225208-21-005983,2021-03-29,2021-03-25,2021-03-29T19:59:40.000Z,,4,,,,4,5580,0,0,,xslF345X03/doc4.xml,
0001193125-21-113364,2021-04-12,2021-04-12,2021-04-12T21:26:32.000Z,34,8-K,001-09120,21821475,"8.01,9.01",XBRL,169412,1,1,,d120753d8k.htm,8-K
0001225208-21-006803,2021-04-16,2021-04-15,2021-04-16T17:17:12.000Z,,4,,,,4,5144,0,0,,xslF345X03/doc4.xml,
0001225208-21-006886,2021-04-21,2021-04-19,2021-04-21T20:35:38.000Z,,4,,,,4,4743,0,0,,xslF345X03/doc4.xml,
0001193125-21-126797,2021-04-22,2021-04-20,2021-04-22T20:36:30.000Z,34,8-K,001-09120,21845290,"5.02,5.07,9.01",XBRL,309016,1,1,,d162501d8k.htm,8-K
0001193125-21-129266,2021-04-23,,2021-04-23T21:15:30.000Z,33,S-8,333-255490,21850658,,S-8,141173,0,0,,d162521ds8.htm,S-8
0001193125-21-133861,2021-04-27,2021-04-27,2021-04-27T18:07:07.000Z,34,8-K,001-09120,21857892,8.01,XBRL,218056,1,1,,d173772d8k.htm,FORM 8-K
0001225208-21-007492,2021-05-04,2021-05-03,2021-05-04T20:57:39.000Z,,4,,,,4,4581,0,0,,xslF345X03/doc4.xml,
0001225208-21-007493,2021-05-04,2021-05-03,2021-05-04T20:57:52.000Z,,4,,,,4,5632,0,0,,xslF345X03/doc4.xml,
0001225208-21-007494,2021-05-04,2021-05-03,2021-05-04T20:57:58.000Z,,4,,,,4,4198,0,0,,xslF345X03/doc4.xml,
0001225208-21-007497,2021-05-04,2021-05-03,2021-05-04T20:57:59.000Z,,4,,,,4,5702,0,0,,xslF345X03/doc4.xml,
0001225208-21-007495,2021-05-04,2021-05-03,2021-05-04T20:58:11.000Z,,4,,,,4,5691,0,0,,xslF345X03/doc4.xml,
0001225208-21-007496,2021-05-04,2021-05-03,2021-05-04T20:58:17.000Z,,4,,,,4,5688,0,0,,xslF345X03/doc4.xml,
0001225208-21-007498,2021-05-04,2021-05-03,2021-05-04T20:58:17.000Z,,4,,,,4,5691,0,0,,xslF345X03/doc4.xml,
0001225208-21-007499,2021-05-04,2021-05-03,2021-05-04T20:58:46.000Z,,4,,,,4,5530,0,0,,xslF345X03/doc4.xml,
0001225208-21-007500,2021-05-04,2021-05-03,2021-05-04T20:59:05.000Z,,4,,,,4,5669,0,0,,xslF345X03/doc4.xml,
0001225208-21-007538,2021-05-04,2021-05-03,2021-05-04T22:14:04.000Z,,4,,,,4,5673,0,0,,xslF345X03/doc4.xml,
0001193125-21-150971,2021-05-05,2021-05-05,2021-05-05T12:47:23.000Z,34,8-K,001-09120,21891342,"2.02,7.01,9.01",XBRL,10239937,1,1,,d170625d8k.htm,8-K
0000788784-21-000012,2021-05-05,2021-03-31,2021-05-05T20:41:48.000Z,34,10-Q,001-09120,21894065,,XBRL,28617982,1,1,,pseg-20210331.htm,10-Q
0001225208-21-008259,2021-05-18,2021-05-17,2021-05-18T19:58:58.000Z,,4,,,,4,4976,0,0,,xslF345X03/doc4.xml,
0001193125-21-170925,2021-05-24,2021-05-24,2021-05-24T20:31:05.000Z,34,8-K,001-09120,21955403,"5.02,8.01,9.01",XBRL,166135,1,1,,d163135d8k.htm,8-K
0001225208-21-008862,2021-06-03,2021-06-01,2021-06-03T14:31:50.000Z,,4,,,,4,4581,0,0,,xslF345X03/doc4.xml,
0001225208-21-009428,2021-06-15,2021-06-14,2021-06-15T22:49:37.000Z,,4,,,,4,4718,0,0,,xslF345X03/doc4.xml,
0001225208-21-009534,2021-06-21,2021-06-17,2021-06-21T10:01:09.000Z,,4,,,,4,4977,0,0,,xslF345X03/doc4.xml,
0001225208-21-009590,2021-06-25,2021-06-24,2021-06-25T19:06:45.000Z,,4,,,,4,5407,0,0,,xslF345X03/doc4.xml,
0000788784-21-000022,2021-06-29,2020-12-31,2021-06-29T12:43:35.000Z,34,11-K,001-09120,211055852,,11-K,263256,0,0,,form11k_thrifplan2020.htm,11-K
0000788784-21-000024,2021-06-29,2020-12-31,2021-06-29T12:51:27.000Z,34,11-K,001-09120,211055868,,11-K,262516,0,0,,form11k_employeesavingspla.htm,11-K
0000788784-21-000026,2021-06-29,2020-12-31,2021-06-29T12:57:14.000Z,34,11-K,001-09120,211055879,,11-K,169966,0,0,,form11-k_servcoplani2020.htm,11-K
0000788784-21-000028,2021-06-29,2020-12-31,2021-06-29T13:01:28.000Z,34,11-K,001-09120,211055891,,11-K,162807,0,0,,form11-k_servcoplanii2020.htm,11-K
0001225208-21-010058,2021-07-02,2021-07-01,2021-07-02T17:27:07.000Z,,4,,,,4,4582,0,0,,xslF345X03/doc4.xml,
0001225208-21-010079,2021-07-02,2021-06-30,2021-07-02T19:32:58.000Z,,4,,,,4,5023,0,0,,xslF345X03/doc4.xml,
0001225208-21-010080,2021-07-02,2021-06-30,2021-07-02T19:33:04.000Z,,3,,,,3,4167,0,0,,xslF345X02/doc3.xml,
0001225208-21-010801,2021-07-21,2021-07-19,2021-07-21T16:36:25.000Z,,4,,,,4,5145,0,0,,xslF345X03/doc4.xml,
0001193125-21-234118,2021-08-03,2021-08-03,2021-08-03T13:02:09.000Z,34,8-K,001-09120,211138192,"2.02,7.01,9.01",XBRL,11578858,1,1,,d171063d8k.htm,8-K
0001225208-21-011092,2021-08-04,2021-08-02,2021-08-04T11:44:07.000Z,,4,,,,4,4744,0,0,,xslF345X03/doc4.xml,
0000788784-21-000034,2021-08-09,2021-06-30,2021-08-09T20:21:31.000Z,34,10-Q,001-09120,211156790,,XBRL,35475394,1,1,,pseg-20210630.htm,10-Q
0001193125-21-246157,2021-08-13,2021-08-12,2021-08-13T20:37:18.000Z,34,8-K,001-09120,211172814,"1.01,2.06,8.01,9.01",XBRL,1813285,1,1,,d166527d8k.htm,8-K
0001193125-21-246224,2021-08-13,,2021-08-13T21:12:26.000Z,33,S-4,333-258820,211173312,,S-4,1020859,0,0,,d140658ds4.htm,S-4
0001193125-21-246240,2021-08-13,,2021-08-13T21:18:03.000Z,,CORRESP,,,,CORRESP,16203,0,0,,filename1.htm,
0001225208-21-011541,2021-08-18,2021-08-17,2021-08-18T17:12:29.000Z,,4,,,,4,4977,0,0,,xslF345X03/doc4.xml,
0000000000-21-010306,2021-08-23,,2021-08-23T16:30:04.000Z,,UPLOAD,,,,LETTER,40350,0,0,,filename1.pdf,
0001193125-21-254895,2021-08-24,,2021-08-24T18:37:29.000Z,,CORRESP,,,,CORRESP,8129,0,0,,filename1.htm,
0001193125-21-257577,2021-08-26,,2021-08-26T20:12:58.000Z,33,424B3,333-258820,211212481,,424B3,346685,0,0,,d140658d424b3.htm,424B3
9999999995-21-003332,2021-08-26,,2021-08-27T04:15:42.000Z,33,EFFECT,333-258820,211214018,"S-4,,2021-08-26 16:00:00",EFFECT,1799,0,0,,xslEFFECTX01/primary_doc.xml,
0001225208-21-012032,2021-09-03,2021-09-01,2021-09-03T16:38:08.000Z,,4,,,,4,4581,0,0,,xslF345X03/doc4.xml,
0001225208-21-012495,2021-09-21,2021-09-17,2021-09-21T14:58:43.000Z,,4,,,,4,4977,0,0,,xslF345X03/doc4.xml,
0001225208-21-012552,2021-09-24,2021-09-23,2021-09-24T20:22:06.000Z,,4,,,,4,5581,0,0,,xslF345X03/doc4.xml,
0001193125-21-283103,2021-09-27,2021-09-27,2021-09-27T13:02:02.000Z,34,8-K,001-09120,211279124,"7.01,9.01",XBRL,21667471,1,1,,d227389d8k.htm,FORM 8-K
0001225208-21-012879,2021-10-05,2021-10-01,2021-10-05T19:28:02.000Z,,4,,,,4,4581,0,0,,xslF345X03/doc4.xml,
0001225208-21-012912,2021-10-05,2021-10-01,2021-10-05T20:33:34.000Z,,4,,,,4,4735,0,0,,xslF345X03/doc4.xml,
0001225208-21-013157,2021-10-19,2021-10-18,2021-10-19T19:05:46.000Z,,4,,,,4,5145,0,0,,xslF345X03/doc4.xml,
0001193125-21-316411,2021-11-02,2021-11-02,2021-11-02T14:02:22.000Z,34,8-K,001-09120,211369612,"2.02,7.01,9.01",XBRL,8606321,1,1,,d234896d8k.htm,FORM 8-K
0001628280-21-021195,2021-11-02,2021-09-30,2021-11-02T20:28:05.000Z,34,10-Q,001-09120,211371740,,XBRL,35581567,1,1,,pseg-20210930.htm,10-Q
0001225208-21-013575,2021-11-03,2021-11-01,2021-11-03T22:04:18.000Z,,4,,,,4,4735,0,0,,xslF345X03/doc4.xml,
0001225208-21-013576,2021-11-03,2021-11-01,2021-11-03T22:04:19.000Z,,4,,,,4,4744,0,0,,xslF345X03/doc4.xml,
0001193125-21-319455,2021-11-04,,2021-11-04T12:47:24.000Z,33,424B5,333-250825,211378261,,424B5,508187,0,0,,d213468d424b5.htm,424B5
0001193125-21-320408,2021-11-04,,2021-11-04T21:28:30.000Z,34,FWP,333-250825,211381270,,FWP,19684,0,0,,d204246dfwp.htm,FWP
0001193125-21-321405,2021-11-05,,2021-11-05T18:06:52.000Z,33,424B2,333-250825,211383840,,424B2,509763,0,0,,d213468d424b2.htm,424B2
0001193125-21-323021,2021-11-08,2021-11-04,2021-11-08T21:06:15.000Z,34,8-K,001-09120,211387927,"8.01,9.01",XBRL,526333,1,1,,d163090d8k.htm,8-K
0001193125-21-331290,2021-11-16,2021-11-16,2021-11-16T21:35:05.000Z,34,8-K,001-09120,211416599,"7.01,9.01",XBRL,169101,1,1,,d222532d8k.htm,8-K
0001225208-21-013965,2021-11-19,2021-11-17,2021-11-19T15:08:30.000Z,,4,,,,4,4977,0,0,,xslF345X03/doc4.xml,
0001225208-21-014437,2021-12-03,2021-12-01,2021-12-03T16:42:00.000Z,,4,,,,4,4572,0,0,,xslF345X03/doc4.xml,
0001225208-21-014438,2021-12-03,2021-12-01,2021-12-03T16:42:05.000Z,,4,,,,4,4581,0,0,,xslF345X03/doc4.xml,
0001225208-21-015100,2021-12-17,2021-12-16,2021-12-17T20:47:45.000Z,,4,,,,4,5581,0,0,,xslF345X03/doc4.xml,
0001225208-22-000334,2022-01-04,2022-01-03,2022-01-05T01:57:43.000Z,,4,,,,4,9236,0,0,,xslF345X03/doc4.xml,
0001225208-22-000339,2022-01-04,2022-01-03,2022-01-05T01:58:02.000Z,,4,,,,4,4388,0,0,,xslF345X03/doc4.xml,
0001225208-22-000354,2022-01-05,2022-01-03,2022-01-05T15:19:55.000Z,,4,,,,4,9226,0,0,,xslF345X03/doc4.xml,
0001225208-22-000355,2022-01-05,2022-01-03,2022-01-05T15:21:01.000Z,,4,,,,4,5089,0,0,,xslF345X03/doc4.xml,
0001225208-22-000370,2022-01-05,2022-01-03,2022-01-05T16:24:09.000Z,,4,,,,4,4409,0,0,,xslF345X03/doc4.xml,
0001225208-22-000382,2022-01-05,2022-01-03,2022-01-05T17:55:11.000Z,,4,,,,4,6410,0,0,,xslF345X03/doc4.xml,
0001225208-22-000943,2022-01-20,2022-01-18,2022-01-20T23:00:09.000Z,,4,,,,4,14055,0,0,,xslF345X03/doc4.xml,
0000834237-22-004617,2022-02-01,,2022-02-01T22:14:34.000Z,34,SC 13G/A,005-44133,22580151,,SC 13G/A,13906,0,0,,us7445731067_020122.txt,
0001225208-22-001467,2022-02-04,2022-02-01,2022-02-04T11:00:23.000Z,,4,,,,4,4742,0,0,,xslF345X03/doc4.xml,
0001225208-22-001468,2022-02-04,2022-02-01,2022-02-04T11:00:27.000Z,,4,,,,4,4748,0,0,,xslF345X03/doc4.xml,
0001225208-22-001571,2022-02-07,2022-02-04,2022-02-07T23:06:42.000Z,,4,,,,4,5144,0,0,,xslF345X03/doc4.xml,
0001104659-22-016310,2022-02-09,,2022-02-09T20:15:51.000Z,34,SC 13G/A,005-44133,22606141,,SC 13G/A,13075,0,0,,tv0097-publicserviceenterpri.htm,SCHEDULE 13G/A
0000093751-22-000327,2022-02-11,,2022-02-11T22:03:28.000Z,34,SC 13G/A,005-44133,22622467,,SC 13G/A,8742,0,0,,PUB_SERVICE_ENTER_GROUP_INC.txt,
0000080255-22-001888,2022-02-14,,2022-02-14T19:34:19.000Z,34,SC 13G/A,005-44133,,,SC 13G/A,7158,0,0,,peg13gadec21.txt,
0001225208-22-002444,2022-02-17,2022-02-15,2022-02-17T15:43:52.000Z,,4,,,,4,5086,0,0,,xslF345X03/doc4.xml,
0001225208-22-002459,2022-02-17,2022-02-15,2022-02-17T17:39:05.000Z,,4,,,,4,4542,0,0,,xslF345X03/doc4.xml,
0001225208-22-002513,2022-02-17,2022-02-15,2022-02-17T20:17:18.000Z,,4,,,,4,5243,0,0,,xslF345X03/doc4.xml,
0001225208-22-002514,2022-02-17,2022-02-15,2022-02-17T20:18:24.000Z,,4,,,,4,4432,0,0,,xslF345X03/doc4.xml,
0001225208-22-002515,2022-02-17,2022-02-15,2022-02-17T20:18:27.000Z,,4,,,,4,4562,0,0,,xslF345X03/doc4.xml,
0001225208-22-002590,2022-02-17,2022-02-15,2022-02-17T21:51:55.000Z,,4,,,,4,4426,0,0,,xslF345X03/doc4.xml,
0001193125-22-046668,2022-02-18,2022-02-18,2022-02-18T21:32:09.000Z,34,8-K,001-09120,22653318,"8.01,9.01",XBRL,167336,1,1,,d181144d8k.htm,8-K
0001193125-22-050012,2022-02-23,2022-02-23,2022-02-23T21:31:19.000Z,34,8-K,001-09120,22664276,"8.01,9.01",XBRL,164508,1,1,,d271555d8k.htm,FORM 8-K
0001193125-22-051232,2022-02-24,2022-02-24,2022-02-24T14:01:17.000Z,34,8-K,001-09120,22666780,"2.02,7.01,9.01",XBRL,10039567,1,1,,d310742d8k.htm,FORM 8-K
0001628280-22-003860,2022-02-24,2021-12-31,2022-02-24T22:12:39.000Z,34,10-K,001-09120,22672556,,XBRL,43326719,1,1,,pseg-20211231.htm,10-K
0001193125-22-055826,2022-02-28,2022-02-24,2022-02-28T13:01:04.000Z,34,8-K,001-09120,22683963,8.01,XBRL,138757,1,1,,d272719d8k.htm,FORM 8-K
0001225208-22-003969,2022-03-03,2022-03-01,2022-03-03T15:31:36.000Z,,4,,,,4,6404,0,0,,xslF345X03/doc4.xml,
0001225208-22-003974,2022-03-03,2022-03-01,2022-03-03T15:48:13.000Z,,4,,,,4,5700,0,0,,xslF345X03/doc4.xml,
0001225208-22-004001,2022-03-03,2022-03-01,2022-03-03T19:24:02.000Z,,4,,,,4,7548,0,0,,xslF345X03/doc4.xml,
0001225208-22-004059,2022-03-03,2022-03-01,2022-03-03T21:01:52.000Z,,4,,,,4,6399,0,0,,xslF345X03/doc4.xml,
0001225208-22-004060,2022-03-03,2022-03-01,2022-03-03T21:02:25.000Z,,4,,,,4,7545,0,0,,xslF345X03/doc4.xml,
0001225208-22-004061,2022-03-03,2022-03-01,2022-03-03T21:02:32.000Z,,4,,,,4,5719,0,0,,xslF345X03/doc4.xml,
0001225208-22-004319,2022-03-07,2022-03-04,2022-03-07T22:08:17.000Z,,4,,,,4,4977,0,0,,xslF345X03/doc4.xml,
0001193125-22-070070,2022-03-09,2022-03-08,2022-03-09T14:19:36.000Z,34,8-K,001-09120,22724156,8.01,XBRL,217523,1,1,,d278978d8k.htm,FORM 8-K
0001193125-22-071960,2022-03-10,2022-04-19,2022-03-10T21:16:12.000Z,34,DEF 14A,001-09120,22729241,,DEF 14A,10705035,0,0,,d287186ddef14a.htm,DEF 14A
0001193125-22-074078,2022-03-14,2022-03-14,2022-03-14T11:53:55.000Z,34,8-K,001-09120,22735107,8.01,XBRL,139343,1,1,,d246290d8k.htm,FORM 8-K
0001225208-22-005093,2022-03-28,2022-03-24,2022-03-28T16:31:04.000Z,,4,,,,4,5622,0,0,,xslF345X03/doc4.xml,
0001225208-22-005476,2022-04-05,2022-04-04,2022-04-05T14:32:03.000Z,,4,,,,4,4977,0,0,,xslF345X03/doc4.xml,
0001225208-22-005490,2022-04-05,2022-04-01,2022-04-05T16:11:03.000Z,,4,,,,4,4579,0,0,,xslF345X03/doc4.xml,
0001193125-22-108775,2022-04-19,2022-04-18,2022-04-19T12:38:32.000Z,34,8-K,001-09120,22833552,"5.02,9.01",XBRL,215064,1,1,,d356021d8k.htm,FORM 8-K
0001225208-22-006029,2022-04-22,2022-04-19,2022-04-22T13:23:26.000Z,,3,,,,3,2895,0,0,,xslF345X02/doc3.xml,
0001225208-22-006035,2022-04-22,2022-04-19,2022-04-22T15:11:34.000Z,,3,,,,3,2890,0,0,,xslF345X02/doc3.xml,
0001193125-22-115211,2022-04-22,2022-04-19,2022-04-22T20:37:06.000Z,34,8-K,001-09120,22846141,5.07,XBRL,163694,1,1,,d352226d8k.htm,FORM 8-K
0001193125-22-137829,2022-05-03,2022-05-03,2022-05-03T12:50:53.000Z,34,8-K,001-09120,22884746,"2.02,7.01,9.01",XBRL,5875826,1,1,,d228484d8k.htm,FORM 8-K
0001628280-22-012019,2022-05-03,2022-03-31,2022-05-03T20:47:33.000Z,34,10-Q,001-09120,22887830,,XBRL,21101981,1,1,,pseg-20220331.htm,10-Q
0001225208-22-006411,2022-05-04,2022-05-02,2022-05-04T13:17:38.000Z,,4,,,,4,4579,0,0,,xslF345X03/doc4.xml,
0001225208-22-006412,2022-05-04,2022-05-02,2022-05-04T13:18:50.000Z,,4,,,,4,4443,0,0,,xslF345X03/doc4.xml,
0001225208-22-006413,2022-05-04,2022-05-02,2022-05-04T13:19:58.000Z,,4,,,,4,4465,0,0,,xslF345X03/doc4.xml,
0001225208-22-006414,2022-05-04,2022-05-02,2022-05-04T13:20:16.000Z,,4,,,,4,4428,0,0,,xslF345X03/doc4.xml,
0001225208-22-006415,2022-05-04,2022-05-02,2022-05-04T13:20:21.000Z,,4,,,,4,5723,0,0,,xslF345X03/doc4.xml,
0001225208-22-006416,2022-05-04,2022-05-02,2022-05-04T13:20:25.000Z,,4,,,,4,5456,0,0,,xslF345X03/doc4.xml,
0001225208-22-006417,2022-05-04,2022-05-02,2022-05-04T13:20:29.000Z,,4,,,,4,5461,0,0,,xslF345X03/doc4.xml,
0001225208-22-006418,2022-05-04,2022-05-02,2022-05-04T13:20:35.000Z,,4,,,,4,5704,0,0,,xslF345X03/doc4.xml,
0001225208-22-006419,2022-05-04,2022-05-02,2022-05-04T13:20:40.000Z,,4,,,,4,5562,0,0,,xslF345X03/doc4.xml,
0001225208-22-006420,2022-05-04,2022-05-02,2022-05-04T13:20:46.000Z,,4,,,,4,5704,0,0,,xslF345X03/doc4.xml,
0001225208-22-006421,2022-05-04,2022-05-02,2022-05-04T13:21:04.000Z,,4,,,,4,5734,0,0,,xslF345X03/doc4.xml,
0001225208-22-006565,2022-05-05,2022-05-04,2022-05-05T18:49:24.000Z,,4,,,,4,4977,0,0,,xslF345X03/doc4.xml,
0001193125-22-146358,2022-05-10,2022-04-19,2022-05-10T20:31:47.000Z,34,8-K/A,001-09120,22910233,5.07,XBRL,169099,1,1,,d352491d8ka.htm,FORM 8-K/A
0001225208-22-007631,2022-06-03,2022-06-01,2022-06-03T14:35:12.000Z,,4,,,,4,4742,0,0,,xslF345X03/doc4.xml,
0001225208-22-007817,2022-06-07,2022-06-06,2022-06-07T19:07:36.000Z,,4,,,,4,5146,0,0,,xslF345X03/doc4.xml,
0001628280-22-018165,2022-06-28,2021-12-31,2022-06-28T20:42:17.000Z,34,11-K,001-09120,221050717,,11-K,263526,0,0,,form11k_employeesavingspla.htm,11-K
0001628280-22-018166,2022-06-28,2021-12-31,2022-06-28T20:44:39.000Z,34,11-K,001-09120,221050738,,11-K,263904,0,0,,form11k_thrifplan2021.htm,11-K
0001628280-22-018167,2022-06-28,2021-12-31,2022-06-28T20:48:20.000Z,34,11-K,001-09120,221050772,,11-K,170032,0,0,,form11-k_servcoplani2021.htm,11-K
0001628280-22-018169,2022-06-28,2021-12-31,2022-06-28T20:52:32.000Z,34,11-K,001-09120,221050802,,11-K,165127,0,0,,form11-k_servcoplanii2021.htm,11-K
0001225208-22-008426,2022-07-05,2022-07-01,2022-07-05T17:49:45.000Z,,4,,,,4,4580,0,0,,xslF345X03/doc4.xml,
0001225208-22-008560,2022-07-06,2022-07-05,2022-07-06T16:23:06.000Z,,4,,,,4,4978,0,0,,xslF345X03/doc4.xml,
0000834237-22-010179,2022-07-08,,2022-07-08T20:56:57.000Z,34,SC 13G,005-44133,221074991,,SC 13G,13829,0,0,,us7445731067_070822.txt,
0001193125-22-200082,2022-07-22,2022-07-18,2022-07-22T20:31:13.000Z,34,8-K,001-09120,221100248,"5.02,9.01",XBRL,367816,1,1,,d841106d8k.htm,8-K
0001193125-22-209564,2022-08-02,2022-08-02,2022-08-02T13:03:05.000Z,34,8-K,001-09120,221127058,"2.02,7.01,9.01",XBRL,8025899,1,1,,d367936d8k.htm,FORM 8-K
0001225208-22-009120,2022-08-02,2022-07-29,2022-08-02T19:15:11.000Z,,4,,,,4,6382,0,0,,xslF345X03/doc4.xml,
0001628280-22-020260,2022-08-02,2022-06-30,2022-08-02T20:54:01.000Z,34,10-Q,001-09120,221129514,,XBRL,24676633,1,1,,pseg-20220630.htm,10-Q
0001225208-22-009140,2022-08-02,2022-08-01,2022-08-02T23:45:08.000Z,,4,,,,4,4743,0,0,,xslF345X03/doc4.xml,
0001225208-22-009308,2022-08-05,2022-08-04,2022-08-05T19:06:02.000Z,,4,,,,4,5145,0,0,,xslF345X03/doc4.xml,
0001193125-22-236554,2022-09-01,2022-04-18,2022-09-01T20:31:03.000Z,34,8-K/A,001-09120,221221311,"5.02,9.01",XBRL,171570,1,1,,d401736d8ka.htm,8-K/A
0001225208-22-009988,2022-09-02,2022-09-01,2022-09-02T21:33:43.000Z,,4,,,,4,4576,0,0,,xslF345X03/doc4.xml,
0001225208-22-009992,2022-09-02,2022-09-01,2022-09-03T00:43:42.000Z,,4,,,,4,4497,0,0,,xslF345X03/doc4.xml,
0001225208-22-010116,2022-09-07,2022-09-06,2022-09-07T19:15:31.000Z,,4,,,,4,4969,0,0,,xslF345X03/doc4.xml,
0001225208-22-010158,2022-09-08,2022-09-07,2022-09-08T20:29:35.000Z,,4,,,,4,4637,0,0,,xslF345X03/doc4.xml,
0001225208-22-010797,2022-10-05,2022-09-29,2022-10-05T16:40:28.000Z,,3,,,,3,5779,0,0,,xslF345X02/doc3.xml,
0001225208-22-010831,2022-10-05,2022-10-04,2022-10-05T22:24:43.000Z,,4,,,,4,4969,0,0,,xslF345X03/doc4.xml,
0001193125-22-273334,2022-10-31,2022-10-31,2022-10-31T13:01:17.000Z,34,8-K,001-09120,221343919,"2.02,7.01,9.01",XBRL,8156405,1,1,,d408496d8k.htm,8-K
0001628280-22-027422,2022-10-31,2022-09-30,2022-10-31T20:31:43.000Z,34,10-Q,001-09120,221346438,,XBRL,24862610,1,1,,pseg-20220930.htm,10-Q
0001193125-22-277506,2022-11-04,,2022-11-04T13:25:07.000Z,33,424B5,333-250825,221360558,,424B5,452806,0,0,,d408705d424b5.htm,424B5
0001193125-22-278011,2022-11-04,,2022-11-04T21:09:54.000Z,34,FWP,333-250825,221363038,,FWP,17400,0,0,,d394472dfwp.htm,FWP
0001225208-22-011402,2022-11-07,2022-11-04,2022-11-07T20:05:34.000Z,,4,,,,4,5137,0,0,,xslF345X03/doc4.xml,
0001193125-22-279156,2022-11-07,,2022-11-07T21:43:28.000Z,33,424B5,333-250825,221366091,,424B5,482994,0,0,,d408705d424b5.htm,424B5
0001193125-22-280173,2022-11-08,2022-11-04,2022-11-08T21:18:48.000Z,34,8-K,001-09120,221369175,"8.01,9.01",XBRL,460312,1,1,,d364043d8k.htm,8-K
0001193125-22-282719,2022-11-10,2022-11-09,2022-11-10T21:42:13.000Z,34,8-K,001-09120,221378017,7.01,XBRL,216669,1,1,,d394593d8k.htm,8-K
0001193125-22-283643,2022-11-14,2022-11-13,2022-11-14T12:03:16.000Z,34,8-K,001-09120,221380088,"7.01,9.01",XBRL,6680609,1,1,,d420575d8k.htm,8-K
0001225208-22-012376,2022-12-06,2022-12-05,2022-12-06T23:43:48.000Z,,4,,,,4,4969,0,0,,xslF345X03/doc4.xml,
0001193125-22-311813,2022-12-23,2022-12-20,2022-12-23T21:32:55.000Z,34,8-K,001-09120,221485750,"5.03,9.01",XBRL,239849,1,1,,d409164d8k.htm,8-K
0001225208-22-012979,2022-12-29,2022-12-20,2022-12-29T14:15:03.000Z,,3,,,,3,5097,0,0,,xslF345X02/doc3.xml,
0001225208-22-012980,2022-12-29,2022-12-20,2022-12-29T14:15:07.000Z,,3,,,,3,3472,0,0,,xslF345X02/doc3.xml,
0001225208-23-000383,2023-01-05,2023-01-03,2023-01-05T20:52:55.000Z,,4,,,,4,4499,0,0,,xslF345X03/doc4.xml,
0001225208-23-000384,2023-01-05,2023-01-03,2023-01-05T20:53:55.000Z,,4,,,,4,5079,0,0,,xslF345X03/doc4.xml,
0001225208-23-000414,2023-01-05,2023-01-03,2023-01-05T23:25:17.000Z,,4,,,,4,5814,0,0,,xslF345X03/doc4.xml,
0001225208-23-000415,2023-01-05,2023-01-03,2023-01-05T23:25:25.000Z,,4,,,,4,4394,0,0,,xslF345X03/doc4.xml,
0001225208-23-000416,2023-01-05,2023-01-03,2023-01-05T23:26:41.000Z,,4,,,,4,4396,0,0,,xslF345X03/doc4.xml,
0001225208-23-000417,2023-01-05,2023-01-03,2023-01-05T23:26:45.000Z,,4,,,,4,5087,0,0,,xslF345X03/doc4.xml,
0001225208-23-000418,2023-01-05,2023-01-03,2023-01-05T23:26:48.000Z,,4,,,,4,4384,0,0,,xslF345X03/doc4.xml,
0001225208-23-000419,2023-01-05,2023-01-03,2023-01-05T23:26:51.000Z,,4,,,,4,5083,0,0,,xslF345X03/doc4.xml,
0001193125-23-009877,2023-01-18,2023-01-18,2023-01-18T12:25:31.000Z,34,8-K,001-09120,23532915,"8.01,9.01",XBRL,163363,1,1,,d445261d8k.htm,8-K
0001306550-23-002211,2023-01-23,,2023-01-23T20:52:33.000Z,34,SC 13G/A,005-44133,23544259,,SC 13G/A,13810,0,0,,us7445731067_012323.txt,
0000093751-23-000046,2023-01-31,,2023-01-31T14:36:17.000Z,34,SC 13G/A,005-44133,23570503,,SC 13G/A,8820,0,0,,Public_Service_Enterprise.txt,
0001104659-23-015148,2023-02-09,,2023-02-09T15:54:48.000Z,34,SC 13G/A,005-44133,23602099,,SC 13G/A,13080,0,0,,tv0110-publicserviceenterpri.htm,SCHEDULE 13G/A
0001959646-23-000001,2023-02-14,2022-12-31,2023-02-15T02:43:08.000Z,,5,,,,5,4857,0,0,,xslF345X03/primary_doc.xml,PRIMARY DOCUMENT
0001225208-23-002127,2023-02-16,2023-02-14,2023-02-16T23:03:06.000Z,,4,,,,4,7063,0,0,,xslF345X03/doc4.xml,
0001225208-23-002128,2023-02-16,2023-02-14,2023-02-16T23:04:26.000Z,,4,,,,4,5633,0,0,,xslF345X03/doc4.xml,
0001225208-23-002129,2023-02-16,2023-02-14,2023-02-16T23:05:35.000Z,,4,,,,4,4374,0,0,,xslF345X03/doc4.xml,
0001225208-23-002130,2023-02-16,2023-02-14,2023-02-16T23:07:05.000Z,,4,,,,4,4491,0,0,,xslF345X03/doc4.xml,
0001225208-23-002131,2023-02-16,2023-02-14,2023-02-16T23:07:12.000Z,,4,,,,4,4389,0,0,,xslF345X03/doc4.xml,
0001225208-23-002132,2023-02-16,2023-02-14,2023-02-16T23:07:17.000Z,,4,,,,4,4385,0,0,,xslF345X03/doc4.xml,
0001225208-23-002135,2023-02-16,2023-02-14,2023-02-16T23:37:03.000Z,,4,,,,4,5078,0,0,,xslF345X03/doc4.xml,
0001225208-23-002137,2023-02-16,2023-02-14,2023-02-16T23:42:33.000Z,,4,,,,4,5073,0,0,,xslF345X03/doc4.xml,
0001193125-23-042013,2023-02-17,2023-02-14,2023-02-17T21:19:35.000Z,34,8-K,001-09120,23642868,"5.03,9.01",XBRL,238300,1,1,,d469440d8k.htm,8-K
0001193125-23-043043,2023-02-21,2023-02-21,2023-02-21T14:00:49.000Z,34,8-K,001-09120,23645476,"2.02,7.01,9.01",XBRL,7578058,1,1,,d296144d8k.htm,8-K
0001628280-23-004411,2023-02-22,2022-12-31,2023-02-22T00:56:44.000Z,34,10-K,001-09120,23650157,,XBRL,41650210,1,1,,pseg-20221231.htm,10-K
0001193125-23-050916,2023-02-27,,2023-02-27T22:00:08.000Z,34,PRE 14A,001-09120,23676238,,XBRL,18962143,1,1,,d436901dpre14a.htm,PRE 14A
0001225208-23-003211,2023-03-03,2023-03-01,2023-03-03T16:46:10.000Z,,4,,,,4,6396,0,0,,xslF345X03/doc4.xml,
0001225208-23-003212,2023-03-03,2023-03-01,2023-03-03T16:46:15.000Z,,4,,,,4,5704,0,0,,xslF345X03/doc4.xml,
0001225208-23-003213,2023-03-03,2023-03-01,2023-03-03T16:47:23.000Z,,4,,,,4,6388,0,0,,xslF345X03/doc4.xml,
0001225208-23-003252,2023-03-03,2023-03-01,2023-03-03T20:19:04.000Z,,4,,,,4,5694,0,0,,xslF345X03/doc4.xml,
0001225208-23-003254,2023-03-03,2023-03-01,2023-03-03T20:19:20.000Z,,4,,,,4,5811,0,0,,xslF345X03/doc4.xml,
0001225208-23-003253,2023-03-03,2023-03-01,2023-03-03T20:19:26.000Z,,4,,,,4,6392,0,0,,xslF345X03/doc4.xml,
0001225208-23-003255,2023-03-03,2023-03-01,2023-03-03T20:19:29.000Z,,4,,,,4,5708,0,0,,xslF345X03/doc4.xml,
0001225208-23-003256,2023-03-03,2023-03-01,2023-03-03T20:20:36.000Z,,4,,,,4,5705,0,0,,xslF345X03/doc4.xml,
0001193125-23-066173,2023-03-09,2023-03-09,2023-03-09T21:35:44.000Z,34,8-K,001-09120,23720239,"7.01,9.01",XBRL,31229352,1,1,,d484503d8k.htm,8-K
0001193125-23-066199,2023-03-09,,2023-03-09T21:48:15.000Z,34,DEF 14A,001-09120,23720378,,XBRL,16651638,1,1,,d436901ddef14a.htm,DEF 14A
0001193125-23-066204,2023-03-09,,2023-03-09T21:49:26.000Z,34,DEFA14A,001-09120,23720400,,DEFA14A,40646,0,0,,d436901ddefa14a.htm,DEFA14A
0001193125-23-066216,2023-03-09,2022-12-31,2023-03-09T21:55:09.000Z,34,ARS,001-09120,23720444,,ARS,23697879,0,0,,d425311dars.pdf,ARS
0001959173-23-000213,2023-03-13,,2023-03-13T19:30:30.000Z,33,144,001-09120,23727111,,144,5925,0,0,,xsl144X01/primary_doc.xml,
0001225208-23-003966,2023-03-15,2023-03-13,2023-03-15T17:41:44.000Z,,4,,,,4,5171,0,0,,xslF345X03/doc4.xml,
0001193125-23-097233,2023-04-11,2023-04-05,2023-04-11T12:32:29.000Z,34,8-K,001-09120,23812435,"5.02,9.01",XBRL,156912,1,1,,d485882d8k.htm,8-K
0001193125-23-106468,2023-04-19,2023-04-17,2023-04-19T20:16:02.000Z,34,8-K,001-09120,23830209,5.02,XBRL,139078,1,1,,d356745d8k.htm,8-K
0001225208-23-004899,2023-04-19,2023-04-17,2023-04-19T20:24:14.000Z,,4,,,,4,4570,0,0,,xslF345X04/doc4.xml,
0001193125-23-110597,2023-04-21,2023-04-18,2023-04-21T20:34:52.000Z,34,8-K,001-09120,23836840,5.07,XBRL,179096,1,1,,d419859d8k.htm,8-K
0001193125-23-131492,2023-05-02,2023-05-02,2023-05-02T13:03:03.000Z,34,8-K,001-09120,23876838,"2.02,7.01,9.01",XBRL,9053969,1,1,,d449942d8k.htm,8-K
0000788784-23-000002,2023-05-02,2023-03-31,2023-05-02T20:37:13.000Z,34,10-Q,001-09120,23879735,,XBRL,20936537,1,1,,pseg-20230331.htm,10-Q
0001225208-23-005267,2023-05-02,2023-05-01,2023-05-02T22:53:06.000Z,,4,,,,4,4612,0,0,,xslF345X04/doc4.xml,
0001225208-23-005268,2023-05-02,2023-05-01,2023-05-02T22:54:11.000Z,,4,,,,4,5657,0,0,,xslF345X04/doc4.xml,
0001225208-23-005269,2023-05-02,2023-05-01,2023-05-02T22:54:13.000Z,,4,,,,4,5716,0,0,,xslF345X04/doc4.xml,
0001225208-23-005270,2023-05-02,2023-05-01,2023-05-02T22:55:17.000Z,,4,,,,4,5662,0,0,,xslF345X04/doc4.xml,
0001225208-23-005271,2023-05-02,2023-05-01,2023-05-02T22:55:19.000Z,,4,,,,4,5728,0,0,,xslF345X04/doc4.xml,
0001225208-23-005272,2023-05-02,2023-05-01,2023-05-02T22:56:26.000Z,,4,,,,4,5697,0,0,,xslF345X04/doc4.xml,
0001225208-23-005273,2023-05-02,2023-05-01,2023-05-02T22:56:36.000Z,,4,,,,4,5559,0,0,,xslF345X04/doc4.xml,
0001225208-23-005274,2023-05-02,2023-05-01,2023-05-02T22:56:37.000Z,,4,,,,4,5699,0,0,,xslF345X04/doc4.xml,
0001225208-23-005276,2023-05-02,2023-05-01,2023-05-02T23:03:03.000Z,,4,,,,4,4598,0,0,,xslF345X04/doc4.xml,
0001193125-23-157899,2023-05-31,2023-05-31,2023-05-31T20:30:58.000Z,34,8-K,001-09120,23981422,"8.01,9.01",XBRL,158466,1,1,,d438498d8k.htm,8-K
0000788784-23-000003,2023-06-27,2022-12-31,2023-06-27T20:15:13.000Z,34,11-K,001-09120,231047479,,11-K,259284,0,0,,form11k_employeesavingspla.htm,11-K
0000788784-23-000004,2023-06-27,2022-12-31,2023-06-27T20:18:20.000Z,34,11-K,001-09120,231047536,,11-K,259671,0,0,,form11k_thrifplan2022linked.htm,11-K
0000788784-23-000005,2023-06-27,2022-12-31,2023-06-27T20:21:14.000Z,34,11-K,001-09120,231047573,,11-K,170985,0,0,,form11-k_servcoplani2022.htm,11-K
0000788784-23-000006,2023-06-27,2022-12-31,2023-06-27T20:24:39.000Z,34,11-K,001-09120,231047608,,11-K,166729,0,0,,form11-k_servcoplanii2022.htm,11-K
0001968582-23-000300,2023-07-03,,2023-07-03T17:38:30.000Z,33,144,001-09120,231064550,,144,4533,0,0,,xsl144X01/primary_doc.xml,
0001225208-23-007290,2023-07-05,2023-07-03,2023-07-05T21:50:39.000Z,,4,,,,4,4791,0,0,,xslF345X04/doc4.xml,
0001104659-23-079467,2023-07-10,,2023-07-10T14:41:25.000Z,34,SC 13G/A,005-44133,231078658,,SC 13G/A,13076,0,0,,tv0006-publicserviceenterpri.htm,SCHEDULE 13G/A
0001193125-23-200002,2023-08-01,2023-08-01,2023-08-01T13:00:59.000Z,34,8-K,001-09120,231129825,"2.02,7.01,9.01",XBRL,6395844,1,1,,d505366d8k.htm,8-K
0000788784-23-000007,2023-08-01,2023-06-30,2023-08-01T20:43:53.000Z,34,10-Q,001-09120,231132399,,XBRL,22522872,1,1,,pseg-20230630.htm,10-Q
0001225208-23-007864,2023-08-02,2023-08-01,2023-08-02T14:25:38.000Z,,4,,,,4,4533,0,0,,xslF345X05/doc4.xml,
0001193125-23-205000,2023-08-07,2023-08-07,2023-08-07T20:23:02.000Z,34,8-K,001-09120,231147928,8.01,XBRL,138977,1,1,,d528878d8k.htm,8-K
0001959173-23-003404,2023-08-21,,2023-08-21T16:22:02.000Z,33,144,001-09120,231188240,,144,4436,0,0,,xsl144X01/primary_doc.xml,
0001225208-23-008382,2023-08-22,2023-08-21,2023-08-22T16:54:47.000Z,,4,,,,4,5120,0,0,,xslF345X05/doc4.xml,
0001193125-23-239117,2023-09-21,2023-09-19,2023-09-21T11:58:55.000Z,34,8-K,001-09120,231267758,"5.02,9.01",XBRL,163299,1,1,,d503806d8k.htm,8-K
0001959173-23-004037,2023-09-21,,2023-09-21T14:04:47.000Z,33,144,001-09120,231268076,,144,5019,0,0,,xsl144X01/primary_doc.xml,
0001225208-23-009013,2023-09-22,2023-09-21,2023-09-22T17:39:43.000Z,,4,,,,4,4952,0,0,,xslF345X05/doc4.xml,
0001225208-23-009070,2023-09-26,2023-09-20,2023-09-26T21:38:51.000Z,,3,,,,3,2951,0,0,,xslF345X02/doc3.xml,
0001193125-23-248471,2023-10-02,,2023-10-02T12:44:39.000Z,33,424B5,333-250825,231298033,,424B5,468232,0,0,,d498137d424b5.htm,424B5
0001193125-23-249076,2023-10-02,,2023-10-02T20:20:48.000Z,34,FWP,333-250825,231299964,,FWP,22272,0,0,,d552689dfwp.htm,FWP
0001193125-23-249876,2023-10-03,,2023-10-03T18:51:23.000Z,33,424B5,333-250825,231302858,,424B5,504699,0,0,,d498137d424b5.htm,424B5
0001225208-23-009309,2023-10-04,2023-10-02,2023-10-04T20:08:05.000Z,,4,,,,4,5530,0,0,,xslF345X05/doc4.xml,
0001193125-23-250737,2023-10-04,2023-10-02,2023-10-04T20:15:34.000Z,34,8-K,001-09120,231308096,"8.01,9.01",XBRL,527680,1,1,,d821564d8k.htm,8-K
0001193125-23-252980,2023-10-10,2023-10-10,2023-10-10T10:07:49.000Z,34,8-K,001-09120,231315421,"7.01,9.01",XBRL,25160353,1,1,,d497801d8k.htm,8-K
0001959173-23-004387,2023-10-23,,2023-10-23T16:51:30.000Z,33,144,001-09120,231339430,,144,5597,0,0,,xsl144X01/primary_doc.xml,
0001225208-23-009700,2023-10-24,2023-10-23,2023-10-25T00:50:21.000Z,,4,,,,4,5120,0,0,,xslF345X05/doc4.xml,
0001193125-23-264098,2023-10-26,2023-10-24,2023-10-26T20:16:52.000Z,34,8-K,001-09120,231350389,5.02,XBRL,139447,1,1,,d574697d8k.htm,8-K
0001193125-23-266794,2023-10-31,2023-10-31,2023-10-31T13:00:41.000Z,34,8-K,001-09120,231362417,"2.02,7.01,9.01",XBRL,9339529,1,1,,d744252d8k.htm,8-K
0000788784-23-000008,2023-10-31,2023-09-30,2023-10-31T20:23:12.000Z,34,10-Q,001-09120,231364826,,XBRL,22474763,1,1,,pseg-20230930.htm,10-Q
0001968582-23-000604,2023-11-02,,2023-11-02T20:22:32.000Z,33,144,001-09120,231372710,,144,4543,0,0,,xsl144X01/primary_doc.xml,
0001225208-23-009928,2023-11-03,2023-11-02,2023-11-03T20:32:39.000Z,,4,,,,4,4791,0,0,,xslF345X05/doc4.xml,
0001193125-23-276103,2023-11-13,,2023-11-13T21:36:27.000Z,33,S-3ASR,333-275509,231399475,,S-3ASR,1328333,0,0,,d538380ds3asr.htm,S-3ASR
0001959173-23-004915,2023-11-21,,2023-11-21T20:51:31.000Z,33,144,001-09120,231427837,,144,6168,0,0,,xsl144X01/primary_doc.xml,
0001225208-23-010390,2023-11-22,2023-11-21,2023-11-22T18:38:55.000Z,,4,,,,4,4952,0,0,,xslF345X05/doc4.xml,
0001225208-23-010661,2023-12-04,2023-12-01,2023-12-04T21:18:07.000Z,,4,,,,4,4628,0,0,,xslF345X05/doc4.xml,
0001193125-23-298642,2023-12-19,2023-12-19,2023-12-19T21:30:33.000Z,34,8-K,001-09120,231497770,"7.01,9.01",XBRL,183887,1,1,,d601095d8k.htm,8-K
0001959173-23-005659,2023-12-21,,2023-12-21T15:22:23.000Z,33,144,001-09120,231503214,,144,6260,0,0,,xsl144X01/primary_doc.xml,
0001225208-23-011318,2023-12-22,2023-12-21,2023-12-22T19:01:31.000Z,,4,,,,4,5044,0,0,,xslF345X05/doc4.xml,
0001225208-23-011346,2023-12-27,2023-12-19,2023-12-27T19:01:10.000Z,,3,,,,3,4282,0,0,,xslF345X02/doc3.xml,
0001193125-24-001533,2024-01-03,2024-01-03,2024-01-03T21:31:18.000Z,34,8-K,001-09120,24507084,"7.01,9.01",XBRL,23811244,1,1,,d656577d8k.htm,8-K
0001225208-24-000315,2024-01-04,2024-01-02,2024-01-04T14:25:04.000Z,,4,,,,4,5043,0,0,,xslF345X05/doc4.xml,
0001225208-24-000316,2024-01-04,2024-01-02,2024-01-04T14:26:06.000Z,,4,,,,4,4508,0,0,,xslF345X05/doc4.xml,
0001225208-24-000317,2024-01-04,2024-01-02,2024-01-04T14:26:09.000Z,,4,,,,4,6581,0,0,,xslF345X05/doc4.xml,
0001225208-24-000318,2024-01-04,2024-01-02,2024-01-04T14:26:10.000Z,,4,,,,4,4456,0,0,,xslF345X05/doc4.xml,
0001225208-24-000319,2024-01-04,2024-01-02,2024-01-04T14:27:12.000Z,,4,,,,4,4523,0,0,,xslF345X05/doc4.xml,
0001225208-24-000320,2024-01-04,2024-01-02,2024-01-04T14:27:15.000Z,,4,,,,4,5067,0,0,,xslF345X05/doc4.xml,
0001225208-24-000321,2024-01-04,2024-01-02,2024-01-04T14:27:17.000Z,,4,,,,4,4519,0,0,,xslF345X05/doc4.xml,
0001225208-24-000322,2024-01-04,2024-01-02,2024-01-04T14:28:17.000Z,,4,,,,4,4520,0,0,,xslF345X05/doc4.xml,
0000019617-24-000058,2024-01-12,,2024-01-12T14:46:22.000Z,34,SC 13G,005-44133,,,SC 13G,90496,0,0,,Public_Service_Enterprise_.htm,FILING PUBLIC SERVICE ENTERPRISE GROUP INCORPORATED
0001959173-24-000375,2024-01-22,,2024-01-22T14:48:49.000Z,33,144,001-09120,24547304,,144,6256,0,0,,xsl144X01/primary_doc.xml,
0001225208-24-001069,2024-01-23,2024-01-22,2024-01-23T20:49:11.000Z,,4,,,,4,5043,0,0,,xslF345X05/doc4.xml,
0001086364-24-002051,2024-01-24,,2024-01-24T14:46:43.000Z,34,SC 13G/A,005-44133,24554638,,SC 13G/A,14024,0,0,,us7445731067_012324.txt,
0001193125-24-014265,2024-01-24,2024-01-22,2024-01-24T21:30:32.000Z,34,8-K,001-09120,24556891,"5.02,9.01",XBRL,160710,1,1,,d710979d8k.htm,8-K
0000093751-24-000354,2024-01-29,,2024-01-29T18:15:31.000Z,34,SC 13G/A,005-44133,24572412,,SC 13G/A,8819,0,0,,PublicServEntpGroup.txt,
0001225208-24-001295,2024-01-30,2024-01-22,2024-01-30T19:17:28.000Z,,3,,,,3,2915,0,0,,xslF345X02/doc3.xml,
0001104659-24-020111,2024-02-13,,2024-02-13T21:55:56.000Z,34,SC 13G/A,005-44133,24627198,,SC 13G/A,13173,0,0,,tv0119-publicserviceenterpri.htm,SCHEDULE 13G/A
0001225208-24-002052,2024-02-14,2024-02-13,2024-02-14T21:24:57.000Z,,4,,,,4,5365,0,0,,xslF345X05/doc4.xml,
0001225208-24-002053,2024-02-14,2024-02-13,2024-02-14T21:25:29.000Z,,4,,,,4,5360,0,0,,xslF345X05/doc4.xml,
0001225208-24-002054,2024-02-14,2024-02-13,2024-02-14T21:25:32.000Z,,4,,,,4,4778,0,0,,xslF345X05/doc4.xml,
0001225208-24-002058,2024-02-14,2024-02-13,2024-02-14T21:42:20.000Z,,4,,,,4,4662,0,0,,xslF345X05/doc4.xml,
0001225208-24-002059,2024-02-14,2024-02-13,2024-02-14T21:42:25.000Z,,4,,,,4,4676,0,0,,xslF345X05/doc4.xml,
0001225208-24-002060,2024-02-14,2024-02-13,2024-02-14T21:42:51.000Z,,4,,,,4,5227,0,0,,xslF345X05/doc4.xml,
0001225208-24-002074,2024-02-14,2024-02-13,2024-02-14T21:53:34.000Z,,4,,,,4,4674,0,0,,xslF345X05/doc4.xml,
0001225208-24-002075,2024-02-14,2024-02-13,2024-02-14T21:54:54.000Z,,4,,,,4,4672,0,0,,xslF345X05/doc4.xml,
0001193125-24-037578,2024-02-15,2024-01-22,2024-02-15T21:31:02.000Z,34,8-K/A,001-09120,24644284,5.02,XBRL,145560,1,1,,d754286d8ka.htm,8-K/A
0001959173-24-001212,2024-02-21,,2024-02-21T15:50:40.000Z,33,144,001-09120,24656904,,144,6256,0,0,,xsl144X01/primary_doc.xml,
0001225208-24-002708,2024-02-22,2024-02-21,2024-02-22T21:19:53.000Z,,4,,,,4,5043,0,0,,xslF345X05/doc4.xml,
0001193125-24-045482,2024-02-26,2024-02-26,2024-02-26T14:02:04.000Z,34,8-K,001-09120,24673778,"2.02,7.01,9.01",XBRL,8842079,1,1,,d749167d8k.htm,8-K
0001628280-24-006885,2024-02-26,2023-12-31,2024-02-26T21:26:07.000Z,34,10-K,001-09120,24679316,,XBRL,38627976,1,1,,pseg-20231231.htm,10-K
0001193125-24-046285,2024-02-26,2024-04-16,2024-02-26T21:50:20.000Z,34,PRE 14A,001-09120,24679808,,XBRL,15140111,1,1,,d518938dpre14a.htm,PRE 14A
0001959173-24-001565,2024-02-29,,2024-02-29T17:08:38.000Z,33,144,001-09120,24701040,,144,14345,0,0,,xsl144X01/primary_doc.xml,
0001968582-24-000142,2024-02-29,,2024-02-29T21:11:08.000Z,33,144,001-09120,24703711,,144,5282,0,0,,xsl144X01/primary_doc.xml,
0001225208-24-003343,2024-03-01,2024-02-29,2024-03-01T20:44:41.000Z,,4,,,,4,4719,0,0,,xslF345X05/doc4.xml,
0001225208-24-003344,2024-03-01,2024-02-29,2024-03-01T20:44:44.000Z,,4,,,,4,4353,0,0,,xslF345X05/doc4.xml,
0001193125-24-056715,2024-03-04,2024-03-04,2024-03-04T11:16:17.000Z,34,8-K,001-09120,24712772,"7.01,9.01",XBRL,24950910,1,1,,d761500d8k.htm,8-K
0001225208-24-003689,2024-03-05,2024-03-01,2024-03-05T22:36:59.000Z,,4,,,,4,6520,0,0,,xslF345X05/doc4.xml,
0001225208-24-003719,2024-03-05,2024-03-01,2024-03-05T23:40:28.000Z,,4,,,,4,5819,0,0,,xslF345X05/doc4.xml,
0001225208-24-003720,2024-03-05,2024-03-01,2024-03-05T23:40:32.000Z,,4,,,,4,9265,0,0,,xslF345X05/doc4.xml,
0001225208-24-003721,2024-03-05,2024-03-01,2024-03-05T23:40:36.000Z,,4,,,,4,7733,0,0,,xslF345X05/doc4.xml,
0001225208-24-003722,2024-03-05,2024-03-01,2024-03-05T23:40:39.000Z,,4,,,,4,5832,0,0,,xslF345X05/doc4.xml,
0001225208-24-003723,2024-03-05,2024-03-01,2024-03-05T23:41:33.000Z,,4,,,,4,6545,0,0,,xslF345X05/doc4.xml,
0001225208-24-003724,2024-03-05,2024-03-01,2024-03-05T23:41:35.000Z,,4,,,,4,5828,0,0,,xslF345X05/doc4.xml,
0001225208-24-003725,2024-03-05,2024-03-01,2024-03-05T23:41:48.000Z,,4,,,,4,5829,0,0,,xslF345X05/doc4.xml,
0001193125-24-062240,2024-03-07,2024-04-16,2024-03-07T21:31:25.000Z,34,DEF 14A,001-09120,24730627,,XBRL,14349848,1,1,,d518938ddef14a.htm,DEF 14A
0001193125-24-062245,2024-03-07,,2024-03-07T21:33:32.000Z,34,DEFA14A,001-09120,24730661,,DEFA14A,37475,0,0,,d518938ddefa14a.htm,DEFA14A
0001193125-24-062256,2024-03-07,2023-12-31,2024-03-07T21:37:02.000Z,34,ARS,001-09120,24730730,,ARS,10254957,0,0,,d616028dars.pdf,ARS
0001959173-24-002345,2024-03-14,,2024-03-14T17:23:01.000Z,33,144,001-09120,24748896,,144,7122,0,0,,xsl144X01/primary_doc.xml,
0001225208-24-004260,2024-03-15,2024-03-14,2024-03-15T19:59:43.000Z,,4,,,,4,4353,0,0,,xslF345X05/doc4.xml,
0001959173-24-002541,2024-03-21,,2024-03-21T14:18:17.000Z,33,144,001-09120,24769844,,144,6800,0,0,,xsl144X01/primary_doc.xml,
0001225208-24-004407,2024-03-22,2024-03-21,2024-03-22T19:56:15.000Z,,4,,,,4,5043,0,0,,xslF345X05/doc4.xml,
0001193125-24-075981,2024-03-25,,2024-03-25T12:38:10.000Z,33,424B5,333-275509,24776992,,424B5,529771,0,0,,d781257d424b5.htm,424B5
0001193125-24-076591,2024-03-25,,2024-03-25T20:56:52.000Z,34,FWP,333-275509,24779973,,FWP,22990,0,0,,d747054dfwp.htm,FWP
0001193125-24-077486,2024-03-26,,2024-03-26T18:39:25.000Z,33,424B5,333-275509,24782918,,424B5,566750,0,0,,d781257d424b5.htm,424B5
0001193125-24-078849,2024-03-27,2024-03-25,2024-03-27T20:32:02.000Z,34,8-K,001-09120,24791301,"8.01,9.01",XBRL,523951,1,1,,d797041d8k.htm,8-K
0001225208-24-004729,2024-04-02,2024-04-01,2024-04-02T18:07:04.000Z,,4,,,,4,4720,0,0,,xslF345X05/doc4.xml,
0001193125-24-091949,2024-04-10,,2024-04-10T20:30:55.000Z,34,DEFA14A,001-09120,24836185,,DEFA14A,11427,0,0,,d818286ddefa14a.htm,DEFA14A
0001193125-24-100833,2024-04-18,2024-04-16,2024-04-18T20:31:02.000Z,34,8-K,001-09120,24854678,"5.02,9.01",XBRL,367771,1,1,,d823142d8k.htm,8-K
0001193125-24-102953,2024-04-19,2024-04-16,2024-04-19T20:31:02.000Z,34,8-K,001-09120,24858228,5.07,XBRL,177135,1,1,,d818831d8k.htm,8-K
0001959173-24-003005,2024-04-22,,2024-04-22T14:23:44.000Z,33,144,001-09120,24859847,,144,6256,0,0,,xsl144X01/primary_doc.xml,
0001225208-24-005175,2024-04-23,2024-04-22,2024-04-23T20:12:21.000Z,,4,,,,4,5043,0,0,,xslF345X05/doc4.xml,
0001193125-24-123861,2024-04-30,2024-04-30,2024-04-30T13:01:04.000Z,34,8-K,001-09120,24894229,"2.02,7.01,9.01",XBRL,7261867,1,1,,d829234d8k.htm,8-K
0001628280-24-019352,2024-04-30,2024-03-31,2024-04-30T20:16:58.000Z,34,10-Q,001-09120,24897495,,XBRL,19187987,1,1,,pseg-20240331.htm,10-Q
0001225208-24-005483,2024-05-02,2024-05-01,2024-05-02T21:00:46.000Z,,4,,,,4,4704,0,0,,xslF345X05/doc4.xml,
0001225208-24-005484,2024-05-02,2024-05-01,2024-05-02T21:00:49.000Z,,4,,,,4,5749,0,0,,xslF345X05/doc4.xml,
0001225208-24-005485,2024-05-02,2024-05-01,2024-05-02T21:01:56.000Z,,4,,,,4,5808,0,0,,xslF345X05/doc4.xml,
0001225208-24-005486,2024-05-02,2024-05-01,2024-05-02T21:02:12.000Z,,4,,,,4,5575,0,0,,xslF345X05/doc4.xml,
0001225208-24-005487,2024-05-02,2024-05-01,2024-05-02T21:02:16.000Z,,4,,,,4,5754,0,0,,xslF345X05/doc4.xml,
0001225208-24-005488,2024-05-02,2024-05-01,2024-05-02T21:03:03.000Z,,4,,,,4,5820,0,0,,xslF345X05/doc4.xml,
0001225208-24-005489,2024-05-02,2024-05-01,2024-05-02T21:03:10.000Z,,4,,,,4,5789,0,0,,xslF345X05/doc4.xml,
0001225208-24-005490,2024-05-02,2024-05-01,2024-05-02T21:03:19.000Z,,4,,,,4,5010,0,0,,xslF345X05/doc4.xml,
0001225208-24-005491,2024-05-02,2024-05-01,2024-05-02T21:03:23.000Z,,4,,,,4,5803,0,0,,xslF345X05/doc4.xml,
0001225208-24-005493,2024-05-02,2024-05-01,2024-05-02T21:03:46.000Z,,4,,,,4,5791,0,0,,xslF345X05/doc4.xml,
0001225208-24-005497,2024-05-02,2024-05-01,2024-05-02T21:13:39.000Z,,4,,,,4,4719,0,0,,xslF345X05/doc4.xml,
0001968582-24-000448,2024-06-03,,2024-06-03T21:06:59.000Z,33,144,001-09120,241014655,,144,6686,0,0,,xsl144X01/primary_doc.xml,
0001225208-24-006591,2024-06-04,2024-06-03,2024-06-04T21:13:51.000Z,,4,,,,4,4883,0,0,,xslF345X05/doc4.xml,
0001628280-24-030151,2024-06-26,2023-12-31,2024-06-26T20:26:35.000Z,34,11-K,001-09120,241073749,,11-K,260005,0,0,,form11k_thrifplan2023linked.htm,11-K
0001628280-24-030152,2024-06-26,2023-12-31,2024-06-26T20:28:53.000Z,34,11-K,001-09120,241073786,,11-K,261219,0,0,,form11k_employeesavingspla.htm,11-K
0001628280-24-030154,2024-06-26,2023-12-31,2024-06-26T20:31:39.000Z,34,11-K,001-09120,241073834,,11-K,171373,0,0,,form11-k_servcoplani2023.htm,11-K
0001628280-24-030160,2024-06-26,2023-12-31,2024-06-26T20:34:44.000Z,34,11-K,001-09120,241073867,,11-K,167098,0,0,,form11-k_servcoplanii2023.htm,11-K
0001193125-24-188316,2024-07-30,2024-07-30,2024-07-30T13:01:09.000Z,34,8-K,001-09120,241154669,"2.02,7.01,9.01",XBRL,8033521,1,1,,d818369d8k.htm,8-K
0001628280-24-033496,2024-07-30,2024-06-30,2024-07-30T20:45:56.000Z,34,10-Q,001-09120,241158250,,XBRL,21794509,1,1,,pseg-20240630.htm,10-Q
0001959173-24-005644,2024-08-15,,2024-08-15T19:40:05.000Z,33,144,001-09120,241212088,,144,6154,0,0,,xsl144X01/primary_doc.xml,
0001225208-24-008037,2024-08-16,2024-08-15,2024-08-16T15:10:06.000Z,,4,,,,4,4535,0,0,,xslF345X05/doc4.xml,
0001968582-24-000744,2024-08-26,,2024-08-26T21:04:07.000Z,33,144,001-09120,241242209,,144,5786,0,0,,xsl144X01/primary_doc.xml,
0001225208-24-008252,2024-08-27,2024-08-26,2024-08-27T20:19:07.000Z,,4,,,,4,4883,0,0,,xslF345X05/doc4.xml,
0001225208-24-008483,2024-09-05,2024-09-03,2024-09-05T12:55:49.000Z,,4,,,,4,4720,0,0,,xslF345X05/doc4.xml,
0000019617-24-000510,2024-09-05,,2024-09-05T17:16:56.000Z,34,SC 13G/A,005-44133,,,SC 13G/A,90442,0,0,,Public_Service_Enterprise_.htm,FILING PUBLIC SERVICE ENTERPRISE GROUP INCORPORATED
0001959173-24-006329,2024-09-09,,2024-09-09T14:59:32.000Z,33,144,001-09120,241286317,,144,6189,0,0,,xsl144X01/primary_doc.xml,
0001225208-24-008583,2024-09-10,2024-09-09,2024-09-10T23:37:41.000Z,,4,,,,4,4356,0,0,,xslF345X05/doc4.xml,
0001193125-24-220162,2024-09-17,2024-09-11,2024-09-17T12:30:01.000Z,34,8-K,001-09120,241302644,"5.02,9.01",XBRL,159936,1,1,,d871816d8k.htm,8-K
0001225208-24-008839,2024-09-25,2024-09-16,2024-09-25T20:51:21.000Z,,3,,,,3,5439,0,0,,xslF345X02/doc3.xml,
0001225208-24-008979,2024-10-02,2024-10-01,2024-10-02T18:50:40.000Z,,4,,,,4,4720,0,0,,xslF345X05/doc4.xml,
0001193125-24-233423,2024-10-07,2024-10-07,2024-10-07T13:48:02.000Z,34,8-K,001-09120,241356378,7.01,XBRL,217790,1,1,,d864894d8k.htm,8-K
0001959173-24-006928,2024-10-09,,2024-10-09T14:35:38.000Z,33,144,001-09120,241361776,,144,6769,0,0,,xsl144X01/primary_doc.xml,
0001225208-24-009255,2024-10-10,2024-10-09,2024-10-10T19:48:47.000Z,,4,,,,4,4360,0,0,,xslF345X05/doc4.xml,
0001193125-24-250287,2024-11-04,2024-11-04,2024-11-04T14:00:39.000Z,34,8-K,001-09120,241421007,"2.02,7.01,9.01",XBRL,10062989,1,1,,d901097d8k.htm,8-K
0001225208-24-009607,2024-11-04,2024-11-01,2024-11-04T21:12:02.000Z,,4,,,,4,4720,0,0,,xslF345X05/doc4.xml,
0000950170-24-120749,2024-11-04,2024-09-30,2024-11-04T21:30:57.000Z,34,10-Q,001-09120,241424074,,XBRL,37596578,1,1,,peg-20240930.htm,10-Q
0001193125-24-254222,2024-11-08,2024-11-08,2024-11-08T21:56:10.000Z,34,8-K,001-09120,241441519,"7.01,9.01",XBRL,17511283,1,1,,d905174d8k.htm,8-K
0001959173-24-007692,2024-11-12,,2024-11-12T15:34:36.000Z,33,144,001-09120,241445004,,144,9158,0,0,,xsl144X01/primary_doc.xml,
0001225208-24-009876,2024-11-12,2024-11-11,2024-11-12T21:52:29.000Z,,4,,,,4,4778,0,0,,xslF345X05/doc4.xml,
0000950170-24-128681,2024-11-19,2024-11-18,2024-11-19T21:33:48.000Z,34,8-K,001-09120,241476701,"5.02,9.01",XBRL,687236,1,1,,peg-20241118.htm,8-K
0001225208-24-010093,2024-11-21,2024-11-19,2024-11-21T19:45:44.000Z,,4,,,,4,5408,0,0,,xslF345X05/doc4.xml,
0001968582-24-001094,2024-12-02,,2024-12-03T02:11:33.000Z,33,144,001-09120,241520790,,144,6602,0,0,,xsl144X01/primary_doc.xml,
0001225208-24-010469,2024-12-03,2024-12-02,2024-12-03T22:16:40.000Z,,4,,,,4,4884,0,0,,xslF345X05/doc4.xml,
0001225208-25-000265,2025-01-03,2025-01-02,2025-01-04T00:38:48.000Z,,4,,,,4,5211,0,0,,xslF345X05/doc4.xml,
0001225208-25-000266,2025-01-03,2025-01-02,2025-01-04T00:38:49.000Z,,4,,,,4,4508,0,0,,xslF345X05/doc4.xml,
0001225208-25-000267,2025-01-03,2025-01-02,2025-01-04T00:38:51.000Z,,4,,,,4,4350,0,0,,xslF345X05/doc4.xml,
0001225208-25-000268,2025-01-03,2025-01-02,2025-01-04T00:39:55.000Z,,4,,,,4,7471,0,0,,xslF345X05/doc4.xml,
0001225208-25-000270,2025-01-03,2025-01-02,2025-01-04T00:39:58.000Z,,4,,,,4,4527,0,0,,xslF345X05/doc4.xml,
0001225208-25-000271,2025-01-03,2025-01-02,2025-01-04T00:39:59.000Z,,4,,,,4,5236,0,0,,xslF345X05/doc4.xml,
0001225208-25-000272,2025-01-03,2025-01-02,2025-01-04T00:40:00.000Z,,4,,,,4,4500,0,0,,xslF345X05/doc4.xml,
0001225208-25-000273,2025-01-03,2025-01-02,2025-01-04T00:40:02.000Z,,4,,,,4,4519,0,0,,xslF345X05/doc4.xml,
0001225208-25-000274,2025-01-03,2025-01-02,2025-01-04T00:41:10.000Z,,4,,,,4,4520,0,0,,xslF345X05/doc4.xml,
0001225208-25-001160,2025-02-04,2025-02-03,2025-02-04T21:42:40.000Z,,4,,,,4,4719,0,0,,xslF345X05/doc4.xml,
0001225208-25-001433,2025-02-10,2020-02-18,2025-02-10T20:20:54.000Z,,3/A,,,,3/A,4822,0,0,,xslF345X02/doc3a.xml,
0001225208-25-001434,2025-02-10,2020-03-23,2025-02-10T20:22:00.000Z,,4,,,,4,6243,0,0,,xslF345X05/doc4.xml,
0001225208-25-001603,2025-02-12,2025-02-11,2025-02-13T01:00:21.000Z,,4,,,,4,5365,0,0,,xslF345X05/doc4.xml,
0001225208-25-001604,2025-02-12,2025-02-11,2025-02-13T01:00:22.000Z,,4,,,,4,4661,0,0,,xslF345X05/doc4.xml,
0001225208-25-001605,2025-02-12,2025-02-11,2025-02-13T01:01:26.000Z,,4,,,,4,5358,0,0,,xslF345X05/doc4.xml,
0001225208-25-001606,2025-02-12,2025-02-11,2025-02-13T01:01:27.000Z,,4,,,,4,5390,0,0,,xslF345X05/doc4.xml,
0001225208-25-001607,2025-02-12,2025-02-11,2025-02-13T01:02:32.000Z,,4,,,,4,4672,0,0,,xslF345X05/doc4.xml,
0001225208-25-001608,2025-02-12,2025-02-11,2025-02-13T01:02:34.000Z,,4,,,,4,4674,0,0,,xslF345X05/doc4.xml,
0001225208-25-001609,2025-02-12,2025-02-11,2025-02-13T01:02:35.000Z,,4,,,,4,4778,0,0,,xslF345X05/doc4.xml,
0001225208-25-001610,2025-02-12,2025-02-11,2025-02-13T01:03:39.000Z,,4,,,,4,6022,0,0,,xslF345X05/doc4.xml,
0001225208-25-001612,2025-02-13,2024-12-31,2025-02-13T18:14:01.000Z,,5,,,,5,5823,0,0,,xslF345X05/doc5.xml,
0001225208-25-001888,2025-02-18,2025-02-13,2025-02-18T23:00:48.000Z,,4,,,,4,5043,0,0,,xslF345X05/doc4.xml,
0001225208-25-001891,2025-02-18,2025-02-13,2025-02-18T23:02:03.000Z,,4,,,,4,4340,0,0,,xslF345X05/doc4.xml,
0001225208-25-001893,2025-02-18,2025-02-13,2025-02-18T23:09:38.000Z,,4,,,,4,5037,0,0,,xslF345X05/doc4.xml,
0001225208-25-001894,2025-02-18,2025-02-13,2025-02-18T23:10:54.000Z,,4,,,,4,4456,0,0,,xslF345X05/doc4.xml,
0001225208-25-001903,2025-02-18,2025-02-13,2025-02-18T23:13:41.000Z,,4,,,,4,4527,0,0,,xslF345X05/doc4.xml,
0001225208-25-001904,2025-02-18,2025-02-13,2025-02-18T23:14:50.000Z,,4,,,,4,5068,0,0,,xslF345X05/doc4.xml,
0001225208-25-001905,2025-02-18,2025-02-13,2025-02-18T23:16:04.000Z,,4,,,,4,4350,0,0,,xslF345X05/doc4.xml,
0001225208-25-001906,2025-02-18,2025-02-13,2025-02-18T23:16:06.000Z,,4,,,,4,4352,0,0,,xslF345X05/doc4.xml,
0001193125-25-034436,2025-02-25,2025-02-25,2025-02-25T14:00:28.000Z,34,8-K,001-09120,25659653,"2.02,7.01,9.01",XBRL,10431527,1,1,,d928125d8k.htm,8-K
0000950170-25-026874,2025-02-25,2024-12-31,2025-02-25T22:24:49.000Z,34,10-K,001-09120,25665025,,XBRL,78903650,1,1,,peg-20241231.htm,10-K
0001193125-25-044154,2025-03-03,2025-04-22,2025-03-03T21:31:32.000Z,34,PRE 14A,001-09120,25698526,,XBRL,15017326,1,1,,d796078dpre14a.htm,PRE 14A
0001968582-25-000144,2025-03-03,,2025-03-03T21:54:55.000Z,33,144,001-09120,25698971,,144,5952,0,0,,xsl144X01/primary_doc.xml,
0001225208-25-002793,2025-03-04,2025-02-28,2025-03-04T21:16:33.000Z,,4,,,,4,6521,0,0,,xslF345X05/doc4.xml,
0001225208-25-002826,2025-03-04,2025-02-28,2025-03-04T21:54:52.000Z,,4,,,,4,5820,0,0,,xslF345X05/doc4.xml,
0001225208-25-002827,2025-03-04,2025-02-28,2025-03-04T21:54:54.000Z,,4,,,,4,6516,0,0,,xslF345X05/doc4.xml,
0001225208-25-002828,2025-03-04,2025-02-28,2025-03-04T21:54:56.000Z,,4,,,,4,10427,0,0,,xslF345X05/doc4.xml,
0001225208-25-002830,2025-03-04,2025-02-28,2025-03-04T21:56:09.000Z,,4,,,,4,6546,0,0,,xslF345X05/doc4.xml,
0001225208-25-002831,2025-03-04,2025-02-28,2025-03-04T21:56:10.000Z,,4,,,,4,5809,0,0,,xslF345X05/doc4.xml,
0001225208-25-002833,2025-03-04,2025-02-28,2025-03-04T21:56:16.000Z,,4,,,,4,5829,0,0,,xslF345X05/doc4.xml,
0001225208-25-002834,2025-03-04,2025-02-28,2025-03-04T21:57:18.000Z,,4,,,,4,5838,0,0,,xslF345X05/doc4.xml,
0001225208-25-002869,2025-03-04,2025-02-28,2025-03-04T22:58:18.000Z,,4,,,,4,8397,0,0,,xslF345X05/doc4.xml,
0001193125-25-047960,2025-03-06,,2025-03-06T13:58:39.000Z,33,424B5,333-275509,25713749,,424B5,528819,0,0,,d785713d424b5.htm,424B5
0001193125-25-048482,2025-03-06,,2025-03-06T21:54:18.000Z,34,FWP,333-275509,25716068,,FWP,23057,0,0,,d785713dfwp.htm,FWP
0001193125-25-049684,2025-03-07,,2025-03-07T19:31:10.000Z,33,424B5,333-275509,25719315,,424B5,705784,1,1,,d785713d424b5.htm,424B5
0001193125-25-050925,2025-03-10,2025-03-06,2025-03-10T20:30:18.000Z,34,8-K,001-09120,25724185,"8.01,9.01",XBRL,539224,1,1,,d919591d8k.htm,8-K
0001193125-25-053984,2025-03-13,2025-04-22,2025-03-13T20:43:54.000Z,34,DEF 14A,001-09120,25736491,,XBRL,14824440,1,1,,d796078ddef14a.htm,DEF 14A
0001193125-25-053988,2025-03-13,,2025-03-13T20:45:39.000Z,34,DEFA14A,001-09120,25736512,,DEFA14A,952869,0,0,,d796078ddefa14a.htm,DEFA14A
0001193125-25-053993,2025-03-13,2024-12-31,2025-03-13T20:47:32.000Z,34,ARS,001-09120,25736533,,ARS,19197073,0,0,,d855068dars.pdf,ARS
0001225208-25-003824,2025-04-02,2025-04-01,2025-04-02T18:24:09.000Z,,4,,,,4,4710,0,0,,xslF345X05/doc4.xml,
0001193125-25-081559,2025-04-15,,2025-04-15T20:40:56.000Z,34,DEFA14A,001-09120,25840114,,DEFA14A,11219,0,0,,d948534ddefa14a.htm,DEFA14A
0001193125-25-097067,2025-04-25,2025-04-22,2025-04-25T20:51:40.000Z,34,8-K,001-09120,25874955,5.07,XBRL,179180,1,1,,d854626d8k.htm,8-K
0001193125-25-105862,2025-04-30,2025-04-30,2025-04-30T12:30:58.000Z,34,8-K,001-09120,25891167,"2.02,7.01,9.01",XBRL,7028979,1,1,,d629044d8k.htm,8-K
0000950170-25-061108,2025-04-30,2025-03-31,2025-04-30T20:30:02.000Z,34,10-Q,001-09120,25895892,,XBRL,37866878,1,1,,peg-20250331.htm,10-Q
0001225208-25-004572,2025-05-02,2025-05-01,2025-05-02T18:45:50.000Z,,4,,,,4,4712,0,0,,xslF345X05/doc4.xml,
0001225208-25-004574,2025-05-02,2025-05-01,2025-05-02T18:46:55.000Z,,4,,,,4,4698,0,0,,xslF345X05/doc4.xml,
0001225208-25-004575,2025-05-02,2025-05-01,2025-05-02T18:50:06.000Z,,4,,,,4,5743,0,0,,xslF345X05/doc4.xml,
0001225208-25-004576,2025-05-02,2025-05-01,2025-05-02T18:50:09.000Z,,4,,,,4,5801,0,0,,xslF345X05/doc4.xml,
0001225208-25-004577,2025-05-02,2025-05-01,2025-05-02T18:51:17.000Z,,4,,,,4,5742,0,0,,xslF345X05/doc4.xml,
0001225208-25-004578,2025-05-02,2025-05-01,2025-05-02T18:51:18.000Z,,4,,,,4,5748,0,0,,xslF345X05/doc4.xml,
0001225208-25-004579,2025-05-02,2025-05-01,2025-05-02T18:52:22.000Z,,4,,,,4,5782,0,0,,xslF345X05/doc4.xml,
0001225208-25-004580,2025-05-02,2025-05-01,2025-05-02T18:53:29.000Z,,4,,,,4,5644,0,0,,xslF345X05/doc4.xml,
0001225208-25-004581,2025-05-02,2025-05-01,2025-05-02T18:54:33.000Z,,4,,,,4,5796,0,0,,xslF345X05/doc4.xml,
0001225208-25-004582,2025-05-02,2025-05-01,2025-05-02T18:54:35.000Z,,4,,,,4,5784,0,0,,xslF345X05/doc4.xml,
0001225208-25-004584,2025-05-02,2025-05-01,2025-05-02T19:01:05.000Z,,4,,,,4,5174,0,0,,xslF345X05/doc4.xml,
0001225208-25-005674,2025-06-03,2025-06-02,2025-06-03T20:25:12.000Z,,4,,,,4,4876,0,0,,xslF345X05/doc4.xml,
0000950170-25-090458,2025-06-26,2024-12-31,2025-06-26T20:47:37.000Z,34,11-K,001-09120,251080981,,11-K,550253,0,0,,thrift_2024.htm,11-K
0000950170-25-090463,2025-06-26,2024-12-31,2025-06-26T20:49:44.000Z,34,11-K,001-09120,251080995,,11-K,551443,0,0,,employee_savings_2024.htm,11-K
0000950170-25-090473,2025-06-26,2024-12-31,2025-06-26T20:52:37.000Z,34,11-K,001-09120,251081071,,11-K,391933,0,0,,servcoplan_i_2024.htm,11-K
0000950170-25-090482,2025-06-26,2024-12-31,2025-06-26T20:56:21.000Z,34,11-K,001-09120,251081100,,11-K,386450,0,0,,servcoplan_ii_2024.htm,11-K
0001968582-25-000562,2025-07-01,,2025-07-01T20:18:25.000Z,33,144,001-09120,251096585,,144,6514,0,0,,xsl144X01/primary_doc.xml,
0001225208-25-006385,2025-07-02,2025-07-01,2025-07-02T20:53:49.000Z,,4,,,,4,4713,0,0,,xslF345X05/doc4.xml,
0002052113-25-003254,2025-07-17,,2025-07-18T00:12:44.000Z,34,SCHEDULE 13G/A,005-44133,251132423,,SCHEDULE 13G/A,11477,0,0,,xslSCHEDULE_13G_X01/primary_doc.xml,
0001193125-25-173127,2025-08-05,2025-08-05,2025-08-05T13:01:34.000Z,34,8-K,001-09120,251183135,"2.02,7.01,9.01",XBRL,8416413,1,1,,d206274d8k.htm,8-K
0000950170-25-103096,2025-08-05,2025-06-30,2025-08-05T20:30:32.000Z,34,10-Q,001-09120,251185444,,XBRL,47555079,1,1,,peg-20250630.htm,10-Q
0001225208-25-008073,2025-09-18,2025-09-16,2025-09-18T21:56:16.000Z,,4,,,,4,5372,0,0,,xslF345X05/doc4.xml,
0001225208-25-008613,2025-10-15,2025-10-10,2025-10-15T20:42:57.000Z,,4,,,,4,5369,0,0,,xslF345X05/doc4.xml,
0001225208-25-008614,2025-10-15,2025-10-10,2025-10-15T20:42:59.000Z,,4,,,,4,5363,0,0,,xslF345X05/doc4.xml,
0001225208-25-008615,2025-10-15,2025-10-10,2025-10-15T20:43:01.000Z,,4,,,,4,4666,0,0,,xslF345X05/doc4.xml,
0001225208-25-008616,2025-10-15,2025-10-10,2025-10-15T20:44:01.000Z,,4,,,,4,5395,0,0,,xslF345X05/doc4.xml,
0001225208-25-008617,2025-10-15,2025-10-10,2025-10-15T20:44:03.000Z,,4,,,,4,4783,0,0,,xslF345X05/doc4.xml,
0001225208-25-008618,2025-10-15,2025-10-10,2025-10-15T20:46:06.000Z,,4,,,,4,4677,0,0,,xslF345X05/doc4.xml,
0001225208-25-008619,2025-10-15,2025-10-10,2025-10-15T20:46:07.000Z,,4,,,,4,4678,0,0,,xslF345X05/doc4.xml,
0001193125-25-261789,2025-11-03,2025-11-03,2025-11-03T14:03:14.000Z,34,8-K,001-09120,251442316,"2.02,7.01,9.01",XBRL,7257969,1,1,,d36283d8k.htm,8-K
0001193125-25-262643,2025-11-03,2025-09-30,2025-11-03T21:32:21.000Z,34,10-Q,001-09120,251444626,,XBRL,48128176,1,1,,peg-20250930.htm,10-Q
0001959173-25-006806,2025-11-07,,2025-11-07T20:11:02.000Z,33,144,001-09120,251462240,,144,8123,0,0,,xsl144X01/primary_doc.xml,
0001225208-25-009074,2025-11-12,2025-11-07,2025-11-12T11:01:06.000Z,,4,,,,4,4347,0,0,,xslF345X05/doc4.xml,
0001225208-25-009713,2025-12-05,2025-12-03,2025-12-05T20:26:22.000Z,,4,,,,4,4517,0,0,,xslF345X05/doc4.xml,
0001225208-26-000297,2026-01-05,2026-01-01,2026-01-06T02:39:09.000Z,,4,,,,4,5204,0,0,,xslF345X05/doc4.xml,
0001225208-26-000298,2026-01-05,2026-01-01,2026-01-06T02:39:10.000Z,,4,,,,4,5198,0,0,,xslF345X05/doc4.xml,
0001225208-26-000299,2026-01-05,2026-01-01,2026-01-06T02:39:12.000Z,,4,,,,4,4618,0,0,,xslF345X05/doc4.xml,
0001225208-26-000300,2026-01-05,2026-01-01,2026-01-06T02:40:12.000Z,,4,,,,4,4503,0,0,,xslF345X05/doc4.xml,
0001225208-26-000301,2026-01-05,2026-01-01,2026-01-06T02:40:14.000Z,,4,,,,4,6603,0,0,,xslF345X05/doc4.xml,
0001225208-26-000304,2026-01-05,2026-01-01,2026-01-06T02:46:30.000Z,,4,,,,4,5180,0,0,,xslF345X05/doc4.xml,
0001225208-26-000305,2026-01-05,2026-01-01,2026-01-06T02:46:31.000Z,,4,,,,4,4513,0,0,,xslF345X05/doc4.xml,
0001225208-26-000307,2026-01-05,2026-01-01,2026-01-06T02:53:41.000Z,,4,,,,4,5878,0,0,,xslF345X05/doc4.xml,
0001193125-26-018045,2026-01-21,2026-01-20,2026-01-21T21:30:56.000Z,34,8-K,001-09120,26548296,"5.02,9.01",XBRL,159105,1,1,,d78622d8k.htm,8-K
0000102909-26-000308,2026-01-30,,2026-01-30T19:46:35.000Z,34,SCHEDULE 13G/A,005-44133,26582659,,SCHEDULE 13G/A,7061,0,0,,xslSCHEDULE_13G_X01/primary_doc.xml,
0001225208-26-001836,2026-02-12,2026-02-10,2026-02-13T00:16:00.000Z,,4,,,,4,6575,0,0,,xslF345X05/doc4.xml,
0001225208-26-001837,2026-02-12,2026-02-10,2026-02-13T00:16:01.000Z,,4,,,,4,5872,0,0,,xslF345X05/doc4.xml,
0001225208-26-001838,2026-02-12,2026-02-10,2026-02-13T00:17:01.000Z,,4,,,,4,6568,0,0,,xslF345X05/doc4.xml,
0001225208-26-001839,2026-02-12,2026-02-10,2026-02-13T00:18:02.000Z,,4,,,,4,5990,0,0,,xslF345X05/doc4.xml,
0001225208-26-001840,2026-02-12,2026-02-10,2026-02-13T00:18:03.000Z,,4,,,,4,6600,0,0,,xslF345X05/doc4.xml,
0001225208-26-001841,2026-02-12,2026-02-10,2026-02-13T00:18:06.000Z,,4,,,,4,5873,0,0,,xslF345X05/doc4.xml,
0001225208-26-001842,2026-02-12,2026-02-10,2026-02-13T00:18:07.000Z,,4,,,,4,5884,0,0,,xslF345X05/doc4.xml,
0001225208-26-002090,2026-02-18,2026-02-13,2026-02-18T21:34:39.000Z,,4,,,,4,5036,0,0,,xslF345X05/doc4.xml,
0001225208-26-002091,2026-02-18,2026-02-13,2026-02-18T21:34:42.000Z,,4,,,,4,4333,0,0,,xslF345X05/doc4.xml,
0001225208-26-002092,2026-02-18,2026-02-13,2026-02-18T21:35:41.000Z,,4,,,,4,5030,0,0,,xslF345X05/doc4.xml,
0001225208-26-002093,2026-02-18,2026-02-13,2026-02-18T21:35:43.000Z,,4,,,,4,4449,0,0,,xslF345X05/doc4.xml,
0001225208-26-002094,2026-02-18,2026-02-13,2026-02-18T21:35:44.000Z,,4,,,,4,5061,0,0,,xslF345X05/doc4.xml,
0001225208-26-002095,2026-02-18,2026-02-13,2026-02-18T21:35:45.000Z,,4,,,,4,4334,0,0,,xslF345X05/doc4.xml,
0001225208-26-002096,2026-02-18,2026-02-13,2026-02-18T21:35:47.000Z,,4,,,,4,4345,0,0,,xslF345X05/doc4.xml,
0001193125-26-073678,2026-02-26,2026-02-26,2026-02-26T14:01:07.000Z,34,8-K,001-09120,26681980,"2.02,7.01,9.01",XBRL,10041952,1,1,,d57788d8k.htm,8-K
0001225208-26-002674,2026-02-26,2026-02-24,2026-02-26T20:50:58.000Z,,4,,,,4,8102,0,0,,xslF345X05/doc4.xml,
0001225208-26-002675,2026-02-26,2026-02-24,2026-02-26T20:50:59.000Z,,4,,,,4,7402,0,0,,xslF345X05/doc4.xml,
0001225208-26-002676,2026-02-26,2026-02-24,2026-02-26T20:51:01.000Z,,4,,,,4,8100,0,0,,xslF345X05/doc4.xml,
0001225208-26-002677,2026-02-26,2026-02-24,2026-02-26T20:51:02.000Z,,4,,,,4,7520,0,0,,xslF345X05/doc4.xml,
0001225208-26-002678,2026-02-26,2026-02-24,2026-02-26T20:52:01.000Z,,4,,,,4,10920,0,0,,xslF345X05/doc4.xml,
0001225208-26-002679,2026-02-26,2026-02-24,2026-02-26T20:52:03.000Z,,4,,,,4,8079,0,0,,xslF345X05/doc4.xml,
0001225208-26-002680,2026-02-26,2026-02-24,2026-02-26T20:52:06.000Z,,4,,,,4,7401,0,0,,xslF345X05/doc4.xml,
0001225208-26-002681,2026-02-26,2026-02-24,2026-02-26T20:52:07.000Z,,4,,,,4,7412,0,0,,xslF345X05/doc4.xml,
0001193125-26-077446,2026-02-26,2025-12-31,2026-02-26T22:27:05.000Z,34,10-K,001-09120,26690665,,XBRL,85217065,1,1,,peg-20251231.htm,10-K
0001193125-26-085506,2026-03-02,2026-04-21,2026-03-02T21:30:52.000Z,34,PRE 14A,001-09120,26708252,,XBRL,56227267,1,1,,peg-20260302.htm,PRE 14A
0001959173-26-001796,2026-03-03,,2026-03-03T19:10:05.000Z,33,144,001-09120,26712777,,144,4414,0,0,,xsl144X01/primary_doc.xml,
0001225208-26-003172,2026-03-04,2026-03-03,2026-03-04T23:58:02.000Z,,4,,,,4,4346,0,0,,xslF345X05/doc4.xml,
0001225208-26-003268,2026-03-05,2026-03-01,2026-03-05T21:06:44.000Z,,3,,,,3,2975,0,0,,xslF345X02/doc3.xml,
0001968582-26-000228,2026-03-05,,2026-03-05T21:12:37.000Z,33,144,001-09120,26726250,,144,4497,0,0,,xsl144X01/primary_doc.xml,
0001225208-26-003383,2026-03-06,2026-03-05,2026-03-06T21:31:59.000Z,,4,,,,4,4712,0,0,,xslF345X05/doc4.xml,
0001225208-26-003501,2026-03-10,2026-03-09,2026-03-10T20:57:31.000Z,,4,,,,4,5235,0,0,,xslF345X05/doc4.xml,
0001193125-26-104270,2026-03-12,2026-04-21,2026-03-12T20:30:57.000Z,34,DEF 14A,001-09120,26748312,,XBRL,51408893,1,1,,peg-20260310.htm,DEF 14A
0001193125-26-104293,2026-03-12,,2026-03-12T20:35:04.000Z,34,DEFA14A,001-09120,26748382,,DEFA14A,5552295,0,0,,pseg_defa14a_2026.htm,DEFA14A
0001193125-26-104312,2026-03-12,2025-12-31,2026-03-12T20:40:27.000Z,34,ARS,001-09120,26748487,,ARS,3635119,0,0,,d114153dars.pdf,ARS
0000102909-26-002126,2026-03-27,,2026-03-27T15:34:12.000Z,34,SCHEDULE 13G/A,005-44133,26803109,,SCHEDULE 13G/A,7216,0,0,,xslSCHEDULE_13G_X02/primary_doc.xml,
0001225208-26-004204,2026-04-02,2026-04-01,2026-04-02T20:32:43.000Z,,4,,,,4,5012,0,0,,xslF345X06/doc4.xml,
0001193125-26-154963,2026-04-14,,2026-04-14T20:30:11.000Z,34,DEFA14A,001-09120,26861140,,DEFA14A,11441,0,0,0.0,d22492ddefa14a.htm,DEFA14A
0001193125-26-173838,2026-04-23,2026-01-20,2026-04-23T20:31:09.000Z,34,8-K/A,001-09120,26889127,5.02,XBRL,139422,1,1,0.0,d224958d8ka.htm,8-K/A
0001193125-26-173855,2026-04-23,2026-04-21,2026-04-23T20:35:26.000Z,34,8-K,001-09120,26889191,5.07,XBRL,168653,1,1,0.0,d125718d8k.htm,8-K
0002100121-26-000574,2026-04-29,,2026-04-29T18:40:10.000Z,34,SCHEDULE 13G,005-44133,26914258,,SCHEDULE 13G,7400,0,0,0.0,xslSCHEDULE_13G_X02/primary_doc.xml,
0002100119-26-000962,2026-04-30,,2026-04-30T16:13:10.000Z,34,SCHEDULE 13G,005-44133,26921992,,SCHEDULE 13G,7456,0,0,0.0,xslSCHEDULE_13G_X02/primary_doc.xml,
0001193125-26-205254,2026-05-05,2026-05-05,2026-05-05T13:00:21.000Z,34,8-K,001-09120,26940788,"2.02,7.01,9.01",XBRL,7228822,1,1,0.0,d63722d8k.htm,8-K
0001225208-26-004926,2026-05-05,2026-05-01,2026-05-05T19:12:49.000Z,,4,,,,4,4849,0,0,0.0,xslF345X06/doc4.xml,
0001225208-26-004927,2026-05-05,2026-05-01,2026-05-05T19:12:51.000Z,,4,,,,4,4835,0,0,0.0,xslF345X06/doc4.xml,
0001225208-26-004928,2026-05-05,2026-05-01,2026-05-05T19:13:52.000Z,,4,,,,4,5879,0,0,0.0,xslF345X06/doc4.xml,
0001225208-26-004929,2026-05-05,2026-05-01,2026-05-05T19:13:53.000Z,,4,,,,4,5878,0,0,0.0,xslF345X06/doc4.xml,
0001225208-26-004930,2026-05-05,2026-05-01,2026-05-05T19:14:53.000Z,,4,,,,4,5884,0,0,0.0,xslF345X06/doc4.xml,
0001225208-26-004931,2026-05-05,2026-05-01,2026-05-05T19:14:55.000Z,,4,,,,4,5545,0,0,0.0,xslF345X06/doc4.xml,
0001225208-26-004932,2026-05-05,2026-05-01,2026-05-05T19:15:56.000Z,,4,,,,4,5918,0,0,0.0,xslF345X06/doc4.xml,
0001225208-26-004933,2026-05-05,2026-05-01,2026-05-05T19:15:57.000Z,,4,,,,4,5780,0,0,0.0,xslF345X06/doc4.xml,
0001225208-26-004934,2026-05-05,2026-05-01,2026-05-05T19:15:59.000Z,,4,,,,4,5932,0,0,0.0,xslF345X06/doc4.xml,
0001225208-26-004935,2026-05-05,2026-05-01,2026-05-05T19:16:58.000Z,,4,,,,4,5920,0,0,0.0,xslF345X06/doc4.xml,
0001225208-26-004936,2026-05-05,2026-05-01,2026-05-05T19:17:00.000Z,,4,,,,4,5730,0,0,0.0,xslF345X06/doc4.xml,
0001193125-26-206545,2026-05-05,2026-03-31,2026-05-05T20:31:19.000Z,34,10-Q,001-09120,26943799,,XBRL,36865734,1,1,1.0,peg-20260331.htm,10-Q
0001193125-26-249940,2026-06-01,,2026-06-01T12:44:47.000Z,33,424B5,333-275509,261047490,,424B5,505238,0,0,0.0,d123327d424b5.htm,424B5
0001193125-26-251756,2026-06-01,,2026-06-01T21:19:03.000Z,34,FWP,333-275509,261052331,,FWP,17602,0,0,0.0,d83950dfwp.htm,FWP
0001193125-26-253393,2026-06-02,,2026-06-02T19:52:17.000Z,33,424B5,333-275509,261055663,,424B5,645187,0,0,0.0,d123327d424b5.htm,424B5
0001225208-26-005746,2026-06-02,2026-06-01,2026-06-02T21:17:24.000Z,,4,,,,4,4850,0,0,0.0,xslF345X06/doc4.xml,
0001193125-26-255562,2026-06-03,2026-06-01,2026-06-03T20:30:23.000Z,34,8-K,001-09120,261061161,"8.01,9.01",XBRL,462067,1,1,0.0,d38824d8k.htm,8-K
0001193125-26-279521,2026-06-23,2025-12-31,2026-06-23T20:28:43.000Z,34,11-K,001-09120,261111398,,XBRL,4268572,1,1,1.0,peg-20251231.htm,11-K
0001193125-26-279566,2026-06-23,2025-12-31,2026-06-23T20:33:16.000Z,34,11-K,001-09120,261111521,,XBRL,4383912,1,1,1.0,peg-20251231.htm,11-K
0001193125-26-279595,2026-06-23,2025-12-31,2026-06-23T20:38:07.000Z,34,11-K,001-09120,261111598,,XBRL,2897574,1,1,1.0,peg-20251231.htm,11-K
0001193125-26-279641,2026-06-23,2025-12-31,2026-06-23T20:44:00.000Z,34,11-K,001-09120,261111717,,XBRL,2835998,1,1,1.0,peg-20251231.htm,11-K
0001959173-26-004845,2026-06-24,,2026-06-24T14:16:36.000Z,33,144,001-09120,261113736,,144,4519,0,0,0.0,xsl144X01/primary_doc.xml,
0001225208-26-006199,2026-06-26,2026-06-24,2026-06-26T20:07:08.000Z,,4,,,,4,4649,0,0,0.0,xslF345X06/doc4.xml,
0001193125-26-292587,2026-07-01,2026-07-01,2026-07-01T20:18:57.000Z,34,8-K,001-09120,261145401,7.01,XBRL,201076,1,1,0.0,d913061d8k.htm,8-K
0001968582-26-000682,2026-07-01,,2026-07-01T20:27:15.000Z,33,144,001-09120,261145563,,144,6286,0,0,0.0,xsl144X01/primary_doc.xml,
0001225208-26-006359,2026-07-02,2026-07-01,2026-07-02T17:06:18.000Z,,4,,,,4,4850,0,0,0.0,xslF345X06/doc4.xml,
0001193125-26-316121,2026-07-24,,2026-07-24T20:15:45.000Z,33,S-8,333-297682,261201678,,S-8,263493,1,1,0.0,d107357ds8.htm,S-8
0001193125-26-331660,2026-08-04,2026-08-04,2026-08-04T13:00:33.000Z,34,8-K,001-09120,261235866,"2.02,7.01,9.01",XBRL,7882429,1,1,0.0,d101695d8k.htm,8-K
0001225208-26-006912,2026-08-04,2026-08-03,2026-08-04T18:00:38.000Z,,4,,,,4,5013,0,0,0.0,xslF345X06/doc4.xml,
0001193125-26-332943,2026-08-04,2026-06-30,2026-08-04T20:31:43.000Z,34,10-Q,001-09120,261239341,,XBRL,46626806,1,1,1.0,peg-20260630.htm,10-Q
0001959173-26-005880,2026-08-11,,2026-08-11T16:57:17.000Z,33,144,001-09120,261261926,,144,12959,0,0,0.0,xsl144X01/primary_doc.xml,
0001225208-26-007095,2026-08-12,2026-08-11,2026-08-12T21:20:43.000Z,,4,,,,4,4908,0,0,0.0,xslF345X06/doc4.xml,
0001225208-26-007524,2026-09-02,2026-09-01,2026-09-02T19:02:09.000Z,,4,,,,4,4850,0,0,0.0,xslF345X06/doc4.xml,
0001225208-26-007880,2026-09-18,2026-09-16,2026-09-18T17:22:45.000Z,,4,,,,4,5319,0,0,0.0,xslF345X06/doc4.xml,
