accessionNumber,filingDate,reportDate,acceptanceDateTime,act,form,fileNumber,filmNumber,items,core_type,size,isXBRL,isInlineXBRL,isXBRLNumeric,primaryDocument,primaryDocDescription
0000950112-96-001835,1996-06-03,1996-06-26,1996-06-03T04:00:00.000Z,,PRE 14A,000-09092,96576317,,PRE 14A,293880,0,0,,,"BEXY COMMUNICATIONS, INC."
0000950112-96-001988,1996-06-13,1996-07-02,1996-06-13T04:00:00.000Z,,DEF 14A,000-09092,96580375,,DEF 14A,298267,0,0,,,"BEXY COMMUNICATIONS, INC."
0000950136-96-000590,1996-07-15,,1996-07-15T04:00:00.000Z,,SC 13D,005-46413,96595145,,SC 13D,15569,0,0,,,SCHEDULE 13D
0000950136-96-000591,1996-07-15,,1996-07-15T04:00:00.000Z,,SC 13D,005-46413,96595146,,SC 13D,17740,0,0,,,SCHEDULE 13D
0000950136-96-000592,1996-07-15,1996-05-31,1996-07-15T04:00:00.000Z,,10QSB,000-09092,96595095,,10QSB,30545,0,0,,,FORM 10-QSB
0000950136-96-000595,1996-07-17,1996-07-03,1996-07-17T04:00:00.000Z,,8-K,000-09092,96595774,"1,2,5",8-K,41863,0,0,,,FORM 8-K
0000899243-96-001049,1996-08-13,1996-07-26,1996-08-13T04:00:00.000Z,,8-K,000-09092,96610649,5,8-K,5897,0,0,,,FORM 8-K
0000899243-96-001157,1996-08-27,,1996-08-27T04:00:00.000Z,,S-1,333-10905,96621571,,S-1,467136,0,0,,,FORM S-1
0000899243-96-001224,1996-09-13,,1996-09-13T04:00:00.000Z,,S-1/A,333-10905,96629976,,S-1/A,297501,0,0,,,FORM S-1/A
0000899243-96-001283,1996-10-02,,1996-10-02T04:00:00.000Z,,S-1/A,333-10905,96638211,,S-1/A,267995,0,0,,,FORM S-1/A
0000899243-96-001542,1996-11-27,1996-08-31,1996-11-27T05:00:00.000Z,,10-K,000-09092,96673762,,10-K,168615,0,0,,,FORM 10-K
0000899243-96-001595,1996-12-18,1996-11-19,1996-12-18T05:00:00.000Z,,8-K,000-09092,96682791,"5,9",8-K,6070,0,0,,,FORM 8-K
0000899243-96-001623,1996-12-24,1996-08-31,1996-12-24T05:00:00.000Z,,10-K/A,000-09092,96685436,,10-K/A,7474,0,0,,,FORM 10-K/A
0000899243-97-000007,1997-01-02,1996-12-19,1997-01-02T05:00:00.000Z,,8-K,000-09092,97500337,"2,5,9",8-K,6514,0,0,,,FORM 8-K
0000950109-97-000302,1997-01-15,1996-11-30,1997-01-15T05:00:00.000Z,,10-Q,000-09092,97506516,,10-Q,43017,0,0,,,FORM 10-Q
0000950109-97-000304,1997-01-15,1997-01-14,1997-01-15T05:00:00.000Z,,8-K,000-09092,97506594,5,8-K,35837,0,0,,,FORM 8-K
0000899243-97-000098,1997-01-21,,1997-01-21T05:00:00.000Z,,POS AM,333-10905,97508205,,POS AM,330525,0,0,,,POST EFFECTIVE AMENDMENT #2 TO FORM S-1
0000899243-97-000123,1997-01-28,,1997-01-28T05:00:00.000Z,,424B3,333-10905,97511963,,424B3,259028,0,0,,,DEFINITIVE PROSPECTUS
0000899243-97-000372,1997-03-14,1997-02-28,1997-03-14T05:00:00.000Z,,10-Q,000-09092,97556817,,10-Q,43083,0,0,,,FORM 10-Q
0000899243-97-000375,1997-03-17,,1997-03-17T05:00:00.000Z,,S-1,333-23421,97557322,,S-1,659387,0,0,,,FORM S-1
0000899243-97-000386,1997-03-19,,1997-03-19T05:00:00.000Z,,DEL AM,333-23421,97558893,,DEL AM,3213,0,0,,,DELAYING AMENDMENT FOR S-1
0000899243-97-000841,1997-05-05,,1997-05-05T04:00:00.000Z,,S-1/A,333-23421,97595815,,S-1/A,315194,0,0,,,AMENDMENT #1 TO FORM S-1
0000899243-97-001053,1997-05-23,1997-05-21,1997-05-23T04:00:00.000Z,,8-K,000-09092,97613888,5,8-K,4617,0,0,,,FORM 8-K
0000899243-97-001060,1997-05-28,,1997-05-28T04:00:00.000Z,,S-1/A,333-23421,97614656,,S-1/A,307331,0,0,,,AMENDMENT #2 TO FORM S-1
0000899243-97-001097,1997-06-09,1996-07-03,1997-06-09T04:00:00.000Z,,8-K,000-09092,97621205,"4,6",8-K,7732,0,0,,,FORM 8-K
0000899243-97-001164,1997-06-23,,1997-06-23T04:00:00.000Z,,S-1/A,333-23421,97628465,,S-1/A,309832,0,0,,,AMENDMENT #3 TO FORM S-1
0000899243-97-001191,1997-06-25,1996-11-30,1997-06-25T04:00:00.000Z,,10-Q/A,000-09092,97629736,,10-Q/A,51299,0,0,,,FORM 10-Q/A
0000899243-97-001192,1997-06-25,1997-02-28,1997-06-25T04:00:00.000Z,,10-Q/A,000-09092,97629738,,10-Q/A,54721,0,0,,,FORM 10-Q/A
0000899243-97-001194,1997-06-25,1996-01-14,1997-06-25T04:00:00.000Z,,8-K/A,000-09092,97629757,5,8-K/A,47168,0,0,,,FORM 8-K
0000899243-97-001206,1997-06-26,1996-11-30,1997-06-26T04:00:00.000Z,,10-Q/A,000-09092,97630284,,10-Q/A,45422,0,0,,,FORM 10-Q/A
0000899243-97-001207,1997-06-26,1997-02-28,1997-06-26T04:00:00.000Z,,10-Q/A,000-09092,97630286,,10-Q/A,54722,0,0,,,FORM 10-Q/A
0000899243-97-001208,1997-06-26,1996-08-31,1997-06-26T04:00:00.000Z,,10-K/A,000-09092,97630291,,10-K/A,143751,0,0,,,FORM 10-K/A
0000899243-97-001270,1997-07-10,1997-02-28,1997-07-10T04:00:00.000Z,,10-Q/A,000-09092,97638460,,10-Q/A,55515,0,0,,,FORM 10-Q/A
0000899243-97-001271,1997-07-10,1996-11-30,1997-07-10T04:00:00.000Z,,10-Q/A,000-09092,97638461,,10-Q/A,45375,0,0,,,FORM 10-Q/A
0000899243-97-001301,1997-07-15,1997-05-31,1997-07-15T04:00:00.000Z,,10-Q,000-09092,97640742,,10-Q,54127,0,0,,,FORM 10-Q
0000899243-97-001496,1997-08-07,1997-07-24,1997-08-07T04:00:00.000Z,,8-K,000-09092,97653417,"5,9",8-K,6127,0,0,,,FORM 8-K
0000899243-97-001724,1997-08-27,1997-08-19,1997-08-27T04:00:00.000Z,,8-K,000-09092,97670599,9,8-K,5088,0,0,,,FORM 8-K
0000899243-97-001854,1997-09-24,1997-09-15,1997-09-24T04:00:00.000Z,,8-K,000-09092,97684935,"5,9",8-K,5905,0,0,,,FORM 8-K
0000899243-97-001906,1997-10-03,1997-11-05,1997-10-03T04:00:00.000Z,,PRE 14A,000-09092,97690812,,PRE 14A,106190,0,0,,,PRELIMINARY PROXY STATEMENT & PROXY CARD
0000899243-97-001924,1997-10-10,1997-09-29,1997-10-10T04:00:00.000Z,,8-K,000-09092,97693805,5,8-K,4694,0,0,,,FORM 8-K
0000899243-97-001941,1997-10-14,1997-08-31,1997-10-14T04:00:00.000Z,,10-K,000-09092,97695048,,10-K,281637,0,0,,,FORM 10-K
0000899243-97-001942,1997-10-14,1997-11-05,1997-10-14T04:00:00.000Z,,DEF 14A,000-09092,97695071,,DEF 14A,119137,0,0,,,DEFINITIVE PROXY STATEMENT & PROXY CARD
0000899243-97-001963,1997-10-15,1997-08-31,1997-10-15T04:00:00.000Z,,10-K/A,000-09092,97696340,,10-K/A,6153,0,0,,,AMENDMENT NO. 1 TO FORM 10-K
0000899243-97-002401,1997-12-18,1997-12-18,1997-12-18T05:00:00.000Z,,8-K,000-09092,97740654,5,8-K,6021,0,0,,,FORM 8-K
0000899243-98-000033,1998-01-09,1997-12-18,1998-01-09T05:00:00.000Z,,4,000-09092,98503887,,4,12801,0,0,,,FORM 4
0000899243-98-000045,1998-01-14,1997-11-30,1998-01-14T05:00:00.000Z,,10-Q,000-09092,98506805,,10-Q,88699,0,0,,,FORM 10-Q
0000899243-98-000139,1998-02-05,,1998-02-05T05:00:00.000Z,,SC 13D/A,005-46413,98522542,,SC 13D/A,231901,0,0,,,SCHEDULE 13-D AMENDMENT #1
0000899243-98-000613,1998-04-09,,1998-04-09T04:00:00.000Z,,S-3,333-49847,98591271,,S-3,92421,0,0,,,FORM S-3
0000899243-98-000641,1998-04-14,1998-02-28,1998-04-14T04:00:00.000Z,,10-Q,000-09092,98593583,,10-Q,49589,0,0,,,FORM 10-Q
0000899243-98-000690,1998-04-23,,1998-04-23T04:00:00.000Z,,424B2,333-49847,98599126,,424B2,74900,0,0,,,424B2
0000899243-98-000698,1998-04-23,1998-04-21,1998-04-23T04:00:00.000Z,,8-K,000-09092,98599434,"5,7",8-K,5240,0,0,,,FORM 8-K
0000899243-98-000908,1998-05-12,,1998-05-12T04:00:00.000Z,,S-8,333-52479,98617194,,S-8,23194,0,0,,,FORM S-8
0000899243-98-001061,1998-05-22,1998-05-19,1998-05-22T04:00:00.000Z,,8-K,000-09092,98630392,"4,7",8-K,7270,0,0,,,FORM 8-K
0000899243-98-001207,1998-06-23,,1998-06-23T04:00:00.000Z,,S-3,333-57533,98652794,,S-3,99850,0,0,,,FORM S-3
0000899243-98-001311,1998-07-06,1997-12-31,1998-07-06T04:00:00.000Z,,10-K405,000-09092,98660887,,10-K405,292235,0,0,,,FORM 10-K
0000899243-98-001332,1998-07-09,,1998-07-09T04:00:00.000Z,,424B1,333-57533,98663685,,424B1,61353,0,0,,,DEFINITIVE PROSPECTUS
0000950129-98-002984,1998-07-13,1998-06-30,1998-07-13T21:31:40.000Z,,10-Q,000-09092,98665398,,10-Q,41283,0,0,,,"CHENIERE ENERGY, INC."
0000899243-98-002126,1998-11-13,1998-09-30,1998-11-13T05:00:00.000Z,,10-Q,000-09092,98749140,,10-Q,57240,0,0,,,FORM 10-Q
0000899243-98-002269,1998-12-14,1998-12-09,1998-12-14T05:00:00.000Z,,8-K,000-09092,98768727,5,8-K,7577,0,0,,,FORM 8-K
0001047469-98-045631,1998-12-31,,1998-12-31T05:00:00.000Z,,SC 13G,005-46413,98779553,,SC 13G,31804,0,0,,,SC 13G
0000899243-99-000030,1999-01-07,,1999-01-07T05:00:00.000Z,,S-3,333-70195,99501938,,S-3,83744,0,0,,,FORM S-3
0000899243-99-000222,1999-02-12,,1999-02-12T05:00:00.000Z,,S-3/A,333-70195,99536796,,S-3/A,71931,0,0,,,AMENDMENT #1 TO FORM S-3
0000899243-99-000306,1999-02-23,,1999-02-23T05:00:00.000Z,,SC 13D/A,005-46413,99548028,,SC 13D/A,66127,0,0,,,AMENDMENT #2 TO SCHEDULE 13D
0000899243-99-000570,1999-03-29,1998-12-31,1999-03-29T05:00:00.000Z,,10-K,000-09092,99575786,,10-K,302669,0,0,,,FORM 10-K
0000899243-99-000774,1999-04-21,1999-06-04,1999-04-21T04:00:00.000Z,,PRE 14A,000-09092,99598403,,PRE 14A,116989,0,0,,,PRELIMINARY PROXY MATERIALS
0000899243-99-000841,1999-04-30,1999-06-04,1999-04-30T04:00:00.000Z,,DEF 14A,000-09092,99605713,,DEF 14A,75835,0,0,,,DEFINITIVE PROXY MATERIALS
0000899243-99-001124,1999-05-17,1999-03-31,1999-05-17T04:00:00.000Z,,10-Q,000-09092,99626685,,10-Q,55777,0,0,,,1ST QUARTER FORM 10-Q
0000899243-99-001336,1999-06-16,,1999-06-16T04:00:00.000Z,,S-3/A,333-70195,99647652,,S-3/A,81326,0,0,,,AMENDMENT #2 TO FORM S-3
0000899243-99-001412,1999-06-25,,1999-06-25T04:00:00.000Z,,S-3/A,333-70195,99652864,,S-3/A,78641,0,0,,,AMENDMENT #3 TO FORM S-3
0000899243-99-001549,1999-07-19,,1999-07-19T04:00:00.000Z,,424B3,333-70195,99666463,,424B3,66153,0,0,,,DEFINITIVE FINAL PROSPECTUS
0000899243-99-001582,1999-07-28,,1999-07-28T04:00:00.000Z,,S-3,333-83949,99672212,,S-3,65120,0,0,,,REGISTRATION STATEMENT
0000899243-99-001661,1999-08-10,,1999-08-10T04:00:00.000Z,,424B3,333-83949,99682327,,424B3,48351,0,0,,,DEFINITIVE PROSPECTUS
0000899243-99-001784,1999-08-16,1999-06-30,1999-08-16T04:00:00.000Z,,10-Q,000-09092,99692000,,10-Q,104241,0,0,,,FORM 10-Q
0000899243-99-002161,1999-11-02,,1999-11-02T05:00:00.000Z,,SC 13D/A,005-46413,99739670,,SC 13D/A,56920,0,0,,,AMENDMENT NO. 3 TO SCHEDULE 13D
0000899243-99-002353,1999-11-15,1999-09-30,1999-11-15T05:00:00.000Z,,10-Q,000-09092,99755672,,10-Q,360379,0,0,,,"QUARTERLY PERIOD ENDED SEPTEMBER 30, 1999"
0000899243-00-000018,2000-01-07,2000-01-06,2000-01-07T05:00:00.000Z,,8-K,000-09092,502908,5,8-K,4524,0,0,,,FORM 8-K
0000899243-00-000071,2000-01-18,,2000-01-18T05:00:00.000Z,,S-3,333-94841,508852,,S-3,95876,0,0,,,FORM S-3
0000899243-00-000090,2000-01-24,,2000-01-24T05:00:00.000Z,,DEL AM,333-94841,511387,,DEL AM,7884,0,0,,,AMENDMENT NO. 1 TO FORM S-3
0000940180-00-000145,2000-02-14,1999-03-01,2000-02-14T05:00:00.000Z,,3,000-09092,542757,,3,9973,0,0,,,FORM 3
0000940180-00-000146,2000-02-14,,2000-02-14T05:00:00.000Z,,SC 13D,005-46413,542761,,SC 13D,13361,0,0,,,SCHEDULE 13D
0000899243-00-000649,2000-03-29,1999-12-31,2000-03-29T05:00:00.000Z,,10-K,000-09092,583462,,10-K,409039,0,0,,,FORM 10-K
0000899243-00-001008,2000-04-28,,2000-04-28T04:00:00.000Z,,S-8,333-35866,613148,,S-8,13178,0,0,,,FORM S-8 - 1997 STOCK OPTION PLAN
0000899243-00-001009,2000-04-28,,2000-04-28T04:00:00.000Z,,S-8,333-35868,613159,,S-8,22471,0,0,,,NONQUALIFIED STOCK AGREEMENT - RON A. KRENZKE
0000899243-00-001010,2000-04-28,1999-12-31,2000-04-28T04:00:00.000Z,,10-K/A,000-09092,613276,,10-K/A,38644,0,0,,,"AMENDMENT NO. 1 TO DECEMBER 31, 1999 FORM 10-K"
0000899243-00-001011,2000-04-28,,2000-04-28T04:00:00.000Z,,S-3/A,333-94841,613347,,S-3/A,96061,0,0,,,AMENDMENT NO. 2 TO FORM S-3
0000899243-00-001310,2000-05-12,2000-03-31,2000-05-12T04:00:00.000Z,,10-Q,000-09092,630118,,10-Q,40413,0,0,,,FORM 10-Q
0000899243-00-001417,2000-05-25,,2000-05-25T04:00:00.000Z,,424B2,333-94841,643541,,424B2,79040,0,0,,,DEFINITIVE FINAL PROSPECTUS
0000899243-00-001452,2000-06-02,2000-07-12,2000-06-02T04:00:00.000Z,,PRE 14A,000-09092,648523,,PRE 14A,86619,0,0,,0001.txt,PRELIMINARY PROXY STATEMENT
0000899243-00-001504,2000-06-12,2000-07-12,2000-06-12T04:00:00.000Z,,DEF 14A,000-09092,652950,,DEF 14A,86750,0,0,,0001.txt,DEFINITIVE PROXY STATEMENT
0000899243-00-001901,2000-08-11,2000-06-30,2000-08-11T04:00:00.000Z,,10-Q,000-09092,692808,,10-Q,61027,0,0,,0001.txt,"FORM 10-Q FOR QUARTER ENDED JUNE 30, 2000"
0000899243-00-002062,2000-09-08,2000-10-16,2000-09-08T04:00:00.000Z,,PRES14A,000-09092,719651,,PRES14A,54577,0,0,,0001.txt,PRELIMINARY SPECIAL N&PS
0000899243-00-002098,2000-09-18,2000-10-16,2000-09-18T04:00:00.000Z,,DEFS14A,000-09092,724724,,DEFS14A,54357,0,0,,0001.txt,FINAL SPECIAL N&PS
0000899243-00-002102,2000-09-19,2000-09-15,2000-09-19T04:00:00.000Z,,8-K,000-09092,725347,"5,7",8-K,10272,0,0,,0001.txt,FORM 8-K
0000940180-00-001139,2000-10-02,,2000-10-02T04:00:00.000Z,,SC 13D/A,005-46413,733217,,SC 13D/A,11700,0,0,,0001.txt,SCHEDULE 13D/A
0001015402-00-002685,2000-10-03,,2000-10-03T04:00:00.000Z,,SC 13G,005-46413,734377,,SC 13G,11518,0,0,,0001.txt,
0000899243-00-002230,2000-10-20,2000-10-11,2000-10-20T04:00:00.000Z,,8-K,000-09092,743514,"2,5,7",8-K,356190,0,0,,0001.txt,CURRENT REPORT
0000899243-00-002270,2000-10-31,,2000-10-31T05:00:00.000Z,,SC 13D/A,005-46413,750299,,SC 13D/A,12622,0,0,,0001.txt,AMENDMENT NO. 4 TO SCHEDULE 13D
0000899243-00-002477,2000-11-14,2000-09-30,2000-11-14T05:00:00.000Z,,10-Q,000-09092,762878,,10-Q,59498,0,0,,0001.txt,"FORM 10-Q FOR PERIOD ENDED SEPTEMBER 30, 2000"
0000899243-00-002681,2000-12-15,2000-12-14,2000-12-15T05:00:00.000Z,,8-K,000-09092,790355,"5,7",8-K,7433,0,0,,0001.txt,FORM 8-K
0000899243-01-000051,2001-01-11,2000-12-22,2001-01-11T05:00:00.000Z,,8-K,000-09092,1506751,5,8-K,4703,0,0,,0001.txt,FORM 8-K
0001015402-01-000398,2001-02-13,,2001-02-13T05:00:00.000Z,,SC 13G/A,005-46413,1537525,,SC 13G/A,11997,0,0,,0001.txt,
0000899243-01-000492,2001-03-02,,2001-03-02T05:00:00.000Z,,8-A12B,001-16383,1559905,,8-A12B,6919,0,0,,0001.txt,FORM 8-A
0000899243-01-000493,2001-03-02,2001-03-02,2001-03-02T05:00:00.000Z,,8-K,001-16383,1559958,"5,7",8-K,8868,0,0,,0001.txt,CURRENT REPORT
0000899243-01-000577,2001-03-15,,2001-03-15T05:00:00.000Z,,SC 13D/A,005-46413,1569417,,SC 13D/A,11846,0,0,,0001.txt,SCHEDULE 13D/A
0000899243-01-000827,2001-04-02,2000-12-31,2001-04-02T04:00:00.000Z,,10-K,001-16383,1592021,,10-K,287376,0,0,,0001.txt,FORM 10-K
0000899243-01-500129,2001-04-20,2001-05-31,2001-04-20T04:00:00.000Z,,PRE 14A,001-16383,1607884,,PRE 14A,84704,0,0,,dpre14a.txt,PRELIMINARY PROXY STATEMENT
0000899243-01-500224,2001-04-30,2001-05-31,2001-04-30T04:00:00.000Z,,DEF 14A,001-16383,1615765,,DEF 14A,84692,0,0,,ddef14a.txt,PROXY STATEMENT
0000899243-01-500568,2001-05-15,2001-03-31,2001-05-15T04:00:00.000Z,,10-Q,001-16383,1637557,,10-Q,39001,0,0,,d10q.txt,FOR PERIOD ENDED 3/31/2001
0000899243-01-500612,2001-05-18,,2001-05-18T04:00:00.000Z,,S-3,333-61238,1643527,,S-3,88490,0,0,,ds3.txt,FORM S-3
0000899243-01-500624,2001-05-22,,2001-05-22T04:00:00.000Z,,S-3/A,333-61238,1645100,,S-3/A,84549,0,0,,ds3a.txt,AMENDMENT NO. 1 TO FORM S-3
0000899243-01-500684,2001-05-30,,2001-05-30T04:00:00.000Z,,424B1,333-61238,1650447,,424B1,70884,0,0,,d424b1.txt,DEFINITIVE PROSPECTUS
0000899243-01-501264,2001-08-14,2001-06-30,2001-08-14T04:00:00.000Z,,10-Q,001-16383,1712455,,10-Q,54683,0,0,,d10q.txt,"QUARTERLY REPORT FOR THE PERIOD JUNE 30, 2001"
0001021408-01-508058,2001-10-12,,2001-10-12T04:00:00.000Z,,S-3,333-71496,1757695,,S-3,82642,0,0,,ds3.txt,FORM S-3
0001021408-01-508307,2001-10-17,,2001-10-17T04:00:00.000Z,,S-3/A,333-71496,1761053,,S-3/A,81818,0,0,,ds3a.txt,AMENDMENT #1 TO FORM S-3
0001015402-01-503165,2001-10-29,,2001-10-29T05:00:00.000Z,,SC 13G/A,005-46413,1768579,,SC 13G/A,28546,0,0,,doc1.htm,
0000899243-01-501698,2001-11-09,2001-09-30,2001-11-09T05:00:00.000Z,,10-Q,001-16383,1779761,,10-Q,62818,0,0,,d10q.txt,FORM 10-Q FOR QUARTER ENDED 09/30/2001
0001021408-01-510911,2001-11-30,2000-12-31,2001-11-30T05:00:00.000Z,,10-K/A,001-16383,1803102,,10-K/A,290029,0,0,,d10ka.txt,"AMENDMENT TO FORM 10-K FOR DECEMBER 31, 2000"
0000899243-02-000927,2002-04-01,2001-12-31,2002-04-01T05:00:00.000Z,,10-K,001-16383,02598067,,10-K,464827,0,0,,d10k.txt,FORM 10-K
0000899243-02-001074,2002-04-12,2002-05-23,2002-04-12T04:00:00.000Z,,PRE 14A,001-16383,02609184,,PRE 14A,81237,0,0,,dpre14a.txt,PRELIMINARY PROXY STATEMENT
0000899243-02-001207,2002-04-22,2002-05-23,2002-04-22T04:00:00.000Z,,DEF 14A,001-16383,02617336,,DEF 14A,81293,0,0,,ddef14a.txt,DEFINITIVE PROXY STATEMENT
0000899243-02-001237,2002-04-24,2001-12-31,2002-04-24T04:00:00.000Z,,10-K/A,001-16383,02619974,,10-K/A,351865,0,0,,d10ka.txt,AMENDMENT TO 10-K FOR PERIOD ENDING 12/31/2001
0000899243-02-001542,2002-05-14,2001-09-30,2002-05-13T22:46:27.000Z,,10-Q/A,001-16383,02644558,,10-Q/A,64786,0,0,,d10qa.txt,AMENDMENT TO FORM 10-Q FOR 09/30/2002
0000899243-02-001569,2002-05-14,2001-12-31,2002-05-14T19:30:58.000Z,,10-K/A,001-16383,02646445,,10-K/A,36912,0,0,,d10ka.txt,AMENDMENT TO 10K FOR THE PERIOD ENDING 12/31/2001
0000899243-02-001626,2002-05-15,2002-03-31,2002-05-15T19:25:42.000Z,,10-Q,001-16383,02651699,,10-Q,55302,0,0,,d10q.txt,FORM 10Q FOR THE PERIOD 3/31/2002
0000899243-02-001666,2002-05-21,,2002-05-21T21:22:30.000Z,,S-3/A,333-71496,02659157,,S-3/A,84145,0,0,,ds3a.txt,AMENDMENT #2 TO FORM S-3
0000899243-02-001746,2002-06-05,,2002-06-05T21:01:59.000Z,,424B3,333-71496,02671262,,424B3,67981,0,0,,d424b3.txt,DEFINITIVE PROSPECTUS
0000899243-02-002300,2002-08-14,2002-06-30,2002-08-14T16:17:23.000Z,,10-Q,001-16383,02733058,,10-Q,70856,0,0,,d10q.txt,FORM 10-Q
0000899243-02-002473,2002-09-04,2002-08-26,2002-09-04T17:45:57.000Z,,8-K,001-16383,02756254,"2,5,7",8-K,129256,0,0,,d8k.txt,FORM 8-K
0000899243-02-002590,2002-09-26,2002-09-19,2002-09-26T19:30:48.000Z,,8-K,001-16383,02773183,"2,5,7",8-K,26789,0,0,,d8k.txt,CURRENT REPORT ON FORM 8-K
0001169232-02-002100,2002-10-15,,2002-10-15T15:35:42.000Z,,SC 13G,005-46413,02788597,,SC 13G,25549,0,0,,d52170_sc13g.txt,FORM SC 13G
0000899243-02-002719,2002-10-22,2002-10-17,2002-10-22T19:03:06.000Z,,8-K,001-16383,02794972,"4,7",8-K,7169,0,0,,d8k.txt,CURRENT REPORT ON FORM 8-K
0000899243-02-002801,2002-11-05,2002-10-29,2002-11-05T22:02:14.000Z,,8-K,001-16383,02810173,"2,5,7",8-K,18348,0,0,,d8k.txt,CURRENT REPORT ON FORM 8-K
0000899243-02-002866,2002-11-12,2002-09-30,2002-11-12T19:15:10.000Z,,10-Q,001-16383,02816630,,10-Q,81305,0,0,,d10q.txt,FORM 10-Q
0000899243-02-003161,2002-12-20,2002-12-18,2002-12-20T01:25:27.000Z,,8-K,001-16383,02863781,"5,7",8-K,7628,0,0,,d8k.txt,CURRENT REPORT ON FORM 8-K
0001169232-03-000786,2003-02-06,,2003-02-06T18:27:50.000Z,,SC 13G/A,005-46413,03542188,,SC 13G/A,19298,0,0,,d03-53487_sc13ga.txt,AMENDMENT NO. 1 TO SC 13G
0000899243-03-000488,2003-03-07,2003-02-27,2003-03-07T22:14:35.000Z,,8-K,001-16383,03596849,"2,5,7",8-K,375883,0,0,,d8k.txt,CURRENT REPORT ON FORM 8-K
0000899243-03-000668,2003-03-27,2002-12-31,2003-03-27T16:54:16.000Z,,10-K,001-16383,03619991,,10-K,418405,0,0,,d10k.txt,FORM 10-K
0000899243-03-000678,2003-03-27,2003-03-26,2003-03-27T21:38:19.000Z,,8-K,001-16383,03621382,"5,7",8-K,12096,0,0,,d8k.txt,CURRENT REPORT ON FORM 8-K
0000899243-03-000949,2003-04-29,2003-06-12,2003-04-28T21:38:31.000Z,,DEF 14A,001-16383,03667516,,DEF 14A,98210,0,0,,ddef14a.txt,DEFINITIVE NOTICE & PROXY STATEMENT
0001193125-03-004178,2003-05-09,2003-03-31,2003-05-09T21:25:42.000Z,,10-Q,001-16383,03691113,,10-Q,82175,0,0,,d10q.txt,FORM 10-Q
0001193125-03-004611,2003-05-13,2003-05-12,2003-05-13T15:47:29.000Z,,8-K,001-16383,03694491,"7,9",8-K,15276,0,0,,d8k.txt,FOM 8-K CURRENT REPORT
0001193125-03-005742,2003-05-15,,2003-05-15T21:31:13.000Z,,S-3,333-105295,03706194,,S-3,109168,0,0,,ds3.txt,FORM S-3
9999999997-03-022297,2003-05-16,,2003-05-21T15:41:35.000Z,,REGDEX,021-00357-0F,03058343,06,REGDEX,2068,0,0,,9999999997-03-022297.paper,AUTO-GENERATED PAPER DOCUMENT
0001193125-03-007311,2003-05-30,,2003-05-30T15:53:04.000Z,,424B3,333-105295,03724846,,424B3,89304,0,0,,d424b3.txt,PROSPECTUS
0001193125-03-009393,2003-06-11,2003-06-11,2003-06-11T20:36:30.000Z,,8-K,001-16383,03740934,5,8-K,171423,0,0,,d8k.txt,FORM 8-K
0001241053-03-000001,2003-06-23,2003-06-11,2003-06-23T16:41:38.000Z,,3,,,,3,6568,0,0,,xslF345X01/primary_doc.xml,PRIMARY DOCUMENT
0001241054-03-000001,2003-06-23,2003-04-16,2003-06-23T21:10:00.000Z,,4,,,,4,5311,0,0,,xslF345X01/primary_doc.xml,PRIMARY DOCUMENT
0001236245-03-000001,2003-07-22,2003-07-18,2003-07-22T20:58:35.000Z,,4,,,,4,8198,0,0,,xslF345X01/primary_doc.xml,PRIMARY DOCUMENT
0001193125-03-028538,2003-08-04,2003-07-30,2003-08-04T20:36:47.000Z,,8-K,001-16383,03821077,"5,7",8-K,17674,0,0,,d8k.htm,FORM 8-K
0001259279-03-000001,2003-08-12,2003-07-30,2003-08-12T23:49:06.000Z,,3,,,,3,4268,0,0,,xslF345X02/primary_doc.xml,PRIMARY DOCUMENT
0001259279-03-000002,2003-08-12,2003-07-30,2003-08-13T00:09:35.000Z,,4,,,,4,5987,0,0,,xslF345X02/primary_doc.xml,PRIMARY DOCUMENT
0001193125-03-036042,2003-08-13,2003-06-30,2003-08-13T20:40:17.000Z,,10-Q,001-16383,03841926,,10-Q,712866,0,0,,d10q.htm,FORM 10-Q FOR THE PERIOD ENDED 06/30/2003
0001193125-03-037253,2003-08-14,2003-08-13,2003-08-14T15:13:33.000Z,,8-K,001-16383,03844270,"12,7",8-K,93022,0,0,,d8k.htm,FORM 8-K
0001193125-03-050702,2003-09-17,,2003-09-17T19:34:35.000Z,,POS AM,333-61238,03899530,,POS AM,288894,0,0,,dposam.htm,POST EFFECTIVE AMENDMENT NO. 1 TO FORM S-3
0001193125-03-054121,2003-09-25,,2003-09-25T20:26:03.000Z,,424B3,333-61238,03910259,,424B3,192856,0,0,,d424b3.htm,FORM 424 (B)(3)
0001236245-03-000002,2003-10-09,2003-10-09,2003-10-09T19:07:01.000Z,,4,,,,4,7323,0,0,,xslF345X02/primary_doc.xml,PRIMARY DOCUMENT
0000922423-03-001118,2003-10-10,,2003-10-10T19:06:53.000Z,,SC 13G,005-46413,03936911,,SC 13G,11382,0,0,,kl10004_sc13g.txt,SCHEDULE 13G
0001264878-03-000003,2003-10-17,,2003-10-17T19:37:19.000Z,,SC 13D,005-46413,,,SC 13D,22862,0,0,,cheniere13d031017.txt,
0001236245-03-000003,2003-10-20,2003-10-20,2003-10-20T20:45:48.000Z,,4,,,,4,7422,0,0,,xslF345X02/primary_doc.xml,PRIMARY DOCUMENT
0001193125-03-080285,2003-11-13,2003-09-30,2003-11-13T22:00:47.000Z,,10-Q,001-16383,03998895,,10-Q,419899,0,0,,d10q.htm,FORM 10-Q
0001193125-03-081491,2003-11-14,2003-11-14,2003-11-14T17:21:18.000Z,,8-K,001-16383,031001985,"12,7",8-K,88798,0,0,,d8k.htm,FORM 8-K
0001193125-03-081834,2003-11-14,2003-12-22,2003-11-14T20:03:49.000Z,,PRE 14A,001-16383,031003667,,PRE 14A,510380,0,0,,dpre14a.htm,PRELIMINARY PROXY STATEMENT
0001236245-03-000004,2003-11-14,2003-11-14,2003-11-14T21:32:56.000Z,,4,,,,4,7443,0,0,,xslF345X02/primary_doc.xml,PRIMARY DOCUMENT
0001096757-03-000001,2003-11-17,2003-02-27,2003-11-17T23:07:11.000Z,,4,,,,4,40426,0,0,,xslF345X02/primary_doc.xml,PRIMARY DOCUMENT
0001236245-03-000005,2003-11-20,2003-11-20,2003-11-20T17:44:29.000Z,,4,,,,4,7441,0,0,,xslF345X02/primary_doc.xml,PRIMARY DOCUMENT
0001193125-03-088942,2003-12-04,,2003-12-03T23:38:07.000Z,,PRER14A,001-16383,031036177,,PRER14A,533651,0,0,,dprer14a.htm,REVISED PRELIMINARY PROXY STATEMENT
0001193125-03-093679,2003-12-12,2004-01-15,2003-12-12T21:56:12.000Z,,DEF 14A,001-16383,031052373,,DEF 14A,533190,0,0,,ddef14a.htm,DEFINITIVE PROXY STATEMENT
0001236245-03-000006,2003-12-15,2003-12-15,2003-12-15T22:18:51.000Z,,4,,,,4,7440,0,0,,xslF345X02/primary_doc.xml,PRIMARY DOCUMENT
0000905298-03-000002,2003-12-16,2003-12-15,2003-12-16T21:24:33.000Z,,4,,,,4,8032,0,0,,xslF345X02/primary_doc.xml,PRIMARY DOCUMENT
0001236245-03-000007,2003-12-17,2003-12-15,2003-12-17T16:11:20.000Z,,4,,,,4,7715,0,0,,xslF345X02/primary_doc.xml,PRIMARY DOCUMENT
0001236245-03-000008,2003-12-17,2003-12-17,2003-12-17T18:17:13.000Z,,4,,,,4,7439,0,0,,xslF345X02/primary_doc.xml,PRIMARY DOCUMENT
0001193125-03-098246,2003-12-22,2003-12-19,2003-12-22T22:17:31.000Z,,8-K,001-16383,031068291,"5,7",8-K,109180,0,0,,d8k.htm,FORM 8-K
0001193125-03-098253,2003-12-22,,2003-12-22T22:22:31.000Z,,S-3,333-111454,031068382,,S-3,1132724,0,0,,ds3.htm,FORM S-3
0001193125-03-098261,2003-12-22,,2003-12-22T22:25:45.000Z,,S-8,333-111457,031068430,,S-8,69500,0,0,,ds8.htm,FORM S-8
0001241054-03-000002,2003-12-30,2003-12-29,2003-12-30T21:21:48.000Z,,4,,,,4,7938,0,0,,xslF345X02/primary_doc.xml,PRIMARY DOCUMENT
0001236208-03-000001,2003-12-30,2003-12-30,2003-12-30T22:35:38.000Z,,4,,,,4,7478,0,0,,xslF345X02/primary_doc.xml,PRIMARY DOCUMENT
0001193125-04-001592,2004-01-07,2003-01-07,2004-01-07T21:36:54.000Z,,8-K,001-16383,04513432,"7,9",8-K,1546186,0,0,,d8k.htm,FORM 8-K
0001193125-04-004300,2004-01-14,2004-01-13,2004-01-14T21:28:06.000Z,,8-K,001-16383,04525181,"5,7",8-K,17743,0,0,,d8k.htm,FORM 8-K
0001193125-04-005188,2004-01-16,2004-01-15,2004-01-16T16:09:36.000Z,,8-K,001-16383,04528846,"5,7",8-K,16911,0,0,,d8k.htm,FORM 8-K
0001193125-04-006233,2004-01-20,,2004-01-20T22:14:35.000Z,,DEFA14A,001-16383,04533213,,DEFA14A,28527,0,0,,ddefa14a.htm,DEFINITIVE ADDITIONAL MATERIALS
0001241045-04-000001,2004-01-20,2004-01-15,2004-01-21T00:11:47.000Z,,4,,,,4,22412,0,0,,xslF345X02/primary_doc.xml,PRIMARY DOCUMENT
0001241054-04-000001,2004-01-20,2004-01-15,2004-01-21T01:39:00.000Z,,4,,,,4,16992,0,0,,xslF345X02/primary_doc.xml,PRIMARY DOCUMENT
0001241054-04-000002,2004-01-20,2004-01-16,2004-01-21T02:11:36.000Z,,4,,,,4,15922,0,0,,xslF345X02/primary_doc.xml,PRIMARY DOCUMENT
0001193125-04-009030,2004-01-26,2004-01-26,2004-01-26T22:12:19.000Z,,8-K,001-16383,04543967,"5,7",8-K,19285,0,0,,d8k.htm,FORM 8-K
0001193125-04-009742,2004-01-27,2004-01-26,2004-01-27T21:02:16.000Z,,8-K/A,001-16383,04546449,"5,7",8-K/A,21104,0,0,,d8ka.htm,AMENDMENT NO. 1 TO FORM 8-K
0001193125-04-012165,2004-01-30,,2004-01-30T22:27:25.000Z,,S-8,333-112379,04556867,,S-8,324783,0,0,,ds8.htm,FORM S-8
0001193125-04-013807,2004-02-03,2004-01-29,2004-02-03T22:04:36.000Z,,8-K,001-16383,04563769,"5,7",8-K,17799,0,0,,d8k.htm,FORM 8-K
0001236208-04-000001,2004-02-04,2004-02-02,2004-02-04T22:19:48.000Z,,4,,,,4,5124,0,0,,xslF345X02/primary_doc.xml,PRIMARY DOCUMENT
0001236208-04-000002,2004-02-04,2004-02-02,2004-02-04T22:54:24.000Z,,4,,,,4,5271,0,0,,xslF345X02/primary_doc.xml,PRIMARY DOCUMENT
0001236208-04-000003,2004-02-04,2004-02-02,2004-02-04T23:05:09.000Z,,4,,,,4,5089,0,0,,xslF345X02/primary_doc.xml,PRIMARY DOCUMENT
0001236208-04-000004,2004-02-04,2004-02-02,2004-02-04T23:26:37.000Z,,4,,,,4,5367,0,0,,xslF345X02/primary_doc.xml,PRIMARY DOCUMENT
0001236208-04-000005,2004-02-04,2004-02-02,2004-02-04T23:32:51.000Z,,4,,,,4,5039,0,0,,xslF345X02/primary_doc.xml,PRIMARY DOCUMENT
0001236208-04-000006,2004-02-04,2004-02-02,2004-02-04T23:46:56.000Z,,4,,,,4,5101,0,0,,xslF345X02/primary_doc.xml,PRIMARY DOCUMENT
0001236208-04-000007,2004-02-04,2004-02-02,2004-02-05T00:05:58.000Z,,4,,,,4,5022,0,0,,xslF345X02/primary_doc.xml,PRIMARY DOCUMENT
0001236208-04-000008,2004-02-04,2004-02-02,2004-02-05T00:14:46.000Z,,4,,,,4,5064,0,0,,xslF345X02/primary_doc.xml,PRIMARY DOCUMENT
0001259279-04-000001,2004-02-09,2004-02-02,2004-02-09T17:15:18.000Z,,4,,,,4,5024,0,0,,xslF345X02/primary_doc.xml,PRIMARY DOCUMENT
0001193125-04-020794,2004-02-12,,2004-02-12T16:29:25.000Z,,SC 13G/A,005-46413,04589013,,SC 13G/A,91619,0,0,,dsc13ga.htm,AMENDMENT NO. 2 TO SCHEDULE 13G
0000922423-04-000290,2004-02-17,,2004-02-17T18:01:08.000Z,,SC 13G,005-46413,04606347,,SC 13G,11163,0,0,,kl02021_sc13g.txt,SCHEDULE 13G
0001241054-04-000003,2004-02-17,2003-12-31,2004-02-17T23:05:57.000Z,,5,,,,5,6543,0,0,,xslF345X02/primary_doc.xml,PRIMARY DOCUMENT
0001193125-04-026634,2004-02-19,,2004-02-19T21:39:46.000Z,,S-8 POS,333-112379,04616546,,S-8 POS,23973,0,0,,ds8pos.htm,POST EFFECTIVE AMENDMENT NO. 1 TO FORM S-8
9999999997-04-006837,2004-02-24,,2004-02-26T20:13:19.000Z,,REGDEX,021-00357-0F,04009064,06,REGDEX,2068,0,0,,9999999997-04-006837.paper,AUTO-GENERATED PAPER DOCUMENT
0001193125-04-032821,2004-03-02,2004-02-26,2004-03-02T15:51:34.000Z,,8-K,001-16383,04641363,"5,7",8-K,19708,0,0,,d8k.htm,FORM 8-K
0001193125-04-049308,2004-03-25,2003-12-31,2004-03-25T21:23:19.000Z,,10-K,001-16383,04690016,,10-K,2001275,0,0,,d10k.htm,FORM 10-K
0001193125-04-052288,2004-03-29,,2004-03-29T21:26:06.000Z,,S-3,333-114006,04696542,,S-3,263589,0,0,,ds3.htm,FORM S-3
0001193125-04-054548,2004-03-31,2004-03-26,2004-03-31T14:59:57.000Z,,8-K,001-16383,04703950,"12,7",8-K,85695,0,0,,d8k.htm,FORM 8-K
0001193125-04-057729,2004-04-06,2004-05-26,2004-04-06T19:57:18.000Z,,DEF 14A,001-16383,04720442,,DEF 14A,303472,0,0,,ddef14a.htm,DEFINITIVE PROXY STATEMENT
0001193125-04-057854,2004-04-06,,2004-04-06T21:25:49.000Z,,S-3/A,333-111454,04720977,,S-3/A,371627,0,0,,ds3a.htm,AMENDMENT NO. 1 TO FORM S-3
0001193125-04-057861,2004-04-06,,2004-04-06T21:29:56.000Z,,S-3/A,333-114006,04721011,,S-3/A,249407,0,0,,ds3a.htm,AMENDMENT NO. 1 TO FORM S-3
0001193125-04-065164,2004-04-20,2004-04-16,2004-04-20T14:49:39.000Z,,8-K,001-16383,04742010,"7,9",8-K,1669019,0,0,,d8k.htm,FORM 8-K
0001264878-04-000004,2004-04-30,,2004-04-30T18:56:59.000Z,,SC 13D,005-46413,04769402,,SC 13D,7741,0,0,,cheniere13d040430.txt,
0001193125-04-087470,2004-05-13,2004-03-31,2004-05-13T20:40:34.000Z,,10-Q,001-16383,04803455,,10-Q,1013398,0,0,,d10q.htm,"FORM 10-Q FOR PERIOD ENDED MARCH 31, 2004"
0001193125-04-090647,2004-05-18,2004-05-14,2004-05-18T15:51:09.000Z,,8-K,001-16383,04815204,"12,7",8-K,55923,0,0,,d8k.htm,FORM 8-K
0001193125-04-094745,2004-05-26,2003-12-31,2004-05-26T18:43:43.000Z,,10-K/A,001-16383,04832148,,10-K/A,69830,0,0,,d10ka.htm,FORM 10-K/A
0001193125-04-094754,2004-05-26,2003-06-30,2004-05-26T18:54:02.000Z,,10-Q/A,001-16383,04832193,,10-Q/A,67243,0,0,,d10qa.htm,"FOR THE QUARTERLY PERIOD ENDED JUNE 30, 2003"
0001241053-04-000001,2004-05-28,2004-05-28,2004-05-28T22:42:08.000Z,,4,,,,4,7368,0,0,,xslF345X02/primary_doc.xml,PRIMARY DOCUMENT
0001193125-04-098166,2004-06-03,2004-05-28,2004-06-03T18:06:55.000Z,,8-K,001-16383,04846743,"5,7",8-K,19054,0,0,,d8k.htm,FORM 8-K
0001292052-04-000002,2004-06-10,2004-05-10,2004-06-10T16:01:12.000Z,,3,,,,3,4243,0,0,,xslF345X02/primary_doc.xml,PRIMARY DOCUMENT
0000922423-04-000920,2004-06-10,,2004-06-10T20:26:49.000Z,,SC 13G/A,005-46413,04858592,,SC 13G/A,11252,0,0,,kl06034_sc13g-a.txt,SCHEDULE 13G FINAL AMENDMENT
0001279282-04-000004,2004-06-10,2004-01-16,2004-06-10T21:05:11.000Z,,3,,,,3,4323,0,0,,xslF345X02/primary_doc.xml,PRIMARY DOCUMENT
0001193125-04-107149,2004-06-23,2004-06-21,2004-06-23T17:55:09.000Z,,8-K,001-16383,04876866,"5,7",8-K,20167,0,0,,d8k.htm,FORM 8-K
0001193125-04-114777,2004-07-07,2004-07-06,2004-07-07T16:21:43.000Z,,8-K,001-16383,04903832,"5,7",8-K,19277,0,0,,d8k.htm,FORM 8-K
0001193125-04-121079,2004-07-20,2003-12-31,2004-07-20T21:10:33.000Z,,10-K/A,001-16383,04922636,,10-K/A,989082,0,0,,d10ka.htm,"FOR THE FISCAL YEAR ENDED DECEMBER 31, 2003"
0001236245-04-000002,2004-08-09,2004-08-05,2004-08-09T21:07:28.000Z,,4,,,,4,14884,0,0,,xslF345X02/primary_doc.xml,PRIMARY DOCUMENT
0001104659-04-023465,2004-08-10,2004-06-30,2004-08-09T21:43:41.000Z,,10-Q,001-16383,04962527,,10-Q,4835140,0,0,,a04-8883_110q.htm,10-Q
0001104659-04-023570,2004-08-10,2004-08-10,2004-08-10T16:50:41.000Z,,8-K,001-16383,04963793,"12,7",8-K,144017,0,0,,a04-9286_18k.htm,8-K
0000905298-04-000002,2004-08-12,2004-08-10,2004-08-12T22:15:04.000Z,,4,,,,4,14834,0,0,,xslF345X02/primary_doc.xml,PRIMARY DOCUMENT
0001193125-04-140390,2004-08-13,,2004-08-13T19:22:39.000Z,,S-3/A,333-114006,04974009,,S-3/A,257848,0,0,,ds3a.htm,AMENDMENT NO. 2 TO FORM S-3
0000905298-04-000003,2004-08-13,2004-08-10,2004-08-13T21:29:27.000Z,,4/A,,,,4/A,10723,0,0,,xslF345X02/primary_doc.xml,PRIMARY DOCUMENT
0000905298-04-000004,2004-08-16,2004-04-28,2004-08-16T23:25:45.000Z,,4,,,,4,6160,0,0,,xslF345X02/primary_doc.xml,PRIMARY DOCUMENT
0001193125-04-143596,2004-08-19,,2004-08-19T15:05:34.000Z,,424B3,333-114006,04985452,,424B3,191133,0,0,,d424b3.htm,PROSPECTUS
0001236245-04-000003,2004-08-30,2004-08-05,2004-08-30T17:13:05.000Z,,4/A,,,,4/A,12354,0,0,,xslF345X02/primary_doc.xml,PRIMARY DOCUMENT
0001241054-04-000005,2004-08-31,2004-08-27,2004-08-31T20:44:45.000Z,,4,,,,4,5567,0,0,,xslF345X02/primary_doc.xml,PRIMARY DOCUMENT
0001104659-04-026515,2004-08-31,,2004-08-31T21:24:04.000Z,,SC 13D,005-46413,041009294,,SC 13D,322969,0,0,,a04-10073_1sc13d.htm,SC 13D
0001157523-04-008270,2004-09-03,2004-09-03,2004-09-03T13:16:39.000Z,,8-K,001-16383,041015258,"1.01,7.01,9.01",8-K,11198,0,0,,a4713505.txt,CHENIERE ENERGY 8-K
0001047469-04-028024,2004-09-03,,2004-09-03T20:14:05.000Z,,S-3/A,333-111454,041017105,,S-3/A,283721,0,0,,a2143010zs-3a.htm,S-3/A
0001047469-04-028025,2004-09-03,,2004-09-03T20:26:36.000Z,,S-8,333-118816,041017166,,S-8,61133,0,0,,a2143016zs-8.htm,S-8
0001157523-04-008379,2004-09-09,2004-09-08,2004-09-09T19:17:51.000Z,,8-K,001-16383,041022775,"8.01,9.01",8-K,8180,0,0,,a4717072.txt,CHENIERE ENERGY 8-K
0001047469-04-031167,2004-10-14,2004-10-13,2004-10-14T20:22:58.000Z,34,8-K,001-16383,041079097,"1.01,3.03,5.03,8.01,9.01",8-K,290366,0,0,,a2144945z8-k.htm,8-K
0000905298-04-000005,2004-10-19,2004-09-17,2004-10-19T14:35:50.000Z,,4,,,,4,14204,0,0,,xslF345X02/primary_doc.xml,PRIMARY DOCUMENT
0000905298-04-000006,2004-10-26,2004-10-22,2004-10-26T18:46:24.000Z,,4,,,,4,7585,0,0,,xslF345X02/primary_doc.xml,PRIMARY DOCUMENT
0001047469-04-032807,2004-11-01,,2004-11-01T22:08:01.000Z,34,8-A12B,001-16383,041110742,,8-A12B,27447,0,0,,a2145892z8-a12b.htm,8-A12B
0001241048-04-000001,2004-11-05,2004-11-02,2004-11-05T15:31:13.000Z,,4,,,,4,13585,0,0,,xslF345X02/primary_doc.xml,PRIMARY DOCUMENT
0001241043-04-000003,2004-11-05,2004-11-03,2004-11-05T20:46:08.000Z,,4,,,,4,17990,0,0,,xslF345X02/primary_doc.xml,PRIMARY DOCUMENT
0001157523-04-010436,2004-11-08,2004-11-08,2004-11-08T13:36:41.000Z,34,8-K,001-16383,041124230,"8.01,9.01",8-K,10455,0,0,,a4760295.txt,CHENIERE ENERGY 8-K
0001157523-04-010484,2004-11-09,2004-11-08,2004-11-09T13:41:08.000Z,34,8-K,001-16383,041127486,"1.01,9.01",8-K,12528,0,0,,a4761680.txt,CHENIERE ENERGY 8-K
0001157523-04-010494,2004-11-09,2004-11-09,2004-11-09T15:44:32.000Z,34,8-K,001-16383,041127809,"1.01,9.01",8-K,11687,0,0,,a4761856.txt,CHENIERE ENERGY 8-K
0001241045-04-000003,2004-11-10,2004-11-09,2004-11-11T01:44:24.000Z,,4,,,,4,7495,0,0,,xslF345X02/primary_doc.xml,PRIMARY DOCUMENT
0001236208-04-000011,2004-11-12,2004-11-09,2004-11-12T18:52:26.000Z,,4,,,,4,7510,0,0,,xslF345X02/primary_doc.xml,PRIMARY DOCUMENT
0000905298-04-000007,2004-11-12,2004-11-09,2004-11-12T19:04:08.000Z,,4,,,,4,7605,0,0,,xslF345X02/primary_doc.xml,PRIMARY DOCUMENT
0001241054-04-000006,2004-11-12,2004-09-16,2004-11-13T00:27:56.000Z,,4,,,,4,18236,0,0,,xslF345X02/primary_doc.xml,PRIMARY DOCUMENT
0001104659-04-035692,2004-11-15,2004-09-30,2004-11-12T22:53:51.000Z,34,10-Q,001-16383,041140957,,10-Q,3684775,0,0,,a04-13178_110q.htm,10-Q
0001104659-04-036132,2004-11-15,2004-11-15,2004-11-15T21:36:46.000Z,34,8-K,001-16383,041145868,"2.02,9.01",8-K,149364,0,0,,a04-13178_28k.htm,8-K
0001104659-04-036341,2004-11-16,2004-11-12,2004-11-16T18:47:27.000Z,34,8-K,001-16383,041148927,"8.01,9.01",8-K,39429,0,0,,a04-13178_48k.htm,8-K
0001104659-04-036349,2004-11-16,2004-11-12,2004-11-16T19:02:14.000Z,34,8-K,001-16383,041149000,"7.01,9.01",8-K,1214456,0,0,,a04-13178_38k.htm,8-K
0001241054-04-000007,2004-11-17,2004-11-15,2004-11-17T16:04:13.000Z,,4,,,,4,6002,0,0,,xslF345X02/primary_doc.xml,PRIMARY DOCUMENT
0001236208-04-000012,2004-11-17,2004-11-15,2004-11-17T16:13:12.000Z,,4,,,,4,5493,0,0,,xslF345X02/primary_doc.xml,PRIMARY DOCUMENT
0000905298-04-000008,2004-11-17,2004-11-15,2004-11-17T16:21:03.000Z,,4,,,,4,5578,0,0,,xslF345X02/primary_doc.xml,PRIMARY DOCUMENT
0001241048-04-000002,2004-11-17,2004-11-15,2004-11-17T16:27:06.000Z,,4,,,,4,5361,0,0,,xslF345X02/primary_doc.xml,PRIMARY DOCUMENT
0001241045-04-000004,2004-11-17,2004-11-15,2004-11-17T16:32:05.000Z,,4,,,,4,5492,0,0,,xslF345X02/primary_doc.xml,PRIMARY DOCUMENT
0001292052-04-000003,2004-11-17,2004-05-10,2004-11-17T16:45:25.000Z,,4,,,,4,9931,0,0,,xslF345X02/primary_doc.xml,PRIMARY DOCUMENT
0001241053-04-000004,2004-11-17,2004-11-15,2004-11-17T16:50:38.000Z,,4,,,,4,5489,0,0,,xslF345X02/primary_doc.xml,PRIMARY DOCUMENT
0001279282-04-000005,2004-11-17,2004-01-16,2004-11-17T16:57:33.000Z,,4,,,,4,7783,0,0,,xslF345X02/primary_doc.xml,PRIMARY DOCUMENT
0001241043-04-000004,2004-11-17,2004-11-15,2004-11-17T17:14:12.000Z,,4,,,,4,5425,0,0,,xslF345X02/primary_doc.xml,PRIMARY DOCUMENT
0001259279-04-000002,2004-11-17,2004-11-15,2004-11-17T17:22:08.000Z,,4,,,,4,5290,0,0,,xslF345X02/primary_doc.xml,PRIMARY DOCUMENT
0001236245-04-000004,2004-11-17,2004-11-15,2004-11-17T17:29:06.000Z,,4,,,,4,5287,0,0,,xslF345X02/primary_doc.xml,PRIMARY DOCUMENT
0001227684-04-000003,2004-11-17,2004-01-19,2004-11-17T17:34:10.000Z,,3,,,,3,4193,0,0,,xslF345X02/primary_doc.xml,PRIMARY DOCUMENT
0001227684-04-000004,2004-11-17,2004-01-29,2004-11-17T17:49:21.000Z,,4,,,,4,9054,0,0,,xslF345X02/primary_doc.xml,PRIMARY DOCUMENT
0001259279-04-000003,2004-11-18,2004-11-15,2004-11-18T16:28:38.000Z,,4/A,,,,4/A,5560,0,0,,xslF345X02/primary_doc.xml,PRIMARY DOCUMENT
0001227684-04-000005,2004-11-18,2004-01-29,2004-11-18T23:01:43.000Z,,3/A,,,,3/A,4491,0,0,,xslF345X02/primary_doc.xml,PRIMARY DOCUMENT
0001047469-04-035341,2004-11-29,,2004-11-29T21:04:18.000Z,33,424B3,333-111454,041171674,,424B3,706308,0,0,,a2147131z424b3.htm,424B3
0001047469-04-036064,2004-12-03,,2004-12-03T13:37:37.000Z,33,424B5,333-111454,041182055,,424B5,704186,0,0,,a2148019z424b5.htm,424B5
0001047469-04-036223,2004-12-06,2004-12-02,2004-12-06T20:25:45.000Z,34,8-K,001-16383,041186234,"1.01,8.01,9.01",8-K,172932,0,0,,a2148061z8-k.htm,8-K
0001157523-04-011314,2004-12-09,2004-12-08,2004-12-09T11:00:29.000Z,34,8-K,001-16383,041191979,"8.01,9.01",8-K,12444,0,0,,a4781427.txt,CHENIERE ENERGY 8-K
0001157523-04-011418,2004-12-13,2004-12-13,2004-12-13T21:24:37.000Z,34,8-K,001-16383,041199054,"8.01,9.01",8-K,12590,0,0,,a4783608.txt,CHENIERE ENERGY 8-K
0001157523-04-011516,2004-12-15,2004-12-15,2004-12-15T21:45:14.000Z,34,8-K,001-16383,041205313,"8.01,9.01",8-K,11123,0,0,,a4785568.txt,CHENIERE ENERGY INC.
0001104659-04-040332,2004-12-20,2004-12-18,2004-12-20T12:59:34.000Z,34,8-K,001-16383,041212814,"1.01,8.01,9.01",8-K,6844866,0,0,,a04-15072_18k.htm,8-K
0001193125-04-216657,2004-12-20,2005-01-24,2004-12-20T22:24:00.000Z,34,PRE 14A,001-16383,041214965,,PRE 14A,264382,0,0,,dpre14a.htm,PRELIMINARY PROXY STATEMENT
0001236208-04-000013,2004-12-21,2004-12-19,2004-12-21T20:56:07.000Z,,4,,,,4,8287,0,0,,xslF345X02/primary_doc.xml,PRIMARY DOCUMENT
0001013594-04-000444,2004-12-29,,2004-12-29T15:05:40.000Z,34,SC 13G,005-46413,041229651,,SC 13G,15503,0,0,,cheniere13g-122904.txt,"DECEMBER 29, 2004"
0001193125-04-221099,2004-12-30,2005-02-08,2004-12-30T11:02:12.000Z,34,DEF 14A,001-16383,041232428,,DEF 14A,267858,0,0,,ddef14a.htm,DEFINITIVE PROXY STATEMENT
0000905298-05-000001,2005-01-03,2004-12-27,2005-01-03T23:08:53.000Z,,4,,,,4,7463,0,0,,xslF345X02/primary_doc.xml,PRIMARY DOCUMENT
0001157523-05-000021,2005-01-04,2005-01-03,2005-01-04T16:09:01.000Z,34,8-K,001-16383,05504586,"7.01,9.01",8-K,934957,0,0,,a4792593.txt,CHENIERE ENERGY INC.
0001241054-05-000001,2005-01-04,2005-01-03,2005-01-04T16:10:26.000Z,,4,,,,4,8659,0,0,,xslF345X02/primary_doc.xml,PRIMARY DOCUMENT
0001157523-05-000207,2005-01-12,2005-01-11,2005-01-12T00:27:14.000Z,34,8-K,001-16383,05524488,"8.01,9.01",8-K,8650,0,0,,a4798415.txt,"CHENIERE ENERGY, INC. 8-K"
0001193125-05-010570,2005-01-24,2005-01-24,2005-01-24T22:13:37.000Z,34,8-K,001-16383,05545181,"1.01,3.03,8.01,9.01",8-K,32534,0,0,,d8k.htm,FORM 8-K
0001193125-05-010576,2005-01-24,,2005-01-24T22:17:00.000Z,34,8-A12B/A,001-16383,05545217,,8-A12B/A,18097,0,0,,d8a12ba.htm,AMENDMENT NO. 1 TO FORM 8-A12B
0001013594-05-000035,2005-02-02,,2005-02-02T22:24:36.000Z,34,SC 13G/A,005-46413,05570362,,SC 13G/A,11425,0,0,,cheniere13ga-020205.txt,"FEBRUARY 2, 2005"
0001013594-05-000039,2005-02-03,,2005-02-03T22:07:35.000Z,34,SC 13G,005-46413,05574130,,SC 13G,25973,0,0,,cheniere13g-020305.txt,"FEBRUARY 3, 2005"
0001193125-05-022250,2005-02-08,2005-02-08,2005-02-08T21:48:17.000Z,34,8-K,001-16383,05584587,"5.03,8.01,9.01",8-K,35392,0,0,,d8k.htm,FORM 8-K
0001193125-05-022329,2005-02-08,2005-02-08,2005-02-08T22:23:28.000Z,34,8-K,001-16383,05585042,"1.01,2.01,3.02,8.01,9.01",8-K,325584,0,0,,d8k.htm,FORM 8-K
0001241045-05-000001,2005-02-09,2004-01-15,2005-02-09T17:19:52.000Z,,4/A,,,,4/A,14776,0,0,,xslF345X02/primary_doc.xml,PRIMARY DOCUMENT
0001236208-05-000001,2005-02-14,2004-12-31,2005-02-14T17:48:21.000Z,,5,,,,5,6385,0,0,,xslF345X02/primary_doc.xml,PRIMARY DOCUMENT
9999999997-05-006788,2005-02-22,,2005-02-25T15:39:04.000Z,34,REGDEX,021-00357-0F,05045276,06,REGDEX,2052,0,0,,9999999997-05-006788.paper,AUTO-GENERATED PAPER DOCUMENT
0001157523-05-001983,2005-02-28,2005-02-28,2005-02-28T13:00:19.000Z,34,8-K,001-16383,05643173,"8.01,9.01",8-K,13566,0,0,,a4831264.txt,CHENIERE ENERGY 8-K
0001193125-05-040866,2005-03-02,2005-02-25,2005-03-02T22:04:35.000Z,34,8-K,001-16383,05655066,"1.01,2.03,9.01",8-K,3705911,0,0,,d8k.htm,FORM 8-K
0001157523-05-002362,2005-03-10,2005-03-10,2005-03-10T17:06:39.000Z,34,8-K,001-16383,05671331,"2.02,9.01",8-K,13269,0,0,,a4840408.txt,"CHENIERE ENERGY, INC."
0001193125-05-046389,2005-03-10,2004-12-31,2005-03-10T18:49:53.000Z,34,10-K,001-16383,05671716,,10-K,1883862,0,0,,d10k.htm,"FOR THE FISCAL YEAR ENDED DECEMBER 31, 2004"
0001157523-05-002397,2005-03-10,2005-03-10,2005-03-10T21:56:27.000Z,34,8-K,001-16383,05672984,"8.01,9.01",8-K,9271,0,0,,a4840682.txt,CHENIERE ENERGY INC.
0001157523-05-002488,2005-03-14,2005-03-14,2005-03-14T14:16:29.000Z,34,8-K,001-16383,05677132,"8.01,9.01",8-K,12021,0,0,,a4842147.txt,"CHENIERE ENERGY, INC. -- 8-K"
0001193125-05-052557,2005-03-16,2004-12-31,2005-03-16T19:53:25.000Z,34,10-K/A,001-16383,05684948,,10-K/A,145557,0,0,,d10ka.htm,AMENDMENT NUMBER 1 TO FORM 10-K
0001241045-05-000002,2005-03-16,2005-03-14,2005-03-16T23:19:44.000Z,,4,,,,4,18684,0,0,,xslF345X02/primary_doc.xml,PRIMARY DOCUMENT
0001241053-05-000001,2005-03-16,2005-03-14,2005-03-16T23:31:19.000Z,,4,,,,4,6031,0,0,,xslF345X02/primary_doc.xml,PRIMARY DOCUMENT
0001292052-05-000001,2005-03-16,2005-03-14,2005-03-16T23:54:17.000Z,,4,,,,4,5980,0,0,,xslF345X02/primary_doc.xml,PRIMARY DOCUMENT
0001236208-05-000002,2005-03-16,2005-03-14,2005-03-17T00:06:20.000Z,,4,,,,4,6042,0,0,,xslF345X02/primary_doc.xml,PRIMARY DOCUMENT
0001241054-05-000002,2005-03-16,2005-03-14,2005-03-17T00:47:41.000Z,,4,,,,4,10744,0,0,,xslF345X02/primary_doc.xml,PRIMARY DOCUMENT
0001193125-05-054573,2005-03-18,2005-03-14,2005-03-18T11:33:11.000Z,34,8-K,001-16383,05690307,1.01,8-K,19217,0,0,,d8k.htm,FORM 8-K
0001157523-05-003060,2005-04-04,2005-04-04,2005-04-04T21:14:31.000Z,34,8-K,001-16383,05731042,"1.01,5.02,9.01",8-K,15238,0,0,,a4856735.txt,"CHENIERE ENERGY, INC. 8-K"
0001157523-05-003126,2005-04-06,2005-04-06,2005-04-06T21:19:24.000Z,34,8-K,001-16383,05737647,"7.01,9.01",8-K,7439,0,0,,a4858776.txt,"CHENIERE ENERGY, INC. 8-K"
0001193125-05-071593,2005-04-07,2005-04-07,2005-04-07T10:11:44.000Z,34,8-K,001-16383,05738079,8.01,8-K,244090,0,0,,d8k.htm,FORM 8-K
0001193125-05-071936,2005-04-07,2005-05-24,2005-04-07T18:03:19.000Z,34,DEF 14A,001-16383,05738921,,DEF 14A,292565,0,0,,ddef14a.htm,DEFINITIVE PROXY STATEMENT
0001157523-05-003301,2005-04-13,2005-04-13,2005-04-13T20:51:51.000Z,34,8-K,001-16383,05748729,"8.01,9.01",8-K,9693,0,0,,a4863572.txt,CHENIERE ENERGY 8-K
0001241054-05-000003,2005-04-13,2005-04-11,2005-04-14T00:09:03.000Z,,4,,,,4,28358,0,0,,xslF345X02/primary_doc.xml,PRIMARY DOCUMENT
0001157523-05-003390,2005-04-18,2005-04-15,2005-04-18T10:06:01.000Z,34,8-K,001-16383,05755308,"7.01,9.01",8-K,700831,0,0,,a4864876.txt,"CHENIERE ENERGY, INC."
0000910484-05-000005,2005-04-19,2005-04-18,2005-04-19T20:42:47.000Z,,3,,,,3,4177,0,0,,xslF345X02/primary_doc.xml,PRIMARY DOCUMENT
0000910484-05-000006,2005-04-19,2005-04-18,2005-04-19T20:51:12.000Z,,4,,,,4,8080,0,0,,xslF345X02/primary_doc.xml,PRIMARY DOCUMENT
9999999997-05-020301,2005-04-20,2004-12-31,2005-05-03T14:19:45.000Z,34,ARS,001-16383,05046436,,ARS,2057,0,0,,9999999997-05-020301.paper,AUTO-GENERATED PAPER DOCUMENT
0001157523-05-003711,2005-04-25,2005-04-25,2005-04-25T11:10:42.000Z,34,8-K,001-16383,05768789,"8.01,9.01",8-K,7812,0,0,,a4871290.txt,CHENIERE ENERGY 8-K
0001241053-05-000002,2005-04-25,2005-04-22,2005-04-25T14:40:08.000Z,,4,,,,4,7373,0,0,,xslF345X02/primary_doc.xml,PRIMARY DOCUMENT
0001241043-05-000001,2005-04-29,2005-04-29,2005-04-29T21:02:34.000Z,,4,,,,4,6724,0,0,,xslF345X02/primary_doc.xml,PRIMARY DOCUMENT
0001193125-05-099295,2005-05-06,2005-03-31,2005-05-06T20:23:55.000Z,34,10-Q,001-16383,05808388,,10-Q,454291,0,0,,d10q.htm,"FOR THE QUARTERLY PERIOD ENDED MARCH 31, 2005"
0001157523-05-004449,2005-05-06,2005-05-06,2005-05-06T21:06:11.000Z,34,8-K,001-16383,05808854,"2.02,9.01",8-K,14107,0,0,,a4883049.txt,CHENIERE ENERGY INC.
0001013594-05-000225,2005-05-09,,2005-05-09T20:55:48.000Z,34,SC 13G,005-46413,05812461,,SC 13G,15770,0,0,,cheniere13g-050905.txt,
0001157523-05-004652,2005-05-12,2005-05-12,2005-05-12T12:14:51.000Z,34,8-K,001-16383,05822418,"7.01,9.01",8-K,839459,0,0,,d63836_8-k.htm,CHENIERE ENERGY 8-K
0001157523-05-005055,2005-05-25,2005-05-24,2005-05-25T14:37:42.000Z,34,8-K,001-16383,05855779,5.05,8-K,5644,0,0,,a4896978.txt,"CHENIERE ENERGY, INC. 8-K"
0000910484-05-000012,2005-05-25,2005-05-23,2005-05-25T21:32:08.000Z,,4,,,,4,29203,0,0,,xslF345X02/primary_doc.xml,PRIMARY DOCUMENT
0000910484-05-000014,2005-06-06,2005-06-02,2005-06-06T19:18:27.000Z,,4,,,,4,24100,0,0,,xslF345X02/primary_doc.xml,PRIMARY DOCUMENT
0001157523-05-005828,2005-06-30,2005-06-29,2005-06-30T15:15:32.000Z,34,8-K,001-16383,05927215,8.01,8-K,5080,0,0,,a4922191.txt,CHENIERE ENERGY 8-K
0000910484-05-000015,2005-07-13,2005-07-11,2005-07-13T20:15:43.000Z,,4,,,,4,10719,0,0,,xslF345X02/primary_doc.xml,PRIMARY DOCUMENT
0001157523-05-006404,2005-07-21,2005-07-21,2005-07-21T20:37:24.000Z,34,8-K,001-16383,05966681,"7.01,9.01",8-K,8452,0,0,,a4936009.txt,"CHENIERE ENERGY, INC. 8-K"
0001193125-05-146856,2005-07-22,2005-07-22,2005-07-22T13:08:12.000Z,34,8-K,001-16383,05967502,8.01,8-K,261427,0,0,,d8k.htm,FORM 8-K
0001193125-05-147187,2005-07-22,2005-07-22,2005-07-22T19:40:25.000Z,34,8-K,001-16383,05968727,"1.01,7.01,9.01",8-K,123110,0,0,,d8k.htm,FORM 8-K
0001193125-05-147880,2005-07-25,2005-07-22,2005-07-25T18:03:20.000Z,34,8-K/A,001-16383,05970952,"1.01,7.01,9.01",8-K/A,18426,0,0,,d8ka.htm,FORM 8-K/A
0001193125-05-150129,2005-07-27,2005-07-27,2005-07-27T21:26:57.000Z,34,8-K,001-16383,05978235,"1.01,2.03,7.01,9.01",8-K,898486,0,0,,d8k.htm,FORM 8-K
0001157523-05-006761,2005-07-29,2005-07-29,2005-07-29T17:47:05.000Z,34,8-K,001-16383,05983997,"8.01,9.01",8-K,9376,0,0,,a4942024.txt,"CHENIERE ENERGY, INC. 8-K"
0000910484-05-000016,2005-07-29,2005-07-28,2005-07-29T21:34:28.000Z,,4,,,,4,8575,0,0,,xslF345X02/primary_doc.xml,PRIMARY DOCUMENT
0000910484-05-000017,2005-07-29,2005-07-27,2005-07-29T22:12:18.000Z,,4,,,,4,8585,0,0,,xslF345X02/primary_doc.xml,PRIMARY DOCUMENT
0000910484-05-000018,2005-07-29,2005-07-27,2005-07-29T22:27:19.000Z,,4,,,,4,8518,0,0,,xslF345X02/primary_doc.xml,PRIMARY DOCUMENT
0000910484-05-000019,2005-07-29,2005-07-28,2005-07-29T22:36:24.000Z,,4,,,,4,8574,0,0,,xslF345X02/primary_doc.xml,PRIMARY DOCUMENT
0001193125-05-154729,2005-08-02,2005-07-27,2005-08-02T16:41:42.000Z,34,8-K,001-16383,05990909,"1.01,8.01,9.01",8-K,37327,0,0,,d8k.htm,FORM 8-K
0001193125-05-159114,2005-08-05,2005-06-30,2005-08-05T20:15:27.000Z,34,10-Q,001-16383,051002993,,10-Q,789655,0,0,,d10q.htm,FORM 10-Q
0001193125-05-159216,2005-08-05,,2005-08-05T21:16:18.000Z,33,S-8,333-127266,051003735,,S-8,78236,0,0,,ds8.htm,FORM S-8
0001193125-05-159249,2005-08-05,,2005-08-05T21:21:55.000Z,33,S-3,333-127269,051003792,,S-3,885034,0,0,,ds3.htm,FORM S-3
0001157523-05-007144,2005-08-08,2005-08-05,2005-08-05T22:15:58.000Z,34,8-K,001-16383,051004051,"2.01,7.01,9.01",8-K,19581,0,0,,a4947473.txt,CHENIERE ENERGY 8-K
0001193125-05-165202,2005-08-11,2005-08-09,2005-08-11T20:06:36.000Z,34,8-K,001-16383,051017221,8.01,8-K,13867,0,0,,d8k.htm,FORM 8-K
0001157523-05-007662,2005-08-19,2005-08-19,2005-08-19T20:49:06.000Z,34,8-K,001-16383,051039059,"7.01,9.01",8-K,11058,0,0,,a4956506.txt,CHENIERE ENERGY 8-K
0001193125-05-174627,2005-08-25,,2005-08-25T19:33:14.000Z,34,SC 13G,005-46413,051048790,,SC 13G,91332,0,0,,dsc13g.htm,SCHEDULE 13G
0001157523-05-007825,2005-09-01,2005-08-31,2005-08-31T23:16:58.000Z,34,8-K,001-16383,051062966,"8.01,9.01",8-K,9485,0,0,,a4963241.txt,CHENIERE ENERGY 8-K
0001157523-05-007840,2005-09-01,2005-09-01,2005-09-01T13:35:59.000Z,34,8-K,001-16383,051063275,"8.01,9.01",8-K,8506,0,0,,a4963309.txt,"CHENIERE ENERGY, INC. 8-K"
0001157523-05-007884,2005-09-02,2005-09-02,2005-09-02T18:43:02.000Z,34,8-K,001-16383,051067510,"7.01,9.01",8-K,8771,0,0,,a4964677.txt,"CHENIERE ENERGY, INC., 8-K"
0001157523-05-007900,2005-09-06,2005-09-06,2005-09-06T13:34:17.000Z,34,8-K,001-16383,051069180,"8.01,9.01",8-K,10067,0,0,,a4965129.txt,"CHENIERE ENERGY, INC. 8-K"
0001157523-05-007970,2005-09-07,2005-08-31,2005-09-07T20:36:33.000Z,34,8-K,001-16383,051073112,"1.01,2.03",8-K,22776,0,0,,a4967344.txt,CHENIERE ENERGY 8-K
0000899140-05-000878,2005-09-21,,2005-09-21T16:21:27.000Z,34,SC 13G,005-46413,051095195,,SC 13G,27379,0,0,,g092105b.txt,INITIAL FILING
0000910484-05-000035,2005-09-28,2005-09-20,2005-09-28T21:29:29.000Z,,4,,,,4,9249,0,0,,xslF345X02/primary_doc.xml,PRIMARY DOCUMENT
0001157523-05-008673,2005-10-07,2005-10-07,2005-10-07T13:00:15.000Z,34,8-K,001-16383,051128367,"8.01,9.01",8-K,9499,0,0,,a4990090.txt,"CHENIERE ENERGY, INC. 8-K"
0001193125-05-204299,2005-10-19,,2005-10-20T00:54:42.000Z,,CORRESP,,,,CORRESP,8308,0,0,,filename1.htm,
0001193125-05-204281,2005-10-20,,2005-10-20T00:17:41.000Z,33,S-3/A,333-127269,051146065,,S-3/A,863331,0,0,,ds3a.htm,AMENDMENT NO. 1 TO FORM S-3
0001157523-05-009024,2005-10-20,2005-10-20,2005-10-20T20:37:59.000Z,34,8-K,001-16383,051147730,"7.01,9.01",8-K,9313,0,0,,a5000401.txt,"CHENIERE ENERGY, INC."
0001193125-05-208848,2005-10-26,,2005-10-26T20:42:30.000Z,33,424B3,333-127269,051157505,,424B3,714684,0,0,,d424b3.htm,DEFINITIVE PROSPECTUS
0000910484-05-000036,2005-10-27,2005-10-26,2005-10-27T21:57:02.000Z,,4,,,,4,6601,0,0,,xslF345X02/primary_doc.xml,PRIMARY DOCUMENT
0000910484-05-000037,2005-11-02,2005-10-26,2005-11-02T20:36:26.000Z,,4/A,,,,4/A,7297,0,0,,xslF345X02/primary_doc.xml,PRIMARY DOCUMENT
0001193125-05-216989,2005-11-04,2005-09-30,2005-11-04T21:46:18.000Z,34,10-Q,001-16383,051180888,,10-Q,1909747,0,0,,d10q.htm,"FORM 10-Q FOR PERIOD ENDED SEPTEMBER 30, 2005"
0001157523-05-009736,2005-11-04,2005-11-04,2005-11-04T22:21:52.000Z,34,8-K,001-16383,051181312,"2.02,9.01",8-K,14810,0,0,,a5013459.txt,"CHENIERE ENERGY, INC. 8-K"
0001157523-05-010035,2005-11-14,2005-11-11,2005-11-14T11:35:47.000Z,34,8-K,001-16383,051196037,"7.01,9.01",8-K,3747707,0,0,,a5018708.htm,CHENIERE ENERGY 8-K
0000910484-05-000045,2005-11-16,2005-11-15,2005-11-16T21:46:01.000Z,,4,,,,4,9236,0,0,,xslF345X02/primary_doc.xml,PRIMARY DOCUMENT
0000910484-05-000047,2005-11-18,2005-11-16,2005-11-18T21:49:03.000Z,,4,,,,4,31456,0,0,,xslF345X02/primary_doc.xml,PRIMARY DOCUMENT
0001157523-05-010558,2005-12-02,2005-12-01,2005-12-02T14:04:28.000Z,34,8-K,001-16383,051239053,"8.01,9.01",8-K,861401,0,0,,a5031859.txt,"CHENIERE ENERGY, INC. 8-K"
0000910484-05-000048,2005-12-07,2005-12-05,2005-12-07T17:37:42.000Z,,4,,,,4,7302,0,0,,xslF345X02/primary_doc.xml,PRIMARY DOCUMENT
0001335584-05-000001,2005-12-12,2005-12-08,2005-12-12T19:15:36.000Z,,4,,,,4,5322,0,0,,xslF345X02/primary_doc.xml,PRIMARY DOCUMENT
0001335584-05-000002,2005-12-12,2005-12-08,2005-12-12T19:30:13.000Z,,4,,,,4,5550,0,0,,xslF345X02/primary_doc.xml,PRIMARY DOCUMENT
0001335584-05-000003,2005-12-12,2005-12-08,2005-12-12T19:44:47.000Z,,4,,,,4,6138,0,0,,xslF345X02/primary_doc.xml,PRIMARY DOCUMENT
0001335584-05-000004,2005-12-12,2005-12-08,2005-12-12T20:10:19.000Z,,4,,,,4,5324,0,0,,xslF345X02/primary_doc.xml,PRIMARY DOCUMENT
0001335584-05-000005,2005-12-12,2005-12-08,2005-12-12T20:23:14.000Z,,4,,,,4,5383,0,0,,xslF345X02/primary_doc.xml,PRIMARY DOCUMENT
0001335584-05-000006,2005-12-12,2005-12-08,2005-12-12T20:34:41.000Z,,4,,,,4,5398,0,0,,xslF345X02/primary_doc.xml,PRIMARY DOCUMENT
0001157523-05-010808,2005-12-14,2005-12-08,2005-12-14T21:11:44.000Z,34,8-K,001-16383,051263990,"1.01,9.01",8-K,7374,0,0,,a5040357.txt,"CHENIERE ENERGY, INC. 8-K"
0001335584-05-000007,2005-12-14,2005-12-14,2005-12-14T22:01:33.000Z,,4,,,,4,5242,0,0,,xslF345X02/primary_doc.xml,PRIMARY DOCUMENT
0001157523-05-010891,2005-12-16,2005-12-16,2005-12-16T21:41:32.000Z,34,8-K,001-16383,051270200,"8.01,9.01",8-K,12864,0,0,,a5042189.txt,"CHENIERE ENERGY, INC. 8-K"
0001335584-05-000008,2005-12-20,2005-12-19,2005-12-20T23:08:25.000Z,,4,,,,4,7471,0,0,,xslF345X02/primary_doc.xml,PRIMARY DOCUMENT
0001335584-05-000009,2005-12-21,2005-12-19,2005-12-21T22:21:14.000Z,,4,,,,4,8774,0,0,,xslF345X02/primary_doc.xml,PRIMARY DOCUMENT
0001335584-06-000001,2006-01-05,2006-01-03,2006-01-05T14:56:31.000Z,,4,,,,4,5473,0,0,,xslF345X02/primary_doc.xml,PRIMARY DOCUMENT
0001335584-06-000002,2006-01-05,2006-01-03,2006-01-05T15:09:48.000Z,,4,,,,4,5607,0,0,,xslF345X02/primary_doc.xml,PRIMARY DOCUMENT
0001335584-06-000003,2006-01-05,2006-01-03,2006-01-05T15:21:05.000Z,,4,,,,4,6920,0,0,,xslF345X02/primary_doc.xml,PRIMARY DOCUMENT
0001335584-06-000004,2006-01-05,2006-01-03,2006-01-05T15:30:21.000Z,,4,,,,4,5376,0,0,,xslF345X02/primary_doc.xml,PRIMARY DOCUMENT
0001335584-06-000005,2006-01-05,2006-01-03,2006-01-05T15:46:22.000Z,,4,,,,4,16503,0,0,,xslF345X02/primary_doc.xml,PRIMARY DOCUMENT
0001335584-06-000006,2006-01-05,2006-01-03,2006-01-05T20:33:34.000Z,,4,,,,4,26095,0,0,,xslF345X02/primary_doc.xml,PRIMARY DOCUMENT
0001335584-06-000007,2006-01-05,2006-01-03,2006-01-05T20:55:26.000Z,,4,,,,4,14637,0,0,,xslF345X02/primary_doc.xml,PRIMARY DOCUMENT
0001157523-06-000075,2006-01-05,2006-01-03,2006-01-05T21:13:29.000Z,34,8-K,001-16383,06513033,"1.01,9.01",8-K,9758,0,0,,a5050557.txt,"CHENIERE ENERGY, INC. 8-K"
0001335584-06-000008,2006-01-06,2006-01-05,2006-01-06T16:28:09.000Z,,4,,,,4,8870,0,0,,xslF345X02/primary_doc.xml,PRIMARY DOCUMENT
0001335584-06-000009,2006-01-06,2006-01-03,2006-01-06T22:16:46.000Z,,4/A,,,,4/A,7058,0,0,,xslF345X02/primary_doc.xml,PRIMARY DOCUMENT
0001335584-06-000010,2006-01-06,2006-01-04,2006-01-06T22:53:26.000Z,,4/A,,,,4/A,5533,0,0,,xslF345X02/primary_doc.xml,PRIMARY DOCUMENT
0001013594-06-000036,2006-01-20,,2006-01-20T22:20:15.000Z,34,SC 13G/A,005-46413,06541568,,SC 13G/A,10898,0,0,,cheniere13ga-012006.txt,"JANUARY 20, 2006"
0000000000-06-005506,2006-02-01,,2006-02-01T16:55:03.000Z,,UPLOAD,,,,LETTER,8757,0,0,,filename1.txt,
0000899140-06-000172,2006-02-01,,2006-02-01T20:28:12.000Z,34,SC 13G,005-46413,06569533,,SC 13G,23568,0,0,,d3127940b.txt,INITIAL FILING ON SCHEDULE 13G
0001335584-06-000011,2006-02-07,2005-12-31,2006-02-07T18:46:48.000Z,,5,,,,5,6971,0,0,,xslF345X02/primary_doc.xml,PRIMARY DOCUMENT
0001335584-06-000012,2006-02-07,2005-12-31,2006-02-07T19:03:18.000Z,,5,,,,5,8270,0,0,,xslF345X02/primary_doc.xml,PRIMARY DOCUMENT
0001335584-06-000013,2006-02-07,2006-02-03,2006-02-07T19:17:32.000Z,,4,,,,4,8098,0,0,,xslF345X02/primary_doc.xml,PRIMARY DOCUMENT
0000899140-06-000200,2006-02-07,,2006-02-07T19:53:38.000Z,34,SC 13G/A,005-46413,06585221,,SC 13G/A,19119,0,0,,d313711b.txt,SCHEDULE 13G/AMENDMENT NO.1
0001011438-06-000101,2006-02-13,,2006-02-10T23:59:44.000Z,34,SC 13G,005-46413,06600384,,SC 13G,15634,0,0,,sc13g06-0040.txt,
0000903423-06-000164,2006-02-14,,2006-02-14T20:58:42.000Z,34,SC 13G,005-46413,06614807,,SC 13G,21887,0,0,,chenier13_0214.htm,
0000929638-06-000075,2006-02-14,,2006-02-14T22:04:34.000Z,34,SC 13G/A,005-46413,06616793,,SC 13G/A,79618,0,0,,senecacheniere13ga02142006.htm,
0001013594-06-000151,2006-02-14,,2006-02-14T22:31:04.000Z,34,SC 13G/A,005-46413,06617672,,SC 13G/A,28864,0,0,,cheniere13ga-021406.txt,"FEBRUARY 14, 2006"
0001157523-06-001900,2006-02-23,2006-02-21,2006-02-23T14:37:18.000Z,34,8-K,001-16383,06637795,1.01,8-K,12695,0,0,,a5087109.txt,CHENIERE ENERGY 8-K
0000899140-06-000431,2006-03-08,,2006-03-08T18:54:07.000Z,34,SC 13G/A,005-46413,06672528,,SC 13G/A,19732,0,0,,c3144460b.txt,AMENDMENT NO. 1
0001193125-06-051265,2006-03-13,2005-12-31,2006-03-10T22:44:16.000Z,34,10-K,001-16383,06680426,,10-K,4364404,0,0,,d10k.htm,"FORM 10-K FOR THE PERIOD ENDED DECEMBER 31, 2005"
0001157523-06-002578,2006-03-13,2006-03-13,2006-03-13T12:00:22.000Z,34,8-K,001-16383,06680836,"2.02,9.01",8-K,14812,0,0,,a5100005.txt,"CHENIERE ENERGY, INC., 8-K"
0001335584-06-000014,2006-03-14,2006-03-10,2006-03-14T20:24:01.000Z,,4,,,,4,6027,0,0,,xslF345X02/primary_doc.xml,PRIMARY DOCUMENT
0001157523-06-002676,2006-03-15,2006-03-10,2006-03-15T14:45:17.000Z,34,8-K,001-16383,06686890,1.01,8-K,5425,0,0,,a5102419.txt,"CHENIERE ENERGY, INC. 8-K"
0001157523-06-003087,2006-03-29,2006-03-29,2006-03-29T21:04:30.000Z,34,8-K,001-16383,06718827,"5.02,9.01",8-K,9099,0,0,,a5112947.txt,"CHENIERE ENERGY, INC. 8K"
0001335584-06-000015,2006-03-31,2006-03-29,2006-03-31T15:14:13.000Z,,3,,,,3,4192,0,0,,xslF345X02/primary_doc.xml,PRIMARY DOCUMENT
0001335584-06-000016,2006-03-31,2006-03-29,2006-03-31T15:20:55.000Z,,4,,,,4,5736,0,0,,xslF345X02/primary_doc.xml,PRIMARY DOCUMENT
0001157523-06-003237,2006-04-03,2006-01-03,2006-04-03T19:47:22.000Z,34,8-K,001-16383,06733362,"1.01,9.01",8-K,14574,0,0,,a5116178.txt,"CHENIERE ENERGY, INC. 8-K"
0001157523-06-003384,2006-04-06,2006-04-04,2006-04-06T20:15:12.000Z,34,8-K,001-16383,06745359,"1.01,8.01,9.01",8-K,17585,0,0,,a5119611.txt,"CHENIERE ENERGY, INC. 8-K"
0001193125-06-075446,2006-04-07,2006-05-23,2006-04-07T13:51:06.000Z,34,DEF 14A,001-16383,06746661,,DEF 14A,525144,0,0,,ddef14a.htm,DEFINITIVE PROXY STATEMENT
0001157523-06-003602,2006-04-13,2006-04-13,2006-04-13T20:44:09.000Z,34,8-K,001-16383,06758919,"1.01,9.01",8-K,9670,0,0,,a5124375.txt,"CHENIERE ENERGY, INC. 8-K"
0001335584-06-000019,2006-04-13,2006-04-12,2006-04-13T22:13:18.000Z,,4,,,,4,24221,0,0,,xslF345X02/primary_doc.xml,PRIMARY DOCUMENT
0001193125-06-082177,2006-04-18,,2006-04-18T16:46:23.000Z,33,424B3,333-127269,06764159,,424B3,51830,0,0,,d424b3.htm,PROSPECTUS SUPPLEMENT
0001335584-06-000020,2006-04-18,2006-04-18,2006-04-18T20:51:29.000Z,,4,,,,4,9617,0,0,,xslF345X02/primary_doc.xml,PRIMARY DOCUMENT
0001193125-06-102061,2006-05-05,2006-03-31,2006-05-05T20:10:17.000Z,34,10-Q,001-16383,06813229,,10-Q,6780685,0,0,,d10q.htm,FORM 10-Q
0001157523-06-004762,2006-05-08,2006-05-05,2006-05-05T23:08:12.000Z,34,8-K,001-16383,06814477,"2.02,8.01,9.01",8-K,25172,0,0,,a5142396.txt,"CHENIERE ENERGY, INC. 8-K"
0001013594-06-000342,2006-05-25,,2006-05-25T20:49:59.000Z,34,SC 13G,005-46413,06867627,,SC 13G,33380,0,0,,cheniere13g-052506.txt,"MAY 25, 0026"
0001157523-06-006029,2006-06-09,2006-06-05,2006-06-09T14:45:05.000Z,34,8-K,001-16383,06895762,"1.01,9.01",8-K,8050,0,0,,a5166842.txt,"CHENIERE ENERGY, INC. 8-K"
0001157523-06-006031,2006-06-09,,2006-06-09T14:51:40.000Z,33,S-8,333-134886,06895795,,S-8,29169,0,0,,a5166487.txt,CHENIERE ENERGY INC. S-8
0001335584-06-000021,2006-06-15,2006-06-14,2006-06-15T15:26:56.000Z,,4,,,,4,18277,0,0,,xslF345X02/primary_doc.xml,PRIMARY DOCUMENT
0001157523-06-006135,2006-06-15,2006-06-15,2006-06-15T18:57:14.000Z,34,8-K,001-16383,06907144,"8.01,9.01",8-K,10531,0,0,,a5171081.txt,"CHENIERE ENERGY, INC. 8-K"
0001157523-06-006508,2006-06-29,2006-06-29,2006-06-29T20:40:30.000Z,34,8-K,001-16383,06934309,7.01,8-K,9711,0,0,,a5180216.txt,CHENIERE ENERGY INC. 8K
0001193125-06-147044,2006-07-14,,2006-07-14T21:06:24.000Z,33,424B3,333-127269,06963175,,424B3,44696,0,0,,d424b3.htm,PROSPECTUS SUPPLEMENT
0001193125-06-151180,2006-07-24,2006-07-20,2006-07-22T00:01:35.000Z,34,8-K,001-16383,06975278,"1.01,2.03,8.01,9.01",8-K,144505,0,0,,d8k.htm,FORM 8-K
0001157523-06-007620,2006-07-31,2006-07-25,2006-07-31T19:00:57.000Z,34,8-K,001-16383,06990757,"1.01,9.01",8-K,8358,0,0,,a5199133.txt,"CHENIERE ENERGY, INC. 8-K"
0001193125-06-162490,2006-08-04,2006-06-30,2006-08-04T20:54:59.000Z,34,10-Q,001-16383,061006481,,10-Q,9376762,0,0,,d10q.htm,FORM 10-Q
0001157523-06-007998,2006-08-07,2006-08-04,2006-08-04T22:16:37.000Z,34,8-K,001-16383,061006975,"2.02,9.01",8-K,15877,0,0,,a5203758.txt,"CHENIERE ENERGY, INC. 8-K"
0001193125-06-163965,2006-08-07,2006-08-04,2006-08-07T21:24:20.000Z,34,8-K,001-16383,061010090,"1.01,9.01",8-K,636484,0,0,,d8k.htm,FORM 8-K
0001335584-06-000022,2006-08-09,2006-08-08,2006-08-09T21:24:49.000Z,,4,,,,4,8154,0,0,,xslF345X02/primary_doc.xml,PRIMARY DOCUMENT
0001335584-06-000023,2006-08-11,2006-08-10,2006-08-11T19:37:12.000Z,,4,,,,4,25603,0,0,,xslF345X02/primary_doc.xml,PRIMARY DOCUMENT
0001335584-06-000024,2006-08-14,2006-08-04,2006-08-14T18:24:59.000Z,,3,,,,3,6515,0,0,,xslF345X02/primary_doc.xml,PRIMARY DOCUMENT
0001157523-06-008574,2006-08-17,2006-08-17,2006-08-17T20:35:07.000Z,34,8-K,001-16383,061041175,"4.01,9.01",8-K,9209,0,0,,a5210941.txt,"CHENIERE ENERGY, INC. 8-K"
0001335584-06-000025,2006-08-24,2006-08-22,2006-08-24T21:15:34.000Z,,3,,,,3,5828,0,0,,xslF345X02/primary_doc.xml,PRIMARY DOCUMENT
0001335584-06-000026,2006-08-28,2006-08-21,2006-08-28T21:38:56.000Z,,3,,,,3,4257,0,0,,xslF345X02/primary_doc.xml,PRIMARY DOCUMENT
0001335584-06-000027,2006-09-06,2006-09-01,2006-09-06T14:44:12.000Z,,4,,,,4,5464,0,0,,xslF345X02/primary_doc.xml,PRIMARY DOCUMENT
0001157523-06-009481,2006-09-28,2006-09-26,2006-09-28T14:00:47.000Z,34,8-K,001-16383,061112593,"7.01,9.01",8-K,3077385,0,0,,a5236507.htm,"CHENIERE ENERGY, INC. 8-K"
0000899140-06-001373,2006-10-10,,2006-10-10T19:56:57.000Z,34,SC 13G/A,005-46413,061137854,,SC 13G/A,16155,0,0,,d3432608b.txt,SECOND AMENDMENT
0000899140-06-001412,2006-10-17,,2006-10-17T19:11:11.000Z,34,SC 13G,005-46413,061148548,,SC 13G,23618,0,0,,g101706b.txt,INITIAL FILING
0001193125-06-212315,2006-10-23,2006-10-23,2006-10-23T11:00:22.000Z,34,8-K,001-16383,061156629,"8.01,9.01",8-K,1074669,0,0,,d8k.htm,FORM 8-K
0001193125-06-212385,2006-10-23,2006-10-23,2006-10-23T12:33:48.000Z,34,8-K,001-16383,061156678,"7.01,9.01",8-K,20893,0,0,,d8k.htm,FORM 8-K
0000950144-06-009846,2006-10-27,,2006-10-26T23:36:54.000Z,34,SC 13D,005-46413,061166985,,SC 13D,85589,0,0,,g03887sc13d.htm,"CHENIERE ENERGY, INC."
0001193125-06-218158,2006-10-30,2006-10-30,2006-10-30T22:04:37.000Z,34,8-K,001-16383,061172809,"8.01,9.01",8-K,228386,0,0,,d8k.htm,FORM 8-K
0001193125-06-221267,2006-11-02,2006-11-01,2006-11-02T11:16:54.000Z,34,8-K,001-16383,061180658,"7.01,9.01",8-K,21405,0,0,,d8k.htm,FORM 8-K
0001193125-06-222883,2006-11-03,2006-11-01,2006-11-03T13:00:25.000Z,34,8-K,001-16383,061184711,"1.01,9.01",8-K,213866,0,0,,d8k.htm,FORM 8-K
0001193125-06-225100,2006-11-06,2006-01-03,2006-11-06T20:54:51.000Z,34,8-K/A,001-16383,061190329,"1.01,9.01",8-K/A,43930,0,0,,d8ka.htm,FORM 8-K AMENDMENT NO.1
0001193125-06-225330,2006-11-06,2006-09-30,2006-11-06T22:29:23.000Z,34,10-Q,001-16383,061191407,,10-Q,1119292,0,0,,d10q.htm,"FORM 10-Q FOR PERIOD ENDED SEPTEMBER 30, 2006"
0001157523-06-010934,2006-11-07,2006-11-06,2006-11-06T23:43:53.000Z,34,8-K,001-16383,061191689,"2.02,9.01",8-K,16334,0,0,,a5268070.txt,"CHENIERE ENERGY, INC. 8-K"
0001157523-06-011138,2006-11-09,2006-11-09,2006-11-09T21:12:54.000Z,34,8-K,001-16383,061202356,"8.01,9.01",8-K,9281,0,0,,a5271144.txt,CHENIERE ENERGY 8-K
0001193125-06-237217,2006-11-16,2006-11-09,2006-11-16T21:09:25.000Z,34,8-K,001-16383,061223252,"1.01,1.02,2.03,9.01",8-K,2816637,0,0,,d8k.htm,FORM 8-K
0001335584-06-000028,2006-11-21,2006-11-17,2006-11-21T17:34:29.000Z,,4,,,,4,40252,0,0,,xslF345X02/primary_doc.xml,PRIMARY DOCUMENT
0001335584-06-000029,2006-11-21,2006-11-16,2006-11-21T17:48:50.000Z,,4,,,,4,5981,0,0,,xslF345X02/primary_doc.xml,PRIMARY DOCUMENT
0001157523-06-011644,2006-11-22,2006-11-16,2006-11-22T16:32:53.000Z,34,8-K,001-16383,061235076,"1.01,8.01",8-K,8614,0,0,,a5280496.txt,"CHENIERE ENERGY, INC. 8-K"
0001335584-06-000030,2006-12-14,2006-12-08,2006-12-14T23:03:05.000Z,,4,,,,4,5245,0,0,,xslF345X02/primary_doc.xml,PRIMARY DOCUMENT
0001181431-06-070759,2006-12-19,2006-12-15,2006-12-19T21:30:21.000Z,,3,,,,3,7891,0,0,,xslF345X02/rrd139972.xml,FORM 3
0001181431-06-070762,2006-12-19,2006-12-15,2006-12-19T21:36:11.000Z,,4,,,,4,7397,0,0,,xslF345X02/rrd139977.xml,FORM 4
0001181431-06-070763,2006-12-19,2006-12-15,2006-12-19T21:36:27.000Z,,4,,,,4,8960,0,0,,xslF345X02/rrd139980.xml,FORM 4
0001181431-06-070764,2006-12-19,2006-12-15,2006-12-19T21:36:40.000Z,,4,,,,4,9002,0,0,,xslF345X02/rrd139979.xml,FORM 4
0001181431-06-070765,2006-12-19,2006-12-15,2006-12-19T21:36:59.000Z,,4,,,,4,5210,0,0,,xslF345X02/rrd139978.xml,FORM 4
0001181431-06-070766,2006-12-19,2006-12-15,2006-12-19T21:37:23.000Z,,4,,,,4,8978,0,0,,xslF345X02/rrd139976.xml,FORM 4
0001181431-06-070767,2006-12-19,2006-12-15,2006-12-19T21:37:37.000Z,,4,,,,4,8923,0,0,,xslF345X02/rrd139975.xml,FORM 4
0001181431-06-070768,2006-12-19,2006-12-15,2006-12-19T21:37:52.000Z,,4,,,,4,9735,0,0,,xslF345X02/rrd139973.xml,FORM 4
0001335584-06-000031,2006-12-20,2006-12-08,2006-12-20T19:35:26.000Z,,4,,,,4,5135,0,0,,xslF345X02/primary_doc.xml,PRIMARY DOCUMENT
0001193125-06-257242,2006-12-20,2006-12-15,2006-12-20T21:33:02.000Z,34,8-K,001-16383,061290286,"5.02,9.01",8-K,24640,0,0,,d8k.htm,FORM 8-K
0001193125-06-258228,2006-12-21,2006-12-21,2006-12-21T22:16:43.000Z,34,8-K,001-16383,061294172,"8.01,9.01",8-K,22963,0,0,,d8k.htm,FORM 8-K
0001335584-07-000001,2007-01-05,2007-01-03,2007-01-05T20:12:15.000Z,,4,,,,4,5160,0,0,,xslF345X02/primary_doc.xml,PRIMARY DOCUMENT
0001335584-07-000002,2007-01-05,2007-01-03,2007-01-05T21:28:47.000Z,,4,,,,4,5062,0,0,,xslF345X02/primary_doc.xml,PRIMARY DOCUMENT
0001193125-07-005312,2007-01-11,2007-01-05,2007-01-11T21:16:24.000Z,34,8-K,001-16383,07526060,"5.02,9.01",8-K,116388,0,0,,d8k.htm,FORM 8-K
0001193125-07-005315,2007-01-11,2007-01-05,2007-01-11T21:16:58.000Z,34,8-K,001-16383,07526067,"1.01,9.01",8-K,3752796,0,0,,d8k.htm,FORM 8-K
0001335584-07-000003,2007-01-11,2007-01-09,2007-01-11T21:29:30.000Z,,4,,,,4,8863,0,0,,xslF345X02/primary_doc.xml,PRIMARY DOCUMENT
0001335584-07-000004,2007-01-12,2007-01-12,2007-01-12T23:21:04.000Z,,4,,,,4,5555,0,0,,xslF345X02/primary_doc.xml,PRIMARY DOCUMENT
0001181431-07-003703,2007-01-12,2007-01-12,2007-01-12T23:42:13.000Z,,4,,,,4,12988,0,0,,xslF345X02/rrd142689.xml,FORM 4
0001181431-07-003709,2007-01-12,2007-01-12,2007-01-12T23:51:35.000Z,,4,,,,4,11268,0,0,,xslF345X02/rrd142682.xml,FORM 4
0001181431-07-003716,2007-01-12,2007-01-12,2007-01-13T00:16:56.000Z,,4,,,,4,13223,0,0,,xslF345X02/rrd142692.xml,FORM 4
0001181431-07-003719,2007-01-12,2007-01-12,2007-01-13T00:23:23.000Z,,4,,,,4,9097,0,0,,xslF345X02/rrd142688.xml,FORM 4
0001181431-07-003723,2007-01-12,2007-01-12,2007-01-13T00:32:12.000Z,,4,,,,4,8982,0,0,,xslF345X02/rrd142687.xml,FORM 4
0001181431-07-003724,2007-01-12,2007-01-12,2007-01-13T00:33:07.000Z,,4,,,,4,9331,0,0,,xslF345X02/rrd142694.xml,FORM 4
0001181431-07-003726,2007-01-12,2007-01-12,2007-01-13T00:38:41.000Z,,4,,,,4,9058,0,0,,xslF345X02/rrd142697.xml,FORM 4
0001181431-07-003728,2007-01-12,2007-01-12,2007-01-13T00:43:35.000Z,,4,,,,4,9053,0,0,,xslF345X02/rrd142690.xml,FORM 4
0001181431-07-003731,2007-01-12,2007-01-11,2007-01-13T00:50:38.000Z,,4,,,,4,10412,0,0,,xslF345X02/rrd142695.xml,FORM 4
0001181431-07-003734,2007-01-12,2007-01-12,2007-01-13T00:55:47.000Z,,4,,,,4,12295,0,0,,xslF345X02/rrd142833.xml,FORM 4
0000910484-07-000004,2007-01-16,2007-01-12,2007-01-16T20:49:50.000Z,,4/A,,,,4/A,5716,0,0,,xslF345X02/primary_doc.xml,PRIMARY DOCUMENT
0001157523-07-000414,2007-01-19,2007-01-18,2007-01-19T19:37:28.000Z,34,8-K,001-16383,07540414,"7.01,9.01",8-K,1536361,0,0,,a5314460.htm,"CHENIERE ENERGY, INC. 8-K"
0001193125-07-010734,2007-01-23,2007-01-17,2007-01-23T18:41:56.000Z,34,8-K,001-16383,07545527,"1.01,9.01",8-K,524463,0,0,,d8k.htm,FORM 8-K
0001193125-07-017150,2007-01-31,2007-01-29,2007-01-31T18:42:54.000Z,34,8-K,001-16383,07567418,"1.01,9.01",8-K,170600,0,0,,d8k.htm,FORM 8-K
0000891836-07-000041,2007-02-07,,2007-02-07T22:07:02.000Z,34,SC 13D/A,005-46413,07588956,,SC 13D/A,52879,0,0,,sc0019.htm,AMENDMENT NO. 1
0001335584-07-000005,2007-02-08,2007-02-01,2007-02-08T21:09:55.000Z,,4,,,,4,5981,0,0,,xslF345X02/primary_doc.xml,PRIMARY DOCUMENT
0000921530-07-000061,2007-02-12,,2007-02-12T21:56:33.000Z,34,SC 13G/A,005-46413,07603824,,SC 13G/A,18065,0,0,,cheniere_13ga-123106.txt,
0000824468-07-000010,2007-02-13,,2007-02-13T16:19:28.000Z,34,SC 13G/A,005-46413,07606869,,SC 13G/A,22011,0,0,,sec_filing.htm,SEC FILING
0001013594-07-000128,2007-02-14,,2007-02-14T22:32:23.000Z,34,SC 13G/A,005-46413,07623183,,SC 13G/A,161492,0,0,,cheniere13ga-021407.htm,"FEBRUARY 14, 2007"
0001335584-07-000006,2007-02-26,2007-01-12,2007-02-26T21:11:56.000Z,,4/A,,,,4/A,5880,0,0,,xslF345X02/primary_doc.xml,PRIMARY DOCUMENT
0001193125-07-041208,2007-02-27,2006-12-31,2007-02-27T22:26:43.000Z,34,10-K,001-16383,07654389,,10-K,2216815,0,0,,d10k.htm,"FORM 10-K FOR YEAR ENDED DECEMBER 31, 2006"
0001157523-07-002143,2007-02-28,2007-02-27,2007-02-28T16:12:37.000Z,34,8-K,001-16383,07655810,"2.02,9.01",8-K,18068,0,0,,a5344334.txt,CHENIERE ENERGY 8-K
0001085146-07-000449,2007-03-01,,2007-03-01T21:19:39.000Z,34,SC 13G,005-46413,07663629,,SC 13G,20635,0,0,,cheniereenergyorbis27feb07.htm,ORBIS INVESTMENT MANAGEMENT LIMITED
0001193125-07-045534,2007-03-02,2007-03-01,2007-03-02T22:15:29.000Z,34,8-K,001-16383,07668769,"4.01,9.01",8-K,21961,0,0,,d8k.htm,FORM 8-K
0001335584-07-000007,2007-03-07,2007-03-05,2007-03-07T21:32:14.000Z,,4,,,,4,5101,0,0,,xslF345X02/primary_doc.xml,PRIMARY DOCUMENT
0001157523-07-002451,2007-03-08,2007-03-07,2007-03-07T22:40:09.000Z,34,8-K,001-16383,07678748,"7.01,9.01",8-K,10164,0,0,,a5350768.txt,"CHENIERE ENERGY, INC. 8-K"
0001193125-07-056946,2007-03-16,2007-03-12,2007-03-16T18:42:01.000Z,34,8-K,001-16383,07699588,"1.01,9.01",8-K,1557117,0,0,,d8k.htm,FORM 8-K
0001181431-07-020377,2007-03-20,2007-03-20,2007-03-21T01:10:06.000Z,34,3,001-33366,07707693,,3,5751,0,0,,xslF345X02/rrd151911.xml,FORM 3
0001193125-07-059920,2007-03-21,2007-03-20,2007-03-21T10:10:04.000Z,34,8-K,001-16383,07707785,"7.01,9.01",8-K,22494,0,0,,d8k.htm,FORM 8-K
0001335584-07-000008,2007-03-23,2007-03-22,2007-03-23T21:43:22.000Z,,4,,,,4,19043,0,0,,xslF345X02/primary_doc.xml,PRIMARY DOCUMENT
0001157523-07-002973,2007-03-26,2007-03-26,2007-03-26T16:06:00.000Z,34,8-K,001-16383,07717071,"7.01,9.01",8-K,9714,0,0,,a5363651.txt,"CHENIERE ENERGY, INC. 8-K"
0001181431-07-021301,2007-03-26,2007-03-26,2007-03-26T20:30:23.000Z,34,4,001-33366,07718422,,4,8151,0,0,,xslF345X02/rrd152531.xml,FORM 4
0001193125-07-073277,2007-04-03,2007-03-28,2007-04-03T19:50:50.000Z,34,8-K,001-16383,07744201,"5.02,9.01",8-K,30117,0,0,,d8k.htm,FORM 8-K
0001193125-07-075487,2007-04-05,2007-03-30,2007-04-05T20:18:16.000Z,34,8-K,001-16383,07752172,"5.02,9.01",8-K,30177,0,0,,d8k.htm,FORM 8-K
0001181431-07-024678,2007-04-10,2007-04-04,2007-04-10T22:18:27.000Z,,3,,,,3,7854,0,0,,xslF345X02/rrd154270.xml,FORM 3
0001193125-07-079028,2007-04-12,2007-05-25,2007-04-11T22:38:54.000Z,34,DEF 14A,001-16383,07762220,,DEF 14A,442808,0,0,,ddef14a.htm,DEFINITIVE PROXY STATEMENT
0001335584-07-000009,2007-04-16,2007-04-12,2007-04-16T20:19:20.000Z,,4,,,,4,23563,0,0,,xslF345X02/primary_doc.xml,PRIMARY DOCUMENT
9999999997-07-019845,2007-04-17,2006-12-31,2007-04-20T14:45:02.000Z,34,ARS,001-16383,07051099,,ARS,2057,0,0,,9999999997-07-019845.paper,AUTO-GENERATED PAPER DOCUMENT
0001193125-07-085184,2007-04-19,2007-04-16,2007-04-19T20:17:54.000Z,34,8-K,001-16383,07776314,"7.01,9.01",8-K,22606,0,0,,d8k.htm,FORM 8-K
0001193125-07-092085,2007-04-27,2007-04-26,2007-04-26T23:17:47.000Z,34,8-K,001-16383,07792845,"1.01,8.01,9.01",8-K,29793,0,0,,d8k.htm,FORM 8-K
0001193125-07-093373,2007-04-27,2007-04-26,2007-04-27T19:01:22.000Z,34,8-K/A,001-16383,07795304,"1.01,8.01,9.01",8-K/A,22267,0,0,,d8ka.htm,AMENDMENT NO. 1 TO FORM 8-K
0001335584-07-000011,2007-05-02,2007-05-01,2007-05-02T21:54:09.000Z,,4,,,,4,7777,0,0,,xslF345X02/primary_doc.xml,PRIMARY DOCUMENT
0001193125-07-106384,2007-05-09,2007-03-31,2007-05-08T22:16:28.000Z,34,10-Q,001-16383,07829599,,10-Q,2321820,0,0,,d10q.htm,FORM 10-Q
0001157523-07-004849,2007-05-09,2007-05-08,2007-05-09T16:36:00.000Z,34,8-K,001-16383,07831325,"2.02,9.01",8-K,16131,0,0,,a5398968.txt,"CHENIERE ENERGY PARTNERS, L.P. 8-K"
0001157523-07-004852,2007-05-09,2007-05-08,2007-05-09T16:43:42.000Z,34,8-K,001-16383,07831342,"2.02,9.01",8-K,14515,0,0,,a5398964.txt,"CHENIERE ENERGY, INC. 8-K"
0001157523-07-005089,2007-05-14,2007-05-11,2007-05-14T14:41:06.000Z,34,8-K,001-16383,07844504,"7.01,9.01",8-K,3614539,0,0,,a5401549.htm,CHENIERE ENERGY
0000910484-07-000015,2007-05-14,2007-05-11,2007-05-14T19:56:30.000Z,,4,,,,4,7239,0,0,,xslF345X02/primary_doc.xml,PRIMARY DOCUMENT
0000891092-07-001944,2007-05-15,2007-05-10,2007-05-16T01:53:27.000Z,,3,,,,3,11865,0,0,,xslF345X02/e27335_ex.xml,FORM 3
0000891092-07-001946,2007-05-15,2007-05-11,2007-05-16T01:55:46.000Z,,4,,,,4,15711,0,0,,xslF345X02/e27336_ex.xml,FORM 4
0000910662-07-000239,2007-05-16,2007-05-10,2007-05-16T21:18:03.000Z,,3/A,,,,3/A,14707,0,0,,xslF345X02/orbisform3a_ex.xml,
0000910662-07-000241,2007-05-16,2007-05-11,2007-05-16T21:19:38.000Z,,4/A,,,,4/A,18568,0,0,,xslF345X02/orbisform4a_ex.xml,
0000910662-07-000246,2007-05-17,2007-05-16,2007-05-17T21:07:12.000Z,,4,,,,4,15419,0,0,,xslF345X02/form4may17_ex.xml,
0001085146-07-000665,2007-05-18,,2007-05-18T19:31:38.000Z,34,SC 13G/A,005-46413,07864627,,SC 13G/A,20651,0,0,,cheniere18may2008.htm,ORBIS INVESTMENT MANAGEMENT LIMITED
0001335584-07-000012,2007-05-21,2007-05-18,2007-05-21T18:29:22.000Z,,4,,,,4,12396,0,0,,xslF345X02/primary_doc.xml,PRIMARY DOCUMENT
0000910662-07-000253,2007-05-21,2007-05-17,2007-05-21T21:17:55.000Z,,4,,,,4,15917,0,0,,xslF345X02/form4filed521_ex.xml,
0001181431-07-034219,2007-05-21,2007-04-19,2007-05-22T00:02:04.000Z,34,4,001-33366,07869454,,4,6195,0,0,,xslF345X02/rrd159848.xml,FORM 4
0000910662-07-000255,2007-05-23,2007-05-21,2007-05-24T00:27:55.000Z,,4,,,,4,20008,0,0,,xslF345X02/may23form4_ex.xml,
0000910662-07-000269,2007-05-29,2007-05-24,2007-05-29T21:25:39.000Z,,4,,,,4,17445,0,0,,xslF345X02/form4filedmay28_ex.xml,
0001335584-07-000013,2007-05-30,2007-05-25,2007-05-30T18:18:42.000Z,,4,,,,4,8764,0,0,,xslF345X02/primary_doc.xml,PRIMARY DOCUMENT
0001335584-07-000014,2007-05-30,2007-05-25,2007-05-30T18:36:51.000Z,,4,,,,4,8830,0,0,,xslF345X02/primary_doc.xml,PRIMARY DOCUMENT
0001335584-07-000015,2007-05-30,2007-05-25,2007-05-30T19:09:51.000Z,,4,,,,4,8841,0,0,,xslF345X02/primary_doc.xml,PRIMARY DOCUMENT
0001335584-07-000016,2007-05-30,2007-05-25,2007-05-30T19:30:12.000Z,,4,,,,4,8922,0,0,,xslF345X02/primary_doc.xml,PRIMARY DOCUMENT
0001335584-07-000017,2007-05-30,2007-05-25,2007-05-30T19:51:38.000Z,,4,,,,4,8904,0,0,,xslF345X02/primary_doc.xml,PRIMARY DOCUMENT
0001335584-07-000018,2007-05-30,2007-05-25,2007-05-30T20:18:21.000Z,,4,,,,4,8909,0,0,,xslF345X02/primary_doc.xml,PRIMARY DOCUMENT
0001335584-07-000019,2007-05-30,2007-05-25,2007-05-30T20:34:16.000Z,,4,,,,4,8854,0,0,,xslF345X02/primary_doc.xml,PRIMARY DOCUMENT
0001335584-07-000020,2007-05-30,2007-05-25,2007-05-30T20:49:27.000Z,,4,,,,4,8863,0,0,,xslF345X02/primary_doc.xml,PRIMARY DOCUMENT
0001335584-07-000021,2007-05-30,2007-05-25,2007-05-30T21:17:48.000Z,,4,,,,4,8831,0,0,,xslF345X02/primary_doc.xml,PRIMARY DOCUMENT
0001335584-07-000022,2007-05-30,2007-05-25,2007-05-30T21:32:22.000Z,,4,,,,4,8996,0,0,,xslF345X02/primary_doc.xml,PRIMARY DOCUMENT
0001335584-07-000023,2007-05-30,2007-05-25,2007-05-30T21:52:14.000Z,,4,,,,4,8894,0,0,,xslF345X02/primary_doc.xml,PRIMARY DOCUMENT
0001335584-07-000026,2007-05-31,2007-05-29,2007-05-31T17:00:23.000Z,,4,,,,4,6092,0,0,,xslF345X02/primary_doc.xml,PRIMARY DOCUMENT
0001181431-07-036503,2007-05-31,2007-05-29,2007-05-31T18:05:49.000Z,,4,,,,4,8787,0,0,,xslF345X02/rrd161069.xml,FORM 4
0001335584-07-000027,2007-05-31,2007-05-29,2007-05-31T18:11:35.000Z,,4,,,,4,5304,0,0,,xslF345X02/primary_doc.xml,PRIMARY DOCUMENT
0001335584-07-000028,2007-05-31,2007-05-29,2007-05-31T18:30:37.000Z,,4,,,,4,5347,0,0,,xslF345X02/primary_doc.xml,PRIMARY DOCUMENT
0000910662-07-000275,2007-05-31,2007-05-30,2007-05-31T20:39:59.000Z,,4,,,,4,15424,0,0,,xslF345X02/orbisform4may31_ex.xml,
0001335584-07-000029,2007-05-31,2007-05-29,2007-05-31T21:01:42.000Z,,4,,,,4,5388,0,0,,xslF345X02/primary_doc.xml,PRIMARY DOCUMENT
0001335584-07-000030,2007-05-31,2007-05-29,2007-05-31T21:10:25.000Z,,4,,,,4,5359,0,0,,xslF345X02/primary_doc.xml,PRIMARY DOCUMENT
0001335584-07-000031,2007-05-31,2007-05-29,2007-05-31T21:21:57.000Z,,4,,,,4,5399,0,0,,xslF345X02/primary_doc.xml,PRIMARY DOCUMENT
0001193125-07-127164,2007-06-01,2007-05-31,2007-05-31T21:31:46.000Z,34,8-K,001-16383,07891863,"1.01,2.03,8.01,9.01",8-K,141447,0,0,,d8k.htm,FORM 8-K
0001193125-07-127753,2007-06-01,2007-05-31,2007-06-01T16:44:31.000Z,34,8-K,001-16383,07893259,"1.01,2.03,9.01",8-K,530497,0,0,,d8k.htm,FORM 8-K
0001193125-07-128045,2007-06-01,2007-05-25,2007-06-01T20:49:10.000Z,34,8-K,001-16383,07894724,"1.01,5.02,9.01",8-K,115501,0,0,,d8k.htm,FORM 8-K
0000910662-07-000281,2007-06-04,2007-05-31,2007-06-04T22:51:15.000Z,,4,,,,4,16006,0,0,,xslF345X02/form4june4_ex.xml,
0001193125-07-142716,2007-06-26,2007-06-25,2007-06-26T16:59:59.000Z,34,8-K,001-16383,07940598,"1.01,9.01",8-K,26801,0,0,,d8k.htm,FORM 8-K
0001157523-07-007350,2007-07-26,2007-07-26,2007-07-26T20:42:05.000Z,34,8-K,001-16383,071003503,"2.01,8.01,9.01",8-K,13730,0,0,,a5457594.txt,"CHENIERE ENERGY, INC. 8-K"
0001085146-07-000724,2007-07-27,,2007-07-27T20:15:53.000Z,34,SC 13G/A,005-46413,071006909,,SC 13G/A,20660,0,0,,orbischeniere27072007.htm,ORBIS INVESTMENT MANAGEMENT LIMITED
0000893750-07-000310,2007-08-06,,2007-08-06T20:45:30.000Z,34,SC 13G,005-46413,071028370,,SC 13G,19613,0,0,,schedule13g.txt,SCHEDULE 13G
0001193125-07-175736,2007-08-08,2007-06-30,2007-08-08T21:02:25.000Z,34,10-Q,001-16383,071036387,,10-Q,1031056,0,0,,d10q.htm,FORM 10-Q
0001157523-07-008099,2007-08-09,2007-08-08,2007-08-08T22:59:36.000Z,34,8-K,001-16383,071037318,"2.02,9.01",8-K,14965,0,0,,a5467970.txt,"CHENIERE ENERGY, INC. 8-K"
0001335584-07-000035,2007-08-15,2007-08-13,2007-08-15T21:44:28.000Z,,4,,,,4,10910,0,0,,xslF345X02/primary_doc.xml,PRIMARY DOCUMENT
0001193125-07-184051,2007-08-16,2007-08-15,2007-08-15T22:31:03.000Z,34,8-K,001-16383,071060855,"7.01,9.01",8-K,1897319,0,0,,d8k.htm,FORM 8-K
0001335584-07-000036,2007-08-16,2007-08-14,2007-08-16T18:42:31.000Z,,4,,,,4,47755,0,0,,xslF345X02/primary_doc.xml,PRIMARY DOCUMENT
0001335584-07-000037,2007-08-16,2007-08-14,2007-08-16T19:15:55.000Z,,4,,,,4,47749,0,0,,xslF345X02/primary_doc.xml,PRIMARY DOCUMENT
0001335584-07-000038,2007-08-16,2007-08-15,2007-08-16T19:36:17.000Z,,4,,,,4,24253,0,0,,xslF345X02/primary_doc.xml,PRIMARY DOCUMENT
0001335584-07-000040,2007-08-16,2007-08-15,2007-08-16T21:01:08.000Z,,4,,,,4,6680,0,0,,xslF345X02/primary_doc.xml,PRIMARY DOCUMENT
0000000000-07-041323,2007-08-23,,2007-08-23T15:00:10.000Z,,UPLOAD,,,,LETTER,83856,0,0,,filename1.pdf,
0001193125-07-193982,2007-08-31,,2007-08-31T18:38:50.000Z,,CORRESP,,,,CORRESP,90920,0,0,,filename1.htm,
0001193125-07-199572,2007-09-12,2007-09-06,2007-09-12T16:00:49.000Z,34,8-K,001-16383,071112562,"5.03,9.01",8-K,24953,0,0,,d8k.htm,FORM 8-K
0001335584-07-000043,2007-09-13,2007-09-11,2007-09-13T20:23:44.000Z,,4,,,,4,5134,0,0,,xslF345X02/primary_doc.xml,PRIMARY DOCUMENT
0001157523-07-009232,2007-09-17,2007-09-17,2007-09-17T21:07:20.000Z,34,8-K,001-16383,071120701,"8.01,9.01",8-K,8383,0,0,,a5494776.txt,"CHENIERE ENERGY, INC. 8-K"
0001193125-07-204437,2007-09-20,2007-09-14,2007-09-20T18:32:02.000Z,34,8-K,001-16383,071126805,"1.01,2.03,9.01",8-K,799403,0,0,,d8k.htm,FORM 8-K
0001193125-07-204568,2007-09-20,,2007-09-20T20:39:13.000Z,,CORRESP,,,,CORRESP,17602,0,0,,filename1.htm,
0001335584-07-000044,2007-09-24,2007-08-30,2007-09-24T20:30:01.000Z,,4,,,,4,6896,0,0,,xslF345X02/primary_doc.xml,PRIMARY DOCUMENT
0001335584-07-000045,2007-09-28,2007-09-26,2007-09-28T19:06:44.000Z,,4,,,,4,7288,0,0,,xslF345X02/primary_doc.xml,PRIMARY DOCUMENT
0000000000-07-047796,2007-10-01,,2007-10-01T19:00:40.000Z,,UPLOAD,,,,LETTER,62647,0,0,,filename1.pdf,
0001193125-07-211133,2007-10-01,,2007-10-01T21:49:32.000Z,,CORRESP,,,,CORRESP,32288,0,0,,filename1.htm,
0001335584-07-000046,2007-10-12,2007-10-11,2007-10-12T19:44:28.000Z,,4,,,,4,47691,0,0,,xslF345X02/primary_doc.xml,PRIMARY DOCUMENT
0001335584-07-000047,2007-10-12,2007-10-11,2007-10-12T19:49:45.000Z,,4,,,,4,5147,0,0,,xslF345X02/primary_doc.xml,PRIMARY DOCUMENT
0001193125-07-221106,2007-10-18,,2007-10-18T17:28:14.000Z,,CORRESP,,,,CORRESP,55587,0,0,,filename1.htm,
0000950134-07-021855,2007-10-24,,2007-10-24T19:16:56.000Z,34,SC 13G,005-46413,071188027,,SC 13G,77057,0,0,,d50701sc13g.htm,SCHEDULE 13G
0000000000-07-053630,2007-11-01,,2007-11-01T20:22:38.000Z,,UPLOAD,,,,LETTER,40306,0,0,,filename1.pdf,
0001157523-07-010814,2007-11-06,2007-11-01,2007-11-06T19:17:31.000Z,34,8-K,001-16383,071217335,"5.02,9.01",8-K,10737,0,0,,a5538037.txt,"CHENIERE ENERGY, INC. 8-K"
0001193125-07-236894,2007-11-06,2007-09-30,2007-11-06T22:14:48.000Z,34,10-Q,001-16383,071218866,,10-Q,920743,0,0,,d10q.htm,"FORM 10-Q FOR THE QUARTERLY PERIOD ENDED SEPTEMBER 30, 2007"
0001157523-07-010921,2007-11-07,2007-11-06,2007-11-07T21:09:20.000Z,34,8-K,001-16383,071221616,"2.02,9.01",8-K,16415,0,0,,a5540727.txt,"CHENIERE ENERGY, INC. 8-K"
0000000000-07-054788,2007-11-08,,2007-11-08T12:54:06.000Z,,UPLOAD,,,,LETTER,48268,0,0,,filename1.pdf,
0001335584-07-000048,2007-11-09,2007-11-01,2007-11-09T21:54:32.000Z,,3,,,,3,8395,0,0,,xslF345X02/primary_doc.xml,PRIMARY DOCUMENT
0001157523-07-011266,2007-11-14,2007-11-13,2007-11-14T17:24:44.000Z,34,8-K,001-16383,071242268,"7.01,9.01",8-K,2827005,0,0,,a5546021.htm,"CHENIERE ENERGY, INC. 8-K"
0001157523-07-011345,2007-11-15,2007-11-14,2007-11-15T11:07:55.000Z,34,8-K,001-16383,071247612,"7.01,9.01",8-K,3327165,0,0,,a5547185.htm,CHENIERE ENERGY INC. 8-K
0001335584-07-000049,2007-11-16,2007-11-16,2007-11-16T22:16:41.000Z,,4,,,,4,5148,0,0,,xslF345X02/primary_doc.xml,PRIMARY DOCUMENT
0001335584-07-000050,2007-12-11,2007-12-08,2007-12-11T21:43:34.000Z,,4,,,,4,5263,0,0,,xslF345X02/primary_doc.xml,PRIMARY DOCUMENT
0001335584-07-000051,2007-12-11,2007-12-10,2007-12-11T22:33:24.000Z,,4,,,,4,5146,0,0,,xslF345X02/primary_doc.xml,PRIMARY DOCUMENT
0001335584-07-000052,2007-12-11,2007-12-08,2007-12-11T23:04:41.000Z,,4,,,,4,5163,0,0,,xslF345X02/primary_doc.xml,PRIMARY DOCUMENT
0001335584-07-000053,2007-12-14,2007-11-28,2007-12-14T20:41:31.000Z,,4,,,,4,7600,0,0,,xslF345X02/primary_doc.xml,PRIMARY DOCUMENT
0001181431-07-076440,2007-12-19,2007-12-17,2007-12-19T16:15:35.000Z,,4,,,,4,6291,0,0,,xslF345X02/rrd183107.xml,FORM 4
0001335584-08-000001,2008-01-02,2007-12-28,2008-01-02T20:38:49.000Z,,4,,,,4,11094,0,0,,xslF345X02/primary_doc.xml,PRIMARY DOCUMENT
0001335584-08-000002,2008-01-07,2008-01-04,2008-01-07T15:30:08.000Z,,4,,,,4,7514,0,0,,xslF345X02/primary_doc.xml,PRIMARY DOCUMENT
0001335584-08-000003,2008-01-07,2008-01-03,2008-01-07T18:58:27.000Z,,4,,,,4,5054,0,0,,xslF345X02/primary_doc.xml,PRIMARY DOCUMENT
0001335584-08-000004,2008-01-07,2008-01-03,2008-01-07T20:51:06.000Z,,4,,,,4,5147,0,0,,xslF345X02/primary_doc.xml,PRIMARY DOCUMENT
0001335584-08-000005,2008-01-11,2008-01-10,2008-01-11T21:49:02.000Z,,4,,,,4,11989,0,0,,xslF345X02/primary_doc.xml,PRIMARY DOCUMENT
0001335584-08-000006,2008-01-15,2008-01-12,2008-01-15T16:34:22.000Z,,4,,,,4,5082,0,0,,xslF345X02/primary_doc.xml,PRIMARY DOCUMENT
0001335584-08-000007,2008-01-15,2008-01-12,2008-01-15T16:41:37.000Z,,4,,,,4,5177,0,0,,xslF345X02/primary_doc.xml,PRIMARY DOCUMENT
0001335584-08-000008,2008-01-15,2008-01-12,2008-01-15T16:48:11.000Z,,4,,,,4,5145,0,0,,xslF345X02/primary_doc.xml,PRIMARY DOCUMENT
0001335584-08-000009,2008-01-15,2008-01-12,2008-01-15T16:59:34.000Z,,4,,,,4,5262,0,0,,xslF345X02/primary_doc.xml,PRIMARY DOCUMENT
0001181431-08-003407,2008-01-15,2008-01-12,2008-01-15T19:17:49.000Z,,4,,,,4,8664,0,0,,xslF345X02/rrd190148.xml,FORM 4
0001335584-08-000012,2008-01-17,2008-01-15,2008-01-17T20:11:19.000Z,,4,,,,4,12470,0,0,,xslF345X02/primary_doc.xml,PRIMARY DOCUMENT
0001157523-08-000387,2008-01-22,2008-01-18,2008-01-18T22:44:13.000Z,34,8-K,001-16383,08539657,"7.01,9.01",8-K,2857078,0,0,,a5589306.htm,"CHENIERE ENERGY, INC. 8-K"
0001335584-08-000018,2008-01-22,2008-01-18,2008-01-22T20:48:06.000Z,,4,,,,4,11545,0,0,,xslF345X02/primary_doc.xml,PRIMARY DOCUMENT
0001335584-08-000019,2008-01-22,2008-01-18,2008-01-22T21:11:36.000Z,,4,,,,4,10048,0,0,,xslF345X02/primary_doc.xml,PRIMARY DOCUMENT
0001335584-08-000020,2008-01-22,2008-01-18,2008-01-22T22:07:06.000Z,,4,,,,4,10628,0,0,,xslF345X02/primary_doc.xml,PRIMARY DOCUMENT
0001335584-08-000021,2008-01-22,2008-01-18,2008-01-22T22:39:54.000Z,,4,,,,4,8918,0,0,,xslF345X02/primary_doc.xml,PRIMARY DOCUMENT
0001335584-08-000022,2008-01-23,2008-01-18,2008-01-23T16:06:56.000Z,,4,,,,4,8856,0,0,,xslF345X02/primary_doc.xml,PRIMARY DOCUMENT
0001335584-08-000023,2008-01-23,2008-01-18,2008-01-23T16:21:11.000Z,,4,,,,4,8991,0,0,,xslF345X02/primary_doc.xml,PRIMARY DOCUMENT
0001335584-08-000024,2008-01-23,2008-01-18,2008-01-23T16:33:07.000Z,,4,,,,4,8950,0,0,,xslF345X02/primary_doc.xml,PRIMARY DOCUMENT
0001335584-08-000025,2008-01-23,2008-01-18,2008-01-23T19:32:02.000Z,,4,,,,4,8959,0,0,,xslF345X02/primary_doc.xml,PRIMARY DOCUMENT
0001335584-08-000026,2008-01-23,2008-01-18,2008-01-23T19:47:25.000Z,,4,,,,4,8935,0,0,,xslF345X02/primary_doc.xml,PRIMARY DOCUMENT
0001335584-08-000027,2008-01-23,2008-01-18,2008-01-23T20:35:46.000Z,,4,,,,4,8931,0,0,,xslF345X02/primary_doc.xml,PRIMARY DOCUMENT
0001335584-08-000028,2008-01-23,2008-01-18,2008-01-23T23:14:27.000Z,,4,,,,4,8957,0,0,,xslF345X02/primary_doc.xml,PRIMARY DOCUMENT
0001193125-08-012035,2008-01-25,,2008-01-25T16:03:15.000Z,,CORRESP,,,,CORRESP,24291,0,0,,filename1.htm,
0001209191-08-006984,2008-02-01,2008-01-25,2008-02-01T20:32:09.000Z,,3,,,,3,15702,0,0,,xslF345X02/bod53557_bod1ft.xml,MAIN DOCUMENT DESCRIPTION
0001209191-08-007010,2008-02-01,2008-01-28,2008-02-01T21:04:31.000Z,,4,,,,4,18368,0,0,,xslF345X02/bod53557_bod2ftl.xml,MAIN DOCUMENT DESCRIPTION
0001362310-08-000416,2008-02-01,,2008-02-01T22:00:23.000Z,34,SC 13G/A,005-46413,08569312,,SC 13G/A,74528,0,0,,c72209sc13gza.htm,SCHEDULE 13G/A
0001157523-08-000897,2008-02-05,2008-02-05,2008-02-05T15:00:33.000Z,34,8-K,001-16383,08574385,"7.01,9.01",8-K,1912385,0,0,,a5601792.htm,"CHENIERE ENERGY, INC. 8-K"
0001085146-08-000306,2008-02-08,,2008-02-08T22:13:36.000Z,34,SC 13G/A,005-46413,08590173,,SC 13G/A,20606,0,0,,cheniere14feb08_3.htm,ORBIS INVESTMENT MANAGEMENT LIMITED
0001011438-08-000124,2008-02-08,,2008-02-08T22:14:04.000Z,34,SC 13G/A,005-46413,08590178,,SC 13G/A,17962,0,0,,form_sc13ga-cheniere.txt,
0000893750-08-000065,2008-02-13,,2008-02-13T22:24:32.000Z,34,SC 13G/A,005-46413,08606313,,SC 13G/A,44960,0,0,,schedule13g.htm,SCHEDULE 13G/A
0000824468-08-000017,2008-02-14,,2008-02-14T21:20:24.000Z,34,SC 13G/A,005-46413,08616297,,SC 13G/A,21735,0,0,,sec_filing.htm,SEC FILING
0000918134-08-000006,2008-02-15,,2008-02-14T22:36:37.000Z,34,SC 13G,005-46413,08619557,,SC 13G,12021,0,0,,lng.txt,SC 13G
0001157523-08-001666,2008-02-25,2008-02-25,2008-02-25T14:19:58.000Z,34,8-K,001-16383,08638300,"8.01,9.01",8-K,22451,0,0,,a5618507.htm,"CHENIERE ENERGY, INC. 8-K"
0001193125-08-039317,2008-02-27,2007-12-31,2008-02-27T11:06:46.000Z,34,10-K,001-16383,08644617,,10-K,2384989,0,0,,d10k.htm,"FORM 10-K FOR FISCAL YEAR ENDED DECEMBER 31, 2007"
0001335584-08-000029,2008-02-27,2008-02-26,2008-02-27T17:05:29.000Z,,3,,,,3,6982,0,0,,xslF345X02/primary_doc.xml,PRIMARY DOCUMENT
0001157523-08-001778,2008-02-27,2008-02-27,2008-02-27T17:16:49.000Z,34,8-K,001-16383,08645436,"2.02,9.01",8-K,76736,0,0,,a5620735.htm,"CHENIERE ENERGY, INC. 8-K"
0001335584-08-000030,2008-02-27,2008-02-26,2008-02-27T21:09:36.000Z,,4,,,,4,6338,0,0,,xslF345X02/primary_doc.xml,PRIMARY DOCUMENT
0001335584-08-000032,2008-03-07,2008-03-05,2008-03-07T20:59:19.000Z,,4,,,,4,7769,0,0,,xslF345X02/primary_doc.xml,PRIMARY DOCUMENT
0001157523-08-002243,2008-03-14,2008-03-14,2008-03-14T20:12:22.000Z,34,8-K,001-16383,08689663,"7.01,9.01",8-K,2644078,0,0,,a5634534.htm,"CHENIERE ENERGY, INC 8-K"
0000000000-08-014141,2008-03-18,,2008-03-18T15:10:49.000Z,,UPLOAD,,,,LETTER,24145,0,0,,filename1.pdf,
0000000000-08-014145,2008-03-18,,2008-03-18T15:23:06.000Z,,UPLOAD,,,,LETTER,31791,0,0,,filename1.pdf,
0001157523-08-002559,2008-03-28,2008-03-27,2008-03-28T16:26:38.000Z,34,8-K,001-16383,08717865,"8.01,9.01",8-K,20858,0,0,,a5644524.htm,"CHENIERE ENERGY, INC. 8-K"
0001335584-08-000033,2008-04-04,2008-04-03,2008-04-04T19:14:19.000Z,,4,,,,4,6372,0,0,,xslF345X02/primary_doc.xml,PRIMARY DOCUMENT
0001335584-08-000034,2008-04-04,2008-04-03,2008-04-04T21:05:27.000Z,,3,,,,3,4227,0,0,,xslF345X02/primary_doc.xml,PRIMARY DOCUMENT
0001335584-08-000036,2008-04-04,2008-04-03,2008-04-04T21:15:54.000Z,,4,,,,4,5450,0,0,,xslF345X02/primary_doc.xml,PRIMARY DOCUMENT
0001157523-08-002767,2008-04-07,2008-04-07,2008-04-07T19:33:22.000Z,34,8-K,001-16383,08742817,"7.01,9.01",8-K,2642476,0,0,,a5651891.htm,"CHENIERE ENERGY, INC. 8-K"
0001157523-08-002775,2008-04-08,2008-04-07,2008-04-07T22:24:49.000Z,34,8-K,001-16383,08743945,"7.01,9.01",8-K,2641797,0,0,,a5652141.htm,"CHENIERE ENERGY, INC. 8-K/A"
0001193125-08-076929,2008-04-08,2008-04-02,2008-04-08T14:40:13.000Z,34,8-K,001-16383,08744467,5.02,8-K,17200,0,0,,d8k.htm,FORM 8-K
0001157523-08-002946,2008-04-16,2008-04-12,2008-04-16T15:40:10.000Z,34,8-K,001-16383,08759170,"5.02,8.01,9.01",8-K,25854,0,0,,a5659824.htm,"CHENIERE ENERGY, INC. 8-K"
0001335584-08-000037,2008-04-17,2008-04-15,2008-04-17T22:23:05.000Z,,4,,,,4,49135,0,0,,xslF345X02/primary_doc.xml,PRIMARY DOCUMENT
0001335584-08-000038,2008-04-17,2008-04-15,2008-04-17T23:07:51.000Z,,4,,,,4,49144,0,0,,xslF345X02/primary_doc.xml,PRIMARY DOCUMENT
0001335584-08-000039,2008-04-17,2008-04-15,2008-04-17T23:36:52.000Z,,4,,,,4,38018,0,0,,xslF345X02/primary_doc.xml,PRIMARY DOCUMENT
0001335584-08-000040,2008-04-22,2008-04-16,2008-04-22T22:23:53.000Z,,4,,,,4,11065,0,0,,xslF345X02/primary_doc.xml,PRIMARY DOCUMENT
0001335584-08-000042,2008-04-22,2008-04-18,2008-04-22T23:05:49.000Z,,4,,,,4,23347,0,0,,xslF345X02/primary_doc.xml,PRIMARY DOCUMENT
0001193125-08-087554,2008-04-23,2008-06-13,2008-04-23T14:44:05.000Z,34,DEF 14A,001-16383,08770848,,DEF 14A,788702,0,0,,ddef14a.htm,DEFINITIVE PROXY STATEMENT
0001181431-08-026435,2008-04-24,2008-04-22,2008-04-24T16:37:01.000Z,,4,,,,4,6051,0,0,,xslF345X02/rrd203667.xml,FORM 4
0001335584-08-000043,2008-04-29,2008-04-15,2008-04-29T21:56:33.000Z,,4,,,,4,16275,0,0,,xslF345X02/primary_doc.xml,PRIMARY DOCUMENT
9999999997-08-023435,2008-04-29,2007-12-31,2008-05-12T17:28:03.000Z,34,ARS,001-16383,08049139,,ARS,2049,0,0,,9999999997-08-023435.paper,AUTO-GENERATED PAPER DOCUMENT
0001335584-08-000044,2008-05-02,2008-05-01,2008-05-02T21:34:09.000Z,,4,,,,4,40713,0,0,,xslF345X02/primary_doc.xml,PRIMARY DOCUMENT
0001335584-08-000045,2008-05-05,2008-05-01,2008-05-05T21:53:22.000Z,,4,,,,4,5161,0,0,,xslF345X02/primary_doc.xml,PRIMARY DOCUMENT
0001193125-08-108194,2008-05-09,2008-03-31,2008-05-08T23:10:55.000Z,34,10-Q,001-16383,08815591,,10-Q,1677112,0,0,,d10q.htm,"FORM 10-Q FOR THE QUARTERLY PERIOD ENDED MARCH 31, 2008"
0001157523-08-004048,2008-05-09,2008-05-09,2008-05-09T14:05:12.000Z,34,8-K,001-16383,08816363,"2.02,9.01",8-K,66900,0,0,,a5681103.htm,"CHENIERE ENERGY, INC. 8-K"
0001335584-08-000046,2008-05-13,2008-05-12,2008-05-13T21:05:34.000Z,,4,,,,4,5857,0,0,,xslF345X02/primary_doc.xml,PRIMARY DOCUMENT
0001335584-08-000047,2008-05-13,2008-05-09,2008-05-13T21:51:47.000Z,,4,,,,4,10087,0,0,,xslF345X02/primary_doc.xml,PRIMARY DOCUMENT
0001335584-08-000048,2008-05-13,2008-05-09,2008-05-13T21:58:22.000Z,,4,,,,4,6208,0,0,,xslF345X02/primary_doc.xml,PRIMARY DOCUMENT
0001335584-08-000049,2008-05-13,2008-05-09,2008-05-13T22:22:01.000Z,,4,,,,4,5867,0,0,,xslF345X02/primary_doc.xml,PRIMARY DOCUMENT
0001335584-08-000050,2008-05-13,2008-05-09,2008-05-13T22:23:41.000Z,,4,,,,4,7139,0,0,,xslF345X02/primary_doc.xml,PRIMARY DOCUMENT
0001335584-08-000051,2008-05-13,2008-05-09,2008-05-13T22:31:25.000Z,,4,,,,4,7136,0,0,,xslF345X02/primary_doc.xml,PRIMARY DOCUMENT
0001335584-08-000052,2008-05-13,2008-05-09,2008-05-13T22:41:52.000Z,,4,,,,4,7587,0,0,,xslF345X02/primary_doc.xml,PRIMARY DOCUMENT
0001335584-08-000053,2008-05-13,2008-05-09,2008-05-13T22:51:09.000Z,,4,,,,4,7151,0,0,,xslF345X02/primary_doc.xml,PRIMARY DOCUMENT
0001193125-08-113363,2008-05-14,2008-05-09,2008-05-13T22:30:08.000Z,34,8-K,001-16383,08828968,"1.01,5.02,9.01",8-K,158466,0,0,,d8k.htm,FORM 8-K
0001335584-08-000054,2008-05-14,2008-05-09,2008-05-14T21:11:56.000Z,,4,,,,4,7177,0,0,,xslF345X02/primary_doc.xml,PRIMARY DOCUMENT
0001011438-08-000328,2008-05-15,,2008-05-15T20:56:44.000Z,34,SC 13G/A,005-46413,08838861,,SC 13G/A,17015,0,0,,form_sc13ga.txt,
0001193125-08-126443,2008-06-02,2008-05-27,2008-06-02T18:09:08.000Z,34,8-K,001-16383,08873345,5.02,8-K,13595,0,0,,d8k.htm,FORM 8-K
0001335584-08-000057,2008-06-17,2008-06-16,2008-06-17T20:25:38.000Z,,4,,,,4,5380,0,0,,xslF345X02/primary_doc.xml,PRIMARY DOCUMENT
0001335584-08-000058,2008-06-17,2008-06-16,2008-06-17T20:33:04.000Z,,4,,,,4,6117,0,0,,xslF345X02/primary_doc.xml,PRIMARY DOCUMENT
0001335584-08-000059,2008-06-17,2008-06-16,2008-06-17T20:45:08.000Z,,4,,,,4,5297,0,0,,xslF345X02/primary_doc.xml,PRIMARY DOCUMENT
0001335584-08-000060,2008-06-17,2008-06-16,2008-06-17T20:52:02.000Z,,4,,,,4,5382,0,0,,xslF345X02/primary_doc.xml,PRIMARY DOCUMENT
0001335584-08-000061,2008-06-17,2008-06-16,2008-06-17T21:02:52.000Z,,4,,,,4,5394,0,0,,xslF345X02/primary_doc.xml,PRIMARY DOCUMENT
0001335584-08-000062,2008-06-17,2008-06-16,2008-06-17T21:12:28.000Z,,4,,,,4,5342,0,0,,xslF345X02/primary_doc.xml,PRIMARY DOCUMENT
0001335584-08-000063,2008-06-17,2008-06-16,2008-06-17T21:20:17.000Z,,4,,,,4,5302,0,0,,xslF345X02/primary_doc.xml,PRIMARY DOCUMENT
0001193125-08-136428,2008-06-19,2008-06-13,2008-06-19T15:07:39.000Z,34,8-K,001-16383,08907061,"1.01,5.02,9.01",8-K,26538,0,0,,d8k.htm,FORM 8-K
0001157523-08-005208,2008-06-27,2008-06-27,2008-06-27T14:43:09.000Z,34,8-K,001-16383,08920992,"8.01,9.01",8-K,24921,0,0,,a5719936.htm,"CHENIERE ENERGY, INC. 8-K"
0001335584-08-000064,2008-08-01,2008-07-30,2008-08-01T20:53:55.000Z,,4,,,,4,10797,0,0,,xslF345X03/primary_doc.xml,PRIMARY DOCUMENT
0001137774-08-000110,2008-08-11,,2008-08-11T17:43:22.000Z,34,SC 13G,005-46413,081005323,,SC 13G,11216,0,0,,chen.htm,
0001193125-08-173247,2008-08-11,2008-06-30,2008-08-11T18:47:57.000Z,34,10-Q,001-16383,081005674,,10-Q,1513568,0,0,,d10q.htm,"FORM 10-Q FOR THE QUARTERLY PERIOD ENDED JUNE 30, 2008"
0001157523-08-006706,2008-08-11,2008-08-11,2008-08-11T20:18:11.000Z,34,8-K,001-16383,081006531,"2.02,9.01",8-K,82120,0,0,,a5753554.htm,"CHENIERE ENERGY, INC. 8-K"
0001193125-08-179686,2008-08-18,2008-08-14,2008-08-18T12:51:10.000Z,34,8-K,001-16383,081024083,"1.01,1.02,2.03,3.02,3.03,5.02,5.03,8.01,9.01",8-K,2160488,0,0,,d8k.htm,FORM 8-K
0001335584-08-000065,2008-08-19,2008-08-15,2008-08-19T18:30:51.000Z,,4,,,,4,5150,0,0,,xslF345X03/primary_doc.xml,PRIMARY DOCUMENT
0001335584-08-000066,2008-08-25,2008-08-15,2008-08-25T14:28:15.000Z,,3,,,,3,4349,0,0,,xslF345X02/primary_doc.xml,PRIMARY DOCUMENT
0001335584-08-000067,2008-08-25,2008-08-15,2008-08-25T19:28:13.000Z,,3,,,,3,4391,0,0,,xslF345X02/primary_doc.xml,PRIMARY DOCUMENT
0001193125-08-194039,2008-09-11,2008-09-10,2008-09-10T21:35:44.000Z,34,8-K,001-16383,081065946,"7.01,9.01",8-K,21572,0,0,,d8k.htm,FORM 8-K
0000910484-08-000030,2008-09-17,2008-09-15,2008-09-17T17:02:18.000Z,,4,,,,4,6627,0,0,,xslF345X03/primary_doc.xml,PRIMARY DOCUMENT
0001335584-08-000070,2008-09-24,2008-09-15,2008-09-24T19:43:04.000Z,,4/A,,,,4/A,5938,0,0,,xslF345X03/primary_doc.xml,PRIMARY DOCUMENT
0001335584-08-000071,2008-09-29,2008-09-26,2008-09-29T20:29:34.000Z,,4,,,,4,5151,0,0,,xslF345X03/primary_doc.xml,PRIMARY DOCUMENT
0001209191-08-056051,2008-10-10,2007-08-08,2008-10-10T19:36:04.000Z,,3,,,,3,11162,0,0,,xslF345X02/doc3.xml,FORM 3 SUBMISSION
0001209191-08-056053,2008-10-10,2008-09-22,2008-10-10T19:37:30.000Z,,4,,,,4,10604,0,0,,xslF345X03/doc4.xml,FORM 4 SUBMISSION
0000950133-08-003359,2008-10-10,,2008-10-10T20:20:20.000Z,34,SC 13D/A,005-46413,081118584,,SC 13D/A,79248,0,0,,w71048sc13dza.htm,SC 13D/A
0001335584-08-000076,2008-10-17,2007-08-14,2008-10-17T21:32:59.000Z,,4/A,,,,4/A,4952,0,0,,xslF345X03/primary_doc.xml,PRIMARY DOCUMENT
0001193125-08-215926,2008-10-24,2008-10-24,2008-10-24T17:47:41.000Z,34,8-K,001-16383,081139397,"1.01,3.03,9.01",8-K,34721,0,0,,d8k.htm,FORM 8-K
0001193125-08-215929,2008-10-24,,2008-10-24T17:50:44.000Z,34,8-A12B/A,001-16383,081139405,,8-A12B/A,17071,0,0,,d8a12ba.htm,AMENDMENT NO. 2 TO FORM 8-A
0001013594-08-000668,2008-10-27,,2008-10-27T21:23:55.000Z,34,SC 13D,005-46413,081143012,,SC 13D,380156,0,0,,cheniere13d-102708.htm,"OCTOBER 27, 2008"
0001013594-08-000670,2008-10-27,2008-10-17,2008-10-27T22:07:38.000Z,,3,,,,3,17473,0,0,,xslF345X02/chenierefm3-102708_ex.xml,
0001013594-08-000672,2008-10-27,2008-10-23,2008-10-27T23:12:12.000Z,,4,,,,4,15245,0,0,,xslF345X03/chenierefm4-102708_ex.xml,
0001013594-08-000682,2008-10-29,2008-10-27,2008-10-29T22:05:46.000Z,,4,,,,4,26759,0,0,,xslF345X03/chenierefm4-102908_ex.xml,"OCTOBER 29, 2008"
0001335584-08-000077,2008-10-31,2008-10-29,2008-10-31T20:16:36.000Z,,4,,,,4,13189,0,0,,xslF345X03/primary_doc.xml,PRIMARY DOCUMENT
0001335584-08-000078,2008-10-31,2008-10-29,2008-10-31T20:40:32.000Z,,4,,,,4,8435,0,0,,xslF345X03/primary_doc.xml,PRIMARY DOCUMENT
0001335584-08-000079,2008-10-31,2008-10-29,2008-10-31T21:06:07.000Z,,4,,,,4,8398,0,0,,xslF345X03/primary_doc.xml,PRIMARY DOCUMENT
0001193125-08-228292,2008-11-07,2008-09-30,2008-11-07T00:41:22.000Z,34,10-Q,001-16383,081168512,,10-Q,874051,0,0,,d10q.htm,"FORM 10-Q FOR THE QUARTERLY PERIOD ENDED SEPTEMBER 30, 2008"
0001193125-08-229331,2008-11-07,2008-11-07,2008-11-07T15:56:56.000Z,34,8-K,001-16383,081169345,"2.02,9.01",8-K,80470,0,0,,d8k.htm,FORM 8-K
0000053417-08-000094,2008-11-10,,2008-11-10T22:10:12.000Z,34,SC 13G/A,005-46413,081176710,,SC 13G/A,9438,0,0,,lng_1008.txt,LNG OCTOBER 2008
0001137774-08-000126,2008-11-10,,2008-11-10T22:23:23.000Z,34,SC 13G/A,005-46413,081176957,,SC 13G/A,10448,0,0,,chen.htm,
0001157523-08-009292,2008-11-13,2008-11-13,2008-11-13T20:01:04.000Z,34,8-K,001-16383,081184640,"7.01,9.01",8-K,2202374,0,0,,a5829982.htm,"CHENIERE ENERGY, INC. 8-K"
0001335584-08-000081,2008-12-02,2008-12-01,2008-12-02T21:56:00.000Z,,4,,,,4,5211,0,0,,xslF345X03/primary_doc.xml,PRIMARY DOCUMENT
0001335584-08-000082,2008-12-02,2008-12-01,2008-12-02T22:11:28.000Z,,4,,,,4,5158,0,0,,xslF345X03/primary_doc.xml,PRIMARY DOCUMENT
0001181431-08-065084,2008-12-03,2008-12-01,2008-12-03T15:19:01.000Z,,4,,,,4,8646,0,0,,xslF345X03/rrd225256.xml,FORM 4
0001335584-08-000083,2008-12-03,2008-12-01,2008-12-03T17:42:56.000Z,,4,,,,4,5119,0,0,,xslF345X03/primary_doc.xml,PRIMARY DOCUMENT
0001335584-08-000084,2008-12-03,2008-12-01,2008-12-03T19:31:20.000Z,,4,,,,4,5145,0,0,,xslF345X03/primary_doc.xml,PRIMARY DOCUMENT
0001335584-08-000085,2008-12-03,2008-12-01,2008-12-03T19:37:37.000Z,,4,,,,4,5164,0,0,,xslF345X03/primary_doc.xml,PRIMARY DOCUMENT
0001193125-08-247216,2008-12-03,2009-01-30,2008-12-03T21:13:52.000Z,34,PRE 14A,001-16383,081227674,,PRE 14A,756695,0,0,,dpre14a.htm,PRELIMINARY PROXY STATEMENT
0001335584-08-000086,2008-12-09,2008-12-08,2008-12-09T20:58:05.000Z,,4,,,,4,5163,0,0,,xslF345X03/primary_doc.xml,PRIMARY DOCUMENT
0001335584-08-000087,2008-12-09,2008-12-08,2008-12-09T21:18:26.000Z,,4,,,,4,5117,0,0,,xslF345X03/primary_doc.xml,PRIMARY DOCUMENT
0001335584-08-000088,2008-12-10,2008-12-08,2008-12-10T20:26:38.000Z,,4,,,,4,5144,0,0,,xslF345X03/primary_doc.xml,PRIMARY DOCUMENT
0001335584-08-000090,2008-12-18,2008-12-17,2008-12-18T22:01:52.000Z,,4,,,,4,5113,0,0,,xslF345X03/primary_doc.xml,PRIMARY DOCUMENT
0001193125-08-256850,2008-12-19,2008-12-17,2008-12-19T18:05:30.000Z,34,8-K,001-16383,081260040,"1.01,9.01",8-K,66819,0,0,,d8k.htm,FORM 8-K
0001181431-08-068419,2008-12-19,2008-12-18,2008-12-19T20:48:20.000Z,,4,,,,4,8856,0,0,,xslF345X03/rrd227080.xml,FORM 4
0001181431-08-068421,2008-12-19,2008-12-18,2008-12-19T20:48:40.000Z,,4,,,,4,8740,0,0,,xslF345X03/rrd227071.xml,FORM 4
0001181431-08-069142,2008-12-23,2008-12-22,2008-12-23T23:36:22.000Z,,4,,,,4,9007,0,0,,xslF345X03/rrd227599.xml,FORM 4
0000000000-08-063629,2008-12-24,,2008-12-24T17:41:49.000Z,,UPLOAD,,,,LETTER,61663,0,0,,filename1.pdf,
0000910662-09-000003,2009-01-02,2008-12-30,2009-01-02T17:51:16.000Z,,4,,,,4,15980,0,0,,xslF345X03/orbisform_ex.xml,
0001335584-09-000001,2009-01-05,2008-12-31,2009-01-05T20:12:35.000Z,,4,,,,4,5145,0,0,,xslF345X03/primary_doc.xml,PRIMARY DOCUMENT
0001335584-09-000002,2009-01-05,2008-12-31,2009-01-05T20:34:00.000Z,,4,,,,4,6930,0,0,,xslF345X03/primary_doc.xml,PRIMARY DOCUMENT
0001335584-09-000003,2009-01-05,2008-12-31,2009-01-05T20:47:09.000Z,,4,,,,4,5161,0,0,,xslF345X03/primary_doc.xml,PRIMARY DOCUMENT
0001335584-09-000004,2009-01-05,2008-12-31,2009-01-05T21:02:02.000Z,,4,,,,4,6690,0,0,,xslF345X03/primary_doc.xml,PRIMARY DOCUMENT
0001335584-09-000005,2009-01-05,2009-01-03,2009-01-05T21:23:07.000Z,,4,,,,4,5143,0,0,,xslF345X03/primary_doc.xml,PRIMARY DOCUMENT
0001335584-09-000006,2009-01-05,2008-12-31,2009-01-05T21:36:22.000Z,,4,,,,4,5158,0,0,,xslF345X03/primary_doc.xml,PRIMARY DOCUMENT
0001335584-09-000007,2009-01-05,2008-12-31,2009-01-05T21:49:18.000Z,,4,,,,4,5158,0,0,,xslF345X03/primary_doc.xml,PRIMARY DOCUMENT
0001335584-09-000008,2009-01-05,2000-12-31,2009-01-05T22:11:22.000Z,,4,,,,4,5148,0,0,,xslF345X03/primary_doc.xml,PRIMARY DOCUMENT
0001193125-09-005273,2009-01-13,2009-01-07,2009-01-13T17:38:42.000Z,34,8-K,001-16383,09523383,5.02,8-K,16152,0,0,,d8k.htm,FORM 8-K
0001335584-09-000009,2009-01-13,2009-01-12,2009-01-13T21:15:50.000Z,,4,,,,4,5239,0,0,,xslF345X03/primary_doc.xml,PRIMARY DOCUMENT
0001335584-09-000010,2009-01-13,2009-01-12,2009-01-13T21:50:06.000Z,,4,,,,4,5177,0,0,,xslF345X03/primary_doc.xml,PRIMARY DOCUMENT
0001335584-09-000011,2009-01-13,2009-01-12,2009-01-13T22:07:35.000Z,,4,,,,4,5118,0,0,,xslF345X03/primary_doc.xml,PRIMARY DOCUMENT
0001335584-09-000012,2009-01-13,2009-01-12,2009-01-13T22:50:32.000Z,,4,,,,4,5162,0,0,,xslF345X03/primary_doc.xml,PRIMARY DOCUMENT
0001193125-09-005601,2009-01-14,2009-01-13,2009-01-14T00:29:06.000Z,34,8-K,001-16383,09524992,7.01,8-K,13787,0,0,,d8k.htm,FORM 8-K
0001335584-09-000013,2009-01-14,2009-01-12,2009-01-14T15:39:58.000Z,,4,,,,4,5221,0,0,,xslF345X03/primary_doc.xml,PRIMARY DOCUMENT
0001335584-09-000014,2009-01-14,2009-01-12,2009-01-14T17:28:44.000Z,,4,,,,4,5143,0,0,,xslF345X03/primary_doc.xml,PRIMARY DOCUMENT
0001335584-09-000015,2009-01-14,2009-01-12,2009-01-14T20:07:14.000Z,,4,,,,4,5160,0,0,,xslF345X03/primary_doc.xml,PRIMARY DOCUMENT
0000893750-09-000013,2009-01-14,,2009-01-14T21:26:51.000Z,34,SC 13G/A,005-46413,09526563,,SC 13G/A,47708,0,0,,form13ga.htm,SCHEDULE 13G/A
0001335584-09-000016,2009-01-16,2009-01-14,2009-01-16T16:40:05.000Z,,4,,,,4,18432,0,0,,xslF345X03/primary_doc.xml,PRIMARY DOCUMENT
0001335584-09-000017,2009-01-20,2009-01-18,2009-01-20T16:40:54.000Z,,4,,,,4,5161,0,0,,xslF345X03/primary_doc.xml,PRIMARY DOCUMENT
0001335584-09-000018,2009-01-20,2009-01-16,2009-01-20T20:59:48.000Z,,4,,,,4,9623,0,0,,xslF345X03/primary_doc.xml,PRIMARY DOCUMENT
0001335584-09-000020,2009-01-22,2009-01-20,2009-01-22T20:24:46.000Z,,4,,,,4,12560,0,0,,xslF345X03/primary_doc.xml,PRIMARY DOCUMENT
0001335584-09-000021,2009-01-22,2008-04-22,2009-01-22T21:22:57.000Z,,4/A,,,,4/A,13738,0,0,,xslF345X03/primary_doc.xml,PRIMARY DOCUMENT
0000913414-09-003234,2009-02-05,,2009-02-05T18:25:41.000Z,34,SC 13G,005-46413,09571364,,SC 13G,34209,0,0,,cheniere123108.txt,
0001047469-09-000933,2009-02-11,,2009-02-11T17:32:39.000Z,34,SC 13G,005-46413,09588541,,SC 13G,23376,0,0,,a2190229zsc13g.txt,SC 13G
0001362310-09-001902,2009-02-13,,2009-02-13T11:01:37.000Z,34,SC 13G/A,005-46413,09597505,,SC 13G/A,67948,0,0,,c80872sc13gza.htm,SC 13G/A
0001085146-09-001024,2009-02-17,,2009-02-17T13:00:49.000Z,34,SC 13G/A,005-46413,09607092,,SC 13G/A,19808,0,0,,chenierefeb09cert.htm,ORBIS INVESTMENT MANAGEMENT LIMITED
0000824468-09-000031,2009-02-17,,2009-02-17T18:38:43.000Z,34,SC 13G/A,005-46413,09609554,,SC 13G/A,21740,0,0,,sec_filing.htm,SEC FILING
0001193125-09-037336,2009-02-25,2009-02-19,2009-02-25T20:23:59.000Z,34,8-K,001-16383,09633691,5.02,8-K,14683,0,0,,d8k.htm,FORM 8-K
0001193125-09-039534,2009-02-27,2009-02-25,2009-02-27T02:29:21.000Z,34,8-K,001-16383,09639509,"5.02,9.01",8-K,60417,0,0,,d8k.htm,FORM 8-K
0001193125-09-040197,2009-02-27,2008-12-31,2009-02-27T14:44:23.000Z,34,10-K,001-16383,09639965,,10-K,1993290,0,0,,d10k.htm,FORM 10-K
0001193125-09-040285,2009-02-27,2009-02-26,2009-02-27T15:44:16.000Z,34,8-K,001-16383,09640231,"2.02,5.02,9.01",8-K,94177,0,0,,d8k.htm,FORM 8-K
0000910662-09-000119,2009-02-27,2009-02-26,2009-02-27T16:45:04.000Z,,4/A,,,,4/A,15611,0,0,,xslF345X03/cheniereform4_ex.xml,
0001335584-09-000022,2009-02-27,2009-02-25,2009-02-27T20:32:03.000Z,,4,,,,4,5959,0,0,,xslF345X03/primary_doc.xml,PRIMARY DOCUMENT
0001335584-09-000023,2009-02-27,2009-02-25,2009-02-27T21:29:25.000Z,,4,,,,4,5997,0,0,,xslF345X03/primary_doc.xml,PRIMARY DOCUMENT
0001335584-09-000024,2009-02-27,2009-02-25,2009-02-27T21:31:41.000Z,,4,,,,4,6064,0,0,,xslF345X03/primary_doc.xml,PRIMARY DOCUMENT
0001335584-09-000025,2009-02-27,2009-02-25,2009-02-27T21:43:14.000Z,,4,,,,4,5984,0,0,,xslF345X03/primary_doc.xml,PRIMARY DOCUMENT
0001335584-09-000026,2009-02-27,2009-02-25,2009-02-27T21:57:19.000Z,,4,,,,4,6000,0,0,,xslF345X03/primary_doc.xml,PRIMARY DOCUMENT
0001335584-09-000027,2009-03-02,2009-02-25,2009-03-02T19:50:00.000Z,,4,,,,4,5943,0,0,,xslF345X03/primary_doc.xml,PRIMARY DOCUMENT
0001193125-09-044584,2009-03-04,2009-02-26,2009-03-04T17:45:49.000Z,34,8-K,001-16383,09654494,5.02,8-K,13670,0,0,,d8k.htm,FORM 8-K
0001193125-09-047568,2009-03-06,2009-06-12,2009-03-06T21:33:02.000Z,34,PRE 14A,001-16383,09663270,,PRE 14A,848267,0,0,,dpre14a.htm,PRELIMINARY PROXY STATEMENT
0001335584-09-000028,2009-03-23,2009-03-20,2009-03-23T21:16:14.000Z,,4,,,,4,5103,0,0,,xslF345X03/primary_doc.xml,PRIMARY DOCUMENT
0000000000-09-016314,2009-03-31,,2009-03-31T13:41:44.000Z,,UPLOAD,,,,LETTER,50023,0,0,,filename1.pdf,
0001193125-09-073373,2009-04-06,,2009-04-06T15:50:02.000Z,34,PRER14A,001-16383,09734260,,PRER14A,849232,0,0,,dprer14a.htm,AMENDMENT NO. 1 TO PRELIMINARY PROXY STATEMENT
0001193125-09-073376,2009-04-06,,2009-04-06T15:51:32.000Z,,CORRESP,,,,CORRESP,20788,0,0,,filename1.htm,
0001193125-09-073484,2009-04-06,2009-04-02,2009-04-06T17:19:14.000Z,34,8-K,001-16383,09734450,"1.01,9.01",8-K,66018,0,0,,d8k.htm,FORM 8-K
0000000000-09-019748,2009-04-15,,2009-04-15T19:49:33.000Z,,UPLOAD,,,,LETTER,44257,0,0,,filename1.pdf,
0001193125-09-084221,2009-04-22,2009-06-12,2009-04-22T14:44:58.000Z,34,DEF 14A,001-16383,09763039,,DEF 14A,849374,0,0,,ddef14a.htm,DEFINITIVE PROXY STATEMENT
9999999997-09-019135,2009-04-29,2008-12-31,2009-05-13T16:45:44.000Z,34,ARS,001-16383,09011125,,ARS,2049,0,0,,9999999997-09-019135.paper,AUTO-GENERATED PAPER DOCUMENT
0001335584-09-000029,2009-05-04,2009-05-01,2009-05-04T19:25:29.000Z,,4,,,,4,5103,0,0,,xslF345X03/primary_doc.xml,PRIMARY DOCUMENT
0001193125-09-100096,2009-05-05,2009-04-29,2009-05-05T21:10:22.000Z,34,8-K,001-16383,09798483,3.02,8-K,13793,0,0,,d8k.htm,FORM 8-K
0001193125-09-103905,2009-05-08,2009-03-31,2009-05-08T01:09:45.000Z,34,10-Q,001-16383,09807435,,10-Q,758547,0,0,,d10q.htm,"FORM 10-Q FOR QUARTERLY PERIOD ENDED MARCH 31, 2009"
0001157523-09-003651,2009-05-08,2009-05-08,2009-05-08T14:11:04.000Z,34,8-K,001-16383,09808200,"2.02,9.01",8-K,71399,0,0,,a5960476.htm,"CHENIERE ENERGY, INC. 8-K"
0000950133-09-001823,2009-05-29,,2009-05-29T19:46:07.000Z,34,SC 13D/A,005-46413,09861499,,SC 13D/A,78558,0,0,,w74311sc13dza.htm,SC 13D/A
0001193125-09-121603,2009-05-29,2009-05-29,2009-05-29T20:44:53.000Z,34,8-K,001-16383,09862307,5.02,8-K,13254,0,0,,d8k.htm,FORM 8-K
0001335584-09-000032,2009-06-01,2009-05-28,2009-06-01T15:00:26.000Z,,4,,,,4,5092,0,0,,xslF345X03/primary_doc.xml,PRIMARY DOCUMENT
0001335584-09-000035,2009-06-02,2009-06-01,2009-06-02T20:42:23.000Z,,4,,,,4,5107,0,0,,xslF345X03/primary_doc.xml,PRIMARY DOCUMENT
0001335584-09-000039,2009-06-12,2009-06-12,2009-06-12T16:17:14.000Z,,4,,,,4,5910,0,0,,xslF345X03/primary_doc.xml,PRIMARY DOCUMENT
0000950123-09-013658,2009-06-12,,2009-06-12T19:21:57.000Z,34,SC 13D/A,005-46413,09889619,,SC 13D/A,80887,0,0,,c86767sc13dza.htm,SCHEDULE 13D/A
0001193125-09-131027,2009-06-15,2009-06-12,2009-06-15T21:01:34.000Z,34,8-K,001-16383,09892459,"1.01,5.02,9.01",8-K,31484,0,0,,d8k.htm,FORM 8-K
0001193125-09-131820,2009-06-16,,2009-06-16T21:29:08.000Z,33,S-8,333-160017,09894860,,S-8,86900,0,0,,ds8.htm,FORM S-8
0001181431-09-031229,2009-06-17,2009-06-15,2009-06-17T18:51:24.000Z,,4,,,,4,5216,0,0,,xslF345X03/rrd245176.xml,FORM 4
0001181431-09-031230,2009-06-17,2009-06-15,2009-06-17T18:51:29.000Z,,4,,,,4,5190,0,0,,xslF345X03/rrd245178.xml,FORM 4
0001181431-09-031231,2009-06-17,2009-06-15,2009-06-17T18:51:38.000Z,,4,,,,4,5923,0,0,,xslF345X03/rrd245188.xml,FORM 4
0001181431-09-031232,2009-06-17,2009-06-15,2009-06-17T18:51:42.000Z,,4,,,,4,5183,0,0,,xslF345X03/rrd245191.xml,FORM 4
0001181431-09-031233,2009-06-17,2009-06-15,2009-06-17T18:51:47.000Z,,4,,,,4,5880,0,0,,xslF345X03/rrd245194.xml,FORM 4
0001181431-09-031234,2009-06-17,2009-06-15,2009-06-17T18:51:52.000Z,,4,,,,4,5064,0,0,,xslF345X03/rrd245195.xml,FORM 4
0001181431-09-031235,2009-06-17,2009-06-15,2009-06-17T18:51:57.000Z,,4,,,,4,5220,0,0,,xslF345X03/rrd245196.xml,FORM 4
0001181431-09-031236,2009-06-17,2009-06-15,2009-06-17T18:52:03.000Z,,4,,,,4,6139,0,0,,xslF345X03/rrd245198.xml,FORM 4
0001181431-09-031309,2009-06-17,2009-06-15,2009-06-17T21:23:11.000Z,,4,,,,4,5611,0,0,,xslF345X03/rrd245185.xml,FORM 4
0001181431-09-031310,2009-06-17,2009-06-15,2009-06-17T21:23:36.000Z,,4,,,,4,5651,0,0,,xslF345X03/rrd245180.xml,FORM 4
0001193125-09-143756,2009-07-02,2009-06-30,2009-07-02T21:02:16.000Z,34,8-K,001-16383,09928254,"5.02,9.01",8-K,56826,0,0,,d8k.htm,FORM 8-K
0000950123-09-020606,2009-07-08,,2009-07-08T00:36:38.000Z,34,SC 13D/A,005-46413,09934106,,SC 13D/A,85955,0,0,,c87722sc13dza.htm,SCHEDULE 13D - AMENDMENT NO. 5
0001047469-09-006696,2009-07-10,,2009-07-10T14:17:37.000Z,34,SC 13G/A,005-46413,09938665,,SC 13G/A,23996,0,0,,a2193619zsc13ga.txt,SC 13G/A
0000000000-09-041160,2009-07-31,,2009-07-31T17:25:42.000Z,,UPLOAD,,,,LETTER,103836,0,0,,filename1.pdf,
0000003570-09-000007,2009-08-07,2009-06-30,2009-08-07T15:21:34.000Z,34,10-Q,001-16383,09994053,,10-Q,1725991,0,0,,form_10-q.htm,FORM 10/Q 06/30/2009
0000003570-09-000010,2009-08-07,2009-08-07,2009-08-07T15:25:26.000Z,34,8-K,001-16383,09994076,2.02,8-K,170578,0,0,,form_8-k.htm,"CHENIERE ENERGY, INC. 8-K"
0000003570-09-000013,2009-08-13,,2009-08-13T22:23:11.000Z,,CORRESP,,,,CORRESP,136541,0,0,,filename1.htm,
0000000000-09-050718,2009-09-13,,2009-09-13T16:02:30.000Z,,UPLOAD,,,,LETTER,54856,0,0,,filename1.pdf,
0000003570-09-000015,2009-09-25,,2009-09-25T18:48:02.000Z,,CORRESP,,,,CORRESP,96662,0,0,,filename1.htm,
0000000000-09-058217,2009-10-15,,2009-10-15T20:39:34.000Z,,UPLOAD,,,,LETTER,58014,0,0,,filename1.pdf,
0000003570-09-000018,2009-10-29,,2009-10-29T20:59:30.000Z,,CORRESP,,,,CORRESP,108121,0,0,,filename1.htm,
0000003570-09-000019,2009-11-06,2009-09-30,2009-11-05T23:06:55.000Z,34,10-Q,001-16383,091162309,,10-Q,2179895,0,0,,form_10q.htm,"CHENIERE ENERGY, INC. FORM 10-Q 9-30-2009"
0000003570-09-000020,2009-11-06,2009-11-05,2009-11-05T23:08:22.000Z,34,8-K,001-16383,091162314,2.02,8-K,226928,0,0,,form_8-k.htm,"CHENIERE ENERGY, INC. 8-K"
0001335584-09-000042,2009-11-16,2009-11-12,2009-11-16T17:00:08.000Z,,4,,,,4,12422,0,0,,xslF345X03/primary_doc.xml,PRIMARY DOCUMENT
0000003570-09-000024,2009-11-20,2009-11-20,2009-11-20T16:35:52.000Z,34,8-K,001-16383,091197696,7.01,8-K,2550495,0,0,,form_8-k.htm,"CHENIERE ENERGY, INC. 8-K"
0001335584-09-000043,2009-11-20,2009-11-18,2009-11-20T22:27:12.000Z,,4,,,,4,12385,0,0,,xslF345X03/primary_doc.xml,PRIMARY DOCUMENT
0001335584-09-000044,2009-11-30,2009-11-25,2009-11-30T20:22:38.000Z,,4,,,,4,7983,0,0,,xslF345X03/primary_doc.xml,PRIMARY DOCUMENT
0000000000-09-068746,2009-12-07,,2009-12-07T12:46:44.000Z,,UPLOAD,,,,LETTER,52702,0,0,,filename1.pdf,
0001335584-09-000045,2009-12-15,2009-12-14,2009-12-15T15:53:11.000Z,,4,,,,4,21190,0,0,,xslF345X03/primary_doc.xml,PRIMARY DOCUMENT
0001335584-09-000046,2009-12-16,2009-12-15,2009-12-16T16:44:07.000Z,,4,,,,4,8912,0,0,,xslF345X03/primary_doc.xml,PRIMARY DOCUMENT
0001335584-09-000047,2009-12-18,2009-12-18,2009-12-18T20:40:53.000Z,,4,,,,4,5557,0,0,,xslF345X03/primary_doc.xml,PRIMARY DOCUMENT
0001335584-09-000048,2009-12-18,2009-12-18,2009-12-18T20:41:02.000Z,,4,,,,4,5606,0,0,,xslF345X03/primary_doc.xml,PRIMARY DOCUMENT
0000003570-09-000026,2009-12-18,,2009-12-18T21:07:41.000Z,,CORRESP,,,,CORRESP,165401,0,0,,filename1.htm,
0001181431-09-058102,2009-12-22,2009-12-21,2009-12-22T16:14:23.000Z,,4,,,,4,7730,0,0,,xslF345X03/rrd260573.xml,FORM 4
0001335584-10-000001,2010-01-05,2009-12-31,2010-01-05T19:40:00.000Z,,4,,,,4,5103,0,0,,xslF345X03/primary_doc.xml,PRIMARY DOCUMENT
0001335584-10-000002,2010-01-05,2009-12-31,2010-01-05T20:02:08.000Z,,4,,,,4,5107,0,0,,xslF345X03/primary_doc.xml,PRIMARY DOCUMENT
0001335584-10-000003,2010-01-05,2009-12-31,2010-01-05T20:27:59.000Z,,4,,,,4,5100,0,0,,xslF345X03/primary_doc.xml,PRIMARY DOCUMENT
0001335584-10-000004,2010-01-05,2009-12-31,2010-01-05T20:41:37.000Z,,4,,,,4,5106,0,0,,xslF345X03/primary_doc.xml,PRIMARY DOCUMENT
0001335584-10-000005,2010-01-05,2009-12-31,2010-01-05T20:46:29.000Z,,4,,,,4,6558,0,0,,xslF345X03/primary_doc.xml,PRIMARY DOCUMENT
0001335584-10-000006,2010-01-05,2009-12-31,2010-01-05T21:15:10.000Z,,4,,,,4,16810,0,0,,xslF345X03/primary_doc.xml,PRIMARY DOCUMENT
0000003570-10-000001,2010-01-12,2010-01-06,2010-01-12T21:27:16.000Z,34,8-K,001-16383,10522969,5.02,8-K,54871,0,0,,item5_02.htm,ITEM 5.02
0001335584-10-000007,2010-01-13,2010-01-11,2010-01-13T19:41:15.000Z,,4,,,,4,10975,0,0,,xslF345X03/primary_doc.xml,PRIMARY DOCUMENT
0001335584-10-000008,2010-01-14,2010-01-12,2010-01-14T17:19:18.000Z,,4,,,,4,5105,0,0,,xslF345X03/primary_doc.xml,PRIMARY DOCUMENT
0001335584-10-000009,2010-01-14,2010-01-12,2010-01-14T17:19:42.000Z,,4,,,,4,6555,0,0,,xslF345X03/primary_doc.xml,PRIMARY DOCUMENT
0001335584-10-000010,2010-01-14,2010-01-12,2010-01-14T17:31:30.000Z,,4,,,,4,5100,0,0,,xslF345X03/primary_doc.xml,PRIMARY DOCUMENT
0001335584-10-000011,2010-01-14,2010-01-12,2010-01-14T22:31:00.000Z,,4,,,,4,6542,0,0,,xslF345X03/primary_doc.xml,PRIMARY DOCUMENT
0001335584-10-000012,2010-01-19,2010-01-18,2010-01-19T17:50:48.000Z,,4,,,,4,5103,0,0,,xslF345X03/primary_doc.xml,PRIMARY DOCUMENT
0000000000-10-005446,2010-01-28,,2010-01-28T13:17:28.000Z,,UPLOAD,,,,LETTER,47326,0,0,,filename1.pdf,
0001335584-10-000013,2010-01-28,2010-01-27,2010-01-28T21:33:26.000Z,,4,,,,4,6789,0,0,,xslF345X03/primary_doc.xml,PRIMARY DOCUMENT
0001335584-10-000014,2010-01-28,2010-01-27,2010-01-28T21:34:15.000Z,,4,,,,4,6771,0,0,,xslF345X03/primary_doc.xml,PRIMARY DOCUMENT
0001335584-10-000015,2010-01-28,2010-01-27,2010-01-28T21:54:50.000Z,,4,,,,4,6788,0,0,,xslF345X03/primary_doc.xml,PRIMARY DOCUMENT
0001086364-10-007159,2010-01-29,,2010-01-29T19:40:08.000Z,34,SC 13G,005-46413,10557519,,SC 13G,15149,0,0,,cheniereenergy123109.txt,
0001335584-10-000016,2010-01-29,2010-01-27,2010-01-29T19:59:32.000Z,,4,,,,4,6786,0,0,,xslF345X03/primary_doc.xml,PRIMARY DOCUMENT
0001335584-10-000017,2010-01-29,2010-01-27,2010-01-29T20:00:46.000Z,,4,,,,4,6761,0,0,,xslF345X03/primary_doc.xml,PRIMARY DOCUMENT
0001335584-10-000018,2010-02-02,2010-01-29,2010-02-02T16:01:27.000Z,,4,,,,4,32973,0,0,,xslF345X03/primary_doc.xml,PRIMARY DOCUMENT
0000003570-10-000003,2010-02-09,,2010-02-09T22:13:43.000Z,,CORRESP,,,,CORRESP,31218,0,0,,filename1.htm,
0001085146-10-000189,2010-02-12,,2010-02-12T17:01:18.000Z,34,SC 13G/A,005-46413,10596393,,SC 13G/A,19298,0,0,,chenierea5_02092010.htm,ORBIS INVESTMENT MANAGEMENT LIMITED
0000950123-10-012323,2010-02-12,,2010-02-12T21:36:37.000Z,34,SC 13G,005-46413,10600022,,SC 13G,135631,0,0,,c95872sc13g.htm,SCHEDULE 13G
0000000000-10-009988,2010-02-22,,2010-02-22T21:21:27.000Z,,UPLOAD,,,,LETTER,35790,0,0,,filename1.pdf,
0000003570-10-000005,2010-02-26,2009-12-31,2010-02-26T11:12:11.000Z,34,10-K,001-16383,10636067,,10-K,3102107,0,0,,form_10k.htm,"CHENIERE ENERGY, INC. 12/31/09 FORM 10-K"
0000003570-10-000006,2010-02-26,2010-02-25,2010-02-26T11:13:40.000Z,34,8-K,001-16383,10636069,2.02,8-K,226067,0,0,,form_8-k.htm,"CHENIERE ENERGY, INC. FORM 8-K"
0001335584-10-000019,2010-03-02,2010-02-26,2010-03-02T19:39:32.000Z,,4,,,,4,13906,0,0,,xslF345X03/primary_doc.xml,PRIMARY DOCUMENT
0000003570-10-000010,2010-03-31,2010-03-26,2010-03-31T20:50:48.000Z,34,8-K,001-16383,10719856,1.01,8-K,740029,0,0,,form_8-k.htm,FORM 8-K
0001335584-10-000020,2010-04-01,2010-03-31,2010-04-01T18:58:58.000Z,,4,,,,4,12437,0,0,,xslF345X03/primary_doc.xml,PRIMARY DOCUMENT
0000003570-10-000013,2010-04-06,2010-04-06,2010-04-06T20:34:51.000Z,34,8-K,001-16383,10734628,7.01,8-K,1237828,0,0,,form_8-k.htm,FORM 8-K
0001335584-10-000021,2010-04-09,2010-04-07,2010-04-09T20:54:56.000Z,,4,,,,4,6575,0,0,,xslF345X03/primary_doc.xml,PRIMARY DOCUMENT
0001335584-10-000022,2010-04-09,2010-04-07,2010-04-09T21:17:58.000Z,,4,,,,4,30044,0,0,,xslF345X03/primary_doc.xml,PRIMARY DOCUMENT
0001086364-10-009138,2010-04-12,,2010-04-12T20:24:38.000Z,34,SC 13G/A,005-46413,10745148,,SC 13G/A,15729,0,0,,chenergygroup033110.txt,
0000003570-10-000015,2010-04-14,2010-04-08,2010-04-14T20:49:11.000Z,34,8-K,001-16383,10749882,7.01,8-K,72764,0,0,,form_8-k.htm,FORM 8-K
0000003570-10-000017,2010-04-22,2010-04-21,2010-04-22T21:21:59.000Z,34,8-K,001-16383,10765234,1.01,8-K,380314,0,0,,form_8-k.htm,FORM 8-K
0000003570-10-000018,2010-04-27,2010-04-21,2010-04-27T20:32:57.000Z,34,8-K,001-16383,10773806,5.02,8-K,104154,0,0,,form_8-k.htm,FORM 8-K
0001193125-10-095048,2010-04-27,,2010-04-27T21:21:01.000Z,33,S-3,333-166328,10774333,,S-3,1498040,0,0,,ds3.htm,FORM S-3
0001193125-10-095084,2010-04-28,2010-06-04,2010-04-27T21:36:36.000Z,34,DEF 14A,001-16383,10774505,,DEF 14A,880699,0,0,,ddef14a.htm,DEFINITIVE PROXY STATEMENT
9999999997-10-011248,2010-04-28,2009-12-31,2010-05-12T15:21:28.000Z,34,ARS,001-16383,10012091,,ARS,2049,0,0,,9999999997-10-011248.paper,AUTO-GENERATED PAPER DOCUMENT
0001335584-10-000023,2010-05-03,2010-05-01,2010-05-03T21:01:08.000Z,,4,,,,4,5103,0,0,,xslF345X03/primary_doc.xml,PRIMARY DOCUMENT
9999999995-10-001392,2010-05-05,,2010-05-06T04:15:13.000Z,33,EFFECT,333-166328,10803785,"S-3,,2010-05-05 15:00:00",EFFECT,2412,0,0,,xslEFFECTX01/primary_doc.xml,
0000003570-10-000020,2010-05-07,2010-03-31,2010-05-07T10:02:05.000Z,34,10-Q,001-16383,10810080,,10-Q,990917,0,0,,form_10-q.htm,FORM 10-Q
0000003570-10-000023,2010-05-07,2010-05-06,2010-05-07T12:06:48.000Z,34,8-K,001-16383,10810189,2.02,8-K,156596,0,0,,form_8-k.htm,FORM 8-K
0000003570-10-000025,2010-05-14,2010-05-14,2010-05-14T21:11:02.000Z,34,8-K,001-16383,10834660,8.01,8-K,47837,0,0,,form_8-k.htm,FORM 8-K
0001335584-10-000026,2010-06-02,2010-06-01,2010-06-02T18:58:07.000Z,,4,,,,4,5103,0,0,,xslF345X03/primary_doc.xml,PRIMARY DOCUMENT
0000003570-10-000026,2010-06-04,2010-06-03,2010-06-04T01:01:15.000Z,34,8-K,001-16383,10877338,8.01,8-K,57654,0,0,,form_8-k.htm,FORM 8-K
0000003570-10-000029,2010-06-04,2010-06-04,2010-06-04T18:14:28.000Z,34,8-K,001-16383,10878522,7.01,8-K,893740,0,0,,form_8-k.htm,FORM 8-K
0001335584-10-000027,2010-06-08,2010-06-07,2010-06-08T18:45:34.000Z,,4,,,,4,6029,0,0,,xslF345X03/primary_doc.xml,PRIMARY DOCUMENT
0001335584-10-000028,2010-06-08,2010-06-07,2010-06-08T19:46:11.000Z,,4,,,,4,5335,0,0,,xslF345X03/primary_doc.xml,PRIMARY DOCUMENT
0001335584-10-000029,2010-06-08,2010-06-07,2010-06-08T20:04:10.000Z,,4,,,,4,5356,0,0,,xslF345X03/primary_doc.xml,PRIMARY DOCUMENT
0001335584-10-000030,2010-06-08,2010-06-07,2010-06-08T20:16:59.000Z,,4,,,,4,5305,0,0,,xslF345X03/primary_doc.xml,PRIMARY DOCUMENT
0001335584-10-000031,2010-06-08,2010-06-07,2010-06-08T20:36:08.000Z,,4,,,,4,5994,0,0,,xslF345X03/primary_doc.xml,PRIMARY DOCUMENT
0001335584-10-000032,2010-06-08,2010-06-07,2010-06-08T20:51:12.000Z,,4,,,,4,5300,0,0,,xslF345X03/primary_doc.xml,PRIMARY DOCUMENT
0001335584-10-000033,2010-06-08,2010-06-07,2010-06-08T21:03:50.000Z,,4,,,,4,6038,0,0,,xslF345X03/primary_doc.xml,PRIMARY DOCUMENT
0001335584-10-000034,2010-06-09,2010-06-07,2010-06-09T18:37:48.000Z,,4,,,,4,5749,0,0,,xslF345X03/primary_doc.xml,PRIMARY DOCUMENT
0001335584-10-000035,2010-06-09,2010-06-07,2010-06-09T19:28:12.000Z,,4,,,,4,5817,0,0,,xslF345X03/primary_doc.xml,PRIMARY DOCUMENT
0001335584-10-000036,2010-06-09,2010-06-07,2010-06-09T19:47:02.000Z,,4,,,,4,5180,0,0,,xslF345X03/primary_doc.xml,PRIMARY DOCUMENT
0000003570-10-000032,2010-06-10,2010-06-04,2010-06-10T20:33:43.000Z,34,8-K,001-16383,10890681,5.07,8-K,52663,0,0,,form_8-k.htm,FORM 8-K
0001335584-10-000038,2010-06-16,2010-06-15,2010-06-16T18:18:36.000Z,,4,,,,4,5614,0,0,,xslF345X03/primary_doc.xml,PRIMARY DOCUMENT
0001335584-10-000039,2010-06-16,2010-06-15,2010-06-16T18:34:34.000Z,,4,,,,4,5566,0,0,,xslF345X03/primary_doc.xml,PRIMARY DOCUMENT
0001193125-10-147938,2010-06-28,2010-06-24,2010-06-28T12:17:34.000Z,34,8-K,001-16383,10918836,"1.01,1.02,8.01,9.01",8-K,443032,0,0,,d8k.htm,FORM 8-K
0000003570-10-000034,2010-06-28,2010-06-28,2010-06-28T12:42:49.000Z,34,8-K,001-16383,10918860,7.01,8-K,1637653,0,0,,form_8-k.htm,FORM 8-K
0000003570-10-000037,2010-08-03,2010-08-02,2010-08-03T21:28:06.000Z,34,8-K,001-16383,10988618,"5.02,8.01",8-K,47226,0,0,,form_8-k.htm,FORM 8-K
0000003570-10-000042,2010-08-06,2010-08-05,2010-08-05T23:09:42.000Z,34,8-K,001-16383,10995926,"8.01,9.01",8-K,216983,0,0,,form_8-k.htm,FORM 8-K
0000003570-10-000045,2010-08-06,2010-06-30,2010-08-05T23:55:31.000Z,34,10-Q,001-16383,10995999,,10-Q,1745615,0,0,,form_10-q.htm,FORM 10/Q
0000003570-10-000048,2010-08-06,2010-08-06,2010-08-06T13:35:27.000Z,34,8-K,001-16383,10996491,2.02,8-K,211475,0,0,,form_8-k.htm,FORM 8/K
0001181431-10-041595,2010-08-12,2010-08-02,2010-08-12T19:23:22.000Z,,3,,,,3,7889,0,0,,xslF345X02/rrd283551.xml,FORM 3
0001335584-10-000040,2010-08-12,2010-08-11,2010-08-12T19:53:13.000Z,,4,,,,4,5295,0,0,,xslF345X03/primary_doc.xml,PRIMARY DOCUMENT
0000003570-10-000054,2010-09-01,2010-08-31,2010-09-01T00:01:35.000Z,34,8-K,001-16383,101051151,"7.01,9.01",8-K,38914,0,0,,form_8-k.htm,FORM 8-K
0001335584-10-000042,2010-10-14,2010-10-13,2010-10-14T13:37:06.000Z,,4,,,,4,5040,0,0,,xslF345X03/primary_doc.xml,PRIMARY DOCUMENT
0000003570-10-000068,2010-11-05,2010-09-30,2010-11-04T23:30:40.000Z,34,10-Q,001-16383,101166386,,10-Q,1409087,0,0,,form_10-q.htm,FORM 10Q
0000003570-10-000071,2010-11-05,2010-11-05,2010-11-05T13:40:32.000Z,34,8-K,001-16383,101166947,"2.02,9.01",8-K,211327,0,0,,form_8-k.htm,FORM 8-K
0000003570-10-000073,2010-11-08,2010-09-30,2010-11-08T22:16:59.000Z,34,10-Q/A,001-16383,101173311,,10-Q/A,45245,0,0,,form_10qa.htm,FORM 10Q/A
0001013594-10-000744,2010-11-24,2010-11-22,2010-11-25T00:38:10.000Z,,4,,,,4,38165,0,0,,xslF345X03/chenierefm4-112410_ex.xml,"NOVEMBER 24, 2010"
0001013594-10-000748,2010-11-26,,2010-11-26T22:24:46.000Z,34,SC 13D/A,005-46413,101217160,,SC 13D/A,240122,0,0,,cheniere13da-112410.htm,"NOVEMBER 24, 2010"
0001013594-10-000750,2010-12-06,,2010-12-06T22:25:15.000Z,34,SC 13D/A,005-46413,101234954,,SC 13D/A,223311,0,0,,cheniere13da-120310.htm,"DECEMBER 3, 2010"
0000003570-10-000075,2010-12-10,2010-12-09,2010-12-10T00:59:44.000Z,34,8-K,001-16383,101243496,"1.01,2.03,3.02,5.02,8.01,9.01",8-K,388464,0,0,,form_8-k.htm,FORM 8-K
0001335584-10-000044,2010-12-17,2010-12-15,2010-12-17T16:03:17.000Z,,4,,,,4,8909,0,0,,xslF345X03/primary_doc.xml,PRIMARY DOCUMENT
0000003570-10-000077,2010-12-23,2010-12-22,2010-12-23T16:29:48.000Z,34,8-K,001-16383,101271206,"3.02,5.02,5.03,8.01,9.01",8-K,190746,0,0,,form_8-k.htm,FORM 8-K
0001181431-10-063554,2010-12-23,2010-12-17,2010-12-23T23:50:24.000Z,,3,,,,3,32368,0,0,,xslF345X02/rrd295337.xml,FORM 3
0001181431-10-063555,2010-12-23,2010-12-17,2010-12-23T23:50:53.000Z,,3,,,,3,21956,0,0,,xslF345X02/rrd295302.xml,FORM 3
0001193125-10-287803,2010-12-27,,2010-12-23T23:52:54.000Z,34,SC 13G,005-46413,101273290,,SC 13G,254555,0,0,,dsc13g.htm,SCHEDULE 13G
0000003570-11-000001,2011-01-03,,2011-01-03T16:53:14.000Z,33,D,021-152862,11500866,06,D,17239,0,0,,xslFormDX01/primary_doc.xml,
0001335584-11-000001,2011-01-04,2010-12-30,2011-01-04T15:26:30.000Z,,4,,,,4,5101,0,0,,xslF345X03/primary_doc.xml,PRIMARY DOCUMENT
0001335584-11-000002,2011-01-04,2010-12-30,2011-01-04T16:17:00.000Z,,4,,,,4,5103,0,0,,xslF345X03/primary_doc.xml,PRIMARY DOCUMENT
0001335584-11-000003,2011-01-04,2010-12-30,2011-01-04T16:41:58.000Z,,4,,,,4,5102,0,0,,xslF345X03/primary_doc.xml,PRIMARY DOCUMENT
0001335584-11-000004,2011-01-04,2010-12-30,2011-01-04T18:23:39.000Z,,4,,,,4,6805,0,0,,xslF345X03/primary_doc.xml,PRIMARY DOCUMENT
0001335584-11-000005,2011-01-04,2010-12-30,2011-01-04T18:52:34.000Z,,4,,,,4,5047,0,0,,xslF345X03/primary_doc.xml,PRIMARY DOCUMENT
0001335584-11-000006,2011-01-04,2010-12-30,2011-01-04T22:13:19.000Z,,4,,,,4,9849,0,0,,xslF345X03/primary_doc.xml,PRIMARY DOCUMENT
0001335584-11-000008,2011-01-06,2011-01-04,2011-01-06T22:53:13.000Z,,4,,,,4,5410,0,0,,xslF345X03/primary_doc.xml,PRIMARY DOCUMENT
0001335584-11-000009,2011-01-06,2011-01-04,2011-01-06T23:11:26.000Z,,4,,,,4,5388,0,0,,xslF345X03/primary_doc.xml,PRIMARY DOCUMENT
0001335584-11-000010,2011-01-06,2011-01-04,2011-01-06T23:17:31.000Z,,4,,,,4,5415,0,0,,xslF345X03/primary_doc.xml,PRIMARY DOCUMENT
0001335584-11-000011,2011-01-06,2011-01-04,2011-01-06T23:25:15.000Z,,4,,,,4,5401,0,0,,xslF345X03/primary_doc.xml,PRIMARY DOCUMENT
0001335584-11-000012,2011-01-06,2010-12-30,2011-01-06T23:46:45.000Z,,4/A,,,,4/A,5779,0,0,,xslF345X03/primary_doc.xml,PRIMARY DOCUMENT
0001335584-11-000013,2011-01-06,2011-01-04,2011-01-06T23:54:40.000Z,,4,,,,4,6097,0,0,,xslF345X03/primary_doc.xml,PRIMARY DOCUMENT
0001335584-11-000014,2011-01-06,2011-01-04,2011-01-07T00:03:29.000Z,,4,,,,4,5420,0,0,,xslF345X03/primary_doc.xml,PRIMARY DOCUMENT
0000003570-11-000003,2011-01-10,2011-01-07,2011-01-10T21:38:04.000Z,34,8-K,001-16383,11520463,"5.02,9.01",8-K,72081,0,0,,ceidirectorcompform8k.htm,FORM 8-K
0001335584-11-000015,2011-01-11,2011-01-07,2011-01-11T15:02:52.000Z,,4,,,,4,5725,0,0,,xslF345X03/primary_doc.xml,PRIMARY DOCUMENT
0000003570-11-000009,2011-01-14,,2011-01-14T22:26:32.000Z,33,S-3,333-171736,11531159,,S-3,321493,0,0,,form_s3.htm,FORM S-3 RESALE
0001335584-11-000016,2011-01-19,2011-01-18,2011-01-19T21:57:52.000Z,,4,,,,4,8037,0,0,,xslF345X03/primary_doc.xml,PRIMARY DOCUMENT
0001335584-11-000017,2011-01-19,2011-01-18,2011-01-19T22:07:09.000Z,,4,,,,4,5103,0,0,,xslF345X03/primary_doc.xml,PRIMARY DOCUMENT
0001335584-11-000018,2011-01-19,2011-01-18,2011-01-19T22:20:09.000Z,,4,,,,4,7657,0,0,,xslF345X03/primary_doc.xml,PRIMARY DOCUMENT
0001335584-11-000019,2011-01-28,2011-01-26,2011-01-28T21:29:35.000Z,,4,,,,4,5768,0,0,,xslF345X03/primary_doc.xml,PRIMARY DOCUMENT
0000003570-11-000016,2011-01-31,,2011-01-31T22:11:21.000Z,33,S-3/A,333-171736,11560357,,S-3/A,293678,0,0,,form_s3a.htm,CEI FORM S-3/A
0001335584-11-000020,2011-02-02,2011-02-01,2011-02-02T21:57:07.000Z,,4,,,,4,6017,0,0,,xslF345X03/primary_doc.xml,PRIMARY DOCUMENT
9999999995-11-000332,2011-02-02,,2011-02-03T05:15:12.000Z,33,EFFECT,333-171736,11568382,"S-3,,2011-02-02 17:30:00",EFFECT,2412,0,0,,xslEFFECTX01/primary_doc.xml,
0000003570-11-000021,2011-02-03,,2011-02-02T22:51:21.000Z,33,424B3,333-171736,11567770,,424B3,126553,0,0,,form_424b3.htm,FORM 424B3
0001086364-11-002609,2011-02-03,,2011-02-03T22:17:15.000Z,34,SC 13G/A,005-46413,11571161,,SC 13G/A,13640,0,0,,cheniereenergyinc123110.txt,
0001085146-11-000275,2011-02-14,,2011-02-14T18:48:28.000Z,34,SC 13G/A,005-46413,11605097,,SC 13G/A,31240,0,0,,che16411r208a6_21411.htm,ORBIS INVESTMENT MANAGEMENT LIMITED
0000950123-11-013661,2011-02-14,,2011-02-14T23:27:24.000Z,34,SC 13G/A,005-46413,11609075,,SC 13G/A,127192,0,0,,c12447sc13gza.htm,SCHEDULE 13G/A
0001335584-11-000021,2011-02-16,2011-02-14,2011-02-16T21:47:36.000Z,,4,,,,4,5762,0,0,,xslF345X03/primary_doc.xml,PRIMARY DOCUMENT
0001085146-11-000406,2011-02-28,,2011-02-28T21:09:07.000Z,34,SC 13G/A,005-46413,11646171,,SC 13G/A,31251,0,0,,che16411r208a7_22811.htm,ORBIS INVESTMENT MANAGEMENT LIMITED
0000003570-11-000026,2011-03-03,2010-12-31,2011-03-02T23:13:42.000Z,34,10-K,001-16383,11657784,,10-K,2829197,0,0,,cei201010k.htm,FORM 10K
0000003570-11-000028,2011-03-03,2011-03-03,2011-03-03T14:51:55.000Z,34,8-K,001-16383,11658620,"2.02,9.01",8-K,201517,0,0,,cei4thqtr2010pressreleasef.htm,FORM 8/K
0001181431-11-015357,2011-03-03,2011-03-01,2011-03-03T22:58:53.000Z,,3,,,,3,7554,0,0,,xslF345X02/rrd303813.xml,FORM 3
0001335584-11-000022,2011-03-03,2011-03-01,2011-03-03T23:20:51.000Z,,4,,,,4,4984,0,0,,xslF345X03/primary_doc.xml,PRIMARY DOCUMENT
0001335584-11-000023,2011-03-03,2011-03-01,2011-03-03T23:34:45.000Z,,4,,,,4,5604,0,0,,xslF345X03/primary_doc.xml,PRIMARY DOCUMENT
0001193125-11-057743,2011-03-07,2011-06-16,2011-03-07T21:36:42.000Z,34,PRE 14A,001-16383,11669156,,PRE 14A,1269017,0,0,,dpre14a.htm,PRELIMINARY PROXY STATEMENT
0000003570-11-000031,2011-03-08,2011-03-07,2011-03-08T01:45:14.000Z,34,8-K,001-16383,11670221,8.01,8-K,43985,0,0,,ceicenterbridge8k.htm,
0000003570-11-000033,2011-03-08,2011-03-02,2011-03-08T21:36:17.000Z,34,8-K,001-16383,11672420,"5.02,9.01",8-K,89580,0,0,,ceicompform8k.htm,
0001335584-11-000024,2011-03-16,2011-03-14,2011-03-16T20:35:55.000Z,,4,,,,4,5355,0,0,,xslF345X03/primary_doc.xml,PRIMARY DOCUMENT
0001335584-11-000025,2011-03-23,2011-03-23,2011-03-23T20:56:38.000Z,,4,,,,4,4669,0,0,,xslF345X03/primary_doc.xml,PRIMARY DOCUMENT
0001335584-11-000026,2011-04-01,2011-03-30,2011-04-01T20:37:03.000Z,,4,,,,4,9004,0,0,,xslF345X03/primary_doc.xml,PRIMARY DOCUMENT
0001335584-11-000027,2011-04-04,2011-04-01,2011-04-04T20:38:30.000Z,,4,,,,4,6033,0,0,,xslF345X03/primary_doc.xml,PRIMARY DOCUMENT
0001517339-11-000001,2011-04-07,2011-04-05,2011-04-07T20:57:22.000Z,,4,,,,4,16368,0,0,,xslF345X03/primary_doc.xml,PRIMARY DOCUMENT
0001517339-11-000002,2011-04-26,2011-03-14,2011-04-26T21:58:02.000Z,,4,,,,4,5372,0,0,,xslF345X03/primary_doc.xml,PRIMARY DOCUMENT
0001193125-11-115311,2011-04-28,2011-06-16,2011-04-28T20:31:00.000Z,34,DEF 14A,001-16383,11788889,,DEF 14A,1283638,0,0,,ddef14a.htm,DEFINITIVE PROXY STATEMENT
9999999997-11-009871,2011-04-28,2010-12-31,2011-05-05T15:43:16.000Z,34,ARS,001-16383,11007174,,ARS,1637,0,0,,9999999997-11-009871.paper,AUTO-GENERATED PAPER DOCUMENT
0001517339-11-000003,2011-05-03,2011-05-02,2011-05-03T21:20:21.000Z,,4,,,,4,4695,0,0,,xslF345X03/primary_doc.xml,PRIMARY DOCUMENT
0001517339-11-000004,2011-05-03,2011-05-02,2011-05-03T21:53:40.000Z,,4,,,,4,6033,0,0,,xslF345X03/primary_doc.xml,PRIMARY DOCUMENT
0000003570-11-000038,2011-05-06,2011-03-31,2011-05-05T23:43:26.000Z,34,10-Q,001-16383,11816388,,10-Q,1012623,0,0,,cei1stqtr201110q.htm,
0000003570-11-000040,2011-05-06,2011-05-06,2011-05-06T13:34:45.000Z,34,8-K,001-16383,11816908,"2.02,9.01",8-K,150343,0,0,,cei1stqtr2011pressreleasef.htm,
0000003570-11-000042,2011-05-20,2011-05-20,2011-05-20T21:05:09.000Z,34,8-K,001-16383,11862357,"8.01,9.01",8-K,40534,0,0,,cei2011form8kdoeapproval.htm,
0000003570-11-000044,2011-05-31,2011-05-31,2011-05-31T21:12:33.000Z,34,8-K,001-16383,11882261,"7.01,9.01",8-K,4721410,0,0,,cei2011june8-kupdatecorppr.htm,
0000003570-11-000046,2011-05-31,2011-05-31,2011-05-31T21:18:55.000Z,34,8-K,001-16383,11882370,"7.01,9.01",8-K,50513,0,0,,cei20118kequitylaunch.htm,
0001193125-11-154965,2011-05-31,,2011-05-31T21:27:39.000Z,33,424B5,333-166328,11882607,,424B5,844978,0,0,,d424b5.htm,PRELIMINARY PROSPECTUS SUPPLEMENT
0000003570-11-000049,2011-06-01,2011-06-01,2011-06-01T13:18:00.000Z,34,8-K,001-16383,11883734,"7.01,9.01",8-K,53302,0,0,,cei20118kjuneequitypricing.htm,
0001193125-11-156255,2011-06-01,,2011-06-01T20:43:52.000Z,33,424B5,333-166328,11885704,,424B5,816624,0,0,,d424b5.htm,DEFINITIVE PROSPECTUS SUPPLEMENT
0001517339-11-000007,2011-06-03,2011-06-01,2011-06-03T21:12:17.000Z,,4,,,,4,6036,0,0,,xslF345X03/primary_doc.xml,PRIMARY DOCUMENT
0000003570-11-000054,2011-06-06,2011-05-31,2011-06-06T15:00:14.000Z,34,8-K,001-16383,11894232,"1.01,7.01,8.01,9.01",8-K,255784,0,0,,ceijune2011equityclosing8-k.htm,
0000003570-11-000057,2011-06-22,2011-06-16,2011-06-22T21:02:13.000Z,34,8-K,001-16383,11926067,"5.02,5.07,9.01",8-K,390077,0,0,,cei2011form8k2011incentive.htm,
0001517339-11-000010,2011-06-22,2011-06-20,2011-06-22T21:04:01.000Z,,4,,,,4,5619,0,0,,xslF345X03/primary_doc.xml,PRIMARY DOCUMENT
0001517339-11-000011,2011-06-22,2011-06-20,2011-06-22T21:10:11.000Z,,4,,,,4,4889,0,0,,xslF345X03/primary_doc.xml,PRIMARY DOCUMENT
0001517339-11-000012,2011-06-22,2011-06-20,2011-06-22T21:24:05.000Z,,4,,,,4,4924,0,0,,xslF345X03/primary_doc.xml,PRIMARY DOCUMENT
0001517339-11-000013,2011-06-22,2011-06-20,2011-06-22T21:32:11.000Z,,4,,,,4,4881,0,0,,xslF345X03/primary_doc.xml,PRIMARY DOCUMENT
0001517339-11-000014,2011-06-22,2011-06-20,2011-06-22T21:38:35.000Z,,4,,,,4,4894,0,0,,xslF345X03/primary_doc.xml,PRIMARY DOCUMENT
0001517339-11-000015,2011-06-22,2011-06-20,2011-06-22T22:05:47.000Z,,4,,,,4,4769,0,0,,xslF345X03/primary_doc.xml,PRIMARY DOCUMENT
0001517339-11-000016,2011-06-22,2011-06-20,2011-06-22T22:17:31.000Z,,4,,,,4,4938,0,0,,xslF345X03/primary_doc.xml,PRIMARY DOCUMENT
0001517339-11-000017,2011-06-22,2011-06-20,2011-06-22T22:28:33.000Z,,4,,,,4,5583,0,0,,xslF345X03/primary_doc.xml,PRIMARY DOCUMENT
0000003570-11-000059,2011-07-01,,2011-07-01T15:58:14.000Z,33,S-8,333-175297,11945172,,S-8,176990,0,0,,cei2011forms8incentiveplan.htm,
0001181431-11-039730,2011-07-05,2011-06-30,2011-07-05T20:30:57.000Z,,4,,,,4,8495,0,0,,xslF345X03/rrd316981.xml,FORM 4
0001181431-11-039733,2011-07-05,2011-06-30,2011-07-05T20:31:28.000Z,,4,,,,4,8505,0,0,,xslF345X03/rrd316978.xml,FORM 4
0001181431-11-039734,2011-07-05,2011-06-30,2011-07-05T20:31:53.000Z,,4,,,,4,8495,0,0,,xslF345X03/rrd316976.xml,FORM 4
0001181431-11-039735,2011-07-05,2011-06-30,2011-07-05T20:32:12.000Z,,4,,,,4,8505,0,0,,xslF345X03/rrd316969.xml,FORM 4
0001181431-11-039737,2011-07-05,2011-06-30,2011-07-05T20:32:36.000Z,,4,,,,4,8457,0,0,,xslF345X03/rrd316966.xml,FORM 4
0001181431-11-039739,2011-07-05,2011-06-30,2011-07-05T20:34:13.000Z,,4,,,,4,9209,0,0,,xslF345X03/rrd316963.xml,FORM 4
0001517339-11-000018,2011-07-06,2011-07-01,2011-07-06T20:11:36.000Z,,4,,,,4,6032,0,0,,xslF345X03/primary_doc.xml,PRIMARY DOCUMENT
0001209191-11-040246,2011-07-20,2011-07-18,2011-07-20T18:19:53.000Z,,4,,,,4,38800,0,0,,xslF345X03/c20162_4x1.xml,MAIN DOCUMENT DESCRIPTION
0001209191-11-040247,2011-07-20,2011-07-18,2011-07-20T18:24:13.000Z,,4,,,,4,37367,0,0,,xslF345X03/c20163_4x1.xml,MAIN DOCUMENT DESCRIPTION
0000003570-11-000061,2011-08-03,2011-08-02,2011-08-02T23:07:32.000Z,34,8-K,001-16383,111004927,"7.01,9.01",8-K,4328586,0,0,,cei2011form8kcorppresaug.htm,
0001526293-11-000001,2011-08-03,2011-08-01,2011-08-03T21:07:45.000Z,,4,,,,4,6038,0,0,,xslF345X03/primary_doc.xml,PRIMARY DOCUMENT
0000003570-11-000066,2011-08-05,2011-06-30,2011-08-05T01:32:45.000Z,34,10-Q,001-16383,111011952,,10-Q,4327250,1,0,,cei2011form10q2ndqtr.htm,
0000003570-11-000068,2011-08-05,2011-08-05,2011-08-05T16:30:17.000Z,34,8-K,001-16383,111013171,"2.02,9.01",8-K,219635,0,0,,cei2011form8k2ndqtrearning.htm,
0001086364-11-005090,2011-08-08,,2011-08-08T15:33:12.000Z,34,SC 13G/A,005-46413,111016136,,SC 13G/A,13358,0,0,,cheniereenerg07292011.txt,
0001526293-11-000002,2011-09-06,2011-09-01,2011-09-06T20:09:00.000Z,,4,,,,4,6030,0,0,,xslF345X03/primary_doc.xml,PRIMARY DOCUMENT
0000003570-11-000070,2011-09-12,2011-09-08,2011-09-12T20:44:45.000Z,34,8-K/A,001-16383,111086072,5.07,8-K/A,41432,0,0,,cei2011form8kasayonpayvote.htm,
0000003570-11-000073,2011-09-13,2011-09-13,2011-09-13T20:14:33.000Z,34,8-K,001-16383,111088248,"1.01,2.03,3.02",8-K,51340,0,0,,form8-kninthamendment.htm,FORM 8K NINTH AMENDMENT
0001526293-11-000003,2011-09-15,2011-09-13,2011-09-15T21:59:25.000Z,,4,,,,4,8704,0,0,,xslF345X03/primary_doc.xml,PRIMARY DOCUMENT
0000003570-11-000077,2011-09-22,2011-09-22,2011-09-22T21:22:23.000Z,34,8-K,001-16383,111103737,"1.01,9.01",8-K,352688,0,0,,cei2011form8kmillertabakatm.htm,
0000003570-11-000078,2011-09-22,,2011-09-22T21:23:22.000Z,33,424B5,333-166328,111103744,,424B5,481655,0,0,,cei2011form424b5prospectus.htm,
0000003570-11-000081,2011-09-23,2011-09-22,2011-09-22T21:37:05.000Z,34,8-K,001-16383,111103793,"7.01,9.01",8-K,7209317,0,0,,cei2011form8koctcorporatep.htm,
0001526293-11-000006,2011-10-05,2011-10-03,2011-10-05T20:02:14.000Z,,4,,,,4,6030,0,0,,xslF345X03/primary_doc.xml,PRIMARY DOCUMENT
0001526293-11-000007,2011-10-19,2011-10-17,2011-10-19T20:03:23.000Z,,4,,,,4,5367,0,0,,xslF345X03/primary_doc.xml,PRIMARY DOCUMENT
0000003570-11-000084,2011-10-26,2011-10-25,2011-10-26T12:07:09.000Z,34,8-K,001-16383,111157957,"1.01,8.01,9.01",8-K,75208,0,0,,cei8-kbgliquefactionagreem.htm,FORM 8-K
0001526293-11-000008,2011-10-28,2011-10-26,2011-10-28T20:09:34.000Z,,4,,,,4,4923,0,0,,xslF345X03/primary_doc.xml,PRIMARY DOCUMENT
0001526293-11-000009,2011-11-03,2011-11-01,2011-11-03T20:26:33.000Z,,4,,,,4,6033,0,0,,xslF345X03/primary_doc.xml,PRIMARY DOCUMENT
0000003570-11-000087,2011-11-07,2011-09-30,2011-11-04T23:53:37.000Z,34,10-Q,001-16383,111182520,,10-Q,5036771,1,0,,cei2011form10q3rdqtr.htm,
0000003570-11-000089,2011-11-07,2011-11-07,2011-11-07T15:11:12.000Z,34,8-K,001-16383,111183140,"2.02,9.01",8-K,223135,0,0,,cei2011form8k3rdqtrearning.htm,
0001193125-11-309236,2011-11-14,2011-11-11,2011-11-14T13:55:37.000Z,34,8-K,001-16383,111198077,"1.01,8.01,9.01",8-K,32243,0,0,,d255860d8k.htm,FORM 8-K
0001526293-11-000010,2011-11-17,2011-11-15,2011-11-17T21:28:42.000Z,,4,,,,4,5354,0,0,,xslF345X03/primary_doc.xml,PRIMARY DOCUMENT
0000003570-11-000092,2011-11-21,2011-11-21,2011-11-21T21:31:41.000Z,34,8-K,001-16383,111219333,"1.01,8.01,9.01",8-K,73027,0,0,,cei8-kgasnatliquefactionag.htm,FORM 8-K
0001181431-11-057990,2011-11-30,2011-11-28,2011-11-30T21:48:12.000Z,,4,,,,4,9338,0,0,,xslF345X03/rrd326833.xml,FORM 4
0001181431-11-058744,2011-12-05,2011-12-01,2011-12-05T21:05:21.000Z,,4,,,,4,5911,0,0,,xslF345X03/rrd327213.xml,FORM 4
0000003570-11-000094,2011-12-05,2011-12-05,2011-12-05T21:30:13.000Z,34,8-K,001-16383,111243324,"7.01,9.01",8-K,7343358,0,0,,cei2011form8kdecembercorpo.htm,
0000003570-11-000096,2011-12-12,2011-12-11,2011-12-12T11:11:44.000Z,34,8-K,001-16383,111254934,"1.01,8.01,9.01",8-K,72906,0,0,,cei8-kgailliquefactionagre.htm,
0001193125-11-339491,2011-12-13,,2011-12-13T21:07:36.000Z,33,424B3,333-166328,111258655,,424B3,830239,0,0,,d259532d424b3.htm,PRELIMINARY PROSPECTUS SUPPLEMENT
0001193125-11-339525,2011-12-13,2011-12-13,2011-12-13T21:19:34.000Z,34,8-K,001-16383,111258768,"7.01,9.01",8-K,76244,0,0,,d268822d8k.htm,FORM 8-K
0001193125-11-340312,2011-12-14,2011-12-14,2011-12-14T14:17:33.000Z,34,8-K,001-16383,111259917,"7.01,9.01",8-K,86148,0,0,,d268827d8k.htm,FORM 8-K
0001193125-11-341161,2011-12-15,,2011-12-14T23:37:42.000Z,33,424B5,333-166328,111262011,,424B5,829160,0,0,,d259532d424b5.htm,DEFINITIVE PROSPECTUS SUPPLEMENT
0001193125-11-345099,2011-12-19,2011-12-14,2011-12-19T16:58:34.000Z,34,8-K,001-16383,111268449,"1.01,7.01,8.01,9.01",8-K,238596,0,0,,d270071d8k.htm,FORM 8-K
0001181431-11-061159,2011-12-19,2011-12-15,2011-12-19T22:08:31.000Z,,4,,,,4,8141,0,0,,xslF345X03/rrd328614.xml,FORM 4
0001181431-11-061160,2011-12-19,2011-12-15,2011-12-19T22:09:30.000Z,,4,,,,4,8161,0,0,,xslF345X03/rrd328612.xml,FORM 4
0001181431-11-061161,2011-12-19,2011-12-15,2011-12-19T22:09:45.000Z,,4,,,,4,8164,0,0,,xslF345X03/rrd328611.xml,FORM 4
0001181431-11-061162,2011-12-19,2011-12-15,2011-12-19T22:10:02.000Z,,4,,,,4,8167,0,0,,xslF345X03/rrd328610.xml,FORM 4
0001181431-11-061163,2011-12-19,2011-12-15,2011-12-19T22:10:18.000Z,,4,,,,4,8172,0,0,,xslF345X03/rrd328608.xml,FORM 4
0001181431-11-061164,2011-12-19,2011-12-15,2011-12-19T22:10:34.000Z,,4,,,,4,8853,0,0,,xslF345X03/rrd328606.xml,FORM 4
9999999997-11-017654,2011-12-20,,2011-12-20T20:57:44.000Z,34,CT ORDER,001-16383,111272095,"20111220,20111220",CT ORDER,14654,0,0,,filename1.pdf,
0001181431-11-061817,2011-12-22,2011-12-21,2011-12-22T23:11:57.000Z,,4,,,,4,8135,0,0,,xslF345X03/rrd329002.xml,FORM 4
0001181431-11-061818,2011-12-22,2011-12-21,2011-12-22T23:12:16.000Z,,4,,,,4,8162,0,0,,xslF345X03/rrd329001.xml,FORM 4
0001181431-11-061819,2011-12-22,2011-12-21,2011-12-22T23:13:04.000Z,,4,,,,4,8155,0,0,,xslF345X03/rrd329000.xml,FORM 4
0001181431-11-061820,2011-12-22,2011-12-21,2011-12-22T23:14:25.000Z,,4,,,,4,8166,0,0,,xslF345X03/rrd328998.xml,FORM 4
0001181431-11-061821,2011-12-22,2011-12-20,2011-12-22T23:14:45.000Z,,4,,,,4,10210,0,0,,xslF345X03/rrd328996.xml,FORM 4
0001181431-11-062060,2011-12-28,2011-12-23,2011-12-28T21:07:26.000Z,,4,,,,4,6737,0,0,,xslF345X03/rrd329044.xml,FORM 4
0000899140-11-000636,2011-12-29,,2011-12-29T21:02:14.000Z,34,SC 13G,005-46413,111286730,,SC 13G,143444,0,0,,c7345756a.htm,
0001526293-12-000001,2012-01-05,2012-01-03,2012-01-05T21:28:57.000Z,,4,,,,4,6717,0,0,,xslF345X03/primary_doc.xml,PRIMARY DOCUMENT
0000003570-12-000002,2012-01-06,2012-01-06,2012-01-06T18:23:11.000Z,34,8-K,001-16383,12513900,"8.01,9.01",8-K,49085,0,0,,cei2012form8ktermloanprepa.htm,
0001526293-12-000002,2012-01-09,2012-01-05,2012-01-09T21:14:59.000Z,,4,,,,4,4919,0,0,,xslF345X03/primary_doc.xml,PRIMARY DOCUMENT
0000003570-12-000004,2012-01-17,2012-01-17,2012-01-17T15:05:26.000Z,34,8-K,001-16383,12528387,"7.01,9.01",8-K,5098106,0,0,,cei2012form8kcorppresentat.htm,
0001181431-12-002904,2012-01-18,2012-01-13,2012-01-18T21:31:54.000Z,,4,,,,4,5041,0,0,,xslF345X03/rrd330984.xml,FORM 4
0001181431-12-003152,2012-01-19,2012-01-17,2012-01-19T21:30:43.000Z,,4,,,,4,5231,0,0,,xslF345X03/rrd331117.xml,FORM 4
0000003570-12-000006,2012-01-26,2012-01-25,2012-01-26T13:37:07.000Z,34,8-K,001-16383,12546109,"1.01,8.01,9.01",8-K,85862,0,0,,cei2012form8kbgspaamended.htm,
0000003570-12-000008,2012-01-30,2012-01-30,2012-01-30T14:05:14.000Z,34,8-K,001-16383,12554007,"1.01,8.01,9.01",8-K,70160,0,0,,cei20128-kkogasspa.htm,
0000003570-12-000010,2012-01-30,2012-01-24,2012-01-30T21:41:33.000Z,34,8-K,001-16383,12556098,5.02,8-K,54227,0,0,,cei2012form8kexecutivecomp.htm,
0001181431-12-005717,2012-02-03,2012-02-01,2012-02-03T21:01:34.000Z,,4,,,,4,6173,0,0,,xslF345X03/rrd332561.xml,FORM 4
0000053417-12-000077,2012-02-13,,2012-02-11T02:06:00.000Z,34,SC 13G,005-46413,12594986,,SC 13G,8976,0,0,,lng1211.txt,"CHENIERE ENERGY, INC. 13G ANNUAL FILING"
0001086364-12-001303,2012-02-13,,2012-02-13T15:23:30.000Z,34,SC 13G/A,005-46413,12595822,,SC 13G/A,13337,0,0,,cheniere.energy.inc.txt,
0001137774-12-000012,2012-02-13,,2012-02-13T20:47:30.000Z,34,SC 13G,005-46413,12598918,,SC 13G,8894,0,0,,chen.htm,
0001085146-12-000374,2012-02-14,,2012-02-14T15:08:34.000Z,34,SC 13G/A,005-46413,12603402,,SC 13G/A,32276,0,0,,che16411r208a8_21412.htm,ORBIS INVESTMENT MANAGEMENT LIMITED
0001193125-12-060623,2012-02-14,,2012-02-14T20:57:28.000Z,34,SC 13G/A,005-46413,12609331,,SC 13G/A,275522,0,0,,d296477dsc13ga.htm,AMENDMENT NO. 1 TO SCHEDULE 13G
0001526293-12-000003,2012-02-14,2011-12-31,2012-02-14T21:18:42.000Z,,5,,,,5,7075,0,0,,xslF345X03/primary_doc.xml,PRIMARY DOCUMENT
0000899140-12-000152,2012-02-14,,2012-02-14T21:41:04.000Z,34,SC 13G/A,005-46413,12610945,,SC 13G/A,136691,0,0,,c7455517.htm,AMENDMENT NO. 1
0001526293-12-000004,2012-02-14,2011-12-31,2012-02-14T21:43:51.000Z,,5,,,,5,12075,0,0,,xslF345X03/primary_doc.xml,PRIMARY DOCUMENT
0001193125-12-061099,2012-02-14,,2012-02-14T21:46:38.000Z,34,SC 13G/A,005-46413,12611177,,SC 13G/A,162911,0,0,,d301657dsc13ga.htm,AMENDMENT NO.2 TO SCHEDULE 13G
0001526293-12-000005,2012-02-17,2012-02-15,2012-02-17T21:14:39.000Z,,4,,,,4,5352,0,0,,xslF345X03/primary_doc.xml,PRIMARY DOCUMENT
0000003570-12-000016,2012-02-24,2011-12-31,2012-02-24T11:59:20.000Z,34,10-K,001-16383,12635700,,10-K,2981753,0,0,,cei2011form10k.htm,
0000003570-12-000018,2012-02-24,2012-02-24,2012-02-24T14:32:14.000Z,34,8-K,001-16383,12635934,"2.02,9.01",8-K,190936,0,0,,cei2012form8k4thqtr2011ear.htm,
0000003570-12-000020,2012-02-27,2012-02-25,2012-02-27T12:34:55.000Z,34,8-K,001-16383,12640150,"8.01,9.01",8-K,48280,0,0,,cei2012form8kblackstone.htm,
0001526293-12-000006,2012-03-05,2012-03-01,2012-03-05T21:23:47.000Z,,4,,,,4,6291,0,0,,xslF345X03/primary_doc.xml,PRIMARY DOCUMENT
0001181431-12-014243,2012-03-05,2012-03-01,2012-03-05T21:37:36.000Z,,4,,,,4,8443,0,0,,xslF345X03/rrd337143.xml,FORM 4
0000003570-12-000022,2012-03-07,2012-03-07,2012-03-07T11:39:57.000Z,34,8-K,001-16383,12672434,"8.01,9.01",8-K,56452,0,0,,cei2012form8kblackstoneter.htm,
0001193125-12-112237,2012-03-13,,2012-03-13T21:02:04.000Z,33,424B3,333-166328,12687738,,424B3,709764,0,0,,d314132d424b3.htm,PRELIMINARY PROSPECTUS SUPPLEMENT
0001193125-12-112275,2012-03-13,2012-03-13,2012-03-13T21:07:59.000Z,34,8-K,001-16383,12687802,"7.01,9.01",8-K,22990,0,0,,d315090d8k.htm,8-K
0001193125-12-113927,2012-03-14,2012-03-14,2012-03-14T14:08:26.000Z,34,8-K,001-16383,12689102,"7.01,9.01",8-K,23983,0,0,,d315321d8k.htm,FORM 8-K
0001193125-12-115246,2012-03-15,,2012-03-14T21:34:24.000Z,33,424B5,333-166328,12691281,,424B5,709098,0,0,,d314132d424b5.htm,DEFINITIVE PROSPECTUS SUPPLEMENT
0001193125-12-121178,2012-03-19,2012-03-14,2012-03-19T17:13:04.000Z,34,8-K,001-16383,12699987,"1.01,7.01,9.01",8-K,239947,0,0,,d318112d8k.htm,FORM 8-K
0001526293-12-000007,2012-03-19,2012-03-15,2012-03-19T20:15:28.000Z,,4,,,,4,5352,0,0,,xslF345X03/primary_doc.xml,PRIMARY DOCUMENT
0000003570-12-000023,2012-03-22,2011-12-31,2012-03-22T18:55:12.000Z,34,10-K/A,001-16383,12709122,,10-K/A,11919670,1,0,,cei2011form10ka.htm,
0001193125-12-135038,2012-03-28,2012-06-01,2012-03-27T23:43:41.000Z,34,PRE 14A,001-16383,12718380,,PRE 14A,830698,0,0,,d258922dpre14a.htm,PRELIMINARY PROXY STATEMENT
0001526293-12-000008,2012-04-04,2012-04-02,2012-04-04T20:13:19.000Z,,4,,,,4,6287,0,0,,xslF345X03/primary_doc.xml,PRIMARY DOCUMENT
0000003570-12-000027,2012-04-17,2012-04-16,2012-04-17T10:25:24.000Z,34,8-K,001-16383,12762525,"8.01,9.01",8-K,52759,0,0,,cei2012form8kfercauthoriza.htm,
0000003570-12-000028,2012-04-17,2012-04-16,2012-04-17T10:28:03.000Z,34,8-K,001-16383,12762527,3.02,8-K,42698,0,0,,cei2012form8kscorpion.htm,
0001526293-12-000009,2012-04-18,2012-04-16,2012-04-18T20:42:54.000Z,,4,,,,4,5354,0,0,,xslF345X03/primary_doc.xml,PRIMARY DOCUMENT
0001526293-12-000010,2012-04-18,2012-04-16,2012-04-18T21:24:45.000Z,,4,,,,4,9474,0,0,,xslF345X03/primary_doc.xml,PRIMARY DOCUMENT
0001193125-12-170743,2012-04-19,2012-06-01,2012-04-19T20:31:08.000Z,34,DEF 14A,001-16383,12768748,,DEF 14A,831301,0,0,,d258922ddef14a.htm,DEFINITIVE PROXY STATEMENT
0000003570-12-000030,2012-04-27,2012-04-23,2012-04-27T20:47:36.000Z,34,8-K,001-16383,12790457,"5.02,9.01",8-K,93125,0,0,,cei2012form8kabiteboul.htm,
0000003570-12-000032,2012-05-03,2012-05-01,2012-05-03T20:55:21.000Z,,4,,,,4,6742,0,0,,xslF345X03/wf-form4_133607850678895.xml,FORM 4 - GENERATED BY WEBFILINGS
0000003570-12-000034,2012-05-03,2012-05-01,2012-05-03T21:00:00.000Z,,4,,,,4,4968,0,0,,xslF345X03/wf-form4_133607878683231.xml,FORM 4 - GENERATED BY WEBFILINGS
0000003570-12-000037,2012-05-04,2012-03-31,2012-05-04T10:57:23.000Z,34,10-Q,001-16383,12811836,,10-Q,6764504,1,0,,cei20121stqtrform10q.htm,
0000003570-12-000039,2012-05-04,2012-05-04,2012-05-04T12:37:35.000Z,34,8-K,001-16383,12811992,"2.02,9.01",8-K,185330,0,0,,cei2012form8k1stqtr2012er.htm,
0001193125-12-213562,2012-05-07,2012-05-07,2012-05-07T12:00:44.000Z,34,8-K,001-16383,12815948,8.01,8-K,45866,0,0,,d348330d8k.htm,FORM 8-K
0001193125-12-213570,2012-05-07,,2012-05-07T12:03:56.000Z,33,S-3ASR,333-181190,12815961,,S-3ASR,1532241,0,0,,d345236ds3asr.htm,FORM S-3
0001193125-12-213613,2012-05-07,,2012-05-07T12:23:30.000Z,33,424B2,333-181190,12815981,,424B2,709711,0,0,,d344454d424b2.htm,424(B)(2) FILING
0001193125-12-213640,2012-05-07,2012-05-07,2012-05-07T12:34:23.000Z,34,8-K,001-16383,12816000,"7.01,9.01",8-K,51201,0,0,,d348332d8k.htm,FORM 8-K
0001193125-12-213646,2012-05-07,2012-05-07,2012-05-07T12:35:55.000Z,34,8-K,001-16383,12816006,"8.01,9.01",8-K,53428,0,0,,d348334d8k.htm,FORM 8-K
0000003570-12-000044,2012-05-10,2012-05-09,2012-05-10T19:15:00.000Z,34,8-K,001-16383,12829849,"1.01,9.01",8-K,223077,0,0,,a8-k31millionsharepurchase.htm,FORM 8-K
0000003570-12-000046,2012-05-15,2012-05-14,2012-05-15T18:06:23.000Z,34,8-K,001-16383,12843245,"1.01,8.01,9.01",8-K,94181,0,0,,cei2012form8kblackstonetra.htm,
0000003570-12-000048,2012-05-17,2012-05-15,2012-05-17T20:12:34.000Z,,4,,,,4,5353,0,0,,xslF345X03/wf-form4_133728553712365.xml,FORM 4
0001193125-12-238988,2012-05-18,,2012-05-18T10:16:49.000Z,34,SC 13G,005-46413,12853834,,SC 13G,96795,0,0,,d355582dsc13g.htm,SCHEDULE 13G
0001193125-12-239287,2012-05-18,,2012-05-18T14:13:38.000Z,34,SC 13G,005-46413,12854135,,SC 13G,92555,0,0,,d355388dsc13g.htm,SCHEDULE 13G
0000003570-12-000049,2012-05-21,2012-05-17,2012-05-21T20:18:21.000Z,,4,,,,4,5153,0,0,,xslF345X03/wf-form4_133763148527475.xml,FORM 4
0000003570-12-000050,2012-05-21,2012-05-17,2012-05-21T20:20:02.000Z,,4,,,,4,8315,0,0,,xslF345X03/wf-form4_133763158840081.xml,FORM 4
0000003570-12-000052,2012-05-29,2012-05-29,2012-05-29T13:27:23.000Z,34,8-K,001-16383,12872772,"7.01,9.01",8-K,4895581,0,0,,cei2012form8kjunecorpprese.htm,
0000003570-12-000053,2012-05-30,2012-05-25,2012-05-30T20:17:19.000Z,,4,,,,4,6084,0,0,,xslF345X03/wf-form4_133840902654401.xml,FORM 4
0000003570-12-000054,2012-06-04,2012-05-31,2012-06-04T20:14:15.000Z,,4,,,,4,7754,0,0,,xslF345X03/wf-form4_133884084308287.xml,FORM 4
0000003570-12-000056,2012-06-05,2012-06-01,2012-06-05T20:19:22.000Z,,4,,,,4,10296,0,0,,xslF345X03/wf-form4_133892755063582.xml,FORM 4
0000003570-12-000057,2012-06-05,2012-06-01,2012-06-05T20:22:09.000Z,,4,,,,4,5353,0,0,,xslF345X03/wf-form4_133892771835854.xml,FORM 4
0000003570-12-000059,2012-06-06,2012-06-04,2012-06-06T20:04:50.000Z,,4,,,,4,6333,0,0,,xslF345X03/wf-form4_133901307922541.xml,FORM 4
0000003570-12-000062,2012-06-06,2012-06-04,2012-06-06T20:08:47.000Z,,4,,,,4,8097,0,0,,xslF345X03/wf-form4_133901331516059.xml,FORM 4
0000003570-12-000063,2012-06-06,2012-06-04,2012-06-06T20:11:03.000Z,,4,,,,4,7946,0,0,,xslF345X03/wf-form4_133901345084225.xml,FORM 4
0000003570-12-000064,2012-06-06,2012-06-04,2012-06-06T20:13:09.000Z,,4,,,,4,8107,0,0,,xslF345X03/wf-form4_133901357752982.xml,FORM 4
0000003570-12-000065,2012-06-06,2012-06-04,2012-06-06T20:14:44.000Z,,4,,,,4,8062,0,0,,xslF345X03/wf-form4_133901367313502.xml,FORM 4
0000003570-12-000067,2012-06-06,2012-06-04,2012-06-06T20:20:11.000Z,,4,,,,4,8053,0,0,,xslF345X03/wf-form4_133901399945914.xml,FORM 4
0000003570-12-000070,2012-06-06,2012-06-04,2012-06-06T21:11:34.000Z,,4,,,,4,8078,0,0,,xslF345X03/wf-form4_133901708177051.xml,FORM 4
0000003570-12-000072,2012-06-07,2012-06-01,2012-06-07T20:15:58.000Z,34,8-K,001-16383,12895033,"5.03,5.07,9.01",8-K,84749,0,0,,cei2012form8kvoteofsecurit.htm,FORM 8-K
0001085146-12-000835,2012-06-08,,2012-06-08T20:48:25.000Z,34,SC 13G/A,005-46413,12898376,,SC 13G/A,32232,0,0,,che16411r208a9_60812.htm,"CHENIERE ENERGY, INC"
0000003570-12-000075,2012-06-12,2012-06-11,2012-06-12T12:38:39.000Z,34,8-K,001-16383,12901979,"1.02,8.01,9.01",8-K,93545,0,0,,cei2012form8kgsoloanpaymen.htm,
0001383650-12-000045,2012-06-13,2012-06-11,2012-06-13T23:17:22.000Z,34,4,001-33366,12906086,,4,7426,0,0,,xslF345X03/wf-form4_133962943097063.xml,FORM 4
0000003570-12-000078,2012-06-21,,2012-06-21T20:31:58.000Z,,SC 13D/A,,,,SC 13D/A,231833,0,0,,cqp2012sch13da.htm,
0000003570-12-000080,2012-07-03,2012-06-29,2012-07-03T20:02:20.000Z,,4,,,,4,4946,0,0,,xslF345X03/wf-form4_134134572556116.xml,FORM 4
0000003570-12-000081,2012-07-03,2012-06-29,2012-07-03T20:03:21.000Z,,4,,,,4,4932,0,0,,xslF345X03/wf-form4_134134578966697.xml,FORM 4
0000003570-12-000082,2012-07-03,2012-06-29,2012-07-03T20:04:35.000Z,,4,,,,4,4913,0,0,,xslF345X03/wf-form4_134134586275583.xml,FORM 4
0000003570-12-000083,2012-07-03,2012-06-29,2012-07-03T20:05:37.000Z,,4,,,,4,6939,0,0,,xslF345X03/wf-form4_134134592534880.xml,FORM 4
0000003570-12-000084,2012-07-03,2012-06-29,2012-07-03T20:06:39.000Z,,4,,,,4,8303,0,0,,xslF345X03/wf-form4_134134598383841.xml,FORM 4
0000003570-12-000085,2012-07-03,2012-06-29,2012-07-03T20:07:43.000Z,,4,,,,4,4939,0,0,,xslF345X03/wf-form4_134134605113866.xml,FORM 4
0000003570-12-000088,2012-07-12,2012-07-12,2012-07-12T18:44:53.000Z,34,8-K,001-16383,12959212,"8.01,9.01",8-K,53892,0,0,,cei2012form8ktlaupsizing.htm,
0001193125-12-303524,2012-07-16,,2012-07-16T20:52:35.000Z,33,424B3,333-181190,12964117,,424B3,550218,0,0,,d372960d424b3.htm,PRELIMINARY PROSPECTUS SUPPLEMENT
0000003570-12-000092,2012-07-17,2012-07-16,2012-07-17T12:09:48.000Z,34,8-K,001-16383,12964684,"7.01,9.01",8-K,59989,0,0,,cei8kjuly2012equityoffering.htm,FORM 8-K
0000003570-12-000094,2012-07-17,2012-07-17,2012-07-17T17:02:20.000Z,34,8-K,001-16383,12965324,"7.01,9.01",8-K,60276,0,0,,cei8kjuly2012equitypricing.htm,
0001193125-12-305064,2012-07-18,,2012-07-18T01:17:45.000Z,33,424B5,333-181190,12966742,,424B5,562862,0,0,,d372960d424b5.htm,DEFINITIVE PROSPECTUS SUPPLEMENT
0001383650-12-000053,2012-07-18,2012-07-16,2012-07-18T20:05:41.000Z,,4,,,,4,5350,0,0,,xslF345X03/wf-form4_134264192807106.xml,FORM 4
0000003570-12-000096,2012-07-20,2012-07-20,2012-07-20T15:56:52.000Z,34,8-K,001-16383,12971440,"1.01,7.01,9.01",8-K,296934,0,0,,ceiform8kjuly2012equityclo.htm,FORM 8-K
0000003570-12-000097,2012-07-24,2012-07-20,2012-07-24T20:04:32.000Z,,4,,,,4,6083,0,0,,xslF345X03/wf-form4_134316026131712.xml,FORM 4
0000003570-12-000099,2012-08-01,2012-07-31,2012-08-01T20:21:55.000Z,34,4,001-33366,121000342,,4,9175,0,0,,xslF345X03/wf-form4_134385250313730.xml,FORM 4
0000003570-12-000102,2012-08-03,2012-08-01,2012-08-03T20:02:24.000Z,,4,,,,4,4923,0,0,,xslF345X03/wf-form4_134402412588785.xml,FORM 4
0000003570-12-000103,2012-08-03,2012-08-01,2012-08-03T20:04:28.000Z,,4,,,,4,6719,0,0,,xslF345X03/wf-form4_134402425079257.xml,FORM 4
0000003570-12-000104,2012-08-03,2012-06-30,2012-08-03T20:46:29.000Z,34,10-Q,001-16383,121007317,,10-Q,7998923,1,0,,cei20122ndqtrform10q.htm,
0000003570-12-000106,2012-08-03,2012-08-03,2012-08-03T21:09:50.000Z,34,8-K,001-16383,121007668,"2.02,8.01,9.01",8-K,258325,0,0,,cei2012form8k2ndqtrer.htm,
0001193125-12-338039,2012-08-06,2012-07-31,2012-08-06T21:18:03.000Z,34,8-K,001-16383,121010609,"1.01,2.03,8.01,9.01",8-K,121347,0,0,,d392279d8k.htm,FORM 8-K
0000003570-12-000109,2012-08-07,2012-07-30,2012-08-07T17:14:23.000Z,34,8-K/A,001-16383,121012352,"2.02,8.01,9.01",8-K/A,265235,0,0,,cei2012form8kacorrectexhib.htm,
0001193125-12-347764,2012-08-09,2012-08-09,2012-08-09T20:45:54.000Z,34,8-K,001-16383,121020969,"1.01,5.02,8.01,9.01",8-K,87005,0,0,,d394294d8k.htm,FORM 8-K
0001193125-12-347783,2012-08-09,,2012-08-09T20:48:24.000Z,,SC 13D/A,,,,SC 13D/A,157565,0,0,,d394516dsc13da.htm,SCHEDULE 13D AMENDMENT NO. 4
0000003570-12-000113,2012-08-10,2012-08-06,2012-08-10T20:31:23.000Z,34,8-K,001-16383,121024939,"5.02,9.01",8-K,719661,0,0,,cei2012form8kbonusplangrant.htm,
0000003570-12-000114,2012-08-13,2012-08-09,2012-08-13T20:47:12.000Z,,4,,,,4,8077,0,0,,xslF345X03/wf-form4_134489081971495.xml,FORM 4
0000003570-12-000115,2012-08-13,2012-08-09,2012-08-13T20:48:27.000Z,,4,,,,4,6708,0,0,,xslF345X03/wf-form4_134489089367376.xml,FORM 4
0000003570-12-000116,2012-08-13,2012-08-09,2012-08-13T20:49:38.000Z,,4,,,,4,6704,0,0,,xslF345X03/wf-form4_134489096753664.xml,FORM 4
0000003570-12-000117,2012-08-13,2012-08-09,2012-08-13T20:50:46.000Z,,4,,,,4,6680,0,0,,xslF345X03/wf-form4_134489103249896.xml,FORM 4
0000003570-12-000118,2012-08-13,2012-08-09,2012-08-13T20:54:11.000Z,,4,,,,4,6679,0,0,,xslF345X03/wf-form4_134489123556134.xml,FORM 4
0000003570-12-000119,2012-08-13,2012-08-09,2012-08-13T20:55:16.000Z,,4,,,,4,6710,0,0,,xslF345X03/wf-form4_134489130309591.xml,FORM 4
0000003570-12-000120,2012-08-13,2012-08-09,2012-08-13T20:56:18.000Z,,4,,,,4,6697,0,0,,xslF345X03/wf-form4_134489136515474.xml,FORM 4
0000003570-12-000121,2012-08-15,2012-08-13,2012-08-15T20:13:53.000Z,,4,,,,4,5351,0,0,,xslF345X03/wf-form4_134506162064519.xml,FORM 4
0000003570-12-000124,2012-08-20,2012-08-09,2012-08-20T20:24:35.000Z,,3,,,,3,3402,0,0,,xslF345X02/wf-form3_134549426298504.xml,FORM 3
0000003570-12-000125,2012-09-06,2012-09-04,2012-09-06T20:04:07.000Z,,4,,,,4,6289,0,0,,xslF345X03/wf-form4_134696182763821.xml,FORM 4
0000003570-12-000126,2012-09-06,2012-09-04,2012-09-06T20:05:20.000Z,,4,,,,4,5354,0,0,,xslF345X03/wf-form4_134696189555729.xml,FORM 4
0000950142-12-001841,2012-09-07,,2012-09-07T16:13:55.000Z,34,SC 13G,005-46413,121079043,,SC 13G,132743,0,0,,eh1201030_13g-cheniere.htm,SCHEDULE 13G
0000003570-12-000128,2012-09-11,2012-09-11,2012-09-11T12:26:43.000Z,34,8-K,001-16383,121084455,"7.01,9.01",8-K,15435557,0,0,,cei2012form8kseptcorpprese.htm,8-K
0000003570-12-000129,2012-09-12,2012-09-10,2012-09-12T20:26:16.000Z,,4,,,,4,5351,0,0,,xslF345X03/wf-form4_134748154996981.xml,FORM 4
0000003570-12-000131,2012-09-28,2012-09-26,2012-09-28T21:02:15.000Z,,4,,,,4,8313,0,0,,xslF345X03/wf-form4_134886611856645.xml,FORM 4
0000003570-12-000132,2012-10-03,2012-10-01,2012-10-03T20:21:08.000Z,,4,,,,4,6722,0,0,,xslF345X03/wf-form4_134929565643432.xml,FORM 4
0000003570-12-000133,2012-10-03,2012-10-01,2012-10-03T20:23:41.000Z,,4,,,,4,5353,0,0,,xslF345X03/wf-form4_134929580798823.xml,FORM 4
0001181431-12-053559,2012-10-03,2012-10-01,2012-10-04T01:25:14.000Z,,4,,,,4,5361,0,0,,xslF345X03/rrd357696.xml,FORM 4
0000003570-12-000134,2012-10-04,2012-10-02,2012-10-04T20:02:21.000Z,,4,,,,4,6806,0,0,,xslF345X03/wf-form4_134938091434918.xml,FORM 4
0000003570-12-000135,2012-10-11,2012-10-10,2012-10-11T20:04:35.000Z,,4,,,,4,5162,0,0,,xslF345X03/wf-form4_134998586013269.xml,FORM 4
0000003570-12-000136,2012-10-17,2012-10-15,2012-10-17T20:05:03.000Z,,4,,,,4,5344,0,0,,xslF345X03/wf-form4_135050428452177.xml,FORM 4
0000003570-12-000137,2012-10-17,2012-10-15,2012-10-17T20:07:28.000Z,,4,,,,4,5351,0,0,,xslF345X03/wf-form4_135050443503226.xml,FORM 4
0000003570-12-000138,2012-10-30,2012-10-26,2012-10-30T20:06:43.000Z,,4,,,,4,5129,0,0,,xslF345X03/wf-form4_135162759002056.xml,FORM 4
0000003570-12-000143,2012-11-02,2012-09-30,2012-11-02T21:20:12.000Z,34,10-Q,001-16383,121177749,,10-Q,9439065,1,0,,cei20123rdqtrform10q.htm,10-Q
0000003570-12-000144,2012-11-05,2012-11-02,2012-11-02T22:21:10.000Z,34,8-K,001-16383,121178066,"2.02,9.01",8-K,256843,0,0,,cei2012form8k3rdqtrer.htm,8-K
0000003570-12-000145,2012-11-05,2012-11-01,2012-11-05T21:08:31.000Z,,4,,,,4,6721,0,0,,xslF345X03/wf-form4_135214969725110.xml,FORM 4
0000003570-12-000146,2012-11-05,2012-11-01,2012-11-05T21:09:38.000Z,,4,,,,4,5354,0,0,,xslF345X03/wf-form4_135214976545453.xml,FORM 4
0000003570-12-000147,2012-11-19,2012-11-15,2012-11-19T21:14:17.000Z,,4,,,,4,5343,0,0,,xslF345X03/wf-form4_135335964034362.xml,FORM 4
0000003570-12-000148,2012-11-19,2012-11-15,2012-11-19T21:19:43.000Z,,4,,,,4,11025,0,0,,xslF345X03/wf-form4_135335997101856.xml,FORM 4
0000003570-12-000149,2012-12-03,2012-11-29,2012-12-03T21:54:49.000Z,,4,,,,4,5129,0,0,,xslF345X03/wf-form4_135457167714397.xml,FORM 4
0000000000-12-065313,2012-12-04,,2012-12-04T17:43:23.000Z,,UPLOAD,,,,LETTER,178538,0,0,,filename1.pdf,
0000003570-12-000150,2012-12-05,2012-12-03,2012-12-05T21:02:47.000Z,,4,,,,4,5400,0,0,,xslF345X03/wf-form4_135474135298774.xml,FORM 4
0000003570-12-000151,2012-12-05,2012-12-03,2012-12-05T21:05:11.000Z,,4,,,,4,5353,0,0,,xslF345X03/wf-form4_135474149884809.xml,FORM 4
0000003570-12-000153,2012-12-14,,2012-12-14T20:52:32.000Z,,CORRESP,,,,CORRESP,458204,0,0,,filename1.htm,
0000003570-12-000155,2012-12-14,2012-12-10,2012-12-14T21:21:35.000Z,34,8-K,001-16383,121265845,"1.01,3.03,9.01",8-K,83710,0,0,,cei2012form8krightsplanter.htm,8-K
0001193125-12-503397,2012-12-14,2013-02-01,2012-12-14T21:33:12.000Z,34,PRE 14A,001-16383,121265958,,PRE 14A,870218,0,0,,d452677dpre14a.htm,SCHEDULE 14A
0000003570-12-000157,2012-12-17,2012-12-14,2012-12-17T13:35:46.000Z,34,8-K,001-16383,121267371,"1.01,8.01,9.01",8-K,68273,0,0,,cei20128-ktotalspa.htm,8-K
0000003570-12-000159,2012-12-18,,2012-12-18T16:44:40.000Z,,CORRESP,,,,CORRESP,17442,0,0,,filename1.htm,
0000003570-12-000160,2012-12-19,2012-12-17,2012-12-19T21:16:16.000Z,,4,,,,4,5344,0,0,,xslF345X03/wf-form4_135595176558606.xml,FORM 4
0000000000-12-068762,2012-12-20,,2012-12-20T20:10:34.000Z,,UPLOAD,,,,LETTER,34644,0,0,,filename1.pdf,
0001193125-12-515132,2012-12-27,2012-12-20,2012-12-27T00:06:59.000Z,34,8-K,001-16383,121286039,"1.01,8.01,9.01",8-K,30247,0,0,,d457910d8k.htm,FORM 8-K
0000003570-12-000161,2012-12-27,2012-01-05,2012-12-27T21:54:14.000Z,,4,,,,4,7018,0,0,,xslF345X03/wf-form4_135664524105961.xml,FORM 4
0000003570-12-000163,2012-12-28,2012-12-21,2012-12-28T21:06:55.000Z,34,8-K,001-16383,121290967,5.01,8-K,92089,0,0,,cei20128-kbonusplanawards.htm,8-K
0001193125-12-519216,2012-12-31,2013-02-01,2012-12-31T21:09:05.000Z,34,DEF 14A,001-16383,121293673,,DEF 14A,922265,0,0,,d452677ddef14a.htm,DEFINITIVE PROXY STATEMENT
0000003570-13-000001,2013-01-02,2012-12-28,2013-01-02T21:28:04.000Z,,4,,,,4,5839,0,0,,xslF345X03/wf-form4_135716207118889.xml,FORM 4
0000003570-13-000002,2013-01-02,2012-12-28,2013-01-02T21:56:28.000Z,,4,,,,4,5122,0,0,,xslF345X03/wf-form4_135716371560980.xml,FORM 4
0000003570-13-000003,2013-01-02,2012-12-28,2013-01-02T21:58:03.000Z,,4,,,,4,6956,0,0,,xslF345X03/wf-form4_135716384065433.xml,FORM 4
0000003570-13-000004,2013-01-02,2012-12-28,2013-01-02T22:04:38.000Z,,4,,,,4,5161,0,0,,xslF345X03/wf-form4_135716425970226.xml,FORM 4
0000003570-13-000005,2013-01-02,2012-12-28,2013-01-02T23:52:19.000Z,,4,,,,4,5173,0,0,,xslF345X03/wf-form4_135717072614447.xml,FORM 4
0000003570-13-000006,2013-01-03,2012-12-31,2013-01-03T21:21:01.000Z,,4,,,,4,5132,0,0,,xslF345X03/wf-form4_135724804795195.xml,FORM 4
0000003570-13-000007,2013-01-04,2013-01-02,2013-01-04T21:04:08.000Z,,4,,,,4,6035,0,0,,xslF345X03/wf-form4_135733343151492.xml,FORM 4
0000003570-13-000008,2013-01-04,2013-01-02,2013-01-04T21:05:07.000Z,,4,,,,4,5352,0,0,,xslF345X03/wf-form4_135733349206853.xml,FORM 4
0000003570-13-000009,2013-01-07,2013-01-03,2013-01-07T21:45:19.000Z,,4,,,,4,5149,0,0,,xslF345X03/wf-form4_135759510552555.xml,FORM 4
0000003570-13-000011,2013-01-08,,2013-01-08T21:59:32.000Z,34,25,001-16383,13518781,,25,24932,0,0,,cei2012form25.htm,25
0000003570-13-000012,2013-01-15,2013-01-11,2013-01-15T21:03:34.000Z,,4,,,,4,6535,0,0,,xslF345X03/wf-form4_135828379622204.xml,FORM 4
0000003570-13-000013,2013-01-17,2013-01-15,2013-01-17T21:33:13.000Z,,4,,,,4,5343,0,0,,xslF345X03/wf-form4_135845837178651.xml,FORM 4
0001085146-13-000089,2013-01-18,,2013-01-18T13:35:46.000Z,34,SC 13G/A,005-46413,13536218,,SC 13G/A,31721,0,0,,chea10_11813.htm,"CHENIERE ENERGY, INC"
0000003570-13-000015,2013-01-22,2013-01-17,2013-01-22T21:04:14.000Z,,4,,,,4,5549,0,0,,xslF345X03/wf-form4_135888863745949.xml,FORM 4
0001193125-13-024868,2013-01-28,,2013-01-28T11:53:55.000Z,34,SC 13G/A,005-46413,13550102,,SC 13G/A,93919,0,0,,d473709dsc13ga.htm,SCHEDULE 13G AMENDMENT NO. 1
0001193125-13-024959,2013-01-28,,2013-01-28T13:11:44.000Z,34,SC 13G/A,005-46413,13550149,,SC 13G/A,87237,0,0,,d473715dsc13ga.htm,SCHEDULE 13G AMENDMENT NO. 1
0000003570-13-000019,2013-02-05,2013-02-01,2013-02-04T22:44:36.000Z,34,8-K,001-16383,13571283,"5.02,5.03,5.07,9.01",8-K,119837,0,0,,cei20138-kvotingresults.htm,8-K
0000003570-13-000021,2013-02-05,,2013-02-04T22:54:31.000Z,33,S-8,333-186451,13571333,,S-8,151018,0,0,,cei2013forms8.htm,S-8
0000003570-13-000022,2013-02-05,2013-02-01,2013-02-05T21:03:22.000Z,,4,,,,4,6034,0,0,,xslF345X03/wf-form4_136009818638505.xml,FORM 4
0000003570-13-000023,2013-02-05,2013-02-01,2013-02-05T21:04:22.000Z,,4,,,,4,5351,0,0,,xslF345X03/wf-form4_136009825103721.xml,FORM 4
9999999997-13-000815,2013-02-08,,2013-02-08T20:19:01.000Z,34,CT ORDER,001-16383,13586515,"20130208,20130208",CT ORDER,11541,0,0,,filename1.pdf,
0001305227-13-000391,2013-02-08,,2013-02-08T21:18:47.000Z,34,SC 13G/A,005-46413,13587082,,SC 13G/A,13463,0,0,,cheniere.energy.inc.txt,
0001086364-13-003542,2013-02-11,,2013-02-09T00:06:39.000Z,34,SC 13G/A,005-46413,13588459,,SC 13G/A,12547,0,0,,cheniere.energy.inc.txt,
0001137774-13-000045,2013-02-11,,2013-02-11T20:52:44.000Z,34,SC 13G/A,005-46413,13591565,,SC 13G/A,9193,0,0,,chee.htm,
0000053417-13-000100,2013-02-13,,2013-02-12T23:17:23.000Z,34,SC 13G/A,005-46413,13598783,,SC 13G/A,8989,0,0,,lng1212.txt,13G AMENDED ANNUAL FILING - LNG
0000950142-13-000334,2013-02-13,,2013-02-13T21:28:28.000Z,34,SC 13G/A,005-46413,13603569,,SC 13G/A,131001,0,0,,eh1300258_13ga1-cheniere.htm,AMENDMENT NO. 1
0000899140-13-000159,2013-02-14,,2013-02-14T20:31:49.000Z,34,SC 13G/A,005-46413,13612964,,SC 13G/A,171054,0,0,,c9081821a.htm,AMENDMENT NO. 2
0000003570-13-000024,2013-02-14,2012-08-16,2013-02-14T21:38:10.000Z,,5,,,,5,12645,0,0,,xslF345X03/wf-form5_136087787441325.xml,FORM 5
0000003570-13-000025,2013-02-19,2013-02-15,2013-02-19T21:08:49.000Z,,4,,,,4,5343,0,0,,xslF345X03/wf-form4_136130810991355.xml,FORM 4
0000003570-13-000026,2013-02-20,2013-02-18,2013-02-20T21:03:41.000Z,,4,,,,4,5653,0,0,,xslF345X03/wf-form4_136139420890417.xml,FORM 4
0000003570-13-000027,2013-02-20,2013-02-18,2013-02-20T21:06:33.000Z,,4,,,,4,5652,0,0,,xslF345X03/wf-form4_136139438076129.xml,FORM 4
0000003570-13-000028,2013-02-20,2013-02-18,2013-02-20T21:10:16.000Z,,4,,,,4,5640,0,0,,xslF345X03/wf-form4_136139460113776.xml,FORM 4
0000003570-13-000029,2013-02-20,2013-02-18,2013-02-20T21:11:55.000Z,,4,,,,4,5647,0,0,,xslF345X03/wf-form4_136139470269835.xml,FORM 4
0000003570-13-000030,2013-02-20,2013-02-18,2013-02-20T21:13:30.000Z,,4,,,,4,5620,0,0,,xslF345X03/wf-form4_136139479957314.xml,FORM 4
0000003570-13-000031,2013-02-20,2013-02-18,2013-02-20T21:14:28.000Z,,4,,,,4,5651,0,0,,xslF345X03/wf-form4_136139485690851.xml,FORM 4
0000003570-13-000032,2013-02-20,2012-12-31,2013-02-20T22:19:43.000Z,,5/A,,,,5/A,12099,0,0,,xslF345X03/wf-form5a_136139877175192.xml,FORM 5/A
0000003570-13-000033,2013-02-20,2013-02-18,2013-02-20T22:32:23.000Z,,4,,,,4,6336,0,0,,xslF345X03/wf-form4_136139952571864.xml,FORM 4
0000003570-13-000036,2013-02-22,2012-12-31,2013-02-22T13:31:26.000Z,34,10-K,001-16383,13632358,,10-K,16476224,1,0,,cei2012form10k.htm,10-K
0000003570-13-000037,2013-02-22,2013-02-22,2013-02-22T13:38:08.000Z,34,8-K,001-16383,13632375,"2.02,9.01",8-K,237658,0,0,,cei2013form8k4thqtr2012ear.htm,8-K
0000003570-13-000040,2013-02-25,2013-02-25,2013-02-25T21:19:33.000Z,34,8-K,001-16383,13639243,"7.01,9.01",8-K,6840221,0,0,,cei2013form8kfebcorppresen.htm,8-K
0000003570-13-000044,2013-03-01,2012-12-31,2013-03-01T22:12:53.000Z,34,10-K/A,001-16383,13658867,,10-K/A,322404,0,0,,cei2012form10ka.htm,10-K/A
0000003570-13-000045,2013-03-01,,2013-03-01T22:18:38.000Z,34,IRANNOTICE,001-16383,13658967,,IRANNOTICE,26997,0,0,,cei2013irannoticeletter.htm,IRANNOTICE
0000003570-13-000047,2013-03-05,2013-03-01,2013-03-05T21:12:39.000Z,,4,,,,4,4946,0,0,,xslF345X03/wf-form4_136251794833101.xml,FORM 4
0000003570-13-000048,2013-03-05,2013-03-01,2013-03-05T21:13:45.000Z,,4,,,,4,5355,0,0,,xslF345X03/wf-form4_136251801306842.xml,FORM 4
0000003570-13-000049,2013-03-05,2013-03-01,2013-03-05T21:14:46.000Z,,4,,,,4,6035,0,0,,xslF345X03/wf-form4_136251807552982.xml,FORM 4
0000003570-13-000050,2013-03-05,2013-03-05,2013-03-05T21:36:00.000Z,34,8-K,001-16383,13666144,"7.01,9.01",8-K,6554323,0,0,,cei2013form8kmarchcorppres.htm,8-K
0000919574-13-002301,2013-03-13,,2013-03-13T20:25:28.000Z,34,SC 13G,005-46413,13687737,,SC 13G,204430,0,0,,d1365849_13-g.htm,
0000003570-13-000051,2013-03-14,2013-03-12,2013-03-14T20:04:37.000Z,,4,,,,4,5117,0,0,,xslF345X03/wf-form4_136329146285120.xml,FORM 4
0000003570-13-000052,2013-03-19,2013-03-15,2013-03-19T20:09:18.000Z,,4,,,,4,4923,0,0,,xslF345X03/wf-form4_136372374462377.xml,FORM 4
0000003570-13-000053,2013-03-19,2013-03-15,2013-03-19T20:15:12.000Z,,4,,,,4,5344,0,0,,xslF345X03/wf-form4_136372409844461.xml,FORM 4
0000003570-13-000055,2013-03-25,2013-03-22,2013-03-25T10:08:00.000Z,34,8-K,001-16383,13712647,"1.01,8.01,9.01",8-K,67107,0,0,,cei20138-kcentricaspa.htm,8-K
9999999997-13-006875,2013-03-26,,2013-03-26T15:48:56.000Z,34,CT ORDER,001-16383,13715947,"20130326,20130326",CT ORDER,11575,0,0,,filename1.pdf,
0000003570-13-000056,2013-03-28,2013-03-27,2013-03-28T20:07:06.000Z,,4,,,,4,6533,0,0,,xslF345X03/wf-form4_136450120197673.xml,FORM 4
0000003570-13-000057,2013-04-03,2013-04-01,2013-04-03T23:07:39.000Z,,4,,,,4,5355,0,0,,xslF345X03/wf-form4_136503044005675.xml,FORM 4
0000003570-13-000058,2013-04-03,2013-04-01,2013-04-03T23:19:21.000Z,,4,,,,4,6035,0,0,,xslF345X03/wf-form4_136503115023636.xml,FORM 4
0001193125-13-156946,2013-04-16,2013-04-10,2013-04-16T20:50:55.000Z,34,8-K,001-16383,13764463,"1.01,2.03,7.01,9.01",8-K,36041,0,0,,d522094d8k.htm,FORM 8-K
0000003570-13-000059,2013-04-17,2013-04-15,2013-04-17T20:04:38.000Z,,4,,,,4,4923,0,0,,xslF345X03/wf-form4_136622906127748.xml,FORM 4
0000003570-13-000063,2013-04-24,,2013-04-24T20:55:07.000Z,34,15-12G,000-09092,13779808,,15-12G,36244,0,0,,cei2013form15.htm,15-12G
0000003570-13-000064,2013-04-24,,2013-04-24T20:55:57.000Z,34,8-A12B/A,001-16383,13779821,,8-A12B/A,57975,0,0,,cei2013form8aa.htm,8-A12B/A
0001193125-13-177841,2013-04-26,2013-06-06,2013-04-26T20:31:20.000Z,34,DEF 14A,001-16383,13787781,,DEF 14A,1026376,0,0,,d470382ddef14a.htm,DEFINITIVE PROXY STATEMENT
0000003570-13-000071,2013-05-03,2013-03-31,2013-05-03T12:15:42.000Z,34,10-Q,001-16383,13810356,,10-Q,8163700,1,0,,cei2013form10q1stqtr.htm,10-Q
0000003570-13-000072,2013-05-03,,2013-05-03T12:20:18.000Z,34,IRANNOTICE,001-16383,13810365,,IRANNOTICE,26988,0,0,,ceiq12013irannoticeletter.htm,IRANNOTICE
0000003570-13-000073,2013-05-03,2013-05-03,2013-05-03T12:23:44.000Z,34,8-K,001-16383,13810370,"2.02,9.01",8-K,205224,0,0,,cei2013form8k1sqtrer.htm,8-K
0000003570-13-000074,2013-05-03,2013-05-01,2013-05-03T20:03:27.000Z,,4,,,,4,5355,0,0,,xslF345X03/wf-form4_136761139502238.xml,FORM 4
0000003570-13-000075,2013-05-03,2013-05-01,2013-05-03T20:05:09.000Z,,4,,,,4,6033,0,0,,xslF345X03/wf-form4_136761148872621.xml,FORM 4
0000003570-13-000076,2013-05-08,2013-05-06,2013-05-08T20:02:35.000Z,,4,,,,4,5394,0,0,,xslF345X03/wf-form4_136804334111346.xml,FORM 4
0000003570-13-000080,2013-05-10,2013-03-31,2013-05-10T20:48:11.000Z,34,10-Q/A,001-16383,13834162,,10-Q/A,99115,0,0,,cei20131stqtrform10qa.htm,10-Q/A
0000003570-13-000082,2013-05-10,,2013-05-10T20:50:58.000Z,34,IRANNOTICE,001-16383,13834187,,IRANNOTICE,27031,0,0,,cei20131stqtr10qairannotic.htm,IRANNOTICE
0000003570-13-000083,2013-05-17,2013-05-15,2013-05-17T20:01:27.000Z,,4,,,,4,4919,0,0,,xslF345X03/wf-form4_136882087316122.xml,FORM 4
0000003570-13-000084,2013-05-24,2013-05-22,2013-05-24T20:34:01.000Z,,4,,,,4,4945,0,0,,xslF345X03/wf-form4_136942762459078.xml,FORM 4
0000003570-13-000085,2013-05-24,2013-05-22,2013-05-24T20:34:49.000Z,,4,,,,4,4946,0,0,,xslF345X03/wf-form4_136942767627988.xml,FORM 4
0000003570-13-000086,2013-05-24,2013-05-22,2013-05-24T20:37:45.000Z,,4,,,,4,4947,0,0,,xslF345X03/wf-form4_136942784548732.xml,FORM 4
0000003570-13-000087,2013-05-24,2013-05-22,2013-05-24T20:38:50.000Z,,4,,,,4,4914,0,0,,xslF345X03/wf-form4_136942791201248.xml,FORM 4
0000003570-13-000088,2013-05-24,2013-05-22,2013-05-24T20:39:57.000Z,,4,,,,4,5626,0,0,,xslF345X03/wf-form4_136942796848471.xml,FORM 4
0000003570-13-000089,2013-05-24,2013-05-22,2013-05-24T20:43:42.000Z,,4,,,,4,4941,0,0,,xslF345X03/wf-form4_136942821117431.xml,FORM 4
0000003570-13-000090,2013-05-24,2013-05-22,2013-05-24T20:44:40.000Z,,4,,,,4,4934,0,0,,xslF345X03/wf-form4_136942826956455.xml,FORM 4
0001193125-13-238516,2013-05-29,2013-05-28,2013-05-29T12:33:08.000Z,34,8-K,001-16383,13876735,"1.01,2.01,2.03,8.01,9.01",8-K,129178,0,0,,d543476d8k.htm,FORM 8-K
0000003570-13-000091,2013-05-30,2013-05-28,2013-05-30T20:36:22.000Z,,4,,,,4,4914,0,0,,xslF345X03/wf-form4_136994616891737.xml,FORM 4
0000003570-13-000092,2013-05-30,2013-05-28,2013-05-30T20:37:22.000Z,,4,,,,4,4934,0,0,,xslF345X03/wf-form4_136994622953479.xml,FORM 4
0000003570-13-000093,2013-05-30,2013-05-28,2013-05-30T20:38:31.000Z,,4,,,,4,4948,0,0,,xslF345X03/wf-form4_136994629305966.xml,FORM 4
0000003570-13-000094,2013-05-30,2013-05-28,2013-05-30T20:39:29.000Z,,4,,,,4,4946,0,0,,xslF345X03/wf-form4_136994635782551.xml,FORM 4
0000003570-13-000095,2013-05-30,2013-05-28,2013-05-30T20:40:30.000Z,,4,,,,4,4945,0,0,,xslF345X03/wf-form4_136994641686030.xml,FORM 4
0000003570-13-000096,2013-05-30,2013-05-28,2013-05-30T20:41:29.000Z,,4,,,,4,5626,0,0,,xslF345X03/wf-form4_136994647792439.xml,FORM 4
0000003570-13-000097,2013-05-30,2013-05-28,2013-05-30T20:42:19.000Z,,4,,,,4,4941,0,0,,xslF345X03/wf-form4_136994652815387.xml,FORM 4
0000003570-13-000099,2013-06-04,2013-05-31,2013-06-04T21:11:20.000Z,,4,,,,4,9628,0,0,,xslF345X03/wf-form4_137038026953553.xml,FORM 4
0000003570-13-000100,2013-06-05,2013-06-03,2013-06-05T21:24:30.000Z,,4,,,,4,5351,0,0,,xslF345X03/wf-form4_137046745975248.xml,FORM 4
9999999997-13-010344,2013-06-07,,2013-06-07T14:20:58.000Z,34,CT ORDER,001-16383,13899205,"20130607,20130607",CT ORDER,11491,0,0,,filename1.pdf,
0000003570-13-000101,2013-06-10,2013-06-06,2013-06-10T20:57:58.000Z,,4,,,,4,6333,0,0,,xslF345X03/wf-form4_137089786700201.xml,FORM 4
0000003570-13-000102,2013-06-10,2013-06-06,2013-06-10T21:00:35.000Z,,4,,,,4,4972,0,0,,xslF345X03/wf-form4_137089802511509.xml,FORM 4
0000003570-13-000103,2013-06-10,2013-06-06,2013-06-10T21:02:38.000Z,,4,,,,4,4902,0,0,,xslF345X03/wf-form4_137089814878155.xml,FORM 4
0000003570-13-000104,2013-06-10,2013-06-06,2013-06-10T21:05:03.000Z,,4,,,,4,4923,0,0,,xslF345X03/wf-form4_137089829209329.xml,FORM 4
0000003570-13-000105,2013-06-10,2013-06-06,2013-06-10T21:07:45.000Z,,4,,,,4,4803,0,0,,xslF345X03/wf-form4_137089845482475.xml,FORM 4
0000003570-13-000106,2013-06-10,2013-06-06,2013-06-10T21:12:58.000Z,,4,,,,4,4959,0,0,,xslF345X03/wf-form4_137089876805509.xml,FORM 4
0000003570-13-000107,2013-06-10,2013-06-06,2013-06-10T21:15:04.000Z,,4,,,,4,4928,0,0,,xslF345X03/wf-form4_137089889348280.xml,FORM 4
0000003570-13-000108,2013-06-10,2013-06-06,2013-06-10T21:23:36.000Z,,4,,,,4,5683,0,0,,xslF345X03/wf-form4_137089940603654.xml,FORM 4
0000003570-13-000109,2013-06-10,2013-06-06,2013-06-10T21:26:07.000Z,,4,,,,4,5397,0,0,,xslF345X03/wf-form4_137089955779139.xml,FORM 4
0001181431-13-033964,2013-06-10,2013-06-06,2013-06-11T00:25:32.000Z,,4,,,,4,5357,0,0,,xslF345X03/rrd382950.xml,FORM 4
0000003570-13-000112,2013-06-12,2013-06-06,2013-06-12T20:34:52.000Z,34,8-K,001-16383,13909184,5.07,8-K,55331,0,0,,cei2013form8kvoteofsecurit.htm,8-K
0000003570-13-000114,2013-06-17,2013-06-15,2013-06-17T11:03:55.000Z,34,8-K,001-16383,13915617,5.02,8-K,42651,0,0,,cei2013form8kcfoappointment.htm,8-K
0000003570-13-000116,2013-06-19,2013-06-17,2013-06-19T21:22:41.000Z,,4,,,,4,5350,0,0,,xslF345X03/wf-form4_137167695180314.xml,FORM 4
0000003570-13-000117,2013-06-19,2013-06-17,2013-06-19T21:24:03.000Z,,4,,,,4,5340,0,0,,xslF345X03/wf-form4_137167703353577.xml,FORM 4
0000003570-13-000120,2013-06-20,2013-06-20,2013-06-20T20:57:23.000Z,34,8-K,001-16383,13924957,"7.01,9.01",8-K,8263513,0,0,,cei2013form8kcorppresjune.htm,8-K
0000003570-13-000121,2013-06-21,2013-06-19,2013-06-21T20:18:39.000Z,,4,,,,4,5151,0,0,,xslF345X03/wf-form4_137184590894266.xml,FORM 4
0000003570-13-000124,2013-06-28,2013-05-28,2013-06-28T22:36:07.000Z,34,4,001-33366,13942200,,4,9170,0,0,,xslF345X03/wf-form4_137245895718628.xml,FORM 4
0000003570-13-000126,2013-07-01,2013-06-27,2013-07-01T21:09:51.000Z,,4,,,,4,6951,0,0,,xslF345X03/wf-form4_137271298155244.xml,FORM 4
0000003570-13-000128,2013-07-02,2013-06-28,2013-07-03T00:27:15.000Z,,4,,,,4,6928,0,0,,xslF345X03/wf-form4_137281122454388.xml,FORM 4
0000003570-13-000130,2013-07-02,2013-06-28,2013-07-03T00:30:35.000Z,,4,,,,4,4917,0,0,,xslF345X03/wf-form4_137281142506857.xml,FORM 4
0000003570-13-000132,2013-07-02,2013-06-28,2013-07-03T00:33:22.000Z,,4,,,,4,7178,0,0,,xslF345X03/wf-form4_137281159114134.xml,FORM 4
0000003570-13-000134,2013-07-02,2013-06-28,2013-07-03T00:37:47.000Z,,4,,,,4,4947,0,0,,xslF345X03/wf-form4_137281185787089.xml,FORM 4
0000003570-13-000136,2013-07-02,2013-06-28,2013-07-03T00:41:35.000Z,,4,,,,4,4934,0,0,,xslF345X03/wf-form4_137281208532738.xml,FORM 4
0000003570-13-000138,2013-07-02,2013-06-28,2013-07-03T00:47:28.000Z,,4,,,,4,4940,0,0,,xslF345X03/wf-form4_137281243810174.xml,FORM 4
0000003570-13-000140,2013-07-03,2013-07-01,2013-07-03T19:25:30.000Z,,4,,,,4,8843,0,0,,xslF345X03/wf-form4_137287952060565.xml,FORM 4
0000003570-13-000142,2013-07-11,2013-07-09,2013-07-11T20:35:42.000Z,34,8-K,001-16383,13964229,"5.02,8.01,9.01",8-K,56596,0,0,,cei2013form8kdirectorappoi.htm,8-K
0000003570-13-000144,2013-07-15,2013-07-11,2013-07-15T20:10:18.000Z,,4,,,,4,6946,0,0,,xslF345X03/wf-form4_137391900863129.xml,FORM 4
0000003570-13-000145,2013-07-17,2013-07-15,2013-07-17T20:10:08.000Z,,4,,,,4,4919,0,0,,xslF345X03/wf-form4_137409179806615.xml,FORM 4
0000003570-13-000146,2013-07-17,2013-07-15,2013-07-17T20:11:25.000Z,,4,,,,4,5340,0,0,,xslF345X03/wf-form4_137409187532158.xml,FORM 4
0000003570-13-000148,2013-07-19,2013-07-09,2013-07-20T00:55:02.000Z,,3,,,,3,4080,0,0,,xslF345X02/wf-form3_137428169215011.xml,FORM 3
0000003570-13-000150,2013-07-22,2013-07-18,2013-07-22T22:07:17.000Z,,4,,,,4,4929,0,0,,xslF345X03/wf-form4_137453082716699.xml,FORM 4
0000003570-13-000155,2013-07-30,2013-07-24,2013-07-30T21:30:40.000Z,34,8-K,001-16383,13996895,"5.02,9.01",8-K,123925,0,0,,cei2013form8kgentleuk.htm,8-K
0001193125-13-312850,2013-07-31,,2013-07-31T21:17:33.000Z,,SC 13D/A,,,,SC 13D/A,156506,0,0,,d575486dsc13da.htm,SC 13D/A
0000003570-13-000157,2013-08-01,2013-07-30,2013-08-01T21:01:48.000Z,,4,,,,4,8844,0,0,,xslF345X03/wf-form4_137539089764683.xml,FORM 4
0000003570-13-000161,2013-08-02,2013-06-30,2013-08-02T12:05:16.000Z,34,10-Q,001-16383,131004643,,10-Q,15488187,1,0,,cei2013form10q2ndqtr.htm,10-Q
0000003570-13-000162,2013-08-02,,2013-08-02T12:06:34.000Z,34,IRANNOTICE,001-16383,131004647,,IRANNOTICE,26948,0,0,,ceiq22013irannoticeletter.htm,IRANNOTICE
0000003570-13-000163,2013-08-02,2013-08-02,2013-08-02T12:10:41.000Z,34,8-K,001-16383,131004656,"2.02,9.01",8-K,251931,0,0,,cei2013form8k2ndqtrer.htm,8-K
0000003570-13-000164,2013-08-05,2013-08-01,2013-08-05T20:38:32.000Z,,4,,,,4,6032,0,0,,xslF345X03/wf-form4_137573510201222.xml,FORM 4
0000003570-13-000165,2013-08-05,2013-08-01,2013-08-05T20:39:37.000Z,,4,,,,4,5351,0,0,,xslF345X03/wf-form4_137573516744180.xml,FORM 4
0000003570-13-000168,2013-08-09,2013-06-30,2013-08-09T20:18:36.000Z,34,10-Q/A,001-16383,131026836,,10-Q/A,99221,0,0,,cei20132ndqtrform10qa.htm,10-Q/A
0000003570-13-000169,2013-08-09,,2013-08-09T20:19:49.000Z,34,IRANNOTICE,001-16383,131026847,,IRANNOTICE,26999,0,0,,ceiq22013irannoticeletter2.htm,IRANNOTICE
0000003570-13-000170,2013-08-13,2013-08-09,2013-08-13T20:20:11.000Z,,4,,,,4,4941,0,0,,xslF345X03/wf-form4_137642519034357.xml,FORM 4
0000003570-13-000171,2013-08-13,2013-08-09,2013-08-13T20:20:56.000Z,,4,,,,4,4944,0,0,,xslF345X03/wf-form4_137642524649251.xml,FORM 4
0000003570-13-000172,2013-08-13,2013-08-09,2013-08-13T20:21:41.000Z,,4,,,,4,4918,0,0,,xslF345X03/wf-form4_137642529195550.xml,FORM 4
0000003570-13-000173,2013-08-13,2013-08-09,2013-08-13T20:22:42.000Z,,4,,,,4,4947,0,0,,xslF345X03/wf-form4_137642535131487.xml,FORM 4
0000003570-13-000174,2013-08-13,2013-08-09,2013-08-13T20:24:17.000Z,,4,,,,4,4948,0,0,,xslF345X03/wf-form4_137642544701642.xml,FORM 4
0000003570-13-000175,2013-08-13,2013-08-09,2013-08-13T20:25:05.000Z,,4,,,,4,4935,0,0,,xslF345X03/wf-form4_137642549540356.xml,FORM 4
0000003570-13-000176,2013-08-13,2013-08-09,2013-08-13T20:26:06.000Z,,4,,,,4,5627,0,0,,xslF345X03/wf-form4_137642555650914.xml,FORM 4
0000003570-13-000178,2013-08-19,2013-08-19,2013-08-19T11:00:13.000Z,34,8-K,001-16383,131046890,"7.01,9.01",8-K,8502501,0,0,,cei2013form8kcorppresaugust.htm,8-K
0000003570-13-000180,2013-08-19,2013-08-15,2013-08-19T20:51:10.000Z,,4,,,,4,4920,0,0,,xslF345X03/wf-form4_137694546058708.xml,FORM 4
0000003570-13-000182,2013-08-19,2013-08-15,2013-08-19T20:54:12.000Z,,4,,,,4,5339,0,0,,xslF345X03/wf-form4_137694564105198.xml,FORM 4
9999999997-13-012824,2013-08-26,,2013-08-26T18:15:10.000Z,34,CT ORDER,001-16383,131060089,"20130826,20130826",CT ORDER,15328,0,0,,filename1.pdf,
0000003570-13-000183,2013-09-04,2013-08-30,2013-09-05T00:12:09.000Z,,4,,,,4,8844,0,0,,xslF345X03/wf-form4_137833991905967.xml,FORM 4
0000003570-13-000184,2013-09-05,2013-09-03,2013-09-05T20:09:58.000Z,,4,,,,4,5350,0,0,,xslF345X03/wf-form4_137841178747117.xml,FORM 4
0000003570-13-000185,2013-09-05,2013-09-03,2013-09-05T20:13:22.000Z,,4,,,,4,6032,0,0,,xslF345X03/wf-form4_137841199211699.xml,FORM 4
0000003570-13-000189,2013-09-11,2013-09-11,2013-09-11T12:16:39.000Z,34,8-K,001-16383,131089992,"7.01,9.01",8-K,9226030,0,0,,cei2013form8kcorppressept.htm,8-K
0000003570-13-000190,2013-09-18,2013-09-16,2013-09-18T20:21:32.000Z,,4,,,,4,5341,0,0,,xslF345X03/wf-form4_137953568139872.xml,FORM 4
0000003570-13-000191,2013-09-18,2013-09-16,2013-09-18T20:23:23.000Z,,4,,,,4,4920,0,0,,xslF345X03/wf-form4_137953578755184.xml,FORM 4
0000950142-13-002019,2013-09-26,,2013-09-26T21:02:04.000Z,34,SC 13G,005-46413,131117309,,SC 13G,118274,0,0,,eh1301118_13g-cheniere.htm,SCHEDULE 13G
0000003570-13-000192,2013-09-27,2013-09-25,2013-09-27T20:49:56.000Z,,4,,,,4,5152,0,0,,xslF345X03/wf-form4_138031498573171.xml,FORM 4
0000003570-13-000194,2013-10-01,2013-09-27,2013-10-01T20:11:14.000Z,,4,,,,4,6526,0,0,,xslF345X03/wf-form4_138065826408304.xml,FORM 4
0000003570-13-000195,2013-10-03,2013-10-01,2013-10-03T20:02:29.000Z,,4,,,,4,7067,0,0,,xslF345X03/wf-form4_138083053808903.xml,FORM 4
0000003570-13-000196,2013-10-03,2013-10-01,2013-10-03T20:03:21.000Z,,4,,,,4,5350,0,0,,xslF345X03/wf-form4_138083058931306.xml,FORM 4
0000003570-13-000198,2013-10-15,2013-10-11,2013-10-15T12:50:19.000Z,34,8-K,001-16383,131150416,"7.01,9.01",8-K,9224833,0,0,,cei2013form8kcorppresoct.htm,8-K
0000003570-13-000199,2013-10-15,2013-10-11,2013-10-15T20:07:39.000Z,,4,,,,4,5152,0,0,,xslF345X03/wf-form4_138186764908703.xml,FORM 4
0000003570-13-000200,2013-10-17,2013-10-15,2013-10-17T20:07:31.000Z,,4,,,,4,4920,0,0,,xslF345X03/wf-form4_138204043845593.xml,FORM 4
0000003570-13-000201,2013-10-17,2013-10-15,2013-10-17T20:09:43.000Z,,4,,,,4,5341,0,0,,xslF345X03/wf-form4_138204057254976.xml,FORM 4
0000003570-13-000202,2013-10-29,2013-10-25,2013-10-29T20:06:24.000Z,,4,,,,4,8637,0,0,,xslF345X03/wf-form4_138307717471368.xml,FORM 4
0000003570-13-000203,2013-11-01,2013-10-30,2013-11-01T20:32:33.000Z,,4,,,,4,8843,0,0,,xslF345X03/wf-form4_138333794169094.xml,FORM 4
0000003570-13-000204,2013-11-05,2013-11-01,2013-11-05T21:23:38.000Z,,4,,,,4,5350,0,0,,xslF345X03/wf-form4_138368660810646.xml,FORM 4
0000003570-13-000205,2013-11-05,2013-11-01,2013-11-05T21:24:22.000Z,,4,,,,4,5600,0,0,,xslF345X03/wf-form4_138368665200640.xml,FORM 4
0000003570-13-000207,2013-11-08,2013-11-07,2013-11-08T01:14:42.000Z,34,8-K,001-16383,131202298,5.02,8-K,49447,0,0,,cei2013form8kcao.htm,8-K
0000003570-13-000213,2013-11-08,2013-09-30,2013-11-08T12:47:17.000Z,34,10-Q,001-16383,131202541,,10-Q,10215607,1,0,,cei2013form10q3rdqtr.htm,10-Q
0000003570-13-000214,2013-11-08,,2013-11-08T12:50:17.000Z,34,IRANNOTICE,001-16383,131202546,,IRANNOTICE,27018,0,0,,ceiq32013irannoticeletter.htm,IRANNOTICE
0000003570-13-000215,2013-11-08,2013-11-08,2013-11-08T13:39:44.000Z,34,8-K,001-16383,131202630,"2.02,9.01",8-K,247699,0,0,,cei2013form8k3rdqtrer.htm,8-K
0000003570-13-000217,2013-11-18,2013-11-18,2013-11-18T13:21:39.000Z,34,8-K,001-16383,131225509,"7.01,9.01",8-K,54078,0,0,,cei2013form8knovlaunch.htm,8-K
0000003570-13-000220,2013-11-19,2013-11-18,2013-11-19T00:57:51.000Z,34,8-K,001-16383,131228275,"7.01,9.01",8-K,53855,0,0,,cei2013form8knovpricing.htm,8-K
0000003570-13-000221,2013-11-19,2013-11-15,2013-11-19T21:18:31.000Z,,4,,,,4,4920,0,0,,xslF345X03/wf-form4_138489589910782.xml,FORM 4
0000003570-13-000222,2013-11-19,2013-11-15,2013-11-19T21:19:19.000Z,,4,,,,4,5341,0,0,,xslF345X03/wf-form4_138489594702812.xml,FORM 4
0001193125-13-450487,2013-11-22,2013-11-18,2013-11-22T11:05:29.000Z,34,8-K,001-16383,131236741,"1.01,2.03,9.01",8-K,19244,0,0,,d632171d8k.htm,FORM 8-K
0001193125-13-453039,2013-11-25,2013-11-25,2013-11-25T21:32:59.000Z,34,8-K,001-16383,131241368,"1.01,2.03,9.01",8-K,26081,0,0,,d632188d8k.htm,FORM 8-K
9999999997-13-017054,2013-12-03,,2013-12-03T21:25:22.000Z,34,CT ORDER,001-16383,131254670,"20131203,20131203",CT ORDER,11538,0,0,,filename1.pdf,
0000003570-13-000223,2013-12-04,2013-12-02,2013-12-04T22:05:17.000Z,,4,,,,4,8840,0,0,,xslF345X03/wf-form4_138619470618668.xml,FORM 4
0000003570-13-000224,2013-12-04,2013-12-02,2013-12-04T22:06:06.000Z,,4,,,,4,5350,0,0,,xslF345X03/wf-form4_138619475495561.xml,FORM 4
0000003570-13-000225,2013-12-04,2013-12-02,2013-12-04T22:07:03.000Z,,4,,,,4,6032,0,0,,xslF345X03/wf-form4_138619481219823.xml,FORM 4
0000003570-13-000228,2013-12-05,2013-12-04,2013-12-05T02:33:07.000Z,34,8-K,001-16383,131258600,"1.01,7.01,9.01",8-K,1366065,0,0,,cei2013form8kpertaminaspa.htm,8-K
0001193125-13-468411,2013-12-10,2013-12-06,2013-12-10T21:05:51.000Z,34,8-K,001-16383,131268477,"1.01,5.02,7.01,9.01",8-K,12994850,0,0,,d638883d8k.htm,8-K
0000003570-13-000230,2013-12-10,2013-12-06,2013-12-10T22:46:11.000Z,,4,,,,4,4918,0,0,,xslF345X03/wf-form4_138671556031206.xml,FORM 4
0000003570-13-000232,2013-12-10,2013-12-06,2013-12-10T22:49:54.000Z,,4,,,,4,5627,0,0,,xslF345X03/wf-form4_138671578375587.xml,FORM 4
0000003570-13-000234,2013-12-10,2013-12-06,2013-12-10T22:52:09.000Z,,4,,,,4,4944,0,0,,xslF345X03/wf-form4_138671591833453.xml,FORM 4
0000003570-13-000236,2013-12-10,2013-12-06,2013-12-10T22:54:48.000Z,,4,,,,4,4946,0,0,,xslF345X03/wf-form4_138671607691511.xml,FORM 4
0000003570-13-000238,2013-12-10,2013-12-06,2013-12-10T22:56:58.000Z,,4,,,,4,4941,0,0,,xslF345X03/wf-form4_138671620718924.xml,FORM 4
0000003570-13-000240,2013-12-10,2013-12-06,2013-12-10T23:00:35.000Z,,4,,,,4,4935,0,0,,xslF345X03/wf-form4_138671642424938.xml,FORM 4
0000003570-13-000242,2013-12-10,2013-12-06,2013-12-10T23:06:53.000Z,,4,,,,4,4949,0,0,,xslF345X03/wf-form4_138671680327771.xml,FORM 4
0000000000-13-067589,2013-12-12,,2013-12-12T18:40:35.000Z,,UPLOAD,,,,LETTER,159396,0,0,,filename1.pdf,
0000003570-13-000248,2013-12-16,2013-12-06,2013-12-16T21:48:13.000Z,,3,,,,3,4249,0,0,,xslF345X02/wf-form3_138723048281943.xml,FORM 3
0001209191-13-057172,2013-12-16,2013-12-13,2013-12-16T22:44:08.000Z,34,3,001-36234,131279911,,3,4662,0,0,,xslF345X02/doc3.xml,FORM 3 SUBMISSION
0001193125-13-476216,2013-12-17,,2013-12-17T22:18:29.000Z,,SC 13D/A,,,,SC 13D/A,88562,0,0,,d645421dsc13da.htm,SCHEDULE 13D AMENDMENT NO. 6
0000003570-13-000249,2013-12-18,2013-12-10,2013-12-18T21:34:38.000Z,,4,,,,4,7347,0,0,,xslF345X03/wf-form4_138740246690193.xml,FORM 4
0000003570-13-000250,2013-12-18,2013-12-16,2013-12-18T21:36:42.000Z,,4,,,,4,4919,0,0,,xslF345X03/wf-form4_138740259080321.xml,FORM 4
0000003570-13-000251,2013-12-18,2013-12-16,2013-12-18T21:38:13.000Z,,4,,,,4,5341,0,0,,xslF345X03/wf-form4_138740268224752.xml,FORM 4
0001193125-13-477850,2013-12-18,2013-12-13,2013-12-18T22:13:59.000Z,34,8-K,001-16383,131286004,"1.01,9.01",8-K,22959,0,0,,d646532d8k.htm,FORM 8-K
0001209191-13-057806,2013-12-18,2013-12-18,2013-12-18T22:45:22.000Z,34,4,001-33366,131286246,,4,10286,0,0,,xslF345X03/doc4.xml,FORM 4 SUBMISSION
0001193125-13-479854,2013-12-20,,2013-12-20T11:05:20.000Z,,SC 13D,,,,SC 13D,59353,0,0,,d647963dsc13d.htm,SC 13D
0001193125-13-479860,2013-12-20,,2013-12-20T11:08:10.000Z,,SC 13D/A,,,,SC 13D/A,55055,0,0,,d647971dsc13da.htm,SC 13D/A
0000003570-13-000253,2013-12-20,,2013-12-20T15:18:43.000Z,,CORRESP,,,,CORRESP,104083,0,0,,filename1.htm,
0000003570-13-000254,2013-12-23,2013-12-20,2013-12-23T21:03:55.000Z,,4,,,,4,5152,0,0,,xslF345X03/wf-form4_138783262537686.xml,FORM 4
0000003570-13-000255,2013-12-23,2013-12-19,2013-12-23T21:05:03.000Z,,4,,,,4,5094,0,0,,xslF345X03/wf-form4_138783269370225.xml,FORM 4
0000003570-13-000256,2013-12-23,2013-12-20,2013-12-23T21:06:45.000Z,,4,,,,4,5145,0,0,,xslF345X03/wf-form4_138783279535210.xml,FORM 4
0000003570-13-000258,2013-12-26,2013-12-23,2013-12-26T21:45:51.000Z,,4,,,,4,7304,0,0,,xslF345X03/wf-form4_138809434002177.xml,FORM 4
0000000000-14-000070,2014-01-02,,2014-01-02T16:19:56.000Z,,UPLOAD,,,,LETTER,34198,0,0,,filename1.pdf,
0000003570-14-000001,2014-01-03,2013-12-30,2014-01-03T21:02:31.000Z,,4,,,,4,5549,0,0,,xslF345X03/wf-form4_138878294153546.xml,FORM 4
0000003570-14-000002,2014-01-03,2013-12-31,2014-01-03T21:04:13.000Z,,4,,,,4,4794,0,0,,xslF345X03/wf-form4_138878304374419.xml,FORM 4
0000003570-14-000003,2014-01-06,2014-01-02,2014-01-06T21:30:42.000Z,,4,,,,4,6817,0,0,,xslF345X03/wf-form4_138904383088369.xml,FORM 4
0000003570-14-000004,2014-01-06,2014-01-02,2014-01-06T21:32:15.000Z,,4,,,,4,5599,0,0,,xslF345X03/wf-form4_138904392419340.xml,FORM 4
0000003570-14-000005,2014-01-07,2014-01-05,2014-01-07T21:11:46.000Z,,4,,,,4,5110,0,0,,xslF345X03/wf-form4_138912909331499.xml,FORM 4
0000003570-14-000007,2014-01-08,2014-01-08,2014-01-08T13:31:27.000Z,34,8-K,001-16383,14515009,"7.01,9.01",8-K,9689636,0,0,,cei2014form8kcorppresjan.htm,8-K
0000003570-14-000008,2014-01-08,2014-01-07,2014-01-08T22:10:27.000Z,,4,,,,4,5151,0,0,,xslF345X03/wf-form4_138921901562604.xml,FORM 4
0000003570-14-000011,2014-01-16,2014-01-14,2014-01-16T22:08:53.000Z,34,8-K,001-16383,14532898,5.02,8-K,43424,0,0,,cei2013form8kcfo.htm,8-K
9999999997-14-000206,2014-01-17,,2014-01-17T17:15:16.000Z,34,CT ORDER,001-16383,14534144,"20140117,20140117",CT ORDER,11371,0,0,,filename1.pdf,
0000003570-14-000012,2014-01-17,2014-01-15,2014-01-17T21:53:31.000Z,,4,,,,4,4919,0,0,,xslF345X03/wf-form4_138999560130799.xml,FORM 4
0000003570-14-000013,2014-01-17,2014-01-15,2014-01-17T22:13:02.000Z,,4,,,,4,5499,0,0,,xslF345X03/wf-form4_138999677187657.xml,FORM 4
0000003570-14-000015,2014-01-24,2014-01-14,2014-01-24T23:40:12.000Z,,3,,,,3,6005,0,0,,xslF345X02/wf-form3_139060680135011.xml,FORM 3
0000003570-14-000020,2014-02-04,2014-01-30,2014-02-04T22:15:29.000Z,34,8-K,001-16383,14573223,"5.02,7.01,9.01",8-K,123740,0,0,,cei2014form8k-januaryltip.htm,8-K
0000003570-14-000022,2014-02-05,2014-01-30,2014-02-05T22:22:35.000Z,34,8-K,001-16383,14577070,"5.02,9.01",8-K,288990,0,0,,cei2014form8k-abiteboulemp.htm,8-K
0000003570-14-000023,2014-02-05,2014-02-03,2014-02-05T22:25:05.000Z,,4,,,,4,6031,0,0,,xslF345X03/wf-form4_139163909057006.xml,FORM 4
0000053417-14-000029,2014-02-06,,2014-02-06T21:57:19.000Z,34,SC 13G/A,005-46413,14580832,,SC 13G/A,8973,0,0,,lng1213.txt,13G FINAL FILING - LNG
0001137774-14-000066,2014-02-07,,2014-02-07T15:49:24.000Z,34,SC 13G/A,005-46413,14582520,,SC 13G/A,8467,0,0,,chen.htm,
0001193125-14-044281,2014-02-11,,2014-02-11T11:20:33.000Z,34,SC 13G/A,005-46413,14591241,,SC 13G/A,68205,0,0,,d670422dsc13ga.htm,SCHEDULE 13G/A
0000919574-14-001489,2014-02-14,,2014-02-14T16:49:47.000Z,34,SC 13G/A,005-46413,14612936,,SC 13G/A,258900,0,0,,d1453645_13g-a.htm,
0000950142-14-000433,2014-02-14,,2014-02-14T21:29:14.000Z,34,SC 13G/A,005-46413,14617246,,SC 13G/A,155678,0,0,,eh1400324_13ga2-cheniere.htm,AMENDMENT NO. 2
0000950142-14-000441,2014-02-14,,2014-02-14T21:42:50.000Z,34,SC 13G/A,005-46413,14617749,,SC 13G/A,155670,0,0,,eh1400330_13ga2-cheniere.htm,AMENDMENT NO. 2
0000003570-14-000024,2014-02-20,2014-02-18,2014-02-20T21:20:34.000Z,,4,,,,4,4919,0,0,,xslF345X03/wf-form4_139293122238980.xml,FORM 4
0000003570-14-000025,2014-02-20,2014-02-18,2014-02-20T21:21:58.000Z,,4,,,,4,5340,0,0,,xslF345X03/wf-form4_139293130704470.xml,FORM 4
0000003570-14-000030,2014-02-21,2014-02-21,2014-02-21T13:32:51.000Z,34,8-K,001-16383,14631717,"2.02,9.01",8-K,239730,0,0,,cei2013form8k4thqtrer.htm,8-K
0000003570-14-000031,2014-02-21,2013-12-31,2014-02-21T13:37:38.000Z,34,10-K,001-16383,14631722,,10-K,18333528,1,0,,cei2013form10k.htm,10-K
0000003570-14-000032,2014-02-21,,2014-02-21T13:45:12.000Z,34,IRANNOTICE,001-16383,14631742,,IRANNOTICE,27034,0,0,,cei2013yearendirannoticele.htm,IRANNOTICE
0000003570-14-000033,2014-03-04,2014-03-01,2014-03-05T00:27:37.000Z,,4,,,,4,4945,0,0,,xslF345X03/wf-form4_139397924699376.xml,FORM 4
0000003570-14-000034,2014-03-05,2014-03-03,2014-03-05T21:43:56.000Z,,4,,,,4,5599,0,0,,xslF345X03/wf-form4_139405582548146.xml,FORM 4
0000003570-14-000035,2014-03-06,2014-03-04,2014-03-06T21:08:12.000Z,,4,,,,4,5134,0,0,,xslF345X03/wf-form4_139414008159734.xml,FORM 4
0000003570-14-000036,2014-03-06,2014-02-24,2014-03-06T23:27:44.000Z,,3,,,,3,3900,0,0,,xslF345X02/wf-form3_139414845397022.xml,FORM 3
0000003570-14-000037,2014-03-07,2014-03-05,2014-03-07T21:51:04.000Z,,4,,,,4,5151,0,0,,xslF345X03/wf-form4_139422905247410.xml,FORM 4
0000003570-14-000038,2014-03-07,2014-03-05,2014-03-07T21:53:23.000Z,,4,,,,4,6094,0,0,,xslF345X03/wf-form4_139422919182762.xml,FORM 4
0000003570-14-000039,2014-03-07,2014-03-05,2014-03-07T21:54:04.000Z,,4,,,,4,5443,0,0,,xslF345X03/wf-form4_139422923306722.xml,FORM 4
0000003570-14-000040,2014-03-07,2014-03-05,2014-03-07T21:55:04.000Z,,4,,,,4,4564,0,0,,xslF345X03/wf-form4_139422929259078.xml,FORM 4
0000003570-14-000041,2014-03-07,2014-03-05,2014-03-07T21:56:49.000Z,,4,,,,4,4703,0,0,,xslF345X03/wf-form4_139422939773726.xml,FORM 4
0000003570-14-000042,2014-03-07,2014-03-05,2014-03-07T21:57:29.000Z,,4,,,,4,4673,0,0,,xslF345X03/wf-form4_139422943816312.xml,FORM 4
0000003570-14-000043,2014-03-07,2014-03-05,2014-03-07T21:58:24.000Z,,4,,,,4,4713,0,0,,xslF345X03/wf-form4_139422949401422.xml,FORM 4
0000003570-14-000044,2014-03-07,2014-03-05,2014-03-07T21:59:14.000Z,,4,,,,4,4690,0,0,,xslF345X03/wf-form4_139422954335261.xml,FORM 4
0000003570-14-000045,2014-03-07,2014-03-05,2014-03-07T21:59:50.000Z,,4,,,,4,4732,0,0,,xslF345X03/wf-form4_139422957958451.xml,FORM 4
0000003570-14-000046,2014-03-07,2014-03-05,2014-03-07T22:00:25.000Z,,4,,,,4,4693,0,0,,xslF345X03/wf-form4_139422961497845.xml,FORM 4
0001181431-14-011719,2014-03-07,2014-03-05,2014-03-07T23:40:56.000Z,,4,,,,4,5319,0,0,,xslF345X03/rrd405016.xml,FORM 4
0000003570-14-000049,2014-03-13,2014-03-07,2014-03-13T20:39:19.000Z,34,8-K,001-16383,14691476,5.02,8-K,42731,0,0,,cei2014form8kdavis.htm,8-K
0000003570-14-000050,2014-03-14,2014-03-12,2014-03-14T20:36:39.000Z,,4,,,,4,6526,0,0,,xslF345X03/wf-form4_139482938847047.xml,FORM 4
0000003570-14-000053,2014-03-19,2014-03-17,2014-03-19T21:21:30.000Z,,4,,,,4,4890,0,0,,xslF345X03/wf-form4_139526407994073.xml,FORM 4
0000003570-14-000055,2014-03-19,2014-03-17,2014-03-19T21:25:54.000Z,,4,,,,4,5346,0,0,,xslF345X03/wf-form4_139526434344472.xml,FORM 4
0000003570-14-000058,2014-03-24,2014-03-18,2014-03-24T21:15:31.000Z,34,8-K,001-16383,14713849,"4.01,9.01",8-K,66205,0,0,,cei2014form8kkpmg.htm,8-K
0000003570-14-000061,2014-04-02,2014-04-01,2014-04-02T11:09:07.000Z,34,8-K,001-16383,14736066,"1.01,7.01,9.01",8-K,1292358,0,0,,cei2014form8kendesaspa.htm,8-K
0000003570-14-000062,2014-04-03,2014-03-31,2014-04-03T20:04:05.000Z,,3,,,,3,3346,0,0,,xslF345X02/wf-form3_139655543404399.xml,FORM 3
0000003570-14-000063,2014-04-03,2014-04-01,2014-04-03T20:05:40.000Z,,4,,,,4,5069,0,0,,xslF345X03/wf-form4_139655552918813.xml,FORM 4
0000003570-14-000064,2014-04-04,2014-04-01,2014-04-04T20:09:06.000Z,,4,,,,4,5599,0,0,,xslF345X03/wf-form4_139664212814159.xml,FORM 4
0000003570-14-000066,2014-04-07,2014-04-07,2014-04-07T10:41:09.000Z,34,8-K,001-16383,14747292,"7.01,9.01",8-K,26863752,0,0,,cei2014form8kcorppresapril.htm,8-K
0000003570-14-000068,2014-04-07,2014-04-03,2014-04-07T20:41:00.000Z,,4,,,,4,8198,0,0,,xslF345X03/wf-form4_139690324917732.xml,FORM 4
0000003570-14-000070,2014-04-08,2014-04-07,2014-04-07T23:35:38.000Z,34,8-K,001-16383,14749721,"1.01,7.01,9.01",8-K,1298660,0,0,,cei2014form8kendesaspa2.htm,8-K
0000003570-14-000072,2014-04-09,2014-04-03,2014-04-09T20:12:34.000Z,34,8-K,001-16383,14753665,"5.03,5.05,9.01",8-K,267578,0,0,,cei2014form8kcorpbylawsand.htm,8-K
0000003570-14-000073,2014-04-15,2014-04-11,2014-04-15T20:02:01.000Z,,4,,,,4,8024,0,0,,xslF345X03/wf-form4_139759210481254.xml,FORM 4
0000003570-14-000074,2014-04-17,2014-04-15,2014-04-17T20:16:46.000Z,,4,,,,4,7917,0,0,,xslF345X03/wf-form4_139776579550267.xml,FORM 4
0000003570-14-000075,2014-04-17,2014-04-15,2014-04-17T20:17:23.000Z,,4,,,,4,6715,0,0,,xslF345X03/wf-form4_139776583237571.xml,FORM 4
0000003570-14-000076,2014-04-17,2014-04-15,2014-04-17T20:18:07.000Z,,4,,,,4,5346,0,0,,xslF345X03/wf-form4_139776587585991.xml,FORM 4
0000003570-14-000078,2014-04-23,2014-04-23,2014-04-23T13:57:04.000Z,34,8-K,001-16383,14777690,"7.01,9.01",8-K,10373062,0,0,,cei2014form8kcorppresapril.htm,8-K
0000003570-14-000080,2014-04-25,2014-04-21,2014-04-25T20:40:27.000Z,34,8-K,001-16383,14786084,"1.01,2.03,9.01",8-K,48834,0,0,,cei2014seniorletterofcredi.htm,8-K
0000950142-14-000951,2014-04-25,,2014-04-25T21:12:28.000Z,34,SC 13G,005-46413,14786432,,SC 13G,122655,0,0,,eh1400595_13g-cheniere.htm,SCHEDULE 13G
0001193125-14-163097,2014-04-28,2014-06-12,2014-04-28T20:37:39.000Z,34,DEF 14A,001-16383,14789930,,DEF 14A,1127192,0,0,,d662404ddef14a.htm,DEF 14A
0000003570-14-000088,2014-05-01,2014-03-31,2014-05-01T20:41:58.000Z,34,10-Q,001-16383,14805619,,10-Q,8017431,1,0,,cei2014form10q1stqtr.htm,10-Q
0000003570-14-000089,2014-05-01,,2014-05-01T20:46:22.000Z,34,IRANNOTICE,001-16383,14805662,,IRANNOTICE,27028,0,0,,cei2014irannoticeletter1st.htm,IRANNOTICE
0000003570-14-000091,2014-05-01,2014-05-01,2014-05-01T21:29:59.000Z,34,8-K,001-16383,14806147,"2.02,9.01",8-K,223129,0,0,,cei2014form8k1stqtrer.htm,8-K
0000003570-14-000092,2014-05-05,2014-05-01,2014-05-05T20:05:30.000Z,,4,,,,4,5599,0,0,,xslF345X03/wf-form4_139932031992068.xml,FORM 4
9999999997-14-009951,2014-05-06,2013-12-31,2014-05-16T19:01:41.000Z,34,ARS,001-16383,14007301,,ARS,1632,0,0,,9999999997-14-009951.paper,AUTO-GENERATED PAPER DOCUMENT
0000003570-14-000094,2014-05-13,2014-05-13,2014-05-13T12:54:43.000Z,34,8-K,001-16383,14835492,"7.01,9.01",8-K,53720,0,0,,cei2014form8kmaylaunch.htm,8-K
0000003570-14-000096,2014-05-13,2014-05-13,2014-05-13T21:12:16.000Z,34,8-K,001-16383,14838327,"7.01,9.01",8-K,49155,0,0,,cei2014form8kmaypricing.htm,8-K
0000003570-14-000099,2014-05-14,2014-05-13,2014-05-14T00:33:00.000Z,34,8-K/A,001-16383,14838987,"7.01,9.01",8-K/A,54951,0,0,,cei2014form8kamaypricing.htm,8-K/A
0000003570-14-000101,2014-05-15,2014-05-15,2014-05-15T13:28:20.000Z,34,8-K,001-16383,14844188,"7.01,9.01",8-K,53762,0,0,,cei2014form8kmaylaunch2023.htm,8-K
0000003570-14-000103,2014-05-15,2014-05-15,2014-05-15T18:25:42.000Z,34,8-K,001-16383,14846067,"7.01,9.01",8-K,54095,0,0,,cei2014form8kmaypricing2023.htm,8-K
0000003570-14-000104,2014-05-19,2014-05-15,2014-05-19T20:13:15.000Z,,4,,,,4,4919,0,0,,xslF345X03/wf-form4_140053038498214.xml,FORM 4
0000003570-14-000105,2014-05-19,2014-05-15,2014-05-19T20:13:55.000Z,,4,,,,4,5346,0,0,,xslF345X03/wf-form4_140053042509143.xml,FORM 4
0000003570-14-000106,2014-05-19,2014-05-15,2014-05-19T20:14:34.000Z,,4,,,,4,6525,0,0,,xslF345X03/wf-form4_140053046439772.xml,FORM 4
0001193125-14-205011,2014-05-19,2014-05-13,2014-05-19T21:22:00.000Z,34,8-K,001-16383,14855600,"1.01,2.03,9.01",8-K,22539,0,0,,d729755d8k.htm,8-K
0001193125-14-209885,2014-05-22,,2014-05-22T20:42:53.000Z,34,DEFA14A,001-16383,14864230,,DEFA14A,135236,0,0,,d732441ddefa14a.htm,DEFINITIVE ADDITIONAL MATERIALS
0000003570-14-000110,2014-05-22,2014-05-20,2014-05-22T20:53:27.000Z,34,8-K,001-16383,14864346,"1.01,2.03,9.01",8-K,64377,0,0,,cei2014form8kmayclosing.htm,8-K
0000003570-14-000114,2014-05-30,2014-05-30,2014-05-30T11:46:02.000Z,34,8-K,001-16383,14877759,"1.01,7.01,9.01",8-K,1322113,0,0,,cei2014form8kiberdrolaspa.htm,8-K
0001193125-14-220800,2014-06-02,2014-06-02,2014-06-02T10:10:00.000Z,34,8-K,001-16383,14882036,"7.01,9.01",8-K,138189,0,0,,d737843d8k.htm,FORM 8-K
0001193125-14-220816,2014-06-02,,2014-06-02T10:14:00.000Z,34,DEFA14A,001-16383,14882052,,DEFA14A,42346,0,0,,d737906ddefa14a.htm,DEFINITIVE ADDITIONAL MATERIALS
0000003570-14-000117,2014-06-02,2014-06-02,2014-06-02T12:47:04.000Z,34,8-K,001-16383,14882331,"1.01,7.01,9.01",8-K,1269317,0,0,,cei2014form8kgasnatspa.htm,8-K
0000003570-14-000122,2014-06-04,2014-06-02,2014-06-04T20:21:25.000Z,,4,,,,4,5599,0,0,,xslF345X03/wf-form4_140191327474522.xml,FORM 4
0000003570-14-000126,2014-06-18,2014-06-16,2014-06-18T20:26:24.000Z,,4,,,,4,7183,0,0,,xslF345X03/wf-form4_140312317382418.xml,FORM 4
0000003570-14-000128,2014-06-18,2014-06-16,2014-06-18T20:32:05.000Z,,4,,,,4,4919,0,0,,xslF345X03/wf-form4_140312351472204.xml,FORM 4
0000003570-14-000129,2014-06-18,2014-06-12,2014-06-18T20:35:23.000Z,34,8-K,001-16383,14928425,5.02,8-K,41949,0,0,,cei2014form8kelectionofdir.htm,8-K
0000003570-14-000131,2014-06-20,2014-06-20,2014-06-20T20:39:08.000Z,34,8-K,001-16383,14933310,8.01,8-K,41847,0,0,,cei2014form8kstockholderpr.htm,8-K
0000003570-14-000133,2014-06-23,2014-06-12,2014-06-23T21:13:32.000Z,,3,,,,3,3285,0,0,,xslF345X02/wf-form3_140355800134854.xml,FORM 3
0000003570-14-000135,2014-06-23,2014-06-12,2014-06-23T21:18:17.000Z,,3,,,,3,6503,0,0,,xslF345X02/wf-form3_140355819409593.xml,FORM 3
0000003570-14-000137,2014-06-27,2014-06-25,2014-06-27T20:35:40.000Z,,4,,,,4,6498,0,0,,xslF345X03/wf-form4_140390132992977.xml,FORM 4
0000003570-14-000139,2014-06-30,2014-06-30,2014-06-30T12:54:59.000Z,34,8-K,001-16383,14947468,"1.01,7.01,9.01",8-K,1291488,0,0,,cei2014form8kwoodsidespa.htm,8-K
0000003570-14-000142,2014-07-01,2014-07-01,2014-07-01T12:35:06.000Z,34,8-K,001-16383,14950797,"1.01,7.01,9.01",8-K,1288224,0,0,,cei2014form8kpertamina2spa.htm,8-K
0000003570-14-000144,2014-07-02,2014-07-01,2014-07-02T20:07:52.000Z,,4,,,,4,5599,0,0,,xslF345X03/wf-form4_140433166178023.xml,FORM 4
0000003570-14-000148,2014-07-17,2014-07-15,2014-07-17T20:11:16.000Z,,4,,,,4,7183,0,0,,xslF345X03/wf-form4_140562786611101.xml,FORM 4
0000003570-14-000150,2014-07-17,2014-07-15,2014-07-17T20:12:43.000Z,,4,,,,4,4919,0,0,,xslF345X03/wf-form4_140562795281022.xml,FORM 4
0000003570-14-000153,2014-07-17,2014-07-17,2014-07-17T20:59:48.000Z,34,8-K,001-16383,14980883,"1.01,7.01,9.01",8-K,1297548,0,0,,cei2014form8kedfspa.htm,8-K
0001193125-14-280483,2014-07-25,2014-09-11,2014-07-25T20:23:04.000Z,34,DEF 14A,001-16383,14994542,,DEF 14A,988687,0,0,,d760348ddef14a.htm,DEF 14A
0000003570-14-000158,2014-07-31,2014-06-30,2014-07-31T21:15:06.000Z,34,10-Q,001-16383,141007147,,10-Q,9497787,1,0,,cei2014form10q2ndqtr.htm,10-Q
0000003570-14-000159,2014-07-31,2014-07-31,2014-07-31T21:17:45.000Z,34,8-K,001-16383,141007177,"2.02,9.01",8-K,282891,0,0,,cei2014form8k2ndqtrer.htm,8-K
0000003570-14-000160,2014-07-31,,2014-07-31T21:18:56.000Z,34,IRANNOTICE,001-16383,141007196,,IRANNOTICE,26786,0,0,,cei2014irannoticeletter2nd.htm,IRANNOTICE
0000003570-14-000162,2014-08-05,2014-08-01,2014-08-05T20:55:28.000Z,,4,,,,4,5600,0,0,,xslF345X03/wf-form4_140727211737024.xml,FORM 4
0000003570-14-000164,2014-08-06,2014-08-04,2014-08-06T21:36:54.000Z,,4,,,,4,6640,0,0,,xslF345X03/wf-form4_140736100414276.xml,FORM 4
0000003570-14-000167,2014-08-07,2014-08-05,2014-08-07T20:22:58.000Z,,4,,,,4,10460,0,0,,xslF345X03/wf-form4_140744296772411.xml,FORM 4
0000003570-14-000171,2014-08-11,2014-06-30,2014-08-11T20:45:11.000Z,34,10-Q/A,001-16383,141031165,,10-Q/A,115998,0,0,,cei2014form10qa2ndqtr.htm,10-Q/A
0000003570-14-000172,2014-08-11,,2014-08-11T20:46:38.000Z,34,IRANNOTICE,001-16383,141031183,,IRANNOTICE,26820,0,0,,cei2014irannoticeletter2nd.htm,IRANNOTICE
0000003570-14-000175,2014-08-11,2014-08-05,2014-08-11T20:50:52.000Z,34,8-K,001-16383,141031228,"1.01,9.01",8-K,56178,0,0,,cei2014form8-karcmispa.htm,8-K
0000003570-14-000177,2014-08-12,2014-08-09,2014-08-12T21:36:02.000Z,,4,,,,4,5627,0,0,,xslF345X03/wf-form4_140787935101757.xml,FORM 4
0000003570-14-000179,2014-08-12,2014-08-09,2014-08-12T21:41:07.000Z,,4,,,,4,4940,0,0,,xslF345X03/wf-form4_140787965669680.xml,FORM 4
0000003570-14-000181,2014-08-12,2014-08-09,2014-08-12T21:42:33.000Z,,4,,,,4,4924,0,0,,xslF345X03/wf-form4_140787974274559.xml,FORM 4
0000003570-14-000183,2014-08-12,2014-08-09,2014-08-12T21:43:49.000Z,,4,,,,4,8149,0,0,,xslF345X03/wf-form4_140787981877573.xml,FORM 4
0000003570-14-000185,2014-08-12,2014-08-09,2014-08-12T21:45:18.000Z,,4,,,,4,4946,0,0,,xslF345X03/wf-form4_140787990222959.xml,FORM 4
0000003570-14-000187,2014-08-12,2014-08-09,2014-08-12T21:46:43.000Z,,4,,,,4,8142,0,0,,xslF345X03/wf-form4_140787999212007.xml,FORM 4
0000003570-14-000189,2014-08-12,2014-08-09,2014-08-12T21:48:11.000Z,,4,,,,4,4941,0,0,,xslF345X03/wf-form4_140788008010701.xml,FORM 4
0000003570-14-000191,2014-08-18,2014-08-14,2014-08-18T20:28:05.000Z,,4,,,,4,5152,0,0,,xslF345X03/wf-form4_140839367512331.xml,FORM 4
0000003570-14-000194,2014-08-19,2014-08-15,2014-08-19T20:25:38.000Z,,4,,,,4,5352,0,0,,xslF345X03/wf-form4_140847992796974.xml,FORM 4
0000003570-14-000196,2014-08-19,2014-08-15,2014-08-19T20:52:29.000Z,,4,,,,4,5451,0,0,,xslF345X03/wf-form4_140848153910452.xml,FORM 4
0000003570-14-000198,2014-08-19,2014-08-15,2014-08-19T20:58:31.000Z,,4,,,,4,7183,0,0,,xslF345X03/wf-form4_140848190103092.xml,FORM 4
0000003570-14-000201,2014-08-20,2014-08-20,2014-08-20T13:53:12.000Z,34,8-K,001-16383,141053939,"7.01,9.01",8-K,8065981,0,0,,cei2014form8kmlppresentati.htm,8-K
0000003570-14-000203,2014-08-21,2014-08-19,2014-08-21T20:27:54.000Z,,4,,,,4,11907,0,0,,xslF345X03/wf-form4_140865286404248.xml,FORM 4
0000003570-14-000205,2014-08-21,2014-08-15,2014-08-21T20:28:59.000Z,,4,,,,4,5156,0,0,,xslF345X03/wf-form4_140865292918676.xml,FORM 4
0000003570-14-000208,2014-09-02,2014-09-02,2014-09-02T21:03:51.000Z,34,8-K,001-16383,141078120,"7.01,9.01",8-K,9160603,0,0,,cei2014form8kbarclaysprese.htm,8-K
0000003570-14-000210,2014-09-04,2014-09-02,2014-09-04T20:06:59.000Z,,4,,,,4,5600,0,0,,xslF345X03/wf-form4_140986120832479.xml,FORM 4
0000003570-14-000216,2014-09-15,2014-09-11,2014-09-15T21:34:19.000Z,,4,,,,4,4766,0,0,,xslF345X03/wf-form4_141081684834667.xml,FORM 4
0000003570-14-000218,2014-09-15,2014-09-11,2014-09-15T21:35:29.000Z,,4,,,,4,4934,0,0,,xslF345X03/wf-form4_141081691853400.xml,FORM 4
0000003570-14-000220,2014-09-15,2014-09-11,2014-09-15T21:36:40.000Z,,4,,,,4,4905,0,0,,xslF345X03/wf-form4_141081699007409.xml,FORM 4
0000003570-14-000222,2014-09-15,2014-09-11,2014-09-15T21:39:02.000Z,,4,,,,4,5574,0,0,,xslF345X03/wf-form4_141081713236147.xml,FORM 4
0000003570-14-000224,2014-09-15,2014-09-11,2014-09-15T21:40:10.000Z,,4,,,,4,4871,0,0,,xslF345X03/wf-form4_141081719985244.xml,FORM 4
0000003570-14-000226,2014-09-15,2014-09-11,2014-09-15T21:43:20.000Z,,4,,,,4,4891,0,0,,xslF345X03/wf-form4_141081739010036.xml,FORM 4
0000003570-14-000228,2014-09-15,2014-09-11,2014-09-15T21:44:47.000Z,,4,,,,4,4915,0,0,,xslF345X03/wf-form4_141081747700397.xml,FORM 4
0000910484-14-000001,2014-09-15,2014-09-11,2014-09-15T21:45:14.000Z,,3,,,,3,6376,0,0,,xslF345X02/primary_doc.xml,PRIMARY DOCUMENT
0000003570-14-000230,2014-09-15,2014-09-11,2014-09-15T21:47:37.000Z,,4,,,,4,4892,0,0,,xslF345X03/wf-form4_141081764674403.xml,FORM 4
0000003570-14-000232,2014-09-15,2014-09-11,2014-09-15T21:49:14.000Z,,4,,,,4,4858,0,0,,xslF345X03/wf-form4_141081774410758.xml,FORM 4
0000003570-14-000234,2014-09-15,2014-09-11,2014-09-15T21:50:44.000Z,,4,,,,4,4895,0,0,,xslF345X03/wf-form4_141081783354637.xml,FORM 4
0000910484-14-000002,2014-09-15,2014-09-11,2014-09-15T21:58:23.000Z,,4,,,,4,4849,0,0,,xslF345X03/primary_doc.xml,PRIMARY DOCUMENT
0001181431-14-031998,2014-09-15,2014-09-11,2014-09-16T01:05:43.000Z,,4,,,,4,5320,0,0,,xslF345X03/rrd416190.xml,FORM 4
0000003570-14-000236,2014-09-17,2014-09-15,2014-09-17T20:08:26.000Z,,4,,,,4,5346,0,0,,xslF345X03/wf-form4_141098449529043.xml,FORM 4
0000003570-14-000238,2014-09-17,2014-09-15,2014-09-17T20:12:05.000Z,,4,,,,4,5354,0,0,,xslF345X03/wf-form4_141098471552308.xml,FORM 4
0000003570-14-000240,2014-09-17,2014-09-11,2014-09-17T21:22:39.000Z,34,8-K,001-16383,141108632,"5.02,5.07",8-K,70247,0,0,,cei2014form8k-annualmeetin.htm,8-K
0000003570-14-000244,2014-09-25,2014-09-11,2014-09-25T20:23:16.000Z,,4,,,,4,3494,0,0,,xslF345X03/wf-form4_141167658593129.xml,FORM 4
0000003570-14-000246,2014-10-03,2014-10-01,2014-10-03T21:55:49.000Z,,4,,,,4,4941,0,0,,xslF345X03/wf-form4_141237333964454.xml,FORM 4
0000003570-14-000248,2014-10-03,2014-10-01,2014-10-03T21:57:48.000Z,,4,,,,4,8150,0,0,,xslF345X03/wf-form4_141237345889848.xml,FORM 4
0000003570-14-000250,2014-10-03,2014-10-01,2014-10-03T21:59:02.000Z,,4,,,,4,8143,0,0,,xslF345X03/wf-form4_141237353196034.xml,FORM 4
0000003570-14-000252,2014-10-03,2014-10-01,2014-10-03T22:00:07.000Z,,4,,,,4,7188,0,0,,xslF345X03/wf-form4_141237359694466.xml,FORM 4
0000003570-14-000254,2014-10-03,2014-10-01,2014-10-03T22:01:47.000Z,,4,,,,4,4946,0,0,,xslF345X03/wf-form4_141237369384427.xml,FORM 4
0000003570-14-000256,2014-10-03,2014-10-01,2014-10-03T22:02:57.000Z,,4,,,,4,4940,0,0,,xslF345X03/wf-form4_141237376738573.xml,FORM 4
0000003570-14-000258,2014-10-03,2014-10-01,2014-10-03T22:04:39.000Z,,4,,,,4,4924,0,0,,xslF345X03/wf-form4_141237386901705.xml,FORM 4
9999999997-14-014337,2014-10-14,,2014-10-14T18:07:33.000Z,34,CT ORDER,001-16383,141154756,"20141014,20141014",CT ORDER,11802,0,0,,filename1.pdf,
0000910484-14-000012,2014-10-14,2013-12-06,2014-10-14T21:40:46.000Z,,3/A,,,,3/A,7768,0,0,,xslF345X02/primary_doc.xml,PRIMARY DOCUMENT
0000910484-14-000013,2014-10-14,2014-06-12,2014-10-14T21:47:08.000Z,,3/A,,,,3/A,7329,0,0,,xslF345X02/primary_doc.xml,PRIMARY DOCUMENT
0000910484-14-000014,2014-10-14,2013-07-09,2014-10-14T21:53:12.000Z,,3/A,,,,3/A,7374,0,0,,xslF345X02/primary_doc.xml,PRIMARY DOCUMENT
0000910484-14-000015,2014-10-14,2014-03-31,2014-10-14T22:07:00.000Z,,3/A,,,,3/A,7439,0,0,,xslF345X02/primary_doc.xml,PRIMARY DOCUMENT
0000003570-14-000260,2014-10-17,2014-10-15,2014-10-17T20:06:08.000Z,,4,,,,4,8591,0,0,,xslF345X03/wf-form4_141357635836664.xml,FORM 4
0000003570-14-000262,2014-10-17,2014-10-15,2014-10-17T20:09:38.000Z,,4,,,,4,7186,0,0,,xslF345X03/wf-form4_141357656830954.xml,FORM 4
0000003570-14-000267,2014-10-30,2014-10-30,2014-10-30T21:17:36.000Z,34,8-K,001-16383,141184044,"2.02,9.01",8-K,283480,0,0,,cei2014form8k3rdqtrer.htm,8-K
0000003570-14-000268,2014-10-30,2014-09-30,2014-10-30T21:22:18.000Z,34,10-Q,001-16383,141184078,,10-Q,9405770,1,0,,cei2014form10q3rdqtr.htm,10-Q
0000003570-14-000270,2014-11-04,2014-11-04,2014-11-04T22:19:55.000Z,34,8-K,001-16383,141194199,"7.01,9.01",8-K,9816146,0,0,,cei2014form8kcorppresnov.htm,8-K
0000003570-14-000272,2014-11-05,2014-11-03,2014-11-05T22:35:20.000Z,,4,,,,4,5597,0,0,,xslF345X03/wf-form4_141522691066540.xml,FORM 4
0000003570-14-000276,2014-11-10,2014-09-30,2014-11-10T22:11:37.000Z,34,10-Q/A,001-16383,141209703,,10-Q/A,86312,0,0,,cei2014form10qa3rdqtr.htm,10-Q/A
0000003570-14-000277,2014-11-10,,2014-11-10T22:12:17.000Z,34,IRANNOTICE,001-16383,141209718,,IRANNOTICE,26863,0,0,,cei2014irannoticeletter3rd.htm,IRANNOTICE
0000003570-14-000279,2014-11-12,2014-11-11,2014-11-12T13:10:52.000Z,34,8-K,001-16383,141211211,"7.01,9.01",8-K,191754,0,0,,cei2014form8keigconvertibl.htm,8-K
0000003570-14-000281,2014-11-12,2014-11-10,2014-11-12T13:17:35.000Z,34,8-K,001-16383,141211232,"1.01,2.03,3.02,7.01,9.01",8-K,387726,0,0,,cei2014form8krrjconvertibl.htm,8-K
0000910484-14-000016,2014-11-17,2014-11-13,2014-11-17T22:34:21.000Z,34,4,001-36234,141228900,,4,5690,0,0,,xslF345X03/primary_doc.xml,PRIMARY DOCUMENT
0000003570-14-000283,2014-11-19,2014-11-17,2014-11-19T21:02:50.000Z,,4,,,,4,7184,0,0,,xslF345X03/wf-form4_141643095982997.xml,FORM 4
0000003570-14-000285,2014-11-19,2014-11-17,2014-11-19T21:07:19.000Z,,4,,,,4,5352,0,0,,xslF345X03/wf-form4_141643122857064.xml,FORM 4
0001193125-14-418511,2014-11-19,2014-11-13,2014-11-19T21:30:29.000Z,34,8-K,001-16383,141235863,8.01,8-K,14655,0,0,,d824174d8k.htm,8-K
0000003570-14-000287,2014-11-20,2014-11-18,2014-11-20T21:03:44.000Z,,4,,,,4,9433,0,0,,xslF345X03/wf-form4_141651741450137.xml,FORM 4
0000003570-14-000289,2014-11-21,2014-09-30,2014-11-21T21:31:16.000Z,34,10-Q/A,001-16383,141243316,,10-Q/A,81849,0,0,,cei2014form10qa23rdqtr.htm,10-Q/A
0001193125-14-421932,2014-11-21,,2014-11-21T21:32:29.000Z,,SC 13D/A,,,,SC 13D/A,53430,0,0,,d825785dsc13da.htm,SC 13D/A
0000003570-14-000293,2014-11-25,2014-11-24,2014-11-26T00:59:18.000Z,,4,,,,4,5152,0,0,,xslF345X03/wf-form4_141696354794786.xml,FORM 4
0000003570-14-000291,2014-11-26,2014-11-25,2014-11-25T23:15:17.000Z,34,8-K,001-16383,141250834,8.01,8-K,43926,0,0,,cei2014form8k.htm,8-K
0001193125-14-431150,2014-12-02,2014-11-26,2014-12-02T22:18:01.000Z,34,8-K,001-16383,141261424,"1.01,2.03,3.02,9.01",8-K,831453,0,0,,d830697d8k.htm,FORM 8-K
0000003570-14-000295,2014-12-03,2014-12-01,2014-12-03T21:33:02.000Z,,4,,,,4,5600,0,0,,xslF345X03/wf-form4_141764237252666.xml,FORM 4
0000003570-14-000297,2014-12-03,2014-12-01,2014-12-03T21:34:35.000Z,,4,,,,4,4963,0,0,,xslF345X03/wf-form4_141764246506530.xml,FORM 4
9999999997-14-015831,2014-12-11,,2014-12-11T21:34:47.000Z,34,CT ORDER,001-16383,141281104,"20141211,20141211",CT ORDER,11438,0,0,,filename1.pdf,
0000003570-14-000301,2014-12-17,2014-12-15,2014-12-17T22:19:43.000Z,,4,,,,4,5352,0,0,,xslF345X03/wf-form4_141885477365317.xml,FORM 4
0000003570-14-000303,2014-12-17,2014-12-15,2014-12-17T22:21:50.000Z,,4,,,,4,10866,0,0,,xslF345X03/wf-form4_141885489982435.xml,FORM 4
0000003570-14-000306,2014-12-18,2014-12-18,2014-12-18T14:08:51.000Z,34,8-K,001-16383,141294338,"1.01,7.01,9.01",8-K,1291784,0,0,,cei2014form8kedpspa.htm,8-K
0000000000-14-065578,2014-12-18,,2014-12-18T21:29:36.000Z,,UPLOAD,,,,LETTER,158036,0,0,,filename1.pdf,
0000003570-14-000310,2014-12-23,2014-12-17,2014-12-23T22:14:04.000Z,34,8-K,001-16383,141307691,5.02,8-K,52669,0,0,,cei2014form8k-executivecom.htm,8-K
0000003570-14-000312,2014-12-29,2014-12-24,2014-12-29T21:05:23.000Z,,4,,,,4,5147,0,0,,xslF345X03/wf-form4_141988711344292.xml,FORM 4
0000003570-15-000002,2015-01-02,2014-12-30,2015-01-02T22:04:37.000Z,,4,,,,4,4818,0,0,,xslF345X03/wf-form4_142023626704517.xml,FORM 4
0000003570-15-000004,2015-01-05,2015-01-01,2015-01-06T00:15:56.000Z,,4,,,,4,4961,0,0,,xslF345X03/wf-form4_142050334650173.xml,FORM 4
0001193125-15-003900,2015-01-07,,2015-01-07T20:53:30.000Z,,CORRESP,,,,CORRESP,27524,0,0,,filename1.htm,
0000000000-15-001263,2015-01-09,,2015-01-09T16:56:52.000Z,,UPLOAD,,,,LETTER,36748,0,0,,filename1.pdf,
0001140361-15-001250,2015-01-09,,2015-01-09T21:15:45.000Z,34,SC 13G,005-46413,15519136,,SC 13G,117209,0,0,,doc1.htm,NONE
0001193125-15-013356,2015-01-16,2015-01-16,2015-01-16T21:57:00.000Z,34,8-K,001-16383,15533212,"1.01,2.03,3.02,7.01,9.01",8-K,982060,0,0,,d853920d8k.htm,8-K
0000003570-15-000006,2015-01-20,2015-01-15,2015-01-20T21:20:19.000Z,,4,,,,4,6030,0,0,,xslF345X03/wf-form4_142178880932360.xml,FORM 4
0000003570-15-000008,2015-01-20,2015-01-15,2015-01-20T21:21:36.000Z,,4,,,,4,7188,0,0,,xslF345X03/wf-form4_142178888539567.xml,FORM 4
0000003570-15-000010,2015-01-20,2015-01-15,2015-01-20T21:22:43.000Z,,4,,,,4,9020,0,0,,xslF345X03/wf-form4_142178895370500.xml,FORM 4
0001140361-15-004043,2015-02-04,,2015-02-04T19:56:32.000Z,34,SC 13G,005-46413,15574982,,SC 13G,71984,0,0,,doc1.htm,NONE
0001103804-15-000010,2015-02-05,,2015-02-05T20:43:56.000Z,34,SC 13G,005-46413,15580102,,SC 13G,55109,0,0,,v13gCheniere.txt,
0000932471-15-004752,2015-02-11,,2015-02-11T14:07:17.000Z,34,SC 13G,005-46413,15596759,,SC 13G,39881,0,0,,cheniereenergyinc.htm,
0001422848-15-000139,2015-02-13,,2015-02-13T18:57:48.000Z,34,SC 13G,005-46413,15612468,,SC 13G,9504,0,0,,edglng.txt,SC 13G
0000919574-15-001554,2015-02-17,,2015-02-13T23:26:36.000Z,34,SC 13G/A,005-46413,15616964,,SC 13G/A,239279,0,0,,d6351795_13g-a.htm,
0000950142-15-000397,2015-02-17,,2015-02-17T22:07:33.000Z,34,SC 13G/A,005-46413,15624156,,SC 13G/A,158499,0,0,,eh1500298_13ga3-cheniere.htm,AMENDMENT NO. 3
0000003570-15-000012,2015-02-17,2014-12-31,2015-02-17T22:13:27.000Z,,5,,,,5,12322,0,0,,xslF345X03/wf-form5_142421119689235.xml,FORM 5
0000003570-15-000018,2015-02-19,2015-02-17,2015-02-19T22:02:47.000Z,,4,,,,4,7869,0,0,,xslF345X03/wf-form4_142438335707384.xml,FORM 4
0000003570-15-000021,2015-02-19,2015-02-17,2015-02-19T23:12:12.000Z,,4,,,,4,5352,0,0,,xslF345X03/wf-form4_142438752197997.xml,FORM 4
0000003570-15-000023,2015-02-19,2015-02-17,2015-02-19T23:14:19.000Z,,4,,,,4,9021,0,0,,xslF345X03/wf-form4_142438764893288.xml,FORM 4
0000003570-15-000025,2015-02-20,2014-12-31,2015-02-20T00:08:12.000Z,34,10-K,001-16383,15633223,,10-K,19354078,1,0,,cei2014form10-k.htm,10-K
0000003570-15-000026,2015-02-20,,2015-02-20T00:08:36.000Z,34,IRANNOTICE,001-16383,15633225,,IRANNOTICE,26230,0,0,,cei2014irannoticeletter4th.htm,IRANNOTICE
0000003570-15-000027,2015-02-20,2015-02-20,2015-02-20T13:11:53.000Z,34,8-K,001-16383,15633762,"2.02,9.01",8-K,283816,0,0,,cei2014form8k4thqtrer.htm,8-K
0000003570-15-000029,2015-02-24,2015-02-24,2015-02-24T13:32:13.000Z,34,8-K,001-16383,15641887,"7.01,9.01",8-K,9859797,0,0,,cei2015form8kcreditsuissep.htm,8-K
0000003570-15-000031,2015-02-26,2015-02-26,2015-02-26T13:23:18.000Z,34,8-K,001-16383,15650352,"7.01,9.01",8-K,53636,0,0,,cei2015form8kfebruarylaunch.htm,8-K
0000003570-15-000033,2015-02-26,2015-02-26,2015-02-26T21:55:11.000Z,34,8-K,001-16383,15653377,"7.01,9.01",8-K,53899,0,0,,cei2015form8kfebpricing.htm,8-K
0000003570-15-000035,2015-02-27,2015-02-25,2015-02-27T21:23:38.000Z,,4,,,,4,5153,0,0,,xslF345X03/wf-form4_142507220890273.xml,FORM 4
0000003570-15-000037,2015-02-27,2015-02-25,2015-02-27T21:26:18.000Z,,4,,,,4,14828,0,0,,xslF345X03/wf-form4_142507236803705.xml,FORM 4
0001193125-15-071769,2015-03-02,2015-03-01,2015-03-02T13:00:37.000Z,34,8-K,001-16383,15662349,"1.01,2.03,3.02,9.01",8-K,940920,0,0,,d883592d8k.htm,8-K
0001193125-15-075078,2015-03-03,2015-02-26,2015-03-03T21:09:59.000Z,34,8-K,001-16383,15669123,"1.01,2.03,9.01",8-K,29079,0,0,,d883059d8k.htm,8-K
0000003570-15-000039,2015-03-03,2015-03-01,2015-03-03T21:50:13.000Z,,4,,,,4,4946,0,0,,xslF345X03/wf-form4_142541940420644.xml,FORM 4
0000003570-15-000041,2015-03-03,2015-02-27,2015-03-03T21:51:19.000Z,,4,,,,4,5813,0,0,,xslF345X03/wf-form4_142541947009489.xml,FORM 4
0001193125-15-075613,2015-03-04,,2015-03-04T02:47:01.000Z,33,424B5,333-181190,15671674,,424B5,1277627,0,0,,d882975d424b5.htm,424B5
0001193125-15-075616,2015-03-04,,2015-03-04T02:48:52.000Z,34,FWP,333-181190,15671679,,FWP,53257,0,0,,d882975dfwp.htm,FWP
0001193125-15-075617,2015-03-04,2015-03-03,2015-03-04T02:49:52.000Z,34,8-K,001-16383,15671682,"7.01,9.01",8-K,33099,0,0,,d884141d8k.htm,FORM 8-K
0001193125-15-079028,2015-03-05,,2015-03-05T22:21:48.000Z,33,424B5,333-181190,15678339,,424B5,1312435,0,0,,d882975d424b5.htm,424B5
0001193125-15-082391,2015-03-09,2015-03-03,2015-03-09T14:31:35.000Z,34,8-K,001-16383,15683945,"8.01,9.01",8-K,327730,0,0,,d885826d8k.htm,8-K
0001193125-15-091290,2015-03-13,2015-03-09,2015-03-13T20:35:54.000Z,34,8-K,001-16383,15699813,"1.01,2.03,9.01",8-K,953234,0,0,,d889125d8k.htm,8-K
0000003570-15-000043,2015-03-17,2015-03-10,2015-03-17T20:15:17.000Z,,4,,,,4,11278,0,0,,xslF345X03/wf-form4_142662330672078.xml,FORM 4
0000003570-15-000045,2015-03-18,2015-03-16,2015-03-18T20:25:47.000Z,,4,,,,4,9023,0,0,,xslF345X03/wf-form4_142671033720236.xml,FORM 4
0000003570-15-000047,2015-03-18,2015-03-16,2015-03-18T20:27:59.000Z,,4,,,,4,5351,0,0,,xslF345X03/wf-form4_142671046766260.xml,FORM 4
0000003570-15-000049,2015-03-20,2015-03-16,2015-03-20T20:06:07.000Z,34,8-K,001-16383,15716367,8.01,8-K,41185,0,0,,cei2015form8klitigationset.htm,8-K
0000003570-15-000051,2015-03-27,2015-03-25,2015-03-27T20:33:55.000Z,,4,,,,4,5157,0,0,,xslF345X03/wf-form4_142748842557318.xml,FORM 4
0000003570-15-000053,2015-03-30,2015-03-26,2015-03-30T22:04:15.000Z,,4,,,,4,7631,0,0,,xslF345X03/wf-form4_142775304475983.xml,FORM 4
0000003570-15-000055,2015-04-02,2015-03-31,2015-04-02T20:05:26.000Z,,4,,,,4,5156,0,0,,xslF345X03/wf-form4_142800511632460.xml,FORM 4
0000003570-15-000057,2015-04-03,2015-04-01,2015-04-03T20:00:53.000Z,,4,,,,4,4949,0,0,,xslF345X03/wf-form4_142809124323710.xml,FORM 4
0000003570-15-000060,2015-04-08,2015-04-08,2015-04-08T13:00:06.000Z,34,8-K,001-16383,15758024,"7.01,9.01",8-K,28582575,0,0,,cei2015form8kcorppresapril.htm,8-K
0000003570-15-000062,2015-04-17,2015-04-15,2015-04-17T20:33:59.000Z,,4,,,,4,6752,0,0,,xslF345X03/wf-form4_142930282925627.xml,FORM 4
0000003570-15-000064,2015-04-17,2015-04-15,2015-04-17T20:36:14.000Z,,4,,,,4,6030,0,0,,xslF345X03/wf-form4_142930296384085.xml,FORM 4
0000003570-15-000066,2015-04-17,2015-04-15,2015-04-17T20:38:07.000Z,,4,,,,4,7187,0,0,,xslF345X03/wf-form4_142930307784370.xml,FORM 4
0000003570-15-000067,2015-04-23,2015-04-21,2015-04-23T22:25:52.000Z,,4,,,,4,5627,0,0,,xslF345X03/wf-form4_142982794259130.xml,FORM 4
0000003570-15-000068,2015-04-23,2015-04-21,2015-04-23T22:26:33.000Z,,4,,,,4,5633,0,0,,xslF345X03/wf-form4_142982798410865.xml,FORM 4
0000003570-15-000069,2015-04-23,2015-04-21,2015-04-23T22:27:18.000Z,,4,,,,4,8837,0,0,,xslF345X03/wf-form4_142982802814756.xml,FORM 4
0000003570-15-000070,2015-04-23,2015-04-21,2015-04-23T22:28:13.000Z,,4,,,,4,5625,0,0,,xslF345X03/wf-form4_142982808372401.xml,FORM 4
0000003570-15-000071,2015-04-23,2015-04-21,2015-04-23T22:28:56.000Z,,4,,,,4,5638,0,0,,xslF345X03/wf-form4_142982812689719.xml,FORM 4
0000003570-15-000072,2015-04-23,2015-04-21,2015-04-23T22:29:35.000Z,,4,,,,4,5629,0,0,,xslF345X03/wf-form4_142982816597560.xml,FORM 4
0000003570-15-000073,2015-04-23,2015-04-21,2015-04-23T22:31:04.000Z,,4,,,,4,5649,0,0,,xslF345X03/wf-form4_142982825522962.xml,FORM 4
0000003570-15-000074,2015-04-23,2015-04-21,2015-04-23T22:33:33.000Z,,4,,,,4,5610,0,0,,xslF345X03/wf-form4_142982833172751.xml,FORM 4
0000003570-15-000075,2015-04-23,2015-04-21,2015-04-23T22:34:19.000Z,,4,,,,4,8830,0,0,,xslF345X03/wf-form4_142982845015921.xml,FORM 4
0000003570-15-000077,2015-04-24,2015-04-21,2015-04-24T21:09:06.000Z,34,8-K,001-16383,15792520,"5.02,9.01",8-K,158930,0,0,,cei2015form8k2015long-term.htm,8-K
0001193125-15-146899,2015-04-24,2015-06-11,2015-04-24T21:17:37.000Z,34,DEF 14A,001-16383,15792615,,DEF 14A,1333274,0,0,,d861489ddef14a.htm,DEF 14A
9999999997-15-008586,2015-04-27,,2015-04-24T14:27:26.000Z,34,CT ORDER,001-16383,15790366,"20150424,20150424",CT ORDER,11437,0,0,,filename1.pdf,
0000003570-15-000084,2015-04-30,2015-03-31,2015-04-30T20:17:43.000Z,34,10-Q,001-16383,15818857,,10-Q,11554742,1,0,,cei2015form10q1stqtr.htm,10-Q
0000003570-15-000085,2015-04-30,2015-04-30,2015-04-30T20:19:32.000Z,34,8-K,001-16383,15818914,"2.02,9.01",8-K,233555,0,0,,cei2015form8k1stqtrer.htm,8-K
0000003570-15-000086,2015-04-30,,2015-04-30T20:20:47.000Z,34,IRANNOTICE,001-16383,15818951,,IRANNOTICE,26821,0,0,,cei2015irannoticeletter1st.htm,IRANNOTICE
9999999997-15-009990,2015-05-04,2014-12-31,2015-05-20T20:02:55.000Z,34,ARS,001-16383,15006506,,ARS,1634,0,0,,9999999997-15-009990.paper,AUTO-GENERATED PAPER DOCUMENT
0000003570-15-000088,2015-05-06,2015-05-04,2015-05-06T21:15:35.000Z,,4,,,,4,10754,0,0,,xslF345X03/wf-form4_143094692420862.xml,FORM 4
0000003570-15-000091,2015-05-07,2015-05-04,2015-05-07T20:30:19.000Z,34,8-K,001-16383,15842257,"1.01,9.01",8-K,58158,0,0,,cei2015form8ksplstage3.htm,8-K
0000003570-15-000094,2015-05-11,2015-03-31,2015-05-11T20:34:03.000Z,34,10-Q/A,001-16383,15851236,,10-Q/A,101627,0,0,,cei2015form10qa1stqtr.htm,10-Q/A
0000003570-15-000095,2015-05-11,,2015-05-11T20:40:00.000Z,34,IRANNOTICE,001-16383,15851333,,IRANNOTICE,26850,0,0,,cei2015irannoticeletter1st.htm,IRANNOTICE
0000003570-15-000096,2015-05-12,2015-05-08,2015-05-12T20:04:52.000Z,,4,,,,4,5162,0,0,,xslF345X03/wf-form4_143146108215988.xml,FORM 4
0001193125-15-186045,2015-05-13,2015-05-13,2015-05-13T21:00:49.000Z,34,8-K,001-16383,15859138,"1.01,2.03,3.02,7.01,8.01,9.01",8-K,3719545,0,0,,d901344d8k.htm,FORM 8-K
0001140361-15-020902,2015-05-19,,2015-05-19T20:06:52.000Z,34,PX14A6G,001-16383,15876548,,PX14A6G,43093,0,0,,formpx14a6g.htm,CALIFORNIA PUBLIC EMPLOYEES RETIREMENT SYSTEM PX14A6G 5-19-2015 (CHENIERE ENERGY
0000003570-15-000098,2015-05-19,2015-05-15,2015-05-19T21:41:28.000Z,,4,,,,4,7869,0,0,,xslF345X03/wf-form4_143207167824790.xml,FORM 4
0000003570-15-000100,2015-05-19,2015-05-15,2015-05-19T21:43:06.000Z,,4,,,,4,6818,0,0,,xslF345X03/wf-form4_143207177571334.xml,FORM 4
0000003570-15-000102,2015-05-19,2015-05-15,2015-05-19T21:44:15.000Z,,4,,,,4,7184,0,0,,xslF345X03/wf-form4_143207184484653.xml,FORM 4
0000003570-15-000103,2015-05-21,2015-05-19,2015-05-21T20:31:50.000Z,,4,,,,4,9429,0,0,,xslF345X03/wf-form4_143224030060524.xml,FORM 4
0001193125-15-198826,2015-05-22,,2015-05-22T20:45:07.000Z,33,S-3ASR,333-204432,15887175,,S-3ASR,524406,0,0,,d928559ds3asr.htm,FORM S-3ASR
0001193125-15-202041,2015-05-27,,2015-05-27T20:46:48.000Z,33,424B7,333-204432,15892910,,424B7,932345,0,0,,d928559d424b7.htm,FINAL PROSPECTUS SUPPLEMENT
0000003570-15-000105,2015-05-27,2015-05-27,2015-05-27T20:51:48.000Z,34,8-K,001-16383,15892954,"8.01,9.01",8-K,88009,0,0,,cei2015form8kconvertssecon.htm,8-K
9999999997-15-010694,2015-06-09,,2015-06-09T17:50:45.000Z,34,CT ORDER,001-16383,15920511,"20150609,20150609",CT ORDER,11151,0,0,,filename1.pdf,
0000003570-15-000110,2015-06-11,2015-06-10,2015-06-10T22:30:58.000Z,34,8-K,001-16383,15924444,"7.01,9.01",8-K,60342,0,0,,cei2015form8kcorpustrainsp.htm,8-K
0000003570-15-000112,2015-06-15,2015-06-11,2015-06-15T20:04:04.000Z,,4,,,,4,4907,0,0,,xslF345X03/wf-form4_143439863430219.xml,FORM 4
0000003570-15-000114,2015-06-15,2015-06-11,2015-06-15T20:11:03.000Z,,4,,,,4,4873,0,0,,xslF345X03/wf-form4_143439904923596.xml,FORM 4
0000003570-15-000116,2015-06-15,2015-06-11,2015-06-15T20:12:45.000Z,,4,,,,4,4916,0,0,,xslF345X03/wf-form4_143439915386731.xml,FORM 4
0000003570-15-000118,2015-06-15,2015-06-11,2015-06-15T20:14:51.000Z,,4,,,,4,4860,0,0,,xslF345X03/wf-form4_143439928211005.xml,FORM 4
0000003570-15-000120,2015-06-15,2015-06-11,2015-06-15T20:16:52.000Z,,4,,,,4,4891,0,0,,xslF345X03/wf-form4_143439940288836.xml,FORM 4
0000003570-15-000122,2015-06-15,2015-06-11,2015-06-15T20:19:29.000Z,,4,,,,4,5575,0,0,,xslF345X03/wf-form4_143439955936148.xml,FORM 4
0000003570-15-000124,2015-06-15,2015-06-11,2015-06-15T20:21:32.000Z,,4,,,,4,4893,0,0,,xslF345X03/wf-form4_143439968201545.xml,FORM 4
0001209191-15-053495,2015-06-15,2015-06-11,2015-06-16T00:20:54.000Z,,4,,,,4,5513,0,0,,xslF345X03/doc4.xml,FORM 4 SUBMISSION
0000003570-15-000128,2015-06-17,2015-06-11,2015-06-17T20:52:33.000Z,34,8-K,001-16383,15937634,"5.02,5.03,5.07,9.01",8-K,146764,0,0,,cei2015form8k-annualmeetin.htm,8-K
0000003570-15-000130,2015-06-17,2015-06-15,2015-06-17T22:23:37.000Z,,4,,,,4,5354,0,0,,xslF345X03/wf-form4_143457980757081.xml,FORM 4
0000003570-15-000132,2015-06-17,2015-06-15,2015-06-17T22:25:15.000Z,,4,,,,4,9644,0,0,,xslF345X03/wf-form4_143457990513726.xml,FORM 4
0000003570-15-000134,2015-06-22,2015-06-18,2015-06-22T20:22:16.000Z,,4,,,,4,5122,0,0,,xslF345X03/wf-form4_143500452600528.xml,FORM 4
0001193125-15-242198,2015-07-01,2015-06-30,2015-07-01T13:04:59.000Z,34,8-K,001-16383,15963220,"1.01,2.03,8.01,9.01",8-K,55946,0,0,,d38790d8k.htm,FORM 8-K
0001193125-15-243066,2015-07-01,2015-05-07,2015-07-01T20:39:05.000Z,34,8-K/A,001-16383,15965632,9.01,8-K/A,33455,0,0,,d104088d8ka.htm,8-K/A
0000003570-15-000141,2015-07-10,2015-07-09,2015-07-09T22:06:47.000Z,34,8-K,001-16383,15982194,"7.01,9.01",8-K,9058983,0,0,,cei2015form8kcorppresjuly.htm,8-K
9999999997-15-011884,2015-07-16,,2015-07-15T13:44:47.000Z,34,CT ORDER,001-16383,15988515,"20150715,20150715",CT ORDER,10307,0,0,,filename1.pdf,
0000003570-15-000143,2015-07-17,2015-07-15,2015-07-17T20:16:11.000Z,,4,,,,4,5353,0,0,,xslF345X03/wf-form4_143716416154749.xml,FORM 4
0000003570-15-000145,2015-07-17,2015-07-15,2015-07-17T20:25:14.000Z,,4,,,,4,7848,0,0,,xslF345X03/wf-form4_143716470439746.xml,FORM 4
0000003570-15-000148,2015-07-30,2015-06-30,2015-07-30T20:34:11.000Z,34,10-Q,001-16383,151016598,,10-Q,9061454,1,0,,cei2015form10q2ndqtr.htm,10-Q
0000003570-15-000149,2015-07-30,2015-07-30,2015-07-30T20:35:32.000Z,34,8-K,001-16383,151016612,"2.02,9.01",8-K,313985,0,0,,cei2015form8k2ndqtrer.htm,8-K
0000928464-15-000041,2015-08-06,,2015-08-06T21:24:00.000Z,34,SC 13D,005-46413,151034272,,SC 13D,362168,0,0,,lngsch13d080615.htm,
0000003570-15-000152,2015-08-07,2015-06-30,2015-08-07T12:28:54.000Z,34,10-Q/A,001-16383,151035031,,10-Q/A,113254,0,0,,cei2015form10qa2ndqtr.htm,10-Q/A
0000003570-15-000153,2015-08-07,,2015-08-07T12:32:35.000Z,34,IRANNOTICE,001-16383,151035046,,IRANNOTICE,26840,0,0,,cei2015irannoticeletter2nd.htm,IRANNOTICE
0000003570-15-000155,2015-08-11,2015-08-09,2015-08-11T20:43:58.000Z,,4,,,,4,4944,0,0,,xslF345X03/wf-form4_143932582891291.xml,FORM 4
0000003570-15-000157,2015-08-11,2015-08-09,2015-08-11T20:48:53.000Z,,4,,,,4,4943,0,0,,xslF345X03/wf-form4_143932612369669.xml,FORM 4
0000003570-15-000159,2015-08-11,2015-08-09,2015-08-11T21:35:17.000Z,,4,,,,4,4927,0,0,,xslF345X03/wf-form4_143932890758315.xml,FORM 4
0000003570-15-000161,2015-08-11,2015-08-09,2015-08-11T21:55:30.000Z,,4,,,,4,5630,0,0,,xslF345X03/wf-form4_143933012019510.xml,FORM 4
0000003570-15-000163,2015-08-11,2015-08-09,2015-08-11T21:59:21.000Z,,4,,,,4,8145,0,0,,xslF345X03/wf-form4_143933035142826.xml,FORM 4
0000003570-15-000165,2015-08-11,2015-08-09,2015-08-11T22:07:50.000Z,,4,,,,4,8152,0,0,,xslF345X03/wf-form4_143933086073695.xml,FORM 4
0000003570-15-000167,2015-08-11,2015-08-09,2015-08-11T22:10:22.000Z,,4,,,,4,4949,0,0,,xslF345X03/wf-form4_143933101229489.xml,FORM 4
0000003570-15-000171,2015-08-19,2015-08-17,2015-08-19T22:12:42.000Z,,4,,,,4,7850,0,0,,xslF345X03/wf-form4_144002235204261.xml,FORM 4
0000003570-15-000172,2015-08-19,2015-08-17,2015-08-19T22:14:05.000Z,,4,,,,4,5354,0,0,,xslF345X03/wf-form4_144002243482437.xml,FORM 4
0001193125-15-299622,2015-08-24,2015-08-21,2015-08-24T13:09:37.000Z,34,8-K,001-16383,151070064,"1.01,5.02,9.01",8-K,251473,0,0,,d28439d8k.htm,8-K
0000928464-15-000056,2015-08-24,,2015-08-24T13:13:13.000Z,34,SC 13D/A,005-46413,151070072,,SC 13D/A,197925,0,0,,lngsch13damd1082115.htm,
0000003570-15-000174,2015-08-25,2015-08-21,2015-08-25T21:43:58.000Z,,3,,,,3,3561,0,0,,xslF345X02/wf-form3_144053902450289.xml,FORM 3
0000003570-15-000176,2015-08-25,2015-08-21,2015-08-25T21:48:45.000Z,,4,,,,4,5133,0,0,,xslF345X03/wf-form4_144053931585724.xml,FORM 4
0000003570-15-000178,2015-08-25,2015-08-21,2015-08-25T22:04:36.000Z,,3,,,,3,6713,0,0,,xslF345X02/wf-form3_144054026683218.xml,FORM 3
0000003570-15-000180,2015-08-25,2015-08-21,2015-08-25T22:06:04.000Z,,4,,,,4,4955,0,0,,xslF345X03/wf-form4_144054035472182.xml,FORM 4
0000003570-15-000182,2015-08-25,2015-08-21,2015-08-25T22:09:38.000Z,,3/A,,,,3/A,6967,0,0,,xslF345X02/wf-form3a_144054056818737.xml,FORM 3/A
0000003570-15-000184,2015-08-26,2015-08-24,2015-08-26T23:18:31.000Z,,4,,,,4,26888,0,0,,xslF345X03/wf-form4_144063110068358.xml,FORM 4
0000928464-15-000060,2015-08-31,,2015-08-31T20:02:11.000Z,34,SC 13D/A,005-46413,151084996,,SC 13D/A,143384,0,0,,lngsch13da083115.htm,
0000003570-15-000190,2015-09-11,2015-09-04,2015-09-11T20:51:51.000Z,34,8-K,001-16383,151103768,"1.01,2.03,9.01",8-K,89819,0,0,,cei2015form8kamendedandres.htm,8-K
0000928464-15-000062,2015-09-14,,2015-09-14T20:54:24.000Z,34,SC 13D/A,005-46413,151105992,,SC 13D/A,136425,0,0,,lngsch13damd3091415.htm,
9999999997-15-013352,2015-09-15,,2015-09-15T15:28:42.000Z,34,CT ORDER,001-16383,151107119,"20150915,20150915",CT ORDER,10464,0,0,,filename1.pdf,
0000003570-15-000192,2015-09-16,2015-09-14,2015-09-16T21:05:56.000Z,,4,,,,4,19611,0,0,,xslF345X03/wf-form4_144243754568793.xml,FORM 4
0000003570-15-000194,2015-09-17,2015-09-15,2015-09-17T21:47:53.000Z,,4,,,,4,5354,0,0,,xslF345X03/wf-form4_144252646316492.xml,FORM 4
0000003570-15-000196,2015-09-25,2015-09-23,2015-09-25T21:21:34.000Z,,4,,,,4,15392,0,0,,xslF345X03/wf-form4_144321608460807.xml,FORM 4
0000902664-15-003760,2015-09-28,,2015-09-28T20:30:18.000Z,34,SC 13G,005-46413,151127758,,SC 13G,67678,0,0,,p15-1934sc13g.htm,LONE PINE CAPITAL LLC
0000928464-15-000071,2015-09-28,,2015-09-28T21:14:25.000Z,34,SC 13D/A,005-46413,151128169,,SC 13D/A,134675,0,0,,lngsch13damd4092815.htm,
0001140361-15-036014,2015-09-28,2015-09-24,2015-09-28T21:29:11.000Z,,3,,,,3,12719,0,0,,xslF345X02/doc1.xml,FORM 3
0001140361-15-036015,2015-09-28,2015-09-28,2015-09-28T21:29:46.000Z,,4,,,,4,13595,0,0,,xslF345X03/doc1.xml,FORM 4
0000928464-15-000079,2015-10-01,,2015-10-01T21:07:28.000Z,34,SC 13D/A,005-46413,151137749,,SC 13D/A,128389,0,0,,lngsch13damd5100115.htm,
0001140361-15-036503,2015-10-01,2015-09-29,2015-10-01T21:07:48.000Z,,4,,,,4,13595,0,0,,xslF345X03/doc1.xml,FORM 4
0000003570-15-000199,2015-10-19,2015-10-15,2015-10-19T20:32:55.000Z,,4,,,,4,10042,0,0,,xslF345X03/wf-form4_144528676534852.xml,FORM 4
0000003570-15-000201,2015-10-19,2015-10-15,2015-10-19T20:35:23.000Z,,4,,,,4,8643,0,0,,xslF345X03/wf-form4_144528691337252.xml,FORM 4
0000003570-15-000203,2015-10-20,2015-10-20,2015-10-20T12:30:48.000Z,34,8-K,001-16383,151165463,"7.01,9.01",8-K,9965277,0,0,,cei2015form8kcorppresoct.htm,8-K
0001193125-15-356582,2015-10-29,,2015-10-28T22:55:55.000Z,33,S-8,333-207651,151181401,,S-8,194452,0,0,,d200467ds8.htm,S-8
0000003570-15-000207,2015-10-30,2015-09-30,2015-10-29T23:55:33.000Z,34,10-Q,001-16383,151185093,,10-Q,9713157,1,0,,cei2015form10q3rdqtr.htm,10-Q
0000003570-15-000209,2015-10-30,2015-10-30,2015-10-30T12:02:30.000Z,34,8-K,001-16383,151185417,"2.02,9.01",8-K,313354,0,0,,cei2015form8k3rdqtrer.htm,8-K
0000000000-15-052409,2015-11-02,,2015-11-02T20:42:06.000Z,,UPLOAD,,,,LETTER,163251,0,0,,filename1.pdf,
0000003570-15-000212,2015-11-06,2015-11-04,2015-11-06T22:15:25.000Z,,4,,,,4,8753,0,0,,xslF345X03/wf-form4_144684811500451.xml,FORM 4
0000003570-15-000215,2015-11-09,2015-09-30,2015-11-09T21:04:11.000Z,34,10-Q/A,001-16383,151215572,,10-Q/A,124291,0,0,,cei2015form10qa3rdqtr.htm,10-Q/A
0000003570-15-000216,2015-11-09,,2015-11-09T21:08:56.000Z,34,IRANNOTICE,001-16383,151215663,,IRANNOTICE,48884,0,0,,cei2015irannoticeletter3rd.htm,IRANNOTICE
0001140361-15-040260,2015-11-09,2015-11-05,2015-11-09T22:22:15.000Z,,4,,,,4,17116,0,0,,xslF345X03/doc1.xml,FORM 4
0000928464-15-000088,2015-11-09,,2015-11-09T22:22:32.000Z,34,SC 13D/A,005-46413,151216760,,SC 13D/A,134871,0,0,,lngsch13damd6110915.htm,
0000003570-15-000219,2015-11-12,,2015-11-12T21:08:59.000Z,,CORRESP,,,,CORRESP,36772,0,0,,filename1.htm,
0001140361-15-040900,2015-11-12,2015-11-10,2015-11-12T22:07:51.000Z,,4,,,,4,13594,0,0,,xslF345X03/doc1.xml,FORM 4
0000928464-15-000090,2015-11-12,,2015-11-12T22:08:25.000Z,34,SC 13D/A,005-46413,151225808,,SC 13D/A,128109,0,0,,lngsch13damd7111215.htm,
0000003570-15-000221,2015-11-12,2015-11-10,2015-11-12T22:27:45.000Z,,4,,,,4,11578,0,0,,xslF345X03/wf-form4_144736725305668.xml,FORM 4
0000000000-15-054544,2015-11-18,,2015-11-18T18:24:34.000Z,,UPLOAD,,,,LETTER,36518,0,0,,filename1.pdf,
0000003570-15-000223,2015-11-18,2015-11-16,2015-11-19T00:24:17.000Z,,4,,,,4,7192,0,0,,xslF345X03/wf-form4_144789264698644.xml,FORM 4
0000003570-15-000225,2015-11-18,2015-11-16,2015-11-19T00:26:03.000Z,,4,,,,4,10869,0,0,,xslF345X03/wf-form4_144789275329585.xml,FORM 4
9999999997-15-014846,2015-11-23,,2015-11-23T19:05:51.000Z,34,CT ORDER,001-16383,151249284,"20151123,20151123",CT ORDER,11158,0,0,,filename1.pdf,
0000003570-15-000227,2015-12-03,2015-12-01,2015-12-03T22:13:44.000Z,,4,,,,4,8245,0,0,,xslF345X03/wf-form4_144918081370931.xml,FORM 4
0000003570-15-000229,2015-12-04,2015-12-02,2015-12-04T22:19:45.000Z,,4,,,,4,5156,0,0,,xslF345X03/wf-form4_144926757446277.xml,FORM 4
0000928464-15-000100,2015-12-07,,2015-12-07T22:08:19.000Z,34,SC 13D/A,005-46413,151273417,,SC 13D/A,136223,0,0,,lngsch13damd8120715.htm,
0001140361-15-043806,2015-12-07,2015-12-03,2015-12-07T22:09:00.000Z,,4,,,,4,17118,0,0,,xslF345X03/doc1.xml,FORM 4
0000003570-15-000231,2015-12-09,2015-12-07,2015-12-10T00:09:11.000Z,,4,,,,4,7952,0,0,,xslF345X03/wf-form4_144970613912659.xml,FORM 4
0001140361-15-044155,2015-12-10,2015-12-08,2015-12-10T21:26:28.000Z,,4,,,,4,13594,0,0,,xslF345X03/doc1.xml,FORM 4
0001193125-15-401957,2015-12-14,2015-12-12,2015-12-14T11:10:30.000Z,34,8-K,001-16383,151284695,"5.02,7.01,9.01",8-K,49235,0,0,,d88269d8k.htm,8-K
0000003570-15-000239,2015-12-15,2015-12-09,2015-12-15T21:56:08.000Z,34,8-K,001-16383,151289052,"5.02,5.03,9.01",8-K,244904,0,0,,cei2015form8kbylaws.htm,8-K
0000899243-15-009935,2015-12-15,2015-12-12,2015-12-16T02:30:17.000Z,,4,,,,4,4951,0,0,,xslF345X03/doc4.xml,FORM 4 SUBMISSION
0000003570-15-000241,2015-12-17,2015-12-15,2015-12-17T22:49:05.000Z,,4,,,,4,9001,0,0,,xslF345X03/wf-form4_145039253393878.xml,FORM 4
0001140361-15-045376,2015-12-22,2015-12-18,2015-12-22T22:00:16.000Z,,4,,,,4,5550,0,0,,xslF345X03/doc1.xml,FORM 4
0000003570-15-000243,2015-12-22,2015-12-18,2015-12-22T23:44:12.000Z,,4,,,,4,9060,0,0,,xslF345X03/wf-form4_145082784151887.xml,FORM 4
0000003570-15-000246,2015-12-23,2015-12-18,2015-12-23T21:03:47.000Z,34,8-K,001-16383,151305902,"5.02,9.01",8-K,157198,0,0,,cei2015formletteragreement.htm,8-K
0000003570-15-000247,2015-12-23,2015-12-21,2015-12-23T23:40:12.000Z,,4,,,,4,8436,0,0,,xslF345X03/wf-form4_145091400182804.xml,FORM 4
0000003570-16-000249,2016-01-05,2016-01-01,2016-01-06T01:00:54.000Z,,4,,,,4,4967,0,0,,xslF345X03/wf-form4_145204204355211.xml,FORM 4
0001140361-16-047276,2016-01-08,,2016-01-08T21:04:06.000Z,34,SC 13G/A,005-46413,161333237,,SC 13G/A,117360,0,0,,doc1.htm,NONE
0000003570-16-000251,2016-01-14,2016-01-14,2016-01-14T14:24:34.000Z,34,8-K,001-16383,161341996,"7.01,9.01",8-K,54514,0,0,,cei20158kexpectedfirstcargo.htm,8-K
0000003570-16-000255,2016-01-15,2016-01-15,2016-01-15T13:29:37.000Z,34,8-K,001-16383,161344134,"7.01,9.01",8-K,6960352,0,0,,cei20168kjanuarypresentati.htm,8-K
0000003570-16-000257,2016-02-03,2016-02-01,2016-02-03T22:49:33.000Z,,4,,,,4,11657,0,0,,xslF345X03/wf-form4_145453974919062.xml,FORM 4
0000003570-16-000259,2016-02-03,2016-02-01,2016-02-03T22:51:41.000Z,,4,,,,4,11656,0,0,,xslF345X03/wf-form4_145453989023659.xml,FORM 4
0000003570-16-000261,2016-02-03,2016-02-01,2016-02-03T22:58:41.000Z,,4,,,,4,11680,0,0,,xslF345X03/wf-form4_145454030973466.xml,FORM 4
0000003570-16-000263,2016-02-03,2016-02-01,2016-02-03T23:01:46.000Z,,4,,,,4,8419,0,0,,xslF345X03/wf-form4_145454049201579.xml,FORM 4
0000003570-16-000265,2016-02-03,2016-02-01,2016-02-03T23:12:50.000Z,,4,,,,4,8399,0,0,,xslF345X03/wf-form4_145454115937606.xml,FORM 4
0000003570-16-000267,2016-02-03,2016-02-01,2016-02-03T23:15:36.000Z,,4,,,,4,11679,0,0,,xslF345X03/wf-form4_145454131750476.xml,FORM 4
0000003570-16-000269,2016-02-03,2016-02-01,2016-02-03T23:16:52.000Z,,4,,,,4,8403,0,0,,xslF345X03/wf-form4_145454140162072.xml,FORM 4
0000003570-16-000271,2016-02-03,2016-02-01,2016-02-03T23:19:15.000Z,,4,,,,4,11674,0,0,,xslF345X03/wf-form4_145454154185645.xml,FORM 4
0000932471-16-011969,2016-02-11,,2016-02-11T13:55:38.000Z,34,SC 13G/A,005-46413,161408225,,SC 13G/A,39866,0,0,,cheniereenergyinc.htm,
0000003570-16-000273,2016-02-12,2016-02-10,2016-02-12T23:39:51.000Z,,4,,,,4,8487,0,0,,xslF345X03/wf-form4_145532038033420.xml,FORM 4
0001422848-16-000285,2016-02-16,,2016-02-12T22:45:19.000Z,34,SC 13G/A,005-46413,161421431,,SC 13G/A,8558,0,0,,edglng.txt,SC 13G/A
0000950142-16-003117,2016-02-16,,2016-02-16T19:18:55.000Z,34,SC 13G/A,005-46413,161426510,,SC 13G/A,142980,0,0,,eh1600271_13ga4-cheniere.htm,AMENDMENT NO. 4
0001140361-16-053048,2016-02-16,,2016-02-16T19:28:15.000Z,34,SC 13G/A,005-46413,161426608,,SC 13G/A,71640,0,0,,doc1.htm,NONE
0001103804-16-000083,2016-02-16,,2016-02-16T21:02:20.000Z,34,SC 13G/A,005-46413,161427852,,SC 13G/A,52987,0,0,,v13ga1Cheniere.txt,
0000902664-16-005886,2016-02-16,,2016-02-16T21:26:21.000Z,34,SC 13G/A,005-46413,161428916,,SC 13G/A,61372,0,0,,p16-0711sc13ga.htm,"CHENIERE ENERGY, INC."
0000003570-16-000275,2016-02-16,2015-12-31,2016-02-16T23:44:09.000Z,,5,,,,5,8963,0,0,,xslF345X03/wf-form5_145566623784839.xml,FORM 5
0000003570-16-000277,2016-02-16,2015-12-31,2016-02-16T23:45:26.000Z,,5,,,,5,6162,0,0,,xslF345X03/wf-form5_145566631547768.xml,FORM 5
0000003570-16-000280,2016-02-18,2016-02-12,2016-02-18T21:23:17.000Z,34,8-K,001-16383,161437785,5.02,8-K,41135,0,0,,cei20158ksoukiresignation.htm,8-K
0000003570-16-000284,2016-02-19,2015-12-31,2016-02-18T23:09:41.000Z,34,10-K,001-16383,161439270,,10-K,16514574,1,0,,cei2015form10-k.htm,10-K
0000003570-16-000286,2016-02-19,,2016-02-18T23:23:47.000Z,34,IRANNOTICE,001-16383,161439342,,IRANNOTICE,27219,0,0,,cei2015irannoticeletter4th.htm,IRANNOTICE
0000003570-16-000288,2016-02-19,2016-02-19,2016-02-19T13:31:59.000Z,34,8-K,001-16383,161440258,"2.02,9.01",8-K,330224,0,0,,cei2015form8k4thqtrer.htm,8-K
0000003570-16-000290,2016-02-24,2016-02-24,2016-02-24T13:30:00.000Z,34,8-K,001-16383,161450547,"7.01,9.01",8-K,7892925,0,0,,cei20168kfebruarypresentat.htm,8-K
0000003570-16-000293,2016-02-29,2015-12-31,2016-02-29T21:05:31.000Z,34,10-K/A,001-16383,161467673,,10-K/A,352874,0,0,,cei2015form10ka.htm,10-K/A
0000003570-16-000294,2016-02-29,,2016-02-29T21:06:44.000Z,34,IRANNOTICE,001-16383,161467702,,IRANNOTICE,26518,0,0,,cei2015irannoticeletter4th.htm,IRANNOTICE
0001193125-16-490039,2016-03-02,2016-02-25,2016-03-02T21:17:35.000Z,34,8-K,001-16383,161477281,"1.01,2.03,9.01",8-K,49581,0,0,,d153178d8k.htm,8-K
0000003570-16-000296,2016-03-17,2016-03-15,2016-03-17T20:17:32.000Z,,4,,,,4,7196,0,0,,xslF345X03/wf-form4_145824584098231.xml,FORM 4
9999999997-16-020938,2016-03-22,,2016-03-21T18:43:41.000Z,34,CT ORDER,001-16383,161518488,"20160321,20160321",CT ORDER,11150,0,0,,filename1.pdf,
0000003570-16-000298,2016-04-05,2016-04-01,2016-04-05T23:11:15.000Z,,4,,,,4,4955,0,0,,xslF345X03/wf-form4_145989786392378.xml,FORM 4
0000003570-16-000300,2016-04-19,2016-04-15,2016-04-19T21:33:32.000Z,,4,,,,4,8660,0,0,,xslF345X03/wf-form4_146110160173802.xml,FORM 4
0001193125-16-550255,2016-04-21,2016-06-02,2016-04-21T20:11:10.000Z,34,DEF 14A,001-16383,161584173,,DEF 14A,1545297,0,0,,d26463ddef14a.htm,DEF 14A
0000003570-16-000307,2016-05-05,2016-03-31,2016-05-05T20:02:26.000Z,34,10-Q,001-16383,161623576,,10-Q,9386404,1,0,,cei2016form10q1stqtr.htm,10-Q
0000003570-16-000308,2016-05-05,,2016-05-05T20:04:29.000Z,34,IRANNOTICE,001-16383,161623616,,IRANNOTICE,27174,0,0,,cei2016irannoticeletter1st.htm,IRANNOTICE
0000003570-16-000309,2016-05-05,2016-05-05,2016-05-05T20:08:02.000Z,34,8-K,001-16383,161623718,"2.02,9.01",8-K,233288,1,0,,cei2016form8k1stqtrer.htm,8-K
0001193125-16-584728,2016-05-10,2016-05-10,2016-05-10T11:43:04.000Z,34,8-K,001-16383,161633713,"7.01,9.01",8-K,62148,1,0,,d179431d8k.htm,8-K
0001193125-16-588116,2016-05-12,2016-05-11,2016-05-12T12:10:38.000Z,34,8-K,001-16383,161641704,"5.02,7.01,9.01",8-K,159364,1,0,,d178688d8k.htm,8-K
0001193125-16-590589,2016-05-13,,2016-05-13T21:24:39.000Z,,SC 13D/A,,,,SC 13D/A,62163,1,0,,d178082dsc13da.htm,SC 13D/A
0001193125-16-590759,2016-05-16,,2016-05-14T01:40:05.000Z,,SC 13D/A,,,,SC 13D/A,85664,1,0,,d136326dsc13da.htm,SC 13D AMENDMENT NO. 8
0000003570-16-000311,2016-05-16,2016-05-12,2016-05-16T22:28:12.000Z,,3,,,,3,6596,0,0,,xslF345X02/wf-form3_146343767934364.xml,FORM 3
0000003570-16-000313,2016-05-16,2016-05-12,2016-05-16T22:31:28.000Z,,4,,,,4,5079,0,0,,xslF345X03/wf-form4_146343787572095.xml,FORM 4
0001193125-16-594601,2016-05-18,2016-05-12,2016-05-18T20:56:39.000Z,34,8-K,001-16383,161661055,"1.01,2.03,9.01",8-K,1438432,0,0,,d195576d8k.htm,8-K
0000003570-16-000319,2016-05-18,2016-05-16,2016-05-18T21:15:46.000Z,,4,,,,4,5355,0,0,,xslF345X03/wf-form4_146360613143460.xml,FORM 4
0001193125-16-612682,2016-06-03,2016-06-02,2016-06-03T20:30:33.000Z,34,8-K,001-16383,161696073,5.02,8-K,35074,0,0,,d204991d8k.htm,FORM 8-K
0000003570-16-000326,2016-06-06,2016-06-02,2016-06-06T21:22:28.000Z,34,8-K,001-16383,161699360,"5.02,5.07,7.01,9.01",8-K,83875,1,0,,cei2016form8k-annualmeetin.htm,8-K
0000899243-16-021856,2016-06-06,2016-06-02,2016-06-07T00:46:54.000Z,,4,,,,4,5515,0,0,,xslF345X03/doc4.xml,FORM 4 SUBMISSION
0000003570-16-000328,2016-06-06,2016-06-02,2016-06-07T01:17:16.000Z,,4,,,,4,8173,0,0,,xslF345X03/wf-form4_146526222360096.xml,FORM 4
0000003570-16-000330,2016-06-06,2016-06-02,2016-06-07T01:19:44.000Z,,4,,,,4,8859,0,0,,xslF345X03/wf-form4_146526237115724.xml,FORM 4
0000003570-16-000332,2016-06-06,2016-06-02,2016-06-07T01:21:46.000Z,,4,,,,4,8217,0,0,,xslF345X03/wf-form4_146526249370741.xml,FORM 4
0000003570-16-000334,2016-06-06,2016-06-02,2016-06-07T01:27:21.000Z,,4,,,,4,5610,0,0,,xslF345X03/wf-form4_146526282868773.xml,FORM 4
0000003570-16-000336,2016-06-06,2016-06-02,2016-06-07T01:31:19.000Z,,4,,,,4,4910,0,0,,xslF345X03/wf-form4_146526305651654.xml,FORM 4
0000003570-16-000338,2016-06-06,2016-06-02,2016-06-07T01:33:27.000Z,,4,,,,4,8426,0,0,,xslF345X03/wf-form4_146526319425613.xml,FORM 4
0000003570-16-000340,2016-06-06,2016-06-02,2016-06-07T01:35:04.000Z,,4,,,,4,8257,0,0,,xslF345X03/wf-form4_146526329203782.xml,FORM 4
0000003570-16-000342,2016-06-06,2016-06-02,2016-06-07T01:36:47.000Z,,4,,,,4,8157,0,0,,xslF345X03/wf-form4_146526339525699.xml,FORM 4
0000003570-16-000344,2016-06-08,2016-06-08,2016-06-08T11:22:20.000Z,34,8-K,001-16383,161702657,"7.01,9.01",8-K,53004,1,0,,cei2016form8kjunelaunch.htm,8-K
0000003570-16-000346,2016-06-08,2016-06-08,2016-06-08T20:36:38.000Z,34,8-K,001-16383,161703940,"7.01,9.01",8-K,53447,1,0,,cei2016form8kjunepricing.htm,8-K
0000003570-16-000348,2016-06-08,2016-06-06,2016-06-08T21:46:11.000Z,,4,,,,4,6962,0,0,,xslF345X03/wf-form4_146542235904542.xml,FORM 4
9999999997-16-023616,2016-06-10,,2016-06-10T13:46:56.000Z,34,CT ORDER,001-16383,161707571,"20160610,20160610",CT ORDER,11178,0,0,,filename1.pdf,
0000003570-16-000350,2016-06-13,2016-06-03,2016-06-13T21:34:47.000Z,,3,,,,3,4759,0,0,,xslF345X02/wf-form3_146585367472537.xml,FORM 3
0001193125-16-621294,2016-06-14,2016-06-08,2016-06-14T20:09:00.000Z,34,8-K,001-16383,161713125,"1.01,2.03,9.01",8-K,52891,0,0,,d204203d8k.htm,8-K
0000003570-16-000352,2016-06-16,2016-06-15,2016-06-16T21:45:30.000Z,,4,,,,4,6729,0,0,,xslF345X03/wf-form4_146611351682637.xml,FORM 4
0000003570-16-000354,2016-06-17,2016-06-15,2016-06-17T20:38:01.000Z,,4,,,,4,8359,0,0,,xslF345X03/wf-form4_146619586833097.xml,FORM 4
0000003570-16-000356,2016-06-27,2016-06-23,2016-06-28T01:52:38.000Z,,4,,,,4,5105,0,0,,xslF345X03/wf-form4_146707874522122.xml,FORM 4
0000003570-16-000358,2016-06-28,2016-06-27,2016-06-28T13:20:27.000Z,,4,,,,4,6729,0,0,,xslF345X03/wf-form4_146712001421051.xml,FORM 4
0000003570-16-000360,2016-07-19,2016-07-18,2016-07-19T23:27:46.000Z,,4,,,,4,6962,0,0,,xslF345X03/wf-form4_146897085339920.xml,FORM 4
0000003570-16-000363,2016-08-09,2016-06-30,2016-08-08T21:36:56.000Z,34,10-Q,001-16383,161815361,,10-Q,10917677,1,0,,cei2016form10q2ndqtr.htm,10-Q
0000003570-16-000364,2016-08-09,,2016-08-08T21:38:02.000Z,34,IRANNOTICE,001-16383,161815365,,IRANNOTICE,27172,0,0,,cei2016irannoticeletter2nd.htm,IRANNOTICE
0000003570-16-000366,2016-08-09,2016-08-09,2016-08-09T12:02:14.000Z,34,8-K,001-16383,161816105,"2.02,9.01",8-K,417000,0,0,,cei2016form8k2ndqtrer.htm,8-K
0000003570-16-000368,2016-08-11,2016-08-09,2016-08-11T22:02:50.000Z,,4,,,,4,4945,0,0,,xslF345X03/wf-form4_147095295585067.xml,FORM 4
0000003570-16-000370,2016-08-11,2016-08-09,2016-08-11T22:06:41.000Z,,4,,,,4,8181,0,0,,xslF345X03/wf-form4_147095318898312.xml,FORM 4
0000003570-16-000372,2016-08-11,2016-08-09,2016-08-11T22:08:42.000Z,,4,,,,4,8148,0,0,,xslF345X03/wf-form4_147095330957144.xml,FORM 4
0000003570-16-000374,2016-08-11,2016-08-09,2016-08-11T22:11:12.000Z,,4,,,,4,4928,0,0,,xslF345X03/wf-form4_147095345992435.xml,FORM 4
0001193125-16-680848,2016-08-12,,2016-08-12T21:21:33.000Z,,SC 13D/A,,,,SC 13D/A,43887,0,0,,d241038dsc13da.htm,SC 13D AMENDMENT NO. 9
0001193125-16-680860,2016-08-12,,2016-08-12T21:25:56.000Z,,SC 13D/A,,,,SC 13D/A,28774,0,0,,d240352dsc13da.htm,SC 13D AMENDMENT NO. 3
0000003570-16-000376,2016-08-16,2016-08-15,2016-08-16T20:39:36.000Z,,4,,,,4,6960,0,0,,xslF345X03/wf-form4_147137996385278.xml,FORM 4
0000003570-16-000378,2016-08-19,2016-08-17,2016-08-19T22:22:27.000Z,,4,,,,4,8748,0,0,,xslF345X03/wf-form4_147164533556068.xml,FORM 4
0000003570-16-000380,2016-08-19,2016-08-18,2016-08-19T22:28:23.000Z,,4,,,,4,5116,0,0,,xslF345X03/wf-form4_147164569081636.xml,FORM 4
0000003570-16-000382,2016-08-19,2016-08-19,2016-08-19T22:50:29.000Z,,4,,,,4,5816,0,0,,xslF345X03/wf-form4_147164701657139.xml,FORM 4
0001193125-16-694090,2016-08-26,2016-08-26,2016-08-26T21:20:02.000Z,34,8-K,001-16383,161855562,"5.02,9.01",8-K,128950,0,0,,d415062d8k.htm,FORM 8-K
0001193125-16-712789,2016-09-19,2016-09-15,2016-09-19T11:40:33.000Z,34,8-K,001-16383,161890749,"1.02,5.02,5.03,7.01,9.01",8-K,80624,0,0,,d125628d8k.htm,FORM 8-K
0000003570-16-000388,2016-09-19,2016-09-19,2016-09-19T11:58:47.000Z,34,8-K,001-16383,161890765,"7.01,9.01",8-K,53189,0,0,,cei2016form8kseptlaunch.htm,8-K
0000003570-16-000391,2016-09-20,2016-09-19,2016-09-19T22:24:28.000Z,34,8-K,001-16383,161892715,"7.01,9.01",8-K,53590,0,0,,cei2016form8kseptprice.htm,8-K
0000003570-16-000393,2016-09-20,2016-09-19,2016-09-20T23:15:33.000Z,,4,,,,4,10204,0,0,,xslF345X03/wf-form4_147441332001851.xml,FORM 4
9999999997-16-025957,2016-09-23,,2016-09-22T22:55:03.000Z,34,CT ORDER,001-16383,161898473,"20160922,20160923",CT ORDER,11178,0,0,,filename1.pdf,
0001193125-16-718481,2016-09-23,2016-09-19,2016-09-23T20:34:02.000Z,34,8-K,001-16383,161900198,"1.01,2.03,9.01",8-K,33129,0,0,,d264633d8k.htm,8-K
0000003570-16-000395,2016-09-26,2016-09-19,2016-09-27T00:25:53.000Z,,3,,,,3,8398,0,0,,xslF345X02/wf-form3_147493593974630.xml,FORM 3
0000003570-16-000397,2016-09-26,2016-09-19,2016-09-27T00:28:42.000Z,,3,,,,3,8423,0,0,,xslF345X02/wf-form3_147493610939220.xml,FORM 3
0001193125-16-726692,2016-09-30,,2016-09-30T12:18:13.000Z,,425,,,,425,43760,0,0,,d94976d8k.htm,FORM 8-K
0001193125-16-726690,2016-09-30,2016-09-30,2016-09-30T12:20:08.000Z,34,8-K,001-16383,161911336,"8.01,9.01",8-K,43276,0,0,,d94976d8k.htm,FORM 8-K
0001193125-16-726702,2016-09-30,,2016-09-30T12:31:02.000Z,,SC 13D/A,,,,SC 13D/A,41107,0,0,,d76150dsc13da.htm,SC 13D AMENDMENT NO. 4
0001193125-16-726718,2016-09-30,,2016-09-30T12:47:35.000Z,,425,,,,425,3541906,0,0,,d49258d425.htm,425
0000003570-16-000407,2016-10-04,2016-10-01,2016-10-05T00:54:30.000Z,,4,,,,4,5708,0,0,,xslF345X03/wf-form4_147562885805046.xml,FORM 4
0000003570-16-000409,2016-10-04,2016-10-01,2016-10-05T00:56:58.000Z,,4,,,,4,5614,0,0,,xslF345X03/wf-form4_147562900520064.xml,FORM 4
0000003570-16-000411,2016-10-04,2016-10-01,2016-10-05T01:00:07.000Z,,4,,,,4,5596,0,0,,xslF345X03/wf-form4_147562919434813.xml,FORM 4
0000003570-16-000413,2016-10-04,2016-10-01,2016-10-05T01:02:51.000Z,,4,,,,4,8845,0,0,,xslF345X03/wf-form4_147562935897635.xml,FORM 4
0000003570-16-000415,2016-10-04,2016-10-01,2016-10-05T01:05:22.000Z,,4,,,,4,5634,0,0,,xslF345X03/wf-form4_147562951010418.xml,FORM 4
0000003570-16-000417,2016-10-04,2016-10-01,2016-10-05T01:09:39.000Z,,4,,,,4,5624,0,0,,xslF345X03/wf-form4_147562976714669.xml,FORM 4
0000003570-16-000419,2016-10-18,2016-10-14,2016-10-18T20:12:52.000Z,34,8-K,001-16383,161941008,8.01,8-K,41770,0,0,,cei2016form8knoteredemption.htm,8-K
0000003570-16-000421,2016-10-19,2016-10-17,2016-10-19T21:57:23.000Z,,4,,,,4,6963,0,0,,xslF345X03/wf-form4_147691423107592.xml,FORM 4
0000003570-16-000423,2016-11-01,2016-10-27,2016-11-01T20:29:59.000Z,34,8-K,001-16383,161965129,"1.02,5.02",8-K,40787,0,0,,cei2016form8kltip.htm,8-K
0000003570-16-000427,2016-11-03,2016-09-30,2016-11-02T22:51:39.000Z,34,10-Q,001-16383,161969417,,10-Q,11169285,1,0,,cei2016form10q3rdqtr.htm,10-Q
0000003570-16-000429,2016-11-03,2016-11-03,2016-11-03T12:17:06.000Z,34,8-K,001-16383,161970239,"2.02,9.01",8-K,428155,0,0,,cei2016form8k3rdqtrer.htm,8-K
0000003570-16-000431,2016-11-03,2016-10-03,2016-11-03T23:32:43.000Z,,4,,,,4,10074,0,0,,xslF345X03/wf-form4_147821595053608.xml,FORM 4
0000003570-16-000433,2016-11-08,2016-11-03,2016-11-09T00:10:13.000Z,,4,,,,4,8535,0,0,,xslF345X03/wf-form4_147865020053806.xml,FORM 4
0000003570-16-000436,2016-11-14,2016-11-10,2016-11-14T23:17:42.000Z,,4,,,,4,6729,0,0,,xslF345X03/wf-form4_147916544861729.xml,FORM 4
0000003570-16-000438,2016-11-14,2016-11-11,2016-11-14T23:20:07.000Z,,4,,,,4,4815,0,0,,xslF345X03/wf-form4_147916559384179.xml,FORM 4
0000003570-16-000440,2016-11-14,2016-11-14,2016-11-14T23:24:48.000Z,,4,,,,4,4940,0,0,,xslF345X03/wf-form4_147916587570804.xml,FORM 4
0000003570-16-000443,2016-12-05,2016-12-05,2016-12-05T12:26:32.000Z,34,8-K,001-16383,162032649,"7.01,9.01",8-K,53073,0,0,,cei2016form8kdecemberlaunch.htm,8-K
0000003570-16-000446,2016-12-05,2016-12-05,2016-12-05T21:45:23.000Z,34,8-K,001-16383,162034271,"7.01,9.01",8-K,52962,0,0,,cei2016form8kdecpricing.htm,8-K
0000003570-16-000448,2016-12-05,2016-12-01,2016-12-05T23:31:37.000Z,,4,,,,4,4968,0,0,,xslF345X03/wf-form4_148098068510473.xml,FORM 4
0000003570-16-000450,2016-12-05,2016-12-01,2016-12-05T23:50:01.000Z,,4,,,,4,6037,0,0,,xslF345X03/wf-form4_148098178925508.xml,FORM 4
0000003570-16-000452,2016-12-05,2016-12-01,2016-12-06T01:00:03.000Z,,4,,,,4,7333,0,0,,xslF345X03/wf-form4_148098599047154.xml,FORM 4
0001193125-16-789152,2016-12-09,2016-12-09,2016-12-09T13:05:02.000Z,34,8-K,001-16383,162042831,"8.01,9.01",8-K,49423,0,0,,d307012d8k.htm,8-K
0001193125-16-789157,2016-12-09,,2016-12-09T13:07:02.000Z,,SC 13D/A,,,,SC 13D/A,30360,0,0,,d310042dsc13da.htm,SC 13D/A
0001193125-16-789706,2016-12-09,2016-12-05,2016-12-09T21:22:55.000Z,34,8-K,001-16383,162044316,"1.01,2.03,9.01",8-K,466192,0,0,,d293583d8k.htm,FORM 8-K
0000003570-16-000454,2016-12-14,2016-12-08,2016-12-14T21:05:25.000Z,34,8-K,001-16383,162051180,"5.02,9.01",8-K,262548,0,0,,cei2016form8kdecmeeting.htm,8-K
0000000000-16-105068,2016-12-15,,2016-12-15T18:45:05.000Z,,UPLOAD,,,,LETTER,149984,0,0,,filename1.pdf,
0000899243-16-035881,2016-12-19,2016-12-16,2016-12-19T13:00:37.000Z,34,4,001-36234,162057797,,4,5685,0,0,,xslF345X03/doc4.xml,FORM 4 SUBMISSION
0000899243-16-036009,2016-12-20,2016-12-16,2016-12-20T13:00:29.000Z,34,4,001-36234,162060284,,4,5680,0,0,,xslF345X03/doc4.xml,FORM 4 SUBMISSION
0001193125-16-797904,2016-12-20,,2016-12-20T13:00:54.000Z,,SC 13D/A,,,,SC 13D/A,141115,0,0,,d268186dsc13da.htm,SC 13D AMENDMENT NO. 6
0001193125-16-797908,2016-12-20,2016-12-16,2016-12-20T13:02:02.000Z,34,8-K,001-16383,162060292,3.02,8-K,19345,0,0,,d310407d8k.htm,FORM 8-K
0001193125-16-798863,2016-12-20,2016-12-14,2016-12-20T21:10:56.000Z,34,8-K,001-16383,162061520,"1.01,2.03,9.01",8-K,703130,0,0,,d312876d8k.htm,8-K
0001193125-16-799055,2016-12-20,2017-01-31,2016-12-20T22:12:59.000Z,34,DEF 14A,001-16383,162062068,,DEF 14A,1334248,0,0,,d302476ddef14a.htm,DEF 14A
0000899243-16-036177,2016-12-21,2016-12-20,2016-12-21T21:10:22.000Z,34,4,001-36234,162064053,,4,5706,0,0,,xslF345X03/doc4.xml,FORM 4 SUBMISSION
0001193125-16-800762,2016-12-21,,2016-12-21T23:55:32.000Z,,CORRESP,,,,CORRESP,17178,0,0,,filename1.htm,
0001193125-16-801211,2016-12-22,,2016-12-22T13:00:55.000Z,,SC 13D/A,,,,SC 13D/A,70332,0,0,,d317901dsc13da.htm,SC 13D/A
0000003570-16-000456,2016-12-30,2016-12-28,2016-12-30T21:28:48.000Z,,4,,,,4,7432,0,0,,xslF345X03/wf-form4_148313331550289.xml,FORM 4
0000003570-17-000002,2017-01-04,2017-01-03,2017-01-04T22:54:06.000Z,,4,,,,4,7553,0,0,,xslF345X03/wf-form4_148357043258458.xml,FORM 4
0000003570-17-000004,2017-01-04,2017-01-01,2017-01-04T22:55:23.000Z,,4,,,,4,4966,0,0,,xslF345X03/wf-form4_148357051023199.xml,FORM 4
0000003570-17-000006,2017-01-04,2016-12-31,2017-01-04T22:56:44.000Z,,4,,,,4,5665,0,0,,xslF345X03/wf-form4_148357059168463.xml,FORM 4
0000003570-17-000008,2017-01-04,2017-01-03,2017-01-04T22:57:52.000Z,,4,,,,4,4709,0,0,,xslF345X03/wf-form4_148357065894804.xml,FORM 4
9999999997-17-000050,2017-01-09,,2017-01-09T16:14:45.000Z,34,CT ORDER,001-16383,17516310,"20170109,20170109",CT ORDER,11189,0,0,,filename1.pdf,
0001140361-17-001218,2017-01-09,,2017-01-09T21:40:03.000Z,34,SC 13G/A,005-46413,17518253,,SC 13G/A,117396,0,0,,doc1.htm,NONE
0000003570-17-000011,2017-01-10,,2017-01-10T13:48:33.000Z,,CORRESP,,,,CORRESP,118562,0,0,,filename1.htm,
0001193125-17-006913,2017-01-10,,2017-01-10T21:51:56.000Z,33,424B7,333-204432,17521074,,424B7,331136,0,0,,d298916d424b7.htm,424B7
0000003570-17-000013,2017-01-10,2017-01-10,2017-01-10T21:58:40.000Z,34,8-K,001-16383,17521137,"8.01,9.01",8-K,66725,0,0,,cei2017form8kakopinion.htm,8-K
0000000000-17-001826,2017-01-18,,2017-01-18T18:42:37.000Z,,UPLOAD,,,,LETTER,142139,0,0,,filename1.pdf,
0000003570-17-000016,2017-01-20,,2017-01-20T21:05:43.000Z,,CORRESP,,,,CORRESP,63266,0,0,,filename1.htm,
0000215457-17-002213,2017-01-30,,2017-01-30T16:30:06.000Z,34,SC 13G,005-46413,17555981,,SC 13G,13764,0,0,,cheniere.energy.inc.txt,
0000000000-17-003175,2017-01-30,,2017-01-30T19:25:55.000Z,,UPLOAD,,,,LETTER,34143,0,0,,filename1.pdf,
0000003570-17-000018,2017-02-03,2017-02-01,2017-02-03T23:12:59.000Z,,4,,,,4,8409,0,0,,xslF345X03/wf-form4_148616356676709.xml,FORM 4
0000003570-17-000020,2017-02-03,2017-02-01,2017-02-03T23:27:23.000Z,,4,,,,4,8416,0,0,,xslF345X03/wf-form4_148616443043316.xml,FORM 4
0000003570-17-000022,2017-02-03,2017-02-01,2017-02-03T23:29:14.000Z,,4,,,,4,8393,0,0,,xslF345X03/wf-form4_148616454116946.xml,FORM 4
0000003570-17-000024,2017-02-03,2017-02-01,2017-02-03T23:51:22.000Z,,4,,,,4,8378,0,0,,xslF345X03/wf-form4_148616586935566.xml,FORM 4
0000003570-17-000026,2017-02-03,2017-02-01,2017-02-03T23:55:15.000Z,,4,,,,4,12636,0,0,,xslF345X03/wf-form4_148616610211232.xml,FORM 4
0000003570-17-000028,2017-02-06,2017-01-31,2017-02-06T21:05:08.000Z,34,8-K,001-16383,17575658,5.07,8-K,46081,0,0,,cei2017form8kspecialmeeting.htm,8-K
0000003570-17-000030,2017-02-06,2017-02-01,2017-02-07T00:47:36.000Z,,4/A,,,,4/A,4280,0,0,,xslF345X03/wf-form4a_148642844322854.xml,FORM 4/A
0000932471-17-001174,2017-02-10,,2017-02-10T13:26:52.000Z,34,SC 13G/A,005-46413,17589672,,SC 13G/A,37366,0,0,,cheniereenergyinc.htm,
0001061165-17-000011,2017-02-14,,2017-02-14T19:28:28.000Z,34,SC 13G/A,005-46413,17607115,,SC 13G/A,79659,0,0,,sc13gacheniereenergy.htm,
0001103804-17-000019,2017-02-14,,2017-02-14T19:47:22.000Z,34,SC 13G/A,005-46413,17607375,,SC 13G/A,55575,0,0,,v13ga2Cheniere.txt,
0000950142-17-000361,2017-02-14,,2017-02-14T21:01:58.000Z,34,SC 13G/A,005-46413,17608443,,SC 13G/A,142494,0,0,,eh1700215_13ga5-cheniere.htm,AMENDMENT NO. 5
0001140361-17-007407,2017-02-14,,2017-02-14T22:03:38.000Z,34,SC 13G/A,005-46413,17610099,,SC 13G/A,71607,0,0,,doc1.htm,NONE
0000003570-17-000033,2017-02-21,2017-02-14,2017-02-21T21:18:37.000Z,34,8-K,001-16383,17625278,"1.01,9.01",8-K,47258,0,0,,cei2017form8kamendedcqpagr.htm,8-K
0000003570-17-000035,2017-02-22,2017-02-17,2017-02-23T01:37:53.000Z,,4,,,,4,5128,0,0,,xslF345X03/wf-form4_148781386063411.xml,FORM 4
0000003570-17-000037,2017-02-22,2017-02-17,2017-02-23T01:42:09.000Z,,4,,,,4,5211,0,0,,xslF345X03/wf-form4_148781411673027.xml,FORM 4
0000003570-17-000039,2017-02-22,2017-02-17,2017-02-23T01:46:15.000Z,,4,,,,4,5138,0,0,,xslF345X03/wf-form4_148781436243269.xml,FORM 4
0000003570-17-000041,2017-02-22,2017-02-17,2017-02-23T01:48:53.000Z,,4,,,,4,5119,0,0,,xslF345X03/wf-form4_148781451554677.xml,FORM 4
0000003570-17-000043,2017-02-22,2017-02-17,2017-02-23T01:54:48.000Z,,4,,,,4,5836,0,0,,xslF345X03/wf-form4_148781487551536.xml,FORM 4
0000003570-17-000045,2017-02-22,2017-02-17,2017-02-23T01:57:24.000Z,,4,,,,4,5100,0,0,,xslF345X03/wf-form4_148781503166057.xml,FORM 4
0000003570-17-000047,2017-02-22,2017-02-17,2017-02-23T02:10:16.000Z,,4,,,,4,5803,0,0,,xslF345X03/wf-form4_148781580397476.xml,FORM 4
0000003570-17-000052,2017-02-24,2016-12-31,2017-02-24T21:04:19.000Z,34,10-K,001-16383,17637126,,10-K,19031009,1,0,,cei2016form10-k.htm,10-K
0000003570-17-000053,2017-02-24,,2017-02-24T21:06:29.000Z,34,IRANNOTICE,001-16383,17637183,,IRANNOTICE,27196,0,0,,cei2016irannoticeletter4th.htm,IRANNOTICE
0001193125-17-056325,2017-02-24,2017-02-17,2017-02-24T21:12:56.000Z,34,8-K,001-16383,17637296,"5.02,9.01",8-K,179825,0,0,,d353799d8k.htm,FORM 8-K
0001193125-17-057572,2017-02-27,2017-02-24,2017-02-27T12:10:03.000Z,34,8-K,001-16383,17639593,"1.01,2.03,9.01",8-K,34074,0,0,,d326457d8k.htm,FORM 8-K
0000003570-17-000055,2017-02-27,2017-02-27,2017-02-27T13:18:09.000Z,34,8-K,001-16383,17639672,"7.01,9.01",8-K,53912,0,0,,cei2017form8kfebruarylaunch.htm,8-K
0000003570-17-000057,2017-02-28,2017-02-28,2017-02-28T13:02:46.000Z,34,8-K,001-16383,17644740,"2.02,9.01",8-K,427482,0,0,,cei2016form8k4thqtrer.htm,8-K
0000003570-17-000060,2017-02-28,2017-02-28,2017-02-28T21:48:16.000Z,34,8-K,001-16383,17648518,"7.01,9.01",8-K,53713,0,0,,cei2017form8kfebprice.htm,8-K
0000899243-17-005900,2017-03-02,2017-02-28,2017-03-02T13:00:39.000Z,34,4,001-36234,17656963,,4,5668,0,0,,xslF345X03/doc4.xml,FORM 4 SUBMISSION
0001193125-17-071600,2017-03-06,2017-02-28,2017-03-06T21:12:56.000Z,34,8-K,001-16383,17667992,"1.01,2.03,9.01",8-K,30565,0,0,,d299478d8k.htm,FORM 8-K
0001193125-17-074825,2017-03-08,2017-03-02,2017-03-08T21:45:33.000Z,34,8-K,001-16383,17675628,"1.01,2.03,9.01",8-K,974121,0,0,,d323689d8k.htm,FORM 8-K
0001193125-17-101694,2017-03-29,,2017-03-29T20:10:29.000Z,33,424B7,333-204432,17722333,,424B7,321951,0,0,,d369648d424b7.htm,424B7
0000003570-17-000064,2017-03-29,2017-03-29,2017-03-29T20:14:21.000Z,34,8-K,001-16383,17722372,"8.01,9.01",8-K,66578,0,0,,cei2017form8kmarakopinion.htm,8-K
0000003570-17-000068,2017-04-04,2017-04-01,2017-04-04T23:18:25.000Z,,4,,,,4,4957,0,0,,xslF345X03/wf-form4_149134788634952.xml,FORM 4
0001193125-17-125959,2017-04-17,2017-05-18,2017-04-17T20:02:59.000Z,34,DEF 14A,001-16383,17764608,,DEF 14A,1795002,0,0,,d329194ddef14a.htm,DEFINITIVE PROXY STATEMENT
0000003570-17-000070,2017-04-19,2017-04-19,2017-04-19T12:59:45.000Z,34,8-K,001-16383,17768822,"7.01,9.01",8-K,23429318,0,0,,cei20178kinvestordaypresen.htm,8-K
0000003570-17-000073,2017-05-04,2017-03-31,2017-05-03T21:45:12.000Z,34,10-Q,001-16383,17810804,,10-Q,9852223,1,0,,cei2017form10q1stqtr.htm,10-Q
0000003570-17-000075,2017-05-04,2017-05-04,2017-05-04T12:04:00.000Z,34,8-K,001-16383,17811959,"2.02,9.01",8-K,347087,0,0,,cei2017form8k1stqtrer.htm,8-K
0000003570-17-000077,2017-05-15,2017-05-15,2017-05-15T11:38:56.000Z,34,8-K,001-16383,17841083,"7.01,9.01",8-K,56596,0,0,,cei2017form8kmaylaunch.htm,8-K
0000003570-17-000079,2017-05-15,2017-05-15,2017-05-15T20:33:46.000Z,34,8-K,001-16383,17844831,"7.01,9.01",8-K,56389,0,0,,cei2017form8kmaypricing.htm,8-K
0000003570-17-000081,2017-05-15,2017-05-12,2017-05-15T23:22:05.000Z,,4,,,,4,8906,0,0,,xslF345X03/wf-form4_149489051098259.xml,FORM 4
0000003570-17-000083,2017-05-19,2017-05-18,2017-05-19T11:13:13.000Z,34,8-K,001-16383,17856383,"5.02,5.07",8-K,83834,0,0,,cei2017form8k-annualmeetin.htm,8-K
0001193125-17-176648,2017-05-19,2017-05-15,2017-05-19T20:19:55.000Z,34,8-K,001-16383,17858067,"1.01,2.03,9.01",8-K,43060,0,0,,d398256d8k.htm,FORM 8-K
0000899243-17-014075,2017-05-22,2017-05-18,2017-05-22T22:00:25.000Z,,4,,,,4,5514,0,0,,xslF345X03/doc4.xml,FORM 4 SUBMISSION
0000003570-17-000085,2017-05-22,2017-05-18,2017-05-22T23:31:59.000Z,,4,,,,4,4877,0,0,,xslF345X03/wf-form4_149549590356744.xml,FORM 4
0000003570-17-000087,2017-05-22,2017-05-18,2017-05-22T23:33:08.000Z,,4,,,,4,4935,0,0,,xslF345X03/wf-form4_149549597191057.xml,FORM 4
0000003570-17-000090,2017-05-22,2017-05-18,2017-05-22T23:34:38.000Z,,4,,,,4,8345,0,0,,xslF345X03/wf-form4_149549606335792.xml,FORM 4
0000003570-17-000092,2017-05-22,2017-05-18,2017-05-22T23:36:02.000Z,,4,,,,4,5756,0,0,,xslF345X03/wf-form4_149549614684766.xml,FORM 4
0000003570-17-000093,2017-05-22,2017-05-18,2017-05-22T23:37:02.000Z,,4,,,,4,4863,0,0,,xslF345X03/wf-form4_149549620648037.xml,FORM 4
0000003570-17-000095,2017-05-22,2017-05-18,2017-05-22T23:38:06.000Z,,4,,,,4,4909,0,0,,xslF345X03/wf-form4_149549626282987.xml,FORM 4
0000003570-17-000097,2017-05-22,2017-05-18,2017-05-22T23:41:05.000Z,,4,,,,4,4899,0,0,,xslF345X03/wf-form4_149549644961084.xml,FORM 4
0000003570-17-000099,2017-05-22,2017-05-18,2017-05-22T23:41:52.000Z,,4,,,,4,5577,0,0,,xslF345X03/wf-form4_149549649645460.xml,FORM 4
0000003570-17-000101,2017-05-22,2017-05-18,2017-05-22T23:42:51.000Z,,4,,,,4,4896,0,0,,xslF345X03/wf-form4_149549655539969.xml,FORM 4
0000003570-17-000105,2017-06-09,2017-06-09,2017-06-09T20:03:02.000Z,34,8-K,001-16383,17902896,"7.01,9.01",8-K,10593948,0,0,,cei20178kjunepresentation.htm,8-K
0000003570-17-000107,2017-08-03,2017-08-01,2017-08-03T23:07:32.000Z,,4,,,,4,4930,0,0,,xslF345X03/wf-form4_150180163812684.xml,FORM 4
0000899243-17-019798,2017-08-04,2017-08-02,2017-08-04T23:54:53.000Z,34,4,001-33366,171009827,,4,10446,0,0,,xslF345X03/doc4.xml,FORM 4 SUBMISSION
0000003570-17-000110,2017-08-08,2017-06-30,2017-08-07T21:37:21.000Z,34,10-Q,001-16383,171012733,,10-Q,10965499,1,0,,cei2017form10q2ndqtr.htm,10-Q
0000003570-17-000112,2017-08-08,2017-08-08,2017-08-08T12:03:27.000Z,34,8-K,001-16383,171013286,"2.02,9.01",8-K,436915,0,0,,cei2017form8k2ndqtrer.htm,8-K
0001193125-17-251480,2017-08-08,,2017-08-08T21:01:57.000Z,,SC 13D/A,,,,SC 13D/A,45149,0,0,,d439862dsc13da.htm,SC 13D AMENDMENT NO. 10
0000003570-17-000115,2017-08-15,2017-08-14,2017-08-15T22:56:06.000Z,,3,,,,3,3352,0,0,,xslF345X02/wf-form3_150283775123192.xml,FORM 3
0000003570-17-000117,2017-08-15,2017-08-14,2017-08-15T22:58:30.000Z,,4,,,,4,4924,0,0,,xslF345X03/wf-form4_150283789631743.xml,FORM 4
0000003570-17-000121,2017-08-15,2017-08-14,2017-08-15T23:45:01.000Z,,3,,,,3,6625,0,0,,xslF345X02/wf-form3_150284068781285.xml,FORM 3
0000003570-17-000123,2017-08-15,2017-08-14,2017-08-15T23:47:14.000Z,,4,,,,4,4925,0,0,,xslF345X03/wf-form4_150284082052284.xml,FORM 4
0000003570-17-000125,2017-08-16,2017-08-14,2017-08-16T12:05:46.000Z,34,8-K,001-16383,171035340,5.02,8-K,49746,0,0,,cei2017form8knewdirector.htm,8-K
0000003570-17-000127,2017-08-17,2017-08-16,2017-08-17T22:52:53.000Z,,4,,,,4,5172,0,0,,xslF345X03/wf-form4_150301036020193.xml,FORM 4
0000003570-17-000129,2017-08-17,2017-08-16,2017-08-17T22:54:02.000Z,,4,,,,4,5267,0,0,,xslF345X03/wf-form4_150301042812867.xml,FORM 4
0000003570-17-000131,2017-08-21,2017-08-17,2017-08-22T00:25:50.000Z,,4,,,,4,5628,0,0,,xslF345X03/wf-form4_150336153666387.xml,FORM 4
0000003570-17-000134,2017-09-06,2017-09-06,2017-09-06T12:34:30.000Z,34,8-K,001-16383,171070260,"7.01,9.01",8-K,5477732,0,0,,cei20178kseptemberpresenta.htm,8-K
0000003570-17-000136,2017-09-11,2017-09-11,2017-09-11T11:54:05.000Z,34,8-K,001-16383,171077964,"7.01,9.01",8-K,56328,0,0,,cei2017form8kseptemberlaun.htm,8-K
0000003570-17-000142,2017-09-12,2017-09-11,2017-09-12T12:51:20.000Z,,4,,,,4,9130,0,0,,xslF345X03/wf-form4_150522066604899.xml,FORM 4
0000003570-17-000144,2017-09-12,2017-09-12,2017-09-12T18:31:23.000Z,34,8-K,001-16383,171080824,"7.01,9.01",8-K,56653,0,0,,cei2017form8kseptemberpric.htm,8-K
0001193125-17-287440,2017-09-18,2017-09-12,2017-09-18T21:13:55.000Z,34,8-K,001-16383,171090448,"1.01,2.03,9.01",8-K,30028,0,0,,d458372d8k.htm,8-K
0000003570-17-000146,2017-10-03,2017-10-01,2017-10-03T20:58:26.000Z,,4,,,,4,8412,0,0,,xslF345X03/wf-form4_150706429310227.xml,FORM 4
0000003570-17-000148,2017-10-03,2017-10-01,2017-10-03T21:05:12.000Z,,4,,,,4,8405,0,0,,xslF345X03/wf-form4_150706469904733.xml,FORM 4
0000003570-17-000150,2017-10-03,2017-10-01,2017-10-03T21:08:20.000Z,,4,,,,4,9081,0,0,,xslF345X03/wf-form4_150706488556685.xml,FORM 4
0000003570-17-000152,2017-10-03,2017-10-01,2017-10-03T21:10:53.000Z,,4,,,,4,8378,0,0,,xslF345X03/wf-form4_150706503910689.xml,FORM 4
0000003570-17-000154,2017-10-03,2017-10-01,2017-10-03T21:13:30.000Z,,4,,,,4,8490,0,0,,xslF345X03/wf-form4_150706519657262.xml,FORM 4
0000003570-17-000156,2017-10-03,2017-10-01,2017-10-03T21:20:40.000Z,,4,,,,4,11628,0,0,,xslF345X03/wf-form4_150706562450794.xml,FORM 4
0000215457-17-003663,2017-10-10,,2017-10-10T14:57:42.000Z,34,SC 13G/A,005-46413,171129302,,SC 13G/A,12909,0,0,,cheniere.energy.inc.txt,
0000003570-17-000158,2017-10-11,2017-10-09,2017-10-11T22:15:46.000Z,,4,,,,4,4930,0,0,,xslF345X03/wf-form4_150776013324309.xml,FORM 4
0000003570-17-000160,2017-10-11,2017-10-09,2017-10-11T22:17:42.000Z,,4,,,,4,4949,0,0,,xslF345X03/wf-form4_150776024904866.xml,FORM 4
0000003570-17-000162,2017-10-11,2017-10-09,2017-10-11T22:26:44.000Z,,4,,,,4,5634,0,0,,xslF345X03/wf-form4_150776079020136.xml,FORM 4
0000003570-17-000164,2017-11-06,2017-11-02,2017-11-06T22:27:16.000Z,,4,,,,4,8539,0,0,,xslF345X03/wf-form4_151000722228013.xml,FORM 4
0000003570-17-000168,2017-11-09,2017-09-30,2017-11-08T22:36:15.000Z,34,10-Q,001-16383,171187669,,10-Q,10628123,1,0,,cei2017form10q3rdqtr.htm,10-Q
0000003570-17-000170,2017-11-14,2017-11-14,2017-11-14T13:02:22.000Z,34,8-K,001-16383,171198392,"2.02,9.01",8-K,461072,0,0,,cei2017form8k3rdqtrer.htm,8-K
0000003570-17-000172,2017-11-14,2017-11-12,2017-11-15T00:09:05.000Z,,4,,,,4,8907,0,0,,xslF345X03/wf-form4_151070453242353.xml,FORM 4
0000003570-17-000174,2017-11-20,2017-11-16,2017-11-20T22:55:33.000Z,,4,,,,4,7080,0,0,,xslF345X03/wf-form4_151121851983129.xml,FORM 4
0000003570-17-000176,2017-12-05,2017-12-01,2017-12-05T22:38:41.000Z,,4,,,,4,4968,0,0,,xslF345X03/wf-form4_151251350815770.xml,FORM 4
0000003570-17-000178,2017-12-18,2017-12-12,2017-12-18T21:06:35.000Z,34,8-K,001-16383,171261438,1.01,8-K,52716,0,0,,cei2017form8kcclstage2epcc.htm,8-K
0000003570-17-000180,2017-12-19,2017-12-15,2017-12-19T23:16:29.000Z,,4,,,,4,5819,0,0,,xslF345X03/wf-form4_151372537515181.xml,FORM 4
0000003570-18-000002,2018-01-03,2018-01-01,2018-01-04T00:15:19.000Z,,4,,,,4,4966,0,0,,xslF345X03/wf-form4_151502490648575.xml,FORM 4
0000003570-18-000004,2018-01-04,2018-01-02,2018-01-04T22:44:12.000Z,,4,,,,4,5149,0,0,,xslF345X03/wf-form4_151510583926693.xml,FORM 4
0000003570-18-000006,2018-02-05,2018-02-01,2018-02-05T22:21:21.000Z,,4,,,,4,8407,0,0,,xslF345X03/wf-form4_151786926600879.xml,FORM 4
0000003570-18-000008,2018-02-05,2018-02-01,2018-02-05T22:23:20.000Z,,4,,,,4,9081,0,0,,xslF345X03/wf-form4_151786938554470.xml,FORM 4
0000003570-18-000010,2018-02-05,2018-02-01,2018-02-05T22:24:38.000Z,,4,,,,4,8378,0,0,,xslF345X03/wf-form4_151786946405705.xml,FORM 4
0000003570-18-000011,2018-02-05,2018-02-01,2018-02-05T22:25:42.000Z,,4,,,,4,8415,0,0,,xslF345X03/wf-form4_151786952752535.xml,FORM 4
0000003570-18-000012,2018-02-05,2018-02-01,2018-02-05T22:26:27.000Z,,4,,,,4,11629,0,0,,xslF345X03/wf-form4_151786957278909.xml,FORM 4
0000003570-18-000014,2018-02-05,2017-12-31,2018-02-06T00:16:37.000Z,,5,,,,5,5520,0,0,,xslF345X03/wf-form5_151787618307459.xml,FORM 5
0000932471-18-003162,2018-02-09,,2018-02-08T23:27:07.000Z,34,SC 13G/A,005-46413,18586997,,SC 13G/A,45492,0,0,,cheniereenergyinc.htm,
0000315066-18-001129,2018-02-13,,2018-02-13T14:35:32.000Z,34,SC 13G,005-46413,18599634,,SC 13G,9476,0,0,,filing.txt,
0001140361-18-007124,2018-02-13,,2018-02-13T21:18:55.000Z,34,SC 13G/A,005-46413,18603610,,SC 13G/A,117451,0,0,,doc1.htm,NONE
0000904454-18-000163,2018-02-14,,2018-02-14T14:20:18.000Z,34,SC 13G,005-46413,18607710,,SC 13G,82976,0,0,,s13ga_021418-cheniere.htm,"FILING FOR KENSICO CAPITAL MGMT CORP AND NEW ISSUER - CHENIERE ENERGY, INC. TO B"
0000003570-18-000016,2018-02-16,2018-02-14,2018-02-16T23:51:03.000Z,,4,,,,4,6804,0,0,,xslF345X03/wf-form4_151882504876100.xml,FORM 4
0000003570-18-000018,2018-02-16,2018-02-14,2018-02-16T23:52:29.000Z,,4,,,,4,6886,0,0,,xslF345X03/wf-form4_151882513589808.xml,FORM 4
0000003570-18-000020,2018-02-16,2018-02-14,2018-02-16T23:54:02.000Z,,4,,,,4,10025,0,0,,xslF345X03/wf-form4_151882522856863.xml,FORM 4
0000003570-18-000022,2018-02-16,2018-02-14,2018-02-16T23:56:30.000Z,,4,,,,4,9088,0,0,,xslF345X03/wf-form4_151882537575970.xml,FORM 4
0000003570-18-000024,2018-02-16,2018-02-14,2018-02-16T23:58:50.000Z,,4,,,,4,5149,0,0,,xslF345X03/wf-form4_151882551602269.xml,FORM 4
0000003570-18-000026,2018-02-16,2018-02-14,2018-02-17T00:00:51.000Z,,4,,,,4,5814,0,0,,xslF345X03/wf-form4_151882563702738.xml,FORM 4
0000003570-18-000028,2018-02-16,2018-02-14,2018-02-17T00:02:25.000Z,,4,,,,4,6776,0,0,,xslF345X03/wf-form4_151882573108869.xml,FORM 4
0000003570-18-000035,2018-02-20,2018-02-14,2018-02-21T00:13:55.000Z,,4/A,,,,4/A,5421,0,0,,xslF345X03/wf-form4a_151917202164407.xml,FORM 4/A
0000003570-18-000037,2018-02-20,2018-02-17,2018-02-21T00:16:26.000Z,,4,,,,4,8905,0,0,,xslF345X03/wf-form4_151917217262163.xml,FORM 4
0000003570-18-000039,2018-02-20,2018-02-17,2018-02-21T00:18:19.000Z,,4,,,,4,4957,0,0,,xslF345X03/wf-form4_151917228356973.xml,FORM 4
0000003570-18-000041,2018-02-20,2018-02-17,2018-02-21T00:19:44.000Z,,4,,,,4,5040,0,0,,xslF345X03/wf-form4_151917236961196.xml,FORM 4
0000003570-18-000043,2018-02-20,2018-02-17,2018-02-21T00:23:19.000Z,,4,,,,4,4929,0,0,,xslF345X03/wf-form4_151917258580331.xml,FORM 4
0000003570-18-000045,2018-02-20,2018-02-17,2018-02-21T00:24:52.000Z,,4,,,,4,8178,0,0,,xslF345X03/wf-form4_151917267820515.xml,FORM 4
0000003570-18-000047,2018-02-20,2018-02-17,2018-02-21T00:26:21.000Z,,4,,,,4,5631,0,0,,xslF345X03/wf-form4_151917276753165.xml,FORM 4
0000003570-18-000049,2018-02-20,2018-02-17,2018-02-21T00:27:50.000Z,,4,,,,4,4967,0,0,,xslF345X03/wf-form4_151917285558422.xml,FORM 4
0000003570-18-000031,2018-02-21,2017-12-31,2018-02-20T23:09:15.000Z,34,10-K,001-16383,18626237,,10-K,37878006,1,0,,cei2017form10-k.htm,10-K
0000003570-18-000050,2018-02-21,2018-02-21,2018-02-21T13:01:47.000Z,34,8-K,001-16383,18627083,"2.02,9.01",8-K,470527,0,0,,cei2017form8k4thqtrer.htm,8-K
0000003570-18-000052,2018-03-16,2018-03-16,2018-03-16T20:31:20.000Z,34,8-K,001-16383,18696007,"7.01,9.01",8-K,5070700,0,0,,cei20188kmarchpresentation.htm,8-K
0000003570-18-000054,2018-04-03,2018-04-01,2018-04-03T20:38:17.000Z,,4,,,,4,4957,0,0,,xslF345X03/wf-form4_152278788457172.xml,FORM 4
0001193125-18-117055,2018-04-13,2018-05-17,2018-04-13T21:19:57.000Z,34,DEF 14A,001-16383,18755021,,DEF 14A,2128698,0,0,,d505123ddef14a.htm,DEF 14A
0000003570-18-000057,2018-04-30,2017-12-31,2018-04-27T22:40:00.000Z,34,10-K/A,001-16383,18786091,,10-K/A,356648,0,0,,cei2017form10ka.htm,10-K/A
0001193125-18-146600,2018-05-01,2018-04-27,2018-05-01T20:15:55.000Z,34,8-K,001-16383,18795699,3.02,8-K,20348,0,0,,d572822d8k.htm,FORM 8-K
0001193125-18-146615,2018-05-01,,2018-05-01T20:17:57.000Z,,SC 13D/A,,,,SC 13D/A,130684,0,0,,d575027dsc13da.htm,SC 13D/A
0000003570-18-000061,2018-05-01,2018-04-27,2018-05-01T21:41:56.000Z,34,4,001-36234,18796743,,4,5706,0,0,,xslF345X03/wf-form4_152521090280340.xml,FORM 4
0000899243-18-011204,2018-05-02,2018-05-02,2018-05-03T01:37:39.000Z,34,4,001-36234,18801563,,4,5679,0,0,,xslF345X03/doc4.xml,FORM 4 SUBMISSION
0001193125-18-149218,2018-05-03,,2018-05-03T01:28:03.000Z,,SC 13D/A,,,,SC 13D/A,78609,0,0,,d580299dsc13da.htm,SCHEDULE 13D AMENDMENT NO. 9
0000899243-18-011439,2018-05-03,2018-05-03,2018-05-04T01:57:26.000Z,34,4,001-36234,18805892,,4,7753,0,0,,xslF345X03/doc4.xml,FORM 4 SUBMISSION
0000003570-18-000065,2018-05-04,2018-03-31,2018-05-03T22:28:32.000Z,34,10-Q,001-16383,18805429,,10-Q,10859735,1,0,,cei2018form10q1stqtr.htm,10-Q
0001193125-18-151372,2018-05-04,2018-05-02,2018-05-04T01:52:02.000Z,34,8-K,001-16383,18805887,3.02,8-K,21374,0,0,,d579781d8k.htm,FORM 8-K
0001193125-18-151533,2018-05-04,,2018-05-04T10:07:32.000Z,,SC 13D/A,,,,SC 13D/A,126257,0,0,,d581633dsc13da.htm,SC 13D AMENDMENT NO. 10
0000003570-18-000066,2018-05-04,2018-05-04,2018-05-04T12:02:04.000Z,34,8-K,001-16383,18806071,"2.02,9.01",8-K,388087,0,0,,cei2018form8k1stqtrer.htm,8-K
0000003570-18-000068,2018-05-15,2018-05-12,2018-05-15T22:55:29.000Z,,4,,,,4,8906,0,0,,xslF345X03/wf-form4_152642491092832.xml,FORM 4
0001193125-18-165957,2018-05-17,,2018-05-17T12:14:37.000Z,,425,,,,425,35812,0,0,,d588927d8k.htm,FORM 8-K
0001193125-18-165956,2018-05-17,2018-05-16,2018-05-17T12:16:32.000Z,34,8-K,001-16383,18841779,"8.01,9.01",8-K,35328,0,0,,d588927d8k.htm,FORM 8-K
0001193125-18-165966,2018-05-17,,2018-05-17T12:21:33.000Z,,SC 13D/A,,,,SC 13D/A,41856,0,0,,d564264dsc13da.htm,SC 13D/A
0000003570-18-000071,2018-05-21,2018-05-17,2018-05-21T11:19:03.000Z,34,8-K,001-16383,18848384,5.07,8-K,69628,0,0,,cei2018form8k-annualmeetin.htm,8-K
0000003570-18-000073,2018-05-21,2018-05-21,2018-05-21T20:59:51.000Z,34,8-K,001-16383,18850326,"7.01,9.01",8-K,5894354,0,0,,cei20188kmaypresentation.htm,8-K CEI MAY 2018 PRESENTATION
0000003570-18-000075,2018-05-21,2018-05-17,2018-05-21T21:46:46.000Z,,4,,,,4,4877,0,0,,xslF345X03/wf-form4_152693918738137.xml,FORM 4
0000003570-18-000077,2018-05-21,2018-05-17,2018-05-21T21:49:21.000Z,,4,,,,4,4909,0,0,,xslF345X03/wf-form4_152693929933145.xml,FORM 4
0000003570-18-000079,2018-05-21,2018-05-17,2018-05-21T21:53:01.000Z,,4,,,,4,5577,0,0,,xslF345X03/wf-form4_152693951820016.xml,FORM 4
0000003570-18-000081,2018-05-21,2018-05-17,2018-05-21T21:58:05.000Z,,4,,,,4,5605,0,0,,xslF345X03/wf-form4_152693982263308.xml,FORM 4
0000899243-18-013606,2018-05-21,2018-05-17,2018-05-21T22:00:38.000Z,,4,,,,4,5514,0,0,,xslF345X03/doc4.xml,FORM 4 SUBMISSION
0000003570-18-000083,2018-05-21,2018-05-17,2018-05-21T22:12:24.000Z,,4,,,,4,8120,0,0,,xslF345X03/wf-form4_152694068676353.xml,FORM 4
0000003570-18-000085,2018-05-21,2018-05-17,2018-05-21T22:15:15.000Z,,3,,,,3,6638,0,0,,xslF345X02/wf-form3_152694090204822.xml,FORM 3
0000003570-18-000087,2018-05-21,2018-05-17,2018-05-21T22:18:08.000Z,,4,,,,4,4925,0,0,,xslF345X03/wf-form4_152694107513000.xml,FORM 4
0000003570-18-000089,2018-05-21,2018-05-17,2018-05-21T22:20:39.000Z,,4,,,,4,4899,0,0,,xslF345X03/wf-form4_152694122543810.xml,FORM 4
0000003570-18-000091,2018-05-21,2018-05-17,2018-05-21T22:22:58.000Z,,4,,,,4,4863,0,0,,xslF345X03/wf-form4_152694136508404.xml,FORM 4
0000003570-18-000093,2018-05-21,2018-05-17,2018-05-21T22:25:48.000Z,,4,,,,4,4896,0,0,,xslF345X03/wf-form4_152694153489903.xml,FORM 4
0000003570-18-000097,2018-05-23,2018-05-23,2018-05-23T20:09:31.000Z,34,8-K,001-16383,18855185,"8.01,9.01",8-K,14491183,1,0,,ceiform8-kx201710xkrecast.htm,8-K
0001193125-18-173630,2018-05-24,2018-05-22,2018-05-24T20:34:06.000Z,34,8-K,001-16383,18858300,"1.01,2.03,8.01,9.01",8-K,3622771,0,0,,d583086d8k.htm,8-K
0001193125-18-173693,2018-05-24,,2018-05-24T21:01:12.000Z,33,S-3ASR,333-225187,18858609,,S-3ASR,474887,0,0,,d569861ds3asr.htm,S-3ASR
0000003570-18-000099,2018-05-24,2018-05-22,2018-05-24T22:13:15.000Z,,4,,,,4,5155,0,0,,xslF345X03/wf-form4_152719998201032.xml,FORM 4
0000003570-18-000101,2018-05-24,2018-05-22,2018-05-24T22:15:27.000Z,,4,,,,4,5071,0,0,,xslF345X03/wf-form4_152720011359251.xml,FORM 4
0000003570-18-000103,2018-05-24,2018-05-22,2018-05-24T22:18:03.000Z,,4,,,,4,9020,0,0,,xslF345X03/wf-form4_152720027006137.xml,FORM 4
0000003570-18-000105,2018-05-24,2018-05-22,2018-05-24T22:20:39.000Z,,4,,,,4,5746,0,0,,xslF345X03/wf-form4_152720037976926.xml,FORM 4
0000003570-18-000107,2018-05-24,2018-05-22,2018-05-24T22:23:23.000Z,,4,,,,4,5044,0,0,,xslF345X03/wf-form4_152720053746467.xml,FORM 4
0000003570-18-000109,2018-05-24,2018-05-22,2018-05-24T22:26:51.000Z,,4,,,,4,5081,0,0,,xslF345X03/wf-form4_152720079676330.xml,FORM 4
0000003570-18-000111,2018-05-24,2018-05-22,2018-05-24T22:29:26.000Z,,4,,,,4,8292,0,0,,xslF345X03/wf-form4_152720090804982.xml,FORM 4
0001193125-18-175522,2018-05-25,,2018-05-25T21:26:06.000Z,33,424B7,333-225187,18862463,,424B7,322096,0,0,,d595052d424b7.htm,424B7
0001193125-18-175527,2018-05-25,2018-05-25,2018-05-25T21:26:35.000Z,34,8-K,001-16383,18862465,"8.01,9.01",8-K,36440,0,0,,d446072d8k.htm,FORM 8-K
0000003570-18-000113,2018-05-29,,2018-05-29T13:03:40.000Z,,425,,,,425,7207964,0,0,,cei20188kmaypresentation_t.htm,FORM 8-K
9999999997-18-006384,2018-06-14,,2018-06-14T17:27:12.000Z,34,CT ORDER,001-16383,18898780,"20180614,20180614",CT ORDER,15078,0,0,,filename1.pdf,
0001193125-18-196313,2018-06-19,,2018-06-19T11:42:22.000Z,,425,,,,425,410906,0,0,,d207147d8k.htm,FORM 8-K
0001193125-18-196311,2018-06-19,2018-06-18,2018-06-19T11:44:09.000Z,34,8-K,001-16383,18906209,"1.01,7.01,9.01",8-K,410496,0,0,,d207147d8k.htm,FORM 8-K
0001193125-18-196326,2018-06-19,,2018-06-19T11:51:04.000Z,,SC 13D/A,,,,SC 13D/A,396003,0,0,,d207149dsc13da.htm,SC 13D/A
0000003570-18-000115,2018-06-26,2018-06-22,2018-06-26T22:56:26.000Z,,4,,,,4,4699,0,0,,xslF345X03/wf-form4_153005377039987.xml,FORM 4
0000928464-18-000132,2018-06-28,,2018-06-28T11:48:17.000Z,34,SC 13D/A,005-46413,18923214,,SC 13D/A,154372,0,0,,lngsch13damd9062818.htm,
0000003570-18-000117,2018-06-29,2018-06-28,2018-06-29T22:18:16.000Z,,4,,,,4,6740,0,0,,xslF345X03/wf-form4_153031068143027.xml,FORM 4
0001140361-18-030775,2018-06-29,2018-06-27,2018-06-29T23:35:56.000Z,,4,,,,4,13905,0,0,,xslF345X03/doc1.xml,FORM 4
0001193125-18-211347,2018-07-02,2018-06-29,2018-07-02T20:05:08.000Z,34,8-K,001-16383,18932696,"1.01,2.03,9.01",8-K,745074,0,0,,d592286d8k.htm,8-K
0000003570-18-000119,2018-07-09,2017-01-13,2018-07-10T01:09:50.000Z,,4,,,,4,6367,0,0,,xslF345X03/wf-form4_153118496975080.xml,FORM 4
0000003570-18-000122,2018-07-17,2018-07-16,2018-07-17T21:28:27.000Z,34,8-K,001-16383,18957206,5.02,8-K,42195,0,0,,cei2018form8k-directorresi.htm,8-K
0001193125-18-220695,2018-07-18,,2018-07-18T21:21:06.000Z,33,S-4,333-226231,18958993,,S-4,1434253,0,0,,d847085ds4.htm,S-4
0000000000-18-023095,2018-07-26,,2018-07-26T21:02:27.000Z,,UPLOAD,,,,LETTER,36196,0,0,,filename1.pdf,
0000003570-18-000125,2018-08-09,2018-06-30,2018-08-08T21:35:14.000Z,34,10-Q,001-16383,181002594,,10-Q,10994437,1,0,,cei2018form10q2ndqtr.htm,10-Q 2018
0000003570-18-000128,2018-08-09,2018-08-09,2018-08-09T12:02:21.000Z,34,8-K,001-16383,181003475,"2.02,9.01",8-K,473280,0,0,,cei2018form8k2ndqtrer.htm,8-K
0001193125-18-251673,2018-08-17,,2018-08-17T20:08:37.000Z,33,S-4/A,333-226231,181025872,,S-4/A,1498502,0,0,,d847085ds4a.htm,S-4/A
0001193125-18-251685,2018-08-17,,2018-08-17T20:11:04.000Z,,CORRESP,,,,CORRESP,14636,0,0,,filename1.htm,
0001193125-18-254118,2018-08-21,,2018-08-21T21:16:26.000Z,33,424B3,333-226231,181030908,,424B3,1367504,0,0,,d847085d424b3.htm,424B3
9999999995-18-002158,2018-08-21,,2018-08-22T04:15:39.000Z,33,EFFECT,333-226231,181031367,"S-4,,2018-08-21 17:00:00",EFFECT,1998,0,0,,xslEFFECTX01/primary_doc.xml,
0000003570-18-000131,2018-08-27,2018-08-27,2018-08-27T12:01:43.000Z,34,8-K,001-16383,181038124,"7.01,9.01",8-K,7307624,0,0,,cei20188kaugustpresentation.htm,8-K
0000003570-18-000134,2018-09-06,2018-09-06,2018-09-06T11:15:57.000Z,34,8-K,001-16383,181056649,"7.01,9.01",8-K,54607,0,0,,cei2018form8kseptemberlaun.htm,8-K
0000003570-18-000136,2018-09-06,2018-09-06,2018-09-06T20:59:41.000Z,34,8-K,001-16383,181058122,"7.01,9.01",8-K,54462,0,0,,cei2018form8kseptemberpric.htm,8-K
9999999997-18-007813,2018-09-11,,2018-09-11T20:24:25.000Z,34,CT ORDER,001-16383,181065111,"20180911,20180911",CT ORDER,15066,0,0,,filename1.pdf,
0001193125-18-271780,2018-09-12,2018-09-06,2018-09-12T20:14:05.000Z,34,8-K,001-16383,181066990,"1.01,2.03,9.01",8-K,32116,0,0,,d621578d8k.htm,8-K
0001193125-18-278728,2018-09-20,2018-09-20,2018-09-20T20:08:08.000Z,34,8-K,001-16383,181079509,"2.01,7.01,9.01",8-K,33439,0,0,,d625995d8k.htm,8-K
0001193125-18-278754,2018-09-20,,2018-09-20T20:18:04.000Z,,SC 13D/A,,,,SC 13D/A,37345,0,0,,d627642dsc13da.htm,SC 13D/A
0000003570-18-000138,2018-09-21,2018-09-20,2018-09-21T20:57:59.000Z,34,4,001-36234,181082059,,4,6436,0,0,,xslF345X03/wf-form4_153756346256387.xml,FORM 4
0000003570-18-000140,2018-10-01,2018-09-27,2018-10-01T21:14:08.000Z,,4,,,,4,5881,0,0,,xslF345X03/wf-form4_153842843116972.xml,FORM 4
0000003570-18-000142,2018-10-03,2018-10-01,2018-10-03T21:26:02.000Z,,4,,,,4,8401,0,0,,xslF345X03/wf-form4_153860194549795.xml,FORM 4
0000003570-18-000144,2018-10-03,2018-10-01,2018-10-03T21:28:58.000Z,,4,,,,4,11622,0,0,,xslF345X03/wf-form4_153860211852019.xml,FORM 4
0000003570-18-000146,2018-10-03,2018-10-01,2018-10-03T21:31:22.000Z,,4,,,,4,8488,0,0,,xslF345X03/wf-form4_153860226347424.xml,FORM 4
0000003570-18-000148,2018-10-03,2018-10-01,2018-10-03T21:34:25.000Z,,4,,,,4,8374,0,0,,xslF345X03/wf-form4_153860244770836.xml,FORM 4
0000003570-18-000150,2018-10-03,2018-10-01,2018-10-03T21:36:41.000Z,,4,,,,4,8406,0,0,,xslF345X03/wf-form4_153860258490669.xml,FORM 4
0000003570-18-000152,2018-10-03,2018-10-01,2018-10-03T21:38:40.000Z,,4,,,,4,9075,0,0,,xslF345X03/wf-form4_153860270374358.xml,FORM 4
0000003570-18-000154,2018-10-11,2018-10-09,2018-10-11T21:08:04.000Z,,4,,,,4,8180,0,0,,xslF345X03/wf-form4_153929206803212.xml,FORM 4
0000003570-18-000156,2018-10-11,2018-10-09,2018-10-11T21:10:51.000Z,,4,,,,4,4931,0,0,,xslF345X03/wf-form4_153929223519253.xml,FORM 4
0000003570-18-000158,2018-11-06,2018-11-02,2018-11-06T22:38:03.000Z,,4,,,,4,8537,0,0,,xslF345X03/wf-form4_154154386726215.xml,FORM 4
0000003570-18-000160,2018-11-08,2018-09-30,2018-11-07T22:33:30.000Z,34,10-Q,001-16383,181167562,,10-Q,11307181,1,0,,cei2018form10q3rdqtr.htm,10-Q
0000003570-18-000162,2018-11-08,2018-11-08,2018-11-08T13:02:19.000Z,34,8-K,001-16383,181168236,"2.02,9.01",8-K,493488,0,0,,cei2018form8k3rdqtrer.htm,8-K
0001193125-18-323755,2018-11-09,2018-11-07,2018-11-09T21:02:15.000Z,34,8-K,001-16383,181173050,"1.01,9.01",8-K,4988427,0,0,,d651558d8k.htm,FORM 8-K
0001193125-18-325654,2018-11-13,2018-11-06,2018-11-13T22:26:58.000Z,34,8-K,001-16383,181179283,"5.05,9.01",8-K,122812,0,0,,d651791d8k.htm,8-K
0000003570-18-000164,2018-11-14,2018-11-12,2018-11-14T22:07:18.000Z,,4,,,,4,8907,0,0,,xslF345X03/wf-form4_154223322088150.xml,FORM 4
0000003570-18-000166,2018-11-15,2018-11-14,2018-11-15T14:00:23.000Z,,4,,,,4,9128,0,0,,xslF345X03/wf-form4_154229040724684.xml,FORM 4
0000003570-18-000168,2018-11-15,2018-11-14,2018-11-15T22:09:04.000Z,,4,,,,4,4816,0,0,,xslF345X03/wf-form4_154231972720449.xml,FORM 4
9999999997-18-009125,2018-11-27,,2018-11-27T17:49:21.000Z,34,CT ORDER,001-16383,181202678,"20181127,20181127",CT ORDER,95052,0,0,,filename1.pdf,
0001193125-18-350465,2018-12-17,2018-12-13,2018-12-17T13:10:37.000Z,34,8-K,001-16383,181237060,"1.01,2.03,9.01",8-K,827284,0,0,,d665663d8k.htm,8-K
0000003570-18-000171,2018-12-18,2018-12-18,2018-12-18T22:13:51.000Z,34,8-K,001-16383,181241293,"7.01,9.01",8-K,5282250,0,0,,cei20188kdecemberpresentat.htm,8-K
0000003570-18-000173,2018-12-27,2018-12-26,2018-12-27T22:57:56.000Z,,4,,,,4,6614,0,0,,xslF345X03/wf-form4_154595145921083.xml,FORM 4
0000003570-18-000175,2018-12-28,2018-12-26,2018-12-28T23:20:03.000Z,,4,,,,4,5511,0,0,,xslF345X03/wf-form4_154603918619893.xml,FORM 4
9999999997-19-000112,2019-02-04,,2019-02-04T20:39:24.000Z,34,CT ORDER,001-16383,19563529,"20190204,20190204",CT ORDER,89039,0,0,,filename1.pdf,
0000932471-19-004296,2019-02-11,,2019-02-11T13:31:32.000Z,34,SC 13G/A,005-46413,19582037,,SC 13G/A,34432,0,0,,cheniereenergyinc.htm,
0000315066-19-000927,2019-02-13,,2019-02-13T16:48:22.000Z,34,SC 13G/A,005-46413,19594612,,SC 13G/A,8744,0,0,,filing.txt,
0001567619-19-003841,2019-02-13,,2019-02-13T22:23:40.000Z,34,SC 13G/A,005-46413,19598784,,SC 13G/A,117438,0,0,,doc1.htm,NONE
0000904454-19-000236,2019-02-14,,2019-02-14T13:49:34.000Z,34,SC 13G/A,005-46413,19601177,,SC 13G/A,61907,0,0,,s13ga_021419-cheniere.htm,"SCHEDULE 13G-A FOR CHENIERE ENERGY, INC. BY KENSICO CAPITAL MANAGEMENT CORP."
0000003570-19-000002,2019-02-15,2019-02-13,2019-02-15T22:11:40.000Z,,4,,,,4,5142,0,0,,xslF345X03/wf-form4_155026868644486.xml,FORM 4
0000003570-19-000004,2019-02-15,2019-02-13,2019-02-15T22:14:20.000Z,,4,,,,4,9090,0,0,,xslF345X03/wf-form4_155026884721143.xml,FORM 4
0000003570-19-000006,2019-02-15,2019-02-13,2019-02-15T22:16:36.000Z,,4,,,,4,8363,0,0,,xslF345X03/wf-form4_155026898290595.xml,FORM 4
0000003570-19-000008,2019-02-15,2019-02-13,2019-02-15T22:19:44.000Z,,4,,,,4,5226,0,0,,xslF345X03/wf-form4_155026917062310.xml,FORM 4
0000003570-19-000010,2019-02-15,2019-02-13,2019-02-15T22:22:17.000Z,,4,,,,4,5115,0,0,,xslF345X03/wf-form4_155026932368227.xml,FORM 4
0000003570-19-000012,2019-02-15,2019-02-13,2019-02-15T22:24:48.000Z,,4,,,,4,5151,0,0,,xslF345X03/wf-form4_155026947276511.xml,FORM 4
0000003570-19-000014,2019-02-19,2019-02-14,2019-02-19T22:29:58.000Z,,4,,,,4,6360,0,0,,xslF345X03/wf-form4_155061538422936.xml,FORM 4
0000003570-19-000016,2019-02-19,2019-02-14,2019-02-19T22:32:44.000Z,,4,,,,4,10308,0,0,,xslF345X03/wf-form4_155061555062684.xml,FORM 4
0000003570-19-000018,2019-02-19,2019-02-14,2019-02-19T22:35:06.000Z,,4,,,,4,6441,0,0,,xslF345X03/wf-form4_155061569313877.xml,FORM 4
0000003570-19-000020,2019-02-19,2019-02-14,2019-02-19T22:37:19.000Z,,4,,,,4,6331,0,0,,xslF345X03/wf-form4_155061582583681.xml,FORM 4
0000003570-19-000022,2019-02-19,2019-02-14,2019-02-19T22:39:26.000Z,,4,,,,4,9581,0,0,,xslF345X03/wf-form4_155061595256533.xml,FORM 4
0000003570-19-000024,2019-02-19,2019-02-14,2019-02-19T22:41:27.000Z,,4,,,,4,6367,0,0,,xslF345X03/wf-form4_155061607442872.xml,FORM 4
0000003570-19-000027,2019-02-20,2019-02-13,2019-02-20T21:05:43.000Z,34,8-K,001-16383,19618271,5.02,8-K,41823,0,0,,cei20198kfebruarypsus.htm,8-K
0000003570-19-000030,2019-02-26,2018-12-31,2019-02-25T22:34:45.000Z,34,10-K,001-16383,19630723,,10-K,19197541,1,0,,cei2018form10-k.htm,10-K
0000003570-19-000032,2019-02-26,2019-02-26,2019-02-26T13:01:04.000Z,34,8-K,001-16383,19631669,"2.02,9.01",8-K,455690,0,0,,cei2018form8k4thqtrer.htm,8-K
9999999997-19-001389,2019-03-18,,2019-03-18T19:28:28.000Z,34,CT ORDER,001-16383,19688020,"20190318,20190318",CT ORDER,95175,0,0,,filename1.pdf,
0001193125-19-105842,2019-04-15,2019-05-16,2019-04-15T12:32:36.000Z,34,DEF 14A,001-16383,19747644,,DEF 14A,3420626,0,0,,d684187ddef14a.htm,DEF 14A
0000003570-19-000038,2019-05-09,2019-03-31,2019-05-08T21:38:20.000Z,34,10-Q,001-16383,19807995,,XBRL,11707635,1,1,,cei2019form10q1stqtr.htm,10-Q
0000003570-19-000040,2019-05-09,2019-05-09,2019-05-09T12:01:35.000Z,34,8-K,001-16383,19808844,"2.02,9.01",8-K,338778,0,0,,cei2019form8k1stqtrer.htm,8-K
0000003570-19-000042,2019-05-14,2019-05-12,2019-05-14T22:13:07.000Z,,4,,,,4,8906,0,0,,xslF345X03/wf-form4_155787197238711.xml,FORM 4
0000928464-19-000044,2019-05-15,,2019-05-15T20:32:27.000Z,34,SC 13D/A,005-46413,19828806,,SC 13D/A,162175,0,0,,lngsch13damd10051519.htm,
0000899243-19-014200,2019-05-20,2019-05-16,2019-05-20T22:01:01.000Z,,4,,,,4,5514,0,0,,xslF345X03/doc4.xml,FORM 4 SUBMISSION
0000003570-19-000044,2019-05-20,2019-05-16,2019-05-20T22:43:43.000Z,,4,,,,4,5577,0,0,,xslF345X03/wf-form4_155839220839194.xml,FORM 4
0000003570-19-000046,2019-05-20,2019-05-16,2019-05-20T22:44:40.000Z,,4,,,,4,4877,0,0,,xslF345X03/wf-form4_155839226622236.xml,FORM 4
0000003570-19-000049,2019-05-20,2019-05-16,2019-05-20T22:46:48.000Z,,4,,,,4,4925,0,0,,xslF345X03/wf-form4_155839239326621.xml,FORM 4
0000003570-19-000050,2019-05-20,2019-05-16,2019-05-20T22:47:05.000Z,,4,,,,4,4954,0,0,,xslF345X03/wf-form4_155839241085915.xml,FORM 4
0000003570-19-000052,2019-05-20,2019-05-16,2019-05-20T22:48:25.000Z,,4,,,,4,5605,0,0,,xslF345X03/wf-form4_155839249053370.xml,FORM 4
0000003570-19-000055,2019-05-20,2019-05-16,2019-05-20T22:50:04.000Z,,4,,,,4,4899,0,0,,xslF345X03/wf-form4_155839258930187.xml,FORM 4
0000003570-19-000056,2019-05-20,2019-05-16,2019-05-20T22:50:35.000Z,,4,,,,4,4863,0,0,,xslF345X03/wf-form4_155839262147057.xml,FORM 4
0000003570-19-000058,2019-05-20,2019-05-16,2019-05-20T22:52:12.000Z,,4,,,,4,4909,0,0,,xslF345X03/wf-form4_155839271644271.xml,FORM 4
0000003570-19-000060,2019-05-21,2019-05-16,2019-05-21T20:03:30.000Z,34,8-K,001-16383,19842368,5.07,8-K,70648,0,0,,cei2019form8k-annualme.htm,8-K
0001193125-19-163471,2019-06-03,2019-05-29,2019-06-03T12:17:45.000Z,34,8-K,001-16383,19872194,"1.01,2.03,7.01,8.01,9.01",8-K,15182133,0,0,,d723813d8k.htm,8-K
0000003570-19-000063,2019-06-11,2019-06-07,2019-06-11T12:31:12.000Z,34,8-K,001-16383,19889938,"5.02,7.01,9.01",8-K,63231,0,0,,cei2019form8k-director.htm,8-K
0000003570-19-000065,2019-06-11,2019-06-07,2019-06-11T21:14:21.000Z,,3,,,,3,6488,0,0,,xslF345X02/wf-form3_156028764711222.xml,FORM 3
0000003570-19-000067,2019-06-11,2019-06-07,2019-06-11T21:18:48.000Z,,4,,,,4,4922,0,0,,xslF345X03/wf-form4_156028788255222.xml,FORM 4
0001193125-19-175297,2019-06-18,2019-06-14,2019-06-18T12:11:07.000Z,34,8-K,001-16383,19902689,8.01,8-K,20980,0,0,,d751208d8k.htm,8-K
0000003570-19-000069,2019-07-02,2019-07-01,2019-07-02T21:30:31.000Z,,4,,,,4,5136,0,0,,xslF345X03/wf-form4_156210301667638.xml,FORM 4
0001567619-19-014561,2019-07-09,,2019-07-09T20:22:07.000Z,34,SC 13G/A,005-46413,19947446,,SC 13G/A,117445,0,0,,doc1.htm,NONE
0000003570-19-000073,2019-08-08,2019-06-30,2019-08-07T21:59:05.000Z,34,10-Q,001-16383,191006784,,XBRL,14581359,1,1,,cei2019form10q2ndqtr.htm,10-Q
0000003570-19-000076,2019-08-08,2019-08-08,2019-08-08T12:03:57.000Z,34,8-K,001-16383,191007535,"2.02,9.01",XBRL,677965,1,1,,cei2019form8k2ndqtrer.htm,8-K
0001193125-19-222601,2019-08-15,2019-08-15,2019-08-15T21:24:10.000Z,34,8-K,001-16383,191031109,"5.02,9.01",XBRL,183534,1,1,,d790486d8k.htm,8-K
0000003570-19-000078,2019-09-09,2019-09-09,2019-09-09T11:50:12.000Z,34,8-K,001-16383,191080990,"7.01,9.01",XBRL,283386,1,1,,cei2019form8kseptember.htm,8-K
0000003570-19-000080,2019-09-09,2019-09-09,2019-09-09T21:10:55.000Z,34,8-K,001-16383,191083706,"7.01,9.01",XBRL,279134,1,1,,cei2019form8kseptember.htm,8-K
0001193125-19-244033,2019-09-12,2019-09-06,2019-09-12T21:24:09.000Z,34,8-K,001-16383,191091041,"1.01,2.03,9.01",XBRL,174241,1,1,,d87822d8k.htm,8-K
0001193125-19-258199,2019-09-30,2019-09-27,2019-09-30T13:24:43.000Z,34,8-K,001-16383,191124559,"1.01,2.03,9.01",XBRL,161680,1,1,,d810877d8k.htm,8-K
0000003570-19-000087,2019-10-04,2019-09-27,2019-10-04T20:10:53.000Z,34,8-K/A,001-16383,191138724,"1.01,2.03,9.01",XBRL,211505,1,1,,cei2019form8kacchallia.htm,8-K/A
0001193125-19-266347,2019-10-11,2019-10-09,2019-10-11T12:58:44.000Z,34,8-K,001-16383,191147099,"1.01,9.01",XBRL,160591,1,1,,d783138d8k.htm,8-K
0001193125-19-269756,2019-10-18,2019-10-17,2019-10-18T12:57:49.000Z,34,8-K,001-16383,191156805,"1.01,2.03,9.01",XBRL,166310,1,1,,d823297d8k.htm,8-K
0000003570-19-000089,2019-11-01,2019-09-30,2019-10-31T21:53:11.000Z,34,10-Q,001-16383,191184665,,XBRL,15461218,1,1,,cei2019form10q3rdqtr.htm,10-Q
0000003570-19-000092,2019-11-01,2019-11-01,2019-11-01T12:02:27.000Z,34,8-K,001-16383,191185213,"2.02,9.01",XBRL,706284,1,1,,cei2019form8k3rdqtrer.htm,8-K
0001193125-19-282077,2019-11-01,2019-11-01,2019-11-01T21:08:10.000Z,34,8-K,001-16383,191187545,"5.02,7.01,9.01",XBRL,275071,1,1,,d828561d8k.htm,8-K
0000003570-19-000095,2019-11-05,2019-11-05,2019-11-05T13:06:37.000Z,34,8-K,001-16383,191191820,"7.01,9.01",XBRL,279590,1,1,,cei2019form8knovemberl.htm,8-K
0000003570-19-000097,2019-11-05,2019-11-02,2019-11-05T22:58:06.000Z,,4,,,,4,8527,0,0,,xslF345X03/wf-form4_157299467107819.xml,FORM 4
0001628280-19-013388,2019-11-05,2019-11-02,2019-11-06T01:19:29.000Z,,4/A,,,,4/A,6243,0,0,,xslF345X03/wf-form4a_157300315340285.xml,FORM 4/A
0000003570-19-000102,2019-11-06,2019-11-06,2019-11-06T21:56:37.000Z,34,8-K,001-16383,191197045,"7.01,9.01",XBRL,276230,1,1,,cei2019form8knovemberp.htm,8-K
0000003570-19-000104,2019-11-12,2019-11-01,2019-11-13T00:38:06.000Z,,3,,,,3,7079,0,0,,xslF345X02/wf-form3_157360547045844.xml,FORM 3
0001193125-19-291140,2019-11-13,2019-11-06,2019-11-13T22:09:41.000Z,34,8-K,001-16383,191215108,"1.01,2.03,9.01",XBRL,179572,1,1,,d829030d8k.htm,8-K
0000928464-19-000093,2019-11-15,,2019-11-14T22:32:23.000Z,34,SC 13D/A,005-46413,191221795,,SC 13D/A,179392,0,0,,lngsch13damd11111419.htm,
0000003570-19-000106,2019-11-19,2019-11-19,2019-11-19T23:53:19.000Z,,4,,,,4,9139,0,0,,xslF345X03/wf-form4_157420758405491.xml,FORM 4
0000003570-19-000109,2019-12-10,2019-12-10,2019-12-10T13:43:24.000Z,34,8-K,001-16383,191276587,"7.01,9.01",XBRL,8387675,1,1,,cei2019form8kdecemberp.htm,8-K
0000003570-19-000113,2019-12-23,2019-12-23,2019-12-24T01:52:35.000Z,,4,,,,4,4715,0,0,,xslF345X03/wf-form4_157715233740970.xml,FORM 4
0000003570-20-000002,2020-01-07,2019-12-23,2020-01-07T23:04:53.000Z,,4,,,,4,5509,0,0,,xslF345X03/wf-form4_157843827707632.xml,FORM 4
0000003570-20-000004,2020-01-07,2019-12-23,2020-01-07T23:08:40.000Z,,4,,,,4,6278,0,0,,xslF345X03/wf-form4_157843850292159.xml,FORM 4
0000834237-20-008055,2020-02-07,,2020-02-07T13:45:23.000Z,34,SC 13G,005-46413,20584709,,SC 13G,13831,0,0,,us16411r2085_020620.txt,
0000315066-20-000870,2020-02-07,,2020-02-07T16:16:16.000Z,34,SC 13G/A,005-46413,20585532,,SC 13G/A,8869,0,0,,filing.txt,
0001104659-20-018197,2020-02-12,,2020-02-12T14:16:19.000Z,34,SC 13G/A,005-46413,20600443,,SC 13G/A,13940,0,0,,tv01499-cheniereenergyinc.htm,SCHEDULE 13G/A
0000003570-20-000006,2020-02-13,2020-02-11,2020-02-14T00:03:53.000Z,,4,,,,4,6474,0,0,,xslF345X03/wf-form4_158163861620666.xml,FORM 4
0000003570-20-000009,2020-02-13,2020-02-11,2020-02-14T00:05:14.000Z,,4,,,,4,10416,0,0,,xslF345X03/wf-form4_158163869735832.xml,FORM 4
0000003570-20-000010,2020-02-13,2020-02-11,2020-02-14T00:05:39.000Z,,4,,,,4,6467,0,0,,xslF345X03/wf-form4_158163872172842.xml,FORM 4
0000003570-20-000013,2020-02-13,2020-02-11,2020-02-14T00:07:10.000Z,,4,,,,4,9577,0,0,,xslF345X03/wf-form4_158163881366932.xml,FORM 4
0000003570-20-000014,2020-02-13,2020-02-11,2020-02-14T00:07:24.000Z,,4,,,,4,9689,0,0,,xslF345X03/wf-form4_158163882648216.xml,FORM 4
0000003570-20-000016,2020-02-13,2020-02-11,2020-02-14T00:09:26.000Z,,4,,,,4,6538,0,0,,xslF345X03/wf-form4_158163894865340.xml,FORM 4
0000003570-20-000018,2020-02-14,2020-02-12,2020-02-14T21:40:50.000Z,,4,,,,4,8364,0,0,,xslF345X03/wf-form4_158171642888816.xml,FORM 4
0000003570-20-000020,2020-02-14,2020-02-12,2020-02-14T21:42:27.000Z,,4,,,,4,9090,0,0,,xslF345X03/wf-form4_158171652899589.xml,FORM 4
0000003570-20-000023,2020-02-14,2020-02-12,2020-02-14T21:44:54.000Z,,4,,,,4,5216,0,0,,xslF345X03/wf-form4_158171667746594.xml,FORM 4
0000003570-20-000024,2020-02-14,2020-02-12,2020-02-14T21:45:41.000Z,,4,,,,4,8255,0,0,,xslF345X03/wf-form4_158171672431688.xml,FORM 4
0000003570-20-000026,2020-02-14,2020-02-12,2020-02-14T21:46:28.000Z,,4,,,,4,5143,0,0,,xslF345X03/wf-form4_158171677035402.xml,FORM 4
0000003570-20-000028,2020-02-14,2020-02-12,2020-02-14T21:47:49.000Z,,4,,,,4,5151,0,0,,xslF345X03/wf-form4_158171685300526.xml,FORM 4
0000003570-20-000030,2020-02-18,2020-02-13,2020-02-18T23:09:58.000Z,,4,,,,4,11719,0,0,,xslF345X03/wf-form4_158206738205382.xml,FORM 4
0000003570-20-000032,2020-02-18,2020-02-13,2020-02-18T23:11:25.000Z,,4,,,,4,10879,0,0,,xslF345X03/wf-form4_158206746814036.xml,FORM 4
0000003570-20-000035,2020-02-18,2020-02-13,2020-02-18T23:12:34.000Z,,4,,,,4,7842,0,0,,xslF345X03/wf-form4_158206753666550.xml,FORM 4
0000003570-20-000036,2020-02-18,2020-02-13,2020-02-18T23:13:00.000Z,,4,,,,4,7771,0,0,,xslF345X03/wf-form4_158206756337650.xml,FORM 4
0000003570-20-000038,2020-02-18,2020-02-13,2020-02-18T23:26:47.000Z,,4,,,,4,7775,0,0,,xslF345X03/wf-form4_158206839043093.xml,FORM 4
0000003570-20-000040,2020-02-18,2020-02-13,2020-02-18T23:32:03.000Z,,4,,,,4,10992,0,0,,xslF345X03/wf-form4_158206870677833.xml,FORM 4
0000003570-20-000043,2020-02-25,2019-12-31,2020-02-24T23:47:35.000Z,34,10-K,001-16383,20646440,,XBRL,26984710,1,1,,cei2019form10k.htm,10-K
0000003570-20-000045,2020-02-25,2020-02-25,2020-02-25T13:03:03.000Z,34,8-K,001-16383,20647389,"2.02,9.01",XBRL,680679,1,1,,cei2019form8k4thqtrer.htm,8-K
0001193125-20-047357,2020-02-25,2020-02-24,2020-02-25T13:36:10.000Z,34,8-K,001-16383,20647571,"1.01,9.01",XBRL,259690,1,1,,d893270d8k.htm,8-K
0000003570-20-000047,2020-02-27,2020-02-27,2020-02-28T01:29:16.000Z,,4,,,,4,5135,0,0,,xslF345X03/wf-form4_158285333953324.xml,FORM 4
0000003570-20-000049,2020-03-05,2020-03-05,2020-03-05T23:11:38.000Z,,4,,,,4,4699,0,0,,xslF345X03/wf-form4_158344988105861.xml,FORM 4
0000003570-20-000051,2020-03-05,2020-03-05,2020-03-05T23:17:05.000Z,,4,,,,4,11096,0,0,,xslF345X03/wf-form4_158345020769189.xml,FORM 4
0000003570-20-000053,2020-03-09,2020-03-09,2020-03-09T22:05:38.000Z,,4,,,,4,6031,0,0,,xslF345X03/wf-form4_158379152066057.xml,FORM 4
0000003570-20-000055,2020-03-10,2020-03-10,2020-03-10T21:48:28.000Z,,4,,,,4,5840,0,0,,xslF345X03/wf-form4_158387689019340.xml,FORM 4
0000003570-20-000057,2020-03-11,2020-03-10,2020-03-11T21:51:11.000Z,,4,,,,4,5209,0,0,,xslF345X03/wf-form4_158396345346204.xml,FORM 4
0000003570-20-000059,2020-03-24,2020-03-19,2020-03-24T20:25:13.000Z,34,8-K,001-16383,20738670,"1.01,2.03,9.01",XBRL,220817,1,1,,cei2020form8kspl2020wcf.htm,8-K
0001193125-20-103805,2020-04-10,2020-05-14,2020-04-10T20:09:01.000Z,34,DEF 14A,001-16383,20786837,,DEF 14A,4201604,0,0,,d846668ddef14a.htm,DEF 14A
0001193125-20-118246,2020-04-24,,2020-04-24T12:37:32.000Z,34,DEFA14A,001-16383,20812612,,DEFA14A,33642,0,0,,d806362ddefa14a.htm,DEFA14A
0000003570-20-000062,2020-04-30,2020-03-31,2020-04-29T21:49:44.000Z,34,10-Q,001-16383,20832023,,XBRL,15335741,1,1,,cei2020form10q1stqtr.htm,10-Q
0000003570-20-000064,2020-04-30,2020-04-30,2020-04-30T12:03:16.000Z,34,8-K,001-16383,20833232,"2.02,9.01",XBRL,560335,1,1,,cei2020form8k1stqtrer.htm,8-K
0001193125-20-137664,2020-05-08,2020-05-05,2020-05-08T20:57:13.000Z,34,8-K,001-16383,20861453,"1.01,2.03,8.01,9.01",XBRL,183699,1,1,,d928344d8k.htm,8-K
0001193125-20-142825,2020-05-14,,2020-05-14T20:27:55.000Z,33,S-8,333-238261,20878203,,S-8,207548,0,0,,d842623ds8.htm,S-8
0000003570-20-000066,2020-05-18,2020-05-14,2020-05-18T22:03:46.000Z,,4,,,,4,4929,0,0,,xslF345X03/wf-form4_158983940874927.xml,FORM 4
0000003570-20-000068,2020-05-18,2020-05-14,2020-05-18T22:06:44.000Z,,4,,,,4,5578,0,0,,xslF345X03/wf-form4_158983958667649.xml,FORM 4
0000003570-20-000070,2020-05-18,2020-05-14,2020-05-18T22:08:38.000Z,,4,,,,4,4863,0,0,,xslF345X03/wf-form4_158983970016398.xml,FORM 4
0000003570-20-000072,2020-05-18,2020-05-14,2020-05-18T22:10:54.000Z,,4,,,,4,5606,0,0,,xslF345X03/wf-form4_158983983582337.xml,FORM 4
0000003570-20-000074,2020-05-18,2020-05-14,2020-05-18T22:14:42.000Z,,4,,,,4,4877,0,0,,xslF345X03/wf-form4_158984006340970.xml,FORM 4
0000003570-20-000076,2020-05-18,2020-05-14,2020-05-18T22:16:43.000Z,,4,,,,4,4894,0,0,,xslF345X03/wf-form4_158984018630306.xml,FORM 4
0000003570-20-000078,2020-05-18,2020-05-14,2020-05-18T22:19:08.000Z,,4,,,,4,4923,0,0,,xslF345X03/wf-form4_158984032824013.xml,FORM 4
0000003570-20-000080,2020-05-18,2020-05-14,2020-05-18T22:21:50.000Z,,4,,,,4,4909,0,0,,xslF345X03/wf-form4_158984049279647.xml,FORM 4
0000003570-20-000082,2020-05-18,2020-05-14,2020-05-18T22:23:45.000Z,,4,,,,4,4946,0,0,,xslF345X03/wf-form4_158984060817266.xml,FORM 4
0001193125-20-147321,2020-05-20,2020-05-14,2020-05-20T20:18:13.000Z,34,8-K,001-16383,20898347,"1.01,5.02,5.07,9.01",XBRL,541001,1,1,,d921754d8k.htm,8-K
0001193125-20-173340,2020-06-19,2020-06-18,2020-06-19T12:47:15.000Z,34,8-K,001-16383,20974364,"1.01,2.03,9.01",XBRL,1146707,1,1,,d949394d8k.htm,8-K
0000003570-20-000084,2020-07-06,2020-07-01,2020-07-06T23:51:48.000Z,,4,,,,4,4969,0,0,,xslF345X03/wf-form4_159407949444825.xml,FORM 4
0000003570-20-000086,2020-07-14,2020-07-01,2020-07-14T23:24:09.000Z,,4,,,,4,8071,0,0,,xslF345X03/wf-form4_159476903531616.xml,FORM 4
0001193125-20-192974,2020-07-15,2020-07-14,2020-07-15T11:39:33.000Z,34,8-K,001-16383,201028267,8.01,XBRL,154987,1,1,,d902005d8k.htm,8-K
0000899243-20-020810,2020-07-30,2020-07-28,2020-07-31T00:07:46.000Z,34,4,001-33366,201062754,,4,9577,0,0,,xslF345X03/doc4.xml,FORM 4 SUBMISSION
0001193125-20-205463,2020-07-30,,2020-07-31T13:51:59.000Z,,SC 13D/A,,,,SC 13D/A,70979,0,0,,d19167dsc13da.htm,SC 13D/A
0000003570-20-000088,2020-08-06,2020-06-30,2020-08-05T22:19:10.000Z,34,10-Q,001-16383,201078999,,XBRL,15093625,1,1,,cei2020form10q2ndqtr.htm,10-Q
0000003570-20-000091,2020-08-06,2020-08-06,2020-08-06T11:32:09.000Z,34,8-K,001-16383,201079836,"2.02,9.01",XBRL,689148,1,1,,cei2020form8k2ndqtrer.htm,8-K
0001193125-20-211418,2020-08-06,2020-08-04,2020-08-06T12:55:55.000Z,34,8-K,001-16383,201080112,"5.02,9.01",XBRL,237132,1,1,,d945470d8k.htm,8-K
0000003570-20-000095,2020-08-07,2020-08-06,2020-08-07T23:58:36.000Z,,3,,,,3,6940,0,0,,xslF345X02/wf-form3_159684469207330.xml,FORM 3
0001193125-20-221694,2020-08-17,2020-08-14,2020-08-17T11:15:31.000Z,34,8-K,001-16383,201107920,"1.01,9.01",XBRL,160694,1,1,,d60433d8k.htm,8-K
0000899243-20-022918,2020-08-19,2020-08-17,2020-08-19T20:15:27.000Z,34,4,001-33366,201117238,,4,10589,0,0,,xslF345X03/doc4.xml,FORM 4 SUBMISSION
0001193125-20-224707,2020-08-19,,2020-08-19T20:15:29.000Z,,SC 13D/A,,,,SC 13D/A,70485,0,0,,d35455dsc13da.htm,SC 13D/A
0000003570-20-000097,2020-08-20,2020-08-19,2020-08-21T00:28:26.000Z,,4,,,,4,5242,0,0,,xslF345X03/wf-form4_159796969310895.xml,FORM 4
0001193125-20-226076,2020-08-21,2020-08-20,2020-08-21T10:27:54.000Z,34,8-K,001-16383,201121427,"1.01,2.03,9.01",XBRL,167181,1,1,,d29567d8k.htm,8-K
0000003570-20-000099,2020-09-09,2020-09-09,2020-09-09T13:01:43.000Z,34,8-K,001-16383,201165636,"7.01,9.01",XBRL,2500761,1,1,,lng-20200909.htm,8-K
0001193125-20-244700,2020-09-14,2020-09-14,2020-09-14T11:31:56.000Z,34,8-K,001-16383,201172284,"7.01,9.01",XBRL,181705,1,1,,d99349d8k.htm,8-K
0001193125-20-246502,2020-09-16,2020-09-15,2020-09-16T01:45:02.000Z,34,8-K,001-16383,201177292,"1.01,7.01,9.01",XBRL,413260,1,1,,d39984d8k.htm,8-K
0001387131-20-008329,2020-09-16,,2020-09-16T10:23:53.000Z,34,SC 13G,005-46413,201177382,,SC 13G,61604,0,0,,lng-sc13g_091420.htm,ACQUISITION OF BENEFICIAL OWNERSHIP
0001193125-20-251363,2020-09-22,2020-09-22,2020-09-22T20:54:06.000Z,34,8-K,001-16383,201190030,"1.01,2.03,9.01",XBRL,1461809,1,1,,d436874d8k.htm,8-K
0000003570-20-000101,2020-09-30,2020-09-24,2020-09-29T23:10:53.000Z,34,8-K,001-16383,201210200,5.02,XBRL,260434,1,1,,lng-20200924.htm,8-K
0000899243-20-027842,2020-10-08,2020-09-28,2020-10-08T22:00:16.000Z,,3,,,,3,3465,0,0,,xslF345X02/doc3.xml,FORM 3 SUBMISSION
0000003570-20-000103,2020-11-06,2020-09-30,2020-11-05T22:45:25.000Z,34,10-Q,001-16383,201291748,,XBRL,14595844,1,1,,lng-20200930.htm,10-Q
0000003570-20-000106,2020-11-06,2020-11-06,2020-11-06T13:02:42.000Z,34,8-K,001-16383,201292460,"2.02,9.01",XBRL,600091,1,1,,lng-20201106.htm,8-K
0000003570-20-000108,2020-12-03,2020-12-01,2020-12-03T22:12:50.000Z,,4,,,,4,4956,0,0,,xslF345X03/wf-form4_160703353746143.xml,FORM 4
0001567619-20-020710,2020-12-07,,2020-12-07T22:02:05.000Z,33,144,001-16383,201373331,,144,68387,0,0,,form144.htm,FORM 144
0000003570-20-000110,2020-12-08,2020-12-04,2020-12-08T23:46:19.000Z,,4,,,,4,6612,0,0,,xslF345X03/wf-form4_160747116387082.xml,FORM 4
0000928464-20-000086,2020-12-11,,2020-12-11T22:20:26.000Z,34,SC 13D/A,005-46413,201384427,,SC 13D/A,75782,0,0,,lngsc13da12112020.htm,
0000003570-20-000113,2020-12-15,2020-12-11,2020-12-15T23:18:11.000Z,,4,,,,4,4715,0,0,,xslF345X03/wf-form4_160807427812161.xml,FORM 4
0000003570-21-000002,2021-01-06,2020-12-22,2021-01-06T23:20:00.000Z,,4,,,,4,6276,0,0,,xslF345X03/wf-form4_160997518468586.xml,FORM 4
0000834237-21-002928,2021-01-29,,2021-01-28T22:55:50.000Z,34,SC 13G/A,005-46413,21566771,,SC 13G/A,13861,0,0,,us16411r2085_012821.txt,
0001104659-21-017739,2021-02-10,,2021-02-10T15:46:44.000Z,34,SC 13G/A,005-46413,21610361,,SC 13G/A,14117,0,0,,tv0525-cheniereenergyinc.htm,SCHEDULE 13G/A
0001140361-21-004065,2021-02-10,,2021-02-10T18:21:58.000Z,34,SC 13G/A,005-46413,21612770,,SC 13G/A,65301,0,0,,brhc10020037_sc13ga.htm,SC 13G/A
0000312069-21-000034,2021-02-11,,2021-02-11T20:56:26.000Z,34,SC 13G/A,005-46413,21619436,,SC 13G/A,15972,0,0,,LNGSC13G0221.txt,
0000003570-21-000006,2021-02-12,2021-02-10,2021-02-12T23:03:15.000Z,,3,,,,3,6535,0,0,,xslF345X02/wf-form3_161317096612570.xml,FORM 3
0000003570-21-000013,2021-02-12,2021-02-10,2021-02-12T23:15:08.000Z,,4,,,,4,8068,0,0,,xslF345X03/wf-form4_161317169373041.xml,FORM 4
0000003570-21-000014,2021-02-12,2021-02-10,2021-02-12T23:33:55.000Z,,4,,,,4,6475,0,0,,xslF345X03/wf-form4_161317280966345.xml,FORM 4
0000003570-21-000015,2021-02-12,2021-02-10,2021-02-12T23:35:09.000Z,,4,,,,4,6463,0,0,,xslF345X03/wf-form4_161317287576268.xml,FORM 4
0000003570-21-000016,2021-02-12,2021-02-10,2021-02-12T23:36:05.000Z,,4,,,,4,6530,0,0,,xslF345X03/wf-form4_161317294768646.xml,FORM 4
0000003570-21-000017,2021-02-12,2021-02-10,2021-02-12T23:37:03.000Z,,4,,,,4,10416,0,0,,xslF345X03/wf-form4_161317300414635.xml,FORM 4
0000003570-21-000018,2021-02-12,2021-02-10,2021-02-12T23:38:05.000Z,,4,,,,4,6467,0,0,,xslF345X03/wf-form4_161317306638400.xml,FORM 4
0000003570-21-000019,2021-02-12,2021-02-10,2021-02-12T23:39:06.000Z,,4,,,,4,9439,0,0,,xslF345X03/wf-form4_161317312822620.xml,FORM 4
0000003570-21-000021,2021-02-16,2021-02-10,2021-02-16T13:01:22.000Z,34,8-K,001-16383,21632642,5.02,XBRL,253963,1,1,,lng-20210210.htm,8-K
0000003570-21-000028,2021-02-16,2021-02-11,2021-02-16T23:31:04.000Z,,4,,,,4,9545,0,0,,xslF345X03/wf-form4_161351823752858.xml,FORM 4
0000003570-21-000029,2021-02-16,2021-02-11,2021-02-16T23:32:22.000Z,,4,,,,4,9537,0,0,,xslF345X03/wf-form4_161351829931948.xml,FORM 4
0000003570-21-000030,2021-02-16,2021-02-11,2021-02-16T23:33:09.000Z,,4,,,,4,9605,0,0,,xslF345X03/wf-form4_161351837110035.xml,FORM 4
0000003570-21-000031,2021-02-16,2021-02-11,2021-02-16T23:34:13.000Z,,4,,,,4,9542,0,0,,xslF345X03/wf-form4_161351842588518.xml,FORM 4
0000003570-21-000032,2021-02-16,2021-02-11,2021-02-16T23:35:48.000Z,,4,,,,4,13490,0,0,,xslF345X03/wf-form4_161351851927999.xml,FORM 4
0000003570-21-000033,2021-02-16,2021-02-11,2021-02-16T23:36:36.000Z,,4,,,,4,12515,0,0,,xslF345X03/wf-form4_161351857761293.xml,FORM 4
0000003570-21-000039,2021-02-24,2020-12-31,2021-02-24T00:37:46.000Z,34,10-K,001-16383,21667840,,XBRL,22765689,1,1,,lng-20201231.htm,10-K
0000003570-21-000042,2021-02-24,2021-02-24,2021-02-24T13:02:07.000Z,34,8-K,001-16383,21668546,"2.02,9.01",XBRL,571577,1,1,,lng-20210224.htm,8-K
0001193125-21-060968,2021-02-26,2021-02-25,2021-02-26T22:12:26.000Z,34,8-K,001-16383,21690993,"1.01,8.01,9.01",XBRL,159626,1,1,,d133787d8k.htm,8-K
0001193125-21-077912,2021-03-11,2021-03-11,2021-03-11T21:53:06.000Z,34,8-K,001-16383,21733955,"1.01,2.03,8.01,9.01",XBRL,164816,1,1,,d146054d8k.htm,8-K
0000003570-21-000044,2021-03-18,2021-03-16,2021-03-18T23:08:44.000Z,,4,,,,4,7074,0,0,,xslF345X03/wf-form4_161610890655524.xml,FORM 4
0001193125-21-111571,2021-04-09,2021-05-13,2021-04-09T20:07:56.000Z,34,DEF 14A,001-16383,21817900,,DEF 14A,3266523,0,0,,d154890ddef14a.htm,DEF 14A
0000003570-21-000046,2021-05-04,2021-03-31,2021-05-03T21:33:34.000Z,34,10-Q,001-16383,21884911,,XBRL,12752657,1,1,,lng-20210331.htm,10-Q
0000003570-21-000049,2021-05-04,2021-05-04,2021-05-04T12:02:12.000Z,34,8-K,001-16383,21886058,"2.02,9.01",XBRL,508263,1,1,,lng-20210504.htm,8-K
0000003570-21-000059,2021-05-17,2021-05-13,2021-05-17T20:01:34.000Z,34,8-K,001-16383,21930203,5.07,XBRL,271384,1,1,,lng-20210513.htm,8-K
0000003570-21-000060,2021-05-17,2021-05-13,2021-05-17T21:25:00.000Z,,4,,,,4,4909,0,0,,xslF345X03/wf-form4_162128665725936.xml,FORM 4
0000003570-21-000061,2021-05-17,2021-05-13,2021-05-17T21:27:16.000Z,,4,,,,4,8070,0,0,,xslF345X03/wf-form4_162128681882246.xml,FORM 4
0000003570-21-000062,2021-05-17,2021-05-13,2021-05-17T21:28:19.000Z,,4,,,,4,4863,0,0,,xslF345X03/wf-form4_162128687984266.xml,FORM 4
0000003570-21-000063,2021-05-17,2021-05-13,2021-05-17T21:29:50.000Z,,4,,,,4,4894,0,0,,xslF345X03/wf-form4_162128696311590.xml,FORM 4
0000003570-21-000064,2021-05-17,2021-05-13,2021-05-17T21:33:49.000Z,,4,,,,4,4946,0,0,,xslF345X03/wf-form4_162128721165481.xml,FORM 4
0000003570-21-000065,2021-05-17,2021-05-13,2021-05-17T21:34:38.000Z,,4,,,,4,5606,0,0,,xslF345X03/wf-form4_162128726426541.xml,FORM 4
0000003570-21-000066,2021-05-17,2021-05-13,2021-05-17T21:35:26.000Z,,4,,,,4,5577,0,0,,xslF345X03/wf-form4_162128731240005.xml,FORM 4
0000003570-21-000067,2021-05-17,2021-05-13,2021-05-17T21:36:22.000Z,,4,,,,4,5109,0,0,,xslF345X03/wf-form4_162128736272534.xml,FORM 4
0001193125-21-176899,2021-05-28,,2021-05-28T20:02:00.000Z,33,S-4,333-256604,21980040,,S-4,1227280,0,0,,d185951ds4.htm,S-4
0000000000-21-006905,2021-06-03,,2021-06-03T20:30:05.000Z,,UPLOAD,,,,LETTER,40492,0,0,,filename1.pdf,
0001193125-21-183139,2021-06-04,,2021-06-04T21:17:36.000Z,,CORRESP,,,,CORRESP,5902,0,0,,filename1.htm,
0001193125-21-183158,2021-06-04,,2021-06-04T21:21:28.000Z,,CORRESP,,,,CORRESP,50549,0,0,,filename1.htm,
0001193125-21-185417,2021-06-08,,2021-06-08T20:14:25.000Z,33,424B3,333-256604,211002305,,424B3,739539,0,0,,d185951d424b3.htm,424B3
9999999995-21-002262,2021-06-08,,2021-06-09T04:15:11.000Z,33,EFFECT,333-256604,211003865,"S-4,,2021-06-08 16:00:00",EFFECT,1998,0,0,,xslEFFECTX01/primary_doc.xml,
0000003570-21-000071,2021-06-21,2021-06-16,2021-06-21T21:04:21.000Z,,4,,,,4,5243,0,0,,xslF345X03/wf-form4_162430943165851.xml,FORM 4
0000003570-21-000074,2021-07-01,2021-07-01,2021-07-01T20:32:42.000Z,34,8-K,001-16383,211066313,"5.02,7.01,9.01",XBRL,269718,1,1,,lng-20210701.htm,8-K
0000003570-21-000077,2021-07-06,2021-07-01,2021-07-06T21:10:13.000Z,,3,,,,3,6761,0,0,,xslF345X02/wf-form3_162560579827735.xml,FORM 3
0000003570-21-000079,2021-07-06,2021-07-01,2021-07-06T21:14:28.000Z,,4,,,,4,5133,0,0,,xslF345X03/wf-form4_162560602785560.xml,FORM 4
0000003570-21-000080,2021-07-06,2021-07-01,2021-07-06T21:17:30.000Z,,3,,,,3,7129,0,0,,xslF345X02/wf-form3_162560619989795.xml,FORM 3
0000003570-21-000082,2021-07-06,2021-07-01,2021-07-06T21:20:21.000Z,,4,,,,4,4915,0,0,,xslF345X03/wf-form4_162560640011901.xml,FORM 4
0000003570-21-000086,2021-07-06,2021-07-01,2021-07-06T22:16:57.000Z,,4,,,,4,4924,0,0,,xslF345X03/wf-form4_162560980286023.xml,FORM 4
0000003570-21-000087,2021-07-06,2021-07-01,2021-07-06T22:18:38.000Z,,4,,,,4,4957,0,0,,xslF345X03/wf-form4_162560990376569.xml,FORM 4
0000003570-21-000088,2021-07-06,2021-07-01,2021-07-06T22:19:57.000Z,,4,,,,4,4969,0,0,,xslF345X03/wf-form4_162560998163436.xml,FORM 4
0000003570-21-000091,2021-07-08,2021-07-08,2021-07-08T12:03:32.000Z,34,8-K,001-16383,211078990,7.01,XBRL,245153,1,1,,lng-20210708.htm,8-K
0000003570-21-000094,2021-08-05,2021-06-30,2021-08-04T21:54:01.000Z,34,10-Q,001-16383,211145403,,XBRL,13651735,1,1,,lng-20210630.htm,10-Q
0000003570-21-000096,2021-08-05,2021-08-05,2021-08-05T12:02:09.000Z,34,8-K,001-16383,211146407,"2.02,9.01",XBRL,560245,1,1,,lng-20210805.htm,8-K
0001628280-21-016101,2021-08-06,2021-08-04,2021-08-06T20:46:36.000Z,,4,,,,4,4924,0,0,,xslF345X03/wf-form4_162828277860268.xml,FORM 4
0000003570-21-000098,2021-08-13,2021-08-11,2021-08-13T12:36:24.000Z,34,8-K,001-16383,211169858,"5.02,9.01",XBRL,266292,1,1,,lng-20210811.htm,8-K
0001193125-21-247104,2021-08-16,2021-08-16,2021-08-16T13:26:03.000Z,34,8-K,001-16383,211174968,"7.01,9.01",XBRL,191390,1,1,,d192809d8k.htm,8-K
0001193125-21-249275,2021-08-17,2021-08-17,2021-08-17T21:05:08.000Z,34,8-K,001-16383,211183612,"7.01,9.01",XBRL,170730,1,1,,d215682d8k.htm,8-K
0001193125-21-252814,2021-08-20,2021-08-17,2021-08-20T20:38:39.000Z,34,8-K,001-16383,211194311,"1.01,9.01",XBRL,163791,1,1,,d196601d8k.htm,8-K
0001193125-21-255141,2021-08-24,2021-08-24,2021-08-24T20:47:01.000Z,34,8-K,001-16383,211202694,"1.01,2.03,9.01",XBRL,174169,1,1,,d198558d8k.htm,8-K
0000003570-21-000100,2021-08-27,2021-08-27,2021-08-27T21:12:03.000Z,,4,,,,4,5104,0,0,,xslF345X03/wf-form4_163009870919398.xml,FORM 4
0000003570-21-000102,2021-09-07,2021-09-07,2021-09-07T20:47:26.000Z,34,8-K,001-16383,211239826,"7.01,9.01",XBRL,5924776,1,1,,lng-20210907.htm,8-K
0001193125-21-270948,2021-09-13,2021-09-13,2021-09-13T12:24:02.000Z,34,8-K,001-16383,211248694,"7.01,9.01",XBRL,192842,1,1,,d215961d8k.htm,8-K
0001193125-21-272273,2021-09-14,2021-09-13,2021-09-14T12:21:33.000Z,34,8-K,001-16383,211251273,"1.01,7.01,9.01",XBRL,154393,1,1,,d228946d8k.htm,8-K
0001193125-21-284290,2021-09-27,2021-09-27,2021-09-27T21:09:56.000Z,34,8-K,001-16383,211282633,"1.01,2.03,8.01,9.01",XBRL,164638,1,1,,d777735d8k.htm,8-K
0001193125-21-289811,2021-10-01,2021-09-27,2021-10-01T20:55:03.000Z,34,8-K,001-16383,211299669,"8.01,9.01",XBRL,150693,1,1,,d235143d8k.htm,8-K
0001193125-21-314609,2021-11-01,2021-10-28,2021-11-01T12:31:05.000Z,34,8-K,001-16383,211365405,"1.01,2.03,9.01",XBRL,1280528,1,1,,d232149d8k.htm,8-K
0000003570-21-000105,2021-11-04,2021-09-30,2021-11-03T21:34:05.000Z,34,10-Q,001-16383,211376787,,XBRL,14226331,1,1,,lng-20210930.htm,10-Q
0000003570-21-000108,2021-11-04,2021-11-04,2021-11-04T12:02:51.000Z,34,8-K,001-16383,211378099,"2.02,9.01",XBRL,602768,1,1,,lng-20211104.htm,8-K
0000003570-21-000110,2021-12-03,2021-12-01,2021-12-03T22:39:23.000Z,,4,,,,4,4956,0,0,,xslF345X03/wf-form4_163857115005153.xml,FORM 4
0000003570-21-000112,2021-12-06,2021-12-06,2021-12-06T13:45:44.000Z,34,8-K,001-16383,211472155,8.01,XBRL,245700,1,1,,lng-20211206.htm,8-K
0001193125-21-357936,2021-12-15,2021-12-15,2021-12-15T21:18:02.000Z,34,8-K,001-16383,211494402,8.01,XBRL,146680,1,1,,d26635d8k.htm,8-K
0000003570-21-000116,2021-12-22,2021-12-21,2021-12-22T22:06:56.000Z,34,8-K,001-16383,211513974,5.02,XBRL,245084,1,1,,lng-20211221.htm,8-K
0000003570-21-000118,2021-12-30,2021-12-29,2021-12-30T23:25:19.000Z,,4,,,,4,5512,0,0,,xslF345X03/wf-form4_164090670545559.xml,FORM 4
0000003570-22-000002,2022-01-05,2022-01-03,2022-01-05T22:41:29.000Z,,4,,,,4,6620,0,0,,xslF345X03/wf-form4_164142247556078.xml,FORM 4
0000003570-22-000004,2022-01-25,2022-01-25,2022-01-25T21:22:42.000Z,34,8-K,001-16383,22554145,"7.01,9.01",XBRL,262649,1,1,,lng-20220125.htm,8-K
0000834237-22-004093,2022-02-01,,2022-01-31T22:59:30.000Z,34,SC 13G/A,005-46413,22575837,,SC 13G/A,13859,0,0,,us16411r2085_012822.txt,
0001104659-22-016801,2022-02-09,,2022-02-09T20:33:36.000Z,34,SC 13G/A,005-46413,22606753,,SC 13G/A,13247,0,0,,tv0572-cheniereenergyinc.htm,SCHEDULE 13G/A
0000003570-22-000007,2022-02-11,2022-02-09,2022-02-11T22:35:51.000Z,,4,,,,4,6468,0,0,,xslF345X03/wf-form4_164461893284510.xml,FORM 4
0000003570-22-000008,2022-02-11,2022-02-09,2022-02-11T22:37:17.000Z,,4,,,,4,6475,0,0,,xslF345X03/wf-form4_164461901844291.xml,FORM 4
0000003570-22-000015,2022-02-14,2022-02-10,2022-02-15T00:45:02.000Z,,4,,,,4,9539,0,0,,xslF345X03/wf-form4_164488588216953.xml,FORM 4
0000003570-22-000016,2022-02-14,2022-02-10,2022-02-15T00:46:20.000Z,,4,,,,4,9608,0,0,,xslF345X03/wf-form4_164488594537706.xml,FORM 4
0000003570-22-000017,2022-02-14,2022-02-10,2022-02-15T00:48:13.000Z,,4,,,,4,9544,0,0,,xslF345X03/wf-form4_164488607126845.xml,FORM 4
0000003570-22-000018,2022-02-14,2022-02-10,2022-02-15T00:50:03.000Z,,4,,,,4,9509,0,0,,xslF345X03/wf-form4_164488617138442.xml,FORM 4
0000003570-22-000019,2022-02-14,2022-02-10,2022-02-15T00:51:59.000Z,,4,,,,4,14392,0,0,,xslF345X03/wf-form4_164488629675271.xml,FORM 4
0000003570-22-000020,2022-02-14,2022-02-10,2022-02-15T00:53:17.000Z,,4,,,,4,9547,0,0,,xslF345X03/wf-form4_164488636196619.xml,FORM 4
0000003570-22-000024,2022-02-24,2021-12-31,2022-02-24T02:37:19.000Z,34,10-K,001-16383,22666205,,XBRL,26099708,1,1,,lng-20211231.htm,10-K
0000003570-22-000025,2022-02-24,2022-02-24,2022-02-24T12:02:08.000Z,34,8-K,001-16383,22666468,"2.02,9.01",XBRL,592507,1,1,,lng-20220224.htm,8-K
0000003570-22-000027,2022-02-25,2022-02-22,2022-02-25T13:30:22.000Z,34,8-K,001-16383,22674609,5.02,XBRL,247860,1,1,,lng-20220222.htm,8-K
0001539497-22-000548,2022-03-01,,2022-03-01T21:53:23.000Z,34,SC 13D/A,005-46413,22699185,,SC 13D/A,90097,0,0,,n2779_x31-sc13da.htm,AMENDMENT NO. 13 TO SCHEDULE 13D
0000003570-22-000029,2022-03-07,2022-03-01,2022-03-07T13:32:06.000Z,34,8-K,001-16383,22716371,1.01,XBRL,266592,1,1,,lng-20220301.htm,8-K
0001539497-22-000584,2022-03-08,,2022-03-08T22:06:58.000Z,34,SC 13D/A,005-46413,22722645,,SC 13D/A,96321,0,0,,n2779_x33-sc13da.htm,AMENDMENT NO. 14 TO SCHEDULE 13D
0000003570-22-000031,2022-03-08,2022-02-28,2022-03-08T22:23:29.000Z,,3,,,,3,7102,0,0,,xslF345X02/wf-form3_164677819451095.xml,FORM 3
0000003570-22-000035,2022-03-25,2022-03-23,2022-03-25T20:01:30.000Z,34,8-K,001-16383,22771311,5.02,XBRL,245394,1,1,,lng-20220323.htm,8-K
0000003570-22-000037,2022-04-01,2022-03-31,2022-04-01T21:27:06.000Z,,4,,,,4,5110,0,0,,xslF345X03/wf-form4_164884840594725.xml,FORM 4
0000003570-22-000039,2022-04-05,2022-04-05,2022-04-05T21:09:40.000Z,34,8-K,001-16383,22808036,5.02,XBRL,245467,1,1,,lng-20220405.htm,8-K
0000003570-22-000041,2022-04-07,2022-04-05,2022-04-07T21:11:46.000Z,,3,,,,3,6817,0,0,,xslF345X02/wf-form3_164936588470845.xml,FORM 3
0001193125-22-100387,2022-04-08,2022-05-12,2022-04-08T20:29:57.000Z,34,DEF 14A,001-16383,22817378,,DEF 14A,3328840,0,0,,d238252ddef14a.htm,DEF 14A
0000003570-22-000043,2022-04-26,2022-04-26,2022-04-26T20:34:17.000Z,34,8-K,001-16383,22854849,"7.01,9.01",XBRL,262793,1,1,,lng-20220426.htm,8-K
0000003570-22-000046,2022-05-04,2022-03-31,2022-05-03T22:18:28.000Z,34,10-Q,001-16383,22888764,,XBRL,19888461,1,1,,lng-20220331.htm,10-Q
0000003570-22-000047,2022-05-04,2022-05-04,2022-05-04T11:30:17.000Z,34,8-K,001-16383,22889833,"2.02,9.01",XBRL,494869,1,1,,lng-20220504.htm,8-K
0000003570-22-000049,2022-05-13,2022-05-11,2022-05-13T21:30:27.000Z,,4,,,,4,6499,0,0,,xslF345X03/wf-form4_165247736208716.xml,FORM 4
0000003570-22-000058,2022-05-16,2022-05-12,2022-05-16T21:17:58.000Z,,4,,,,4,4863,0,0,,xslF345X03/wf-form4_165273560786586.xml,FORM 4
0000003570-22-000059,2022-05-16,2022-05-12,2022-05-16T21:19:28.000Z,,4,,,,4,8173,0,0,,xslF345X03/wf-form4_165273592441984.xml,FORM 4
0000003570-22-000061,2022-05-16,2022-05-12,2022-05-16T21:22:32.000Z,,4,,,,4,4918,0,0,,xslF345X03/wf-form4_165273612846682.xml,FORM 4
0000003570-22-000062,2022-05-16,2022-05-12,2022-05-16T21:24:20.000Z,,4,,,,4,4978,0,0,,xslF345X03/wf-form4_165273617773883.xml,FORM 4
0000003570-22-000063,2022-05-16,2022-05-12,2022-05-16T21:25:18.000Z,,4,,,,4,5606,0,0,,xslF345X03/wf-form4_165273628718684.xml,FORM 4
0000003570-22-000064,2022-05-16,2022-05-12,2022-05-16T21:29:34.000Z,,4,,,,4,5235,0,0,,xslF345X03/wf-form4_165273634797032.xml,FORM 4
0000003570-22-000065,2022-05-16,2022-05-12,2022-05-16T21:33:57.000Z,,4,,,,4,4909,0,0,,xslF345X03/wf-form4_165273662257430.xml,FORM 4
0000003570-22-000067,2022-05-17,2022-05-12,2022-05-17T20:24:06.000Z,34,8-K,001-16383,22934882,5.07,XBRL,272436,1,1,,lng-20220512.htm,8-K
0001193125-22-174334,2022-06-15,2022-06-14,2022-06-15T12:15:32.000Z,34,8-K,001-16383,221016657,"1.01,8.01,9.01",XBRL,232933,1,1,,d332391d8k.htm,8-K
0000003570-22-000072,2022-06-21,2022-06-21,2022-06-21T20:39:54.000Z,34,8-K,001-16383,221028651,5.02,XBRL,245139,1,1,,lng-20220621.htm,8-K
0001193125-22-178180,2022-06-22,2022-06-15,2022-06-22T11:39:38.000Z,34,8-K,001-16383,221030006,"1.01,2.03,7.01,8.01,9.01",XBRL,5368154,1,1,,d341283d8k.htm,8-K
0000003570-22-000075,2022-07-06,2022-07-01,2022-07-06T21:40:12.000Z,,4,,,,4,4925,0,0,,xslF345X03/wf-form4_165714359809177.xml,FORM 4
0000003570-22-000076,2022-07-06,2022-07-01,2022-07-06T21:40:52.000Z,,4,,,,4,4958,0,0,,xslF345X03/wf-form4_165714363904737.xml,FORM 4
0000003570-22-000078,2022-07-26,2022-07-26,2022-07-26T20:50:08.000Z,34,8-K,001-16383,221107667,"7.01,9.01",XBRL,263645,1,1,,lng-20220726.htm,8-K
0000003570-22-000080,2022-08-04,2022-06-30,2022-08-03T22:41:33.000Z,34,10-Q,001-16383,221134099,,XBRL,13312261,1,1,,lng-20220630.htm,10-Q
0000003570-22-000082,2022-08-04,2022-08-04,2022-08-04T11:31:50.000Z,34,8-K,001-16383,221134710,"2.02,9.01",XBRL,563656,1,1,,lng-20220804.htm,8-K
0000003570-22-000084,2022-08-05,2022-08-04,2022-08-05T20:30:57.000Z,,4,,,,4,4925,0,0,,xslF345X03/wf-form4_165973142377809.xml,FORM 4
0000003570-22-000086,2022-08-17,2022-08-15,2022-08-17T21:20:46.000Z,,4,,,,4,4943,0,0,,xslF345X03/wf-form4_166077122636447.xml,FORM 4
0000003570-22-000088,2022-08-19,2022-08-18,2022-08-19T21:10:50.000Z,,4,,,,4,4680,0,0,,xslF345X03/wf-form4_166094343424081.xml,FORM 4
0000003570-22-000090,2022-08-24,2022-08-23,2022-08-24T22:02:32.000Z,,4,,,,4,4732,0,0,,xslF345X03/wf-form4_166137853499664.xml,FORM 4
0000003570-22-000092,2022-08-29,2022-08-27,2022-08-29T22:04:28.000Z,,4,,,,4,4925,0,0,,xslF345X03/wf-form4_166181065375468.xml,FORM 4
0001193125-22-242865,2022-09-12,2022-09-12,2022-09-12T20:08:10.000Z,34,8-K,001-16383,221238646,"7.01,9.01",XBRL,9263321,1,1,,d152084d8k.htm,8-K
0001193125-22-248087,2022-09-21,2022-09-21,2022-09-21T12:35:32.000Z,34,8-K,001-16383,221255070,"5.02,7.01,9.01",XBRL,181485,1,1,,d295286d8k.htm,8-K
0000003570-22-000099,2022-10-03,2022-10-03,2022-10-03T20:18:16.000Z,34,8-K,001-16383,221287707,"5.02,7.01,9.01",XBRL,265300,1,1,,lng-20221003.htm,8-K
0000003570-22-000101,2022-10-05,2022-10-03,2022-10-05T21:04:31.000Z,,3,,,,3,6553,0,0,,xslF345X02/wf-form3_166500384965635.xml,FORM 3
0000003570-22-000103,2022-10-05,2022-10-03,2022-10-05T21:08:04.000Z,,4,,,,4,4894,0,0,,xslF345X03/wf-form4_166500406655259.xml,FORM 4
0000003570-22-000106,2022-11-03,2022-09-30,2022-11-02T22:49:01.000Z,34,10-Q,001-16383,221355615,,XBRL,13784482,1,1,,lng-20220930.htm,10-Q
0000003570-22-000107,2022-11-03,2022-11-03,2022-11-03T11:32:18.000Z,34,8-K,001-16383,221356240,"2.02,9.01",XBRL,562013,1,1,,lng-20221103.htm,8-K
0001193125-22-285278,2022-11-15,2022-11-14,2022-11-15T12:55:02.000Z,34,8-K,001-16383,221389421,"1.01,7.01,9.01",XBRL,152616,1,1,,d303700d8k.htm,8-K
0000003570-22-000109,2022-11-17,2022-11-15,2022-11-17T22:20:53.000Z,,4,,,,4,4943,0,0,,xslF345X03/wf-form4_166872363577924.xml,FORM 4
0001193125-22-294423,2022-11-29,2022-11-29,2022-11-29T22:03:33.000Z,34,8-K,001-16383,221433466,"1.01,2.03,9.01",XBRL,158317,1,1,,d263110d8k.htm,8-K
0001193125-22-298093,2022-12-05,2022-12-05,2022-12-05T14:42:04.000Z,34,8-K,001-16383,221443948,"7.01,9.01",XBRL,184370,1,1,,d390913d8k.htm,8-K
0000003570-22-000111,2022-12-05,2022-12-01,2022-12-05T22:45:04.000Z,,4,,,,4,4956,0,0,,xslF345X03/wf-form4_167028028012440.xml,FORM 4
0001193125-22-302336,2022-12-12,2022-12-09,2022-12-12T13:40:44.000Z,34,8-K,001-16383,221456263,"7.01,9.01",XBRL,203700,1,1,,d410328d8k.htm,8-K
0001193125-22-305960,2022-12-15,2022-12-15,2022-12-15T21:42:23.000Z,34,8-K,001-16383,221465352,8.01,XBRL,148993,1,1,,d428963d8k.htm,8-K
0000003570-22-000121,2022-12-30,2022-12-28,2022-12-30T21:01:18.000Z,34,8-K,001-16383,221501981,5.02,XBRL,244674,1,1,,lng-20221228.htm,8-K
0000003570-22-000122,2022-12-30,2022-12-28,2022-12-30T21:05:52.000Z,,4,,,,4,18019,0,0,,xslF345X03/wf-form4_167243433060561.xml,FORM 4
0000003570-22-000123,2022-12-30,2022-12-28,2022-12-30T21:08:49.000Z,,4,,,,4,14772,0,0,,xslF345X03/wf-form4_167243451496321.xml,FORM 4
0000003570-22-000124,2022-12-30,2022-12-28,2022-12-30T21:10:55.000Z,,4,,,,4,14833,0,0,,xslF345X03/wf-form4_167243463936835.xml,FORM 4
0000003570-22-000125,2022-12-30,2022-12-28,2022-12-30T21:12:53.000Z,,4,,,,4,17807,0,0,,xslF345X03/wf-form4_167243475850615.xml,FORM 4
0000003570-23-000002,2023-01-05,2023-01-03,2023-01-05T22:30:45.000Z,,4,,,,4,6620,0,0,,xslF345X03/wf-form4_167295782916190.xml,FORM 4
0000003570-23-000005,2023-01-12,2023-01-02,2023-01-12T22:11:21.000Z,,3,,,,3,10728,0,0,,xslF345X02/wf-form3_167356146554248.xml,FORM 3
0000003570-23-000007,2023-01-27,2023-01-27,2023-01-27T13:03:25.000Z,34,8-K,001-16383,23559702,"7.01,9.01",XBRL,263932,1,1,,lng-20230127.htm,8-K
0001306550-23-007798,2023-02-03,,2023-02-03T21:28:00.000Z,34,SC 13G/A,005-46413,23586406,,SC 13G/A,13859,0,0,,us16411r2085_020323.txt,
0001104659-23-015615,2023-02-09,,2023-02-09T16:12:43.000Z,34,SC 13G/A,005-46413,23602712,,SC 13G/A,13252,0,0,,tv0569-cheniereenergyinc.htm,SCHEDULE 13G/A
0000003570-23-000009,2023-02-10,2023-02-08,2023-02-10T22:34:27.000Z,,4,,,,4,6457,0,0,,xslF345X03/wf-form4_167606841546775.xml,FORM 4
0000003570-23-000016,2023-02-13,2023-02-09,2023-02-14T01:22:33.000Z,,4,,,,4,9019,0,0,,xslF345X03/wf-form4_167633773434553.xml,FORM 4
0000003570-23-000017,2023-02-13,2023-02-09,2023-02-14T01:23:52.000Z,,4,,,,4,5744,0,0,,xslF345X03/wf-form4_167633778269271.xml,FORM 4
0000003570-23-000018,2023-02-13,2023-02-09,2023-02-14T01:24:37.000Z,,4,,,,4,5779,0,0,,xslF345X03/wf-form4_167633786134326.xml,FORM 4
0000003570-23-000019,2023-02-13,2023-02-09,2023-02-14T01:26:05.000Z,,4,,,,4,5767,0,0,,xslF345X03/wf-form4_167633794775804.xml,FORM 4
0000003570-23-000020,2023-02-13,2023-02-09,2023-02-14T01:27:14.000Z,,4,,,,4,5843,0,0,,xslF345X03/wf-form4_167633801856107.xml,FORM 4
0000003570-23-000021,2023-02-13,2023-02-09,2023-02-14T01:28:15.000Z,,4,,,,4,5769,0,0,,xslF345X03/wf-form4_167633807876859.xml,FORM 4
0000003570-23-000029,2023-02-14,2023-02-10,2023-02-15T02:28:24.000Z,,4,,,,4,22778,0,0,,xslF345X03/wf-form4_167642805584009.xml,FORM 4
0000003570-23-000030,2023-02-14,2023-02-10,2023-02-15T02:29:58.000Z,,4,,,,4,22720,0,0,,xslF345X03/wf-form4_167642818087434.xml,FORM 4
0000003570-23-000031,2023-02-14,2023-02-10,2023-02-15T02:31:22.000Z,,4,,,,4,7744,0,0,,xslF345X03/wf-form4_167642825583860.xml,FORM 4
0000003570-23-000032,2023-02-14,2023-02-10,2023-02-15T02:33:06.000Z,,4,,,,4,25974,0,0,,xslF345X03/wf-form4_167642835984767.xml,FORM 4
0000003570-23-000033,2023-02-14,2023-02-10,2023-02-15T02:34:05.000Z,,4,,,,4,22580,0,0,,xslF345X03/wf-form4_167642842930007.xml,FORM 4
0000003570-23-000034,2023-02-14,2023-02-10,2023-02-15T02:35:06.000Z,,4,,,,4,22699,0,0,,xslF345X03/wf-form4_167642849048851.xml,FORM 4
0000003570-23-000035,2023-02-15,2023-02-15,2023-02-15T13:01:16.000Z,34,8-K,001-16383,23633650,"5.02,9.01",XBRL,286485,1,1,,lng-20230215.htm,8-K
0000003570-23-000037,2023-02-17,2023-02-15,2023-02-17T22:09:45.000Z,,4,,,,4,4942,0,0,,xslF345X03/wf-form4_167667175477989.xml,FORM 4
0000003570-23-000042,2023-02-23,2022-12-31,2023-02-23T00:49:28.000Z,34,10-K,001-16383,23655480,,XBRL,21556380,1,1,,lng-20221231.htm,10-K
0000003570-23-000043,2023-02-23,2023-02-23,2023-02-23T12:32:18.000Z,34,8-K,001-16383,23655943,"2.02,9.01",XBRL,568486,1,1,,lng-20230223.htm,8-K
0000003570-23-000045,2023-04-05,2023-04-04,2023-04-05T20:04:08.000Z,34,8-K,001-16383,23802461,5.02,XBRL,229916,1,1,,lng-20230404.htm,8-K
0001193125-23-095758,2023-04-10,,2023-04-10T10:08:51.000Z,34,DEF 14A,001-16383,23809618,,XBRL,6836098,1,1,,d421521ddef14a.htm,DEF 14A
0001193125-23-095767,2023-04-10,2022-12-31,2023-04-10T10:12:03.000Z,34,ARS,001-16383,23809626,,ARS,14027509,0,0,,d389375dars.pdf,ARS
0000899243-23-011274,2023-04-14,2023-04-04,2023-04-14T20:30:11.000Z,,3,,,,3,3425,0,0,,xslF345X02/doc3.xml,FORM 3 SUBMISSION
0000003570-23-000047,2023-04-28,2023-04-28,2023-04-28T12:04:35.000Z,34,8-K,001-16383,23860292,"7.01,9.01",XBRL,263712,1,1,,lng-20230428.htm,8-K
0000003570-23-000050,2023-05-02,2023-03-31,2023-05-01T23:00:10.000Z,34,10-Q,001-16383,23875856,,XBRL,11504799,1,1,,lng-20230331.htm,10-Q
0000003570-23-000051,2023-05-02,2023-05-02,2023-05-02T11:31:25.000Z,34,8-K,001-16383,23876622,"2.02,9.01",XBRL,501453,1,1,,lng-20230502.htm,8-K
0000000000-23-004511,2023-05-02,,2023-05-02T15:30:03.000Z,,UPLOAD,,,,LETTER,47165,0,0,,filename1.pdf,
0000003570-23-000055,2023-05-12,2023-05-10,2023-05-12T20:52:34.000Z,,4,,,,4,6526,0,0,,xslF345X04/wk-form4_1683924738.xml,FORM 4
0000003570-23-000061,2023-05-15,,2023-05-15T12:59:51.000Z,,CORRESP,,,,CORRESP,49511,0,0,,filename1.htm,
0000003570-23-000066,2023-05-15,2023-05-11,2023-05-15T21:05:26.000Z,,4,,,,4,5005,0,0,,xslF345X04/wk-form4_1684184710.xml,FORM 4
0000003570-23-000067,2023-05-15,2023-05-11,2023-05-15T22:12:28.000Z,,4,,,,4,5262,0,0,,xslF345X04/wk-form4_1684188736.xml,FORM 4
0000003570-23-000069,2023-05-15,2023-05-11,2023-05-15T22:17:40.000Z,,4,,,,4,4920,0,0,,xslF345X04/wk-form4_1684189042.xml,FORM 4
0000003570-23-000070,2023-05-15,2023-05-11,2023-05-15T22:19:10.000Z,,4,,,,4,4950,0,0,,xslF345X04/wk-form4_1684189135.xml,FORM 4
0000003570-23-000071,2023-05-15,2023-05-11,2023-05-15T22:21:38.000Z,,4,,,,4,4890,0,0,,xslF345X04/wk-form4_1684189279.xml,FORM 4
0000003570-23-000072,2023-05-15,2023-05-11,2023-05-15T22:23:13.000Z,,3,,,,3,298865,0,0,,xslF345X02/wk-form3_1684189380.xml,FORM 3
0000003570-23-000074,2023-05-15,2023-05-11,2023-05-15T22:25:53.000Z,,4,,,,4,4915,0,0,,xslF345X04/wk-form4_1684189541.xml,FORM 4
0000003570-23-000076,2023-05-16,2023-05-11,2023-05-16T20:08:25.000Z,34,8-K,001-16383,23927531,5.07,XBRL,277986,1,1,,lng-20230511.htm,8-K
0000000000-23-005644,2023-05-26,,2023-05-26T20:30:08.000Z,,UPLOAD,,,,LETTER,39967,0,0,,filename1.pdf,
0001193125-23-162053,2023-06-07,2023-06-06,2023-06-07T10:52:59.000Z,34,8-K,001-16383,23997622,"1.01,7.01,9.01",XBRL,154724,1,1,,d677517d8k.htm,8-K
0001193125-23-171189,2023-06-21,2023-06-21,2023-06-21T20:27:31.000Z,34,8-K,001-16383,231030232,"1.01,8.01,9.01",XBRL,157032,1,1,,d522451d8k.htm,8-K
0001193125-23-175109,2023-06-26,2023-06-23,2023-06-26T20:16:58.000Z,34,8-K,001-16383,231042565,"1.01,2.03",XBRL,163905,1,1,,d509265d8k.htm,8-K
0000003570-23-000079,2023-07-28,2023-07-28,2023-07-28T12:51:15.000Z,34,8-K,001-16383,231120342,"7.01,9.01",XBRL,244712,1,1,,lng-20230728.htm,8-K
0000003570-23-000082,2023-08-03,2023-06-30,2023-08-02T21:34:00.000Z,34,10-Q,001-16383,231137185,,XBRL,15631185,1,1,,lng-20230630.htm,10-Q
0000003570-23-000084,2023-08-03,2023-08-03,2023-08-03T11:32:29.000Z,34,8-K,001-16383,231138091,"2.02,9.01",XBRL,557867,1,1,,lng-20230803.htm,8-K
0000003570-23-000086,2023-08-07,2023-08-04,2023-08-07T21:12:30.000Z,,4,,,,4,4952,0,0,,xslF345X05/wk-form4_1691442739.xml,FORM 4
0000950170-23-039211,2023-08-07,,2023-08-07T21:49:52.000Z,33,144,001-16383,231148749,,144,5428,0,0,,xsl144X01/primary_doc.xml,
0000003570-23-000088,2023-08-17,2023-08-15,2023-08-17T21:16:46.000Z,,4,,,,4,4970,0,0,,xslF345X05/wk-form4_1692306995.xml,FORM 4
0000003570-23-000089,2023-08-28,2023-08-27,2023-08-28T22:52:34.000Z,,4,,,,4,4952,0,0,,xslF345X05/wk-form4_1693263144.xml,FORM 4
0000003570-23-000091,2023-09-19,2023-09-17,2023-09-19T21:11:49.000Z,,4,,,,4,4979,0,0,,xslF345X05/wk-form4_1695157898.xml,FORM 4
0000003570-23-000093,2023-10-30,2023-10-30,2023-10-30T12:35:41.000Z,34,8-K,001-16383,231357525,"7.01,9.01",XBRL,244658,1,1,,lng-20231030.htm,8-K
0000003570-23-000097,2023-11-02,2023-09-30,2023-11-01T22:30:17.000Z,34,10-Q,001-16383,231369483,,XBRL,11699637,1,1,,lng-20230930.htm,10-Q
0000003570-23-000098,2023-11-02,2023-11-02,2023-11-02T11:32:24.000Z,34,8-K,001-16383,231370095,"2.02,9.01",XBRL,546548,1,1,,lng-20231102.htm,8-K
0000950170-23-062373,2023-11-13,,2023-11-13T11:06:03.000Z,33,144,001-16383,231394651,,144,5448,0,0,,xsl144X01/primary_doc.xml,
0000003570-23-000101,2023-11-17,2023-11-15,2023-11-17T23:39:41.000Z,,4,,,,4,4970,0,0,,xslF345X05/wk-form4_1700264372.xml,FORM 4
0000003570-23-000107,2023-12-01,2023-11-30,2023-12-01T22:36:25.000Z,,4,,,,4,11064,0,0,,xslF345X05/wk-form4_1701470175.xml,FORM 4
0000003570-23-000108,2023-12-01,2023-11-30,2023-12-01T22:38:15.000Z,,4,,,,4,10989,0,0,,xslF345X05/wk-form4_1701470273.xml,FORM 4
0000003570-23-000109,2023-12-01,2023-11-30,2023-12-01T22:39:38.000Z,,4,,,,4,11119,0,0,,xslF345X05/wk-form4_1701470367.xml,FORM 4
0000003570-23-000110,2023-12-01,2023-11-30,2023-12-01T22:40:35.000Z,,4,,,,4,10938,0,0,,xslF345X05/wk-form4_1701470426.xml,FORM 4
0000003570-23-000111,2023-12-01,2023-11-30,2023-12-01T22:41:40.000Z,,4,,,,4,7284,0,0,,xslF345X05/wk-form4_1701470490.xml,FORM 4
0001086364-24-002704,2024-01-24,,2024-01-24T22:23:52.000Z,34,SC 13G/A,005-46413,24557778,,SC 13G/A,14126,0,0,,us16411r2085_012424.txt,
0000003570-24-000003,2024-01-26,2024-01-26,2024-01-26T13:35:27.000Z,34,8-K,001-16383,24564301,"7.01,9.01",XBRL,282394,1,1,,lng-20240126.htm,8-K
0000003570-24-000005,2024-01-31,2024-01-26,2024-01-31T13:31:25.000Z,34,8-K,001-16383,24580713,"3.01,7.01,9.01",XBRL,250208,1,1,,lng-20240126.htm,8-K
0001193125-24-021479,2024-02-01,,2024-02-01T13:39:49.000Z,34,8-A12B,001-16383,24585150,,8-A12B,13904,0,0,,d945877d8a12b.htm,8-A12B
0000876661-24-000078,2024-02-01,,2024-02-01T14:20:45.000Z,34,CERT,001-16383,24585227,,CERT,29406,0,0,,LNG020124.pdf,NYSE CERTIFICATION
0000950170-24-012346,2024-02-07,,2024-02-07T22:42:32.000Z,33,144,001-16383,24606068,,144,6309,0,0,,xsl144X01/primary_doc.xml,
0000003570-24-000012,2024-02-09,2024-02-08,2024-02-09T22:29:11.000Z,,4,,,,4,5899,0,0,,xslF345X05/wk-form4_1707517737.xml,FORM 4
0000003570-24-000014,2024-02-09,2024-02-08,2024-02-09T22:31:12.000Z,,4,,,,4,5864,0,0,,xslF345X05/wk-form4_1707517851.xml,FORM 4
0000003570-24-000015,2024-02-09,2024-02-08,2024-02-09T22:32:52.000Z,,4,,,,4,5895,0,0,,xslF345X05/wk-form4_1707517962.xml,FORM 4
0000003570-24-000016,2024-02-09,2024-02-08,2024-02-09T22:33:55.000Z,,4,,,,4,5896,0,0,,xslF345X05/wk-form4_1707518018.xml,FORM 4
0000003570-24-000017,2024-02-09,2024-02-08,2024-02-09T22:35:28.000Z,,4,,,,4,5960,0,0,,xslF345X05/wk-form4_1707518119.xml,FORM 4
0000003570-24-000018,2024-02-09,2024-02-08,2024-02-09T22:36:24.000Z,,4,,,,4,5893,0,0,,xslF345X05/wk-form4_1707518172.xml,FORM 4
0000003570-24-000021,2024-02-12,,2024-02-12T21:07:10.000Z,34,25,001-16383,24619913,,25,17284,0,0,,cei2024form25.htm,25
0001104659-24-020588,2024-02-13,,2024-02-13T22:01:00.000Z,34,SC 13G/A,005-46413,24627719,,SC 13G/A,13343,0,0,,tv0591-cheniereenergyinc.htm,SCHEDULE 13G/A
0000003570-24-000023,2024-02-13,2024-02-09,2024-02-14T01:29:02.000Z,,4,,,,4,22979,0,0,,xslF345X05/wk-form4_1707874131.xml,FORM 4
0000003570-24-000025,2024-02-13,2024-02-09,2024-02-14T01:31:52.000Z,,4,,,,4,22932,0,0,,xslF345X05/wk-form4_1707874299.xml,FORM 4
0000003570-24-000028,2024-02-13,2024-02-09,2024-02-14T01:34:23.000Z,,4,,,,4,22965,0,0,,xslF345X05/wk-form4_1707874448.xml,FORM 4
0000003570-24-000030,2024-02-13,2024-02-09,2024-02-14T01:35:50.000Z,,4,,,,4,11578,0,0,,xslF345X05/wk-form4_1707874537.xml,FORM 4
0000003570-24-000032,2024-02-13,2024-02-09,2024-02-14T01:38:53.000Z,,4,,,,4,23017,0,0,,xslF345X05/wk-form4_1707874720.xml,FORM 4
0000003570-24-000034,2024-02-13,2024-02-09,2024-02-14T01:41:17.000Z,,4,,,,4,20848,0,0,,xslF345X05/wk-form4_1707874861.xml,FORM 4
0000003570-24-000036,2024-02-20,2024-02-15,2024-02-20T22:20:50.000Z,,4,,,,4,5061,0,0,,xslF345X05/wk-form4_1708467594.xml,FORM 4
0000003570-24-000040,2024-02-22,2023-12-31,2024-02-21T22:34:43.000Z,34,10-K,001-16383,24661226,,XBRL,18063955,1,1,,lng-20231231.htm,10-K
0000003570-24-000043,2024-02-22,2024-02-22,2024-02-22T12:36:26.000Z,34,8-K,001-16383,24662323,"2.02,9.01",XBRL,548343,1,1,,lng-20240222.htm,8-K
0001193125-24-060014,2024-03-06,2024-03-05,2024-03-06T13:00:53.000Z,34,8-K,001-16383,24724405,"1.01,7.01,9.01",XBRL,448170,1,1,,d787780d8k.htm,8-K
0001193125-24-071356,2024-03-19,2024-03-19,2024-03-19T20:31:14.000Z,34,8-K,001-16383,24763897,"1.01,2.03,9.01",XBRL,1243716,1,1,,d813428d8k.htm,8-K
0000003570-24-000045,2024-04-02,2024-04-02,2024-04-02T20:04:59.000Z,34,8-K,001-16383,24814124,5.02,XBRL,224552,1,1,,lng-20240402.htm,8-K
0001193125-24-088487,2024-04-05,2024-05-23,2024-04-05T20:18:24.000Z,34,PRE 14A,001-16383,24826760,,XBRL,7998262,1,1,,d555948dpre14a.htm,PRE 14A
0000003570-24-000047,2024-04-05,2024-04-02,2024-04-05T21:27:27.000Z,,3,,,,3,302046,0,0,,xslF345X02/wk-form3_1712352436.xml,FORM 3
0001193125-24-095542,2024-04-15,2024-05-23,2024-04-15T12:04:18.000Z,34,DEF 14A,001-16383,24843148,,XBRL,8345951,1,1,,d555948ddef14a.htm,DEF 14A
0001193125-24-095543,2024-04-15,2023-12-31,2024-04-15T12:05:57.000Z,34,ARS,001-16383,24843150,,ARS,916883,0,0,,d38598dars.pdf,ARS
0000003570-24-000050,2024-04-26,2024-04-26,2024-04-26T12:31:38.000Z,34,8-K,001-16383,24879001,"7.01,9.01",XBRL,269856,1,1,,lng-20240426.htm,8-K
0000003570-24-000055,2024-05-03,2024-03-31,2024-05-02T21:33:08.000Z,34,10-Q,001-16383,24910007,,XBRL,10358184,1,1,,lng-20240331.htm,10-Q
0000003570-24-000057,2024-05-03,2024-05-03,2024-05-03T11:31:50.000Z,34,8-K,001-16383,24910798,"2.02,9.01",XBRL,498865,1,1,,lng-20240503.htm,8-K
0001193125-24-134764,2024-05-09,2024-05-08,2024-05-09T11:30:02.000Z,34,8-K,001-16383,24928579,"1.01,7.01,9.01",XBRL,155679,1,1,,d837179d8k.htm,8-K
0000003570-24-000059,2024-05-14,2024-05-11,2024-05-14T20:42:52.000Z,,4,,,,4,5068,0,0,,xslF345X05/wk-form4_1715719356.xml,FORM 4
0001193125-24-144988,2024-05-22,2024-05-22,2024-05-22T20:26:56.000Z,34,8-K,001-16383,24973674,"1.01,9.01",XBRL,155117,1,1,,d838306d8k.htm,8-K
0000003570-24-000069,2024-05-24,2024-05-23,2024-05-24T20:18:09.000Z,34,8-K,001-16383,24984611,"5.02,5.03,5.07,9.01",XBRL,541645,1,1,,lng-20240523.htm,8-K
0000003570-24-000071,2024-05-24,2024-05-23,2024-05-24T22:24:53.000Z,,4,,,,4,5027,0,0,,xslF345X05/wk-form4_1716589482.xml,FORM 4
0000003570-24-000073,2024-05-24,2024-05-23,2024-05-24T22:25:55.000Z,,4,,,,4,5384,0,0,,xslF345X05/wk-form4_1716589545.xml,FORM 4
0000003570-24-000075,2024-05-24,2024-05-23,2024-05-24T22:27:00.000Z,,4,,,,4,5017,0,0,,xslF345X05/wk-form4_1716589611.xml,FORM 4
0000003570-24-000077,2024-05-24,2024-05-23,2024-05-24T22:27:53.000Z,,4,,,,4,5041,0,0,,xslF345X05/wk-form4_1716589662.xml,FORM 4
0000003570-24-000079,2024-05-24,2024-05-23,2024-05-24T22:28:43.000Z,,4,,,,4,5149,0,0,,xslF345X05/wk-form4_1716589709.xml,FORM 4
0000003570-24-000081,2024-05-24,2024-05-23,2024-05-24T22:29:27.000Z,,4,,,,4,4987,0,0,,xslF345X05/wk-form4_1716589758.xml,FORM 4
0000003570-24-000083,2024-05-24,2024-05-23,2024-05-24T22:31:38.000Z,,4,,,,4,5106,0,0,,xslF345X05/wk-form4_1716589888.xml,FORM 4
0000003570-24-000088,2024-05-29,,2024-05-28T23:51:49.000Z,33,S-8,333-279768,24993658,,S-8,125728,0,0,,ceiforms-8ar2020plan.htm,S-8
0000003570-24-000090,2024-06-17,2024-06-17,2024-06-17T12:31:45.000Z,34,8-K,001-16383,241047026,"7.01,9.01",XBRL,269864,1,1,,lng-20240617.htm,8-K
0000003570-24-000092,2024-06-17,2024-06-17,2024-06-17T20:09:19.000Z,34,8-K,001-16383,241048260,"7.01,9.01",XBRL,3889337,1,1,,lng-20240617.htm,8-K
0000003570-24-000095,2024-08-08,2024-06-30,2024-08-07T21:39:59.000Z,34,10-Q,001-16383,241185220,,XBRL,10717540,1,1,,lng-20240630.htm,10-Q
0000003570-24-000096,2024-08-08,2024-08-08,2024-08-08T11:01:15.000Z,34,8-K,001-16383,241185948,"2.02,9.01",XBRL,559028,1,1,,lng-20240808.htm,8-K
0000003570-24-000098,2024-08-19,2024-08-15,2024-08-19T21:08:25.000Z,,4,,,,4,5068,0,0,,xslF345X05/wk-form4_1724101697.xml,FORM 4
0001193125-24-205416,2024-08-22,,2024-08-22T21:12:38.000Z,33,S-4,333-281726,241232785,,S-4,3713768,1,1,,d872791ds4.htm,S-4
0000000000-24-009819,2024-08-28,,2024-08-28T20:36:08.000Z,,UPLOAD,333-281726,,,LETTER,40333,0,0,,filename1.pdf,
0000003570-24-000100,2024-08-29,2024-08-27,2024-08-29T21:09:37.000Z,,4,,,,4,5055,0,0,,xslF345X05/wk-form4_1724965770.xml,FORM 4
0000003570-24-000105,2024-09-03,2024-08-30,2024-09-03T12:36:34.000Z,34,8-K,001-16383,241272244,"5.03,9.01",XBRL,484810,1,1,,lng-20240830.htm,8-K
0001193125-24-211962,2024-09-03,,2024-09-03T18:28:51.000Z,,CORRESP,,,,CORRESP,20151,0,0,,filename1.htm,
0001193125-24-211967,2024-09-03,,2024-09-03T18:31:56.000Z,,CORRESP,,,,CORRESP,6126,0,0,,filename1.htm,
0001193125-24-214212,2024-09-05,,2024-09-05T20:24:09.000Z,33,424B3,333-281726,241281690,,424B3,599647,0,0,,d872791d424b3.htm,424B3
9999999995-24-002731,2024-09-05,,2024-09-06T04:15:06.000Z,33,EFFECT,333-281726,241282842,"S-4,,2024-09-05 16:00:00",EFFECT,2063,0,0,,xslEFFECTX01/primary_doc.xml,
0000003570-24-000109,2024-09-26,,2024-09-26T20:32:53.000Z,34,SD,001-16383,241329431,,SD,116841,1,1,,ceify2023formsd.htm,SD
0000003570-24-000113,2024-10-03,2024-10-02,2024-10-03T12:00:19.000Z,34,8-K,001-16383,241349929,"5.02,9.01",XBRL,255413,1,1,,lng-20241002.htm,8-K
0000003570-24-000115,2024-10-09,2024-10-02,2024-10-09T21:13:07.000Z,,3,,,,3,293511,0,0,,xslF345X02/wk-form3_1728508380.xml,FORM 3
0002012383-24-002299,2024-10-24,,2024-10-24T20:44:13.000Z,34,SC 13G/A,005-46413,241393203,,SC 13G/A,14498,0,0,,us16411r2085_102424.txt,
0000003570-24-000117,2024-10-29,2024-10-29,2024-10-29T12:30:58.000Z,34,8-K,001-16383,241402776,"7.01,9.01",XBRL,269866,1,1,,lng-20241029.htm,8-K
0000003570-24-000120,2024-10-31,2024-09-30,2024-10-30T21:39:29.000Z,34,10-Q,001-16383,241411650,,XBRL,10707079,1,1,,lng-20240930.htm,10-Q
0000003570-24-000123,2024-10-31,2024-10-31,2024-10-31T11:31:40.000Z,34,8-K,001-16383,241412445,"2.02,9.01",XBRL,559646,1,1,,lng-20241031.htm,8-K
0001950047-24-008413,2024-11-12,,2024-11-12T14:01:01.000Z,33,144,001-16383,241443949,,144,5241,0,0,,xsl144X01/primary_doc.xml,
0001950047-24-008621,2024-11-15,,2024-11-15T21:23:58.000Z,33,144,001-16383,241468196,,144,5611,0,0,,xsl144X01/primary_doc.xml,
0000003570-24-000127,2024-11-19,2024-11-13,2024-11-19T21:04:24.000Z,34,8-K,001-16383,241475983,"5.05,9.01",XBRL,487084,1,1,,lng-20241113.htm,8-K
0000003570-24-000128,2024-11-19,2024-11-15,2024-11-20T00:22:42.000Z,,4,,,,4,5068,0,0,,xslF345X05/wk-form4_1732062156.xml,FORM 4
0000003570-24-000134,2024-12-03,2024-11-29,2024-12-03T23:54:03.000Z,,4,,,,4,7389,0,0,,xslF345X05/wk-form4_1733270037.xml,FORM 4
0000003570-24-000135,2024-12-03,2024-11-29,2024-12-03T23:54:27.000Z,,4,,,,4,7422,0,0,,xslF345X05/wk-form4_1733270061.xml,FORM 4
0000003570-24-000136,2024-12-03,2024-11-29,2024-12-03T23:54:53.000Z,,4,,,,4,7485,0,0,,xslF345X05/wk-form4_1733270087.xml,FORM 4
0000003570-24-000137,2024-12-03,2024-11-29,2024-12-03T23:55:17.000Z,,4,,,,4,7392,0,0,,xslF345X05/wk-form4_1733270110.xml,FORM 4
0000003570-24-000138,2024-12-03,2024-11-29,2024-12-03T23:56:33.000Z,,4,,,,4,7429,0,0,,xslF345X05/wk-form4_1733270185.xml,FORM 4
0000003570-25-000002,2025-01-03,2025-01-01,2025-01-03T22:25:59.000Z,,4,,,,4,8645,0,0,,xslF345X05/wk-form4_1735943152.xml,FORM 4
0000003570-25-000004,2025-01-21,2025-01-21,2025-01-21T21:06:03.000Z,34,8-K,001-16383,25542541,"5.02,7.01,9.01",XBRL,246849,1,1,,lng-20250121.htm,8-K
0000003570-25-000007,2025-01-23,2025-01-21,2025-01-23T23:01:40.000Z,,4,,,,4,5010,0,0,,xslF345X05/wk-form4_1737673291.xml,FORM 4
0000003570-25-000008,2025-01-23,2025-01-21,2025-01-23T23:02:14.000Z,,3,,,,3,303920,0,0,,xslF345X02/wk-form3_1737673325.xml,FORM 3
0000003570-25-000010,2025-01-28,2025-01-28,2025-01-28T21:06:27.000Z,34,8-K,001-16383,25564164,"7.01,9.01",XBRL,269714,1,1,,lng-20250128.htm,8-K
0000003570-25-000023,2025-02-11,2025-02-08,2025-02-12T02:33:38.000Z,,4,,,,4,25464,0,0,,xslF345X05/wk-form4_1739327610.xml,FORM 4
0000003570-25-000024,2025-02-11,2025-02-08,2025-02-12T02:34:02.000Z,,4,,,,4,25519,0,0,,xslF345X05/wk-form4_1739327634.xml,FORM 4
0000003570-25-000025,2025-02-11,2025-02-08,2025-02-12T02:34:31.000Z,,4,,,,4,28547,0,0,,xslF345X05/wk-form4_1739327663.xml,FORM 4
0000003570-25-000026,2025-02-11,2025-02-08,2025-02-12T02:34:54.000Z,,4,,,,4,25483,0,0,,xslF345X05/wk-form4_1739327686.xml,FORM 4
0000003570-25-000027,2025-02-11,2025-02-08,2025-02-12T02:35:16.000Z,,4,,,,4,25487,0,0,,xslF345X05/wk-form4_1739327709.xml,FORM 4
0000003570-25-000028,2025-02-11,2025-02-08,2025-02-12T02:35:41.000Z,,4,,,,4,25433,0,0,,xslF345X05/wk-form4_1739327733.xml,FORM 4
0000003570-25-000030,2025-02-18,2025-02-15,2025-02-18T22:52:13.000Z,,4,,,,4,5067,0,0,,xslF345X05/wk-form4_1739919127.xml,FORM 4
0000003570-25-000033,2025-02-20,2024-12-31,2025-02-19T22:42:49.000Z,34,10-K,001-16383,25641998,,XBRL,16146155,1,1,,lng-20241231.htm,10-K
0000003570-25-000036,2025-02-20,2025-02-20,2025-02-20T12:30:58.000Z,34,8-K,001-16383,25643283,"2.02,9.01",XBRL,555536,1,1,,lng-20250220.htm,8-K
0001968582-25-000123,2025-02-26,,2025-02-26T22:58:17.000Z,33,144,001-16383,25671851,,144,7252,0,0,,xsl144X01/primary_doc.xml,
0000003570-25-000038,2025-02-26,2025-02-26,2025-02-27T00:48:41.000Z,,4,,,,4,5331,0,0,,xslF345X05/wk-form4_1740617315.xml,FORM 4
0000003570-25-000040,2025-02-28,2025-02-27,2025-02-28T22:36:11.000Z,,4,,,,4,4809,0,0,,xslF345X05/wk-form4_1740782165.xml,FORM 4
0000003570-25-000043,2025-04-02,2025-04-01,2025-04-02T20:05:18.000Z,34,8-K,001-16383,25804315,5.02,XBRL,224411,1,1,,lng-20250401.htm,8-K
0001193125-25-075115,2025-04-08,2025-05-15,2025-04-08T12:03:20.000Z,34,DEF 14A,001-16383,25820320,,XBRL,8118552,1,1,,d896161ddef14a.htm,DEF 14A
0001193125-25-075183,2025-04-08,2024-12-31,2025-04-08T13:03:21.000Z,34,ARS,001-16383,25820420,,ARS,85889400,0,0,,d865879dars.pdf,ARS
0000950170-25-053291,2025-04-11,2025-04-01,2025-04-11T20:30:08.000Z,,3,,,,3,3491,0,0,,xslF345X02/ownership.xml,3
0000000000-25-003900,2025-04-11,,2025-04-11T21:36:07.000Z,,UPLOAD,001-16383,,,LETTER,46053,0,0,,filename1.pdf,
0000003570-25-000045,2025-04-25,,2025-04-25T20:21:39.000Z,,CORRESP,,,,CORRESP,69410,0,0,,filename1.htm,
0000003570-25-000047,2025-04-29,2025-04-29,2025-04-29T20:09:20.000Z,34,8-K,001-16383,25887478,"7.01,9.01",XBRL,269604,1,1,,lng-20250429.htm,8-K
0000000000-25-004668,2025-05-02,,2025-05-02T12:36:03.000Z,,UPLOAD,001-16383,,,LETTER,39936,0,0,,filename1.pdf,
0000003570-25-000049,2025-05-08,2025-03-31,2025-05-07T21:37:17.000Z,34,10-Q,001-16383,25923051,,XBRL,10425414,1,1,,lng-20250331.htm,10-Q
0000003570-25-000053,2025-05-08,2025-05-08,2025-05-08T11:31:38.000Z,34,8-K,001-16383,25923897,"2.02,9.01",XBRL,498902,1,1,,lng-20250508.htm,8-K
0000003570-25-000064,2025-05-16,2025-05-15,2025-05-16T20:02:42.000Z,34,8-K,001-16383,25958943,"5.07,9.01",XBRL,256267,1,1,,lng-20250515.htm,8-K
0000003570-25-000066,2025-05-16,2025-05-15,2025-05-16T21:18:39.000Z,,4,,,,4,5377,0,0,,xslF345X05/wk-form4_1747430312.xml,FORM 4
0000003570-25-000068,2025-05-16,2025-05-15,2025-05-16T21:19:39.000Z,,4,,,,4,5009,0,0,,xslF345X05/wk-form4_1747430371.xml,FORM 4
0000003570-25-000070,2025-05-16,2025-05-14,2025-05-16T21:20:47.000Z,,4,,,,4,6616,0,0,,xslF345X05/wk-form4_1747430439.xml,FORM 4
0000003570-25-000072,2025-05-16,2025-05-15,2025-05-16T21:22:11.000Z,,4,,,,4,5019,0,0,,xslF345X05/wk-form4_1747430522.xml,FORM 4
0000003570-25-000074,2025-05-16,2025-05-15,2025-05-16T21:23:23.000Z,,4,,,,4,4998,0,0,,xslF345X05/wk-form4_1747430595.xml,FORM 4
0000003570-25-000076,2025-05-16,2025-05-15,2025-05-16T21:24:27.000Z,,4,,,,4,5004,0,0,,xslF345X05/wk-form4_1747430660.xml,FORM 4
0000003570-25-000079,2025-05-16,2025-05-15,2025-05-16T21:26:17.000Z,,4,,,,4,4980,0,0,,xslF345X05/wk-form4_1747430769.xml,FORM 4
0000003570-25-000080,2025-05-16,2025-05-15,2025-05-16T21:26:46.000Z,,4,,,,4,5141,0,0,,xslF345X05/wk-form4_1747430798.xml,FORM 4
0001950047-25-003872,2025-06-05,,2025-06-05T20:18:39.000Z,33,144,001-16383,251027351,,144,6132,0,0,,xsl144X01/primary_doc.xml,
0000003570-25-000084,2025-06-06,2025-06-05,2025-06-06T21:50:33.000Z,,4,,,,4,5258,0,0,,xslF345X05/wk-form4_1749246624.xml,FORM 4
0000003570-25-000086,2025-06-17,2025-06-17,2025-06-17T20:34:38.000Z,34,8-K,001-16383,251053812,"7.01,9.01",XBRL,261558,1,1,,lng-20250617.htm,8-K
0000003570-25-000088,2025-06-24,2025-06-17,2025-06-24T11:00:55.000Z,34,8-K,001-16383,251066646,"7.01,8.01,9.01",XBRL,3889838,1,1,,lng-20250617.htm,8-K
0001193125-25-147547,2025-06-26,2025-06-25,2025-06-26T11:52:10.000Z,34,8-K,001-16383,251075084,"1.01,7.01,9.01",XBRL,148665,1,1,,d949292d8k.htm,8-K
0001193125-25-157642,2025-07-10,2025-07-10,2025-07-10T20:54:26.000Z,34,8-K,001-16383,251116823,"1.01,9.01",XBRL,147591,1,1,,d91065d8k.htm,8-K
0000003570-25-000094,2025-08-07,2025-06-30,2025-08-06T21:52:32.000Z,34,10-Q,001-16383,251190876,,XBRL,12642022,1,1,,lng-20250630.htm,10-Q
0000003570-25-000095,2025-08-07,2025-08-07,2025-08-07T11:33:06.000Z,34,8-K,001-16383,251191624,"2.02,9.01",XBRL,567025,1,1,,lng-20250807.htm,8-K
0000003570-25-000098,2025-08-19,2025-08-15,2025-08-19T22:02:22.000Z,,4,,,,4,5061,0,0,,xslF345X05/wk-form4_1755640938.xml,FORM 4
0000003570-25-000103,2025-09-29,,2025-09-29T20:04:33.000Z,34,SD,001-16383,251356040,,SD,119718,1,1,,ceify2024formsd.htm,SD
0000003570-25-000105,2025-10-28,2025-10-28,2025-10-28T12:41:29.000Z,34,8-K,001-16383,251421635,"7.01,9.01",XBRL,261380,1,1,,lng-20251028.htm,8-K
0000003570-25-000107,2025-10-30,2025-09-30,2025-10-29T21:35:48.000Z,34,10-Q,001-16383,251431241,,XBRL,10846793,1,1,,lng-20250930.htm,10-Q
0000003570-25-000109,2025-10-30,2025-10-30,2025-10-30T11:31:07.000Z,34,8-K,001-16383,251432226,"2.02,9.01",XBRL,563030,1,1,,lng-20251030.htm,8-K
0000003570-25-000112,2025-11-05,2025-11-04,2025-11-05T21:44:27.000Z,,4,,,,4,7085,0,0,,xslF345X05/wk-form4_1762379064.xml,FORM 4
0001865774-25-000003,2025-11-18,2025-11-15,2025-11-18T22:38:23.000Z,,4,,,,4,5061,0,0,,xslF345X05/wk-form4_1763505500.xml,FORM 4
0001604384-25-000004,2025-12-29,2025-12-26,2025-12-29T21:52:39.000Z,,4,,,,4,5042,0,0,,xslF345X05/wk-form4_1767045156.xml,FORM 4
0002040019-26-000002,2026-01-02,2026-01-01,2026-01-02T21:39:07.000Z,,4,,,,4,8635,0,0,,xslF345X05/wk-form4_1767389944.xml,FORM 4
0000003570-26-000002,2026-01-27,2026-01-27,2026-01-27T13:33:44.000Z,34,8-K,001-16383,26562130,"7.01,9.01",XBRL,261271,1,1,,lng-20260127.htm,8-K
0001425785-26-000001,2026-02-10,2026-02-08,2026-02-11T01:15:01.000Z,,4,,,,4,21445,0,0,,xslF345X05/wk-form4_1770772498.xml,FORM 4
0002040019-26-000003,2026-02-10,2026-02-08,2026-02-11T01:15:54.000Z,,4,,,,4,16705,0,0,,xslF345X05/wk-form4_1770772551.xml,FORM 4
0001915382-26-000001,2026-02-10,2026-02-08,2026-02-11T01:34:51.000Z,,4,,,,4,13688,0,0,,xslF345X05/wk-form4_1770773688.xml,FORM 4
0001556797-26-000001,2026-02-10,2026-02-08,2026-02-11T01:37:37.000Z,,4,,,,4,13752,0,0,,xslF345X05/wk-form4_1770773855.xml,FORM 4
0001820535-26-000001,2026-02-10,2026-02-08,2026-02-11T01:38:55.000Z,,4,,,,4,13662,0,0,,xslF345X05/wk-form4_1770773932.xml,FORM 4
0001604384-26-000001,2026-02-10,2026-02-08,2026-02-11T01:41:15.000Z,,4,,,,4,13692,0,0,,xslF345X05/wk-form4_1770774072.xml,FORM 4
0001915382-26-000003,2026-02-13,2026-02-11,2026-02-13T21:09:43.000Z,,4,,,,4,11130,0,0,,xslF345X05/wk-form4_1771016980.xml,FORM 4
0002040019-26-000005,2026-02-13,2026-02-11,2026-02-13T21:10:13.000Z,,4,,,,4,12606,0,0,,xslF345X05/wk-form4_1771017010.xml,FORM 4
0001604384-26-000003,2026-02-13,2026-02-11,2026-02-13T21:10:42.000Z,,4,,,,4,11135,0,0,,xslF345X05/wk-form4_1771017037.xml,FORM 4
0001556797-26-000003,2026-02-13,2026-02-11,2026-02-13T21:11:08.000Z,,4,,,,4,11197,0,0,,xslF345X05/wk-form4_1771017064.xml,FORM 4
0001820535-26-000003,2026-02-13,2026-02-11,2026-02-13T21:11:31.000Z,,4,,,,4,11104,0,0,,xslF345X05/wk-form4_1771017089.xml,FORM 4
0001425785-26-000003,2026-02-13,2026-02-11,2026-02-13T21:11:56.000Z,,4,,,,4,14071,0,0,,xslF345X05/wk-form4_1771017113.xml,FORM 4
0001865774-26-000002,2026-02-18,2026-02-15,2026-02-18T22:06:54.000Z,,4,,,,4,5060,0,0,,xslF345X05/wk-form4_1771452412.xml,FORM 4
0000003570-26-000005,2026-02-26,2025-12-31,2026-02-25T23:14:34.000Z,34,10-K,001-16383,26680655,,XBRL,16287684,1,1,,lng-20251231.htm,10-K
0000003570-26-000006,2026-02-26,2026-02-26,2026-02-26T12:32:06.000Z,34,8-K,001-16383,26681717,"2.02,9.01",XBRL,575141,1,1,,lng-20260226.htm,8-K
0001950047-26-001980,2026-03-02,,2026-03-02T21:29:29.000Z,33,144,001-16383,26708156,,144,4961,0,0,,xsl144X01/primary_doc.xml,
0001326397-26-000002,2026-03-03,2026-03-02,2026-03-03T22:50:28.000Z,,4,,,,4,4782,0,0,,xslF345X05/wk-form4_1772578225.xml,FORM 4
0000102909-26-000345,2026-03-05,,2026-03-05T18:27:59.000Z,34,SCHEDULE 13G/A,005-46413,26725322,,SCHEDULE 13G/A,7307,0,0,,xslSCHEDULE_13G_X01/primary_doc.xml,
0001193125-26-095013,2026-03-06,2026-03-05,2026-03-06T13:00:15.000Z,34,8-K,001-16383,26728489,"1.01,7.01,9.01",XBRL,464588,1,1,,d73076d8k.htm,8-K
0001193125-26-115956,2026-03-19,2026-03-19,2026-03-19T20:05:26.000Z,34,8-K,001-16383,26774225,"1.01,2.03,9.01",XBRL,1425879,1,1,,d105636d8k.htm,8-K
0000102909-26-000408,2026-03-26,,2026-03-26T15:18:21.000Z,34,SCHEDULE 13G/A,005-46413,26795108,,SCHEDULE 13G/A,7461,0,0,,xslSCHEDULE_13G_X02/primary_doc.xml,
0001968582-26-000328,2026-03-26,,2026-03-26T20:31:45.000Z,33,144,001-16383,26798741,,144,7441,0,0,,xsl144X01/primary_doc.xml,
0001968582-26-000329,2026-03-26,,2026-03-26T20:32:21.000Z,33,144,001-16383,26798758,,144,6233,0,0,,xsl144X01/primary_doc.xml,
0001968582-26-000336,2026-03-27,,2026-03-27T20:13:16.000Z,33,144,001-16383,26807486,,144,4608,0,0,,xsl144X01/primary_doc.xml,
0001950047-26-003061,2026-03-30,,2026-03-30T21:29:16.000Z,33,144,001-16383,26812984,,144,9309,0,0,,xsl144X01/primary_doc.xml,
0001243652-26-000002,2026-03-30,2026-03-27,2026-03-30T21:38:24.000Z,,4,,,,4,4937,0,0,,xslF345X06/wk-form4_1774905475.xml,FORM 4
0001556797-26-000005,2026-03-30,2026-03-26,2026-03-30T21:38:27.000Z,,4,,,,4,7407,0,0,,xslF345X06/wk-form4_1774905535.xml,FORM 4
0001604384-26-000005,2026-03-30,2026-03-26,2026-03-30T21:38:28.000Z,,4,,,,4,7342,0,0,,xslF345X06/wk-form4_1774905555.xml,FORM 4
0001604384-26-000007,2026-04-01,2026-03-26,2026-04-01T22:57:46.000Z,,4/A,,,,4/A,5385,0,0,,xslF345X06/wk-form4a_1775084263.xml,FORM 4/A
0001820535-26-000005,2026-04-01,2026-03-30,2026-04-01T22:58:04.000Z,,4,,,,4,5021,0,0,,xslF345X06/wk-form4_1775084281.xml,FORM 4
0000003570-26-000008,2026-04-06,2026-04-02,2026-04-06T12:31:42.000Z,34,8-K,001-16383,26839655,"5.02,9.01",XBRL,266613,1,1,0.0,lng-20260402.htm,8-K
0001193125-26-144572,2026-04-07,2026-05-14,2026-04-07T12:00:48.000Z,34,DEF 14A,001-16383,26842955,,XBRL,10355918,1,1,0.0,d93921ddef14a.htm,DEF 14A
0001193125-26-144580,2026-04-07,2025-12-31,2026-04-07T12:06:14.000Z,34,ARS,001-16383,26842968,,ARS,969999,0,0,0.0,d42306dars.pdf,ARS
0001826808-26-000002,2026-04-09,2026-04-02,2026-04-09T21:11:40.000Z,,3,,,,3,297530,0,0,0.0,xslF345X06/wk-form3_1775769096.xml,FORM 3
0000003570-26-000010,2026-04-28,2026-04-28,2026-04-28T12:31:09.000Z,34,8-K,001-16383,26903298,"7.01,9.01",XBRL,260214,1,1,0.0,lng-20260428.htm,8-K
0002100119-26-000013,2026-04-28,,2026-04-28T14:33:12.000Z,34,SCHEDULE 13G,005-46413,26904229,,SCHEDULE 13G,7701,0,0,0.0,xslSCHEDULE_13G_X02/primary_doc.xml,
0000003570-26-000014,2026-05-07,2026-03-31,2026-05-06T21:51:41.000Z,34,10-Q,001-16383,26950000,,XBRL,9916493,1,1,1.0,lng-20260331.htm,10-Q
0000003570-26-000016,2026-05-07,2026-05-07,2026-05-07T11:31:30.000Z,34,8-K,001-16383,26950895,"2.02,9.01",XBRL,519823,1,1,0.0,lng-20260507.htm,8-K
0000003570-26-000019,2026-05-15,2026-05-14,2026-05-15T20:01:29.000Z,34,8-K,001-16383,26986692,"5.07,9.01",XBRL,243319,1,1,0.0,lng-20260514.htm,8-K
0002040019-26-000007,2026-05-15,2026-05-14,2026-05-15T22:04:04.000Z,,4,,,,4,5914,0,0,0.0,xslF345X06/wk-form4_1778882641.xml,FORM 4
0001083786-26-000008,2026-05-15,2026-05-14,2026-05-15T22:04:28.000Z,,4,,,,4,5515,0,0,0.0,xslF345X06/wk-form4_1778882665.xml,FORM 4
0001543885-26-000004,2026-05-15,2026-05-14,2026-05-15T22:04:41.000Z,,4,,,,4,5279,0,0,0.0,xslF345X06/wk-form4_1778882678.xml,FORM 4
0001157962-26-000002,2026-05-15,2026-05-14,2026-05-15T22:04:56.000Z,,4,,,,4,5142,0,0,0.0,xslF345X06/wk-form4_1778882694.xml,FORM 4
0001865774-26-000004,2026-05-15,2026-05-13,2026-05-15T22:05:10.000Z,,4,,,,4,6754,0,0,0.0,xslF345X06/wk-form4_1778882707.xml,FORM 4
0001948618-26-000002,2026-05-15,2026-05-14,2026-05-15T22:05:22.000Z,,4,,,,4,5156,0,0,0.0,xslF345X06/wk-form4_1778882720.xml,FORM 4
0001766607-26-000002,2026-05-15,2026-05-14,2026-05-15T22:05:36.000Z,,4,,,,4,5147,0,0,0.0,xslF345X06/wk-form4_1778882733.xml,FORM 4
0001326397-26-000004,2026-05-15,2026-05-14,2026-05-15T22:05:49.000Z,,4,,,,4,5117,0,0,0.0,xslF345X06/wk-form4_1778882746.xml,FORM 4
0001193125-26-240568,2026-05-27,2026-05-26,2026-05-27T12:26:44.000Z,34,8-K,001-16383,261022233,"1.01,7.01,9.01",XBRL,148623,1,1,0.0,d130605d8k.htm,8-K
0001193125-26-263943,2026-06-09,2026-06-09,2026-06-09T20:52:34.000Z,34,8-K,001-16383,261076819,"1.01,9.01",XBRL,220343,1,1,0.0,d318413d8k.htm,8-K
0001193125-26-294777,2026-07-02,2026-06-26,2026-07-02T20:39:30.000Z,34,8-K,001-16383,261152224,"1.01,2.03,9.01",XBRL,254490,1,1,0.0,d73800d8k.htm,8-K
0000003570-26-000023,2026-07-14,2026-07-14,2026-07-14T20:34:37.000Z,34,8-K,001-16383,261174630,"5.02,7.01,9.01",XBRL,235704,1,1,0.0,lng-20260714.htm,8-K
0001727010-26-000007,2026-07-16,2026-07-14,2026-07-16T22:01:52.000Z,,4,,,,4,5095,0,0,0.0,xslF345X06/wk-form4_1784239309.xml,FORM 4
0001727010-26-000008,2026-07-16,2026-07-14,2026-07-16T22:02:27.000Z,,3,,,,3,532259,0,0,0.0,xslF345X06/wk-form3_1784239344.xml,FORM 3
0000003570-26-000025,2026-07-28,2026-07-28,2026-07-28T12:35:38.000Z,34,8-K,001-16383,261207630,"7.01,9.01",XBRL,260318,1,1,0.0,lng-20260728.htm,8-K
0000003570-26-000028,2026-08-06,2026-06-30,2026-08-05T21:34:02.000Z,34,10-Q,001-16383,261245031,,XBRL,15271035,1,1,1.0,lng-20260630.htm,10-Q
0000003570-26-000030,2026-08-06,2026-08-06,2026-08-06T11:31:19.000Z,34,8-K,001-16383,261246004,"2.02,9.01",XBRL,596054,1,1,0.0,lng-20260806.htm,8-K
0000003570-26-000032,2026-08-18,2026-08-15,2026-08-18T21:04:20.000Z,,4,,,,4,5198,0,0,0.0,xslF345X06/wk-form4_1787087057.xml,FORM 4
0001193125-26-380440,2026-09-02,,2026-09-02T21:11:48.000Z,33,S-4,333-298723,261355880,,S-4,6779211,1,1,0.0,d51922ds4.htm,S-4
0001193125-26-397966,2026-09-22,,2026-09-22T20:24:04.000Z,33,424B3,333-298723,261397115,,424B3,643286,0,0,0.0,d51922d424b3.htm,424B3
9999999995-26-003032,2026-09-22,,2026-09-23T04:15:12.000Z,33,EFFECT,333-298723,261398111,",,",EFFECT,2056,0,0,0.0,xslEFFECTX01/primary_doc.xml,
0000003570-26-000036,2026-09-28,,2026-09-28T20:36:12.000Z,34,SD,001-16383,261417820,,SD,118087,1,0,0.0,ceify2025formsd.htm,SD
