ticker,yahoo_ticker,filing_date,event_date,event_date_shift,event_date_source,accepted_at_utc,accession_number,alpha,beta,residual_var,residual_sd,market_mean_estimation,market_sxx_estimation,n_estimation,CAR_m1_p1,CAR_m1_p1_var,CAR_m1_p1_se,CAR_0_p3,CAR_0_p3_var,CAR_0_p3_se,CAR_m3_p3,CAR_m3_p3_var,CAR_m3_p3_se,CAR_m5_p5,CAR_m5_p5_var,CAR_m5_p5_se
AAPL,AAPL,2025-10-31,2025-10-31,0,sec_acceptance_time,2025-10-31T10:01:26.000Z,000032019325000079,2.468667750525448e-05,1.3246387715609014,0.00018644270482088423,0.013654402397061697,0.0005754843820257655,0.03414794357036504,239,0.004925058107263299,0.0005593281144626527,0.023650118698701126,0.00023422480492779618,0.0007457708192835369,0.027308804794123395,0.019919865929565368,0.0013050989337461897,0.036126153043829476,0.03529330859299307,0.0020508697530297266,0.04528652948758302
AAPL,AAPL,2024-11-01,2024-11-01,0,sec_acceptance_time,2024-11-01T10:01:36.000Z,000032019324000123,-0.00020935030222009386,1.0329380379804283,0.00014365848152459603,0.01198576161637616,0.001178042628315757,0.01378257896394065,239,-0.016993391684145417,0.0004309754445737881,0.020759948086972378,-0.053381686863084074,0.0005746339260983841,0.02397152323275232,-0.06411467818301819,0.0010056093706721722,0.03171134451063487,-0.044837125210939785,0.0015802432967705563,0.03975227410816338
AAPL,AAPL,2023-11-03,2023-11-03,0,sec_acceptance_time,2023-11-02T22:08:27.000Z,000032019323000106,0.0003430786618938128,1.2376228630901962,8.538109132838659e-05,0.00924018892276487,0.0001886383200098626,0.01917642776219578,239,-0.008047067004430284,0.00025614327398515977,0.016004476685763887,0.009833124666178753,0.00034152436531354635,0.01848037784552974,0.0066988341217656755,0.0005976676392987061,0.02444724195688966,0.02795143810670306,0.0009391920046122525,0.03064623964880932
AAPL,AAPL,2022-10-28,2022-10-28,0,sec_acceptance_time,2022-10-27T22:01:14.000Z,000032019322000108,0.0011900030744534098,1.2357282203020512,0.00011339576963196476,0.010648744979196599,-0.0009340278724757001,0.050891080315327165,239,0.012403229800006476,0.00034018730889589426,0.018444167340812494,0.015277974952147524,0.00045358307852785904,0.021297489958393197,-0.02250262137481008,0.0007937703874237533,0.028173930989901876,-0.07750043173216711,0.0012473534659516125,0.03531789158417604
AAPL,AAPL,2021-10-29,2021-10-29,0,sec_acceptance_time,2021-10-28T22:04:28.000Z,000032019321000105,-0.00024875152745799174,1.3501932576263573,0.00013908978859714772,0.01179363339251936,0.001069067432401638,0.014763669517935011,239,-0.016359125464048073,0.00041726936579144315,0.020427172241684437,-0.02460922259929753,0.0005563591543885909,0.02358726678503872,-0.006351986548017776,0.0009736285201800341,0.031203021010473234,-0.02654366727796984,0.001529987674568625,0.039115056877992965
AAPL,AAPL,2020-10-30,2020-10-30,0,sec_acceptance_time,2020-10-29T22:06:25.000Z,000032019320000096,0.0020341489045263474,1.121566219997547,0.0002409452370241236,0.015522410799361149,0.0007107547704005895,0.11421380502137969,239,-0.03950816241359706,0.0007228357110723708,0.02688560416044934,-0.05369340962242692,0.0009637809480964945,0.031044821598722298,-0.026013883105634593,0.0016866166591688653,0.04106843872329292,-0.01035805535173982,0.0026503976072653596,0.051482012463241564
AAPL,AAPL,2019-10-31,2019-10-31,0,sec_acceptance_time,2019-10-30T22:12:36.000Z,000032019319000119,0.00036104310789364814,1.5575421796024724,0.00013314332683380208,0.01153877492777297,0.00033466404678324674,0.023810114288503686,239,0.03437535650151401,0.0003994299805014063,0.019985744432004685,0.04041293383798523,0.0005325733073352083,0.02307754985554594,0.013631582414102056,0.0009320032878366146,0.03052872889323456,0.023436473724779007,0.0014645765951718228,0.03826978697578316
AAPL,AAPL,2018-11-05,2018-11-05,0,sec_acceptance_time,2018-11-05T13:01:40.000Z,000032019318000145,0.0009440516550406374,1.1097714304043378,0.00011701828500296853,0.010817499017932403,0.0001683537320829816,0.019373583340846153,239,-0.09288840705861733,0.0003510548550089056,0.018736457909885356,-0.028425246852928087,0.0004680731400118741,0.021634998035864807,-0.07291839306149675,0.0008191279950207798,0.02862041220913458,-0.13816029141860114,0.0012872011350326539,0.03587758541251981
AAPL,AAPL,2017-11-03,2017-11-03,0,sec_acceptance_time,2017-11-03T12:01:37.000Z,000032019317000070,0.0008733320958943713,1.263845664854956,8.207969707968054e-05,0.009059784604485945,0.0007130447421087735,0.004488673578240185,239,0.035187984922123834,0.00024623909123904164,0.01569200724059996,0.03705328184394465,0.00032831878831872217,0.01811956920897189,0.03949429305357204,0.0005745578795577638,0.023969936995281483,0.08870763606144379,0.0009028766678764859,0.030047906214518274
AAPL,AAPL,2016-10-26,2016-10-27,1,sec_acceptance_time,2016-10-26T20:42:16.000Z,000162828016020309,-8.07849975756587e-05,1.0395553306587355,0.0001566297263175215,0.0125151798356045,0.00012954729433295556,0.01937908039454466,239,-0.030348672641829666,0.0004698891789525645,0.021676927341128506,-0.022037962794516447,0.000626518905270086,0.025030359671209,-0.02936595482065958,0.0010964080842226504,0.03311205345825973,-0.0304067536721938,0.0017229269894927363,0.041508155698521905
V,V,2025-11-06,2025-11-07,1,sec_acceptance_time,2025-11-06T21:09:41.000Z,000140316125000089,8.1387295697592e-05,0.7893368603747527,0.00010444756862452087,0.010219959325971941,0.0006445902255472199,0.03438455440383577,239,-0.019902792676928998,0.0003133427058735626,0.01770148880387078,-0.00786750871604933,0.00041779027449808347,0.020439918651943882,0.007362295135695571,0.0007311329803716461,0.027039470785717053,-0.03292019046939441,0.0011489232548697295,0.033895770456942406
V,V,2024-11-13,2024-11-14,1,sec_acceptance_time,2024-11-13T22:14:01.000Z,000140316124000058,0.00018455990175357724,0.6097276809713602,8.963474561734758e-05,0.009467562812960238,0.0011301646786307257,0.014545386151103287,239,0.010384736165695773,0.00026890423685204274,0.01639829981589685,0.013875680176957991,0.00035853898246939034,0.018935125625920476,0.021519315336956592,0.0006274432193214331,0.025048816724975914,0.0061175534263820525,0.0009859822017908235,0.03140035352971083
V,V,2023-11-15,2023-11-16,1,sec_acceptance_time,2023-11-15T21:07:14.000Z,000140316123000099,0.00031989602320228256,0.8118195670145264,6.016390080063637e-05,0.0077565392283309165,0.00039582876716468126,0.019432493125025405,239,0.006311216426971156,0.00018049170240190911,0.01343472003437024,0.008875161724492441,0.00024065560320254547,0.015513078456661833,0.003462876208038212,0.0004211473056044546,0.02052187383268045,0.006112696004933773,0.000661802908807,0.02572553029204646
V,V,2022-11-16,2022-11-17,1,sec_acceptance_time,2022-11-16T21:06:43.000Z,000140316122000081,0.0009519268120450923,0.9826179080088188,0.00017043665736152735,0.013055139116896737,-0.0007941893669818723,0.0532896434314814,239,0.007471381552560877,0.000511309972084582,0.022612164250345033,-0.013647761690790437,0.0006817466294461094,0.026110278233793475,0.01674234298754241,0.0011930566015306914,0.03454065143466017,0.01748421696961095,0.0018748032309768008,0.043298998036638225
V,V,2021-11-18,2021-11-19,1,sec_acceptance_time,2021-11-18T21:06:50.000Z,000140316121000060,-0.000975105984864476,1.059626000228689,0.00014212550230996042,0.011921640084735003,0.0010279680131796722,0.013959386205535084,239,-0.04266262170441673,0.0004263765069298812,0.020648886336310762,0.005008940324555001,0.0005685020092398417,0.023843280169470005,-0.03889253953434141,0.0009948785161697229,0.03154169488422781,-0.05804792587145352,0.0015633805254095647,0.039539607046726766
V,V,2020-11-19,2020-11-20,1,sec_acceptance_time,2020-11-19T21:03:34.000Z,000140316120000070,5.7224955207125995e-05,1.1228407157981675,0.0001304730425002018,0.011422479700144001,0.0008091595633948006,0.11741205255433873,239,-0.0013395413351341545,0.0003914191275006054,0.019784315189073524,0.000990146757066412,0.0005218921700008072,0.022844959400288002,-0.009522647694372598,0.0009133112975014126,0.030221040642264663,-0.016996096626108827,0.0014352034675022198,0.03788407934082891
V,V,2019-11-14,2019-11-14,0,sec_acceptance_time,2019-11-14T20:35:00.000Z,000140316119000050,0.0004988256778404031,1.1594866125826846,6.454034976759952e-05,0.008033700876159101,0.0006999128499236371,0.0225925315201259,239,-0.010366149984653647,0.00019362104930279855,0.013914778090318169,0.00859809070209118,0.00025816139907039806,0.016067401752318203,0.009200740609856957,0.0004517824483731966,0.021255174625798692,0.0038619332284355497,0.0007099438474435947,0.02664477148416917
V,V,2018-11-16,2018-11-19,1,sec_acceptance_time,2018-11-16T21:10:27.000Z,000140316118000055,0.0009029512622308328,1.2349559663391179,7.23037684101151e-05,0.00850316225942532,0.0002825717402398585,0.02027905908055904,239,-0.02316784158781648,0.00021691130523034528,0.014727909058326823,-0.008943127005585385,0.0002892150736404604,0.01700632451885064,-0.012811838974936565,0.0005061263788708057,0.022497252696069486,-0.019838763635546118,0.0007953414525112661,0.028201798746024447
V,V,2017-11-17,2017-11-17,0,sec_acceptance_time,2017-11-17T01:07:25.000Z,000140316117000044,0.0007860822367139269,1.0762685405003447,4.189023068087705e-05,0.006472266270857299,0.0006747601010491415,0.004415918947956551,239,-0.010582711940905246,0.00012567069204263114,0.01121029402123919,-0.00955893254364851,0.0001675609227235082,0.012944532541714598,-0.01377999160230683,0.00029323161476613933,0.017124006971679828,-0.011386055664394316,0.00046079253748964753,0.021466078763706414
V,V,2016-11-15,2016-11-16,1,sec_acceptance_time,2016-11-15T21:44:02.000Z,000140316116000058,0.0001063944997815082,1.1998821242570814,7.098309704831922e-05,0.008425146707821723,0.00013791989147874523,0.0191233383807079,239,0.02314224993599209,0.00021294929114495765,0.014592782159168883,0.03118038592396691,0.00028393238819327687,0.016850293415643446,-0.016499053081073977,0.0004968816793382346,0.022290842948130843,-0.07428770015213616,0.0007808140675315114,0.02794305043354271
ORCL,ORCL,2025-06-18,2025-06-20,1,sec_acceptance_time,2025-06-18T20:31:22.000Z,000095017025087926,0.0006586349361138319,1.4438581130965553,0.0003314234135533128,0.018205038136552002,0.00047287748984994193,0.03858501467256843,239,-0.017249170624287873,0.0009942702406599384,0.031532051006237106,-0.02871461761108387,0.0013256936542132512,0.036410076273104004,-0.05180030005732049,0.00231996389487319,0.04816600351776333,0.145059504190048,0.003645657549086441,0.060379280793053845
ORCL,ORCL,2024-06-20,2024-06-21,1,sec_acceptance_time,2024-06-20T20:21:35.000Z,000095017024075605,-0.0002079861071215929,1.401446658057927,0.0003725398896868259,0.019301292435658965,0.0008513117674015094,0.012174089894873796,239,-0.02255654396381342,0.0011176196690604778,0.03343081915030617,-0.03354511245354834,0.0014901595587473036,0.03860258487131793,-0.009029812215749888,0.0026077792278077815,0.051066419766885765,-0.0011714267235655666,0.004097938786555085,0.06401514497800567
ORCL,ORCL,2023-06-20,2023-06-21,1,sec_acceptance_time,2023-06-20T20:06:29.000Z,000095017023028914,0.001871649487906088,0.8284763096746461,0.00014851785722407685,0.012186790275707416,0.0006111202093810487,0.03677946470642186,239,-0.03963768572036226,0.00044555357167223056,0.021108139938711572,-0.039876686049516344,0.0005940714288963074,0.024373580551414833,-0.049484534421462036,0.001039625000568538,0.0322432163496221,-0.024574984240904808,0.0016336964294648454,0.04041901074327334
ORCL,ORCL,2022-06-21,2022-06-21,0,sec_acceptance_time,2022-06-21T12:04:37.000Z,000156459022023675,-3.749779508484713e-05,0.9985626395800986,0.00024025734240863035,0.01550023685008169,-0.0003331122210414428,0.03427674301617124,239,-0.057218175571111904,0.0007207720272258911,0.02684719775369286,-0.018684554850230784,0.0009610293696345214,0.03100047370016338,-0.04591153019868187,0.0016818013968604125,0.04100977196791531,0.04782394472007612,0.002642830766494934,0.05140846979336123
ORCL,ORCL,2021-06-21,2021-06-22,1,sec_acceptance_time,2021-06-21T20:10:31.000Z,000156459021033616,0.0010493169272639043,0.5807715001523691,0.0001677068304154035,0.012950167196426597,0.0013516486140972715,0.022361618636495335,239,0.010936675936119673,0.0005031204912462105,0.022430347550722672,-0.005725865474151527,0.000670827321661614,0.025900334392853195,0.0030366159988100896,0.0011739478129078247,0.034262921838451324,-0.07066946469684515,0.0018447751345694386,0.042950845562915736
ORCL,ORCL,2020-06-22,2020-06-23,1,sec_acceptance_time,2020-06-22T20:25:49.000Z,000156459020030125,-0.00034454984067027594,0.9781998520503512,0.00022409081163612263,0.014969663043506444,0.0003301081165518461,0.11003189122548315,239,0.01667385490598373,0.0006722724349083679,0.025928216963539315,0.018349694824941927,0.0008963632465444905,0.02993932608701289,0.0865538845718208,0.0015686356814528584,0.03960600562355233,0.03241069642931316,0.002464998927997349,0.04964875555336054
ORCL,ORCL,2019-06-21,2019-06-24,1,sec_acceptance_time,2019-06-21T20:29:05.000Z,000156459019023119,0.000585947773838417,0.9512547125362064,7.134902987162217e-05,0.008446835494528241,0.0002873885994538198,0.023118418780730586,239,-0.0059054144949997976,0.0002140470896148665,0.014630348239699099,0.017577597180858957,0.00028539611948648867,0.016893670989056482,0.06755763919665068,0.0004994432091013552,0.022348226083995015,0.05694266337528293,0.0007848393285878438,0.02801498400120628
ORCL,ORCL,2018-06-22,2018-06-25,1,sec_acceptance_time,2018-06-22T20:09:07.000Z,000119312518201034,-0.0007339622278164181,1.0546042015781032,0.00012746969313228443,0.011290247700218293,0.000589684884265061,0.014914050672858321,239,0.04260626250016508,0.0003824090793968533,0.019555282646815754,0.012019515582796295,0.0005098787725291377,0.022580495400436586,-0.027677308426645664,0.000892287851925991,0.029871187655096523,0.002738380365972402,0.0014021666244551287,0.037445515411797026
ORCL,ORCL,2017-06-27,2017-06-28,1,sec_acceptance_time,2017-06-27T20:05:35.000Z,000119312517214833,6.607409714782261e-05,0.8773655396515687,6.306254474232394e-05,0.00794119290423825,0.0005765999171947734,0.006126020211436973,239,-0.006267287934226451,0.0001891876342269718,0.013754549582846099,-0.031377419343229275,0.00025225017896929574,0.0158823858084765,-0.017146130284379377,0.0004414378131962675,0.021010421537805173,0.07651709049432426,0.0006936879921655633,0.026337957251190976
ORCL,ORCL,2016-06-22,2016-06-23,1,sec_acceptance_time,2016-06-22T20:24:36.000Z,000119312516628942,-9.922694530367574e-05,1.07863651224149,6.978857969151998e-05,0.00835395593066662,6.162075927960812e-05,0.026776658796316428,239,0.00821653424932757,0.00020936573907455995,0.01446947611610593,0.0041605492603825,0.00027915431876607993,0.01670791186133324,0.005353928816591413,0.0004885200578406399,0.022102489856137022,0.050659649798687555,0.0007676743766067199,0.027706937337185426
COST,COST,2025-10-08,2025-10-08,0,sec_acceptance_time,2025-10-08T01:16:06.000Z,000090983225000101,-0.00010306392191635302,0.5482594834174003,0.00014319874827298246,0.011966567940432313,0.0006564462629006422,0.03416968039415206,239,0.03565812339748839,0.00042959624481894737,0.020726703665053626,0.028053922949183446,0.0005727949930919298,0.023933135880864626,0.026288184318465194,0.0010023912379108772,0.031660562817342294,0.034233748999868294,0.001575186231002807,0.03968861588670997
COST,COST,2024-10-09,2024-10-09,0,sec_acceptance_time,2024-10-08T22:40:07.000Z,000090983224000049,0.0009252174538988494,0.8699127261622671,0.00011068425473644744,0.010520658474470476,0.001203370260448869,0.014876380921266155,239,0.007635586444444242,0.00033205276420934234,0.01822231500686294,-0.020421933699627318,0.0004427370189457898,0.02104131694894095,-0.01410910077564569,0.0007747897831551321,0.027835045952093056,-0.018494325790908726,0.001217526802100922,0.0348930767072914
COST,COST,2023-10-11,2023-10-11,0,sec_acceptance_time,2023-10-10T23:13:15.000Z,000090983223000042,0.0003530255129121846,0.8534223137751026,0.00010529372553546571,0.010261273095258,0.0006156948078424602,0.024253137405605737,239,0.004770529956035443,0.00031588117660639716,0.017773046351326413,0.013476198646164917,0.00042117490214186286,0.020522546190516,-0.02037873024310155,0.00073705607874826,0.027148776744970664,-0.003910965494509656,0.001158230980890123,0.034032792728339575
COST,COST,2022-10-05,2022-10-05,0,sec_acceptance_time,2022-10-05T01:59:05.000Z,000090983222000021,0.0011577100244542146,0.9517567042481848,0.00020643159803323657,0.014367727657261483,-0.0007252838509606988,0.04551963480446887,239,-0.010760447811895904,0.0006192947940997097,0.024885634291689447,-0.00026067818428016434,0.0008257263921329463,0.028735455314522967,-0.028001995594805176,0.001445021186232656,0.03801343428621855,-0.019795614225907004,0.0022707475783656024,0.04765236172914835
COST,COST,2021-10-06,2021-10-06,0,sec_acceptance_time,2021-10-06T00:49:17.000Z,000090983221000014,0.0003093801194335717,0.635689908681365,9.742003069207148e-05,0.00987015859508202,0.0009690040275108582,0.01736300663515266,239,0.01316027598164304,0.00029226009207621446,0.017095616165444708,0.004252691049175637,0.00038968012276828593,0.01974031719016404,-0.00909460239899421,0.0006819402148445004,0.026113985043353695,-0.009425560316582132,0.0010716203376127864,0.03273561268118846
COST,COST,2020-10-07,2020-10-07,0,sec_acceptance_time,2020-10-06T23:07:39.000Z,000090983220000017,0.0004238175574382668,0.5993664347431494,0.0001570547825983839,0.012532149959140447,0.0006845315617362933,0.1126778271231906,239,0.009968377781790634,0.00047116434779515166,0.02170632045730348,0.01767129901295069,0.0006282191303935356,0.025064299918280894,0.019533377481589766,0.0010993834781886872,0.03315695218485389,0.040346568987337024,0.0017276026085822228,0.04156443923093662
COST,COST,2019-10-11,2019-10-11,0,sec_acceptance_time,2019-10-10T22:06:12.000Z,000090983219000019,0.0008695226646350701,0.8682685496793732,0.00010909910952332238,0.010445051915779184,0.000264294412964325,0.02564892080878772,239,-0.01438501266489022,0.0003272973285699672,0.018091360605824183,-0.013169598093208718,0.00043639643809328954,0.020890103831558367,-0.002950750807264219,0.0007636937666632567,0.027635009800310487,0.014961017027060779,0.0012000902047565461,0.0346423181204224
COST,COST,2018-10-26,2018-10-26,0,sec_acceptance_time,2018-10-26T13:21:46.000Z,000090983218000013,0.0012284688447506398,0.7927292207608893,9.065433569320158e-05,0.009521257043752236,0.00031483168627791704,0.017731311036960056,239,-0.004592351551407713,0.00027196300707960476,0.016491300951701923,0.003967031082937599,0.0003626173427728063,0.019042514087504472,0.0029845320297519334,0.0006345803498524111,0.025190878306490447,0.0071972162565472255,0.0009971976926252174,0.031578437146654634
LRCX,LRCX,2025-08-11,2025-08-12,1,sec_acceptance_time,2025-08-11T20:35:11.000Z,000070754925000075,-0.00010854169979186408,1.848981183417727,0.0004089224626662832,0.020221831338093077,0.0005802934100528592,0.035476211874263905,239,0.02648749492379659,0.0012267673879988495,0.03502523929966574,-0.04298982590904339,0.0016356898506651328,0.040443662676186154,0.011157177032642726,0.0028624572386639823,0.05350193677488678,0.0012267741118987333,0.004498147089329115,0.0670682271223052
LRCX,LRCX,2024-08-29,2024-08-29,0,sec_acceptance_time,2024-08-29T18:10:55.000Z,000070754924000106,-0.0007166001034491422,2.175203738960767,0.00031420859732276385,0.017725930083433247,0.0010018446611377324,0.014846641887780967,239,-0.005368734923999658,0.0009426257919682916,0.030702211515920015,-0.018487941380721108,0.0012568343892910554,0.035451860166866495,-0.050352037339250894,0.002199460181259347,0.04689840275808278,-0.07841739574319201,0.0034562945705504024,0.058790259146821275
LRCX,LRCX,2023-08-15,2023-08-16,1,sec_acceptance_time,2023-08-15T20:04:08.000Z,000070754923000102,0.001470866664194377,1.6720548693044255,0.00042722096578798693,0.020669324270231645,0.0004170907451577719,0.03329898801807449,239,0.012355034360582239,0.0012816628973639607,0.035800319794157716,0.02907561053774356,0.0017088838631519477,0.04133864854046329,-0.0076773094841828884,0.0029905467605159087,0.05468589178678454,-0.016549966739783956,0.004699430623667856,0.0685523932745448
LRCX,LRCX,2022-08-24,2022-08-25,1,sec_acceptance_time,2022-08-24T20:09:20.000Z,000070754922000107,-6.934918143838321e-05,1.7756638336946384,0.00035969344177241575,0.0189655857218388,-0.00016061948868289545,0.04180138643295668,239,0.00851345799254281,0.0010790803253172472,0.03284935806552766,0.023718890750617866,0.001438773767089663,0.0379311714436776,0.03232826382159476,0.00251785409240691,0.050178223288662886,-0.005293267095643836,0.003956627859496574,0.06290173176866097
LRCX,LRCX,2021-08-17,2021-08-18,1,sec_acceptance_time,2021-08-17T20:06:57.000Z,000070754921000136,0.001000540129462044,1.8159409860791444,0.0004903680999227185,0.02214425658997652,0.0010574758941904962,0.02199300858940455,239,0.007302981821961594,0.0014711042997681554,0.03835497750968126,-0.006971807901941584,0.001961472399690874,0.04428851317995304,-0.012344499808316197,0.0034325766994590294,0.058588195905481075,-0.08041788392424293,0.005394049099149903,0.07344419037030706
LRCX,LRCX,2020-08-18,2020-08-19,1,sec_acceptance_time,2020-08-18T20:30:43.000Z,000070754920000138,0.0021015380242049887,1.5341987199513147,0.0005403874217287125,0.023246234570973263,0.0007787688884781375,0.10924173638683157,239,-0.06296063182006455,0.0016211622651861376,0.04026365936158979,-0.0912807798824458,0.00216154968691485,0.046492469141946526,-0.11131614451137302,0.0037827119521009877,0.061503755593467525,-0.13487734771332144,0.005944261639015838,0.07709903786050665
LRCX,LRCX,2019-08-20,2019-08-21,1,sec_acceptance_time,2019-08-20T20:15:59.000Z,000070754919000124,0.001027427429833638,1.5355385199511864,0.0003526715310442965,0.01877955087440316,6.980717154701782e-05,0.024939128628574947,239,0.008808732211721737,0.0010580145931328895,0.03252713625779081,-0.01830147013241318,0.001410686124177186,0.03755910174880632,-0.010771809172275416,0.002468700717310076,0.04968602134715634,-0.0018341943186220844,0.0038793868414872617,0.06228472398178595
LRCX,LRCX,2018-08-14,2018-08-15,1,sec_acceptance_time,2018-08-14T20:18:51.000Z,000070754918000115,-0.00030180829696050196,1.8678610039015249,0.00034777234070281973,0.018648655198239356,0.0006958931042463436,0.015029655431589448,239,-0.03321505241497611,0.0010433170221084591,0.03230041829618402,-0.040593805796633645,0.001391089362811279,0.03729731039647871,-0.07340294058211765,0.002434406384919738,0.04933970394033327,-0.0684819550675485,0.0038254957477310172,0.06185059213727074
LRCX,LRCX,2017-08-15,2017-08-16,1,sec_acceptance_time,2017-08-15T20:08:17.000Z,000070754917000100,0.001459954805258474,1.5393097232278654,0.00017925700620123556,0.013388689487819022,0.0005585591060946238,0.00623024975957474,239,0.018058820097533488,0.0005377710186037067,0.023189890439665874,0.006184940947800758,0.0007170280248049423,0.026777378975638044,0.055682979194737095,0.0012547990434086489,0.03542314276583387,0.043325986172289915,0.0019718270682135912,0.04440525946567131
LRCX,LRCX,2016-08-17,2016-08-17,0,sec_acceptance_time,2016-08-16T23:26:13.000Z,000070754916000050,0.0006820832884245595,1.3021506987253297,0.00016924402434944638,0.013009382166323134,0.00043832116268685073,0.023113895119230427,239,0.0019688238248576997,0.0005077320730483392,0.022532910887152133,0.031420771428917506,0.0006769760973977855,0.026018764332646268,0.04496586520686493,0.0011847081704461247,0.03441958992268973,-0.008569715000225443,0.0018616842678439102,0.04314723940003474
AMAT,AMAT,2025-12-12,2025-12-15,1,sec_acceptance_time,2025-12-12T21:01:56.000Z,000162828025056742,0.0013843436952858533,1.665435496734178,0.0004393331685781673,0.020960275966173902,0.0006872689811466996,0.034578792390909566,239,-0.021471506241685423,0.0013179995057345018,0.03630426291407804,-0.013939956682336243,0.0017573326743126692,0.041920551932347803,-0.043724349438570134,0.0030753321800471712,0.05545567761778023,-0.04900381688928279,0.00483266485435984,0.06951737088210284
AMAT,AMAT,2024-12-13,2024-12-16,1,sec_acceptance_time,2024-12-13T21:01:17.000Z,000000695124000044,-0.0018488430259385933,2.3556309864618434,0.00040801680785222476,0.020199425928778887,0.0010486358118325728,0.014282544969289657,239,0.013201992112417288,0.0012240504235566743,0.03498643199236919,0.03195962744353228,0.001632067231408899,0.040398851857557774,0.03830517428371818,0.002856117654965573,0.05344265763381882,0.033184989970297674,0.004488184886374472,0.0669939167863357
AMAT,AMAT,2023-12-15,2023-12-18,1,sec_acceptance_time,2023-12-15T21:01:24.000Z,000000695123000041,0.0008058206111554486,1.6016929877851096,0.0002755948471224747,0.01660104957894153,0.0008067028191807641,0.01680456080996358,239,-0.015179477506716589,0.0008267845413674241,0.028753861329696644,-0.015226807104577897,0.0011023793884898988,0.03320209915788306,-0.013533990869344911,0.0019291639298573229,0.04392224868853282,0.041641463841668676,0.0030315433183472217,0.05505945257943654
AMAT,AMAT,2022-12-16,2022-12-19,1,sec_acceptance_time,2022-12-16T21:50:05.000Z,000000695122000043,7.203058483931527e-05,1.7196203508001855,0.00032948999658547834,0.01815185931483269,-0.0007085488041443452,0.05594988763618351,239,0.022490276432757847,0.000988469989756435,0.031439942585132614,-0.05426358402831994,0.0013179599863419134,0.03630371862966538,-0.04670413009173172,0.0023064299760983484,0.04802530558047859,-0.06867044742306658,0.0036243899624402616,0.06020290659461769
AMAT,AMAT,2021-12-17,2021-12-20,1,sec_acceptance_time,2021-12-17T21:14:51.000Z,000000695121000043,0.0006298192728130506,2.117366211749558,0.0004664061108015113,0.021596437456245215,0.0010090346727394707,0.015745761810940645,239,0.03901815534377792,0.0013992183324045338,0.03740612693670027,0.01237698847792516,0.0018656244432060452,0.04319287491249043,0.007264114906212579,0.0032648427756105792,0.05713880271418521,0.007734772659380478,0.005130467218816624,0.0716272798507428
AMAT,AMAT,2020-12-11,2020-12-11,0,sec_acceptance_time,2020-12-11T20:52:08.000Z,000000695120000048,0.001091001642308149,1.4411384494246162,0.00041233885300016914,0.020306128459166437,0.0007879569346503194,0.11809705782718805,239,0.014411556733057765,0.0012370165590005074,0.03517124619629659,-0.009939650139693244,0.0016493554120006765,0.040612256918332874,-0.017785289561613852,0.002886371971001184,0.0537249659934856,-0.02810325035064183,0.004535727383001861,0.06734780904381271
AMAT,AMAT,2019-12-13,2019-12-16,1,sec_acceptance_time,2019-12-13T21:07:21.000Z,000000695119000046,0.0010937582626689272,1.7309957081592457,0.0003396783388345238,0.018430364587672263,0.0010487546078184248,0.015391042210708816,239,-0.009132126529946155,0.0010190350165035715,0.031922327867866584,-0.010894626319743595,0.0013587133553380952,0.036860729175344525,0.02280153334274347,0.0023777483718416667,0.04876216127123229,0.02307473816413651,0.0037364617271797617,0.061126604086762105
AMAT,AMAT,2018-12-13,2018-12-14,1,sec_acceptance_time,2018-12-13T21:16:55.000Z,000000695118000041,-0.0014393296147349388,1.6888838857115718,0.00033366451100576,0.01826648600595528,6.858568121013468e-05,0.023262000257170484,239,0.026815330898253952,0.00100099353301728,0.03163848183806044,0.03418784296594337,0.00133465804402304,0.03653297201191056,0.01686628087124708,0.0023356515770403203,0.048328579298799176,0.06685226416052283,0.00367030962106336,0.06058308032003127
AMAT,AMAT,2017-12-15,2017-12-18,1,sec_acceptance_time,2017-12-15T21:36:31.000Z,000000695117000038,0.0006570389167156964,1.9984602151378406,0.00020771487024577712,0.014412316616206332,0.0006963603517900446,0.004282770795344671,239,0.0079330139805821,0.0006231446107373313,0.024962864634038524,-0.02111489579427608,0.0008308594809831085,0.028824633232412664,0.00861285142603506,0.00145400409172044,0.03813140558280589,-0.03518762715692715,0.0022848635727035485,0.04780024657576097
AMAT,AMAT,2016-12-15,2016-12-16,1,sec_acceptance_time,2016-12-15T21:46:47.000Z,000000695116000068,0.0019296362190250984,1.5366665940591984,0.00023394153581823157,0.015295147459839398,0.0003604801140078998,0.01694072581252779,239,-0.00226599975942431,0.0007018246074546947,0.02649197250969989,-0.02434652930454189,0.0009357661432729263,0.030590294919678795,-0.0006817946835559433,0.001637590750727621,0.04046715644479633,-0.02679831391008087,0.0025733568940005474,0.05072826523744477
APH,APH,2025-02-07,2025-02-10,1,sec_acceptance_time,2025-02-07T21:43:42.000Z,000155837025000714,0.00010428126455442732,1.6606367962477793,0.0002105279461470805,0.014509581184413301,0.000819763763777741,0.015787093171727627,239,0.0032966027292409723,0.0006315838384412416,0.025131331807949246,-0.030339575623045376,0.000842111784588322,0.029019162368826602,-0.026151550726599766,0.0014736956230295636,0.03838874344165961,-0.04992972241582532,0.0023158074076178856,0.04812283665389942
APH,APH,2024-02-07,2024-02-08,1,sec_acceptance_time,2024-02-07T21:41:10.000Z,000155837024000866,0.00023924187996723044,1.055500628173456,7.069043357174729e-05,0.008407760318405092,0.0007395854381020919,0.014533497059436587,239,0.008274114229332406,0.00021207130071524186,0.0145626680493391,-0.00336552179564398,0.00028276173428698915,0.016815520636810185,-0.0040380013839288196,0.000494833035002231,0.02224484288553711,0.002471640296128616,0.0007775947692892202,0.027885386303388736
APH,APH,2023-02-08,2023-02-09,1,sec_acceptance_time,2023-02-08T21:37:48.000Z,000155837023001036,0.0006722553271256583,1.0758865658549026,7.457974795424019e-05,0.008635956690155423,-0.00014136595680459528,0.05526965067260038,239,-0.0013556074086262544,0.00022373924386272058,0.014957915759313548,-0.014137254026378554,0.00029831899181696075,0.017271913380310845,-0.015632041534835387,0.0005220582356796813,0.02284859373527573,0.0026537173920159664,0.000820377227496642,0.028642228047005037
APH,APH,2022-02-09,2022-02-10,1,sec_acceptance_time,2022-02-09T21:39:10.000Z,000155837022000961,0.00016069895508862974,1.2753407391667015,5.6214580284859214e-05,0.00749763831381984,0.0007375126949361685,0.017292655115307795,239,-0.015726841420965556,0.00016864374085457764,0.012986290496311009,-0.008106555137724406,0.00022485832113943686,0.01499527662763968,-0.017368315663932057,0.0003935020619940145,0.019836886398676947,-0.005825993565765308,0.0006183603831334514,0.02486685310073334
APH,APH,2021-02-10,2021-02-11,1,sec_acceptance_time,2021-02-10T22:11:44.000Z,000155837021000881,0.00048240596322640943,1.0227392865908196,0.0001687527483754791,0.012990486841357375,0.0009680799659187623,0.11808375554012561,239,0.020290738478352457,0.0005062582451264374,0.022500183224285916,0.012879896721922808,0.0006750109935019165,0.02598097368271475,0.019566717660378586,0.0011812692386283538,0.03436959759188859,0.02152653434511737,0.0018562802321302702,0.043084570696831484
APH,APH,2020-02-12,2020-02-13,1,sec_acceptance_time,2020-02-12T21:51:12.000Z,000155837020000728,-0.0004495263639325025,1.2739990528428347,8.094511660057027e-05,0.008996950405585787,0.0007658906366304519,0.013612594851891308,239,0.006950431267803074,0.00024283534980171082,0.015583175215652003,-0.004491651550528849,0.0003237804664022811,0.017993900811171575,-0.020967708852797737,0.0005666158162039919,0.0238036933311617,-0.023519811196011278,0.0008903962826062729,0.029839508752763894
APH,APH,2019-02-13,2019-02-14,1,sec_acceptance_time,2019-02-13T21:59:26.000Z,000155837019000636,5.528332421214265e-05,1.0114339080198784,7.427590777842071e-05,0.008618347160472287,3.093036459004757e-05,0.026226624421319445,239,0.0006778970025731797,0.00022282772333526214,0.014927415159204963,0.00585949733665337,0.00029710363111368286,0.017236694320944573,0.00648485098898881,0.000519931354448945,0.02280200329902934,0.0264628064636604,0.0008170349855626278,0.028583823844311452
APH,APH,2018-02-21,2018-02-22,1,sec_acceptance_time,2018-02-21T22:28:05.000Z,000155837018000871,0.0004873974845022522,0.9542438009201966,3.742334398618561e-05,0.006117462217797966,0.0004832024563004179,0.008791713933575498,239,-0.0072288379204010315,0.00011227003195855682,0.010595755374609063,-0.0004098120353462423,0.00014969337594474244,0.012234924435595932,0.022901558451850056,0.0002619634079032993,0.016185283683127067,0.013171896198833726,0.0004116567838480417,0.020289326845611258
APH,APH,2017-02-17,2017-02-17,0,sec_acceptance_time,2017-02-17T19:28:24.000Z,000155837017000659,0.00034956767256503433,0.9728330906149825,4.287178306612985e-05,0.006547654776034688,0.0006657221129399734,0.009967524414763715,239,0.00037194011025400847,0.00012861534919838955,0.011340870742513097,0.00020848986416662635,0.0001714871322645194,0.013095309552069376,-0.0028098812821479033,0.000300102481462909,0.017323466208092102,-0.01240254165111274,0.0004715896137274284,0.02171611414888558
APH,APH,2016-02-19,2016-02-22,1,sec_acceptance_time,2016-02-19T21:13:34.000Z,000110465916098503,4.9560927543118626e-05,1.0345553488815533,9.786824000235006e-05,0.00989283781340572,-0.0005384872708620416,0.026116591958950344,239,-0.0011798183135462428,0.0002936047200070502,0.017134897723857304,-0.006689446467964297,0.00039147296000940023,0.01978567562681144,0.007932560085009529,0.0006850776800164503,0.026173988614967537,0.02225392152111469,0.0010765506400258506,0.03281083113890672
DE,DE,2025-12-18,2025-12-18,0,sec_acceptance_time,2025-12-18T13:15:12.000Z,000110465925122321,5.3404844302266236e-05,0.7807328409220735,0.00022677364525010377,0.01505900545355183,0.000622296464163143,0.03448233227322123,239,-0.035135880529007506,0.0006803209357503113,0.026082962557008576,-0.0529573853691417,0.0009070945810004151,0.03011801090710366,-0.048750853256718366,0.0015874155167507264,0.039842383422063574,-0.005084481155420494,0.0024945100977511415,0.049945070805347165
DE,DE,2024-12-12,2024-12-12,0,sec_acceptance_time,2024-12-12T16:37:47.000Z,000155837024016169,0.00016913600224071278,0.5809637240620019,0.00019868923073314656,0.014095716751309476,0.0010706695765904837,0.014282324198506852,239,-0.009822441093287023,0.0005960676921994397,0.02441449758236773,-0.0071714336819848346,0.0007947569229325862,0.028191433502618952,0.0020937143607663977,0.001390824615132026,0.037293761075172155,-0.046518932073441197,0.002185581538064612,0.046750203615220885
DE,DE,2023-12-15,2023-12-15,0,sec_acceptance_time,2023-12-15T15:27:39.000Z,000155837023019812,-0.001288469850217601,0.8895359170795398,0.00022991450869475956,0.015162932061272304,0.00077262281926298,0.016817050943211183,239,0.0131910584643465,0.0006897435260842786,0.026262968721838715,0.0066655874916219035,0.0009196580347790382,0.030325864122544607,0.06669190596527184,0.0016094015608633168,0.040117347380694515,0.07814180730441184,0.002529059595642355,0.05028975636889042
DE,DE,2022-12-15,2022-12-15,0,sec_acceptance_time,2022-12-15T16:32:02.000Z,000155837022018703,0.0018103235988029226,0.7699919551833848,0.0003721727825371926,0.019291780180615593,-0.0007076302410430838,0.05584259075785131,239,0.013149752835594187,0.0011165183476115777,0.0334143434412765,0.019839051260575627,0.0014886911301487703,0.03858356036123119,0.010791900771213375,0.002605209477760348,0.05104125270563359,-0.008723455179244962,0.004093900607909118,0.06398359639711665
DE,DE,2021-12-16,2021-12-16,0,sec_acceptance_time,2021-12-16T16:39:34.000Z,000155837021016864,0.00034856158817643166,1.1368603985394914,0.00027856795559989665,0.01669035516697882,0.0009954203357992345,0.015616292218595893,239,-0.0021922024209150293,0.0008357038667996899,0.028908543145577052,0.03081175071435114,0.0011142718223995866,0.03338071033395764,-0.010699035636337055,0.0019499756891992765,0.04415852906516788,-0.04252439325616936,0.003064247511598863,0.0553556457066383
DE,DE,2020-12-17,2020-12-17,0,sec_acceptance_time,2020-12-17T16:19:00.000Z,000155837020014436,0.0012377295339581619,1.0599482549167702,0.00030414046070365095,0.017439623295921587,0.000798637701080929,0.11818603681725805,239,0.025089176449323763,0.0009124213821109529,0.03020631361339799,0.030131734632357035,0.0012165618428146038,0.034879246591843174,0.03689923311125673,0.0021289832249255566,0.04614090619965712,0.03368734429594213,0.0033455450677401604,0.057840686957713085
DE,DE,2019-12-19,2019-12-19,0,sec_acceptance_time,2019-12-19T20:37:52.000Z,000155837019011614,-0.0005496536542607629,1.3185845556356453,0.0001679259416347988,0.01295862421844228,0.000976933771596191,0.015298494286783048,239,-0.0054475613659187554,0.0005037778249043965,0.022444995542534565,-0.00012865770765576419,0.0006717037665391952,0.02591724843688456,-0.007095566503229688,0.0011754815914435917,0.03428529701553702,0.0010745995674516862,0.001847185357982787,0.04297889433178554
DE,DE,2018-12-17,2018-12-17,0,sec_acceptance_time,2018-12-17T17:00:46.000Z,000104746918007694,-1.6652383680095198e-05,1.3725816709678997,0.00019654119129236213,0.014019314936628042,-2.4559522062763262e-05,0.023805688051007218,239,0.06126347736366883,0.0005896235738770864,0.024282165757549025,0.042175931043884715,0.0007861647651694485,0.028038629873256084,0.07488248834390526,0.001375788339046535,0.03709162087381104,0.08608514476795104,0.0021619531042159834,0.046496807462620304
DE,DE,2017-12-18,2017-12-18,0,sec_acceptance_time,2017-12-18T16:40:12.000Z,000104746917007719,0.0008835184055526101,1.2082197480782229,9.35345042315785e-05,0.009671323809674583,0.0006963603517900446,0.004282770795344671,239,0.0173671114691505,0.0002806035126947355,0.016751224214806973,0.02529857653216404,0.000374138016926314,0.019342647619349167,0.016170441872287698,0.0006547415296210495,0.02558791764917672,0.02382013557618431,0.0010288795465473635,0.03207615230272115
DE,DE,2016-12-19,2016-12-19,0,sec_acceptance_time,2016-12-19T15:46:49.000Z,000104746916017244,0.0010994349499785123,0.8646592247213013,0.00025754139867293133,0.01604809641898164,0.0004155270319280738,0.016913699648622448,239,0.015321819365376972,0.000772624196018794,0.027796118362440357,0.0075873863273920395,0.0010301655946917253,0.03209619283796328,0.013769569295810233,0.0018027897907105194,0.04245927214061163,-0.012693736007203343,0.0028329553854022447,0.05322551442120822
PEP,PEP,2025-02-04,2025-02-04,0,sec_acceptance_time,2025-02-03T23:22:47.000Z,000007747625000007,-0.00023354364931031906,0.010581869623120424,0.0001107884856046771,0.01052561093736022,0.0007869425341880826,0.0159752523999854,239,-0.03211961870988365,0.0003323654568140313,0.018230892924210578,-0.03654372793706445,0.0004431539424187084,0.02105122187472044,-0.03634298237830457,0.0007755193992327397,0.027848148937276596,-0.05558706156925929,0.001218673341651448,0.034909502168484846
PEP,PEP,2024-02-09,2024-02-09,0,sec_acceptance_time,2024-02-08T22:58:51.000Z,000007747624000008,-0.00025778957456017073,0.3859673638221829,7.91833122494172e-05,0.00889850056185969,0.0008034393880474367,0.014658382522590246,239,-0.0054304778858990585,0.0002375499367482516,0.015412655084321183,-0.035445172128600586,0.0003167332489976688,0.01779700112371938,-0.02186752825471981,0.0005542831857459204,0.023543219528049268,-0.035812306000930036,0.0008710164347435893,0.0295129875604553
PEP,PEP,2023-02-09,2023-02-09,0,sec_acceptance_time,2023-02-08T23:06:37.000Z,000007747623000007,0.00038066378911099557,0.5116458408094863,9.72903408688106e-05,0.009863586612830579,-0.00014136595680459528,0.05526965067260038,239,0.034849376136022625,0.0002918710226064318,0.01708423315827877,0.02307634106938517,0.0003891613634752424,0.019727173225661157,0.036279598381550794,0.0006810323860816742,0.026096597212695645,0.02242601363737653,0.0010701937495569166,0.03271381588193155
PEP,PEP,2022-02-10,2022-02-10,0,sec_acceptance_time,2022-02-09T23:03:39.000Z,000007747622000010,0.0009933716957002251,0.4506793736183751,6.198491492239652e-05,0.007873049912352678,0.0007375126949361685,0.017292655115307795,239,-0.012790088233816754,0.00018595474476718955,0.013636522458720535,-0.027741900733468307,0.0002479396596895861,0.015746099824705356,-0.0425672088496852,0.0004338944044567756,0.02083013212768406,-0.040964961895805306,0.0006818340641463617,0.026111952515014303
PEP,PEP,2021-02-11,2021-02-11,0,sec_acceptance_time,2021-02-10T22:41:49.000Z,000007747621000007,-0.0005982143444901062,0.8911532980136838,0.00017089282118312754,0.013072598103786696,0.0009680799659187623,0.11808375554012561,239,-0.045163613425843976,0.0005126784635493826,0.02264240410268712,-0.026064616228017083,0.0006835712847325101,0.02614519620757339,-0.052845638519929926,0.0011962497482818928,0.03458684357211413,-0.05117766824380306,0.001879821033014403,0.04335690294537195
PEP,PEP,2020-02-13,2020-02-13,0,sec_acceptance_time,2020-02-13T11:09:23.000Z,000007747620000015,0.0006741299788393803,0.5158880148571136,5.575389850839747e-05,0.00746685332040194,0.0007658906366304519,0.013612594851891308,239,0.000753543219092186,0.0001672616955251924,0.012932969323600533,-0.007444874507607483,0.0002230155940335899,0.01493370664080388,-0.012573649848170096,0.0003902772895587823,0.019755436961980424,0.0028195755946195597,0.0006132928835923722,0.024764750828392607
PEP,PEP,2019-02-15,2019-02-19,1,sec_acceptance_time,2019-02-15T21:23:02.000Z,000007747619000017,0.0002825255208090138,0.4211893193662973,0.00011293100611586782,0.010626900117902106,-1.4171917152486688e-06,0.026015173485470347,239,0.02198835708358473,0.00033879301834760343,0.018406330931166143,0.003600685718540131,0.00045172402446347126,0.021253800235804213,0.01699484677399012,0.0007905170428110747,0.028116134919491952,0.009996577746736618,0.001242241067274546,0.03524544037566485
PEP,PEP,2018-02-13,2018-02-14,1,sec_acceptance_time,2018-02-13T21:32:31.000Z,000007747618000012,3.0117887171050677e-05,0.4437822375325406,3.930289741957057e-05,0.0062692022953140195,0.0005578127557881136,0.007144872845353068,239,-0.020650524185572512,0.00011790869225871171,0.010858576898411307,-0.03238596098683855,0.0001572115896782823,0.012538404590628039,-0.02846648727430732,0.000275120281936994,0.01658675019215621,-0.03959772124222734,0.0004323318716152763,0.020792591748391452
PEP,PEP,2017-02-15,2017-02-16,1,sec_acceptance_time,2017-02-15T21:35:15.000Z,000007747617000010,7.497986939599403e-05,0.5411943975427345,4.945764533831801e-05,0.007032612980842755,0.0007415223026977733,0.010478657861084944,239,0.008156601100803114,0.00014837293601495404,0.012180842992788063,0.021518121069737065,0.00019783058135327205,0.01406522596168551,0.019520298307351528,0.00034620351736822607,0.018606545014274577,0.02085408055343253,0.0005440340987214981,0.023324538553238263
PEP,PEP,2016-02-11,2016-02-12,1,sec_acceptance_time,2016-02-11T21:40:10.000Z,000007747616000066,0.0003341308545846311,0.7194802707381965,3.78923099559144e-05,0.006155672989683126,-0.0003620134839506722,0.025530505284979552,239,-0.007928640621129574,0.00011367692986774319,0.010661938372910584,-0.007899271241649072,0.0001515692398236576,0.012311345979366253,-0.0057359381447435005,0.0002652461696914008,0.01628637988293902,0.00987455913697494,0.0004168154095150584,0.020416057638904195
SCCO,SCCO,2025-03-03,2025-03-03,0,sec_acceptance_time,2025-03-03T16:18:47.000Z,000155837025002017,-4.58447291490652e-05,1.0857583150552157,0.000490662121663587,0.022150894376155264,0.0007028278255155496,0.015664800038718292,239,-0.03600021563667499,0.001471986364990761,0.03836647449259263,0.06256563429917836,0.001962648486654348,0.04430178875231053,0.01820199897899958,0.003434634851645109,0.05860575783696606,0.027395051734476816,0.005397283338299457,0.07346620541650056
SCCO,SCCO,2024-02-29,2024-02-29,0,sec_acceptance_time,2024-02-29T15:15:22.000Z,000155837024002119,-0.0006222705641891504,1.5403671488615858,0.00032852908063452633,0.018125371186117165,0.0010338229631637586,0.01368143559956134,239,-0.017109333227531772,0.000985587241903579,0.03139406380039989,0.01462751795386373,0.0013141163225381053,0.03625074237223433,-0.016105903387093973,0.0022997035644416845,0.047955224579201844,-0.02843739278670842,0.00361381988697979,0.060115055410269645
SCCO,SCCO,2023-02-28,2023-02-28,0,sec_acceptance_time,2023-02-28T20:39:20.000Z,000155837023002328,0.0005138670488334395,0.8254734610550201,0.0004847325496867315,0.022016642561633496,1.9104781275840076e-05,0.05351859197609565,239,0.07038404149061148,0.0014541976490601944,0.038133943528832606,0.06726670152699041,0.001938930198746926,0.04403328512326699,0.05140379599478187,0.0033931278478071206,0.058250560922682285,-0.003135046676675912,0.005332058046554047,0.07302094252030747
SCCO,SCCO,2022-03-07,2022-03-08,1,sec_acceptance_time,2022-03-07T22:15:56.000Z,000155837022002968,-0.00025578747371593204,1.0356990186167354,0.00041449036616995937,0.020359036474498476,0.0005014228968813569,0.01814491418847114,239,-0.010132689153557608,0.001243471098509878,0.03526288556697932,-0.0028838493810366943,0.0016579614646798375,0.04071807294899695,0.06185864693924548,0.0029014325631897156,0.05386494744441617,0.018054035369416188,0.0045593940278695535,0.06752328507907145
SCCO,SCCO,2020-02-28,2020-03-02,1,sec_acceptance_time,2020-02-28T21:24:56.000Z,000155837020001781,-0.0007921591715831025,1.411738646480978,0.00020731811682976668,0.014398545649813618,0.0007763783963635226,0.013499428365103663,239,0.021996166196614687,0.0006219543504893,0.024939012620577024,0.01740030175762051,0.0008292724673190667,0.028797091299627237,0.059222192502107154,0.0014512268178083667,0.038094971030417736,0.12385350240376793,0.0022804992851274335,0.04775457344723575
SCCO,SCCO,2019-03-01,2019-03-04,1,sec_acceptance_time,2019-03-01T21:48:11.000Z,000104746919000845,-0.0013390219910518314,0.9450818854121239,0.00033897364972747636,0.018411237050439504,6.805813742570397e-05,0.025595346497530796,239,0.020165735488570435,0.001016920949182429,0.03188919800155578,0.02409917711605921,0.0013558945989099055,0.03682247410087901,-0.002854268474343216,0.0023728155480923344,0.04871155456452129,0.04202451876503716,0.00372871014700224,0.06106316522259749
SCCO,SCCO,2018-03-01,2018-03-02,1,sec_acceptance_time,2018-03-01T21:36:47.000Z,000104746918001211,0.0010145632103324524,1.1416911834090424,0.000161367289314829,0.012703042521964138,0.0005648774784660944,0.00912606094554598,239,0.003830175855771064,0.000484101867944487,0.022002315058749774,0.007197467538394693,0.000645469157259316,0.025406085043928276,0.0339478179046903,0.001129571025203803,0.03360909140699586,0.029102641944642106,0.001775040182463119,0.042131225741285035
SCCO,SCCO,2017-03-01,2017-03-02,1,sec_acceptance_time,2017-03-01T22:22:54.000Z,000104746917001143,0.0006961877778399672,1.3553888095216922,0.00029329825999734337,0.01712595282013072,0.0006717651998614866,0.009626704528116724,239,0.0033795424959563725,0.0008798947799920302,0.029663020412493905,-0.026090814335409947,0.0011731930399893735,0.03425190564026144,0.00030400587684380805,0.0020530878199814034,0.045311012127091176,-0.07074820791035548,0.003226280859970777,0.05680035968170252
SCCO,SCCO,2016-02-26,2016-02-29,1,sec_acceptance_time,2016-02-26T22:03:11.000Z,000110465916100568,-0.00020813411877378633,1.166843902221772,0.00034561449061766553,0.018590709793272164,-0.0002112626883045505,0.026597520462540564,239,-0.003216576270022132,0.0010368434718529965,0.03220005391071568,0.03456204580935046,0.0013824579624706621,0.03718141958654433,0.03123947537741952,0.0024193014343236586,0.04918639480917115,0.08192535407353833,0.003801759396794321,0.06165840897066937
WELL,WELL,2025-02-12,2025-02-12,0,sec_acceptance_time,2025-02-12T12:48:13.000Z,000076670425000009,0.001541929611695262,0.2912340254582057,0.0001270013620157736,0.011269488099100756,0.0008379955889752145,0.01585229722319159,239,0.05039655904222279,0.0003810040860473208,0.01951932596293532,0.04206365099621723,0.0005080054480630944,0.022538976198201513,0.04521814519910056,0.0008890095341104153,0.02981626291322263,0.05965501637108845,0.0013970149821735096,0.037376663604092725
WELL,WELL,2024-02-15,2024-02-15,0,sec_acceptance_time,2024-02-15T12:25:22.000Z,000076670424000008,-9.878830303627873e-05,0.9601930127883638,0.00016425275114744563,0.012816112950011234,0.0009911920650846498,0.014231852026876893,239,0.05747411610146901,0.0004927582534423369,0.022198158784960904,0.013505115414629322,0.0006570110045897825,0.025632225900022468,0.08408894001037905,0.0011497692580321195,0.033908247640244096,0.06571249934667933,0.0018067802626219019,0.04250623792600213
WELL,WELL,2023-02-21,2023-02-22,1,sec_acceptance_time,2023-02-21T21:09:46.000Z,000076670423000010,-0.0001044758734383266,0.6237472554748176,0.00022860585524684556,0.015119717432771207,-0.0001310091712602343,0.054323229504122814,239,-0.005369998898824,0.0006858175657405367,0.026188118789644603,-0.022548951697046658,0.0009144234209873823,0.030239434865542415,0.015541531824128065,0.001600240986727919,0.04000301222068057,0.0010889193319641704,0.0025146644077153014,0.05014642966069769
WELL,WELL,2022-02-16,2022-02-16,0,sec_acceptance_time,2022-02-16T13:17:37.000Z,000076670422000013,0.00038491562528404253,0.73343931958654,0.00020005965376467937,0.014144244545562672,0.0006519561542087599,0.016710232646125214,239,0.033642708720047806,0.0006001789612940381,0.02449855018759351,0.048787383813640395,0.0008002386150587175,0.028288489091125343,0.05894324570432109,0.0014004175763527556,0.03742215355044062,0.06053124294823991,0.002200656191411473,0.0469111521006623
WELL,WELL,2021-02-10,2021-02-11,1,sec_acceptance_time,2021-02-10T21:31:46.000Z,000076670421000018,-0.0014112259895355877,1.4202722334847317,0.0014027486199997422,0.03745328583715642,0.0009680799659187623,0.11808375554012561,239,0.061917585548474055,0.0042082458599992266,0.06487099398035479,0.03396603983239126,0.005610994479998969,0.07490657167431285,0.04431259382359136,0.009819240339998196,0.09909208010733349,0.09431017000569214,0.015430234819997165,0.1242184962877798
WELL,WELL,2020-02-14,2020-02-14,0,sec_acceptance_time,2020-02-14T12:36:55.000Z,000076670420000015,0.0006148258050640067,0.148445162794175,0.00013026146298912298,0.011413214402135928,0.0007831129377755788,0.0136166542295107,239,0.04428113453958789,0.000390784388967369,0.019768267222176276,0.0016782929755593682,0.0005210458519564919,0.022826428804271857,0.029018835820040445,0.0009118302409238609,0.0301965269679124,0.03223088845669157,0.0014328760928803527,0.0378533498237653
WELL,WELL,2019-02-25,2019-02-25,0,sec_acceptance_time,2019-02-25T13:41:38.000Z,000076670419000014,0.0017547012336561142,0.2956717970965616,0.0001933083408538383,0.013903536990774625,9.183904200894302e-05,0.02574791169693147,239,-0.005626471686468699,0.0005799250225615148,0.024081632472934947,-0.021142559039369017,0.0007732333634153532,0.02780707398154925,-0.03338527231311555,0.001353158385976868,0.03678530122177699,-0.050705854148963954,0.002126391749392221,0.04611281545722643
TJX,TJX,2025-04-02,2025-04-02,0,sec_acceptance_time,2025-04-02T15:43:31.000Z,000010919825000010,0.0007233096810858854,0.6080643634261396,9.31291527818228e-05,0.009650344697565098,0.0005104922372065985,0.01838474782482828,239,0.05043130570103136,0.00027938745834546843,0.01671488732673566,0.031329397286434205,0.0003725166111272912,0.019300689395130195,0.05384330734514839,0.0006519040694727596,0.025532412135808077,0.07490798277801727,0.0010244206806000508,0.03200657245941919
TJX,TJX,2024-04-03,2024-04-03,0,sec_acceptance_time,2024-04-03T15:58:03.000Z,000010919824000014,0.0004316228750325425,0.6813093061137572,6.805796350276825e-05,0.008249725056192373,0.0010445688585895966,0.012812862235028484,239,-0.028754055428388926,0.00020417389050830478,0.014288942945799202,-0.03403825789178185,0.000272231854011073,0.016499450112384746,-0.04569221219435974,0.0004764057445193778,0.021826720883343375,-0.01600398970907256,0.0007486375985304508,0.02736124263498372
TJX,TJX,2023-03-29,2023-03-29,0,sec_acceptance_time,2023-03-29T15:38:54.000Z,000010919823000004,0.001495108326125706,0.7588204461316445,0.00022328520965572606,0.014942730997234945,-0.00036179688711735354,0.05270368725909928,239,0.001743977646772892,0.0006698556289671782,0.02588156929104528,-0.0004839065894696971,0.0008931408386229043,0.02988546199446989,0.011734186403760716,0.0015629964675900824,0.039534750126819854,-0.010910900587431396,0.0024561373062129866,0.049559432061041485
TJX,TJX,2022-03-30,2022-03-30,0,sec_acceptance_time,2022-03-30T15:55:23.000Z,000010919822000008,-0.000791739553008068,1.1124137562199314,0.00018629379263442958,0.013648948407640407,0.000416160933510758,0.021147889225660205,239,-0.008410782787836739,0.0005588813779032887,0.023640672111919506,-0.019540380272168884,0.0007451751705377183,0.027297896815280814,0.024768690843362955,0.001304056548441007,0.03611172314416756,0.008409494702195965,0.0020492317189787254,0.04526844065106203
TJX,TJX,2021-03-31,2021-03-31,0,sec_acceptance_time,2021-03-31T15:20:19.000Z,000010919821000006,-0.0001734254614457712,1.0993941529058158,0.000387905009449777,0.01969530424872327,0.0014893141174053455,0.03582219932416579,239,-0.006015544167244473,0.001163715028349331,0.03411326762931589,-0.01401776698589029,0.001551620037799108,0.03939060849744654,-0.005219647548088167,0.002715335066148439,0.052108877037875596,0.018532880423482775,0.004266955103947547,0.06532193432490764
TJX,TJX,2020-03-27,2020-03-27,0,sec_acceptance_time,2020-03-27T16:02:19.000Z,000010919820000004,-0.00018155291103184965,0.9921762325293968,0.00017606198147396596,0.01326883497048501,-0.0006152921243157345,0.07182217615826736,239,0.018649397376097845,0.0005281859444218979,0.022982296326126726,-0.008834736267900458,0.0007042479258958639,0.02653766994097002,0.10377186667908053,0.0012324338703177617,0.035106037519460405,-0.03336098540479896,0.0019366817962136256,0.044007747002245245
TJX,TJX,2019-04-03,2019-04-03,0,sec_acceptance_time,2019-04-03T16:16:07.000Z,000162828019003834,0.0009730302784663877,0.7547345888854016,0.00011678651038709,0.010806780759647621,0.00028255774960058414,0.02231503456621045,239,0.01343734178930624,0.00035035953116127,0.018717893341967464,0.012116166434152056,0.00046714604154836,0.021613561519295242,-0.00424627181253933,0.00081750557270963,0.028592054363225285,0.0009086884190125741,0.0012846516142579901,0.03584203697138306
TJX,TJX,2018-04-04,2018-04-04,0,sec_acceptance_time,2018-04-04T19:19:20.000Z,000119312518107423,4.453771845615507e-05,0.5762104956492581,0.00014371246054199936,0.011988013202445157,0.0005510736187708644,0.012208371430883814,239,0.035659291438081615,0.0004311373816259981,0.020763847948441497,0.0037821916789354156,0.0005748498421679974,0.023976026404890313,0.021809195151835745,0.0010059872237939956,0.03171730164742889,0.015358931568431863,0.001580837065961993,0.03975974177433743
TJX,TJX,2017-03-28,2017-03-28,0,sec_acceptance_time,2017-03-28T19:26:41.000Z,000119312517099642,-0.0003764176457678886,0.9199155739197836,7.992570004832742e-05,0.008940117451595779,0.0006493601097758364,0.009341175769716914,239,0.010296026297928498,0.00023977710014498225,0.015484737651797083,0.0026091064289128756,0.00031970280019330967,0.017880234903191558,0.002737516156839764,0.0005594799003382919,0.02365332746863096,-0.009358743901619147,0.0008791827005316015,0.029651015168651502
TJX,TJX,2016-03-29,2016-03-30,1,sec_acceptance_time,2016-03-29T20:10:58.000Z,000119312516521424,0.000704259583995629,0.8358743884163168,0.00013511626705625681,0.011623952299293765,-2.322171766129733e-05,0.02708078242553522,239,-0.0037844205722758766,0.00040534880116877047,0.020133275967133876,-0.008093875868986055,0.0005404650682250273,0.02324790459858753,-0.00607754001069782,0.0009458138693937977,0.03075408703560874,-0.017160941902443688,0.001486278937618825,0.03855228835774635
BKNG,BKNG,2025-02-20,2025-02-21,1,sec_acceptance_time,2025-02-20T22:12:27.000Z,000107553125000010,0.0009587215489010118,0.9946993105247935,0.00018202296287087114,0.013491588597006327,0.0007520336180650597,0.015562056386715189,239,0.011489244876897174,0.0005460688886126134,0.023368116924831865,0.025935775431560896,0.0007280918514834846,0.026983177194012654,0.017741201891968896,0.001274160740096098,0.03569538821887357,0.005647442014358716,0.0020022525915795826,0.04474653720210741
BKNG,BKNG,2024-02-22,2024-02-23,1,sec_acceptance_time,2024-02-22T22:21:32.000Z,000107553124000014,0.0005986066086894736,1.1009817757578728,0.00017168187563033476,0.013102743057479787,0.0009168314360712593,0.014219491605563607,239,-0.08153372750850851,0.0005150456268910043,0.022694616694075364,-0.10307328911958359,0.000686727502521339,0.026205486114959573,-0.07332541821940403,0.0012017731294123434,0.03466659962286961,-0.09588649837903973,0.0018885006319336825,0.04345688244609457
BKNG,BKNG,2023-02-23,2023-02-24,1,sec_acceptance_time,2023-02-23T22:20:46.000Z,000107553123000016,0.0014050534668163335,1.1920583751170781,0.00034439588176013246,0.01855790617931162,-6.53963254906473e-05,0.05424351801629333,239,0.036922240000854756,0.0010331876452803973,0.03214323638466415,0.0635909957196217,0.0013775835270405299,0.03711581235862324,0.06436771958592626,0.0024107711723209274,0.04909960460452739,0.05490453106924907,0.003788354699361457,0.061549611691394585
BKNG,BKNG,2022-02-23,2022-02-24,1,sec_acceptance_time,2022-02-23T22:19:51.000Z,000107553122000008,-0.00019920535063609008,1.1985980452569072,0.00027175117927130416,0.016484877290150027,0.0006929005167370341,0.01703431891690009,239,-0.11797863569007694,0.0008152535378139125,0.028552645023078204,-0.1931768284510685,0.0010870047170852166,0.032969754580300055,-0.20938203665916366,0.0019022582548991291,0.04361488570315333,-0.18804351036389716,0.002989262971984346,0.05467415268647833
BKNG,BKNG,2021-02-24,2021-02-25,1,sec_acceptance_time,2021-02-24T22:20:19.000Z,000107553121000019,0.00033395136558243854,1.1378127715632442,0.0005548963690383428,0.023556238431429215,0.0014010397745664802,0.10897140201159526,239,0.009633536665270382,0.0016646891071150282,0.040800601798442,-0.05125815823671953,0.002219585476153371,0.04711247686285843,0.006674079304891362,0.0038842745832683994,0.06232394871370394,0.04135260879996221,0.0061038600594217705,0.07812720434920073
BKNG,BKNG,2020-02-26,2020-02-27,1,sec_acceptance_time,2020-02-26T22:08:40.000Z,000107553120000011,-0.0003605679309560477,1.138063315370345,0.00012777797021387366,0.011303891817151898,0.0009100728853305869,0.013544167406328933,239,0.04763738323770522,0.00038333391064162095,0.019578914950569168,0.04437981759969832,0.0005111118808554946,0.022607783634303796,-0.013061389660467333,0.0008944457914971156,0.02990728659536193,-0.044621292305185196,0.0014055576723526102,0.03749076782826154
BKNG,BKNG,2019-02-27,2019-02-28,1,sec_acceptance_time,2019-02-27T22:10:04.000Z,000107553119000009,-0.0004673742706616468,1.0380318871661998,0.0001248840783172435,0.01117515450977048,0.00012337270138293332,0.02584292457994696,239,-0.10692854614820392,0.0003746522349517305,0.01935593539335494,-0.07808122100324022,0.000499536313268974,0.02235030901954096,-0.0787786063733027,0.0008741885482207044,0.029566679695574617,-0.08473176660131777,0.0013737248614896784,0.03706379448315672
BKNG,BKNG,2018-02-27,2018-02-28,1,sec_acceptance_time,2018-02-27T22:17:39.000Z,000107553118000015,-8.718588704613813e-05,0.8803272362335172,0.00017598972526248577,0.013266111912029303,0.0005990124368650822,0.009096224910883863,239,0.09755933557173459,0.0005279691757874573,0.022977579850529457,0.09439843335643999,0.0007039589010499431,0.026532223824058607,0.09624976727988761,0.0012319280768374003,0.03509883298398111,0.11358586945972603,0.0019358869778873435,0.04399871563906546
BKNG,BKNG,2017-02-27,2017-02-28,1,sec_acceptance_time,2017-02-27T22:18:18.000Z,000107553117000009,2.0902698695343495e-05,1.5043015382691542,0.00012769076628213613,0.01130003390623834,0.0007202398419209788,0.00984166398949135,239,0.04364886489453486,0.0003830722988464084,0.019572232852855812,0.05408455722128948,0.0005107630651285445,0.02260006781247668,0.037641346574904984,0.0008938353639749529,0.029897079522504415,0.048935393526997904,0.0014045984291034975,0.037477972585286644
BKNG,BKNG,2016-02-17,2016-02-17,0,sec_acceptance_time,2016-02-17T13:32:42.000Z,000107553116000084,-0.00034964416781348465,1.0516875084945483,0.00017898398774441416,0.01337848974078966,-0.0004891826475165881,0.026043759882598105,239,0.1467360848044415,0.0005369519632332424,0.02317222395958667,0.12853792250763407,0.0007159359509776567,0.02675697948157932,0.17879096682632006,0.001252887914210899,0.03539615677175841,0.23056739711643323,0.001968823865188556,0.04437143073181837
MO,MO,2025-02-26,2025-02-26,0,sec_acceptance_time,2025-02-26T19:13:50.000Z,000076418025000019,0.0015901978089875573,-0.021807340990622332,0.0001271239085810972,0.011274923883605476,0.0008197234510996747,0.015481870909114022,239,-0.007983392906944477,0.00038137172574329156,0.019528741017876487,0.01703702095476687,0.0005084956343243888,0.022549847767210952,0.04214391774847043,0.0008898673600676803,0.029830644647202652,0.041621692661798895,0.0013983629943920691,0.0373946920617361
MO,MO,2024-02-27,2024-02-27,0,sec_acceptance_time,2024-02-27T19:18:36.000Z,000076418024000018,-0.0006866595935290997,0.5006661724449522,9.56746132864258e-05,0.00978134005576055,0.0009823441272558862,0.014011328835414089,239,0.0005878338479804045,0.0002870238398592774,0.01694177794268587,-0.00021092753494370356,0.0003826984531457032,0.0195626801115211,-0.0009676878387507547,0.0006697222930049806,0.02587899327649707,-0.005308454694407248,0.0010524207461506839,0.03244103491183171
MO,MO,2023-02-27,2023-02-27,0,sec_acceptance_time,2023-02-27T19:16:53.000Z,000076418023000020,2.3849817719346116e-06,0.38189644091731734,0.0002195414604900404,0.014816931547727431,4.171340253296529e-07,0.05356334782271702,239,-0.018872934813554267,0.0006586243814701212,0.025663678252934072,-0.016147764027520894,0.0008781658419601616,0.029633863095454863,-0.01919598723052176,0.0015367902234302829,0.039201916068354145,-0.0002039657574837376,0.0024149560653904446,0.0491422024881918
MO,MO,2022-02-25,2022-02-25,0,sec_acceptance_time,2022-02-25T17:52:58.000Z,000076418022000019,0.00037913573809882854,0.3993067641689076,0.000155620473096341,0.012474793509166434,0.0006373631336913139,0.016852398712755436,239,-0.02604069110017558,0.000466861419289023,0.02160697617180671,0.0536047158091357,0.000622481892385364,0.02494958701833287,0.016258808651401106,0.001089343311674387,0.03300520128213714,0.06637918612693718,0.001711825204059751,0.04137420940706603
MO,MO,2021-02-26,2021-02-26,0,sec_acceptance_time,2021-02-26T19:45:40.000Z,000076418021000037,-0.0002960294953987622,0.7337453031694574,0.0002702837186919938,0.016440307743226516,0.0017004283178723226,0.10299758466164884,239,-0.0048630108106033874,0.0008108511560759814,0.028475448303336356,0.012631255806114069,0.0010811348747679752,0.03288061548645303,0.027111613990850394,0.0018919860308439565,0.0434969657659469,0.05081670082645765,0.002973120905611932,0.054526332222256904
MO,MO,2020-02-25,2020-02-26,1,sec_acceptance_time,2020-02-25T21:31:52.000Z,000076418020000018,-0.0008980214633917702,0.5369845151196108,0.00018582923003896296,0.013631919528773743,0.0008814642044523195,0.013538816672496495,239,-0.03712832876459271,0.0005574876901168889,0.023611177228526514,0.0009668569687611463,0.0007433169201558518,0.027263839057547486,-0.02464416932055658,0.0013008046102727408,0.036066668965580126,0.022844729809970717,0.0020441215304285924,0.0452119622492609
MO,MO,2019-02-26,2019-02-26,0,sec_acceptance_time,2019-02-26T18:49:51.000Z,000076418019000023,-0.0008983560209053848,0.43379077782951253,0.00023665163761886084,0.015383485873457317,0.0001263155859521125,0.025857497809496414,239,0.01857979363176863,0.0007099549128565825,0.02664497913034616,0.019852656694766935,0.0009466065504754433,0.030766971746914635,0.047025903110409606,0.001656561463332026,0.040700877918443304,0.09003692914015823,0.0026031680138074694,0.05102125060999063
MO,MO,2018-02-27,2018-02-28,1,sec_acceptance_time,2018-02-27T22:31:37.000Z,000076418018000028,-0.0009398153558960976,0.7376388830505062,0.0001164282390655256,0.0107901917992928,0.0005990124368650822,0.009096224910883863,239,-0.016316401783482787,0.0003492847171965768,0.018689160419788173,0.012409133895931856,0.0004657129562621024,0.0215803835985856,0.014990529244201332,0.0008149976734586792,0.02854816409961732,0.006389400748646603,0.0012807106297207816,0.03578701761422404
MO,MO,2017-02-27,2017-02-27,0,sec_acceptance_time,2017-02-27T18:56:20.000Z,000076418017000028,0.0005995410469884382,0.32430487117095885,7.545369383812877e-05,0.008686408569606242,0.0007343563137411917,0.009859465545477978,239,0.004394050803796079,0.0002263610815143863,0.015045300977859707,0.012811349527972728,0.00030181477535251507,0.017372817139212484,0.021346489731577007,0.0005281758568669014,0.022982076861478413,0.02838841661216588,0.0008299906322194164,0.02880955800111165
MO,MO,2016-02-25,2016-02-25,0,sec_acceptance_time,2016-02-25T14:47:25.000Z,000076418016000128,0.0009350964949749901,0.7015263176819773,8.975326460844356e-05,0.009473819958625115,-0.00024609600313584056,0.026875188491934713,239,-0.012012498029174186,0.00026925979382533066,0.016409137510098776,-0.015193257242450449,0.00035901305843377424,0.01894763991725023,-0.00931924496573941,0.0006282728522591049,0.02506537157632228,-0.004298645850350228,0.0009872859106928793,0.03142110613413982
VLO,VLO,2025-02-26,2025-02-26,0,sec_acceptance_time,2025-02-26T19:47:52.000Z,000103500225000005,-0.0002308540012592934,0.4399466931441118,0.0003682574667741561,0.01919003561159166,0.0008197234510996747,0.015481870909114022,239,-0.030952325099034388,0.0011047724003224683,0.033238116678332846,-0.03098553592408309,0.0014730298670966244,0.03838007122318332,-0.05815409610534983,0.0025778022674190926,0.05077206187874481,-0.10090799892188711,0.004050832134515717,0.06364614783720784
VLO,VLO,2024-02-22,2024-02-22,0,sec_acceptance_time,2024-02-22T19:17:34.000Z,000103500224000007,-0.00031976145371985433,0.748206586671069,0.0003270352356452667,0.018084115561598987,0.0009443124983546533,0.014376245211811963,239,0.03170253504677939,0.0009811057069358002,0.03132260696263643,0.029073338786014376,0.0013081409425810668,0.036168231123197975,0.003298879376862015,0.002289246649516867,0.04784607245654409,-0.0168296155128239,0.0035973875920979337,0.05997822598325107
VLO,VLO,2023-02-23,2023-02-23,0,sec_acceptance_time,2023-02-23T19:28:38.000Z,000103500223000027,0.0027541449073114938,0.6534453422699332,0.000769816550389612,0.02774556812158677,-0.00011019640181211342,0.05429689643442076,239,0.000477158750703908,0.002309449651168836,0.04805673367145166,0.0008349550955745293,0.003079266201558448,0.05549113624317354,-0.015478545698967769,0.005388715852727284,0.0734078732339201,-0.005570878563084905,0.008467982054285733,0.09202163905454919
VLO,VLO,2022-02-22,2022-02-22,0,sec_acceptance_time,2022-02-22T19:55:26.000Z,000103500222000007,0.0005459187978942803,1.0148771524311808,0.00046080049491975,0.021466264111851183,0.0007021499423570919,0.017176709454120035,239,0.026731931457273907,0.00138240148475925,0.03718066009041865,-0.032077224384497005,0.001843201979679,0.04293252822370237,-0.02641830822001282,0.00322560346443825,0.05679439641758904,-0.11108050128657937,0.00506880544411725,0.07119554370968206
VLO,VLO,2021-02-23,2021-02-23,0,sec_acceptance_time,2021-02-23T20:43:21.000Z,000103500221000051,-0.0002141372725429822,1.524824669158039,0.0015674313002824243,0.03959079817687974,0.0011914738556556815,0.11054236576007531,239,0.08324369908536045,0.004702293900847273,0.06857327395456099,0.06311038499042547,0.006269725201129697,0.07918159635375949,0.1734227984070496,0.01097201910197697,0.10474740618257318,0.19890923815056016,0.017241744303106668,0.13130782270339672
VLO,VLO,2020-02-26,2020-02-26,0,sec_acceptance_time,2020-02-26T19:08:29.000Z,000103500220000007,-0.0008189461092103032,1.432877459884349,0.00021555283119078673,0.014681717583129935,0.0008814642044523195,0.013538816672496495,239,-0.045968869187026404,0.0006466584935723602,0.025429480796358393,-0.07047908788177845,0.0008622113247631469,0.02936343516625987,-0.08139539823452967,0.0015088698183355071,0.03884417354424608,-0.13473124046120266,0.002371081143098654,0.04869374850120552
VLO,VLO,2019-02-28,2019-03-01,1,sec_acceptance_time,2019-02-28T21:06:55.000Z,000103500219000008,-0.00016839670324469703,1.0399990940958181,0.000256497605931545,0.016015542636187666,3.590295950089521e-05,0.025556666251849776,239,-0.006141712343754941,0.0007694928177946351,0.027739733556662635,0.00320725412455624,0.00102599042372618,0.03203108527237533,-0.03272041518809569,0.0017954832415208151,0.04237314292710437,-0.04313476388423415,0.002821473665246995,0.05311754573817389
VLO,VLO,2018-02-28,2018-02-28,0,sec_acceptance_time,2018-02-28T19:24:13.000Z,000103500218000010,0.0009587009130277069,1.0174547610181872,9.341159072268285e-05,0.009664967186839428,0.0005990124368650822,0.009096224910883863,239,0.00820462134081269,0.00028023477216804855,0.016740214221091933,-0.008027396856469818,0.0003736463628907314,0.019329934373678855,-0.01838543028786699,0.00065388113505878,0.025571099605976665,-0.009332076347036054,0.0010275274979495114,0.03205506976984314
VLO,VLO,2017-02-23,2017-02-23,0,sec_acceptance_time,2017-02-23T20:34:55.000Z,000103500217000009,-0.00018448692022203495,1.0989665221904712,0.00024038879416574794,0.015504476584707655,0.0006737567934983278,0.009981313093644001,239,0.006545136387897305,0.0007211663824972438,0.026854541189475643,0.029531361026546278,0.0009615551766629917,0.03100895316941531,0.014102947159721296,0.0016827215591602356,0.04102098925136052,-0.03517589662665274,0.002644276735823227,0.05142253140232623
VLO,VLO,2016-02-25,2016-02-25,0,sec_acceptance_time,2016-02-25T19:49:47.000Z,000103500216000069,0.0006160593005235019,1.2680689272097796,0.00031328349624661745,0.01769981627719953,-0.00024609600313584056,0.026875188491934713,239,0.019121517795696326,0.0009398504887398523,0.030656981076744205,-0.017931146797766376,0.0012531339849864698,0.03539963255439906,0.034617078291921635,0.0021929844737263223,0.04682931212100304,0.053342934753926916,0.003446118458712792,0.058703649449695985
SBUX,SBUX,2025-11-14,2025-11-17,1,sec_acceptance_time,2025-11-14T21:08:41.000Z,000082922425000114,-0.0010472423726148497,1.0497269093966162,0.0003021437939476113,0.01738228391056858,0.0005727522838548632,0.03444697628455751,239,-0.007323584464509284,0.0009064313818428339,0.03010699888469181,0.009249295952240572,0.0012085751757904453,0.03476456782113716,0.01784133530686011,0.0021150065576332794,0.04598920044568376,-0.0031930604278697233,0.0033235817334237245,0.057650513730787556
SBUX,SBUX,2024-11-20,2024-11-21,1,sec_acceptance_time,2024-11-20T21:08:06.000Z,000082922424000057,-0.0004937276290847146,0.7649530317478599,0.000530348815230171,0.023029303403059566,0.0011375252105425735,0.014565599566747469,239,0.03651528768056867,0.0015910464456905127,0.039887923557018014,0.013423915374106222,0.002121395260920684,0.04605860680611913,0.0076438939272281525,0.0037124417066111966,0.06092980967154909,0.032827764300082884,0.00583383696753188,0.07637955857120333
SBUX,SBUX,2023-11-17,2023-11-20,1,sec_acceptance_time,2023-11-17T22:31:27.000Z,000082922423000058,-3.4385613004706244e-05,0.9248747869977589,0.00014350356673408147,0.011979297422390074,0.000498626507913713,0.019478682117866592,239,-0.039223974046168245,0.00043051070020224444,0.0207487517745585,-0.03580655012947606,0.0005740142669363259,0.02395859484478015,-0.03956330808494688,0.0010045249671385703,0.03169424186092121,-0.05867654965715345,0.001578539234074896,0.03973083480213946
SBUX,SBUX,2022-11-18,2022-11-21,1,sec_acceptance_time,2022-11-18T21:35:30.000Z,000082922422000058,0.00034217518667712174,1.1033655273670822,0.0002540130794267075,0.01593778778333767,-0.00039480974814970845,0.05606237896686105,239,-0.001972784646835561,0.0007620392382801225,0.0276050582009914,-0.001909023008045061,0.00101605231770683,0.03187557556667534,0.005635163756373899,0.0017780915559869525,0.04216742292323486,0.018888901949905106,0.0027941438736937825,0.052859662065641154
SBUX,SBUX,2021-11-19,2021-11-22,1,sec_acceptance_time,2021-11-19T21:46:02.000Z,000082922421000086,-0.0003088505810002048,0.9409164590957243,0.0001515710357670515,0.01231141891769797,0.0010506939097135225,0.013997054457333954,239,0.010073661095924837,0.00045471310730115443,0.021324003078717523,0.021458894405148806,0.000606284143068206,0.02462283783539594,0.010147835373960586,0.0010609972503693604,0.03257295274256481,0.008527086391720309,0.0016672813934375664,0.04083235718688754
SBUX,SBUX,2020-11-12,2020-11-13,1,sec_acceptance_time,2020-11-12T21:59:07.000Z,000082922420000078,1.6469338597591664e-06,1.1221224795994837,0.0002155338580158379,0.014681071419206361,0.0007229836501658851,0.11730345208944931,239,0.011897183027450499,0.0006466015740475136,0.02542836160761274,0.03632793479656298,0.0008621354320633516,0.029362142838412722,0.02071833278909224,0.0015087370061108653,0.03884246395519812,0.05992091331923723,0.002370872438174217,0.048691605417917956
SBUX,SBUX,2019-11-15,2019-11-18,1,sec_acceptance_time,2019-11-15T21:16:58.000Z,000082922419000051,0.0005293863703735361,0.779849512556973,0.00011017383510309044,0.01049637247353058,0.000643413731782417,0.022372788226526726,239,-0.016075040307154176,0.00033052150530927133,0.018180250419322374,-0.020692331745813284,0.00044069534041236177,0.02099274494706116,-0.018821272731558772,0.000771216845721633,0.02777079123326581,0.01328303676623602,0.0012119121861339948,0.03481252915451555
SBUX,SBUX,2018-11-16,2018-11-19,1,sec_acceptance_time,2018-11-16T21:44:31.000Z,000082922418000052,0.0007327952509681096,0.6512629889176169,0.00017587009046510604,0.013261602107781172,0.0002825717402398585,0.02027905908055904,239,0.012582533749707926,0.0005276102713953181,0.022969768640439505,-0.014529769196287104,0.0007034803618604241,0.026523204215562344,-0.003658804390023732,0.0012310906332557423,0.03508690116347898,-0.016669952417042062,0.0019345709951161664,0.04398375831049646
SBUX,SBUX,2017-11-17,2017-11-20,1,sec_acceptance_time,2017-11-17T21:10:18.000Z,000082922417000049,-0.0005199118862485121,0.832285697785708,0.00010692809806695786,0.010340604337608023,0.0006821063779802911,0.004407301827305543,239,-0.002363181597157312,0.0003207842942008736,0.01791045209370421,-0.007745692019874953,0.00042771239226783146,0.020681208675216046,-0.0008790638028091831,0.0007484966864687051,0.02735866748342662,-0.009719871824885663,0.0011762090787365365,0.034295904693367345
SBUX,SBUX,2016-11-18,2016-11-21,1,sec_acceptance_time,2016-11-18T21:06:40.000Z,000082922416000083,-0.0005970827933398715,0.9527093684182143,0.00010396024650192929,0.010196089765293815,0.0002073171026854933,0.018989553594937435,239,0.017560223254350454,0.0003118807395057879,0.017660145512021917,0.018266818166380844,0.00041584098600771715,0.02039217953058763,0.04091744922058684,0.000727721725513505,0.026976317864258366,0.06974521797162503,0.0011435627115212222,0.033816604080262436
FCX,FCX,2025-02-14,2025-02-18,1,sec_acceptance_time,2025-02-14T22:00:48.000Z,000083125925000006,-0.0005381788702834488,1.120900848461573,0.000392500693181705,0.019811630250479263,0.0007560044639888342,0.015541036774728218,239,-0.045239255948996096,0.001177502079545115,0.034314750174598604,-0.04285889546093881,0.00157000277272682,0.039623260500958525,0.0009346560721363237,0.002747504852271935,0.05241664670953241,-0.01625952731845566,0.004317507624998755,0.06570774402609449
FCX,FCX,2024-02-16,2024-02-16,0,sec_acceptance_time,2024-02-15T23:00:31.000Z,000083125924000011,-0.0015443991948019353,1.6734960160780126,0.000330417646327891,0.01817739382661582,0.0009807216830497467,0.014227668794042199,239,0.03859919905212732,0.0009912529389836731,0.03148416965688746,-0.001816358285642132,0.001321670585311564,0.03635478765323164,0.015554572873305361,0.002312923524295237,0.048092863548506205,-0.008010251719096004,0.003634594109606801,0.060287594989407244
FCX,FCX,2023-02-15,2023-02-16,1,sec_acceptance_time,2023-02-15T22:00:47.000Z,000083125923000013,0.0005255180958369562,1.3632395462785978,0.0007088370034285321,0.026623993003089003,-0.00014811164115339164,0.05470117905349532,239,-0.01159358455447971,0.0021265110102855964,0.046114108581708446,0.038363276100020036,0.0028353480137141285,0.05324798600617801,0.01695120748157382,0.004961859023999725,0.07044046439369721,-0.030334235615002036,0.007797207037713853,0.0883017952122937
FCX,FCX,2022-02-15,2022-02-15,0,sec_acceptance_time,2022-02-15T20:08:57.000Z,000083125922000009,-0.00013403058421557245,1.6677684020205272,0.0007026147015838235,0.026506880268787263,0.0007163476032260697,0.017184595204353198,239,0.01288599470524412,0.0021078441047514707,0.04591126337568452,0.03415604001718476,0.002810458806335294,0.05301376053757453,0.07739109897924308,0.0049183029110867645,0.07013061322337602,0.19093374924381842,0.007728761717422059,0.08791337621444224
FCX,FCX,2021-02-16,2021-02-16,0,sec_acceptance_time,2021-02-16T20:38:33.000Z,000083125921000009,0.003910862010582458,1.5592211388217314,0.0009984886797440144,0.03159887149478624,0.0011723032025941769,0.11718111439275791,239,0.08152196215148562,0.0029954660392320434,0.05473085089080969,0.18482206308253318,0.003993954718976058,0.06319774298957248,0.13907202647211248,0.006989420758208101,0.08360275568549222,0.14260137513588855,0.010983375477184159,0.10480160054686263
FCX,FCX,2020-02-14,2020-02-14,0,sec_acceptance_time,2020-02-14T20:59:58.000Z,000083125920000004,-0.001351339090903773,1.8365661388702927,0.0003996904626569046,0.019992260068759225,0.0007831129377755788,0.0136166542295107,239,-0.04302579560847099,0.0011990713879707138,0.03462761019722144,-0.03656598787860613,0.0015987618506276184,0.03998452013751845,-0.008550155316977398,0.0027978332385983325,0.05289454828806398,-0.006881713838235841,0.004396595089225951,0.0663068253592792
FCX,FCX,2019-02-15,2019-02-15,0,sec_acceptance_time,2019-02-15T19:25:42.000Z,000083125919000009,-0.001500078926189356,1.54443546120894,0.0006028442890757003,0.024552887591395442,-5.7413382220626095e-05,0.026175393916646132,239,0.05473134735518882,0.0018085328672271007,0.04252684878082434,0.06055857901928667,0.002411377156302801,0.049105775182790884,0.10015455026560041,0.004219910023529902,0.06496083453535602,0.0826281716721054,0.006631287179832703,0.0814327156604316
FCX,FCX,2018-02-20,2018-02-21,1,sec_acceptance_time,2018-02-20T22:05:25.000Z,000083125918000008,0.0006935957345530722,1.609383935134661,0.0005051569885977953,0.022475697733280613,0.0004743779689603801,0.008787160011386753,239,0.037817991587864946,0.001515470965793386,0.03892905040960267,0.018354973670757183,0.002020627954391181,0.044951395466561225,-0.030764375752086782,0.003536098920184567,0.05946510674491863,0.018044443544138394,0.005556726874575748,0.07454345628273315
FCX,FCX,2017-02-24,2017-02-24,0,sec_acceptance_time,2017-02-24T18:07:11.000Z,000083125917000012,0.0008081940173211429,2.6619997302790295,0.0012844653104077883,0.03583943791980823,0.0006909421270752348,0.00999984777119279,239,-0.043986071229322965,0.003853395931223365,0.06207572739181849,-0.0011806611277603574,0.005137861241631153,0.07167887583961646,-0.1167703792075564,0.008991257172854518,0.09482223986415063,-0.19491982535242092,0.014129118414485671,0.11886596827723934
FCX,FCX,2016-02-26,2016-02-29,1,sec_acceptance_time,2016-02-26T22:35:06.000Z,000083125916000062,-0.002257590462680238,2.354710822641323,0.002176318015249314,0.04665102373206095,-0.0002112626883045505,0.026597520462540564,239,0.061590277656045744,0.006528954045747942,0.08080194332903103,0.1695608939709415,0.008705272060997256,0.0933020474641219,0.17046404408985077,0.015234226106745198,0.12342700720160558,0.30533466463844045,0.023939498167742455,0.15472394180521143
PSX,PSX,2025-02-21,2025-02-21,0,sec_acceptance_time,2025-02-21T19:39:10.000Z,000153470125000074,-0.0007335750686927351,0.5768247937603259,0.00026470680491391733,0.016269812688347624,0.0007520336180650597,0.015562056386715189,239,0.0042787075834942396,0.000794120414741752,0.02818014220584687,-0.02004863684416551,0.0010588272196556693,0.03253962537669525,0.00914363722305557,0.0018529476343974213,0.04304587825097104,0.06362369249217478,0.0029117748540530906,0.05396086409661256
PSX,PSX,2024-02-21,2024-02-22,1,sec_acceptance_time,2024-02-21T22:09:50.000Z,000153470124000078,0.0011041059904709966,0.5086429359626146,0.0002612984569829882,0.01616472879398192,0.0009443124983546533,0.014376245211811963,239,0.026927247929282343,0.0007838953709489646,0.027998131561748272,-0.0014193863802076725,0.0010451938279319528,0.03232945758796384,-0.011758720431545829,0.0018290891988809175,0.04276785239968121,-0.036710339572399865,0.0028742830268128705,0.05361234024749219
PSX,PSX,2023-02-22,2023-02-23,1,sec_acceptance_time,2023-02-22T22:00:31.000Z,000153470123000053,0.0016217865667810273,0.704201863069623,0.000526627150728713,0.02294835834496039,-0.00011019640181211342,0.05429689643442076,239,0.02339317318172347,0.0015798814521861392,0.039747722603768625,0.028103915339826625,0.002106508602914852,0.04589671668992078,-0.00197921971429269,0.0036863900551009914,0.060715649177958984,0.0013122745932186292,0.0057928986580158435,0.07611109418485483
PSX,PSX,2022-02-18,2022-02-22,1,sec_acceptance_time,2022-02-18T21:16:05.000Z,000153470122000078,0.00021703735170826538,0.832231912290288,0.00043337177630646523,0.020817583344530297,0.0007021499423570919,0.017176709454120035,239,0.004055885167904116,0.0013001153289193958,0.03605711204352611,-0.012458843418704386,0.001733487105225861,0.041635166689060595,-0.018077647141719964,0.0030336024341452565,0.05507814842698742,-0.09580138722003172,0.004767089539371118,0.06904411299575886
PSX,PSX,2021-02-24,2021-02-24,0,sec_acceptance_time,2021-02-24T19:54:14.000Z,000153470121000074,-0.00025467774843531245,1.3815050578934687,0.001144317551216253,0.033827763024123436,0.0013310253394570929,0.10930785009715636,239,0.02605901856385656,0.0034329526536487588,0.05859140426418161,-0.015872548975863092,0.004577270204865012,0.06765552604824687,0.07507112232779661,0.008010222858513771,0.08949984837145687,0.11067045212627552,0.012587493063378783,0.11219399744807555
PSX,PSX,2020-02-21,2020-02-21,0,sec_acceptance_time,2020-02-21T20:05:37.000Z,000153470120000070,-0.0009570400164877087,1.0867276513351543,0.00013574191889328423,0.011650833399087132,0.000826759208711218,0.013656439311440156,239,0.035016456024883555,0.00040722575667985266,0.020179835397739314,-0.025142072555158372,0.0005429676755731369,0.023301666798174265,-0.01169358773514629,0.0009501934322529896,0.0308252077406299,-0.027076711387220242,0.0014931611078261265,0.03864144287971305
PSX,PSX,2019-02-22,2019-02-22,0,sec_acceptance_time,2019-02-22T18:29:34.000Z,000153470119000063,0.0003007460450349298,0.9617081508265944,0.0001815613486373498,0.013474470254423726,0.00014909288338068452,0.025859289270915124,239,-0.006466485394518625,0.0005446840459120494,0.02333846708573743,0.0013008034060923905,0.0007262453945493992,0.02694894050884745,0.009225113280879674,0.0012709294404614486,0.035650097341542404,0.001839274435729948,0.001997174835010848,0.044689762082728166
PSX,PSX,2018-02-23,2018-02-23,0,sec_acceptance_time,2018-02-23T17:22:21.000Z,000153470118000065,0.00036848209609205494,0.9058323690410083,7.5971960822456e-05,0.00871618958160365,0.0005529919923056521,0.0089433161017196,239,0.005358986918614248,0.000227915882467368,0.015096883203740035,-0.002026047186882084,0.000303887843289824,0.0174323791632073,-0.013970638491528034,0.000531803725757192,0.02306087001301538,-0.015073994220717476,0.0008356915690470161,0.028908330443784123
PSX,PSX,2017-02-17,2017-02-17,0,sec_acceptance_time,2017-02-17T17:47:19.000Z,000153470117000051,-0.0007692092641187888,1.099936987141724,0.00010539436918661155,0.010266175976799324,0.0006657221129399734,0.009967524414763715,239,-0.010455986119815689,0.0003161831075598347,0.017781538391259476,-0.003240642414802919,0.0004215774767464462,0.02053235195359865,-0.01958734504981428,0.0007377605843062808,0.027161748550236616,-0.017508454246032208,0.001159338061052727,0.0340490537468037
PSX,PSX,2016-02-19,2016-02-19,0,sec_acceptance_time,2016-02-19T20:39:55.000Z,000153470116000119,0.0007789036800104045,1.260753798886538,0.00013215620279851008,0.011495921137451756,-0.0005060076907793413,0.025993979759480035,239,-0.010993189649745067,0.0003964686083955302,0.01991151948987144,-0.015098350715193323,0.0005286248111940403,0.02299184227490351,0.0030388251493796772,0.0009250934195895705,0.030415348421308122,-0.013918512818950186,0.0014537182307836109,0.03812765703244314
PWR,PWR,2025-02-20,2025-02-20,0,sec_acceptance_time,2025-02-20T15:10:36.000Z,000105091525000005,-1.4150770464259332e-10,1.6309145984023048,0.00036872712779064954,0.019202268818831008,0.0007853096072346615,0.01556975393684211,239,-0.03272323265400327,0.0011061813833719487,0.033259305214810915,-0.04641900746702265,0.0014749085111625982,0.038404537637662016,-0.04969112797799564,0.0025810898945345466,0.05080442790283684,-0.09517945226716537,0.004055998405697145,0.06368672079560342
PWR,PWR,2024-02-22,2024-02-22,0,sec_acceptance_time,2024-02-22T14:56:10.000Z,000105091524000009,8.34863223868373e-05,1.2099764143032243,0.0002051979432057713,0.01432473187203765,0.0009443124983546533,0.014376245211811963,239,0.09094837956574373,0.0006155938296173139,0.024811163407170447,0.10726698675960293,0.0008207917728230852,0.0286494637440753,0.10538760097281658,0.001436385602440399,0.037899678131092344,0.12496204818139212,0.0022571773752634843,0.04750976084199419
PWR,PWR,2023-02-23,2023-02-23,0,sec_acceptance_time,2023-02-23T15:03:37.000Z,000105091523000010,0.0016943827281001515,0.9176548099754156,0.0003286002387891506,0.018127334023213412,-0.00011019640181211342,0.05429689643442076,239,0.08111900340807326,0.0009858007163674517,0.03139746353397758,0.08482507508132477,0.0013144009551566023,0.036254668046426825,0.05736889133934754,0.0023002016715240542,0.04796041775802265,0.057055263045810295,0.0036146026266806563,0.060121565404442495
PWR,PWR,2022-02-25,2022-02-28,1,sec_acceptance_time,2022-02-25T22:10:27.000Z,000105091522000008,0.00019327925410313077,1.5342233424237075,0.0002496132843646496,0.015799154545881548,0.0005235411609093213,0.01729591641662459,239,-0.010777467982305899,0.0007488398530939488,0.027364938390099635,0.044264991967355116,0.0009984531374585984,0.031598309091763095,0.09145530693104595,0.0017472929905525472,0.041800633853478195,0.1140269409900706,0.0027457461280111454,0.05239986763352695
PWR,PWR,2021-03-01,2021-03-01,0,sec_acceptance_time,2021-02-26T23:54:46.000Z,000105091521000009,0.002299850459711117,1.0815969091525826,0.0004474368667904163,0.02115270353383738,0.0014859881382650569,0.10072433790534976,239,-0.023058909229107867,0.001342310600371249,0.036637557238048075,-0.021323856247625988,0.0017897474671616652,0.04230540706767476,0.06235996584370293,0.0031320580675329142,0.05596479310721084,0.07568104157679434,0.004921805534694579,0.07015558092336331
PWR,PWR,2020-02-28,2020-03-02,1,sec_acceptance_time,2020-02-28T22:10:05.000Z,000105091520000020,-0.0003462106094016949,1.1503160220649746,0.00014876370639488171,0.012196872812113837,0.0007763783963635226,0.013499428365103663,239,-0.03143118374062706,0.00044629111918464514,0.021125603404036655,-0.001626860012649365,0.0005950548255795269,0.024393745624227674,0.07123651947198623,0.001041345944764172,0.032269892233538246,0.047215597536896484,0.0016364007703436989,0.04045245073346853
PWR,PWR,2019-02-28,2019-03-01,1,sec_acceptance_time,2019-02-28T22:12:22.000Z,000105091519000014,0.00011842624427291717,1.0846052291748982,0.00013597206478819504,0.011660706015854916,3.590295950089521e-05,0.025556666251849776,239,-0.0018743254048473991,0.0004079161943645851,0.020196935271584775,0.0006940339044611034,0.0005438882591527801,0.023321412031709832,-0.020157332304868714,0.0009518044535173653,0.030851328229386903,-0.01623552081768105,0.0014956927126701454,0.038674186645230764
PWR,PWR,2018-02-28,2018-03-01,1,sec_acceptance_time,2018-02-28T21:18:55.000Z,000105091518000003,-0.0008846238326678335,1.231484473325439,0.0001313853489893724,0.011462344829456685,0.0005623380714932072,0.00912593169116923,239,0.003739661580351765,0.0003941560469681172,0.019853363618493398,0.004106787605735804,0.0005255413959574896,0.02292468965891337,-0.013195395620706835,0.0009196974429256068,0.030326513860409455,0.0026517939603269104,0.0014452388388830964,0.038016297016978076
PWR,PWR,2017-03-01,2017-03-01,0,sec_acceptance_time,2017-03-01T18:07:31.000Z,000119312517064821,0.001292479861524341,1.564257576872602,0.00017611686057722564,0.013270902779284673,0.0007448936545878315,0.009869585869305407,239,-0.027475570422604022,0.000528350581731677,0.022985877876028075,-0.0030874982528691936,0.0007044674423089026,0.026541805558569345,-0.0016107983342968039,0.0012328180240405795,0.035111508427303144,-0.03725869582090334,0.001937285466349482,0.04401460514817192
PWR,PWR,2016-02-29,2016-03-01,1,sec_acceptance_time,2016-02-29T21:51:57.000Z,000119312516485494,-0.0010811965161231013,0.9312783588156558,0.0006606633749123282,0.02570337283144623,-0.000142761111898592,0.0268085628179123,239,0.03313465769532496,0.0019819901247369845,0.04451954766995038,0.04260250755280039,0.002642653499649313,0.05140674566289246,0.13869287041558856,0.004624643624386297,0.06800473236758084,0.14470882278638414,0.007267297124035611,0.08524844352852204
MELI,MELI,2025-02-21,2025-02-24,1,sec_acceptance_time,2025-02-21T21:07:16.000Z,000109959025000007,0.0006097703233199444,0.9191566641262362,0.00048668993001403795,0.0220610500659882,0.0007621527108405533,0.015602976625784595,239,0.0527338466957836,0.0014600697900421138,0.03821085958261229,-0.037433453994261054,0.0019467597200561518,0.0441221001319764,0.05483939254107235,0.003406829510098266,0.05836805213554985,0.03973643610613815,0.005353589230154418,0.0731682255501281
MELI,MELI,2024-02-23,2024-02-26,1,sec_acceptance_time,2024-02-23T21:01:42.000Z,000109959024000008,0.00018729476354597662,1.6342734668862058,0.00041146820247120735,0.020284679008335513,0.0009383129587277459,0.014243381899931361,239,-0.11495371542399524,0.0012344046074136221,0.03513409465766298,-0.024011991091028875,0.0016458728098848294,0.040569358016671025,-0.12063418342350493,0.0028802774172984515,0.05366821608082806,-0.15456268794274194,0.0045261502271832805,0.06727666926344734
MELI,MELI,2023-02-24,2023-02-27,1,sec_acceptance_time,2023-02-24T21:02:21.000Z,000109959023000007,0.0016980920480254168,2.2405309958837343,0.000971557061154315,0.031169810091726816,4.171340253296529e-07,0.05356334782271702,239,0.09043423295167824,0.002914671183462945,0.053987694741143975,0.03944000637272213,0.00388622824461726,0.06233962018345363,0.1010036051883965,0.006800899428080205,0.08246756591582054,0.12024197379549798,0.010687127672697465,0.10337856486089109
MELI,MELI,2022-02-23,2022-02-24,1,sec_acceptance_time,2022-02-23T21:02:19.000Z,000156276222000049,-0.0015605851777068225,1.99309602542503,0.0006820075160289647,0.026115273615816562,0.0006929005167370341,0.01703431891690009,239,0.2018623490939152,0.0020460225480868942,0.045232980756157275,0.17743290546626497,0.0027280300641158587,0.052230547231633125,0.15536450947382296,0.004774052612202753,0.06909451940785719,0.02063153017938272,0.0075020826763186116,0.0866145638811315
MELI,MELI,2021-03-01,2021-03-02,1,sec_acceptance_time,2021-03-01T21:26:47.000Z,000156276221000079,0.004055231688861563,0.9054206715538448,0.000908541789097549,0.03014202695734892,0.001658103643173509,0.09826667566216563,239,-0.07969601590732009,0.002725625367292647,0.052207522133239065,-0.15104276879089795,0.003634167156390196,0.06028405391469784,-0.15575827914114965,0.006359792523682843,0.07974830734055013,-0.2417130273630354,0.00999395968007304,0.09996979383830418
MELI,MELI,2020-02-14,2020-02-18,1,sec_acceptance_time,2020-02-14T22:14:03.000Z,000156276220000055,0.0005881467858918782,1.7202274597311946,0.0005660425135626485,0.023791647979125963,0.0007627915809345757,0.013653035615859323,239,0.025619813570720247,0.0016981275406879454,0.04120834309563957,0.0203093923229822,0.002264170054250594,0.04758329595825193,0.13070184688160252,0.0039622975949385394,0.06294678383315973,0.08243175168318406,0.006226467649189133,0.07890796949097811
MELI,MELI,2019-02-28,2019-02-28,0,sec_acceptance_time,2019-02-28T14:18:56.000Z,000156276219000047,-3.047990818414359e-05,1.7214013623768034,0.0006806538821148528,0.026089344225465935,0.00012337270138293332,0.02584292457994696,239,0.2144584852550766,0.0020419616463445583,0.0451880697346607,0.04875443380967812,0.002722615528459411,0.05217868845093187,0.24575595419447346,0.004764577174803969,0.0690259166893419,0.2460561992595998,0.00748719270326338,0.08652856582229582
MELI,MELI,2018-02-23,2018-02-26,1,sec_acceptance_time,2018-02-23T21:15:54.000Z,000156276218000040,0.0018566478597321768,1.5527953042895928,0.0006339911669294365,0.025179181220393893,0.0006156802204659906,0.009062982222190288,239,-0.010844085192754625,0.0019019735007883096,0.04361162116670635,0.028741035343456064,0.002535964667717746,0.050358362440787785,0.03659181368579126,0.004437938168506055,0.06661785172539006,0.018661824847344705,0.006973902836223802,0.08350989663640952
MELI,MELI,2017-02-24,2017-02-27,1,sec_acceptance_time,2017-02-24T21:31:03.000Z,000156276217000024,0.0015738509827070853,1.546442778001203,0.00029141554883483544,0.017070897716137703,0.0007343563137411917,0.009859465545477978,239,0.05006385161751487,0.0008742466465045064,0.02956766217516201,-0.010970870589978645,0.0011656621953393417,0.034141795432275406,0.02958795190590816,0.002039908841843848,0.04516535001352085,0.027718611083083034,0.0032055710371831896,0.05661776255896368
MELI,MELI,2016-02-26,2016-02-29,1,sec_acceptance_time,2016-02-26T22:44:12.000Z,000156276216000352,-0.00033637180015162196,1.2952664669570189,0.0003179368583397569,0.017830784007994625,-0.0002112626883045505,0.026597520462540564,239,0.008680332562400892,0.0009538105750192707,0.030883823840633314,0.06051266832242791,0.0012717474333590276,0.03566156801598925,0.03748208591416087,0.0022255580083782984,0.04717582016646132,0.04603321694262104,0.003497305441737326,0.05913802027238759
KKR,KKR,2025-02-28,2025-03-03,1,sec_acceptance_time,2025-02-28T21:28:06.000Z,000140491225000015,0.0002899909410427194,1.7055747890585882,0.0002899656875585389,0.017028378888154293,0.0007028278255155496,0.015664800038718292,239,-0.062363309418202235,0.0008698970626756168,0.02949401740481647,-0.08735226765645036,0.0011598627502341556,0.03405675777630859,-0.04256693822102711,0.0020297598129097724,0.04505285576863882,-0.07966716654292957,0.003189622563143928,0.056476743560017056
KKR,KKR,2024-02-29,2024-03-01,1,sec_acceptance_time,2024-02-29T21:21:46.000Z,000140491224000005,0.0010410249124807272,1.577544660206789,0.0001931123817047252,0.013896488106882444,0.0011827812170318141,0.013839081968362614,239,0.0067059880219750454,0.0005793371451141756,0.024069423447897035,-0.019603967952713713,0.0007724495268189008,0.027792976213764888,-0.005382807647944407,0.0013517866719330765,0.036766651627977716,0.007176479095635969,0.0021242361987519774,0.04608943695416529
KKR,KKR,2023-02-27,2023-02-28,1,sec_acceptance_time,2023-02-27T22:10:42.000Z,000140491223000005,0.0008185060599689276,1.6214589394558472,0.00026751899916096713,0.016356008044781805,1.9104781275840076e-05,0.05351859197609565,239,0.021892952800482063,0.0008025569974829015,0.02832943694256738,-0.005583200211096245,0.0010700759966438685,0.03271201608956361,-0.001847881705998252,0.00187263299412677,0.04327392972826445,0.004927296012163235,0.0029427089907706383,0.05424674175257569
KKR,KKR,2022-02-28,2022-02-28,0,sec_acceptance_time,2022-02-28T11:16:51.000Z,000140491222000004,0.0003029250344841277,1.4620797675433443,0.0002220787447297082,0.014902306691573228,0.0005235411609093213,0.01729591641662459,239,-0.02314202058186428,0.0006662362341891246,0.025811552339778495,-0.046470137433907606,0.0008883149789188328,0.029804613383146456,-0.024157256449572603,0.0015545512131079574,0.03942779746711649,-0.0689154985312935,0.00244286619202679,0.049425359806750925
KKR,KKR,2021-02-19,2021-02-22,1,sec_acceptance_time,2021-02-19T21:43:12.000Z,000140491221000008,0.0010565268187878697,1.272403814180488,0.00041905051795690547,0.02047072343511351,0.0013483422977523852,0.112206008931395,239,-0.03194173286000258,0.0012571515538707164,0.0354563330573075,-0.0181865724094204,0.0016762020718276219,0.04094144687022702,-0.03492534528240859,0.0029333536256983383,0.05416044336689221,-0.044454547642693756,0.00460955569752596,0.06789370882140672
KKR,KKR,2020-02-18,2020-02-18,0,sec_acceptance_time,2020-02-14T23:25:15.000Z,000140491220000006,0.0007675383681905589,1.3658012966077462,0.00019479562152886643,0.013956920202138666,0.0007627915809345757,0.013653035615859323,239,0.0052538884984235975,0.0005843868645865993,0.024174094907288654,0.0013996723695211266,0.0007791824861154657,0.027913840404277333,-0.01823041261044272,0.001363569350702065,0.03692653992323225,-0.021758363674989657,0.0021427518368175307,0.0462898675394252
KKR,KKR,2019-02-15,2019-02-19,1,sec_acceptance_time,2019-02-15T21:57:52.000Z,000140491219000006,0.0006010711429169501,1.2707366325394593,0.0002112749941703315,0.014535301653915941,-1.4171917152486688e-06,0.026015173485470347,239,-0.008689144381189524,0.0006338249825109945,0.025175880967922344,-0.017797008399521225,0.000845099976681326,0.029070603307831882,-0.03725185552375648,0.0014789249591923204,0.03845679340756741,-0.06257554497615903,0.0023240249358736464,0.048208141800671456
KKR,KKR,2018-02-23,2018-02-26,1,sec_acceptance_time,2018-02-23T21:40:17.000Z,000140491218000005,0.00022489288189472432,1.5223156841339032,0.0001113884898452628,0.01055407456128972,0.0006156802204659906,0.009062982222190288,239,-0.03438250617943875,0.00033416546953578843,0.018280193367024005,0.013591247145133458,0.0004455539593810512,0.02110814912257944,-0.0004444966495243674,0.0007797194289168397,0.027923456607605722,-0.011767959362041934,0.0012252733882978908,0.035003905329232775
KKR,KKR,2017-02-24,2017-02-27,1,sec_acceptance_time,2017-02-24T21:33:50.000Z,000140491217000005,0.0005021524473694781,1.4900508444329585,0.00022433490900854674,0.01497781389283986,0.0007343563137411917,0.009859465545477978,239,-0.01015224132606313,0.0006730047270256403,0.025942334648709632,-0.006258455264552819,0.0008973396360341869,0.02995562778567972,-0.02382990521889431,0.0015703443630598272,0.0396275707438625,-0.021561565264165458,0.002467683999094014,0.0496757888623222
KKR,KKR,2016-02-26,2016-02-29,1,sec_acceptance_time,2016-02-26T22:20:31.000Z,000140491216000009,-0.001634519108248861,1.1896825411582774,0.00031723354117025297,0.017811051096727922,-0.0002112626883045505,0.026597520462540564,239,0.04478331978736971,0.0009517006235107589,0.030849645435738135,0.03039475364228208,0.0012689341646810119,0.035622102193455844,-0.03323734041753756,0.002220634788191771,0.04712361179060632,0.054450567410769715,0.0034895689528727826,0.05907257360969456
CSX,CSX,2025-02-27,2025-02-27,0,sec_acceptance_time,2025-02-27T19:08:11.000Z,000027794825000008,-0.0010643686512823514,0.6615259950163378,0.00017752064479255642,0.013323687357205453,0.0008081580376546651,0.015465589632715108,239,0.004697914779501983,0.0005325619343776693,0.023077303446842945,0.003652926527098921,0.0007100825791702257,0.026647374714410907,0.0033430582134604536,0.001242644513547895,0.035251163293541034,0.014124427615039147,0.0019527270927181205,0.04418967178785242
CSX,CSX,2024-02-14,2024-02-14,0,sec_acceptance_time,2024-02-14T20:34:39.000Z,000027794824000010,0.00022585149227667732,0.7607352965363247,0.00010667838262793232,0.010328522770848322,0.0009126188037919798,0.014310722071121003,239,0.0016097531135879917,0.000320035147883797,0.017889526206241377,0.0025008286520749445,0.0004267135305117293,0.020657045541696645,-0.003870199053986889,0.0007467486783955263,0.02732670266233243,0.0006493250834340332,0.0011734622089072555,0.03425583466954579
CSX,CSX,2023-02-15,2023-02-15,0,sec_acceptance_time,2023-02-15T16:55:01.000Z,000027794823000006,5.656443960419222e-05,0.8488845033565008,0.00016396374434091924,0.012804832850955893,-8.139247296621336e-06,0.05508416042786496,239,-0.00695455253450902,0.0004918912330227577,0.022178621080282644,0.0014688652308835143,0.000655854977363677,0.025609665701911786,-1.6946259949917816e-05,0.0011477462103864347,0.033878403303379497,-0.02033158373060448,0.0018036011877501116,0.042468826069837526
CSX,CSX,2022-02-16,2022-02-16,0,sec_acceptance_time,2022-02-16T19:53:10.000Z,000027794822000009,-9.610505085695653e-05,0.9563212911773219,0.00011660165730785869,0.010798224729457092,0.0006519561542087599,0.016710232646125214,239,0.039143489940492285,0.00034980497192357607,0.01870307386296638,0.02764445348764326,0.00046640662923143474,0.021596449458914185,0.051483071777209205,0.0008162116011550108,0.028569417235131185,0.03694838720911495,0.0012826182303864455,0.035813659829546124
CSX,CSX,2021-02-10,2021-02-10,0,sec_acceptance_time,2021-02-10T19:43:02.000Z,000027794821000014,5.324073279024035e-05,1.1591866812313942,0.00023417713285285702,0.01530284721392908,0.0008236347954075646,0.11926775538379056,239,0.01665684818966994,0.0007025313985585711,0.026505308874989007,0.01907414922448209,0.0009367085314114281,0.03060569442785816,0.007878887267239962,0.001639239929969999,0.04048752807927398,-0.022281364035938,0.002575948461381427,0.05075380243273825
CSX,CSX,2020-02-12,2020-02-13,1,sec_acceptance_time,2020-02-12T21:22:04.000Z,000027794820000008,-0.0003789841175868309,1.086706226676333,0.00013034058470574793,0.011416680108759635,0.0007658906366304519,0.013612594851891308,239,0.007507503527739394,0.00039102175411724377,0.019774270002132666,0.007911104901699804,0.0005213623388229917,0.02283336021751927,0.012988663204533272,0.0009123840929402355,0.03020569636575584,0.020939232208512633,0.0014337464317632272,0.03786484427226959
CSX,CSX,2019-02-06,2019-02-06,0,sec_acceptance_time,2019-02-06T19:15:56.000Z,000027794819000011,0.0009367642378185041,1.0740248109575288,0.00012811522253073203,0.011318799518090778,-3.684732996688263e-05,0.026304984601186302,239,0.016305151995321066,0.00038434566759219606,0.01960473584601935,0.02093719188485129,0.0005124608901229281,0.022637599036181556,0.04347401121936223,0.0008968065577151242,0.029946728664665932,0.02884009655264178,0.0014092674478380523,0.037540211078762625
CSX,CSX,2018-02-07,2018-02-07,0,sec_acceptance_time,2018-02-07T19:01:18.000Z,000027794818000009,-0.00014474933441542851,1.3539173130610525,0.0001903472915106347,0.013796640587861767,0.0007815061803577993,0.004682298493890572,239,0.006622818656609278,0.0005710418745319041,0.023896482471943526,0.009048730015111445,0.0007613891660425388,0.027593281175723534,0.022754448253306546,0.001332431040574443,0.03650247992362222,0.034146209661875794,0.0020938202066169815,0.045758280197325835
CSX,CSX,2017-02-14,2017-02-14,0,sec_acceptance_time,2017-02-14T14:41:29.000Z,000027794817000009,0.002195599685797136,1.24575335997755,0.00038072261413257954,0.019512114547956597,0.0006958685688257344,0.010563257018813887,239,-0.03327421953044998,0.0011421678423977387,0.03379597376016467,-0.007662876720326443,0.0015228904565303182,0.039024229095913195,-0.0334223823995945,0.002665058298928057,0.05162420264689864,-0.03778712772191478,0.004187948755458375,0.0647143628220071
CSX,CSX,2016-02-10,2016-02-10,0,sec_acceptance_time,2016-02-10T16:48:55.000Z,000027794816000046,-0.001277789939051524,1.2179029843112021,0.00017440751346838767,0.013206343682805913,-0.0003790149057118136,0.025507945701290825,239,0.038293369745268875,0.000523222540405163,0.022874058240836125,0.013949416160098888,0.0006976300538735507,0.026412687365611826,0.09448685129819409,0.0012208525942787136,0.03494070111315332,0.12553258634030257,0.0019184826481522643,0.043800486848347524
EMR,EMR,2025-11-10,2025-11-11,1,sec_acceptance_time,2025-11-10T21:04:03.000Z,000003260425000087,-0.00033030923727212197,1.2777228373425524,0.00011773923953889537,0.01085077137990177,0.0007015957062576336,0.034186346501993974,239,0.0006450726665259872,0.0003532177186166861,0.01879408733130412,0.005995986744587759,0.0004709569581555815,0.02170154275980354,-0.01861784239805426,0.0008241746767722676,0.028708442604437244,-0.04598454510959317,0.0012951316349278492,0.035987937353061085
EMR,EMR,2024-11-12,2024-11-12,0,sec_acceptance_time,2024-11-12T12:01:57.000Z,000003260424000041,4.083258053391801e-05,1.0417880978572158,0.00017124645534608425,0.013086116893337161,0.000992492839957559,0.013841748190206749,239,0.024399001416550423,0.0005137393660382527,0.02266581933304536,0.00809895661057869,0.000684985821384337,0.026172233786674323,0.013707333084577304,0.0011987251874225897,0.034622610927291284,0.1377496550329731,0.0018837110088069267,0.04340173969793062
EMR,EMR,2023-11-13,2023-11-14,1,sec_acceptance_time,2023-11-13T21:43:08.000Z,000003260423000044,-0.0003954009842827403,0.9258499725687331,0.00011886981835526939,0.010902743615956003,0.00040330412452377714,0.019457052916733327,239,0.004461456263706706,0.0003566094550658082,0.018884105884733018,0.016939234950583252,0.00047547927342107756,0.021805487231912005,0.03364917242835926,0.0008320887284868858,0.02884594821611669,-0.057176576793591796,0.0013075680019079632,0.03616030975956875
EMR,EMR,2022-11-14,2022-11-15,1,sec_acceptance_time,2022-11-14T21:50:53.000Z,000003260422000041,0.0007768956430376422,0.8908283721676278,0.00012912538179208377,0.011363334976673167,-0.0007705267265978575,0.0535260983231745,239,0.003195059927010132,0.00038737614537625133,0.01968187352302243,-0.01634777575565617,0.0005165015271683351,0.022726669953346334,-0.016770608449337435,0.0009038776725445864,0.03006455841259915,0.003005791679304001,0.0014203791997129214,0.03768791848474683
EMR,EMR,2021-11-15,2021-11-16,1,sec_acceptance_time,2021-11-15T22:02:43.000Z,000003260421000038,-0.00013603868283085696,1.111560872987073,0.00013293492564400017,0.011529740918338112,0.001112680469242536,0.013989741142531441,239,-0.03317226796808283,0.0003988047769320005,0.019970097068667456,-0.034830156232535894,0.0005317397025760007,0.023059481836676225,-0.049710575874787166,0.0009305444795080012,0.030504827150928115,-0.024412832967741625,0.0014622841820840018,0.03823982455613521
EMR,EMR,2020-11-16,2020-11-16,0,sec_acceptance_time,2020-11-16T18:16:45.000Z,000003260420000041,-0.00041097077779019854,1.1745888228365493,0.0004595582798556863,0.021437310462268495,0.0007125933339529818,0.11730227928776837,239,0.006719164862385765,0.001378674839567059,0.03713051089827689,0.021876406326627924,0.0018382331194227452,0.04287462092453699,-0.0038769357790445673,0.003216907958989804,0.056717792261245535,0.0978764516346567,0.005055141078412549,0.07109951531770486
EMR,EMR,2019-11-18,2019-11-19,1,sec_acceptance_time,2019-11-18T21:01:51.000Z,000003260419000048,-0.00010116556796816855,1.210854729466123,9.688230324410768e-05,0.009842880840694339,0.0005390771338926561,0.021878322884223055,239,-0.005654569392207848,0.00029064690973232304,0.017048369708928857,0.013088650693242158,0.0003875292129764307,0.019685761681388678,0.002405491561664296,0.0006781761227087537,0.026041814888919584,-0.004344423346003416,0.0010657053356851844,0.03264514260476104
EMR,EMR,2018-11-19,2018-11-19,0,sec_acceptance_time,2018-11-19T19:49:23.000Z,000003260418000044,0.00014940199507329293,1.1590585596987173,8.652800206948392e-05,0.009302042897637267,0.0002825717402398585,0.02027905908055904,239,0.012693705866835636,0.00025958400620845176,0.016111610912892968,-0.011896425934975221,0.00034611200827793567,0.018604085795274533,0.03132549148062713,0.0006056960144863874,0.02461089219200286,0.022416982934060768,0.000951808022764323,0.030851386075253135
EMR,EMR,2017-11-20,2017-11-20,0,sec_acceptance_time,2017-11-20T18:57:46.000Z,000003260417000046,-0.00034358604365049565,1.268427811300489,8.264076591883121e-05,0.009090696668508482,0.0006821063779802911,0.004407301827305543,239,0.01685335383784918,0.00024792229775649364,0.01574554850605382,0.019459095032866257,0.00033056306367532486,0.018181393337016964,0.014125022470609774,0.0005784853614318185,0.02405172262919682,0.03175818977496706,0.0009090484251071434,0.030150429932376478
EMR,EMR,2016-11-16,2016-11-17,1,sec_acceptance_time,2016-11-16T22:15:14.000Z,000003260416000105,0.000303864420869759,1.1624719520150208,0.00011085361120192883,0.010528704155874494,0.00020368565728634528,0.019219130551597588,239,-0.030307697083569958,0.0003325608336057865,0.01823625053583621,-0.02633613542053289,0.00044341444480771534,0.021057408311748987,-0.043447419743032865,0.0007759752784135018,0.027856332824216144,0.005256366706078446,0.0012193897232212173,0.034919761213691274
ELV,ELV,2025-02-20,2025-02-20,0,sec_acceptance_time,2025-02-20T20:58:57.000Z,000115603925000010,-0.0011494503178234078,0.351847480510952,0.00023618501324008113,0.015368311984082087,0.0007853096072346615,0.01556975393684211,239,0.017355509858780937,0.0007085550397202434,0.026618697182999838,0.04228923566705911,0.0009447400529603245,0.030736623968164175,0.04480476535770281,0.0016532950926805678,0.04066073158073484,0.031561635031660484,0.0025980351456408924,0.050970924512322636
ELV,ELV,2024-02-21,2024-02-22,1,sec_acceptance_time,2024-02-21T21:30:31.000Z,000115603924000015,1.263705426769973e-05,0.4871830457844417,0.00019663738131022536,0.014022745141741162,0.0009443124983546533,0.014376245211811963,239,-0.0009645378690700838,0.0005899121439306761,0.024288107047085332,-0.013240151306177712,0.0007865495252409014,0.028045490283482324,-0.00749319307794679,0.0013764616691715776,0.0371006963434863,-0.022000618062487792,0.002163011194412479,0.04650818416593448
ELV,ELV,2023-02-15,2023-02-16,1,sec_acceptance_time,2023-02-15T21:44:30.000Z,000115603923000007,0.000539106848567775,0.5265429081453082,0.00023815030555956774,0.015432119282832404,-0.00014811164115339164,0.05470117905349532,239,0.013031854699294947,0.0007144509166787032,0.026729214666329108,0.011862275604080177,0.0009526012222382709,0.03086423856566481,-0.004452337183736842,0.001667052138916974,0.040829549825058986,0.002666003655692799,0.002619653361155245,0.051182549381163546
ELV,ELV,2022-02-16,2022-02-17,1,sec_acceptance_time,2022-02-16T21:01:21.000Z,000115603922000009,0.0014278895756225346,0.5824217196402414,0.00019782554146071036,0.014065046799094212,0.0007465087047458983,0.016824079214723495,239,0.003936850572657087,0.0005934766243821311,0.024361375666865182,-0.007993015531691138,0.0007913021658428414,0.028130093598188424,0.004117699141041067,0.0013847787902249724,0.03721261600888834,-0.019892767699513828,0.002176080956067814,0.04664848289138473
ELV,ELV,2021-02-18,2021-02-19,1,sec_acceptance_time,2021-02-18T21:03:06.000Z,000115603921000012,-0.0004148782170513186,1.1940659238744669,0.000520100865511754,0.02280572001739375,0.0012237801584862136,0.11306987198764669,239,0.03676467522291636,0.001560302596535262,0.039500665773316554,0.029942576779875173,0.002080403462047016,0.0456114400347875,0.05699803764701282,0.0036407060585822775,0.06033826363579149,0.05237307705633735,0.005721109520629293,0.0756380163715925
ELV,ELV,2020-02-19,2020-02-19,0,sec_acceptance_time,2020-02-19T20:14:06.000Z,000115603920000003,-0.0008603082275905039,0.9068390773964118,0.00029768819015374475,0.017253642808222985,0.0008052681755793671,0.013682809427976636,239,-0.00799188975257032,0.0008930645704612343,0.029884185959487573,-0.041172644200006596,0.001190752760614979,0.03450728561644597,-0.014407852169945038,0.0020838173310762133,0.04564884808049611,0.048567470134391555,0.003274570091691192,0.05722385946168951
ELV,ELV,2019-02-20,2019-02-20,0,sec_acceptance_time,2019-02-20T19:53:10.000Z,000115603919000004,0.0011742714608151514,0.8472678326419031,0.00016589095340283557,0.012879866202831285,4.797566074432738e-05,0.02589201016946252,239,-0.004185962968562721,0.0004976728602085067,0.022308582657993015,-0.0005394020144938519,0.0006635638136113423,0.02575973240566257,0.006906633060392273,0.001161236673819849,0.03407692289247738,-0.02457829938890284,0.0018248004874311912,0.04271768354477091
ELV,ELV,2018-02-21,2018-02-21,0,sec_acceptance_time,2018-02-21T19:02:53.000Z,000115603918000003,0.0010824892538117295,0.9853374869024604,0.00011492258241228285,0.01072019507342487,0.0004743779689603801,0.008787160011386753,239,0.0013440394615427957,0.00034476774723684857,0.018567922534221445,-0.0016148100722571442,0.0004596903296491314,0.02144039014684974,-0.023119648584827013,0.00080445807688598,0.028362970170382015,-0.02208489795916556,0.0012641484065351114,0.03555486473796675
ELV,ELV,2017-02-22,2017-02-22,0,sec_acceptance_time,2017-02-22T18:09:22.000Z,000115603917000002,0.0003934612856956567,0.9864736810081999,0.00017659349299960114,0.013288848445204013,0.0006708218861251223,0.009977126427538254,239,0.016477584652612697,0.0005297804789988034,0.023016960681176032,0.0008429565602294528,0.0007063739719984046,0.026577696890408026,0.0028114256399341584,0.001236154450997208,0.03515898819643717,-0.011168075561593509,0.0019425284229956125,0.044074124188639444
ELV,ELV,2016-02-19,2016-02-19,0,sec_acceptance_time,2016-02-19T15:48:08.000Z,000115603916000018,-0.00015349084730443326,0.8450202309957379,0.00020923299003080718,0.014464888178994236,-0.0005060076907793413,0.025993979759480035,239,0.028473457675397745,0.0006276989700924215,0.025053921251820474,0.017079792381491495,0.0008369319601232287,0.028929776357988473,0.046060533235095166,0.0014646309302156504,0.0382704968639767,0.04674724826679507,0.002301562890338879,0.04797460672417106
MNST,MNST,2025-02-28,2025-03-03,1,sec_acceptance_time,2025-02-28T22:19:05.000Z,000141057825000248,-0.00043459394502398674,0.128093815793873,0.00022995779223321274,0.015164359275393495,0.0007028278255155496,0.015664800038718292,239,0.05884619754454095,0.0006898733766996382,0.0262654407292099,0.025394432487977143,0.000919831168932851,0.03032871855078699,0.07528277068298787,0.0016097045456324893,0.040121123434326826,0.06610010904970803,0.0025295357145653403,0.050294489902625916
MNST,MNST,2024-02-29,2024-03-01,1,sec_acceptance_time,2024-02-29T21:55:57.000Z,000110465924029425,-0.0003695944247672715,0.7214726072905261,0.00013856822142909077,0.011771500389886192,0.0011827812170318141,0.013839081968362614,239,0.04043306465375965,0.0004157046642872723,0.02038883675659973,-0.013143588051343011,0.0005542728857163631,0.023543000779772384,0.04471483958968827,0.0009699775500036354,0.03114446258973873,0.07197564364091957,0.0015242504357199985,0.0390416500127748
MNST,MNST,2023-03-01,2023-03-01,0,sec_acceptance_time,2023-03-01T18:56:13.000Z,000110465923027245,0.0014727133502474732,0.7224973048363965,0.00016196801006197558,0.012726665315862423,-0.00017227380511229004,0.05325283723005167,239,-0.0051755542113701945,0.00048590403018592673,0.02204323093799833,0.002409374742054245,0.0006478720402479023,0.025453330631724846,-0.0033451653128207075,0.001133776070433829,0.03367159144492326,-0.0071463581835498596,0.0017816481106817314,0.042209573685145545
MNST,MNST,2022-02-28,2022-03-01,1,sec_acceptance_time,2022-02-28T22:24:06.000Z,000110465922028182,-0.0006931765960052673,0.8499608026776999,0.00012068144025862233,0.01098551046873209,0.0004500614604884898,0.017256302202639635,239,-0.00816301679402499,0.000362044320775867,0.01902746227892377,-0.0254571766581732,0.0004827257610344893,0.02197102093746418,0.009317156837753079,0.0008447700818103563,0.029064928725361712,-0.06634442517820947,0.0013274958428448457,0.03643481635530562
MNST,MNST,2021-03-01,2021-03-01,0,sec_acceptance_time,2021-03-01T20:46:40.000Z,000110465921029943,0.0001997743136266494,0.8867704009172305,0.00015850804741351178,0.012589997911576943,0.0014859881382650569,0.10072433790534976,239,0.007866012549248845,0.00047552414224053533,0.021806516050037323,-0.02636115330972838,0.0006340321896540471,0.025179995823153885,-0.01676238170683888,0.0011095563318945824,0.03331000348085515,-0.033504313575488526,0.0017435885215486295,0.0417562991840588
MNST,MNST,2020-02-28,2020-03-02,1,sec_acceptance_time,2020-02-28T22:05:10.000Z,000110465920027209,9.701552154674936e-06,0.9253331790885373,0.00018207173474655357,0.013493395967900503,0.0007763783963635226,0.013499428365103663,239,-0.00733481889135628,0.0005462152042396607,0.0233712473830487,0.05166548157626208,0.0007282869389862143,0.026986791935801006,0.039164568345940044,0.001274502143225875,0.03570017007278642,0.05956428525011134,0.002002789082212089,0.04475253157322041
MNST,MNST,2019-02-28,2019-03-01,1,sec_acceptance_time,2019-02-28T21:47:15.000Z,000110465919011581,0.00016862044489952962,0.8562473273656189,0.00020335538344776487,0.014260272909301732,3.590295950089521e-05,0.025556666251849776,239,0.10456666821166317,0.0006100661503432946,0.02469951720870865,-0.029083880392733668,0.0008134215337910595,0.028520545818603464,0.06404178762764878,0.001423487684134354,0.03772913574592392,0.04150300848210874,0.0022369092179254134,0.04729597464822364
MNST,MNST,2018-03-01,2018-03-01,0,sec_acceptance_time,2018-03-01T20:20:56.000Z,000110465918014057,0.0009478930608984946,0.8632278995123482,8.914442063710012e-05,0.00944163230787453,0.0005623380714932072,0.00912593169116923,239,-0.14410499801745139,0.00026743326191130035,0.01635338686362248,-0.12604833996426007,0.00035657768254840046,0.01888326461574906,-0.15694349106875943,0.0006240109444597008,0.024980211057148833,-0.14471278914060995,0.0009805886270081014,0.031314351773717136
MNST,MNST,2017-03-01,2017-03-02,1,sec_acceptance_time,2017-03-01T21:19:57.000Z,000110465917013048,-0.00043742424355190337,0.7366728860486035,0.0002288112676186004,0.015126508771643257,0.0006717651998614866,0.009626704528116724,239,0.15067226062353598,0.0006864338028558011,0.026199881733622407,0.1239635503415909,0.0009152450704744016,0.030253017543286513,0.08113918573540846,0.0016016788733302027,0.040020980414405175,0.08043933630624603,0.0025169239438046043,0.05016895398356043
MNST,MNST,2016-02-29,2016-02-29,0,sec_acceptance_time,2016-02-29T20:09:11.000Z,000110465916100960,9.991040973092766e-05,0.7811416767748952,0.00033676797715586216,0.018351239117723416,-0.0002112626883045505,0.026597520462540564,239,-0.035310721079250054,0.0010103039314675864,0.03178527853374242,-0.034999986253954535,0.0013470719086234486,0.03670247823544683,-0.030208109417642022,0.002357375840091035,0.048552814955376535,-0.029535486015195393,0.0037044477487144837,0.06086417459158124
SNPS,SNPS,2025-12-22,2025-12-22,0,sec_acceptance_time,2025-12-20T02:37:00.000Z,000088324125000028,-0.0005454103251326119,1.4335839752603132,0.0009986630816698704,0.031601630996989226,0.0006774154321738475,0.03434648570853524,239,0.011236955878713546,0.0029959892450096112,0.05473563048882886,0.01152886431334499,0.003994652326679482,0.06320326199397845,0.006994286330159258,0.0069906415716890925,0.08361005664206365,0.03920852997861286,0.010985293898368574,0.1048107527802781
SNPS,SNPS,2024-12-19,2024-12-19,0,sec_acceptance_time,2024-12-19T02:23:35.000Z,000088324124000024,-0.001977833582491688,2.128496887989018,0.0002801039003789872,0.016736304860362313,0.0010489853158737665,0.014385413583184521,239,0.008788394186731916,0.0008403117011369617,0.02898813034910947,-0.04075236871140972,0.0011204156015159489,0.033472609720724626,0.0016196737897767148,0.0019607273026529103,0.04428010052668027,0.0195403155535478,0.0030811429041688594,0.05550804359882322
SNPS,SNPS,2023-12-12,2023-12-13,1,sec_acceptance_time,2023-12-12T22:22:32.000Z,000088324123000019,0.001264070589596833,1.2535951485649621,0.00017348047266383553,0.013171198603917396,0.0007197124288849143,0.017000458183198626,239,-0.03760806961256688,0.0005204414179915066,0.022813185178565194,-0.04365422444843438,0.0006939218906553421,0.02634239720783479,-0.0025920038876205784,0.0012143633086468487,0.03484771597460655,-0.018667764205778654,0.0019082851993021909,0.043683923808446865
SNPS,SNPS,2022-12-12,2022-12-13,1,sec_acceptance_time,2022-12-12T22:28:23.000Z,000088324122000017,0.0007218253681865476,1.374441573990193,0.00028912114213643043,0.017003562630708614,-0.0005556461362937443,0.05590792359101911,239,-0.0038263564138484047,0.0008673634264092912,0.029451034386066836,0.029909969988593722,0.0011564845685457217,0.03400712526141723,0.04058309393422353,0.002023847994955013,0.04498719812296619,0.03413096508198246,0.003180332563500735,0.05639443734536887
SNPS,SNPS,2021-12-13,2021-12-14,1,sec_acceptance_time,2021-12-13T22:22:49.000Z,000088324121000022,-8.809675773999116e-05,1.6317957459269152,0.00019440758215429985,0.013943011947004128,0.0009471640694361381,0.015288984336866564,239,-0.00018576916031419824,0.0005832227464628995,0.024150005102751004,-0.020669089524370198,0.0007776303286171994,0.027886023894008256,-0.014606750355638212,0.001360853075080099,0.036889742138975425,0.022421015510917686,0.0021384834036972983,0.046243739075655405
SNPS,SNPS,2020-12-15,2020-12-15,0,sec_acceptance_time,2020-12-15T01:00:04.000Z,000088324120000015,0.0018198851763813343,1.0015950895172834,0.000255295684091813,0.015977974968431168,0.0007961909052898719,0.11814943051049492,239,0.0329630003933227,0.000765887052275439,0.02767466444738651,0.04172317564609951,0.001021182736367252,0.031955949936862335,0.06912753707800168,0.001787069788642691,0.04227374822088397,0.05821040173297972,0.002808252525009943,0.05299294787997685
SNPS,SNPS,2019-12-20,2019-12-23,1,sec_acceptance_time,2019-12-20T22:04:07.000Z,000088324119000019,0.0007209801410082732,1.429875494024927,0.00012242518149510072,0.01106459133882046,0.0011113941943122739,0.014690418674495784,239,-0.01940450863816724,0.00036727554448530214,0.01916443436382358,-0.005776044429929914,0.0004897007259804029,0.02212918267764092,0.0005649728188594889,0.000856976270465705,0.029274157041078143,-0.017298228592640137,0.001346676996446108,0.03669709792948358
SNPS,SNPS,2018-12-17,2018-12-17,0,sec_acceptance_time,2018-12-15T01:07:29.000Z,000088324118000012,0.00025987132570634975,1.0833093295882485,0.00011105716927017216,0.010538366537095403,-2.4559522062763262e-05,0.023805688051007218,239,0.0012447564496929678,0.00033317150781051645,0.018252986271032924,0.009468578286152335,0.0004442286770806886,0.021076733074190807,0.007854795622046185,0.0007774001848912051,0.027881897081999372,0.017298257324679028,0.0012216288619718938,0.034951807706782405
SNPS,SNPS,2017-12-14,2017-12-14,0,sec_acceptance_time,2017-12-13T23:49:27.000Z,000088324117000014,0.0010343456938136618,1.0454538372514914,7.607304167566071e-05,0.008721986108430849,0.0006354949929247831,0.00433811368341582,239,-0.00450825093407635,0.00022821912502698214,0.015106923082712182,-0.0101154302363651,0.00030429216670264285,0.017443972216861697,-0.04264487535825804,0.000532511291729625,0.023076206181468065,-0.057360888821735775,0.0008368034584322678,0.028927555348357177
SNPS,SNPS,2016-12-12,2016-12-12,0,sec_acceptance_time,2016-12-10T00:54:04.000Z,000088324116000027,0.0006947375819915747,0.9967919955285347,6.128528596305237e-05,0.007828491934150049,0.0003383707291773255,0.016995465241465495,239,0.003023468376109199,0.00018385585788915711,0.013559345776591035,0.02091118722475774,0.0002451411438522095,0.015656983868300098,0.01320202092177655,0.00042899700174136657,0.020712242798436063,0.016544464986916103,0.0006741381455935761,0.025964170419899343
EPD,EPD,2025-02-28,2025-02-28,0,sec_acceptance_time,2025-02-28T15:44:31.000Z,000106121925000006,0.0007836395773651062,0.3926134611875696,6.892971539178854e-05,0.00830239214875981,0.0007469098660976651,0.015400963311389931,239,0.02246060785615077,0.00020678914617536562,0.014380165026012935,0.006468545014525168,0.00027571886156715415,0.01660478429751962,-0.012432036344192144,0.00048250800774251977,0.02196606491255363,0.011167936392059399,0.0007582268693096739,0.027535919619828823
EPD,EPD,2024-02-28,2024-02-28,0,sec_acceptance_time,2024-02-28T15:54:40.000Z,000106121924000006,0.00022900009227570513,0.34303928322075006,3.553245302502942e-05,0.005960910419141477,0.0009512976167335047,0.014059738931722172,239,-0.0009780348939900795,0.00010659735907508826,0.01032459970531973,-0.0029307707910729815,0.00014212981210011768,0.011921820838282955,-0.0018553792277551029,0.000248727171175206,0.01577108655658214,0.009383003203804184,0.00039085698327532366,0.01977010326921242
EPD,EPD,2023-02-28,2023-02-28,0,sec_acceptance_time,2023-02-28T15:29:20.000Z,000106121923000006,0.0005272138446369345,0.47065007232070666,0.00013535753463799106,0.011634325706201931,1.9104781275840076e-05,0.05351859197609565,239,-0.011701636385235178,0.0004060726039139732,0.020151243234946402,0.00019326121281019494,0.0005414301385519643,0.023268651412403862,-0.0007552879759130521,0.0009475027424659375,0.03078153249053623,-0.004787156391735446,0.0014889328810179017,0.03858669305625842
EPD,EPD,2022-02-28,2022-02-28,0,sec_acceptance_time,2022-02-28T17:29:19.000Z,000106121922000008,0.0002463767843105886,0.4647242097271584,0.00013751398215040755,0.011726635585299287,0.0005235411609093213,0.01729591641662459,239,0.05198552482960374,0.0004125419464512226,0.020311128635583563,0.05237651221679649,0.0005500559286016302,0.023453271170598575,0.06862596115220315,0.0009625978750528528,0.03102576147418227,0.0822023973206463,0.0015126538036544831,0.03889285028966742
EPD,EPD,2021-03-01,2021-03-01,0,sec_acceptance_time,2021-03-01T15:51:30.000Z,000106121921000009,0.00010562535697052045,0.970001054698358,0.0006318203879403599,0.025136037634049643,0.0014859881382650569,0.10072433790534976,239,0.019014199829786534,0.0018954611638210797,0.043536894283137374,0.08383119643276751,0.0025272815517614396,0.050272075268099285,0.07947141490844745,0.004422742715582519,0.06650370452525572,0.0888881239778674,0.0069500242673439586,0.08336680554839533
EPD,EPD,2020-02-28,2020-02-28,0,sec_acceptance_time,2020-02-28T02:13:30.000Z,000106121920000014,-0.0004986541953697114,0.6093262069453537,9.388484757458377e-05,0.009689419362097183,0.0008327441755758372,0.013375842794252137,239,0.02719695385707163,0.0002816545427237513,0.01678256663099394,0.0217894493043496,0.0003755393902983351,0.019378838724194367,-0.014771045410387212,0.0006571939330220864,0.02563579398072325,-0.07199103772565302,0.0010327333233204215,0.03213616846048112
EPD,EPD,2019-03-01,2019-03-01,0,sec_acceptance_time,2019-02-28T22:54:53.000Z,000106121919000007,0.0006739463523492082,0.709874960008775,0.00012358278217156977,0.011116779307495933,3.590295950089521e-05,0.025556666251849776,239,-0.0034599736101075668,0.0003707483465147093,0.019254826577113315,0.008206344447029494,0.0004943311286862791,0.022233558614991867,-0.014957898055842161,0.0008650794752009883,0.029412233427623075,0.0007150168080064748,0.0013594106038872674,0.03687018584015095
EPD,EPD,2018-02-28,2018-02-28,0,sec_acceptance_time,2018-02-28T15:37:17.000Z,000106121918000008,-0.00038129191108788327,0.8212364231217685,9.50049194399841e-05,0.0097470467034884,0.0005990124368650822,0.009096224910883863,239,0.008603024582944787,0.0002850147583199523,0.016882380114188647,-0.014011698906669333,0.0003800196777599364,0.0194940934069768,-0.027177284261279397,0.0006650344360798887,0.025788261594762232,-0.050781622727856746,0.001045054113839825,0.03232729672954151
EPD,EPD,2017-02-24,2017-02-24,0,sec_acceptance_time,2017-02-24T14:53:52.000Z,000106121917000008,0.00015426394514478229,1.1454587969895569,0.00016422498634410563,0.012815029705158925,0.0006909421270752348,0.00999984777119279,239,-0.029609645207716577,0.0004926749590323169,0.022196282549839668,-0.018451342550771254,0.0006568999453764225,0.02563005941031785,-0.04214844094480107,0.0011495749044087393,0.033905381643755894,-0.04598997809395806,0.001806474849785162,0.04250264520927094
EPD,EPD,2016-02-26,2016-02-26,0,sec_acceptance_time,2016-02-25T23:04:39.000Z,000106121916000058,-0.0004074673893904048,1.2944248719240845,0.0005143087345099601,0.022678375923111428,-0.0002821216721660715,0.026876850892357123,239,0.007786807320966968,0.0015429262035298805,0.03928009933197573,0.011986923749014201,0.0020572349380398405,0.045356751846222856,-0.009507035413169287,0.003600161141569721,0.06000134283138771,-0.0009346555548353057,0.005657396079609561,0.07521566379159039
CTAS,CTAS,2025-07-28,2025-07-29,1,sec_acceptance_time,2025-07-28T20:17:28.000Z,000072325425000017,0.00027076472979808085,0.7179119866861401,0.00017752659413491375,0.013323910617191702,0.0008930686384184436,0.036168471411031744,239,0.0003153426530833037,0.0005325797824047413,0.023077690144482427,0.0212119820156881,0.000710106376539655,0.026647821234383404,0.013339804128178468,0.0012426861589443963,0.03525175398394236,0.004907905419719719,0.0019527925354840513,0.04419041225745751
CTAS,CTAS,2024-07-25,2024-07-25,0,sec_acceptance_time,2024-07-25T18:01:02.000Z,000072325424000036,0.0007917383059729831,0.9303774042949248,9.054814282892278e-05,0.009515678789709265,0.0009301633138947015,0.012079440901365718,239,0.02072156183627849,0.00027164442848676834,0.01648163913228197,0.011152683661129849,0.0003621925713156911,0.01903135757941853,0.016138257594089368,0.0006338369998024594,0.025176119633542802,0.07327222178544496,0.0009960295711181504,0.031559936171008815
CTAS,CTAS,2023-07-27,2023-07-27,0,sec_acceptance_time,2023-07-27T17:14:03.000Z,000072325423000025,0.0004003906257460515,0.9287902260976599,7.872045271856395e-05,0.008872454717752238,0.00046903699307684644,0.03423532926025293,239,-0.031088488081253147,0.00023616135815569185,0.01536754235900106,-0.028445224558249292,0.0003148818108742558,0.017744909435504476,-0.018003213762500393,0.0005510431690299477,0.023474308701854196,-0.005369703388273755,0.0008659249799042035,0.029426603268202796
CTAS,CTAS,2022-07-27,2022-07-27,0,sec_acceptance_time,2022-07-27T18:21:24.000Z,000072325422000019,0.0005071806938538136,0.970730577232609,9.449609744930806e-05,0.009720910319991028,-0.0004095992264022614,0.0397210615367188,239,0.03046112764645205,0.00028348829234792417,0.016837110570045093,0.014129904089301891,0.00037798438979723224,0.019441820639982055,0.026219111454052927,0.0006614726821451564,0.02571911122385757,0.03936389829203647,0.0010394570719423886,0.03224061215210389
CTAS,CTAS,2021-07-28,2021-07-28,0,sec_acceptance_time,2021-07-28T17:24:07.000Z,000072325421000021,-0.00018445622171869868,1.2899485829912734,0.00013718117398574592,0.011712436722806484,0.0011150142483831687,0.022126459820543554,239,0.012579967154900291,0.00041154352195723774,0.020286535484336347,0.006324735756480468,0.0005487246959429837,0.02342487344561297,-0.008672766040591159,0.0009602682179002214,0.030988194815126314,-0.024937018968068624,0.0015089929138432051,0.038845757990328945
CTAS,CTAS,2020-07-29,2020-07-29,0,sec_acceptance_time,2020-07-29T18:20:47.000Z,000072325420000025,7.291344910625682e-05,1.2006740189753147,0.00037760141957323247,0.019431969009167147,0.0006667596491774519,0.11129673349572929,239,0.009957222354027535,0.0011328042587196974,0.03365715761498136,-0.01006602141108387,0.0015104056782929299,0.03886393801833429,-0.03541208608823837,0.0026432099370126273,0.05141215748257048,0.03006196705037863,0.004153615615305558,0.06444855014122162
CTAS,CTAS,2019-07-26,2019-07-26,0,sec_acceptance_time,2019-07-26T16:05:44.000Z,000072325419000021,0.0008387729502655189,1.065674006847666,0.00011726178121512863,0.010828747906158339,0.0002702172268565901,0.02303524707355901,239,-0.007704848671992703,0.0003517853436453859,0.018755941555821342,0.003705205966977383,0.0004690471248605145,0.021657495812316678,0.0012017860671722329,0.0008208324685059004,0.028650173969906368,0.004791756069427294,0.0012898795933664149,0.035914893754073876
CTAS,CTAS,2018-07-27,2018-07-27,0,sec_acceptance_time,2018-07-27T16:27:03.000Z,000072325418000015,0.0011181646871765826,0.9643798426764196,8.119110462975107e-05,0.009010610669080708,0.000545643460774983,0.015465930517571957,239,-0.01997746045474396,0.0002435733138892532,0.01560683548606998,-0.009609852662751174,0.0003247644185190043,0.018021221338161416,-0.00559117399657239,0.0005683377324082576,0.02383983499121287,0.04320341720030991,0.0008931021509272618,0.02988481472131393
CTAS,CTAS,2017-07-31,2017-08-01,1,sec_acceptance_time,2017-07-31T20:54:23.000Z,000072325417000020,0.00059744953612988,1.0659451046169448,0.00010923577925628657,0.010451592187618429,0.0005444142733839591,0.00630368411978082,239,-0.008625101019747797,0.0003277073377688597,0.018102688688945066,-0.004039859558442174,0.00043694311702514627,0.020903184375236857,-0.01914844658904618,0.000764650454794006,0.02765231373310389,-0.043919671870060614,0.0012015935718191523,0.03466400974814011
CTAS,CTAS,2016-07-29,2016-07-29,0,sec_acceptance_time,2016-07-29T17:32:52.000Z,000072325416000050,0.000794466149971981,0.8693331168276623,8.99635800513597e-05,0.009484913286443884,0.00017932544080336533,0.02850996691412251,239,-0.009162988533058228,0.00026989074015407915,0.016428351717505903,-0.0179437245467408,0.0003598543202054388,0.018969826572887767,-0.02132060559429982,0.000629745060359518,0.02509472176294286,-0.0195906387728482,0.0009895993805649568,0.03145789854019109
SPG,SPG,2025-02-21,2025-02-21,0,sec_acceptance_time,2025-02-21T16:03:27.000Z,000155837025001271,0.0006356310030930117,0.7510951615382939,0.00013679703982007727,0.011696026668064555,0.0007520336180650597,0.015562056386715189,239,0.01113137020284969,0.0004103911194602318,0.02025811243576834,0.004248709582740166,0.0005471881592803091,0.02339205333612911,0.010929352464975218,0.0009575792787405409,0.030944777891278214,0.01727467569587901,0.00150476743802085,0.03879133199596077
SPG,SPG,2024-02-22,2024-02-23,1,sec_acceptance_time,2024-02-22T21:11:39.000Z,000155837024001532,-2.0536487310938382e-05,1.083274920138535,0.0001743527267314917,0.013204269261549148,0.0009168314360712593,0.014219491605563607,239,-0.024020808302643512,0.0005230581801944751,0.022870465237823105,-0.0071492177525006775,0.0006974109069259668,0.026408538523098296,-0.014449464757816484,0.001220469087120442,0.034935212710393536,0.023461766045030624,0.0019178799940464087,0.04379360677138169
SPG,SPG,2023-02-23,2023-02-23,0,sec_acceptance_time,2023-02-23T14:45:23.000Z,000155837023001840,0.0001363714131461922,1.0415321366733858,0.0001790805414195571,0.013382097795919633,-0.00011019640181211342,0.05429689643442076,239,0.01669989370692642,0.0005372416242586714,0.023178473294388297,0.013059745396801244,0.0007163221656782284,0.026764195591839266,0.011892512343506917,0.0012535637899368998,0.03540570278834894,0.017716047257861765,0.001969885955615128,0.04438339729690741
SPG,SPG,2022-02-24,2022-02-24,0,sec_acceptance_time,2022-02-24T12:50:39.000Z,000155837022001845,0.0005077602489027257,1.2018334281894911,0.00024584636383341314,0.015679488634308618,0.0006929005167370341,0.01703431891690009,239,-0.011477570815304868,0.0007375390915002394,0.027157670951321274,-0.020587489876385732,0.0009833854553336525,0.031358977268617236,-0.047516999619262416,0.001720924546833892,0.041484027611044375,0.010994588733759445,0.0027043100021675445,0.052002980704643695
SPG,SPG,2021-02-25,2021-02-25,0,sec_acceptance_time,2021-02-25T11:28:02.000Z,000155837021001700,-0.0006268748635594925,1.597359341368029,0.002385059586273156,0.04883707184376594,0.0014010397745664802,0.10897140201159526,239,0.012467597539551963,0.007155178758819468,0.08458828972629408,-0.038378329558970095,0.009540238345092624,0.09767414368753188,0.04077945375682812,0.01669541710391209,0.12921074685919934,0.09377219645317364,0.026235655449004715,0.16197424316540182
SPG,SPG,2020-02-21,2020-02-21,0,sec_acceptance_time,2020-02-21T15:36:58.000Z,000155837020001135,-0.0012411441284270778,0.6181418844466027,0.00012164506206076591,0.011029282028344634,0.000826759208711218,0.013656439311440156,239,0.06089670818917174,0.00036493518618229776,0.019103276844099227,-0.006472792756201221,0.00048658024824306366,0.022058564056689267,0.01047579396328793,0.0008515154344253614,0.029180737386593943,-0.009074065946671834,0.0013380956826684251,0.036579990195029104
SPG,SPG,2019-02-22,2019-02-22,0,sec_acceptance_time,2019-02-22T11:47:24.000Z,000155837019000875,0.0008927076835766528,0.5111886692839133,0.00011843267500677391,0.010882677749835925,0.00014909288338068452,0.025859289270915124,239,0.017894300531836542,0.00035529802502032174,0.018849350785115165,-0.011707043625113676,0.00047373070002709565,0.02176535549967185,-0.020589052925338868,0.0008290287250474174,0.028792858924521846,-0.06522489253160267,0.001302759425074513,0.036093758810554946
SPG,SPG,2018-02-23,2018-02-23,0,sec_acceptance_time,2018-02-23T11:36:17.000Z,000155837018000981,-0.000536073890832501,0.3509127134759119,0.000166993683147341,0.012922603574641645,0.0005529919923056521,0.0089433161017196,239,0.042018267653278166,0.0005009810494420229,0.022382605957350518,-0.0018367037560608587,0.000667974732589364,0.02584520714928329,-0.009323489514403694,0.0011689557820313869,0.03418999534997609,0.017394131299935462,0.0018369305146207508,0.042859427371591784
SPG,SPG,2017-02-24,2017-02-24,0,sec_acceptance_time,2017-02-24T11:21:48.000Z,000155837017000934,-0.0007810831902820417,0.7590627528855973,0.00011066760574071138,0.010519867192161286,0.0006909421270752348,0.00999984777119279,239,0.008974551775061103,0.0003320028172221341,0.018220944465700294,-0.020471633550253845,0.0004426704229628455,0.02103973438432257,-0.0006549689037093215,0.0007746732401849797,0.027832952415886097,0.0029938789522557917,0.0012173436631478251,0.034890452320768574
SPG,SPG,2016-02-26,2016-02-26,0,sec_acceptance_time,2016-02-26T11:04:06.000Z,000104746916010465,0.0006325645936880166,0.7540983491088135,9.583756249964049e-05,0.009789666107668866,-0.0002821216721660715,0.026876850892357123,239,0.00017934561381258022,0.0002875126874989215,0.016956199087617526,0.0015837977376488548,0.00038335024999856197,0.01957933221533773,0.01044636007912855,0.0006708629374974834,0.02590102193924949,0.009281518254053833,0.0010542131874960454,0.03246864930199662
MDLZ,MDLZ,2025-02-05,2025-02-05,0,sec_acceptance_time,2025-02-05T19:52:14.000Z,000110398225000030,-0.0008993023489076643,0.1034677374387579,0.00012547730658191893,0.011201665348595222,0.0008827254844123209,0.015835014000338075,239,0.009006758999086928,0.00037643191974575676,0.019401853513150664,0.045498236651901565,0.0005019092263276757,0.022403330697190443,0.009095741356024204,0.0008783411460734325,0.029636820782152604,0.07443378652748052,0.0013802503724011082,0.03715172098841597
MDLZ,MDLZ,2024-02-02,2024-02-02,0,sec_acceptance_time,2024-02-02T20:50:24.000Z,000110398224000019,0.0003484032392967795,0.43991144643139285,0.00010470980014414665,0.010232780665300447,0.0007812341155630852,0.014530042492798084,239,-0.008689619750866222,0.00031412940043243993,0.01772369601500883,-0.03449070279297882,0.0004188392005765866,0.020465561330600894,-0.02263810387389735,0.0007329686010090266,0.027073392861055052,-0.03292857998700198,0.0011518078015856131,0.03393829402880488
MDLZ,MDLZ,2023-02-03,2023-02-03,0,sec_acceptance_time,2023-02-03T17:06:38.000Z,000110398223000006,0.00018922067989616772,0.5844451267243135,0.00010120952583569252,0.010060294520325561,-0.0002375445349143811,0.055475293696314806,239,-0.007873559492566374,0.00030362857750707755,0.01742494124831064,-0.020398685483589543,0.0004048381033427701,0.020120589040651123,-0.016306478324815334,0.0007084666808498477,0.02661703741684727,0.008992953008598457,0.0011133047841926178,0.03336622220438835
MDLZ,MDLZ,2022-02-04,2022-02-04,0,sec_acceptance_time,2022-02-04T18:40:11.000Z,000110398222000003,0.0008251405228957399,0.3960273319946494,8.163327019334953e-05,0.009035113180992782,0.00043514294080527273,0.01637634237293583,239,0.0005190596610496678,0.0002448998105800486,0.015649275081614757,-0.012506416781222354,0.0003265330807733981,0.018070226361985565,0.0018920309106562078,0.0005714328913534468,0.02390466254422862,-0.02878095464136981,0.0008979659721268449,0.0299660803597475
MDLZ,MDLZ,2021-02-05,2021-02-05,0,sec_acceptance_time,2021-02-05T15:23:42.000Z,000110398221000004,-0.0004733770544558849,0.834024057931854,0.00011631981002865688,0.010785166203107715,0.0007388383400296642,0.11862300118583124,239,-0.003658854210274407,0.00034895943008597067,0.01868045583185728,-0.01972888834598387,0.00046527924011462754,0.02157033240621543,-0.025967727915275834,0.0008142386702005981,0.02853486762192175,-0.060527619063384774,0.0012795179103152257,0.03577034959733027
MDLZ,MDLZ,2020-02-07,2020-02-07,0,sec_acceptance_time,2020-02-07T16:22:43.000Z,000110398220000003,0.0005681473920793707,0.5625986856184161,8.41135084226839e-05,0.009171341691523869,0.0007245259309778368,0.012968428739376875,239,0.0133665913169019,0.0002523405252680517,0.01588522978329403,0.001114420272887013,0.0003364540336907356,0.018342683383047738,-0.002138961944415521,0.0005887945589587874,0.02426508930457062,-0.007470371022800244,0.0009252485926495229,0.03041789921492809
MDLZ,MDLZ,2019-02-08,2019-02-08,0,sec_acceptance_time,2019-02-08T15:34:04.000Z,000110398219000005,0.0003599031648137737,0.6004582017939761,0.0001084983146630041,0.01041625242892107,1.2123694024420262e-05,0.026475165738477413,239,0.030529531591152417,0.0003254949439890123,0.018041478431354018,0.011871166286874943,0.0004339932586520164,0.02083250485784214,0.02337719017928907,0.0007594882026410287,0.02755881352019765,0.020984058644476257,0.0011934814612930451,0.03454680102835927
MDLZ,MDLZ,2018-02-09,2018-02-09,0,sec_acceptance_time,2018-02-09T15:33:19.000Z,000119312518037332,-0.00030341948770371766,0.6845356188169772,8.302616005366566e-05,0.009111869185500067,0.0007485115127069521,0.00465562626230466,239,-0.027642667532962246,0.00024907848016099697,0.01578222038120736,-0.022808998620061777,0.00033210464021466265,0.018223738371000133,-0.033160796802443604,0.0005811831203756596,0.024107739843785846,-0.012815248745517555,0.0009132877605903223,0.03022065122710499
MDLZ,MDLZ,2017-02-24,2017-02-24,0,sec_acceptance_time,2017-02-24T18:04:38.000Z,000119312517055858,-0.00037698859747294165,1.3067402383150675,0.0001388810579687789,0.011784780777289788,0.0006909421270752348,0.00999984777119279,239,-0.021885594656550572,0.0004166431739063367,0.02041183906232696,-0.03467594461280003,0.0005555242318751156,0.023569561554579576,0.015795606803187517,0.0009721674057814524,0.031179599192123243,-0.04784022098634984,0.001527691637656568,0.03908569607486309
MDLZ,MDLZ,2016-02-19,2016-02-19,0,sec_acceptance_time,2016-02-19T16:41:16.000Z,000119312516469394,0.0008433195374215057,1.0282455210212043,0.00014559218430161897,0.012066158639004336,-0.0005060076907793413,0.025993979759480035,239,-0.015317118765679857,0.00043677655290485693,0.020899199814941646,0.010054743628209722,0.0005823687372064759,0.024132317278008672,0.026570708395331415,0.0010191452901113327,0.031924055038659055,0.006686993910465892,0.0016015140273178087,0.04001892086648275
ITW,ITW,2025-02-14,2025-02-14,0,sec_acceptance_time,2025-02-14T19:59:04.000Z,000004982625000007,-0.0003508041140677634,0.5308542675186972,8.168979480036544e-05,0.00903824069165927,0.0007797618646639484,0.01545707427722489,239,0.018462978732143448,0.00024506938440109634,0.015654692088990327,0.02211641641811543,0.00032675917920146175,0.01807648138331854,0.028664536659716307,0.0005718285636025581,0.023912937159674845,0.03820308144357884,0.0008985877428040199,0.029976453139156072
ITW,ITW,2024-02-09,2024-02-09,0,sec_acceptance_time,2024-02-09T19:56:05.000Z,000004982624000008,-0.00031574267634456346,0.9194652416678589,9.531288814988045e-05,0.009762831973862934,0.0008034393880474367,0.014658382522590246,239,0.005160191625433029,0.00028593866444964137,0.016909721004488554,-0.0006826083072569962,0.0003812515525995218,0.01952566394772587,-0.008744881902698612,0.0006671902170491632,0.025830025494551163,-0.021207270720319655,0.0010484417696486848,0.03237965054858815
ITW,ITW,2023-02-10,2023-02-10,0,sec_acceptance_time,2023-02-10T20:31:41.000Z,000004982623000008,0.0009160597937996795,0.9233680163553305,8.346524774137647e-05,0.009135931684364572,-4.987836416671753e-05,0.055438550036545325,239,0.0044406280553731066,0.0002503957432241294,0.01582389785179775,0.002849159726691187,0.0003338609909655059,0.018271863368729144,-0.023256674345841853,0.0005842567341896353,0.024171403231704098,-0.02875460405308784,0.0009181177251551412,0.030300457507356902
ITW,ITW,2022-02-11,2022-02-11,0,sec_acceptance_time,2022-02-11T19:42:05.000Z,000004982622000006,0.00048670978786094385,0.6327120601989451,8.058525256844066e-05,0.008976928905167995,0.0005879616663025995,0.01780609689206645,239,-0.00902244407307535,0.000241755757705322,0.015548496959684624,0.003161543440830014,0.00032234101027376266,0.01795385781033599,-0.02328713427510147,0.0005640967679790847,0.023750721420181843,-0.09751383484726953,0.0008864377782528473,0.029773104948138132
ITW,ITW,2021-02-12,2021-02-12,0,sec_acceptance_time,2021-02-12T19:36:16.000Z,000004982621000007,-0.0002644280635927134,1.0310381017899026,0.00022542901192908955,0.015014293587414946,0.0011401858981174102,0.11719795204236036,239,-0.034021244159934225,0.0006762870357872687,0.026005519333158273,-0.0067574793400649626,0.0009017160477163582,0.030028587174829893,-0.022233012162458893,0.0015780030835036269,0.03972408694361177,0.02218829217017157,0.002479719131219985,0.04979677832169452
ITW,ITW,2020-02-14,2020-02-14,0,sec_acceptance_time,2020-02-14T20:16:14.000Z,000004982620000020,0.00021237510564774543,1.3496463148019184,8.752811040028508e-05,0.009355645910373323,0.0007831129377755788,0.0136166542295107,239,-0.013892718731239716,0.00026258433120085527,0.01620445405439058,0.004457899347265098,0.00035011244160114034,0.018711291820746646,0.023326146618858613,0.0006126967728019956,0.024752712433226295,0.030740195037432326,0.0009628092144031359,0.031029167156131274
ITW,ITW,2019-02-15,2019-02-15,0,sec_acceptance_time,2019-02-15T20:56:45.000Z,000004982619000021,-0.0005541278248246739,1.0090474933521023,0.00014878927373333767,0.012197920877483084,-5.7413382220626095e-05,0.026175393916646132,239,0.016890449435135593,0.000446367821200013,0.021127418706505842,0.023983980120247855,0.0005951570949333507,0.024395841754966167,0.030812927743217807,0.0010415249161333637,0.03227266515386301,0.0454155151073666,0.0016366820110667144,0.04045592677305408
ITW,ITW,2018-02-15,2018-02-15,0,sec_acceptance_time,2018-02-15T16:12:45.000Z,000004982618000017,0.00034167737985190587,1.2854654660878135,4.378028216333341e-05,0.006616666998068847,0.000532626264248131,0.007175416418156381,239,-0.02989735917634343,0.00013134084649000025,0.011460403417419487,-0.010206379087758136,0.00017512112865333365,0.013233333996137695,-0.03515514224287754,0.00030646197514333387,0.01750605538501846,-0.03174770619883112,0.00048158310379666755,0.021945001795321585
ITW,ITW,2017-02-10,2017-02-10,0,sec_acceptance_time,2017-02-10T18:52:48.000Z,000004982617000022,0.0005603453857878164,1.0830516223553828,3.88746956525882e-05,0.006234957550183337,0.0007403817950188809,0.010639220853175747,239,0.0001639003405843175,0.0001166240869577646,0.010799263259952717,-0.002001659660025431,0.0001554987826103528,0.012469915100366675,-0.011139845675958744,0.0002721228695681174,0.016496147112829634,-0.013163049045951152,0.00042762165217847024,0.02067901477775163
ITW,ITW,2016-02-12,2016-02-12,0,sec_acceptance_time,2016-02-11T23:14:40.000Z,000004982616000151,0.00018293649743514532,0.987988309570815,5.921903240104223e-05,0.007695390334547184,-0.0003620134839506722,0.025530505284979552,239,0.010447734549928152,0.0001776570972031267,0.013328807043510183,0.01710902930389403,0.0002368761296041689,0.015390780669094368,0.02225868773573364,0.00041453322680729557,0.02036008906678199,0.03535634457662526,0.0006514093564114645,0.025522722355020525
CP,CP,2025-02-27,2025-02-27,0,sec_acceptance_time,2025-02-27T16:24:45.000Z,000001687525000008,-0.0009233799512012824,0.720360041314325,0.00016687738524655523,0.012918103004952207,0.0008081580376546651,0.015465589632715108,239,0.008503646418836691,0.0005006321557396657,0.02237481074198541,-0.019743038914705018,0.0006675095409862209,0.025836206009904415,-0.005895162292560263,0.0011681416967258865,0.034178087961819724,0.06168855084862277,0.0018356512377121076,0.04284450067058907
CP,CP,2024-02-27,2024-02-27,0,sec_acceptance_time,2024-02-27T16:57:49.000Z,000001687524000009,-0.0001554301129928538,0.8033280098853751,0.0001356851471210438,0.011648396761831381,0.0009823441272558862,0.014011328835414089,239,-0.015088861504128099,0.0004070554413631314,0.020175615018212738,-0.013418751578014466,0.0005427405884841752,0.023296793523662762,-0.01408915826467649,0.0009497960298473066,0.03081876100441591,0.0011691453391000396,0.001492536618331482,0.03863336146818552
CP,CP,2023-02-24,2023-02-24,0,sec_acceptance_time,2023-02-24T17:16:00.000Z,000001687523000008,0.000332196150436557,0.854863692176944,0.00014763648922997585,0.01215057567483845,-6.53963254906473e-05,0.05424351801629333,239,0.014190780720955568,0.00044290946768992754,0.021045414410030692,0.012872607902835235,0.0005905459569199034,0.0243011513496769,0.017121146841212825,0.001033455424609831,0.032147401521893354,0.009210895093639489,0.0016240013815297344,0.04029890050025849
CP,CP,2022-02-23,2022-02-23,0,sec_acceptance_time,2022-02-23T17:44:09.000Z,000001687522000010,-0.00032593633305347963,0.7392169633347828,0.00019659394806331672,0.014021196384878028,0.0006045074112940147,0.016841859755532117,239,-0.03883649192617364,0.0005897818441899501,0.02428542452150981,-0.015501219201732553,0.0007863757922532669,0.028042392769756057,-0.038900606203051066,0.001376157636443217,0.037096598717985145,0.0183513179441714,0.002162533428696484,0.04650304752052799
CP,CP,2021-02-18,2021-02-18,0,sec_acceptance_time,2021-02-18T17:22:12.000Z,000001687521000008,0.0004175635250152415,1.063011819361468,0.00023193934457119213,0.015229554969571242,0.0014178572042538677,0.11506683264157755,239,0.012218992390901066,0.0006958180337135764,0.026378362983960478,0.012946748973939702,0.0009277573782847685,0.030459109939142484,0.030562082305779933,0.0016235754119983449,0.04029361502767337,0.03948454061255179,0.002551332790283113,0.05051071955816026
CP,CP,2020-02-20,2020-02-20,0,sec_acceptance_time,2020-02-20T17:33:09.000Z,000001687520000007,0.0005990820537437172,0.8591654368049559,8.83465590536976e-05,0.00939928502885712,0.0007834822005157719,0.013646387303235561,239,-0.005349118760270575,0.00026503967716109283,0.016280039224802034,0.018807455073710667,0.0003533862362147904,0.01879857005771424,0.0018427571089291266,0.0006184259133758832,0.024868170688168503,0.024915077067499906,0.0009718121495906737,0.031173901738323895
CP,CP,2019-02-15,2019-02-15,0,sec_acceptance_time,2019-02-15T20:04:45.000Z,000001687519000017,0.0004830680367859982,0.9176784239138857,0.0001297901218872352,0.011392546769148469,-5.7413382220626095e-05,0.026175393916646132,239,0.03498878207498064,0.00038937036566170566,0.01973246983176981,0.0113812519376051,0.0005191604875489408,0.022785093538296938,0.018096332722176946,0.0009085308532106465,0.030141845550839225,0.0029110792514584795,0.0014276913407595872,0.03778480303984113
CP,CP,2018-02-16,2018-02-16,0,sec_acceptance_time,2018-02-16T17:08:27.000Z,000001687518000029,0.00043692715331385937,0.7978589551856214,8.633770617714683e-05,0.009291808552544915,0.00038635830031490164,0.008609877103938476,239,-0.0084521845228088,0.00025901311853144046,0.01609388450721082,0.008403480216356897,0.0003453508247085873,0.01858361710508983,0.02694688730938473,0.0006043639432400278,0.024583814660056883,0.0254273854136174,0.0009497147679486151,0.03081744259260679
CP,CP,2017-02-16,2017-02-17,1,sec_acceptance_time,2017-02-16T21:35:21.000Z,000001687517000015,2.916200656327434e-06,1.377583476807878,0.00018478395793469432,0.013593526324493373,0.0006657221129399734,0.009967524414763715,239,-0.0051232658689280754,0.0005543518738040829,0.02354467824804754,-0.015966246123245924,0.0007391358317387773,0.027187052648986746,-0.02001035180397245,0.0012934877055428603,0.035965090095019366,-0.024795904844488,0.0020326235372816375,0.045084626396163445
CP,CP,2016-02-29,2016-02-29,0,sec_acceptance_time,2016-02-29T17:11:07.000Z,000162828016011920,-0.00106560081154224,1.173008869025136,0.0003066002942827485,0.01751000554776464,-0.0002112626883045505,0.026597520462540564,239,0.009325375192224322,0.0009198008828482454,0.030328219249541266,-0.012838691820755678,0.001226401177130994,0.03502001109552928,-0.03849079045437974,0.0021462020599792393,0.046327120134746554,0.009763434759046438,0.0033726032371102334,0.05807411847897679
ROST,ROST,2025-04-01,2025-04-01,0,sec_acceptance_time,2025-03-31T21:41:13.000Z,000074573225000010,-0.0005349947176615756,0.7575584643776437,0.00017198397132135945,0.013114265946722273,0.00046433611125039137,0.018482457419709025,239,0.043923473349326045,0.0005159519139640784,0.022714574923693342,0.09606160366098478,0.0006879358852854378,0.026228531893444547,0.11227986327675751,0.0012038877992495162,0.03469708632219017,0.09754386915033945,0.001891823684534954,0.04349509954621272
ROST,ROST,2024-04-02,2024-04-02,0,sec_acceptance_time,2024-04-01T21:40:06.000Z,000074573224000009,0.0006044590215643991,0.8397668426537451,0.0001138695336405483,0.010670966855938983,0.001040050366541457,0.012822877914504703,239,-0.031090056328799708,0.0003416086009216449,0.018482656760369837,-0.03504739975283584,0.0004554781345621932,0.021341933711877967,-0.0395327755607615,0.0007970867354838381,0.028232724549427355,-0.04062905565096061,0.0012525648700460314,0.03539159321146805
ROST,ROST,2023-03-28,2023-03-28,0,sec_acceptance_time,2023-03-27T21:46:00.000Z,000074573223000013,0.0012751590353857036,1.002246099793259,0.0005056033219435495,0.02248562478437167,-0.0004567722449042017,0.05261098757798018,239,-0.00662915381366108,0.0015168099658306486,0.038946244566461716,0.015987608239495153,0.002022413287774198,0.04497124956874334,-0.017542952491975433,0.0035392232536048465,0.059491371253357794,0.010472811088465234,0.005561636541379044,0.07457638058647686
ROST,ROST,2022-03-29,2022-03-29,0,sec_acceptance_time,2022-03-28T21:52:31.000Z,000074573222000014,-0.0016987678199593848,1.3510574665603219,0.000206329387025414,0.014364170251894607,0.00036804297347134803,0.02102916318412862,239,0.015047938290709537,0.000618988161076242,0.024879472684850898,0.006530541319665822,0.000825317548101656,0.028728340503789213,-0.004032763097645678,0.001444305709177898,0.03800402227630515,0.02367367969261967,0.0022696232572795537,0.04764056315031922
ROST,ROST,2021-03-30,2021-03-30,0,sec_acceptance_time,2021-03-29T22:05:12.000Z,000074573221000017,-0.0003790208484088834,1.2744958186793411,0.0004803653009841836,0.02191723753086104,0.0015818591564736178,0.03590592541924403,239,-0.0183792840802829,0.0014410959029525507,0.03796176896500676,-0.008037077336785934,0.0019214612039367344,0.04383447506172208,0.006005353292522157,0.003362557106889285,0.05798755993218964,-0.016194287521949152,0.00528401831082602,0.07269125333096149
ROST,ROST,2020-03-31,2020-03-31,0,sec_acceptance_time,2020-03-30T21:56:18.000Z,000074573220000016,-0.0006563433549204474,0.9494591411760542,0.0002953912279461591,0.017186949349612894,-0.0009084459205517102,0.07440468526645648,239,0.01250006535283723,0.0008861736838384774,0.029768669500642404,-0.06983466409094773,0.0011815649117846365,0.03437389869922579,-0.08146913198347114,0.0020677385956231137,0.04547239377493903,0.16825425125813662,0.00324930350740775,0.05700266228350874
ROST,ROST,2019-04-02,2019-04-02,0,sec_acceptance_time,2019-04-01T22:02:54.000Z,000074573219000009,0.0005325258233356136,0.9198042000335411,0.00017010964947018946,0.01304260899782668,0.00028702647010971153,0.022330909562284243,239,0.005936654972889552,0.0005103289484105684,0.022590461447490807,0.03326495976746707,0.0006804385978807578,0.02608521799565336,0.039665241299738724,0.001190767546291326,0.03450749985570276,0.0517192778864105,0.001871206144172084,0.043257440333104365
ROST,ROST,2018-04-03,2018-04-03,0,sec_acceptance_time,2018-04-03T00:28:09.000Z,000074573218000004,0.00047167248130178263,0.8680490510024701,0.0002379530284599099,0.01542572618906189,0.0004217129208794037,0.01151506796478459,239,0.006208500080526253,0.0007138590853797296,0.026718141503101027,0.013172569139005167,0.0009518121138396396,0.03085145237812378,0.007402783198063843,0.0016656711992193692,0.04081263528883389,0.016238520051116555,0.0026174833130590087,0.05116134588787719
ROST,ROST,2017-03-28,2017-03-28,0,sec_acceptance_time,2017-03-27T22:50:48.000Z,000074573217000009,0.0004063099362053724,0.5610676897263563,0.00012385573701065227,0.011129049241092082,0.0006493601097758364,0.009341175769716914,239,-0.006131053691393923,0.00037156721103195683,0.019276078725507344,0.001522483140872652,0.0004954229480426091,0.022258098482184165,-0.013272784907614505,0.0008669901590745659,0.029444696620521765,-0.043747895969014336,0.001362413107117175,0.036910880606091954
ROST,ROST,2016-03-29,2016-03-29,0,sec_acceptance_time,2016-03-28T23:29:45.000Z,000074573216000037,0.0007577973308191957,1.050370266708978,0.0001939741376235838,0.013927459841032887,-8.694923721128227e-06,0.027099791011522833,239,-0.0005553799808486306,0.0005819224128707514,0.024123068065044117,-0.0031445262015101227,0.0007758965504943352,0.027854919682065774,-0.007952763134362292,0.0013578189633650867,0.036848595134212195,-0.02966553558897519,0.002133715513859422,0.04619215857544895
HLT,HLT,2025-02-06,2025-02-06,0,sec_acceptance_time,2025-02-06T15:05:57.000Z,000158568925000008,0.0005169821157423747,0.875144546991745,9.108497455818006e-05,0.009543844851954586,0.0008230658231765925,0.01578945649810901,239,0.04272651003055831,0.0002732549236745402,0.016530424183140012,0.04083484958230633,0.00036433989823272023,0.019087689703909172,0.04317876175979335,0.0006375948219072604,0.02525064002965589,0.044346692106711105,0.0010019347201399805,0.03165335243129834
HLT,HLT,2024-02-07,2024-02-07,0,sec_acceptance_time,2024-02-07T15:10:16.000Z,000158568924000027,0.00037680107836079416,0.9809042329101322,0.00012411842592902135,0.011140844937841175,0.0007492800118362647,0.014460781735900204,239,-0.007440162783473454,0.00037235527778706407,0.019296509471587446,-0.020104921504870612,0.0004964737037160854,0.02228168987568235,-0.02616355408037945,0.0008688289815031495,0.029475905100660598,-0.026491760636885006,0.0013653026852192347,0.03695000250634951
HLT,HLT,2023-02-09,2023-02-09,0,sec_acceptance_time,2023-02-09T16:08:28.000Z,000158568923000036,0.00028071063425611333,1.1349972787013258,0.00023076239777587325,0.015190865603245696,-0.00014136595680459528,0.05526965067260038,239,0.012952159259075887,0.0006922871933276197,0.02631135103577199,0.021900273300132875,0.000923049591103493,0.030381731206491392,0.029238081669616355,0.0016153367844311127,0.04019125258599329,0.011739257207366311,0.0025383863755346057,0.05038240144668182
HLT,HLT,2022-02-16,2022-02-16,0,sec_acceptance_time,2022-02-16T16:22:28.000Z,000158568922000013,0.00034995731908767395,1.0890463921171045,0.00024377173009095698,0.015613190900355923,0.0006519561542087599,0.016710232646125214,239,0.015650769310764874,0.000731315190272871,0.027042839907688524,-0.030857410896890248,0.0009750869203638279,0.031226381800711845,0.0015707529252861861,0.001706402110636699,0.04130862029451842,0.006427438066290106,0.002681489031000527,0.051783095996671795
HLT,HLT,2021-02-17,2021-02-17,0,sec_acceptance_time,2021-02-17T17:18:54.000Z,000158568921000016,-2.7459184034207438e-05,0.898381013574828,0.0007275163813176609,0.02697251158712627,0.001388046260939167,0.11515345450131284,239,0.022909730005056757,0.002182549143952983,0.04671776047664296,0.06846689159882166,0.0029100655252706437,0.05394502317425254,0.10201644234363698,0.005092614669223627,0.07136255789434419,0.1255494614881238,0.00800268019449427,0.08945770058801125
HLT,HLT,2020-02-11,2020-02-11,0,sec_acceptance_time,2020-02-11T16:17:12.000Z,000158568920000013,0.0004750214004774181,1.0469562741788005,0.00010932056129781758,0.0104556473399698,0.0006881163893625112,0.013331253002787796,239,0.007978795129106028,0.00032796168389345276,0.01810971241885008,0.006051297980930513,0.00043728224519127033,0.0209112946799396,-0.01753833181071679,0.0007652439290847231,0.0276630426577541,-0.004077428098219708,0.0012025261742759934,0.03467745916695734
HLT,HLT,2019-02-13,2019-02-13,0,sec_acceptance_time,2019-02-13T16:23:06.000Z,000158568919000034,-0.0004149893808597698,0.9698142703227816,0.00013925468392720608,0.011800622183902256,0.00010730197266868341,0.026476062016238526,239,0.06521000012841507,0.0004177640517816182,0.020439277183443114,0.08262971261485999,0.0005570187357088243,0.023601244367804513,0.06527359114260955,0.0009747827874904425,0.03122151161443729,0.10369479671260642,0.0015318015231992668,0.03913823607674811
HLT,HLT,2018-02-14,2018-02-14,0,sec_acceptance_time,2018-02-14T16:30:05.000Z,000158568918000033,0.0009076127563152153,1.0501309259667753,7.801823314785565e-05,0.008832793054739574,0.0005578127557881136,0.007144872845353068,239,0.0015412288659563712,0.00023405469944356695,0.01529884634355045,-0.01063477180039405,0.0003120729325914226,0.01766558610947915,0.010374027744804955,0.0005461276320349895,0.023369373804939437,0.020647599397886428,0.0008582005646264121,0.02929506041342827
HLT,HLT,2017-02-15,2017-02-15,0,sec_acceptance_time,2017-02-15T18:19:35.000Z,000158568917000038,0.0005582461698240476,1.249294358695648,0.00012325321245407374,0.011101946336299493,0.0007046423917042909,0.010556874349525928,239,-0.005063739657401038,0.0003697596373622212,0.019229135117373876,-0.024508101582625164,0.000493012849816295,0.022203892672598986,-0.04507604473218071,0.0008627724871785162,0.029372989074633114,-0.054219906619731986,0.0013557853369948112,0.03682099044016621
HLT,HLT,2016-02-26,2016-02-26,0,sec_acceptance_time,2016-02-26T17:19:38.000Z,000158568916000161,-0.0010131336783642316,1.134536329212928,0.00020423261723672502,0.01429099776911063,-0.0002821216721660715,0.026876850892357123,239,0.0457026607518985,0.0006126978517101751,0.024752734226953094,0.041462956431922805,0.0008169304689469001,0.02858199553822126,0.055804316521443506,0.0014296283206570752,0.03781042608404559,0.07378742634348479,0.002246558789603975,0.04739787747994603
ET,ET,2025-02-14,2025-02-14,0,sec_acceptance_time,2025-02-14T19:07:03.000Z,000127618725000018,0.0011219094638561474,0.6556184303340084,0.0001259878505333522,0.01122443096701798,0.0007797618646639484,0.01545707427722489,239,0.020979087487664687,0.0003779635516000566,0.019441284720924608,0.0015114676904513461,0.0005039514021334088,0.02244886193403596,-0.02048940110263297,0.0008819149537334654,0.02969705294694181,-0.055679832347172414,0.0013858663558668743,0.03722722600284467
ET,ET,2024-02-16,2024-02-16,0,sec_acceptance_time,2024-02-16T17:27:42.000Z,000127618724000024,0.0002021149164041948,0.6212335696363636,8.848783170668357e-05,0.0094067971013881,0.0009807216830497467,0.014227668794042199,239,0.039663261140972905,0.0002654634951200507,0.016293050516095833,0.01750347873888079,0.00035395132682673427,0.0188135942027762,0.039313249758369334,0.0006194148219467849,0.024888045763916157,0.043909791668408985,0.0009733661487735193,0.03119881646430709
ET,ET,2023-02-17,2023-02-17,0,sec_acceptance_time,2023-02-17T17:22:40.000Z,000127618723000014,0.0016544319534662398,0.783197469262254,0.00027730166405451855,0.016652377129242495,-0.000174836296957105,0.054771115311742655,239,-0.00704371232511708,0.0008319049921635556,0.028842763254645968,0.005587563709544753,0.0011092066562180742,0.03330475425848499,0.01725242606876338,0.0019411116483816298,0.044058048622035335,0.0013260910945884202,0.003050318304599704,0.05522968680519295
ET,ET,2022-02-18,2022-02-18,0,sec_acceptance_time,2022-02-18T17:25:56.000Z,000127618722000020,0.0009223525177035105,0.7828555675537947,0.0003872079762197383,0.019677600875608242,0.0007253810737983604,0.01698896489023484,239,-0.009246597251025512,0.0011616239286592147,0.034082604487615305,-0.039054597901789875,0.001548831904878953,0.039355201751216484,-0.026396868209016124,0.002710455833538168,0.052062038315246244,0.027780010284015156,0.004259287738417121,0.06526321887876142
ET,ET,2021-02-19,2021-02-22,1,sec_acceptance_time,2021-02-19T21:10:55.000Z,000127618721000034,-0.002039396981316349,1.0110047358581264,0.0014421227023159971,0.03797529068112576,0.0013483422977523852,0.112206008931395,239,0.14759998914787353,0.004326368106947991,0.06577513289190673,0.17301183426514838,0.0057684908092639885,0.07595058136225152,0.19221907947573608,0.01009485891621198,0.10047317510764742,0.21408487836894047,0.01586334972547597,0.12594979049397412
ET,ET,2020-02-21,2020-02-21,0,sec_acceptance_time,2020-02-21T18:47:11.000Z,000127618720000011,-0.0009861836317035426,1.0098202918240702,0.00019392724817403063,0.013925776393940506,0.000826759208711218,0.013656439311440156,239,-0.040262948295753095,0.000581781744522092,0.024120152249148263,-0.06548287506024453,0.0007757089926961225,0.027851552787881012,-0.0746628256666668,0.0013574907372182145,0.03684414115186042,0.001313088661152366,0.002133199729914337,0.0461865752130891
ET,ET,2019-02-22,2019-02-22,0,sec_acceptance_time,2019-02-22T18:53:57.000Z,000127618719000011,8.762882179898292e-05,1.1478053718738523,0.00020043590711607036,0.01415753887920038,0.00014909288338068452,0.025859289270915124,239,-0.013346902678883842,0.0006013077213482111,0.024521576648906796,-0.05181291178583799,0.0008017436284642814,0.02831507775840076,-0.01901633775401252,0.0014030513498124926,0.03745732705109232,-0.00986019716386282,0.0022047949782767738,0.046955244417176384
ET,ET,2018-02-23,2018-02-26,1,sec_acceptance_time,2018-02-23T21:58:06.000Z,000127618718000011,-0.0007435968722220015,1.1800996609415078,0.0003254331585848646,0.018039766034648692,0.0006156802204659906,0.009062982222190288,239,-0.059188678600439235,0.0009762994757545938,0.03124579132866687,-0.032982529676945746,0.0013017326343394585,0.036079532069297385,-0.03245695271186028,0.002278032110094052,0.047728734637470245,-0.0725856161566787,0.0035797647444335105,0.05983113524272718
ET,ET,2017-02-24,2017-02-27,1,sec_acceptance_time,2017-02-24T21:44:46.000Z,000127618717000023,0.0037802743600923953,1.5855228043173104,0.0011431491679972136,0.033810489023337324,0.0007343563137411917,0.009859465545477978,239,-0.018589355876008667,0.0034294475039916405,0.05856148481717007,-0.012299619839379229,0.004572596671988854,0.06762097804667465,-0.034405052149482,0.008002044175980496,0.08945414566122967,-0.04540422854433997,0.012574640847969349,0.1121367060688397
ET,ET,2016-02-29,2016-03-01,1,sec_acceptance_time,2016-02-29T21:32:57.000Z,000127618716000132,-0.0037476256442286844,2.3237439765371533,0.002690447565858482,0.05186952444218553,-0.000142761111898592,0.0268085628179123,239,0.025806466137410826,0.008071342697575446,0.08984065169830106,0.11407049748617883,0.010761790263433928,0.10373904888437106,0.09992659054872276,0.01883313296100937,0.13723386229720919,0.043061172909420284,0.0295949232244433,0.17203175062889786
KMI,KMI,2025-02-13,2025-02-14,1,sec_acceptance_time,2025-02-13T22:22:04.000Z,000150630725000008,0.001690115031972961,0.5921040862601787,0.0001685036944691066,0.012980897290600006,0.0007797618646639484,0.01545707427722489,239,0.005162133263954303,0.0005055110834073198,0.022483573635152392,-0.0057731787314249175,0.0006740147778764264,0.02596179458120001,-0.03433122127223234,0.0011795258612837462,0.03434422602539976,-0.02009558369521082,0.0018535406391601726,0.04305276575506123
KMI,KMI,2024-02-20,2024-02-20,0,sec_acceptance_time,2024-02-20T13:56:07.000Z,000150630724000011,-0.0004349334730712038,0.6471431033045473,9.124715046735807e-05,0.009552337434751668,0.0010174511531490982,0.014233885325901337,239,0.0339113470024645,0.00027374145140207423,0.016545133768032044,-0.0006714243649261593,0.0003649886018694323,0.019104674869503336,0.02616503718766264,0.0006387300532715065,0.025273109291725594,0.03181310226052511,0.0010037186551409387,0.03168151914193729
KMI,KMI,2023-02-08,2023-02-09,1,sec_acceptance_time,2023-02-08T21:33:03.000Z,000150630723000023,0.0008841657344061632,0.6573196439018143,0.0002050115274563882,0.014318223613856162,-0.00014136595680459528,0.05526965067260038,239,0.01365309986731911,0.0006150345823691646,0.024799890773331335,-0.0012892824333316979,0.0008200461098255528,0.028636447227712324,-0.004329461282399584,0.0014350806921947174,0.03788245889847592,-0.020391552273699105,0.00225512680202027,0.047488175391567425
KMI,KMI,2022-02-07,2022-02-08,1,sec_acceptance_time,2022-02-07T22:03:15.000Z,000150630722000018,0.0005427670430799187,0.7063177554398216,0.00019298593325974272,0.01389193770716464,0.0006422740324068843,0.017249552402573882,239,-0.013970573345501018,0.0005789577997792281,0.02406154192439105,0.012706285820228737,0.0007719437330389709,0.02778387541432928,0.030208823950864272,0.0013509015328181991,0.036754612401958466,-0.0194340430329176,0.00212284526585717,0.04607434498565519
KMI,KMI,2021-02-05,2021-02-08,1,sec_acceptance_time,2021-02-05T22:06:31.000Z,000150630721000022,-0.0016124039241490933,1.1096783757635609,0.0007023897529241939,0.026502636716451325,0.0006383477080033502,0.11900686607527,239,0.032217551856643975,0.002107169258772582,0.0459039133274341,0.0364779083098056,0.0028095590116967756,0.05300527343290265,0.04876968052097849,0.004916728270469357,0.07011938583921966,0.02183684827249062,0.0077262872821661326,0.0878993019435657
KMI,KMI,2020-02-12,2020-02-12,0,sec_acceptance_time,2020-02-12T00:42:37.000Z,000150630720000022,5.7901482929534754e-05,0.7548368259618735,7.17059621210864e-05,0.008467937300257153,0.000723971250321069,0.013502462958166487,239,0.023740479516083074,0.00021511788636325923,0.014666897639353022,0.022393047987753725,0.0002868238484843456,0.016935874600514305,0.025681872996617526,0.0005019417348476049,0.022404056214168112,0.039889294394686615,0.0007887655833319504,0.02808497077320805
KMI,KMI,2019-02-08,2019-02-11,1,sec_acceptance_time,2019-02-08T22:34:43.000Z,000150630719000033,0.000592361461782107,0.8830964542777433,0.00013763792410696312,0.01173191902916838,4.032452897210731e-05,0.026441497906761535,239,0.014324799336548634,0.00041291377232088937,0.02032027982880377,0.03219952474740913,0.0005505516964278525,0.02346383805833676,0.015659084515277755,0.0009634654687487418,0.031039740152725856,0.013132847038896486,0.0015140171651765943,0.0389103734905821
KMI,KMI,2018-02-09,2018-02-12,1,sec_acceptance_time,2018-02-09T22:10:00.000Z,000150630718000010,-0.0014641220955441544,1.17206377886227,0.00011047889739953768,0.010510894224543299,0.0006643008525456131,0.00513269236320211,239,0.0023881601520688326,0.00033143669219861305,0.01820540282989127,-0.03925915610976618,0.0004419155895981507,0.021021788449086597,-0.006973382502239715,0.0007733522817967637,0.027809212175046664,0.006426613333065212,0.0012152678713949145,0.0348606923539237
KMI,KMI,2017-02-10,2017-02-13,1,sec_acceptance_time,2017-02-10T21:47:08.000Z,000150630717000008,0.0002981907555586632,1.4282234907757647,0.00028392609880955596,0.016850106789262673,0.0007522017585572695,0.010668069350782643,239,-0.012064974955291758,0.0008517782964286679,0.029185241071964234,-0.05116625842645564,0.0011357043952382238,0.033700213578525345,-0.0501199632354174,0.0019874826916668918,0.04458119212927007,-0.08653290979553072,0.0031231870869051154,0.0558854818974044
KMI,KMI,2016-02-16,2016-02-16,0,sec_acceptance_time,2016-02-16T12:26:20.000Z,000150630716000072,-0.002951462065894377,1.217773542443123,0.0007111499758136285,0.02666739536988246,-0.00043613700973879437,0.025857335764318493,239,0.160525905852332,0.0021334499274408853,0.04618928368616345,0.13358670844620138,0.002844599903254514,0.05333479073976492,0.1609962901686657,0.0049780498306954,0.07055529626254431,0.12407564388857958,0.007822649733949914,0.08844574457796098
FDX,FDX,2025-07-21,2025-07-22,1,sec_acceptance_time,2025-07-21T20:13:19.000Z,000104891125000011,-0.001327411278180632,0.9742115432351988,0.00033279349603937484,0.018242628539752018,0.0006540280076429427,0.03789773171277966,239,0.043666622900668486,0.0009983804881181246,0.03159715949445653,0.06817588118781483,0.0013311739841574994,0.036485257079504035,0.052396547512362335,0.0023295544722756237,0.04826545837631322,0.0029761774431683735,0.0036607284564331233,0.06050395405618647
FDX,FDX,2024-07-15,2024-07-16,1,sec_acceptance_time,2024-07-15T20:16:29.000Z,000095017024083577,6.047062110047343e-05,0.8491594339795848,0.00029731993498517944,0.017242967696576465,0.0008578732620659132,0.012001720496053435,239,0.0418965764957219,0.0008919598049555383,0.02986569612373933,0.023586778193843343,0.0011892797399407178,0.03448593539315293,0.06347101677289195,0.002081239544896256,0.04562060438986156,0.020551095648440588,0.003270519284836974,0.05718845412176284
FDX,FDX,2023-07-17,2023-07-18,1,sec_acceptance_time,2023-07-17T20:16:59.000Z,000095017023033201,0.0002909860763359969,0.9970179293586291,0.0003971250310185272,0.019927996161644732,0.0005650339427077755,0.0352981008243537,239,-0.0028341044047130275,0.0011913750930555816,0.034516301845006245,0.015615488830475081,0.0015885001240741087,0.039855992323289464,-0.023038746844011034,0.0027798752171296903,0.05272452197156168,-0.006086153778951983,0.004368375341203799,0.06609368609181818
FDX,FDX,2022-07-18,2022-07-19,1,sec_acceptance_time,2022-07-18T20:16:49.000Z,000095017022012762,-0.00018756707502547246,0.9833946670885817,0.0003397647185508479,0.01843270784640303,-0.00047333466372317213,0.03856648075060005,239,0.020578223105097892,0.0010192941556525436,0.03192638651104355,0.009751123875855784,0.0013590588742033915,0.03686541569280606,0.011299556293134623,0.002378353029855935,0.04876836095109138,-0.011171153521262465,0.003737411904059327,0.06113437579675879
FDX,FDX,2021-07-19,2021-07-20,1,sec_acceptance_time,2021-07-19T20:18:04.000Z,000156459021037031,0.0013933236235109492,0.9505287372825719,0.0003022524818778525,0.017385410029040226,0.0012883637112494394,0.021684109927374576,239,0.008585318166627769,0.0009067574456335574,0.03011241348071518,-0.03170047424214856,0.00120900992751141,0.03477082005808045,-0.013944504379983664,0.0021157673731449674,0.04599747137772866,-0.07633831551626788,0.0033247773006563775,0.057660881892808206
APD,APD,2025-11-20,2025-11-20,0,sec_acceptance_time,2025-11-20T15:20:44.000Z,000000296925000055,-0.0012934451940278483,0.8272105673144534,0.00017110442392092776,0.01308068896965782,0.0006278344528577648,0.034616751680182564,239,0.02633120684359673,0.0005133132717627833,0.022656417893453133,0.01220614850060862,0.000684417695683711,0.02616137793931564,0.003938603976664438,0.0011977309674464944,0.03460824999110031,0.01289702056833306,0.0018821486631302054,0.04338373731169556
APD,APD,2024-11-21,2024-11-21,0,sec_acceptance_time,2024-11-21T18:57:11.000Z,000000296924000056,0.0004471766308934526,0.35514179825337194,0.0003141671087998385,0.01772475976705576,0.0011375252105425735,0.014565599566747469,239,0.007176455308220281,0.0009425013263995156,0.030700184468493274,0.012964219248846252,0.001256668435199354,0.03544951953411152,0.04272102002806072,0.0021991697615988694,0.04689530639199268,0.05921813564289972,0.0034558381967982237,0.05878637764651113
APD,APD,2023-11-16,2023-11-16,0,sec_acceptance_time,2023-11-16T17:58:45.000Z,000000296923000047,-0.000810801767209665,0.7677795503424275,0.00020588467575984707,0.014348682021699661,0.00039582876716468126,0.019432493125025405,239,0.0054511607461154524,0.0006176540272795412,0.02485264628323393,0.007351283487457902,0.0008235387030393883,0.028697364043399322,0.02509782208795287,0.0014411927303189295,0.0379630442709608,0.033517308529918965,0.002264731433358318,0.047589194502095936
APD,APD,2022-11-22,2022-11-23,1,sec_acceptance_time,2022-11-22T21:37:46.000Z,000000296922000054,0.0006921032931416525,0.8095029526686472,0.00017411780988316956,0.013195370774751634,-0.0004197826891529193,0.05594042331038594,239,0.027831294513178003,0.0005223534296495087,0.022855052606579333,-0.016166343329241852,0.0006964712395326782,0.026390741549503268,0.02367698604627784,0.001218824669182187,0.03491166952728252,0.03401113929822401,0.001915295908714865,0.04376409382947241
APD,APD,2021-11-18,2021-11-18,0,sec_acceptance_time,2021-11-18T19:04:47.000Z,000000296921000055,-0.00018593969882725278,0.7888686887512943,0.00014390774959392654,0.011996155617277,0.0010728226037656175,0.014063601336757738,239,-0.011411343434038886,0.00043172324878177964,0.020777951024626554,-0.0011609530209488001,0.0005756309983757062,0.023992311234554,-0.03582899979353599,0.0010073542471574857,0.031738844452145476,-0.056688306361755515,0.001582985245533192,0.03978674710922209
APD,APD,2020-11-19,2020-11-19,0,sec_acceptance_time,2020-11-19T20:29:11.000Z,000000296920000049,0.00044722651686002603,1.0320436175475056,0.0002516552008728507,0.015863643997293016,0.0008231362880317954,0.1173510931723991,239,0.029205369676026743,0.0007549656026185521,0.02747663739649654,0.03852940398703865,0.0010066208034914027,0.03172728799458603,0.05651830189583529,0.0017615864061099548,0.04197125690409992,-0.03239950123030859,0.0027682072096013575,0.05261375494679464
APD,APD,2019-11-26,2019-11-26,0,sec_acceptance_time,2019-11-26T18:55:27.000Z,000000296919000051,0.0013125218304823802,0.8383458357638344,0.00010493464549909303,0.010243761296471771,0.0006573613597817799,0.020666582372924826,239,-0.022060501036191,0.0003148039364972791,0.017742715026096742,-0.01589532339127423,0.0004197385819963721,0.020487522592943543,-0.03992097332169656,0.0007345425184936511,0.0271024448803729,-0.06378974454967168,0.0011542811004900233,0.03397471266236145
APD,APD,2018-11-20,2018-11-20,0,sec_acceptance_time,2018-11-20T19:47:42.000Z,000000296918000044,-0.00012366409809551636,0.925903167769353,5.501366968775943e-05,0.007417120039999315,0.00016586697131080628,0.020612624143527915,239,0.0012506681309004519,0.0001650410090632783,0.012846828755116117,-0.0018159250328761874,0.00022005467875103773,0.01483424007999863,0.01973266569893877,0.00038509568781431604,0.019623855070151634,0.0032822092658976922,0.0006051503665653537,0.02459980419770356
APD,APD,2017-11-16,2017-11-16,0,sec_acceptance_time,2017-11-16T13:20:11.000Z,000000296917000039,-9.387159754936961e-05,1.1078125661425435,5.6483592353851125e-05,0.007515556689550756,0.0006960872169831537,0.0043965627003744265,239,-0.003252174257226282,0.00016945077706155337,0.013017326033466066,-0.005589454037828109,0.0002259343694154045,0.015031113379101513,0.005924999102663828,0.0003953851464769579,0.01988429396475917,0.0015362523010584964,0.0006213195158923624,0.024926281629885402
APD,APD,2016-11-21,2016-11-21,0,sec_acceptance_time,2016-11-21T18:23:28.000Z,000119312516773346,0.0002999780281121069,1.0122410852927957,7.854161323858912e-05,0.00886237063310879,0.0002073171026854933,0.018989553594937435,239,0.00416934713413414,0.00023562483971576736,0.015350076212050784,0.01001920639525284,0.0003141664529543565,0.01772474126621758,0.007123008025222584,0.0005497912926701238,0.02344762872168791,0.013168194463661378,0.0008639577456244803,0.029393158143086295
URI,URI,2025-01-29,2025-01-30,1,sec_acceptance_time,2025-01-29T21:20:35.000Z,000106770125000008,-0.00027396235557778574,1.5102606256368039,0.0003103297139012878,0.017616177618918576,0.0008601071073054423,0.01573166991948662,239,-0.003625095826508131,0.0009309891417038634,0.030512114671124704,-0.004163438141930395,0.0012413188556051511,0.03523235523783715,-0.028068766207927132,0.0021723079973090145,0.046608025031200526,-0.038183835614364864,0.0034136268529141654,0.05842625140220931
URI,URI,2024-01-24,2024-01-25,1,sec_acceptance_time,2024-01-24T21:27:28.000Z,000106770124000007,0.00017400886167450997,1.6919847482495456,0.00036878229529853644,0.01920370524921002,0.000556779809612628,0.014847176259243172,239,0.08577940753296193,0.0011063468858956093,0.0332617931852089,0.09682085292317068,0.0014751291811941458,0.03840741049842004,0.09482080235457936,0.0025814760670897553,0.05080822834039537,0.10817885099074859,0.004056605248283901,0.06369148489620807
URI,URI,2023-01-25,2023-01-26,1,sec_acceptance_time,2023-01-25T21:21:53.000Z,000106770123000010,0.0016274209226219854,1.3337178752157415,0.00023779511111325606,0.015420606703799175,-0.0004299611404433596,0.05577511390630521,239,0.0794164626867634,0.0007133853333397682,0.026709274294517405,0.09479267999850602,0.0009511804444530242,0.03084121340759835,0.0982076412785996,0.0016645657777927924,0.04079909040398808,0.07245016880894892,0.0026157462222458168,0.05114436647614101
URI,URI,2022-01-26,2022-01-27,1,sec_acceptance_time,2022-01-26T21:21:38.000Z,000106770122000008,-0.00024612500680303484,1.5250507722903148,0.0003124885861862926,0.017677346695312974,0.0006454282805651757,0.0156821178421796,239,0.0047990078937241165,0.0009374657585588778,0.030618062619291866,0.003859373214729709,0.0012499543447451703,0.03535469339062595,0.05754407760178892,0.002187420103304048,0.04676986319526761,0.07707882457867632,0.0034373744480492184,0.05862912627738212
URI,URI,2021-01-27,2021-01-28,1,sec_acceptance_time,2021-01-27T21:24:35.000Z,000106770121000008,0.0020273150127657416,1.441414669393896,0.0008911658575693539,0.029852401202740023,0.0008612433720229617,0.11790998844413991,239,0.028164433247888823,0.002673497572708062,0.05170587561107598,0.02601542961701571,0.0035646634302774157,0.05970480240548005,-0.034775716140807836,0.006238161002985477,0.07898202962057557,-0.0257737111461282,0.009802824433262892,0.0990092138806429
URI,URI,2020-01-29,2020-01-30,1,sec_acceptance_time,2020-01-29T21:35:59.000Z,000106770120000008,-0.0007741000477933864,2.1472150984973037,0.0002656619152647299,0.0162991384822858,0.0008820991682599652,0.012769185158757447,239,-0.0645790535730604,0.0007969857457941897,0.028230935970920086,-0.03946652543392317,0.0010626476610589195,0.0325982769645716,-0.01795609082218723,0.0018596334068531092,0.04312346700873098,-0.017558384940557167,0.0029222810679120285,0.05405812675178477
URI,URI,2019-01-23,2019-01-24,1,sec_acceptance_time,2019-01-23T21:40:59.000Z,000106770119000007,-0.0010180273291313256,1.6883521741252854,0.00035234355779322537,0.01877081665227236,-0.0002628815911273345,0.030179946601416922,239,0.058774403676018536,0.001057030673379676,0.03251200814129567,0.07481850249517899,0.0014093742311729015,0.03754163330454472,0.04883304580726402,0.0024664049045525775,0.04966291276750265,0.0313744241756508,0.0038757791357254792,0.06225575584414247
URI,URI,2018-01-24,2018-01-25,1,sec_acceptance_time,2018-01-24T21:30:00.000Z,000106770118000006,-0.00018164551805510015,2.0783927848681465,0.00023370569966986134,0.01528743600705695,0.0008410951894758641,0.0043826153698934035,239,-0.026475734402156812,0.000701117099009584,0.02647861588168052,-0.006111485088943949,0.0009348227986794454,0.0305748720141139,-0.015467014860922002,0.0016359398976890293,0.04044675385848696,-0.014534393073920533,0.002570762696368475,0.05070268924197685
URI,URI,2017-01-25,2017-01-26,1,sec_acceptance_time,2017-01-25T21:40:38.000Z,000106770117000006,0.002117819591745362,2.1070447364212517,0.00047988714995767537,0.021906326710739877,0.0008177486970739449,0.012095982453783322,239,0.10730113251315204,0.001439661449873026,0.03794287087020467,0.11733651874742233,0.0019195485998307015,0.043812653421479754,0.11370271976511802,0.0033592100497037277,0.05795869261554929,0.1106394464858445,0.005278758649534429,0.07265506623446454
URI,URI,2016-01-27,2016-01-28,1,sec_acceptance_time,2016-01-27T21:36:44.000Z,000106770116000039,-0.0012534015935445363,1.3850381077833072,0.0004541430088623545,0.0213106313576664,-0.00036963480863757604,0.02379638603101781,239,-0.1742216441123692,0.0013624290265870634,0.036911096252848725,-0.18665261137935382,0.001816572035449418,0.0426212627153328,-0.19674427139293568,0.0031790010620364813,0.05638263085416005,-0.11206347491883879,0.004995573097485899,0.07067936825896154
KEYS,KEYS,2025-12-17,2025-12-18,1,sec_acceptance_time,2025-12-17T21:08:40.000Z,000160104625000127,0.0004568591024780729,1.3590708241909804,0.00019221898874344117,0.013864306284248094,0.000622296464163143,0.03448233227322123,239,-0.019558400283633426,0.0005766569662303236,0.02401368289601417,-0.00607119795505796,0.0007688759549737647,0.027728612568496187,-0.03617287636123984,0.0013455329212040882,0.036681506528550435,-0.04494931613314713,0.002114408876177853,0.045982701923417385
KEYS,KEYS,2024-12-17,2024-12-18,1,sec_acceptance_time,2024-12-17T21:05:47.000Z,000160104624000159,-0.0011152064021077517,1.5356946605907056,0.0002594054841568761,0.016106069792375673,0.0010029925917666184,0.014349278359253669,239,-0.009769950728538474,0.0007782164524706282,0.02789653119064498,0.002288751218424319,0.0010376219366275044,0.032212139584751345,-0.005710872233018674,0.0018158383890981326,0.042612655269275726,-0.013276896978923787,0.002853460325725637,0.053417790348587395
KEYS,KEYS,2023-12-15,2023-12-18,1,sec_acceptance_time,2023-12-15T21:06:39.000Z,000160104623000134,-0.0013523489367198906,1.0533319235123657,0.0002572845414088823,0.016040091689541,0.0008067028191807641,0.01680456080996358,239,-0.003786469355106222,0.0007718536242266468,0.027782253764348327,0.0011961069846389005,0.0010291381656355291,0.032080183379082,0.04873737907768387,0.001800991789862176,0.04243809361719934,0.08094200414008568,0.002830129955497705,0.053198965737105315
KEYS,KEYS,2022-12-15,2022-12-16,1,sec_acceptance_time,2022-12-15T21:06:50.000Z,000160104622000161,0.00045228482783686623,1.1721464694411647,0.0001260184839374325,0.011225795470140746,-0.0006719317606827075,0.0559099178846682,239,-0.013127038546625119,0.0003780554518122975,0.019443648109660323,-0.008632109288289315,0.00050407393574973,0.022451590940281492,-0.019907489639452554,0.0008821293875620276,0.029700663082867822,-0.032781969419743366,0.0013862033233117577,0.037231751547728155
KEYS,KEYS,2021-12-17,2021-12-20,1,sec_acceptance_time,2021-12-17T21:50:12.000Z,000160104621000197,0.0008170455801151863,1.0818277488676884,0.0001351853870083266,0.011626925088273623,0.0010090346727394707,0.015745761810940645,239,-0.003045295015655968,0.0004055561610249798,0.02013842498868717,-0.006315640239294403,0.0005407415480333064,0.023253850176547245,-0.009025771511396979,0.0009462977090582863,0.03076195229594972,0.0002694567718490885,0.0014870392570915927,0.03856214798337344
KEYS,KEYS,2020-12-17,2020-12-18,1,sec_acceptance_time,2020-12-17T21:10:05.000Z,000160104620000154,0.00048293598851752715,0.9396033657940717,0.00036846064871422473,0.01919532882537376,0.000780934229406565,0.11818569265012877,239,0.024896364847926053,0.001105381946142674,0.033247284793538764,0.03425252300747963,0.001473842594856899,0.03839065765074752,0.03894293484544921,0.002579224540999573,0.05078606640604855,0.033400813182169975,0.004053067135856472,0.06366370344125821
KEYS,KEYS,2019-12-18,2019-12-19,1,sec_acceptance_time,2019-12-18T21:10:53.000Z,000160104619000110,0.000613488349168894,1.8135956266678332,0.00030631725846786805,0.017501921565013026,0.000976933771596191,0.015298494286783048,239,-0.02600634571237437,0.0009189517754036042,0.03031421738068796,-0.027496280208680675,0.0012252690338714722,0.03500384313002605,-0.07840306330205642,0.0021442208092750763,0.04630573192678285,-0.061710044980331585,0.0033694898431465485,0.05804730694137798
KEYS,KEYS,2018-12-18,2018-12-19,1,sec_acceptance_time,2018-12-18T21:22:23.000Z,000160104618000030,0.0016234561666302843,1.0929974422486095,0.00018327732015571533,0.013537995426048693,-2.9660492098469467e-05,0.02380486498006177,239,0.007115254194675725,0.000549831960467146,0.023448495910551405,0.0003680249255240912,0.0007331092806228613,0.027075990852097387,0.04115366350360192,0.0012829412410900074,0.03581816914765476,0.04395884017102907,0.002016050521712869,0.04490045124175111
KEYS,KEYS,2017-12-20,2017-12-20,0,sec_acceptance_time,2017-12-20T14:08:51.000Z,000160104617000033,-0.0005129966663754125,1.5967929887289112,0.00011755669073488794,0.010842356327611076,0.0007368676089993437,0.004259958808143666,239,-0.005162057479931552,0.0003526700722046638,0.01877951203318829,-0.030300650228297102,0.0004702267629395518,0.021684712655222153,-0.02833338208434493,0.0008228968351442157,0.028686178468806466,-0.0044452654302512586,0.0012931235980837674,0.03596002778202163
KEYS,KEYS,2016-12-19,2016-12-20,1,sec_acceptance_time,2016-12-19T21:22:26.000Z,000160104616000077,0.0007161021529137037,1.3006573934943952,0.00023130395232260134,0.015208680163728915,0.00045014827952166004,0.016819246287233983,239,-0.010314965224814555,0.000693911856967804,0.026342206759643428,0.02351437645573467,0.0009252158092904054,0.03041736032745783,0.00337838649291574,0.0016191276662582093,0.04023838548274781,-0.021284580523726962,0.002544343475548615,0.050441485659609736
TER,TER,2025-02-20,2025-02-20,0,sec_acceptance_time,2025-02-20T14:55:54.000Z,000095017025023784,-0.0008483358988505075,2.245340446414445,0.0004972439769634385,0.022298968069474394,0.0007853096072346615,0.01556975393684211,239,0.05297523189945399,0.0014917319308903154,0.03862294565268573,0.033964740522864134,0.001988975907853754,0.04459793613894879,0.05383071411490801,0.0034807078387440694,0.058997524005199316,0.05524485205371178,0.005469683746597824,0.07395731029856227
TER,TER,2024-02-22,2024-02-22,0,sec_acceptance_time,2024-02-22T20:34:26.000Z,000095017024018701,-0.0014633079975892103,1.6420372755466348,0.00024854220462389637,0.015765221362984295,0.0009443124983546533,0.014376245211811963,239,-0.032543227379217735,0.000745626613871689,0.02730616439325906,-0.018030341571183845,0.0009941688184955855,0.03153044272596859,-0.02722451955769698,0.0017397954323672745,0.041710855090339186,0.0183954289585646,0.00273396425086286,0.052287323997914255
TER,TER,2023-02-22,2023-02-22,0,sec_acceptance_time,2023-02-22T20:12:27.000Z,000119312523044711,0.0002642148712448015,1.6227589652043675,0.00026848871255568215,0.016385625180495317,-0.0001310091712602343,0.054323229504122814,239,0.004950000307344129,0.0008054661376670465,0.028380735326397843,0.003597697555422638,0.0010739548502227286,0.032771250360990635,-0.0054636131269675025,0.0018794209878897751,0.04335228930390845,0.022055244450278753,0.0029533758381125037,0.05434497067910244
TER,TER,2022-02-23,2022-02-23,0,sec_acceptance_time,2022-02-23T20:19:17.000Z,000119312522049828,-0.0008748821165520688,2.10513858744109,0.0005533716407912704,0.02352385259244902,0.0006045074112940147,0.016841859755532117,239,0.054883033361543716,0.0016601149223738113,0.04074450787988255,0.0062463574893506235,0.0022134865631650816,0.04704770518489804,0.04570249557376903,0.003873601485538893,0.06223826383776216,0.063014066933853,0.006087088048703974,0.07801979267278256
TER,TER,2021-02-22,2021-02-23,1,sec_acceptance_time,2021-02-22T21:04:39.000Z,000119312521050735,0.0025744166577179144,1.2390260034444742,0.00045592820693391545,0.02135247542871588,0.0011914738556556815,0.11054236576007531,239,-0.07103132833499395,0.0013677846208017463,0.03698357230990195,-0.015514409834603685,0.0018237128277356618,0.04270495085743176,-0.05220150915889457,0.0031914974485374083,0.0564933398599995,-0.11426120383539075,0.00501521027627307,0.07081814934233364
TER,TER,2020-03-02,2020-03-02,0,sec_acceptance_time,2020-03-02T19:20:16.000Z,000119312520058676,0.0010933611665287243,1.72038220902888,0.0003767106438275686,0.01940903510810284,0.0007763783963635226,0.013499428365103663,239,-0.017915628869961987,0.0011301319314827058,0.03361743493312221,-0.014622717197592661,0.0015068425753102745,0.03881807021620568,0.03233351511281109,0.0026369745067929802,0.05135148008376175,0.13718506150256052,0.004143817082103255,0.06437248699641218
TER,TER,2019-03-01,2019-03-01,0,sec_acceptance_time,2019-03-01T17:03:21.000Z,000119312519059974,-0.00045819197848468346,1.428185000343836,0.00042539497010098847,0.020625105335512556,3.590295950089521e-05,0.025556666251849776,239,-0.012974358638214518,0.0012761849103029655,0.03572373035256768,-0.01344769982062312,0.0017015798804039539,0.04125021067102511,-0.03588350871377691,0.002977764790706919,0.054568899482277625,-0.03666193745204925,0.004679344671110873,0.06840573565945236
TER,TER,2018-03-01,2018-03-01,0,sec_acceptance_time,2018-03-01T19:14:00.000Z,000119312518066579,0.0009363513515171731,1.6143457390937253,0.00025497877936640415,0.01596805496503579,0.0005623380714932072,0.00912593169116923,239,0.048415653545929485,0.0007649363380992124,0.02765748249749446,0.031031358530374534,0.0010199151174656166,0.03193610993007158,0.07003425535603039,0.001784851455564829,0.042247502358894885,0.06553655077755786,0.0028047665730304458,0.05296004695079533
TER,TER,2017-03-01,2017-03-01,0,sec_acceptance_time,2017-03-01T17:10:57.000Z,000119312517064638,0.0006814485599712489,1.5036573213137427,0.0001317533001076533,0.011478384037296074,0.0007448936545878315,0.009869585869305407,239,-0.013325948449190623,0.00039525990032295987,0.019881144341384372,0.012631333262144613,0.0005270132004306132,0.022956768074592147,-0.011101208831313047,0.0009222731007535731,0.03036894961557895,-0.013160793843782517,0.0014492863011841862,0.03806949305131586
TER,TER,2016-02-29,2016-02-29,0,sec_acceptance_time,2016-02-29T17:10:57.000Z,000119312516484381,0.0004371895574998881,1.1454510638587374,0.00021046328402986574,0.014507352757476662,-0.0002112626883045505,0.026597520462540564,239,-0.0003796604312073038,0.0006313898520895972,0.025127472059274035,0.004278688913382809,0.000841853136119463,0.029014705514953325,0.015458711698373897,0.0014732429882090602,0.038382847578170384,0.008293197610117445,0.002315096124328523,0.04811544579787787
AON,AON,2025-02-18,2025-02-19,1,sec_acceptance_time,2025-02-18T21:47:00.000Z,000162828025006093,0.0007476379531974293,0.26053548368813656,0.0001470205300423037,0.012125202268098611,0.0007769508714635748,0.015575509085464796,239,0.013331527704412458,0.0004410615901269111,0.021001466380396183,0.0061623771213856265,0.0005880821201692148,0.024250404536197222,0.011903562885155641,0.001029143710296126,0.032080269797745246,0.031617471947155674,0.0016172258304653407,0.04021474643044937
AON,AON,2024-02-16,2024-02-20,1,sec_acceptance_time,2024-02-16T22:18:42.000Z,000162828024005392,-0.0003722443015327579,0.5891309783806887,0.00013694116447361213,0.011702186311694585,0.0010174511531490982,0.014233885325901337,239,-0.0029050873790222934,0.00041082349342083636,0.020268781251492066,0.004924712181929725,0.0005477646578944485,0.02340437262338917,-0.004053938399014517,0.0009585881513152849,0.030961074776488056,0.0075079693723100645,0.0015063528092097334,0.03881176122272388
AON,AON,2023-02-17,2023-02-21,1,sec_acceptance_time,2023-02-17T22:07:28.000Z,000162828023004087,0.000643550932058149,0.8298063488162194,0.00012825839885289927,0.011325122465249516,-0.00010090840801941883,0.05454137723837675,239,0.000973072673893791,0.00038477519655869777,0.019615687511751856,-0.003947796393422034,0.0005130335954115971,0.022650244930499032,-0.001257812622501779,0.0008978087919702948,0.029963457610400954,-0.02616935770378305,0.001410842387381892,0.0375611819220574
AON,AON,2022-02-18,2022-02-22,1,sec_acceptance_time,2022-02-18T21:07:56.000Z,000162828022003180,0.0005497776169955005,0.7571216889151813,0.0001675616600404558,0.01294456102154321,0.0007021499423570919,0.017176709454120035,239,0.0228004045193531,0.0005026849801213674,0.02242063737098853,0.02358805453525957,0.0006702466401618232,0.02588912204308642,0.04034333486765571,0.0011729316202831906,0.03424808929390354,0.03612981687616215,0.0018431782604450136,0.04293225198431843
AON,AON,2021-02-19,2021-02-22,1,sec_acceptance_time,2021-02-19T21:59:44.000Z,000162828021002574,-0.00040210009422324603,0.7760871280507524,0.00037894456495007585,0.019466498528242716,0.0013483422977523852,0.112206008931395,239,0.025281206454688874,0.0011368336948502276,0.03371696449638116,0.02841864167215946,0.0015157782598003034,0.03893299705648543,0.040275174823652685,0.002652611954650531,0.05150351400293509,0.021239322894706168,0.004168390214450835,0.0645630716001867
AON,AON,2020-02-14,2020-02-18,1,sec_acceptance_time,2020-02-14T21:40:54.000Z,000162828020001607,0.000648927421058439,0.9136307954505953,9.033821952569359e-05,0.009504641998817924,0.0007627915809345757,0.013653035615859323,239,0.006869223187140381,0.00027101465857708076,0.016462522849705653,-0.008993001516173422,0.00036135287810277436,0.019009283997635847,0.0024156041240153744,0.0006323675366798552,0.025146919029572095,0.015287134540565994,0.0009937204147826295,0.031523331276732625
AON,AON,2019-02-19,2019-02-20,1,sec_acceptance_time,2019-02-19T22:09:03.000Z,000162828019001558,0.0009120283194779129,0.7341796928074229,8.085431712425472e-05,0.008991902864480617,4.797566074432738e-05,0.02589201016946252,239,-4.363047072500131e-05,0.00024256295137276416,0.015574432618004553,-0.01662380131083277,0.0003234172684970189,0.017983805728961234,-0.02794455155814795,0.0005659802198697831,0.02379033879266504,-0.02932530426134971,0.000889397488366802,0.029822767952804145
AON,AON,2018-02-20,2018-02-21,1,sec_acceptance_time,2018-02-20T22:30:16.000Z,000162828018001923,0.0005724941178754284,0.5878383602498596,6.18828350655808e-05,0.00786656437497214,0.0004743779689603801,0.008787160011386753,239,-0.008005573969521219,0.0001856485051967424,0.013625289178463054,0.0024973474865186487,0.0002475313402623232,0.01573312874994428,0.002265493518533227,0.0004331798454590656,0.02081297300865654,-0.016230488056522156,0.0006807111857213888,0.026090442420959228
AON,AON,2017-02-23,2017-02-24,1,sec_acceptance_time,2017-02-23T21:32:21.000Z,000162828017001652,2.305328762393995e-05,1.0927606110160957,4.987359559406416e-05,0.0070621240143503685,0.0006909421270752348,0.00999984777119279,239,0.0033867981456635362,0.00014962078678219248,0.012231957602207117,-0.003511158124589753,0.00019949438237625665,0.014124248028700737,-0.020777668154596626,0.0003491151691584491,0.018684623869868217,-0.0163622130747879,0.0005486095515347057,0.023422415578558623
AON,AON,2016-02-22,2016-02-23,1,sec_acceptance_time,2016-02-22T21:42:34.000Z,000162828016011485,0.0002780889069727928,0.9156292183943786,5.892396852635478e-05,0.0076761949249843035,-0.0004384598522475204,0.02650164269320964,239,0.004770893443908679,0.00017677190557906434,0.01329555961887518,0.018606955406844983,0.0002356958741054191,0.015352389849968607,-0.004130464561011049,0.00041246777968448345,0.02030930278676458,-0.03509771443376439,0.0006481636537899025,0.02545905838380325
FAST,FAST,2025-02-06,2025-02-06,0,sec_acceptance_time,2025-02-06T17:30:33.000Z,000081555625000065,-0.00017820856353423318,0.7013464255596941,0.00017156568114220735,0.013098308331315436,0.0008230658231765925,0.01578945649810901,239,0.010900537449688583,0.000514697043426622,0.022686935523041053,0.010741576912299934,0.0006862627245688294,0.026196616662630873,0.01295066026333322,0.0012009597679954514,0.03465486644030606,0.008998022904781746,0.0018872224925642808,0.04344217412335944
FAST,FAST,2024-02-06,2024-02-06,0,sec_acceptance_time,2024-02-06T17:35:41.000Z,000081555624000009,0.0006844063446975236,0.7864622006612344,0.00012493146680674867,0.011177274569712809,0.0007633964370456195,0.014463007952401071,239,-0.024689422869073968,0.000374794400420246,0.019359607444890146,-0.00790739549703189,0.0004997258672269947,0.022354549139425618,-0.0073323696808543625,0.0008745202676472407,0.029572288846946574,-0.0008388051137943548,0.0013742461348742352,0.03707082592651849
FAST,FAST,2023-02-07,2023-02-07,0,sec_acceptance_time,2023-02-07T17:15:41.000Z,000081555623000009,0.00031767690021778305,0.9044404107746741,0.0001428447621424121,0.011951768159666256,-0.00033126848662216977,0.05537362506522915,239,-0.025361615913598402,0.0004285342864272363,0.02070106969282593,-0.017792839548656104,0.0005713790485696484,0.02390353631933251,0.010400797025685058,0.0009999133349968847,0.03162140627797702,0.045041638940602334,0.001571292383566533,0.03963953056692943
FAST,FAST,2022-02-07,2022-02-07,0,sec_acceptance_time,2022-02-07T18:45:51.000Z,000081555622000009,0.0003078798489707244,0.9648448602438413,0.00010226787655112287,0.010112758108010043,0.0005554922400330157,0.016921156559931243,239,-0.059906292621485724,0.0003068036296533686,0.017515810847727506,-0.04078373696813653,0.00040907150620449146,0.020225516216020086,-0.05899150277109409,0.00071587513585786,0.02675584302274664,-0.06314265219177971,0.0011249466420623516,0.03354022423989368
FAST,FAST,2021-02-08,2021-02-08,0,sec_acceptance_time,2021-02-08T18:18:39.000Z,000081555621000008,0.000581668700937564,0.8945850109836084,0.00023126875737955563,0.015207523052080363,0.0006383477080033502,0.11900686607527,239,-0.00681135118823275,0.0006938062721386669,0.02634020258347811,-0.013886096306508071,0.0009250750295182225,0.030415046104160726,-0.011951040693528934,0.0016188813016568895,0.04023532405308661,-0.028656495446684173,0.002543956331175112,0.050437647954430946
FAST,FAST,2020-02-06,2020-02-06,0,sec_acceptance_time,2020-02-06T17:52:03.000Z,000081555620000011,-0.00024890007654897314,1.4505762223671779,0.00022663471202461377,0.01505439178527694,0.0007176823516006131,0.012963209664059299,239,-0.0009383798096825836,0.0006799041360738413,0.026074971449147194,-0.0040972788564467046,0.0009065388480984551,0.03010878357055388,0.02550739204463307,0.0015864429841722964,0.039830176803176465,0.030651939150418965,0.0024929818322707515,0.04992976899877218
FAST,FAST,2019-02-06,2019-02-06,0,sec_acceptance_time,2019-02-06T18:03:30.000Z,000081555619000015,0.0006744263937471606,1.0530829564392716,0.00018934223414334873,0.01376016839080644,-3.684732996688263e-05,0.026304984601186302,239,-0.0056677569965738655,0.0005680267024300462,0.023833310773580037,0.012359653414025607,0.0007573689365733949,0.02752033678161288,0.016408862490313404,0.0013253956390034411,0.03640598356044568,0.005313843825470179,0.002082764575576836,0.04563731560441341
FAST,FAST,2018-02-05,2018-02-05,0,sec_acceptance_time,2018-02-05T16:48:27.000Z,000081555618000010,-0.0002725800388910032,1.1922846119928694,0.00019851776309508042,0.014089633178159054,0.0008725479411809287,0.004507874149945931,239,0.027354923528152754,0.0005955532892852412,0.024403960524579636,0.05398230310666574,0.0007940710523803217,0.02817926635631811,0.03907620681540398,0.001389624341665563,0.03727766545353347,0.014365091319374003,0.0021836953940458847,0.046730026685696265
FAST,FAST,2017-02-06,2017-02-06,0,sec_acceptance_time,2017-02-06T16:14:53.000Z,000081555617000009,-0.00011408823173782601,1.067220256228471,0.0001321038740482294,0.011493644941802814,0.0007543518983674629,0.010982714093072707,239,0.011439416412605428,0.0003963116221446882,0.019907577003359503,0.020442881468703954,0.0005284154961929176,0.022987289883605627,-0.0007816671669165706,0.0009247271183376057,0.03040932617368569,-0.008084170189244917,0.0014531426145305232,0.038120107745526155
FAST,FAST,2016-02-05,2016-02-05,0,sec_acceptance_time,2016-02-05T14:58:57.000Z,000081555616000087,0.00027048108019527093,0.9812839653769118,0.00011894556978763783,0.010906217024598302,-0.00038246144513475963,0.024581511347109744,239,0.13116915318230013,0.0003568367093629135,0.018890122004976927,0.00281343089097192,0.0004757822791505513,0.021812434049196604,0.09279176625467157,0.0008326189885134648,0.028855137991585914,0.10718651168372269,0.0013084012676640162,0.036171829752778835
FIX,FIX,2025-02-20,2025-02-21,1,sec_acceptance_time,2025-02-20T21:13:24.000Z,000155837025001222,-4.420678842448431e-05,2.337648163946546,0.0007686043984518182,0.027723715451789973,0.0007520336180650597,0.015562056386715189,239,-0.035358175491500395,0.0023058131953554543,0.04801888373708259,0.04471519033718215,0.0030744175938072727,0.055447430903579946,0.02085613948981062,0.005380230789162727,0.07335005650415498,-0.0507443151131909,0.00845464838297,0.09194916194816569
FIX,FIX,2024-02-22,2024-02-23,1,sec_acceptance_time,2024-02-22T21:08:04.000Z,000155837024001529,0.0010409611932042063,1.400681796450358,0.00036486140920890056,0.019101345743399875,0.0009168314360712593,0.014219491605563607,239,0.14293572662620896,0.0010945842276267018,0.033084501320508095,0.1787853889509806,0.0014594456368356022,0.03820269148679975,0.15063735955157773,0.002554029864462304,0.05053741054369826,0.19916054674887543,0.004013475501297906,0.06335199682170962
FIX,FIX,2023-02-22,2023-02-23,1,sec_acceptance_time,2023-02-22T21:18:13.000Z,000155837023001757,0.0018499872962175106,0.9582522530841837,0.0002579056466456274,0.016059441043997372,-0.00011019640181211342,0.05429689643442076,239,0.18003393816930277,0.0007737169399368823,0.027815767829360422,0.16537454458702083,0.0010316225865825096,0.032118882087994745,0.16792629420088118,0.0018053395265193919,0.04248928719712054,0.20875058545478004,0.0028369621131019013,0.053263140285772684
FIX,FIX,2022-02-23,2022-02-24,1,sec_acceptance_time,2022-02-23T21:36:56.000Z,000155837022001753,6.494597853972403e-05,1.3711282646209948,0.0001947190377569544,0.013954176355376708,0.0006929005167370341,0.01703431891690009,239,-0.022165601945903068,0.0005841571132708633,0.024169342425288762,-0.035675233142210355,0.0007788761510278176,0.027908352710753415,-0.028033700509871935,0.0013630332642986809,0.036919280387064435,-0.009015314477337694,0.0021419094153264985,0.046280767229233556
FIX,FIX,2021-02-25,2021-02-26,1,sec_acceptance_time,2021-02-25T21:18:11.000Z,000155837021001828,0.0002297182442560536,1.406918371625023,0.000830556591370664,0.028819378747132356,0.0017004283178723226,0.10299758466164884,239,0.03416827119591354,0.002491669774111992,0.049916628232603934,0.0902497860535911,0.003322226365482656,0.05763875749426471,0.12005235322155484,0.005813896139594648,0.07624890910429243,0.184600902572019,0.009136122505077305,0.09558306599538072
FIX,FIX,2020-02-26,2020-02-27,1,sec_acceptance_time,2020-02-26T22:03:00.000Z,000155837020001491,-0.0010415811994425675,1.1019517584552523,0.00039635457132812605,0.019908655688622625,0.0009100728853305869,0.013544167406328933,239,-0.021939424516845794,0.001189063713984378,0.03448280316308954,-0.0017880235661596189,0.0015854182853125042,0.03981731137724525,0.0047030916541691906,0.0027744819992968823,0.05267335188970683,-0.0001467212013451409,0.004359900284609386,0.06602954099953585
FIX,FIX,2019-02-21,2019-02-22,1,sec_acceptance_time,2019-02-21T21:35:34.000Z,000155837019000857,0.0008746393903113816,0.8397312607425074,0.00022862902373348875,0.01512048358133723,0.00014909288338068452,0.025859289270915124,239,0.046200155873059236,0.0006858870712004662,0.0261894457978871,0.02345373895731275,0.000914516094933955,0.03024096716267446,0.046301927506159794,0.0016004031661344211,0.04000503925925359,0.05084303356651304,0.002514919261068376,0.05014897068802485
FIX,FIX,2018-02-22,2018-02-23,1,sec_acceptance_time,2018-02-22T21:31:21.000Z,000155837018000936,8.796970707800923e-05,0.944437989363841,0.0002353974377058352,0.015342667229195686,0.0005529919923056521,0.0089433161017196,239,0.013543704059627421,0.0007061923131175057,0.026574279164588935,-0.02572484533368468,0.0009415897508233408,0.03068533445839137,-0.0011860796712941449,0.0016477820639408465,0.040592881936872216,-0.0016768860898534457,0.002589371814764187,0.050885870482523805
FIX,FIX,2017-02-23,2017-02-24,1,sec_acceptance_time,2017-02-23T21:12:26.000Z,000155837017000882,-3.560955405898503e-05,1.066804676141293,0.00035202380909578573,0.018762297543099184,0.0006909421270752348,0.00999984777119279,239,0.14831824223705645,0.0010560714272873572,0.032497252611372505,0.1571139306149191,0.001408095236383143,0.03752459508619837,0.12813298813612423,0.0024641666636705,0.04964037332323862,0.10070965497739257,0.003872261900053643,0.06222750115546697
FIX,FIX,2016-02-23,2016-02-24,1,sec_acceptance_time,2016-02-23T21:43:21.000Z,000104746916010332,0.001834337298348548,0.8664563736426402,0.0003663633949835449,0.019140621593447402,-0.0003743570315892623,0.026785464770599544,239,0.04110094740532434,0.0010990901849506347,0.03315252908830086,0.025471329029097586,0.0014654535799341797,0.038281243186894805,0.07282866810901012,0.0025645437648848146,0.05064132467545467,0.0806113585706663,0.004029997344818994,0.06348226007963953
LNG,LNG,2025-02-20,2025-02-20,0,sec_acceptance_time,2025-02-19T22:42:49.000Z,000000357025000033,0.0014190782488897513,0.29892306222505227,0.0002029776282891299,0.01424702173400216,0.0007853096072346615,0.01556975393684211,239,0.027762701412615953,0.0006089328848673896,0.024676565499829786,-0.007971767044267686,0.0008119105131565196,0.02849404346800432,0.02779046318730842,0.0014208433980239092,0.03769407643150193,0.0005885572285850259,0.002232753911180429,0.04725202547172374
LNG,LNG,2024-02-22,2024-02-22,0,sec_acceptance_time,2024-02-21T22:34:43.000Z,000000357024000040,-0.0004873383488266108,0.5105460724498173,0.00019312664795694746,0.013897001401631486,0.0009443124983546533,0.014376245211811963,239,-0.030167005140657725,0.0005793799438708424,0.024070312500481632,-0.07837465051237053,0.0007725065918277899,0.02779400280326297,-0.03726469516501402,0.0013518865356986322,0.03676800967823295,-0.02212757467074447,0.002124393127526422,0.046091139360254725
LNG,LNG,2023-02-23,2023-02-23,0,sec_acceptance_time,2023-02-23T00:49:28.000Z,000000357023000042,0.0008731055259700533,0.6083463637226421,0.0005495946428897421,0.023443434963540264,-0.00011019640181211342,0.05429689643442076,239,0.09855361223335099,0.0016487839286692264,0.04060522046078837,0.06634752367892267,0.0021983785715589685,0.04688686992708053,0.07297787417315664,0.003847162500228195,0.06202549879064412,0.11240031961253244,0.006045541071787164,0.07775307757116218
LNG,LNG,2022-02-24,2022-02-24,0,sec_acceptance_time,2022-02-24T02:37:19.000Z,000000357022000024,0.001562768264848164,0.6831151537423498,0.00028210105132143353,0.016795864113567767,0.0006929005167370341,0.01703431891690009,239,0.09616110693237118,0.0008463031539643006,0.029091290001722173,0.06715650764191061,0.0011284042052857341,0.033591728227135534,0.11314524287449529,0.0019747073592500347,0.044437679498934624,0.1620591080661872,0.003103111564535769,0.05570557929449948
LNG,LNG,2021-02-24,2021-02-24,0,sec_acceptance_time,2021-02-24T00:37:46.000Z,000000357021000039,0.0011167165135591594,0.8616578708251577,0.000814879604707446,0.028546096137781186,0.0013310253394570929,0.10930785009715636,239,0.0007229053420959117,0.002444638814122338,0.049443288868382715,-0.026749082092341045,0.003259518418829784,0.05709219227556237,0.00937388837520957,0.0057041572329521225,0.07552587128231042,0.02058280391577521,0.008963675651781907,0.09467669011843362
LNG,LNG,2020-02-25,2020-02-25,0,sec_acceptance_time,2020-02-24T23:47:35.000Z,000000357020000043,-0.001490103256101655,0.9951642843265247,0.00014761147576635824,0.012149546319363462,0.0008596827194238953,0.013605381912328735,239,-0.03281844392885919,0.0004428344272990747,0.021043631514048963,0.08376174078004467,0.000590445903065433,0.024299092638726923,0.07251728878087418,0.0010332803303645076,0.03214467810329585,0.05140844458711347,0.0016237262334299406,0.04029548651437206
LNG,LNG,2019-02-26,2019-02-26,0,sec_acceptance_time,2019-02-25T22:34:45.000Z,000000357019000030,0.0008472402531834884,1.0352974464978573,0.00024258640120353286,0.015575185430791278,0.0001263155859521125,0.025857497809496414,239,0.0034409915822511614,0.0007277592036105986,0.026977012503437044,-0.015215494249611652,0.0009703456048141315,0.031150370861582555,-0.042305842574759236,0.0016981048084247301,0.04120806727359013,-0.008511810258737488,0.0026684504132388617,0.0516570461141446
LNG,LNG,2018-02-21,2018-02-21,0,sec_acceptance_time,2018-02-20T23:09:15.000Z,000000357018000031,0.0004351156367638265,1.0330797935942204,0.0002202758920151222,0.014841694378174015,0.0004743779689603801,0.008787160011386753,239,-0.014871763362040331,0.0006608276760453666,0.025706568733406772,-0.05618387877442723,0.0008811035680604888,0.02968338875634803,-0.06684580581367683,0.0015419312441058554,0.039267432359473865,-0.09788457515063873,0.0024230348121663443,0.049224331505530315
LNG,LNG,2017-02-24,2017-02-27,1,sec_acceptance_time,2017-02-24T21:04:19.000Z,000000357017000052,8.40907265221456e-05,1.8754067469103817,0.0004393295526775528,0.02096018970996095,0.0007343563137411917,0.009859465545477978,239,0.015165659967690235,0.0013179886580326583,0.03630411351393473,-0.027844669555543846,0.0017573182107102111,0.0419203794199219,-0.027533715322286403,0.0030753068687428696,0.05545544940529172,-0.007181881670022799,0.0048326250794530805,0.06951708480260864
LNG,LNG,2016-02-19,2016-02-19,0,sec_acceptance_time,2016-02-18T23:09:41.000Z,000000357016000284,-0.0039291811387760335,1.1861538466355288,0.0005221132822274871,0.022849798297304224,-0.0005060076907793413,0.025993979759480035,239,0.06768421971941625,0.0015663398466824613,0.03957701159363174,0.15244628947679922,0.0020884531289099484,0.04569959659460845,0.24968889778777575,0.0036547929755924094,0.060454883802654104,0.34939119701524196,0.005743246104502358,0.0757842074874598
NUE,NUE,2025-02-27,2025-02-27,0,sec_acceptance_time,2025-02-27T14:17:32.000Z,000095017025028427,-0.0016616426504536524,0.9762980381094745,0.00040991878017507163,0.02024645105135889,0.0008081580376546651,0.015465589632715108,239,0.015280743979145311,0.0012297563405252148,0.035067881893909914,-0.0014485115245727702,0.0016396751207002865,0.04049290210271778,0.008018031999087901,0.0028694314612255013,0.05356707441353785,0.028855015569425824,0.004509106581925788,0.06714988147365406
NUE,NUE,2024-02-27,2024-02-28,1,sec_acceptance_time,2024-02-27T21:21:09.000Z,000095017024021195,-0.0007118793459405135,1.2631320742394836,0.0002770959117346475,0.016646198116526414,0.0009512976167335047,0.014059738931722172,239,-0.0007876702040920018,0.0008312877352039425,0.028832060890681098,-0.04139774413617529,0.00110838364693859,0.03329239623305283,-0.002771974191002717,0.0019396713821425325,0.044041700491040676,-0.020809988929460243,0.0030480550290811225,0.055209193338438864
NUE,NUE,2023-03-01,2023-03-01,0,sec_acceptance_time,2023-03-01T00:41:43.000Z,000156459023002793,0.0016391734768115428,1.164080483342185,0.000516921196571039,0.022735901050344124,-0.00017227380511229004,0.05325283723005167,239,0.06375349628046825,0.001550763589713117,0.039379735775054624,0.018615669731118806,0.002067684786284156,0.04547180210068825,0.05127019357474206,0.003618448375997273,0.06015354001218277,0.04248914572460651,0.005686133162281429,0.0754064530546387
NUE,NUE,2022-02-28,2022-03-01,1,sec_acceptance_time,2022-02-28T22:13:52.000Z,000156459022007679,0.002423326019955311,1.1540122872166887,0.0006656638116403694,0.025800461461771753,0.0004500614604884898,0.017256302202639635,239,0.052764487574873606,0.0019969914349211083,0.04468771011051146,0.05584473338494489,0.0026626552465614777,0.051600922923543506,0.12081970559147628,0.004659646681482586,0.06826160473855405,0.05181573209572663,0.007322301928044063,0.08557045008672132
NUE,NUE,2021-02-26,2021-03-01,1,sec_acceptance_time,2021-02-26T22:17:27.000Z,000156459021009503,0.0008599202413532964,1.0996167623031148,0.00041177383879536535,0.020292211284021398,0.0014859881382650569,0.10072433790534976,239,-0.00897373825562265,0.001235321516386096,0.035147140941847545,0.018969462468739588,0.0016470953551814614,0.040584422568042795,0.020113082657286195,0.0028824168715675573,0.05368814460909929,0.15286938269085848,0.004529512226749019,0.06730165099571495
NUE,NUE,2020-02-28,2020-03-02,1,sec_acceptance_time,2020-02-28T21:09:21.000Z,000156459020007794,-0.0015938359627143519,1.314982411961287,0.0001492378018174764,0.012216292474293353,0.0007763783963635226,0.013499428365103663,239,-0.005756874418728464,0.0004477134054524292,0.0211592392455974,-0.03938754214071233,0.0005969512072699056,0.024432584948586706,-0.04323320814086043,0.001044664612722335,0.03232127183021013,-0.05796495206840552,0.0016416158199922405,0.04051685846647344
DVN,DVN,2025-02-19,2025-02-19,0,sec_acceptance_time,2025-02-19T17:01:33.000Z,000095017025022844,-0.0011854448554175106,0.49900061869352785,0.000253835849002604,0.015932226743384115,0.0007769508714635748,0.015575509085464796,239,0.11344761798991479,0.000761507547007812,0.02759542619724892,0.08762113873486967,0.001015343396010416,0.03186445348676823,0.11135176416538346,0.0017768509430182281,0.042152709794486855,0.061875002207512235,0.002792194339028644,0.05284121818267103
DVN,DVN,2024-02-28,2024-02-28,0,sec_acceptance_time,2024-02-28T17:00:49.000Z,000095017024021781,-0.0015017181777516602,1.046236819867441,0.0003272289269461532,0.018089470057084403,0.0009512976167335047,0.014059738931722172,239,0.004301458448142407,0.0009816867808384595,0.03133188122086606,-0.003681576779980091,0.0013089157077846127,0.036178940114168806,0.010629335069021927,0.002290602488623072,0.047860239119994714,0.03566061579078058,0.003599518196407685,0.059995984835717844
DVN,DVN,2023-02-15,2023-02-15,0,sec_acceptance_time,2023-02-15T17:01:08.000Z,000095017023002852,0.0016028754771896339,1.0145700878349537,0.0009208068792351894,0.03034479987139789,-8.139247296621336e-06,0.05508416042786496,239,-0.11869649504496053,0.002762420637705568,0.05255873512277068,-0.13881391006554622,0.0036832275169407574,0.06068959974279578,-0.09715607635257927,0.006445648154646325,0.08028479404374358,-0.09441227817954859,0.010128875671587084,0.10064231551185158
DVN,DVN,2022-02-16,2022-02-16,0,sec_acceptance_time,2022-02-16T17:02:22.000Z,000156459022005321,0.003232042435529325,1.4827584589526763,0.0008318572512695024,0.02884193563666458,0.0006519561542087599,0.016710232646125214,239,0.05419595483637277,0.002495571753808507,0.04995569791133447,0.06905666224852688,0.0033274290050780094,0.05768387127332916,0.05573390536052807,0.005823000758886516,0.07630858902434585,0.07511970138086285,0.009150429763964525,0.0956578787343966
DVN,DVN,2021-02-17,2021-02-17,0,sec_acceptance_time,2021-02-17T16:02:04.000Z,000156459021006239,0.0007324050873682652,1.6473762743643499,0.0025851219401037567,0.05084409444668827,0.001388046260939167,0.11515345450131284,239,0.037531892339240994,0.0077553658203112705,0.08806455484649468,0.04139369062499562,0.010340487760415027,0.10168818889337654,0.08761856876115745,0.018095853580726295,0.13452082954221734,0.16579306275738628,0.028436341341141324,0.16863078408505763
DVN,DVN,2020-02-19,2020-02-19,0,sec_acceptance_time,2020-02-19T17:03:54.000Z,000156459020005182,-0.002141119600732057,1.7703721560909984,0.0005353722301053588,0.0231381120687354,0.0008052681755793671,0.013682809427976636,239,-0.018722753513328944,0.0016061166903160763,0.04007638569427233,-0.05350945141813287,0.0021414889204214352,0.0462762241374708,-0.09009710446232144,0.0037476056107375116,0.06121769034141611,-0.13650917916970629,0.005889094531158947,0.07674043608918929
DVN,DVN,2019-02-20,2019-02-20,0,sec_acceptance_time,2019-02-20T17:18:53.000Z,000156459019003382,-0.0005196291397647787,1.328871489698773,0.0003929648249902084,0.019823340409482162,4.797566074432738e-05,0.02589201016946252,239,0.05337964400573435,0.001178894474970625,0.034335032764956336,0.03750849403326235,0.0015718592999608336,0.039646680818964324,0.07776265801011073,0.0027507537749314587,0.05244762887806711,0.13069357329506032,0.004322613074892292,0.0657465822297425
DVN,DVN,2018-02-21,2018-02-21,0,sec_acceptance_time,2018-02-21T17:03:34.000Z,000156459018002582,-0.0011551253466119116,1.2001997554775896,0.0003495557352519831,0.018696409688814135,0.0004743779689603801,0.008787160011386753,239,-0.09124716990162365,0.0010486672057559493,0.032383131500149105,-0.10701324630491157,0.0013982229410079323,0.03739281937762827,-0.1368339629902983,0.0024468901467638816,0.049466050446380715,-0.15748953392294154,0.003845113087771814,0.06200897586456185
DVN,DVN,2017-02-15,2017-02-15,0,sec_acceptance_time,2017-02-15T17:02:34.000Z,000156459017001607,0.00227126227741971,2.1997900107838695,0.0008079778540815626,0.0284249512590886,0.0007046423917042909,0.010556874349525928,239,-0.049621485173584265,0.002423933562244688,0.049233459783410385,-0.053589072053782966,0.0032319114163262505,0.0568499025181772,-0.06213289567103297,0.005655844978570938,0.07520535206068074,-0.0936848948497503,0.008887756394897188,0.09427489801053718
DVN,DVN,2016-02-17,2016-02-17,0,sec_acceptance_time,2016-02-17T18:00:59.000Z,000119312516466687,-0.002607669031585042,1.7480765558122344,0.000684340395243631,0.026159900520522455,-0.0004891826475165881,0.026043759882598105,239,-0.1362598004161594,0.002053021185730893,0.04531027682249241,-0.07500434233907077,0.002737361580974524,0.05231980104104491,-0.12535629043000196,0.004790382766705417,0.06921259109949156,-0.22998567365181144,0.007527744347679941,0.0867625745795959
NKE,NKE,2025-07-17,2025-07-18,1,sec_acceptance_time,2025-07-17T20:25:25.000Z,000032018725000047,-8.68505102172573e-05,0.9562344505744644,0.0005038241908167674,0.02244602839739733,0.0007117430201340753,0.03798969791830348,239,0.02047571135682704,0.0015114725724503023,0.038877661612426,0.04196421838811064,0.0020152967632670695,0.04489205679479466,0.04795025646196816,0.0035267693357173718,0.05938660906060702,0.007677856281004708,0.005542066098984441,0.07444505422782928
NKE,NKE,2024-07-25,2024-07-26,1,sec_acceptance_time,2024-07-25T20:16:58.000Z,000032018724000044,-0.002106775863036099,0.7574856940147859,0.0004135293190829051,0.02033542030750545,0.0009196347374015131,0.012117100987748748,239,0.035448350578566004,0.0012405879572487152,0.03522198116586736,0.038687293316735136,0.0016541172763316204,0.0406708406150109,0.021145175104627323,0.0028947052335803357,0.05380246493963205,0.07390974188332858,0.0045488225099119565,0.06744495911416921
NKE,NKE,2023-07-20,2023-07-21,1,sec_acceptance_time,2023-07-20T20:20:36.000Z,000032018723000039,-0.0005298925188181172,1.2849871800603463,0.00026631393983188843,0.01631912803528082,0.00044003907005743905,0.03446702442754333,239,-0.005145363700245173,0.0007989418194956653,0.02826555889232805,0.00958417189624308,0.0010652557593275537,0.03263825607056164,-0.00295715614753171,0.0018641975788232191,0.04317635439477514,-0.006942004915116389,0.002929453338150773,0.05412442459879618
NKE,NKE,2022-07-21,2022-07-22,1,sec_acceptance_time,2022-07-21T20:05:53.000Z,000032018722000038,-0.0011620695593152481,1.1981018556146525,0.00021320224948079416,0.014601446828338423,-0.0005304757283479542,0.03861676406678094,239,-0.015064322896084472,0.0006396067484423825,0.025290447770697586,-0.03623530594900631,0.0008528089979231766,0.029202893656676845,-0.012045391574010196,0.0014924157463655592,0.038631797089516286,0.01962251201229115,0.0023452247442887356,0.04842752052592343
NKE,NKE,2021-07-20,2021-07-21,1,sec_acceptance_time,2021-07-20T20:11:03.000Z,000032018721000028,0.0014202576709715128,0.716800721451075,0.000295267479192838,0.017183348893415336,0.0012893404446336384,0.021681811771656963,239,0.013892095294622406,0.000885802437578514,0.029762433327577803,0.011255356081622097,0.001181069916771352,0.03436669778683067,0.000983475654395721,0.0020668723543498663,0.045462867863233905,0.0031947026187192085,0.003247942271121218,0.056990720921227325
NKE,NKE,2020-07-24,2020-07-27,1,sec_acceptance_time,2020-07-24T20:07:45.000Z,000032018720000047,0.000379446329061344,0.9967296953822294,0.00020104643915799399,0.014179084566994937,0.0007062709611193708,0.1115628840311018,239,-0.01662887452728866,0.0006031393174739819,0.024558894874850985,-0.02742605589958179,0.0008041857566319759,0.028358169133989874,-0.015096002492010555,0.001407325074105958,0.03751433158282256,-0.004145045044135126,0.002211510830737934,0.04702670337944107
NKE,NKE,2019-07-23,2019-07-24,1,sec_acceptance_time,2019-07-23T20:13:55.000Z,000032018719000051,0.0003671118950676958,1.1532188369689955,0.0001447913378148063,0.012032927233836591,0.0003226016352191208,0.02301817549988039,239,0.0068450362321646014,0.00043437401344441893,0.020841641332784204,0.003120532171940867,0.0005791653512592252,0.024065854467673183,-0.010404966432895546,0.0010135393647036442,0.03183613300486798,-0.02425717734800984,0.0015927047159628694,0.03990870476428506
NKE,NKE,2018-07-25,2018-07-25,0,sec_acceptance_time,2018-07-24T22:22:39.000Z,000032018718000142,0.0007019531051171257,0.9277017193253292,0.00018178128238759646,0.013482628912329986,0.000567939627352463,0.015445984483905854,239,0.008400174401996715,0.0005453438471627894,0.023352598295752647,0.009181049750070988,0.0007271251295503858,0.02696525782465997,-0.016702775605647514,0.0012724689767131753,0.03567168312139442,-0.007375793164025967,0.0019995941062635613,0.044716821289796094
NKE,NKE,2017-07-20,2017-07-21,1,sec_acceptance_time,2017-07-20T20:18:16.000Z,000032018717000090,-8.802591784252755e-05,0.8261627842744619,0.00018044761388904,0.013433079091892522,0.0005159645383375803,0.006392075016415723,239,0.022298023224990055,0.00054134284166712,0.02326677548924904,-0.013290887803789297,0.00072179045555616,0.026866158183785044,0.004848807661837727,0.00126313329722328,0.035540586619008975,0.0060541502846698965,0.00198492375277944,0.04455248312697554
NKE,NKE,2016-07-21,2016-07-22,1,sec_acceptance_time,2016-07-21T20:11:03.000Z,000032018716000336,8.892690667371893e-05,0.914897380998183,0.00018383733130229997,0.013558662592685901,0.00018923894472479066,0.028716395093116,239,-0.009039254152312505,0.0005515119939068999,0.02348429249321554,-0.022065609463789444,0.0007353493252091999,0.027117325185371802,-0.03460596569653375,0.0012868613191161,0.03587284933088115,-0.05729249718638791,0.0020222106443252997,0.04496899647896648
O,O,2025-02-25,2025-02-26,1,sec_acceptance_time,2025-02-25T21:09:40.000Z,000072672825000055,0.0004388780638404498,0.08295853499786801,0.00012019845100597515,0.010963505415968706,0.0008197234510996747,0.015481870909114022,239,-0.012405539040853005,0.00036059535301792545,0.018989348409514356,0.027596453808742115,0.0004807938040239006,0.02192701083193741,0.023763895392461647,0.000841389157041826,0.029006708828162944,0.055203851813258174,0.0013221829610657267,0.036361833851797504
O,O,2024-02-21,2024-02-22,1,sec_acceptance_time,2024-02-21T21:16:06.000Z,000072672824000047,-0.001271843837476594,0.6884545214481486,0.0001365192255265849,0.011684144193161298,0.0009443124983546533,0.014376245211811963,239,-0.0029046937166944484,0.00040955767657975463,0.020237531385516233,-0.015452548751152676,0.0005460769021063395,0.023368288386322596,0.007761507680218799,0.0009556345786860942,0.030913339817724227,0.010683239961037365,0.0015017114807924338,0.038751922285125855
O,O,2023-02-22,2023-02-23,1,sec_acceptance_time,2023-02-22T21:07:07.000Z,000072672823000044,0.00027507896109406,0.5680122077163677,0.00012489614410760456,0.011175694345659447,-0.00011019640181211342,0.05429689643442076,239,-0.000472620670462328,0.0003746884323228137,0.019356870416542382,-0.018252281994618487,0.0004995845764304182,0.022351388691318894,-0.017104894135308968,0.0008742730087532319,0.029568107967085616,-0.002176717790455936,0.00137385758518365,0.03706558491624879
O,O,2022-02-23,2022-02-24,1,sec_acceptance_time,2022-02-23T21:07:21.000Z,000072672822000046,0.00033801553753703186,0.6482459626592144,9.392090007433684e-05,0.009691279589111895,0.0006929005167370341,0.01703431891690009,239,0.0075209829251761786,0.0002817627002230105,0.016785788638697036,-0.0010907129436224178,0.00037568360029734734,0.01938255917822379,-0.0070665842796879775,0.0006574463005203578,0.025640715678786306,0.00924899116739586,0.0010331299008177052,0.03214233813551381
O,O,2021-02-23,2021-02-24,1,sec_acceptance_time,2021-02-23T21:24:32.000Z,000072672821000043,-0.001691624422125953,1.2311353926897854,0.0006868569998012342,0.026207956803254127,0.0013310253394570929,0.10930785009715636,239,0.011531929817434807,0.0020605709994037024,0.04539351274580656,-0.02687811365367411,0.002747427999204937,0.052415913606508255,0.012285853025677081,0.004807998998608639,0.06933973607253376,0.04276769726143574,0.007555426997813576,0.08692195923823609
O,O,2020-02-24,2020-02-24,0,sec_acceptance_time,2020-02-24T11:05:54.000Z,000072672820000033,0.0004915490501206507,0.2600686230046914,0.00011066515878814404,0.010519750890023206,0.0008246717069802714,0.013658641218420961,239,0.005834632843110643,0.00033199547636443213,0.01822074302448811,-0.0918638674375188,0.00044266063515257614,0.02103950178004641,-0.06532691894482887,0.0007746561115170083,0.027832644709351793,-0.024203157814933613,0.0012173167466695844,0.03489006659021425
O,O,2019-02-22,2019-02-22,0,sec_acceptance_time,2019-02-22T01:17:58.000Z,000072672819000038,0.001591241840017529,0.37204263360982665,0.00011184902671525335,0.01057587002166977,0.00014909288338068452,0.025859289270915124,239,0.00230699640592828,0.00033554708014576004,0.018317944211776606,-0.01922862040901573,0.0004473961068610134,0.02115174004333954,-0.03131075012470749,0.0007829431870067735,0.027981121975481495,-0.027117905549621703,0.0012303392938677869,0.03507619269344646
O,O,2018-02-22,2018-02-23,1,sec_acceptance_time,2018-02-22T21:47:24.000Z,000110465918011376,-0.0009286288654668318,0.4692478979634223,0.00011031045101531351,0.010502878225292032,0.0005529919923056521,0.0089433161017196,239,0.0343198381321006,0.00033093135304594054,0.018191518711914642,0.004351215860143416,0.00044124180406125403,0.021005756450584064,-0.0008479662409791771,0.0007721731571071946,0.027788003834518134,0.05039309013709931,0.0012134149611684486,0.03483410629208748
O,O,2017-02-23,2017-02-24,1,sec_acceptance_time,2017-02-23T21:13:19.000Z,000110465917011170,0.0001619595372167524,0.3837135757341294,0.00018365931013072278,0.013552096152651913,0.0006909421270752348,0.00999984777119279,239,0.034328189669981884,0.0005509779303921683,0.02347291908545182,-0.03861783506474675,0.0007346372405228911,0.027104192305303827,-0.007372829844379109,0.0012856151709150594,0.03585547616355219,-0.002628303384128753,0.0020202524114379507,0.044947218061165375
O,O,2016-02-11,2016-02-12,1,sec_acceptance_time,2016-02-11T21:55:53.000Z,000110465916095923,0.0010247958958768653,0.6598426228206059,0.00011148075568581354,0.010558444756961773,-0.0003620134839506722,0.025530505284979552,239,0.0351643033821874,0.0003344422670574406,0.018287762767967015,-0.03006333958017219,0.00044592302274325414,0.021116889513923546,0.04520024552444807,0.0007803652898006947,0.02793501905853466,0.018354563252299276,0.001226288312543949,0.03501839962853741
CAH,CAH,2025-08-12,2025-08-12,0,sec_acceptance_time,2025-08-12T12:58:00.000Z,000072137125000079,0.001442717528288224,0.4404858037964917,0.0001573774517915908,0.012545017010414565,0.0005802934100528592,0.035476211874263905,239,-0.06767092811742174,0.00047213235537477236,0.02172860684385385,-0.060545078054793186,0.0006295098071663631,0.02509003402082913,-0.059562836987806164,0.0011016421625411354,0.033190995202631926,-0.08047598336070905,0.0017311519697074985,0.04160711441217113
CAH,CAH,2024-08-14,2024-08-14,0,sec_acceptance_time,2024-08-14T12:47:07.000Z,000072137124000056,0.0007468994496759199,0.09717428817004464,0.00018111615167648885,0.013457940097819162,0.0007270474103553884,0.014243444264165357,239,0.06467931984865265,0.0005433484550294665,0.023309836014641254,0.06278913914894306,0.0007244646067059554,0.026915880195638325,0.09511901897608799,0.001267813061735422,0.035606362658033776,0.08319429159244103,0.0019922776684413775,0.04463493775554501
CAH,CAH,2023-08-15,2023-08-15,0,sec_acceptance_time,2023-08-15T12:50:31.000Z,000072137123000060,0.0012940801506362055,0.43384726735240353,0.00018295527450437659,0.013526096055565205,0.00044694197315398146,0.03328353370537382,239,-0.01938606016260061,0.0005488658235131298,0.023427885596295918,-0.0719866217691171,0.0007318210980175063,0.02705219211113041,-0.06694899730060924,0.0012806869215306362,0.03578668637259723,-0.0753573666979826,0.0020125080195481423,0.044860985494615944
CAH,CAH,2022-08-11,2022-08-12,1,sec_acceptance_time,2022-08-11T20:17:06.000Z,000072137122000058,0.0009999591879954154,0.549507271593924,0.00018435952205388486,0.013577905657865092,-0.00023144647839212445,0.041094336062690674,239,0.09716062325501108,0.0005530785661616546,0.02351762245979926,0.03467121361622913,0.0007374380882155395,0.027155811315730184,0.09490610701838337,0.0012905166543771942,0.03592376169580789,0.12084273018183778,0.0020279547425927336,0.04503281850598221
CAH,CAH,2021-08-16,2021-08-16,0,sec_acceptance_time,2021-08-16T12:50:00.000Z,000072137121000080,-0.0004588427765553517,0.7589384464926717,0.00033135128355319776,0.018203056983737587,0.0011069148025185925,0.022072315396154157,239,0.013782839190021564,0.0009940538506595933,0.03152861954890498,0.005358028669645871,0.001325405134212791,0.03640611396747517,0.014978820139201817,0.002319458984872384,0.04816076188010717,0.021289710986506657,0.003644864119085175,0.06037271005251607
CAH,CAH,2020-08-13,2020-08-13,0,sec_acceptance_time,2020-08-13T14:04:19.000Z,000072137120000089,0.0009522912239292896,0.953458487400479,0.0003645610575656506,0.01909348207021576,0.0008841193814072095,0.10942182115353713,239,-0.0013658952147495643,0.0010936831726969518,0.03307088103901908,-0.039051990509971005,0.0014582442302626024,0.03818696414043152,-0.0268125488046784,0.0025519274029595545,0.05051660522006159,-0.1606337821293875,0.004010171633222157,0.06332591596828392
CAH,CAH,2019-08-20,2019-08-21,1,sec_acceptance_time,2019-08-20T20:30:26.000Z,000072137119000090,-0.0003823155273093497,0.8738377493255388,0.0002602748431120923,0.016133035768636117,6.980717154701782e-05,0.024939128628574947,239,0.007757734929624375,0.0007808245293362769,0.02794323763160377,0.009998410003125006,0.0010410993724483692,0.032266071537272234,0.036364217549268676,0.0018219239017846461,0.04268400053632094,-0.049724792398495685,0.0028630232742330153,0.053507226373948925
CAH,CAH,2018-08-22,2018-08-23,1,sec_acceptance_time,2018-08-22T20:23:32.000Z,000072137118000077,-0.0013809320463887514,0.8967156492419464,0.00043078213051246666,0.020755291626774766,0.0005730551395086876,0.01517262197551306,239,0.003821520938716224,0.0012923463915374,0.03594921962348279,0.013623614580794172,0.0017231285220498666,0.04151058325354953,0.001719009272883187,0.003015474913587267,0.054913340033067255,0.03256882053913657,0.004738603435637133,0.06883751474041704
CAH,CAH,2017-08-10,2017-08-11,1,sec_acceptance_time,2017-08-10T21:26:53.000Z,000072137117000083,-0.0010979113995139324,1.1682466939567275,0.00023107747055423547,0.015201232534049187,0.0005343933922717969,0.006257584508942574,239,-0.014691684465154087,0.0006932324116627064,0.026329307086642186,-0.029360834236460923,0.0009243098822169419,0.030402465068098374,-0.03395983793163749,0.0016175422938796483,0.04021868090675835,-0.04009434440005662,0.0025418521760965903,0.05041678466638457
CAH,CAH,2016-08-12,2016-08-12,0,sec_acceptance_time,2016-08-12T10:51:59.000Z,000072137116000277,-0.00015100877595914162,0.9728729731461613,0.0001482092829966706,0.012174123500140393,0.0006128964246117672,0.02529190668254585,239,-0.010401910040663744,0.00044462784899001177,0.021086200439861418,-0.007770759374214622,0.0005928371319866824,0.024348247000280786,-0.011542563304673547,0.001037464980976694,0.032209703211558686,-0.029550192446093346,0.0016303021129633764,0.040376999801413876
A,A,2025-12-22,2025-12-22,0,sec_acceptance_time,2025-12-19T23:00:46.000Z,000109087225000087,-0.0003319766507494303,1.0784261457037367,0.00024480193148658383,0.01564614749663903,0.0006774154321738475,0.03434648570853524,239,-0.009706845509109798,0.0007344057944597515,0.0270999224068954,-0.005277967883005588,0.0009792077259463353,0.03129229499327806,-0.023783702304022564,0.0017136135204060868,0.04139581525234268,-0.021927033369145744,0.002692821246352422,0.05189240066091009
A,A,2024-12-20,2024-12-20,0,sec_acceptance_time,2024-12-19T23:51:56.000Z,000109087224000049,-0.0006431438743263393,0.8261957392861443,0.00023569324738308917,0.015352304302061276,0.0010500169329351978,0.01438216554583763,239,-0.0004236241828045424,0.0007070797421492675,0.02659097106442838,-0.0014763974142383617,0.0009427729895323567,0.030704608604122552,-0.003990958385769987,0.0016498527316816242,0.04061837923504118,-0.02008083840357408,0.0025926257212139808,0.05091783303729628
A,A,2023-12-20,2023-12-20,0,sec_acceptance_time,2023-12-19T23:52:16.000Z,000109087223000020,-0.0012303621204660736,0.8949160647564681,0.00023090154190639778,0.015195444774879009,0.0008196030638866649,0.016386708547693075,239,0.012779242932746062,0.0006927046257191934,0.026319282393697466,0.003807905387119906,0.0009236061676255911,0.030390889549758018,0.011627477099245786,0.0016163107933447845,0.04020336793534572,0.070054866832945,0.0025399169609703755,0.05039758884084015
A,A,2022-12-21,2022-12-21,0,sec_acceptance_time,2022-12-20T23:42:30.000Z,000109087222000026,0.0008947116181206376,1.1213119302245413,0.0002156502349675034,0.014685034387685423,-0.0005948044687256443,0.05622652120823381,239,0.009760805136852074,0.0006469507049025101,0.02543522567036727,0.004941844357753214,0.0008626009398700136,0.029370068775370847,0.004271559363221996,0.0015095516447725238,0.03885294898424731,-0.003772526370683045,0.0023721525846425373,0.048704749097419
A,A,2021-12-17,2021-12-20,1,sec_acceptance_time,2021-12-17T22:01:49.000Z,000109087221000027,0.0003199336550242279,0.976254616188114,0.00010461344627413922,0.010228071483624819,0.0010090346727394707,0.015745761810940645,239,0.023886967614506233,0.0003138403388224177,0.017715539473084574,0.018219993842187178,0.0004184537850965569,0.020456142967249638,0.017243439521795363,0.0007322941239189746,0.02706093353746272,0.0003559843044580657,0.0011507479090155314,0.03392267544011721
A,A,2020-12-18,2020-12-18,0,sec_acceptance_time,2020-12-18T00:56:21.000Z,000109087220000020,0.001005348509172054,0.8796793636435631,0.00017475807757091305,0.01321960958466297,0.000780934229406565,0.11818569265012877,239,0.0032330021742748433,0.0005242742327127392,0.022897035456860768,-0.010373467265117517,0.0006990323102836522,0.02643921916932594,-0.012334447509624312,0.0012233065429963913,0.03497579939038408,-0.035137795478770384,0.0019223388532800436,0.04384448486731306
A,A,2019-12-19,2019-12-20,1,sec_acceptance_time,2019-12-19T22:11:01.000Z,000109087219000022,-5.224623354202029e-05,1.2630354900051812,0.00014258374632608372,0.0119408436186931,0.0010075058588345242,0.01535591993712902,239,0.008998265116829014,0.0004277512389782512,0.020682147832811058,-0.002264699309451281,0.0005703349853043349,0.0238816872373862,-0.006787703177685666,0.000998086224282586,0.03159250265937452,-0.01690968681541739,0.001568421209586921,0.03960329796351462
A,A,2018-12-20,2018-12-21,1,sec_acceptance_time,2018-12-20T21:27:07.000Z,000109087218000019,0.0004064906801163062,1.1372763612756527,0.00015240018577652195,0.012345047013945388,-2.0876537985031857e-05,0.023738571179482616,239,0.007484155059491866,0.00045720055732956585,0.021382248649979868,0.007679153065283299,0.0006096007431060878,0.024690094027890776,0.0022698045932870933,0.0010668013004356536,0.03266192432230002,0.00831095718710239,0.0016764020435417414,0.04094388896455418
A,A,2017-12-21,2017-12-22,1,sec_acceptance_time,2017-12-21T21:27:19.000Z,000109087217000018,0.0006680394743971495,1.3065892297258084,8.147282856138193e-05,0.00902623003038267,0.0006584045739045876,0.0041981530864557675,239,-0.0048388075922659235,0.00024441848568414583,0.015633889013426758,-0.005150367262179389,0.00032589131424552774,0.01805246006076534,-0.006502061177972003,0.0005703097999296736,0.02388115993685553,-0.010216463979580133,0.0008962011141752013,0.02993661828221754
A,A,2016-12-20,2016-12-21,1,sec_acceptance_time,2016-12-20T21:22:19.000Z,000109087216000082,-2.0567596620814474e-05,1.3196057622702373,0.00010194399200407591,0.010096731748644009,0.0005415437014471048,0.016606148726181828,239,0.01293279053810071,0.00030583197601222775,0.017488052379045178,0.00767842934512661,0.00040777596801630365,0.020193463497288018,-0.004602633315080665,0.0007136079440285313,0.026713441261442362,0.0003501001500906969,0.001121383912044835,0.03348707081912115
VMRK,VMRK,2025-02-13,2025-02-14,1,sec_acceptance_time,2025-02-13T21:13:57.000Z,000095017025019894,0.0006136281876769373,0.4904775257634942,0.00014126746076123279,0.011885598881050664,0.0007797618646639484,0.01545707427722489,239,-0.0040025391681991675,0.00042380238228369833,0.020586461140363544,-0.0006636198915085205,0.0005650698430449311,0.023771197762101327,0.0021957742355966006,0.0009888722253286295,0.03144633882232763,0.0027434404797733406,0.0015539420683735607,0.03942007189711303
VMRK,VMRK,2024-02-15,2024-02-16,1,sec_acceptance_time,2024-02-15T21:20:41.000Z,000095017024015907,-0.0008105917422816266,0.8520139870284119,0.00013373240874179075,0.011564272944798162,0.0009807216830497467,0.014227668794042199,239,0.03186356300648799,0.00040119722622537226,0.020029908292984577,-0.004864780988899517,0.000534929634967163,0.023128545889596324,0.015952392423285264,0.0009361268611925353,0.03059619030520851,-0.008820513068454218,0.0014710564961596983,0.03835435433115383
VMRK,VMRK,2023-02-16,2023-02-17,1,sec_acceptance_time,2023-02-16T21:24:34.000Z,000095017023003060,-0.0007447415182098836,0.7675170055925137,0.00017135700710762497,0.013090340221232791,-0.000174836296957105,0.054771115311742655,239,-0.0029707560139793565,0.000514071021322875,0.022673134351537613,-0.0026336610043212216,0.0006854280284304999,0.026180680442465583,0.0062048905346582615,0.0011994990497533747,0.0346337848026082,0.0034456508495080366,0.0018849270781838747,0.043415746891927065
VMRK,VMRK,2022-02-17,2022-02-18,1,sec_acceptance_time,2022-02-17T21:15:55.000Z,000156459022005566,0.000672109488194316,0.7271388301713304,0.00012004163154412609,0.010956351196640518,0.0007253810737983604,0.01698896489023484,239,0.0077347914810554416,0.00036012489463237824,0.018976956938149443,0.00901825837069475,0.00048016652617650436,0.021912702393281035,-0.001170579289772735,0.0008402914208088826,0.028987780542995743,-0.0052590845852272805,0.001320457946985387,0.036338105990617986
VMRK,VMRK,2021-02-18,2021-02-19,1,sec_acceptance_time,2021-02-18T21:27:25.000Z,000156459021006679,-0.0012496444473386065,1.0224339023363485,0.0005698363811564134,0.023871245907082717,0.0012237801584862136,0.11306987198764669,239,0.01840781716655336,0.00170950914346924,0.04134621075103788,0.044420630078411426,0.0022793455246256536,0.047742491814165434,0.03885099512265581,0.003988854668094894,0.06315738015540934,0.01974469795960768,0.006268200192720548,0.07917196595210042
VMRK,VMRK,2020-02-20,2020-02-21,1,sec_acceptance_time,2020-02-20T21:16:57.000Z,000156459020005562,0.0004506509594269916,0.3370329276159196,6.981354757503834e-05,0.008355450171896086,0.000826759208711218,0.013656439311440156,239,0.020234047554564854,0.00020944064272511502,0.01447206421783413,-0.010817508570638791,0.00027925419030015334,0.016710900343792173,-0.0120421432309699,0.0004886948330252684,0.02210644324682893,-0.07823916533666497,0.0007679490233254216,0.027711893174689847
VMRK,VMRK,2019-02-21,2019-02-22,1,sec_acceptance_time,2019-02-21T21:17:35.000Z,000156459019003683,0.0012763916694624935,0.3985816163389401,0.00011229861362454559,0.010597104020653265,0.00014909288338068452,0.025859289270915124,239,0.005940546675118716,0.00033689584087363676,0.018354722576863883,-0.014742056435482149,0.00044919445449818234,0.02119420804130653,-0.009424886239524012,0.0007860902953718192,0.02803730185613122,-0.01818944131184275,0.0012352847498700015,0.0351466179008735
VMRK,VMRK,2018-02-22,2018-02-23,1,sec_acceptance_time,2018-02-22T21:15:12.000Z,000156459018002873,-0.0005385755894054586,0.5397932187432917,5.93514300733298e-05,0.007703987933098662,0.0005529919923056521,0.0089433161017196,239,0.008516382390009253,0.0001780542902199894,0.013343698521024424,0.0014688547606060542,0.0002374057202933192,0.015407975866197325,-0.022351524227429188,0.00041546001051330863,0.020382836174421572,-0.004333377084025756,0.0006528657308066279,0.025551237363513883
VMRK,VMRK,2017-02-23,2017-02-24,1,sec_acceptance_time,2017-02-23T21:17:29.000Z,000090610717000007,-0.0006064701942005073,0.5388319698039749,0.00013245901552802483,0.011509084043833585,0.0006909421270752348,0.00999984777119279,239,0.021606875800001448,0.00039737704658407446,0.01993431831250004,-0.0007377464552769239,0.0005298360621120993,0.02301816808766717,0.017373025316629796,0.0009272131086961738,0.030450174198125266,0.00991493835483483,0.001457049170808273,0.038171313454062245
VMRK,VMRK,2016-02-25,2016-02-26,1,sec_acceptance_time,2016-02-25T21:11:10.000Z,000090610716000029,0.00027421567321148045,0.7945172718049693,0.00010441724582249044,0.010218475709345814,-0.0002821216721660715,0.026876850892357123,239,0.015307820718687068,0.0003132517374674713,0.017698919104495375,0.0369276790321179,0.00041766898328996177,0.02043695141869163,0.0376847637603297,0.000730920720757433,0.027035545505083358,0.05715668683114273,0.0011485897040473948,0.033890849857260805
IQV,IQV,2025-02-13,2025-02-13,0,sec_acceptance_time,2025-02-13T12:39:45.000Z,000147824225000045,-0.001371708783814615,0.9657369935707373,0.00023015233171493985,0.01517077228472367,0.0007659696003275171,0.01544900970527316,239,-0.04079635028298894,0.0006904569951448195,0.026276548387199172,-0.01553337404231549,0.0009206093268597594,0.03034154456944734,-0.06587761590334106,0.001611066322004579,0.04013809066217001,-0.048801864371647616,0.0025316756488643383,0.05031575944835115
IQV,IQV,2024-02-15,2024-02-15,0,sec_acceptance_time,2024-02-15T12:33:24.000Z,000147824224000038,-0.001050919200842015,1.2832554183409555,0.0001545519266127823,0.012431891513876008,0.0009911920650846498,0.014231852026876893,239,0.10045158760275937,0.0004636557798383469,0.021532667736217613,-0.016477947623446565,0.0006182077064511292,0.024863783027752016,0.11069952211904135,0.001081863486289476,0.03289169327185021,0.13926167374445794,0.0017000711927406054,0.04123191958593009
IQV,IQV,2023-02-15,2023-02-16,1,sec_acceptance_time,2023-02-15T21:24:16.000Z,000147824223000044,0.0004668829191053828,1.193853220566137,0.00020437980390742365,0.014296146470550155,-0.00014811164115339164,0.05470117905349532,239,-0.017530766020247078,0.0006131394117222709,0.02476165203943935,-0.028768877000689617,0.0008175192156296946,0.02859229294110031,-0.027104110527079298,0.0014306586273519655,0.037824048267629494,-0.07601747125974176,0.0022481778429816602,0.0474149537907785
IQV,IQV,2022-02-16,2022-02-17,1,sec_acceptance_time,2022-02-16T21:22:34.000Z,000147824222000041,0.0005242911516740912,1.0105453762224033,0.0001243051599342853,0.011149222391462344,0.0007465087047458983,0.016824079214723495,239,0.025028777608122922,0.0003729154798028559,0.01931101964689736,0.015913763054924927,0.0004972206397371412,0.022298444782924687,-0.04798514069980343,0.0008701361195399971,0.029498069759562186,-0.04667646361748473,0.0013673567592771385,0.03697778737670953
IQV,IQV,2021-02-12,2021-02-16,1,sec_acceptance_time,2021-02-12T21:16:25.000Z,000147824221000020,1.7457979950363063e-05,1.2098721720645278,0.00030698194601508843,0.0175209002626888,0.0011723032025941769,0.11718111439275791,239,-0.025113951439411315,0.0009209458380452653,0.030347089449323888,-0.01204294601268956,0.0012279277840603537,0.0350418005253776,0.028250776243591843,0.002148873622105619,0.04635594484104082,0.028649289151612203,0.003376801406165973,0.05811025216057811
IQV,IQV,2020-02-18,2020-02-18,0,sec_acceptance_time,2020-02-18T12:33:23.000Z,000156459020004901,-0.0003078459825727177,1.0881948055766417,0.00011596176321407681,0.01076855436974141,0.0007627915809345757,0.013653035615859323,239,-0.011424853352630509,0.00034788528964223043,0.01865168329245997,0.009507053660145825,0.00046384705285630725,0.02153710873948282,0.01964581034662423,0.0008117323424985377,0.02849091684201366,0.026747385051660855,0.001275579395354845,0.035715254378974326
IQV,IQV,2019-02-19,2019-02-19,0,sec_acceptance_time,2019-02-19T12:08:47.000Z,000156459019003180,0.0012079109492515187,1.128922812529988,0.00011995704995301504,0.010952490582192482,-1.4171917152486688e-06,0.026015173485470347,239,-0.019159712465968457,0.0003598711498590451,0.018970270157777015,-0.007467815551888451,0.00047982819981206014,0.021904981164384964,0.05315037824811064,0.0008396993496711053,0.028977566317258344,0.04420350211220888,0.0013195275494831654,0.03632530178103364
IQV,IQV,2018-02-16,2018-02-20,1,sec_acceptance_time,2018-02-16T21:41:29.000Z,000156459018002340,0.000615871654459608,0.934930332826447,9.305522851601856e-05,0.009646513801162498,0.00039163962060205005,0.008645007576763081,239,-0.009459964732451018,0.00027916568554805566,0.016708252019527827,-0.026701813019849793,0.00037222091406407425,0.019293027602324996,-0.03477318283234786,0.0006513865996121299,0.02552227653662835,-0.012538097361121645,0.0010236075136762042,0.031993866813441046
IQV,IQV,2017-02-16,2017-02-17,1,sec_acceptance_time,2017-02-16T21:17:46.000Z,000119312517046709,0.00019863755940079922,1.0204273523089857,0.00014285411039116158,0.011952159235517304,0.0006657221129399734,0.009967524414763715,239,-0.028262627150104944,0.00042856233117348475,0.02070174705606956,0.008302999008537489,0.0005714164415646463,0.023904318471034608,-0.038503372552618785,0.0009999787727381312,0.031622440967422664,-0.018891681236669174,0.0015713952143027775,0.03964082761879194
IQV,IQV,2016-02-11,2016-02-11,0,sec_acceptance_time,2016-02-11T14:44:13.000Z,000156459016012629,-3.2929377243281924e-05,0.8312620640140282,0.00013973728709970162,0.011821052706916657,-0.00035685851186258643,0.02553667086734999,239,0.05873421277345925,0.00041921186129910485,0.02047466388732926,0.04691940898637503,0.0005589491483988065,0.023642105413833315,0.07507071624370969,0.0009781610096979113,0.03127556569748837,0.08002717567101762,0.0015371101580967177,0.03920599645585759
ADSK,ADSK,2025-03-06,2025-03-07,1,sec_acceptance_time,2025-03-06T21:24:13.000Z,000076939725000019,-0.0002245066909834938,1.2849274393994725,0.00017988650440893146,0.013412177467098005,0.0005745378865536688,0.01586357373866418,239,-0.020651569578562828,0.0005396595132267943,0.0232305728131442,-0.0003963901820490173,0.0007195460176357258,0.02682435493419601,-0.01869743444928662,0.0012592055308625202,0.035485286117805506,-0.05097860421261323,0.001978751548498246,0.04448316028002334
ADSK,ADSK,2024-06-10,2024-06-11,1,sec_acceptance_time,2024-06-10T20:16:30.000Z,000076939724000090,-0.0010028118340961523,1.4570906424517107,0.00017347904161245015,0.013171144278780418,0.0008244462757640499,0.012349083529713062,239,0.016621719110414247,0.0005204371248373504,0.022813091084667822,0.02136584082332956,0.0006939161664498006,0.026342288557560836,0.031419400314633736,0.0012143532912871511,0.03484757224380417,0.10674795801993806,0.0019082694577369516,0.04368374363235083
ADSK,ADSK,2023-03-14,2023-03-15,1,sec_acceptance_time,2023-03-14T20:23:47.000Z,000076939723000036,0.0009767471286452564,1.5909498388976477,0.0003486696974779186,0.018672699255274226,-0.0003568118911196922,0.052198114342748486,239,-0.03185622382782101,0.0010460090924337558,0.0323420638245885,-0.010898407598360214,0.0013946787899116744,0.03734539851054845,-0.02021121685121589,0.00244068788234543,0.04940331853575659,-0.024597320034659954,0.0038353666722571044,0.061930337252893305
ADSK,ADSK,2022-03-14,2022-03-15,1,sec_acceptance_time,2022-03-14T20:03:37.000Z,000076939722000019,-0.0014298206169324475,1.564992101884139,0.00030015555531079667,0.017324997988767465,0.00034199959577560534,0.01956061428665885,239,0.011087785966901825,0.00090046666593239,0.03000777675757386,0.02485916647585895,0.0012006222212431867,0.03464999597753493,-0.013291127534528014,0.0021010888871755766,0.04583763614297291,-0.007838723476574085,0.0033017111084187633,0.05746051782240361
ADSK,ADSK,2021-03-19,2021-03-22,1,sec_acceptance_time,2021-03-19T20:02:20.000Z,000076939721000014,-5.681895439372652e-05,1.4260402751782018,0.0002877490907284041,0.016963168652359854,0.0018616542026887132,0.04416293728661541,239,0.023015365630695648,0.0008632472721852122,0.02938106996324695,0.004503268553780913,0.0011509963629136163,0.03392633730471971,-0.027230975779752205,0.0020142436350988283,0.044880325701790846,0.0016916990322001606,0.0031652399980124446,0.0562604656753963
ADSK,ADSK,2020-03-19,2020-03-20,1,sec_acceptance_time,2020-03-19T20:08:49.000Z,000076939720000013,6.805715318257324e-05,1.173828138323714,0.00023310316364802348,0.015267716386153611,-0.0005145734297067921,0.042590926775997476,239,0.09748056021788479,0.0006993094909440705,0.026444460496369945,-0.0324108401243345,0.0009324126545920939,0.030535432772307223,-0.03379669741631981,0.0016317221455361644,0.04039458064562825,0.015468139754316754,0.0025641348001282584,0.05063728665843242
ADSK,ADSK,2019-03-25,2019-03-26,1,sec_acceptance_time,2019-03-25T20:05:52.000Z,000076939719000016,0.00047752030998765593,1.7880913188456482,0.000289092199752279,0.017002711541171278,0.0003352135374019547,0.022685594541004408,239,-0.011560059328246611,0.000867276599256837,0.029449560255746386,-0.017270745902258654,0.001156368799009116,0.034005423082342556,0.00063075576159978,0.0020236453982659533,0.04498494635170696,0.04110977080164638,0.003180014197275069,0.05639161460071053
ADSK,ADSK,2018-03-22,2018-03-23,1,sec_acceptance_time,2018-03-22T21:04:04.000Z,000076939718000011,0.0012823234956799254,1.4059888691590325,0.0003978546485354094,0.019946294105307117,0.0006595938811516463,0.010187135166189135,239,0.014990326627275126,0.0011935639456062282,0.03454799481310353,-0.036145217666761036,0.0015914185941416376,0.039892588210614234,-0.025432047200353428,0.002784982539747866,0.052772933779996214,-0.03290757323749721,0.004376401133889504,0.06615437350538136
ADSK,ADSK,2017-03-21,2017-03-22,1,sec_acceptance_time,2017-03-21T20:03:19.000Z,000076939717000014,0.0007124821917976762,1.9601679605851083,0.00019406702202475333,0.013930794019895396,0.0005730219667346465,0.009651961723617944,239,0.013872765442826505,0.00058220106607426,0.024128843032235506,0.02073215530421236,0.0007762680880990133,0.027861588039790792,0.013664620131847412,0.0013584691541732733,0.036857416542309,0.002570404218039687,0.0021347372422722867,0.04620321679571983
ADSK,ADSK,2016-03-23,2016-03-24,1,sec_acceptance_time,2016-03-23T20:02:56.000Z,000076939716000067,0.00010777064215184576,1.1864524412711577,0.0003307569102426463,0.01818672346088339,-5.2126936715622456e-05,0.027047700257035588,239,-0.007981164802412578,0.000992270730727939,0.03150032905745492,-0.005442896883580243,0.0013230276409705853,0.03637344692176678,-0.0072575037489545965,0.0023152983716985243,0.04811754744060138,-0.013287710880712757,0.0036383260126691096,0.06031853788570401
HEI,HEI,2025-12-22,2025-12-23,1,sec_acceptance_time,2025-12-22T21:44:58.000Z,000004661925000082,0.0008717832008943784,0.6543058726237175,0.0003059483602656196,0.01749137959869431,0.0006886632872701664,0.0343270028637485,239,0.02272771501452025,0.0009178450807968588,0.03029595815941227,-0.02194117123051174,0.0012237934410624784,0.03498275919738862,0.0485894746023646,0.002141638521859337,0.04627784050557391,0.02581011131385267,0.0033654319629218155,0.05801234319454624
HEI,HEI,2024-12-19,2024-12-20,1,sec_acceptance_time,2024-12-19T21:55:54.000Z,000004661924000111,0.0007313326999707698,0.8356554003188944,0.00013641077744138382,0.011679502448365848,0.0010500169329351978,0.01438216554583763,239,-0.012082621771486177,0.0004092323323241514,0.020229491647694744,-0.014938926408920854,0.0005456431097655353,0.023359004896731695,-0.08488986776855666,0.0009548754420896867,0.030901058915346034,-0.047670628151779984,0.001500518551855222,0.038736527359266755
HEI,HEI,2023-12-20,2023-12-21,1,sec_acceptance_time,2023-12-20T21:41:51.000Z,000004661923000163,0.00016026210267408743,0.8522330163863125,0.0001736050257685907,0.01317592599283218,0.0008873495862021058,0.016538956154886132,239,-0.018644502612967805,0.0005208150773057721,0.02282137325635274,0.012878069515182777,0.0006944201030743628,0.02635185198566436,-0.026754533907065968,0.001215235180380135,0.034860223470025764,-0.05018565146053996,0.0019096552834544976,0.0436996027837153
HEI,HEI,2022-12-21,2022-12-22,1,sec_acceptance_time,2022-12-21T21:11:10.000Z,000004661922000066,0.001076483453336747,0.848990699453207,0.00013980459940101587,0.01182389950063074,-0.0006467993522615055,0.056207099004051776,239,-0.002165224767330152,0.0004194137982030476,0.02047959467868072,-0.019941877094863728,0.0005592183976040635,0.02364779900126148,0.009176378501966134,0.000978632195807111,0.03128309760568974,0.003755710268274137,0.0015378505934111747,0.039215438202462746
HEI,HEI,2021-12-21,2021-12-22,1,sec_acceptance_time,2021-12-21T21:06:41.000Z,000004661921000085,-0.0007339324417875933,1.268692507544967,0.00016849440752590898,0.01298053956990652,0.0009743448685935609,0.015642322654622086,239,0.007736956453742711,0.0005054832225777269,0.022482954044736356,-0.010564938981862587,0.0006739776301036359,0.02596107913981304,0.03368488607389495,0.0011794608526813628,0.03434327958540598,0.007366066365472215,0.0018534384827849988,0.04305157932974119
HEI,HEI,2020-12-23,2020-12-23,0,sec_acceptance_time,2020-12-23T20:22:18.000Z,000004661920000078,0.00018601842457266948,1.113182259992461,0.0006881553773101614,0.026232715782209082,0.0007911630489755063,0.11823688056899832,239,-0.006198838159442567,0.002064466131930484,0.04543639655530007,0.0038637855167956833,0.0027526215092406455,0.052465431564418165,-0.00476369361613812,0.0048170876411711295,0.06940524217356445,-0.03147172428706454,0.007569709150411775,0.08700407548162198
HEI,HEI,2019-12-19,2019-12-20,1,sec_acceptance_time,2019-12-19T21:35:28.000Z,000004661919000095,0.0013719734202053738,0.7829200063274834,0.0002135047863193286,0.014611802979760185,0.0010075058588345242,0.01535591993712902,239,-0.007974904422609107,0.0006405143589579857,0.025308385151130954,-0.015649596972302778,0.0008540191452773144,0.02922360595952037,-0.11546350291959004,0.0014945335042353001,0.038659196890718,-0.10344418027091473,0.0023485526495126145,0.048461867994461526
HEI,HEI,2018-12-20,2018-12-21,1,sec_acceptance_time,2018-12-20T21:32:04.000Z,000004661918000117,0.0014545112525239342,0.925222703345489,0.000204184111065285,0.014289300579989386,-2.0876537985031857e-05,0.023738571179482616,239,-0.044985679625561686,0.000612552333195855,0.02474979460916504,0.006070413384822485,0.00081673644426114,0.028578601159978772,-0.006421806668801365,0.001429288777456995,0.03780593574370293,-0.01241308122479951,0.002246025221718135,0.04739224854043259
HEI,HEI,2017-12-21,2017-12-21,0,sec_acceptance_time,2017-12-21T20:49:08.000Z,000004661917000085,0.0007891834727858476,1.2611281684334903,0.00011790897487697207,0.01085858991199926,0.0006993800258531219,0.004201028643727053,239,-0.03936678032905161,0.0003537269246309162,0.01880762942613758,-0.032767668322876094,0.0004716358995078883,0.02171717982399852,-0.02881630742450886,0.0008253628241388046,0.028729128495984777,0.021102328385534476,0.0012969987236466929,0.036013868490439804
HEI,HEI,2016-12-15,2016-12-16,1,sec_acceptance_time,2016-12-15T22:01:38.000Z,000004661916000162,0.0015625611522745023,0.7372059854694538,0.00014703047126900936,0.012125612201823436,0.0003604801140078998,0.01694072581252779,239,0.031689218493579585,0.0004410914138070281,0.021002176406435313,0.02473637651514254,0.0005881218850760375,0.02425122440364687,-0.01821139483662017,0.0010292132988830656,0.03208135438043515,-0.05489007215477642,0.001617335183959103,0.040216106026803526
WAT,WAT,2025-02-25,2025-02-25,0,sec_acceptance_time,2025-02-25T15:55:15.000Z,000119312525034579,-0.0001695094165266725,0.8698018883630589,0.00043111687082537876,0.02076335403602652,0.0007668444190557178,0.015599843434919665,239,0.03566558108019486,0.0012933506124761362,0.03596318412593824,0.00015969049908995045,0.001724467483301515,0.04152670807205304,0.02725917601107931,0.0030178180957776512,0.05493467116291542,0.0471302245159865,0.004742285579079166,0.0688642547268114
WAT,WAT,2024-02-27,2024-02-27,0,sec_acceptance_time,2024-02-27T16:52:37.000Z,000119312524047491,-0.0006438867718513442,1.046501439916138,0.00028086150822962774,0.016758923241951666,0.0009823441272558862,0.014011328835414089,239,0.025410386497539156,0.0008425845246888832,0.02902730653520721,0.04575548170240658,0.001123446032918511,0.03351784648390333,0.021684574811862912,0.001966030557607394,0.04433994313942446,0.04687695141269837,0.003089476590525905,0.05558306028392018
WAT,WAT,2023-02-27,2023-02-28,1,sec_acceptance_time,2023-02-27T21:32:19.000Z,000119312523050827,0.0005060224178876968,0.976862945720572,0.0002694527699071967,0.016415016597834942,1.9104781275840076e-05,0.05351859197609565,239,-0.012240502791998363,0.0008083583097215901,0.028431642754536537,0.036210506727345174,0.0010778110796287868,0.032830033195669885,0.0022239589727263177,0.0018861693893503768,0.04343005168486882,-0.042480449376407534,0.0029639804689791634,0.05444245098247473
WAT,WAT,2022-02-24,2022-02-24,0,sec_acceptance_time,2022-02-24T18:04:47.000Z,000119312522051509,0.0002541029394399636,0.9257824596882273,0.00014403191977251523,0.012001329916826519,0.0006929005167370341,0.01703431891690009,239,0.011602169621425955,0.0004320957593175457,0.0207869131743399,0.004841977598200209,0.0005761276790900609,0.024002659833653038,0.010334802176813995,0.0010082234384076066,0.03175253436196246,0.02538075012331229,0.0015843511174976675,0.03980390831938074
WAT,WAT,2021-02-24,2021-02-24,0,sec_acceptance_time,2021-02-24T19:57:56.000Z,000119312521054385,0.0006543836717540681,0.8575563990483958,0.00032749615088251,0.018096854723473634,0.0013310253394570929,0.10930785009715636,239,0.002584228552969822,0.0009824884526475298,0.031344671838249155,-0.014094133921821277,0.00130998460353004,0.03619370944694727,-0.015739674988063307,0.0022924730561775697,0.0478797771107758,-0.0431832957746035,0.0036024576597076096,0.060020477003332864
WAT,WAT,2020-02-25,2020-02-26,1,sec_acceptance_time,2020-02-25T21:02:20.000Z,000119312520048303,-0.0011263009624632987,0.9606669610447869,0.00018842067370519186,0.013726641020482464,0.0008814642044523195,0.013538816672496495,239,0.024186198765779474,0.0005652620211155756,0.02377523966473473,0.012110844370442615,0.0007536826948207674,0.02745328204096493,0.021405727729341725,0.001318944715936343,0.03631727847645447,0.0439207264167586,0.0020726274107571102,0.04552611789684148
WAT,WAT,2019-02-26,2019-02-26,0,sec_acceptance_time,2019-02-26T20:49:47.000Z,000119312519051872,0.0005778660461151365,0.968482834807436,0.00018474340246558542,0.013592034522674868,0.0001263155859521125,0.025857497809496414,239,0.024693966145656984,0.0005542302073967563,0.023542094371503064,0.01882953434202219,0.0007389736098623417,0.027184069045349736,0.034715849955844647,0.001293203817259098,0.03596114315840221,0.01629389419590214,0.00203217742712144,0.04507967864926989
WAT,WAT,2018-02-27,2018-02-28,1,sec_acceptance_time,2018-02-27T21:08:12.000Z,000119312518060830,0.0006013414825211885,1.0395486512606538,9.189162853583909e-05,0.009586012128921968,0.0005990124368650822,0.009096224910883863,239,-0.013182941357335238,0.0002756748856075173,0.01660346004926435,-0.016372403713719196,0.00036756651414335636,0.019172024257843936,-0.025610147705892046,0.0006432413997508736,0.025362204157976364,0.00756966092568658,0.00101080791389423,0.03179320546743014
WAT,WAT,2017-02-24,2017-02-24,0,sec_acceptance_time,2017-02-24T20:49:17.000Z,000119312517056239,9.188045089530668e-05,1.1159931752977277,0.00015449666623385498,0.012429668790191273,0.0006909421270752348,0.00999984777119279,239,0.008391862879925452,0.00046348999870156495,0.021528817865864466,-0.009391240489490823,0.0006179866649354199,0.024859337580382546,-0.01205175265326974,0.0010814766636369848,0.032885812497747184,-0.007250329603965188,0.0016994633285724048,0.04122454764545519
P,P,2025-03-27,2025-03-27,0,sec_acceptance_time,2025-03-27T01:25:43.000Z,000162828025015044,-0.000526568486855008,2.1774827502484744,0.0007093432275671493,0.02663349822248571,0.0004471155921176609,0.018294795462902032,239,-0.061750606131660904,0.002128029682701448,0.046130572104640624,-0.0741338953855625,0.0028373729102685974,0.05326699644497142,-0.09857524605809354,0.004965402592970045,0.070465612840378,-0.10834832952087604,0.007802775503238643,0.08833332045858258
P,P,2024-04-01,2024-04-01,0,sec_acceptance_time,2024-03-30T01:12:45.000Z,000162828024013860,0.0016207191991675384,1.7127564118653869,0.0007916950077122171,0.028137075322645335,0.0010457442383869356,0.012818075070693036,239,-0.007920436362682366,0.0023750850231366513,0.048734844035214185,0.041296078339068315,0.0031667800308488683,0.05627415064529067,0.011481154500312795,0.005541865053985519,0.07444370392441203,0.01302073801411464,0.008708645084834387,0.09332012154318267
P,P,2023-04-03,2023-04-03,0,sec_acceptance_time,2023-04-01T00:36:51.000Z,000162828023010275,-0.0003135042859744334,1.121255242493939,0.0004996388415894483,0.022352602568592506,-0.0003306837357873027,0.05271062699765311,239,0.024474676708441605,0.0014989165247683448,0.03871584333019681,0.0068792494936498905,0.001998555366357793,0.04470520513718501,0.036690218491120835,0.0034974718911261376,0.059139427551559355,0.06319284024956691,0.0054960272574839306,0.07413519580795569
P,P,2022-04-07,2022-04-07,0,sec_acceptance_time,2022-04-07T01:00:34.000Z,000162828022008643,0.0020106721451481537,1.5146745813225657,0.0005224993797059431,0.022858245333050895,0.0004933337240239322,0.021515932366992244,239,-0.06660456727821114,0.0015674981391178293,0.03959164228871832,-0.040077311954842924,0.0020899975188237723,0.04571649066610179,-0.10252900851523265,0.0036574956579416016,0.060477232558555465,-0.1065343801049047,0.005747493176765373,0.07581222313562222
P,P,2021-03-25,2021-03-25,0,sec_acceptance_time,2021-03-25T01:57:00.000Z,000162828021005538,0.0008508476580360116,1.5045214863227012,0.0006812825082073259,0.026101389009156695,0.002046808294401654,0.041344014659624555,239,-0.042504915114083316,0.0020438475246219775,0.04520893191197927,-0.028765326482947877,0.0027251300328293036,0.05220277801831339,-0.08448472572043979,0.004768977557451281,0.06905778419158322,-0.10404426811622222,0.007494107590280585,0.08656851385047906
P,P,2020-03-27,2020-03-27,0,sec_acceptance_time,2020-03-26T23:46:12.000Z,000162828020004133,-0.0019186788383482335,1.2588400039481848,0.0009010670755033557,0.03001777932331697,-0.0006152921243157345,0.07182217615826736,239,-0.07348398005907456,0.0027032012265100673,0.0519923189183755,-0.12623831327462137,0.003604268302013423,0.06003555864663394,-0.057390847128816584,0.00630746952852349,0.07941957899991343,0.042573178973776285,0.009911737830536912,0.0995577110551308
P,P,2019-03-26,2019-03-27,1,sec_acceptance_time,2019-03-26T20:57:46.000Z,000162828019003437,0.00010332080438044079,1.8754412018216846,0.00048454508273302,0.0220123847579725,0.000305952344039701,0.02264299663538351,239,0.031192247094952566,0.00145363524819906,0.038126568796563114,0.03153688915854448,0.00193818033093208,0.044024769515945,0.0365821843444426,0.00339181557913114,0.05823929583306395,0.08182939516317855,0.00532999591006322,0.07300682098313294
P,P,2018-03-26,2018-03-27,1,sec_acceptance_time,2018-03-26T21:24:53.000Z,000162828018003579,0.0023458338217855097,1.342183500598497,0.0006534173149542406,0.025562028772267677,0.0006177302427766286,0.01039493097367698,239,-0.0003288467143334299,0.001960251944862722,0.04427473257810511,0.01954553181905696,0.0026136692598169625,0.051124057544535355,0.014077459479880667,0.0045739212046796845,0.067630771137698,-0.005485731930189376,0.007187590464496647,0.08477965831788098
P,P,2017-03-29,2017-03-29,0,sec_acceptance_time,2017-03-29T01:45:29.000Z,000162828017003034,-0.0018553116778346136,1.4919429191524438,0.0007055594247788911,0.026562368583748157,0.0005857845831820507,0.009506136014585831,239,-0.027424914238270624,0.0021166782743366735,0.046007371956423175,0.05312444192771197,0.0028222376991155645,0.053124737167496314,0.010758999433432462,0.0049389159734522375,0.07027742150543258,0.015717423223448577,0.0077611536725678025,0.0880974101354166
MSCI,MSCI,2025-02-07,2025-02-10,1,sec_acceptance_time,2025-02-07T21:02:25.000Z,000140819825000053,-0.00013399443797705064,0.6270435300443652,0.00025339147982332414,0.015918275026626603,0.000819763763777741,0.015787093171727627,239,-0.01537131032812028,0.0007601744394699724,0.027571261114972098,-0.020912794673529304,0.0010135659192932966,0.031836550053253206,-0.027895456541119037,0.0017737403587632689,0.042115797021584064,-0.045295382203472706,0.0027873062780565654,0.05279494557300505
MSCI,MSCI,2024-02-09,2024-02-12,1,sec_acceptance_time,2024-02-09T21:39:39.000Z,000140819824000030,-0.0004781187921882379,1.2770351945462333,0.00023311026223357445,0.015267948854825734,0.0009319987199840138,0.014317566323551856,239,-0.003873854996735016,0.0006993307867007234,0.026444863143921228,-0.02451749890351045,0.0009324410489342978,0.03053589770965147,-0.023708151183771984,0.0016317718356350212,0.0403951956999223,-0.059101372308776004,0.002564212884569319,0.05063805766979337
MSCI,MSCI,2023-02-10,2023-02-13,1,sec_acceptance_time,2023-02-10T21:28:55.000Z,000140819823000011,0.0007734882111972115,1.3685192638321066,0.00020276782036517157,0.014239656609805293,-5.076399356620536e-05,0.05544286735796097,239,-0.009127709609672215,0.0006083034610955147,0.024663808730516757,0.0063392812661230875,0.0008110712814606863,0.028479313219610586,0.0083973941542075,0.001419374742556201,0.03767459014450192,-0.03625552826192352,0.002230446024016887,0.04722759811822836
MSCI,MSCI,2022-02-11,2022-02-14,1,sec_acceptance_time,2022-02-11T21:30:54.000Z,000156459022004803,0.0004872979996669688,1.3789626381524125,0.00015266107401457722,0.012355609010266439,0.0007119605675141037,0.017194954645892633,239,0.011092759470746175,0.0004579832220437316,0.021400542564237283,0.006823855365292098,0.0006106442960583089,0.024711218020532878,0.015510114743167647,0.0010686275181020406,0.0326898687379139,-0.0037869497505426033,0.0016792718141603494,0.04097891914338822
MSCI,MSCI,2021-02-12,2021-02-16,1,sec_acceptance_time,2021-02-12T21:54:12.000Z,000156459021005811,0.0006706618681650721,1.1530829060409375,0.0004952355130813957,0.022253887594786574,0.0011723032025941769,0.11718111439275791,239,0.022628941288433072,0.0014857065392441873,0.038544863980097106,0.003365742052301288,0.001980942052325583,0.04450777518957315,0.034133159121487115,0.0034666485915697703,0.058878252280190606,-0.037051946161822474,0.005447590643895353,0.07380779527865165
MSCI,MSCI,2020-02-18,2020-02-18,0,sec_acceptance_time,2020-02-18T18:24:25.000Z,000156459020004992,0.0011748695595994957,1.4281789595951697,0.00015793387656823441,0.012567174565837558,0.0007627915809345757,0.013653035615859323,239,0.04991119514064586,0.00047380162970470324,0.021766984855617996,-0.025974171924470726,0.0006317355062729377,0.025134349131675116,0.02231898277595712,0.0011055371359776408,0.03324961858394229,0.0864761504734341,0.0017372726422505784,0.041680602709780704
MSCI,MSCI,2019-02-22,2019-02-22,0,sec_acceptance_time,2019-02-22T20:26:15.000Z,000156459019003885,0.0008310186293598264,1.1663372893266735,0.0001162116438862437,0.010780150457495651,0.00014909288338068452,0.025859289270915124,239,0.007762193910583617,0.0003486349316587311,0.018671768305619344,0.026306554530640965,0.0004648465755449748,0.021560300914991302,0.022024659849475568,0.0008134815072037059,0.028521597206392666,0.05783991000241416,0.0012783280827486808,0.03575371425109118
MSCI,MSCI,2018-02-26,2018-02-26,0,sec_acceptance_time,2018-02-26T15:45:53.000Z,000156459018003147,0.0012274735508810532,1.2182939591072397,0.00011289469862513931,0.010625191698277227,0.0006156802204659906,0.009062982222190288,239,-0.02208528492651235,0.00033868409587541797,0.018403371861575202,0.009870451795711655,0.00045157879450055725,0.021250383396554454,-0.003442817507477363,0.0007902628903759752,0.028111614866029578,-0.024468562785434685,0.0012418416848765325,0.03523977418878464
MSCI,MSCI,2017-02-24,2017-02-24,0,sec_acceptance_time,2017-02-24T17:14:24.000Z,000156459017002336,0.0005708901133177855,1.1861952854462074,9.319946531385651e-05,0.009653987016453695,0.0006909421270752348,0.00999984777119279,239,0.0009180058832842695,0.0002795983959415695,0.016721196008108077,-0.008940845375165648,0.00037279786125542604,0.01930797403290739,-0.009418185276081065,0.0006523962571969955,0.025542048805782896,-0.014128308916456299,0.0010251941184524216,0.03201865266453949
MSCI,MSCI,2016-02-26,2016-02-29,1,sec_acceptance_time,2016-02-26T22:06:29.000Z,000119312516482334,0.0014981785609395968,1.0176917003148542,9.892438238865244e-05,0.009946073717233973,-0.0002112626883045505,0.026597520462540564,239,-0.03273089292782815,0.00029677314716595733,0.01722710501407469,-0.062437791407057186,0.0003956975295546098,0.019892147434467947,-0.0848088342126927,0.0006924706767205671,0.026314837577316855,-0.08210990432915033,0.0010881682062751769,0.03298739465728048
IDXX,IDXX,2025-02-21,2025-02-21,0,sec_acceptance_time,2025-02-21T13:28:50.000Z,000087471625000037,-0.0014990727603816233,0.9262584604248241,0.0002601488353561545,0.016129130024776738,0.0007520336180650597,0.015562056386715189,239,0.05691993621531016,0.0007804465060684636,0.02793647268479798,0.041813105305985226,0.001040595341424618,0.032258260049553476,0.0644933291994427,0.0018210418474930816,0.04267366690938431,-0.012489119929851675,0.0028616371889176994,0.05349427248704014
IDXX,IDXX,2024-02-22,2024-02-23,1,sec_acceptance_time,2024-02-22T21:17:19.000Z,000087471624000057,-0.0005522682106284051,1.4289888804334767,0.00023766529682000523,0.015416397011623865,0.0009168314360712593,0.014219491605563607,239,0.0037771462010196613,0.0007129958904600157,0.02670198289378554,0.007860744620171316,0.0009506611872800209,0.03083279402324773,0.014586684277795796,0.0016636570777400367,0.040787952605396076,-0.003123927266416268,0.0026143182650200576,0.051130404506712614
IDXX,IDXX,2023-02-16,2023-02-17,1,sec_acceptance_time,2023-02-16T22:08:02.000Z,000087471623000006,0.00020570183309328143,1.2687685964182351,0.00035396419488963006,0.01881393618809286,-0.000174836296957105,0.054771115311742655,239,-0.026568690056875885,0.0010618925846688902,0.032586693368135564,-0.032725376989715144,0.0014158567795585202,0.03762787237618572,0.0008285383426042798,0.0024777493642274104,0.04977699633593223,-0.008626196014431204,0.0038936061437859306,0.06239876716559335
IDXX,IDXX,2022-02-16,2022-02-16,0,sec_acceptance_time,2022-02-16T19:57:07.000Z,000087471622000007,-0.0007753328076085658,1.2417618731685724,0.00022093676249739533,0.01486394168776894,0.0006519561542087599,0.016710232646125214,239,-0.01594757597959347,0.000662810287492186,0.025745102203956892,0.005776855018744446,0.0008837470499895813,0.02972788337553788,-0.012261173024966012,0.0015465573374817674,0.039326293208002294,0.05395963485618446,0.0024303043874713487,0.049298117484051544
IDXX,IDXX,2021-02-12,2021-02-12,0,sec_acceptance_time,2021-02-12T20:22:33.000Z,000087471621000008,0.0021612060356721524,0.8226459683467809,0.00038313864881825026,0.019573927782084267,0.0011401858981174102,0.11719795204236036,239,0.03049489545148535,0.0011494159464547507,0.03390303742225394,0.03574247151377732,0.001532554595273001,0.039147855564168534,0.09367628002854145,0.0026819705417277517,0.05178774509213306,0.06027664477603385,0.004214525137000753,0.06491937412668697
IDXX,IDXX,2020-02-14,2020-02-18,1,sec_acceptance_time,2020-02-14T22:08:09.000Z,000087471620000006,0.0004682292702552586,1.1199692429198196,0.00017069983893950745,0.013065214844751212,0.0007627915809345757,0.013653035615859323,239,0.015303072683148542,0.0005120995168185223,0.02262961592291222,-0.024718025379808252,0.0006827993557580298,0.026130429689502424,-0.01461857566879369,0.001194898872576552,0.03456730930484107,-0.015690798918208487,0.0018776982283345818,0.04333241544542125
IDXX,IDXX,2019-02-15,2019-02-15,0,sec_acceptance_time,2019-02-15T20:13:08.000Z,000087471619000004,0.0007044645530048609,1.3619920817105167,0.00016770390359570304,0.012950054192770896,-5.7413382220626095e-05,0.026175393916646132,239,-0.010673336152875159,0.0005031117107871092,0.022430151822649555,-0.02141642694669484,0.0006708156143828122,0.02590010838554179,-0.03990274430158596,0.0011739273251699213,0.0342626228588811,-0.035930907246985666,0.0018447429395527335,0.04295047077218984
IDXX,IDXX,2018-02-16,2018-02-16,0,sec_acceptance_time,2018-02-16T19:51:54.000Z,000087471618000005,0.0003202421696702014,1.116280403834353,0.0001580940148066524,0.01257354424204458,0.00038635830031490164,0.008609877103938476,239,0.01896868257092088,0.0004742820444199572,0.02177801745843632,0.0230982443272252,0.0006323760592266097,0.02514708848408916,0.02693114683225736,0.001106658103646567,0.03326647116311808,0.008602571493509403,0.0017390341628731765,0.04170172853579545
IDXX,IDXX,2017-02-17,2017-02-21,1,sec_acceptance_time,2017-02-17T21:43:46.000Z,000087471617000004,0.002097226106081541,1.02994748846713,0.0002569325278770439,0.01602911500604584,0.0006635118257761268,0.009964179943384468,239,-0.011020661322864979,0.0007707975836311317,0.027763241590836107,-0.009638530829139284,0.0010277301115081757,0.03205823001209168,-0.01746811520962268,0.0017985276951393075,0.042409052042450886,-0.02229669427607247,0.002826257806647483,0.053162560196509376
IDXX,IDXX,2016-02-17,2016-02-17,0,sec_acceptance_time,2016-02-16T23:24:34.000Z,000087471616000020,0.00011013410720808102,0.8141832158745329,0.0004045459554121584,0.02011332780551638,-0.0004891826475165881,0.026043759882598105,239,0.017549546343832895,0.0012136378662364752,0.0348373056684422,0.00732164412816491,0.0016181838216486335,0.04022665561103276,-0.0150278422435695,0.0028318216878851087,0.05321486341131685,0.0021098866499836416,0.004450005509533742,0.0667083616163202
CMG,CMG,2025-02-05,2025-02-06,1,sec_acceptance_time,2025-02-05T21:24:21.000Z,000105809025000014,-4.416514116235186e-05,0.8078679823424048,0.00031007923306429746,0.017609066785729943,0.0008230658231765925,0.01578945649810901,239,-0.02808363947222901,0.0009302376991928924,0.030499798346757843,-0.02376766009539997,0.0012403169322571898,0.035218133571459885,-0.04058691891837246,0.002170554631450082,0.046589211534968936,-0.01089034893135027,0.003410871563707272,0.05840266743657581
CMG,CMG,2024-02-08,2024-02-08,0,sec_acceptance_time,2024-02-07T23:24:05.000Z,000156276224000023,0.0013049981538116938,0.6372600103948367,0.0002164437950255906,0.014712028922809749,0.0007395854381020919,0.014533497059436587,239,0.048243649545508624,0.0006493313850767719,0.025481981576729307,-0.02544534523661819,0.0008657751801023624,0.029424057845619498,0.040230368207710726,0.0015151065651791342,0.03892436981094407,0.04797853214988478,0.0023808817452814967,0.04879427984181647
CMG,CMG,2023-02-09,2023-02-09,0,sec_acceptance_time,2023-02-09T01:00:47.000Z,000105809023000010,0.0008460198608255917,1.188461731812704,0.0002810705768046387,0.016765159611666053,-0.00014136595680459528,0.05526965067260038,239,-0.06403452189146576,0.000843211730413916,0.029038108244407314,-0.0038049985310015695,0.0011242823072185547,0.033530319223332106,-0.033174630416669154,0.0019674940376324707,0.044356443022772585,-0.018221905548605023,0.0030917763448510254,0.055603743982316746
CMG,CMG,2022-02-11,2022-02-11,0,sec_acceptance_time,2022-02-11T20:36:45.000Z,000105809022000011,-0.0005702233577977049,1.2354085632494587,0.00021448870330783622,0.014645432848087359,0.0005879616663025995,0.01780609689206645,239,0.024275439504896683,0.0006434661099235086,0.025366633791725473,0.008336458990453014,0.0008579548132313449,0.029290865696174718,0.09171834791710784,0.0015014209231548536,0.038748173158935556,0.0988176146676418,0.0023593757363861985,0.048573405649451826
CMG,CMG,2021-02-10,2021-02-10,0,sec_acceptance_time,2021-02-10T02:59:51.000Z,000105809021000010,0.0019183235938892457,0.8606350474483442,0.000677465862954906,0.026028174406878903,0.0008236347954075646,0.11926775538379056,239,0.02021702002385233,0.0020323975888647183,0.04508212050097819,-0.05572649354504183,0.002709863451819624,0.052056348813757806,-0.02277406977542327,0.004742261040684342,0.0688640765616177,-0.08404271415246112,0.0074521244925039665,0.08632568848554853
CMG,CMG,2020-02-05,2020-02-05,0,sec_acceptance_time,2020-02-05T02:00:06.000Z,000105809020000010,0.0011003608885881509,0.7410024187086611,0.00018257083031838266,0.013511877379490337,0.0007668272336067018,0.013063368955947282,239,-0.03635684511399613,0.000547712490955148,0.023403258126917882,-0.009103605782578482,0.0007302833212735306,0.027023754758980674,-0.009927442838967113,0.0012779958122286787,0.035749067291730545,-0.008554402332315879,0.0020082791335022093,0.04481382748106001
CMG,CMG,2019-02-08,2019-02-08,0,sec_acceptance_time,2019-02-08T02:44:15.000Z,000105809019000007,0.002589788879080389,0.8013501322807342,0.0005600230276094331,0.02366480567444899,1.2123694024420262e-05,0.026475165738477413,239,0.14233480729315395,0.001680069082828299,0.04098864577938992,-6.652717938611039e-05,0.0022400921104377323,0.04732961134889798,0.1076691129559692,0.003920161193266032,0.06261119063926218,0.09181930924823145,0.006160253303703764,0.07848728115882066
CMG,CMG,2018-02-08,2018-02-09,1,sec_acceptance_time,2018-02-08T22:17:44.000Z,000105809018000018,-0.001867506278227151,0.9881744653437398,0.00037321638603060695,0.019318809125580358,0.0007485115127069521,0.00465562626230466,239,-0.05220476120150257,0.0011196491580918208,0.03346115894723046,0.060762369246286405,0.0014928655441224278,0.038637618251160716,-0.02373477212271141,0.002612514702214249,0.05111276457221081,0.041685773039861235,0.004105380246336676,0.06407324126604394
CMG,CMG,2017-02-07,2017-02-07,0,sec_acceptance_time,2017-02-07T00:05:02.000Z,000105809017000009,-0.001044208924533474,0.48406846193844816,0.00038806663937460454,0.019699407081803365,0.0007487291794943742,0.010999079707128125,239,0.0011971198903058637,0.0011641999181238136,0.03412037394466558,0.043721399140055184,0.0015522665574984182,0.03939881416360673,-0.015025055011606277,0.0027164664756222315,0.05211973211387633,0.005364163803634189,0.00426873303312065,0.06533554188281177
CMG,CMG,2016-02-05,2016-02-05,0,sec_acceptance_time,2016-02-05T01:00:11.000Z,000105809016000058,-0.0012587200798700445,0.49834103358252785,0.0003561955462127271,0.018873143516985373,-0.00038246144513475963,0.024581511347109744,239,-0.01663618841857288,0.0010685866386381812,0.032689243469957836,-0.025304449367612145,0.0014247821848509083,0.037746287033970746,-0.018472570668105693,0.0024933688234890896,0.04993364420397423,0.08362909128402843,0.003918151008339998,0.06259513566036899
LYV,LYV,2025-02-21,2025-02-21,0,sec_acceptance_time,2025-02-20T22:39:17.000Z,000133525825000028,0.001180579157918426,1.021899269613636,0.00019531110053926337,0.013975374790654574,0.0007520336180650597,0.015562056386715189,239,0.030387621925820164,0.0005859333016177901,0.024206059192230983,-0.04342463896718289,0.0007812444021570535,0.027950749581309147,-0.05679766556071405,0.0013671777037748435,0.03697536617499336,-0.03646539261342031,0.002148422105931897,0.046351074485192864
LYV,LYV,2024-02-22,2024-02-23,1,sec_acceptance_time,2024-02-22T21:34:57.000Z,000133525824000017,-0.00013086957300838817,1.2508302456068665,0.00024792625044378093,0.01574567402316525,0.0009168314360712593,0.014219491605563607,239,-0.010089803928415218,0.0007437787513313428,0.027272307407539664,0.014067164617397826,0.0009917050017751237,0.0314913480463305,-0.0030241480991944365,0.0017354837531064664,0.04165913769038512,0.05343134668387109,0.00272718875488159,0.05222249280608491
LYV,LYV,2023-02-23,2023-02-24,1,sec_acceptance_time,2023-02-23T21:46:35.000Z,000133525823000014,-0.001114539622945187,1.1200276532990432,0.0004312894782187325,0.02076751015935065,-6.53963254906473e-05,0.05424351801629333,239,-0.036799855337186244,0.0012938684346561974,0.035970382742698155,-0.032433516217319616,0.00172515791287493,0.0415350203187013,-0.009276546058895534,0.0030190263475311273,0.05494566723164919,-0.032460351469944235,0.004744184260406057,0.06887803902845999
LYV,LYV,2022-02-23,2022-02-24,1,sec_acceptance_time,2022-02-23T21:33:45.000Z,000133525822000019,0.0006213796896907188,1.319784188682838,0.0005156116154991805,0.02270708293681028,0.0006929005167370341,0.01703431891690009,239,0.052163998250198004,0.0015468348464975415,0.03932982133823572,0.006555481696726376,0.002062446461996722,0.04541416587362056,0.025573300012063444,0.0036092813084942638,0.06007729445051819,0.0023312813148531827,0.005671727770490986,0.07531087418488107
LYV,LYV,2021-03-01,2021-03-02,1,sec_acceptance_time,2021-03-01T21:51:51.000Z,000133525821000009,0.002064454551595506,1.235718382928924,0.0013425454148092934,0.03664076165705748,0.001658103643173509,0.09826667566216563,239,0.023922220241727188,0.00402763624442788,0.06346366081804515,-0.02251127049076381,0.0053701816592371734,0.07328152331411496,0.005696617047726844,0.009397817903665054,0.096942343192565,-0.039083643085612865,0.014767999562902227,0.12152365844930042
LYV,LYV,2020-02-27,2020-02-28,1,sec_acceptance_time,2020-02-27T21:32:47.000Z,000133525820000028,7.068143660907979e-05,1.0543777021247676,0.00020146700515398424,0.014193907325116092,0.0008327441755758372,0.013375842794252137,239,-0.036988427389033005,0.0006044010154619528,0.02458456864502513,-0.017490968014179258,0.000805868020615937,0.028387814650232185,-0.09723168109046337,0.0014102690360778896,0.037553548914555195,-0.2131604199433152,0.0022161370566938267,0.04707586490648713
LYV,LYV,2019-02-28,2019-03-01,1,sec_acceptance_time,2019-02-28T21:48:26.000Z,000133525819000024,0.001060428345296981,1.2536735761323943,0.0002453939501027303,0.01566505506223104,3.590295950089521e-05,0.025556666251849776,239,0.07492892450291588,0.000736181850308191,0.0271326712711482,0.0790033651027365,0.0009815758004109213,0.03133011012446208,0.07736583170430117,0.0017177576507191122,0.04144583996879678,0.09024137008572207,0.0026993334511300334,0.05195510996167781
LYV,LYV,2018-02-27,2018-02-28,1,sec_acceptance_time,2018-02-27T21:35:53.000Z,000133525818000023,0.0017911109455306165,0.6848955239666735,0.000190972654372485,0.013819285595590135,0.0005990124368650822,0.009096224910883863,239,-0.11950384775449051,0.000572917963117455,0.023935704775866845,-0.07778437951209659,0.00076389061748994,0.02763857119118027,-0.09494383422736626,0.001336808580607395,0.03656239298250861,-0.08306135479089519,0.0021006991980973347,0.04583338519133553
LYV,LYV,2017-02-23,2017-02-24,1,sec_acceptance_time,2017-02-23T21:34:33.000Z,000133525817000031,0.0003509795489410533,1.1934014540699458,0.00012696417019026707,0.011267837866701273,0.0006909421270752348,0.00999984777119279,239,-0.0635932841729169,0.0003808925105708012,0.019516467676575115,-0.048626540335704536,0.0005078566807610683,0.022535675733402545,-0.05287951889339324,0.0008887491913318695,0.02981189680868813,-0.0456193385457635,0.0013966058720929378,0.03737119040240674
LYV,LYV,2016-02-25,2016-02-26,1,sec_acceptance_time,2016-02-25T21:37:03.000Z,000133525816000167,-0.0007032031638214921,0.9911399974440736,0.0001281847798266245,0.011321871745724047,-0.0002821216721660715,0.026876850892357123,239,0.052188776691201665,0.00038455433947987347,0.019610057100372592,0.06110127135081159,0.000512739119306498,0.022643743491448095,0.06576392812650228,0.0008972934587863715,0.029954857014954546,0.10077254263383584,0.0014100325780928694,0.03755040050509274
NTAP,NTAP,2025-06-09,2025-06-10,1,sec_acceptance_time,2025-06-09T20:05:47.000Z,000095017025083705,-0.0011736187454894432,1.2613394165719123,0.0003238487740445252,0.01799579878873192,0.00041950974808337214,0.038434108407541925,239,-0.03528396081988951,0.0009715463221335757,0.031169637824870144,-0.014279096804453469,0.0012953950961781008,0.03599159757746384,-0.02438304550466825,0.0022669414183116763,0.04761240823894204,0.04938582610237265,0.0035623365144897773,0.05968531238495596
NTAP,NTAP,2024-06-10,2024-06-11,1,sec_acceptance_time,2024-06-10T20:27:03.000Z,000095017024071327,0.001565908359815434,0.9254375972531145,0.00030802347568285946,0.017550597587628163,0.0008244462757640499,0.012349083529713062,239,0.021389466047296458,0.0009240704270485784,0.030398526724967748,0.008063902546591041,0.0012320939027314379,0.035101195175256325,0.007652264379002252,0.002156164329780016,0.04643451657743425,0.027491960142681002,0.003388258232511454,0.05820874704467924
NTAP,NTAP,2023-06-14,2023-06-15,1,sec_acceptance_time,2023-06-14T20:11:35.000Z,000095017023027948,0.00011167488327984583,1.0377224250660324,0.00020831752080982682,0.014433208957464269,0.0004417239584072132,0.03711067632871051,239,0.005078996669143667,0.0006249525624294804,0.02499905123058634,-0.0075505071409308466,0.0008332700832393073,0.028866417914928538,0.02523661300019285,0.0014582226456687877,0.03818668152208028,0.011169767533881015,0.002291492728908095,0.04786953863270561
NTAP,NTAP,2022-06-16,2022-06-16,0,sec_acceptance_time,2022-06-16T01:05:56.000Z,000095017022011708,-0.0003065480751603025,1.0059336038760893,0.00020263963142242003,0.014235154773391824,-0.00010501810743522816,0.032888680797107585,239,0.008708306475186983,0.0006079188942672601,0.024656011321121267,-0.002169907356671265,0.0008105585256896801,0.02847030954678365,0.006771274998550944,0.0014184774199569401,0.037662679404908785,0.0063012529298414185,0.0022290359456466203,0.047212667215977326
NTAP,NTAP,2021-06-21,2021-06-22,1,sec_acceptance_time,2021-06-21T20:40:13.000Z,000156459021033645,0.001469434941418817,1.2233368926546928,0.0003918525651539176,0.019795266230943135,0.0013516486140972715,0.022361618636495335,239,0.004527680704588748,0.0011755576954617527,0.03428640686134598,0.015498407567534782,0.0015674102606156703,0.03959053246188627,-0.029179957030035675,0.002742967956077423,0.05237335158339041,-0.02497182633293251,0.004310378216693093,0.06565347071323109
NTAP,NTAP,2020-06-15,2020-06-16,1,sec_acceptance_time,2020-06-15T20:08:13.000Z,000156459020029349,-0.000876306379640315,1.0576799074845629,0.0005943628432764562,0.024379557897477474,0.0006587135305254447,0.10632516417016394,239,-0.0049207054632735316,0.0017830885298293687,0.042226632944498056,0.017778790261441448,0.002377451373105825,0.04875911579495495,-0.004017623521409143,0.004160539902935193,0.06450224727042611,-0.09374996399811804,0.006537991276041018,0.08085784610067856
NTAP,NTAP,2019-06-18,2019-06-19,1,sec_acceptance_time,2019-06-18T20:43:53.000Z,000156459019022779,-0.0009973856785256668,1.50694694376646,0.0003062497472260333,0.017499992777885175,0.0003273750418463504,0.023137170141090055,239,0.011144323781340714,0.0009187492416780999,0.030310876623385538,-0.013214135331195174,0.0012249989889041332,0.03499998555577035,-0.03481693553892116,0.002143748230582233,0.04630062883571057,-0.02716478094873337,0.003368747219486366,0.05804090987817443
NTAP,NTAP,2018-06-19,2018-06-20,1,sec_acceptance_time,2018-06-19T20:30:25.000Z,000156459018015820,0.002110151810340717,1.3115968905954176,0.00024398608034772095,0.015620053788246728,0.000622609677111048,0.01489096110698573,239,-0.0005924795761558096,0.0007319582410431629,0.027054726778202046,0.0009953994641288873,0.0009759443213908838,0.031240107576493457,0.00911505683377127,0.0017079025624340467,0.0413267777891532,0.02104673214060354,0.0026838468838249305,0.05180585762078387
NTAP,NTAP,2017-06-20,2017-06-21,1,sec_acceptance_time,2017-06-20T20:07:09.000Z,000156459017012758,0.001172813158602177,1.5567414646281785,0.00025819815281668976,0.016068545448069956,0.0006441189878785669,0.00629847581802421,239,0.02645587096353231,0.0007745944584500693,0.027831537119786778,0.046068647306245845,0.001032792611266759,0.03213709089613991,0.04722281236992128,0.0018073870697168284,0.04251337518613205,0.024489240863630003,0.002840179680983587,0.05329333617802123
NTAP,NTAP,2016-06-22,2016-06-23,1,sec_acceptance_time,2016-06-22T20:07:00.000Z,000156459016020754,-0.000829155891949657,1.0115588101600979,0.00021360538365313632,0.014615244905684485,6.162075927960812e-05,0.026776658796316428,239,0.004828100465892202,0.0006408161509594089,0.025314346741707735,-0.052164298884732674,0.0008544215346125453,0.02923048981136897,-0.043263175108459506,0.0014952376855719542,0.038668303370744804,0.007359583584035503,0.0023496592201844996,0.04847328357130863
TTWO,TTWO,2025-05-20,2025-05-20,0,sec_acceptance_time,2025-05-20T10:32:02.000Z,000162828025026694,0.0014107334789348399,0.6326211049881494,0.00030715251101370736,0.017525767059210485,0.0004831486733525962,0.03794703401556764,239,0.00968708283932556,0.0009214575330411221,0.03035551898816955,-0.02939451195602924,0.0012286100440548294,0.03505153411842097,-0.018024834434735237,0.0021500675770959516,0.04636882117431876,-0.00915574780522703,0.003378677621150781,0.05812639349857155
TTWO,TTWO,2024-05-22,2024-05-22,0,sec_acceptance_time,2024-05-22T01:04:08.000Z,000162828024024623,-0.00058173295242841,0.9692198218689578,0.0001658953508729052,0.012880036912715165,0.0009366911223804717,0.012507533839097478,239,0.018613676623546845,0.0004976860526187156,0.02230887833618525,0.040214954399143646,0.0006635814034916208,0.02576007382543033,0.0737103924193891,0.0011612674561103362,0.03407737454837647,0.10670653588013823,0.0018248488596019571,0.042718249725403744
TTWO,TTWO,2023-05-26,2023-05-26,0,sec_acceptance_time,2023-05-26T00:05:25.000Z,000162828023019851,0.0005335400944433566,0.944968479755039,0.0004297413328376585,0.020730203395954862,0.00016565939498543902,0.042391248284618085,239,-0.004251987267001255,0.0012892239985129756,0.0359057655330307,-0.01159533744685988,0.001718965331350634,0.041460406791909724,-0.007667984525953723,0.0030081893298636096,0.054846962813483204,-0.04381537585860972,0.004727154661214244,0.0687543064921336
TTWO,TTWO,2022-05-17,2022-05-17,0,sec_acceptance_time,2022-05-17T00:16:44.000Z,000162828022014580,-0.0019712365795895477,0.7647521559600733,0.00045531113920424445,0.021338020976750503,-0.00015512359446229424,0.028128529186637646,239,0.1435843058504298,0.0013659334176127334,0.03695853646470235,0.08811852893843772,0.0018212445568169778,0.042676041953501005,0.12547456024990752,0.003187177974429711,0.05645509697476138,0.18516022625720607,0.005008422531246689,0.07077020934861426
TTWO,TTWO,2021-05-19,2021-05-19,0,sec_acceptance_time,2021-05-18T23:20:44.000Z,000162828021010627,0.00015158293866836736,0.6834813846395522,0.0003478502808874494,0.01865074478103889,0.0013590445181928983,0.028325660159025136,239,0.09849559754289668,0.0010435508426623482,0.032304037559759434,0.08912457227753794,0.0013914011235497976,0.03730148956207778,0.11635466332130597,0.0024349519662121458,0.04934523245676471,0.09432637841879601,0.0038263530897619433,0.06185752249938518
TTWO,TTWO,2020-05-22,2020-05-26,1,sec_acceptance_time,2020-05-22T20:30:38.000Z,000162828020008291,0.0008324935724229449,0.656042725549282,0.0003945436135894066,0.019863121949718947,0.0002746646241549385,0.10393914541640466,239,-0.04523852968184039,0.00118363084076822,0.0344039364138498,-0.05077134032139092,0.0015781744543576265,0.039726243899437894,-0.07041652871082783,0.0027618052951258465,0.052552880940304754,-0.03483867087206945,0.0043399797494834726,0.06587852267229034
TTWO,TTWO,2019-05-14,2019-05-14,0,sec_acceptance_time,2019-05-13T23:04:16.000Z,000162828019006691,-0.0005633073374426798,1.3571681048861366,0.0005679274935595049,0.0238312293757478,0.0003533668331111078,0.02171825391790748,239,0.05638670493958406,0.0017037824806785146,0.041276900085623125,0.04502483365421687,0.0022717099742380195,0.0476624587514956,0.06130066575569262,0.003975492454916534,0.06305150636516572,0.06065702528046685,0.006247202429154553,0.079039246132251
TTWO,TTWO,2018-05-17,2018-05-17,0,sec_acceptance_time,2018-05-16T22:45:03.000Z,000162828018006877,0.0012134330003194483,1.5131743218296223,0.00035893082220896924,0.018945469701460802,0.0004926613665407251,0.014557033297927556,239,0.016079592523067225,0.0010767924666269077,0.03281451609618688,-0.004057956140657376,0.001435723288835877,0.037890939402921604,-0.03103828951597228,0.0025125157554627847,0.05012500130137439,-0.06392931749901469,0.003948239044298661,0.062835014476792
TTWO,TTWO,2017-05-24,2017-05-24,0,sec_acceptance_time,2017-05-24T00:18:26.000Z,000162828017005833,0.0019267651106808325,1.200097567874263,0.00020660372405997303,0.01437371643173654,0.0005798363108768304,0.008611621831030815,239,0.11616380146820976,0.000619811172179919,0.024896007153355316,0.03105308659040006,0.0008264148962398921,0.02874743286347308,0.07038382431506784,0.0014462260684198112,0.0380292790941376,0.07488222460707152,0.0022726409646597035,0.04767222424703617
TTWO,TTWO,2016-05-19,2016-05-19,0,sec_acceptance_time,2016-05-18T22:19:21.000Z,000104746916013278,0.0013202805877648464,0.9895648930498886,0.00020443309301858948,0.014298010106955075,-3.79351726341805e-05,0.02710821814893228,239,0.005110366849319481,0.0006132992790557684,0.024764879952379505,0.05521169334669253,0.0008177323720743579,0.02859602021391015,0.015757905330147915,0.0014310316511301263,0.03782897898609116,0.0557220754399965,0.0022487640232044842,0.047421134773479263
ODFL,ODFL,2025-02-25,2025-02-26,1,sec_acceptance_time,2025-02-25T21:11:23.000Z,000095017025026661,-0.0006935494516682573,1.0057802753571787,0.000390122912291193,0.019751529365879317,0.0008197234510996747,0.015481870909114022,239,-0.017408308594130947,0.001170368736873579,0.03421065238889166,-0.022194207338399604,0.001560491649164772,0.039503058731758633,-0.08145328413770489,0.0027308603860383513,0.052257634715305964,-0.10783133002138968,0.004291352035203123,0.06550841194230801
ODFL,ODFL,2024-02-26,2024-02-27,1,sec_acceptance_time,2024-02-26T21:20:23.000Z,000095017024020176,-0.0002452732971722977,1.2623908407441866,0.00027060988227229667,0.016450224383645854,0.0009823441272558862,0.014011328835414089,239,-0.010997782657421256,0.00081182964681689,0.028492624428383042,-0.018925166790649303,0.0010824395290891867,0.03290044876729171,0.00937150769459728,0.0018942691759060767,0.04352320273033772,0.002437732087492185,0.0029767087049952633,0.05455922199770872
ODFL,ODFL,2023-02-22,2023-02-23,1,sec_acceptance_time,2023-02-22T21:29:11.000Z,000095017023003783,0.0009410480144756017,1.2922805463372309,0.0003518775109254566,0.01875839841045756,-0.00011019640181211342,0.05429689643442076,239,-0.0031360862132071895,0.0010556325327763698,0.03249049911553176,-0.00373357952935715,0.0014075100437018265,0.03751679682091512,-0.0030053740049020517,0.0024631425764781965,0.049630057187940016,0.03067466624131188,0.003870652620180023,0.06221456919548686
ODFL,ODFL,2022-02-23,2022-02-24,1,sec_acceptance_time,2022-02-23T21:44:18.000Z,000156459022006303,0.0007089349701879396,1.027172665966695,0.00016903401830596808,0.013001308330547664,0.0006929005167370341,0.01703431891690009,239,0.03823684137542005,0.0005071020549179043,0.022518926593377054,0.0735266045148872,0.0006761360732238723,0.026002616661095327,0.08285031461817156,0.0011832381281417766,0.03439822856110147,0.10632480653704146,0.0018593742013656488,0.04312046151614856
ODFL,ODFL,2021-02-24,2021-02-24,0,sec_acceptance_time,2021-02-24T20:53:17.000Z,000156459021008056,0.0011052733501091122,0.857333709872929,0.0003945066175820249,0.019862190654155572,0.0013310253394570929,0.10930785009715636,239,0.024896976557833676,0.0011835198527460748,0.034402323362617164,0.0333835617064625,0.0015780264703280996,0.039724381308311144,0.03673527236386763,0.0027615463230741743,0.05255041696384696,0.0724521860295594,0.0043395727934022734,0.0658754339143377
ODFL,ODFL,2020-02-26,2020-02-26,0,sec_acceptance_time,2020-02-26T16:13:04.000Z,000156459020006626,0.0009904176226186484,1.1958981082137432,0.00015204097369562195,0.012330489596752514,0.0008814642044523195,0.013538816672496495,239,0.00420129034742159,0.00045612292108686584,0.02135703446377483,-0.033483128518337284,0.0006081638947824878,0.024660979193505028,-0.023782513286037553,0.0010642868158693536,0.03262340901667626,0.0012358076529055493,0.0016724507106518414,0.04089560747380874
ODFL,ODFL,2019-02-27,2019-02-27,0,sec_acceptance_time,2019-02-27T16:40:36.000Z,000156459019004755,0.00025947290282377013,1.198305242951118,0.00023308848059764182,0.015267235525714596,0.00013461105893125417,0.025858992588421007,239,-0.00369200639159426,0.0006992654417929255,0.02644362762165822,-0.016004428930601805,0.0009323539223905673,0.03053447105142919,-0.031573732262821445,0.0016316193641834928,0.040393308408491285,-0.03214444537410337,0.00256397328657406,0.05063569182477968
ODFL,ODFL,2018-02-27,2018-02-27,0,sec_acceptance_time,2018-02-27T17:54:04.000Z,000087892718000005,0.001073740191057843,1.2654833248675943,0.0001207244896107263,0.010987469663699932,0.0006268002394504991,0.009054601941535843,239,0.007924825004617272,0.0003621734688321789,0.01903085570415001,0.022044808166706363,0.0004828979584429052,0.021974939327399863,0.012929124800577372,0.0008450714272750841,0.02907011226801651,0.011357511276757425,0.0013279693857179893,0.0364413142699051
ODFL,ODFL,2017-02-27,2017-02-28,1,sec_acceptance_time,2017-02-27T21:50:23.000Z,000087892717000005,0.0005103378376210652,1.2850149615453337,0.00015258909543012277,0.012352695877019024,0.0007202398419209788,0.00984166398949135,239,0.01380291277990317,0.00045776728629036835,0.02139549686944354,-0.019932785397326673,0.0006103563817204911,0.024705391754038047,-0.01671555822383485,0.0010681236680108593,0.03268216131180524,-0.03839725723912767,0.0016784800497313505,0.04096925737344223
ODFL,ODFL,2016-02-29,2016-02-29,0,sec_acceptance_time,2016-02-29T17:08:12.000Z,000087892716000055,-0.000477303212644321,0.970373206453082,0.00018792185620973502,0.013708459293798665,-0.0002112626883045505,0.026597520462540564,239,0.04242519607648704,0.0005637655686292051,0.023743747990349062,0.016941343542871322,0.0007516874248389401,0.02741691858759733,0.025762981412343042,0.0013154529934681451,0.03626917414924339,0.05078555709968661,0.0020671404183070854,0.045465815931390534
PAYX,PAYX,2025-07-11,2025-07-14,1,sec_acceptance_time,2025-07-11T20:19:29.000Z,000095017025095300,0.0006048862257107431,0.6148182223734552,0.00016572588283057278,0.012873456522262107,0.0006310404880009214,0.03859020124887702,239,-0.030157237536204827,0.0004971776484917183,0.02229748076558691,-0.005684450404958626,0.0006629035313222911,0.025746913044524214,-0.02199765665320207,0.0011600811798140095,0.034059964471707976,-0.031934988061189114,0.0018229847111363006,0.042696425039296916
PAYX,PAYX,2024-07-11,2024-07-12,1,sec_acceptance_time,2024-07-11T20:03:59.000Z,000095017024082958,-0.0005514475953843884,0.6322322481879254,0.00012499807400786342,0.011180253754180332,0.000859477291712244,0.01199453619207161,239,0.04143077256472059,0.0003749942220235903,0.019364767543753016,0.08258316141168091,0.0004999922960314537,0.022360507508360664,0.09051431385289904,0.000874986518055044,0.029580171028157427,0.05454657844290553,0.0013749788140864977,0.03708070676357852
PAYX,PAYX,2023-07-14,2023-07-17,1,sec_acceptance_time,2023-07-14T20:02:30.000Z,000095017023032988,-0.0005546342068018681,1.0105541657315058,0.00010646079985966824,0.010317984292470514,0.000506673153087734,0.03544051061740771,239,0.005339599689203524,0.0003193823995790047,0.017871273026256542,0.02011173466059972,0.00042584319943867296,0.020635968584941027,0.029670893989134122,0.0007452255990176777,0.02729882046934771,0.07064803724397203,0.0011710687984563507,0.034220882490905324
PAYX,PAYX,2022-07-15,2022-07-18,1,sec_acceptance_time,2022-07-15T20:24:49.000Z,000095017022012734,0.0007648876598433364,0.9579829811912054,0.00010732286124764877,0.01035967476553433,-0.0004258819459820706,0.038443831272235815,239,0.013698797768578554,0.0003219685837429463,0.017943483043794655,0.023822468275117126,0.0004292914449905951,0.02071934953106866,0.011803467999046413,0.0007512600287335414,0.027409123093115207,0.015250644707087278,0.0011805514737241365,0.03435915414739042
PAYX,PAYX,2021-07-16,2021-07-19,1,sec_acceptance_time,2021-07-16T20:25:18.000Z,000072353121000035,0.0007902940287838253,0.9043135682843462,9.405372720483169e-05,0.009698130088054691,0.0013259252482658117,0.021803194980193445,239,-0.01441020442125766,0.00028216118161449505,0.016797654050923153,-0.019637332141709193,0.00037621490881932675,0.019396260176109383,-0.011274554073336461,0.0006583760904338218,0.02565884039534565,-0.012479871188360695,0.0010345909992531485,0.032165058670133785
PAYX,PAYX,2020-07-17,2020-07-20,1,sec_acceptance_time,2020-07-17T20:53:00.000Z,000072353120000048,-0.0006401920015053435,1.2137465055025536,0.00024069363231971573,0.015514304119737879,0.0004698849607539175,0.112568417289024,239,-0.005645996976172053,0.0007220808969591472,0.026871562979461153,-0.006002456627720221,0.0009627745292788629,0.031028608239475758,0.008235281880831256,0.00168485542623801,0.041046990465051274,-0.0228591645877416,0.002647629955516873,0.05145512564863556
PAYX,PAYX,2019-07-24,2019-07-25,1,sec_acceptance_time,2019-07-24T21:25:48.000Z,000072353119000032,0.0007842781362022377,0.8905615523409194,4.894765865226962e-05,0.006996260333368793,0.00027466151650434075,0.023043406039112143,239,0.014591235697881438,0.00014684297595680886,0.012117878360373521,0.011549718907142065,0.00019579063460907847,0.013992520666737587,0.002231088414371008,0.0003426336105658873,0.018510364949559675,-0.007585694069413635,0.0005384242451749657,0.02320397046143107
PAYX,PAYX,2018-07-20,2018-07-23,1,sec_acceptance_time,2018-07-20T21:11:56.000Z,000072353118000026,0.000573741670219458,0.9033748079637957,7.348463244573874e-05,0.008572317798923389,0.0005485397596928232,0.015439324821400553,239,0.003481869014931115,0.0002204538973372162,0.014847689966362317,0.002363761704850467,0.00029393852978295496,0.017144635597846777,0.004462693595964667,0.0005143924271201712,0.02268022105536388,-0.025720529238403768,0.0008083309569031262,0.02843116172271415
PAYX,PAYX,2017-07-21,2017-07-24,1,sec_acceptance_time,2017-07-21T21:29:04.000Z,000072353117000023,-0.0004756159491222787,0.8686838394683992,6.363156725220418e-05,0.00797693971722265,0.0005621365992577665,0.00636154946683307,239,0.0043661818696250606,0.00019089470175661256,0.013816464879143744,0.05172111922491913,0.0002545262690088167,0.0159538794344453,0.05632119839190325,0.0004454209707654293,0.021104998715125032,0.02397262684354534,0.000699947239774246,0.026456516017311235
AXON,AXON,2025-02-28,2025-03-03,1,sec_acceptance_time,2025-02-28T21:22:06.000Z,000106918325000019,0.001761767649767041,1.0753973622218547,0.0008709630886428402,0.02951208377330954,0.0007028278255155496,0.015664800038718292,239,0.015177453994736724,0.0026128892659285207,0.05111642853260115,-0.022097248344763926,0.003483852354571361,0.05902416754661908,0.04869230726826178,0.006096741620499882,0.07808163433548175,0.07609642697739373,0.009580593975071243,0.09788050865760375
AXON,AXON,2024-02-27,2024-02-28,1,sec_acceptance_time,2024-02-27T21:31:51.000Z,000106918324000006,2.6588262981839562e-05,1.0486267213784402,0.00040902000619050607,0.020224243031335094,0.0009512976167335047,0.014059738931722172,239,0.12684144542489634,0.0012270600185715183,0.03502941647489319,0.1609104895823807,0.0016360800247620243,0.04044848606267019,0.16369030543654278,0.0028631400433335426,0.053508317515443736,0.14483380695422998,0.0044992200680955665,0.06707622580389841
AXON,AXON,2023-02-28,2023-03-01,1,sec_acceptance_time,2023-02-28T22:02:00.000Z,000155837023002413,0.002245059293716308,1.2495589863658685,0.0006594557038109145,0.025679869622155686,-0.00017227380511229004,0.05325283723005167,239,0.11202676995247787,0.001978367111432743,0.044478838917318235,0.07160210206688598,0.002637822815243658,0.05135973924431137,0.10507397651652363,0.004616189926676401,0.06794254872078616,0.1383090773311647,0.007254012741920059,0.08517049220193611
AXON,AXON,2022-02-25,2022-02-25,0,sec_acceptance_time,2022-02-25T00:31:18.000Z,000155837022002006,-0.0005615566839738615,1.2389025473804103,0.000522980825962078,0.022868774037146766,0.0006373631336913139,0.016852398712755436,239,0.09763911866354621,0.0015689424778862339,0.039609878539150226,0.08068864358390494,0.002091923303848312,0.04573754807429353,0.11479907816485879,0.0036608657817345457,0.06050508889122092,0.029797079921084733,0.005752789085582858,0.07584714289663691
AXON,AXON,2021-02-26,2021-02-26,0,sec_acceptance_time,2021-02-25T23:13:11.000Z,000155837021001873,0.003167113263977301,1.0420227933020134,0.0013614683428402022,0.036898080476363566,0.0017004283178723226,0.10299758466164884,239,0.04666175768829081,0.004084405028520607,0.06390935008682694,-0.03805514185991743,0.005445873371360809,0.07379616095272713,-0.09531140999113591,0.009530278399881416,0.09762314479610568,-0.2032244591529409,0.014976151771242225,0.12237708842443598
AXON,AXON,2020-02-28,2020-02-28,0,sec_acceptance_time,2020-02-27T23:32:54.000Z,000106918320000016,0.0017105087000457593,1.3941139101244764,0.000727336492836322,0.02696917671780735,0.0008327441755758372,0.013375842794252137,239,0.030420716500739645,0.002182009478508966,0.04671198431354598,-0.030427215265180867,0.002909345971345288,0.0539383534356147,0.008698956019053877,0.005091355449854253,0.07135373465947142,0.009464878545385453,0.008000701421199541,0.08944664007775553
AXON,AXON,2019-02-27,2019-02-28,1,sec_acceptance_time,2019-02-27T22:28:57.000Z,000106918319000023,0.0017784730488284483,1.246057845085305,0.0008487837974401582,0.029133894306119772,0.00012337270138293332,0.02584292457994696,239,-0.1066716238354705,0.0025463513923204744,0.05046138516054107,-0.0801188548866516,0.0033951351897606326,0.058267788612239545,-0.0850477299367057,0.0059414865820811074,0.0770810390568336,-0.1399419091096779,0.00933662177184174,0.09662619609527087
AXON,AXON,2018-03-01,2018-03-01,0,sec_acceptance_time,2018-03-01T20:49:38.000Z,000106918318000020,0.0005717812030123141,0.8591342217298091,0.0002686843504823092,0.01639159389694331,0.0005623380714932072,0.00912593169116923,239,0.40331012597619786,0.0008060530514469276,0.028391073446541744,0.11232609036036663,0.0010747374019292367,0.03278318779388662,0.352113862087315,0.0018807904533761643,0.04336808104327611,0.36673731755600575,0.002955527855305401,0.05436476667204046
AXON,AXON,2017-03-06,2017-03-07,1,sec_acceptance_time,2017-03-06T22:27:32.000Z,000106918317000042,0.0009226766637666583,1.1648097565646618,0.0004824068066983959,0.021963761214746347,0.0006735555640364632,0.009593242500433178,239,-0.012282838655976076,0.0014472204200951877,0.038042350349251394,0.0021025234109334876,0.0019296272267935836,0.043927522429492695,-0.0661362683210106,0.0033768476468887714,0.058110650029824754,-0.1353132455182163,0.005306474873682355,0.07284555493427416
AXON,AXON,2016-03-07,2016-03-07,0,sec_acceptance_time,2016-03-05T00:16:42.000Z,000106918316000148,-0.00043371134383816306,1.3523657343133564,0.0008239131654906994,0.02870388763722955,-0.00020668015058622363,0.026720446092075183,239,0.014755517530774436,0.0024717394964720984,0.049716591762429756,0.002896526976196148,0.0032956526619627976,0.0574077752744591,-0.010015152947811889,0.005767392158434896,0.07594334834885078,0.061853106173044556,0.009063044820397693,0.0952000253172114
ROP,ROP,2025-02-24,2025-02-25,1,sec_acceptance_time,2025-02-24T22:06:17.000Z,000088283525000008,-0.0003135965094869748,0.7867283192375729,9.730854337039036e-05,0.009864509281783375,0.0007668444190557178,0.015599843434919665,239,0.010739486428193949,0.0002919256301111711,0.017085831267783583,0.01909755298091005,0.00038923417348156144,0.01972901856356675,0.04010437562057249,0.0006811598035927325,0.026099038365287187,0.06764927187978864,0.0010703939770742939,0.03271687602865368
ROP,ROP,2024-02-22,2024-02-23,1,sec_acceptance_time,2024-02-22T22:05:32.000Z,000088283524000008,0.0002856498281958461,0.8188717532973364,5.335319661140272e-05,0.007304327252485524,0.0009168314360712593,0.014219491605563607,239,-0.017161933113253744,0.00016005958983420816,0.01265146591641491,-0.01979656127825937,0.00021341278644561087,0.014608654504971048,-0.016263343370690762,0.000373472376279819,0.01932543340470839,-0.013617689626036123,0.0005868851627254299,0.024225712842462034
ROP,ROP,2023-02-27,2023-02-28,1,sec_acceptance_time,2023-02-27T21:48:06.000Z,000088283523000016,3.3867253903461305e-05,0.8068729484679555,0.00011293033893931465,0.01062686872692585,1.9104781275840076e-05,0.05351859197609565,239,-0.013134961723202995,0.0003387910168179439,0.018406276560400364,-0.010071309951084375,0.0004517213557572586,0.0212537374538517,0.009192357544019219,0.0007905123725752025,0.028116051866775366,0.005573914671904167,0.001242233728332461,0.0352453362635748
ROP,ROP,2022-02-22,2022-02-23,1,sec_acceptance_time,2022-02-22T22:02:07.000Z,000088283522000012,0.0003151486916316825,0.7272193709606868,9.314623247741943e-05,0.009651229583706908,0.0006045074112940147,0.016841859755532117,239,0.018235918025514344,0.0002794386974322583,0.01671641999449219,0.007966791780858818,0.0003725849299096777,0.019302459167413816,0.022043184611403917,0.000652023627341936,0.025534753324477917,0.014675913653761698,0.0010246085572516138,0.03200950729473376
ROP,ROP,2021-02-22,2021-02-22,0,sec_acceptance_time,2021-02-22T13:59:47.000Z,000088283521000011,-0.00042432096355846615,0.9885155672599292,0.00024977368120446405,0.015804229851671483,0.0013483422977523852,0.112206008931395,239,-0.009898437136624435,0.0007493210436133921,0.027373729077591752,-0.004035907883368665,0.0009990947248178562,0.031608459703342966,0.01739214225321062,0.0017484157684312484,0.04181406185042597,-0.0292567473716367,0.0027475104932491046,0.05241670051852849
ROP,ROP,2020-02-28,2020-02-28,0,sec_acceptance_time,2020-02-28T19:02:08.000Z,000088283520000006,-2.9985236620706378e-05,1.0081243935846402,7.321842898329853e-05,0.008556776787044204,0.0008327441755758372,0.013375842794252137,239,-0.003689199054981454,0.00021965528694989556,0.014820772144186535,-0.017581014045927917,0.0002928737159331941,0.01711355357408841,0.00719012656364126,0.0005125290028830897,0.022639103402809255,0.03448231419034856,0.0008054027188162838,0.028379618017448434
ROP,ROP,2019-02-25,2019-02-25,0,sec_acceptance_time,2019-02-25T16:44:47.000Z,000088283519000010,0.0005318598268108124,1.0146520057808817,0.0001170707626248543,0.010819924335449592,9.183904200894302e-05,0.02574791169693147,239,0.007481787795644015,0.0003512122878745629,0.018740658683049614,0.021095725066744436,0.0004682830504994172,0.021639848670899183,0.03380217958266274,0.0008194953383739801,0.028626828996135428,0.02439001069957157,0.0012877783888733973,0.035885629280721795
ROP,ROP,2018-02-23,2018-02-26,1,sec_acceptance_time,2018-02-23T21:10:12.000Z,000088283518000011,0.0005252851421269182,1.0591334851194583,4.9362133972094485e-05,0.0070258190961691065,0.0006156802204659906,0.009062982222190288,239,-0.014658275604645393,0.00014808640191628345,0.012169075639352541,-0.02417063985774945,0.00019744853588837794,0.014051638192338213,-0.022115810177104494,0.0003455349378046614,0.01858857008499205,-0.013084675224662527,0.0005429834736930394,0.02330200578690683
ROP,ROP,2017-02-27,2017-02-27,0,sec_acceptance_time,2017-02-27T18:56:23.000Z,000088283517000006,0.00011130827694192551,1.0621832158651492,7.472743344646434e-05,0.008644503076895996,0.0007343563137411917,0.009859465545477978,239,-0.001446866790446841,0.00022418230033939302,0.014972718535369354,0.006660295399781876,0.00029890973378585736,0.017289006153791992,0.01760478846490525,0.0005230920341252503,0.022871205349199467,0.012538355551446917,0.0008220017679111077,0.02867057320513679
ROP,ROP,2016-02-26,2016-02-26,0,sec_acceptance_time,2016-02-26T19:09:27.000Z,000088283516000035,0.0004537093258283658,0.9798899326078097,7.720913478825785e-05,0.008786872867423192,-0.0002821216721660715,0.026876850892357123,239,-0.016116803727909017,0.00023162740436477355,0.015219310246025394,-0.01652933255597371,0.0003088365391530314,0.017573745734846383,-0.03276255742313849,0.0005404639435178049,0.023247880409142784,-0.03440971698394707,0.0008493004826708363,0.02914276038179699
UI,UI,2025-08-22,2025-08-22,0,sec_acceptance_time,2025-08-22T10:59:16.000Z,000151173725000053,0.0028722689394179504,1.3473889050234322,0.0008721694731166357,0.02953251552300677,0.0006830923660819565,0.03544700263590307,239,0.2972075908908525,0.0026165084193499073,0.05115181736116428,0.2994074259372469,0.003488677892466543,0.05906503104601354,0.2712020920089026,0.00610518631181645,0.07813569166403053,0.24738738159666965,0.009593864204282992,0.09794827310515991
UI,UI,2024-08-23,2024-08-23,0,sec_acceptance_time,2024-08-23T11:01:19.000Z,000151173724000053,-0.0007380702643737135,1.366693536760496,0.000699198010995859,0.026442352599491955,0.0008892186959571317,0.014855691227857576,239,0.1381525629618594,0.002097594032987577,0.04579949817397105,0.07559355649707272,0.002796792043983436,0.05288470519898391,0.073560710541128,0.0048943860769710135,0.06995988905773803,0.08088684031336557,0.0076911781209544495,0.08769936214679358
UI,UI,2023-08-25,2023-08-25,0,sec_acceptance_time,2023-08-25T10:59:41.000Z,000151173723000061,-0.0030442248222003177,1.1409440456864892,0.00030395087361029694,0.01743418692139949,0.0005171819894645522,0.031925578963215274,239,0.08273586250111299,0.0009118526208308908,0.03019689753651674,0.09908561448869573,0.0012158034944411878,0.03486837384279898,0.0955301350760354,0.0021276561152720787,0.04612652290463783,0.1304602277273481,0.0033434596097132664,0.05782265654320343
UI,UI,2022-08-26,2022-08-26,0,sec_acceptance_time,2022-08-26T11:00:34.000Z,000151173722000049,0.0006768502542570173,1.2056843395379866,0.00047482339911790255,0.02179044283895815,-0.00013691599254827964,0.04179669299415526,239,0.05325733703924895,0.0014244701973537078,0.03774215411650093,0.04251202960765671,0.0018992935964716102,0.0435808856779163,0.02558801209424467,0.003323763793825318,0.05765209270985155,0.010222715704300618,0.005223057390296928,0.0722707229125109
UI,UI,2021-08-27,2021-08-27,0,sec_acceptance_time,2021-08-27T11:01:08.000Z,000151173721000036,0.002045639416724771,0.9198333358503784,0.0009320349334170069,0.03052924718064641,0.0012109675317179397,0.019691758805710627,239,0.09291625651646944,0.0027961048002510206,0.05287820723370849,0.06964075141016339,0.0037281397336680275,0.06105849436129282,0.05300004503084022,0.006524244533919048,0.0807727957540102,0.047965852719943594,0.010252384267587076,0.10125405803021958
UI,UI,2020-08-21,2020-08-21,0,sec_acceptance_time,2020-08-21T11:15:30.000Z,000151173720000022,0.002145447158519154,1.0302768179867763,0.0010742144321776745,0.03277521063513818,0.0008549433168868354,0.10936407708866171,239,-0.005234937814810294,0.0032226432965330237,0.05676833004883113,-0.04180352711522027,0.004296857728710698,0.06555042127027635,-0.030410323247423633,0.007519501025243722,0.08671505650833494,-0.08717801994202713,0.011816358753954419,0.10870307610161922
UI,UI,2019-08-21,2019-08-21,0,sec_acceptance_time,2019-08-21T17:21:57.000Z,000151173719000026,0.001518498175615554,1.2584565717892662,0.0005423961851029233,0.02328940070295763,6.980717154701782e-05,0.024939128628574947,239,0.00937671085997093,0.00162718855530877,0.04033842529535294,-0.0009470037893588319,0.0021695847404116933,0.04657880140591526,-0.023378369843441632,0.0037967732957204636,0.06161796244375875,-0.05443625771098659,0.005966358036132157,0.07724220372394976
UI,UI,2018-08-24,2018-08-24,0,sec_acceptance_time,2018-08-24T11:24:05.000Z,000151173718000012,0.0010816529870314043,1.2450745527745302,0.0006700539434566911,0.025885400198889935,0.0006377840741299578,0.015159592378151314,239,-0.009384104087267836,0.0020101618303700734,0.04483482831873089,0.009827891693185195,0.0026802157738267645,0.05177080039777987,0.013495471327539275,0.0046903776041968374,0.06848633151364465,0.06166305253646257,0.007370593378023602,0.08585216000790896
UI,UI,2017-08-25,2017-08-25,0,sec_acceptance_time,2017-08-25T17:29:02.000Z,000162828017008894,0.0007695142732429358,0.8180191572315156,0.00046024638363798324,0.02145335366878529,0.0004560678741213762,0.0067419866027739195,239,-0.051527046088675955,0.0013807391509139497,0.0371582985470803,-0.05683423287053504,0.001840985534551933,0.04290670733757058,-0.08640810075020965,0.0032217246854658824,0.056760238595921025,-0.12509722008762655,0.005062710220017815,0.07115272461415525
UI,UI,2016-08-22,2016-08-22,0,sec_acceptance_time,2016-08-22T18:37:18.000Z,000151173716000040,0.0011980683894518749,1.0073347384422606,0.00046734636728980756,0.021618195282904804,0.000599129682726239,0.02215972207763607,239,0.02125966783325511,0.0014020391018694227,0.037443812597936964,0.02267474986546552,0.0018693854691592302,0.04323639056580961,0.023066810443244087,0.003271424571028653,0.057196368512595734,0.02400555304244971,0.005140810040187883,0.07169944239802624
MLM,MLM,2025-02-21,2025-02-21,0,sec_acceptance_time,2025-02-21T19:57:38.000Z,000095017025024770,-0.0010891514720889495,1.0040216410447826,0.00014886669100387017,0.012201093844564517,0.0007520336180650597,0.015562056386715189,239,-0.029259997495680132,0.0004466000730116105,0.02113291444670163,0.0016603018362691783,0.0005954667640154807,0.024402187689129034,-0.03606916984147371,0.0010420668370270912,0.03228106003567868,-0.03830964244428463,0.0016375336010425719,0.04046645031433536
MLM,MLM,2024-02-23,2024-02-23,0,sec_acceptance_time,2024-02-23T19:36:46.000Z,000095017024019275,0.0006848803296296531,1.1745560896127047,0.00014411047906252267,0.01200460241168039,0.0009168314360712593,0.014219491605563607,239,0.008676084231864103,0.00043233143718756804,0.020792581301694316,0.03361414502499798,0.0005764419162500907,0.02400920482336078,0.027894301990024236,0.0010087733534376586,0.03176119256951254,0.05223325448090563,0.0015852152696877494,0.03981476195693941
MLM,MLM,2023-02-24,2023-02-24,0,sec_acceptance_time,2023-02-24T20:29:47.000Z,000095017023004361,0.0003909130692531278,1.0625113848984278,0.00016931809203925185,0.013012228557754888,-6.53963254906473e-05,0.05424351801629333,239,-0.002477354716186082,0.0005079542761177555,0.02253784098173016,-0.00041730680464873837,0.0006772723681570074,0.026024457115509776,-0.007448402555778004,0.001185226644274763,0.034427120766552105,-0.021082505526758832,0.0018624990124317703,0.04315667981242035
MLM,MLM,2022-02-22,2022-02-23,1,sec_acceptance_time,2022-02-22T22:25:16.000Z,000156459022005965,1.7330380685007685e-05,0.9920593796627751,0.00018700884272999157,0.013675117649585015,0.0006045074112940147,0.016841859755532117,239,-0.024497159765490696,0.0005610265281899747,0.02368599856856313,-0.014706772610088634,0.0007480353709199663,0.02735023529917003,-0.0048905254982793845,0.001309061899109941,0.03618096045035207,0.027116106399425435,0.002057097270029907,0.04535523420764032
MLM,MLM,2021-02-19,2021-02-22,1,sec_acceptance_time,2021-02-19T21:36:13.000Z,000156459021006959,0.00038291824498835523,1.110934025217577,0.0007086176440198835,0.026619873103001138,0.0013483422977523852,0.112206008931395,239,0.04152183933522348,0.0021258529320596505,0.04610697270543416,0.021870001733648194,0.002834470576079534,0.053239746206002275,0.060922532378669236,0.004960323508139184,0.07042956416263829,0.09159580815289266,0.007794794084218718,0.0882881310495285
MLM,MLM,2020-02-21,2020-02-24,1,sec_acceptance_time,2020-02-21T21:57:43.000Z,000156459020005784,0.000929100862002987,0.5628304733380225,0.0001803575880323703,0.013429727772087202,0.0008246717069802714,0.013658641218420961,239,-0.035970855952181434,0.0005410727640971109,0.023260970833073817,-0.02440649340377506,0.0007214303521294812,0.026859455544174404,-0.044146397121865424,0.001262503116226592,0.03553171986024026,-0.06072541267169629,0.0019839334683560733,0.04454136805662881
BIIB,BIIB,2025-02-12,2025-02-13,1,sec_acceptance_time,2025-02-12T22:28:51.000Z,000087504525000009,-0.002052731789667441,0.5250656438032019,0.0002302853617846971,0.015175156071180853,0.0007659696003275171,0.01544900970527316,239,-0.011072857146951071,0.0006908560853540913,0.02628414132807255,0.02504686585332988,0.0009211414471387884,0.030350312142361707,-0.027505627013700892,0.0016119975324928799,0.04014968907093652,-0.004984337986813844,0.002533138979631668,0.05033029882319067
BIIB,BIIB,2024-02-14,2024-02-14,0,sec_acceptance_time,2024-02-13T22:40:44.000Z,000087504524000009,-0.0009865558063788505,0.7108962861917982,0.00014926220681159532,0.012217291304196496,0.0009126188037919798,0.014310722071121003,239,-0.08643462826963833,0.00044778662043478594,0.02116096926973776,-0.03209448108696316,0.0005970488272463813,0.024434582608392992,-0.0783038978175807,0.0010448354476811673,0.032323914485735905,-0.10307449886238162,0.0016418842749275485,0.040520171210491555
BIIB,BIIB,2023-02-15,2023-02-16,1,sec_acceptance_time,2023-02-15T21:24:20.000Z,000087504523000009,0.0019181556653998988,0.9396906755279907,0.0008221359773276852,0.028672913652569132,-0.00014811164115339164,0.05470117905349532,239,-0.029218107948219635,0.0024664079319830557,0.04966294324728505,0.005829392483134459,0.003288543909310741,0.057345827305138264,-0.03818486785827076,0.005754951841293796,0.07586139888832658,-0.04103646303910592,0.009043495750604537,0.09509729623183057
BIIB,BIIB,2022-02-03,2022-02-04,1,sec_acceptance_time,2022-02-03T22:24:29.000Z,000087504522000007,-0.0007510960563344652,0.4716760139526053,0.0009795326127844842,0.03129748572624459,0.00043514294080527273,0.01637634237293583,239,-0.003082293109517692,0.0029385978383534525,0.05420883542701736,0.02144716967036448,0.003918130451137937,0.06259497145248918,0.0019159017411043994,0.006856728289491389,0.08280536389323695,-0.0204509683013556,0.010774858740629325,0.10380201703545709
BIIB,BIIB,2021-02-03,2021-02-04,1,sec_acceptance_time,2021-02-03T21:30:07.000Z,000087504521000010,-0.0006506038488863203,0.85424098854378,0.0015308296645766932,0.03912581838858701,0.0006857815675923431,0.11855432242188321,239,-0.05648869935235349,0.00459248899373008,0.06776790533674536,0.0076555280491000955,0.006123318658306773,0.07825163677717402,-0.08628370889203955,0.010715807652036852,0.10351718529807914,0.023619786770219177,0.016839126310343625,0.12976565921053082
BIIB,BIIB,2020-02-06,2020-02-07,1,sec_acceptance_time,2020-02-06T21:32:39.000Z,000087504520000005,-0.0007396494565571738,0.5979290667557193,0.0008515771886311031,0.029181795500467463,0.0007245259309778368,0.012968428739376875,239,0.01721566254426838,0.0025547315658933094,0.0505443524628945,-0.019244204512016614,0.0034063087545244124,0.058363591000934925,0.19216472970916335,0.005961040320417722,0.07720777370458057,0.18816666188673403,0.009367349074942135,0.09678506638393206
BIIB,BIIB,2019-02-06,2019-02-07,1,sec_acceptance_time,2019-02-06T22:21:15.000Z,000087504519000006,0.000632396444789259,0.9887647220487575,0.00036968743481636976,0.01922725759998991,-2.2286040605188486e-05,0.026401306426358136,239,-0.05509515337602024,0.0011090623044491092,0.03330258705339736,-0.046613148860925505,0.001478749739265479,0.03845451519997982,-0.050504376023928016,0.0025878120437145885,0.05087054200334992,-0.0368690643571328,0.004066561782980068,0.06376959920667581
BIIB,BIIB,2018-02-01,2018-02-02,1,sec_acceptance_time,2018-02-01T21:35:03.000Z,000087504518000005,-1.3460760519207367e-05,1.3274142442789976,0.00018217540584694405,0.013497236970837552,0.0008397702787034128,0.004397133013895778,239,0.026835344648368013,0.0005465262175408321,0.02337790019528769,0.010603795510661615,0.0007287016233877762,0.026994473941675104,-0.009868711057816157,0.0012752278409286083,0.035710332411342915,-0.002359058134305895,0.0020039294643163846,0.04476527073878125
BIIB,BIIB,2017-02-02,2017-02-03,1,sec_acceptance_time,2017-02-02T21:24:00.000Z,000087504517000009,-0.0005181939574569469,1.3165427937002983,0.0003623864706641498,0.019036451104766084,0.0008269330829005688,0.01122613781261655,239,-0.06538668418490455,0.0010871594119924496,0.032972100509255545,0.01106684877678886,0.0014495458826565993,0.03807290220953217,-0.02900808987938295,0.002536705294649049,0.05036571546845184,-0.018017503370717645,0.003986251177305648,0.06313676565445563
BIIB,BIIB,2016-02-03,2016-02-04,1,sec_acceptance_time,2016-02-03T21:25:52.000Z,000087504516000042,-0.0006353521455587967,1.2939146170562976,0.0005053304638597248,0.02247955657613657,-0.000398909155358252,0.024550426855378064,239,0.009876283154485067,0.0015159913915791744,0.03893573412148761,-0.03300127612187061,0.0020213218554388994,0.04495911315227314,-0.021900965430577516,0.003537313247018074,0.05947531628346396,-0.06168059088620757,0.005558635102456974,0.07455625461661129
ALNY,ALNY,2025-02-13,2025-02-13,0,sec_acceptance_time,2025-02-13T13:31:57.000Z,000117867025000026,0.002265260633399067,0.5302793014498203,0.0009973863382942553,0.03158142394342369,0.0007659696003275171,0.01544900970527316,239,-0.05799178770594304,0.002992159014882766,0.054700630845382084,-0.07610525736900167,0.003989545353177021,0.06316284788684738,-0.12267230498431879,0.0069817043680597875,0.0835565938035999,-0.11735953624227446,0.010971249721236809,0.10474373356548261
ALNY,ALNY,2024-02-15,2024-02-16,1,sec_acceptance_time,2024-02-15T21:23:12.000Z,000117867024000008,-0.0011864902435506407,0.9408912099882794,0.0003763613305914181,0.019400034293562938,0.0009807216830497467,0.014227668794042199,239,-0.07822311605203755,0.0011290839917742542,0.033601845065029605,0.09512314712943412,0.0015054453223656724,0.038800068587125876,-0.03487330398728913,0.0026345293141399268,0.05132766616689217,-0.057619893440563986,0.004139974636505599,0.06434263467177576
ALNY,ALNY,2023-02-23,2023-02-23,0,sec_acceptance_time,2023-02-23T13:19:23.000Z,000117867023000005,0.0021659079433074837,1.051533044206559,0.0015153952689718564,0.03892807815667062,-0.00011019640181211342,0.05429689643442076,239,-0.050248186079013296,0.004546185806915569,0.06742540920836572,-0.051521551752478564,0.006061581075887426,0.07785615631334124,-0.11572552900412283,0.010607766882802995,0.10299401382023615,-0.12271548396954704,0.01666934795869042,0.12910982905530632
ALNY,ALNY,2022-02-10,2022-02-10,0,sec_acceptance_time,2022-02-10T13:22:31.000Z,000117867022000013,-0.0002542703151584805,0.6298102095934092,0.0008172740920000918,0.028588006086470805,0.0007375126949361685,0.017292655115307795,239,0.036214092931866594,0.0024518222760002754,0.049515879028855736,0.02991573120896983,0.003269096368000367,0.05717601217294161,0.059460031804856775,0.005720918644000643,0.07563675458400262,0.06500366696782647,0.00899001501200101,0.09481568969322013
ALNY,ALNY,2021-02-11,2021-02-12,1,sec_acceptance_time,2021-02-11T21:13:06.000Z,000117867021000010,0.0009113484730228885,0.62624979815672,0.0007232600609521045,0.026893494770150354,0.0011401858981174102,0.11719795204236036,239,-0.0700712681559753,0.0021697801828563135,0.0465808993349883,-0.09697094932686612,0.002893040243808418,0.05378698954030071,-0.09808017604830792,0.005062820426664731,0.07115349904723402,-0.06988665050933665,0.00795586067047315,0.08919563145397397
ALNY,ALNY,2020-02-13,2020-02-13,0,sec_acceptance_time,2020-02-13T13:29:30.000Z,000117867020000004,0.0010127878575876765,1.2572302520050382,0.000529987161342867,0.023021450026939377,0.0007658906366304519,0.013612594851891308,239,-0.016871913302320588,0.001589961484028601,0.0398743211105669,-0.044025889650080585,0.002119948645371468,0.04604290005387875,0.0009001149939604101,0.003709910129400069,0.060909031591382806,0.06562145449470694,0.005829858774771537,0.07635351186927512
ALNY,ALNY,2019-02-14,2019-02-15,1,sec_acceptance_time,2019-02-14T22:25:58.000Z,000156459019003022,-0.001092666000486313,1.4750364452934055,0.0009240133443122851,0.030397587804170994,-5.7413382220626095e-05,0.026175393916646132,239,-0.05887275350287966,0.0027720400329368554,0.052650166504360225,-0.09552200957794665,0.0036960533772491403,0.06079517560834199,-0.08387063489215317,0.006468093410185996,0.08042445778608641,-0.02129686074845978,0.010164146787435135,0.10081739327831847
ALNY,ALNY,2018-02-15,2018-02-15,0,sec_acceptance_time,2018-02-15T12:36:48.000Z,000156459018002152,0.003594558894884823,1.7069236849861604,0.0019433661517642383,0.04408362679912167,0.000532626264248131,0.007175416418156381,239,-0.02482866925698027,0.005830098455292715,0.07635508139798369,-0.02256904439826928,0.007773464607056953,0.08816725359824334,-0.04978957237600276,0.013603563062349668,0.11663431340025827,-0.08658993544194651,0.02137702766940662,0.1462088494907426
ALNY,ALNY,2017-02-15,2017-02-16,1,sec_acceptance_time,2017-02-15T22:06:26.000Z,000156459017001649,-0.001776364187306551,2.2997994194115896,0.0022050883889816447,0.04695836867888028,0.0007415223026977733,0.010478657861084944,239,0.03853881516459136,0.006615265166944934,0.08133428039237167,-0.0297087928472238,0.008820353555926579,0.09391673735776056,-0.024047655457121,0.015435618722871513,0.12424016549760192,0.09189674749418411,0.02425597227879809,0.15574328967502288
ALNY,ALNY,2016-02-12,2016-02-16,1,sec_acceptance_time,2016-02-12T21:37:29.000Z,000119312516462538,-0.0006202400946574901,1.7364470413488464,0.0009790671265613113,0.031290048363038864,-0.00043613700973879437,0.025857335764318493,239,0.05735830488706899,0.002937201379683934,0.0541959535360707,0.022171304448796,0.003916268506245245,0.06258009672607773,0.019109766841030214,0.006853469885929179,0.08278568647978453,-0.11976737376582287,0.010769738392174424,0.10377735009227411
PEG,PEG,2025-02-25,2025-02-26,1,sec_acceptance_time,2025-02-25T22:24:49.000Z,000095017025026874,0.0009919409478611287,0.47927891775486675,0.00014575835633081125,0.012073042546550197,0.0008197234510996747,0.015481870909114022,239,-0.03708427587832464,0.0004372750689924337,0.02091112309256568,-0.012995798737912321,0.000583033425323245,0.024146085093100393,-0.020184737667852542,0.0010203084943156788,0.03194226814607377,-0.026954656625779092,0.0016033419196389237,0.040041752204903865
PEG,PEG,2024-02-26,2024-02-27,1,sec_acceptance_time,2024-02-26T21:26:07.000Z,000162828024006885,-0.0002301098454968354,0.5541823646930899,0.00012168857631554335,0.011031254521383474,0.0009823441272558862,0.014011328835414089,239,0.034070021815974696,0.00036506572894663003,0.019106693302260076,0.03690108025596351,0.0004867543052621734,0.022062509042766947,0.0032200715312542573,0.0008518200342088034,0.02918595611263752,0.06697553748055514,0.0013385743394709769,0.03658653221434052
PEG,PEG,2023-02-22,2023-02-22,0,sec_acceptance_time,2023-02-22T00:56:44.000Z,000162828023004411,6.412530741312154e-05,0.5850973349547346,0.00015967067273763778,0.012636086132091605,-0.0001310091712602343,0.054323229504122814,239,-0.018018754965021054,0.00047901201821291334,0.021886343189599155,0.008040061833627352,0.0006386826909505511,0.02527217226418321,0.019514823974680365,0.0011176947091634645,0.03343194145070646,-0.01928902617785788,0.0017563774001140156,0.04190915651876109
PEG,PEG,2022-02-24,2022-02-25,1,sec_acceptance_time,2022-02-24T22:12:39.000Z,000162828022003860,0.0004000119956024404,0.3936590065326926,9.341863402935135e-05,0.009665331552996584,0.0006373631336913139,0.016852398712755436,239,0.005704194139219954,0.0002802559020880541,0.016740845321788683,0.03817304629643847,0.0003736745361174054,0.019330663105993167,0.005501239659693262,0.0006539304382054595,0.025572063628214667,0.05223086109532888,0.001027604974322865,0.032056278235672725
PEG,PEG,2021-03-01,2021-03-01,0,sec_acceptance_time,2021-02-26T23:54:08.000Z,000078878421000007,-0.0005081052971685232,0.8777116712619125,0.0003137646619782418,0.01771340345552604,0.0014859881382650569,0.10072433790534976,239,-0.030431682193562154,0.0009412939859347255,0.03068051475993722,0.027147735699316427,0.0012550586479129673,0.03542680691105208,-0.025116710656703754,0.0021963526338476926,0.04686526041587406,0.02416216090614799,0.00345141128176066,0.05874871302216467
PEG,PEG,2020-02-26,2020-02-27,1,sec_acceptance_time,2020-02-26T22:15:29.000Z,000078878420000004,-0.0001639081625603728,0.32788767769396815,6.286554843083138e-05,0.007928779756736302,0.0009100728853305869,0.013544167406328933,239,-0.09123137645556495,0.00018859664529249413,0.013733049380690879,-0.031649458856564915,0.0002514621937233255,0.015857559513472605,-0.08398807522009892,0.0004400588390158196,0.020977579436527456,-0.04431602914204984,0.0006915210327391451,0.026296787498459675
PEG,PEG,2019-02-28,2019-02-28,0,sec_acceptance_time,2019-02-28T00:35:09.000Z,000078878419000005,0.0009390034468436821,0.17068821173023033,0.00011616976501558895,0.0107782078758757,0.00012337270138293332,0.02584292457994696,239,0.02996509965247931,0.00034850929504676685,0.018668403655555738,0.009529169434934929,0.0004646790600623558,0.0215564157517514,0.028711991356010137,0.0008131883551091227,0.028516457618524827,0.04153313013403355,0.0012778674151714786,0.03574727143673316
PEG,PEG,2018-02-26,2018-02-26,0,sec_acceptance_time,2018-02-26T14:22:03.000Z,000078878418000004,0.00031852427749705316,0.3188679183995508,6.806811122548668e-05,0.008250340067263088,0.0006156802204659906,0.009062982222190288,239,-0.012884511080617504,0.00020420433367646004,0.014290008176220895,-0.03802531177671335,0.0002722724449019467,0.016500680134526175,-0.01722480066393975,0.00047647677857840675,0.021828348049690034,-0.012314052737753496,0.0007487492234803535,0.02736328239594719
PEG,PEG,2017-02-27,2017-02-28,1,sec_acceptance_time,2017-02-27T22:28:47.000Z,000078878417000003,-0.00032650989797452585,0.5174628831752752,0.00011905585230343225,0.010911271800456271,0.0007202398419209788,0.00984166398949135,239,-0.011530896898708688,0.00035716755691029677,0.018898877133583805,-0.0032137196737521715,0.000476223409213729,0.021822543600912542,0.026532849538692588,0.0008333909661240258,0.02886851167143928,0.03432710780357126,0.0013096143753377548,0.03618859454769907
PEG,PEG,2016-02-26,2016-02-26,0,sec_acceptance_time,2016-02-26T02:14:33.000Z,000078878416000014,0.0006845677192381993,0.611154805585369,0.0001225031572557041,0.011068114439944326,-0.0002821216721660715,0.026876850892357123,239,-0.019670059780135127,0.0003675094717671123,0.019170536553970323,-0.02848774840215365,0.0004900126290228164,0.022136228879888652,-0.0348056624694234,0.0008575221007899288,0.02928347829049563,0.007738458827107553,0.0013475347298127452,0.036708782734009925
ACGL,ACGL,2025-02-27,2025-02-28,1,sec_acceptance_time,2025-02-27T21:14:56.000Z,000094748425000017,8.638090731890094e-05,0.39929132360852876,0.00020985223000105207,0.014486277299605032,0.0007469098660976651,0.015400963311389931,239,0.04456554862137195,0.0006295566900031563,0.02509096829544759,-0.007270280289740145,0.0008394089200042083,0.028972554599210065,0.029165894340140046,0.0014689656100073645,0.03832708715787523,0.04447994227484242,0.0023083745300115726,0.04804554641183273
ACGL,ACGL,2024-02-23,2024-02-23,0,sec_acceptance_time,2024-02-23T20:13:41.000Z,000094748424000020,0.0002473256080994916,0.6670153067846118,0.00023368932804573118,0.015286900537575665,0.0009168314360712593,0.014219491605563607,239,0.01758031925767993,0.0007010679841371935,0.026477688421333037,0.029752335865343593,0.0009347573121829247,0.03057380107515133,0.014862242772414647,0.0016358252963201182,0.04044533713940481,0.006804328012724174,0.002570582608503043,0.05070091329062074
ACGL,ACGL,2023-02-24,2023-02-24,0,sec_acceptance_time,2023-02-24T18:13:42.000Z,000094748423000015,0.001824237018361607,0.5559447116776575,0.00024216801581676428,0.015561748481991485,-6.53963254906473e-05,0.05424351801629333,239,0.014321859958582667,0.0007265040474502928,0.0269537390254171,0.03857085030362348,0.0009686720632670571,0.03112349696398297,0.050567386909251374,0.00169517611071735,0.04117251644868637,0.04157389167344101,0.002663848173984407,0.05161248079664847
ACGL,ACGL,2022-02-25,2022-02-25,0,sec_acceptance_time,2022-02-25T15:08:14.000Z,000094748422000015,0.0006245498776520244,0.8682773062409821,0.00012658958417678253,0.011251203676797541,0.0006373631336913139,0.016852398712755436,239,-0.013933939105253338,0.00037976875253034755,0.019487656414519102,0.0044306001984808635,0.0005063583367071301,0.022502407353595082,-0.010676587210759328,0.0008861270892374777,0.02976788687894184,-0.012102585017479841,0.0013924854259446079,0.03731602103580455
ACGL,ACGL,2021-02-26,2021-02-26,0,sec_acceptance_time,2021-02-26T19:22:35.000Z,000094748421000028,-0.0018726833292649434,1.3727493788541176,0.0005076929703712339,0.02253204319122511,0.0017004283178723226,0.10299758466164884,239,0.02264533030008093,0.0015230789111137016,0.03902664360553828,0.030603869398627123,0.0020307718814849356,0.04506408638245022,0.06193296020623637,0.0035538507925986372,0.05961418281414782,0.08578690485272886,0.005584622674083573,0.0747303330253758
ACGL,ACGL,2020-02-28,2020-03-02,1,sec_acceptance_time,2020-02-28T22:07:41.000Z,000094748420000012,0.0010118176920802515,0.7895591982598849,8.101597287909767e-05,0.009000887338429344,0.0007763783963635226,0.013499428365103663,239,-0.02712354278084858,0.000243047918637293,0.015589994183363027,-0.003523095891464295,0.0003240638915163907,0.01800177467685869,-0.0538980074467077,0.0005671118101536837,0.02381410947639411,-0.10385171633803876,0.0008911757016700744,0.029852566081830793
ACGL,ACGL,2019-02-28,2019-03-01,1,sec_acceptance_time,2019-02-28T21:14:41.000Z,000094748419000008,0.0004508020939917232,0.6798439105075593,0.00010433747155181993,0.010214571530505817,3.590295950089521e-05,0.025556666251849776,239,0.01635002816480441,0.0003130124146554598,0.01769215686838266,-0.0013495889589220339,0.0004173498862072797,0.020429143061011634,0.01280798577525644,0.0007303623008627395,0.027025216018798804,-0.0026147175959568437,0.0011477121870700191,0.03387790116093409
ACGL,ACGL,2018-02-28,2018-03-01,1,sec_acceptance_time,2018-02-28T21:56:31.000Z,000094748418000012,-0.000585584726327734,0.6224664070533096,8.516188790841105e-05,0.009228319885461874,0.0005623380714932072,0.00912593169116923,239,-0.019011584461233834,0.00025548566372523315,0.015983918910118168,0.02017797772870096,0.0003406475516336442,0.01845663977092375,0.03246098539721325,0.0005961332153588774,0.024415839435884188,-0.0025245263980179684,0.0009367807669925216,0.030606874505452554
ACGL,ACGL,2017-03-01,2017-03-01,0,sec_acceptance_time,2017-03-01T20:50:14.000Z,000094748417000015,0.0008415310485564333,0.660212669054992,7.608471320204762e-05,0.00872265516927315,0.0007448936545878315,0.009869585869305407,239,-0.0005244864874006695,0.00022825413960614284,0.015108081930084402,-0.01172486589931325,0.00030433885280819047,0.0174453103385463,-0.014076191898170191,0.0005325929924143334,0.02307797635006877,-0.005367503908671494,0.0008369318452225238,0.028929774372133007
ACGL,ACGL,2016-02-26,2016-02-29,1,sec_acceptance_time,2016-02-26T22:38:12.000Z,000094748416000043,0.0007364108864795102,0.5303072682337875,6.475247494962079e-05,0.008046892254132696,-0.0002112626883045505,0.026597520462540564,239,-0.015227831769739832,0.00019425742484886237,0.01393762622719028,0.0027932728788347826,0.00025900989979848316,0.01609378450826539,-0.006076850845132413,0.0004532673246473455,0.02129007573136708,-0.028942384575469833,0.0007122772244458287,0.026688522335375345
VMC,VMC,2025-02-20,2025-02-20,0,sec_acceptance_time,2025-02-20T17:35:11.000Z,000139600925000005,-0.0005734585343876044,1.014446776972198,0.00014928474792790726,0.012218213778122695,0.0007853096072346615,0.01556975393684211,239,-0.05378029093670042,0.00044785424378372175,0.021162567041446596,-0.024624716432412205,0.000597138991711629,0.02443642755624539,-0.043582988290960176,0.0010449932354953508,0.032326355122335566,-0.0456439113532906,0.00164213222720698,0.04052323071038364
VMC,VMC,2024-02-22,2024-02-22,0,sec_acceptance_time,2024-02-22T19:36:22.000Z,000139600924000006,0.0002064709811575847,1.1022434653978022,0.00011932460888764984,0.010923580406059629,0.0009443124983546533,0.014376245211811963,239,-0.0025452948088228577,0.0003579738266629495,0.018920196263859143,0.017245904694132834,0.00047729843555059935,0.021847160812119258,0.07286480598802411,0.0008352722622135489,0.028901077180851737,0.08230638883405293,0.0013125706977641482,0.03622941757417787
VMC,VMC,2023-02-24,2023-02-24,0,sec_acceptance_time,2023-02-24T16:43:25.000Z,000139600923000007,0.0006950767641914942,0.9886150165624855,0.0001569272204986786,0.012527059531217955,-6.53963254906473e-05,0.05424351801629333,239,0.004010416982979093,0.00047078166149603577,0.02169750357750946,-0.001971054805142502,0.0006277088819947144,0.02505411906243591,-0.004251725122418047,0.0010984905434907502,0.03314348417850408,-0.047954440281593944,0.0017261994254854647,0.04154755619149536
VMC,VMC,2022-02-25,2022-02-25,0,sec_acceptance_time,2022-02-25T14:37:54.000Z,000139600922000010,0.00011847105131635512,0.9157976104813994,0.00018445590289073566,0.01358145437317873,0.0006373631336913139,0.016852398712755436,239,0.005077851876196258,0.000553367708672207,0.02352376901502408,-0.01159055254541298,0.0007378236115629426,0.02716290874635746,-0.04347186655527642,0.0012911913202351495,0.03593315071400154,-0.046069782520323094,0.0020290149317980922,0.04504458826316533
VMC,VMC,2021-02-25,2021-02-25,0,sec_acceptance_time,2021-02-25T15:20:58.000Z,000139600921000009,0.0003649071218394719,0.8990538200101773,0.0008055299456236158,0.028381859446195836,0.0014010397745664802,0.10897140201159526,239,0.024952080503477022,0.002416589836870847,0.049158822574089864,-0.016290954813866346,0.003222119782494463,0.05676371889239167,0.037544177500853336,0.00563870961936531,0.07509134184022356,0.0639510765758742,0.008860829401859774,0.09413197863563569
VMC,VMC,2020-02-26,2020-02-26,0,sec_acceptance_time,2020-02-26T15:00:36.000Z,000139600920000006,0.00034575294289426197,0.6042656243620753,0.00013716131398523837,0.011711588875350704,0.0008814642044523195,0.013538816672496495,239,-0.04218006970846698,0.0004114839419557151,0.020285066969465866,0.01451169836926635,0.0005486452559409535,0.023423177750701407,-0.021822974483483026,0.0009601291978966686,0.0309859516216086,0.0274370813768547,0.001508774453837622,0.03884294599843866
VMC,VMC,2019-02-26,2019-02-26,0,sec_acceptance_time,2019-02-26T15:27:58.000Z,000139600919000021,-0.00010635445726276836,1.003483594608762,0.0003381316548844793,0.018388356503083122,0.0001263155859521125,0.025857497809496414,239,-0.004399416295793558,0.001014394964653438,0.03184956773102954,0.01241803194368661,0.0013525266195379172,0.036776713006166244,-0.013920195721286112,0.002366921584191355,0.04865101832635526,-0.00012797982923184147,0.0037194482037292724,0.06098727903201841
VMC,VMC,2018-02-27,2018-02-27,0,sec_acceptance_time,2018-02-27T15:53:25.000Z,000139600918000011,-0.0003533771647067912,1.2237055542777842,0.00021179075790039888,0.014553032601502647,0.0006268002394504991,0.009054601941535843,239,-0.01695192032015043,0.0006353722737011966,0.025206591870008857,0.007511557327422757,0.0008471630316015955,0.029106065203005294,-0.026692140648006537,0.0014825353053027923,0.03850370508539136,-0.05006282004576486,0.002329698336904388,0.04826694870099402
VMC,VMC,2017-02-24,2017-02-24,0,sec_acceptance_time,2017-02-24T16:20:42.000Z,000139600917000005,0.0001413570271916175,1.0881255101611929,0.00020639935700924415,0.014366605618908183,0.0006909421270752348,0.00999984777119279,239,0.0010702943015607758,0.0006191980710277325,0.024883690864253488,0.05219871046275079,0.0008255974280369766,0.028733211237816365,0.02336374544670207,0.001444795499064709,0.03801046565177424,-0.02652507541723642,0.0022703929271016858,0.04764864034893006
VMC,VMC,2016-02-25,2016-02-25,0,sec_acceptance_time,2016-02-25T15:19:57.000Z,000139600916000044,0.000991056949177861,1.2197868884055134,0.0002068783180466942,0.014383265208105362,-0.00024609600313584056,0.026875188491934713,239,0.024552794032618043,0.0006206349541400826,0.02491254611917623,0.008726848326154033,0.0008275132721867768,0.028766530416210724,0.02639989222381347,0.0014481482263268594,0.03805454278173447,0.024873388780108426,0.002275661498513636,0.047703893955458564
CQP,CQP,2025-02-20,2025-02-20,0,sec_acceptance_time,2025-02-19T22:41:19.000Z,000138365025000007,0.00111599868309755,0.3246013974705297,0.00027376542850973933,0.01654585834913799,0.0007853096072346615,0.01556975393684211,239,-0.002500547493511966,0.000821296285529218,0.028658267315544706,0.04659754738485558,0.0010950617140389573,0.03309171669827598,0.021987723071006826,0.0019163579995681752,0.043776226419920836,0.0623096957520424,0.0030114197136071326,0.05487640397845993
CQP,CQP,2024-02-22,2024-02-22,0,sec_acceptance_time,2024-02-21T22:39:40.000Z,000138365024000013,0.00011530770760379634,0.4558114314487939,0.0003255377712086418,0.01804266530223963,0.0009443124983546533,0.014376245211811963,239,-0.012754902836608885,0.0009766133136259255,0.03125081300743911,-0.05933401036715241,0.0013021510848345672,0.03608533060447926,-0.03103622921357437,0.0022787643984604924,0.04773640537850009,-0.04455500843395983,0.00358091548329506,0.059840751025493154
CQP,CQP,2023-02-23,2023-02-23,0,sec_acceptance_time,2023-02-23T00:28:52.000Z,000138365023000008,0.0006592323123078247,0.792733572475876,0.000605583037024429,0.02460859681136714,-0.00011019640181211342,0.05429689643442076,239,0.05864511389387698,0.0018167491110732872,0.04262333998026536,0.0037534663885487284,0.002422332148097716,0.04921719362273428,0.00035570997954835135,0.004239081259171003,0.06510822727713451,-0.04545972037149499,0.006661413407268719,0.0816174822404411
CQP,CQP,2022-02-24,2022-02-24,0,sec_acceptance_time,2022-02-24T02:37:13.000Z,000138365022000005,0.0005797899428364825,0.628879569926126,0.0002722281099022353,0.016499336650369775,0.0006929005167370341,0.01703431891690009,239,0.06500565702432942,0.000816684329706706,0.028577689369623745,0.13917972973341186,0.0010889124396089413,0.03299867330073955,0.16171672014087396,0.0019055967693156473,0.043653141574411886,0.17220992274496066,0.002994509208924589,0.05472210895903582
CQP,CQP,2021-02-24,2021-02-24,0,sec_acceptance_time,2021-02-24T00:35:47.000Z,000138365021000005,0.0009411284581286091,0.715627288617138,0.001001008138603154,0.03163871265717292,0.0013310253394570929,0.10930785009715636,239,-0.02419856741777531,0.003003024415809462,0.054799857808296014,0.005059582914482157,0.004004032554412616,0.06327742531434584,0.022977545090946752,0.007007056970222077,0.08370816549311111,0.022045361334969274,0.011011089524634693,0.10493373873371087
CQP,CQP,2020-02-25,2020-02-25,0,sec_acceptance_time,2020-02-24T23:59:27.000Z,000138365020000006,-0.0006330979603837053,0.4341017770290904,0.0001689099617970558,0.012996536530824504,0.0008596827194238953,0.013605381912328735,239,-0.019427925805067935,0.0005067298853911674,0.022510661593812997,0.007993713576534126,0.0006756398471882232,0.025993073061649007,-0.023709565254565357,0.0011823697325793908,0.03438560356572778,-0.025635783423196556,0.001858009579767614,0.04310463524689211
CQP,CQP,2019-02-26,2019-02-26,0,sec_acceptance_time,2019-02-25T22:35:50.000Z,000138365019000005,0.0017879577549536206,0.6157283535129682,0.00021081680597424902,0.014519531878619539,0.0001263155859521125,0.025857497809496414,239,0.07924613478052712,0.0006324504179227471,0.025148566915885028,0.03175843488526531,0.0008432672238969961,0.029039063757239077,0.0013509802773537041,0.001475717641819743,0.03841507050390176,-0.03384187458311866,0.0023189848657167392,0.04815583937298507
CQP,CQP,2018-02-21,2018-02-21,0,sec_acceptance_time,2018-02-20T23:13:33.000Z,000138365018000005,-0.00027060377892484185,0.5466761795396012,0.00013961111668152579,0.011815714818898,0.0004743779689603801,0.008787160011386753,239,0.02429545406082508,0.0004188333500445774,0.02046541839407583,-0.00016439052577750437,0.0005584444667261031,0.023631429637796,-0.014133805771286718,0.0009772778167706805,0.03126144297326469,-0.03719414531154063,0.0015357222834967836,0.03918829268412677
CQP,CQP,2017-02-24,2017-02-27,1,sec_acceptance_time,2017-02-24T21:03:46.000Z,000138365017000011,0.00048475515543537043,0.9862130221698402,0.00024081222747041937,0.015518125771832737,0.0007343563137411917,0.009859465545477978,239,0.006017191850226618,0.0007224366824112581,0.0268781822750583,0.0025416730212212846,0.0009632489098816775,0.031036251543665475,-0.006460064337645381,0.0016856855922929355,0.041057101606091675,-0.019902462916583485,0.002648934502174613,0.05146780063471348
CQP,CQP,2016-02-19,2016-02-19,0,sec_acceptance_time,2016-02-18T23:12:10.000Z,000138365016000087,-0.0006606893404581724,0.7636049351598501,0.00044051382869501215,0.02098842130068415,-0.0005060076907793413,0.025993979759480035,239,0.03203317441517917,0.0013215414860850364,0.03635301206344581,0.04391763576342533,0.0017620553147800486,0.0419768426013683,0.1497552597876908,0.0030835968008650853,0.05553014317346107,0.16170065155884655,0.004845652115645134,0.06961071839627238
MTD,MTD,2025-02-07,2025-02-07,0,sec_acceptance_time,2025-02-07T16:47:43.000Z,000103764625000012,-2.1797280245235595e-05,0.952920562445279,0.0003477721190554915,0.018648649255522273,0.0008207819893714974,0.015784296807496247,239,-0.016901565086363812,0.0010433163571664744,0.032300408003096095,-0.027412978724879196,0.001391088476221966,0.037297298511044547,-0.03027381349512357,0.00243440483338844,0.04933968821738176,-0.07539756487603366,0.003825493309610406,0.061850572427507945
MTD,MTD,2024-02-09,2024-02-09,0,sec_acceptance_time,2024-02-09T18:06:36.000Z,000103764624000007,-0.001674077569345746,1.1671661095005195,0.00022218413788132455,0.014905842407637501,0.0008034393880474367,0.014658382522590246,239,-0.019532026725824436,0.0006665524136439736,0.025817676379642954,-0.028977869729689448,0.0008887365515252982,0.029811684815275002,-0.0051569162575826055,0.001555288965169272,0.03943715209252909,-0.03352765409074386,0.0024440255166945702,0.04943708645030136
MTD,MTD,2023-02-10,2023-02-10,0,sec_acceptance_time,2023-02-10T17:35:21.000Z,000103764623000005,0.0008157935836032376,1.1751574959496018,0.00021388839716857342,0.014624923834624692,-4.987836416671753e-05,0.055438550036545325,239,-0.00785981751536524,0.0006416651915057203,0.02533111113839502,-0.0041550647363492186,0.0008555535886742937,0.029249847669249384,-0.01205447753351005,0.001497218780180014,0.03869391140967806,-0.02486717902053197,0.0023527723688543077,0.04850538494697581
MTD,MTD,2022-02-11,2022-02-11,0,sec_acceptance_time,2022-02-11T18:06:41.000Z,000103764622000008,0.0006754579835527967,1.0404141141058743,0.00012966884441781512,0.011387222858002522,0.0005879616663025995,0.01780609689206645,239,-0.050635981373355024,0.00038900653325344537,0.019723248547170048,-0.03395186031212098,0.0005186753776712605,0.022774445716005044,-0.025718618642153145,0.0009076819109247059,0.030127759805944846,-0.03441591306678679,0.0014263572885959664,0.03776714562415283
MTD,MTD,2021-02-08,2021-02-09,1,sec_acceptance_time,2021-02-08T21:31:20.000Z,000103764621000008,0.0015949165857577158,0.8681086223947527,0.0003269259092245964,0.018081092589348587,0.0007214744334345949,0.11922295115048433,239,-3.765903129592614e-05,0.0009807777276737892,0.03131737102110886,-0.0011419109904456087,0.0013077036368983855,0.036162185178697175,-0.0072150738996728005,0.0022884813645721747,0.04783807442374928,-0.06351625814398681,0.0035961850014705602,0.05996819991854483
MTD,MTD,2020-02-07,2020-02-07,0,sec_acceptance_time,2020-02-07T20:44:24.000Z,000103764620000005,-0.0002606709588243968,1.3516595135240506,0.00012106616118580403,0.011003006915648287,0.0007245259309778368,0.012968428739376875,239,-0.003990571012051483,0.00036319848355741206,0.019057767013934558,-0.019827436274554373,0.0004842646447432161,0.022006013831296575,-0.032176228755543455,0.0008474631283006282,0.02911121997272921,-0.05408574880906188,0.0013317277730438442,0.036492845504891014
MTD,MTD,2019-02-08,2019-02-08,0,sec_acceptance_time,2019-02-08T18:56:30.000Z,000103764619000010,0.00013892173753697403,1.107879644734657,0.00011854327005820657,0.010887757806739024,1.2123694024420262e-05,0.026475165738477413,239,0.019849690844964397,0.0003556298101746197,0.018858149701776676,0.011753234904952232,0.0004741730802328263,0.02177551561347805,0.027836118418066193,0.000829802890407446,0.028806299491733505,0.01694902785430424,0.0013039759706402723,0.03611060745321618
MTD,MTD,2018-02-09,2018-02-09,0,sec_acceptance_time,2018-02-08T22:34:21.000Z,000103764618000006,0.0007533845123975207,1.1164522579557938,7.667186524469265e-05,0.008756247212401706,0.0007485115127069521,0.00465562626230466,239,-0.03492969191153969,0.00023001559573407795,0.015166265055513106,-0.014067954856078344,0.0003066874609787706,0.01751249442480341,-0.041968349575145295,0.0005367030567128485,0.02316685254221748,-0.04619149936955845,0.0008433905176916191,0.029041186575131862
MTD,MTD,2017-02-02,2017-02-03,1,sec_acceptance_time,2017-02-02T22:24:53.000Z,000103764617000004,0.00030604934428153977,1.2328620645439854,8.575619128941459e-05,0.0092604638808979,0.0008269330829005688,0.01122613781261655,239,0.0615557432784275,0.0002572685738682438,0.01603959394337163,0.05547123727199257,0.00034302476515765836,0.0185209277617958,0.08192704603770395,0.0006002933390259021,0.024500884453951904,0.08843255798427063,0.0009433181041835605,0.03071348407757675
MTD,MTD,2016-02-04,2016-02-05,1,sec_acceptance_time,2016-02-04T22:18:58.000Z,000103764616000043,0.0004465494142469861,0.9780983906388827,9.403814798183957e-05,0.00969732684722133,-0.00038246144513475963,0.024581511347109744,239,-0.006417569303370334,0.0002821144439455187,0.016796262796989057,0.011742459582798136,0.0003761525919273583,0.01939465369444266,0.012082151373949638,0.0006582670358728771,0.025656715219857688,0.010572407032539723,0.0010344196278002354,0.03216239462167323
CCL,CCL,2025-01-27,2025-01-27,0,sec_acceptance_time,2025-01-27T11:11:17.000Z,000081509725000007,0.0009656884359066549,1.4387808786296978,0.000542512920447268,0.023291906758513094,0.00078675272934108,0.015629577148397605,239,0.09312224361742097,0.0016275387613418038,0.04034276591090159,0.12043196801947498,0.002170051681789072,0.04658381351702619,0.09833323915557302,0.0037975904431308757,0.06162459284353022,0.05676439545118706,0.005967642124919948,0.07725051536993102
CCL,CCL,2024-01-26,2024-01-26,0,sec_acceptance_time,2024-01-26T15:09:35.000Z,000081509724000011,0.0006360238663229727,2.252160286833982,0.0006490245233960544,0.02547595971491662,0.0006369466366218597,0.014794619271815603,239,0.0015721604781505742,0.001947073570188163,0.04412565659781351,0.027999875804380462,0.0025960980935842174,0.05095191942983324,-0.003808531771262322,0.00454317166377238,0.06740305381636934,-0.1363089643960529,0.007139269757356598,0.08449419954858793
CCL,CCL,2021-01-26,2021-01-26,0,sec_acceptance_time,2021-01-26T15:40:20.000Z,000081509721000027,-0.0014676940835676943,1.9580350757234672,0.004232097788491748,0.06505457546162105,0.0007602091220923549,0.11772896895162942,239,-0.011065119738370294,0.012696293365475245,0.11267782996435122,0.05147686428972875,0.016928391153966993,0.1301091509232421,-0.022378602660931824,0.029624684519442238,0.17211822831833426,-0.07729550966432071,0.04655307567340923,0.21576161770205846
EXR,EXR,2025-02-28,2025-03-03,1,sec_acceptance_time,2025-02-28T21:26:11.000Z,000162828025009060,4.637116005608359e-05,0.5504186530142225,0.00021427085873083958,0.014637993671635454,0.0007028278255155496,0.015664800038718292,239,0.007426318037570755,0.0006428125761925187,0.0253537487601443,0.03650695041159,0.0008570834349233583,0.029275987343270908,-0.01818702679572488,0.001499896011115877,0.03872849094808468,0.03736142999919985,0.0023569794460392354,0.048548732692411604
EXR,EXR,2024-02-29,2024-03-01,1,sec_acceptance_time,2024-02-29T22:03:20.000Z,000162828024008044,-0.0011151492487381297,0.9700217810171966,0.00033612894283259064,0.018333819646560032,0.0011827812170318141,0.013839081968362614,239,0.05673513139989145,0.001008386828497772,0.03175510712464645,0.025388539888250378,0.0013445157713303625,0.036667639293120065,0.036558022920847935,0.0023529025998281347,0.048506727366707955,0.0702837535317015,0.0036974183711584972,0.06080640074168588
EXR,EXR,2023-02-28,2023-03-01,1,sec_acceptance_time,2023-02-28T21:59:50.000Z,000162828023005628,-0.00038722606336983223,0.9625114443510214,0.0002574057626945231,0.01604386994133657,-0.00017227380511229004,0.05325283723005167,239,0.03235216274141537,0.0007722172880835693,0.02778879788842204,-0.0012584967521969848,0.0010296230507780924,0.03208773988267314,0.047453357605489466,0.0018018403388616617,0.042448089931841,0.03917458438293383,0.002831463389639754,0.053211496780674696
EXR,EXR,2022-02-28,2022-03-01,1,sec_acceptance_time,2022-02-28T21:57:00.000Z,000162828022004274,0.0014404408340005525,0.7080716752861298,0.00015165758298576624,0.012314933332574978,0.0004500614604884898,0.017256302202639635,239,-0.006495321920113867,0.00045497274895729873,0.021330090223843374,0.06751229664281888,0.000606630331943065,0.024629866665149956,0.047608137672826185,0.0010616030809003636,0.032582251010333275,0.06206877077681548,0.0016682334128434286,0.04084401318239221
EXR,EXR,2021-02-26,2021-03-01,1,sec_acceptance_time,2021-02-26T21:05:52.000Z,000162828021003458,-0.00012546664849040305,0.7099120495672989,0.0004547683395500306,0.021325298111633296,0.0014859881382650569,0.10072433790534976,239,-0.04457371967591137,0.0013643050186500918,0.036936499815901504,-0.02129746014777941,0.0018190733582001224,0.04265059622326659,-0.01393619767126264,0.003183378376850214,0.05642143543769703,0.07539771918364492,0.005002451735050336,0.07072801237876218
EXR,EXR,2020-02-25,2020-02-26,1,sec_acceptance_time,2020-02-25T21:20:41.000Z,000162828020002202,0.0008248562469061391,0.1025918569844326,9.025927950653706e-05,0.009500488382527346,0.0008814642044523195,0.013538816672496495,239,-0.06965655152368232,0.0002707778385196112,0.016455328575255227,-0.013889765038882187,0.00036103711802614824,0.019000976765054692,-0.011334033411839618,0.0006318149565457594,0.025135929593825636,-0.04482551351822095,0.0009928520745719077,0.03150955528997367
EXR,EXR,2019-02-26,2019-02-27,1,sec_acceptance_time,2019-02-26T21:22:26.000Z,000162828019001968,0.0007628344930522864,0.30999013462816016,0.00012644443838099863,0.011244751592676409,0.00013461105893125417,0.025858992588421007,239,0.025158222607811736,0.0003793333151429959,0.019476481077006592,0.026889533739351837,0.0005057777535239945,0.022489503185352817,0.035869810808101685,0.0008851110686669903,0.02975081626891925,-0.02444270753473525,0.0013908888221909848,0.03729462189365894
EXR,EXR,2018-03-01,2018-03-02,1,sec_acceptance_time,2018-03-01T21:42:49.000Z,000162828018002649,0.0006020350767975689,0.35003392444947057,0.00016054093167912277,0.012670474800855838,0.0005648774784660944,0.00912606094554598,239,0.011067661533491636,0.0004816227950373683,0.021945906111103464,-0.004824267782287833,0.0006421637267164911,0.025340949601711675,-0.0026485544731030966,0.0011237865217538594,0.03352292531617519,0.02704121025747077,0.0017659502484703505,0.04202321083009187
EXR,EXR,2017-02-27,2017-02-28,1,sec_acceptance_time,2017-02-27T22:35:12.000Z,000162828017001815,-0.00042860028490778856,0.39529656555744197,0.00019602675321589845,0.014000955439394072,0.0007202398419209788,0.00984166398949135,239,0.0006801515784074274,0.0005880802596476953,0.024250366175538367,-0.00591585061688009,0.0007841070128635938,0.028001910878788144,0.01454333181924514,0.0013721872725112891,0.037043046209933775,0.024387826538171183,0.002156294285374883,0.04643591589895566
EXR,EXR,2016-02-29,2016-03-01,1,sec_acceptance_time,2016-02-29T22:35:04.000Z,000119312516485633,0.0015702845869255057,0.7000034769447726,0.00015074123086946151,0.012277672046013507,-0.000142761111898592,0.0268085628179123,239,0.019624839980471227,0.00045222369260838457,0.021265551782363525,-0.007782138078299,0.0006029649234778461,0.024555344092027014,-0.013066016264957379,0.0010551886160862305,0.03248366691256131,-0.057276751904171606,0.0016581535395640767,0.04072043147566191
HPQ,HPQ,2025-12-10,2025-12-11,1,sec_acceptance_time,2025-12-10T22:22:18.000Z,000004721725000071,-0.0015317069830647113,1.2374415030026429,0.0003461433315452465,0.01860492761461991,0.000716503490965393,0.03468295275974489,239,-0.006434208131322534,0.0010384299946357394,0.03222467989966292,0.007819102903183604,0.001384573326180986,0.03720985522923982,-0.0062710304676003616,0.0024230033208167256,0.049224011628642435,-0.027003350660536697,0.0038075766469977115,0.06170556414941615
HPQ,HPQ,2024-12-13,2024-12-13,0,sec_acceptance_time,2024-12-13T01:31:46.000Z,000004721724000080,0.00012642193653416667,0.8909913321017774,0.0003726165879066521,0.019303279200867714,0.0010559003960306029,0.014290570904409036,239,-0.009183689989651909,0.0011178497637199564,0.03343426032859044,-0.04698969128305561,0.0014904663516266084,0.03860655840173543,-0.07907562548745657,0.0026083161153465646,0.051071676253541594,-0.06364394804816674,0.004098782466973173,0.06402173433274963
HPQ,HPQ,2023-12-18,2023-12-18,0,sec_acceptance_time,2023-12-16T02:31:21.000Z,000004721723000100,-0.00026069333112669745,1.0559084871834636,0.000171679499462327,0.013102652382717286,0.0008067028191807641,0.01680456080996358,239,-0.031195963681019227,0.000515038498386981,0.022694459640779752,-0.02597195944357318,0.000686717997849308,0.026205304765434572,-0.02394355661335351,0.0012017564962362888,0.03466635971999784,0.006234394980485222,0.0018884744940855969,0.0434565817119294
HPQ,HPQ,2022-12-06,2022-12-07,1,sec_acceptance_time,2022-12-06T22:03:42.000Z,000004721722000068,0.00014889697128379756,1.2304089136346916,0.0003588707573319259,0.01894388443091664,-0.0005753489527124054,0.055277659732172135,239,-0.014103471454957592,0.0010766122719957777,0.032811770327060646,0.009548371888647742,0.0014354830293277037,0.03788776886183328,-0.0023808857925716864,0.0025120953013234816,0.05012080706975379,-0.021070944333738864,0.0039475783306511854,0.06282975672920584
HPQ,HPQ,2021-12-09,2021-12-10,1,sec_acceptance_time,2021-12-09T21:46:38.000Z,000004721721000060,0.0010475510758523134,1.1992965050280182,0.00030155423682234173,0.017365317066565234,0.0009278770800779079,0.015093489856551064,239,-0.034102267305690555,0.0009046627104670251,0.03007761144883392,-0.011544888669781001,0.001206216947289367,0.03473063413313047,-0.04878743405324633,0.0021108796577563923,0.04594431039591727,-0.044400273125622405,0.003317096605045759,0.05759424107535196
HPQ,HPQ,2020-12-10,2020-12-11,1,sec_acceptance_time,2020-12-10T21:12:57.000Z,000004721720000045,0.0003655333414882238,1.1357563609519892,0.0006083863811536174,0.024665489679988464,0.0007879569346503194,0.11809705782718805,239,0.007625999736030393,0.0018251591434608522,0.04272188131930583,0.022904339668129263,0.0024335455246144696,0.04933097935997693,0.015684575900439306,0.004258704668075322,0.06525875165887961,0.042781877282501664,0.0066922501926897915,0.08180617453890501
HPQ,HPQ,2019-12-12,2019-12-13,1,sec_acceptance_time,2019-12-12T21:26:03.000Z,000004721719000071,-0.0010082753820557355,1.2558205491189496,0.00030403588649372123,0.017436624859579943,0.0012180350197894796,0.017675410258977092,239,0.005563543458783813,0.0009121076594811637,0.030201120169311,-0.009748007808390089,0.001216143545974885,0.034873249719159886,-0.012897323917517375,0.0021282512054560487,0.046132973082775065,-0.009447826677083857,0.0033443947514309336,0.05783074226941008
HPQ,HPQ,2018-12-13,2018-12-14,1,sec_acceptance_time,2018-12-13T21:07:39.000Z,000004721718000052,0.0006322461541438385,1.3524817172027424,0.00010505141824936253,0.010249459412542817,6.858568121013468e-05,0.023262000257170484,239,0.0013863132276013337,0.0003151542547480876,0.017752584452639216,-0.007915568524801238,0.00042020567299745013,0.020498918825085633,-0.03734623707540169,0.0007353599277455377,0.027117520678438464,-0.05120485219774543,0.0011555656007429878,0.033993611175380994
HPQ,HPQ,2017-12-14,2017-12-15,1,sec_acceptance_time,2017-12-14T21:27:00.000Z,000004721717000043,0.0007795959697814067,1.1617002823937164,0.00014654213300221048,0.012105458810066244,0.0006383568559924538,0.004340785931012385,239,0.006824794445706371,0.00043962639900663143,0.020967269707967022,0.01927934521628598,0.0005861685320088419,0.02421091762013249,0.00039458231042019875,0.0010257949310154733,0.032028033517771164,-0.00824539952934228,0.0016119634630243152,0.04014926478809189
HPQ,HPQ,2016-12-15,2016-12-16,1,sec_acceptance_time,2016-12-15T21:44:36.000Z,000004721716000093,0.0010848458976002564,1.484028849221238,0.00024839357993396036,0.01576050696944614,0.0003604801140078998,0.01694072581252779,239,-0.04076373213532761,0.000745180739801881,0.027297998824124106,-0.030097500279246427,0.0009935743197358414,0.03152101393889228,-0.057086247857690633,0.0017387550595377224,0.04169838197745474,-0.08210537960222529,0.002732329379273564,0.05227168812343412
TDY,TDY,2024-02-23,2024-02-26,1,sec_acceptance_time,2024-02-23T21:38:34.000Z,000109428524000044,-0.0009570385186434525,1.041443902698222,0.00010879983019880009,0.0104307157088476,0.0009383129587277459,0.014243381899931361,239,-0.009305928904264727,0.00032639949059640026,0.01806652956703086,-0.01061164375483109,0.00043519932079520035,0.0208614314176952,-0.026417467843559295,0.0007615988113916007,0.027597079762025557,-0.017287056033377244,0.001196798132186801,0.03459477030111345
TDY,TDY,2023-02-24,2023-02-27,1,sec_acceptance_time,2023-02-24T22:26:54.000Z,000109428523000053,0.0002039200428170993,0.9121263782369894,0.00015419034064945785,0.012417340321077532,4.171340253296529e-07,0.05356334782271702,239,0.006395534275774767,0.0004625710219483735,0.02150746433097992,0.003583213476872813,0.0006167613625978314,0.024834680642155063,0.010877752302327987,0.001079332384546205,0.03285319443442608,0.0068040823560663885,0.0016960937471440364,0.04118365873916542
TDY,TDY,2022-02-25,2022-02-28,1,sec_acceptance_time,2022-02-25T22:20:39.000Z,000109428522000049,-0.00012677267955491943,0.9992191324284395,0.00010561571137285577,0.01027695048994865,0.0005235411609093213,0.01729591641662459,239,0.01441082334516906,0.0003168471341185673,0.017800200395460927,0.03649334611203071,0.0004224628454914231,0.0205539009798973,0.04702221078133825,0.0007393099796099904,0.027190255232527525,0.07928099682543749,0.0011617728251014136,0.03408478876421876
TDY,TDY,2021-02-26,2021-02-26,0,sec_acceptance_time,2021-02-26T01:33:11.000Z,000109428521000066,-5.268870218840785e-05,1.0764147120774519,0.0005461187735961068,0.023369184273228427,0.0017004283178723226,0.10299758466164884,239,-0.020270891784396925,0.0016383563207883205,0.040476614492671203,-0.01669197423269949,0.0021844750943844273,0.046738368546456854,-0.05361830243964064,0.003822831415172748,0.06182904992940412,-0.030213642226572676,0.006007306509557175,0.07750681589097294
TDY,TDY,2020-02-24,2020-02-24,0,sec_acceptance_time,2020-02-22T01:25:22.000Z,000109428520000045,0.0015150229503931452,0.9191917542414174,0.00011906325343695685,0.010911610946004117,0.0008246717069802714,0.013658641218420961,239,-0.026259937268321792,0.0003571897603108706,0.01889946455090383,-0.02933695133367301,0.0004762530137478274,0.021823221892008235,-0.03237852854527186,0.000833442774058698,0.02886940896621713,-0.06095286154587132,0.0013096957878065254,0.03618971936623059
TDY,TDY,2019-02-25,2019-02-25,0,sec_acceptance_time,2019-02-23T01:43:01.000Z,000109428519000064,0.0008880857725493024,1.0272186701344863,0.00011856074036600467,0.010888560068530855,9.183904200894302e-05,0.02574791169693147,239,-0.0017146376478513231,0.000355682221098014,0.0188595392599611,0.0015732813566586117,0.0004742429614640187,0.02177712013706171,-0.005348112379334147,0.0008299251825620327,0.02880842207692106,-0.01245771845598865,0.0013041681440260514,0.036113268254563326
TDY,TDY,2018-02-27,2018-02-28,1,sec_acceptance_time,2018-02-27T22:03:17.000Z,000109428518000053,0.0011168894890288639,1.1823373326107571,0.00012058640857801985,0.010981184297607423,0.0005990124368650822,0.009096224910883863,239,-0.0027227557611919345,0.00036175922573405955,0.019019969130733613,0.013785582415936914,0.0004823456343120794,0.021962368595214846,-0.014498015321236735,0.0008441048600461389,0.029053482752436736,-0.04455405533761286,0.0013264504943582183,0.03642046806890623
TDY,TDY,2017-03-02,2017-03-02,0,sec_acceptance_time,2017-03-02T20:44:39.000Z,000109428517000031,0.0008176347540731898,1.5360554883489719,8.775430764652791e-05,0.00936772691993783,0.0006717651998614866,0.009626704528116724,239,-0.005736005815149925,0.0002632629229395837,0.01622537897676303,-0.014713242252467043,0.00035101723058611164,0.01873545383987566,-0.00930061773738583,0.0006142801535256953,0.02478467578012057,-0.04156704025583291,0.000965297384111807,0.03106923533194544
TDY,TDY,2016-03-01,2016-03-01,0,sec_acceptance_time,2016-03-01T02:31:51.000Z,000109428516000177,-0.0004852057343076037,0.9787532517906444,8.462592325868921e-05,0.009199234927899667,-0.000142761111898592,0.0268085628179123,239,0.01668702694709997,0.00025387776977606766,0.015933542285884443,-0.005271015876290091,0.00033850369303475684,0.018398469855799335,0.020797654724431368,0.0005923814628108245,0.02433888787128172,0.043500176604776924,0.0009308851558455813,0.03051041061417531
KHC,KHC,2025-02-13,2025-02-13,0,sec_acceptance_time,2025-02-13T12:42:01.000Z,000163745925000011,-0.0008461447564250824,0.14284526558135988,0.00014919138701468635,0.012214392617510146,0.0007659696003275171,0.01544900970527316,239,-0.020275298127741162,0.000447574161044059,0.02115594859712178,0.041808506508454586,0.0005967655480587454,0.024428785235020293,0.021079125432466973,0.0010443397091028045,0.032316245281635125,0.09691133340952365,0.0016411052571615498,0.04051055735436813
KHC,KHC,2024-02-15,2024-02-15,0,sec_acceptance_time,2024-02-15T12:40:33.000Z,000163745924000018,-0.00042372614975117134,0.3117408098387081,0.00010140228787756777,0.01006987030093078,0.0009911920650846498,0.014231852026876893,239,-0.03742108058175903,0.00030420686363270334,0.017441526986841014,0.06687863288749266,0.0004056091515102711,0.02013974060186156,0.01971353727147581,0.0007098160151429744,0.026642372550937998,-0.008378051257927059,0.0011154251666532454,0.033397981475730615
KHC,KHC,2023-02-16,2023-02-16,0,sec_acceptance_time,2023-02-16T12:50:46.000Z,000163745923000009,0.00027370735909796,0.30605105500112867,0.00022726499807648544,0.015075310878269988,-0.00014811164115339164,0.05470117905349532,239,0.006475000496082402,0.0006817949942294564,0.026111204381059416,-0.0031274690031802303,0.0009090599923059418,0.030150621756539975,0.004558785808581256,0.0015908549865353981,0.03988552352088911,0.022282602803846786,0.00249991497884134,0.04999914978118468
KHC,KHC,2022-02-17,2022-02-18,1,sec_acceptance_time,2022-02-17T21:22:45.000Z,000163745922000018,-0.0005091986111656983,0.45336423800542003,0.00013220592359354766,0.011498083474803427,0.0007253810737983604,0.01698896489023484,239,0.11909517098083325,0.00039661777078064297,0.01991526476802764,0.044266121974466416,0.0005288236943741906,0.022996166949606853,0.13833716403820462,0.0009254414651548336,0.030421069428191273,0.15688428878226102,0.0014542651595290243,0.03813482869410881
KHC,KHC,2021-02-17,2021-02-17,0,sec_acceptance_time,2021-02-17T12:32:36.000Z,000163745921000009,0.0005656144880496889,0.9401566186207664,0.0003197307912678866,0.017881017623946536,0.001388046260939167,0.11515345450131284,239,0.10179334810813216,0.0009591923738036599,0.030970831015709924,0.0658961436687162,0.0012789231650715464,0.03576203524789307,0.10236109107514425,0.0022381155388752063,0.0473087258217256,0.09903459018838968,0.0035170387039467526,0.059304626328362885
KHC,KHC,2020-02-14,2020-02-18,1,sec_acceptance_time,2020-02-14T22:13:43.000Z,000163745920000027,-0.0003124033041581424,0.4416618541381911,0.0003120088123446062,0.01766377118127967,0.0007627915809345757,0.013653035615859323,239,-0.016705443960922602,0.0009360264370338186,0.030594549139247314,0.02099355516432865,0.0012480352493784248,0.03532754236255934,-0.08763320079474712,0.002184061686412243,0.04673394576121562,-0.09047339240957612,0.003432096935790668,0.058584101390997435
KHC,KHC,2019-06-07,2019-06-10,1,sec_acceptance_time,2019-06-07T21:07:36.000Z,000163745919000049,-0.0027840025875676224,0.5593256200138135,0.0005345896841785263,0.02312119556118425,1.4857449492052576e-05,0.02278955079377952,239,0.05658063376964595,0.0016037690525355789,0.04004708544370712,0.06554699428465245,0.002138358736714105,0.0462423911223685,0.06251600855942765,0.003742127789249684,0.061172933469384023,0.09232865593478182,0.005880486525963789,0.07668433038087892
KHC,KHC,2018-02-16,2018-02-16,0,sec_acceptance_time,2018-02-16T17:39:26.000Z,000163745918000015,-0.0011126069913234484,0.6220325748838215,5.764691564102294e-05,0.007592556594522226,0.00038635830031490164,0.008609877103938476,239,-0.04585487319247604,0.0001729407469230688,0.013150693781054625,-0.06064735373417486,0.00023058766256409176,0.015185113189044452,-0.06225870230261134,0.0004035284094871606,0.020088016564289282,-0.058973518617759964,0.0006341160720512523,0.025181661423568785
KHC,KHC,2017-02-23,2017-02-23,0,sec_acceptance_time,2017-02-23T18:32:18.000Z,000163745917000007,0.0002786005829597802,0.8699837583382664,0.00010344253361001055,0.010170670263557391,0.0006737567934983278,0.009981313093644001,239,-0.020466782246640083,0.00031032760083003167,0.017616117643511345,-0.02101691543363092,0.0004137701344400422,0.020341340527114782,0.04538925129862932,0.0007240977352700738,0.02690906418421261,-0.0007760030488173442,0.001137867869710116,0.03373229713064493
AEE,AEE,2025-02-18,2025-02-19,1,sec_acceptance_time,2025-02-18T21:09:43.000Z,000100291025000055,0.0014619092968852546,0.04639937374083078,0.00012105277455065985,0.011002398581702984,0.0007769508714635748,0.015575509085464796,239,-0.013177678298715658,0.00036315832365197955,0.019056713348633326,0.0004693959407703057,0.0004842110982026394,0.02200479716340597,0.0065921118892350436,0.0008473694218546189,0.029109610472395863,0.00673988752890368,0.0013315805200572583,0.03649082788944721
AEE,AEE,2024-02-29,2024-02-29,0,sec_acceptance_time,2024-02-29T19:48:22.000Z,000100291024000056,-0.0008531217264282696,0.4506699466234066,0.0001777899501991294,0.013333789791320747,0.0010338229631637586,0.01368143559956134,239,-0.002645506914562115,0.0005333698505973882,0.023094801376010755,0.011568614207692842,0.0007111598007965176,0.026667579582641494,0.014360276432362288,0.0012445296513939057,0.03527789182184652,0.01734756305406376,0.001955689452190423,0.044223177771282145
AEE,AEE,2023-02-22,2023-02-22,0,sec_acceptance_time,2023-02-22T01:28:07.000Z,000100291023000053,0.00027159279350806565,0.5194702430580412,0.00014251087657207403,0.011937791947092814,-0.0001310091712602343,0.054323229504122814,239,-0.018928202540493485,0.0004275326297162221,0.020676862182551346,-0.024266652484127234,0.0005700435062882961,0.023875583894185627,-0.003392525143847528,0.0009975761360045182,0.03158442869523712,-0.03617808550457971,0.0015676196422928143,0.039593176713833084
AEE,AEE,2022-02-23,2022-02-23,0,sec_acceptance_time,2022-02-22T23:43:23.000Z,000100291022000038,0.0006275014391167764,0.31431892385728666,0.00010356514503861415,0.010176696175017418,0.0006045074112940147,0.016841859755532117,239,-0.01440411719635584,0.00031069543511584244,0.017626554828322025,0.005026280731902813,0.0004142605801544566,0.020353392350034836,0.020559119415735152,0.000724956015270299,0.02692500724735834,0.004733110435726754,0.0011392165954247557,0.03375228281797774
AEE,AEE,2021-02-22,2021-02-23,1,sec_acceptance_time,2021-02-22T22:22:26.000Z,000100291021000065,-0.0013179557747627145,0.9064374315076933,0.0003760717528634935,0.019392569527102218,0.0011914738556556815,0.11054236576007531,239,-0.013141691470983196,0.0011282152585904805,0.033588915710253,0.010225179018678478,0.001504287011453974,0.038785139054204436,-0.004492916667428239,0.002632502270044455,0.05130791625124192,0.01092988425496494,0.004136789281498429,0.06431787684227791
AEE,AEE,2020-02-28,2020-03-02,1,sec_acceptance_time,2020-02-28T22:34:34.000Z,000100291020000077,0.0006479487646378033,0.20267941757679644,6.774632046274598e-05,0.008230815297572044,0.0007763783963635226,0.013499428365103663,239,0.018267326871818416,0.00020323896138823793,0.014256190283109928,0.08108106265527483,0.0002709852818509839,0.016461630595144088,0.03604560449601371,0.0004742242432392218,0.021776690364681724,-0.007782923332200001,0.0007452095250902057,0.027298526060763897
AEE,AEE,2019-02-26,2019-02-27,1,sec_acceptance_time,2019-02-26T22:21:39.000Z,000100291019000094,0.001282706794789311,0.1897484425589851,0.0001089131887080701,0.0104361481739227,0.00013461105893125417,0.025858992588421007,239,0.0021227206990916264,0.0003267395661242103,0.018075938872551277,0.0102941184284621,0.0004356527548322804,0.0208722963478454,-0.00841223800998438,0.0007623923209564907,0.027611452713620317,0.0008019830114050668,0.001198045075788771,0.03461278774945426
AEE,AEE,2018-02-28,2018-03-01,1,sec_acceptance_time,2018-02-28T21:42:56.000Z,000100291018000069,1.7199345317764938e-05,0.27709356823555226,7.847077674890307e-05,0.008858373256354864,0.0005623380714932072,0.00912593169116923,239,-0.010403465735561635,0.0002354123302467092,0.015343152552415987,-0.0077682006608070404,0.0003138831069956123,0.017716746512709727,-0.041304403637334924,0.0005492954372423216,0.023437052656900388,-0.012902417775088854,0.0008631785442379338,0.029379900344247832
AEE,AEE,2017-02-28,2017-02-28,0,sec_acceptance_time,2017-02-28T16:06:25.000Z,000100291017000054,0.00027328061052972436,0.43791329387587413,0.00011127814336543854,0.010548845593970865,0.0007202398419209788,0.00984166398949135,239,-0.002790100000498767,0.00033383443009631563,0.01827113652995663,0.007442691654588086,0.00044511257346175416,0.02109769118794173,0.01131103749461422,0.0007789470035580697,0.027909622060466346,0.02070705425270904,0.0012240595770198238,0.0349865628065951
AEE,AEE,2016-02-26,2016-02-29,1,sec_acceptance_time,2016-02-26T22:49:07.000Z,000100291016000205,0.0007185673026040917,0.5641421966849443,0.0001074792775493918,0.01036722130319363,-0.0002112626883045505,0.026597520462540564,239,-0.03459025364976745,0.0003224378326481754,0.017956554030441794,-0.005082147990890077,0.0004299171101975672,0.02073444260638726,-0.014837754127973751,0.0007523549428457426,0.027429089355021297,0.010699555543751807,0.0011822720530433098,0.03438418318127261
DG,DG,2025-03-21,2025-03-21,0,sec_acceptance_time,2025-03-21T10:24:14.000Z,000155837025003413,-0.0022208424045492775,0.03260223091416429,0.0008566775979022304,0.02926905529569122,0.0002449279734924362,0.017814513125935166,239,0.01650490421095919,0.002570032793706691,0.050695490861680105,0.045681265392040045,0.0034267103916089214,0.05853811059138244,0.0752310993607466,0.005996743185315612,0.07743864142219704,0.09991499483360883,0.009423453576924534,0.0970744743839725
DG,DG,2024-03-25,2024-03-25,0,sec_acceptance_time,2024-03-25T10:45:45.000Z,000155837024003813,-0.001383710311988676,0.38401100689466805,0.0005593225240913715,0.023650000509331318,0.0009293350543194391,0.012765054904033877,239,-0.016404958829629473,0.0016779675722741146,0.04096300248119167,0.03933475627202492,0.002237290096365486,0.047300001018662635,0.01799522698172898,0.0039152576686396,0.06257201985424156,0.029020293619360184,0.006152547765005087,0.07843817798116608
DG,DG,2023-03-24,2023-03-27,1,sec_acceptance_time,2023-03-24T20:42:42.000Z,000155837023004574,0.0002237296390273278,0.6185644075129325,0.0003043698300604016,0.017446198154910473,-0.0005466054018921403,0.05266745270516651,239,0.021649573584908557,0.0009131094901812049,0.030217701603219346,-0.004121017493330622,0.0012174793202416065,0.034892396309820946,-0.020114638722184996,0.0021305888104228114,0.046158301641447026,-0.019695899210243853,0.0033480681306644177,0.057862493298028714
DG,DG,2022-03-18,2022-03-21,1,sec_acceptance_time,2022-03-18T20:16:38.000Z,000155837022003921,3.973287149396779e-05,0.4978693966927896,0.00015173353730993776,0.01231801677665434,0.00027916812955383705,0.02016864588556504,239,0.007710250883330903,0.00045520061192981325,0.021335430905651126,-0.045087747527339586,0.000606934149239751,0.02463603355330868,0.0026019617205163825,0.0010621347611695644,0.03259040903654884,0.055707400024928584,0.0016690689104093153,0.040854239809465495
DG,DG,2021-03-19,2021-03-19,0,sec_acceptance_time,2021-03-19T12:19:58.000Z,000155837021003245,0.000497520513911092,0.3985901527845121,0.00018494010726336174,0.013599268629722766,0.0017904068369546777,0.044480501250752175,239,0.038514979236112454,0.0005548203217900852,0.023554624212457416,0.09989209460946816,0.000739760429053447,0.027198537259445533,0.023270031016714918,0.0012945807508435321,0.03598028280660857,0.06314077079466571,0.002034341179896979,0.045103671468041034
DG,DG,2020-03-19,2020-03-19,0,sec_acceptance_time,2020-03-19T10:47:17.000Z,000155837020002915,0.0013520729408590879,0.6134455087298262,0.00016476176772984316,0.012835956050479573,-6.820823680883427e-05,0.033740509096733054,239,-0.04467948652090821,0.0004942853031895295,0.02223252804315176,-0.06785973425384906,0.0006590470709193726,0.025671912100959145,0.027968957860626226,0.0011533323741089022,0.033960747549323794,-0.102117420344732,0.001812379445028275,0.04257205004493294
DG,DG,2019-03-22,2019-03-25,1,sec_acceptance_time,2019-03-22T20:33:57.000Z,000155837019002383,0.0007078968433585164,0.8157021256774191,0.00018636642294254122,0.013651608804186458,0.0003681028086930162,0.02280011557819584,239,0.016273356307870586,0.0005590992688276236,0.02364528005390555,0.008889504022814822,0.0007454656917701649,0.027303217608372916,0.017774724246346643,0.0013045649605977886,0.03611876189181723,0.017736602588928084,0.0020500306523679535,0.04527726418819884
DG,DG,2018-03-23,2018-03-26,1,sec_acceptance_time,2018-03-23T21:09:36.000Z,000155837018002366,0.0010135097860777592,0.834485558481267,0.0002005869434254774,0.014162872004839887,0.0006643801766276848,0.010188209306440465,239,0.01417495070139458,0.0006017608302764323,0.02453081389347757,0.01710894278034408,0.0008023477737019096,0.028325744009679774,0.017850402122713382,0.0014041086039783418,0.03747143717524512,0.008694036511258878,0.0022064563776802515,0.046972932393882456
DG,DG,2017-03-24,2017-03-27,1,sec_acceptance_time,2017-03-24T20:28:06.000Z,000155837017002116,-0.0007996898971655421,0.5828081676934086,0.0003116704540679527,0.01765419083583138,0.000607661812736687,0.00949308290658955,239,-0.005753018645783372,0.000935011362203858,0.030577955494176814,0.017417114525357203,0.0012466818162718107,0.03530838167166276,0.012628455705070096,0.002181693178475669,0.04670859854968536,-0.03479561115722367,0.0034283749947474794,0.05855232697978347
DG,DG,2016-03-22,2016-03-22,0,sec_acceptance_time,2016-03-22T12:40:41.000Z,000104746916011420,0.000744986061165342,0.6275163569987816,0.00021235123303415081,0.014572276178900495,-2.545299435296255e-05,0.027069591528678563,239,0.007368503411977407,0.0006370536991024524,0.025239922723781314,0.02192793044512891,0.0008494049321366033,0.02914455235780099,0.011624837110110676,0.0014864586312390558,0.03855461880552129,-0.014606155884444678,0.002335863563375659,0.048330772426846844
WSM,WSM,2025-03-27,2025-03-27,0,sec_acceptance_time,2025-03-27T00:27:10.000Z,000162828025015037,0.00024011938884366626,1.4547158703160623,0.0008556476294560685,0.02925145516818041,0.0004471155921176609,0.018294795462902032,239,-0.012259657613715821,0.0025669428883682054,0.05066500654661169,-0.020430906755624034,0.003422590517824274,0.05850291033636082,-0.021402678824688142,0.00598953340619248,0.07739207586176042,-0.0954174343958791,0.009412123924016753,0.09701610136475673
WSM,WSM,2024-03-20,2024-03-21,1,sec_acceptance_time,2024-03-20T20:17:51.000Z,000162828024012221,0.002694656072982321,1.3271274487058715,0.0005460858260663722,0.023368479327212803,0.001044353455971719,0.012882623232984145,239,0.04310665469179327,0.0016382574781991165,0.04047539349035555,0.04069920839350735,0.0021843433042654887,0.046736958654425606,0.044322820434329516,0.003822600782464605,0.061827184817559055,0.062079138900486615,0.006006944086730094,0.07750447784954166
WSM,WSM,2023-03-24,2023-03-27,1,sec_acceptance_time,2023-03-24T21:18:59.000Z,000162828023009175,0.0004653705806995406,1.4554115634379314,0.000598990812111705,0.02447428879685179,-0.0005466054018921403,0.05266745270516651,239,-0.012469894466778316,0.0017969724363351152,0.04239071167526107,-0.026709140403049947,0.00239596324844682,0.04894857759370358,-0.06187907896547554,0.004192935684781935,0.06475288167164404,-0.040699530605120375,0.006588898933228755,0.08117203294995608
WSM,WSM,2022-03-28,2022-03-29,1,sec_acceptance_time,2022-03-28T21:26:27.000Z,000162828022007494,-0.0007270950244582582,1.3729992728307119,0.0004675549295582258,0.021623018511720927,0.00036804297347134803,0.02102916318412862,239,-0.01669198781860349,0.0014026647886746775,0.03745216667530301,-0.030298156866350238,0.0018702197182329033,0.043246037023441854,-0.06652147188005403,0.003272884506907581,0.05720912957655955,-0.06983542425327621,0.005143104225140484,0.07171543923828734
WSM,WSM,2021-03-30,2021-03-31,1,sec_acceptance_time,2021-03-30T20:54:04.000Z,000119312521100319,0.0048721498516640345,0.6569539531335444,0.0008909056491004102,0.029848042634323783,0.0014893141174053455,0.03582219932416579,239,-0.007864442613429945,0.002672716947301231,0.05169832634913079,-0.022177423535224124,0.003563622596401641,0.059696085268647565,0.02198733981707676,0.006236339543702871,0.07897049793247395,-0.04800548509180296,0.009799962140104512,0.09899475814458315
WSM,WSM,2020-03-27,2020-03-30,1,sec_acceptance_time,2020-03-27T21:10:26.000Z,000119312520088937,-0.0003657919470106011,1.2290957266298927,0.0007119169295183056,0.026681771483885876,-0.0007713256720756316,0.07361369920197189,239,-0.010014308420743322,0.0021357507885549167,0.04621418384603278,-0.08580411558190185,0.0028476677180732223,0.05336354296777175,-0.1432251403123905,0.004983418506628139,0.07059333188501686,0.09326443789124773,0.007831086224701361,0.08849342475405368
WSM,WSM,2019-04-04,2019-04-05,1,sec_acceptance_time,2019-04-04T21:00:21.000Z,000119312519097973,0.0008487163563871715,1.0015223144628835,0.0004588171062809129,0.021420016486476217,0.00025629307905775236,0.0222787820920217,239,0.018920903149875885,0.0013764513188427388,0.037100556853539794,0.0014145067511252664,0.0018352684251236517,0.042840032972952434,0.03510704950113697,0.0032117197439663903,0.056672036702119594,-0.03266274632369401,0.005046988169090042,0.07104215768886839
WSM,WSM,2018-03-29,2018-04-02,1,sec_acceptance_time,2018-03-29T21:22:02.000Z,000119312518102232,-0.00042266432186163647,0.7825813273771672,0.0003855350854996348,0.019635047377066214,0.000503440960245864,0.011059442855792174,239,-0.035788860954129136,0.0011566052564989044,0.0340088996661007,-0.017930937832346616,0.0015421403419985393,0.03927009475413243,0.010795074599048327,0.0026987455984974437,0.05194945234068828,-0.009910600577850186,0.004240885940495983,0.06512208489058058
WSM,WSM,2017-03-30,2017-03-31,1,sec_acceptance_time,2017-03-30T21:22:12.000Z,000119312517104341,-0.001248430147764708,1.549759537216072,0.0002847734859847425,0.016875232916459034,0.0005602919840142975,0.009416951338036588,239,0.04480295935570427,0.0008543204579542275,0.029228760800865772,0.039926135164828416,0.00113909394393897,0.03375046583291807,0.10290230733958089,0.0019934144018931978,0.044647669613241826,0.12492134861123848,0.0031325083458321676,0.05596881583374949
WSM,WSM,2016-03-31,2016-04-01,1,sec_acceptance_time,2016-03-31T20:19:48.000Z,000119312516525847,-0.0011731528491342508,0.7377464565809108,0.0002474784163136545,0.015731446733013923,-5.621336541455715e-05,0.02707364935204925,239,-0.026538796845875887,0.0007424352489409634,0.027247665018143543,0.029435849132209722,0.000989913665254618,0.03146289346602785,0.0343969684171022,0.0017323489141955813,0.04162149581881436,0.00965589010920718,0.0027222625794501992,0.05217530622286945
ECHO,ECHO,2025-02-27,2025-02-27,0,sec_acceptance_time,2025-02-27T11:02:08.000Z,000155837025001663,0.0029468644206908055,1.3573395397378119,0.0013274005321765872,0.036433508370407965,0.0008081580376546651,0.015465589632715108,239,0.08985441459646362,0.003982201596529762,0.06310468759553256,0.09785345034075778,0.005309602128706349,0.07286701674081593,0.08353157432363333,0.00929180372523611,0.09639400253768961,0.008946293792258475,0.014601405853942458,0.12083627706091601
ECHO,ECHO,2024-02-29,2024-03-01,1,sec_acceptance_time,2024-02-29T22:01:16.000Z,000155837024002209,-0.0021719407970494263,1.3531954736634622,0.001753690602895903,0.04187708923619098,0.0011827812170318141,0.013839081968362614,239,-0.023320613635787392,0.005261071808687709,0.07253324623017854,0.041079464449785455,0.007014762411583612,0.08375417847238197,0.12018311528896786,0.012275834220271321,0.11079636375022116,0.05427641883794189,0.019290596631854933,0.13889059230867631
ECHO,ECHO,2023-02-23,2023-02-23,0,sec_acceptance_time,2023-02-22T22:59:27.000Z,000141540423000005,-0.0007384322020123265,0.7942143363791798,0.0003472802756303394,0.018635457483795224,-0.00011019640181211342,0.05429689643442076,239,0.14764561217488706,0.0010418408268910182,0.032277559184222995,0.1354106923554478,0.0013891211025213576,0.03727091496759045,0.15667554198857062,0.0024309619294123758,0.04930478607003965,0.1754588407512898,0.0038200830319337336,0.0618068202703693
ECHO,ECHO,2022-02-24,2022-02-24,0,sec_acceptance_time,2022-02-23T23:57:38.000Z,000141540422000005,-0.0005468499098364504,0.7581815271434144,0.00046096196746884697,0.02147002485953025,0.0006929005167370341,0.01703431891690009,239,-0.13306166534989494,0.001382885902406541,0.03718717389647324,-0.0268593210057016,0.0018438478698753879,0.0429400497190605,-0.08571090978240799,0.003226733772281929,0.056804346420691515,-0.07381699365704221,0.005070581642157316,0.07120801669866474
ECHO,ECHO,2021-02-23,2021-02-23,0,sec_acceptance_time,2021-02-23T01:08:08.000Z,000141540421000005,-0.0023676362088238434,0.9262569438606201,0.0006035946280407364,0.02456816289511156,0.0011914738556556815,0.11054236576007531,239,0.028554371846237173,0.0018107838841222093,0.0425533063829617,0.053901852913084386,0.0024143785121629457,0.04913632579022312,0.021519672755671737,0.004225162396285155,0.06500124919018983,0.11401316307711279,0.006639540908448101,0.08148337811141669
ECHO,ECHO,2020-02-20,2020-02-20,0,sec_acceptance_time,2020-02-20T12:57:39.000Z,000141540420000005,0.0005748256397009763,0.6440342191693952,0.0002377209542256769,0.015418202042575421,0.0007834822005157719,0.013646387303235561,239,-0.019873954320858374,0.0007131628626770308,0.026705109299102872,-0.007237348573133066,0.0009508838169027076,0.030836404085150843,-0.020300452822950843,0.0016640466795797384,0.04079272826840267,-0.05062589026669376,0.002614930496482446,0.051136391117113905
ECHO,ECHO,2019-02-21,2019-02-21,0,sec_acceptance_time,2019-02-21T01:04:45.000Z,000141540419000003,-0.0012810452477264782,0.870118504626258,0.00017115495480622038,0.01308262033410052,0.00015766028118767764,0.025875237771300724,239,-0.07074934123912908,0.0005134648644186612,0.022659763114795818,-0.09917811334446405,0.0006846198192248815,0.02616524066820104,-0.06449034492299567,0.0011980846836435427,0.03461335990110672,-0.0729356532599993,0.0018827045028684242,0.04339014292288543
ECHO,ECHO,2018-02-22,2018-02-22,0,sec_acceptance_time,2018-02-22T00:48:40.000Z,000141540418000005,-8.467186687637648e-05,0.865913705671625,0.0001414766070384555,0.011894393933213053,0.0004832024563004179,0.008791713933575498,239,-0.005428859548134254,0.0004244298211153665,0.020601694617564024,-0.03502164300799167,0.000565906428153822,0.023788787866426107,-0.013259772477741651,0.0009903362492691885,0.03146960834311715,-0.007077585860361224,0.0015562426774230105,0.03944924178514728
ECHO,ECHO,2017-02-24,2017-02-24,0,sec_acceptance_time,2017-02-24T01:43:53.000Z,000141540417000010,-1.1626647735058881e-05,1.1357654805247765,0.00018093964127610172,0.0134513806457219,0.0006909421270752348,0.00999984777119279,239,-0.007298487462228607,0.0005428189238283051,0.02329847471033898,-0.03551955938994661,0.0007237585651044069,0.0269027612914438,-0.039398275523338695,0.001266577488932712,0.03558900797904758,-0.016433402163286925,0.001990336054037119,0.044613182514108084
ECHO,ECHO,2016-02-24,2016-02-24,0,sec_acceptance_time,2016-02-24T11:03:32.000Z,000110465916099355,-0.0011892375123777445,0.9385280601638833,0.00012455782157460289,0.011160547548153849,-0.0003743570315892623,0.026785464770599544,239,0.19093652610784473,0.00037367346472380863,0.019330635393690728,0.1691459565585319,0.0004982312862984115,0.022321095096307697,0.21336217373764146,0.0008719047510222202,0.029528033307726746,0.1942828702982623,0.0013701360373206317,0.03701534867214723
ATO,ATO,2025-11-14,2025-11-17,1,sec_acceptance_time,2025-11-14T22:06:37.000Z,000073180225000056,0.000738243358932638,0.18368302942480216,0.00011701923064674283,0.010817542726827698,0.0005727522838548632,0.03444697628455751,239,-0.014357607053364219,0.0003510576919402285,0.01873653361591275,0.0004641165746923689,0.00046807692258697133,0.021635085453655396,-0.018605320869674966,0.0008191346145271999,0.028620527852001608,-0.015017934049584078,0.0012872115371141712,0.03587773037852549
ATO,ATO,2024-11-18,2024-11-19,1,sec_acceptance_time,2024-11-18T21:20:38.000Z,000073180224000030,0.0009617326506138653,0.23351745867919885,8.345047845880186e-05,0.0091351233411926,0.0011890659925857204,0.014577338686208252,239,0.011329861224056836,0.00025035143537640556,0.015822497760353944,0.014122337934947726,0.00033380191383520743,0.0182702466823852,0.01817298907927529,0.000584153349211613,0.024169264556697066,0.023355982602116913,0.0009179552630468205,0.030297776536353627
ATO,ATO,2023-11-14,2023-11-14,0,sec_acceptance_time,2023-11-14T20:29:24.000Z,000073180223000028,-0.00026204493912077877,0.46960776675319826,0.00012483826549382733,0.011173104559334766,0.00040330412452377714,0.019457052916733327,239,0.010701466581224905,0.000374514796481482,0.019352384775047287,0.015277935958323862,0.0004993530619753093,0.02234620911866953,0.029880697977551066,0.0008738678584567913,0.02956125603652171,-0.006650477876489735,0.0013732209204321006,0.03705699556672263
ATO,ATO,2022-11-14,2022-11-15,1,sec_acceptance_time,2022-11-14T21:37:34.000Z,000073180222000037,0.0009458953197618628,0.47049154354132505,0.00014905611703084428,0.012208854042490813,-0.0007705267265978575,0.0535260983231745,239,0.01565656557306679,0.0004471683510925328,0.021146355503786764,0.03600990492591882,0.0005962244681233771,0.024417708084981626,0.07943172626262396,0.00104339281921591,0.032301591589516294,0.09171948053402801,0.001639617287339287,0.04049218797915577
ATO,ATO,2021-11-12,2021-11-12,0,sec_acceptance_time,2021-11-12T20:01:25.000Z,000073180221000040,-0.0003244287138776381,0.32235803193930684,0.00015833018905756267,0.012582932450647689,0.0011543401448560861,0.014216157125367451,239,0.021049784261085686,0.000474990567172688,0.02179427831272896,-0.010955868813615476,0.0006333207562302507,0.025165864901295378,0.012873867766662524,0.0011083113234029386,0.03329131002833831,0.016549275698490816,0.0017416320796331893,0.04173286570118555
ATO,ATO,2020-11-13,2020-11-13,0,sec_acceptance_time,2020-11-13T18:00:52.000Z,000073180220000040,-0.0006973165072828548,0.8440425122866271,0.0003206722874752739,0.017907324967042785,0.0007229836501658851,0.11730345208944931,239,-0.004624367351611864,0.0009620168624258216,0.031016396670564775,-0.02941810217652868,0.0012826891499010955,0.03581464993408557,-0.013270653602207767,0.0022447060123269172,0.04737832850921313,0.0069515899641604,0.0035273951622280127,0.059391877914644294
ATO,ATO,2019-11-12,2019-11-12,0,sec_acceptance_time,2019-11-12T17:40:29.000Z,000073180219000037,0.0003860412418930922,0.30303647308396325,9.710633917881079e-05,0.009854254876895096,0.0006872419308542212,0.02264706050217467,239,0.01558657219409162,0.00029131901753643233,0.017068070117515696,0.013643457001569078,0.00038842535671524314,0.019708509753790193,-0.00012668115442303124,0.0006797443742516755,0.026071907760109835,-0.01573451829936888,0.0010681697309669186,0.032682866015190874
ATO,ATO,2018-11-13,2018-11-13,0,sec_acceptance_time,2018-11-13T12:30:41.000Z,000073180218000039,0.0002771628031168075,0.22334150068502706,9.605369121481406e-05,0.009800698506474631,0.0002632868141982686,0.019803168833704303,239,0.011822203559035993,0.0002881610736444422,0.016975307762878474,0.02235344806092622,0.00038421476485925624,0.019601397012949263,0.028305923633159147,0.0006723758385036985,0.02593021092285403,0.056738667606205176,0.0010565906033629547,0.032505239629372906
ATO,ATO,2017-11-13,2017-11-13,0,sec_acceptance_time,2017-11-13T17:51:18.000Z,000073180217000041,0.0005425773539050093,0.5636227349730005,6.228373291714044e-05,0.007892004366264659,0.0006832925407294723,0.004440630237373825,239,0.008039497666722815,0.00018685119875142133,0.013669352535925808,0.006031121907236118,0.0002491349316685618,0.015784008732529317,0.012927208165856319,0.0004359861304199831,0.020880280898972196,0.01271748761152661,0.0006851210620885449,0.026174817326746425
ATO,ATO,2016-11-14,2016-11-14,0,sec_acceptance_time,2016-11-14T20:32:24.000Z,000073180216000066,0.0006463479290788612,0.4789920864038019,0.0001164364519716017,0.010790572365338258,3.1095485547561175e-05,0.018619908877222965,239,0.009055160448476977,0.00034930935591480513,0.01868981957951454,0.0023184812815688232,0.0004657458078864068,0.021581144730676516,-0.04100611931487752,0.0008150551638012119,0.028549170982731038,-0.005676421430198569,0.0012808009716876187,0.03578827980900477
WST,WST,2025-02-18,2025-02-19,1,sec_acceptance_time,2025-02-18T21:44:56.000Z,000010577025000013,-0.0006719463384600992,0.6658732062822388,0.00048310917131419055,0.02197974456890231,0.0007769508714635748,0.015575509085464796,239,-0.05028267515062737,0.0014493275139425717,0.03807003433072489,0.06788096291160381,0.0019324366852567622,0.04395948913780462,-0.2597307017476052,0.003381764199199334,0.0581529380100381,-0.2642087643088825,0.005314200884456096,0.07289856572290086
WST,WST,2024-02-20,2024-02-21,1,sec_acceptance_time,2024-02-20T21:44:29.000Z,000010577024000015,4.118264966005672e-05,1.0811123829132319,0.00017777489496983808,0.013333225227597337,0.0010332516186074556,0.014204713619040413,239,-0.023040989909343744,0.0005333246849095143,0.023093823522957697,0.016584606810591346,0.0007110995798793523,0.026666450455194675,-0.11940975848805796,0.0012444242647888664,0.035276398126635126,-0.12738579525256727,0.001955523844668219,0.04422130532524135
WST,WST,2023-02-21,2023-02-22,1,sec_acceptance_time,2023-02-21T21:18:23.000Z,000010577023000012,-0.0009113864323511693,1.207731273722252,0.00036140993933398823,0.019010784816361165,-0.0001310091712602343,0.054323229504122814,239,0.017484921305909763,0.0010842298180019647,0.03292764519369651,0.02867814113720318,0.001445639757335953,0.03802156963272233,0.17964201958574652,0.0025298695753379176,0.050297808852254364,0.2279615394785656,0.0039755093326738706,0.06305164020605547
WST,WST,2022-02-22,2022-02-23,1,sec_acceptance_time,2022-02-22T21:22:31.000Z,000162828022003342,0.001202100137947929,0.8779415078273247,0.0002133712349628631,0.014607232282772225,0.0006045074112940147,0.016841859755532117,239,0.0342595076307312,0.0006401137048885892,0.025300468471721807,0.03058823911868756,0.0008534849398514524,0.02921446456554445,0.03484553698102011,0.0014935986447400416,0.03864710396316963,-0.004740522034014018,0.002347083584591494,0.04844670870752206
WST,WST,2021-02-23,2021-02-24,1,sec_acceptance_time,2021-02-23T21:49:23.000Z,000010577021000008,0.002148835507655905,0.6826261131284426,0.0003932047627227257,0.01982939138558533,0.0013310253394570929,0.10930785009715636,239,0.020105968223463288,0.001179614288168177,0.03434551336300241,0.018835529648172568,0.0015728190508909029,0.03965878277117066,-0.05870899757410388,0.00275243333905908,0.05246363825602529,-0.10072565162784108,0.004325252389949983,0.06576665104709212
WST,WST,2020-02-24,2020-02-24,0,sec_acceptance_time,2020-02-21T23:56:52.000Z,000010577020000015,0.001568048811375059,0.8339231855792758,0.00014674715016615324,0.012113923813783593,0.0008246717069802714,0.013658641218420961,239,0.0033673939404465633,0.00044024145049845973,0.020981931524491727,-0.0065080918484675225,0.000586988600664613,0.024227847627567186,-0.020770460132417276,0.0010272300511630728,0.03205042981245451,-0.052378334415915745,0.0016142186518276857,0.0401773400292713
WST,WST,2019-02-28,2019-02-28,0,sec_acceptance_time,2019-02-27T22:33:18.000Z,000010577019000012,0.0006275818106827877,0.8957034851535783,0.0001943009702826362,0.013939188293535467,0.00012337270138293332,0.02584292457994696,239,0.017663384808310527,0.0005829029108479085,0.024143382340672745,0.004290158319136146,0.0007772038811305448,0.027878376587070933,-0.0011336729836891888,0.0013601067919784533,0.03687962570279765,0.0012043429599144576,0.002137310673108998,0.04623105745177151
WST,WST,2018-02-26,2018-02-27,1,sec_acceptance_time,2018-02-26T22:13:48.000Z,000010577018000006,3.234219442075324e-05,0.7127771674790995,0.00020106378603987273,0.014179696260494184,0.0006268002394504991,0.009054601941535843,239,0.015932258988459614,0.0006031913581196182,0.024559954359070338,0.017160605574852827,0.0008042551441594909,0.028359392520988368,-0.013340433304823547,0.001407446502279109,0.03751594997170016,0.02704354931800958,0.0022117016464386,0.047028732137264766
WST,WST,2017-02-28,2017-02-28,0,sec_acceptance_time,2017-02-28T17:15:34.000Z,000010577017000011,0.0004121465846797383,1.0942920474571747,0.00012730487439787075,0.011282946175439762,0.0007202398419209788,0.00984166398949135,239,-0.010404908130171637,0.00038191462319361224,0.019542636034926616,-0.03191927841015218,0.000509219497591483,0.022565892350879524,-0.030214495577848426,0.0008911341207850953,0.02985186963634096,-0.0355622905992304,0.0014003536183765783,0.03742129899370916
WST,WST,2016-02-26,2016-02-29,1,sec_acceptance_time,2016-02-26T22:40:44.000Z,000010577016000060,0.000710532598991934,0.8059915083062504,0.00015116673468016742,0.012294988193575763,-0.0002112626883045505,0.026597520462540564,239,0.004571501438701726,0.0004535002040405023,0.021295544229732715,-0.0016962619923902309,0.0006046669387206697,0.024589976387151526,0.039035269505110305,0.0010581671427611719,0.03252948113267674,0.04948987140413173,0.0016628340814818416,0.040777862639940335
CPAY,CPAY,2025-02-27,2025-02-28,1,sec_acceptance_time,2025-02-27T22:13:10.000Z,000162828025008746,0.0004891091405869177,0.7951496929785403,0.00019834191207472333,0.014083391355590575,0.0007469098660976651,0.015400963311389931,239,-0.003206298203639697,0.00059502573622417,0.0243931493707592,-0.021487977784244754,0.0007933676482988933,0.02816678271118115,0.002732153819686157,0.0013883933845230633,0.037261151143289484,-0.05124735203711027,0.0021817610328219565,0.04670932490222864
CPAY,CPAY,2024-02-29,2024-03-01,1,sec_acceptance_time,2024-02-29T22:15:41.000Z,000162828024008060,0.00013680839035390565,1.2239857686359985,0.00021815723501695877,0.014770146750014326,0.0011827812170318141,0.013839081968362614,239,0.0067132585073154775,0.0006544717050508763,0.02558264460627314,0.018800989533483095,0.0008726289400678351,0.029540293500028653,0.01551423882209574,0.0015271006451187115,0.03907813512846681,0.05447220088300633,0.0023997295851865465,0.048987034868284755
CPAY,CPAY,2023-02-28,2023-02-28,0,sec_acceptance_time,2023-02-28T18:35:41.000Z,000162828023005444,-7.013030558065444e-05,1.124750708710247,0.0001732998065353041,0.013164338438953326,1.9104781275840076e-05,0.05351859197609565,239,0.03790906844683411,0.0005198994196059123,0.022801303024299124,0.004984075477391627,0.0006931992261412164,0.026328676877906652,0.010462883547833278,0.0012130986457471286,0.03482956568415875,0.0060042148648664865,0.0019062978718883449,0.043661171215261106
CPAY,CPAY,2022-03-01,2022-03-02,1,sec_acceptance_time,2022-03-01T21:28:55.000Z,000162828022004531,-0.001066416579791235,1.1275533604189987,0.0001850533797618051,0.013603432646277377,0.000403373829690533,0.017367673431524937,239,0.003325972156720183,0.0005551601392854153,0.02356183650069356,0.0019052823558720552,0.0007402135190472204,0.027206865292554755,-0.040169404665125016,0.0012953736583326359,0.03599129975886722,-0.009669561950191499,0.002035587177379856,0.045117481948573505
CPAY,CPAY,2021-02-26,2021-03-01,1,sec_acceptance_time,2021-02-26T22:18:37.000Z,000117545421000022,-0.0005684376400248987,1.1410156370410152,0.0005495378300790222,0.02344222323242875,0.0014859881382650569,0.10072433790534976,239,-0.009174436313230084,0.0016486134902370668,0.04060312168093812,0.01809929033067654,0.002198151320316089,0.0468844464648575,0.03226707601782842,0.0038467648105531558,0.062022292851467174,0.06952491457613898,0.006044916130869244,0.07774905871371848
CPAY,CPAY,2020-03-02,2020-03-03,1,sec_acceptance_time,2020-03-02T21:06:12.000Z,000117545420000008,0.0004259141739779501,1.1417864635296489,0.00015902055686948873,0.012610335319470641,0.000607076260442749,0.014630273839551067,239,-0.05731040480431663,0.0004770616706084662,0.02184174147380346,-0.0800846934398524,0.0006360822274779549,0.025220670638941282,-0.07770838153894792,0.0011131438980864212,0.033363811204453565,-0.09721239321892092,0.0017492261255643762,0.04182375073525061
CPAY,CPAY,2019-03-01,2019-03-04,1,sec_acceptance_time,2019-03-01T21:44:55.000Z,000117545419000004,0.000441643334327996,0.9732713785798335,0.00016092798315772515,0.012685739361886841,6.805813742570397e-05,0.025595346497530796,239,-0.01148907969778042,0.00048278394947317546,0.021972345106364397,-0.0078060074237081365,0.0006437119326309006,0.025371478723773683,-0.005744705943232462,0.0011264958821040761,0.03356331154853579,0.008960757591488157,0.0017702078147349767,0.04207383765162119
CPAY,CPAY,2018-03-01,2018-03-02,1,sec_acceptance_time,2018-03-01T21:46:14.000Z,000117545418000007,0.0006352864100976695,0.9348520865217951,0.0002520502492105538,0.01587609048886261,0.0005648774784660944,0.00912606094554598,239,0.01427534130433962,0.0007561507476316614,0.027498195352271052,0.007248593311150476,0.0010082009968422152,0.03175218097772522,0.019302566317858857,0.0017643517444738766,0.04200418722548833,-0.009486165985058786,0.002772552741316092,0.05265503528928731
CPAY,CPAY,2017-03-01,2017-03-02,1,sec_acceptance_time,2017-03-01T21:29:55.000Z,000117545417000005,-0.00010835247807283808,1.4854678720420036,0.00019655520817993036,0.014019814841142886,0.0006717651998614866,0.009626704528116724,239,-0.04378922632436133,0.000589665624539791,0.024283031617567667,0.008308622468525649,0.0007862208327197214,0.028039629682285773,-0.032541766224703,0.0013758864572595126,0.0370929434968366,-0.035439810678710985,0.002162107289979234,0.04649846545832705
CPAY,CPAY,2016-02-29,2016-03-01,1,sec_acceptance_time,2016-02-29T22:35:54.000Z,000119312516485752,-0.000256303095197477,1.1564155820305826,0.00016702176929843688,0.012923690235317345,-0.000142761111898592,0.0268085628179123,239,0.0342606483384519,0.0005010653078953107,0.022384488108851422,0.0402661017490631,0.0006680870771937475,0.02584738047063469,0.036118189315381896,0.0011691523850890582,0.034192870383883515,0.030996024899552617,0.0018372394622828056,0.042863031417327516
AWK,AWK,2025-02-19,2025-02-20,1,sec_acceptance_time,2025-02-19T21:27:57.000Z,000141063625000022,0.0003630309658903896,0.08371606599040898,0.00017293783878220506,0.013150583210725106,0.0007853096072346615,0.01556975393684211,239,0.04342914879598047,0.0005188135163466151,0.022777478270138138,0.07290288716466524,0.0006917513551288202,0.026301166421450212,0.07932114387892844,0.0012105648714754353,0.034793172771039944,0.06920236337662687,0.0019023162266042556,0.043615550284322395
AWK,AWK,2024-02-14,2024-02-15,1,sec_acceptance_time,2024-02-14T21:28:14.000Z,000141063624000050,-0.0011560219070020155,0.717170452108258,0.0001501745016822971,0.012254570644551243,0.0009911920650846498,0.014231852026876893,239,0.021497716873666663,0.0004505235050468913,0.021225538981304838,0.01826913116661843,0.0006006980067291884,0.024509141289102487,0.011762638586326373,0.0010512215117760796,0.0324225463493551,-0.024342541913178188,0.001651919518505268,0.040643812794880205
AWK,AWK,2023-02-15,2023-02-16,1,sec_acceptance_time,2023-02-15T21:31:32.000Z,000141063623000020,0.00027715649104331823,0.747531958353178,0.00016968613695911403,0.013026363151667239,-0.00014811164115339164,0.05470117905349532,239,0.011656669591587664,0.0005090584108773421,0.022562322816530707,0.010341550195715796,0.0006787445478364561,0.026052726303334477,-0.008758010767094863,0.0011878029587137982,0.03446451738692707,-0.03771924311737629,0.0018665475065502543,0.04320355895699166
AWK,AWK,2022-02-16,2022-02-17,1,sec_acceptance_time,2022-02-16T21:32:28.000Z,000141063622000048,0.00027893923851739786,0.42918281343867354,0.0001492290069399764,0.01221593250390556,0.0007465087047458983,0.016824079214723495,239,0.021127110807073,0.00044768702081992917,0.021158615758596525,0.026410930391637152,0.0005969160277599056,0.02443186500781112,-0.001272260983946939,0.0010446030485798347,0.03232031943808469,-0.002702882615244165,0.0016415190763397402,0.040515664579761496
AWK,AWK,2021-02-24,2021-02-25,1,sec_acceptance_time,2021-02-24T21:32:18.000Z,000141063621000101,-0.00026283666193236397,0.8846863296897423,0.0003750972733047384,0.019367428154113246,0.0014010397745664802,0.10897140201159526,239,-0.05885061014175127,0.0011252918199142151,0.03354536957486406,-0.05681615600715825,0.0015003890932189536,0.03873485630822649,-0.10343247027525201,0.002625680913133169,0.05124139843069438,-0.13140162809761238,0.004126070006352123,0.06423449234135911
AWK,AWK,2020-02-18,2020-02-19,1,sec_acceptance_time,2020-02-18T21:34:02.000Z,000141063620000040,0.0012388195226636129,0.08813467541151368,8.706684310085653e-05,0.009330961531420892,0.0008052681755793671,0.013682809427976636,239,-0.01808316465796513,0.0002612005293025696,0.016161699455891687,-0.020845280288901466,0.0003482673724034261,0.018661923062841784,0.0017632799133585567,0.0006094679017059957,0.024687403705250088,-0.02285894521443754,0.0009577352741094218,0.030947298332963117
AWK,AWK,2019-02-19,2019-02-20,1,sec_acceptance_time,2019-02-19T21:32:26.000Z,000141063619000041,0.0010000908713539793,0.27658298055910086,0.00011519653607751287,0.010732964924824494,4.797566074432738e-05,0.02589201016946252,239,0.0207267422069396,0.0003455896082325386,0.0185900405656507,0.016384869418107406,0.00046078614431005146,0.021465929849648988,0.02360013265728391,0.0008063757525425901,0.028396756021464672,0.015515919205580236,0.0012671618968526416,0.0355972175436879
AWK,AWK,2018-02-20,2018-02-21,1,sec_acceptance_time,2018-02-20T21:33:54.000Z,000141063618000076,-8.03130013769967e-05,0.44693760919315767,7.785451042856686e-05,0.008823520296829767,0.0004743779689603801,0.008787160011386753,239,-0.0171201703819371,0.0002335635312857006,0.015282785455724378,0.0021177452610080857,0.00031141804171426745,0.017647040593659534,0.018862049844592072,0.000544981572999968,0.02334484039354238,0.010086872008962623,0.0008563996147142354,0.029264306154669642
AWK,AWK,2017-02-21,2017-02-22,1,sec_acceptance_time,2017-02-21T21:32:56.000Z,000156459017001899,0.00015565822290703688,0.461642966407938,0.00012203374261718197,0.011046888368096329,0.0006708218861251223,0.009977126427538254,239,0.020705523594121325,0.0003661012278515459,0.019133771919084483,0.026085932888848213,0.0004881349704687279,0.022093776736192658,0.04110104862971367,0.0008542361983202738,0.02922731938307504,0.044265377729139146,0.0013423711687890016,0.03663838381791699
AWK,AWK,2016-02-25,2016-02-25,0,sec_acceptance_time,2016-02-25T01:10:46.000Z,000156459016013247,0.0011659863019580104,0.45858971511057034,9.553867059106374e-05,0.009774388502155198,-0.00024609600313584056,0.026875188491934713,239,-0.03679962733660397,0.0002866160117731912,0.01692973749864986,-0.035891928426112565,0.00038215468236425494,0.019548777004310396,-0.02840497391001931,0.0006687706941374462,0.025860601194431777,0.022470215881762512,0.0010509253765017012,0.03241797921681271
CPRT,CPRT,2025-09-26,2025-09-29,1,sec_acceptance_time,2025-09-26T20:33:59.000Z,000162828025042946,-0.0009477452074434967,0.713395999012365,0.0002108306006988028,0.014520006911114155,0.0006883133138553256,0.03441260767758873,239,-0.004332604304051068,0.0006324918020964084,0.02514938969630095,-0.010459669232401091,0.0008433224027952112,0.02904001382222831,-0.015254414154260553,0.0014758142048916197,0.03841632732174719,-0.02830205623163759,0.002319136607686831,0.04815741487753294
CPRT,CPRT,2024-09-30,2024-09-30,0,sec_acceptance_time,2024-09-27T23:06:12.000Z,000090007524000024,-0.00047869448064774523,0.9387419284999482,0.00012006411885526956,0.01095737737121751,0.0011789974668609524,0.01515139283693356,239,0.01448654568087992,0.0003601923565658087,0.01897873432465423,0.010699157143031003,0.00048025647542107824,0.02191475474243502,0.0038345763967014886,0.0008404488319868869,0.028990495545728204,0.03185361634729245,0.0013207053074079651,0.03634150942665928
CPRT,CPRT,2023-09-28,2023-09-29,1,sec_acceptance_time,2023-09-28T20:38:17.000Z,000090007523000034,0.0012552351182372932,0.9644844531740062,0.00012381807103760463,0.011127356875628849,0.0007809456719069726,0.02594828759924342,239,0.006385307246357334,0.00037145421311281387,0.01927314746254005,0.010540048818359031,0.0004952722841504185,0.022254713751257697,0.016639644324447436,0.0008667264972632324,0.029440219042378615,0.030171482751478497,0.001361998781413651,0.03690526766484225
CPRT,CPRT,2022-09-27,2022-09-28,1,sec_acceptance_time,2022-09-27T20:27:24.000Z,000090007522000050,-0.00026275965817093734,1.2223786500695386,0.00013712339360862812,0.01170996983807508,-0.00045697034241907314,0.04517999201355287,239,0.034988708389308065,0.00041137018082588436,0.020282262714645137,-0.0016304151018687978,0.0005484935744345125,0.02341993967615016,0.07079379858903934,0.0009598637552603968,0.030981668051613953,0.051132045326981415,0.0015083573296949093,0.038837576259273816
CPRT,CPRT,2021-09-27,2021-09-28,1,sec_acceptance_time,2021-09-27T20:53:05.000Z,000090007521000022,-3.19797647169392e-05,1.0929236671349418,0.0001609374861923659,0.012686113912162617,0.0010510089201494549,0.017157286452775946,239,-0.019752457614523215,0.00048281245857709773,0.02197299384647203,-0.025225326883572482,0.0006437499447694636,0.025372227824325234,-0.02056621291599868,0.0011265624033465612,0.03356430251541898,-0.013794568410941855,0.001770312348116025,0.04207507989435106
CPRT,CPRT,2020-09-28,2020-09-29,1,sec_acceptance_time,2020-09-28T20:48:27.000Z,000090007520000021,0.0006789702294952099,0.9893792781107614,0.0003013526910768007,0.017359512985012013,0.0007248157497473698,0.11171752334699431,239,-0.012598660554685996,0.0009040580732304021,0.030067558484692468,0.009385726937826416,0.0012054107643072029,0.03471902597002403,0.009897222184210745,0.002109468837537605,0.04592895423953832,0.03568679959797465,0.003314879601844808,0.05757499111458731
CPRT,CPRT,2019-09-30,2019-10-01,1,sec_acceptance_time,2019-09-30T20:54:57.000Z,000090007519000022,0.0018555695503472867,1.0372600084095627,0.0001573715077523179,0.012544780099799195,0.00021617287897389916,0.027361071577105444,239,-0.008102830318562064,0.0004721145232569537,0.021728196502631178,-0.0026791236703725164,0.0006294860310092716,0.02508956019959839,-0.014104886802509929,0.0011016005542662253,0.0331903683960607,-0.005686792625772551,0.0017310865852754969,0.041606328668551094
CPRT,CPRT,2018-10-01,2018-10-02,1,sec_acceptance_time,2018-10-01T20:48:26.000Z,000090007518000048,0.0011546102800194637,0.8672543249152868,0.00025904942959265737,0.016095012568887835,0.0005897609849356008,0.01529485203917445,239,0.017716664176089796,0.0007771482887779721,0.027877379517773405,-0.006181531044120116,0.0010361977183706295,0.03219002513777567,0.003912109534304731,0.0018133460071486016,0.04258340060573605,0.0010792391699697085,0.002849543725519231,0.05338111768705514
CPRT,CPRT,2017-09-28,2017-09-28,0,sec_acceptance_time,2017-09-28T00:34:54.000Z,000090007517000044,0.0002857203745153731,1.171677797951988,8.41269485721404e-05,0.009172074387625757,0.0006489817584362686,0.005368281833433885,239,-0.007503097037009441,0.00025238084571642123,0.015886498850169007,-0.012745377773677423,0.0003365077942885616,0.018344148775251513,0.009702166435314751,0.0005888886400049828,0.024267027836242797,0.014997656353942682,0.0009253964342935445,0.030420329292983408
CPRT,CPRT,2016-09-28,2016-09-29,1,sec_acceptance_time,2016-09-28T21:29:23.000Z,000090007516000081,0.0015858472738738954,0.9121255870878263,0.00011948412925185132,0.01093087961931021,0.00033848081628262857,0.019765533631515706,239,-0.01726585480937211,0.000358452387755554,0.01893283887206443,-0.0066893130808821505,0.0004779365170074053,0.02186175923862042,-0.0166727758152849,0.0008363889047629593,0.028920389083879203,-0.012477913702469064,0.0013143254217703646,0.03625362632579484
DOV,DOV,2025-02-14,2025-02-18,1,sec_acceptance_time,2025-02-14T21:24:26.000Z,000002990525000006,0.00033089418053738797,0.8793756647388529,0.00012181371153470058,0.011036924912977373,0.0007560044639888342,0.015541036774728218,239,0.005692302774226129,0.0003654411346041017,0.019116514708599517,0.004924153568507998,0.0004872548461388023,0.022073849825954745,-0.004244832768486459,0.0008526959807429041,0.029200958558631328,-0.013669560536864269,0.0013399508268817065,0.03660533877567187
DOV,DOV,2024-02-09,2024-02-12,1,sec_acceptance_time,2024-02-09T21:31:46.000Z,000002990524000008,-0.0005733326080128606,1.0796904219042016,0.00012113861157192848,0.011006298722637347,0.0009319987199840138,0.014317566323551856,239,0.009689796243945819,0.00036341583471578544,0.019063468590888318,0.014720564600322193,0.0004845544462877139,0.022012597445274694,-0.0010703525050434958,0.0008479702810034993,0.029119929275386286,0.011035529471542198,0.0013325247272912132,0.03650376319355599
DOV,DOV,2023-02-10,2023-02-13,1,sec_acceptance_time,2023-02-10T21:27:47.000Z,000002990523000008,0.00032718170185871054,0.9904454788131831,0.0001284146562750967,0.011332019073188003,-5.076399356620536e-05,0.05544286735796097,239,0.00242248549148724,0.0003852439688252901,0.019627632787101203,0.00969804100108331,0.0005136586251003868,0.022664038146376006,0.005601351597019526,0.0008989025939256769,0.029981704319896108,-0.04070808397330306,0.0014125612190260637,0.03758405538291555
DOV,DOV,2022-02-11,2022-02-14,1,sec_acceptance_time,2022-02-11T21:36:48.000Z,000002990522000009,0.0005877440875200504,0.9436154359737288,0.00010148527216961194,0.010073989883338772,0.0007119605675141037,0.017194954645892633,239,-0.009085298169710834,0.00030445581650883583,0.01744866231287762,0.0007090768763423645,0.00040594108867844777,0.020147979766677544,-0.007484061850855239,0.0007103969051872836,0.026653271941494982,0.004671376544091304,0.0011163379938657313,0.03341164458487088
DOV,DOV,2021-02-12,2021-02-16,1,sec_acceptance_time,2021-02-12T21:34:31.000Z,000002990521000010,-0.0003583931770692924,1.1468738352366192,0.00023140064323425187,0.01521185863838643,0.0011723032025941769,0.11718111439275791,239,-0.015332283638607398,0.0006942019297027556,0.026347712039240818,0.005862894755172689,0.0009256025729370075,0.03042371727677286,0.019836754397533473,0.001619804502639763,0.040246794936240116,0.01340806453302993,0.0025454070755767705,0.05045202746745437
DOV,DOV,2020-02-14,2020-02-18,1,sec_acceptance_time,2020-02-14T21:35:38.000Z,000002990520000011,0.00029094363575768846,1.2230244238200498,8.432830855915499e-05,0.009183044623606867,0.0007627915809345757,0.013653035615859323,239,-0.024566709835350503,0.00025298492567746495,0.01590549985625931,0.011042942772369474,0.00033731323423661996,0.018366089247213734,0.009322545241543984,0.000590298159914085,0.024296052352472508,0.009292560980520817,0.0009276113941507049,0.030456713449594407
DOV,DOV,2019-02-15,2019-02-19,1,sec_acceptance_time,2019-02-15T22:22:29.000Z,000002990519000019,0.0004130285712115393,0.928773977020719,0.00014432601482257103,0.012013576271143037,-1.4171917152486688e-06,0.026015173485470347,239,0.007791746178470604,0.0004329780444677131,0.0208081244822236,0.0050192591465909805,0.0005773040592902841,0.024027152542286073,0.006542668432694298,0.0010102821037579971,0.031784935169951144,0.016392521926050903,0.0015875861630482812,0.03984452488169838
DOV,DOV,2018-02-09,2018-02-12,1,sec_acceptance_time,2018-02-09T21:38:48.000Z,000002990518000013,0.0004112700704677105,1.1475822401765734,0.00010364404397633291,0.010180571888471341,0.0006643008525456131,0.00513269236320211,239,-0.017462330370744586,0.00031093213192899874,0.017633267760939795,-0.006858601499972817,0.00041457617590533164,0.020361143776942682,-0.000790909113213346,0.0007255083078343303,0.026935261421310364,-0.01503601819022681,0.001140084483739662,0.03376513710529934
DOV,DOV,2017-02-10,2017-02-13,1,sec_acceptance_time,2017-02-10T22:21:03.000Z,000002990517000011,0.00022713910753355574,1.5512879311773053,0.00015029432836718406,0.0122594587305959,0.0007522017585572695,0.010668069350782643,239,-0.009193540387189983,0.0004508829851015522,0.021234005394685954,-0.012851452350345642,0.0006011773134687363,0.0245189174611918,-0.008177046133290808,0.0010520602985702883,0.032435479009416346,-0.0220253554967774,0.0016532376120390246,0.040660024742233306
DOV,DOV,2016-02-12,2016-02-12,0,sec_acceptance_time,2016-02-12T11:47:30.000Z,000002990516000064,-0.00028488011864049077,1.0337230729405766,0.0001749571839414546,0.0132271381614261,-0.0003620134839506722,0.025530505284979552,239,0.03300133522245566,0.0005248715518243638,0.02291007533432319,0.026704895961785963,0.0006998287357658184,0.0264542763228522,0.0002907266203720218,0.0012247002875901821,0.03499571813222558,0.01725609478498144,0.0019245290233560006,0.043869454331641744
ATI,ATI,2025-02-21,2025-02-21,0,sec_acceptance_time,2025-02-21T20:40:28.000Z,000162828025007092,0.0003372174754010726,1.1051513052342175,0.0004965371774648649,0.02228311417788961,0.0007520336180650597,0.015562056386715189,239,-0.042622539889865044,0.0014896115323945946,0.0385954859069632,-0.04166813659164657,0.0019861487098594595,0.04456622835577922,-0.045078490962356145,0.003475760242254054,0.058955578550753396,-0.02842081139244841,0.005461908952113514,0.07390472888870855
ATI,ATI,2024-02-23,2024-02-23,0,sec_acceptance_time,2024-02-23T18:54:13.000Z,000162828024006606,-0.0009308850944633095,1.4691645856694489,0.00038653452734626855,0.01966048136100102,0.0009168314360712593,0.014219491605563607,239,0.004480358628559777,0.0011596035820388055,0.034052952618514674,0.054677790972755345,0.0015461381093850742,0.03932096272200204,0.05082381804494149,0.0027057416914238797,0.052016744337029394,0.07564249657419744,0.004251879800808954,0.06520643987221626
ATI,ATI,2023-02-24,2023-02-24,0,sec_acceptance_time,2023-02-24T19:28:42.000Z,000162828023005017,0.002312574254686961,1.024607069352781,0.000603864915301834,0.02457366304200157,-6.53963254906473e-05,0.05424351801629333,239,-0.006023091866983337,0.001811594745905502,0.0425628329168243,0.03958252507455883,0.002415459661207336,0.04914732608400314,0.029882741279861957,0.004227054407112837,0.06501580121103513,0.061563291763455125,0.006642514068320174,0.0815016200349427
ATI,ATI,2022-02-25,2022-02-25,0,sec_acceptance_time,2022-02-25T18:25:12.000Z,000162828022003961,0.000152200195437172,1.2692643397929633,0.0007195252268545186,0.02682396739586668,0.0006373631336913139,0.016852398712755436,239,0.04115897925354338,0.002158575680563556,0.046460474390212114,0.08174537104419839,0.0028781009074180745,0.05364793479173336,0.09021931656815013,0.005036676587981631,0.0709695469055681,0.1167645341490633,0.007914777495399705,0.0889650352408164
ATI,ATI,2021-02-26,2021-02-26,0,sec_acceptance_time,2021-02-26T18:52:31.000Z,000162828021003434,0.0002528040770486441,1.6408760161956149,0.002208475509930266,0.04699441998716727,0.0017004283178723226,0.10299758466164884,239,-0.02600783673319016,0.006625426529790798,0.08139672309000405,0.02760711792170307,0.008833902039721064,0.09398883997433453,0.0540392451608042,0.015459328569511863,0.12433554829376779,0.13301027062925247,0.024293230609232927,0.15586285833781224
ATI,ATI,2020-02-25,2020-02-25,0,sec_acceptance_time,2020-02-25T17:44:37.000Z,000101896320000004,-0.002531203902784642,1.707652679576137,0.0005290194389216345,0.02300042258137086,0.0008596827194238953,0.013605381912328735,239,0.0107527184496813,0.0015870583167649035,0.03983790050648884,0.030647007576914152,0.002116077755686538,0.04600084516274172,0.07540350314053426,0.0037031360724514416,0.060853398199701564,0.058387804277234764,0.00581921382813798,0.07628377172202473
ATI,ATI,2019-02-28,2019-02-28,0,sec_acceptance_time,2019-02-28T17:20:24.000Z,000101896319000007,0.00032246780556832667,1.3575543000357544,0.0003152138939758613,0.017754264106852227,0.00012337270138293332,0.02584292457994696,239,-0.010609705447836756,0.0009456416819275838,0.03075128748406453,-0.01820165841071654,0.0012608555759034451,0.035508528213704454,-0.006891956588554977,0.002206497257831029,0.04697336753769128,-0.07968619168696571,0.003467352833734474,0.058884232471303165
ATI,ATI,2018-02-20,2018-02-20,0,sec_acceptance_time,2018-02-20T19:30:21.000Z,000101896318000004,0.0007206387231207778,1.9416361397331272,0.0005357949486275223,0.023147244946807866,0.00039163962060205005,0.008645007576763081,239,-0.059893516728113216,0.0016073848458825668,0.04009220430311318,-0.030741044029349927,0.002143179794510089,0.04629448989361573,-0.04936660658963532,0.003750564640392656,0.061241853665550135,-0.06555168060602966,0.005893744434902745,0.07677072641901173
ATI,ATI,2017-02-24,2017-02-24,0,sec_acceptance_time,2017-02-24T19:11:15.000Z,000101896317000007,-0.00012196097621287134,2.9889320502630006,0.0015260483504519284,0.039064668825575986,0.0006909421270752348,0.00999984777119279,239,-0.01253161477319803,0.0045781450513557856,0.06766199118674963,-0.005403366369107996,0.006104193401807714,0.07812933765115197,-0.06335467491272895,0.0106823384531635,0.10335539876157171,-0.14385084425103264,0.016786531854971212,0.1295628490539291
ATI,ATI,2016-02-26,2016-02-29,1,sec_acceptance_time,2016-02-26T21:03:59.000Z,000101896316000049,-0.0028868622002266513,1.8373100153547095,0.0014643344322548624,0.03826662295336319,-0.0002112626883045505,0.026597520462540564,239,0.13835728514501186,0.004393003296764587,0.06627973518930645,0.1953645854874748,0.00585733772901945,0.07653324590672637,0.2108659892693661,0.010250341025784038,0.10124396784887502,0.3695133801724231,0.016107678754803487,0.12691603033030732
WRB,WRB,2025-02-24,2025-02-25,1,sec_acceptance_time,2025-02-24T21:18:40.000Z,000001154425000005,0.0003291019835495899,0.2517428851948438,0.0001811463521820754,0.013459062084041198,0.0007668444190557178,0.015599843434919665,239,0.008806927042946805,0.0005434390565462262,0.023311779351783215,0.012596634037046067,0.0007245854087283016,0.026918124168082397,0.04308327836590531,0.0012680244652745276,0.03560933115455172,0.043557294889986095,0.001992609874002829,0.044638658962863446
WRB,WRB,2024-02-23,2024-02-26,1,sec_acceptance_time,2024-02-23T21:09:29.000Z,000001154424000005,0.0005399339705540682,0.5504388192149818,0.00018985752039985774,0.013778879504511886,0.0009383129587277459,0.014243381899931361,239,-0.010379298719530682,0.0005695725611995732,0.023865719373184064,-0.023149263412179405,0.0007594300815994309,0.027557759009023772,0.0030600150491604076,0.0013290026427990043,0.03645548851406334,0.0011491533256373608,0.002088432724398435,0.04569937334798405
WRB,WRB,2023-02-24,2023-02-24,0,sec_acceptance_time,2023-02-24T13:37:12.000Z,000001154423000004,0.0007177677571004014,0.47719761106416986,0.00019371268880189287,0.013918070584743163,-6.53963254906473e-05,0.05424351801629333,239,-0.005786765053208783,0.0005811380664056786,0.02410680539610503,0.019203459033054357,0.0007748507552075715,0.027836141169486326,0.0118093905698866,0.0013559888216132501,0.03682375349707374,0.006884926422392206,0.002130839576820822,0.04616101793527545
WRB,WRB,2022-02-24,2022-02-25,1,sec_acceptance_time,2022-02-24T21:51:04.000Z,000001154422000007,0.0005563492776376467,0.7667332975916172,0.00012923209113199899,0.01136802934250255,0.0006373631336913139,0.016852398712755436,239,-0.016816310426501863,0.00038769627339599696,0.019690004403148238,0.01397788194589387,0.0005169283645279959,0.0227360586850051,-0.008675198604877782,0.0009046246379239928,0.03007697853714686,0.010789992141089652,0.0014215530024519888,0.03770348793483156
WRB,WRB,2021-02-18,2021-02-19,1,sec_acceptance_time,2021-02-18T22:21:32.000Z,000001154421000013,-0.0010610471490077598,1.1625167203094475,0.00033907781794416717,0.018414065763545193,0.0012237801584862136,0.11306987198764669,239,0.02415623082841343,0.0010172334538325015,0.031894097476374866,0.06121945718195321,0.0013563112717766687,0.036828131527090385,0.059377611431303975,0.00237354472560917,0.04871903863592928,0.06800767112406186,0.0037298559973858387,0.06107254700260861
WRB,WRB,2020-02-20,2020-02-21,1,sec_acceptance_time,2020-02-20T21:20:08.000Z,000001154420000016,0.0010742770503453132,0.6181140425274025,8.749166467773402e-05,0.009353697914607571,0.000826759208711218,0.013656439311440156,239,-0.004429588216383302,0.00026247499403320206,0.016201080026751368,-0.008375498871746113,0.00034996665871093606,0.018707395829215143,-0.02707557249835669,0.0006124416527441381,0.024747558520875106,-0.08487878900971277,0.0009624083114550742,0.031022706385083074
WRB,WRB,2019-02-22,2019-02-25,1,sec_acceptance_time,2019-02-22T21:13:46.000Z,000001154419000016,0.0007008056515868977,0.589094347305486,6.462536128048117e-05,0.008038990065952387,9.183904200894302e-05,0.02574791169693147,239,-0.0078889676078535,0.0001938760838414435,0.013923939235771014,0.01242150615078529,0.0002585014451219247,0.016077980131904774,0.014779071033563117,0.0004523775289633682,0.021269168506628747,0.019745357340119375,0.0007108789740852929,0.026662313742158477
WRB,WRB,2018-02-23,2018-02-26,1,sec_acceptance_time,2018-02-23T21:41:12.000Z,000001154418000012,-0.0003096811240183669,0.5925801453581295,7.260043674582976e-05,0.008520588990546942,0.0006156802204659906,0.009062982222190288,239,0.0027074004243311653,0.0002178013102374893,0.014758093042039316,-7.450774126227435e-05,0.00029040174698331903,0.017041177981093884,-0.0014233650532061272,0.0005082030572208083,0.02254335949278209,0.012494086911068224,0.0007986048042041273,0.028259596674477278
WRB,WRB,2017-02-28,2017-02-28,0,sec_acceptance_time,2017-02-27T22:34:39.000Z,000001154417000009,0.0007791865266968368,0.8834570038335956,5.313694607238727e-05,0.007289509316297447,0.0007202398419209788,0.00984166398949135,239,-0.004383218245831276,0.0001594108382171618,0.012625800498073847,-0.004279718142715406,0.00021254778428954907,0.014579018632594894,-0.012950963063635355,0.00037195862250671087,0.019286228830611516,-0.006631052801676483,0.0005845064067962599,0.024176567307958752
WRB,WRB,2016-02-22,2016-02-23,1,sec_acceptance_time,2016-02-22T22:25:35.000Z,000001154416000086,0.0005643725771935164,0.789498465387781,7.219394792787972e-05,0.008496702179544704,-0.0004384598522475204,0.02650164269320964,239,-0.013486363585245176,0.00021658184378363918,0.014716719871752645,-0.0019974060924111874,0.0002887757917115189,0.016993404359089408,-0.005596435538830826,0.000505357635495158,0.022480160931255763,-0.03215993035821606,0.000794133427206677,0.028180373084944723
LVS,LVS,2025-02-07,2025-02-10,1,sec_acceptance_time,2025-02-07T22:11:18.000Z,000130051425000040,-0.0011571855454678285,0.7751806140961189,0.0003734326752786084,0.019324406207658965,0.000819763763777741,0.015787093171727627,239,-0.013948824657881078,0.0011202980258358253,0.03347085337776474,-0.018540449659766645,0.0014937307011144336,0.03864881241531793,-0.04824522077900219,0.0026140287269502587,0.05112757305945842,-0.0358418049437497,0.004107759428064692,0.0640918046872195
LVS,LVS,2024-02-07,2024-02-08,1,sec_acceptance_time,2024-02-07T21:47:16.000Z,000130051424000048,-0.001249548127156085,1.1140876951944474,0.0002631716172675018,0.016222565064363335,0.0007395854381020919,0.014533497059436587,239,0.01514109941228715,0.0007895148518025053,0.02809830692056917,0.03539493577520018,0.0010526864690700072,0.03244513012872667,0.07930237931642377,0.0018422013208725125,0.04292087278786992,0.09400127012009739,0.00289488778994252,0.053804161455620884
LVS,LVS,2023-02-03,2023-02-06,1,sec_acceptance_time,2023-02-03T21:02:55.000Z,000130051423000021,0.001886693179984139,1.2170523874940646,0.0008923079892982835,0.029871524723359594,-0.0002110364273945392,0.05546960970131,239,0.009919859651883647,0.0026769239678948505,0.05173899852040867,-0.001144285790845842,0.003569231957193134,0.05974304944671919,-0.04012029854614574,0.006246155925087985,0.07903262570032699,-0.06445574890012917,0.00981538788228112,0.09907263942320867
LVS,LVS,2022-02-04,2022-02-07,1,sec_acceptance_time,2022-02-04T21:29:50.000Z,000130051422000007,-0.001536388415748616,1.1907671620535734,0.0006809818973347194,0.02609562985127432,0.0005554922400330157,0.016921156559931243,239,0.03438311410570269,0.0020429456920041584,0.04519895675791819,0.059439966327426916,0.0027239275893388777,0.05219125970254864,0.06580563547818116,0.004766873281343036,0.0690425468920653,0.09517422331796555,0.0074908008706819134,0.08654941288467481
LVS,LVS,2021-02-05,2021-02-08,1,sec_acceptance_time,2021-02-05T21:49:15.000Z,000130051421000033,-0.0014057055613626015,1.07410248077402,0.0008469488329495593,0.02910238534810436,0.0006383477080033502,0.11900686607527,239,0.021626330849835736,0.002540846498848678,0.05040681004436482,-0.012460541880773788,0.003387795331798237,0.05820477069620872,0.03995233366601399,0.005928641830646915,0.07699767418985404,0.1365575075987922,0.009316437162445151,0.09652169270399867
LVS,LVS,2020-02-07,2020-02-10,1,sec_acceptance_time,2020-02-07T22:14:01.000Z,000130051420000011,-0.00037666911437165814,1.5743571222705728,0.00018657686394328566,0.0136593141827577,0.0006430073906879009,0.013305410249439141,239,-0.012511164821787421,0.000559730591829857,0.023658626161082493,0.01771746798934528,0.0007463074557731426,0.0273186283655154,-0.01002158813740247,0.0013060380476029995,0.03613914840727434,-0.020024434651071524,0.002052345503376142,0.045302820037787295
LVS,LVS,2019-02-22,2019-02-25,1,sec_acceptance_time,2019-02-22T21:04:56.000Z,000130051419000021,-0.0004923264395949937,1.2566930554406208,0.0002657481955295899,0.016301785041203002,9.183904200894302e-05,0.02574791169693147,239,-0.002647695107292073,0.0007972445865887698,0.0282355199454299,0.0028450515834103716,0.0010629927821183597,0.032603570082406004,0.005967874340919542,0.0018602373687071293,0.04313046914545597,-0.01066367035408991,0.002923230150825489,0.054066904394698696
LVS,LVS,2018-02-23,2018-02-26,1,sec_acceptance_time,2018-02-23T21:14:21.000Z,000130051418000022,0.0010082595603452273,0.9742026204121075,0.00011367760600401618,0.010661970080806651,0.0006156802204659906,0.009062982222190288,239,-0.016214770897014598,0.0003410328180120485,0.018467073888736366,-0.026803724104222243,0.0004547104240160647,0.021323940161613302,-0.04996441873065298,0.0007957432420281133,0.028208921319825636,-0.051532605373746404,0.001250453666044178,0.035361754284030905
LVS,LVS,2017-02-24,2017-02-27,1,sec_acceptance_time,2017-02-24T21:24:52.000Z,000130051417000005,-0.00012044630354323446,1.126251522413448,0.0003170654889068642,0.01780633283151992,0.0007343563137411917,0.009859465545477978,239,0.02310375143241593,0.0009511964667205926,0.03084147316067429,0.02268580533772214,0.0012682619556274569,0.03561266566303984,0.024645040067752498,0.0022194584223480494,0.047111128434246294,0.022683351953738426,0.0034877203779755065,0.05905692489433823
LVS,LVS,2016-02-26,2016-02-29,1,sec_acceptance_time,2016-02-26T22:23:25.000Z,000130051416000023,0.0002511516470814701,1.350432393820108,0.0004207010014195225,0.020510997084966943,-0.0002112626883045505,0.026597520462540564,239,0.048260860713704064,0.0012621030042585676,0.035526089065059885,0.06238198591137988,0.00168280400567809,0.041021994169933886,0.057470669618379426,0.0029449070099366575,0.05426699742879329,0.044256534766685014,0.004627711015614747,0.06802728140690871
HUBB,HUBB,2025-02-13,2025-02-13,0,sec_acceptance_time,2025-02-13T13:19:23.000Z,000162828025005311,-0.0005484695734651925,1.5465377297353562,0.00023664026053475491,0.015383116086630658,0.0007659696003275171,0.01544900970527316,239,-0.027607967137673516,0.0007099207816042648,0.02664433864077442,-0.018118655717714514,0.0009465610421390197,0.030766232173261316,-0.047572178559185635,0.0016564818237432843,0.040699899554461856,-0.03914754743813953,0.002603042865882304,0.051020024165834184
HUBB,HUBB,2024-02-08,2024-02-08,0,sec_acceptance_time,2024-02-08T13:15:27.000Z,000162828024003792,0.0007558626277426906,0.9430995579766432,0.00026821305918841036,0.01637721158159747,0.0007395854381020919,0.014533497059436587,239,0.02001203071340342,0.0008046391775652311,0.028366162545632272,-0.0019107998061166451,0.0010728522367536414,0.03275442316319494,-0.007886985056523192,0.0018774914143188724,0.04333002901359371,0.024257760392931038,0.002950343651072514,0.05431706592842174
HUBB,HUBB,2023-02-09,2023-02-09,0,sec_acceptance_time,2023-02-09T13:21:14.000Z,000162828023002875,0.0015446099490135292,0.8514405203689831,0.0001971339546498029,0.01404043997351233,-0.00014136595680459528,0.05526965067260038,239,0.0032680135468853835,0.0005914018639494086,0.024318755394744374,0.016292728089437963,0.0007885358185992116,0.02808087994702466,0.006690204219066657,0.0013799376825486202,0.03714751246784393,0.038135520093388796,0.0021684735011478318,0.046566871283647907
HUBB,HUBB,2022-02-11,2022-02-11,0,sec_acceptance_time,2022-02-11T13:13:07.000Z,000162828022002255,-0.0002135331864033808,0.9600700007094788,0.00011945437503490561,0.010929518517981733,0.0005879616663025995,0.01780609689206645,239,-0.006375800350812116,0.00035836312510471684,0.018930481375409258,0.0008930822739360357,0.00047781750013962243,0.021859037035963466,0.0028333461829568867,0.0008361806252443392,0.02891678794825489,-0.0025519567463494967,0.0013139981253839617,0.03624911206338662
HUBB,HUBB,2021-02-11,2021-02-11,0,sec_acceptance_time,2021-02-11T13:19:50.000Z,000162828021001868,3.416904646361607e-05,1.1168761089642016,0.0002729165370351495,0.016520185744571685,0.0009680799659187623,0.11808375554012561,239,0.009524816679173535,0.0008187496111054485,0.02861380106007324,0.03264712884788083,0.001091666148140598,0.03304037148914337,0.0263793126730485,0.0019104157592460464,0.04370830309273109,0.032797755745875276,0.0030020819073866443,0.054791257581722326
HUBB,HUBB,2020-02-14,2020-02-14,0,sec_acceptance_time,2020-02-14T13:21:47.000Z,000162828020001557,0.0001560731045142041,1.2009009516611073,9.85758493607468e-05,0.009928537120882753,0.0007831129377755788,0.0136166542295107,239,-0.01787644342988678,0.00029572754808224037,0.017196730738202548,-0.019282682224488763,0.0003943033974429872,0.019857074241765506,-0.012570010691972184,0.0006900309455252276,0.026268440104529,-0.00035754423762294693,0.0010843343429682148,0.032929232347083566
HUBB,HUBB,2019-02-15,2019-02-15,0,sec_acceptance_time,2019-02-15T13:17:12.000Z,000162828019001446,-0.0003228933585134335,1.0535841351347506,0.000187920340099159,0.013708403995329252,-5.7413382220626095e-05,0.026175393916646132,239,0.006238607370741407,0.000563761020297477,0.023743652210590455,0.01926963157530081,0.000751681360396636,0.027416807990658505,0.011286186639587957,0.001315442380694113,0.03626902784324544,0.017212757179003866,0.002067123741090749,0.045465632527116
HUBB,HUBB,2018-02-15,2018-02-15,0,sec_acceptance_time,2018-02-15T13:32:48.000Z,000162828018001740,6.561843207814207e-06,0.9946980273139185,9.572622704287366e-05,0.0097839780786178,0.000532626264248131,0.007175416418156381,239,-0.011518966496232082,0.000287178681128621,0.016946347132306153,-0.014153248739399885,0.00038290490817149465,0.0195679561572356,-0.01636392279499668,0.0006700835893001157,0.02588597282893026,-0.011617555187922703,0.0010529884974716103,0.03244978424383759
HUBB,HUBB,2017-02-16,2017-02-16,0,sec_acceptance_time,2017-02-16T13:32:02.000Z,000162828017001423,0.00023778532100803028,1.0429078033161756,5.9535956207903546e-05,0.007715954653048678,0.0007415223026977733,0.010478657861084944,239,-0.008477222440434716,0.00017860786862371064,0.0133644254879778,-0.016545066875753304,0.00023814382483161418,0.015431909306097356,-0.03406566896570909,0.00041675169345532483,0.02041449713941847,-0.04858183705671567,0.000654895518286939,0.025590926483559345
HUBB,HUBB,2016-02-18,2016-02-18,0,sec_acceptance_time,2016-02-18T13:35:09.000Z,000162828016011342,-0.0004096481799977511,0.8690328718688506,8.704479766968901e-05,0.009329780151198045,-0.0004795898266151215,0.02603768162732686,239,0.0035112031950605424,0.000261134393009067,0.016159653245322654,0.03621449497355152,0.00034817919067875604,0.01865956030239609,0.03268069258233901,0.0006093135836878231,0.024684278066976623,0.04975868796591848,0.0009574927743665791,0.030943380138029185
CNP,CNP,2025-02-20,2025-02-20,0,sec_acceptance_time,2025-02-20T11:05:52.000Z,000113031025000040,0.0007142807589374071,0.18761288907265414,0.00016218581637944443,0.012735219526158331,0.0007853096072346615,0.01556975393684211,239,0.022176590683515324,0.0004865574491383333,0.022058047264849473,0.013396842517687291,0.0006487432655177777,0.025470439052316662,0.03001847268191945,0.0011353007146561109,0.033694223758028774,0.04592887153243731,0.0017840439801738886,0.042237944791074865
CNP,CNP,2024-02-20,2024-02-20,0,sec_acceptance_time,2024-02-20T11:34:49.000Z,000113031024000010,-0.0004317853157188031,0.5391463972206643,0.0001325448899649218,0.011512814163571035,0.0010174511531490982,0.014233885325901337,239,0.021204094159098248,0.00039763466989476543,0.019940779069403617,-0.005950984901288959,0.0005301795598596872,0.02302562832714207,0.013040469129884824,0.0009278142297544527,0.030460043167311053,0.011557736167176114,0.00145799378961414,0.03818368486165446
CNP,CNP,2023-02-17,2023-02-17,0,sec_acceptance_time,2023-02-17T11:17:48.000Z,000113031023000013,0.00047861638720893263,0.5844927644929251,0.00014284548690474144,0.011951798479925163,-0.000174836296957105,0.054771115311742655,239,0.012445876253719216,0.00042853646071422434,0.02070112220905486,0.00030404273361907003,0.0005713819476189658,0.023903596959850327,-0.0023480179167975684,0.00099991840833319,0.03162148649784178,0.009479544721146498,0.0015713003559521559,0.03963963112785178
CNP,CNP,2022-02-22,2022-02-22,0,sec_acceptance_time,2022-02-22T11:21:12.000Z,000113031022000023,0.0011045190008692148,0.5577407245372493,0.00012261255036504344,0.01107305515045615,0.0007021499423570919,0.017176709454120035,239,0.0052191283425662705,0.0003678376510951303,0.01917909411560229,0.020283793850086138,0.0004904502014601738,0.0221461103009123,0.028208826758610795,0.000858287852555304,0.02929655018180987,-0.009775265627002643,0.0013487380540154778,0.036725169216975405
CNP,CNP,2021-02-25,2021-02-25,0,sec_acceptance_time,2021-02-25T11:17:51.000Z,000113031021000009,-0.0009951110307500812,1.3113690662871456,0.0006335254320584385,0.025169931109529056,0.0014010397745664802,0.10897140201159526,239,-0.038760492963136134,0.0019005762961753156,0.043595599504712805,-0.03822493678100596,0.002534101728233754,0.05033986221905811,-0.07033111911441946,0.0044346780244090694,0.06659337823244192,-0.01236735265813664,0.0069687797526428235,0.08347921748940165
CNP,CNP,2020-02-27,2020-02-27,0,sec_acceptance_time,2020-02-27T11:29:09.000Z,000113031020000016,-0.0006436678552113268,0.3934779478192281,0.0001353168634788547,0.011632577679897723,0.0009100728853305869,0.013544167406328933,239,-0.036568317156882676,0.0004059505904365641,0.020148215564574547,-0.023382045259855367,0.0005412674539154188,0.023265155359795446,-0.04252822787947584,0.0009472180443519829,0.030776907647650096,-0.09904143512671539,0.0014884854982674018,0.03858089550888369
CNP,CNP,2019-02-28,2019-02-28,0,sec_acceptance_time,2019-02-28T11:29:10.000Z,000113031019000016,0.000747727957347505,0.31542641713085573,0.00010666365422631233,0.0103278097497152,0.00012337270138293332,0.02584292457994696,239,-0.02765795485069852,0.000319990962678937,0.017888291217411936,-0.03440103328886541,0.0004266546169052493,0.0206556194994304,-0.044175849309080854,0.0007466455795841863,0.027324816185734648,-0.03458898765034915,0.0011733001964894356,0.03425346984597963
CNP,CNP,2018-02-22,2018-02-22,0,sec_acceptance_time,2018-02-22T11:24:04.000Z,000113031018000003,-0.00021107313403709882,0.3952080482660839,6.484020348661814e-05,0.008052341490934058,0.0004832024563004179,0.008791713933575498,239,0.033773554226509836,0.0001945206104598544,0.013947064582192713,0.0336253891756822,0.00025936081394647254,0.016104682981868117,0.018802532116151738,0.000453881424406327,0.021304493056778586,0.010056992156517518,0.0007132422383527995,0.02670659540923926
CNP,CNP,2017-02-28,2017-02-28,0,sec_acceptance_time,2017-02-28T11:22:13.000Z,000113031017000006,0.0009049440655643773,0.7404260502084086,9.984765440620716e-05,0.009992379816950872,0.0007202398419209788,0.00984166398949135,239,0.01349671911969645,0.0002995429632186215,0.01730730953148471,0.033031942045202774,0.0003993906176248286,0.019984759633901745,0.03650351427088238,0.00069893358084345,0.026437352001353123,0.03964022041201815,0.0010983241984682786,0.033140974615546215
CNP,CNP,2016-02-26,2016-02-26,0,sec_acceptance_time,2016-02-26T11:32:43.000Z,000113031016000031,0.00010937910739496916,0.8371772349139223,0.00014459648475123284,0.012024827847051818,-0.0002821216721660715,0.026876850892357123,239,-0.013092178807372108,0.00043378945425369853,0.020827612783362825,-0.031775593551983734,0.0005783859390049314,0.024049655694103635,-0.008196979542506293,0.0010121753932586298,0.03181470404166334,0.013650544400929422,0.0015905613322635612,0.03988184213728801
ES,ES,2025-02-14,2025-02-14,0,sec_acceptance_time,2025-02-14T19:26:39.000Z,000007274125000007,0.00036651323510802436,-0.09563432659023074,0.00018019646935353727,0.013423727848609613,0.0007797618646639484,0.01545707427722489,239,0.030827467652785,0.0005405894080606118,0.023250578660769107,0.01291799236980046,0.0007207858774141491,0.026847455697219226,0.04686270371616849,0.001261375285474761,0.03551584555483314,0.0636545359538181,0.00198216116288891,0.0445214685616828
ES,ES,2024-02-14,2024-02-15,1,sec_acceptance_time,2024-02-14T22:17:22.000Z,000007274124000005,-0.0019258427484173317,0.7061013086565273,0.00023018567346810875,0.015171871126136972,0.0009911920650846498,0.014231852026876893,239,0.0768713772731983,0.0006905570204043263,0.026278451636356476,0.034651650907969414,0.000920742693872435,0.030343742252273945,0.0823882040567936,0.0016112997142767613,0.0401409979232799,0.10028112766616903,0.0025320424081491963,0.05031940389302318
ES,ES,2023-02-15,2023-02-16,1,sec_acceptance_time,2023-02-15T22:31:58.000Z,000007274123000004,0.00017879236460988655,0.523419794250999,0.00016966045384979127,0.013025377301628973,-0.00014811164115339164,0.05470117905349532,239,0.02439525728834785,0.0005089813615493738,0.022560615274175785,0.0015310469073119045,0.0006786418153991651,0.026050754603257946,-0.00844249224174591,0.0011876231769485388,0.03446190907289581,-0.004223947599243158,0.0018662649923477039,0.04320028926231517
ES,ES,2022-02-17,2022-02-17,0,sec_acceptance_time,2022-02-16T23:37:52.000Z,000007274122000015,0.00032695059943254527,0.25862875572885685,0.00013805642744626332,0.011749741590616506,0.0007465087047458983,0.016824079214723495,239,0.014070949080383107,0.00041416928233879,0.020351149410752944,-0.010149745892480574,0.0005522257097850533,0.023499483181233013,-0.04396358624715716,0.0009663949921238432,0.03108689421804377,-0.05615991473835017,0.0015186207019088965,0.03896948423970859
ES,ES,2021-02-17,2021-02-18,1,sec_acceptance_time,2021-02-17T22:30:20.000Z,000007274121000005,-0.0008102359572603509,0.9250806550229433,0.0004448413007586042,0.021091261241533286,0.0014178572042538677,0.11506683264157755,239,-0.020602407795107296,0.0013345239022758124,0.036531136066043884,-0.01053514831697212,0.0017793652030344167,0.04218252248306657,-0.05743775971378946,0.003113889105310229,0.055802232081792476,-0.032724411307903496,0.004893254308344646,0.0699517998935313
ES,ES,2020-02-27,2020-02-27,0,sec_acceptance_time,2020-02-26T23:43:27.000Z,000007274120000008,0.0012836137507081654,0.11162846552008028,6.795445612228288e-05,0.00824344928548013,0.0009100728853305869,0.013544167406328933,239,-0.07306248794946366,0.00020386336836684864,0.014278072992068945,-0.0018197781189482412,0.0002718178244891315,0.01648689857096026,-0.02430757960931932,0.00047568119285598014,0.021810116754753518,0.044078316828155356,0.0007474990173451117,0.02734042825826091
ES,ES,2019-02-26,2019-02-26,0,sec_acceptance_time,2019-02-26T17:46:08.000Z,000007274119000017,0.0010276225192774077,0.16153800587898143,9.977886254247648e-05,0.009988937007633819,0.0001263155859521125,0.025857497809496414,239,-0.01211486407075732,0.00029933658762742944,0.017301346410826802,0.0007786276097984813,0.0003991154501699059,0.019977874015267637,-0.015759226434670925,0.0006984520377973354,0.026428243184088786,-0.027491940443089963,0.0010975674879672413,0.033129556108816814
ES,ES,2018-02-26,2018-02-26,0,sec_acceptance_time,2018-02-23T22:34:18.000Z,000007274118000028,-1.621409415777567e-05,0.2443001705674059,7.579577977912684e-05,0.008706077175118931,0.0006156802204659906,0.009062982222190288,239,-0.004256025970141936,0.00022738733933738052,0.015079368001921716,-0.043668952863186644,0.00030318311911650735,0.017412154350237862,-0.02364297003352938,0.0005305704584538879,0.02303411510030042,-0.00325096189056015,0.0008337535775703952,0.028874791385746758
ES,ES,2017-02-23,2017-02-23,0,sec_acceptance_time,2017-02-23T00:51:28.000Z,000007274117000007,-1.341655223628587e-05,0.2987074920207052,0.00010378429534381992,0.010187457746848323,0.0006737567934983278,0.009981313093644001,239,0.037848212617968856,0.00031135288603145977,0.017645194417502456,0.02650711439357791,0.0004151371813752797,0.020374915493696646,0.04773486375659627,0.0007264900674067395,0.026953479690139073,0.04919242156636533,0.0011416272487820192,0.03378797491389532
ES,ES,2016-02-26,2016-02-29,1,sec_acceptance_time,2016-02-26T22:25:51.000Z,000007274116000063,0.0007505214437581928,0.566114575837129,0.00011123202787380645,0.010546659559965253,-0.0002112626883045505,0.026597520462540564,239,-0.04521417525696735,0.00033369608362141933,0.018267350207991834,-0.0105993979424245,0.0004449281114952258,0.021093319119930506,-0.0394556875097136,0.0007786241951166452,0.027903838358129963,0.0022478117335252464,0.001223552306611871,0.03497931255201953
XYL,XYL,2025-03-03,2025-03-03,0,sec_acceptance_time,2025-03-03T17:01:51.000Z,000152447225000013,-0.0005191825403387003,0.9513063013282046,0.00012868834532267685,0.011344088562889345,0.0007028278255155496,0.015664800038718292,239,0.0038033088013699236,0.0003860650359680305,0.019648537756485354,0.02233744280071014,0.0005147533812907074,0.02268817712577869,0.045775090791003684,0.0009008184172587379,0.03001363718809731,0.0778299096835059,0.0014155717985494453,0.03762408535166596
XYL,XYL,2024-02-28,2024-02-28,0,sec_acceptance_time,2024-02-28T19:28:06.000Z,000152447224000006,2.4956921853497532e-05,0.9963521250969872,0.00012077297742623694,0.010989675947280564,0.0009512976167335047,0.014059738931722172,239,0.00533380363008857,0.0003623189322787108,0.019034677099407565,0.006679875789155613,0.00048309190970494776,0.021979351894561128,0.013045501666908902,0.0008454108419836586,0.029075949545692547,-0.00792010204718497,0.0013285027516886064,0.036448631684723176
XYL,XYL,2023-02-24,2023-02-24,0,sec_acceptance_time,2023-02-24T18:13:40.000Z,000152447223000009,0.001318629370632184,1.0635485891009027,0.00019264836645821272,0.013879782651692091,-6.53963254906473e-05,0.05424351801629333,239,-0.00621367494862407,0.0005779450993746381,0.02404048875074378,-0.010646769666461076,0.0007705934658328509,0.027759565303384182,-0.031390131300898,0.0013485385652074891,0.03672245314800591,-0.021808174757341307,0.00211913203104034,0.0460340312273468
XYL,XYL,2022-02-25,2022-02-25,0,sec_acceptance_time,2022-02-25T18:43:00.000Z,000152447222000009,-0.001049084446531368,1.2691691680659332,0.0001389263559753339,0.011786702506440632,0.0006373631336913139,0.016852398712755436,239,-0.03118023777578846,0.00041677906792600167,0.020415167594854608,-0.018895316908082715,0.0005557054239013356,0.023573405012881264,-0.031428534137349216,0.0009724844918273372,0.0311846836095436,-0.006855996202332671,0.0015281899157286727,0.03909206972940513
XYL,XYL,2021-02-26,2021-02-26,0,sec_acceptance_time,2021-02-26T19:41:14.000Z,000152447221000008,-0.00036898036201777587,1.0829854597322557,0.00030232391521263236,0.017387464312332387,0.0017004283178723226,0.10299758466164884,239,0.0186320980465578,0.000906971745637897,0.030115971603750343,0.015491537450603866,0.0012092956608505295,0.034774928624664775,0.03499967128015485,0.0021162674064884265,0.04600290650044219,0.05960340446352336,0.003325563067338956,0.0576676951797014
XYL,XYL,2020-02-28,2020-02-28,0,sec_acceptance_time,2020-02-28T17:33:04.000Z,000152447220000006,-0.00024470158195331307,1.1861093259709583,0.0001355738572170581,0.01164361873375533,0.0008327441755758372,0.013375842794252137,239,-0.00783798641279794,0.0004067215716511743,0.02016733923082503,0.001083237680121689,0.0005422954288682324,0.02328723746751066,0.02967361122342738,0.0009490170005194067,0.030806119530369394,0.06959362561973992,0.0014913124293876392,0.038617514541819484
XYL,XYL,2019-02-22,2019-02-22,0,sec_acceptance_time,2019-02-22T15:34:01.000Z,000152447219000009,-2.086951730830155e-05,1.1197174818463593,0.00015164985002743834,0.01231461936185761,0.00014909288338068452,0.025859289270915124,239,0.011436893476057204,0.00045494955008231505,0.02132954641060881,0.019428992682000223,0.0006065994001097534,0.02462923872371522,0.025141028743110715,0.0010615489501920683,0.03258142032189616,0.029733582248833407,0.0016681483503018218,0.040842971859327545
XYL,XYL,2018-02-23,2018-02-23,0,sec_acceptance_time,2018-02-23T17:53:26.000Z,000152447218000006,0.0014064249407201674,0.7683816974297659,8.581422588815442e-05,0.009263596811614505,0.0005529919923056521,0.0089433161017196,239,-0.011974800034819249,0.00025744267766446326,0.01604502033854938,-0.014747597144818618,0.00034325690355261766,0.01852719362322901,-0.013357022052245312,0.0006006995812170809,0.024509173409502837,-0.010430602025845014,0.0009439564847696986,0.030723874833257905
XYL,XYL,2017-02-23,2017-02-23,0,sec_acceptance_time,2017-02-23T16:50:48.000Z,000152447217000008,0.0002418070931046951,1.196956100527413,7.637671681550111e-05,0.00873937737001333,0.0006737567934983278,0.009981313093644001,239,-0.01050704417124725,0.00022913015044650332,0.015137045631380758,-0.0035565303275968997,0.00030550686726200444,0.01747875474002666,-0.0017553124687037618,0.0005346370177085078,0.023122219134600983,0.0014782476788521891,0.0008401438849705122,0.028985235637657186
XYL,XYL,2016-02-26,2016-02-26,0,sec_acceptance_time,2016-02-26T16:19:24.000Z,000152447216000027,0.0006984052693227644,0.9824369350698737,7.454679231879984e-05,0.008634048431575992,-0.0002821216721660715,0.026876850892357123,239,-0.004984307238362396,0.00022364037695639952,0.014954610558499995,-0.007869272772926938,0.0002981871692751994,0.017268096863151984,-0.015319702488668199,0.0005218275462315989,0.02284354495763735,-0.03083213282267789,0.0008200147155067983,0.028635899069294094
EXPD,EXPD,2025-02-21,2025-02-21,0,sec_acceptance_time,2025-02-21T19:40:47.000Z,000095017025024750,-0.0004987156269189087,0.4091111353692544,0.00012799519187141258,0.011313496005718682,0.0007520336180650597,0.015562056386715189,239,0.014752576960337046,0.00038398557561423774,0.01959554989313231,0.014266317803608012,0.0005119807674856503,0.022626992011437363,0.047705418664089665,0.0008959663430998881,0.029932696889854213,0.06851708320944963,0.0014079471105855384,0.03752262131815338
EXPD,EXPD,2024-02-23,2024-02-26,1,sec_acceptance_time,2024-02-23T21:18:45.000Z,000095017024019394,-7.492588610792281e-05,0.8309053249286583,0.00012384097895527205,0.011128386179283682,0.0009383129587277459,0.014243381899931361,239,-0.016391583588339163,0.00037152293686581615,0.019274930268766633,-0.005465939584104038,0.0004953639158210882,0.022256772358567364,0.015270992716114404,0.0008668868526869044,0.02944294232387287,-0.061213534016246865,0.0013622507685079927,0.03690868147886067
EXPD,EXPD,2023-03-01,2023-03-01,0,sec_acceptance_time,2023-03-01T17:48:18.000Z,000095017023005412,0.0005999335758103156,0.9279328829808531,0.00023439668037216204,0.015310018954010542,-0.00017227380511229004,0.05325283723005167,239,0.03804209617974887,0.0007031900411164861,0.026517730693188777,0.0291909181962649,0.0009375867214886481,0.030620037908021085,0.007342475617715157,0.0016407767626051342,0.040506502719997124,0.048276412020307496,0.0025783634840937826,0.05077758840368241
EXPD,EXPD,2022-03-15,2022-03-16,1,sec_acceptance_time,2022-03-15T20:10:21.000Z,000156459022010381,-0.00037466700002324656,0.8471490149002756,0.00014393548699492904,0.011997311656989204,0.0002421462228771983,0.019350285190879758,239,0.030049112243587826,0.0004318064609847871,0.020779953344143655,0.02830753251561164,0.0005757419479797162,0.02399462331397841,0.017706001201102488,0.0010075484089645034,0.031741903045729686,-0.02879165734389689,0.0015832903569442194,0.039790581259190216
EXPD,EXPD,2021-02-19,2021-02-19,0,sec_acceptance_time,2021-02-19T20:37:34.000Z,000156459021006925,0.0006604553821760462,0.7117750845622227,0.0001709261207412369,0.013073871681381797,0.0012237801584862136,0.11306987198764669,239,-0.005086003671116876,0.0005127783622237106,0.022644610003789215,-0.027799699247229873,0.0006837044829649476,0.026147743362763595,-0.050151395451237014,0.0011964828451886582,0.034590213141706114,-0.0484249128352863,0.0018801873281536058,0.0433611269243963
EXPD,EXPD,2020-02-21,2020-02-21,0,sec_acceptance_time,2020-02-21T20:01:31.000Z,000156459020005719,-0.0008417596439223371,1.0656754166105546,0.00011343887481024565,0.010650768742689217,0.000826759208711218,0.013656439311440156,239,0.011043626413352589,0.00034031662443073695,0.018447672602004216,0.05032986499676087,0.0004537554992409826,0.021301537485378434,0.0833813020314706,0.0007940721236717196,0.02817928536481576,0.11109772477736873,0.0012478276229127023,0.03532460364834547
EXPD,EXPD,2019-02-22,2019-02-22,0,sec_acceptance_time,2019-02-22T16:48:37.000Z,000074651519000004,0.0006637346117691995,0.9946616917326837,0.00013512555532223586,0.011624351823746383,0.00014909288338068452,0.025859289270915124,239,-0.007920265915033699,0.0004053766659667076,0.020133967963784676,-0.01911029971526356,0.0005405022212889434,0.023248703647492767,0.00455483300896377,0.000945878887255651,0.03075514407795306,-0.0034024903930915317,0.0014863811085445945,0.03855361343045026
EXPD,EXPD,2018-02-23,2018-02-23,0,sec_acceptance_time,2018-02-23T15:05:38.000Z,000074651518000004,0.00015871879381250831,0.8553138455667324,0.00010299922424169212,0.010148853346151579,0.0005529919923056521,0.0089433161017196,239,0.017203110182916356,0.00030899767272507637,0.017578329634099946,0.006086608980039779,0.00041199689696676847,0.020297706692303158,0.019053518886306197,0.0007209945696918448,0.026851342046382797,-0.003821899955009803,0.0011329914666586133,0.03365993860152768
EXPD,EXPD,2017-02-23,2017-02-24,1,sec_acceptance_time,2017-02-23T21:12:35.000Z,000074651517000007,0.0003447831035509705,0.7058125794083591,7.771148121379496e-05,0.00881541157370403,0.0006909421270752348,0.00999984777119279,239,-0.00015070305688946978,0.00023313444364138488,0.015268740735286092,0.011661211572571193,0.0003108459248551798,0.01763082314740806,-0.0017763766522098361,0.0005439803684965646,0.023323386728701403,-0.006308905282001827,0.0008548262933517445,0.02923741256253269
EXPD,EXPD,2016-02-25,2016-02-25,0,sec_acceptance_time,2016-02-25T17:27:46.000Z,000074651516000053,0.0002802690191185084,0.8399768533945404,9.506939226952832e-05,0.009750353443313136,-0.00024609600313584056,0.026875188491934713,239,0.0070438687985502554,0.000285208176808585,0.0168881075555725,-0.004300846426493598,0.0003802775690781133,0.019500706886626272,-0.03643848711908862,0.0006654857458866983,0.025797010405988873,-0.03476374736561949,0.0010457633149648115,0.03233826394481948
ULTA,ULTA,2025-03-27,2025-03-28,1,sec_acceptance_time,2025-03-27T20:05:28.000Z,000155837025003810,-0.0012603549635766746,1.0166476478242303,0.00043532357756029564,0.020864409350860993,0.0003915336367760429,0.0181875177992626,239,0.007699974506100369,0.001305970732680887,0.036138217065606416,0.04221571273932286,0.0017412943102411826,0.04172881870172199,0.07054356934335713,0.0030472650429220695,0.055202038394628776,0.17821697044620202,0.004788559353163252,0.06919941728918859
ULTA,ULTA,2024-03-26,2024-03-27,1,sec_acceptance_time,2024-03-26T20:02:48.000Z,000155837024003941,-0.0004993576743041389,0.6186708112043597,0.0003130861072859413,0.017694239381390243,0.0010140905010543088,0.01275770177513879,239,0.031179585052458797,0.0009392583218578239,0.030647321609854,0.012411126985682485,0.0012523444291437653,0.035388478762780486,0.0012304743444534923,0.0021916027510015894,0.04681455704160394,-0.14146793735511515,0.0034439471801453545,0.05868515297880167
ULTA,ULTA,2023-03-24,2023-03-27,1,sec_acceptance_time,2023-03-24T20:46:46.000Z,000155837023004581,0.0016952055156077978,0.8664599039477521,0.0002762994771058793,0.016622258483908837,-0.0005466054018921403,0.05266745270516651,239,0.020928648863620475,0.0008288984313176379,0.028790596230672923,0.019052931918338355,0.0011051979084235172,0.033244516967817675,0.0171462539550307,0.001934096339741155,0.04397836217665632,0.021706674381178025,0.0030392942481646725,0.05512979455942742
ULTA,ULTA,2022-03-25,2022-03-25,0,sec_acceptance_time,2022-03-25T13:38:09.000Z,000155837022004330,0.0005575339694211891,1.3707098374262672,0.0002660003252842451,0.0163095164025254,0.00037102595552797356,0.020969849355251695,239,-0.02345811100120513,0.0007980009758527353,0.02824891105605197,-0.011869054564131256,0.0010640013011369803,0.0326190328050508,-0.0056725943275479345,0.0018620022769897156,0.043150924404811025,-0.044500652378035965,0.0029260035781266958,0.05409254641932376
ULTA,ULTA,2021-03-26,2021-03-26,0,sec_acceptance_time,2021-03-26T17:07:31.000Z,000155837021003523,0.0005439407792794241,1.2099873297002108,0.0005620446992305283,0.02370748192513343,0.0016907754158568442,0.03693343173942368,239,-0.00968873325397424,0.001686134097691585,0.04106256321385192,-0.013282690480216942,0.0022481787969221134,0.04741496385026686,-0.03203875851482284,0.003934312894613698,0.06272410138546186,-0.052558238549140435,0.006182491691535811,0.0786288222698001
ULTA,ULTA,2020-03-27,2020-03-30,1,sec_acceptance_time,2020-03-27T20:43:34.000Z,000155837020003272,-0.002076541958189448,1.0358303841832157,0.0009348913420765593,0.03057599290418153,-0.0007713256720756316,0.07361369920197189,239,-0.04532142529854757,0.002804674026229678,0.052959173201907885,-0.06165766652386794,0.0037395653683062373,0.06115198580836306,-0.10871471266347534,0.0065442393945359155,0.0808964733133399,0.15803184887893842,0.010283804762842153,0.10140909605573926
ULTA,ULTA,2019-04-02,2019-04-02,0,sec_acceptance_time,2019-04-02T17:31:13.000Z,000155837019002739,0.0018464781399818086,0.9281855613457475,0.0003218120868610322,0.01793912168588619,0.00028702647010971153,0.022330909562284243,239,-0.012924726781808706,0.0009654362605830966,0.031071470203115535,-0.012370904173091536,0.0012872483474441288,0.03587824337177238,-0.019507910641632063,0.0022526846080272254,0.04746245471978062,-0.012212359336969288,0.003539932955471354,0.05949733570061229
ULTA,ULTA,2018-04-03,2018-04-03,0,sec_acceptance_time,2018-04-03T18:32:45.000Z,000155837018002733,-0.001517870355387265,0.6581315343813885,0.0004144952714838192,0.020359156944328986,0.0004217129208794037,0.01151506796478459,239,0.013405048852000131,0.0012434858144514576,0.035263094226846536,0.025096516637315547,0.001657981085935277,0.04071831388865797,0.02845936016433709,0.0029014669003867345,0.05386526617762818,0.08889930483201741,0.004559447986322011,0.06752368463229781
ULTA,ULTA,2017-03-28,2017-03-28,0,sec_acceptance_time,2017-03-28T16:35:05.000Z,000119312517099261,0.0011595067066160433,0.886615868224703,0.00020962166088558755,0.014478316921713917,0.0006493601097758364,0.009341175769716914,239,-0.0031788435171790125,0.0006288649826567626,0.02507718051649273,0.005449999999204081,0.0008384866435423502,0.028956633843427834,-0.006472999011015052,0.001467351626199113,0.038306025977633246,-0.022141650084362207,0.0023058382697414633,0.04801914482517846
ULTA,ULTA,2016-03-30,2016-03-30,0,sec_acceptance_time,2016-03-30T16:19:07.000Z,000119312516523101,0.0012333947535896053,1.0917512807526712,0.0003169046136699102,0.017801814898203785,-2.322171766129733e-05,0.02708078242553522,239,-0.00631986113966696,0.0009507138410097306,0.030833647870625536,-0.012132269317924355,0.0012676184546796408,0.03560362979640757,-0.016258867810872768,0.0022183322956893714,0.04709917510625182,-0.009705040546929907,0.0034859507503690124,0.05904194060470076
