ticker,filing_date,car_m1_p1,car_0_p3,car_m3_p3,car_m5_p5,lm_net_prop,size,bm,volatility,turnover,accession_number,lm_positive_prop,lm_negative_prop,eadret,accruals,lm_positive_wp,lm_negative_wp
AAPL,2025-10-31,0.0049250581072632,0.0002342248049277,0.0199198659295653,0.035293308592993,-0.0061652281134401,29.019887694561792,0.018385896599254,0.0118228539132167,-0.0958064659587289,0000320193-25-000079,0.0020550760378133,0.0082203041512535,0.0031945844954152,-0.0709700491976896,-4.480977450066215e-05,-0.0006470974489726685
AAPL,2024-11-01,-0.0169933916841454,-0.053381686863084,-0.0641146781830181,-0.0448371252109397,-0.0067763794772507,28.859144618997764,0.0166773279094751,0.0121618793326314,-0.0441837232966467,0000320193-24-000123,0.0014520813165537,0.0082284607938044,-0.0177892934225143,-0.0285772817160305,-0.00012588864830364932,-0.00022802352023338607
AAPL,2023-11-03,-0.0080470670044302,0.0098331246661787,0.0066988341217656,0.027951438106703,-0.0070888468809073,28.646868376022628,0.0225027876113304,0.0123281875223646,0.0163277296205747,0000320193-23-000106,0.0004725897920604,0.0075614366729678,2.899463901639976e-06,-0.0113505865273103,-3.1088609547993736e-05,0.000281080797897518
AAPL,2022-10-28,0.0124032298000064,0.0152779749521475,-0.02250262137481,-0.0775004317321671,-0.008347245409015,28.46544888294313,0.0219978720302359,0.0125201179228105,0.339030291297057,0000320193-22-000108,0.0025041736227045,0.0108514190317195,0.0159131416419806,-0.0630757491577348,-0.00021876812231392734,-0.001226560162705396
AAPL,2021-10-29,-0.016359125464048,-0.0246092225992975,-0.0063519865480177,-0.0265436672779698,-0.0003869969040247,28.548560711828905,0.0252045033390518,0.0123415573293951,0.3381035394020947,0000320193-21-000105,0.0050309597523219,0.0054179566563467,-0.012880135303235,-0.1045355539421239,-0.00048203580772372424,-0.000538326990198744
AAPL,2020-10-30,-0.039508162413597,-0.0536934096224269,-0.0260138831056345,-0.0103580553517398,-0.0113404400090723,28.304296045508888,0.0333252101431117,0.0123315411414913,0.8295454444253991,0000320193-20-000096,0.0013608528010886,0.012701292810161,-0.0338395411677685,-0.0647791981932476,-3.3030944433685744e-05,-0.0006095031652918535
AAPL,2019-10-31,0.034375356501514,0.0404129338379852,0.013631582414102,0.023436473724779,-0.0082806711701895,27.70878611111479,0.0837178528159082,0.0117400131730065,0.5617095243176662,0000320193-19-000119,0.0019612115929396,0.0102418827631292,0.0416171610541649,0.0048420924087066,-0.00031448624443092743,-0.0015002674931723073
AAPL,2018-11-05,-0.0928884070586173,-0.028425246852928,-0.0729183930614967,-0.1381602914186011,-0.0062182741116751,27.61547607214787,0.1088256180990788,0.0114182154881307,0.4728985726047677,0000320193-18-000145,0.0044416243654822,0.0106598984771573,-0.0887066132079044,-0.0745164929477871,-0.00026833250144809624,-0.00040528130037967893
AAPL,2017-11-03,0.0351879849221238,0.0370532818439446,0.039494293053572,0.0887076360614437,-0.0102140077821011,27.483830219552893,0.1553035177313639,0.0116309615281636,0.2827247463388787,0000320193-17-000070,0.0030398832684824,0.0132538910505836,0.0395378130410823,-0.0033543518339179,-0.00015386422592345158,-0.001078852496863757
AAPL,2016-10-26,-0.0303486726418296,-0.0220379627945164,-0.0293659548206595,-0.0304067536721938,-0.0102320938357873,27.16985196708756,0.2033935628937918,0.0127676018165014,0.6264710002320083,0001628280-16-020309,0.0031195408035937,0.013351634639381,-0.0184426694917766,0.0393346088678514,-1.8753575983921984e-05,-0.000431744023472034
V,2025-11-06,-0.0199027926769289,-0.0078675087160493,0.0073622951356955,-0.0329201904693944,-0.0134691195795006,27.18404824552734,0.0592734463850161,0.010849991309807,-0.1813906006344668,0001403161-25-000089,0.0042706964520367,0.0177398160315374,-0.0003388472565417,-0.0587520217577187,0.00014838952702564282,-0.0009147299014420335
V,2024-11-13,0.0103847361656957,0.0138756801769579,0.0215193153369565,0.006117553426382,-0.0137099438387842,27.09107329175542,0.0671558565615718,0.0110002556142549,-0.0971394564918873,0001403161-24-000058,0.0046250412950115,0.0183349851337958,0.0401909866916799,-0.0060969677314739,-0.00012054746585235162,-0.0017687661440787218
V,2023-11-15,0.0063112164269711,0.0088751617244924,0.0034628762080382,0.0061126960049337,-0.0128939828080229,26.86413036467525,0.0833945284513819,0.0107357839925451,-0.2253186551822845,0001403161-23-000099,0.0039398280802292,0.0168338108882521,0.017845808908017,-0.017875,-0.0002504188952104744,3.999814907953571e-05
V,2022-11-16,0.0074713815525608,-0.0136477616907904,0.0167423429875424,0.0174842169696109,-0.0144927536231884,26.70204489934421,0.0900880931248867,0.0107925275668703,0.0602173722768564,0001403161-22-000081,0.0023188405797101,0.0168115942028985,0.0685847300928343,-0.0152971846291798,-0.00019004275045911338,-0.0009573984703785646
V,2021-11-18,-0.0426626217044167,0.005008940324555,-0.0388925395343414,-0.0580479258714535,-0.0112170499158721,26.678287569985145,0.0974602887676215,0.0094121719925693,0.0829521407695081,0001403161-21-000060,0.0033651149747616,0.0145821648906337,-0.1093442341701559,-0.0497878704636327,-0.00018195645109265608,-0.0011977025102193049
V,2020-11-19,-0.0013395413351341,0.0009901467570664,-0.0095226476943725,-0.0169960966261088,-0.0170255383074611,26.691705409290343,0.0926335169638516,0.0087973872785085,0.2436045594650693,0001403161-20-000070,0.0032548823234852,0.0202804206309464,-0.0083300781455115,-0.0108408852520961,8.512045871232961e-05,-0.0009953955332776784
V,2018-11-16,-0.0231678415878164,-0.0089431270055853,-0.0128118389749365,-0.0198387636355461,-0.0185676392572944,26.309684598596373,0.1274690381370153,0.0085726495623129,0.0745886234186952,0001403161-18-000055,0.0026525198938992,0.0212201591511936,0.0200002209680806,-0.0401451873879389,-0.00039140175845014984,-0.001390924073027342
V,2017-11-17,-0.0105827119409052,-0.0095589325436485,-0.0137799916023068,-0.0113860556643943,-0.0056919995783704,26.06469529767384,0.1568882984422147,0.0085588978681714,0.0546521501777346,0001403161-17-000044,0.0044271107831769,0.0101191103615473,0.0228959850876717,-0.0031815289519134,5.050099686862139e-06,-0.0005424224606332965
COST,2025-10-08,0.0356581233974883,0.0280539229491834,0.0262881843184651,0.0342337489998682,0.0010576414595452,26.728190155538616,0.071935222915769,0.0114906786587589,0.1822056992723884,0000909832-25-000101,0.0081967213114754,0.0071390798519301,-0.0335453912406163,-0.0583679303069488,-0.00019303386906447295,-0.0003921933115034878
COST,2024-10-09,0.0076355864444442,-0.0204219336996273,-0.0141091007756456,-0.0184943257909087,0.0010232796111537,26.700939554306945,0.0598750591014549,0.011618317796171,0.0999710257739645,0000909832-24-000049,0.0084420567920184,0.0074187771808646,-0.0311365920570659,-0.0422834503871781,-0.00027504326366613395,-0.0001311513279779016
COST,2023-10-11,0.0047705299560354,0.0134761986461649,-0.0203787302431015,-0.0039109654945096,-0.0010368066355624,26.240156567415323,0.1006911273727397,0.0117022517354026,0.0606619123792318,0000909832-23-000042,0.0072576464489372,0.0082944530844997,0.0266196920414365,-0.0445779513367377,-0.00019682324090028008,4.754637992591846e-05
COST,2022-10-05,-0.0107604478118959,-0.0002606781842801,-0.0280019955948051,-0.019795614225907,-0.00100150225338,26.094662438540286,0.0959364998328384,0.0115641559455094,0.3237780196822408,0000909832-22-000021,0.0085127691537305,0.0095142714071106,0.0096926742658002,-0.0151822026346063,-0.0005004875306905027,-0.0008301860106175514
COST,2021-10-06,0.013160275981643,0.0042526910491756,-0.0090946023989942,-0.0094255603165821,0.0014577259475218,26.00727864492072,0.0890852542107683,0.0106845693155477,0.2319753677917065,0000909832-21-000014,0.0080174927113702,0.0065597667638483,0.0073955520736106,-0.0574966905873336,-0.0003982473054999354,-6.390846486242735e-05
COST,2020-10-07,0.0099683777817906,0.0176712990129506,0.0195333774815897,0.040346568987337,-0.0017145306472353,25.786582547276925,0.1156380355212413,0.0108568115681586,0.4075802321290206,0000909832-20-000017,0.0079297042434633,0.0096442348906986,-0.0209493941234915,-0.0808867229288006,-0.00011619226138993716,-0.000204991692539621
COST,2019-10-11,-0.0143850126648902,-0.0131695980932087,-0.0029507508072642,0.0149610170270607,-0.0004878048780487,25.59570877920076,0.1166797168189138,0.010057980325711,0.1980910752786079,0000909832-19-000019,0.0078048780487804,0.0082926829268292,0.0113873729012228,-0.0539719355212802,-0.0002208228131301318,-0.0006746779214611297
COST,2018-10-26,-0.0045923515514077,0.0039670310829375,0.0029845320297519,0.0071972162565472,0.0027927388789148,25.32050841887256,0.1290086865807231,0.0097969200215331,0.2839626585133408,0000909832-18-000013,0.0091761420307201,0.0063834031518053,-0.0257094188625149,-0.0622206097671586,-0.00034181420329328647,-0.0004486189753117071
LRCX,2025-08-11,0.0264874949237965,-0.0429898259090433,0.0111571770326427,0.0012267741118987,0.0018700327255726,25.58134757208306,0.0765790773478699,0.0198205393856227,0.8594876423984071,0000707549-25-000075,0.0086489013557737,0.006778868630201,-0.0051225276788696,-0.0461816052426855,-0.00026265750544243965,-0.00022328679812221695
LRCX,2024-08-29,-0.0053687349239996,-0.0184879413807211,-0.0503520373392508,-0.078417395743192,0.0014641288433382,25.373069640821896,0.0816668810060466,0.0202815743332544,0.6915131350329814,0000707549-24-000106,0.0087847730600292,0.007320644216691,-0.0909232871826909,-0.0611135566506017,-0.0004130835384546626,-0.00022534090202540688
LRCX,2023-08-15,0.0123550343605822,0.0290756105377435,-0.0076773094841828,-0.0165499667397839,-0.0026104792093977,25.20527137826592,0.092862844194612,0.0206423937024009,1.0185789017213147,0000707549-23-000102,0.0068991236248368,0.0095096028342345,0.105987235528427,-0.0466107007826468,-0.0003640518755070278,1.5210954101645963e-05
LRCX,2022-08-24,0.0085134579925428,0.0237188907506178,0.0323282638215947,-0.0052932670956438,-0.0023296447291788,24.87522225148373,0.0987813300692144,0.0202143145484146,0.930264898085164,0000707549-22-000107,0.0056299747621821,0.0079596194913609,0.0657699650500072,0.0164354312757844,-0.00041451971163647335,-0.0008022242225560519
LRCX,2021-08-17,0.0073029818219615,-0.0069718079019415,-0.0123444998083161,-0.0804178839242429,-0.0035760263195537,25.149216836051128,0.0721022208992076,0.0193243542715379,0.9629967249427184,0000707549-21-000136,0.0044342726362466,0.0080102989558003,0.0252124518561559,-0.0047806984545994,-0.0002749225757465169,-0.0006257213061323225
LRCX,2020-08-18,-0.0629606318200645,-0.0912807798824458,-0.111316144511373,-0.1348773477133214,-0.0051661547053895,24.73429421690576,0.0936984708692028,0.0177134911548623,1.1727177184150068,0000707549-20-000138,0.004607651493996,0.0097738061993856,0.0645359071215514,0.0237442385989959,8.687486779842302e-06,-0.00024189002315953392
LRCX,2019-08-20,0.0088087322117217,-0.0183014701324131,-0.0107718091722754,-0.001834194318622,-0.0036973833902161,24.126796849405544,0.1554323547114862,0.0159604014598834,1.4563467888520614,0000707549-19-000124,0.0048350398179749,0.0085324232081911,-0.0072886835818936,0.0535567224468176,-0.00021596772384939813,-0.0005136613526238637
LRCX,2018-08-14,-0.0332150524149761,-0.0405938057966336,-0.0734029405821176,-0.0684819550675485,-0.004307531653831,24.058069644275903,0.2316061679484401,0.0151386659433282,1.569003313819947,0000707549-18-000115,0.0050907192272549,0.009398250881086,0.1023110548439101,-0.2326657776691336,-0.0002838155743526975,1.1550224523519498e-05
LRCX,2017-08-15,0.0180588200975334,0.0061849409478007,0.055682979194737,0.0433259861722899,-0.0076177285318559,23.97197963757453,0.2646814762664851,0.0133016891610708,1.2085108003490952,0000707549-17-000100,0.0049861495844875,0.0126038781163434,-0.0153597229735393,0.1417021636046627,-0.00021765314650447709,-0.00015889002721861898
LRCX,2016-08-17,0.0019688238248576,0.0314207714289175,0.0449658652068649,-0.0085697150002254,-0.0073401343617815,23.390561020907203,0.4093140426335311,0.013439233073303,1.3736611792038291,0000707549-16-000050,0.0043543169942771,0.0116944513560587,-0.0220158441911539,-0.0962804148015804,2.3591789579458658e-05,-0.0014187204067855088
AMAT,2025-12-12,-0.0214715062416854,-0.0139399566823362,-0.0437243494385701,-0.0490038168892827,-0.0010570824524312,26.09009158885305,0.0953161681764656,0.0195226020145084,0.8629316312803998,0001628280-25-056742,0.0059901338971106,0.0070472163495419,0.017301468003764,-0.0304915992532669,0.00024866601192857324,-0.00014936916742087203
AMAT,2024-12-13,0.0132019921124172,0.0319596274435322,0.0383051742837181,0.0331849899702976,0.0022514071294559,25.64745541282297,0.1381109451419119,0.0194967273726528,0.6178314256006364,0000006951-24-000044,0.0063789868667917,0.0041275797373358,-0.0506467416857991,0.0075224907120267,-0.0003407479905495473,-9.439135747843841e-05
AMAT,2023-12-15,-0.0151794775067165,-0.0152268071045778,-0.0135339908693449,0.0416414638416686,0.00014064697609,25.624211243295942,0.1216291432894056,0.0190961178860646,0.5766626790666912,0000006951-23-000041,0.0047819971870604,0.0046413502109704,-0.0279038530061429,-0.0437907927943608,-0.0005202037472932863,-3.874752477646183e-05
AMAT,2020-12-11,0.0144115567330577,-0.0099396501396932,-0.0177852895616138,-0.0281032503506418,-0.0044600191143676,25.10980365856239,0.1316298517284487,0.0173567203557909,0.8159905474351656,0000006951-20-000048,0.0049909737708399,0.0094509928852076,0.0314704655796798,-0.0282765787756483,-9.84376815080396e-05,-0.00028933182815525676
AMAT,2019-12-13,-0.0091321265299461,-0.0108946263197435,0.0228015333427434,0.0230747381641365,-0.0046744954965226,24.73509355957707,0.1486757220111426,0.0162382753423874,0.9262775602596036,0000006951-19-000046,0.0051305438376467,0.0098050393341694,0.0825151360553091,0.0135853997872166,-0.00027599807180768757,-0.00047330244996582636
AMAT,2017-12-15,0.0079330139805821,-0.021114895794276,0.008612851426035,-0.0351876271569271,-0.0069420340159666,24.7159623077433,0.172488090566603,0.0144874966574143,0.8485209869358132,0000006951-17-000038,0.0061321300474372,0.0130741640634039,0.0263407712009127,0.0989731972108623,-0.0003874898825725321,-0.0005685262218915321
AMAT,2016-12-15,-0.0022659997594243,-0.0243465293045418,-0.0006817946835559,-0.0267983139100808,-0.0096583238134801,24.26714736398871,0.2085780070978934,0.0142779599446365,1.1055235539849753,0000006951-16-000068,0.0050887942673174,0.0147471180807975,0.0345468940215405,-0.1136606903933636,-7.964681053717311e-05,-0.0016776643379668808
APH,2025-02-07,0.0032966027292409,-0.0303395756230453,-0.0261515507265997,-0.0499297224158253,-0.0009365801445009,24.470555798178047,0.2309106971890324,0.010906163082009,1.0186441614372572,0001558370-25-000714,0.0038132191597538,0.0047497993042547,0.1111651989204849,-0.0218086423329979,-0.00013097591360663655,-0.0003357947165070923
APH,2024-02-07,0.0082741142293324,-0.0033655217956439,-0.0040380013839288,0.0024716402961286,-0.001349623526069,24.151544540660915,0.2707832985304446,0.0095143131082982,0.7635698205656485,0001558370-24-000866,0.0036937064923994,0.0050433300184685,0.0199727566149654,-0.0176500505453244,-0.000332612741650426,-0.00043891895415512915
APH,2023-02-08,-0.0013556074086262,-0.0141372540263785,-0.0156320415348353,0.0026537173920159,-0.0039638702969653,23.90902069450585,0.2900741738939538,0.0095577712726071,0.6556615877882239,0001558370-23-001036,0.0030541295730716,0.007017999870037,-0.0166948833188382,-0.0131713137318944,-0.00025759685261267243,7.060455995761961e-06
APH,2022-02-09,-0.0157268414209655,-0.0081065551377244,-0.017368315663932,-0.0058259935657653,-0.0049176968786285,23.882532073460013,0.2675632764403316,0.009157122153121,0.7082744957785522,0001558370-22-000961,0.0025954511303872,0.0075131480090157,-0.0110327006353074,0.0136119411827873,-0.0003189513097639384,-0.0002737462363088291
APH,2021-02-10,0.0202907384783524,0.0128798967219228,0.0195667176603785,0.0215265343451173,-0.0018019370823635,23.709125510684963,0.2719163128413317,0.0089372029345958,0.9765045394009442,0001558370-21-000881,0.0027029056235453,0.0045048427059088,-0.0273152870273604,-0.0172148573206353,-0.0002392596361932574,-0.00020638724171068517
APH,2020-02-12,0.006950431267803,-0.0044916515505288,-0.0209677088527977,-0.0235198111960112,0.0002490866821653,23.450829124898,0.2961837839869482,0.008055123575276,0.7409265897640208,0001558370-20-000728,0.0026569246097641,0.0024078379275988,-0.0271888950427943,-0.038580276504765,-5.4618256398718484e-05,-5.284336249671681e-05
APH,2019-02-13,0.0006778970025731,0.0058594973366533,0.0064848509889888,0.0264628064636604,0.0004291477126426,23.33696239932549,0.2942983568513986,0.0078221384587972,0.8405687626154973,0001558370-19-000636,0.0028323749034417,0.002403227190799,0.04372093343335,-0.0003690993974701,-0.00020803230410701879,-0.00010372033773444863
APH,2018-02-21,-0.007228837920401,-0.0004098120353462,0.02290155845185,0.0131718961988337,-0.0002766251728907,23.34806175967126,0.2890791310773231,0.0075532013547861,0.6519516349103379,0001558370-18-000871,0.0027662517289073,0.003042876901798,-0.0106967836266851,-0.0146682087922778,-0.0001861141820842028,-1.5080113664033446e-05
APH,2017-02-17,0.000371940110254,0.0002084898641666,-0.0028098812821479,-0.0124025416511127,-0.0008346374543557,23.09097132386416,0.3443214654088093,0.0081975804800969,0.7017257466560037,0001558370-17-000659,0.0031298904538341,0.0039645279081898,-0.033608504190367,0.0022811162429263,-0.0002070188879240361,-7.027410637966804e-05
APH,2016-02-19,-0.0011798183135462,-0.0066894464679642,0.0079325600850095,0.0222539215211146,-0.0007270612185546,22.805751698831955,0.4035819951025356,0.009421546733053,0.7356740133208876,0001104659-16-098503,0.003635306092773,0.0043623673113276,0.0006159997078982,-0.0713360979763643,7.586840665655041e-06,-0.00021427517560564186
PEP,2025-02-04,-0.0321196187098836,-0.0365437279370644,-0.0363429823783045,-0.0555870615692592,-0.0122795401191837,26.051604454692608,0.0875371790640379,0.0108685979676567,0.026424422714659,0000077476-25-000007,0.0054174441702281,0.0176969842894119,0.0200833458677411,-0.0239545513647593,-0.00012610567912959032,-0.0013179897697701958
PEP,2024-02-09,-0.005430477885899,-0.0354451721286005,-0.0218675282547198,-0.03581230600093,-0.0129204326566898,26.199497299822657,0.0774363800927331,0.0100043057642559,-0.1155360254388426,0000077476-24-000008,0.0058971699511038,0.0188176026077937,-0.0013512298921192,-0.0421419748601322,-0.0003021857876524016,-0.0004700976950491193
PEP,2023-02-09,0.0348493761360226,0.0230763410693851,0.0362795983815507,0.0224260136373765,-0.0117984505293039,26.185954362788404,0.0727483784178483,0.0103567610525494,-0.1059917498395518,0000077476-23-000007,0.0054704595185995,0.0172689100479034,0.06311560428081,-0.0414382002990832,-0.0002706148226848604,2.8738065148418722e-05
PEP,2022-02-10,-0.0127900882338167,-0.0277419007334683,-0.0425672088496852,-0.0409649618958053,-0.0071354802365975,26.19499282122192,0.0674442217670164,0.0096682331989499,-0.1481486395630971,0000077476-22-000010,0.0052890182455481,0.0124244984821456,0.0250709052729274,-0.0394937801883483,-0.0003339550370522964,-0.0010003771742902162
PEP,2021-02-11,-0.0451636134258439,-0.026064616228017,-0.0528456385199299,-0.051177668243803,-0.0077658840814368,25.97014308598927,0.0708209237012934,0.009491070565579,-0.0842509711278959,0000077476-21-000007,0.004647536805493,0.0124134208869299,0.0026794619440579,-0.0223835768232583,-0.0002534186132335003,-0.0008754608424650318
PEP,2020-02-13,0.0007535432190921,-0.0074448745076074,-0.01257364984817,0.0028195755946195,-0.006935843448105,26.036396346843784,0.0728429356102357,0.0078027923870716,-0.283584446719169,0000077476-20-000015,0.0052328461729006,0.0121686896210056,0.0171840895515726,-0.0370946573193764,0.00014352672370309034,-0.0007712555762157581
PEP,2019-02-15,0.0219883570835847,0.0036006857185401,0.0169948467739901,0.0099965777467366,-0.0073242037236497,25.78683257338505,0.0917968333015959,0.0078796836676537,-0.0993326849324359,0000077476-19-000017,0.0052931220187721,0.0126173257424219,0.0061511641821658,-0.1618143942280822,-0.0001475157254035909,-0.0012541267013979995
PEP,2018-02-13,-0.0206505241855725,-0.0323859609868385,-0.0284664872743073,-0.0395977212422273,-0.0084235860409145,25.791731784396305,0.0694958590238032,0.006620673625678,-0.4519011147017872,0000077476-18-000012,0.0052647412755716,0.0136883273164861,-0.048806984930751,-0.0002348428509922,-0.0002609626192338589,-0.000615540528416503
PEP,2017-02-15,0.0081566011008031,0.021518121069737,0.0195202983073515,0.0208540805534325,-0.0088875268158136,25.751071165858647,0.073697027056842,0.0068100670881545,-0.2849791729816092,0000077476-17-000010,0.0057922157523751,0.0146797425681887,0.0068726883597833,0.0124064647139002,-0.00020577485782054567,-0.000841413745017866
PEP,2016-02-11,-0.0079286406211295,-0.007899271241649,-0.0057359381447435,0.0098745591369749,-0.0092846522385593,25.672743171613376,0.085527269414459,0.006436174503492,-0.2128056714759143,0000077476-16-000066,0.0061787543366925,0.0154634065752519,-0.0046498347905048,-0.0499514895559867,0.00012058490033517819,-0.0016971886494823408
TJX,2024-04-03,-0.0287540554283889,-0.0340382578917818,-0.0456922121943597,-0.0160039897090725,-0.0058519793459552,25.447967867440934,0.0647932565088205,0.0148135598456942,0.0813267501595731,0000109198-24-000014,0.0027538726333907,0.0086058519793459,-0.0061815934803215,-0.0509845772514458,0.0001131862680994926,-0.0004107297685988269
TJX,2023-03-29,0.0017439776467728,-0.0004839065894696,0.0117341864037607,-0.0109109005874313,-0.0080040020010005,25.19875182276304,0.0724521543236764,0.0151539346102251,0.2473460068059232,0000109198-23-000004,0.0036685009171252,0.0116725029181257,-0.0096867608251904,-0.0141876430205949,-0.00014380686324812228,0.00010341649548454676
TJX,2022-03-30,-0.0084107827878367,-0.0195403802721688,0.0247686908433629,0.0084094947021959,-0.0066390041493775,25.048443211712527,0.0794268058005028,0.0143928824107271,0.3098523719071389,0000109198-22-000008,0.0048409405255878,0.0114799446749654,-0.0082356923014162,0.019554242864527,-0.000606864080725382,-0.0006655814926761942
TJX,2021-03-31,-0.0060155441672444,-0.0140177669858902,-0.0052196475480881,0.0185328804234827,-0.0098814229249011,25.10805287462784,0.0727075705390777,0.0137189043800028,0.4869615390412919,0000109198-21-000006,0.0040623627580149,0.0139437856829161,-0.0147218786561726,-0.1499957477050253,-0.0003269484430945966,-0.0009764478198447817
BKNG,2023-02-23,0.0369222400008547,0.0635909957196217,0.0643677195859262,0.054904531069249,-0.0078651685393258,22.01921615657418,0.7612600743208988,0.0175580148686832,4.1931538880917145,0001075531-23-000016,0.0061365600691443,0.0140017286084701,0.0410957419084654,-0.1057916003428431,-0.0004261887741016025,-0.00013502906644815953
BKNG,2022-02-23,-0.1179786356900769,-0.1931768284510685,-0.2093820366591636,-0.1880435103638971,-0.0088393819619116,22.138771627327564,1.5000355444317366,0.0162653714653066,3.962082111411164,0001075531-22-000008,0.0070427596119295,0.0158821415738411,-0.1125772558063034,-0.0819070636054048,-0.00028020931752129773,-0.0009725730465614525
MO,2021-02-26,-0.0048630108106033,0.012631255806114,0.0271116139908503,0.0508167008264576,-0.0163619634356122,25.14154389188096,0.0342240667094302,0.013277058736842,0.2551784390817523,0000764180-21-000037,0.0029603552426291,0.0193223186782413,0.0079354091153476,-0.0244298495112995,-0.00011837872863562144,0.00043151422600501833
MO,2020-02-25,-0.0371283287645927,0.0009668569687611,-0.0246441693205565,0.0228447298099707,-0.0148594758830231,25.12259767654705,0.0764406664438885,0.0118171455144481,0.2222555799867416,0000764180-20-000018,0.0032757311052031,0.0181352069882263,-0.037139844160012,-0.0059963716222667,3.0515812755746986e-05,-5.494743182022975e-05
MO,2019-02-26,0.0185797936317686,0.0198526566947669,0.0470259031104096,0.0900369291401582,-0.0124678001030396,25.29973295700948,0.1521758218888082,0.0113133020338579,0.1890330212630291,0000764180-19-000023,0.0033487892838742,0.0158165893869139,0.0464609857691393,-0.0357952246054229,-6.9010410777983e-05,-0.0005344051318333786
MO,2018-02-27,-0.0163164017834827,0.0124091338959318,0.0149905292442013,0.0063894007486466,-0.0125755873066837,25.54633707501719,0.1236626047169019,0.0096499050551774,-0.0870860502515409,0000764180-18-000028,0.0031037619735645,0.0156793492802483,0.0153490735785226,0.0367536518051473,-0.00011193675042105534,0.00010091389140371804
MO,2017-02-27,0.004394050803796,0.0128113495279727,0.021346489731577,0.0283884166121658,-0.0146638632810394,25.695514112046386,0.0884648832582701,0.00928804272575,-0.2417884009526016,0000764180-17-000028,0.003180764461696,0.0178446277427354,0.0021257418253782,-0.0094067785659831,-0.0001202248965480119,-0.00024580544320913463
MO,2016-02-25,-0.0120124980291741,-0.0151932572424504,-0.0093192449657394,-0.0042986458503502,-0.014317673378076,25.511912723654632,0.0239722925518979,0.0093502489091139,-0.1593799332495626,0000764180-16-000128,0.0032997762863534,0.0176174496644295,0.017233615596319,-0.0139083718847933,2.9615296728719412e-05,0.00017070146886043365
VLO,2025-02-26,-0.0309523250990343,-0.030985535924083,-0.0581540961053498,-0.1009079989218871,-0.0065419488121198,24.46331111547072,0.5822342126517553,0.0267323480215084,0.8163092401411409,0001035002-25-000005,0.0030988178583725,0.0096407666704923,-0.024796635855277,-0.0176137793326244,4.838500046126228e-05,-0.000200888856240921
VLO,2024-02-22,0.0317025350467793,0.0290733387860143,0.003298879376862,-0.0168296155128239,-0.0070675220180493,24.54317117743085,0.5777645306823751,0.0261168223077523,1.0567188652800867,0001035002-24-000007,0.0042405132108296,0.0113080352288789,0.0627381297421798,0.0279752978925813,-0.00039215279373322313,-0.00042806299347664426
VLO,2023-02-23,0.0004771587507039,0.0008349550955745,-0.0154785456989677,-0.0055708785630849,-0.0085849914150085,24.60494722927371,0.4857366911674522,0.0256046767357406,1.10091865404763,0001035002-23-000027,0.0038379961620038,0.0124229875770124,-0.0258953477023786,0.0316480188441154,-0.0001700269862416805,0.00010960230500915498
VLO,2022-02-22,0.0267319314572739,-0.032077224384497,-0.0264183082200128,-0.1110805012865793,-0.0107443616300454,24.292652361991404,0.5192308207456486,0.0225560120082469,0.8635068434827993,0001035002-22-000007,0.0046462104346142,0.0153905720646597,-0.0142275322000742,-0.0418741223030767,-0.0002283405677732176,-0.0005284158888792646
VLO,2021-02-23,0.0832436990853604,0.0631103849904254,0.1734227984070496,0.1989092381505601,-0.0119214586255259,24.13559419403349,0.6197628976835324,0.0217344327936547,1.1261129611046437,0001035002-21-000051,0.0035063113604488,0.0154277699859747,0.0055886557855709,0.0020257861754292,-0.0002840939253232705,-0.00042688468104006293
VLO,2020-02-26,-0.0459688691870264,-0.0704790878817784,-0.0813953982345296,-0.1347312404612026,-0.0013282564420437,24.140043108003656,0.7155314711970974,0.0149595710509457,0.679838426322058,0001035002-20-000007,0.0053130257681749,0.0066412822102187,-0.0035996833610991,-0.00732558474894,4.400910549137518e-05,0.00024224356241804264
VLO,2019-02-28,-0.0061417123437549,0.0032072541245562,-0.0327204151880956,-0.0431347638842341,-0.0018197642218529,24.269993598625817,0.6244166681971072,0.0152984843119804,0.7870696563920458,0001035002-19-000008,0.0059340137669119,0.0077537779887649,0.0255760961887141,0.0223899195518028,-0.0003279006654146912,-0.0004262959519930281
VLO,2018-02-28,0.0082046213408126,-0.0080273968564698,-0.0183854302878669,-0.009332076347036,-0.0026998281927513,24.416778540974647,0.5472336469365664,0.015149938824293,0.7804837194861428,0001035002-18-000010,0.0057269082876544,0.0084267364804057,0.0091746230389212,-0.0170246338146598,-0.0002984329978120471,-6.619566707738248e-05
VLO,2016-02-25,0.0191215177956963,-0.0179311467977663,0.0346170782919216,0.0533429347539269,-0.0045357770989539,24.07353826734821,0.7199803653675254,0.0172483860854144,1.2364008244576503,0001035002-16-000069,0.0067573822086457,0.0112931593075997,-0.0168686141685228,-0.0414715272601871,5.9276737632245953e-05,-0.0005998034507522928
SBUX,2018-11-16,0.0125825337497079,-0.0145297691962871,-0.0036588043900237,-0.016669952417042,-0.0089264740427531,25.152764808400924,0.0139409787511268,0.0105684720887252,0.7515233423530756,0000829224-18-000052,0.0068123091378905,0.0157387831806436,0.0967746722301086,-0.0749026530294377,-0.00044781526706567254,-0.0010058834599463704
SBUX,2017-11-17,-0.0023631815971573,-0.0077456920198749,-0.0008790638028091,-0.0097198718248856,-0.0083041390943298,25.123145582050142,0.0669207772729831,0.0102060639485195,0.4750038462639229,0000829224-17-000049,0.0064876086674451,0.014791747761775,0.0215570608731514,-0.0760650112803846,-0.0004924195607334466,-0.0012411032254757194
SBUX,2016-11-18,0.0175602232543504,0.0182668181663808,0.0409174492205868,0.069745217971625,-0.0026760173479745,25.12121611207145,0.0723880917010559,0.0100671164308507,0.4506832848010962,0000829224-16-000083,0.0057211405370489,0.0083971578850235,0.0124951539603852,-0.091879846555347,-9.874209154121857e-06,-0.0007411584623224342
FCX,2025-02-14,-0.045239255948996,-0.0428588954609388,0.0009346560721363,-0.0162595273184556,-6.974473427256208e-05,24.78023866190168,0.3041744019359654,0.0250983187719128,0.7936747146408712,0000831259-25-000006,0.0052308550704421,0.0053005998047147,-0.0703824923871503,-0.0467239227229539,0.00044369089938929573,0.0010634501271906583
FCX,2024-02-16,0.0385991990521273,-0.0018163582856421,0.0155545728733053,-0.008010251719096,0.0014866873901878,24.728162321880017,0.3042495533778017,0.0251417419902853,0.7041069046648294,0000831259-24-000011,0.0060819029598594,0.0045952155696715,0.0432789232007679,0.0014092800123553,-1.6829846386635607e-06,0.0007847903035385098
FCX,2023-02-15,-0.0115935845544797,0.03836327610002,0.0169512074815738,-0.030334235615002,-0.0002546148949713,24.84216014136316,0.2529629676059678,0.0262409349509244,1.080176073201229,0000831259-23-000013,0.0054742202418841,0.0057288351368555,0.0010186024082334,-0.038319124249609,-0.00011867507848622838,0.00021067879426179574
FCX,2022-02-15,0.0128859947052441,0.0341560400171847,0.077391098979243,0.1909337492438184,-6.743997841920663e-05,24.84644817931376,0.2263767560467823,0.0255094510970232,1.278658963386162,0000831259-22-000009,0.0060021580793094,0.0060695980577286,-0.0526105541216992,-0.0399707206707628,-0.00018200375396097641,0.0009033856271989548
FCX,2021-02-16,0.0815219621514856,0.1848220630825331,0.1390720264721124,0.1426013751358885,-0.0038529133432472,24.54204009689442,0.2233670685312883,0.0292065967300967,1.3607387045524186,0000831259-21-000009,0.004596458023523,0.0084493713667703,-0.1305381212910517,-0.0422166769134329,-1.7885889775410956e-05,0.000461633451607499
FCX,2020-02-14,-0.0430257956084709,-0.0365659878786061,-0.0085501553169773,-0.0068817138382358,-0.0040842648323301,23.62998992997259,0.5081773542680855,0.032017931802887,1.286750277501308,0000831259-20-000004,0.0039409572943536,0.0080252221266838,-0.09174222781188,-0.0409996988858777,4.1130889703249124e-05,0.002050997504185798
FCX,2019-02-15,0.0547313473551888,0.0605585790192866,0.1001545502656004,0.0826281716721054,-0.0049673202614379,23.592332001820207,0.5560551040396685,0.0343329789746721,1.1832348300342552,0000831259-19-000009,0.00359477124183,0.0085620915032679,-0.1041851167310066,-0.039764581604165,-6.730871225735203e-05,0.0006007932612706654
FCX,2018-02-20,0.0378179915878649,0.0183549736707571,-0.0307643757520867,0.0180444435441383,-0.0059656025893253,24.023468395492063,0.2941574362221759,0.0366131106307704,1.2248564900583514,0000831259-18-000008,0.0045693977279939,0.0105350003173192,-0.0123949808605429,-0.0445999008295474,-3.634645552736784e-05,0.0012188145989334392
FCX,2017-02-24,-0.0439860712293229,-0.0011806611277603,-0.1167703792075564,-0.1949198253524209,-0.0086091349623672,23.69284528747512,0.3105669121092603,0.0416721900961867,1.8347439853959693,0000831259-17-000012,0.0041241365089184,0.0127332714712856,-0.0062637112089649,-0.0724008868333849,-5.2709361330411385e-05,0.0024735361220742337
PSX,2025-02-21,0.0042787075834942,-0.0200486368441655,0.0091436372230555,0.0636236924921747,-0.0071559422944813,24.705425144014225,0.5110313371632472,0.0231089341084645,0.4870442515162289,0001534701-25-000074,0.0050950309136707,0.012250973208152,-0.0277916568248687,-0.024729374742543,7.723372705667762e-05,-0.0004991487682186719
PSX,2024-02-21,0.0269272479292823,-0.0014193863802076,-0.0117587204315458,-0.0367103395723998,-0.0045990045990045,24.82397575801728,0.5064824415940258,0.0225298779855094,0.6502857849892608,0001534701-24-000078,0.0051030051030051,0.0097020097020097,0.0201163969554926,-0.0047254562566225,-0.00027762966371218416,-0.0004603183987862659
PSX,2023-02-22,0.0233931731817234,0.0281039153398266,-0.0019792197142926,0.0013122745932186,-0.0035404712489317,24.556859057312487,0.6380067807638454,0.0219617876965451,0.7033632395074911,0001534701-23-000053,0.006348431204981,0.0098889024539128,-0.1107285118190091,-0.0196158623405737,-0.0003492337893956759,0.00010887683634850832
PSX,2022-02-18,0.0040558851679041,-0.0124588434187043,-0.0180776471417199,-0.0958013872200317,-0.0071865347033978,24.365150551811123,0.5022050186681267,0.0195857092156965,0.5671153806398346,0001534701-22-000078,0.0058626993632982,0.013049234066696,-0.0411310077437647,-0.0669899832298418,-0.00041873614849406314,-0.0009287197650226123
PSX,2021-02-24,0.0260590185638565,-0.015872548975863,0.0750711223277966,0.1106704521262755,-0.009948042073248,24.34414171240245,0.5079971933489408,0.017833740513143,0.7717737981708389,0001534701-21-000074,0.0044987960968191,0.0144468381700671,-0.0598077594388589,-0.0083567669537468,-0.00021652875386473391,-0.0011704879970609388
PSX,2020-02-21,0.0350164560248835,-0.0251420725551583,-0.0116935877351462,-0.0270767113872202,-0.0060224839400428,24.402943624350087,0.628506783325389,0.0111556286629193,0.3547816067626457,0001534701-20-000070,0.0046841541755888,0.0107066381156316,-0.0638159637313101,-0.0197837589141937,0.00014083188116132368,1.0407846771617448e-06
PSX,2019-02-22,-0.0064664853945186,0.0013008034060923,0.0092251132808796,0.0018392744357299,-0.0041330577961469,24.50836721060007,0.5597848437234412,0.0115959132469914,0.3731234162671099,0001534701-19-000063,0.0053996400239984,0.0095326978201453,0.0059721972510268,-0.0207043147791999,-0.0003118087665693503,-0.0005485514733155217
PSX,2018-02-23,0.0053589869186142,-0.002026047186882,-0.013970638491528,-0.0150739942207174,-0.0041279669762641,24.53384331950793,0.5552663199159026,0.0108949414169356,0.0461160464511754,0001534701-18-000065,0.0058277180841376,0.0099556850604018,-0.0082879984171785,-0.0183354712140647,-4.600218053526036e-05,-0.0001833566919009916
PSX,2017-02-17,-0.0104559861198156,-0.0032406424148029,-0.0195873450498142,-0.0175084542460322,-0.0046129541864139,24.428229978033325,0.5508186182642454,0.0118946875718195,0.2413505082210539,0001534701-17-000051,0.0063823064770932,0.0109952606635071,-0.0256454440708461,-0.0375125956521305,-0.0001190170507913172,-0.0004931926610804687
PSX,2016-02-19,-0.010993189649745,-0.0150983507151933,0.0030388251493796,-0.0139185128189501,-0.0037022852036256,24.458585440561915,0.5512940279641445,0.0131526754014808,0.5329341909522939,0001534701-16-000119,0.0077237329248053,0.0114260181284309,-0.0074548698787364,-0.0126655152561888,0.00019946738417087577,-0.0008709724729623943
MELI,2025-02-21,0.0527338466957836,-0.037433453994261,0.0548393925410723,0.0397364361061381,-0.0059649378046119,25.396050628671865,0.0406653423753861,0.0278589979324727,0.590835261360784,0001099590-25-000007,0.003418927766058,0.0093838655706699,0.0972737119823292,0.0200897028592786,0.00010240724286530242,0.0005522855408170071
MELI,2024-02-23,-0.1149537154239952,-0.0240119910910288,-0.1206341834235049,-0.1545626879427419,-0.003810431055013,25.24686727647309,0.0333199754636775,0.0284436772712739,0.7706881587419078,0001099590-24-000008,0.0053187266809557,0.0091291577359688,-0.0910605617602854,-0.0216684723726977,-0.00032931794339148817,0.00041424587863322037
MELI,2023-02-24,0.0904342329516782,0.0394400063727221,0.1010036051883965,0.1202419737954979,-0.0049613664091093,24.768172796692145,0.0319932069237729,0.0294716934305631,1.1354866715152654,0001099590-23-000007,0.004798698657991,0.0097600650671004,0.0600920065004129,0.1085707094013508,-0.00036633537844244304,0.00021478660807816197
MELI,2022-02-23,0.2018623490939152,0.1774329054662649,0.1553645094738229,0.0206315301793827,-0.0080565603419927,24.52469230585864,0.034216266646059,0.0271390879426122,0.9149661471413696,0001562762-22-000049,0.003699440973364,0.0117560013153567,0.1166140229822263,0.06107680714287,-0.0003208688258132681,-0.0007370279900642758
MELI,2021-03-01,-0.07969601590732,-0.1510427687908979,-0.1557582791411496,-0.2417130273630354,-0.0067220245156188,25.126223111557405,0.0202171084496054,0.0256362175058219,1.0189874314920264,0001562762-21-000079,0.0049822064056939,0.0117042309213127,-0.0694663829666973,-0.0679745699137683,8.050721545752395e-05,0.00077010556781195
MELI,2020-02-14,0.0256198135707202,0.0203093923229822,0.1307018468816025,0.082431751683184,-0.0078080365644639,24.298923271894207,0.0555214374266711,0.0228410909066514,0.9931707180713992,0001562762-20-000055,0.005237097695677,0.0130451342601409,0.0677309069189058,0.2154292493743956,0.0001497411934008556,-0.00012600593453184828
CSX,2023-02-15,-0.006954552534509,0.0014688652308835,-1.6946259949917816e-05,-0.0203315837306044,-0.0049107677566175,24.89531677892928,0.1946850865088567,0.0124347654235983,0.6354783772871171,0000277948-23-000006,0.006228290813271,0.0111390585698886,-0.0692155996979329,-0.037213589995512,-0.00019541518774797952,8.604077783601846e-05
EMR,2021-11-15,-0.0331722679680828,-0.0348301562325358,-0.0497105758747871,-0.0244128329677416,-0.0049087476400251,24.78293539174106,0.1705283968987822,0.0131806366730852,0.0906706958089546,0000032604-21-000038,0.009062303335431,0.0139710509754562,-0.0219483934348719,-0.0475240036136731,-0.0007566614241862701,-0.0004881154623341914
EMR,2020-11-16,0.0067191648623857,0.0218764063266279,-0.0038769357790445,0.0978764516346567,-0.0084099573895492,24.537397485928807,0.1853879018820195,0.0126869939187073,0.3570272047887171,0000032604-20-000041,0.0071764969724153,0.0155864543619645,-0.0011926547638729,-0.0507618893934853,-5.526263815229284e-05,-0.0005405661228202953
EMR,2019-11-18,-0.0056545693922078,0.0130886506932421,0.0024054915616642,-0.0043444233460034,-0.0079631703371904,24.525274866009457,0.1838089160443244,0.0099146023314344,0.3333187934151838,0000032604-19-000048,0.0054746796068184,0.0134378499440089,0.0219937780183658,-0.0339472203878983,-0.00015066520538825856,-0.0009860959466739699
EMR,2018-11-19,0.0126937058668356,-0.0118964259349752,0.0313254914806271,0.0224169829340607,-0.005098411192791,24.49816617024836,0.2052386044080227,0.0098904208112504,0.2316251343245724,0000032604-18-000044,0.0075883329381076,0.0126867441308987,-0.0297648157680723,-0.0390705120188098,-0.00021674208499610593,-0.00046030943335211277
EMR,2017-11-20,0.0168533538378491,0.0194590950328662,0.0141250224706097,0.031758189774967,-0.0095996253804729,24.37165960261205,0.2269549108494806,0.0100703987996553,0.2557088774454705,0000032604-17-000046,0.0079606649496605,0.0175602903301334,-0.0271759352213311,-0.0531448900075022,-0.0002674033709113762,-0.0013911680376313279
EMR,2016-11-16,-0.0303076970835699,-0.0263361354205328,-0.0434474197430328,0.0052563667060784,-0.0143013100436681,24.302723725427533,0.211077681027305,0.0101680045816707,0.4419041704134818,0000032604-16-000105,0.0077510917030567,0.0220524017467248,0.0123902992528291,-0.0396066710775478,0.00012267546008119752,-0.0024733294691112015
MNST,2025-02-28,0.0588461975445409,0.0253944324879771,0.0752827706829878,0.066100109049708,-0.0120848474604918,23.952614788628,0.2358259066583894,0.0130365548772907,1.246677077872648,0001410578-25-000248,0.0061691878644468,0.0182540353249387,0.0860050077875578,-0.1393292082650818,-0.00010563566687861883,-0.002515186891999189
MNST,2024-02-29,0.0404330646537596,-0.013143588051343,0.0447148395896882,0.0719756436409195,-0.0113713509843856,24.09262044510544,0.2831662161568063,0.0127717297396392,0.8470038424784635,0001104659-24-029425,0.006958587915818,0.0183299389002036,0.0361647029888172,-0.0431281472079482,-0.00043306529746108295,-0.0009568196473070096
SNPS,2025-12-22,0.0112369558787135,0.0115288643133449,0.0069942863301592,0.0392085299786128,-0.0037488284910965,25.20875110977058,0.319292200057551,0.0195636524630014,0.8772667083083424,0000883241-25-000028,0.0054149744871394,0.0091638029782359,-0.0257762986332027,-0.0395510315161556,-0.0001761557875866524,-0.0010162937873503248
SNPS,2022-12-12,-0.0038263564138484,0.0299099699885937,0.0405830939342235,0.0341309650819824,-0.0025066583111389,24.628262232380216,0.1110923666505303,0.0139936744185636,0.4766628614526217,0000883241-22-000017,0.0056399812000626,0.0081466395112016,0.046904821020278,-0.0489646125085008,-0.0006338255729971593,-0.0007784273440216627
SNPS,2021-12-13,-0.0001857691603141,-0.0206690895243701,-0.0146067503556382,0.0224210155109176,-0.0012928248222365,24.741392311851808,0.0952416795381385,0.0124713345367869,0.2415754441150625,0000883241-21-000022,0.0058177117000646,0.0071105365223012,0.0166955848046014,-0.0415542020943228,-0.0005813561890306469,2.0659750820811136e-05
SNPS,2020-12-15,0.0329630003933227,0.0417231756460995,0.0691275370780016,0.0582104017329797,-0.0008183306055646,24.322038464291666,0.1342532224857271,0.0111462894768791,0.4912021436751408,0000883241-20-000015,0.0053191489361702,0.0061374795417348,0.0198110268683746,-0.0378112646968643,-4.677884358527061e-05,-0.000262439839250853
SNPS,2019-12-20,-0.0194045086381672,-0.0057760444299299,0.0005649728188594,-0.0172982285926401,-0.0005325522566901,23.767769957430644,0.1944327519147953,0.0096995191919151,0.5894903230608921,0000883241-19-000019,0.0055917986952469,0.0061243509519371,-0.0244364951416653,3.42598525360338e-05,-0.00012408208090327775,-0.0002426117839390729
SNPS,2018-12-17,0.0012447564496929,0.0094685782861523,0.0078547956220461,0.017298257324679,-0.0016119746689694,23.29625898924553,0.2654829745438941,0.0093372188394375,0.6156194806038486,0000883241-18-000012,0.0033390903857225,0.0049510650546919,-0.0013004848344023,-0.0328486618193739,-0.00023189840073358121,-0.00019323452901219947
SNPS,2017-12-14,-0.0045082509340763,-0.0101154302363651,-0.042644875358258,-0.0573608888217357,-0.000988467874794,23.29770697928436,0.249590431591638,0.00883348942594,0.5469000402427718,0000883241-17-000014,0.0035145524437122,0.0045030203185063,1.226788139052637e-05,-0.070067075756674,-0.00022399611152202877,-0.00022265031975466612
SNPS,2016-12-12,0.0030234683761091,0.0209111872247577,0.0132020209217765,0.0165444649869161,-0.0008562691131498,22.90266142779227,0.3614025634786417,0.0086572256123606,0.3676521398280682,0000883241-16-000027,0.0040366972477064,0.0048929663608562,-0.0606073230575726,-0.045264562753789,5.7351931989845684e-05,-0.00035990402703931564
CTAS,2025-07-28,0.0003153426530833,0.0212119820156881,0.0133398041281784,0.0049079054197197,0.0040212027051727,25.22407216769816,0.0519979387671309,0.0110403657118777,0.0190145918351904,0000723254-25-000017,0.0095046609394991,0.0054834582343264,0.0323057141798617,-0.04689266506399,-0.00015514489552514782,-0.0002476738895684569
CTAS,2024-07-25,0.0207215618362784,0.0111526836611298,0.0161382575940893,0.0732722217854449,0.0034614683913281,25.05379930450242,0.0568057212010536,0.0127823822830238,-0.0984657375253314,0000723254-24-000036,0.0091091273456002,0.0056476589542721,0.0742614789620561,-0.0627954353028333,-0.0004512130299937284,-0.00010640159652315193
CTAS,2023-07-27,-0.0310884880812531,-0.0284452245582492,-0.0180032137625003,-0.0053697033882737,0.0023980815347721,24.685060517550525,0.0735275298250541,0.0127665507788827,-0.0852020128183822,0000723254-23-000025,0.0086699870872532,0.006271905552481,-0.0075770787749325,-0.0278717392017976,-0.00029975870989403566,4.1992929089402134e-05
CTAS,2022-07-27,0.030461127646452,0.0141299040893018,0.0262191114540529,0.0393638982920364,-0.0014162077104642,24.418516325219688,0.0821796591971329,0.0129707304240787,0.126480459625587,0000723254-22-000019,0.0072383949645948,0.008654602675059,0.0170491326148816,-0.0359079079147506,-0.0003335160781035099,-0.0008494216356160632
CTAS,2021-07-28,0.0125799671549002,0.0063247357564804,-0.0086727660405911,-0.0249370189680686,-0.005043558000917,24.41314082990684,0.0921044357988363,0.0129670780944292,0.0537474696114551,0000723254-21-000021,0.0067247440012226,0.0117683020021396,0.0233781259294869,-0.047715466958971,-0.00029137742264190135,-0.0010432533870306725
CTAS,2020-07-29,0.0099572223540275,-0.0100660214110838,-0.0354120860882383,0.0300619670503786,-0.0087676570871894,24.13715466409073,0.1064800687642301,0.0123143997275739,0.4854495779298451,0000723254-20-000025,0.0052362396492937,0.0140038967364831,0.0779857873686727,-0.0939039212601,-5.093473991198899e-05,-0.0004887226760603854
CTAS,2018-07-27,-0.0199774604547439,-0.0096098526627511,-0.0055911739965723,0.0432034172003099,-0.003105245647111,23.82291008830798,0.1359404423256007,0.0092015151037974,0.2293229263222285,0000723254-18-000015,0.006099589663968,0.009204835311079,0.0684611442820359,-0.0337964672625251,-0.0003521663848320098,-0.000544940995333665
CTAS,2017-07-31,-0.0086251010197477,-0.0040398595584421,-0.0191484465890461,-0.0439196718700606,-0.0025632063381102,23.38339653493404,0.1610552244266817,0.0086220013381505,0.3463922952232454,0000723254-17-000020,0.0061749970872655,0.0087382034253757,0.0976346310681011,-0.0022315896594605,-0.00030248816882306003,-0.0005656139668971041
CTAS,2016-07-29,-0.0091629885330582,-0.0179437245467408,-0.0213206055942998,-0.0195906387728482,-0.0025516713447307,23.145691084558827,0.1634553179896886,0.0072573423076012,0.4540328687200931,0000723254-16-000050,0.0059964276601173,0.0085480990048481,0.0996158008601052,-0.0218159825177088,-7.247014091903778e-08,-0.0008975537434666202
MDLZ,2025-02-05,0.0090067589990869,0.0454982366519015,0.0090957413560242,0.0744337865274805,-0.0073054595264496,25.00812925211597,0.371001844575097,0.0107018344452768,0.3401605702030884,0001103982-25-000030,0.0138934185636944,0.0211988780901441,-0.0075309771979938,-0.0039460139540203,-0.00031399327828169395,-0.0016523603183825626
MDLZ,2024-02-02,-0.0086896197508662,-0.0344907027929788,-0.0226381038738973,-0.0329285799870019,-0.0081719544018678,25.35857118594804,0.2749094684614775,0.0100896433161542,0.1318584483529694,0001103982-24-000019,0.0140090646889163,0.0221810190907842,0.015241186725836,-0.0271199281665637,-0.0007327123495807926,-0.001069311991561305
MDLZ,2023-02-03,-0.0078735594925663,-0.0203986854835895,-0.0163064783248153,0.0089929530085984,-0.0046022762609615,25.23278421979968,0.2958140397177116,0.0101253315672395,0.2585043119153029,0001103982-23-000006,0.0141177933951116,0.0187200696560731,-0.012249122649713,-0.0251423115592428,-0.0006886844225842918,0.00011506038727119975
MDLZ,2022-02-04,0.0005190596610496,-0.0125064167812223,0.0018920309106562,-0.0287809546413698,-0.0061166795168337,25.26999101271309,0.2997041738866995,0.0100471814483857,0.2293430811728687,0001103982-22-000003,0.012952968388589,0.0190696479054227,-0.0319199200883988,-0.0049517427465864,-0.0007875174730067857,-0.0014843083286517364
MDLZ,2021-02-05,-0.0036588542102744,-0.0197288883459838,-0.0259677279152758,-0.0605276190633847,-0.0104127730015485,25.09370579589781,0.3487424462665608,0.0108514234311476,0.1938283626602555,0001103982-21-000004,0.0103593741656431,0.0207721471671917,-0.0268933776475914,-0.035987152843378,-0.00038667146834652015,-0.00113318352037999
MDLZ,2020-02-07,0.0133665913169019,0.001114420272887,-0.0021389619444155,-0.0074703710228002,-0.008789001192793,25.15065447811292,0.3258174220887149,0.0108924800403766,0.0767849786786019,0001103982-20-000003,0.0117395944503735,0.0205285956431665,0.0616069251114993,-0.0222819340341614,-0.00020238221694162702,-0.0011117934164200842
MDLZ,2019-02-08,0.0305295315911524,0.0118711662868749,0.023377190179289,0.0209840586444762,-0.0088918461166223,24.93025253007865,0.3817649886688147,0.011184046694235,0.3217477904851482,0001103982-19-000005,0.0116138398257924,0.0205056859424147,0.024073946499568,-0.0135257705711057,-0.00039347864871003605,-0.0014943555459433107
MDLZ,2018-02-09,-0.0276426675329622,-0.0228089986200617,-0.0331607968024436,-0.0128152487455175,-0.0118811881188118,24.873977805343632,0.4113317193745028,0.0111985169005246,0.29186927956885,0001193125-18-037332,0.0111111111111111,0.0229922992299229,0.0475260392921182,-0.0236507898304812,-0.00029851274822785166,-0.0006753625418472756
MDLZ,2017-02-24,-0.0218855946565505,-0.0346759446128,0.0157956068031875,-0.0478402209863498,-0.0121606485679236,24.9505318878029,0.3671551110934274,0.0117661824101407,0.2744089554526133,0001193125-17-055858,0.0111472611872633,0.0233079097551869,0.0090002277999632,-0.0245375097482734,-0.00033747794121739735,-0.0013140509570571592
MDLZ,2016-02-19,-0.0153171187656798,0.0100547436282097,0.0265707083953314,0.0066869939104658,-0.0161560555289612,24.86149290224072,0.4468224014541709,0.010383310860925,0.4705833723759071,0001193125-16-469394,0.009992819530876,0.0261488750598372,-0.0978876686273265,-0.0437298439983335,-0.0001817709463418128,-0.0027759349747684243
ROST,2025-04-01,0.043923473349326,0.0960616036609847,0.1122798632767575,0.0975438691503394,0.0018934271030565,24.46141381281176,0.1311085777386691,0.0173823374758779,0.6539355148285098,0000745732-25-000010,0.0073032188260751,0.0054097917230186,0.0269037075089604,-0.0152877677827224,-0.0002961320867420225,-0.0005025163014054552
ROST,2024-04-02,-0.0310900563287997,-0.0350473997528358,-0.0395327755607615,-0.0406290556509606,0.0002724795640326,24.60751499289564,0.1001703565761084,0.0184108329387715,0.4887795984397152,0000745732-24-000009,0.0059945504087193,0.0057220708446866,-0.0314207375290779,-0.0376760156342566,9.116300677981928e-05,0.0003959025078007659
ROST,2022-03-29,0.0150479382907095,0.0065305413196658,-0.0040327630976456,0.0236736796926196,-0.0050385766021099,24.19298486103736,0.1263722028921121,0.0171742429338281,0.4005436102898354,0000745732-22-000014,0.0050385766021099,0.0100771532042198,0.0258052047221546,-0.0030569703313092,-0.0004583682118383605,-0.000591089175410194
ROST,2021-03-30,-0.0183792840802829,-0.0080370773367859,0.0060053532925221,-0.0161942875219491,-0.0067402839523877,24.47965199213235,0.0768957953782102,0.0165224597423633,0.5856879391258996,0000745732-21-000017,0.0047325397963573,0.0114728237487451,-0.0367367264482758,-0.1570366742236124,-0.0004322595994174691,-0.0007875026026097051
ROST,2019-04-02,0.0059366549728895,0.033264959767467,0.0396652412997387,0.0517192778864105,0.0005777007510109,24.2703214352332,0.0952363643317202,0.0132381552365775,0.6283144050996865,0000745732-19-000009,0.006162141344117,0.0055844405931061,0.0029982611194125,-0.0560234362535226,-0.00027459302474103274,-0.00039408752730019374
ROST,2018-04-03,0.0062085000805262,0.0131725691390051,0.0074027831980638,0.0162385200511165,-0.0001955416503715,24.07999259680016,0.1062657677088254,0.0133591181283208,0.6794314442924472,0000745732-18-000004,0.0060617911615174,0.0062573328118889,-0.0420202881238997,-0.0469253137543169,-0.0003710151760829578,-0.0002891743149036069
HLT,2019-02-13,0.065210000128415,0.0826297126148599,0.0652735911426095,0.1036947967126064,-0.0037004788855028,23.80354208746554,0.0253165557358615,0.0116816215388356,1.08320129723112,0001585689-19-000034,0.0052242054854157,0.0089246843709185,0.0641598036624109,-0.0253693795840272,-0.00024485015591194895,0.0004887769477412461
HLT,2018-02-14,0.0015412288659563,-0.010634771800394,0.0103740277448049,0.0206475993978864,-0.0053665451599837,23.992994005267526,0.0787707263685392,0.0115422458408956,0.6704099100063786,0001585689-18-000033,0.0045565006075334,0.0099230457675172,0.005174834764684,-0.0484217280781855,-0.00019124992109188776,0.0007614705286233097
HLT,2017-02-15,-0.005063739657401,-0.0245081015826251,-0.0450760447321807,-0.0542199066197319,-0.0057654850019478,23.68230272524132,0.3059743380053751,0.0126758033812297,1.0284320782798098,0001585689-17-000038,0.003895597974289,0.0096610829762368,-0.0015207542436679,-0.0282831400845021,-3.774009455589976e-05,0.0002947450015007193
HLT,2016-02-26,0.0457026607518985,0.0414629564319228,0.0558043165214435,0.0737874263434847,-0.0067169811320754,23.71674785003273,0.2999241486655251,0.0135787535590962,0.6574592943787584,0001585689-16-000161,0.0042264150943396,0.010943396226415,0.0434870498842363,-0.0287803090218167,-5.9373487594143476e-05,-0.0005487794272279016
ET,2025-02-14,0.0209790874876646,0.0015114676904513,-0.0204894011026329,-0.0556798323471724,-0.0091221493283348,24.94287176581836,0.6766541215024239,0.0216079796175514,0.0091555288319334,0001276187-25-000018,0.0044361137144642,0.0135582630427991,-0.021455775475603,-0.0495737792686905,-4.519455341402272e-05,0.00032509147383732724
ET,2024-02-16,0.0396632611409729,0.0175034787388807,0.0393132497583693,0.0439097916684089,-0.0086995746874597,24.60612908332256,0.9047822807465534,0.0218974092761194,-0.0928996998435062,0001276187-24-000024,0.0043175666967392,0.0130171413841989,0.0316845605875177,-0.0350139736756921,-0.0002502453973589465,7.93121428692294e-05
ET,2023-02-17,-0.007043712325117,0.0055875637095447,0.0172524260687633,0.0013260910945884,-0.0081632653061224,24.42171062598652,1.0067984297786816,0.0224207453082967,0.4374675819002839,0001276187-23-000014,0.0045500167280026,0.0127132820341251,-0.0030162630574712,-0.0260106046142358,-0.00023743324343216494,0.00019118998384184822
ET,2022-02-18,-0.0092465972510255,-0.0390545979017898,-0.0263968682090161,0.0277800102840151,-0.0083266452648475,24.17345997243701,1.2487896053783027,0.0224882862588483,0.3681684700568283,0001276187-22-000020,0.0055176565008025,0.01384430176565,0.0155317824012053,-0.0379797819071439,-0.00020657257817137124,0.00018295231720839272
ET,2021-02-19,0.1475999891478735,0.1730118342651483,0.192219079475736,0.2140848783689404,-0.0092623698229111,23.631396671919777,1.561533391965507,0.0291543814287474,0.9412886646999372,0001276187-21-000034,0.0040792820463598,0.013341651869271,0.0123277089266892,-0.0319910157276281,-0.00019601168286458362,-0.0007612239290849031
ET,2020-02-21,-0.040262948295753,-0.0654828750602445,-0.0746628256666668,0.0013130886611523,-0.0075158689980139,24.24169256683379,1.003370214518288,0.0303904980731457,0.1467494855380935,0001276187-20-000011,0.0042836559056038,0.0117995249036177,-0.0344397028821572,-0.0314761176960978,3.557430137858702e-05,0.0007882492779369751
ET,2019-02-22,-0.0133469026788838,-0.0518129117858379,-0.0190163377540125,-0.0098601971638628,-0.0087457989611976,24.42962517518132,0.7578857821420613,0.0332152221636159,-0.3062187868733861,0001276187-19-000011,0.0044301863733577,0.0131759853345554,-0.0206497424810027,-0.0692983059395273,-0.0001929709092192261,-1.3145034406570607e-05
ET,2018-02-23,-0.0591886786004392,-0.0329825296769457,-0.0324569527118602,-0.0725856161566787,-0.0110908933367992,23.613046119077616,1.561533391965507,0.0370756096040088,0.2072719884213748,0001276187-18-000011,0.0029460185425872,0.0140369118793865,8.046733196165334e-05,0.0016952128400263,-0.00013213431627809958,0.000246999544556635
ET,2017-02-24,-0.0185893558760086,-0.0122996198393792,-0.034405052149482,-0.0454042285443399,-0.0082083215397679,23.74285776043897,1.0993055431048204,0.0433542731590842,0.9099255531900096,0001276187-17-000023,0.0030663270119822,0.0112746485517501,-0.0102774384727039,-0.0261651131824234,-0.00011184797024404444,-3.383702794772757e-05
ET,2016-02-29,0.0258064661374108,0.1140704974861788,0.0999265905487227,0.0430611729094202,-0.0061769840204109,22.685472571563235,1.561533391965507,0.0412046955921418,1.0304507709526567,0001276187-16-000132,0.0038941855780851,0.010071169598496,0.0147620725965229,-0.0246700327752679,-1.8726547606548665e-05,-0.0011872537834513883
KMI,2025-02-13,0.0051621332639543,-0.0057731787314249,-0.0343312212722323,-0.0200955836952108,-0.0058534743202416,24.79046510735583,0.5228520670424271,0.0165794075197039,0.423371297239604,0001506307-25-000008,0.0037764350453172,0.0096299093655589,-0.0390253615403523,-0.0322410778855132,2.1734573015367302e-05,-0.00028238544638005126
KMI,2024-02-20,0.0339113470024645,-0.0006714243649261,0.0261650371876626,0.0318131022605251,-0.0066966252533262,24.360152318831545,0.7980845225401234,0.0159895350326211,0.400368370188001,0001506307-24-000011,0.0046700149792933,0.0113666402326196,-0.0502834950848498,-0.0349827779273979,-0.0002470137187659337,-0.00012571390351395596
KMI,2023-02-08,0.0136530998673191,-0.0012892824333316,-0.0043294612823995,-0.0203915522736991,-0.0060282636624172,24.439115806729195,0.7480988390422656,0.0162440885019299,0.6089305131675423,0001506307-23-000023,0.0036564877952366,0.0096847514576539,-0.0049637491775134,-0.031218415021282,-0.00012261248225155761,0.0001503453828552776
KMI,2022-02-07,-0.013970573345501,0.0127062858202287,0.0302088239508642,-0.0194340430329176,-0.006824568446407,24.395529457725623,0.7834857098359397,0.0155344348425919,0.4892077593578626,0001506307-22-000018,0.0032918506623845,0.0101164191087916,0.0205007362196543,-0.0297916271622105,1.8746205806530678e-07,-0.0004184391919597399
KMI,2021-02-05,0.0322175518566439,0.0364779083098056,0.0487696805209784,0.0218368482724906,-0.0069815805109922,24.18179571302293,0.9894795876833684,0.0165710147460369,0.5907872549845967,0001506307-21-000022,0.0037136066547831,0.0106951871657754,-0.0259939751493984,-0.0436323821255046,-4.1460506207784036e-05,-0.0005373043126215844
KMI,2020-02-12,0.023740479516083,0.0223930479877537,0.0256818729966175,0.0398892943946866,-0.0047132129733184,24.60705930724799,0.6941618599202929,0.0164256864461054,0.3635336009467883,0001506307-20-000022,0.0038344783511743,0.0085476913244927,0.0377245793788107,-0.0048750841376786,0.00016989837555317401,-0.000121947004238065
KMI,2019-02-08,0.0143247993365486,0.0321995247474091,0.0156590845152777,0.0131328470388964,-0.0053197994374464,24.428394239276795,0.8283797477881587,0.0177040123179792,0.4769213826478424,0001506307-19-000033,0.0035465329582976,0.0088663323957441,0.0166955018570695,-0.0366639015710386,3.885505189904694e-06,-0.0004306937820483852
KMI,2018-02-09,0.0023881601520688,-0.0392591561097661,-0.0069733825022397,0.0064266133330652,-0.0056821510163435,24.33585582678481,0.9075622974533348,0.0191347848661859,0.3036573405466899,0001506307-18-000010,0.0035733114638861,0.0092554624802296,-0.0318004109197126,-0.0311244979919678,8.268642663186706e-05,-4.418694653523064e-06
KMI,2017-02-10,-0.0120649749552917,-0.0511662584264556,-0.0501199632354174,-0.0865329097955307,-0.0067817509247842,24.63452818656532,0.6891440020707016,0.0220966306845964,0.6103868340473805,0001506307-17-000008,0.0029456089875325,0.0097273599123167,-0.004168330945518,-0.0272856108850488,4.384398405752067e-05,0.00030160348283073975
KMI,2016-02-16,0.160525905852332,0.1335867084462013,0.1609962901686657,0.1240756438885795,-0.0053861129136924,24.23134490128757,1.0519685623973265,0.0245223294433504,0.8344782042971638,0001506307-16-000072,0.0036340038935756,0.009020116807268,0.2087191027229376,-0.0329039861683607,3.980248461816726e-05,-0.0014146758257749027
FDX,2025-07-21,0.0436666229006684,0.0681758811878148,0.0523965475123623,0.0029761774431683,-0.0443458980044345,24.48627180031417,0.6517057762956743,0.0183041205786801,0.8808077313736556,0001048911-25-000011,0.0033259423503325,0.0476718403547671,-0.0548250823903067,-0.0433134441174112,-0.0005286698978055734,-0.005413840471397423
FDX,2024-07-15,0.0418965764957219,0.0235867781938433,0.0634710167728919,0.0205510956484405,-0.0078913422869716,24.798509706561184,0.4685649825239043,0.0192910647223321,0.9090219560554986,0000950170-24-083577,0.0058426284240078,0.0137339707109795,0.1454604093018077,-0.0477978753947746,-0.0003126500698021763,0.0004958289581577883
FDX,2023-07-17,-0.002834104404713,0.015615488830475,-0.023038746844011,-0.0060861537789519,-0.0102638181403482,24.67661718793812,0.5006360382295124,0.0187920558443649,1.1364743603318053,0000950170-23-033201,0.0059302060366456,0.0161940241769938,0.0040116431178195,-0.0595828736780699,-0.00022719199896048152,0.00020275674611053385
FDX,2022-07-18,0.0205782231050978,0.0097511238758557,0.0112995562931346,-0.0111711535212624,-0.0064006024096385,24.54339584087901,0.546786337506999,0.0171934123566964,1.114974857324147,0000950170-22-012762,0.0058734939759036,0.0122740963855421,0.0180221071875779,-0.0553768123670535,0.00016768634334043988,0.0005704471910246908
FDX,2021-07-19,0.0085853181666277,-0.0317004742421485,-0.0139445043799836,-0.0763383155162678,-0.0292740046838407,24.86657559647727,0.3835519074488865,0.0156477666120011,1.150258530639977,0001564590-21-037031,0.0067330210772833,0.0360070257611241,-0.0204162466086911,-0.0642680757961539,-0.0008341836948045659,0.006352578072442331
APD,2025-11-20,0.0263312068435967,0.0122061485006086,0.0039386039766644,0.012897020568333,-0.0068946109469537,24.75522029800312,0.2665360863150118,0.0142286960450093,0.3291252085412004,0000002969-25-000055,0.0080906148867313,0.0149852258336851,0.0851020076475145,-0.0332291177057845,-9.639063727310656e-05,-0.0005493594656714891
APD,2024-11-21,0.0071764553082202,0.0129642192488462,0.0427210200280607,0.0592181356428997,-0.0033772917336764,25.01244948753704,0.23367464214237,0.0148418368139952,0.5586571422609561,0000002969-24-000056,0.0097298166613058,0.0131071083949823,-0.0151877189292755,-0.04714915804077,-0.0004157736920936099,-0.00034571890843469857
APD,2023-11-16,0.0054511607461154,0.0073512834874579,0.0250978220879528,0.0335173085299189,-0.0067950169875424,24.830863469689103,0.235407692982507,0.0127685485117559,0.0343870934622258,0000002969-23-000047,0.0065523378094159,0.0133473547969584,-0.1190797531897855,-0.0495040974675268,-0.0004057071873562214,7.84017793318173e-05
APD,2022-11-22,0.027831294513178,-0.0161663433292418,0.0236769860462778,0.034011139298224,-0.0069164265129683,24.909327666680745,0.1998683360444698,0.0117739542957535,0.2655027348634395,0000002969-22-000054,0.0095821325648414,0.0164985590778098,0.117140414776249,-0.0824024361815887,-0.00027690043763095183,-0.0006886098701301353
APD,2021-11-18,-0.0114113434340388,-0.0011609530209488,-0.0358289997935359,-0.0566883063617555,-0.0062833534171113,24.91783526455814,0.2041412103620208,0.0110706563026591,0.143065191782745,0000002969-21-000055,0.0090377001205026,0.015321053537614,0.023232059165628,-0.0473171022359243,-0.0005954499307479115,-0.0006509800806833782
APD,2020-11-19,0.0292053696760267,0.0385294039870386,0.0565183018958352,-0.0323995012303085,-0.0091166781582777,24.803660574161288,0.2041581988449427,0.0099116158554414,0.2620047944516897,0000002969-20-000049,0.0073546311192829,0.0164713092775607,-0.1598988018268771,-0.0145178219639865,-7.420855017748876e-07,-0.000514584118256119
APD,2019-11-26,-0.022060501036191,-0.0158953233912742,-0.0399209733216965,-0.0637897445496716,-0.0083988287871783,24.669587090153275,0.2136181750252292,0.0087600791649395,0.2198635231464244,0000002969-19-000051,0.0078594544613962,0.0162582832485745,0.0738277795944948,-0.0430961037871618,-0.00031330206853000394,-0.0004953474593980245
APD,2018-11-20,0.0012506681309004,-0.0018159250328761,0.0197326656989387,0.0032822092658976,-0.0092171344165435,24.28150161916792,0.3184020720330431,0.008389248869706,0.1482857101193972,0000002969-18-000044,0.0066765140324963,0.0158936484490398,-0.0003734481457999,-0.0675087327834668,-0.0003367606302356198,-0.00027890942578360096
APD,2017-11-16,-0.0032521742572262,-0.0055894540378281,0.0059249991026638,0.0015362523010584,-0.0109464082098061,24.28337248043256,0.286809085880456,0.0087383371412931,0.394137363300878,0000002969-17-000039,0.0069555302166476,0.0179019384264538,0.0410459800445839,-0.0689778001852268,-0.00022498446422031978,-0.0005904882891354127
APD,2016-11-21,0.0041693471341341,0.0100192063952528,0.0071230080252225,0.0131681944636613,-0.0091072498502097,24.124098813606047,0.236072677058885,0.0093136653007494,0.6077460847207222,0001193125-16-773346,0.0085080886758538,0.0176153385260635,0.0100626909661071,-0.0490480307885322,8.282884851886062e-05,-0.0016930564990856247
URI,2025-01-29,-0.0036250958265081,-0.0041634381419303,-0.0280687662079271,-0.0381838356143648,-0.0046716130805166,24.637032912765346,0.1721395146118146,0.0209211242146503,0.7175600182414263,0001067701-25-000008,0.0039388110286708,0.0086104241091875,-0.0338899941102504,-0.0097856823932132,0.00018064386968717438,-0.0001398729619023263
URI,2024-01-24,0.0857794075329619,0.0968208529231706,0.0948208023545793,0.1081788509907485,-0.0039559683522531,24.382754180792134,0.2093123970479369,0.0207696455881124,1.1002659829303234,0001067701-24-000007,0.0050739594083247,0.0090299277605779,0.0126392837593229,-0.0136623000884031,-0.00027013733917959835,-0.00038018423214028284
URI,2023-01-25,0.0794164626867634,0.094792679998506,0.0982076412785996,0.0724501688089489,-0.002689301621985,24.03065812885568,0.258550565122876,0.0205714007567693,0.9573190183267344,0001067701-23-000010,0.0066392133792755,0.0093285150012606,0.0388006757420804,-0.0121416526138279,-0.00016277103426109987,1.8896378059190087e-05
URI,2022-01-26,0.0047990078937241,0.0038593732147297,0.0575440776017889,0.0770788245786763,-0.0038518777904228,23.82941694731829,0.2682347451102576,0.020577717403181,0.8587061504119519,0001067701-22-000008,0.0067407861332399,0.0105926639236627,0.0546810964876658,-0.0363731656184486,-0.00023839398159721523,6.724668947124766e-05
URI,2021-01-27,0.0281644332478888,0.0260154296170157,-0.0347757161408078,-0.0257737111461282,-0.0064075181546347,23.609215765208607,0.2536189841379362,0.0220194525623382,1.4385623493974646,0001067701-21-000008,0.0034885376619678,0.0098960558166025,0.0555109405559784,-0.0178076985721266,7.639161893427499e-05,-0.00040038254305940963
URI,2020-01-29,-0.0645790535730604,-0.0394665254339231,-0.0179560908221872,-0.0175583849405571,-0.004257907542579,23.13859991944381,0.3421625784448912,0.0202085023431883,1.493493784909397,0001067701-20-000008,0.0046923879040667,0.0089502954466458,0.0692898404614499,-0.0215615987925504,0.0001766150331456211,-3.290423608155078e-05
URI,2019-01-23,0.0587744036760185,0.0748185024951789,0.048833045807264,0.0313744241756508,-0.0030058535041923,22.96512904849532,0.3616039177525515,0.0209513965510198,1.57545647597911,0001067701-19-000007,0.0063281126404049,0.0093339661445973,-0.155658893663321,-0.012061634954618,-0.0001607708026642459,-0.0005640708930383818
URI,2018-01-24,-0.0264757344021568,-0.0061114850889439,-0.015467014860922,-0.0145343930739205,-0.0040357204190279,23.47645316856704,0.1979280680652422,0.0217435279056415,1.4900178474263706,0001067701-18-000006,0.0067834449596427,0.0108191653786707,0.0012024220537485,-0.0180620327189281,-0.00010024873915611809,-0.00013592018555782248
URI,2017-01-25,0.107301132513152,0.1173365187474223,0.113702719765118,0.1106394464858445,-0.008335481653347,22.982788874018446,0.1720516415633583,0.0237592098111374,1.7738059439704672,0001067701-17-000006,0.0050700352324482,0.0134055168857953,0.0351160773191974,-0.105604254081675,-0.0001190658583070823,-0.0006125667812520565
URI,2016-01-27,-0.1742216441123692,-0.1866526113793538,-0.1967442713929356,-0.1120634749188387,-0.0068402835009065,22.367162425142407,0.2852010633485876,0.0218938485642892,1.8020386394838743,0001067701-16-000039,0.0057689137959452,0.0126091972968518,0.0951977264706889,-0.0865686436477779,5.30718692562667e-05,-0.000305727448032619
KEYS,2017-12-20,-0.0051620574799315,-0.0303006502282971,-0.0283333820843449,-0.0044452654302512,-0.0070662130332373,22.80933816317908,0.2868416947328278,0.0137396074562772,0.1240686847719613,0001601046-17-000033,0.0045363342929425,0.0116025473261798,0.0191549238963748,-0.0234350909651557,-9.676345393363732e-05,-0.0004132395866383432
AON,2019-02-19,-4.363047072500131e-05,-0.0166238013108327,-0.0279445515581479,-0.0293253042613497,-0.0126195974925767,24.44346720639802,0.1005749457665126,0.0076592846329216,0.0006596089442782,0001628280-19-001558,0.0070933685252391,0.0197129660178159,0.0660696771050315,-0.0009902875642734,-0.0001741318305342684,-0.001475693967923513
AON,2018-02-20,-0.0080055739695212,0.0024973474865186,0.0022654935185332,-0.0162304880565221,-0.0143492489720567,24.269342098949465,0.1321625788280062,0.0076023843904874,0.1359927214675876,0001628280-18-001923,0.006293530250902,0.0206427792229587,0.0490547281658431,-0.0083866193575318,-0.0003974992939647438,-0.000985808235491217
AON,2017-02-23,0.0033867981456635,-0.0035111581245897,-0.0207776681545966,-0.0163622130747879,-0.0079132213034586,24.136281364619105,0.1803558830520755,0.0074827460997098,0.009694405309708,0001628280-17-001652,0.0051569307370854,0.0130701520405441,-0.0014303673132842,-0.0130846012935062,-0.00020352866806068015,-0.0007033873971268186
AON,2016-02-22,0.0047708934439086,0.0186069554068449,-0.004130464561011,-0.0350977144337643,-0.0076638477801268,23.95305177249072,0.2415897978556799,0.0066830160052634,0.1189828950445641,0001628280-16-011485,0.005813953488372,0.0134778012684989,0.0906177802055765,-0.0123998875930869,8.995250532174687e-06,-0.001452998857066165
FAST,2025-02-06,0.0109005374496885,0.0107415769122999,0.0129506602633332,0.0089980229047817,-0.0022070415133998,24.46495796259175,0.0857567291506454,0.0124113482979989,0.2818206413391331,0000815556-25-000065,0.0084077771939043,0.0106148187073042,0.0078108024374132,-0.0064840790752,-0.0007279086889184577,-0.000502718741374735
FIX,2025-02-20,-0.0353581754915003,0.0447151903371821,0.0208561394898106,-0.0507443151131909,-0.0012870012870012,23.367597419101017,0.1211220554832503,0.0225579808066704,1.0138646603814687,0001558370-25-001222,0.0071500071500071,0.0084370084370084,-0.0680882354602346,-0.0933649857228696,0.0006590017567308005,0.00429665454183476
FIX,2024-02-22,0.1429357266262089,0.1787853889509806,0.1506373595515777,0.1991605467488754,-0.0025122305963242,22.87858908222325,0.1480565918277849,0.0205142552714604,0.7523175683287144,0001558370-24-001529,0.0062144651593283,0.0087266957556525,0.1594344882123139,-0.0464989580822275,-5.3272030083186824e-05,0.003637306006356962
FIX,2023-02-22,0.1800339381693027,0.1653745445870208,0.1679262942008811,0.20875058545478,-0.0026849241508927,22.20926214740308,0.226259363093136,0.0197120407060264,0.1696606314350454,0001558370-23-001757,0.0060410793395086,0.0087260034904013,0.1940362352053607,-0.0331727760542188,0.00040119030778983474,7.772663020829068e-05
LNG,2025-02-20,0.0277627014126159,-0.0079717670442676,0.0277904631873084,0.000588557228585,-0.0006121449559255,24.61386580033104,0.1164481414868071,0.02064322161958,0.6948651647746833,0000003570-25-000033,0.0062438785504407,0.0068560235063663,0.0453526925915235,-0.0419628683829111,-0.0002482774205230704,-0.00019820665441418862
LNG,2024-02-22,-0.0301670051406577,-0.0783746505123705,-0.037264695165014,-0.0221275746707444,-0.00119526241443,24.376939402596832,0.1310328685420716,0.0203413901222894,0.4858713151483907,0000003570-24-000040,0.0059763120721503,0.0071715744865804,0.003849489584053,-0.0187806786654335,-0.0004054857579505116,0.0008109372615571493
DVN,2025-02-19,0.1134476179899147,0.0876211387348696,0.1113517641653834,0.0618750022075122,-0.0054719562243502,23.84285690433171,0.6403641256526997,0.0316819615004404,1.105485532056529,0000950170-25-022844,0.006687946496428,0.0121599027207782,0.1124027166448782,-0.1198639480528929,0.00022944804610824633,-0.0014585178579801337
DVN,2024-02-28,0.0043014584481424,-0.00368157677998,0.0106293350690219,0.0356606157907805,-0.0071029167296357,24.06057159241026,0.4285582337136094,0.0323732728827148,1.2247330553996438,0000950170-24-021781,0.0061961614024482,0.013299078132084,-2.714112378487954e-05,-0.0910165729812698,-0.0006317114328740577,-0.0004315461827664457
DVN,2023-02-15,-0.1186964950449605,-0.1388139100655462,-0.0971560763525792,-0.0944122781795485,-0.0093034950968066,24.45656303157536,0.2670460418225296,0.0325474000506074,1.4667860858248123,0000950170-23-002852,0.0066633140558209,0.0159668091526276,-0.1120170054313316,-0.0586421132615205,0.0004373490640181253,0.00022213562090621518
DVN,2022-02-16,0.0541959548363727,0.0690566622485268,0.055733905360528,0.0751197013808628,-0.0116670675968246,24.254121033134886,0.2711901108142647,0.0304641998481738,1.4496430797592397,0001564590-22-005321,0.0062545104642771,0.0179215780611017,0.0620777735650088,-0.1854090571160746,-0.00019913461073747904,-0.0025190782881584174
DVN,2021-02-17,0.0375318923392409,0.0413936906249956,0.0876185687611574,0.1657930627573862,-0.0149060272197018,23.36571722628248,0.2053731954288798,0.0306461739019607,1.4044036836194074,0001564590-21-006239,0.0083171311298336,0.0232231583495355,0.0333293527023593,-0.1680985230013965,-0.0007176841290597125,-0.0022053730033515717
DVN,2020-02-19,-0.0187227535133289,-0.0535094514181328,-0.0900971044623214,-0.1365091791697062,-0.0162155989494119,22.86157327144087,0.6837897793052634,0.0239280413427528,1.4796184892098594,0001564590-20-005182,0.0081077994747059,0.0243233984241178,-0.0273101613549356,-0.0594297389057476,0.0002987154455992889,-0.0012675802764675105
DVN,2019-02-20,0.0533796440057343,0.0375084940332623,0.0777626580101107,0.1306935732950603,-0.01606264431282,23.241629245648216,0.740312545774136,0.0241357404661984,1.453693903699516,0001564590-19-003382,0.0058227085633972,0.0218853528762172,0.0505760562861163,-0.0312405886722749,-0.00037522690992411,-0.0020361802479000484
DVN,2018-02-21,-0.0912471699016236,-0.1070132463049115,-0.1368339629902983,-0.1574895339229415,-0.0151499745805795,23.62629963637385,0.5076424544948471,0.024919107361464,0.8385483416563183,0001564590-18-002582,0.0047788510421962,0.0199288256227758,-0.0981294819133078,-0.0760404643899789,0.00028305298543097857,-0.0007611511484305045
DVN,2017-02-15,-0.0496214851735842,-0.0535890720537829,-0.0621328956710329,-0.0936848948497503,-0.0130749694290283,23.90548279276485,0.2459323519321588,0.0274967651858217,1.400501011301792,0001564590-17-001607,0.0048913554698523,0.0179663248988806,-0.0335564857077005,-0.0717794957011776,-0.0002455445350974033,-0.0009947228812855248
DVN,2016-02-17,-0.1362598004161594,-0.0750043423390707,-0.1253562904300019,-0.2299856736518114,-0.0123844731977818,22.96206285791942,0.7513292873159934,0.024836037668574,1.046315553110979,0001193125-16-466687,0.0028650646950092,0.0152495378927911,-0.1201955064049385,-0.1059511781361873,-9.649094456414709e-05,-0.0015616929406178485
NKE,2025-07-17,0.020475711356827,0.0419642183881106,0.0479502564619681,0.0076778562810047,-0.0080952931652596,25.538224361267392,0.1071251683122854,0.0181447051646325,0.7901447704924948,0000320187-25-000047,0.0048571758991557,0.0129524690644154,0.1493307537973613,-0.0331507986450481,-1.766986059442617e-05,-0.0006697463702898557
CAH,2021-08-16,0.0137828391900215,0.0053580286696458,0.0149788201392018,0.0212897109865066,-0.0221285563751317,23.432370216553107,0.1192741974074091,0.0173498779718617,0.6137055190507091,0000721371-21-000080,0.0047418335089567,0.0268703898840885,-0.1479161841631115,0.0126966990929252,-0.00022749885261493717,-0.002720404628414591
CAH,2020-08-13,-0.0013658952147495,-0.039051990509971,-0.0268125488046784,-0.1606337821293875,-0.0199317154193965,23.47942916308088,0.1136642306750255,0.0165102464950589,0.8225949451635822,0000721371-20-000089,0.0058134169973239,0.0257451324167204,-0.1043233393884061,-0.0222197751104259,0.00010244450879038649,-0.003494724925960419
CAH,2019-08-20,0.0077577349296243,0.009998410003125,0.0363642175492686,-0.0497247923984956,-0.0170578133943903,23.28535357950349,0.4881641717951365,0.0150936357522287,0.9874805484675618,0000721371-19-000090,0.0036634230108757,0.0207212364052661,0.0205201294974877,-0.0578144696838618,-0.0001299634934853137,-0.0022704670940571926
CAH,2018-08-22,0.0038215209387162,0.0136236145807941,0.0017190092728831,0.0325688205391365,-0.019195710455764,23.49298145310916,0.3797770738386431,0.0150360177832495,0.9381865399980384,0000721371-18-000077,0.003538873994638,0.0227345844504021,0.005360181742894,-0.0639746199867604,-7.61800954420171e-05,-0.0015932771788905102
CAH,2017-08-10,-0.014691684465154,-0.0293608342364609,-0.0339598379316374,-0.0400943444000566,-0.0174361493123772,23.79557178759456,0.3153073002424519,0.0121303712529567,0.6207585714956134,0000721371-17-000083,0.0039292730844793,0.0213654223968565,-0.1030050785244426,0.0329768030821456,-0.00016315171368495542,-0.0014364215637262482
CAH,2016-08-12,-0.0104019100406637,-0.0077707593742146,-0.0115425633046735,-0.0295501924460933,-0.0133350266700533,24.00557544383988,0.2460466672884365,0.0107062916656609,0.5790606897908823,0000721371-16-000277,0.0053340106680213,0.0186690373380746,0.0169536216140729,-0.0102390140669737,4.7110780234081026e-05,-0.0017228468436829188
A,2025-12-22,-0.0097068455091097,-0.0052779678830055,-0.0237837023040225,-0.0219270333691457,-0.0065134099616858,24.38444995677705,0.1732575890277795,0.0141477279931264,0.5051627863498909,0001090872-25-000087,0.0068965517241379,0.0134099616858237,-0.0111181609691828,-0.0256378952508851,2.9402036294480253e-05,-0.0007677892464453204
A,2024-12-20,-0.0004236241828045,-0.0014763974142383,-0.0039909583857699,-0.020080838403574,-0.0090126446058649,24.361863037257766,0.1550536814760795,0.0136456010598862,0.391797081178006,0001090872-24-000049,0.0067258541834813,0.0157384987893462,0.0272026925538191,-0.034587995930824,-0.00023015746900452766,-0.0005739606406159318
A,2023-12-20,0.012779242932746,0.0038079053871199,0.0116274770992457,0.070054866832945,-0.0073126142595978,24.435838415338143,0.1427035348699971,0.013060069460814,0.4262369901541952,0001090872-23-000020,0.0073126142595978,0.0146252285191956,0.0863647927298372,-0.0146513266024888,-0.00010917198156804045,5.488379930725004e-05
A,2022-12-21,0.009760805136852,0.0049418443577532,0.0042715593632219,-0.003772526370683,-0.0010054582016661,24.50285250044776,0.1211244328136271,0.0124821947011326,0.354950228219369,0001090872-22-000026,0.0095518529158287,0.0105573111174949,0.0470425557752542,-0.0018835052031831,-0.0004666011058286382,-0.0005292794467022758
A,2021-12-17,0.0238869676145062,0.0182199938421871,0.0172434395217953,0.000355984304458,-0.0016969861525929,24.54189469021949,0.1183310570778453,0.0113848899011814,0.2867418250909337,0001090872-21-000027,0.0093673635623133,0.0110643497149063,-0.0697043971156441,-0.0306905370843989,-0.0003656339317081214,-0.0006793661434046355
A,2020-12-18,0.0032330021742748,-0.0103734672651175,-0.0123344475096243,-0.0351377954787703,-0.003515059618168,24.32073941281852,0.1334853143568055,0.0113891044039499,0.3922840591454605,0001090872-20-000020,0.009028878627059,0.0125439382452271,0.0109324756666779,-0.0312385345143875,0.00012865767299604608,-0.00019165225229689342
A,2018-12-20,0.0074841550594918,0.0076791530652832,0.002269804593287,0.0083109571871023,-0.0006923076923076,23.78138891673315,0.2145383978703869,0.0099290743318916,0.6839994928362827,0001090872-18-000019,0.0083846153846153,0.009076923076923,0.0735601876604891,-0.0238109270937702,-0.00020463398547195175,0.00024047240904065425
A,2017-12-21,-0.0048388075922659,-0.0051503672621793,-0.006502061177972,-0.0102164639795801,0.0002343566908835,23.80386373133247,0.2218964585552526,0.0090542144037606,0.3469787591713845,0001090872-17-000018,0.0103898132958362,0.0101554566049527,-0.0085223966655878,-0.0208384710234278,-0.0003731680587410043,-0.00010097290462582101
A,2016-12-20,0.0129327905381007,0.0076784293451266,-0.0046026333150806,0.0003501001500906,-0.0015299877600979,23.405451505049044,0.2902783171616603,0.0091743970383621,0.4765372360038601,0001090872-16-000082,0.0097919216646266,0.0113219094247246,0.0028662929687814,-0.0739480400497349,-0.00010811257490052248,-0.0010544300613191705
IQV,2025-02-13,-0.0407963502829889,-0.0155333740423154,-0.065877615903341,-0.0488018643716476,-0.0028810536424749,24.27392013680279,0.174158399678913,0.0147026076181529,0.547414781488053,0001478242-25-000045,0.0052133351625737,0.0080943888050487,0.0424611095367704,-0.0447928331466965,-0.00021596466339391136,-0.0003960597311979153
IQV,2024-02-15,0.1004515876027593,-0.0164779476234465,0.1106995221190413,0.1392616737444579,-0.0032222084521006,24.511759948330027,0.1383124449034302,0.0136304533928105,0.418730995801771,0001478242-24-000038,0.0044615193952162,0.0076837278473168,0.1066994238935141,-0.0410242608327886,-0.00037490409371014323,-0.0003209282575519
IQV,2023-02-15,-0.017530766020247,-0.0287688770006896,-0.0271041105270792,-0.0760174712597417,-0.0055573197840584,24.46502320590362,0.1367019575602097,0.0134294477255522,0.3319542891368401,0001478242-23-000044,0.0050809780882819,0.0106382978723404,-0.0191552418160969,-0.0406988366049654,-0.0002645390867955543,3.8376200111639776e-05
IQV,2022-02-16,0.0250287776081229,0.0159137630549249,-0.0479851406998034,-0.0466764636174847,-0.0022911257064304,24.49723410672039,0.1387289587076268,0.0126397496282488,0.1212180626113013,0001478242-22-000041,0.0067206354055292,0.0090117611119596,-0.0622905822658104,-0.07471626093842,-0.0005683496593349541,-0.0006385480545466114
IQV,2021-02-12,-0.0251139514394113,-0.0120429460126895,0.0282507762435918,0.0286492891516122,-0.0035565177052729,24.331168320523407,0.1626789973043297,0.012818467819937,0.5089259558413608,0001478242-21-000020,0.0066491417968145,0.0102056595020875,0.0315783082990701,-0.0782181323852347,-0.00048368529937367627,-0.000766716861069518
IQV,2020-02-18,-0.0114248533526305,0.0095070536601458,0.0196458103466242,0.0267473850516608,-0.0030497592295345,24.17658627238286,0.1899373323115456,0.0115471521668891,0.5019256756273217,0001564590-20-004901,0.0067415730337078,0.0097913322632423,0.0301227584100878,-0.0567248908296943,-0.00013657961156782544,-0.0006352184266396812
IQV,2019-02-19,-0.0191597124659684,-0.0074678155518884,0.0531503782481106,0.0442035021122088,-0.0054438493282992,24.05652484411932,0.2395329942395917,0.0115142691856569,0.4791272554530985,0001564590-19-003180,0.005356045306875,0.0107998946351742,0.0661492895770869,-0.0487160287186715,-0.00021753681892661204,-0.000870963680003496
IQV,2018-02-16,-0.009459964732451,-0.0267018130198497,-0.0347731828323478,-0.0125380973611216,-0.0060309698451507,23.77500510115289,0.383366162657774,0.0115009362322538,0.5553010689626722,0001564590-18-002340,0.0052974735126324,0.0113284433577832,0.0014951656891541,-0.0387258248009101,-0.0003646202134861973,-0.0004148189159558817
IQV,2017-02-16,-0.0282626271501049,0.0083029990085374,-0.0385033725526187,-0.0188916812366691,-0.006753535674559,23.63293532518292,0.4704444376890629,0.0119514087500917,0.2826011373550954,0001193125-17-046709,0.0049261083743842,0.0116796440489432,-0.035806012558006,-0.0486989735020291,-0.0002862714083815712,-0.0005718273938687465
ADSK,2025-03-06,-0.0206515695785628,-0.000396390182049,-0.0186974344492866,-0.0509786042126132,-8.787346221441131e-05,24.764949818188448,0.0460453703371899,0.0169403975920564,0.6184638533220929,0000769397-25-000019,0.0087873462214411,0.0088752196836555,-0.0298933915424006,-0.0441552181248493,-0.0003022723062304468,-0.0005046172083242054
ADSK,2023-03-14,-0.031856223827821,-0.0108984075983602,-0.0202112168512158,-0.0245973200346599,-0.0019833071646971,24.47274761135743,0.0269417773064563,0.0183020627467511,0.6072059442127808,0000769397-23-000036,0.0080985042558466,0.0100818114205437,-0.0901783540197375,-0.0365752285951787,-5.733822203765406e-05,0.00019669650199151173
ADSK,2022-03-14,0.0110877859669018,0.0248591664758589,-0.013291127534528,-0.007838723476574,-0.0029897849015862,24.45593478099322,0.020318016829186,0.0179971221248805,0.4743432735389586,0000769397-22-000019,0.0079727597375633,0.0109625446391495,0.0185016328856462,-0.0231515868719549,-0.0007169395971811116,-0.0006159510358239051
ADSK,2021-03-19,0.0230153656306956,0.0045032685537809,-0.0272309757797522,0.0016916990322001,-0.0039662865642042,24.78110882324478,0.0166898894774578,0.0173797424053549,0.5742579605861697,0000769397-21-000014,0.0073541563377954,0.0113204429019996,-0.042963408663601,-0.0810158182939423,-0.0006616880020056147,-0.0006983247735976479
ADSK,2017-03-21,0.0138727654428265,0.0207321553042123,0.0136646201318474,0.0025704042180396,-0.0031069684864624,23.67105229894896,0.0384814943283263,0.0159033453601536,0.7964579197090943,0000769397-17-000014,0.0071016422547714,0.0102086107412339,-0.0587376892855741,-0.1370837938991991,-0.0006158132115609766,-0.0005953448352227124
HEI,2022-12-21,-0.0021652247673301,-0.0199418770948637,0.0091763785019661,0.0037557102682741,-0.0006827103601297,22.809816546593943,0.3234592803812527,0.0168609513240714,0.4421158294497964,0000046619-22-000066,0.007168458781362,0.0078511691414917,0.0312941241901663,-0.0069906081233853,-0.0006344356925385081,-0.0005311592765014766
HEI,2021-12-21,0.0077369564537427,-0.0105649389818625,0.0336848860738949,0.0073660663654722,-0.0030498136225008,22.68707238191143,0.3175614917737941,0.0166610322804179,0.4075033155855747,0000046619-21-000085,0.0054218908844459,0.0084717045069467,-0.0203186151917516,-0.0217529709266861,-0.0005414778919430159,-0.0005734970761421647
HEI,2020-12-23,-0.0061988381594425,0.0038637855167956,-0.0047636936161381,-0.0314717242870645,-0.0051429435788836,22.63779906546076,0.2918991264199639,0.0166557567494004,1.0415983160676228,0000046619-20-000078,0.0042353653002571,0.0093783088791408,-0.0055896092439122,-0.0122158896485181,-0.00020399882966735218,6.62006803591564e-05
HEI,2019-12-19,-0.0079749044226091,-0.0156495969723027,-0.11546350291959,-0.1034441802709147,-0.0010513404590853,22.53131041732816,0.2732703285100585,0.0130306191269364,0.7784484639682248,0000046619-19-000095,0.0045558086560364,0.0056071491151217,-0.0873319594117567,-0.0026411235926679,-0.00023956824626629648,-0.00035449768306749943
HEI,2018-12-20,-0.0449856796255616,0.0060704133848224,-0.0064218066688013,-0.0124130812247995,-0.0005775672865888,22.1505274254353,0.3355315062647184,0.0126316808963893,0.5787909999175697,0000046619-18-000117,0.0048515652073466,0.0054291324939355,0.0162309681870539,-0.0093712003905666,-0.0002975106078862045,-6.388337837741349e-05
HEI,2017-12-21,-0.0393667803290516,-0.032767668322876,-0.0288163074245088,0.0211023283855344,-0.0007102272727272,21.90457849576914,0.3563071809442984,0.0120291733637513,0.3108685343169677,0000046619-17-000085,0.0047348484848484,0.0054450757575757,0.0066203148426082,-0.0058295090296869,-0.0002567489567403446,-0.00019580192272533194
HEI,2016-12-15,0.0316892184935795,0.0247363765151425,-0.0182113948366201,-0.0548900721547764,-0.0024506800637176,21.4337116570282,0.473428584280312,0.0124076190282868,0.4956274940993329,0000046619-16-000162,0.0044112241146918,0.0068619041784095,-0.0391109868621827,-0.0177818998681625,-5.238389562911839e-05,-0.000602864879937383
P,2025-03-27,-0.0617506061316609,-0.0741338953855625,-0.0985752460580935,-0.108348329520876,-0.0047222846863053,23.52721876407921,0.0791333989383413,0.0263931930434531,0.8503610511877076,0001628280-25-015044,0.0038228018889138,0.0085450865752192,-0.1439197071343162,-0.0527569188401331,0.0003099218795786873,-0.0004325654900751507
P,2024-04-01,-0.0079204363626823,0.0412960783390683,0.0114811545003127,0.0130207380141146,-0.0054054054054054,23.550111151501223,0.0751886943006621,0.0262668918945738,1.133358201678082,0001628280-24-013860,0.0034398034398034,0.0088452088452088,0.3222972883104866,-0.1118551731993188,-0.0006397677700061617,-0.0014400262247018136
P,2023-04-03,0.0244746767084416,0.0068792494936498,0.0366902184911208,0.0631928402495669,-0.0018315018315018,22.784827952417263,0.1197766313013318,0.0251946905140007,1.1891138217754027,0001628280-23-010275,0.0032967032967032,0.0051282051282051,-0.1584678379865178,-0.041211749160587,-0.0001967640616403585,1.83044034112333e-05
IDXX,2025-02-21,0.0569199362153101,0.0418131053059852,0.0644933291994427,-0.0124891199298516,-0.0003585835948005,24.32958677820455,0.0433152294666286,0.0168608491121734,0.4983811830951916,0000874716-25-000037,0.0070820259973106,0.0074406095921111,0.1022780569598662,-0.0328096941908343,-0.00015385517027608565,-0.00031320697925524683
IDXX,2024-02-22,0.0037771462010196,0.0078607446201713,0.0145866842777957,-0.0031239272664162,-0.0013051422605063,24.5539811145048,0.032205531556507,0.016513104053812,0.2976082752330133,0000874716-24-000057,0.0070477682067345,0.0083529104672409,0.0655382155192758,0.0864902300601496,-0.0004338184612124401,0.0004818689053161794
IDXX,2023-02-16,-0.0265686900568758,-0.0327253769897151,0.0008285383426042,-0.0086261960144312,-0.0025761124121779,24.47655680200666,0.0142690856417098,0.016230900117333,0.5311104064041743,0000874716-23-000006,0.006791569086651,0.009367681498829,0.0106325626043743,-0.1545017253192921,-0.00023476697177120395,4.761716417437087e-05
IDXX,2022-02-16,-0.0159475759795934,0.0057768550187444,-0.012261173024966,0.0539596348561844,-0.0006978854072161,24.48540341175243,0.0160312898560476,0.0152550180512832,0.189279545642479,0000874716-22-000007,0.007746528020099,0.0084444134273152,0.0708288635294988,-0.0541387947496958,-0.00043657775802611725,-0.00016268999731993937
IDXX,2021-02-12,0.0304948954514853,0.0357424715137773,0.0936762800285414,0.0602766447760338,0.0004910557699052,24.533147982389067,0.0140012481542665,0.0149694559739032,0.4093601459154006,0000874716-21-000008,0.0078568923184847,0.0073658365485794,-0.0172572609581167,0.0957738192736869,-0.0006669345314962306,-0.00030248953216420335
LYV,2025-02-21,0.0303876219258201,-0.0434246389671828,-0.056797665560714,-0.0364653926134203,-0.003965939577744,24.294252849802547,0.0096343241323514,0.0237989473254461,0.8242069451929969,0001335258-25-000028,0.0045491659862358,0.0085151055639799,0.0323695549145217,-0.046757701008195,7.463000537219174e-05,-0.00011007088781499732
LYV,2020-02-27,-0.036988427389033,-0.0174909680141792,-0.0972316810904633,-0.2131604199433152,-0.0052896288588276,23.290896653913467,0.0879039727493649,0.0137429372443206,0.4631250529927057,0001335258-20-000028,0.0046826222684703,0.0099722511272979,-0.0376886378858702,-0.0616323501536859,8.616362296497385e-05,-0.0002005015283986279
LYV,2019-02-28,0.0749289245029158,0.0790033651027365,0.0773658317043011,0.090241370085722,-0.0039472645456698,23.198468442509725,0.0924747893910445,0.013520869265785,0.5274740558003556,0001335258-19-000024,0.0054472250730243,0.0093944896186942,0.0781068155170292,-0.0844604346850341,-0.0003647297821103047,-0.0005946313991751467
LYV,2018-02-27,-0.1195038477544905,-0.0777843795120965,-0.0949438342273662,-0.0830613547908951,-0.0040252145515303,23.0372777234646,0.1167775539638504,0.0124359444632662,0.589199617919731,0001335258-18-000023,0.0054682159945317,0.0094934305460621,-0.097101574784954,-0.1538286112044206,-0.00022614015143297998,0.0004605941793708578
LYV,2017-02-23,-0.0635932841729169,-0.0486265403357045,-0.0528795188933932,-0.0456193385457635,-0.004967550677029,22.56228258919273,0.1790068844908397,0.0117641071639446,0.2431782208463401,0001335258-17-000031,0.0056886467430494,0.0106561974200785,-0.0612011052350125,-0.0913360443208614,-0.0002950927386395581,4.117033632557088e-05
LYV,2016-02-25,0.0521887766912016,0.0611012713508115,0.0657639281265022,0.1007725426338358,-0.0064774242712897,22.16675678848348,0.2920471976470011,0.0108367604601641,0.1870935126875672,0001335258-16-000167,0.0046358036451387,0.0111132279164285,0.0498880503697369,-0.0648715726916231,8.819461078339415e-05,-0.0008744978785356573
NTAP,2025-06-09,-0.0352839608198895,-0.0142790968044534,-0.0243830455046682,0.0493858261023726,-0.0042136572065931,23.78145186842695,0.0488517382197381,0.0171053790701239,0.8558949673257743,0000950170-25-083705,0.0034700706407237,0.0076837278473168,-0.0170775969924373,-0.0277160791887976,-0.00013039339227001353,-0.0003373684061578774
NTAP,2024-06-10,0.0213894660472964,0.008063902546591,0.0076522643790022,0.027491960142681,-0.0058185966913861,23.93804920860553,0.0460279824474258,0.0184162490538249,0.8630423298081651,0000950170-24-071327,0.0037649743297204,0.0095835710211066,0.0093023690903957,0.0195889368180664,-0.0001878257952217946,0.0002326238887375962
NTAP,2023-06-14,0.0050789966691436,-0.0075505071409308,0.0252366130001928,0.011169767533881,-0.0049635653184074,23.468141938727594,0.0744730072960475,0.0183636186718535,0.7282151764867435,0000950170-23-027948,0.0046467420002112,0.0096103073186186,0.008933399994129,0.0590606732513606,-0.000267684790220475,-2.0595187870975906e-05
NTAP,2022-06-16,0.0087083064751869,-0.0021699073566712,0.0067712749985509,0.0063012529298414,-0.0045459350882757,23.39551540908193,0.0579029612998703,0.0187128368562213,0.6475206724054475,0000950170-22-011708,0.0052859710328787,0.0098319061211544,-0.0059613429380361,-0.0039203548952852,-0.0003039631097871014,-9.087814719336987e-06
NTAP,2021-06-21,0.0045276807045887,0.0154984075675347,-0.0291799570300356,-0.0249718263329325,-0.0044532409698169,23.5824147701311,0.039262501578854,0.0190369377108612,0.9164018550322588,0001564590-21-033645,0.0059376546264225,0.0103908955962394,0.0459078279608267,-0.0781897879398175,-0.0005103513418677387,-0.0002121473867568857
NTAP,2020-06-15,-0.0049207054632735,0.0177787902614414,-0.0040176235214091,-0.093749963998118,-0.0058727864112757,22.965922554523605,0.0256946039951881,0.0177918358750062,1.015755379004607,0001564590-20-029349,0.004788579689194,0.0106613661004698,-0.0308532281569879,-0.2089405398757916,0.00010779783086288241,9.905478152756988e-05
NTAP,2019-06-18,0.0111443237813407,-0.0132141353311951,-0.0348169355389211,-0.0271647809487333,-0.0044243948989329,23.392917090278285,0.0755112552944114,0.0160868051217483,1.078747036033608,0001564590-19-022779,0.0047714062635551,0.009195801162488,-0.1007875964733149,-0.1012171684817424,-2.4905093069611716e-05,0.00013063566117583312
NTAP,2018-06-19,-0.0005924795761558,0.0009953994641288,0.0091150568337712,0.0210467321406035,-0.0041223513892324,23.74863208471662,0.100332263367395,0.0156533965212961,1.0571404961342716,0001564590-18-015820,0.0051941627504328,0.0093165141396652,0.0030813966796435,0.0156007852050831,-6.692212755623426e-05,0.0003629765967149355
NTAP,2017-06-20,0.0264558709635323,0.0460686473062458,0.0472228123699212,0.02448924086363,-0.0049256900212314,23.068925555071186,0.266279494555081,0.0156928374081143,1.0479701403598922,0001564590-17-012758,0.0046709129511677,0.0095966029723991,0.0117373322928566,-0.0577572964669738,-0.00021326829850815747,0.0001778358188652237
NTAP,2016-06-22,0.0048281004658922,-0.0521642988847326,-0.0432631751084595,0.0073595835840355,-0.0065232722143864,22.68218096253584,0.4062536058305324,0.0151539078322414,1.16934577744946,0001564590-16-020754,0.0044076163610719,0.0109308885754583,-0.0071121570255703,-0.1632884041568062,6.287822739091221e-05,-0.0002420075740630693
TTWO,2025-05-20,0.0096870828393255,-0.0293945119560292,-0.0180248344347352,-0.009155747805227,-0.0098056694597967,24.45219569744773,0.0513444014508794,0.0187615373613317,0.8678852649287842,0001628280-25-026694,0.0042788375824567,0.0140845070422535,0.0104312273148186,-0.0422196881893296,0.00018841287873431296,0.0008909732082958185
TTWO,2024-05-22,0.0186136766235468,0.0402149543991436,0.0737103924193891,0.1067065358801382,-0.0064834024896265,23.979482718531745,0.2184062970631986,0.0194220389842461,0.8370321903937388,0001628280-24-024623,0.0040197095435684,0.010503112033195,0.0190474777817719,-0.0159407386302931,-0.00018591016452535768,0.000298719707551912
TTWO,2023-05-26,-0.0042519872670012,-0.0115953374468598,-0.0076679845259537,-0.0438153758586097,-0.0061679790026246,23.86538930292355,0.3905544897076874,0.02126224455904,1.0767059472347342,0001628280-23-019851,0.0040682414698162,0.0102362204724409,0.0878883393586074,-0.0858160332732368,2.454760518060962e-05,-1.2924562598243239e-05
ODFL,2025-02-25,-0.0174083085941309,-0.0221942073383996,-0.0814532841377048,-0.1078313300213896,-0.0028294260307194,24.378506505335,0.1097449865514672,0.0176644241798238,0.5837673125863362,0000950170-25-026661,0.0052546483427647,0.0080840743734842,0.0611215439430308,-0.0796027695190056,-0.00011084201383284396,-2.2180461810619057e-05
ODFL,2024-02-26,-0.0109977826574212,-0.0189251667906493,0.0093715076945972,0.0024377320874921,-0.0039924353855852,24.5926378542852,0.088866784061107,0.0163571102174895,0.5292250197475075,0000950170-24-020176,0.0039924353855852,0.0079848707711704,-0.0082762552213511,-0.0728806667334556,-0.0003806895685471212,5.188921929593718e-05
ODFL,2023-02-22,-0.0031360862132071,-0.0037335795293571,-0.003005374004902,0.0306746662413118,-0.0032390412437918,24.353086632123823,0.0968787803915295,0.0159435127163536,0.7247173944646036,0000950170-23-003783,0.0051824659900669,0.0084215072338587,0.1135591407959244,-0.1025664808242187,-0.00031637648185378186,0.0001637557643387157
ODFL,2022-02-23,0.03823684137542,0.0735266045148872,0.0828503146181715,0.1063248065370414,-0.0016649323621227,24.21734519941555,0.1117803988121664,0.01436253848501,0.3801418718296988,0001564590-22-006303,0.0062434963579604,0.0079084287200832,0.0936249658320399,-0.0591174757266764,-0.0009023668250928865,-0.00030200487910488267
ODFL,2020-02-26,0.0042012903474215,-0.0334831285183372,-0.0237825132860375,0.0012358076529055,-0.0019866353621094,23.535745347030364,0.1850152272220651,0.0127931212250047,0.5522852860975254,0001564590-20-006626,0.0063211125158027,0.0083077478779122,0.0704433353840663,-0.083735376816224,-0.00011954628671055143,0.0005250310430073832
ODFL,2019-02-27,-0.0036920063915942,-0.0160044289306018,-0.0315737322628214,-0.0321444453741033,0.0,23.22905255866037,0.2187578826222746,0.0129119310336134,0.6088150207125962,0001564590-19-004755,0.0077800829875518,0.0077800829875518,0.0109628542057161,-0.0687311971939488,-0.0003320372280296859,-0.0003085808061713291
ODFL,2018-02-27,0.0079248250046172,0.0220448081667063,0.0129291248005773,0.0113575112767574,-0.0013654207202594,23.174126351519696,0.1963088982248677,0.0120909606786314,0.4340882313399831,0000878927-18-000005,0.0075098139614268,0.0088752346816862,-0.0449641178302105,-0.0462944025773543,-0.00030565612422275097,-0.0003794647774373351
ODFL,2017-02-27,0.0138029127799031,-0.0199327853973266,-0.0167155582238348,-0.0383972572391276,-0.001393000174125,22.74674902304624,0.2447123605122927,0.0127610096548013,0.5606503913417417,0000878927-17-000005,0.0076615009576876,0.0090545011318126,0.0012620478599094,-0.0842171160298066,-0.00014519550736342008,-3.248323275882677e-05
ODFL,2016-02-29,0.042425196076487,0.0169413435428713,0.025762981412343,0.0507855570996866,0.0029781601588352,22.41562548000821,0.3101157907383014,0.0119401943814935,0.7744710324011469,0000878927-16-000055,0.0109199205823957,0.0079417604235605,0.0885404004928237,-0.086900887368216,-0.00010360925825274856,-0.0005462347722954808
PAYX,2025-07-11,-0.0301572375362048,-0.0056844504049586,-0.021997656653202,-0.0319349880611891,-0.0045155463811121,24.68116117070052,0.0788583317310193,0.0110646913145794,0.2972022782341308,0000950170-25-095300,0.0042575151593342,0.0087730615404463,-0.0869301904761642,0.0035847880299251,3.583267742955237e-05,0.0004881605554156094
PAYX,2024-07-11,0.0414307725647205,0.0825831614116809,0.090514313852899,0.0545465784429055,-0.0046037946428571,24.46388455994434,0.0902334991858871,0.0115889345943635,0.2344075716784297,0000950170-24-082958,0.0046037946428571,0.0092075892857142,-0.0717800352066149,-0.01865309730285,-0.0002585269433802174,0.00027453197220645516
PAYX,2023-07-14,0.0053395996892035,0.0201117346605997,0.0296708939891341,0.070648037243972,-0.0070626003210272,24.495028171390413,0.080383679645471,0.0108866836445102,0.2253891199047455,0000950170-23-032988,0.0040128410914927,0.01107544141252,-0.0092348683727447,-0.0611249851349744,1.2128631446832634e-05,0.0003212714231551852
PAYX,2022-07-15,0.0136987977685785,0.0238224682751171,0.0118034679990464,0.0152506447070872,-0.0055088431429399,24.429981896036093,0.0757664592768979,0.0107038756195198,0.1546483767776637,0000950170-22-012734,0.0053638735865468,0.0108727167294868,-0.0422443130095701,0.054690813470184,-0.00035718200048214725,0.0007299535876945841
PAYX,2021-07-16,-0.0144102044212576,-0.0196373321417091,-0.0112745540733364,-0.0124798711883606,-0.0026326181387389,24.42560594571632,0.0727145967171587,0.0103135029380404,0.1503168147074703,0000723531-21-000035,0.0071080689745952,0.0097406871133342,0.0219485951194353,-0.009686183407489,-0.0004213308601746928,-0.0004197447027322536
ROP,2025-02-24,0.0107394864281939,0.01909755298091,0.0401043756205724,0.0676492718797886,-0.0077177508269018,24.84464947239727,0.3060712165854365,0.0110509598868094,0.1938988975620475,0000882835-25-000008,0.0046306504961411,0.0123484013230429,0.0518378236875682,-0.0343785607927101,-0.00013147002349660322,-0.0011805763730360593
ROP,2024-02-22,-0.0171619331132537,-0.0197965612782593,-0.0162633433706907,-0.0136176896260361,-0.0104379396414794,24.796682996566663,0.2968953528275727,0.0108904148997257,0.1652724753851281,0000882835-24-000008,0.0040844111640571,0.0145223508055366,-0.0137920308096268,-0.0317072330425416,-0.0004576342506190892,-0.00108667256925245
ROP,2023-02-27,-0.0131349617232029,-0.0100713099510843,0.0091923575440192,0.0055739146719041,-0.0110245200532218,24.541392780242788,0.352333007216525,0.0114438859742073,0.2220202613671915,0000882835-23-000016,0.003801558639042,0.0148260786922638,-0.0470960789462087,-0.0612095544504652,-0.00044529770865878236,-2.111255887570099e-05
ROP,2022-02-22,0.0182359180255143,0.0079667917808588,0.0220431846114039,0.0146759136537616,-0.0121927236971484,24.562720190775128,0.248683363345938,0.0107029510381569,0.0244689620727376,0000882835-22-000012,0.0021632251720747,0.0143559488692232,0.06402569520177,-0.0117221457643379,-0.00015332431844799176,-0.0011295789784475396
ROP,2021-02-22,-0.0098984371366244,-0.0040359078833686,0.0173921422532106,-0.0292567473716367,-0.0100430416068866,24.432243439724274,0.2567819473710973,0.0106291489210823,0.3029976191352701,0000882835-21-000011,0.0024595203935232,0.0125025620004099,-0.0743463694831788,-0.0333224948200609,-0.00015909195181618401,-0.0008954750575917553
ROP,2020-02-28,-0.0036891990549814,-0.0175810140459279,0.0071901265636412,0.0344823141903485,-0.0092365692742695,24.35210147279487,0.2519821990848377,0.0086639353909086,0.0765478862917563,0000882835-20-000006,0.0022620169651272,0.0114985862393967,0.0254309428989122,-0.0338265624250563,1.1226808967802005e-05,-0.0005137702427171579
ROP,2019-02-25,0.007481787795644,0.0210957250667444,0.0338021795826627,0.0243900106995715,-0.0087098530212302,24.215623971908247,0.2354750620905498,0.008753426274888,0.0875096195293756,0000882835-19-000010,0.0018145527127563,0.0105244057339865,0.003273630825753,-0.0267267358680101,-2.3391794607764387e-05,-0.0008152772314324762
ROP,2018-02-23,-0.0146582756046453,-0.0241706398577494,-0.0221158101771044,-0.0130846752246625,-0.0092243975903614,24.081913244699923,0.2387303593760184,0.0079443949606079,0.0113722827674538,0000882835-18-000011,0.0020707831325301,0.0112951807228915,0.0126025772700465,-0.0318958540347623,-6.52509801662215e-05,-0.0005067196327280063
ROP,2017-02-27,-0.0014468667904468,0.0066602953997818,0.0176047884649052,0.0125383555514469,-0.0110982275964883,23.78159976509301,0.2718791308261044,0.0085060624642277,0.3311706040640159,0000882835-17-000006,0.0029816133841311,0.0140798409806195,0.0534392213770036,-0.0316357637838147,-0.00015326438580059892,-0.0008371841538816121
ROP,2016-02-26,-0.016116803727909,-0.0165293325559737,-0.0327625574231384,-0.034409716983947,-0.0098973607038123,23.572934268281,0.3066156378521408,0.0075566079598589,0.0773806156446591,0000882835-16-000035,0.00274926686217,0.0126466275659824,-0.0689185477386361,-0.0370880871150412,-2.065115582164574e-05,-0.0011888112003743785
UI,2025-08-22,0.2972075908908525,0.2994074259372469,0.2712020920089026,0.2473873815966696,-0.0087445346658338,23.885739879377585,0.0282813698006213,0.0258171707211816,-0.9657375387733808,0001511737-25-000053,0.0021861336664584,0.0109306683322923,0.196865150742314,0.0123363945387454,0.00022563234771655487,0.0022412671319238034
UI,2024-08-23,0.1381525629618594,0.0755935564970727,0.073560710541128,0.0808868403133655,-0.0103142626913779,23.09170821305579,0.0096343241323514,0.0264562485148598,-1.0067167277455382,0001511737-24-000053,0.0017727639000805,0.0120870265914585,0.1722716721075883,-0.164482267531653,0.0003600479032405875,0.0058535785705171005
UI,2021-08-27,0.0929162565164694,0.0696407514101633,0.0530000450308402,0.0479658527199435,-0.0086138140054235,23.656247503681023,0.0096343241323514,0.0268089851446348,-0.8534406570671564,0001511737-21-000036,0.0022332110384431,0.0108470250438666,0.016111401732286,-0.0493405942880162,0.0003714213642561857,0.002627305425530147
UI,2019-08-21,0.0093767108599709,-0.0009470037893588,-0.0233783698434416,-0.0544362577109865,-0.0049710024855012,22.74895893863968,0.0130948735450813,0.0232477327075167,0.411277263862221,0001511737-19-000026,0.0034797017398508,0.0084507042253521,-0.049253475066139,0.1403182188341808,7.164072642209813e-05,0.0021979120557761105
UI,2018-08-24,-0.0093841040872678,0.0098278916931851,0.0134954713275392,0.0616630525364625,-0.0067276641550053,22.538552330787933,0.0514010157142715,0.0232581942720676,0.569623460730712,0001511737-18-000012,0.0041711517761033,0.0108988159311087,0.0909529878096397,-0.021498650821335,-0.0002632807308075555,0.002334145469421592
UI,2017-08-25,-0.0515270460886759,-0.056834232870535,-0.0864081007502096,-0.1250972200876265,-0.007880118847694,22.37432766023125,0.115446072779082,0.0213237386173355,0.4452052164101148,0001628280-17-008894,0.004392197390518,0.0122723162382121,0.1829126330664563,0.1855637133907696,-5.363395118374893e-05,0.0024340187537450525
UI,2016-08-22,0.0212596678332551,0.0226747498654655,0.023066810443244,0.0240055530424497,-0.0110552763819095,22.14324311954381,0.1064474700876151,0.0227709898590056,0.4757140966400323,0001511737-16-000040,0.003894472361809,0.0149497487437185,0.1068002099482072,0.0255297440426271,-0.000381589387747493,0.00011679010013776941
MLM,2025-02-21,-0.0292599974956801,0.0016603018362691,-0.0360691698414737,-0.0383096424442846,0.0003504468196951,24.15257623066045,0.3063649494910276,0.0164668462934023,0.6090002660847132,0000950170-25-024770,0.0099877343613106,0.0096372875416155,-0.0067165969735998,-0.0825349151524253,0.00035055243984588884,0.00022055177337126051
MLM,2024-02-23,0.0086760842318641,0.0336141450249979,0.0278943019900242,0.0522332544809056,-0.0063698365718697,24.246344533844272,0.2370472613573842,0.0167510397144759,0.3780585823995052,0000950170-24-019275,0.0072706215416291,0.0136404581134989,0.004703524444223,-0.0270132974749738,-0.00018801821152490903,-0.0001372550553556327
MLM,2023-02-24,-0.002477354716186,-0.0004173068046487,-0.007448402555778,-0.0210825055267588,-0.0024057738572574,23.838633916818047,0.318098978118921,0.0172268159782604,0.4860826665713007,0000950170-23-004361,0.0064153969526864,0.0088211708099438,0.0463430368546978,0.0174365186853872,-3.726426157559777e-05,0.0010114847144454234
MLM,2022-02-22,-0.0244971597654906,-0.0147067726100886,-0.0048905254982793,0.0271161063994254,-0.0042843541732783,23.89877202205572,0.272998785525849,0.0176552039130693,0.4184015416412945,0001564590-22-005965,0.0074579498571881,0.0117423040304665,0.022046095867278,-0.0311286227966909,-0.0006151099316961263,9.994360104280235e-05
MLM,2021-02-19,0.0415218393352234,0.0218700017336481,0.0609225323786692,0.0915958081528926,-0.0050341794287531,23.73154627747328,0.2908622171785255,0.0179618594476084,0.9791561509741856,0001564590-21-006959,0.007259816649886,0.0122939960786391,0.0558976957058563,-0.0326857341495915,-0.0004930066269067118,-0.0001279213198939723
MLM,2020-02-21,-0.0359708559521814,-0.024406493403775,-0.0441463971218654,-0.0607254126716962,-0.00498545907769,23.49911690445697,0.3333357678745056,0.0158392156227195,0.8088733972478546,0001564590-20-005784,0.0073223930203572,0.0123078520980473,-0.0574953714371828,-0.0395213128080069,2.8992718795032975e-05,9.112262588004717e-05
BIIB,2020-02-06,0.0172156625442683,-0.0192442045120166,0.1921647297091633,0.188166661886734,-0.0042403763333995,24.78268567753721,0.2302906784151301,0.0212240678837612,1.002372645254637,0000875045-20-000005,0.0072881468230305,0.0115285231564301,-0.0309810058777982,-0.0644934048192037,-0.00014974507476184858,-0.00048639944705492014
BIIB,2019-02-06,-0.0550951533760202,-0.0466131488609255,-0.050504376023928,-0.0368690643571328,-0.0020747937857395,24.91728816654264,0.1967086756787105,0.0191826501587584,0.6875484920757022,0000875045-19-000006,0.007034056980922,0.0091088507666616,-0.0325703732552062,-0.0341101110509485,-0.0002921580492045816,-0.00045172296275343947
BIIB,2018-02-01,0.026835344648368,0.0106037955106616,-0.0098687110578161,-0.0023590581343058,-0.0024222850222042,25.021688246887194,0.1714077190358914,0.0190417872503327,0.5003431085459669,0000875045-18-000005,0.0080166099544379,0.0104388949766422,0.0491397976891943,-0.0559087372714885,-0.0004373021466668452,-0.00046921945202137594
BIIB,2017-02-02,-0.0653866841849045,0.0110668487767888,-0.0290080898793829,-0.0180175033707176,-0.0042921378934459,24.831373648206625,0.1995692892470288,0.0210698532294647,0.7052422109811547,0000875045-17-000009,0.0073579506744788,0.0116500885679247,0.0096203437122581,-0.0230477376974913,-0.000396251233363457,-0.0006666762183606908
BIIB,2016-02-03,0.009876283154485,-0.0330012761218706,-0.0219009654305775,-0.0616805908862075,-0.0034008347503478,24.7868085651444,0.1610998611725378,0.0230992647772267,0.910459057224728,0000875045-16-000042,0.0063379193074663,0.0097387540578141,0.0060540859467379,0.0676828456955306,1.3421640210994792e-05,-0.0009024306100640397
PEG,2019-02-28,0.0299650996524793,0.0095291694349349,0.0287119913560101,0.0415331301340335,-0.0012139799373841,24.1101199615314,0.4861566328726097,0.0109131452476897,0.4032710123769809,0000788784-19-000005,0.0079867101143696,0.0092006900517538,0.0299712817646543,-0.0192635333136457,-0.00040003091969108913,-0.0005294969732242929
PEG,2018-02-26,-0.0128845110806175,-0.0380253117767133,-0.0172248006639397,-0.0123140527377534,0.0020895522388059,23.9621701470752,0.5428969763890413,0.0106470369806744,0.3976285210144774,0000788784-18-000004,0.0125373134328358,0.0104477611940298,0.0074979227140625,-0.0492595366366293,-0.000592431120166969,-0.0004686546882891404
PEG,2017-02-27,-0.0115308968987086,-0.0032137196737521,0.0265328495386925,0.0343271078035712,0.0025735294117647,23.86260358581181,0.5686796204994559,0.0116119507115413,0.3132469029183355,0000788784-17-000003,0.0139705882352941,0.0113970588235294,0.0273365974730821,-0.0429611494104761,-0.0007315420027236153,-0.0010714324669655465
PEG,2016-02-26,-0.0196700597801351,-0.0284877484021536,-0.0348056624694234,0.0077384588271075,0.0001544878727019,23.82116986587048,0.5898478878622807,0.0119351823044571,0.4465659681654588,0000788784-16-000014,0.0099644677892785,0.0098099799165765,0.0371054072276875,-0.0393562384993545,-2.3154444122089273e-05,-0.0013944943721327528
VMC,2025-02-20,-0.0537802909367004,-0.0246247164324122,-0.0435829882909601,-0.0456439113532906,0.0084317032040472,24.27875950987587,0.231926226429336,0.0168734206694649,0.4273302425243864,0001396009-25-000005,0.0185497470489038,0.0101180438448566,-0.0209435315742315,-0.0355950142967725,0.00046348239632904194,-0.0010626036916938086
VMC,2024-02-22,-0.0025452948088228,0.0172459046941328,0.0728648059880241,0.0823063888340529,-0.0082138965719554,24.235119154313484,0.2233163097432724,0.0168223911472278,0.3879805113554936,0001396009-24-000006,0.0084653423853826,0.016679238957338,0.0476594080956765,-0.0496589681136054,-0.00030339184611585655,-0.0003364919041696329
VMC,2023-02-24,0.004010416982979,-0.0019710548051425,-0.004251725122418,-0.0479544402815939,-0.0081426593925576,23.9128004364841,0.285396217616773,0.0178586312135055,0.3135751971793886,0001396009-23-000007,0.0089569253318133,0.0170995847243709,0.014167787998958,-0.0296304787013024,-0.00044852255959635084,-0.00014956680843280186
VMC,2022-02-25,0.0050778518761962,-0.0115905525454129,-0.0434718665552764,-0.046069782520323,-0.0039660506068057,23.881293419991472,0.2782247096555172,0.0181933313439596,0.4030961400712237,0001396009-22-000010,0.0103117315776949,0.0142777821845006,0.0250934698417315,-0.0220500995289619,-0.00048351675950196677,-0.0004718561393324708
VMC,2021-02-25,0.024952080503477,-0.0162909548138663,0.0375441775008533,0.0639510765758742,-0.0048916841369671,23.86236551333221,0.2611146882024993,0.018344071993278,0.7720695450549501,0001396009-21-000009,0.0099580712788259,0.0148497554157931,0.007553656256487,-0.0375845876855963,-0.0005945300017979235,-0.0006867719900315622
VMC,2020-02-26,-0.0421800697084669,0.0145116983692663,-0.021822974483483,0.0274370813768547,-0.003219070819558,23.52833130022412,0.3401381477771067,0.0146418194024593,0.5878168032772102,0001396009-20-000006,0.0107012354271793,0.0139203062467374,-0.0703410093283066,-0.036324339484114,0.000333543752861754,-0.00014288515673124217
VMC,2019-02-26,-0.0043994162957935,0.0124180319436866,-0.0139201957212861,-0.0001279798292318,-0.0067966374530495,23.41024747889153,0.3542455710206312,0.0150360180177609,0.9334652939721804,0001396009-19-000021,0.0093900912180289,0.0161867286710785,0.0485131712009903,-0.0427812536377759,-0.00021518483314896894,-0.0005742042984099946
VMC,2018-02-27,-0.0169519203201504,0.0075115573274227,-0.0266921406480065,-0.0500628200457648,-0.018808777429467,23.50392993763753,0.308058055523805,0.0140651328136854,0.8642434781024471,0001396009-18-000011,0.0031347962382445,0.0219435736677116,-0.0747008351580927,-0.0194799104557617,-0.00010972884078794539,0.0005584299441220554
VMC,2017-02-24,0.0010702943015607,0.0521987104627507,0.023363745446702,-0.0265250754172364,-0.0186335403726708,23.457606452633662,0.2969220112077423,0.0138684219188578,0.7631216484451577,0001396009-17-000005,0.0031055900621118,0.0217391304347826,-0.0658601014890586,-0.0269517150281101,-0.00021812290922874593,-0.0008765556037583274
VMC,2016-02-25,0.024552794032618,0.008726848326154,0.0263998922238134,0.0248733887801084,-0.0159744408945686,23.28553280738643,0.3435501457543941,0.013047333687849,0.7705288111806271,0001396009-16-000044,0.0,0.0159744408945686,0.0892642544633298,-0.0373372158346381,0.0,-0.0006020090997587221
CQP,2021-02-24,-0.0241985674177753,0.0050595829144821,0.0229775450909467,0.0220453613349692,-0.0042557957218053,23.706811256196147,0.0272804451773319,0.018928416167827,-1.8272598752197475,0001383650-21-000005,0.003247844103483,0.0075036398252883,-0.027475932951225,-0.0243452983466998,-5.022940498751716e-05,0.0007963158628526054
CQP,2020-02-25,-0.0194279258050679,0.0079937135765341,-0.0237095652545653,-0.0256357834231965,-0.0027536231884057,21.415863508098024,0.3576965035988222,0.0157183853205572,-0.0157766735321269,0001383650-20-000006,0.0034782608695652,0.006231884057971,-0.0242339843453672,-0.0993093848707104,-8.908775536830516e-05,2.3576904939070093e-05
CQP,2019-02-26,0.0792461347805271,0.0317584348852653,0.0013509802773537,-0.0338418745831186,-0.0024576734025122,21.584914471862927,0.337972013835398,0.0163001308750047,0.2175121946547931,0001383650-19-000005,0.0039595849262697,0.006417258328782,0.0396355434211945,-0.0251076645931263,-0.00017623130425481178,-7.128699529318226e-05
CQP,2018-02-21,0.024295454060825,-0.0001643905257775,-0.0141338057712867,-0.0371941453115406,-0.0039774185270721,21.249406280746804,0.3775730313761801,0.0168124959661316,0.0419056616794076,0001383650-18-000005,0.0039774185270721,0.0079548370541442,-0.0159780210289789,0.0389786976884725,-0.00018878697808006104,0.0001267104329077408
CQP,2017-02-24,0.0060171918502266,0.0025416730212212,-0.0064600643376453,-0.0199024629165834,-0.0041801510248112,21.341799466924808,0.2386881835577732,0.0188304318252695,0.1511745869082726,0001383650-17-000011,0.0043149946062567,0.0084951456310679,0.0121924078040069,0.0149997041461094,-9.98550278525149e-05,0.00018564698034345922
CQP,2016-02-19,0.0320331744151791,0.0439176357634253,0.1497552597876908,0.1617006515588465,-0.0051476564616635,21.019918872169228,0.5299229434796374,0.0203801272562992,0.0948667904193619,0001383650-16-000087,0.0024383635871037,0.0075860200487672,0.0168817710630708,-0.0112061995629289,0.00012249876307371944,-0.0008166527803197136
CCL,2025-01-27,0.0931222436174209,0.1204319680194749,0.098333239155573,0.056764395451187,0.0013626630328985,24.11083860566076,0.3125967946377896,0.0389419845409531,1.780966813092985,0000815097-25-000007,0.0081759781973914,0.0068133151644928,0.0193093087616968,-0.0799983702903938,-0.0006100148273051662,-0.0004802064585644916
CCL,2024-01-26,0.0015721604781505,0.0279998758043804,-0.0038085317712623,-0.1363089643960529,0.0043407487791644,23.637639838775083,0.3732657321133905,0.0381524722184268,2.032481102281939,0000815097-24-000011,0.0112136010128413,0.0068728522336769,0.0146400437537108,-0.0865278755839441,0.0006802410521692428,0.00016597361259295716
CCL,2021-01-26,-0.0110651197383702,0.0514768642897287,-0.0223786026609318,-0.0772955096643207,-0.0076108930907361,30.517070817286232,0.0096343241323514,0.0311265018742508,-4.372444723008099,0000815097-21-000027,0.0085622547270781,0.0161731478178142,-0.0287281525286786,0.0143536304751092,-0.00022470259628165073,-0.0004156314837593112
TDY,2024-02-23,-0.0093059289042647,-0.010611643754831,-0.0264174678435592,-0.0172870560333772,0.0039999999999999,23.739602866342945,0.451657175390312,0.0143810377609095,0.2467801852180649,0001094285-24-000044,0.018,0.014,-0.0403611520777559,-0.0073263878068963,-0.0017569512178139523,-0.0001832083860980687
TDY,2023-02-24,0.0063955342757747,0.0035832134768728,0.0108777523023279,0.0068040823560663,-0.0063780844834797,23.73208275263816,0.4031502608462903,0.0145082914439385,0.318816232014744,0001094285-23-000053,0.0046005855290673,0.010978670012547,0.0360964507762724,0.0116730300893195,-0.00022650364211891245,-0.00031457927444745483
TDY,2022-02-25,0.014410823345169,0.0364933461120307,0.0470222107813382,0.0792809968254374,-0.0037693177534866,23.70546685395084,0.3862918085015341,0.0142719824698446,0.3319836662405516,0001094285-22-000049,0.004221635883905,0.0079909536373916,-0.0054378510557311,-0.030919646837577,-0.00042146094331514997,-0.0005005815801497256
TDY,2021-02-26,-0.0202708917843969,-0.0166919742326994,-0.0536183024396406,-0.0302136422265726,-0.003790688092295,23.361995078725013,0.2306899598695941,0.014110311770081,0.6461059052633129,0001094285-21-000066,0.0047795632468067,0.0085702513391017,-0.0290055117011867,-0.0375804482337603,-0.00040588953828255627,-0.0002518829232438314
TDY,2020-02-24,-0.0262599372683217,-0.029336951333673,-0.0323785285452718,-0.0609528615458713,-0.0036490296898324,23.37135933035384,0.1921628588405626,0.0104226075601115,0.3954880872402829,0001094285-20-000045,0.003151434732128,0.0068004644219605,-0.0219915503007724,-0.0116341443063022,-4.605484393662062e-05,-0.0002322792803029894
TDY,2019-02-25,-0.0017146376478513,0.0015732813566586,-0.0053481123793341,-0.0124577184559886,-0.002424588176567,22.86674927087058,0.2614227666158983,0.0103117226065107,0.0111643464389737,0001094285-19-000064,0.0039934393496398,0.0064180275262069,0.0191543629118099,-0.0333346395496166,-0.00019646733880272196,-0.00046404072324975515
TDY,2018-02-27,-0.0027227557611919,0.0137855824159369,-0.0144980153212367,-0.0445540553376128,-0.0022608449908153,22.64383150178466,0.285326292647759,0.0100353423137369,0.1914537067366791,0001094285-18-000053,0.0042390843577787,0.006499929348594,-0.0013170394886203,-0.0171580473658772,-0.0002838468433445859,-0.00021227843206556406
TDY,2017-03-02,-0.0057360058151499,-0.014713242252467,-0.0093006177373858,-0.0415670402558329,-0.0031100824533487,22.284083085765428,0.3263686756399349,0.0096925470943636,-0.0248379801690485,0001094285-17-000031,0.0045566324316505,0.0076667148849992,0.0516793943923072,-0.0360557224801966,-0.00022231456352647376,-0.0002458632306731789
TDY,2016-03-01,0.0166870269470999,-0.00527101587629,0.0207976547244313,0.0435001766047769,-0.0034814814814814,21.80028870971624,0.4578112816077219,0.0091854572926126,0.3982775300542182,0001094285-16-000177,0.0039259259259259,0.0074074074074074,0.0336171732386109,-0.027595104556776,-4.421229875177971e-05,-0.0009255884474382696
KHC,2025-02-13,-0.0202752981277411,0.0418085065084545,0.0210791254324669,0.0969113334095236,-0.0155108740254411,24.255509418214785,1.4381320984426773,0.014898476192742,0.5464368947890652,0001637459-25-000011,0.0060730406237176,0.0215839146491588,0.0019974945173182,-0.0039859818839362,3.873354455731788e-05,-0.0010618269507069874
KHC,2024-02-15,-0.037421080581759,0.0668786328874926,0.0197135372714758,-0.008378051257927,-0.018556073818698,24.447500092611428,1.1951402332972774,0.0175579381088811,0.4230773637541603,0001637459-24-000018,0.0051713648347191,0.0237274386534171,-0.0398001137626798,-0.0054962068431645,-0.0002106124603558597,-0.0005963055039821277
KHC,2023-02-16,0.0064750004960824,-0.0031274690031802,0.0045587858085812,0.0222826028038467,-0.0194267212646414,24.6183336485692,0.9902076315731032,0.0180641882735466,0.4436717736517693,0001637459-23-000009,0.0052375964193886,0.02466431768403,-0.0023063890604723,0.0009678805048203,-0.00017928342190000365,0.00026889266420259376
KHC,2022-02-17,0.1190951709808332,0.0442661219744664,0.1383371640382046,0.156884288782261,-0.0173935617860851,24.525772256135653,1.1000736070715622,0.0169829456918603,0.2015008944607566,0001637459-22-000018,0.0053651782623745,0.0227587400484596,0.0973765930178791,-0.0292303233552767,-0.0002229040787348292,-0.0009659677372427206
KHC,2021-02-17,0.1017933481081321,0.0658961436687162,0.1023610910751442,0.0990345901883896,-0.0186346695754931,24.49029763991144,1.1584108205760253,0.0166005147609917,0.3484975149252525,0001637459-21-000009,0.0043632397054813,0.0229979092809744,0.0438028957644769,-0.0035771065182829,-0.00018606294667088255,-0.0008937556886212076
KHC,2020-02-14,-0.0167054439609226,0.0209935551643286,-0.0876332007947471,-0.0904733924095761,-0.0195065373260227,24.247219527307653,1.5219822837338022,0.0156347421988607,0.61533620129977,0001637459-20-000027,0.0040067482075073,0.0235132855335301,-0.1109729765640884,-0.0279438390325556,4.728818652352495e-05,-0.00027859087768905344
KHC,2019-06-07,0.0565806337696459,0.0655469942846524,0.0625160085594276,0.0923286559347818,-0.0137995922847734,24.276172337229376,1.479522223486472,0.0148910276728975,0.4833622270583038,0001637459-19-000049,0.0068213893680413,0.0206209816528148,0.0214161804455828,-0.0004931939238508,-0.0002664404884435294,-0.0013154852915976672
KHC,2018-02-16,-0.045854873192476,-0.0606473537341748,-0.0622587023026113,-0.0589735186177599,-0.0109714102666773,25.207613069850712,0.7451442374640881,0.0108595066211772,-0.38970605114002,0001637459-18-000015,0.0049651637703211,0.0159365740369984,-0.051443972386523,-0.0014124763202499,-0.00023772262926054116,-0.00022882208772551189
KHC,2017-02-23,-0.02046678224664,-0.0210169154336309,0.0453892512986293,-0.0007760030488173,-0.0124042624042624,25.4562294362608,0.5047705693121121,0.0109173474447367,-0.5183192910336264,0001637459-17-000007,0.0067432567432567,0.0191475191475191,0.0585008639684796,-0.0152308659166245,-0.0003443292617948463,-0.0007221359819462419
DG,2025-03-21,0.0165049042109591,0.04568126539204,0.0752310993607466,0.0999149948336088,-0.0022057869469313,23.611584235783315,0.4127192023488347,0.0202855549527016,1.3869742798995264,0001558370-25-003413,0.0073958738808875,0.0096016608278188,-0.0071687965355762,-0.0518842072974556,0.00022913077348218005,-0.0004198202402326751
DG,2020-03-19,-0.0446794865209082,-0.067859734253849,0.0279689578606262,-0.102117420344732,0.0011098779134295,24.34690658167045,0.1788585241370827,0.0143568283356047,0.569523744896522,0001558370-20-002915,0.0087557035392773,0.0076458256258478,-0.0635453930970599,-0.084684716990883,0.0002673391095423901,0.0005853493292664666
DG,2019-03-22,0.0162733563078705,0.0088895040228148,0.0177747242463466,0.017736602588928,-0.0011367511651699,24.143497742316185,0.2098798730769301,0.0145909169147018,0.8347749809390115,0001558370-19-002383,0.0085256337387745,0.0096623849039445,-0.0589128330527499,-0.035104225742215,-0.00011764054178153683,0.00010808641620227027
DG,2018-03-23,0.0141749507013945,0.017108942780344,0.0178504021227133,0.0086940365112588,-0.0014577259475218,23.92832762382881,0.2484393143568998,0.0148735506783036,0.9411440264301332,0001558370-18-002366,0.0073927530195751,0.008850478967097,0.0707092203260312,-0.0342833037657411,-0.0003395293002224352,-0.00011572474448385211
DG,2017-03-24,-0.0057530186457833,0.0174171145253572,0.01262845570507,-0.0347956111572236,-0.0021815008726003,23.665284319407657,0.2852313561478575,0.0155567436305339,1.0498565338010108,0001558370-17-002116,0.0071989528795811,0.0093804537521815,-0.0121401979085212,-0.022821710581202,-0.0002671811412105135,-0.00036619478149694054
DG,2016-03-22,0.0073685034119774,0.0219279304451289,0.0116248371101106,-0.0146061558844446,-0.0008241111372733,23.91131111675141,0.2218504485888298,0.0124388669801571,1.067454180026475,0001047469-16-011420,0.0084765716976689,0.0093006828349423,0.1233801887674521,-0.0169306987234831,0.00011819333520986808,-0.00040120615787346856
WSM,2022-03-28,-0.0166919878186034,-0.0302981568663502,-0.066521471880054,-0.0698354242532762,-0.0066478646253021,23.066756857701247,0.1597504630632382,0.0245708359067771,1.3244997303591604,0001628280-22-007494,0.0056406124093473,0.0122884770346494,0.0584360508696046,-0.0435514249744052,-0.0003320876483724201,-0.0009600001414541838
WSM,2021-03-30,-0.0078644426134299,-0.0221774235352241,0.0219873398170767,-0.0480054850918029,-0.00829802259887,23.33917778549049,0.1207034296542631,0.0230512084456931,1.493184451218607,0001193125-21-100319,0.0044138418079096,0.0127118644067796,0.2749015756053123,-0.1003556206862605,-0.00019828523633296468,-0.0010047050563529905
ATO,2025-11-14,-0.0143576070533642,0.0004641165746923,-0.0186053208696749,-0.015017934049584,-0.0006824773929363,24.08282711519781,0.4711782259496145,0.011692348789216,0.3443951090348873,0000731802-25-000056,0.0054598191434908,0.0061422965364272,0.0233295297516252,-0.0312184418426716,-8.903125698649638e-05,0.0002957226487162605
ATO,2024-11-18,0.0113298612240568,0.0141223379349477,0.0181729890792752,0.0233559826021169,-0.0015159171298635,23.83748482036541,0.5399607542738488,0.0133736063590607,0.3914844815386698,0000731802-24-000030,0.0045477513895907,0.0060636685194542,0.0082108471158079,-0.033120195740086,-0.0002493923201017232,0.000326974895853621
ATO,2023-11-14,0.0107014665812249,0.0152779359583238,0.029880697977551,-0.0066504778764897,-0.0011449133137062,23.526680030272715,0.6587563073509994,0.0134741019085794,0.3627482867578549,0000731802-23-000028,0.0050703303892705,0.0062152437029767,0.0056900524126728,-0.1170561626798254,-0.00019880664165163197,4.387460026345183e-05
ATO,2022-11-14,0.0156565655730667,0.0360099049259188,0.0794317262626239,0.091719480534028,-0.0024438674201924,23.470298588320013,0.6039317016032895,0.0132277676119258,0.590382694967349,0000731802-22-000037,0.0042767679853367,0.0067206354055292,0.0147622225412529,-0.0162447172242072,-0.00021910109511495975,-0.00010788171557829382
ATO,2021-11-12,0.0210497842610856,-0.0109558688136154,0.0128738677666625,0.0165492756984908,-0.0031055900621118,23.25298604296596,0.6300312855519429,0.0125726206916027,0.4641886635860415,0000731802-21-000040,0.0040372670807453,0.0071428571428571,0.025099066341051,0.0845690310604983,-0.0001503454008640741,6.165582795205433e-05
ATO,2020-11-13,-0.0046243673516118,-0.0294181021765286,-0.0132706536022077,0.0069515899641604,-0.0016725204883759,23.243202319022668,0.5464522311450773,0.011967288313839,0.6068879729792968,0000731802-20-000040,0.0051848135139655,0.0068573340023415,-0.0140049139313713,-0.0304856281367431,2.5753182531811767e-06,0.0003063972493244128
ATO,2019-11-12,0.0155865721940916,0.013643457001569,-0.000126681154423,-0.0157345182993688,-0.0011497556769186,23.275100711028635,0.4481639124780985,0.0098517796591874,0.6250264816467778,0000731802-19-000037,0.0048864616269042,0.0060362173038229,-0.0115636612314065,-0.0309872539701203,-0.00015402722591743043,2.9260284189091152e-05
ATO,2018-11-13,0.0118222035590359,0.0223534480609262,0.0283059236331591,0.0567386676062051,-0.0002136295663319,23.09951583877172,0.4431203082976486,0.009870263175531,0.1182249361702319,0000731802-18-000039,0.0049134800256355,0.0051271095919675,0.0036086143129081,-0.0531050321576175,-0.00012835359375037197,4.1186549964855545e-05
ATO,2017-11-13,0.0080394976667228,0.0060311219072361,0.0129272081658563,0.0127174876115266,-0.0003617945007235,22.97044492922528,0.4120771668718066,0.0098627846927664,-0.1259491163589465,0000731802-17-000041,0.0051857211770381,0.0055475156777616,0.0098804739271166,-0.027516698188891,-0.00010628601279573351,8.976021071485517e-05
ATO,2016-11-14,0.0090551604484769,0.0023184812815688,-0.0410061193148775,-0.0056764214301985,-0.001179824992626,22.716167433752645,0.472012743754994,0.0106340654398232,0.3092672303385637,0000731802-16-000066,0.0051125749680464,0.0062923999606725,-0.0471667670051114,-0.0269714477568093,-4.929037778693579e-05,-0.00019016276253030638
WST,2025-02-18,-0.0502826751506273,0.0678809629116038,-0.2597307017476052,-0.2642087643088825,-0.0076455596941776,23.46576817937463,0.1727641849696931,0.0192900264081313,0.6539142134747111,0000105770-25-000013,0.0047049598118016,0.0123505195059792,-0.3415654802323904,-0.0484952294290034,1.2821789011985756e-05,-0.00045888202820865284
WST,2024-02-20,-0.0230409899093437,0.0165846068105913,-0.1194097584880579,-0.1273857952525672,-0.0064806480648064,24.001843852563542,0.1085612705872468,0.0169040352867783,0.3529983629823132,0000105770-24-000015,0.0063006300630063,0.0127812781278127,-0.1022522492021137,-0.0293300028201925,-9.379135405277497e-05,0.00036663836430794614
WST,2023-02-21,0.0174849213059097,0.0286781411372031,0.1796420195857465,0.2279615394785656,-0.0081118398343113,23.869906658495445,0.1154408111174075,0.0165524774553971,0.5549120298720405,0000105770-23-000012,0.0055229547808077,0.013634794615119,0.1502926363991908,-0.0124664531209419,-3.090113706022636e-05,8.418347312187133e-05
WST,2022-02-22,0.0342595076307312,0.0305882391186875,0.0348455369810201,-0.004740522034014,-0.0017101990049751,24.03549733624269,0.0850897823812308,0.0151657896454621,0.2455841973802389,0001628280-22-003342,0.0083955223880597,0.0101057213930348,-0.0138761038718021,0.0165040277686816,-0.00041176052137242446,-0.00048812733435979385
WST,2021-02-23,0.0201059682234632,0.0188355296481725,-0.0587089975741038,-0.100725651627841,0.0006037735849056,23.729155825125844,0.0917878933995425,0.0145326575158104,0.6777124864940522,0000105770-21-000008,0.0093584905660377,0.008754716981132,-0.0409819539864551,-0.0438931297709923,-0.00044662124482456483,-0.0007756500305169829
WST,2019-02-28,0.0176633848083105,0.0042901583191361,-0.0011336729836891,0.0012043429599144,0.0002957267484843,22.76542093035288,0.181168233520267,0.0127081377401395,0.2568523306012616,0000105770-19-000012,0.0090196658287742,0.0087239390802898,-0.0403057265132099,-0.0287893380534659,-0.00026439527037601287,-0.0006774252739090619
WST,2018-02-26,0.0159322589884596,0.0171606055748528,-0.0133404333048235,0.0270435493180095,-0.0008130081300813,22.58046201119181,0.1998048329011483,0.0120810178470254,0.1846998456284575,0000105770-18-000006,0.0082926829268292,0.0091056910569105,-0.0856936152961884,-0.0376588909065511,-0.00040749834216522135,-0.00031640817242284554
WST,2017-02-28,-0.0104049081301716,-0.0319192784101521,-0.0302144955778484,-0.0355622905992304,-0.0043183220234423,22.53736743740836,0.1821349190726841,0.0114282482132279,0.250073753701658,0000105770-17-000011,0.0066317088217149,0.0109500308451573,-0.0495229236484218,-0.0309514039509936,-0.0001458848049272345,-0.0003628537769132548
WST,2016-02-26,0.0045715014387017,-0.0016962619923902,0.0390352695051103,0.0494898714041317,-0.0023335621139327,22.231964704921413,0.2264842206757929,0.0114250476784591,0.1520534011248374,0000105770-16-000060,0.0074124914207275,0.0097460535346602,0.0397888607434584,-0.0691868758915834,-9.230027786251481e-06,-0.0009030155495725289
CPAY,2025-02-27,-0.0032062982036396,-0.0214879777842447,0.0027321538196861,-0.0512473520371102,-0.0080032336297493,23.98600649455398,0.1195336572844786,0.0162888022011576,0.508325944272161,0001628280-25-008746,0.0036378334680679,0.0116410670978173,-0.0080398274667853,-0.0085178592841151,-6.963072472961724e-05,-0.0006975894347111469
CPAY,2024-02-29,0.0067132585073154,0.018800989533483,0.0155142388220957,0.0544722008830063,-0.0061171925305859,23.70930949525224,0.1657157534254827,0.0158442063147936,0.5443217551880343,0001628280-24-008060,0.0031390856406954,0.0092562781712813,-0.0619632691182654,-0.0458888072701432,-0.0002065972532644136,-0.00026099537187627395
CPAY,2023-02-28,0.0379090684468341,0.0049840754773916,0.0104628835478332,0.0060042148648664,-0.0082616472191465,23.45969383082149,0.1646923171787445,0.0156118816161513,0.6193858169775961,0001628280-23-005444,0.0031513499701899,0.0114129971893365,-0.0119121190091053,0.0309115694081086,-0.00015997265224841376,4.412737427090762e-05
CPAY,2022-03-01,0.0033259721567201,0.001905282355872,-0.040169404665125,-0.0096695619501914,-0.0033301200595916,23.626939854577422,0.1571500282373036,0.0160448337052523,0.6398196432543457,0001628280-22-004531,0.0048199106125668,0.0081500306721584,0.0472227359446129,-0.0270615765565364,-0.00030110445675548636,-0.00019295944015978132
CPAY,2021-02-26,-0.00917443631323,0.0180992903306765,0.0322670760178284,0.0695249145761389,-0.0068064627019594,23.885119267108504,0.1420921961339407,0.0161728196997322,0.9200203277102036,0001175454-21-000022,0.0038501203162598,0.0106565830182193,-0.0071670646133299,-0.0527595303014274,-9.885359353966658e-05,-0.0007134161807890594
CPAY,2020-03-02,-0.0573104048043166,-0.0800846934398524,-0.0777083815389479,-0.0972123932189209,-0.0056628914057295,23.845903402238097,0.1634627400865044,0.0136049032689421,0.5771036867623143,0001175454-20-000008,0.0030646235842771,0.0087275149900066,-0.0455703621045197,-0.0067035895840427,6.287263842995276e-05,-5.06520840262386e-05
CPAY,2019-03-01,-0.0114890796977804,-0.0078060074237081,-0.0057447059432324,0.0089607575914881,-0.0039774443661262,23.72044967377612,0.1667667517307677,0.0137729789783015,0.7740389824313287,0001175454-19-000004,0.0037257073809284,0.0077031517470546,0.0714792254988708,0.0009028972103877,-4.9363715992935576e-05,-0.000595468837911323
CPAY,2018-03-01,0.0142753413043396,0.0072485933111504,0.0193025663178588,-0.0094861659850587,-0.0064771105500054,23.611161371674346,0.2047576205497086,0.0141407873823974,1.074517254084768,0001175454-18-000007,0.0030738829728839,0.0095509935228894,-0.0427134714689237,-0.0230347053636577,-0.000118820866666732,-0.00039454352800613216
CPAY,2017-03-01,-0.0437892263243613,0.0083086224685256,-0.032541766224703,-0.0354398106787109,-0.0073149492017416,23.47192770325121,0.1974199508370847,0.0132233872743056,0.7772135406608145,0001175454-17-000005,0.0024963715529753,0.0098113207547169,0.1254905285625875,-0.015624662818646,-8.076088525120687e-05,-0.0005341306612618046
CPAY,2016-02-29,0.0342606483384519,0.0402661017490631,0.0361181893153818,0.0309960248995526,-0.0061669024045261,23.19601288417004,0.2387224430811469,0.0118903239078458,0.6095861724380963,0001193125-16-485752,0.0028854314002828,0.009052333804809,-0.006265304535161,-0.0340181922300573,4.1729633056250114e-05,-0.001004621957422947
AWK,2025-02-19,0.0434291487959804,0.0729028871646652,0.0793211438789284,0.0692023633766268,-0.005076505076505,23.93376464991078,0.4167565928789737,0.0145472197046336,0.4153799571534355,0001410636-25-000022,0.0032175032175032,0.0082940082940082,0.0193232045186222,-0.0245849702192371,-3.428409434304864e-05,-0.0004718298899510851
AWK,2024-02-14,0.0214977168736666,0.0182691311666184,0.0117626385863263,-0.0243425419131781,-0.0023126105291797,23.872911276060304,0.4199711658702163,0.0139021527788062,0.3273066487685922,0001410636-24-000050,0.0048292749285811,0.0071418854577608,0.0660782050795369,-0.032159765860377,-0.00018314354047055333,0.00010897387345445068
AWK,2023-02-15,0.0116566695915876,0.0103415501957157,-0.0087580107670948,-0.0377192431173762,-0.0024379750466083,24.024764789667085,0.2833172092700505,0.0137774974309478,0.1701359015546975,0001410636-23-000020,0.005019360390076,0.0074573354366843,-0.0170706404285797,-0.0335672644907355,-0.00014495079630825707,7.428268495942887e-06
AWK,2022-02-16,0.021127110807073,0.0264109303916371,-0.0012722609839469,-0.0027028826152441,-0.004231311706629,24.006871828542604,0.2736225564184928,0.013137195347607,0.1226692498113856,0001410636-22-000048,0.003895493317214,0.0081268050238431,-0.0427160916607713,-0.0260026356680631,-0.00022731582031725273,-0.0004172125971812917
AWK,2021-02-24,-0.0588506101417512,-0.0568161560071582,-0.103432470275252,-0.1314016280976123,-0.0045792787635947,24.047849265880263,0.2322633700846361,0.0130520830921315,0.2839353533395303,0001410636-21-000101,0.0037922152261018,0.0083714939896966,-0.0159840801145139,-0.0212864609677963,-0.00013019194260667413,0.00023737065535477076
AWK,2020-02-18,-0.0180831646579651,-0.0208452802889014,0.0017632799133585,-0.0228589452144375,-0.0006554511688879,23.950641403510616,0.2427677425456382,0.0102363318964596,0.2862553366752925,0001410636-20-000040,0.0059718884276454,0.0066273395965333,0.0167892676922871,-0.0081539687962646,3.83694007994491e-05,7.270868048951242e-06
AWK,2019-02-19,0.0207267422069396,0.0163848694181074,0.0236001326572839,0.0155159192055802,-0.0009495674192867,23.598112391384305,0.3308750094568476,0.0103810851644845,0.1726594601601307,0001410636-19-000041,0.0072272631356826,0.0081768305549694,-0.0461199067505609,-0.0249600786144208,-0.0004124418601977262,-0.00042324504406448485
AWK,2018-02-20,-0.0171201703819371,0.002117745261008,0.018862049844592,0.0100868720089626,-0.0020745692387483,23.388647186463665,0.3746496190796455,0.0102430408514153,0.2356675020287056,0001410636-18-000076,0.0061660807929464,0.0082406500316948,-0.0389624828031158,-0.0349278263618164,-0.0003574323455803343,-0.0001855514613918937
AWK,2017-02-21,0.0207055235941213,0.0260859328888482,0.0411010486297136,0.0442653777291391,-0.0014314529247185,23.299994021224304,0.396684510713934,0.0108678597988678,0.650062901598027,0001564590-17-001899,0.0068970004554622,0.0083284533801808,-0.0211076172420321,-0.0272093609159365,-0.0003661337690627952,-0.0003175489275886306
AWK,2016-02-25,-0.0367996273366039,-0.0358919284261125,-0.0284049739100193,0.0224702158817625,-0.0042768001121783,23.197398401869563,0.4253077046668657,0.0096801059647123,0.247565907068915,0001564590-16-013247,0.0052583607936619,0.0095351609058402,-0.0289831856604911,-0.0300489798371345,-0.00011816086716276864,-0.0006527570396719192
CPRT,2019-09-30,-0.008102830318562,-0.0026791236703725,-0.0141048868025099,-0.0056867926257725,-0.0045045045045045,23.641720592633664,0.0960629708847513,0.0116970291004452,0.4990556062601414,0000900075-19-000022,0.0027793751198006,0.0072838796243051,0.0636245593694144,-0.0084834866532861,-0.0002801546959831855,-0.0005297445845756817
CPRT,2018-10-01,0.0177166641760897,-0.0061815310441201,0.0039121095343047,0.0010792391699697,-0.0045788336933045,23.212637585424304,0.1311712478969631,0.0114828034587038,0.6111006527386005,0000900075-18-000048,0.0028509719222462,0.0074298056155507,-0.1337746594417858,-0.0387250101918349,-0.00027903880317220096,-0.00034548908005905263
CPRT,2017-09-28,-0.0075030970370094,-0.0127453777736774,0.0097021664353147,0.0149976563539426,-0.0046868342564976,22.80108925861,0.137547388208113,0.0094379514074352,0.1967161323630993,0000900075-17-000044,0.0028973157221985,0.0075841499786962,0.0299121519171161,-0.0219226219268616,-0.0002645126753492876,-0.00017389704399617574
CPRT,2016-09-28,-0.0172658548093721,-0.0066893130808821,-0.0166727758152849,-0.012477913702469,-0.0056273062730627,22.54303156385056,0.1255112154222477,0.0096101230965403,0.5037846839498528,0000900075-16-000081,0.0025830258302583,0.008210332103321,0.0241863839983353,-0.0171200064956154,-0.00013163428167165583,-0.0009157799509779297
DOV,2021-02-12,-0.0153322836386073,0.0058628947551726,0.0198367543975334,0.0134080645330299,-0.0101269241155819,23.58772547008812,0.1930362290450654,0.011917145080341,0.4390404394216029,0000029905-21-000010,0.0081690521199027,0.0182959762354847,-0.0272876940174796,-0.0448446939326436,-0.00042177711459633993,-0.0010419858793824547
DOV,2020-02-14,-0.0245667098353505,0.0110429427723694,0.0093225452415439,0.0092925609805208,-0.0076054216867469,23.571417459111856,0.1757467044227636,0.0114468534347197,0.4174716108210833,0000029905-20-000011,0.0070030120481927,0.0146084337349397,-0.0068458676787734,-0.0332060912761587,-0.0002010872248129096,-0.000764258337370434
DOV,2019-02-15,0.0077917461784706,0.0050192591465909,0.0065426684326942,0.0163925219260509,-0.0049835222249015,23.29242184167583,0.2120802816472162,0.0119713926210769,1.038582724907869,0000029905-19-000019,0.008118318463146,0.0131018406880475,0.1114007951556412,-0.0271549868509098,-0.00034849927296007056,-0.0009116441423074387
DOV,2018-02-09,-0.0174623303707445,-0.0068586014999728,-0.0007909091132133,-0.0150360181902268,-0.0070834362902561,23.4216448179593,0.2950517563851492,0.0119750458233535,0.6395816479412754,0000029905-18-000013,0.0077423605963264,0.0148257968865826,0.0282152976094953,-0.0376980562485811,-0.00024717348006130435,-0.0005666000594665681
DOV,2017-02-10,-0.0091935403871899,-0.0128514523503456,-0.0081770461332908,-0.0220253554967774,-0.0124238162212845,23.229718461224657,0.3098960371181104,0.0128511090565453,0.7906752941165078,0000029905-17-000011,0.0048445069542115,0.0172683231754961,-0.0153548530833617,-0.0484350365800955,-0.00031424762633879883,-0.0008670879734672266
DOV,2016-02-12,0.0330013352224556,0.0267048959617859,0.000290726620372,0.0172560947849814,-0.0140205216573979,22.906424014860857,0.4106892565111473,0.0129035848038838,0.9926867661305908,0000029905-16-000064,0.0046996161980104,0.0187201378554084,0.0504653647431957,-0.0430693299861858,2.6535207691552893e-05,-0.0020051935849283997
ATI,2025-02-21,-0.042622539889865,-0.0416681365916465,-0.0450784909623561,-0.0284208113924484,-0.0052681992337164,22.88190985788947,0.2136871629241858,0.0298166002361593,0.9252775674595172,0001628280-25-007092,0.0060344827586206,0.0113026819923371,0.1501488322501489,-0.0008614191881124,0.00023572503637700237,-0.00039909959005190294
ATI,2024-02-23,0.0044803586285597,0.0546777909727553,0.0508238180449414,0.0756424965741974,-0.0056863745716993,22.50442212229511,0.2312726044108876,0.0296550574558327,0.8606480739632615,0001628280-24-006606,0.0067799081431799,0.0124662827148793,-0.0600347080219028,-0.0143573647767397,-0.00010010500945336335,-0.00044537056099869916
ATI,2023-02-24,-0.0060230918669833,0.0395825250745588,0.0298827412798619,0.0615632917634551,-0.0041350792556857,22.372124439956067,0.2010943970242164,0.0295949864707583,1.0855740518854124,0001628280-23-005017,0.0068917987594762,0.0110268780151619,0.0872623799316203,-0.0152563338983827,1.1233976707580552e-05,0.00010502354491783502
ATI,2022-02-25,0.0411589792535433,0.0817453710441983,0.0902193165681501,0.1167645341490633,-0.0067271131909915,21.83164063695312,0.2263131290932727,0.0288611033423479,1.1175587768833966,0001628280-22-003961,0.0062006434630008,0.0129277566539923,0.2364330225510876,-0.0083172077258686,-0.0001320180871445925,-0.0006148599151104916
ATI,2021-02-26,-0.0260078367331901,0.027607117921703,0.0540392451608042,0.1330102706292524,-0.0093622645665822,21.68217271783828,0.1997437072504113,0.0328239134076719,1.6010308885992903,0001628280-21-003434,0.0053419980174027,0.014704262583985,-0.020357568479272,-0.0689177310098764,-0.0001680105598408875,-0.00025664936433280596
ATI,2020-02-25,0.0107527184496813,0.0306470075769141,0.0754035031405342,0.0583878042772347,-0.0050542045121593,21.620316709977068,0.852281028136972,0.029600961452976,1.0964925784950963,0001018963-20-000004,0.0062994433050102,0.0113536478171696,0.0907919779724291,-0.037893753816314,0.0002498581248538975,1.6603672408645165e-06
ATI,2019-02-28,-0.0106097054478367,-0.0182016584107165,-0.0068919565885549,-0.0796861916869657,-0.0051767111906435,22.02482215607501,0.513114011236676,0.0312561764738354,1.1347143833190376,0001018963-19-000007,0.0056240812935386,0.0108007924841822,0.0574073323797643,-0.0362302567557451,-0.0001551761085754759,-8.618009305185698e-05
ATI,2018-02-20,-0.0598935167281132,-0.0307410440293499,-0.0493666065896353,-0.0655516806060296,-0.0091721815859746,21.974853546372827,0.4975558421012499,0.0341622324452312,1.4592590285850855,0001018963-18-000004,0.0051666086148844,0.0143387902008591,0.0105413692078606,-0.0043455588388666,-1.9007641274101433e-05,0.0008986212878247256
ATI,2017-02-24,-0.012531614773198,-0.0054033663691079,-0.0633546749127289,-0.1438508442510326,-0.0118888754094383,21.46379056751302,0.6462455845174807,0.038513367218097,1.8398983467102727,0001018963-17-000007,0.0050952323183307,0.016984107727769,0.2706183751580713,-0.0498457199886464,-7.73539785274669e-05,0.0011766270427084678
ATI,2016-02-26,0.1383572851450118,0.1953645854874748,0.2108659892693661,0.3695133801724231,-0.0098604263592806,20.97245910870465,1.561533391965507,0.0341027454738178,1.4960999646082935,0001018963-16-000049,0.0052079716686341,0.0150683980279147,0.0270699364062027,-0.0791015466510865,6.171926908247699e-05,-0.0011844130813045547
LVS,2025-02-07,-0.013948824657881,-0.0185404496597666,-0.0482452207790021,-0.0358418049437497,-0.0034918076819769,24.13435925948093,0.0951866856948798,0.0244372830207763,0.663965018428313,0001300514-25-000040,0.0057301459396544,0.0092219536216313,0.0646213735749816,-0.0702572801809443,0.00022248984803366884,0.0008285787171051805
LVS,2024-02-07,0.0151410994122871,0.0353949357752001,0.0793023793164237,0.0940012701200973,-0.0037037037037037,24.394908296941228,0.1047399307398156,0.0237032781262567,0.4241680503008222,0001300514-24-000048,0.005420054200542,0.0091237579042457,0.0151829194131536,-0.0681927105917794,-0.00032036136005368074,0.0004295415713313701
LVS,2023-02-03,0.0099198596518836,-0.0011442857908458,-0.0401202985461457,-0.0644557489001291,-0.005177743431221,24.50448042848392,0.0884673484466311,0.0236632294965741,0.7779139267183975,0001300514-23-000021,0.0052550231839258,0.0104327666151468,0.0488497472071025,-0.167988978098722,-2.2075258646635123e-05,0.00021698828419849432
LVS,2022-02-04,0.0343831141057026,0.0594399663274269,0.0658056354781811,0.0951742233179655,-0.0069529652351738,24.23620701452688,0.0594989865296232,0.0202618473340506,0.9661049681432892,0001300514-22-000007,0.0058895705521472,0.012842535787321,-0.0565319775368021,-0.0398864581803944,-0.0001645145719694226,-9.659011514027406e-05
LVS,2021-02-05,0.0216263308498357,-0.0124605418807737,0.0399523336660139,0.1365575075987922,-0.0064443089784899,24.42322083391869,0.0735063521302873,0.0185551284406314,0.7732827348678857,0001300514-21-000033,0.0060959679526256,0.0125402769311155,-0.0474349733427518,-0.0446757260373585,-0.00012174486424591403,0.000724428051321986
LVS,2020-02-07,-0.0125111648217874,0.0177174679893452,-0.0100215881374024,-0.0200244346510715,-0.0023396788259066,24.694560869419355,0.0977698005846863,0.0161047916262168,0.2935294820232877,0001300514-20-000011,0.0076571307029671,0.0099968095288737,0.0294540671469348,-0.0472609627071219,2.746035736789752e-06,0.0003952794573240353
LVS,2019-02-22,-0.002647695107292,0.0028450515834103,0.0059678743409195,-0.0106636703540899,-0.003061745194761,24.58764039067854,0.1192277983986517,0.016658231838162,0.2718138540349847,0001300514-19-000021,0.0055281510460962,0.0085898962408572,-0.0138534776942957,-0.0635610861821714,-0.00018087971148756914,0.00012956429997685077
LVS,2018-02-23,-0.0162147708970145,-0.0268037241042222,-0.0499644187306529,-0.0515326053737464,-0.0029146793852676,24.77590121097696,0.1128257483441787,0.0168648321584002,0.0191103287378616,0001300514-18-000022,0.0060943296237413,0.009009009009009,-0.0396973974729076,-0.0630284770142871,-8.383653392569045e-06,0.0004974297472342571
LVS,2017-02-24,0.0231037514324159,0.0226858053377221,0.0246450400677524,0.0226833519537384,-0.0019515656879269,24.43939800000189,0.1502733295095858,0.0191732053956037,0.298731453103264,0001300514-17-000005,0.0073627250953605,0.0093142907832875,-0.0535884315115002,-0.0893738507693796,-0.00016228885011175341,5.519861488515668e-05
LVS,2016-02-26,0.048260860713704,0.0623819859113798,0.0574706696183794,0.044256534766685,-0.0034546904065904,24.352934040227264,0.1808139449456602,0.0198499002595612,0.5792497955968825,0001300514-16-000023,0.006466471786695,0.0099211621932855,0.084267373514715,-0.0483607984851828,-2.0314410681503082e-05,-0.0006357792384541468
HUBB,2025-02-13,-0.0276079671376735,-0.0181186557177145,-0.0475721785591856,-0.0391475474381395,-0.0089789873183375,23.76756588265465,0.1556679487929207,0.0148361277290306,0.737438697004767,0001628280-25-005311,0.0058317134129408,0.0148107007312783,-0.057698525407391,-0.033178597965144,6.635207615134932e-05,-0.0007977413572599732
HUBB,2024-02-08,0.0200120307134034,-0.0019107998061166,-0.0078869850565231,0.024257760392931,-0.0062366357804704,23.67004634344577,0.1510669108761684,0.0138187556613337,0.7859880748368896,0001628280-24-003792,0.006503920171062,0.0127405559515324,0.0292977977860645,-0.0008281506259844,-0.00024376955398565614,-0.0005956098612384783
HUBB,2023-02-09,0.0032680135468853,0.0162927280894379,0.0066902042190666,0.0381355200933887,-0.0093622543566926,23.273827097470217,0.184239569840254,0.0131966395698206,0.634162589036231,0001628280-23-002875,0.0052836484983314,0.0146459028550241,0.0197325041513438,-0.0354358345578944,-0.00016096041182082847,7.15314894481261e-05
HUBB,2022-02-11,-0.0063758003508121,0.000893082273936,0.0028333461829568,-0.0025519567463494,-0.0114375420497869,23.04025814560748,0.2197905100547653,0.0123869052673585,0.1321438209690586,0001628280-22-002255,0.0059056589668834,0.0173432010166704,0.000360410237995,-0.0279937491559431,-0.00023692270529101166,-0.0010245769507913733
HUBB,2021-02-11,0.0095248166791735,0.0326471288478808,0.0263793126730485,0.0327977557458752,-0.0110556056015068,22.897328838456364,0.2353893342495764,0.0117700450194246,0.3863620597028167,0001628280-21-001868,0.0061420031119482,0.017197608713455,0.0061916816308422,-0.047816902113515,-0.00026980361603850644,-0.0011210572476282774
HUBB,2020-02-14,-0.0178764434298867,-0.0192826822244887,-0.0125700106919721,-0.0003575442376229,-0.0061233678523187,22.81993540327067,0.2392303269139575,0.0101274443350799,0.2404908314750141,0001628280-20-001557,0.0065736154885186,0.0126969833408374,0.0021802811780262,-0.042393428200223,3.229982197877016e-05,-0.000516292668883206
HUBB,2019-02-15,0.0062386073707414,0.0192696315753008,0.0112861866395879,0.0172127571790038,-0.0063477872150201,22.5678717035821,0.2814908094351774,0.0102424387848559,0.7926711593313199,0001628280-19-001446,0.0059007599463567,0.0122485471613768,0.0361837571978838,-0.015617908224423,-0.00021706780818441957,-0.0010346319897817566
HUBB,2018-02-15,-0.011518966496232,-0.0141532487393998,-0.0163639227949966,-0.0116175551879227,-0.0119741610209547,22.73058127645424,0.2195529047612316,0.0089441356824068,0.3140308387594021,0001628280-18-001740,0.0052780841342366,0.0172522451551914,-0.006340925502857,-0.0046649000772882,-0.0003006895611344269,-0.0007503670206565279
HUBB,2017-02-16,-0.0084772224404347,-0.0165450668757533,-0.034065668965709,-0.0485818370567156,-0.0146848137535816,22.63993173525553,0.2342954332861292,0.0086085885023756,0.1018816560842978,0001628280-17-001423,0.0054620343839541,0.0201468481375358,0.0385236375558389,-0.0142863507432763,-0.0002502044022536457,-0.0011276109840201907
HUBB,2016-02-18,0.0035112031950605,0.0362144949735515,0.032680692582339,0.0497586879659184,-0.0118959793434157,22.38706068097453,0.32970236272096,0.0092585494276682,0.3221239083316384,0001628280-16-011342,0.0043341940243452,0.0162301733677609,0.0111925082779664,-0.0236490626148756,-0.00013353074008199406,-0.001805786824009924
CNP,2025-02-20,0.0221765906835153,0.0133968425176872,0.0300184726819194,0.0459288715324373,-0.0093048224031493,23.82414385432968,0.4800730951051142,0.0163310537226929,0.6939477386208859,0001130310-25-000040,0.0038919209090095,0.0131967433121588,-0.0056650009271272,-0.0156918174957775,-0.00010278069443850803,0.000574525364038631
CNP,2024-02-20,0.0212040941590982,-0.0059509849012889,0.0130404691298848,0.0115577361671761,-0.0080585056828768,23.59166801421405,0.5489850035492234,0.016032811977746,0.4813888239708894,0001130310-24-000010,0.0041922861934041,0.0122507918762809,0.00761808895745,-0.0717598804001993,-4.62505119757049e-05,0.00040000659494632973
CNP,2023-02-17,0.0124458762537192,0.000304042733619,-0.0023480179167975,0.0094795447211464,-0.0087303566974307,23.629913419409323,0.5488822810123074,0.016129082859116,0.5201798656296107,0001130310-23-000013,0.0049887752556747,0.0137191319531055,0.0119416488167293,-0.0844604788455231,-9.12773273395818e-05,-1.957359285833098e-05
CNP,2022-02-22,0.0052191283425662,0.0202837938500861,0.0282088267586107,-0.0097752656270026,-0.0050342130987292,23.54082727513596,0.5625601169252648,0.0154872551495568,0.7139633184988354,0001130310-22-000023,0.0057673509286412,0.0108015640273704,0.0038848951625412,0.0650175685172171,-0.00031282812972813386,-0.00021347672232906368
CNP,2021-02-25,-0.0387604929631361,-0.0382249367810059,-0.0703311191144194,-0.0123673526581366,-0.0053347977876279,23.16373091839808,0.7272804646824877,0.0153491249154811,1.130487394036784,0001130310-21-000009,0.0075314792295924,0.0128662770172204,0.0074686925053464,-0.0545507246376811,-0.0005845728032667963,-0.00013280395209583094
CNP,2020-02-27,-0.0365683171568826,-0.0233820452598553,-0.0425282278794758,-0.0990414351267153,-0.003641893784768,23.215976609899755,0.6911682686045039,0.0109052285385444,0.8581222684507178,0001130310-20-000016,0.0068835794613198,0.0105254732460879,0.0248141194761229,-0.0204330002562131,4.5182474749949194e-05,0.0002537586577273836
CNP,2019-02-28,-0.0276579548506985,-0.0344010332888654,-0.0441758493090808,-0.0345889876503491,-0.0010103845074375,23.471663574825968,0.515956741606695,0.0107324959220795,0.891425255360516,0001130310-19-000016,0.0081392085321358,0.0091495930395733,0.0025941929550203,-0.0786812744999497,-0.0002714729936180996,0.0004698475717494463
CNP,2018-02-22,0.0337735542265098,0.0336253891756822,0.0188025321161517,0.0100569921565175,-0.0002799552071668,23.14863407719421,0.4146327095018811,0.0105127649808848,0.5342057044384397,0001130310-18-000003,0.0116881298992161,0.0119680851063829,-0.022914002620175,-0.039403119039605,-0.0005711917929489429,0.00015785597607132428
CNP,2017-02-28,0.0134967191196964,0.0330319420452027,0.0365035142708823,0.0396402204120181,-0.0010763435073422,23.168925218802467,0.2998746296653561,0.01151475404477,0.781214523532086,0001130310-17-000006,0.01191666025986,0.0129930037672022,0.0036361264375092,-0.0659106194485029,-0.0004590962151782312,0.0003179189941858528
CNP,2016-02-26,-0.0130921788073721,-0.0317755935519837,-0.0081969795425062,0.0136505444009294,-0.0016598935378627,22.83170789559476,0.4202588306792257,0.0120261795343275,0.9186133791588388,0001130310-16-000031,0.0099021235189743,0.011562017056837,0.0803140792652159,-0.0506579242825706,-3.998515247864424e-06,0.00026550734151906623
ES,2025-02-14,0.030827467652785,0.0129179923698004,0.0468627037161684,0.0636545359538181,-0.0091968859666814,23.855453041824248,0.6560523803275178,0.0157206761955333,0.4371607914489194,0000072741-25-000007,0.0044370941067322,0.0136339800734137,0.0252124045951498,-0.0194811114145076,-0.00023081224559831748,-0.00017660358738920843
ES,2024-02-14,0.0768713772731983,0.0346516509079694,0.0823882040567936,0.100281127666169,-0.0086722236254946,23.670750251615623,0.7437258941344633,0.0147636717897898,0.528475423258539,0000072741-24-000005,0.0040414246021722,0.0127136482276669,0.0552161042508687,-0.0092977835214151,-0.00018289253852210433,-4.960556398505985e-05
ES,2023-02-15,0.0243952572883478,0.0015310469073119,-0.0084424922417459,-0.0042239475992431,-0.0032182428394096,24.03715569542844,0.5628269452865988,0.0141671631495177,0.1600005193849115,0000072741-23-000004,0.0042296905889384,0.0074479334283481,-0.0163419419152831,-0.0358450539486411,-0.00019602439593280032,-3.0000545518627792e-05
XYL,2025-03-03,0.0038033088013699,0.0223374428007101,0.0457750907910036,0.0778299096835059,-0.0091275388537126,24.18311948480652,0.3345244821908774,0.0131983338073168,0.2357462216955478,0001524472-25-000013,0.0080585478167913,0.017186086670504,0.0430488117673826,-0.0307314829013954,-0.00016882606536180393,-0.0009709917116650204
XYL,2024-02-28,0.0053338036300885,0.0066798757891556,0.0130455016669089,-0.0079201020471849,-0.0063687828548321,24.13731770456322,0.3345385870753601,0.0131927157141639,0.5104895749960805,0001524472-24-000006,0.0084917104731095,0.0148604933279417,0.0613547144140549,-0.019281914893617,-0.0006049255458098846,-0.0006640758617487386
XYL,2023-02-24,-0.006213674948624,-0.010646769666461,-0.031390131300898,-0.0218081747573413,-0.0064250095895665,23.6477469007662,0.1876017616289427,0.0135991652212664,0.4739131772464877,0001524472-23-000009,0.00939777522056,0.0158227848101265,0.0139078157033751,-0.0096130145427655,-0.0005891618057440193,9.925107155849783e-05
XYL,2022-02-25,-0.0311802377757884,-0.0188953169080827,-0.0314285341373492,-0.0068559962023326,-0.0064008778346744,23.481839894776325,0.2039635435370741,0.0124083004404926,0.2013291590798631,0001524472-22-000009,0.0085040234089246,0.0149049012435991,-0.1272228965943052,-0.015740631974627,-0.0004950783458673411,-0.0007432395720770262
XYL,2021-02-26,0.0186320980465578,0.0154915374506038,0.0349996712801548,0.0596034044635233,-0.0132293080054274,23.615627241959142,0.1645611443426731,0.0121356401543077,0.460607454729453,0001524472-21-000008,0.0061058344640434,0.0193351424694708,-0.0054240526062596,-0.0529769137302551,-0.00013044543228229002,-0.0008610293305614454
XYL,2020-02-28,-0.0078379864127979,0.0010832376801216,0.0296736112234273,0.0695936256197399,-0.0065694135832286,23.39994604644931,0.2034154237426824,0.0099394948037747,0.2031828603008297,0001524472-20-000006,0.0090812481885808,0.0156506617718094,-0.0358360184879792,-0.0573265470131261,4.355797877595383e-05,-0.0004034328782836716
XYL,2019-02-22,0.0114368934760572,0.0194289926820002,0.0251410287431107,0.0297335822488334,-0.0039592345479873,23.31435939537784,0.2074285116843192,0.0098216624441556,0.4090736951195118,0001524472-19-000009,0.0101913630031527,0.0141505975511401,-0.0300241442623072,-0.0201675898309899,-0.00025239509043309736,-0.0008306383266844812
XYL,2018-02-23,-0.0119748000348192,-0.0147475971448186,-0.0133570220522453,-0.010430602025845,-0.0066897528726585,23.326027636549025,0.185394037390382,0.0087138017637442,0.4072117779677006,0001524472-18-000006,0.0083425153470801,0.0150322682197387,0.0568103915684242,-0.0326983650817459,-0.00024425331990243613,-0.0002839646187585373
XYL,2017-02-23,-0.0105070441712472,-0.0035565303275968,-0.0017553124687037,0.0014782476788521,-0.0122910076818798,22.881922277366264,0.2529015752468725,0.0086018516767957,0.5880580145537074,0001524472-17-000008,0.0063262539539087,0.0186172616357885,-0.0093567370835069,-0.0321624292516395,-0.00020156783388191346,-0.0007848788227458747
XYL,2016-02-26,-0.0049843072383623,-0.0078692727729269,-0.0153197024886681,-0.0308321328226778,-0.0120349104271933,22.62595933992297,0.3108625645564453,0.0084810114171938,0.5148335420740953,0001524472-16-000027,0.0056040422599908,0.0176389526871841,0.0637107033498508,-0.0322444678609062,-0.00012586996847431731,-0.0017980586845980507
